time,symbol,open,close,high,low,volume,category
2012-01-01,AHPC,84.57,84.13,84.57,84.13,377,stock
2012-01-02,AHPC,84.13,83.64,83.76,83.13,2216,stock
2012-01-03,AHPC,83.64,83.64,83.76,83.39,1677,stock
2012-01-04,AHPC,83.64,83.51,83.64,83.08,979,stock
2012-01-05,AHPC,83.51,83.51,83.51,83.2,193,stock
2012-01-08,AHPC,83.51,84.27,84.32,83.51,242,stock
2012-01-09,AHPC,84.27,84.39,84.76,84.27,643,stock
2012-01-11,AHPC,84.39,83.7,84.32,83.7,386,stock
2012-01-12,AHPC,83.7,83.39,83.39,83.39,84,stock
2012-01-16,AHPC,83.39,83.7,83.89,83.7,2213,stock
2012-01-17,AHPC,83.7,83.7,83.7,83.7,14,stock
2012-01-18,AHPC,83.7,83.7,83.7,83.7,112,stock
2012-01-22,AHPC,83.45,83.39,83.64,83.39,376,stock
2012-01-23,AHPC,83.39,83.7,83.76,83.51,189,stock
2012-01-25,AHPC,83.7,83.89,83.89,83.51,390,stock
2012-01-26,AHPC,83.89,83.83,84.27,83.83,1184,stock
2012-01-29,AHPC,83.83,83.45,83.45,83.45,222,stock
2012-01-31,AHPC,83.45,83.7,83.83,83.57,128,stock
2012-02-01,AHPC,83.7,83.64,83.7,83.51,367,stock
2012-02-02,AHPC,83.64,83.64,83.7,83.45,206,stock
2012-02-05,AHPC,83.64,83.39,84.01,83.32,501,stock
2012-02-06,AHPC,83.39,83.39,83.45,83.39,479,stock
2012-02-07,AHPC,83.39,83.32,84.01,83.01,908,stock
2012-02-08,AHPC,83.32,83.01,83.13,83.01,469,stock
2012-02-09,AHPC,83.01,83.01,83.08,82.76,156,stock
2012-02-12,AHPC,83.01,83.13,83.39,83.08,328,stock
2012-02-13,AHPC,83.13,82.89,83.45,82.83,1137,stock
2012-02-14,AHPC,82.89,83.13,83.13,82.83,215,stock
2012-02-15,AHPC,83.13,83.2,83.2,83.01,173,stock
2012-02-16,AHPC,83.2,83.27,83.39,83.13,1144,stock
2012-02-21,AHPC,83.27,83.39,83.39,83.32,141,stock
2012-02-23,AHPC,83.39,83.13,83.39,83.13,649,stock
2012-02-26,AHPC,83.13,83.13,83.32,83.08,2080,stock
2012-02-27,AHPC,83.13,83.2,83.39,83.08,559,stock
2012-02-28,AHPC,83.2,83.39,83.45,83.2,539,stock
2012-02-29,AHPC,83.39,83.39,83.39,83.27,565,stock
2012-03-01,AHPC,83.39,83.32,83.7,83.32,529,stock
2012-03-04,AHPC,83.32,83.45,83.45,83.27,896,stock
2012-03-05,AHPC,83.45,83.45,83.83,83.45,225,stock
2012-03-06,AHPC,83.45,83.45,83.76,83.45,407,stock
2012-03-11,AHPC,83.45,83.32,83.32,83.08,252,stock
2012-03-12,AHPC,83.32,83.32,83.39,83.27,192,stock
2012-03-13,AHPC,83.32,83.2,83.32,83.2,367,stock
2012-03-14,AHPC,83.2,83.2,83.2,83.08,275,stock
2012-03-15,AHPC,83.2,83.01,83.32,83.01,426,stock
2012-03-18,AHPC,83.01,82.95,83.08,82.95,878,stock
2012-03-19,AHPC,82.95,82.89,83.08,82.89,208,stock
2012-03-20,AHPC,82.89,83.13,83.13,82.83,1110,stock
2012-03-21,AHPC,83.13,83.01,83.13,82.95,1444,stock
2012-03-25,AHPC,83.01,82.76,83.08,82.76,616,stock
2012-03-26,AHPC,82.76,82.76,82.76,82.64,1934,stock
2012-03-27,AHPC,82.76,82.76,82.76,82.76,95,stock
2012-03-28,AHPC,82.76,82.83,82.89,82.76,210,stock
2012-04-01,AHPC,82.83,83.39,83.39,83.08,128,stock
2012-04-02,AHPC,83.39,83.08,83.08,83.08,139,stock
2012-04-03,AHPC,83.08,83.32,83.39,83.27,5557,stock
2012-04-04,AHPC,83.32,83.27,83.64,83.27,509,stock
2012-04-05,AHPC,83.27,83.08,83.13,82.95,1954,stock
2012-04-08,AHPC,83.08,83.08,83.08,82.45,730,stock
2012-04-09,AHPC,83.08,83.27,83.45,83.2,360,stock
2012-04-10,AHPC,83.27,83.32,83.39,83.08,219,stock
2012-04-11,AHPC,83.32,83.57,84.39,83.57,778,stock
2012-04-12,AHPC,83.57,84.7,84.7,83.39,2237,stock
2012-04-15,AHPC,84.7,85.7,85.7,85.08,166,stock
2012-04-18,AHPC,85.7,85.32,85.32,85.32,314,stock
2012-04-19,AHPC,85.32,85.26,85.7,85.2,2186,stock
2012-04-22,AHPC,85.26,85.08,85.45,85.08,616,stock
2012-04-24,AHPC,85.08,85.64,85.64,85.26,342,stock
2012-04-25,AHPC,85.64,86.39,86.39,86.01,90,stock
2012-04-26,AHPC,86.39,88.51,88.51,86.08,1291,stock
2012-04-29,AHPC,88.51,87.76,89.01,87.64,909,stock
2012-05-03,AHPC,87.76,87.01,87.32,87.01,262,stock
2012-05-08,AHPC,87.01,87.45,87.45,87.45,31,stock
2012-05-09,AHPC,87.45,85.2,87.89,85.2,778,stock
2012-05-10,AHPC,85.2,84.64,84.95,84.08,1628,stock
2012-05-13,AHPC,84.64,84.32,84.32,83.89,775,stock
2012-05-14,AHPC,84.32,83.83,84.01,83.7,638,stock
2012-05-15,AHPC,83.83,85.01,85.01,84.2,399,stock
2012-05-16,AHPC,85.01,85.39,85.39,85.39,10,stock
2012-05-17,AHPC,85.39,87.01,87.45,85.76,288,stock
2012-05-20,AHPC,87.01,85.76,86.57,85.45,2628,stock
2012-05-21,AHPC,85.76,84.83,85.39,84.64,618,stock
2012-05-22,AHPC,84.83,83.64,84.89,83.64,2082,stock
2012-05-23,AHPC,83.64,83.39,83.39,83.39,434,stock
2012-05-24,AHPC,83.39,84.08,84.08,83.7,84,stock
2012-05-27,AHPC,84.08,84.13,84.64,84.13,187,stock
2012-05-29,AHPC,84.13,82.2,83.76,82.2,697,stock
2012-05-30,AHPC,82.2,81.51,81.89,80.45,1665,stock
2012-05-31,AHPC,81.51,82.13,82.13,81.83,168,stock
2012-06-04,AHPC,82.13,82.45,82.45,82.13,379,stock
2012-06-05,AHPC,82.45,82.39,82.57,81.89,986,stock
2012-06-06,AHPC,82.39,82.45,82.45,82.08,223,stock
2012-06-07,AHPC,82.45,82.45,82.76,82.45,195,stock
2012-06-10,AHPC,82.45,82.2,82.2,82.13,48,stock
2012-06-11,AHPC,82.2,82.45,82.45,82.13,375,stock
2012-06-12,AHPC,82.45,82.64,82.64,82.64,28,stock
2012-06-13,AHPC,82.64,82.45,82.45,82.39,486,stock
2012-06-14,AHPC,82.45,82.45,82.76,82.45,170,stock
2012-06-17,AHPC,82.45,82.13,82.13,82.08,202,stock
2012-06-18,AHPC,82.13,82.64,82.64,82.45,177,stock
2012-06-19,AHPC,82.64,82.64,82.64,82.32,99,stock
2012-06-20,AHPC,82.64,81.95,82.7,81.76,1444,stock
2012-06-21,AHPC,81.95,82.27,82.27,81.95,278,stock
2012-06-25,AHPC,82.27,82.89,82.89,82.01,635,stock
2012-06-26,AHPC,82.89,82.83,82.83,82.83,64,stock
2012-06-27,AHPC,82.83,83.08,83.45,82.51,1102,stock
2012-06-28,AHPC,83.08,83.39,83.7,83.32,352,stock
2012-07-01,AHPC,83.39,83.51,83.51,82.45,526,stock
2012-07-02,AHPC,83.51,83.7,83.76,83.27,323,stock
2012-07-03,AHPC,83.7,83.45,83.7,83.45,275,stock
2012-07-04,AHPC,83.45,83.32,83.83,83.13,1168,stock
2012-07-05,AHPC,83.32,83.39,83.57,83.01,352,stock
2012-07-08,AHPC,83.39,83.76,83.76,83.32,246,stock
2012-07-09,AHPC,83.76,83.7,83.7,83.45,110,stock
2012-07-10,AHPC,83.7,83.7,84.01,83.7,303,stock
2012-07-11,AHPC,83.7,83.76,83.76,83.39,376,stock
2012-07-12,AHPC,83.76,83.57,83.7,83.45,330,stock
2012-07-15,AHPC,83.57,83.7,83.7,83.51,202,stock
2012-07-16,AHPC,83.7,83.45,83.57,83.32,462,stock
2012-07-17,AHPC,83.45,83.64,83.76,83.57,106,stock
2012-07-18,AHPC,83.64,83.39,83.57,83.39,279,stock
2012-07-19,AHPC,83.39,83.76,83.76,83.39,130,stock
2012-07-22,AHPC,83.76,84.51,84.51,83.39,158,stock
2012-07-23,AHPC,84.51,84.27,84.51,83.76,349,stock
2012-07-24,AHPC,84.27,83.7,83.89,83.51,126,stock
2012-07-25,AHPC,83.7,83.89,83.89,83.7,512,stock
2012-07-26,AHPC,83.89,83.95,83.95,83.76,573,stock
2012-07-29,AHPC,83.95,84.32,84.32,84.01,156,stock
2012-07-30,AHPC,84.32,83.76,84.01,83.39,1507,stock
2012-07-31,AHPC,83.76,83.89,83.89,83.76,125,stock
2012-08-01,AHPC,83.89,83.7,83.89,83.7,242,stock
2012-08-05,AHPC,83.7,84.39,84.39,83.45,378,stock
2012-08-06,AHPC,84.39,84.32,84.45,84.13,939,stock
2012-08-07,AHPC,84.32,84.39,84.39,84.13,1442,stock
2012-08-08,AHPC,84.39,84.32,84.32,84.13,2553,stock
2012-08-12,AHPC,84.32,85.82,85.82,84.64,4727,stock
2012-08-13,AHPC,85.82,85.89,86.64,84.76,1862,stock
2012-08-14,AHPC,85.89,85.57,85.95,85.51,457,stock
2012-08-15,AHPC,85.57,84.95,85.64,84.7,2040,stock
2012-08-16,AHPC,84.95,84.57,84.7,84.57,589,stock
2012-08-19,AHPC,84.57,86.2,86.51,84.51,2630,stock
2012-08-21,AHPC,86.2,85.39,85.82,85.2,558,stock
2012-08-22,AHPC,85.39,85.13,85.57,84.64,1093,stock
2012-08-23,AHPC,85.13,85.26,85.51,84.95,1819,stock
2012-08-26,AHPC,85.26,85.13,85.64,84.95,1447,stock
2012-08-27,AHPC,85.13,85.26,85.51,84.95,729,stock
2012-08-28,AHPC,85.26,85.89,85.89,85.01,729,stock
2012-08-29,AHPC,85.89,85.76,86.13,85.26,3702,stock
2012-08-30,AHPC,85.76,86.13,86.2,85.89,3566,stock
2012-09-02,AHPC,86.13,86.26,86.26,85.89,905,stock
2012-09-03,AHPC,86.26,86.51,86.51,85.57,7599,stock
2012-09-04,AHPC,86.51,86.32,86.39,86.01,239,stock
2012-09-05,AHPC,86.32,85.89,85.95,85.89,294,stock
2012-09-06,AHPC,85.89,85.95,86.13,85.57,1707,stock
2012-09-09,AHPC,85.95,85.45,85.89,85.45,7197,stock
2012-09-10,AHPC,85.45,85.57,85.82,85.26,10458,stock
2012-09-11,AHPC,85.57,85.39,85.57,85.32,1211,stock
2012-09-12,AHPC,85.39,85.57,85.57,85.26,4173,stock
2012-09-13,AHPC,85.57,85.57,85.57,85.57,155,stock
2012-09-16,AHPC,85.57,85.39,85.76,84.76,36343,stock
2012-09-17,AHPC,85.39,85.64,86.01,85.08,8640,stock
2012-09-18,AHPC,85.64,85.26,86.01,84.83,41410,stock
2012-09-19,AHPC,85.26,85.26,85.95,85.01,24874,stock
2012-09-20,AHPC,85.26,85.26,85.45,84.76,18005,stock
2012-09-23,AHPC,85.26,85.13,85.57,84.76,11641,stock
2012-09-24,AHPC,85.13,84.76,85.39,84.76,19786,stock
2012-09-25,AHPC,84.76,85.13,85.26,84.95,849,stock
2012-09-26,AHPC,85.13,85.57,85.57,85.39,869,stock
2012-09-27,AHPC,85.57,85.51,85.95,84.64,19700,stock
2012-09-30,AHPC,85.51,85.39,85.64,84.64,18465,stock
2012-10-01,AHPC,85.39,85.51,85.51,85.01,1192,stock
2012-10-02,AHPC,85.51,84.95,85.2,84.76,8123,stock
2012-10-03,AHPC,84.95,84.95,85.26,84.76,10142,stock
2012-10-04,AHPC,84.95,85.08,85.26,84.95,4737,stock
2012-10-07,AHPC,85.08,85.95,85.95,84.76,18494,stock
2012-10-08,AHPC,85.95,85.01,86.32,85.01,4749,stock
2012-10-09,AHPC,85.01,85.26,85.64,84.95,19845,stock
2012-10-10,AHPC,85.26,85.26,86.01,85.26,8034,stock
2012-10-11,AHPC,85.26,85.89,85.89,84.95,33337,stock
2012-10-14,AHPC,85.89,86.13,86.64,85.64,2493,stock
2012-10-15,AHPC,86.13,86.13,86.45,85.82,2171,stock
2012-10-17,AHPC,86.13,86.2,86.2,85.57,4409,stock
2012-10-18,AHPC,86.2,86.13,86.26,85.95,1647,stock
2012-10-30,AHPC,86.13,85.39,86.32,84.64,26759,stock
2012-11-05,AHPC,88.5,87.42,87.42,85.77,93,stock
2012-11-06,AHPC,87.42,88.35,89.08,87.85,3980,stock
2012-11-07,AHPC,88.35,88.64,88.64,88.29,2130,stock
2012-11-08,AHPC,88.64,88.78,89.08,88.64,2533,stock
2012-11-11,AHPC,88.78,88.5,89.65,88.5,4576,stock
2012-11-12,AHPC,88.5,89.36,89.36,88.29,544,stock
2012-11-18,AHPC,89.36,89.14,89.71,89.08,1836,stock
2012-11-20,AHPC,89.14,89.65,89.65,89.43,1382,stock
2012-11-21,AHPC,89.65,89.65,89.79,89.29,1145,stock
2012-11-22,AHPC,89.65,89.57,89.65,89.29,384,stock
2012-11-25,AHPC,89.57,89.79,90.08,89.65,1177,stock
2012-11-26,AHPC,89.79,89.57,89.57,89.14,16704,stock
2012-11-27,AHPC,89.57,89.08,89.57,89.08,1041,stock
2012-11-28,AHPC,89.08,88.92,88.92,88.64,531,stock
2012-11-29,AHPC,88.92,88.43,88.92,87.64,2046,stock
2012-12-02,AHPC,88.43,88.07,88.07,86.34,7511,stock
2012-12-03,AHPC,88.07,87.56,87.78,87.56,93,stock
2012-12-04,AHPC,87.56,88.78,88.78,87.99,689,stock
2012-12-05,AHPC,88.78,88.35,88.78,87.99,1112,stock
2012-12-06,AHPC,88.35,88.29,88.43,87.99,2759,stock
2012-12-09,AHPC,88.29,87.42,88.29,87.42,6426,stock
2012-12-10,AHPC,87.42,87.85,87.85,87.42,886,stock
2012-12-11,AHPC,87.85,87.06,87.85,87.06,4820,stock
2012-12-13,AHPC,87.06,88.35,88.71,88.35,1066,stock
2012-12-16,AHPC,88.35,88.64,89.5,88.35,8710,stock
2012-12-17,AHPC,88.64,88.35,89.08,88.35,7068,stock
2012-12-18,AHPC,88.35,87.85,88.29,87.64,12990,stock
2012-12-19,AHPC,87.85,87.7,88.14,87.56,4591,stock
2012-12-20,AHPC,87.7,87.99,87.99,87.5,5640,stock
2012-12-23,AHPC,87.99,87.92,88.21,87.64,12374,stock
2012-12-24,AHPC,87.92,88.5,88.64,87.64,7029,stock
2012-12-26,AHPC,88.5,88.71,89.71,88.71,5033,stock
2012-12-27,AHPC,88.71,88.35,88.78,88.35,3226,stock
2012-12-31,AHPC,88.35,88.35,88.5,88.35,882,stock
2013-01-01,AHPC,88.35,87.78,88.35,87.78,3331,stock
2013-01-02,AHPC,87.78,88.21,88.29,87.78,649,stock
2013-01-03,AHPC,88.21,88.35,88.35,88.35,231,stock
2013-01-06,AHPC,88.35,87.7,88.35,87.64,8971,stock
2013-01-07,AHPC,87.7,87.92,87.99,87.78,925,stock
2013-01-08,AHPC,87.92,87.92,87.92,87.92,1000,stock
2013-01-09,AHPC,87.92,87.64,87.64,87.64,978,stock
2013-01-10,AHPC,87.64,87.78,87.78,87.64,13938,stock
2013-01-13,AHPC,87.78,87.85,87.85,87.56,454,stock
2013-01-15,AHPC,87.85,87.7,87.7,87.7,32,stock
2013-01-16,AHPC,87.7,87.78,87.78,87.78,62,stock
2013-01-17,AHPC,87.78,87.64,87.64,87.64,500,stock
2013-01-21,AHPC,87.64,87.78,87.92,87.78,194,stock
2013-01-22,AHPC,87.78,88.29,88.35,87.78,266,stock
2013-01-23,AHPC,88.29,87.7,88.21,87.5,1998,stock
2013-01-24,AHPC,87.7,86.99,87.64,86.99,3998,stock
2013-01-27,AHPC,86.99,86.56,87.42,86.56,590,stock
2013-01-28,AHPC,86.56,86.91,86.99,86.56,2108,stock
2013-01-30,AHPC,86.91,86.91,86.91,86.56,2100,stock
2013-01-31,AHPC,86.91,86.7,86.7,86.7,95,stock
2013-02-03,AHPC,86.7,87.5,87.5,86.77,1293,stock
2013-02-04,AHPC,87.5,88.71,88.71,87.85,87,stock
2013-02-05,AHPC,88.71,90.01,90.01,89.14,40,stock
2013-02-06,AHPC,90.01,89.14,89.57,89.14,300,stock
2013-02-12,AHPC,89.14,87.64,88.71,87.56,3841,stock
2013-02-13,AHPC,87.64,87.64,87.85,87.5,1109,stock
2013-02-14,AHPC,87.64,87.28,87.92,87.28,1637,stock
2013-02-17,AHPC,87.28,88.14,88.14,87.7,50,stock
2013-02-19,AHPC,88.14,89.57,89.57,88.29,4805,stock
2013-02-20,AHPC,89.57,88.29,89.14,87.85,308,stock
2013-02-21,AHPC,88.29,87.5,87.85,87.5,1396,stock
2013-02-24,AHPC,87.5,87.35,87.92,87.13,908,stock
2013-02-25,AHPC,87.35,87.06,87.28,87.06,331,stock
2013-02-26,AHPC,87.06,87.42,87.5,87.06,1583,stock
2013-02-27,AHPC,87.42,87.2,87.28,86.7,2224,stock
2013-02-28,AHPC,87.2,86.56,86.99,86.27,3170,stock
2013-03-03,AHPC,86.56,86.56,87.2,86.56,1596,stock
2013-03-04,AHPC,86.56,86.91,86.91,86.91,511,stock
2013-03-06,AHPC,86.91,87.5,87.7,87.28,154,stock
2013-03-07,AHPC,87.5,87.06,87.5,86.63,3134,stock
2013-03-11,AHPC,87.06,86.91,86.91,86.49,2328,stock
2013-03-13,AHPC,86.91,86.7,86.7,86.49,1750,stock
2013-03-14,AHPC,86.7,86.85,87.2,86.34,2770,stock
2013-03-17,AHPC,86.85,86.56,86.85,86.56,224,stock
2013-03-18,AHPC,86.56,86.49,86.56,86.2,600,stock
2013-03-19,AHPC,86.49,86.63,86.85,86.56,126,stock
2013-03-20,AHPC,86.63,86.56,86.99,86.56,392,stock
2013-03-21,AHPC,86.56,86.91,86.91,86.56,48,stock
2013-03-24,AHPC,86.91,86.85,86.85,86.49,124,stock
2013-03-27,AHPC,86.85,86.2,86.49,86.2,170,stock
2013-03-28,AHPC,86.2,86.2,86.27,86.2,334,stock
2013-03-31,AHPC,86.2,85.41,85.77,85.41,182,stock
2013-04-01,AHPC,85.41,85.48,85.48,84.69,715,stock
2013-04-02,AHPC,85.48,85.62,85.7,85.48,1900,stock
2013-04-03,AHPC,85.62,86.34,86.34,85.62,1458,stock
2013-04-04,AHPC,86.34,85.91,86.27,85.91,1078,stock
2013-04-07,AHPC,85.91,85.84,86.06,85.77,1200,stock
2013-04-08,AHPC,85.84,85.7,85.84,85.62,267,stock
2013-04-09,AHPC,85.7,86.06,86.12,85.84,1461,stock
2013-04-11,AHPC,86.06,86.06,86.49,85.77,804,stock
2013-04-15,AHPC,86.06,86.2,86.2,86.2,289,stock
2013-04-16,AHPC,86.2,85.77,86.2,85.48,3964,stock
2013-04-17,AHPC,85.77,86.2,86.2,85.84,501,stock
2013-04-18,AHPC,86.2,85.62,86.2,85.62,674,stock
2013-04-28,AHPC,85.62,85.48,85.48,85.48,31,stock
2013-04-29,AHPC,85.48,85.7,85.7,85.48,62,stock
2013-04-30,AHPC,85.7,84.69,85.33,84.33,360,stock
2013-05-02,AHPC,84.69,84.33,84.76,84.33,112,stock
2013-05-05,AHPC,84.33,84.11,84.4,84.05,1762,stock
2013-05-06,AHPC,84.11,83.69,84.05,83.69,147,stock
2013-05-07,AHPC,83.69,84.05,84.05,83.61,584,stock
2013-05-08,AHPC,84.05,84.33,84.76,84.33,171,stock
2013-05-09,AHPC,84.33,83.97,84.69,83.97,120,stock
2013-05-12,AHPC,83.97,84.76,84.76,84.19,669,stock
2013-05-13,AHPC,84.76,85.27,85.27,84.76,398,stock
2013-05-14,AHPC,85.27,84.9,85.48,84.84,858,stock
2013-05-15,AHPC,84.9,85.33,85.33,85.05,671,stock
2013-05-19,AHPC,85.33,85.12,85.12,84.76,1017,stock
2013-05-20,AHPC,85.12,84.76,84.76,84.76,318,stock
2013-05-21,AHPC,84.76,84.54,85.12,84.4,387,stock
2013-05-22,AHPC,84.54,84.4,84.54,84.4,27,stock
2013-05-23,AHPC,84.4,84.05,84.05,84.05,376,stock
2013-05-26,AHPC,84.05,84.05,84.05,84.05,110,stock
2013-05-27,AHPC,84.05,84.4,84.4,84.19,508,stock
2013-05-28,AHPC,84.4,84.4,84.4,84.19,489,stock
2013-05-30,AHPC,84.4,84.76,84.76,84.05,108,stock
2013-06-02,AHPC,84.76,84.4,84.76,84.4,486,stock
2013-06-03,AHPC,84.4,84.76,84.76,84.19,1132,stock
2013-06-04,AHPC,84.76,84.76,85.05,84.69,643,stock
2013-06-05,AHPC,84.76,86.56,86.77,85.12,246,stock
2013-06-06,AHPC,86.56,86.49,86.49,85.77,97,stock
2013-06-10,AHPC,86.49,84.98,86.06,84.62,2040,stock
2013-06-11,AHPC,84.98,84.4,84.76,84.4,551,stock
2013-06-12,AHPC,84.4,85.12,85.12,84.76,1575,stock
2013-06-13,AHPC,85.12,86.12,86.12,85.48,39,stock
2013-06-16,AHPC,86.12,84.98,86.49,84.98,245,stock
2013-06-17,AHPC,84.98,84.62,85.05,84.62,477,stock
2013-06-18,AHPC,84.62,84.69,84.76,84.4,250,stock
2013-06-19,AHPC,84.69,84.05,84.69,84.05,356,stock
2013-06-20,AHPC,84.05,84.48,84.48,84.05,1926,stock
2013-06-23,AHPC,84.48,84.19,84.48,84.05,1034,stock
2013-06-24,AHPC,84.19,84.11,84.4,84.05,2424,stock
2013-06-25,AHPC,84.11,84.05,84.33,83.97,2885,stock
2013-06-26,AHPC,84.05,84.4,84.69,84.33,374,stock
2013-06-27,AHPC,84.4,84.11,84.33,84.05,3263,stock
2013-06-30,AHPC,84.11,84.4,84.4,84.26,168,stock
2013-07-01,AHPC,84.4,84.19,84.19,84.05,1271,stock
2013-07-02,AHPC,84.19,84.11,84.4,83.9,2270,stock
2013-07-03,AHPC,84.11,84.48,84.48,84.05,251,stock
2013-07-04,AHPC,84.48,83.69,84.19,83.69,2290,stock
2013-07-07,AHPC,83.69,83.75,83.97,83.75,422,stock
2013-07-08,AHPC,83.75,83.69,83.83,83.61,586,stock
2013-07-09,AHPC,83.69,83.54,83.83,82.96,8242,stock
2013-07-10,AHPC,83.54,84.05,84.05,83.61,2557,stock
2013-07-11,AHPC,84.05,84.05,84.11,84.05,142,stock
2013-07-14,AHPC,84.05,84.48,84.62,84.4,183,stock
2013-07-15,AHPC,84.48,85.12,85.12,84.76,197,stock
2013-07-16,AHPC,85.12,84.76,84.76,84.76,138,stock
2013-07-18,AHPC,84.76,84.4,84.76,84.4,429,stock
2013-07-21,AHPC,84.4,84.76,84.76,84.62,79,stock
2013-07-22,AHPC,84.76,84.69,84.76,84.54,1171,stock
2013-07-23,AHPC,84.69,84.4,84.4,84.33,128,stock
2013-07-24,AHPC,84.4,84.05,84.05,84.05,18,stock
2013-07-25,AHPC,84.05,84.69,84.69,84.11,3175,stock
2013-07-28,AHPC,84.69,84.76,85.12,84.62,3155,stock
2013-07-29,AHPC,84.76,85.12,85.48,85.12,1210,stock
2013-07-30,AHPC,85.12,86.2,86.2,85.41,4986,stock
2013-07-31,AHPC,86.2,86.41,86.91,86.12,4522,stock
2013-08-01,AHPC,86.41,86.34,86.85,86.2,4272,stock
2013-08-04,AHPC,86.34,87.42,88.5,85.98,10231,stock
2013-08-05,AHPC,87.42,87.64,88.29,87.28,13354,stock
2013-08-06,AHPC,87.64,87.64,87.92,86.85,2040,stock
2013-08-07,AHPC,87.64,87.5,87.92,87.13,8249,stock
2013-08-08,AHPC,87.5,87.42,87.64,86.85,13610,stock
2013-08-11,AHPC,90.84,87.36,87.36,87.04,261,stock
2013-08-12,AHPC,87.36,86.62,87.53,86.62,494,stock
2013-08-13,AHPC,86.62,86.37,86.37,86.21,82,stock
2013-08-14,AHPC,86.37,86.79,86.79,86.54,1213,stock
2013-08-15,AHPC,86.79,87.36,87.36,87.2,250,stock
2013-08-18,AHPC,87.36,87.36,87.78,87.36,2212,stock
2013-08-19,AHPC,87.36,89.02,89.02,87.7,691,stock
2013-08-20,AHPC,89.02,88.93,89.43,88.93,429,stock
2013-08-25,AHPC,88.93,89.43,89.43,88.93,1046,stock
2013-08-26,AHPC,89.43,89.35,89.43,89.27,2819,stock
2013-08-27,AHPC,89.35,89.02,89.43,88.61,2463,stock
2013-08-29,AHPC,89.02,89.35,89.35,88.61,2320,stock
2013-09-01,AHPC,89.35,89.1,89.43,89.02,1135,stock
2013-09-02,AHPC,89.1,88.69,89.1,88.69,817,stock
2013-09-03,AHPC,88.69,89.18,89.27,88.93,4502,stock
2013-09-04,AHPC,89.18,89.27,90.26,88.69,5771,stock
2013-09-05,AHPC,89.27,89.92,89.92,89.43,4541,stock
2013-09-08,AHPC,89.92,90.42,90.42,89.92,2224,stock
2013-09-09,AHPC,90.42,91.25,91.25,90.17,2398,stock
2013-09-10,AHPC,91.25,90.91,91.5,90.67,3593,stock
2013-09-11,AHPC,90.91,91.09,91.5,90.67,3707,stock
2013-09-12,AHPC,91.09,90.67,91.09,90.67,2323,stock
2013-09-15,AHPC,90.67,91.09,91.33,90.91,2966,stock
2013-09-16,AHPC,91.09,91.16,91.33,91.09,3505,stock
2013-09-17,AHPC,91.16,91.33,91.5,91.09,2202,stock
2013-09-19,AHPC,91.33,91.09,91.33,90.91,640,stock
2013-09-22,AHPC,91.09,90.42,90.67,90.42,1700,stock
2013-09-23,AHPC,90.42,89.92,89.92,89.35,10077,stock
2013-09-24,AHPC,89.92,89.43,90.01,89.43,13981,stock
2013-09-25,AHPC,89.43,89.51,89.51,89.43,10820,stock
2013-09-26,AHPC,89.51,89.43,89.6,89.43,5325,stock
2013-09-29,AHPC,89.43,89.43,89.51,89.43,1345,stock
2013-09-30,AHPC,89.43,90.01,90.42,89.92,3028,stock
2013-10-01,AHPC,90.01,90.01,90.5,89.92,2531,stock
2013-10-02,AHPC,90.01,90.01,90.26,89.85,1277,stock
2013-10-03,AHPC,90.01,90.01,90.26,90.01,1024,stock
2013-10-06,AHPC,90.01,89.76,89.85,89.76,1535,stock
2013-10-08,AHPC,89.76,90.67,90.75,90.01,9465,stock
2013-10-09,AHPC,90.67,91.09,91.16,90.91,3505,stock
2013-10-10,AHPC,91.09,91.74,92.08,91.25,3779,stock
2013-10-17,AHPC,91.74,92.24,92.24,91.74,1150,stock
2013-10-20,AHPC,92.24,94.39,94.96,92.57,12304,stock
2013-10-21,AHPC,94.39,93.9,95.13,93.9,8508,stock
2013-10-22,AHPC,93.9,92.73,93.9,92.73,3134,stock
2013-10-23,AHPC,92.73,92.66,92.73,91.91,528,stock
2013-10-24,AHPC,92.66,94.14,94.14,92.32,1735,stock
2013-10-27,AHPC,94.14,92.82,93.56,92.66,3026,stock
2013-10-28,AHPC,92.82,92.41,92.82,92.41,5246,stock
2013-10-29,AHPC,92.41,92.32,92.9,92.32,5004,stock
2013-10-30,AHPC,92.32,92.73,92.9,92.73,1622,stock
2013-10-31,AHPC,92.73,92.73,93.23,92.73,2017,stock
2013-11-06,AHPC,92.73,92.73,92.73,92.73,3800,stock
2013-11-07,AHPC,92.73,92.73,92.73,92.73,4318,stock
2013-11-10,AHPC,92.73,93.31,93.31,92.73,1129,stock
2013-11-11,AHPC,93.31,93.56,93.65,93.23,5165,stock
2013-11-12,AHPC,93.56,94.39,94.39,93.15,5057,stock
2013-11-13,AHPC,94.39,93.81,94.8,93.81,9310,stock
2013-11-14,AHPC,93.81,93.9,94.14,93.72,3593,stock
2013-11-21,AHPC,93.9,95.63,95.63,94.47,581,stock
2013-11-24,AHPC,95.63,97.36,97.7,96.21,5527,stock
2013-11-25,AHPC,97.36,96.29,97.03,96.04,2813,stock
2013-11-26,AHPC,96.29,96.04,97.03,96.04,3576,stock
2013-11-27,AHPC,96.04,95.63,96.29,95.63,7535,stock
2013-11-28,AHPC,95.63,95.13,95.63,95.05,4703,stock
2013-12-01,AHPC,95.13,96.87,97.11,95.22,6383,stock
2013-12-02,AHPC,96.87,98.02,98.02,97.28,9094,stock
2013-12-03,AHPC,98.02,99.59,99.59,97.94,23272,stock
2013-12-04,AHPC,99.59,101.41,102.9,100.26,19856,stock
2013-12-05,AHPC,101.41,102.4,102.82,100.17,36890,stock
2013-12-08,AHPC,102.4,102.73,104.13,102.4,23774,stock
2013-12-09,AHPC,102.73,106.37,106.53,102.73,43923,stock
2013-12-10,AHPC,106.37,108.51,110.42,106.04,20439,stock
2013-12-11,AHPC,108.51,108.02,109.68,107.77,13153,stock
2013-12-12,AHPC,108.02,108.02,108.85,107.19,15802,stock
2013-12-15,AHPC,108.02,108.43,109.68,107.28,15213,stock
2013-12-16,AHPC,108.43,109.43,110.17,109.18,21023,stock
2013-12-18,AHPC,109.43,112.15,112.15,109.68,6974,stock
2013-12-19,AHPC,112.15,110.5,112.15,109.26,17136,stock
2013-12-22,AHPC,110.5,110.09,110.5,109.26,11378,stock
2013-12-23,AHPC,110.09,109.26,109.68,109.1,4391,stock
2013-12-24,AHPC,109.26,110.09,110.09,108.51,2421,stock
2013-12-26,AHPC,110.09,109.26,111.73,109.26,5350,stock
2013-12-29,AHPC,109.26,110.42,110.74,108.93,9619,stock
2013-12-31,AHPC,110.42,111.73,112.15,108.85,57046,stock
2014-01-01,AHPC,111.73,114.22,115.04,110.99,39460,stock
2014-01-02,AHPC,114.22,113.89,114.05,110.91,30856,stock
2014-01-05,AHPC,113.89,113.39,114.22,112.49,10636,stock
2014-01-06,AHPC,113.39,113.48,113.48,111.73,5626,stock
2014-01-07,AHPC,113.48,112.56,114.63,112.07,9287,stock
2014-01-08,AHPC,112.56,112.65,113.48,111.73,11168,stock
2014-01-09,AHPC,112.65,112.73,113.55,110.91,33079,stock
2014-01-12,AHPC,112.73,112.65,113.64,112.15,9483,stock
2014-01-13,AHPC,112.65,112.98,113.55,112.56,2427,stock
2014-01-14,AHPC,112.98,112.56,113.39,112.49,13117,stock
2014-01-16,AHPC,112.56,113.8,114.63,112.98,15679,stock
2014-01-19,AHPC,113.8,113.89,114.88,113.55,9768,stock
2014-01-20,AHPC,113.89,114.38,115.04,113.89,15907,stock
2014-01-21,AHPC,114.38,115.62,115.62,113.8,26717,stock
2014-01-22,AHPC,115.62,113.8,115.04,113.72,15057,stock
2014-01-23,AHPC,113.8,115.46,115.46,113.97,45203,stock
2014-01-26,AHPC,115.46,114.79,115.7,113.72,58996,stock
2014-01-27,AHPC,114.79,115.46,115.79,114.22,31083,stock
2014-01-28,AHPC,115.46,118.34,119.84,115.46,54687,stock
2014-01-29,AHPC,118.34,117.35,119.26,115.87,101096,stock
2014-02-02,AHPC,117.35,118.18,118.92,116.29,38803,stock
2014-02-03,AHPC,118.18,117.52,118.76,116.78,28090,stock
2014-02-04,AHPC,117.52,118.34,118.84,117.1,13328,stock
2014-02-05,AHPC,118.34,119.34,120.83,118.34,54869,stock
2014-02-06,AHPC,119.34,122.31,122.56,120.09,31277,stock
2014-02-09,AHPC,122.31,122.07,123.55,121.15,46645,stock
2014-02-10,AHPC,122.07,120.99,123.64,119.84,33184,stock
2014-02-11,AHPC,120.99,120.99,121.98,119.17,49224,stock
2014-02-12,AHPC,120.99,118.34,121.24,117.85,122454,stock
2014-02-13,AHPC,119.5,120.66,120.66,119.5,82,stock
2014-02-16,AHPC,120.66,126.94,126.94,121.82,750,stock
2014-02-17,AHPC,126.94,133.88,133.88,128.26,1988,stock
2014-02-18,AHPC,133.88,138.17,141.48,135.36,11343,stock
2014-02-20,AHPC,138.17,136.36,139.49,135.04,5087,stock
2014-02-23,AHPC,136.36,132.39,137.35,132.39,12189,stock
2014-02-24,AHPC,132.39,132.39,136.36,132.39,16114,stock
2014-02-25,AHPC,132.39,133.88,133.88,132.23,4648,stock
2014-02-26,AHPC,133.88,131.56,135.86,131.56,3836,stock
2014-03-03,AHPC,131.56,129.25,131.73,127.93,5203,stock
2014-03-04,AHPC,129.25,128.75,129.09,126.94,2322,stock
2014-03-05,AHPC,128.75,130.9,132.89,127.44,2440,stock
2014-03-06,AHPC,130.9,130.08,130.9,128.59,1478,stock
2014-03-09,AHPC,130.08,130.74,130.74,130.74,67,stock
2014-03-10,AHPC,130.74,128.92,130.74,127.93,814,stock
2014-03-11,AHPC,128.92,124.46,129.09,122.48,9884,stock
2014-03-12,AHPC,124.46,122.48,123.64,122.31,7964,stock
2014-03-13,AHPC,122.48,122.48,123.8,122.48,10034,stock
2014-03-17,AHPC,122.48,120.0,122.31,120.0,1481,stock
2014-03-18,AHPC,120.0,115.87,120.16,115.87,3452,stock
2014-03-19,AHPC,115.87,119.67,121.65,115.87,9758,stock
2014-03-20,AHPC,119.67,122.31,122.48,120.83,5561,stock
2014-03-23,AHPC,122.31,122.48,122.65,121.82,828,stock
2014-03-24,AHPC,122.48,122.31,122.48,121.15,3115,stock
2014-03-25,AHPC,122.31,122.14,123.3,121.65,3465,stock
2014-03-26,AHPC,122.14,121.15,122.48,120.83,3461,stock
2014-03-27,AHPC,121.15,122.48,122.48,121.49,4707,stock
2014-03-31,AHPC,122.48,124.46,124.95,122.48,3806,stock
2014-04-01,AHPC,124.46,129.09,129.75,125.78,2853,stock
2014-04-02,AHPC,129.09,135.69,136.36,128.43,10128,stock
2014-04-03,AHPC,135.69,138.67,140.66,133.38,9172,stock
2014-04-06,AHPC,138.67,132.39,138.84,131.24,3871,stock
2014-04-07,AHPC,132.39,130.57,131.73,130.41,4414,stock
2014-04-09,AHPC,130.57,132.23,132.39,130.57,2535,stock
2014-04-10,AHPC,132.23,133.71,133.71,130.74,4374,stock
2014-04-13,AHPC,133.71,134.05,134.05,133.22,2003,stock
2014-04-15,AHPC,134.05,134.05,135.53,134.05,6204,stock
2014-04-16,AHPC,134.05,134.37,135.36,133.38,4895,stock
2014-04-17,AHPC,134.37,133.22,134.05,132.72,2467,stock
2014-04-20,AHPC,133.22,130.9,134.05,130.74,7050,stock
2014-04-21,AHPC,130.9,130.57,132.39,129.91,5303,stock
2014-04-22,AHPC,130.57,130.74,131.07,130.57,2464,stock
2014-04-23,AHPC,130.74,130.74,133.71,130.08,9625,stock
2014-04-27,AHPC,130.74,131.56,132.39,130.74,5598,stock
2014-04-28,AHPC,131.56,133.06,133.06,130.74,2923,stock
2014-04-29,AHPC,133.06,130.9,132.39,130.9,2877,stock
2014-04-30,AHPC,130.9,130.08,131.56,129.42,6858,stock
2014-05-04,AHPC,130.08,129.58,131.4,128.26,4403,stock
2014-05-05,AHPC,129.58,129.75,130.08,128.26,10800,stock
2014-05-06,AHPC,129.75,130.9,131.07,129.75,6809,stock
2014-05-07,AHPC,130.9,129.58,131.89,126.11,11120,stock
2014-05-08,AHPC,129.58,127.76,129.75,127.44,12906,stock
2014-05-11,AHPC,127.76,127.44,129.09,126.94,9930,stock
2014-05-12,AHPC,127.44,127.6,129.42,125.29,5807,stock
2014-05-13,AHPC,127.6,127.76,128.26,126.61,3379,stock
2014-05-15,AHPC,127.76,126.61,127.76,126.61,2042,stock
2014-05-18,AHPC,126.61,125.78,127.1,125.78,2160,stock
2014-05-19,AHPC,125.78,125.78,127.44,124.95,6231,stock
2014-05-20,AHPC,125.78,127.44,127.44,124.3,3202,stock
2014-05-21,AHPC,127.44,125.78,126.61,125.62,4824,stock
2014-05-22,AHPC,125.78,126.45,126.45,125.62,5616,stock
2014-05-25,AHPC,126.45,126.28,127.93,126.28,11337,stock
2014-05-26,AHPC,126.28,125.78,126.77,125.78,5073,stock
2014-05-27,AHPC,125.78,125.29,126.61,124.46,9612,stock
2014-05-28,AHPC,125.29,124.3,126.61,123.96,12430,stock
2014-06-01,AHPC,124.3,123.96,125.45,123.47,19346,stock
2014-06-02,AHPC,123.96,125.45,126.28,124.63,12477,stock
2014-06-03,AHPC,125.45,127.27,128.26,125.45,13739,stock
2014-06-04,AHPC,127.27,128.26,128.26,126.61,7162,stock
2014-06-05,AHPC,128.26,127.1,127.44,126.61,2724,stock
2014-06-08,AHPC,127.1,128.1,128.59,126.61,2495,stock
2014-06-09,AHPC,128.1,127.93,129.42,127.1,6865,stock
2014-06-10,AHPC,127.93,127.27,128.26,127.1,5816,stock
2014-06-11,AHPC,127.27,127.44,128.1,127.1,3096,stock
2014-06-12,AHPC,127.44,127.44,127.44,126.28,3842,stock
2014-06-15,AHPC,127.44,127.6,128.75,126.61,23092,stock
2014-06-16,AHPC,127.6,128.26,132.23,128.26,11289,stock
2014-06-17,AHPC,128.26,129.25,130.41,128.26,10346,stock
2014-06-18,AHPC,129.25,129.42,130.57,128.75,16420,stock
2014-06-19,AHPC,129.42,128.43,129.58,128.43,6176,stock
2014-06-23,AHPC,128.43,126.11,127.44,126.11,4187,stock
2014-06-24,AHPC,126.11,127.44,128.26,126.61,12271,stock
2014-06-25,AHPC,127.44,127.44,127.93,126.61,12703,stock
2014-06-26,AHPC,127.44,127.44,128.75,126.94,14697,stock
2014-06-29,AHPC,127.44,127.44,128.75,127.1,25038,stock
2014-06-30,AHPC,127.44,128.26,128.92,126.61,21073,stock
2014-07-01,AHPC,128.26,128.75,130.74,127.1,43058,stock
2014-07-02,AHPC,128.75,135.86,135.86,128.26,181213,stock
2014-07-03,AHPC,135.86,143.29,143.79,134.37,173554,stock
2014-07-06,AHPC,143.29,148.58,149.74,144.95,91713,stock
2014-07-07,AHPC,148.58,145.11,152.22,144.12,79676,stock
2014-07-08,AHPC,145.11,145.61,147.43,143.79,65576,stock
2014-07-09,AHPC,145.61,144.95,147.27,144.29,21978,stock
2014-07-10,AHPC,144.95,145.61,146.1,142.3,33101,stock
2014-07-13,AHPC,145.61,146.6,149.74,144.95,31424,stock
2014-07-14,AHPC,146.6,144.95,147.09,143.96,31499,stock
2014-07-15,AHPC,144.95,144.46,146.27,143.96,23254,stock
2014-07-16,AHPC,144.46,144.12,146.6,143.13,30929,stock
2014-07-17,AHPC,144.12,145.61,147.43,144.12,29574,stock
2014-07-20,AHPC,145.61,146.6,148.91,143.96,63663,stock
2014-07-21,AHPC,146.6,146.6,148.09,145.61,45770,stock
2014-07-22,AHPC,146.6,144.78,147.27,144.29,23144,stock
2014-07-23,AHPC,144.78,147.76,148.26,145.28,44535,stock
2014-07-24,AHPC,147.76,146.44,148.26,145.61,28811,stock
2014-07-27,AHPC,146.44,147.27,149.9,146.6,17955,stock
2014-07-28,AHPC,147.27,146.27,148.09,144.78,5645,stock
2014-07-30,AHPC,146.27,145.61,147.92,143.96,21293,stock
2014-07-31,AHPC,145.61,144.95,147.43,144.95,11784,stock
2014-08-03,AHPC,144.95,144.95,145.94,144.78,15092,stock
2014-08-04,AHPC,144.95,145.77,145.77,142.8,11454,stock
2014-08-05,AHPC,145.77,144.29,148.91,143.13,45163,stock
2014-08-06,AHPC,144.29,145.61,145.94,140.32,31619,stock
2014-08-07,AHPC,145.61,141.15,146.44,139.99,43530,stock
2014-08-12,AHPC,141.15,137.85,140.66,137.68,10316,stock
2014-08-13,AHPC,137.85,140.16,140.66,136.19,14594,stock
2014-08-14,AHPC,140.16,139.67,147.59,139.0,18250,stock
2014-08-18,AHPC,139.67,137.18,140.98,136.52,31098,stock
2014-08-19,AHPC,137.18,136.36,139.0,135.36,37489,stock
2014-08-20,AHPC,136.36,135.2,137.18,134.05,49533,stock
2014-08-21,AHPC,135.2,135.04,135.04,127.93,60787,stock
2014-08-24,AHPC,135.09,133.63,136.54,132.18,4361,stock
2014-08-25,AHPC,133.63,128.9,132.72,127.63,8257,stock
2014-08-26,AHPC,128.9,128.18,130.54,127.27,11296,stock
2014-08-27,AHPC,128.18,129.45,133.27,129.09,19093,stock
2014-08-28,AHPC,129.45,129.45,132.72,129.45,21754,stock
2014-08-31,AHPC,129.45,129.09,130.54,128.54,4360,stock
2014-09-01,AHPC,129.09,127.27,128.72,124.54,12355,stock
2014-09-03,AHPC,127.27,127.27,129.27,127.09,6471,stock
2014-09-04,AHPC,127.27,125.45,126.9,122.54,6248,stock
2014-09-07,AHPC,125.45,124.18,125.82,123.64,9195,stock
2014-09-09,AHPC,124.18,126.36,127.45,124.0,24837,stock
2014-09-10,AHPC,126.36,126.18,128.9,125.45,13305,stock
2014-09-11,AHPC,126.18,125.45,126.18,124.9,3617,stock
2014-09-14,AHPC,125.45,125.45,126.72,124.0,6156,stock
2014-09-15,AHPC,125.45,126.36,126.36,124.54,7966,stock
2014-09-16,AHPC,126.36,126.36,126.9,125.45,4776,stock
2014-09-17,AHPC,126.36,126.0,126.9,125.45,4429,stock
2014-09-18,AHPC,126.0,126.36,126.36,125.82,717,stock
2014-09-21,AHPC,125.82,122.36,124.54,121.82,13965,stock
2014-09-22,AHPC,122.36,119.64,123.64,119.64,3918,stock
2014-09-23,AHPC,119.64,122.0,123.64,120.0,2487,stock
2014-09-24,AHPC,122.0,126.54,126.54,122.18,2232,stock
2014-09-28,AHPC,126.54,128.36,128.54,125.64,4265,stock
2014-09-29,AHPC,128.36,129.09,130.54,127.09,4911,stock
2014-09-30,AHPC,129.09,126.72,130.36,126.72,10947,stock
2014-10-08,AHPC,126.72,125.45,125.45,125.45,97,stock
2014-10-09,AHPC,125.45,125.45,125.45,124.18,3445,stock
2014-10-12,AHPC,125.45,124.54,125.64,122.36,4927,stock
2014-10-13,AHPC,124.54,124.54,125.45,121.82,10243,stock
2014-10-14,AHPC,124.54,124.36,124.72,123.46,4101,stock
2014-10-15,AHPC,124.36,124.72,125.27,124.36,4234,stock
2014-10-16,AHPC,124.72,126.18,126.18,125.45,2263,stock
2014-10-19,AHPC,126.18,124.72,126.54,123.64,5059,stock
2014-10-20,AHPC,124.72,125.09,126.9,123.46,1465,stock
2014-10-21,AHPC,125.09,127.45,127.45,123.82,3242,stock
2014-10-22,AHPC,127.45,126.72,127.45,126.36,2382,stock
2014-10-26,AHPC,126.72,126.18,127.27,126.18,600,stock
2014-10-27,AHPC,126.18,125.45,128.0,125.45,4355,stock
2014-10-28,AHPC,125.45,125.64,127.27,125.64,2747,stock
2014-10-30,AHPC,125.64,125.27,125.82,124.54,1153,stock
2014-11-02,AHPC,125.27,123.27,125.27,123.27,2538,stock
2014-11-03,AHPC,123.27,123.27,123.64,122.0,3894,stock
2014-11-04,AHPC,123.27,122.72,123.09,121.46,5407,stock
2014-11-05,AHPC,122.72,122.9,123.64,120.36,3375,stock
2014-11-06,AHPC,122.9,123.09,123.64,122.36,2942,stock
2014-11-09,AHPC,123.09,121.82,122.9,120.72,10021,stock
2014-11-10,AHPC,121.82,120.36,122.0,120.0,6199,stock
2014-11-11,AHPC,120.36,123.64,123.64,120.36,4739,stock
2014-11-12,AHPC,123.64,122.0,123.46,122.0,1205,stock
2014-11-13,AHPC,122.0,121.64,122.0,120.9,4011,stock
2014-11-16,AHPC,121.64,120.54,122.18,120.18,3335,stock
2014-11-17,AHPC,120.54,118.18,120.9,116.9,7615,stock
2014-11-18,AHPC,118.18,118.18,119.28,116.36,5172,stock
2014-11-19,AHPC,118.18,120.0,121.64,118.18,4637,stock
2014-11-20,AHPC,120.0,122.72,123.64,120.9,2633,stock
2014-11-23,AHPC,122.72,122.36,125.45,121.46,7276,stock
2014-11-24,AHPC,122.36,120.9,122.0,120.9,5067,stock
2014-11-25,AHPC,120.9,120.72,121.82,120.0,3039,stock
2014-11-30,AHPC,120.72,120.9,122.36,120.0,2169,stock
2014-12-01,AHPC,120.9,119.46,121.82,119.46,4993,stock
2014-12-02,AHPC,119.46,118.72,120.36,118.54,6539,stock
2014-12-03,AHPC,118.72,120.0,121.28,117.64,7340,stock
2014-12-04,AHPC,120.0,120.0,121.09,120.0,4714,stock
2014-12-07,AHPC,120.0,120.0,120.9,119.64,3241,stock
2014-12-08,AHPC,120.0,120.0,120.36,120.0,1552,stock
2014-12-09,AHPC,120.0,120.0,120.18,119.82,1542,stock
2014-12-10,AHPC,120.0,120.36,122.54,120.0,4880,stock
2014-12-11,AHPC,120.36,122.18,122.18,119.64,6769,stock
2014-12-14,AHPC,122.18,125.82,127.27,123.46,6083,stock
2014-12-15,AHPC,125.82,126.18,127.45,122.0,17687,stock
2014-12-16,AHPC,126.18,124.36,125.64,123.64,10113,stock
2014-12-17,AHPC,124.36,123.64,124.72,123.09,4450,stock
2014-12-18,AHPC,123.64,122.18,123.09,121.09,4696,stock
2014-12-21,AHPC,122.18,121.28,121.46,120.9,2254,stock
2014-12-22,AHPC,121.28,120.9,121.28,120.18,2677,stock
2014-12-23,AHPC,120.9,120.0,120.72,119.28,7836,stock
2014-12-24,AHPC,120.0,120.54,121.82,120.0,13872,stock
2014-12-28,AHPC,120.54,124.36,124.36,120.9,5716,stock
2014-12-29,AHPC,124.36,124.0,124.0,122.18,1849,stock
2014-12-31,AHPC,124.0,122.18,122.72,120.9,5587,stock
2015-01-01,AHPC,122.18,121.82,122.72,121.82,2812,stock
2015-01-04,AHPC,121.82,122.18,123.09,121.46,6607,stock
2015-01-05,AHPC,122.18,122.18,123.46,121.82,8022,stock
2015-01-06,AHPC,122.18,120.9,123.46,120.18,3966,stock
2015-01-07,AHPC,120.9,121.28,122.72,120.36,12041,stock
2015-01-08,AHPC,121.28,121.82,123.64,120.9,12627,stock
2015-01-11,AHPC,121.82,121.28,122.72,120.9,7686,stock
2015-01-12,AHPC,121.28,121.64,121.82,120.18,6692,stock
2015-01-13,AHPC,121.64,122.9,122.9,120.54,3131,stock
2015-01-14,AHPC,122.9,123.09,123.64,122.72,3870,stock
2015-01-18,AHPC,123.09,122.36,123.64,122.36,5197,stock
2015-01-19,AHPC,122.36,124.54,128.72,123.46,11524,stock
2015-01-20,AHPC,124.54,123.46,125.45,122.9,5260,stock
2015-01-22,AHPC,123.46,123.09,124.18,122.36,5315,stock
2015-01-25,AHPC,123.09,124.0,124.0,120.9,3018,stock
2015-01-26,AHPC,124.0,122.9,124.54,122.0,4844,stock
2015-01-27,AHPC,122.9,124.36,124.36,120.0,20013,stock
2015-01-28,AHPC,124.36,124.54,126.9,123.64,12374,stock
2015-01-29,AHPC,124.54,124.54,125.45,123.46,12603,stock
2015-02-01,AHPC,124.54,124.18,124.18,123.27,12533,stock
2015-02-02,AHPC,124.18,124.0,125.09,123.64,3067,stock
2015-02-03,AHPC,124.0,123.64,123.82,122.72,6489,stock
2015-02-04,AHPC,123.64,122.36,123.27,121.82,3334,stock
2015-02-05,AHPC,122.36,122.18,122.72,121.82,8844,stock
2015-02-08,AHPC,122.18,121.82,123.27,121.64,10918,stock
2015-02-09,AHPC,121.82,121.82,122.72,120.72,8575,stock
2015-02-10,AHPC,121.82,121.82,122.54,121.28,4313,stock
2015-02-11,AHPC,121.82,122.36,122.36,119.28,4575,stock
2015-02-12,AHPC,122.36,121.46,122.72,121.46,3601,stock
2015-02-15,AHPC,121.46,120.72,121.82,120.18,11221,stock
2015-02-16,AHPC,120.72,120.36,120.72,118.72,18079,stock
2015-02-19,AHPC,120.36,120.54,122.0,120.0,6118,stock
2015-02-22,AHPC,120.54,119.64,120.54,119.46,9716,stock
2015-02-23,AHPC,119.64,119.64,120.72,118.54,3972,stock
2015-02-24,AHPC,119.64,119.64,119.82,118.72,4136,stock
2015-02-25,AHPC,119.64,119.64,120.0,118.72,9581,stock
2015-02-26,AHPC,119.64,120.36,120.36,120.36,23,stock
2015-03-01,AHPC,120.9,119.46,119.82,119.1,2959,stock
2015-03-02,AHPC,119.46,120.18,120.18,119.46,6723,stock
2015-03-03,AHPC,120.18,119.28,121.28,119.1,3217,stock
2015-03-04,AHPC,119.28,120.0,120.72,118.36,3456,stock
2015-03-09,AHPC,120.0,120.72,120.9,120.0,9350,stock
2015-03-10,AHPC,120.72,119.82,120.54,119.64,1925,stock
2015-03-11,AHPC,119.82,120.36,120.72,119.28,5899,stock
2015-03-12,AHPC,120.36,119.64,120.9,119.64,1520,stock
2015-03-15,AHPC,119.64,119.1,119.64,118.9,5636,stock
2015-03-16,AHPC,119.1,118.36,119.64,118.18,7456,stock
2015-03-17,AHPC,118.36,119.1,119.1,117.28,2278,stock
2015-03-18,AHPC,119.1,118.9,119.28,117.28,5413,stock
2015-03-19,AHPC,118.9,121.46,121.46,118.54,4124,stock
2015-03-22,AHPC,121.46,119.46,123.27,119.1,4075,stock
2015-03-23,AHPC,119.46,118.36,119.1,117.1,7523,stock
2015-03-24,AHPC,118.36,118.18,119.28,117.28,2149,stock
2015-03-25,AHPC,118.18,118.72,118.9,118.18,3185,stock
2015-03-26,AHPC,118.72,118.36,118.72,117.64,4501,stock
2015-03-29,AHPC,118.36,117.46,118.36,117.28,4270,stock
2015-03-30,AHPC,117.46,119.1,119.1,117.1,2845,stock
2015-03-31,AHPC,119.1,118.54,118.72,117.64,5880,stock
2015-04-01,AHPC,118.54,118.72,119.28,118.18,1514,stock
2015-04-02,AHPC,118.72,117.64,118.54,117.64,3753,stock
2015-04-05,AHPC,117.64,118.18,118.72,117.82,2685,stock
2015-04-06,AHPC,118.18,117.46,118.18,116.72,3670,stock
2015-04-07,AHPC,117.46,117.82,118.18,116.9,2975,stock
2015-04-08,AHPC,117.82,118.0,118.18,117.28,3230,stock
2015-04-09,AHPC,118.0,117.46,118.54,117.1,3751,stock
2015-04-12,AHPC,117.46,118.9,119.64,118.54,2840,stock
2015-04-13,AHPC,118.9,119.1,119.46,118.18,4619,stock
2015-04-15,AHPC,119.1,119.1,119.1,118.18,1709,stock
2015-04-16,AHPC,119.1,117.64,118.36,117.64,2693,stock
2015-04-19,AHPC,117.64,119.1,119.1,117.1,7789,stock
2015-04-20,AHPC,119.1,119.64,119.64,118.18,5167,stock
2015-04-21,AHPC,119.64,120.0,120.18,119.82,849,stock
2015-04-22,AHPC,120.0,118.54,120.36,118.54,244,stock
2015-04-23,AHPC,120.0,119.28,119.46,118.18,3665,stock
2015-05-24,AHPC,119.28,114.91,118.18,114.91,46,stock
2015-05-25,AHPC,114.91,109.1,113.82,109.1,1062,stock
2015-05-26,AHPC,109.1,106.37,110.0,105.82,15445,stock
2015-05-27,AHPC,106.37,104.55,106.91,102.73,7572,stock
2015-05-28,AHPC,104.55,107.1,107.28,104.55,7879,stock
2015-05-31,AHPC,107.1,110.73,110.91,107.64,7909,stock
2015-06-01,AHPC,110.73,111.28,112.54,110.91,8778,stock
2015-06-02,AHPC,111.28,112.36,112.36,110.0,6997,stock
2015-06-03,AHPC,112.36,114.91,114.91,111.64,4734,stock
2015-06-04,AHPC,114.91,115.64,115.64,114.54,9099,stock
2015-06-07,AHPC,115.64,116.36,116.54,114.91,4996,stock
2015-06-08,AHPC,116.36,119.28,120.18,116.36,4529,stock
2015-06-09,AHPC,119.28,120.54,121.46,120.0,8335,stock
2015-06-10,AHPC,120.54,118.18,121.82,118.18,1489,stock
2015-06-11,AHPC,118.18,115.82,117.1,115.28,7078,stock
2015-06-14,AHPC,115.82,115.46,116.36,115.28,7918,stock
2015-06-15,AHPC,115.46,117.28,117.28,115.46,4294,stock
2015-06-16,AHPC,117.1,116.0,117.28,115.1,4779,stock
2015-06-17,AHPC,116.0,116.18,117.1,114.91,2616,stock
2015-06-18,AHPC,116.18,117.28,117.28,117.28,32,stock
2015-06-21,AHPC,117.28,114.18,117.1,113.46,2379,stock
2015-06-22,AHPC,113.28,114.18,115.28,113.1,7014,stock
2015-06-23,AHPC,114.0,115.1,115.1,113.1,6719,stock
2015-06-24,AHPC,115.46,114.18,116.9,114.18,2008,stock
2015-06-25,AHPC,114.54,115.28,116.9,114.0,4048,stock
2015-06-28,AHPC,115.28,114.54,115.64,114.18,8532,stock
2015-06-29,AHPC,115.64,115.46,115.64,114.36,3261,stock
2015-06-30,AHPC,115.46,114.72,115.46,114.54,1106,stock
2015-07-01,AHPC,115.1,114.18,115.46,114.18,5335,stock
2015-07-02,AHPC,113.82,113.64,114.18,113.1,3214,stock
2015-07-05,AHPC,112.54,113.64,113.82,112.54,2399,stock
2015-07-06,AHPC,113.64,113.64,114.36,113.46,5348,stock
2015-07-07,AHPC,114.72,113.1,115.28,113.1,3154,stock
2015-07-08,AHPC,113.64,116.54,116.54,113.64,573,stock
2015-07-09,AHPC,115.46,114.36,115.46,113.46,3088,stock
2015-07-12,AHPC,114.36,114.18,114.36,114.0,4179,stock
2015-07-13,AHPC,114.0,114.18,114.91,113.64,7194,stock
2015-07-14,AHPC,114.54,114.72,114.72,114.18,4121,stock
2015-07-15,AHPC,114.18,114.91,114.91,114.18,3872,stock
2015-07-16,AHPC,114.91,114.36,114.72,114.0,881,stock
2015-07-22,AHPC,114.54,113.82,114.54,113.28,8554,stock
2015-07-23,AHPC,113.82,114.54,114.91,114.0,9595,stock
2015-07-26,AHPC,114.54,118.9,118.9,115.64,1700,stock
2015-07-27,AHPC,118.9,115.1,120.0,115.1,5870,stock
2015-07-28,AHPC,115.1,112.73,114.36,112.73,9134,stock
2015-07-29,AHPC,112.73,112.36,113.28,111.82,9298,stock
2015-07-30,AHPC,112.36,113.28,114.36,112.54,16138,stock
2015-08-02,AHPC,113.28,113.1,113.46,112.36,1361,stock
2015-08-03,AHPC,113.1,111.82,112.91,111.64,10963,stock
2015-08-04,AHPC,111.82,112.73,113.28,111.82,6855,stock
2015-08-05,AHPC,112.73,112.36,113.46,111.82,7533,stock
2015-08-06,AHPC,112.36,110.91,113.28,110.91,10766,stock
2015-08-09,AHPC,110.91,111.46,112.73,110.91,18895,stock
2015-08-10,AHPC,111.46,111.64,112.36,110.91,13455,stock
2015-08-11,AHPC,111.64,110.91,111.82,110.55,14170,stock
2015-08-12,AHPC,111.1,110.91,111.64,110.0,6365,stock
2015-08-13,AHPC,110.91,110.55,111.1,110.55,11156,stock
2015-08-16,AHPC,105.82,108.73,112.0,105.82,5088,stock
2015-08-17,AHPC,109.46,110.73,111.46,109.46,6382,stock
2015-08-18,AHPC,110.73,109.82,110.91,109.82,9602,stock
2015-08-19,AHPC,109.64,110.18,110.91,108.73,11580,stock
2015-08-20,AHPC,110.55,109.46,110.55,109.1,14022,stock
2015-08-23,AHPC,108.55,106.37,108.55,105.82,10384,stock
2015-08-24,AHPC,106.37,107.28,108.37,104.55,24531,stock
2015-08-25,AHPC,106.37,107.28,108.0,104.55,17311,stock
2015-08-26,AHPC,107.28,107.46,108.18,105.64,17432,stock
2015-08-27,AHPC,106.91,107.82,107.82,106.73,2219,stock
2015-08-31,AHPC,107.64,106.73,107.82,106.37,2512,stock
2015-09-01,AHPC,106.73,107.64,107.64,105.82,18241,stock
2015-09-02,AHPC,107.28,107.82,108.18,107.28,2160,stock
2015-09-03,AHPC,107.82,108.37,108.55,107.28,4379,stock
2015-09-06,AHPC,108.18,107.28,108.18,106.91,7040,stock
2015-09-07,AHPC,106.91,106.91,107.1,105.1,3764,stock
2015-09-08,AHPC,106.37,106.73,106.73,105.64,4777,stock
2015-09-09,AHPC,106.73,107.28,107.64,106.37,3125,stock
2015-09-10,AHPC,107.28,107.1,107.28,106.19,3873,stock
2015-09-13,AHPC,106.55,105.46,106.73,105.46,7073,stock
2015-09-14,AHPC,106.19,107.28,107.82,106.19,1639,stock
2015-09-15,AHPC,108.18,108.0,108.73,107.64,6124,stock
2015-09-16,AHPC,107.28,107.28,108.18,107.28,2247,stock
2015-09-17,AHPC,108.18,108.0,108.18,107.28,4486,stock
2015-09-22,AHPC,107.28,107.28,107.28,107.28,369,stock
2015-09-23,AHPC,108.18,109.28,110.73,107.64,6330,stock
2015-09-24,AHPC,108.37,107.28,108.37,107.28,2688,stock
2015-09-29,AHPC,106.55,107.28,107.46,106.55,9447,stock
2015-09-30,AHPC,107.46,107.46,107.82,107.28,1700,stock
2015-10-01,AHPC,107.28,106.55,107.28,105.64,1632,stock
2015-10-04,AHPC,106.37,106.55,107.28,106.0,10168,stock
2015-10-05,AHPC,106.55,106.91,106.91,106.0,4836,stock
2015-10-06,AHPC,106.19,106.37,107.1,106.0,5098,stock
2015-10-07,AHPC,105.46,106.19,106.19,104.91,4193,stock
2015-10-08,AHPC,106.73,106.73,106.73,104.73,4508,stock
2015-10-11,AHPC,106.19,106.73,107.1,105.82,13224,stock
2015-10-14,AHPC,106.0,105.64,106.0,105.64,201,stock
2015-10-15,AHPC,105.46,104.73,106.0,104.73,884,stock
2015-10-18,AHPC,103.82,104.73,105.46,103.82,2058,stock
2015-10-27,AHPC,103.82,103.46,104.73,103.1,1846,stock
2015-10-28,AHPC,102.55,102.73,102.73,102.01,2002,stock
2015-10-29,AHPC,102.73,104.55,104.55,102.73,1607,stock
2015-11-01,AHPC,105.1,105.28,106.0,104.91,6745,stock
2015-11-02,AHPC,106.19,106.37,107.28,105.28,2115,stock
2015-11-03,AHPC,106.91,106.37,106.91,106.37,2334,stock
2015-11-04,AHPC,107.28,105.82,107.28,105.82,2788,stock
2015-11-05,AHPC,106.37,110.73,110.73,105.46,2874,stock
2015-11-08,AHPC,109.82,110.18,110.18,108.91,296,stock
2015-11-09,AHPC,109.28,105.82,109.28,105.64,734,stock
2015-11-10,AHPC,105.64,105.82,106.37,105.1,4406,stock
2015-11-15,AHPC,104.91,105.46,105.46,104.01,303,stock
2015-11-16,AHPC,105.1,105.1,105.46,105.1,2184,stock
2015-11-18,AHPC,106.0,105.64,106.0,105.1,2833,stock
2015-11-19,AHPC,104.73,104.91,105.46,104.55,1550,stock
2015-11-22,AHPC,104.01,102.91,104.55,102.73,6871,stock
2015-11-23,AHPC,102.91,103.82,103.82,102.19,1376,stock
2015-11-24,AHPC,103.64,106.91,106.91,103.64,4441,stock
2015-11-25,AHPC,106.0,105.1,106.0,103.28,2639,stock
2015-11-26,AHPC,105.1,103.64,105.1,103.28,1484,stock
2015-11-29,AHPC,102.73,102.37,102.91,102.01,4283,stock
2015-11-30,AHPC,103.28,104.91,104.91,102.73,3588,stock
2015-12-01,AHPC,104.91,104.37,104.73,103.64,5524,stock
2015-12-02,AHPC,105.1,106.37,106.37,103.1,4455,stock
2015-12-03,AHPC,105.46,107.28,107.28,105.28,482,stock
2015-12-04,AHPC,106.73,105.46,107.1,105.46,2748,stock
2015-12-07,AHPC,104.55,103.64,104.55,103.64,4152,stock
2015-12-08,AHPC,103.64,104.19,104.19,103.28,3447,stock
2015-12-09,AHPC,104.01,104.55,104.55,103.64,3823,stock
2015-12-10,AHPC,104.19,104.19,105.1,103.64,3245,stock
2015-12-13,AHPC,104.19,105.46,105.82,104.19,3276,stock
2015-12-14,AHPC,104.55,105.46,105.46,104.37,531,stock
2015-12-15,AHPC,104.55,104.55,104.91,103.28,1957,stock
2015-12-16,AHPC,104.01,103.64,104.55,103.64,10395,stock
2015-12-17,AHPC,103.64,103.64,103.82,103.1,6204,stock
2015-12-20,AHPC,103.64,103.64,103.64,103.28,10840,stock
2015-12-21,AHPC,103.64,103.28,103.46,102.73,2708,stock
2015-12-22,AHPC,103.64,103.28,104.19,103.1,4944,stock
2015-12-23,AHPC,103.28,103.64,103.82,102.73,1794,stock
2015-12-24,AHPC,103.64,103.28,103.64,102.37,1469,stock
2015-12-25,AHPC,102.91,103.46,104.19,102.73,1606,stock
2015-12-28,AHPC,103.46,102.73,103.28,102.37,11495,stock
2015-12-29,AHPC,102.73,102.73,104.01,102.55,2124,stock
2015-12-31,AHPC,102.55,103.64,104.37,102.55,4564,stock
2016-01-03,AHPC,103.28,102.91,103.28,102.37,3910,stock
2016-01-04,AHPC,102.91,103.1,103.82,102.55,5072,stock
2016-01-05,AHPC,102.19,105.46,106.37,102.19,8473,stock
2016-01-06,AHPC,105.1,104.01,105.1,102.55,5504,stock
2016-01-07,AHPC,103.28,102.91,104.55,102.55,5041,stock
2016-01-10,AHPC,102.91,103.1,103.82,102.73,4883,stock
2016-01-11,AHPC,102.55,103.64,103.82,101.82,10060,stock
2016-01-12,AHPC,102.73,103.64,103.64,102.37,6323,stock
2016-01-13,AHPC,103.64,103.64,104.55,102.73,8237,stock
2016-01-14,AHPC,103.64,103.64,104.73,103.1,11367,stock
2016-01-19,AHPC,104.55,108.18,108.18,104.55,50,stock
2016-01-20,AHPC,109.1,113.1,113.1,109.1,50,stock
2016-01-21,AHPC,113.1,118.72,118.72,114.18,2600,stock
2016-01-24,AHPC,118.72,119.82,119.82,119.1,210,stock
2016-01-25,AHPC,120.9,122.0,122.0,120.9,226,stock
2016-01-27,AHPC,122.0,120.72,120.72,120.72,20,stock
2016-01-28,AHPC,119.46,118.36,119.46,118.36,44,stock
2016-02-01,AHPC,118.36,117.28,117.28,117.28,100,stock
2016-02-04,AHPC,116.18,116.18,116.18,116.18,10,stock
2016-02-07,AHPC,116.18,110.36,115.1,110.36,5570,stock
2016-02-08,AHPC,110.36,111.82,114.91,107.46,30502,stock
2016-02-11,AHPC,111.82,110.0,111.82,109.82,7276,stock
2016-02-14,AHPC,109.1,110.91,111.64,109.1,14582,stock
2016-02-15,AHPC,112.0,110.55,112.73,110.36,9010,stock
2016-02-16,AHPC,110.55,110.73,111.46,109.1,4320,stock
2016-02-17,AHPC,110.73,110.55,110.73,109.82,3025,stock
2016-02-18,AHPC,110.55,110.18,110.91,109.82,7735,stock
2016-02-21,AHPC,111.1,111.1,111.1,110.55,10123,stock
2016-02-22,AHPC,111.1,112.0,112.0,110.36,11438,stock
2016-02-23,AHPC,112.0,111.1,111.28,111.1,3494,stock
2016-02-24,AHPC,110.36,110.91,110.91,110.36,1230,stock
2016-02-25,AHPC,110.55,110.55,110.55,110.0,1770,stock
2016-02-28,AHPC,110.55,109.82,111.46,109.82,6537,stock
2016-02-29,AHPC,109.82,109.1,109.64,109.1,2597,stock
2016-03-01,AHPC,109.1,109.28,109.28,108.37,1900,stock
2016-03-02,AHPC,108.37,111.1,111.1,108.37,2109,stock
2016-03-03,AHPC,110.91,110.36,110.91,108.91,5180,stock
2016-03-06,AHPC,110.91,110.18,112.0,110.0,7987,stock
2016-03-10,AHPC,110.91,115.28,115.28,110.55,28846,stock
2016-03-13,AHPC,116.36,121.09,121.09,116.36,75657,stock
2016-03-14,AHPC,122.36,124.54,127.45,122.36,72120,stock
2016-03-15,AHPC,123.64,118.36,123.64,118.36,36177,stock
2016-03-16,AHPC,117.46,117.1,117.82,115.46,12334,stock
2016-03-17,AHPC,117.82,118.18,118.18,115.1,14994,stock
2016-03-20,AHPC,118.54,118.0,119.28,116.18,10824,stock
2016-03-21,AHPC,119.1,116.54,119.1,116.36,11009,stock
2016-03-23,AHPC,115.46,116.0,116.36,114.54,7072,stock
2016-03-24,AHPC,116.0,113.46,117.1,113.46,16649,stock
2016-03-27,AHPC,113.46,113.46,113.82,111.28,15456,stock
2016-03-28,AHPC,113.46,113.28,113.64,112.91,8105,stock
2016-03-29,AHPC,112.18,112.73,113.46,111.82,4057,stock
2016-03-30,AHPC,112.73,112.0,113.82,111.82,7975,stock
2016-03-31,AHPC,112.0,112.36,113.64,111.46,7797,stock
2016-04-03,AHPC,112.36,113.28,113.28,111.1,9938,stock
2016-04-04,AHPC,113.28,112.73,113.64,111.82,8231,stock
2016-04-05,AHPC,112.73,113.46,113.64,112.36,6335,stock
2016-04-06,AHPC,113.46,112.0,113.64,112.0,7395,stock
2016-04-10,AHPC,112.0,112.0,112.73,111.28,9705,stock
2016-04-11,AHPC,112.0,112.54,112.54,111.82,3793,stock
2016-04-12,AHPC,112.54,111.82,112.54,111.82,2060,stock
2016-04-14,AHPC,111.82,112.73,112.91,111.1,7178,stock
2016-04-17,AHPC,112.18,112.73,112.73,112.18,3426,stock
2016-04-18,AHPC,112.73,112.54,113.82,112.54,3413,stock
2016-04-19,AHPC,112.54,112.73,112.73,111.82,11936,stock
2016-04-20,AHPC,112.73,112.54,112.73,112.0,15598,stock
2016-04-21,AHPC,112.54,111.46,112.36,111.46,14729,stock
2016-04-24,AHPC,111.46,112.0,112.73,111.64,7322,stock
2016-04-25,AHPC,112.0,111.28,111.82,111.1,14693,stock
2016-04-26,AHPC,111.28,111.82,112.36,110.91,17487,stock
2016-04-27,AHPC,111.82,111.64,111.64,110.91,10935,stock
2016-04-28,AHPC,111.64,112.73,112.73,110.91,5412,stock
2016-05-02,AHPC,112.73,112.18,112.54,111.64,12570,stock
2016-05-03,AHPC,112.18,115.82,116.54,111.82,64128,stock
2016-05-04,AHPC,115.82,114.54,115.64,113.64,9744,stock
2016-05-05,AHPC,114.54,113.46,114.18,112.73,12283,stock
2016-05-08,AHPC,113.46,114.54,115.82,114.0,25974,stock
2016-05-09,AHPC,114.72,116.72,117.82,114.18,29320,stock
2016-05-10,AHPC,116.72,116.36,118.72,116.36,25723,stock
2016-05-11,AHPC,116.36,116.72,118.0,116.36,10800,stock
2016-05-12,AHPC,117.82,117.82,118.9,117.64,19548,stock
2016-05-15,AHPC,118.0,117.28,118.18,116.36,9850,stock
2016-05-16,AHPC,117.28,116.9,118.18,116.36,8084,stock
2016-05-17,AHPC,116.18,116.18,116.9,116.0,13306,stock
2016-05-18,AHPC,116.18,117.28,117.82,116.9,11248,stock
2016-05-19,AHPC,117.28,117.28,118.18,116.36,9542,stock
2016-05-22,AHPC,117.28,116.54,117.64,116.36,26817,stock
2016-05-23,AHPC,116.54,117.1,117.1,116.0,14083,stock
2016-05-24,AHPC,117.1,116.72,117.28,116.54,13309,stock
2016-05-25,AHPC,116.72,117.82,117.82,116.36,21449,stock
2016-05-26,AHPC,117.82,117.64,117.82,116.36,11988,stock
2016-05-29,AHPC,117.64,117.1,119.82,117.1,9597,stock
2016-05-30,AHPC,117.1,118.18,118.54,117.46,12088,stock
2016-05-31,AHPC,118.18,124.36,124.36,118.18,61779,stock
2016-06-01,AHPC,124.36,122.9,129.45,120.72,78039,stock
2016-06-02,AHPC,122.9,121.09,122.72,120.54,25787,stock
2016-06-05,AHPC,121.09,118.18,120.54,118.18,16319,stock
2016-06-06,AHPC,118.18,120.0,120.36,118.72,11655,stock
2016-06-07,AHPC,120.0,119.64,120.0,118.72,9737,stock
2016-06-08,AHPC,119.64,119.82,120.72,118.54,13836,stock
2016-06-09,AHPC,119.82,119.82,120.36,117.46,26484,stock
2016-06-12,AHPC,119.82,121.09,121.28,118.9,50039,stock
2016-06-13,AHPC,121.09,120.9,122.36,120.0,43140,stock
2016-06-14,AHPC,121.46,122.72,124.54,121.28,67920,stock
2016-06-15,AHPC,123.09,121.64,123.64,121.28,27350,stock
2016-06-16,AHPC,121.64,125.09,128.0,122.9,47493,stock
2016-06-19,AHPC,125.09,127.27,130.72,124.54,90850,stock
2016-06-20,AHPC,127.27,126.54,129.45,126.0,60257,stock
2016-06-21,AHPC,126.54,127.27,129.09,126.54,38502,stock
2016-06-22,AHPC,128.54,128.36,129.81,126.9,29094,stock
2016-06-23,AHPC,128.36,135.45,135.45,129.27,156869,stock
2016-06-26,AHPC,135.45,131.81,136.9,131.81,62449,stock
2016-06-27,AHPC,131.81,133.45,135.27,132.72,56552,stock
2016-06-28,AHPC,133.45,134.36,135.45,131.99,27672,stock
2016-06-29,AHPC,134.36,135.09,135.81,132.36,67476,stock
2016-06-30,AHPC,135.09,135.45,135.81,133.63,60741,stock
2016-07-03,AHPC,135.45,135.27,138.17,134.54,19157,stock
2016-07-04,AHPC,135.27,134.18,135.27,133.99,22942,stock
2016-07-05,AHPC,133.63,133.63,134.54,133.27,10719,stock
2016-07-06,AHPC,133.63,133.09,134.18,132.72,20544,stock
2016-07-10,AHPC,133.09,132.72,133.63,132.18,33129,stock
2016-07-11,AHPC,132.72,131.27,132.72,130.0,14144,stock
2016-07-12,AHPC,131.27,130.0,131.27,127.82,22869,stock
2016-07-13,AHPC,130.0,128.54,129.09,126.36,15233,stock
2016-07-14,AHPC,128.18,131.27,133.27,128.18,42759,stock
2016-07-17,AHPC,131.27,132.9,135.45,131.81,32931,stock
2016-07-18,AHPC,132.9,131.81,134.36,131.45,13166,stock
2016-07-19,AHPC,131.81,132.72,133.45,130.0,38058,stock
2016-07-20,AHPC,133.09,131.63,133.09,131.27,11320,stock
2016-07-21,AHPC,131.63,131.45,131.63,129.27,23283,stock
2016-07-25,AHPC,131.45,131.81,132.72,130.9,21184,stock
2016-07-26,AHPC,131.81,133.45,134.18,130.9,35590,stock
2016-07-27,AHPC,133.45,133.99,135.45,131.99,33978,stock
2016-07-28,AHPC,133.99,133.27,134.18,131.81,28720,stock
2016-07-31,AHPC,133.27,140.9,140.9,132.72,135415,stock
2016-08-01,AHPC,140.9,139.63,144.53,136.36,50730,stock
2016-08-02,AHPC,139.63,137.09,139.09,135.63,54916,stock
2016-08-03,AHPC,137.09,137.09,137.09,131.99,24492,stock
2016-08-04,AHPC,137.09,131.81,138.54,131.81,29163,stock
2016-08-07,AHPC,131.81,137.27,139.27,133.27,70764,stock
2016-08-08,AHPC,137.27,131.09,136.36,129.63,40204,stock
2016-08-09,AHPC,132.54,134.54,137.27,132.54,5971,stock
2016-08-10,AHPC,135.99,135.27,138.72,131.63,65264,stock
2016-08-11,AHPC,135.63,134.54,136.17,133.45,89007,stock
2016-08-14,AHPC,133.09,132.36,133.09,129.81,106293,stock
2016-08-15,AHPC,132.36,130.36,135.16,126.36,35439,stock
2016-08-16,AHPC,129.36,127.36,129.76,126.16,6738,stock
2016-08-17,AHPC,128.76,130.36,131.36,128.76,15832,stock
2016-08-21,AHPC,129.96,128.76,129.96,127.16,2985,stock
2016-08-22,AHPC,127.16,123.36,127.16,121.36,12380,stock
2016-08-23,AHPC,122.36,122.56,124.36,119.56,15006,stock
2016-08-24,AHPC,123.76,121.16,123.96,119.36,7157,stock
2016-08-28,AHPC,121.16,123.56,125.56,119.96,5064,stock
2016-08-29,AHPC,122.36,124.36,124.36,120.76,6465,stock
2016-08-30,AHPC,123.36,124.96,124.96,123.36,4138,stock
2016-08-31,AHPC,123.76,120.96,123.76,119.76,13230,stock
2016-09-01,AHPC,119.76,119.76,120.76,118.76,8824,stock
2016-09-04,AHPC,119.76,124.16,124.16,118.96,15750,stock
2016-09-05,AHPC,125.36,122.16,125.36,120.96,7583,stock
2016-09-06,AHPC,121.16,120.76,121.96,120.76,4247,stock
2016-09-07,AHPC,121.76,120.76,121.76,119.36,8267,stock
2016-09-08,AHPC,120.76,120.16,120.76,119.76,6626,stock
2016-09-11,AHPC,119.96,120.16,120.16,118.36,6643,stock
2016-09-12,AHPC,119.16,119.16,120.76,118.96,3344,stock
2016-09-14,AHPC,119.36,119.76,120.16,118.56,14414,stock
2016-09-18,AHPC,120.56,119.56,120.56,118.36,9852,stock
2016-09-20,AHPC,118.56,120.16,120.16,118.56,19641,stock
2016-09-21,AHPC,118.96,120.36,120.36,118.76,16016,stock
2016-09-22,AHPC,120.56,120.56,123.76,119.96,11901,stock
2016-09-25,AHPC,120.56,120.56,123.76,119.96,11901,stock
2016-09-26,AHPC,117.96,118.76,119.56,117.96,12182,stock
2016-09-27,AHPC,118.76,118.76,119.36,118.36,11066,stock
2016-09-28,AHPC,117.56,118.56,119.36,117.56,4388,stock
2016-09-29,AHPC,117.56,117.56,118.36,115.96,21704,stock
2016-10-02,AHPC,116.36,117.96,117.96,114.16,16525,stock
2016-10-03,AHPC,116.96,117.36,117.56,116.36,18923,stock
2016-10-04,AHPC,117.36,117.16,117.76,116.56,8603,stock
2016-10-05,AHPC,117.36,117.36,119.76,117.36,15217,stock
2016-10-06,AHPC,118.56,120.76,120.76,117.56,9330,stock
2016-10-16,AHPC,119.56,119.36,121.16,118.56,5959,stock
2016-10-17,AHPC,118.56,119.56,119.96,118.56,8800,stock
2016-10-18,AHPC,118.96,119.36,119.56,118.96,3832,stock
2016-10-19,AHPC,118.76,119.16,120.56,118.56,6093,stock
2016-10-20,AHPC,119.36,119.16,119.36,118.36,8394,stock
2016-10-23,AHPC,118.36,118.96,119.76,118.16,8181,stock
2016-10-24,AHPC,117.96,119.96,120.16,117.96,8316,stock
2016-10-25,AHPC,118.76,119.16,119.56,118.36,6363,stock
2016-10-26,AHPC,118.96,119.16,119.16,118.76,5324,stock
2016-10-27,AHPC,120.36,119.96,120.36,118.76,2273,stock
2016-11-03,AHPC,118.76,118.76,118.76,117.56,1642,stock
2016-11-07,AHPC,117.56,118.36,118.56,117.56,6544,stock
2016-11-08,AHPC,118.56,117.76,118.76,117.56,7379,stock
2016-11-09,AHPC,117.76,116.36,117.76,116.36,9327,stock
2016-11-10,AHPC,115.16,116.96,117.16,115.16,5246,stock
2016-11-13,AHPC,115.76,116.56,116.76,115.36,7990,stock
2016-11-14,AHPC,115.76,115.56,116.56,115.36,3195,stock
2016-11-15,AHPC,116.56,115.96,115.96,114.96,2655,stock
2016-11-16,AHPC,115.36,114.36,115.56,114.36,5329,stock
2016-11-17,AHPC,114.36,115.36,115.36,113.36,2824,stock
2016-11-20,AHPC,115.36,112.36,115.36,112.36,1020,stock
2016-11-21,AHPC,112.36,110.36,113.16,109.56,19562,stock
2016-11-22,AHPC,109.36,110.96,111.96,109.36,6612,stock
2016-11-23,AHPC,110.56,109.36,111.36,108.37,8129,stock
2016-11-24,AHPC,109.76,110.36,111.36,109.16,10701,stock
2016-11-27,AHPC,109.36,106.37,109.36,105.37,19305,stock
2016-11-28,AHPC,105.37,110.36,110.36,102.77,5222,stock
2016-11-29,AHPC,109.36,112.36,112.36,107.37,7905,stock
2016-11-30,AHPC,113.36,114.36,114.56,110.76,21105,stock
2016-12-01,AHPC,113.76,110.76,114.36,110.76,9291,stock
2016-12-04,AHPC,111.76,109.96,111.76,109.96,2417,stock
2016-12-05,AHPC,110.36,109.36,110.36,109.36,647,stock
2016-12-06,AHPC,109.56,110.36,110.36,108.37,4261,stock
2016-12-07,AHPC,109.76,109.96,110.36,109.76,4512,stock
2016-12-08,AHPC,108.97,108.57,109.36,108.37,4478,stock
2016-12-11,AHPC,107.37,107.57,108.37,107.37,2743,stock
2016-12-12,AHPC,106.77,106.77,107.77,106.37,1745,stock
2016-12-14,AHPC,107.77,108.17,108.17,106.97,1778,stock
2016-12-15,AHPC,107.97,109.16,109.56,107.57,1660,stock
2016-12-18,AHPC,109.36,110.56,110.56,108.17,990,stock
2016-12-19,AHPC,109.56,108.57,109.56,108.57,3187,stock
2016-12-20,AHPC,108.37,107.37,108.37,107.37,4813,stock
2016-12-21,AHPC,106.77,106.97,107.97,106.37,3627,stock
2016-12-22,AHPC,105.97,107.37,107.37,105.57,344,stock
2016-12-26,AHPC,107.37,104.57,107.37,104.57,9156,stock
2016-12-27,AHPC,104.37,104.77,105.57,103.57,4439,stock
2016-12-28,AHPC,105.57,105.37,106.37,104.17,7568,stock
2016-12-29,AHPC,105.97,105.97,106.37,105.57,7942,stock
2017-01-01,AHPC,105.57,106.37,108.37,105.57,10091,stock
2017-01-02,AHPC,107.37,105.57,107.37,105.57,9057,stock
2017-01-03,AHPC,104.77,107.37,107.37,104.77,7007,stock
2017-01-04,AHPC,106.37,106.77,107.37,105.97,3661,stock
2017-01-05,AHPC,105.97,106.37,106.37,105.97,2129,stock
2017-01-08,AHPC,105.57,106.37,106.37,105.37,3126,stock
2017-01-09,AHPC,106.37,106.77,106.77,105.97,336,stock
2017-01-10,AHPC,106.77,107.37,107.37,106.37,1154,stock
2017-01-11,AHPC,108.17,106.17,108.17,105.77,4037,stock
2017-01-12,AHPC,106.37,106.97,107.37,106.17,6482,stock
2017-01-15,AHPC,106.77,105.77,106.77,105.77,2709,stock
2017-01-16,AHPC,104.97,105.37,106.17,104.97,4183,stock
2017-01-17,AHPC,105.37,105.77,105.77,105.17,2049,stock
2017-01-18,AHPC,105.17,105.77,105.77,105.17,491,stock
2017-01-19,AHPC,105.37,105.37,105.97,105.17,3921,stock
2017-01-22,AHPC,105.17,106.57,106.57,104.97,4038,stock
2017-01-23,AHPC,105.57,105.77,106.37,105.57,9685,stock
2017-01-24,AHPC,105.37,105.77,106.37,105.37,7167,stock
2017-01-25,AHPC,104.97,104.57,105.37,104.37,3320,stock
2017-01-26,AHPC,103.77,102.97,103.77,101.57,7702,stock
2017-01-30,AHPC,102.17,99.17,102.17,98.37,5775,stock
2017-01-31,AHPC,98.37,100.97,100.97,97.57,2518,stock
2017-02-01,AHPC,101.77,103.57,104.97,101.77,2764,stock
2017-02-02,AHPC,104.37,102.37,105.17,102.37,18329,stock
2017-02-05,AHPC,102.37,101.17,103.17,100.97,3768,stock
2017-02-06,AHPC,100.37,101.97,101.97,100.17,957,stock
2017-02-07,AHPC,101.17,100.57,101.37,100.37,11067,stock
2017-02-08,AHPC,100.57,99.97,100.57,99.97,4713,stock
2017-02-09,AHPC,100.37,98.77,100.37,98.77,7226,stock
2017-02-12,AHPC,98.17,97.37,98.77,97.37,5197,stock
2017-02-13,AHPC,97.97,100.37,100.37,96.57,3448,stock
2017-02-14,AHPC,99.57,99.57,99.57,96.37,5516,stock
2017-02-15,AHPC,100.37,100.17,100.37,98.17,5154,stock
2017-02-16,AHPC,100.97,100.37,100.97,99.37,2683,stock
2017-02-19,AHPC,99.57,100.77,100.77,99.57,6166,stock
2017-02-20,AHPC,100.77,99.97,102.37,99.37,5449,stock
2017-02-21,AHPC,100.17,98.77,100.17,98.77,3733,stock
2017-02-22,AHPC,97.97,97.97,98.77,97.17,2484,stock
2017-02-23,AHPC,97.97,98.17,99.57,97.97,3577,stock
2017-02-26,AHPC,97.57,97.77,97.97,97.37,1269,stock
2017-02-28,AHPC,98.37,97.97,98.37,97.57,1662,stock
2017-03-01,AHPC,97.57,98.97,98.97,97.37,3317,stock
2017-03-02,AHPC,98.57,99.17,99.17,97.77,2681,stock
2017-03-05,AHPC,98.77,99.17,99.57,98.17,4612,stock
2017-03-06,AHPC,98.97,99.37,99.37,97.77,4875,stock
2017-03-07,AHPC,99.37,98.37,99.37,97.57,3347,stock
2017-03-09,AHPC,98.37,100.57,100.77,98.37,4040,stock
2017-03-13,AHPC,100.17,101.97,102.17,100.17,11867,stock
2017-03-14,AHPC,101.17,100.77,101.57,100.17,6406,stock
2017-03-15,AHPC,99.97,102.37,103.77,99.57,11463,stock
2017-03-16,AHPC,102.57,101.77,102.57,100.77,3869,stock
2017-03-19,AHPC,101.77,102.17,103.37,101.17,6260,stock
2017-03-20,AHPC,102.37,102.77,103.77,102.17,9785,stock
2017-03-21,AHPC,103.57,104.37,104.37,101.77,4241,stock
2017-03-22,AHPC,105.17,104.77,108.77,103.77,28299,stock
2017-03-23,AHPC,105.57,108.37,109.16,103.17,28717,stock
2017-03-26,AHPC,109.96,111.96,114.16,107.37,42623,stock
2017-03-28,AHPC,111.96,113.96,115.96,110.96,5931,stock
2017-03-29,AHPC,113.96,110.56,114.96,109.56,22957,stock
2017-03-30,AHPC,110.56,110.36,112.16,109.56,9588,stock
2017-04-02,AHPC,111.36,111.36,113.96,110.36,6514,stock
2017-04-03,AHPC,112.36,111.36,115.36,111.36,19680,stock
2017-04-04,AHPC,110.76,111.56,111.56,109.36,16352,stock
2017-04-06,AHPC,111.56,110.96,111.36,109.76,8798,stock
2017-04-09,AHPC,110.96,113.96,114.36,110.56,18557,stock
2017-04-10,AHPC,113.56,116.36,117.16,113.56,39707,stock
2017-04-11,AHPC,117.56,116.56,119.56,115.56,20961,stock
2017-04-12,AHPC,116.36,115.36,117.56,115.36,22956,stock
2017-04-13,AHPC,114.36,113.76,114.96,112.96,4349,stock
2017-04-16,AHPC,114.76,112.36,114.76,110.96,14739,stock
2017-04-18,AHPC,113.36,112.16,113.76,110.36,7247,stock
2017-04-19,AHPC,112.16,113.16,113.16,110.76,8409,stock
2017-04-20,AHPC,112.16,114.56,114.56,111.36,4211,stock
2017-04-23,AHPC,115.56,113.76,117.16,113.56,15629,stock
2017-04-24,AHPC,113.36,113.76,114.96,112.36,18004,stock
2017-04-25,AHPC,113.56,112.96,113.56,111.96,10975,stock
2017-04-26,AHPC,112.36,114.76,114.96,112.16,12747,stock
2017-04-27,AHPC,113.96,114.36,115.76,112.16,37296,stock
2017-04-30,AHPC,113.36,114.36,115.36,111.56,14105,stock
2017-05-02,AHPC,113.36,111.36,114.36,111.36,14592,stock
2017-05-03,AHPC,112.36,112.76,113.36,111.96,3195,stock
2017-05-04,AHPC,111.96,111.76,112.36,111.56,3005,stock
2017-05-07,AHPC,112.16,110.36,112.16,109.56,1957,stock
2017-05-08,AHPC,109.56,111.56,113.56,109.36,8621,stock
2017-05-09,AHPC,111.36,113.36,115.16,110.36,19785,stock
2017-05-11,AHPC,114.36,117.16,118.36,113.96,92535,stock
2017-05-15,AHPC,118.76,116.76,119.96,115.16,78557,stock
2017-05-16,AHPC,116.76,117.56,117.56,115.56,16506,stock
2017-05-17,AHPC,116.36,116.96,117.36,115.76,11239,stock
2017-05-18,AHPC,116.96,116.16,116.36,114.96,11537,stock
2017-05-21,AHPC,115.16,114.16,115.16,113.76,17037,stock
2017-05-22,AHPC,114.36,113.56,116.16,113.56,4678,stock
2017-05-23,AHPC,114.56,113.76,116.56,113.36,6478,stock
2017-05-24,AHPC,113.76,113.36,115.56,112.96,10074,stock
2017-05-28,AHPC,113.36,112.76,113.96,112.56,4553,stock
2017-05-30,AHPC,112.16,112.36,112.76,111.36,7659,stock
2017-05-31,AHPC,112.36,114.36,114.36,111.56,6640,stock
2017-06-01,AHPC,113.36,112.36,114.16,112.16,7130,stock
2017-06-04,AHPC,111.36,111.56,112.36,111.36,8708,stock
2017-06-05,AHPC,112.16,112.36,112.36,111.76,13395,stock
2017-06-06,AHPC,113.36,112.76,113.76,111.76,5469,stock
2017-06-07,AHPC,113.76,111.96,113.76,111.76,3225,stock
2017-06-08,AHPC,111.36,111.36,111.76,111.16,8514,stock
2017-06-11,AHPC,111.36,110.36,111.56,110.36,4800,stock
2017-06-12,AHPC,110.16,109.36,111.56,109.16,5020,stock
2017-06-13,AHPC,109.16,110.36,110.96,109.16,1890,stock
2017-06-14,AHPC,110.36,113.16,113.16,109.56,2319,stock
2017-06-15,AHPC,112.36,112.36,112.96,111.36,1132,stock
2017-06-18,AHPC,112.36,110.36,111.36,110.36,109,stock
2017-06-19,AHPC,109.36,110.36,111.36,109.36,2637,stock
2017-06-20,AHPC,109.36,109.76,110.36,108.37,4312,stock
2017-06-21,AHPC,109.76,109.76,110.36,109.36,854,stock
2017-06-22,AHPC,109.36,109.36,110.76,108.57,8865,stock
2017-06-25,AHPC,108.37,109.76,109.76,108.37,5824,stock
2017-06-27,AHPC,108.77,109.96,109.96,108.77,4715,stock
2017-06-28,AHPC,109.36,109.96,109.96,108.77,2666,stock
2017-07-02,AHPC,108.97,108.97,109.36,107.97,3841,stock
2017-07-03,AHPC,108.97,110.36,110.36,108.77,4820,stock
2017-07-04,AHPC,109.36,108.97,109.76,108.37,15104,stock
2017-07-05,AHPC,108.37,110.36,110.36,107.97,3728,stock
2017-07-06,AHPC,110.16,114.36,114.36,109.96,5233,stock
2017-07-09,AHPC,114.36,113.76,116.36,110.36,93320,stock
2017-07-10,AHPC,114.76,112.36,114.76,112.36,15172,stock
2017-07-11,AHPC,112.36,112.56,114.16,112.36,6088,stock
2017-07-12,AHPC,112.36,111.96,113.36,111.56,3725,stock
2017-07-13,AHPC,111.56,111.56,112.36,111.56,7140,stock
2017-07-16,AHPC,110.56,111.56,112.56,110.56,2554,stock
2017-07-17,AHPC,110.56,113.16,113.16,110.36,8159,stock
2017-07-18,AHPC,113.16,113.16,113.36,112.16,5756,stock
2017-07-19,AHPC,112.16,112.36,112.96,111.16,6581,stock
2017-07-20,AHPC,111.36,111.36,112.96,110.76,3011,stock
2017-07-23,AHPC,110.36,110.36,111.16,110.36,3662,stock
2017-07-24,AHPC,109.96,109.56,111.96,109.56,12289,stock
2017-07-25,AHPC,110.36,111.56,113.36,109.56,6911,stock
2017-07-26,AHPC,112.56,110.96,112.56,110.76,6739,stock
2017-07-27,AHPC,110.76,110.36,111.36,110.36,5457,stock
2017-07-30,AHPC,109.36,109.76,111.36,109.36,3718,stock
2017-07-31,AHPC,109.76,111.76,112.76,109.76,5952,stock
2017-08-01,AHPC,111.36,110.76,111.96,110.76,11369,stock
2017-08-02,AHPC,110.96,111.36,112.96,110.36,12419,stock
2017-08-03,AHPC,111.36,111.16,112.36,110.36,8389,stock
2017-08-06,AHPC,110.56,110.76,111.76,110.36,3610,stock
2017-08-07,AHPC,109.96,110.36,111.36,109.76,10952,stock
2017-08-09,AHPC,109.56,109.96,110.36,109.56,6547,stock
2017-08-10,AHPC,110.96,109.76,110.96,109.56,13978,stock
2017-08-13,AHPC,109.36,108.77,110.36,108.77,6478,stock
2017-08-15,AHPC,107.77,109.96,109.96,107.77,4415,stock
2017-08-16,AHPC,110.96,109.36,111.96,108.97,4647,stock
2017-08-17,AHPC,110.36,109.96,110.36,109.36,9752,stock
2017-08-20,AHPC,108.97,108.57,109.96,108.37,12534,stock
2017-08-21,AHPC,108.37,109.96,109.96,107.77,1642,stock
2017-08-22,AHPC,108.97,108.77,109.76,108.37,3721,stock
2017-08-23,AHPC,108.77,108.37,109.96,107.37,14855,stock
2017-08-24,AHPC,108.37,109.96,109.96,108.37,34706,stock
2017-08-27,AHPC,110.05,109.16,110.05,108.29,2371,stock
2017-08-28,AHPC,108.5,108.07,108.5,107.19,2015,stock
2017-08-30,AHPC,108.07,106.74,108.07,105.87,13888,stock
2017-08-31,AHPC,106.74,105.65,107.19,104.55,7816,stock
2017-09-04,AHPC,104.77,103.23,104.77,103.01,8226,stock
2017-09-06,AHPC,103.23,105.43,105.43,102.79,3339,stock
2017-09-07,AHPC,105.87,103.01,105.87,102.79,6054,stock
2017-09-10,AHPC,102.13,103.67,103.67,101.9,3622,stock
2017-09-11,AHPC,103.67,103.23,103.67,103.01,3149,stock
2017-09-12,AHPC,103.67,103.45,103.67,103.01,812,stock
2017-09-13,AHPC,102.57,103.45,103.45,101.69,8928,stock
2017-09-14,AHPC,103.45,103.23,103.67,102.57,4080,stock
2017-09-17,AHPC,104.1,103.67,104.32,102.35,3943,stock
2017-09-18,AHPC,104.32,102.79,104.32,102.57,2597,stock
2017-09-20,AHPC,102.57,104.77,104.77,102.57,4735,stock
2017-09-24,AHPC,104.77,103.89,104.77,103.01,1500,stock
2017-09-25,AHPC,104.55,104.32,104.55,103.67,4205,stock
2017-09-26,AHPC,104.77,104.77,104.77,104.77,50,stock
2017-10-04,AHPC,104.77,104.32,104.77,104.32,70,stock
2017-10-08,AHPC,103.67,103.45,104.32,103.45,229,stock
2017-10-09,AHPC,103.45,104.1,104.32,102.57,1430,stock
2017-10-10,AHPC,104.1,103.45,104.32,102.79,1578,stock
2017-10-11,AHPC,102.57,102.57,103.45,101.47,7501,stock
2017-10-12,AHPC,102.57,102.57,102.79,102.35,11215,stock
2017-10-15,AHPC,101.69,102.57,103.01,101.69,1985,stock
2017-10-16,AHPC,103.45,104.1,104.32,103.01,3770,stock
2017-10-17,AHPC,104.77,103.89,104.77,103.89,526,stock
2017-10-18,AHPC,103.89,104.1,104.1,103.89,550,stock
2017-10-22,AHPC,103.67,104.1,104.55,103.45,1121,stock
2017-10-23,AHPC,104.1,104.55,104.55,103.45,467,stock
2017-10-24,AHPC,104.55,103.67,103.67,103.45,915,stock
2017-10-25,AHPC,103.01,103.89,103.89,103.01,4427,stock
2017-10-29,AHPC,103.67,103.45,103.67,103.01,587,stock
2017-10-30,AHPC,102.57,103.01,103.45,102.57,3700,stock
2017-10-31,AHPC,103.01,103.01,103.01,102.79,1344,stock
2017-11-01,AHPC,102.13,102.79,103.01,101.9,9509,stock
2017-11-02,AHPC,101.9,102.57,102.57,101.9,13991,stock
2017-11-05,AHPC,102.35,102.13,102.35,101.25,3579,stock
2017-11-06,AHPC,102.13,102.79,103.01,101.47,4527,stock
2017-11-07,AHPC,102.57,101.47,102.57,101.03,2625,stock
2017-11-08,AHPC,100.59,101.25,102.13,100.37,8854,stock
2017-11-09,AHPC,100.37,101.69,102.57,99.93,598,stock
2017-11-12,AHPC,101.69,102.13,102.13,99.71,4680,stock
2017-11-13,AHPC,102.35,103.45,103.45,102.13,1970,stock
2017-11-14,AHPC,102.57,102.79,103.45,101.9,5632,stock
2017-11-15,AHPC,102.79,101.9,102.79,101.69,3790,stock
2017-11-16,AHPC,101.03,101.9,102.13,100.81,3667,stock
2017-11-19,AHPC,101.9,101.25,101.9,101.03,4581,stock
2017-11-20,AHPC,101.69,100.37,101.69,100.15,5960,stock
2017-11-21,AHPC,100.37,101.25,101.69,100.37,6819,stock
2017-11-22,AHPC,101.9,101.69,101.9,101.03,746,stock
2017-11-23,AHPC,101.69,101.69,102.13,100.81,1480,stock
2017-11-26,AHPC,101.69,102.35,102.35,100.59,5776,stock
2017-11-27,AHPC,101.47,101.69,101.69,100.59,4938,stock
2017-11-28,AHPC,100.81,102.35,102.35,100.81,4515,stock
2017-11-29,AHPC,102.13,103.01,103.67,101.9,42888,stock
2017-11-30,AHPC,102.57,102.57,102.79,101.69,21257,stock
2017-12-04,AHPC,103.01,102.57,103.89,101.47,15783,stock
2017-12-05,AHPC,101.9,102.79,103.01,101.9,3545,stock
2017-12-06,AHPC,103.67,103.01,103.67,102.13,10239,stock
2017-12-10,AHPC,102.57,103.45,103.67,102.57,19266,stock
2017-12-11,AHPC,103.67,103.89,103.89,102.57,15799,stock
2017-12-12,AHPC,103.23,103.45,103.45,103.01,15440,stock
2017-12-13,AHPC,102.79,103.67,103.89,102.13,14412,stock
2017-12-14,AHPC,102.79,102.79,103.67,102.79,2346,stock
2017-12-17,AHPC,104.1,102.57,104.1,102.57,8799,stock
2017-12-18,AHPC,102.79,103.23,103.45,102.35,5983,stock
2017-12-19,AHPC,102.57,102.35,103.01,102.35,11430,stock
2017-12-20,AHPC,102.57,102.57,102.57,101.9,7275,stock
2017-12-21,AHPC,102.57,102.13,102.57,102.13,2942,stock
2017-12-24,AHPC,101.9,101.9,102.57,101.9,7517,stock
2017-12-26,AHPC,101.47,101.9,102.13,101.25,2628,stock
2017-12-27,AHPC,101.9,101.03,101.9,101.03,5829,stock
2017-12-28,AHPC,100.37,101.25,101.47,100.37,5969,stock
2017-12-31,AHPC,100.37,100.81,101.03,100.37,7169,stock
2018-01-01,AHPC,100.81,101.69,101.69,100.81,5270,stock
2018-01-02,AHPC,101.69,101.47,101.69,101.03,2150,stock
2018-01-03,AHPC,101.03,101.25,101.47,100.81,4363,stock
2018-01-04,AHPC,101.03,101.25,101.47,100.81,3085,stock
2018-01-07,AHPC,100.81,101.03,101.03,100.59,3448,stock
2018-01-08,AHPC,100.59,101.25,101.25,100.37,4451,stock
2018-01-09,AHPC,101.25,101.03,101.25,100.59,5804,stock
2018-01-10,AHPC,100.59,101.25,101.25,100.37,4356,stock
2018-01-14,AHPC,100.37,100.59,100.59,100.15,3458,stock
2018-01-16,AHPC,100.15,100.37,100.59,99.93,4347,stock
2018-01-17,AHPC,100.37,100.37,100.37,100.37,2453,stock
2018-01-21,AHPC,100.37,100.15,100.37,99.71,4811,stock
2018-01-22,AHPC,99.49,100.37,100.37,99.49,3173,stock
2018-01-23,AHPC,99.93,101.03,101.25,99.49,4363,stock
2018-01-24,AHPC,99.71,99.93,100.59,99.71,3638,stock
2018-01-25,AHPC,99.71,100.15,100.15,99.71,3126,stock
2018-01-28,AHPC,99.49,99.71,100.37,99.49,1256,stock
2018-01-29,AHPC,99.71,100.59,101.03,99.49,4686,stock
2018-01-31,AHPC,99.71,99.93,100.15,99.27,6490,stock
2018-02-01,AHPC,100.15,100.15,100.37,99.49,4081,stock
2018-02-04,AHPC,99.49,100.37,100.37,99.05,8868,stock
2018-02-05,AHPC,99.49,100.37,100.37,99.27,3006,stock
2018-02-06,AHPC,100.37,99.93,100.37,98.17,5670,stock
2018-02-07,AHPC,99.27,99.71,99.71,98.39,4406,stock
2018-02-08,AHPC,100.15,99.71,100.15,99.49,358,stock
2018-02-11,AHPC,99.05,98.39,99.05,97.51,11647,stock
2018-02-12,AHPC,97.95,96.85,97.95,96.63,10517,stock
2018-02-14,AHPC,97.3,97.95,97.95,97.3,9211,stock
2018-02-15,AHPC,97.3,100.37,100.37,97.3,4132,stock
2018-02-18,AHPC,100.37,98.17,100.37,98.17,4731,stock
2018-02-20,AHPC,98.83,100.15,102.35,98.83,31378,stock
2018-02-21,AHPC,100.37,99.27,100.37,98.83,9353,stock
2018-02-22,AHPC,98.61,99.49,99.49,98.61,4416,stock
2018-02-25,AHPC,98.83,97.95,99.27,97.95,5242,stock
2018-02-26,AHPC,99.27,96.85,99.27,96.85,11515,stock
2018-02-27,AHPC,96.41,96.85,98.83,96.19,5150,stock
2018-02-28,AHPC,97.3,97.07,97.3,95.97,8598,stock
2018-03-04,AHPC,96.41,94.21,96.41,93.77,5231,stock
2018-03-06,AHPC,93.11,94.88,94.88,92.46,6658,stock
2018-03-07,AHPC,94.88,95.53,95.97,94.43,2982,stock
2018-03-11,AHPC,95.53,94.65,94.88,93.77,4602,stock
2018-03-12,AHPC,94.65,94.65,94.65,94.21,674,stock
2018-03-13,AHPC,94.21,94.21,94.21,93.77,3714,stock
2018-03-14,AHPC,94.65,94.65,94.65,94.65,251,stock
2018-03-15,AHPC,95.31,93.99,95.31,93.99,8848,stock
2018-03-18,AHPC,94.43,93.77,94.43,93.33,4322,stock
2018-03-19,AHPC,94.43,94.21,94.43,93.55,1532,stock
2018-03-20,AHPC,93.55,92.46,93.55,92.23,12334,stock
2018-03-21,AHPC,91.57,92.01,92.01,90.48,12760,stock
2018-03-22,AHPC,91.57,91.57,92.68,90.7,7328,stock
2018-03-26,AHPC,90.91,89.37,90.91,88.71,7149,stock
2018-03-27,AHPC,90.03,91.79,91.79,88.71,8348,stock
2018-03-28,AHPC,91.35,90.26,91.57,90.26,3656,stock
2018-03-29,AHPC,90.91,90.91,91.57,90.48,910,stock
2018-04-01,AHPC,90.26,90.7,91.13,90.03,4244,stock
2018-04-02,AHPC,90.48,90.48,90.48,90.03,1815,stock
2018-04-03,AHPC,89.81,88.71,89.81,88.71,22685,stock
2018-04-04,AHPC,89.15,91.13,91.13,88.71,25792,stock
2018-04-05,AHPC,90.91,91.35,91.79,89.15,16913,stock
2018-04-08,AHPC,91.35,94.65,94.65,91.35,41891,stock
2018-04-09,AHPC,95.31,93.11,97.3,93.11,15518,stock
2018-04-10,AHPC,93.33,93.33,93.55,91.57,34206,stock
2018-04-11,AHPC,93.55,93.11,93.55,91.35,15954,stock
2018-04-12,AHPC,93.11,93.33,93.55,92.68,22339,stock
2018-04-15,AHPC,93.33,93.33,93.77,91.57,4516,stock
2018-04-16,AHPC,93.99,93.99,94.65,92.9,48132,stock
2018-04-17,AHPC,94.65,95.53,97.07,93.33,15313,stock
2018-04-18,AHPC,95.75,97.3,98.17,94.21,39437,stock
2018-04-19,AHPC,97.95,98.61,98.61,95.97,37644,stock
2018-04-22,AHPC,98.61,99.49,99.71,97.95,50278,stock
2018-04-23,AHPC,100.15,97.73,100.81,97.3,36818,stock
2018-04-24,AHPC,96.63,97.95,97.95,96.63,7344,stock
2018-04-25,AHPC,97.3,97.3,97.3,95.97,14988,stock
2018-04-26,AHPC,97.73,97.07,97.73,95.1,10501,stock
2018-04-29,AHPC,96.63,96.63,97.07,95.97,942,stock
2018-05-02,AHPC,96.63,96.41,96.41,95.31,3714,stock
2018-05-03,AHPC,96.85,96.63,97.07,95.75,7193,stock
2018-05-06,AHPC,96.41,95.97,96.41,95.31,3971,stock
2018-05-07,AHPC,95.31,95.1,95.75,94.65,3148,stock
2018-05-08,AHPC,95.75,94.88,95.75,93.99,7524,stock
2018-05-09,AHPC,94.65,93.99,95.31,93.11,14604,stock
2018-05-10,AHPC,93.99,95.1,95.1,93.33,6625,stock
2018-05-14,AHPC,95.75,93.55,95.75,93.55,5772,stock
2018-05-15,AHPC,94.21,93.77,94.21,93.77,80,stock
2018-05-16,AHPC,93.55,93.77,93.99,92.9,15848,stock
2018-05-17,AHPC,93.77,94.21,94.43,93.33,24103,stock
2018-05-20,AHPC,94.88,93.55,94.88,93.33,5758,stock
2018-05-21,AHPC,93.77,93.55,93.77,92.9,5952,stock
2018-05-22,AHPC,93.77,93.55,93.77,92.46,9200,stock
2018-05-23,AHPC,92.9,92.68,93.11,92.23,6366,stock
2018-05-24,AHPC,93.11,92.46,92.46,91.79,4299,stock
2018-05-27,AHPC,92.01,91.79,92.68,91.35,4369,stock
2018-05-28,AHPC,91.79,93.77,93.77,91.13,2865,stock
2018-05-29,AHPC,93.33,93.33,93.55,93.11,2738,stock
2018-05-30,AHPC,93.99,93.33,94.21,92.23,7212,stock
2018-05-31,AHPC,92.68,92.68,92.68,92.01,264,stock
2018-06-03,AHPC,92.01,91.57,92.23,90.7,10172,stock
2018-06-04,AHPC,90.91,91.57,91.57,90.91,1258,stock
2018-06-06,AHPC,92.23,92.23,92.9,92.23,5204,stock
2018-06-07,AHPC,92.68,93.33,93.33,92.68,65,stock
2018-06-10,AHPC,93.33,93.33,93.99,93.33,20,stock
2018-06-12,AHPC,92.68,91.13,92.68,90.03,2011,stock
2018-06-13,AHPC,91.79,92.9,92.9,89.81,8096,stock
2018-06-14,AHPC,92.23,92.23,93.77,91.35,12332,stock
2018-06-17,AHPC,91.57,92.46,92.46,90.91,419,stock
2018-06-18,AHPC,91.79,92.23,92.23,91.79,72,stock
2018-06-19,AHPC,91.57,92.01,92.01,91.57,2025,stock
2018-06-20,AHPC,92.68,91.57,92.68,91.57,115,stock
2018-06-21,AHPC,90.91,91.57,91.57,90.91,2254,stock
2018-06-24,AHPC,90.91,91.13,91.35,90.48,4630,stock
2018-06-25,AHPC,91.79,91.13,91.79,91.13,1222,stock
2018-06-26,AHPC,91.13,90.48,91.79,88.71,3647,stock
2018-06-27,AHPC,90.48,90.91,90.91,89.15,5272,stock
2018-06-28,AHPC,90.26,90.03,90.26,89.37,12614,stock
2018-07-01,AHPC,90.26,89.37,90.26,88.71,5637,stock
2018-07-02,AHPC,89.15,90.03,90.26,88.71,1544,stock
2018-07-03,AHPC,89.37,88.5,89.37,88.5,11521,stock
2018-07-04,AHPC,88.93,89.81,90.03,88.06,15260,stock
2018-07-05,AHPC,90.7,90.7,91.35,89.37,17975,stock
2018-07-08,AHPC,91.35,90.03,91.35,89.59,8113,stock
2018-07-09,AHPC,89.81,90.26,90.26,89.15,3138,stock
2018-07-10,AHPC,89.81,89.59,90.48,89.59,283,stock
2018-07-11,AHPC,89.15,89.81,90.48,89.15,2923,stock
2018-07-12,AHPC,89.15,89.15,89.37,88.71,6943,stock
2018-07-15,AHPC,89.37,89.59,89.81,89.15,834,stock
2018-07-16,AHPC,89.37,89.81,90.26,88.93,1420,stock
2018-07-17,AHPC,90.26,89.37,90.26,89.37,1062,stock
2018-07-18,AHPC,89.59,88.71,89.81,88.71,1495,stock
2018-07-19,AHPC,88.28,88.28,88.93,87.17,70419,stock
2018-07-22,AHPC,88.28,86.73,88.28,86.73,36939,stock
2018-07-23,AHPC,87.17,87.61,87.84,86.73,12904,stock
2018-07-24,AHPC,87.84,87.61,88.28,87.17,4150,stock
2018-07-25,AHPC,87.61,87.39,88.28,86.51,7072,stock
2018-07-26,AHPC,86.95,87.84,87.84,86.95,3842,stock
2018-07-29,AHPC,87.84,87.39,87.84,86.95,4731,stock
2018-07-30,AHPC,87.61,87.17,87.61,86.95,5073,stock
2018-07-31,AHPC,87.17,87.17,87.17,86.73,1373,stock
2018-08-01,AHPC,86.73,87.61,87.61,86.73,3623,stock
2018-08-02,AHPC,87.61,86.95,87.61,86.95,1544,stock
2018-08-05,AHPC,86.73,87.39,87.39,86.73,2470,stock
2018-08-06,AHPC,87.17,87.39,87.39,86.51,2309,stock
2018-08-07,AHPC,87.17,87.39,87.39,86.95,398,stock
2018-08-08,AHPC,86.95,87.17,87.17,86.51,1469,stock
2018-08-09,AHPC,86.73,87.39,87.61,86.3,3345,stock
2018-08-12,AHPC,87.17,86.73,87.17,86.3,8112,stock
2018-08-13,AHPC,86.3,86.51,86.51,85.86,11781,stock
2018-08-14,AHPC,86.08,86.51,86.51,86.08,3647,stock
2018-08-15,AHPC,86.08,86.95,86.95,85.19,6120,stock
2018-08-16,AHPC,86.51,86.73,86.95,85.64,6055,stock
2018-08-19,AHPC,86.3,86.3,86.3,85.86,680,stock
2018-08-20,AHPC,85.86,86.08,86.08,84.75,3752,stock
2018-08-21,AHPC,85.64,85.42,85.64,84.75,3651,stock
2018-08-22,AHPC,85.86,85.64,85.86,84.97,1440,stock
2018-08-23,AHPC,85.19,85.19,85.64,84.53,5242,stock
2018-08-26,AHPC,85.42,85.42,85.42,84.31,4488,stock
2018-08-28,AHPC,85.86,84.75,86.3,84.75,3405,stock
2018-08-29,AHPC,84.53,84.97,84.97,84.31,8258,stock
2018-08-30,AHPC,85.42,84.97,85.42,84.75,3872,stock
2018-09-02,AHPC,84.75,84.97,84.97,84.31,4319,stock
2018-09-03,AHPC,85.42,85.86,86.3,85.19,6710,stock
2018-09-04,AHPC,85.42,85.64,85.64,84.97,2313,stock
2018-09-05,AHPC,85.42,86.08,87.17,84.97,14792,stock
2018-09-06,AHPC,86.51,86.73,86.95,85.64,4654,stock
2018-09-09,AHPC,86.3,86.08,86.3,84.97,3853,stock
2018-09-10,AHPC,86.08,85.19,86.08,85.19,287,stock
2018-09-11,AHPC,84.75,85.86,86.3,84.75,3913,stock
2018-09-12,AHPC,86.08,86.08,86.08,85.64,1970,stock
2018-09-13,AHPC,86.08,85.64,86.08,84.97,8152,stock
2018-09-16,AHPC,85.86,86.08,86.08,85.86,1197,stock
2018-09-17,AHPC,86.51,86.08,86.51,86.08,160,stock
2018-09-18,AHPC,85.64,86.95,87.39,85.19,6502,stock
2018-09-20,AHPC,86.51,85.64,86.51,85.19,9622,stock
2018-09-23,AHPC,85.64,85.42,85.86,85.42,7881,stock
2018-09-25,AHPC,85.86,85.42,85.86,85.42,4549,stock
2018-09-26,AHPC,85.42,85.86,86.3,85.19,6492,stock
2018-09-27,AHPC,85.42,85.86,85.86,85.19,3562,stock
2018-09-30,AHPC,85.42,85.64,85.64,84.75,1725,stock
2018-10-02,AHPC,85.19,85.86,85.86,84.97,3678,stock
2018-10-03,AHPC,86.08,85.86,86.08,84.75,1474,stock
2018-10-04,AHPC,85.42,85.42,85.42,85.42,200,stock
2018-10-07,AHPC,84.97,84.75,85.19,84.1,4364,stock
2018-10-08,AHPC,84.75,85.19,85.19,84.75,132,stock
2018-10-09,AHPC,85.42,85.19,85.42,84.97,1355,stock
2018-10-10,AHPC,84.75,84.31,84.75,83.88,9629,stock
2018-10-11,AHPC,84.75,85.19,85.19,84.53,2235,stock
2018-10-14,AHPC,84.97,85.42,85.42,84.75,3312,stock
2018-10-15,AHPC,84.97,85.86,85.86,84.97,4898,stock
2018-10-23,AHPC,84.97,84.75,84.97,84.75,1099,stock
2018-10-24,AHPC,84.53,85.42,85.42,84.31,3401,stock
2018-10-25,AHPC,85.42,84.97,85.42,84.97,418,stock
2018-10-28,AHPC,84.53,84.31,84.53,84.1,17095,stock
2018-10-29,AHPC,84.75,84.31,84.53,83.44,7904,stock
2018-10-30,AHPC,84.1,84.31,84.31,84.1,1540,stock
2018-10-31,AHPC,83.88,84.53,84.53,83.44,6588,stock
2018-11-01,AHPC,84.1,84.31,84.53,83.66,4920,stock
2018-11-04,AHPC,84.75,83.44,84.75,83.44,6071,stock
2018-11-05,AHPC,83.88,84.53,84.75,83.0,2406,stock
2018-11-14,AHPC,83.22,84.1,84.1,82.77,2060,stock
2018-11-15,AHPC,84.1,83.88,84.1,83.22,2133,stock
2018-11-18,AHPC,83.88,82.55,83.88,82.55,8587,stock
2018-11-19,AHPC,82.77,83.22,83.22,82.11,7458,stock
2018-11-20,AHPC,83.22,82.33,83.22,82.33,3030,stock
2018-11-21,AHPC,82.33,82.55,82.77,82.33,3996,stock
2018-11-22,AHPC,82.55,83.0,83.0,82.55,6709,stock
2018-11-25,AHPC,83.0,81.9,83.0,81.68,15843,stock
2018-11-26,AHPC,81.84,82.33,82.33,81.02,13472,stock
2018-11-27,AHPC,82.33,81.9,82.33,81.46,1515,stock
2018-11-28,AHPC,81.9,81.9,81.9,81.46,8505,stock
2018-11-29,AHPC,81.9,81.68,81.9,80.58,5496,stock
2018-12-02,AHPC,81.68,81.02,81.9,80.58,11724,stock
2018-12-03,AHPC,81.02,80.58,81.46,80.13,5349,stock
2018-12-04,AHPC,80.58,81.24,81.24,80.13,11127,stock
2018-12-06,AHPC,81.02,80.58,81.02,80.13,2160,stock
2018-12-09,AHPC,80.58,80.8,80.8,79.91,3931,stock
2018-12-10,AHPC,80.8,80.58,81.24,80.13,12761,stock
2018-12-11,AHPC,80.58,80.35,80.58,80.13,2200,stock
2018-12-12,AHPC,80.35,80.58,80.58,80.13,6070,stock
2018-12-13,AHPC,80.58,80.35,80.8,80.35,2087,stock
2018-12-16,AHPC,80.35,80.35,80.58,80.35,1608,stock
2018-12-17,AHPC,80.35,80.8,80.8,80.35,1157,stock
2018-12-18,AHPC,80.8,79.91,80.8,79.91,1100,stock
2018-12-19,AHPC,79.91,80.13,80.35,79.48,1464,stock
2018-12-20,AHPC,80.13,80.35,80.35,79.91,180,stock
2018-12-23,AHPC,80.35,80.8,80.8,79.7,12033,stock
2018-12-24,AHPC,80.8,80.8,81.02,80.58,580,stock
2018-12-25,AHPC,80.8,80.8,80.8,80.8,12,stock
2018-12-26,AHPC,80.8,79.91,80.8,79.91,5014,stock
2018-12-27,AHPC,79.91,80.35,81.46,79.7,11640,stock
2018-12-30,AHPC,80.35,79.91,80.58,79.91,4784,stock
2018-12-31,AHPC,79.91,80.13,80.13,79.7,425,stock
2019-01-02,AHPC,80.13,79.7,80.13,79.7,300,stock
2019-01-03,AHPC,79.7,79.91,79.91,79.7,105,stock
2019-01-06,AHPC,79.91,79.48,79.91,79.48,4552,stock
2019-01-07,AHPC,79.48,79.91,79.91,79.04,8506,stock
2019-01-08,AHPC,79.7,79.26,79.7,79.26,3120,stock
2019-01-09,AHPC,78.16,79.7,79.7,78.16,3365,stock
2019-01-10,AHPC,79.7,79.48,79.7,79.48,3812,stock
2019-01-13,AHPC,79.48,79.48,79.48,79.48,50,stock
2019-01-14,AHPC,79.48,80.13,80.13,79.48,286,stock
2019-01-15,AHPC,80.13,79.7,80.13,79.26,2063,stock
2019-01-16,AHPC,79.7,79.48,79.7,79.48,1611,stock
2019-01-17,AHPC,79.48,79.48,79.91,79.48,5331,stock
2019-01-20,AHPC,79.48,79.26,79.48,79.26,2100,stock
2019-01-21,AHPC,79.26,79.04,79.26,79.04,4634,stock
2019-01-22,AHPC,79.04,79.26,79.26,78.6,4105,stock
2019-01-23,AHPC,79.26,79.26,79.48,79.04,2776,stock
2019-01-24,AHPC,79.26,79.04,79.48,79.04,4503,stock
2019-01-27,AHPC,79.04,79.26,79.26,78.6,3733,stock
2019-01-28,AHPC,79.26,79.04,79.26,78.82,609,stock
2019-01-29,AHPC,79.04,78.82,79.04,78.82,625,stock
2019-01-30,AHPC,79.04,78.82,79.04,78.6,2978,stock
2019-01-31,AHPC,78.82,79.26,79.26,78.38,7363,stock
2019-02-03,AHPC,78.82,78.6,79.26,78.38,2616,stock
2019-02-04,AHPC,78.6,78.38,78.82,78.16,7504,stock
2019-02-05,AHPC,78.82,78.6,78.82,78.38,710,stock
2019-02-06,AHPC,78.6,78.6,78.6,78.38,1561,stock
2019-02-07,AHPC,79.04,78.38,79.04,78.16,5783,stock
2019-02-10,AHPC,78.38,78.16,78.6,77.93,8837,stock
2019-02-11,AHPC,77.93,78.16,78.38,77.93,1058,stock
2019-02-12,AHPC,77.93,78.38,78.38,77.93,2839,stock
2019-02-13,AHPC,78.38,77.93,78.38,77.93,4170,stock
2019-02-14,AHPC,77.93,77.93,78.38,77.71,5604,stock
2019-02-17,AHPC,78.16,77.93,78.38,77.93,1142,stock
2019-02-18,AHPC,78.16,77.93,78.16,77.71,3783,stock
2019-02-19,AHPC,77.93,78.16,78.38,77.93,3201,stock
2019-02-20,AHPC,78.16,78.16,78.16,78.16,524,stock
2019-02-21,AHPC,77.93,77.93,78.16,77.93,2983,stock
2019-02-24,AHPC,77.71,77.71,77.93,77.71,1483,stock
2019-02-25,AHPC,77.93,77.71,77.93,77.71,1016,stock
2019-02-26,AHPC,77.93,77.71,78.16,77.71,2952,stock
2019-02-27,AHPC,77.93,77.71,77.93,77.71,1550,stock
2019-03-03,AHPC,77.71,77.71,77.71,77.5,3268,stock
2019-03-06,AHPC,77.93,78.16,78.38,77.71,2384,stock
2019-03-07,AHPC,78.38,78.6,78.6,78.16,6366,stock
2019-03-09,AHPC,78.38,79.04,79.04,78.38,2190,stock
2019-03-10,AHPC,78.38,79.04,79.04,78.38,2190,stock
2019-03-11,AHPC,78.6,79.04,79.26,78.38,5568,stock
2019-03-12,AHPC,79.48,80.13,80.8,79.04,10530,stock
2019-03-13,AHPC,79.7,79.7,80.13,79.7,3300,stock
2019-03-14,AHPC,79.26,79.7,79.7,78.82,1768,stock
2019-03-17,AHPC,79.7,79.48,79.7,79.04,2659,stock
2019-03-18,AHPC,79.91,79.04,79.91,79.04,2352,stock
2019-03-19,AHPC,79.04,79.26,79.26,79.04,270,stock
2019-03-21,AHPC,79.04,79.04,79.04,79.04,1465,stock
2019-03-24,AHPC,78.82,78.6,78.82,78.6,2650,stock
2019-03-25,AHPC,78.38,78.6,79.04,78.38,4681,stock
2019-03-26,AHPC,78.38,79.04,79.04,78.38,3679,stock
2019-03-27,AHPC,79.04,79.26,80.13,79.26,131,stock
2019-03-28,AHPC,78.82,78.6,79.26,78.6,12658,stock
2019-03-31,AHPC,78.82,78.6,78.82,78.6,170,stock
2019-04-01,AHPC,78.6,79.7,80.13,78.6,6377,stock
2019-04-02,AHPC,79.48,79.04,79.7,79.04,2245,stock
2019-04-03,AHPC,79.48,79.04,79.48,79.04,10090,stock
2019-04-04,AHPC,79.26,79.48,79.48,79.04,2426,stock
2019-04-07,AHPC,79.48,79.26,79.48,78.82,7885,stock
2019-04-08,AHPC,79.26,79.26,79.48,79.04,118,stock
2019-04-09,AHPC,79.7,79.04,79.7,78.82,2908,stock
2019-04-10,AHPC,78.6,79.04,79.04,78.6,248,stock
2019-04-11,AHPC,79.26,78.82,79.26,78.82,19307,stock
2019-04-15,AHPC,78.82,78.82,78.82,78.82,134,stock
2019-04-16,AHPC,78.82,78.82,79.04,78.82,8264,stock
2019-04-17,AHPC,78.82,78.6,78.82,78.38,2886,stock
2019-04-18,AHPC,78.82,78.38,78.82,78.38,1418,stock
2019-04-21,AHPC,78.38,78.6,78.6,78.38,8214,stock
2019-04-22,AHPC,78.38,78.6,78.6,78.38,7382,stock
2019-04-23,AHPC,78.6,78.38,78.6,78.16,8692,stock
2019-04-24,AHPC,78.38,78.38,78.38,78.38,5622,stock
2019-04-25,AHPC,78.38,78.38,79.48,78.38,14641,stock
2019-04-28,AHPC,78.6,79.26,80.58,78.6,20284,stock
2019-04-29,AHPC,79.04,79.04,79.48,79.04,7980,stock
2019-04-30,AHPC,79.48,81.24,81.24,78.82,98472,stock
2019-05-02,AHPC,80.13,81.46,81.46,79.48,24640,stock
2019-05-05,AHPC,81.02,79.7,81.02,79.7,15727,stock
2019-05-06,AHPC,79.91,80.13,80.13,79.7,4747,stock
2019-05-07,AHPC,79.7,80.13,80.13,79.7,5026,stock
2019-05-09,AHPC,79.26,78.82,79.91,78.82,27355,stock
2019-05-12,AHPC,78.82,79.26,79.7,78.82,9369,stock
2019-05-13,AHPC,79.7,80.35,80.58,79.04,15339,stock
2019-05-14,AHPC,80.8,79.7,80.8,79.7,6666,stock
2019-05-15,AHPC,80.13,79.91,80.58,79.91,11621,stock
2019-05-16,AHPC,79.7,79.48,80.13,79.48,3771,stock
2019-05-19,AHPC,79.91,79.91,79.91,79.48,764,stock
2019-05-20,AHPC,80.13,80.13,80.13,79.26,7072,stock
2019-05-21,AHPC,80.58,80.58,81.02,80.13,23057,stock
2019-05-22,AHPC,81.02,83.0,83.0,80.8,117028,stock
2019-05-23,AHPC,83.44,81.46,83.88,80.8,50594,stock
2019-05-26,AHPC,81.02,81.02,81.46,80.58,41150,stock
2019-05-27,AHPC,81.46,80.35,81.46,80.35,12332,stock
2019-05-28,AHPC,79.91,81.02,81.68,79.91,17133,stock
2019-05-29,AHPC,81.46,81.46,81.9,81.24,26080,stock
2019-05-30,AHPC,81.9,81.24,82.77,80.8,28378,stock
2019-06-02,AHPC,80.8,80.8,80.8,80.13,21946,stock
2019-06-03,AHPC,80.8,80.35,80.8,80.13,10835,stock
2019-06-04,AHPC,80.13,80.35,80.58,80.13,9174,stock
2019-06-06,AHPC,81.46,80.58,81.46,80.13,1525,stock
2019-06-10,AHPC,81.02,80.13,81.02,80.13,7113,stock
2019-06-11,AHPC,80.58,79.91,80.58,79.91,1630,stock
2019-06-12,AHPC,80.35,80.13,80.35,79.7,10831,stock
2019-06-13,AHPC,79.7,79.7,80.13,79.7,3704,stock
2019-06-16,AHPC,80.58,79.26,80.58,79.26,10553,stock
2019-06-17,AHPC,79.26,80.8,80.8,79.26,6211,stock
2019-06-18,AHPC,80.58,79.91,80.58,79.91,1761,stock
2019-06-19,AHPC,79.48,79.91,80.13,79.48,1072,stock
2019-06-20,AHPC,79.7,80.13,80.13,79.7,1501,stock
2019-06-23,AHPC,79.7,80.13,80.13,79.48,6274,stock
2019-06-24,AHPC,79.7,79.7,80.13,79.7,879,stock
2019-06-25,AHPC,79.7,80.13,80.13,79.7,2979,stock
2019-06-26,AHPC,79.7,79.91,79.91,79.48,5439,stock
2019-06-27,AHPC,79.7,80.13,80.13,79.7,4110,stock
2019-06-30,AHPC,79.7,79.26,79.7,78.82,35200,stock
2019-07-01,AHPC,78.16,80.35,80.35,78.16,35,stock
2019-07-02,AHPC,79.91,79.7,79.91,79.26,3202,stock
2019-07-03,AHPC,79.48,79.7,80.58,79.26,5508,stock
2019-07-04,AHPC,79.48,79.7,79.91,79.48,2516,stock
2019-07-07,AHPC,80.13,79.7,80.13,79.48,4846,stock
2019-07-08,AHPC,79.7,79.48,79.7,79.04,10129,stock
2019-07-09,AHPC,79.26,79.48,79.91,79.26,13172,stock
2019-07-10,AHPC,79.48,79.7,79.7,79.48,9804,stock
2019-07-11,AHPC,79.7,79.48,79.7,79.26,7142,stock
2019-07-14,AHPC,79.91,79.48,79.91,79.48,1372,stock
2019-07-15,AHPC,79.91,79.7,80.13,79.7,4158,stock
2019-07-16,AHPC,80.8,80.8,80.8,80.8,10,stock
2019-07-17,AHPC,80.35,80.13,80.35,79.48,2535,stock
2019-07-18,AHPC,80.13,80.58,80.58,80.13,7448,stock
2019-07-21,AHPC,80.13,79.7,80.13,79.26,6761,stock
2019-07-22,AHPC,80.8,80.35,80.8,79.48,320,stock
2019-07-23,AHPC,79.91,79.91,80.13,79.7,3362,stock
2019-07-24,AHPC,80.13,80.13,80.13,79.7,513,stock
2019-07-25,AHPC,79.7,79.26,79.7,79.26,1459,stock
2019-07-28,AHPC,79.7,79.04,79.7,79.04,2766,stock
2019-07-29,AHPC,79.04,79.26,79.48,79.04,1033,stock
2019-07-30,AHPC,79.48,79.7,79.7,79.04,6695,stock
2019-07-31,AHPC,79.7,79.26,79.7,79.26,6350,stock
2019-08-01,AHPC,79.7,79.91,79.91,79.26,5524,stock
2019-08-04,AHPC,79.48,79.48,79.7,79.48,1475,stock
2019-08-05,AHPC,79.48,79.26,79.7,79.26,1629,stock
2019-08-06,AHPC,79.26,79.48,79.48,79.04,4948,stock
2019-08-07,AHPC,79.26,79.48,80.13,79.26,778,stock
2019-08-08,AHPC,79.48,79.26,79.48,79.26,3470,stock
2019-08-11,AHPC,79.26,79.26,79.26,79.04,2955,stock
2019-08-12,AHPC,79.26,79.26,79.48,79.04,4891,stock
2019-08-13,AHPC,79.26,79.7,79.7,78.82,11471,stock
2019-08-14,AHPC,79.26,79.04,79.26,78.82,2066,stock
2019-08-15,AHPC,79.48,79.04,79.48,79.04,1700,stock
2019-08-18,AHPC,79.04,78.6,79.26,78.6,6153,stock
2019-08-19,AHPC,79.26,78.82,79.26,78.6,5229,stock
2019-08-20,AHPC,78.82,78.82,78.82,78.82,1610,stock
2019-08-21,AHPC,78.6,78.6,78.6,78.6,242,stock
2019-08-22,AHPC,79.04,79.04,79.04,78.6,3050,stock
2019-08-25,AHPC,78.6,78.6,79.04,78.6,2979,stock
2019-08-26,AHPC,78.38,78.38,78.6,78.38,3710,stock
2019-08-27,AHPC,78.82,78.6,78.82,78.38,2522,stock
2019-08-28,AHPC,78.6,78.6,78.6,78.38,5672,stock
2019-08-29,AHPC,78.38,78.38,78.6,78.38,8025,stock
2019-09-01,AHPC,78.38,78.38,78.38,77.93,10384,stock
2019-09-02,AHPC,78.38,78.38,78.38,78.16,609,stock
2019-09-03,AHPC,78.16,78.6,78.82,77.93,9208,stock
2019-09-04,AHPC,78.38,78.6,78.82,78.16,2835,stock
2019-09-05,AHPC,78.38,78.16,78.38,78.16,1000,stock
2019-09-08,AHPC,78.38,78.16,78.38,78.16,2310,stock
2019-09-09,AHPC,78.16,77.93,78.16,77.93,2432,stock
2019-09-10,AHPC,78.16,78.16,78.16,77.71,4758,stock
2019-09-11,AHPC,78.16,79.04,79.26,77.5,7866,stock
2019-09-12,AHPC,80.13,77.5,80.13,77.5,13455,stock
2019-09-15,AHPC,77.5,77.06,77.71,77.06,10249,stock
2019-09-16,AHPC,77.06,77.28,77.28,77.06,8030,stock
2019-09-17,AHPC,77.5,78.16,78.82,77.5,7737,stock
2019-09-18,AHPC,78.38,78.82,78.82,77.93,11110,stock
2019-09-19,AHPC,78.82,77.93,78.82,77.93,8258,stock
2019-09-22,AHPC,77.71,77.5,77.93,77.5,4978,stock
2019-09-23,AHPC,77.71,77.5,77.71,77.5,4308,stock
2019-09-24,AHPC,77.5,77.71,77.71,77.5,2939,stock
2019-09-26,AHPC,77.28,77.28,77.5,77.28,6706,stock
2019-09-29,AHPC,77.28,77.5,77.5,77.28,28969,stock
2019-09-30,AHPC,77.28,77.06,77.28,77.06,3352,stock
2019-10-01,AHPC,77.28,77.71,77.71,77.28,2369,stock
2019-10-02,AHPC,77.71,77.93,77.93,77.71,1100,stock
2019-10-03,AHPC,77.93,77.06,77.93,77.06,9200,stock
2019-10-10,AHPC,77.28,77.06,77.28,77.06,2000,stock
2019-10-14,AHPC,77.06,77.71,77.71,77.06,254,stock
2019-10-15,AHPC,77.93,77.93,77.93,77.93,72,stock
2019-10-16,AHPC,77.93,77.5,77.93,77.5,450,stock
2019-10-17,AHPC,77.28,77.5,77.71,77.28,4385,stock
2019-10-20,AHPC,77.28,76.84,77.28,76.84,7819,stock
2019-10-21,AHPC,77.06,77.06,77.28,77.06,3897,stock
2019-10-22,AHPC,76.84,77.28,77.5,76.84,3393,stock
2019-10-23,AHPC,77.5,77.5,77.5,77.28,1551,stock
2019-10-24,AHPC,77.71,79.26,79.26,77.5,670,stock
2019-10-31,AHPC,78.82,78.16,78.82,77.93,1084,stock
2019-11-03,AHPC,77.93,77.93,77.93,77.93,50,stock
2019-11-04,AHPC,77.71,77.28,77.71,77.06,10089,stock
2019-11-05,AHPC,77.5,77.71,77.71,77.5,40,stock
2019-11-06,AHPC,77.5,77.06,77.5,77.06,2660,stock
2019-11-07,AHPC,77.28,77.06,77.28,77.06,3300,stock
2019-11-10,AHPC,76.84,76.84,77.06,76.84,1848,stock
2019-11-11,AHPC,77.06,78.38,78.38,76.84,2407,stock
2019-11-12,AHPC,79.48,77.5,79.7,76.84,1361,stock
2019-11-13,AHPC,77.28,77.28,77.5,77.06,3361,stock
2019-11-14,AHPC,77.28,77.28,77.93,77.06,5631,stock
2019-11-17,AHPC,77.28,77.28,77.28,77.06,2293,stock
2019-11-18,AHPC,77.06,77.93,77.93,77.06,806,stock
2019-11-19,AHPC,78.16,77.06,78.38,77.06,2951,stock
2019-11-20,AHPC,77.28,77.28,77.71,77.28,4683,stock
2019-11-21,AHPC,77.5,77.06,77.5,77.06,2730,stock
2019-11-24,AHPC,76.84,77.5,77.71,76.4,6275,stock
2019-11-25,AHPC,77.28,77.28,77.28,77.28,10,stock
2019-11-26,AHPC,77.06,76.62,77.28,76.62,4812,stock
2019-11-27,AHPC,76.62,77.93,77.93,76.62,3644,stock
2019-11-28,AHPC,77.71,77.06,77.71,76.84,17854,stock
2019-12-01,AHPC,77.06,77.5,77.5,76.84,6835,stock
2019-12-02,AHPC,77.28,77.28,77.28,77.06,2200,stock
2019-12-03,AHPC,77.06,77.5,77.5,76.84,25054,stock
2019-12-04,AHPC,77.5,77.5,77.5,77.06,2633,stock
2019-12-05,AHPC,77.71,77.5,77.71,77.28,6954,stock
2019-12-08,AHPC,77.5,77.28,77.5,77.06,2423,stock
2019-12-09,AHPC,77.5,77.93,78.82,77.5,34957,stock
2019-12-10,AHPC,77.71,77.28,77.93,77.28,12444,stock
2019-12-11,AHPC,77.28,77.28,77.71,77.28,4327,stock
2019-12-12,AHPC,77.5,78.82,78.82,77.28,35059,stock
2019-12-15,AHPC,78.38,77.93,78.38,77.93,1675,stock
2019-12-16,AHPC,77.71,77.71,77.93,77.28,15043,stock
2019-12-17,AHPC,77.71,78.16,78.16,77.71,2299,stock
2019-12-18,AHPC,78.38,77.93,78.38,77.93,6862,stock
2019-12-19,AHPC,78.16,77.93,78.16,77.71,6622,stock
2019-12-22,AHPC,77.71,77.93,77.93,77.71,6317,stock
2019-12-23,AHPC,77.71,77.5,77.93,77.5,4351,stock
2019-12-24,AHPC,77.71,77.71,78.16,77.5,2150,stock
2019-12-25,AHPC,77.93,77.93,78.16,77.28,15459,stock
2019-12-26,AHPC,78.27,78.04,78.27,78.04,5333,stock
2019-12-29,AHPC,78.04,77.56,78.04,77.32,1808,stock
2019-12-30,AHPC,77.8,77.56,77.8,77.56,2260,stock
2019-12-31,AHPC,78.5,77.8,78.5,77.32,4090,stock
2020-01-01,AHPC,78.04,78.5,78.5,77.8,2907,stock
2020-01-02,AHPC,78.5,78.04,78.5,78.04,1640,stock
2020-01-05,AHPC,77.8,78.04,78.04,77.8,1210,stock
2020-01-06,AHPC,77.8,78.04,78.27,77.56,5678,stock
2020-01-07,AHPC,78.27,78.27,78.27,78.04,1645,stock
2020-01-08,AHPC,78.04,78.27,78.27,78.04,1145,stock
2020-01-09,AHPC,78.27,77.8,78.27,77.8,2050,stock
2020-01-12,AHPC,78.04,77.8,78.5,77.32,43659,stock
2020-01-13,AHPC,78.5,78.74,80.15,77.8,69218,stock
2020-01-14,AHPC,78.97,78.74,79.69,78.74,25450,stock
2020-01-15,AHPC,78.97,78.97,79.45,78.97,13593,stock
2020-01-16,AHPC,79.21,80.15,80.39,79.21,32384,stock
2020-01-19,AHPC,80.39,79.91,80.39,79.21,31158,stock
2020-01-20,AHPC,80.39,79.21,80.39,79.21,18025,stock
2020-01-21,AHPC,79.45,79.45,79.69,79.21,5450,stock
2020-01-22,AHPC,79.69,78.74,79.69,78.5,9602,stock
2020-01-23,AHPC,78.5,79.21,79.21,78.5,5197,stock
2020-01-26,AHPC,80.15,79.21,80.15,79.21,40,stock
2020-01-27,AHPC,78.97,78.97,78.97,78.5,4955,stock
2020-01-28,AHPC,78.97,78.74,79.45,78.27,22524,stock
2020-01-29,AHPC,78.74,78.27,78.74,78.27,8355,stock
2020-01-30,AHPC,78.5,78.97,79.45,78.27,7575,stock
2020-02-02,AHPC,78.74,79.21,79.21,78.74,10578,stock
2020-02-03,AHPC,78.97,79.21,80.15,78.74,43995,stock
2020-02-04,AHPC,79.45,79.21,79.69,79.21,34956,stock
2020-02-05,AHPC,79.21,79.21,79.45,78.74,24110,stock
2020-02-06,AHPC,78.97,78.97,78.97,78.97,1815,stock
2020-02-09,AHPC,78.74,78.5,78.97,78.5,6585,stock
2020-02-10,AHPC,78.74,78.74,78.97,78.5,19283,stock
2020-02-11,AHPC,79.69,78.74,79.91,78.5,17928,stock
2020-02-12,AHPC,78.74,79.21,79.21,78.74,3263,stock
2020-02-13,AHPC,79.45,78.97,79.45,78.5,7325,stock
2020-02-16,AHPC,78.74,78.97,79.45,78.5,10956,stock
2020-02-17,AHPC,79.91,80.15,80.39,78.74,69518,stock
2020-02-18,AHPC,80.15,79.45,80.39,79.45,20930,stock
2020-02-19,AHPC,79.21,79.45,79.91,79.21,7246,stock
2020-02-20,AHPC,79.45,79.45,79.91,79.21,15975,stock
2020-02-23,AHPC,79.21,80.86,80.86,79.21,29734,stock
2020-02-24,AHPC,80.86,80.62,81.33,79.91,27515,stock
2020-02-25,AHPC,80.86,82.97,82.97,80.15,118870,stock
2020-02-26,AHPC,83.45,80.86,85.33,80.86,67190,stock
2020-02-27,AHPC,79.69,80.39,82.74,79.69,144004,stock
2020-03-01,AHPC,80.39,81.33,82.5,80.86,75001,stock
2020-03-02,AHPC,80.86,80.15,80.86,80.15,22346,stock
2020-03-03,AHPC,80.15,81.1,81.56,79.69,50833,stock
2020-03-04,AHPC,80.62,79.45,80.62,79.45,36939,stock
2020-03-05,AHPC,79.45,79.69,80.15,79.45,11600,stock
2020-03-10,AHPC,79.69,79.69,79.91,79.45,7168,stock
2020-03-11,AHPC,79.91,79.45,80.39,79.45,18984,stock
2020-03-12,AHPC,79.21,79.45,79.91,79.21,25055,stock
2020-03-15,AHPC,79.21,78.74,79.45,78.27,33391,stock
2020-03-16,AHPC,78.5,78.74,79.45,78.27,17807,stock
2020-03-17,AHPC,78.5,78.27,78.5,77.56,29723,stock
2020-03-18,AHPC,78.04,77.8,78.27,77.56,15129,stock
2020-03-19,AHPC,77.56,78.27,78.5,77.1,26548,stock
2020-03-22,AHPC,78.27,78.27,78.27,78.27,190,stock
2020-05-12,AHPC,78.04,78.04,78.04,78.04,30,stock
2020-06-29,AHPC,77.8,78.04,78.04,77.8,3553,stock
2020-06-30,AHPC,78.04,78.5,78.5,78.04,4110,stock
2020-07-01,AHPC,78.74,79.21,79.21,78.74,2721,stock
2020-07-02,AHPC,79.45,79.45,79.45,79.45,20,stock
2020-07-05,AHPC,79.21,78.74,79.21,78.74,230,stock
2020-07-06,AHPC,78.74,78.74,78.97,78.27,10419,stock
2020-07-07,AHPC,78.5,78.74,78.97,78.5,7194,stock
2020-07-08,AHPC,78.5,78.5,78.74,78.27,6384,stock
2020-07-09,AHPC,78.74,78.27,78.74,78.27,6413,stock
2020-07-12,AHPC,78.5,78.27,78.5,78.04,11202,stock
2020-07-13,AHPC,78.04,78.04,78.5,78.04,7647,stock
2020-07-14,AHPC,78.27,78.04,78.5,77.8,45595,stock
2020-07-15,AHPC,78.27,78.27,78.5,77.8,10667,stock
2020-07-16,AHPC,78.04,78.97,78.97,78.04,13692,stock
2020-07-19,AHPC,79.21,79.69,79.69,79.21,120,stock
2020-07-20,AHPC,80.62,78.74,80.62,78.74,32028,stock
2020-07-21,AHPC,78.74,78.5,78.74,78.04,20125,stock
2020-07-22,AHPC,78.27,78.5,78.74,78.04,7501,stock
2020-07-23,AHPC,78.5,78.5,78.97,78.5,36627,stock
2020-07-26,AHPC,78.27,78.74,78.74,78.04,47790,stock
2020-07-27,AHPC,78.97,78.04,78.97,78.04,25797,stock
2020-07-28,AHPC,78.27,78.5,78.74,78.04,13481,stock
2020-07-29,AHPC,78.5,78.5,78.5,78.04,12230,stock
2020-07-30,AHPC,78.5,79.21,79.69,78.27,49427,stock
2020-08-02,AHPC,79.21,78.97,79.21,78.27,6144,stock
2020-08-03,AHPC,78.74,78.27,78.74,78.27,6770,stock
2020-08-05,AHPC,78.5,78.97,79.91,78.5,56506,stock
2020-08-06,AHPC,78.97,78.5,79.21,78.27,15630,stock
2020-08-09,AHPC,78.5,78.74,78.74,78.04,20645,stock
2020-08-10,AHPC,78.74,78.5,78.74,78.04,10163,stock
2020-08-11,AHPC,78.5,78.5,78.97,78.27,10053,stock
2020-08-12,AHPC,78.27,78.27,78.74,78.27,8248,stock
2020-08-13,AHPC,78.27,78.27,78.74,78.27,17324,stock
2020-08-16,AHPC,78.27,78.27,78.5,78.04,7245,stock
2020-08-17,AHPC,78.5,78.27,78.5,78.04,26353,stock
2020-08-18,AHPC,78.27,78.74,78.74,78.27,8502,stock
2020-08-19,AHPC,78.5,78.04,78.5,78.04,5068,stock
2020-08-20,AHPC,78.27,78.27,78.74,78.27,1672,stock
2020-08-23,AHPC,78.27,78.27,78.97,78.27,13628,stock
2020-08-24,AHPC,78.5,78.27,78.74,78.27,15335,stock
2020-08-25,AHPC,78.5,78.97,78.97,78.27,16105,stock
2020-08-26,AHPC,78.74,78.74,78.97,78.5,8539,stock
2020-08-27,AHPC,78.97,78.5,78.97,78.27,15272,stock
2020-08-30,AHPC,78.5,78.97,79.91,78.27,28454,stock
2020-08-31,AHPC,79.21,79.91,80.86,79.21,123808,stock
2020-09-02,AHPC,81.1,82.27,82.27,80.62,208898,stock
2020-09-03,AHPC,83.45,82.74,84.86,82.04,198803,stock
2020-09-06,AHPC,83.91,85.33,85.33,83.45,259424,stock
2020-09-07,AHPC,86.74,84.62,86.74,84.15,129004,stock
2020-09-08,AHPC,86.04,84.15,86.04,83.45,45019,stock
2020-09-09,AHPC,83.69,84.15,85.1,83.69,91572,stock
2020-09-10,AHPC,85.33,84.39,85.33,83.91,36594,stock
2020-09-13,AHPC,84.15,86.98,86.98,83.45,238020,stock
2020-09-14,AHPC,88.39,90.04,90.04,88.15,163570,stock
2020-09-15,AHPC,91.69,91.21,93.33,90.04,166776,stock
2020-09-16,AHPC,92.86,94.5,94.5,90.27,231861,stock
2020-09-17,AHPC,96.39,98.28,98.28,93.8,293241,stock
2020-09-20,AHPC,100.15,95.69,100.15,94.27,218740,stock
2020-09-21,AHPC,96.39,96.63,97.56,92.86,194081,stock
2020-09-22,AHPC,96.63,94.98,97.33,94.74,154950,stock
2020-09-23,AHPC,94.74,98.74,98.74,93.8,325832,stock
2020-09-24,AHPC,99.91,102.74,102.98,99.69,460026,stock
2020-09-27,AHPC,104.86,101.8,106.28,101.8,387638,stock
2020-09-28,AHPC,101.1,103.21,105.33,100.39,307313,stock
2020-09-29,AHPC,105.33,105.56,106.04,102.74,342028,stock
2020-09-30,AHPC,107.69,106.74,107.69,105.33,313810,stock
2020-10-01,AHPC,106.04,110.28,111.45,106.04,544570,stock
2020-10-04,AHPC,110.04,112.15,112.15,107.45,209568,stock
2020-10-05,AHPC,112.15,115.22,115.69,109.33,459201,stock
2020-10-06,AHPC,114.04,112.86,115.22,111.21,345800,stock
2020-10-07,AHPC,112.86,118.04,118.28,112.15,545064,stock
2020-10-08,AHPC,118.74,119.69,121.1,113.33,285338,stock
2020-10-11,AHPC,122.74,116.39,122.74,113.8,383598,stock
2020-10-12,AHPC,117.57,117.57,118.74,111.92,316730,stock
2020-10-13,AHPC,120.63,114.98,120.63,113.1,134709,stock
2020-10-14,AHPC,114.04,112.15,114.04,111.45,122450,stock
2020-10-15,AHPC,112.86,110.98,112.86,108.39,240421,stock
2020-10-18,AHPC,110.04,108.15,110.04,107.69,153668,stock
2020-10-19,AHPC,108.86,110.98,111.69,108.86,95008,stock
2020-10-20,AHPC,111.69,112.39,113.8,110.98,104597,stock
2020-10-21,AHPC,113.33,111.45,113.33,111.21,41407,stock
2020-10-22,AHPC,114.04,110.98,114.04,110.5,69838,stock
2020-10-28,AHPC,111.69,112.63,112.63,110.28,41612,stock
2020-10-29,AHPC,113.33,111.21,113.33,110.98,75411,stock
2020-11-01,AHPC,111.21,113.1,113.57,111.21,105965,stock
2020-11-02,AHPC,115.92,116.86,117.1,112.15,246755,stock
2020-11-03,AHPC,116.86,115.45,116.86,114.04,185490,stock
2020-11-04,AHPC,115.45,115.45,116.15,114.28,106120,stock
2020-11-05,AHPC,115.45,117.1,117.33,114.74,297066,stock
2020-11-08,AHPC,117.1,119.45,120.15,117.1,310962,stock
2020-11-09,AHPC,119.45,117.57,119.69,117.1,163692,stock
2020-11-10,AHPC,120.63,115.92,120.63,115.92,199277,stock
2020-11-11,AHPC,116.39,115.69,118.04,115.69,121136,stock
2020-11-12,AHPC,116.39,114.98,116.39,114.5,165410,stock
2020-11-18,AHPC,115.22,113.1,115.22,112.86,196350,stock
2020-11-19,AHPC,110.28,115.92,117.8,109.33,515051,stock
2020-11-22,AHPC,115.92,115.22,117.1,114.28,73082,stock
2020-11-23,AHPC,116.39,115.92,117.57,114.28,110187,stock
2020-11-24,AHPC,113.1,116.86,118.04,113.1,177843,stock
2020-11-25,AHPC,117.57,117.1,117.57,116.15,72692,stock
2020-11-26,AHPC,118.74,114.5,118.74,114.04,91813,stock
2020-11-29,AHPC,115.45,114.28,115.69,114.04,68737,stock
2020-11-30,AHPC,117.1,115.69,117.33,113.33,181811,stock
2020-12-01,AHPC,118.5,115.45,118.5,114.28,116511,stock
2020-12-02,AHPC,116.15,114.04,116.15,113.8,129228,stock
2020-12-03,AHPC,111.21,112.86,115.45,111.21,134234,stock
2020-12-06,AHPC,115.69,111.92,115.69,111.69,88544,stock
2020-12-07,AHPC,112.86,115.69,115.69,111.45,104083,stock
2020-12-08,AHPC,115.69,119.92,121.1,114.04,390786,stock
2020-12-09,AHPC,119.92,116.39,119.92,115.22,278675,stock
2020-12-10,AHPC,119.22,114.28,119.22,114.04,172154,stock
2020-12-13,AHPC,114.2,113.7,114.94,113.46,57797,stock
2020-12-14,AHPC,114.45,113.22,115.69,112.97,40386,stock
2020-12-15,AHPC,115.93,111.49,115.93,110.74,47570,stock
2020-12-16,AHPC,110.99,111.73,113.95,110.74,54663,stock
2020-12-17,AHPC,112.48,110.25,112.48,110.0,57417,stock
2020-12-20,AHPC,109.75,107.78,109.75,107.78,79939,stock
2020-12-21,AHPC,107.04,107.78,109.01,104.32,98877,stock
2020-12-22,AHPC,108.77,110.5,111.98,108.28,61851,stock
2020-12-23,AHPC,111.49,109.01,112.48,108.77,45968,stock
2020-12-24,AHPC,109.75,109.5,111.73,108.77,25904,stock
2020-12-27,AHPC,109.01,108.28,109.5,108.03,21910,stock
2020-12-28,AHPC,109.01,108.52,109.01,107.78,17251,stock
2020-12-29,AHPC,108.28,108.03,109.01,107.53,15138,stock
2020-12-30,AHPC,107.53,107.53,108.03,106.79,26099,stock
2020-12-31,AHPC,110.0,107.53,110.0,106.54,32045,stock
2021-01-03,AHPC,110.0,107.78,110.0,106.79,27868,stock
2021-01-04,AHPC,108.77,108.28,110.74,107.04,42967,stock
2021-01-05,AHPC,109.26,112.23,112.97,108.28,109556,stock
2021-01-06,AHPC,113.22,111.98,114.7,111.24,53792,stock
2021-01-07,AHPC,112.97,114.45,115.19,111.49,125781,stock
2021-01-10,AHPC,114.45,112.97,115.44,112.97,162701,stock
2021-01-11,AHPC,115.69,112.23,115.69,111.49,42779,stock
2021-01-12,AHPC,112.97,112.97,113.46,111.98,25298,stock
2021-01-13,AHPC,115.69,114.2,115.69,111.73,78904,stock
2021-01-17,AHPC,114.2,114.45,115.44,112.48,104401,stock
2021-01-18,AHPC,114.7,113.46,114.94,112.48,100417,stock
2021-01-19,AHPC,113.95,113.95,115.44,112.97,73670,stock
2021-01-20,AHPC,113.95,114.45,115.44,113.7,64457,stock
2021-01-21,AHPC,114.94,116.43,116.43,113.95,195229,stock
2021-01-24,AHPC,118.15,118.9,121.87,117.42,140347,stock
2021-01-25,AHPC,120.13,118.65,120.88,116.92,192340,stock
2021-01-26,AHPC,119.89,117.9,120.88,117.66,183935,stock
2021-01-27,AHPC,118.15,117.66,118.4,116.92,65692,stock
2021-01-28,AHPC,117.17,117.17,118.65,116.18,80721,stock
2021-01-31,AHPC,117.17,116.18,117.17,113.22,110830,stock
2021-02-01,AHPC,117.17,116.18,117.17,115.69,61347,stock
2021-02-02,AHPC,119.14,115.93,119.14,115.44,198599,stock
2021-02-03,AHPC,116.92,118.9,121.12,116.92,240741,stock
2021-02-04,AHPC,120.13,123.1,124.09,117.66,440417,stock
2021-02-07,AHPC,124.83,126.55,129.03,124.33,376618,stock
2021-02-08,AHPC,129.77,125.08,129.77,124.58,198176,stock
2021-02-09,AHPC,125.08,125.32,125.57,122.6,153653,stock
2021-02-10,AHPC,125.32,125.82,126.55,124.09,144118,stock
2021-02-11,AHPC,129.28,128.29,129.28,124.33,320341,stock
2021-02-14,AHPC,131.74,131.25,132.73,128.29,405743,stock
2021-02-15,AHPC,132.73,136.69,138.67,131.25,459546,stock
2021-02-16,AHPC,137.43,134.22,138.17,133.23,327812,stock
2021-02-17,AHPC,137.92,133.97,137.92,132.24,246275,stock
2021-02-18,AHPC,135.45,134.47,136.93,134.22,242205,stock
2021-02-21,AHPC,138.17,137.92,139.89,134.71,454929,stock
2021-02-22,AHPC,140.39,141.38,144.34,137.18,394235,stock
2021-02-23,AHPC,145.58,145.58,147.31,136.19,288517,stock
2021-02-24,AHPC,145.58,141.38,146.82,140.39,201477,stock
2021-02-25,AHPC,145.58,139.16,145.58,138.67,129644,stock
2021-02-28,AHPC,139.16,134.47,139.16,134.22,196413,stock
2021-03-01,AHPC,133.72,137.92,138.17,132.73,176607,stock
2021-03-02,AHPC,141.88,135.69,141.88,134.47,171781,stock
2021-03-03,AHPC,134.22,138.42,138.42,134.22,137531,stock
2021-03-04,AHPC,136.93,140.14,141.38,136.93,171462,stock
2021-03-09,AHPC,145.83,147.81,150.03,139.89,808622,stock
2021-03-10,AHPC,152.26,144.59,152.26,144.1,398461,stock
2021-03-14,AHPC,145.83,142.87,146.57,141.88,358296,stock
2021-03-15,AHPC,144.1,139.16,144.1,139.16,233529,stock
2021-03-16,AHPC,143.11,135.94,143.11,135.45,159000,stock
2021-03-17,AHPC,139.89,137.18,139.89,134.47,118324,stock
2021-03-18,AHPC,137.92,135.69,138.91,135.45,199038,stock
2021-03-21,AHPC,137.92,133.72,137.92,133.23,383356,stock
2021-03-22,AHPC,133.72,140.39,142.62,133.72,217076,stock
2021-03-23,AHPC,140.39,137.8,141.5,137.43,75352,stock
2021-03-24,AHPC,137.8,136.31,138.91,136.31,110548,stock
2021-03-25,AHPC,140.76,134.84,140.76,134.47,101735,stock
2021-03-29,AHPC,136.69,134.84,138.54,133.72,50560,stock
2021-03-30,AHPC,134.84,134.09,135.94,132.61,86975,stock
2021-03-31,AHPC,138.54,134.47,138.54,133.35,74120,stock
2021-04-01,AHPC,135.94,138.54,139.29,132.98,197423,stock
2021-04-04,AHPC,140.39,144.84,146.32,138.91,303509,stock
2021-04-05,AHPC,145.95,146.69,147.81,144.47,206107,stock
2021-04-06,AHPC,151.51,146.69,151.51,142.62,167831,stock
2021-04-07,AHPC,151.51,142.99,151.51,142.62,114367,stock
2021-04-08,AHPC,142.25,141.88,144.1,141.13,56759,stock
2021-04-12,AHPC,142.25,140.76,142.25,138.91,117190,stock
2021-04-13,AHPC,140.76,140.39,142.62,139.66,79584,stock
2021-04-15,AHPC,142.25,140.76,142.25,139.66,119080,stock
2021-04-18,AHPC,142.25,138.91,142.25,138.17,109384,stock
2021-04-19,AHPC,141.5,137.8,141.5,136.69,92779,stock
2021-04-20,AHPC,135.94,142.62,142.62,135.94,97413,stock
2021-04-21,AHPC,142.62,141.88,146.32,138.91,266675,stock
2021-04-22,AHPC,145.95,141.13,145.95,138.54,59214,stock
2021-04-25,AHPC,141.13,137.8,141.13,136.69,99132,stock
2021-04-26,AHPC,135.94,135.57,138.54,131.87,186608,stock
2021-04-27,AHPC,140.02,144.1,144.47,134.84,211308,stock
2021-04-28,AHPC,142.99,145.21,147.44,140.02,282874,stock
2021-04-29,AHPC,144.1,150.77,154.1,143.36,486535,stock
2021-05-02,AHPC,151.51,156.33,156.33,148.91,434134,stock
2021-05-03,AHPC,157.08,154.85,158.18,151.51,362571,stock
2021-05-04,AHPC,155.22,157.44,159.67,152.99,404290,stock
2021-05-05,AHPC,163.0,160.41,163.0,155.22,183679,stock
2021-05-06,AHPC,160.41,157.81,162.63,157.08,214153,stock
2021-05-09,AHPC,160.78,155.96,160.78,152.63,178533,stock
2021-05-10,AHPC,155.96,155.22,155.96,152.99,64296,stock
2021-05-11,AHPC,155.22,157.08,157.08,153.36,91210,stock
2021-05-12,AHPC,155.96,157.08,157.08,155.22,93701,stock
2021-05-13,AHPC,157.08,160.04,161.89,155.22,309426,stock
2021-05-16,AHPC,162.63,160.04,162.63,157.08,153757,stock
2021-05-17,AHPC,160.78,165.97,168.19,158.92,374126,stock
2021-05-18,AHPC,165.97,177.46,177.83,165.97,481383,stock
2021-05-19,AHPC,184.12,183.76,184.12,171.15,388243,stock
2021-05-20,AHPC,184.87,184.87,188.57,178.57,448203,stock
2021-05-23,AHPC,184.87,192.29,192.29,177.09,542953,stock
2021-05-24,AHPC,193.02,203.4,203.4,188.57,507681,stock
2021-05-25,AHPC,203.4,208.59,210.81,200.81,299198,stock
2021-05-27,AHPC,208.59,218.97,221.93,201.18,538006,stock
2021-05-30,AHPC,227.49,215.26,227.49,207.48,540710,stock
2021-05-31,AHPC,206.73,203.4,220.08,198.21,555576,stock
2021-06-01,AHPC,202.66,201.18,207.1,196.73,271733,stock
2021-06-02,AHPC,193.39,208.96,207.1,193.39,263100,stock
2021-06-03,AHPC,214.52,206.36,214.52,197.84,489908,stock
2021-06-06,AHPC,198.58,201.54,205.26,197.84,274502,stock
2021-06-07,AHPC,193.76,204.89,208.96,193.76,393033,stock
2021-06-08,AHPC,204.89,205.63,210.08,202.29,408195,stock
2021-06-09,AHPC,207.1,221.56,221.56,203.03,1896335,stock
2021-06-10,AHPC,230.09,238.98,238.98,230.09,417987,stock
2021-06-13,AHPC,248.62,256.77,258.26,231.57,1297789,stock
2021-06-14,AHPC,258.99,246.76,262.7,244.17,1121286,stock
2021-06-15,AHPC,246.76,243.8,254.91,242.31,629984,stock
2021-06-16,AHPC,234.16,234.53,244.91,226.75,665062,stock
2021-06-17,AHPC,231.94,236.39,241.2,230.83,439239,stock
2021-06-20,AHPC,227.49,228.23,239.35,220.45,351008,stock
2021-06-21,AHPC,234.9,219.33,234.9,219.33,413750,stock
2021-06-22,AHPC,218.23,232.68,232.68,216.74,248704,stock
2021-06-23,AHPC,232.68,227.86,236.02,224.15,274580,stock
2021-06-24,AHPC,236.75,224.89,236.75,221.19,146599,stock
2021-06-27,AHPC,228.23,221.56,228.23,220.08,112115,stock
2021-06-28,AHPC,224.52,214.52,224.52,213.04,151504,stock
2021-06-29,AHPC,223.05,207.85,223.05,207.48,153798,stock
2021-06-30,AHPC,207.85,207.1,210.81,202.66,143353,stock
2021-07-01,AHPC,209.7,210.08,214.89,208.59,147760,stock
2021-07-04,AHPC,210.81,209.7,213.41,207.85,70647,stock
2021-07-05,AHPC,207.1,206.36,213.04,205.63,68334,stock
2021-07-06,AHPC,208.59,204.14,208.59,204.14,52613,stock
2021-07-07,AHPC,206.36,201.18,207.1,200.44,61028,stock
2021-07-08,AHPC,203.03,204.14,204.51,195.99,106650,stock
2021-07-11,AHPC,211.92,214.15,215.26,204.51,183337,stock
2021-07-12,AHPC,210.81,208.59,216.74,206.36,175767,stock
2021-07-13,AHPC,216.74,211.18,216.74,205.99,54852,stock
2021-07-14,AHPC,211.18,216.37,216.74,210.81,71618,stock
2021-07-15,AHPC,214.52,221.93,227.86,214.52,200053,stock
2021-07-18,AHPC,219.7,220.08,221.93,212.92,796877,stock
2021-07-19,AHPC,221.93,222.64,228.97,218.97,363633,stock
2021-07-20,AHPC,223.05,234.49,235.28,221.19,537625,stock
2021-07-22,AHPC,237.87,232.68,239.35,231.94,413173,stock
2021-07-25,AHPC,234.16,232.68,235.28,229.34,383959,stock
2021-07-26,AHPC,234.9,241.2,246.02,233.05,610751,stock
2021-07-27,AHPC,241.2,244.91,249.73,240.47,537711,stock
2021-07-28,AHPC,248.91,240.47,254.91,238.98,625211,stock
2021-07-29,AHPC,240.47,239.16,242.31,236.9,299119,stock
2021-08-01,AHPC,239.16,243.43,249.73,239.16,502738,stock
2021-08-02,AHPC,247.39,243.43,250.84,242.69,403288,stock
2021-08-03,AHPC,247.39,249.73,249.73,240.84,425671,stock
2021-08-04,AHPC,253.84,266.41,269.29,250.84,965849,stock
2021-08-05,AHPC,270.86,258.63,271.6,256.77,831534,stock
2021-08-08,AHPC,254.54,266.78,272.67,254.54,1014022,stock
2021-08-09,AHPC,271.23,276.78,281.23,267.51,1080224,stock
2021-08-10,AHPC,279.38,267.51,281.23,264.55,866323,stock
2021-08-11,AHPC,268.26,277.52,279.38,268.26,916367,stock
2021-08-12,AHPC,282.2,277.15,282.2,274.56,645412,stock
2021-08-15,AHPC,272.52,263.08,272.52,255.29,966111,stock
2021-08-16,AHPC,267.51,267.51,273.82,259.73,519211,stock
2021-08-17,AHPC,271.96,276.78,282.01,270.11,694125,stock
2021-08-18,AHPC,281.23,300.06,300.06,281.23,670086,stock
2021-08-19,AHPC,305.17,302.36,314.59,289.39,1690522,stock
2021-08-24,AHPC,297.54,292.35,298.21,288.65,1121211,stock
2021-08-25,AHPC,292.35,286.79,295.69,282.71,706926,stock
2021-08-26,AHPC,290.49,311.07,311.07,290.49,1330808,stock
2021-08-29,AHPC,316.41,331.27,334.97,316.07,1712329,stock
2021-08-31,AHPC,333.12,317.18,333.12,316.81,1349363,stock
2021-09-01,AHPC,317.18,313.1,325.7,312.73,811393,stock
2021-09-02,AHPC,314.59,301.25,320.0,293.09,810299,stock
2021-09-05,AHPC,296.13,281.79,297.54,275.52,1090417,stock
2021-09-06,AHPC,281.23,305.54,305.54,280.12,682993,stock
2021-09-07,AHPC,310.51,296.09,310.51,291.61,555671,stock
2021-09-08,AHPC,299.76,294.2,299.76,289.06,366120,stock
2021-09-09,AHPC,297.91,304.8,306.44,294.57,701535,stock
2021-09-12,AHPC,309.99,316.48,320.15,309.03,1009242,stock
2021-09-13,AHPC,321.92,305.29,321.92,301.62,868080,stock
2021-09-14,AHPC,303.47,301.62,309.03,298.29,388015,stock
2021-09-15,AHPC,303.47,294.31,303.47,294.31,324098,stock
2021-09-16,AHPC,299.02,286.42,299.02,282.71,589394,stock
2021-09-20,AHPC,291.24,266.78,295.69,262.7,658816,stock
2021-09-21,AHPC,263.08,266.04,274.93,258.99,421946,stock
2021-09-22,AHPC,270.11,281.97,284.2,266.41,370833,stock
2021-09-23,AHPC,284.94,271.6,285.68,269.74,276350,stock
2021-09-26,AHPC,276.11,257.14,276.11,256.03,576866,stock
2021-09-27,AHPC,261.49,244.61,269.89,243.8,304691,stock
2021-09-28,AHPC,248.36,230.75,249.5,225.86,287627,stock
2021-09-29,AHPC,229.53,243.8,245.84,225.46,280710,stock
2021-09-30,AHPC,247.79,234.42,247.79,232.22,119965,stock
2021-10-03,AHPC,238.21,220.15,238.21,219.33,157164,stock
2021-10-04,AHPC,217.29,217.7,224.23,212.41,199288,stock
2021-10-05,AHPC,217.7,222.48,223.82,217.7,88902,stock
2021-10-06,AHPC,223.87,224.64,226.27,219.74,110809,stock
2021-10-10,AHPC,228.23,217.26,228.3,214.65,104878,stock
2021-10-11,AHPC,220.69,209.14,223.01,207.1,183755,stock
2021-10-17,AHPC,212.0,208.33,212.0,207.1,41927,stock
2021-10-18,AHPC,207.1,202.17,208.33,199.61,131090,stock
2021-10-19,AHPC,201.81,188.39,202.62,186.4,238259,stock
2021-10-20,AHPC,191.25,201.81,202.62,191.25,193699,stock
2021-10-21,AHPC,201.81,199.77,207.1,195.29,160076,stock
2021-10-24,AHPC,200.58,208.53,212.0,196.91,217316,stock
2021-10-25,AHPC,211.59,224.96,224.96,210.77,242428,stock
2021-10-26,AHPC,228.3,238.9,240.53,226.68,356942,stock
2021-10-27,AHPC,241.76,236.06,245.27,231.57,375343,stock
2021-10-28,AHPC,233.61,249.91,252.77,231.97,294725,stock
2021-10-31,AHPC,251.95,262.55,266.22,247.88,333975,stock
2021-11-01,AHPC,266.22,253.58,269.49,252.65,405097,stock
2021-11-02,AHPC,253.58,254.81,258.48,247.79,319962,stock
2021-11-03,AHPC,259.01,257.46,266.22,255.21,274606,stock
2021-11-08,AHPC,260.1,255.21,260.14,253.17,115474,stock
2021-11-09,AHPC,259.41,242.98,259.41,241.03,369247,stock
2021-11-11,AHPC,243.39,235.24,245.02,233.61,231420,stock
2021-11-14,AHPC,235.24,237.69,242.17,232.38,198022,stock
2021-11-15,AHPC,241.55,243.8,247.47,238.94,257006,stock
2021-11-16,AHPC,247.79,251.54,251.95,241.76,259763,stock
2021-11-17,AHPC,253.99,247.06,257.66,247.06,194959,stock
2021-11-18,AHPC,245.84,242.57,251.13,242.57,127493,stock
2021-11-21,AHPC,242.57,242.66,249.88,240.94,76078,stock
2021-11-22,AHPC,246.25,243.8,247.88,242.57,93346,stock
2021-11-23,AHPC,242.98,238.49,243.8,237.64,138717,stock
2021-11-24,AHPC,238.49,239.72,245.02,231.97,145578,stock
2021-11-25,AHPC,240.94,237.28,243.39,235.81,78178,stock
2021-11-28,AHPC,233.45,228.59,237.28,226.27,211066,stock
2021-11-29,AHPC,225.46,231.16,235.72,225.46,120813,stock
2021-11-30,AHPC,231.97,232.38,234.83,227.49,115571,stock
2021-12-01,AHPC,236.13,231.57,236.13,229.93,80617,stock
2021-12-02,AHPC,233.61,225.05,233.61,224.44,104731,stock
2021-12-05,AHPC,225.46,216.89,225.46,212.65,206917,stock
2021-12-06,AHPC,216.89,222.6,223.62,207.55,274878,stock
2021-12-07,AHPC,224.23,215.26,227.0,213.84,124519,stock
2021-12-08,AHPC,215.26,207.71,215.26,207.1,161666,stock
2021-12-09,AHPC,205.48,207.51,210.37,202.62,152407,stock
2021-12-12,AHPC,205.56,198.95,209.55,198.59,128447,stock
2021-12-13,AHPC,196.09,191.62,198.95,190.39,181491,stock
2021-12-14,AHPC,194.47,206.37,206.37,193.86,102980,stock
2021-12-15,AHPC,209.59,207.1,217.29,205.07,274791,stock
2021-12-16,AHPC,207.1,201.4,209.14,201.08,134064,stock
2021-12-20,AHPC,198.95,197.73,203.03,196.91,73563,stock
2021-12-21,AHPC,198.95,206.29,206.29,198.95,102673,stock
2021-12-22,AHPC,209.14,222.51,222.51,207.1,325925,stock
2021-12-23,AHPC,226.07,226.27,231.97,219.74,314113,stock
2021-12-26,AHPC,226.27,223.78,229.53,221.37,241558,stock
2021-12-27,AHPC,223.82,216.49,231.57,214.49,259028,stock
2021-12-28,AHPC,213.22,218.11,219.33,211.18,141034,stock
2021-12-29,AHPC,219.33,219.26,221.37,216.49,74145,stock
2022-01-02,AHPC,221.17,224.23,225.05,217.67,171026,stock
2022-01-03,AHPC,226.27,221.37,226.68,221.37,125498,stock
2022-01-04,AHPC,219.33,225.46,226.68,219.33,157611,stock
2022-01-05,AHPC,226.27,227.49,232.38,223.01,245379,stock
2022-01-06,AHPC,227.89,230.79,232.79,221.42,191377,stock
2022-01-09,AHPC,233.61,242.98,244.21,233.61,388427,stock
2022-01-10,AHPC,246.93,241.76,247.88,238.13,295079,stock
2022-01-11,AHPC,241.76,243.8,246.25,240.13,212925,stock
2022-01-12,AHPC,243.8,240.94,249.5,238.9,309308,stock
2022-01-13,AHPC,240.94,248.29,251.13,239.8,273609,stock
2022-01-16,AHPC,252.36,263.98,265.81,251.99,686411,stock
2022-01-17,AHPC,268.26,276.94,277.71,260.92,799204,stock
2022-01-18,AHPC,281.59,272.33,281.59,266.22,457209,stock
2022-01-19,AHPC,268.26,265.0,272.29,264.18,367013,stock
2022-01-20,AHPC,268.83,268.26,270.29,262.18,294440,stock
2022-01-23,AHPC,269.08,265.41,272.26,261.73,276348,stock
2022-01-24,AHPC,261.53,253.58,262.96,250.32,587492,stock
2022-01-25,AHPC,256.03,251.13,259.29,248.36,206565,stock
2022-01-26,AHPC,255.21,247.47,255.21,244.21,270788,stock
2022-01-27,AHPC,250.73,247.84,250.73,245.84,167638,stock
2022-01-30,AHPC,251.87,266.22,266.22,251.87,412650,stock
2022-01-31,AHPC,270.29,261.73,270.29,261.73,338727,stock
2022-02-01,AHPC,266.06,273.56,274.78,260.1,671287,stock
2022-02-03,AHPC,278.05,285.79,292.72,278.05,1384721,stock
2022-02-06,AHPC,290.6,288.24,300.18,285.79,900863,stock
2022-02-07,AHPC,288.65,284.77,289.06,282.53,425281,stock
2022-02-08,AHPC,289.46,278.05,292.72,276.82,611755,stock
2022-02-09,AHPC,276.82,277.64,280.89,274.01,325928,stock
2022-02-10,AHPC,282.29,278.46,282.29,275.6,283093,stock
2022-02-13,AHPC,273.76,265.41,273.76,265.04,517407,stock
2022-02-14,AHPC,268.26,264.59,272.33,263.37,278738,stock
2022-02-15,AHPC,268.99,277.64,278.05,265.0,243819,stock
2022-02-16,AHPC,276.01,270.7,277.64,268.34,286885,stock
2022-02-17,AHPC,269.08,269.08,272.62,266.63,144692,stock
2022-02-20,AHPC,264.59,264.59,270.29,260.1,314734,stock
2022-02-21,AHPC,266.22,268.26,269.44,264.18,186119,stock
2022-02-22,AHPC,263.77,270.7,274.78,263.77,228726,stock
2022-02-23,AHPC,269.08,267.45,271.89,267.16,135015,stock
2022-02-24,AHPC,265.45,260.92,267.45,260.1,241993,stock
2022-02-27,AHPC,265.25,265.57,268.26,260.51,187615,stock
2022-02-28,AHPC,269.97,257.66,274.37,256.03,279518,stock
2022-03-02,AHPC,261.9,247.96,261.9,247.47,278936,stock
2022-03-06,AHPC,247.88,245.84,253.58,243.84,133427,stock
2022-03-07,AHPC,241.8,245.43,249.09,241.8,114869,stock
2022-03-09,AHPC,247.88,238.49,248.29,236.46,196009,stock
2022-03-10,AHPC,238.49,250.93,257.66,235.65,239344,stock
2022-03-13,AHPC,255.05,255.21,258.07,250.97,249397,stock
2022-03-14,AHPC,251.02,253.7,257.66,251.02,95624,stock
2022-03-15,AHPC,256.03,247.91,256.03,247.88,161391,stock
2022-03-16,AHPC,247.91,245.43,250.73,243.84,98098,stock
2022-03-20,AHPC,247.88,246.25,249.09,245.43,58859,stock
2022-03-21,AHPC,247.88,256.03,257.26,244.21,181425,stock
2022-03-22,AHPC,256.85,251.95,258.07,251.42,130596,stock
2022-03-23,AHPC,251.13,247.18,251.13,245.84,163144,stock
2022-03-24,AHPC,247.88,244.82,249.5,244.21,88615,stock
2022-03-27,AHPC,245.84,237.69,245.84,236.83,183024,stock
2022-03-28,AHPC,234.01,235.24,239.72,234.01,103690,stock
2022-03-29,AHPC,236.06,233.61,238.74,232.06,69503,stock
2022-03-30,AHPC,233.81,240.58,241.35,232.38,101502,stock
2022-03-31,AHPC,242.21,235.24,243.8,233.65,78193,stock
2022-04-03,AHPC,235.65,229.98,236.06,229.82,63957,stock
2022-04-04,AHPC,227.89,227.89,231.36,226.68,86541,stock
2022-04-05,AHPC,225.86,223.01,228.3,219.05,154842,stock
2022-04-06,AHPC,222.19,220.56,226.27,218.6,100503,stock
2022-04-07,AHPC,223.37,223.42,225.46,219.33,110681,stock
2022-04-11,AHPC,223.42,217.7,230.63,217.29,130526,stock
2022-04-12,AHPC,221.17,212.41,221.17,211.18,82960,stock
2022-04-13,AHPC,213.18,212.41,215.67,209.96,126288,stock
2022-04-17,AHPC,213.22,207.6,215.67,207.6,118936,stock
2022-04-18,AHPC,210.73,202.01,210.73,201.81,83672,stock
2022-04-19,AHPC,205.03,203.03,208.33,198.54,91503,stock
2022-04-20,AHPC,202.26,195.65,205.07,195.29,108762,stock
2022-04-21,AHPC,198.54,199.77,205.89,192.84,74534,stock
2022-04-24,AHPC,202.58,215.34,215.34,199.77,224591,stock
2022-04-25,AHPC,218.52,215.67,223.42,212.41,190646,stock
2022-04-26,AHPC,216.49,213.22,218.52,211.59,69782,stock
2022-04-27,AHPC,215.26,216.08,217.22,209.96,124757,stock
2022-04-28,AHPC,218.93,214.11,220.11,214.0,111687,stock
2022-05-02,AHPC,214.04,205.35,214.04,205.07,118072,stock
2022-05-04,AHPC,205.48,202.67,208.29,200.58,117403,stock
2022-05-05,AHPC,201.4,199.77,205.89,198.95,107184,stock
2022-05-08,AHPC,199.77,207.1,208.73,198.13,92398,stock
2022-05-09,AHPC,207.1,206.29,211.18,204.66,86393,stock
2022-05-10,AHPC,207.1,214.86,217.29,204.66,102776,stock
2022-05-11,AHPC,218.24,227.49,228.71,214.86,244497,stock
2022-05-12,AHPC,229.53,221.58,230.34,219.74,182028,stock
2022-05-17,AHPC,218.52,209.96,220.15,209.14,137390,stock
2022-05-18,AHPC,208.21,215.67,217.29,205.51,131019,stock
2022-05-19,AHPC,217.29,212.41,218.93,211.18,93138,stock
2022-05-20,AHPC,209.14,211.18,215.26,209.14,54663,stock
2022-05-23,AHPC,211.18,207.48,212.41,206.01,96207,stock
2022-05-24,AHPC,210.37,211.59,214.86,207.1,92752,stock
2022-05-25,AHPC,214.86,213.63,216.49,211.84,68804,stock
2022-05-26,AHPC,215.63,214.0,215.67,212.0,47945,stock
2022-05-27,AHPC,211.18,211.59,216.08,210.37,112388,stock
2022-05-30,AHPC,211.59,207.1,213.22,206.29,109787,stock
2022-05-31,AHPC,207.92,206.25,209.14,203.92,70721,stock
2022-06-01,AHPC,206.25,208.33,211.18,205.89,58390,stock
2022-06-02,AHPC,210.37,207.1,211.18,205.89,57288,stock
2022-06-03,AHPC,207.92,205.89,208.73,203.97,84069,stock
2022-06-06,AHPC,209.1,205.07,210.16,203.89,97487,stock
2022-06-07,AHPC,208.29,201.81,208.29,201.48,59947,stock
2022-06-08,AHPC,203.03,209.55,212.82,201.81,126976,stock
2022-06-09,AHPC,209.14,206.49,212.82,206.12,89556,stock
2022-06-10,AHPC,206.69,204.66,208.33,204.29,46998,stock
2022-06-13,AHPC,205.48,204.26,206.29,203.85,34437,stock
2022-06-14,AHPC,205.07,200.99,206.29,199.49,65780,stock
2022-06-15,AHPC,200.99,196.91,200.99,194.27,109403,stock
2022-06-16,AHPC,194.88,199.36,201.76,194.88,59562,stock
2022-06-17,AHPC,201.81,196.63,201.81,196.54,28065,stock
2022-06-19,AHPC,196.5,189.57,198.95,189.17,71583,stock
2022-06-20,AHPC,192.43,186.23,192.43,184.72,108115,stock
2022-06-21,AHPC,186.72,191.62,193.25,184.69,96143,stock
2022-06-22,AHPC,193.66,185.49,193.66,185.49,44249,stock
2022-06-23,AHPC,183.06,178.52,186.69,176.53,110671,stock
2022-06-24,AHPC,176.12,178.61,186.31,170.42,89397,stock
2022-06-26,AHPC,181.29,189.98,191.21,180.61,141889,stock
2022-06-27,AHPC,192.8,183.87,193.98,183.46,139838,stock
2022-06-28,AHPC,185.83,180.2,185.9,179.34,86695,stock
2022-06-29,AHPC,182.24,187.53,188.35,179.79,134053,stock
2022-06-30,AHPC,189.94,195.29,198.95,187.87,141521,stock
2022-07-01,AHPC,197.73,192.84,197.73,191.21,83903,stock
2022-07-03,AHPC,193.66,198.54,200.58,189.57,165514,stock
2022-07-04,AHPC,199.77,194.88,207.07,193.29,290553,stock
2022-07-05,AHPC,196.09,192.43,200.06,190.03,184378,stock
2022-07-06,AHPC,192.02,194.06,196.91,188.35,108234,stock
2022-07-07,AHPC,197.04,192.02,199.77,191.09,93140,stock
2022-07-08,AHPC,189.62,185.49,192.39,185.49,98904,stock
2022-07-11,AHPC,184.28,180.93,184.69,178.2,151780,stock
2022-07-12,AHPC,181.02,183.06,185.49,180.24,97507,stock
2022-07-13,AHPC,185.49,189.98,191.16,182.65,92829,stock
2022-07-14,AHPC,190.8,192.75,192.84,187.49,114740,stock
2022-07-15,AHPC,194.88,189.21,194.88,187.33,54583,stock
2022-07-17,AHPC,189.17,187.62,190.76,186.31,74062,stock
2022-07-18,AHPC,186.72,189.62,190.8,185.83,42997,stock
2022-07-19,AHPC,188.35,189.78,192.64,188.35,63321,stock
2022-07-20,AHPC,188.76,189.57,193.29,188.35,74201,stock
2022-07-21,AHPC,189.57,187.53,191.21,186.76,47547,stock
2022-07-22,AHPC,186.69,183.9,188.35,183.87,64099,stock
2022-07-24,AHPC,186.31,191.16,192.35,181.18,158300,stock
2022-07-25,AHPC,192.84,196.71,197.97,190.8,201096,stock
2022-07-26,AHPC,198.54,194.06,200.99,192.84,273789,stock
2022-07-27,AHPC,194.06,199.36,200.17,191.21,207921,stock
2022-07-28,AHPC,201.6,198.91,203.85,194.1,181290,stock
2022-07-29,AHPC,198.91,197.32,200.17,196.54,75096,stock
2022-07-31,AHPC,200.17,200.99,202.78,197.73,191496,stock
2022-08-01,AHPC,201.81,204.7,209.1,200.99,324244,stock
2022-08-02,AHPC,206.69,205.48,207.07,201.11,173153,stock
2022-08-03,AHPC,207.1,206.69,210.37,204.33,190577,stock
2022-08-04,AHPC,209.55,200.17,209.55,199.85,187093,stock
2022-08-05,AHPC,200.17,196.91,201.81,196.91,143158,stock
2022-08-07,AHPC,196.91,198.54,200.99,196.5,84312,stock
2022-08-08,AHPC,199.36,195.69,203.03,195.69,113719,stock
2022-08-09,AHPC,196.09,190.39,198.13,189.62,146631,stock
2022-08-10,AHPC,190.39,190.8,194.47,189.21,82694,stock
2022-08-11,AHPC,192.43,186.72,192.8,186.35,86411,stock
2022-08-14,AHPC,185.9,184.69,189.57,184.69,65539,stock
2022-08-15,AHPC,187.13,194.88,195.29,185.49,170664,stock
2022-08-16,AHPC,195.69,189.98,197.73,189.57,122511,stock
2022-08-17,AHPC,189.98,190.39,192.43,188.35,52475,stock
2022-08-18,AHPC,192.8,194.47,194.75,190.8,93816,stock
2022-08-21,AHPC,194.47,190.8,196.09,189.98,57525,stock
2022-08-22,AHPC,189.66,190.8,192.8,189.66,33897,stock
2022-08-23,AHPC,188.8,190.8,192.02,188.8,20174,stock
2022-08-24,AHPC,190.8,192.07,193.66,190.39,62137,stock
2022-08-25,AHPC,190.8,188.07,193.25,187.99,69631,stock
2022-08-26,AHPC,186.76,186.31,189.49,186.31,81926,stock
2022-08-28,AHPC,185.21,183.06,186.72,181.54,109342,stock
2022-08-29,AHPC,183.46,184.28,184.69,181.47,84506,stock
2022-08-30,AHPC,182.24,183.29,186.31,182.24,33156,stock
2022-08-31,AHPC,183.46,179.79,184.08,178.57,37602,stock
2022-09-01,AHPC,179.79,180.93,182.65,178.61,66312,stock
2022-09-02,AHPC,182.52,180.4,182.65,179.02,15927,stock
2022-09-04,AHPC,181.83,181.02,183.06,179.95,23705,stock
2022-09-05,AHPC,182.24,180.2,182.65,179.43,29721,stock
2022-09-06,AHPC,179.38,178.57,181.7,177.84,41969,stock
2022-09-07,AHPC,180.2,176.65,180.2,175.71,51977,stock
2022-09-08,AHPC,178.16,176.98,180.2,175.43,35190,stock
2022-09-11,AHPC,177.34,175.71,179.38,175.3,18389,stock
2022-09-12,AHPC,176.53,173.71,176.53,172.86,44614,stock
2022-09-13,AHPC,173.71,174.49,177.34,173.68,26014,stock
2022-09-14,AHPC,175.71,180.61,181.42,175.71,62780,stock
2022-09-15,AHPC,183.34,173.64,183.34,172.46,137885,stock
2022-09-16,AHPC,171.64,171.64,174.09,169.11,38506,stock
2022-09-18,AHPC,174.16,168.78,174.16,168.78,73019,stock
2022-09-20,AHPC,166.33,163.08,168.46,162.26,70732,stock
2022-09-21,AHPC,164.7,164.26,167.15,162.3,46015,stock
2022-09-22,AHPC,164.29,160.67,164.34,160.3,46377,stock
2022-09-25,AHPC,160.22,154.1,160.22,154.1,60935,stock
2022-09-27,AHPC,155.73,154.92,158.59,154.1,34828,stock
2022-09-28,AHPC,156.14,156.14,156.96,154.51,16047,stock
2022-09-29,AHPC,156.96,156.07,156.96,154.71,17178,stock
2022-10-09,AHPC,157.37,160.22,160.63,157.37,30573,stock
2022-10-10,AHPC,162.22,155.33,162.26,155.33,38592,stock
2022-10-11,AHPC,154.1,154.96,155.33,153.29,29152,stock
2022-10-12,AHPC,153.29,158.59,159.86,153.29,39034,stock
2022-10-13,AHPC,160.88,156.96,160.88,156.14,29529,stock
2022-10-16,AHPC,159.2,154.92,159.2,153.9,34126,stock
2022-10-17,AHPC,153.74,153.9,156.96,153.74,31658,stock
2022-10-19,AHPC,154.1,150.07,154.92,150.03,42713,stock
2022-10-20,AHPC,150.03,149.22,151.26,147.99,23700,stock
2022-10-23,AHPC,149.26,150.8,151.01,149.22,14019,stock
2022-10-31,AHPC,150.8,149.22,151.21,148.81,22538,stock
2022-11-01,AHPC,149.22,156.55,157.41,147.99,101125,stock
2022-11-02,AHPC,156.64,157.37,161.04,154.51,73562,stock
2022-11-03,AHPC,156.14,156.14,158.18,154.92,29442,stock
2022-11-06,AHPC,156.55,159.61,159.61,154.1,43246,stock
2022-11-07,AHPC,161.04,157.77,163.08,157.37,78850,stock
2022-11-08,AHPC,158.18,158.14,160.88,155.9,35527,stock
2022-11-09,AHPC,158.14,152.28,158.14,150.03,47412,stock
2022-11-10,AHPC,154.43,148.6,154.43,148.4,47216,stock
2022-11-13,AHPC,146.52,150.44,152.07,146.52,34249,stock
2022-11-14,AHPC,152.48,154.51,155.33,148.85,21604,stock
2022-11-15,AHPC,155.73,151.83,156.96,151.83,42862,stock
2022-11-16,AHPC,153.94,154.03,154.92,152.23,22797,stock
2022-11-17,AHPC,155.73,157.66,159.0,154.92,67617,stock
2022-11-22,AHPC,157.66,156.51,161.86,155.9,57000,stock
2022-11-23,AHPC,155.73,154.92,155.9,153.29,24996,stock
2022-11-24,AHPC,156.92,156.14,156.92,152.89,34101,stock
2022-11-27,AHPC,156.96,158.59,158.59,155.33,28928,stock
2022-11-28,AHPC,157.12,156.55,161.45,154.89,45885,stock
2022-11-29,AHPC,154.51,157.37,158.59,154.35,37857,stock
2022-11-30,AHPC,157.37,156.96,159.0,156.02,18936,stock
2022-12-01,AHPC,156.96,156.14,158.59,155.53,27398,stock
2022-12-04,AHPC,154.1,157.0,159.41,154.1,51412,stock
2022-12-05,AHPC,159.0,154.92,159.0,154.92,34119,stock
2022-12-06,AHPC,156.14,155.25,156.96,154.1,23219,stock
2022-12-07,AHPC,154.1,154.1,155.29,153.69,20484,stock
2022-12-11,AHPC,154.03,153.69,154.92,152.23,34487,stock
2022-12-12,AHPC,154.1,155.33,155.73,151.7,24896,stock
2022-12-13,AHPC,154.51,152.89,156.14,152.89,11749,stock
2022-12-14,AHPC,152.89,153.21,154.39,152.48,9326,stock
2022-12-15,AHPC,151.7,151.05,154.1,150.31,27324,stock
2022-12-18,AHPC,153.17,147.58,153.17,147.13,27100,stock
2022-12-19,AHPC,146.44,147.58,149.62,146.44,19461,stock
2022-12-20,AHPC,147.99,147.99,149.58,147.18,20139,stock
2022-12-21,AHPC,147.99,147.5,149.67,146.77,23651,stock
2022-12-22,AHPC,147.58,145.99,147.99,145.95,33325,stock
2022-12-26,AHPC,147.58,155.25,156.14,147.58,92017,stock
2022-12-27,AHPC,157.45,160.18,162.22,156.14,163968,stock
2022-12-28,AHPC,160.63,160.22,163.08,156.96,119022,stock
2022-12-29,AHPC,157.94,165.93,166.33,157.94,109274,stock
2023-01-01,AHPC,168.33,167.64,171.23,164.42,117049,stock
2023-01-02,AHPC,165.52,165.93,169.96,164.29,116804,stock
2023-01-03,AHPC,168.33,164.91,168.78,164.29,84756,stock
2023-01-04,AHPC,165.31,172.46,172.86,164.79,134087,stock
2023-01-05,AHPC,174.49,177.3,178.57,171.23,157793,stock
2023-01-08,AHPC,177.34,178.12,182.24,172.05,182782,stock
2023-01-09,AHPC,178.57,185.38,185.46,176.98,152635,stock
2023-01-10,AHPC,187.53,182.65,192.02,180.61,300757,stock
2023-01-12,AHPC,185.42,178.97,190.8,176.12,214388,stock
2023-01-17,AHPC,180.61,183.87,186.72,179.02,159267,stock
2023-01-18,AHPC,186.64,186.31,192.43,186.31,338440,stock
2023-01-19,AHPC,188.76,187.53,189.94,184.69,118360,stock
2023-01-23,AHPC,189.53,183.87,189.57,183.5,160996,stock
2023-01-24,AHPC,181.83,183.46,185.05,179.38,105376,stock
2023-01-25,AHPC,183.46,185.49,187.94,183.46,95644,stock
2023-01-26,AHPC,186.72,187.13,191.12,185.49,151512,stock
2023-01-29,AHPC,184.28,184.28,187.53,182.65,84498,stock
2023-01-30,AHPC,183.5,180.56,184.48,180.2,93363,stock
2023-01-31,AHPC,182.65,179.79,182.65,178.57,136977,stock
2023-02-01,AHPC,182.47,177.0,182.47,177.0,57054,stock
2023-02-02,AHPC,178.76,173.04,179.2,172.6,64314,stock
2023-02-05,AHPC,173.48,173.04,175.15,171.28,59884,stock
2023-02-06,AHPC,173.92,172.6,175.15,171.49,25728,stock
2023-02-07,AHPC,174.63,184.05,184.49,174.36,111986,stock
2023-02-08,AHPC,186.69,183.17,188.89,183.17,124751,stock
2023-02-09,AHPC,181.85,184.92,185.94,181.41,54991,stock
2023-02-12,AHPC,182.11,177.45,183.17,176.56,100919,stock
2023-02-14,AHPC,177.22,175.69,178.32,174.98,42211,stock
2023-02-15,AHPC,176.12,180.96,181.01,175.24,75705,stock
2023-02-16,AHPC,178.76,177.45,180.96,176.56,43010,stock
2023-02-20,AHPC,175.29,177.0,178.32,175.24,70226,stock
2023-02-22,AHPC,178.72,181.41,182.72,178.32,60754,stock
2023-02-23,AHPC,178.98,177.49,180.52,176.08,158951,stock
2023-02-26,AHPC,174.85,177.0,178.32,171.76,183993,stock
2023-02-27,AHPC,178.32,177.89,179.2,171.81,159699,stock
2023-02-28,AHPC,179.65,178.76,180.52,177.89,41635,stock
2023-03-01,AHPC,180.96,177.0,180.96,175.02,50469,stock
2023-03-02,AHPC,177.0,172.6,177.0,171.94,81929,stock
2023-03-05,AHPC,174.8,170.84,174.8,169.96,53765,stock
2023-03-07,AHPC,170.84,173.04,174.36,170.84,31686,stock
2023-03-09,AHPC,175.15,177.89,179.87,175.15,99690,stock
2023-03-12,AHPC,180.52,177.45,180.52,176.87,79026,stock
2023-03-13,AHPC,177.0,177.35,177.89,175.69,167539,stock
2023-03-14,AHPC,177.84,177.45,179.65,175.02,41592,stock
2023-03-15,AHPC,178.32,176.56,178.32,174.8,59800,stock
2023-03-16,AHPC,174.01,176.12,177.89,174.01,42757,stock
2023-03-19,AHPC,176.12,175.69,177.89,174.8,23300,stock
2023-03-20,AHPC,176.12,177.89,178.24,175.69,39688,stock
2023-03-22,AHPC,177.92,176.12,179.6,175.33,42487,stock
2023-03-23,AHPC,178.76,174.8,178.76,173.7,50494,stock
2023-03-26,AHPC,174.8,173.04,175.69,172.47,36320,stock
2023-03-27,AHPC,173.04,176.12,176.12,172.29,49220,stock
2023-03-28,AHPC,177.89,177.45,179.2,175.72,96434,stock
2023-03-29,AHPC,175.94,176.29,177.45,175.69,17482,stock
2023-03-30,AHPC,176.56,175.64,177.89,174.8,28681,stock
2023-04-02,AHPC,175.64,173.92,177.89,172.16,51129,stock
2023-04-03,AHPC,175.64,170.92,175.69,170.84,44649,stock
2023-04-04,AHPC,170.92,171.59,173.39,170.13,28942,stock
2023-04-05,AHPC,174.09,172.25,174.09,170.4,42097,stock
2023-04-06,AHPC,173.92,170.4,173.92,169.29,61134,stock
2023-04-09,AHPC,169.56,165.11,169.56,164.89,47071,stock
2023-04-10,AHPC,167.09,165.6,168.5,164.85,59831,stock
2023-04-11,AHPC,166.88,171.94,172.11,165.99,27426,stock
2023-04-12,AHPC,173.44,178.32,178.76,172.6,108050,stock
2023-04-13,AHPC,178.32,176.12,180.49,175.24,63728,stock
2023-04-16,AHPC,176.12,176.12,177.8,174.8,65738,stock
2023-04-17,AHPC,177.89,180.52,182.24,177.49,226646,stock
2023-04-18,AHPC,180.52,178.41,180.96,178.19,41018,stock
2023-04-19,AHPC,180.09,179.2,180.09,178.37,23822,stock
2023-04-20,AHPC,179.2,176.12,180.13,175.69,72551,stock
2023-04-23,AHPC,176.12,172.16,176.12,171.85,44944,stock
2023-04-24,AHPC,171.72,173.48,175.69,171.28,20360,stock
2023-04-25,AHPC,175.69,174.8,176.12,173.17,20677,stock
2023-04-26,AHPC,175.69,172.6,176.96,172.6,59209,stock
2023-04-27,AHPC,171.76,172.6,174.36,171.37,17993,stock
2023-04-30,AHPC,175.15,169.96,175.15,169.16,47402,stock
2023-05-02,AHPC,167.75,170.27,171.28,167.75,28089,stock
2023-05-03,AHPC,170.4,167.75,170.4,167.53,28282,stock
2023-05-04,AHPC,169.48,169.08,170.4,166.66,27072,stock
2023-05-07,AHPC,167.36,168.2,168.64,166.88,21563,stock
2023-05-08,AHPC,168.2,165.11,168.2,162.03,48305,stock
2023-05-09,AHPC,162.95,166.74,170.67,162.95,37891,stock
2023-05-10,AHPC,168.2,165.99,168.2,165.11,26935,stock
2023-05-11,AHPC,165.99,164.68,167.31,164.24,22252,stock
2023-05-14,AHPC,167.05,162.87,167.05,161.42,28258,stock
2023-05-15,AHPC,161.15,164.68,167.31,160.71,36623,stock
2023-05-16,AHPC,162.91,164.24,166.39,162.29,21287,stock
2023-05-17,AHPC,165.11,166.92,167.31,164.24,33959,stock
2023-05-18,AHPC,167.31,171.72,174.18,166.88,97624,stock
2023-05-21,AHPC,171.72,169.96,173.92,168.46,64170,stock
2023-05-22,AHPC,171.72,170.84,173.92,169.51,52016,stock
2023-05-23,AHPC,173.26,175.69,175.69,171.89,63582,stock
2023-05-24,AHPC,175.24,174.31,176.12,172.29,49991,stock
2023-05-28,AHPC,173.92,171.72,176.12,170.62,61152,stock
2023-05-30,AHPC,169.16,168.64,172.03,167.53,89607,stock
2023-05-31,AHPC,166.44,165.11,170.67,163.35,72363,stock
2023-06-01,AHPC,167.28,166.44,168.64,163.84,48561,stock
2023-06-04,AHPC,168.64,170.4,173.0,168.24,44424,stock
2023-06-05,AHPC,172.16,171.28,175.33,170.31,78752,stock
2023-06-06,AHPC,173.79,173.96,175.64,170.84,92967,stock
2023-06-07,AHPC,176.12,176.04,179.2,175.42,129514,stock
2023-06-08,AHPC,174.41,173.92,176.12,173.48,59807,stock
2023-06-11,AHPC,175.99,176.56,176.56,173.48,142106,stock
2023-06-12,AHPC,177.84,174.36,177.84,173.48,71029,stock
2023-06-13,AHPC,172.6,175.69,177.18,172.6,104610,stock
2023-06-14,AHPC,178.28,177.22,180.04,175.69,166201,stock
2023-06-15,AHPC,179.87,174.41,179.87,173.48,97432,stock
2023-06-18,AHPC,174.36,177.89,180.52,174.36,106473,stock
2023-06-19,AHPC,180.52,181.85,182.29,178.32,153649,stock
2023-06-20,AHPC,183.17,177.89,183.17,177.49,163193,stock
2023-06-21,AHPC,180.52,176.04,180.52,175.24,76812,stock
2023-06-22,AHPC,178.63,173.83,178.63,171.94,116487,stock
2023-06-25,AHPC,171.72,174.58,175.46,170.84,118897,stock
2023-06-26,AHPC,177.18,170.89,177.18,170.62,110038,stock
2023-06-27,AHPC,173.39,171.28,173.48,169.96,136653,stock
2023-06-28,AHPC,173.79,169.08,173.79,167.8,157253,stock
2023-07-02,AHPC,169.08,164.24,169.51,163.84,130660,stock
2023-07-03,AHPC,166.61,164.59,166.61,162.91,186879,stock
2023-07-04,AHPC,166.96,162.83,166.96,162.29,95251,stock
2023-07-05,AHPC,165.16,162.12,165.16,159.83,65029,stock
2023-07-06,AHPC,164.46,155.43,164.46,154.1,276136,stock
2023-07-09,AHPC,157.63,153.67,158.51,153.23,105219,stock
2023-07-10,AHPC,154.99,151.5,154.99,151.47,115742,stock
2023-07-11,AHPC,153.62,151.15,155.65,149.92,68120,stock
2023-07-12,AHPC,152.79,160.23,160.23,151.9,117881,stock
2023-07-13,AHPC,162.51,157.81,164.81,157.76,109470,stock
2023-07-16,AHPC,160.05,156.3,160.05,154.64,35211,stock
2023-07-17,AHPC,156.3,158.07,159.39,154.64,44045,stock
2023-07-18,AHPC,158.51,158.95,159.88,157.19,48179,stock
2023-07-19,AHPC,157.01,157.19,159.61,156.88,52895,stock
2023-07-20,AHPC,158.47,156.35,159.17,155.38,102058,stock
2023-07-23,AHPC,158.6,159.39,160.23,156.3,46351,stock
2023-07-24,AHPC,161.68,158.51,162.48,157.19,66712,stock
2023-07-25,AHPC,157.68,158.51,160.71,157.28,49939,stock
2023-07-26,AHPC,157.23,156.75,159.34,155.91,31298,stock
2023-07-27,AHPC,158.51,154.15,158.51,154.1,37442,stock
2023-07-30,AHPC,155.87,151.9,155.87,151.15,74901,stock
2023-07-31,AHPC,152.79,151.11,154.02,151.03,65109,stock
2023-08-01,AHPC,153.23,147.07,153.23,146.18,104463,stock
2023-08-02,AHPC,147.94,147.07,149.09,145.56,44502,stock
2023-08-03,AHPC,146.23,146.84,149.27,146.18,60013,stock
2023-08-06,AHPC,148.87,144.03,148.87,143.98,41563,stock
2023-08-07,AHPC,145.3,143.54,146.36,143.09,68352,stock
2023-08-08,AHPC,144.86,143.54,145.12,143.09,40140,stock
2023-08-09,AHPC,142.35,145.74,145.74,141.78,22965,stock
2023-08-10,AHPC,145.3,146.18,147.68,143.98,26793,stock
2023-08-13,AHPC,147.5,144.5,147.5,144.42,24006,stock
2023-08-14,AHPC,146.49,143.54,146.49,143.28,27605,stock
2023-08-15,AHPC,141.82,140.46,144.86,140.46,63438,stock
2023-08-16,AHPC,140.46,139.18,141.78,139.13,26952,stock
2023-08-17,AHPC,139.58,139.58,142.17,139.58,19255,stock
2023-08-20,AHPC,139.58,136.09,140.02,135.61,38680,stock
2023-08-21,AHPC,136.49,135.17,137.37,133.86,41833,stock
2023-08-22,AHPC,133.41,136.54,136.93,133.41,19850,stock
2023-08-23,AHPC,137.82,140.24,140.89,136.98,30773,stock
2023-08-24,AHPC,140.02,136.93,140.86,136.49,24471,stock
2023-08-27,AHPC,137.82,135.7,137.82,135.22,18298,stock
2023-08-28,AHPC,136.06,136.49,136.93,135.17,13105,stock
2023-08-29,AHPC,136.49,134.6,136.49,134.38,14213,stock
2023-08-30,AHPC,134.73,133.41,135.61,132.62,43468,stock
2023-09-03,AHPC,133.41,132.53,135.17,131.65,38407,stock
2023-09-04,AHPC,134.29,132.09,134.29,130.77,16939,stock
2023-09-05,AHPC,130.86,131.65,132.53,130.33,9930,stock
2023-09-07,AHPC,130.77,129.06,130.77,129.06,25540,stock
2023-09-10,AHPC,129.89,128.74,130.72,127.78,56021,stock
2023-09-11,AHPC,127.69,132.09,132.49,127.69,48483,stock
2023-09-12,AHPC,133.41,129.89,133.41,129.89,22873,stock
2023-09-13,AHPC,130.77,135.49,136.45,130.33,41608,stock
2023-09-17,AHPC,135.17,132.97,135.17,130.82,41747,stock
2023-09-18,AHPC,132.62,133.86,136.06,132.62,16353,stock
2023-09-19,AHPC,135.17,140.89,140.89,132.97,99867,stock
2023-09-21,AHPC,142.22,149.05,149.49,142.22,149175,stock
2023-09-24,AHPC,147.5,144.64,151.03,143.98,118933,stock
2023-09-25,AHPC,146.62,145.26,147.94,142.66,53639,stock
2023-09-26,AHPC,146.62,147.94,151.47,146.62,113549,stock
2023-09-27,AHPC,147.54,145.3,148.38,144.47,64026,stock
2023-10-01,AHPC,143.68,142.57,147.32,140.46,70329,stock
2023-10-02,AHPC,140.89,145.12,145.69,140.64,68184,stock
2023-10-03,AHPC,145.3,143.54,145.3,143.23,16686,stock
2023-10-04,AHPC,145.3,146.18,146.62,143.32,44620,stock
2023-10-05,AHPC,146.84,143.8,146.84,143.54,23629,stock
2023-10-08,AHPC,145.3,140.46,145.74,138.78,46982,stock
2023-10-09,AHPC,139.13,138.39,143.49,138.26,43232,stock
2023-10-10,AHPC,138.39,137.37,141.78,136.49,30166,stock
2023-10-11,AHPC,136.09,138.26,140.99,136.09,31198,stock
2023-10-12,AHPC,139.13,137.82,139.13,135.66,32951,stock
2023-10-16,AHPC,136.14,136.49,136.49,134.33,23257,stock
2023-10-17,AHPC,138.26,137.02,139.97,136.63,21506,stock
2023-10-18,AHPC,136.58,139.53,140.94,136.58,20317,stock
2023-10-19,AHPC,140.89,138.29,140.89,135.52,11497,stock
2023-10-29,AHPC,136.45,136.41,138.26,134.73,19185,stock
2023-10-30,AHPC,136.06,137.37,138.17,134.29,25475,stock
2023-10-31,AHPC,138.26,134.33,138.26,134.33,7700,stock
2023-11-01,AHPC,134.78,135.61,136.14,134.29,14337,stock
2023-11-02,AHPC,133.89,133.86,135.17,133.86,16837,stock
2023-11-05,AHPC,133.86,132.57,134.73,132.18,9849,stock
2023-11-06,AHPC,133.86,133.41,136.06,132.49,12245,stock
2023-11-07,AHPC,133.46,135.17,135.61,133.46,10837,stock
2023-11-08,AHPC,135.61,134.73,136.06,133.81,12185,stock
2023-11-09,AHPC,133.02,134.29,134.29,133.02,23399,stock
2023-11-20,AHPC,135.61,135.61,135.61,134.29,9969,stock
2023-11-21,AHPC,135.61,132.97,135.61,132.09,14538,stock
2023-11-22,AHPC,132.97,135.17,135.61,131.88,16503,stock
2023-11-23,AHPC,133.41,136.93,137.37,132.67,27252,stock
2023-11-26,AHPC,137.82,138.69,141.33,136.49,35287,stock
2023-11-27,AHPC,138.26,136.58,140.46,136.49,24259,stock
2023-11-28,AHPC,136.93,136.06,138.48,135.26,14509,stock
2023-11-29,AHPC,136.06,135.61,136.93,134.33,16175,stock
2023-11-30,AHPC,134.29,134.11,136.06,134.11,15683,stock
2023-12-03,AHPC,134.21,134.29,135.17,132.8,17830,stock
2023-12-04,AHPC,132.97,134.73,136.06,132.97,12732,stock
2023-12-05,AHPC,134.29,132.75,136.06,132.75,33935,stock
2023-12-06,AHPC,133.41,135.26,135.26,133.41,7820,stock
2023-12-07,AHPC,134.29,136.01,136.49,133.46,14609,stock
2023-12-10,AHPC,137.82,139.62,142.22,137.82,13530,stock
2023-12-11,AHPC,141.51,140.86,143.54,138.69,71586,stock
2023-12-12,AHPC,140.89,142.22,143.49,139.13,101049,stock
2023-12-13,AHPC,141.33,141.56,147.42,141.33,105918,stock
2023-12-14,AHPC,143.45,143.8,145.12,142.22,53908,stock
2023-12-17,AHPC,143.8,148.38,150.14,140.94,174773,stock
2023-12-18,AHPC,150.46,148.38,151.9,146.67,202314,stock
2023-12-19,AHPC,148.38,151.9,153.23,147.59,131692,stock
2023-12-20,AHPC,151.9,153.67,156.3,151.11,128125,stock
2023-12-21,AHPC,155.43,150.63,157.98,149.75,97327,stock
2023-12-24,AHPC,149.7,148.08,153.75,148.08,116302,stock
2023-12-27,AHPC,149.7,147.5,150.14,145.26,78397,stock
2023-12-28,AHPC,149.57,145.56,149.57,143.54,99060,stock
2024-01-01,AHPC,147.5,142.7,147.76,142.66,57220,stock
2024-01-02,AHPC,141.56,139.58,143.98,139.58,86926,stock
2024-01-03,AHPC,141.33,146.18,146.18,141.33,81576,stock
2024-01-04,AHPC,147.5,148.21,149.7,146.18,112315,stock
2024-01-07,AHPC,150.28,155.38,158.6,150.28,417687,stock
2024-01-08,AHPC,156.75,156.3,157.63,151.07,161994,stock
2024-01-09,AHPC,158.55,156.75,160.71,156.44,228110,stock
2024-01-10,AHPC,158.95,157.19,158.95,155.43,165585,stock
2024-01-11,AHPC,158.51,164.01,167.75,157.63,295174,stock
2024-01-14,AHPC,166.39,165.07,166.39,162.03,411138,stock
2024-01-16,AHPC,167.31,167.14,169.08,164.46,289705,stock
2024-01-17,AHPC,167.75,160.36,169.51,160.36,256447,stock
2024-01-18,AHPC,162.03,167.71,169.51,155.48,329566,stock
2024-01-21,AHPC,170.18,174.31,177.89,170.18,596394,stock
2024-01-22,AHPC,175.24,171.72,176.04,170.84,246186,stock
2024-01-23,AHPC,173.04,170.0,174.18,169.08,166457,stock
2024-01-24,AHPC,172.16,166.92,173.04,166.92,173186,stock
2024-01-25,AHPC,169.08,166.44,169.08,165.77,166746,stock
2024-01-28,AHPC,168.2,167.4,168.86,165.33,512263,stock
2024-01-29,AHPC,170.75,184.13,184.13,170.75,96551,stock
2024-01-30,AHPC,184.13,190.91,202.54,184.13,687624,stock
2024-01-31,AHPC,191.0,185.98,192.94,185.02,260919,stock
2024-02-01,AHPC,185.98,182.11,187.66,181.49,125030,stock
2024-02-04,AHPC,181.41,182.29,184.67,179.65,66385,stock
2024-02-05,AHPC,183.17,180.96,183.52,179.65,71914,stock
2024-02-06,AHPC,181.41,182.47,183.26,181.41,59034,stock
2024-02-07,AHPC,185.81,182.82,185.81,182.29,38787,stock
2024-02-11,AHPC,184.05,182.72,185.81,181.23,79666,stock
2024-02-12,AHPC,186.33,184.4,186.33,182.37,75839,stock
2024-02-13,AHPC,182.29,179.65,183.69,178.41,85639,stock
2024-02-14,AHPC,179.65,176.12,180.52,174.36,115451,stock
2024-02-15,AHPC,177.62,173.48,178.32,173.48,70181,stock
2024-02-18,AHPC,173.57,169.96,176.12,168.29,74600,stock
2024-02-20,AHPC,169.96,168.2,172.51,167.31,67790,stock
2024-02-21,AHPC,170.84,168.9,171.72,167.31,46095,stock
2024-02-22,AHPC,171.63,167.31,171.63,166.61,46620,stock
2024-02-25,AHPC,169.96,162.03,169.96,161.59,56031,stock
2024-02-26,AHPC,163.79,162.91,163.79,158.87,32491,stock
2024-02-27,AHPC,166.17,162.91,166.17,161.32,26941,stock
2024-02-28,AHPC,164.59,159.39,164.59,159.39,37816,stock
2024-02-29,AHPC,161.15,158.77,161.15,155.43,80249,stock
2024-03-03,AHPC,159.39,155.16,161.15,154.99,26846,stock
2024-03-04,AHPC,158.25,170.67,170.67,158.25,14812,stock
2024-03-05,AHPC,173.48,166.96,173.48,162.91,114688,stock
2024-03-06,AHPC,167.31,163.62,169.08,159.66,77340,stock
2024-03-07,AHPC,165.55,164.49,169.96,163.79,40752,stock
2024-03-10,AHPC,167.67,164.68,167.75,163.97,35018,stock
2024-03-12,AHPC,167.31,166.88,169.96,163.79,70728,stock
2024-03-13,AHPC,169.87,165.55,169.87,163.89,71383,stock
2024-03-14,AHPC,168.2,165.11,168.2,163.79,52652,stock
2024-03-17,AHPC,165.2,161.15,167.23,160.97,59599,stock
2024-03-18,AHPC,162.91,162.21,164.24,159.83,36203,stock
2024-03-19,AHPC,164.59,160.01,164.59,159.91,38048,stock
2024-03-20,AHPC,163.18,160.01,164.68,159.39,29213,stock
2024-03-21,AHPC,162.03,157.46,162.03,157.36,31260,stock
2024-03-25,AHPC,158.51,155.25,158.51,155.16,28851,stock
2024-03-26,AHPC,156.75,156.05,157.63,154.1,54589,stock
2024-03-27,AHPC,156.75,155.25,157.98,154.99,31085,stock
2024-03-28,AHPC,157.63,156.13,157.63,153.23,24520,stock
2024-03-31,AHPC,158.33,154.1,158.33,153.23,31507,stock
2024-04-01,AHPC,155.87,151.55,155.87,151.55,40371,stock
2024-04-02,AHPC,153.23,150.76,153.23,150.68,27007,stock
2024-04-03,AHPC,149.7,150.58,152.34,149.7,21355,stock
2024-04-04,AHPC,149.79,149.88,151.64,149.7,27640,stock
2024-04-07,AHPC,151.47,152.26,152.34,149.7,34890,stock
2024-04-09,AHPC,154.1,154.81,157.54,154.1,35345,stock
2024-04-10,AHPC,157.1,153.23,157.1,153.23,20486,stock
2024-04-14,AHPC,154.99,150.85,154.99,150.58,32132,stock
2024-04-15,AHPC,153.23,149.27,153.23,149.27,28757,stock
2024-04-16,AHPC,152.17,147.94,152.17,147.94,34556,stock
2024-04-18,AHPC,147.94,145.3,148.82,144.25,35949,stock
2024-04-21,AHPC,147.94,146.62,147.94,144.15,23012,stock
2024-04-22,AHPC,148.82,146.62,149.7,143.8,32967,stock
2024-04-24,AHPC,147.94,143.71,147.94,143.71,13608,stock
2024-04-25,AHPC,143.54,142.66,146.18,142.66,26991,stock
2024-04-28,AHPC,144.77,143.54,144.77,142.66,24529,stock
2024-04-29,AHPC,145.66,143.54,145.66,141.78,22842,stock
2024-04-30,AHPC,145.66,146.01,146.36,141.78,54496,stock
2024-05-02,AHPC,148.11,146.18,148.11,144.42,23857,stock
2024-05-05,AHPC,148.29,142.66,148.29,142.39,27925,stock
2024-05-06,AHPC,145.3,140.89,145.3,140.89,26471,stock
2024-05-07,AHPC,143.54,141.16,143.54,140.89,20721,stock
2024-05-08,AHPC,143.09,140.64,143.09,138.26,23064,stock
2024-05-09,AHPC,143.36,138.26,143.36,137.37,49152,stock
2024-05-12,AHPC,135.52,137.29,140.89,135.52,40482,stock
2024-05-13,AHPC,139.31,139.13,140.89,137.47,39301,stock
2024-05-14,AHPC,140.99,146.09,147.07,139.13,40183,stock
2024-05-15,AHPC,145.3,145.3,150.58,144.42,36594,stock
2024-05-16,AHPC,148.21,142.66,148.21,142.39,16093,stock
2024-05-19,AHPC,142.66,142.74,144.42,135.61,50807,stock
2024-05-20,AHPC,143.54,144.42,146.53,142.66,74008,stock
2024-05-21,AHPC,142.49,141.78,143.54,132.09,571540,stock
2024-05-22,AHPC,143.54,144.25,146.18,141.95,323763,stock
2024-05-26,AHPC,146.18,145.12,146.18,141.87,272417,stock
2024-05-27,AHPC,145.56,143.19,147.07,142.74,191749,stock
2024-05-29,AHPC,145.3,142.04,146.18,141.87,200870,stock
2024-05-30,AHPC,142.04,139.93,143.54,139.13,172008,stock
2024-06-02,AHPC,140.89,138.26,140.89,137.72,177319,stock
2024-06-03,AHPC,140.72,137.37,140.99,136.49,133983,stock
2024-06-04,AHPC,136.49,137.2,139.05,136.49,92664,stock
2024-06-05,AHPC,136.49,136.14,138.26,135.7,84985,stock
2024-06-06,AHPC,138.78,135.35,138.78,135.09,107690,stock
2024-06-09,AHPC,136.49,133.41,137.37,133.24,122009,stock
2024-06-10,AHPC,136.06,136.49,139.05,133.86,239741,stock
2024-06-11,AHPC,139.23,140.29,143.54,137.72,213532,stock
2024-06-12,AHPC,142.04,139.84,143.01,138.26,119655,stock
2024-06-13,AHPC,140.02,137.64,140.81,137.2,119455,stock
2024-06-16,AHPC,137.37,139.05,142.22,137.11,245032,stock
2024-06-18,AHPC,141.78,137.37,141.78,137.37,118322,stock
2024-06-19,AHPC,136.76,137.37,138.69,136.76,77091,stock
2024-06-20,AHPC,138.26,136.41,138.26,135.7,77673,stock
2024-06-23,AHPC,136.49,135.0,137.2,134.73,119668,stock
2024-06-24,AHPC,134.73,134.91,137.37,133.06,100452,stock
2024-06-25,AHPC,137.37,136.49,137.37,134.73,112700,stock
2024-06-26,AHPC,138.26,133.86,138.26,133.32,110592,stock
2024-06-27,AHPC,133.86,132.97,133.86,132.8,102231,stock
2024-06-30,AHPC,133.86,131.29,133.86,131.21,140140,stock
2024-07-01,AHPC,133.86,132.09,133.86,131.21,114384,stock
2024-07-02,AHPC,134.73,136.58,144.42,134.73,151276,stock
2024-07-03,AHPC,138.34,135.61,138.34,132.97,91974,stock
2024-07-04,AHPC,136.93,136.49,138.26,134.73,150705,stock
2024-07-07,AHPC,137.82,137.37,139.05,135.17,178352,stock
2024-07-08,AHPC,140.02,136.49,140.02,135.61,124685,stock
2024-07-09,AHPC,138.43,136.31,138.43,134.82,95155,stock
2024-07-10,AHPC,135.61,137.37,138.26,135.61,109046,stock
2024-07-11,AHPC,139.4,140.02,140.02,137.82,150827,stock
2024-07-14,AHPC,142.74,153.14,153.23,142.74,526265,stock
2024-07-15,AHPC,155.87,156.66,162.91,154.1,703434,stock
2024-07-16,AHPC,159.74,172.25,172.25,157.46,881530,stock
2024-07-17,AHPC,175.69,178.76,183.17,172.25,962887,stock
2024-07-18,AHPC,182.29,177.0,182.29,174.8,687648,stock
2024-07-21,AHPC,177.0,177.18,180.52,173.48,645405,stock
2024-07-22,AHPC,179.65,186.69,189.33,175.24,1154042,stock
2024-07-23,AHPC,186.69,194.88,195.41,186.69,701968,stock
2024-07-24,AHPC,198.75,189.86,199.02,189.07,854267,stock
2024-07-25,AHPC,189.86,187.13,191.97,184.92,643350,stock
2024-07-28,AHPC,190.83,191.0,199.02,186.69,571248,stock
2024-07-29,AHPC,192.86,190.65,198.13,188.45,730545,stock
2024-07-30,AHPC,192.86,193.73,196.29,186.69,660235,stock
2024-07-31,AHPC,196.38,205.97,210.38,196.38,1285670,stock
2024-08-01,AHPC,207.83,202.54,209.49,200.78,771075,stock
2024-08-05,AHPC,206.59,206.77,213.99,196.38,721783,stock
2024-08-06,AHPC,207.83,198.13,214.78,195.49,969491,stock
2024-08-07,AHPC,201.66,211.34,213.99,194.7,941058,stock
2024-08-08,AHPC,215.57,222.35,227.55,213.1,1385366,stock
2024-08-11,AHPC,226.76,244.54,244.54,224.55,1392573,stock
2024-08-12,AHPC,249.39,266.65,268.94,247.71,1404188,stock
2024-08-13,AHPC,266.65,259.78,268.59,251.86,1415664,stock
2024-08-14,AHPC,262.42,274.75,279.15,251.86,1347043,stock
2024-08-15,AHPC,280.21,294.12,299.85,279.69,1448716,stock
2024-08-18,AHPC,295.0,280.91,295.97,278.28,1504650,stock
2024-08-21,AHPC,280.91,283.73,295.89,280.04,904089,stock
2024-08-22,AHPC,287.96,299.41,303.81,285.49,1410886,stock
2024-08-25,AHPC,305.4,287.96,307.33,286.2,1112492,stock
2024-08-27,AHPC,293.69,269.47,293.69,265.07,1453153,stock
2024-08-28,AHPC,271.23,271.23,285.31,264.18,1021835,stock
2024-08-29,AHPC,276.51,270.35,280.04,265.07,738073,stock
2024-09-01,AHPC,275.37,266.83,279.15,264.45,716512,stock
2024-09-02,AHPC,266.83,284.09,284.44,265.94,772483,stock
2024-09-03,AHPC,286.29,279.15,290.6,277.39,718263,stock
2024-09-04,AHPC,279.15,269.47,280.91,266.83,569407,stock
2024-09-05,AHPC,271.23,264.18,271.23,261.46,574858,stock
2024-09-08,AHPC,267.62,256.26,269.47,256.26,357130,stock
2024-09-09,AHPC,255.38,249.21,258.02,247.8,511730,stock
2024-09-10,AHPC,252.29,246.66,257.4,246.57,439510,stock
2024-09-11,AHPC,251.59,237.86,251.77,236.27,440568,stock
2024-09-12,AHPC,237.76,254.49,258.89,237.32,473672,stock
2024-09-15,AHPC,257.75,245.69,264.09,243.49,665919,stock
2024-09-16,AHPC,245.69,238.73,250.97,237.76,392145,stock
2024-09-18,AHPC,237.76,238.65,247.01,234.5,285441,stock
2024-09-22,AHPC,243.4,241.29,251.86,239.17,351140,stock
2024-09-23,AHPC,238.21,232.39,241.29,230.72,246207,stock
2024-09-24,AHPC,232.49,222.09,235.12,221.73,437163,stock
2024-09-25,AHPC,221.91,233.36,234.15,220.33,522393,stock
2024-09-26,AHPC,233.36,224.55,239.52,224.55,276865,stock
2024-09-29,AHPC,224.55,220.15,225.44,215.84,181042,stock
2024-09-30,AHPC,224.55,228.08,229.05,219.28,154186,stock
2024-10-01,AHPC,229.92,247.8,247.8,228.96,493575,stock
2024-10-02,AHPC,247.45,237.76,251.86,237.5,350202,stock
2024-10-06,AHPC,237.76,243.05,245.69,228.96,238694,stock
2024-10-07,AHPC,246.57,244.81,254.14,242.17,334919,stock
2024-10-08,AHPC,247.45,242.08,248.25,240.41,147580,stock
2024-10-09,AHPC,242.17,242.17,243.93,236.53,85336,stock
2024-10-15,AHPC,244.72,242.96,246.39,240.06,78904,stock
2024-10-16,AHPC,243.13,254.49,258.02,243.05,304918,stock
2024-10-17,AHPC,257.14,254.49,262.16,252.73,296227,stock
2024-10-20,AHPC,249.48,246.57,255.38,244.54,329319,stock
2024-10-21,AHPC,249.43,240.46,251.25,238.91,174016,stock
2024-10-22,AHPC,243.09,242.72,247.62,237.64,153456,stock
2024-10-23,AHPC,245.81,241.27,248.44,240.36,134991,stock
2024-10-24,AHPC,237.19,242.99,244.89,237.19,129509,stock
2024-10-27,AHPC,244.89,245.35,247.26,242.18,93161,stock
2024-10-28,AHPC,246.71,251.25,252.97,244.89,177198,stock
2024-10-29,AHPC,255.78,253.88,257.6,250.34,154976,stock
2024-10-30,AHPC,257.6,249.43,257.6,247.8,118251,stock
2024-11-05,AHPC,253.06,251.15,254.33,248.52,65581,stock
2024-11-06,AHPC,253.06,248.62,253.06,247.26,81329,stock
2024-11-10,AHPC,252.15,263.49,263.68,248.52,374697,stock
2024-11-11,AHPC,268.75,271.2,279.54,263.94,831249,stock
2024-11-12,AHPC,272.1,266.67,275.65,265.76,281631,stock
2024-11-13,AHPC,271.92,262.22,271.92,262.13,215377,stock
2024-11-14,AHPC,265.76,261.23,267.3,260.31,286545,stock
2024-11-17,AHPC,266.39,264.86,271.2,263.94,263006,stock
2024-11-19,AHPC,264.94,257.96,265.76,256.69,232118,stock
2024-11-20,AHPC,259.41,253.97,260.13,253.15,215912,stock
2024-11-21,AHPC,257.5,250.34,257.5,249.43,150893,stock
2024-11-24,AHPC,247.62,250.79,254.42,247.62,139004,stock
2024-11-25,AHPC,255.78,254.88,256.69,249.43,125195,stock
2024-11-26,AHPC,254.88,258.5,259.95,254.88,157408,stock
2024-11-27,AHPC,253.33,263.04,263.49,253.33,229119,stock
2024-11-28,AHPC,257.78,257.6,271.92,255.78,203840,stock
2024-12-01,AHPC,252.51,252.15,255.78,250.34,164975,stock
2024-12-02,AHPC,252.15,253.79,259.41,250.89,176139,stock
2024-12-03,AHPC,258.77,252.61,258.77,252.61,132566,stock
2024-12-04,AHPC,257.6,249.62,257.6,249.43,203976,stock
2024-12-05,AHPC,244.63,245.81,253.97,244.63,194304,stock
2024-12-08,AHPC,250.7,242.0,255.69,240.46,143664,stock
2024-12-09,AHPC,245.81,242.18,246.8,240.36,111205,stock
2024-12-10,AHPC,245.81,241.27,245.81,239.54,105469,stock
2024-12-11,AHPC,243.99,245.81,245.81,240.36,100057,stock
2024-12-12,AHPC,244.89,240.46,246.98,240.46,73171,stock
2024-12-16,AHPC,244.89,231.29,244.89,229.93,193762,stock
2024-12-17,AHPC,235.91,230.38,235.91,227.21,98398,stock
2024-12-18,AHPC,232.2,228.48,234.92,227.57,73501,stock
2024-12-19,AHPC,228.48,223.04,230.84,222.22,146950,stock
2024-12-22,AHPC,223.22,219.41,227.03,218.59,78953,stock
2024-12-23,AHPC,221.77,224.76,224.76,218.59,82486,stock
2024-12-24,AHPC,220.31,229.93,235.83,220.31,192979,stock
2024-12-26,AHPC,234.47,230.11,234.47,226.57,70764,stock
2024-12-29,AHPC,232.66,225.85,232.66,223.31,65122,stock
2024-12-31,AHPC,230.29,220.77,230.29,217.05,119818,stock
2025-01-01,AHPC,225.12,222.22,225.12,217.78,80873,stock
2025-01-02,AHPC,222.22,221.68,224.94,219.5,86579,stock
2025-01-05,AHPC,221.31,223.94,228.48,219.5,94495,stock
2025-01-06,AHPC,226.3,234.01,234.92,224.04,145839,stock
2025-01-07,AHPC,234.01,236.91,241.27,233.1,141640,stock
2025-01-08,AHPC,241.63,235.65,241.63,233.1,87464,stock
2025-01-09,AHPC,235.83,233.1,240.36,231.29,115696,stock
2025-01-12,AHPC,237.73,227.67,237.73,226.76,60972,stock
2025-01-13,AHPC,225.85,225.67,228.57,225.12,117404,stock
2025-01-15,AHPC,228.57,225.4,233.47,224.3,71057,stock
2025-01-16,AHPC,225.85,224.04,228.57,222.22,84018,stock
2025-01-19,AHPC,223.13,226.21,227.21,222.22,81834,stock
2025-01-20,AHPC,221.77,227.67,231.2,221.77,90796,stock
2025-01-21,AHPC,230.29,228.57,230.84,225.58,86909,stock
2025-01-22,AHPC,226.76,234.29,237.55,226.67,131570,stock
2025-01-23,AHPC,238.46,237.64,242.36,234.01,266479,stock
2025-01-26,AHPC,235.91,239.9,243.09,235.83,236445,stock
2025-01-27,AHPC,242.99,240.36,243.45,237.64,208013,stock
2025-01-28,AHPC,241.27,242.63,243.81,239.0,147834,stock
2025-02-02,AHPC,244.89,246.71,253.06,244.89,283822,stock
2025-02-03,AHPC,249.43,244.45,251.61,242.18,202765,stock
2025-02-04,AHPC,244.99,243.99,248.08,240.36,126015,stock
2025-02-05,AHPC,239.64,243.09,248.34,239.64,130222,stock
2025-02-06,AHPC,244.89,239.0,247.52,238.55,156758,stock
2025-02-09,AHPC,243.71,242.9,253.06,242.9,476777,stock
2025-02-10,AHPC,243.99,238.09,246.71,237.64,107734,stock
2025-02-11,AHPC,238.09,238.82,243.27,237.64,98743,stock
2025-02-12,AHPC,238.55,238.55,243.53,235.83,155015,stock
2025-02-13,AHPC,237.64,239.28,242.36,237.64,95330,stock
2025-02-16,AHPC,239.28,240.36,242.81,236.83,158228,stock
2025-02-17,AHPC,240.36,240.36,244.63,239.9,100119,stock
2025-02-18,AHPC,243.99,238.55,244.81,238.55,123833,stock
2025-02-20,AHPC,237.64,235.83,239.46,234.92,151874,stock
2025-02-23,AHPC,234.01,233.38,237.64,231.29,148265,stock
2025-02-24,AHPC,236.73,234.47,237.73,233.56,174704,stock
2025-02-25,AHPC,236.73,235.83,237.64,233.29,109410,stock
2025-02-27,AHPC,240.36,243.17,245.81,235.01,215994,stock
2025-03-02,AHPC,246.17,261.23,261.23,246.17,606472,stock
2025-03-03,AHPC,263.04,254.6,266.21,253.97,368757,stock
2025-03-04,AHPC,253.97,250.34,259.69,250.34,265554,stock
2025-03-05,AHPC,250.34,249.43,253.97,245.35,326610,stock
2025-03-06,AHPC,252.15,249.43,252.15,245.81,235327,stock
2025-03-09,AHPC,248.52,242.18,249.43,241.27,211543,stock
2025-03-10,AHPC,243.09,238.55,246.8,237.19,210740,stock
2025-03-11,AHPC,235.83,236.73,241.45,233.38,200500,stock
2025-03-12,AHPC,235.83,237.64,241.0,233.2,110550,stock
2025-03-16,AHPC,240.36,235.1,240.36,234.29,152874,stock
2025-03-17,AHPC,235.1,235.65,239.46,233.1,101535,stock
2025-03-18,AHPC,238.46,235.91,238.91,234.92,94210,stock
2025-03-19,AHPC,236.73,233.92,236.73,232.29,64694,stock
2025-03-20,AHPC,232.2,231.09,235.55,230.38,89069,stock
2025-03-23,AHPC,228.67,224.53,230.38,224.04,119154,stock
2025-03-24,AHPC,223.13,228.78,231.29,221.49,70111,stock
2025-03-25,AHPC,226.76,222.37,231.29,219.95,126409,stock
2025-03-26,AHPC,222.22,227.95,229.48,222.22,118818,stock
2025-03-27,AHPC,228.57,230.86,232.48,225.4,131598,stock
2025-03-30,AHPC,231.29,234.06,238.64,230.38,119067,stock
2025-04-01,AHPC,235.73,229.02,238.55,226.76,90519,stock
2025-04-02,AHPC,227.03,230.17,231.29,226.94,53959,stock
2025-04-03,AHPC,231.29,229.0,233.1,228.57,65616,stock
2025-04-07,AHPC,231.2,227.72,232.2,225.85,66360,stock
2025-04-08,AHPC,225.85,228.12,229.48,223.13,99352,stock
2025-04-09,AHPC,230.2,227.74,230.2,226.76,55569,stock
2025-04-10,AHPC,230.38,229.29,232.1,226.85,78680,stock
2025-04-13,AHPC,228.57,226.52,229.39,225.85,60926,stock
2025-04-15,AHPC,223.13,235.18,238.55,223.13,220624,stock
2025-04-16,AHPC,236.73,240.01,241.27,233.1,222355,stock
2025-04-17,AHPC,242.18,243.74,248.44,242.18,221529,stock
2025-04-20,AHPC,243.71,241.86,245.81,238.55,230590,stock
2025-04-21,AHPC,240.36,249.56,253.43,238.64,398558,stock
2025-04-22,AHPC,251.25,251.69,261.23,250.34,629806,stock
2025-04-23,AHPC,256.69,242.88,256.69,235.55,438565,stock
2025-04-24,AHPC,247.62,243.21,247.62,235.55,241721,stock
2025-04-27,AHPC,247.62,260.42,262.95,243.99,1612776,stock
2025-04-28,AHPC,263.04,257.92,270.29,255.24,858538,stock
2025-04-29,AHPC,258.5,260.51,264.86,252.69,607102,stock
2025-04-30,AHPC,258.5,271.29,274.83,257.6,1423259,stock
2025-05-04,AHPC,274.83,266.09,277.55,265.22,831118,stock
2025-05-05,AHPC,266.67,261.26,267.57,258.5,539918,stock
2025-05-06,AHPC,261.23,272.87,275.65,260.31,1099140,stock
2025-05-07,AHPC,278.28,274.6,288.44,273.38,1030404,stock
2025-05-08,AHPC,280.09,279.27,286.71,270.29,1219551,stock
2025-05-11,AHPC,284.81,275.81,286.53,274.83,867529,stock
2025-05-13,AHPC,281.27,267.49,281.27,266.67,808728,stock
2025-05-14,AHPC,263.94,258.26,268.39,257.14,686288,stock
2025-05-15,AHPC,263.4,258.81,263.4,251.25,375302,stock
2025-05-18,AHPC,263.94,252.29,263.94,251.25,347075,stock
2025-05-19,AHPC,255.78,257.5,261.23,254.88,233777,stock
2025-05-20,AHPC,262.58,266.27,268.39,252.25,297252,stock
2025-05-21,AHPC,271.56,262.82,281.18,261.23,474681,stock
2025-05-22,AHPC,264.12,256.92,267.12,253.97,376064,stock
2025-05-25,AHPC,254.33,253.52,259.41,251.33,249646,stock
2025-05-26,AHPC,258.5,253.77,263.04,252.25,226427,stock
2025-05-27,AHPC,253.97,253.01,257.6,250.52,182823,stock
2025-05-28,AHPC,253.97,263.7,265.49,253.51,444839,stock
2025-06-02,AHPC,268.93,265.97,271.92,264.86,569498,stock
2025-06-03,AHPC,263.04,262.15,270.11,260.31,283355,stock
2025-06-04,AHPC,263.04,260.26,265.76,257.78,207169,stock
2025-06-05,AHPC,255.78,268.34,270.11,255.78,530425,stock
2025-06-08,AHPC,270.29,273.55,279.36,268.48,788498,stock
2025-06-09,AHPC,273.92,272.81,277.55,270.75,572260,stock
2025-06-10,AHPC,277.55,277.24,280.28,272.1,628819,stock
2025-06-11,AHPC,272.1,281.34,282.09,272.1,893041,stock
2025-06-12,AHPC,275.73,278.86,287.44,275.73,927211,stock
2025-06-15,AHPC,275.73,277.97,282.0,273.92,536347,stock
2025-06-16,AHPC,275.73,275.03,286.44,273.92,750568,stock
2025-06-17,AHPC,272.1,270.89,275.73,266.67,400766,stock
2025-06-18,AHPC,266.67,269.17,278.46,266.67,376357,stock
2025-06-19,AHPC,274.47,267.09,276.65,265.76,512223,stock
2025-06-22,AHPC,269.29,258.9,269.39,258.5,285972,stock
2025-06-23,AHPC,254.06,259.99,263.04,254.06,221367,stock
2025-06-24,AHPC,263.04,258.72,266.67,258.05,246085,stock
2025-06-25,AHPC,258.05,258.53,262.04,256.96,148028,stock
2025-06-26,AHPC,263.68,256.65,263.68,254.88,225648,stock
2025-06-29,AHPC,252.15,257.93,260.31,252.15,180099,stock
2025-06-30,AHPC,259.41,257.96,262.95,257.6,145904,stock
2025-07-01,AHPC,261.23,261.26,263.86,258.5,178085,stock
2025-07-02,AHPC,265.76,262.64,268.29,261.23,230215,stock
2025-07-03,AHPC,267.57,260.67,267.57,258.87,254210,stock
2025-07-06,AHPC,263.04,257.36,263.04,256.69,176135,stock
2025-07-07,AHPC,259.87,256.99,259.87,252.25,199205,stock
2025-07-08,AHPC,262.04,257.28,262.04,254.42,140324,stock
2025-07-09,AHPC,259.32,260.43,262.13,256.69,105560,stock
2025-07-10,AHPC,262.04,257.63,264.58,256.69,195285,stock
2025-07-13,AHPC,262.76,258.38,267.57,257.96,268095,stock
2025-07-14,AHPC,259.41,257.72,262.13,257.24,176580,stock
2025-07-15,AHPC,261.05,263.35,263.94,256.78,208326,stock
2025-07-16,AHPC,264.86,264.57,267.75,263.94,243226,stock
2025-07-17,AHPC,267.39,273.41,275.91,265.76,506239,stock
2025-07-20,AHPC,278.82,271.4,279.36,269.39,611340,stock
2025-07-21,AHPC,272.02,271.61,274.83,264.04,269524,stock
2025-07-22,AHPC,277.01,276.63,279.82,270.29,648691,stock
2025-07-23,AHPC,282.09,284.65,289.34,276.19,1087956,stock
2025-07-24,AHPC,285.71,293.43,293.88,285.71,869068,stock
2025-07-27,AHPC,293.43,287.31,302.95,285.71,1165687,stock
2025-07-28,AHPC,287.52,289.67,290.97,282.09,650566,stock
2025-07-29,AHPC,292.07,286.49,294.78,282.72,459428,stock
2025-07-30,AHPC,290.25,281.29,290.25,280.36,464025,stock
2025-07-31,AHPC,281.18,278.05,285.62,276.65,424832,stock
2025-08-03,AHPC,273.02,272.62,279.36,272.1,379111,stock
2025-08-04,AHPC,273.02,273.43,275.73,269.29,352890,stock
2025-08-05,AHPC,274.83,266.48,275.65,265.76,248579,stock
2025-08-06,AHPC,269.39,266.99,271.02,265.76,167739,stock
2025-08-07,AHPC,264.04,270.51,272.1,263.94,203202,stock
2025-08-11,AHPC,265.12,269.36,279.36,265.12,177196,stock
2025-08-12,AHPC,264.94,265.63,269.39,264.04,172923,stock
2025-08-13,AHPC,263.04,267.13,269.57,263.04,158084,stock
2025-08-14,AHPC,264.22,266.29,269.93,264.22,127162,stock
2025-08-17,AHPC,269.39,267.96,270.29,266.67,221516,stock
2025-08-18,AHPC,263.31,268.91,272.1,263.31,243770,stock
2025-08-19,AHPC,271.2,272.26,274.74,269.48,225388,stock
2025-08-20,AHPC,272.1,268.57,274.74,267.67,160027,stock
2025-08-21,AHPC,268.67,267.48,270.2,265.85,125166,stock
2025-08-24,AHPC,262.13,263.85,271.84,262.13,157154,stock
2025-08-25,AHPC,263.94,263.73,265.76,259.95,183885,stock
2025-08-26,AHPC,265.76,263.18,266.67,262.31,63473,stock
2025-08-27,AHPC,263.94,270.72,271.38,263.31,145132,stock
2025-08-28,AHPC,269.39,264.51,272.02,263.94,172491,stock
2025-08-31,AHPC,262.76,260.58,265.76,260.13,131590,stock
2025-09-01,AHPC,261.23,261.83,263.94,259.69,89450,stock
2025-09-02,AHPC,262.95,259.21,264.86,258.59,82961,stock
2025-09-03,AHPC,258.77,258.41,262.13,257.69,66436,stock
2025-09-04,AHPC,257.6,257.04,261.23,254.42,171709,stock
2025-09-07,AHPC,258.5,259.84,261.23,256.69,108049,stock
2025-09-08,AHPC,260.31,256.0,260.31,254.06,112714,stock
2025-09-18,AHPC,251.25,243.09,251.25,236.55,45206,stock
2025-09-21,AHPC,243.09,262.0,263.58,242.18,272691,stock
2025-09-23,AHPC,263.04,264.76,267.57,259.77,191653,stock
2025-09-24,AHPC,267.57,263.94,269.21,261.68,121635,stock
2025-09-25,AHPC,266.57,264.86,266.57,261.49,99815,stock
2025-09-28,AHPC,266.67,268.11,268.21,264.12,112326,stock
2025-10-07,AHPC,268.11,261.23,270.2,258.59,163794,stock
2025-10-08,AHPC,263.04,255.42,263.04,252.79,241869,stock
2025-10-09,AHPC,260.49,260.31,269.39,258.5,238019,stock
2025-10-12,AHPC,255.14,250.7,258.5,250.52,226547,stock
2025-10-13,AHPC,253.06,254.88,257.6,248.52,200931,stock
2025-10-14,AHPC,257.5,253.79,257.5,250.61,65045,stock
2025-10-15,AHPC,253.97,249.43,255.33,247.98,113658,stock
2025-10-16,AHPC,246.44,245.08,252.61,244.89,115412,stock
2025-10-19,AHPC,248.52,246.26,259.41,244.81,88132,stock
2025-10-26,AHPC,243.99,245.81,247.62,243.09,60504,stock
2025-10-28,AHPC,248.52,254.51,256.69,248.52,94325,stock
2025-10-29,AHPC,258.5,254.88,260.31,253.06,256816,stock
2025-10-30,AHPC,254.96,260.23,261.23,253.97,216839,stock
2025-11-02,AHPC,263.04,266.57,268.03,260.31,300058,stock
2025-11-03,AHPC,263.04,262.86,267.57,260.31,171557,stock
2025-11-04,AHPC,258.77,259.87,264.3,256.96,200812,stock
2025-11-05,AHPC,259.41,260.23,260.31,256.87,82543,stock
2025-11-06,AHPC,256.69,258.05,263.49,256.69,83996,stock
2025-11-09,AHPC,256.24,255.78,260.31,253.97,109890,stock
2025-11-10,AHPC,253.97,253.06,257.42,252.15,94024,stock
2025-11-11,AHPC,255.78,253.97,255.78,252.15,68507,stock
2025-11-12,AHPC,253.97,251.7,256.24,251.43,62592,stock
2025-11-13,AHPC,252.15,252.15,255.78,251.25,69455,stock
2025-11-16,AHPC,251.25,252.69,253.97,250.52,44579,stock
2025-11-17,AHPC,249.43,252.51,254.88,249.43,89428,stock
2025-11-18,AHPC,255.51,254.88,256.69,253.33,52839,stock
2025-11-19,AHPC,254.88,254.88,256.69,251.61,61261,stock
2025-11-20,AHPC,259.87,250.7,259.87,249.43,118171,stock
2025-11-23,AHPC,249.89,255.69,256.69,249.89,68286,stock
2025-11-24,AHPC,255.69,257.69,260.31,255.69,138711,stock
2025-11-25,AHPC,254.42,258.5,261.13,254.42,91457,stock
2025-11-26,AHPC,254.88,259.32,261.68,254.88,88195,stock
2025-11-27,AHPC,259.41,258.5,260.31,257.6,75785,stock
2025-11-30,AHPC,258.5,257.14,260.95,255.88,132840,stock
2025-12-01,AHPC,255.78,257.6,260.05,254.96,82268,stock
2025-12-02,AHPC,262.68,258.41,262.68,257.14,93441,stock
2025-12-03,AHPC,263.49,255.33,263.49,255.24,107813,stock
2025-12-07,AHPC,254.15,254.88,259.77,254.06,62480,stock
2025-12-08,AHPC,254.24,253.61,256.24,253.61,63987,stock
2025-12-09,AHPC,253.97,253.06,255.78,252.61,39433,stock
2025-12-10,AHPC,253.06,252.69,255.78,252.33,39724,stock
2025-12-11,AHPC,251.25,252.61,255.69,250.61,59136,stock
2025-12-14,AHPC,250.79,251.7,253.88,250.7,67190,stock
2025-12-15,AHPC,251.25,252.15,253.79,249.98,76302,stock
2025-12-16,AHPC,253.88,254.88,255.78,251.25,63161,stock
2025-12-17,AHPC,254.42,255.33,257.6,254.06,59127,stock
2025-12-18,AHPC,255.69,252.69,255.69,251.25,70444,stock
2025-12-21,AHPC,252.15,250.25,252.97,250.16,55253,stock
2025-12-22,AHPC,254.88,247.26,254.88,246.71,76466,stock
2025-12-23,AHPC,252.15,247.98,252.15,245.81,80001,stock
2025-12-24,AHPC,246.71,246.98,248.52,243.99,96682,stock
2025-12-28,AHPC,251.79,252.15,252.88,244.99,93951,stock
2025-12-29,AHPC,257.14,249.43,257.14,248.62,93875,stock
2025-12-31,AHPC,252.07,251.61,253.06,249.43,135284,stock
2026-01-01,AHPC,252.15,248.44,252.15,248.16,143554,stock
2026-01-04,AHPC,252.38,246.67,252.38,243.81,152539,stock
2026-01-05,AHPC,248.48,248.09,249.14,245.71,63265,stock
2026-01-06,AHPC,250.57,246.09,250.57,245.71,143661,stock
2026-01-07,AHPC,248.57,244.67,248.57,243.81,84299,stock
2026-01-08,AHPC,243.81,244.86,249.52,242.86,82839,stock
2026-01-12,AHPC,247.43,241.9,247.43,241.9,88049,stock
2026-01-13,AHPC,238.19,244.76,244.76,238.19,107332,stock
2026-01-14,AHPC,242.86,246.19,247.62,242.86,43036,stock
2026-01-18,AHPC,248.57,251.43,253.43,245.81,125046,stock
2026-01-20,AHPC,254.29,255.62,257.14,253.33,186761,stock
2026-01-21,AHPC,256.19,254.0,258.0,252.76,108567,stock
2026-01-22,AHPC,252.38,254.29,255.24,249.52,90545,stock
2026-01-25,AHPC,257.14,265.71,265.71,255.24,220235,stock
2026-01-26,AHPC,260.48,260.57,268.57,260.0,184642,stock
2026-01-27,AHPC,261.9,256.19,266.67,252.95,275716,stock
2026-01-28,AHPC,252.95,255.71,257.14,251.14,81947,stock
2026-01-29,AHPC,257.14,259.05,265.62,256.67,312612,stock
2026-02-01,AHPC,259.14,257.33,261.9,257.14,84613,stock
2026-02-02,AHPC,259.71,253.43,260.0,253.33,83788,stock
2026-02-03,AHPC,254.29,251.43,257.14,251.43,90441,stock
2026-02-04,AHPC,252.38,249.62,255.14,248.57,83481,stock
2026-02-05,AHPC,254.29,263.81,269.05,250.09,310697,stock
2026-02-08,AHPC,266.67,262.29,276.19,261.9,409323,stock
2026-02-09,AHPC,266.57,266.67,270.48,258.19,284914,stock
2026-02-10,AHPC,267.62,280.48,289.43,266.67,1530888,stock
2026-02-11,AHPC,285.71,283.81,285.71,274.48,609216,stock
2026-02-12,AHPC,278.19,279.9,286.67,277.14,478502,stock
2026-02-16,AHPC,279.9,266.76,281.9,266.67,465743,stock
2026-02-17,AHPC,270.38,262.76,272.09,261.24,375967,stock
2026-02-22,AHPC,262.86,258.95,262.86,257.14,264237,stock
2026-02-23,AHPC,255.43,256.48,260.95,255.24,220668,stock
2026-02-24,AHPC,257.14,259.05,259.33,256.19,130188,stock
2026-02-25,AHPC,263.81,261.9,263.81,257.43,86213,stock
2026-02-26,AHPC,258.09,266.67,270.29,258.09,244579,stock
2026-03-01,AHPC,266.67,265.71,268.57,256.19,191835,stock
2026-03-03,AHPC,266.67,273.71,274.76,261.9,320466,stock
2026-03-09,AHPC,279.14,295.24,301.05,279.14,42929,stock
2026-03-10,AHPC,300.0,288.57,300.0,276.48,1020752,stock
2026-03-11,AHPC,294.29,286.67,299.71,284.86,724925,stock
2026-03-12,AHPC,287.62,291.43,294.95,282.29,451036,stock
2026-03-15,AHPC,295.24,293.33,297.24,290.57,595886,stock
2026-03-16,AHPC,295.71,286.57,295.71,285.71,299605,stock
2026-03-17,AHPC,287.33,295.24,297.14,282.19,609368,stock
2026-03-19,AHPC,300.0,297.81,307.9,297.14,1029656,stock
2026-03-22,AHPC,297.81,297.62,300.95,291.62,831577,stock
2026-03-23,AHPC,300.09,295.62,301.9,292.38,327077,stock
2026-03-24,AHPC,299.05,301.81,306.95,295.24,766375,stock
2026-03-25,AHPC,301.43,295.24,303.62,294.38,378520,stock
2026-03-26,AHPC,301.14,299.05,301.14,292.38,389922,stock
2026-03-29,AHPC,300.0,289.62,300.0,288.57,478250,stock
2026-03-30,AHPC,289.52,281.9,293.14,280.0,510443,stock
2026-03-31,AHPC,284.0,283.81,285.62,275.24,285543,stock
2026-04-01,AHPC,283.81,271.43,283.81,270.48,409553,stock
2026-04-02,AHPC,271.43,271.52,278.09,266.67,422084,stock
2026-04-05,AHPC,266.86,258.09,266.86,257.71,464737,stock
2026-04-06,AHPC,258.09,272.38,276.19,257.14,330227,stock
2026-04-07,AHPC,277.81,271.43,278.09,270.76,210616,stock
2026-04-08,AHPC,274.29,276.09,277.14,272.86,239065,stock
2026-04-09,AHPC,279.62,280.95,282.86,276.19,199310,stock
2026-04-10,AHPC,283.33,276.19,283.33,274.57,248446,stock
2026-04-13,AHPC,281.71,276.48,281.71,274.29,123539,stock
2026-04-15,AHPC,280.48,286.09,287.52,279.05,368792,stock
2026-04-16,AHPC,280.95,279.05,287.62,278.09,213567,stock
2026-04-17,AHPC,284.57,278.0,284.57,274.57,144389,stock
2026-04-20,AHPC,280.95,275.14,280.95,273.14,109453,stock
2026-04-21,AHPC,264.76,268.57,276.19,264.76,170347,stock
2026-04-22,AHPC,266.67,271.24,272.86,263.81,197828,stock
2026-04-23,AHPC,271.23,266.57,272.38,265.71,148677,stock
2026-04-24,AHPC,262.86,266.67,267.71,260.0,144437,stock
2026-04-27,AHPC,266.67,269.52,271.43,266.67,88438,stock
2026-04-28,AHPC,275.14,267.62,275.14,266.67,85880,stock
2026-04-29,AHPC,263.81,264.48,269.33,263.81,78511,stock
2026-04-30,AHPC,262.09,263.81,266.67,258.09,130322,stock
2026-05-04,AHPC,261.9,258.09,266.67,258.09,115082,stock
2026-05-05,AHPC,257.14,262.76,266.67,254.38,91101,stock
2026-05-06,AHPC,265.24,261.05,265.71,260.95,68251,stock
2026-05-07,AHPC,248.0,261.81,264.86,248.0,94515,stock
2026-05-08,AHPC,274.29,266.86,274.29,261.9,56153,stock
2026-05-11,AHPC,280.19,272.38,280.19,266.67,80580,stock
2026-05-12,AHPC,275.24,266.67,279.05,265.05,95316,stock
2026-05-13,AHPC,268.57,265.71,269.24,262.0,37677,stock
2026-05-14,AHPC,265.71,264.76,265.71,262.86,46319,stock
2026-05-15,AHPC,262.48,266.67,268.57,262.48,83806,stock
2026-05-18,AHPC,266.67,265.52,268.48,263.81,76380,stock
2026-05-19,AHPC,265.24,264.76,265.33,263.05,39838,stock
2026-05-20,AHPC,266.57,268.57,269.52,263.62,143246,stock
2026-05-21,AHPC,271.05,266.67,271.24,265.81,56067,stock
2026-05-22,AHPC,265.71,270.48,270.48,265.71,85453,stock
2026-05-25,AHPC,261.9,274.09,275.24,261.9,106730,stock
2026-05-26,AHPC,261.9,270.67,275.24,261.9,82531,stock
2026-05-27,AHPC,270.95,273.81,276.0,269.81,120647,stock
2026-06-01,AHPC,276.19,268.09,276.19,264.76,113904,stock
2026-06-02,AHPC,280.95,266.67,280.95,263.81,92518,stock
2026-06-03,AHPC,269.52,268.48,271.43,266.67,61704,stock
2026-06-04,AHPC,267.62,265.71,268.48,264.67,50608,stock
2026-06-05,AHPC,265.71,263.81,266.67,262.86,92890,stock
2026-06-08,AHPC,263.81,262.86,265.71,261.9,89266,stock
2026-06-09,AHPC,262.0,261.71,263.81,258.29,124679,stock
2026-06-10,AHPC,260.0,263.81,267.62,260.0,61990,stock
2026-06-11,AHPC,275.24,262.86,275.24,260.0,44738,stock
2026-06-12,AHPC,276.0,266.67,276.0,260.38,42429,stock
2026-06-15,AHPC,280.0,262.86,280.0,260.95,61256,stock
2026-06-16,AHPC,261.9,261.43,262.76,259.14,77199,stock
2026-06-17,AHPC,260.09,261.71,265.24,255.9,114103,stock
2026-06-18,AHPC,259.43,260.0,260.95,259.05,31535,stock
2026-06-19,AHPC,260.0,259.52,261.9,258.29,29888,stock
2026-06-22,AHPC,261.9,258.57,264.76,258.38,29501,stock
2026-06-23,AHPC,258.09,255.33,259.9,255.24,100879,stock
2026-06-24,AHPC,266.57,254.19,266.57,247.81,150040,stock
2026-06-25,AHPC,261.81,252.48,261.81,249.62,56979,stock
2026-06-26,AHPC,252.48,251.71,254.29,251.43,49651,stock
2026-06-29,AHPC,252.38,249.71,252.38,247.71,41458,stock
2026-06-30,AHPC,247.71,248.57,251.43,247.62,74273,stock
2026-07-01,AHPC,248.57,254.19,256.48,248.57,55140,stock
2026-07-02,AHPC,256.19,251.43,258.09,249.62,51227,stock
2026-07-03,AHPC,253.33,251.43,254.29,250.48,87859,stock
2026-07-06,AHPC,248.57,248.86,254.0,248.57,58403,stock
2026-07-07,AHPC,248.76,252.19,252.38,248.57,72802,stock
2026-07-08,AHPC,252.38,248.19,252.38,248.19,42066,stock
2026-07-09,AHPC,248.57,247.71,249.52,247.62,49995,stock
2026-07-10,AHPC,250.48,249.05,251.43,247.81,34581,stock
2026-07-13,AHPC,249.05,248.57,249.05,246.86,71919,stock
2026-07-14,AHPC,244.86,249.9,251.9,244.76,65032,stock
2026-07-15,AHPC,252.19,251.71,252.38,249.52,57964,stock
2026-07-16,AHPC,252.67,249.62,252.67,248.67,37523,stock
2026-07-17,AHPC,254.19,259.05,261.81,252.67,77148,stock
2026-07-20,AHPC,261.9,265.81,266.67,257.14,148502,stock
2026-07-21,AHPC,266.67,264.76,269.52,262.0,112300,stock
2026-07-22,AHPC,264.76,261.9,264.76,260.95,53003,stock
2026-07-23,AHPC,261.81,263.81,263.81,257.33,59319,stock
2026-07-24,AHPC,265.71,261.9,266.48,260.95,46828,stock
2026-07-27,AHPC,261.81,258.38,263.24,258.38,36752,stock
2026-07-28,AHPC,258.57,257.14,259.81,255.24,96286,stock
2026-07-29,AHPC,257.14,255.52,257.14,254.86,34746,stock
2026-07-30,AHPC,254.86,254.29,257.14,253.52,26286,stock
2026-07-31,AHPC,252.38,256.19,256.95,252.38,117686,stock
2026-08-03,AHPC,257.14,258.09,260.0,255.24,44826,stock
2026-08-04,AHPC,260.0,254.95,260.0,254.95,37668,stock
2026-08-05,AHPC,254.95,255.14,256.19,252.38,45466,stock
2026-08-06,AHPC,257.14,255.24,257.14,254.57,28461,stock
2026-08-07,AHPC,256.0,253.24,256.09,252.38,37465,stock
2026-08-10,AHPC,252.86,252.38,256.76,250.67,30498,stock
2026-08-11,AHPC,252.38,251.62,254.76,250.95,59333,stock
2026-08-12,AHPC,254.29,251.43,254.29,250.67,62813,stock
2026-08-13,AHPC,252.38,253.24,258.09,251.71,77596,stock
2026-08-14,AHPC,257.9,252.29,257.9,251.43,74965,stock
2026-08-17,AHPC,253.33,250.86,253.33,250.67,47294,stock
2026-08-18,AHPC,251.05,247.62,251.43,247.62,115810,stock
2026-08-19,AHPC,245.9,247.62,250.48,245.43,58501,stock
2026-08-20,AHPC,246.67,248.09,248.95,244.86,83023,stock
2026-08-21,AHPC,251.43,248.48,252.09,247.62,81447,stock
2026-08-24,AHPC,247.62,247.33,249.43,246.67,43548,stock
2026-08-25,AHPC,247.62,245.24,247.62,244.86,66248,stock
2026-08-26,AHPC,244.76,239.52,245.71,237.62,179592,stock
2026-08-27,AHPC,238.09,240.67,242.86,234.76,76204,stock
2026-08-31,AHPC,239.05,235.71,239.24,235.52,57393,stock
2026-09-01,AHPC,235.81,235.71,239.71,234.76,93971,stock
2026-09-02,AHPC,238.09,236.67,238.57,234.09,39183,stock
2026-09-03,AHPC,238.0,236.38,238.0,236.19,38059,stock
2026-09-07,AHPC,236.38,241.24,242.76,236.38,44610,stock
2026-09-09,AHPC,241.24,242.76,243.62,240.48,51132,stock
2026-09-10,AHPC,242.76,241.43,243.81,240.29,50940,stock
2026-09-11,AHPC,244.76,248.57,249.33,240.67,101409,stock
2026-09-14,AHPC,248.57,253.33,255.24,248.57,82055,stock
2026-09-15,AHPC,265.71,260.0,265.71,255.33,193414,stock
2026-09-16,AHPC,260.86,254.09,261.9,253.33,82227,stock
2026-09-17,AHPC,254.29,255.24,259.9,252.09,126354,stock
2026-09-18,AHPC,255.24,256.67,258.57,252.38,76823,stock
2026-09-22,AHPC,261.9,257.71,261.9,256.19,100592,stock
2026-09-23,AHPC,257.14,253.52,257.71,253.33,70853,stock
2026-09-24,AHPC,254.29,254.19,254.29,251.43,60584,stock
2026-09-28,AHPC,268.0,269.0,271.5,266.9,178017,stock
2026-09-29,AHPC,262.0,253.5,264.9,253.1,110089,stock
2026-09-30,AHPC,253.4,253.9,256.0,252.3,84337,stock
2026-10-01,AHPC,252.3,255.0,256.0,252.1,77386,stock
2026-10-02,AHPC,255.0,254.2,258.6,254.0,33598,stock
2026-10-05,AHPC,252.0,252.0,255.2,250.1,36836,stock
