time,symbol,open,close,high,low,volume,category
2015-10-14,BARUN,133.08,133.08,133.08,133.08,10,stock
2015-10-15,BARUN,134.16,137.41,137.41,134.16,40,stock
2015-10-19,BARUN,138.71,141.3,141.3,138.71,30,stock
2015-10-25,BARUN,142.6,148.01,148.01,142.6,60,stock
2015-10-27,BARUN,149.53,155.59,155.59,149.53,920,stock
2015-10-28,BARUN,163.82,162.3,163.82,157.11,5200,stock
2015-10-29,BARUN,162.95,160.79,162.95,158.19,4740,stock
2015-11-01,BARUN,159.27,158.19,160.35,156.24,2670,stock
2015-11-02,BARUN,157.11,154.94,157.54,154.94,1800,stock
2015-11-03,BARUN,153.43,151.26,153.43,148.88,560,stock
2015-11-04,BARUN,151.69,153.86,155.37,150.61,860,stock
2015-11-05,BARUN,152.34,154.29,155.81,151.69,890,stock
2015-11-08,BARUN,152.99,153.86,154.29,152.78,820,stock
2015-11-09,BARUN,152.78,153.86,157.54,152.13,1260,stock
2015-11-10,BARUN,152.56,157.54,157.54,152.56,1710,stock
2015-11-15,BARUN,156.02,152.99,156.02,152.99,40,stock
2015-11-16,BARUN,151.48,152.56,152.99,150.18,740,stock
2015-11-18,BARUN,152.78,154.08,154.73,152.78,2180,stock
2015-11-19,BARUN,153.43,150.83,156.02,150.83,2440,stock
2015-11-22,BARUN,150.18,151.69,151.69,148.23,980,stock
2015-11-23,BARUN,151.26,151.05,151.26,150.18,250,stock
2015-11-24,BARUN,150.61,149.53,150.61,147.37,1000,stock
2015-11-25,BARUN,148.45,146.07,149.31,145.42,1920,stock
2015-11-26,BARUN,144.77,143.04,144.77,143.04,1200,stock
2015-11-29,BARUN,143.04,143.04,145.63,143.04,1530,stock
2015-11-30,BARUN,143.04,141.95,143.04,141.95,580,stock
2015-12-01,BARUN,141.95,143.69,143.69,141.95,740,stock
2015-12-02,BARUN,144.98,144.77,144.77,144.77,20,stock
2015-12-03,BARUN,144.12,141.95,144.12,141.95,960,stock
2015-12-04,BARUN,143.25,141.95,144.55,141.95,650,stock
2015-12-07,BARUN,140.87,141.3,142.17,140.87,420,stock
2015-12-08,BARUN,140.87,139.79,140.87,138.71,460,stock
2015-12-09,BARUN,140.87,139.57,141.09,139.57,750,stock
2015-12-10,BARUN,139.36,140.22,140.22,137.62,480,stock
2015-12-13,BARUN,139.79,137.62,139.79,137.19,1440,stock
2015-12-14,BARUN,138.06,137.84,138.06,136.76,1190,stock
2015-12-15,BARUN,137.62,138.06,138.06,136.54,720,stock
2015-12-16,BARUN,139.36,136.33,139.36,136.33,1110,stock
2015-12-17,BARUN,135.24,134.16,135.46,134.16,940,stock
2015-12-20,BARUN,134.16,133.29,134.38,130.91,1280,stock
2015-12-21,BARUN,133.29,132.43,133.51,131.35,1790,stock
2015-12-22,BARUN,133.08,130.91,133.51,130.91,750,stock
2015-12-23,BARUN,130.91,129.83,131.13,129.18,670,stock
2015-12-24,BARUN,129.61,130.48,131.13,129.61,940,stock
2015-12-25,BARUN,131.13,128.96,131.13,125.72,1450,stock
2015-12-28,BARUN,128.96,130.7,130.91,127.45,910,stock
2015-12-29,BARUN,130.7,130.7,132.21,128.96,750,stock
2015-12-31,BARUN,130.7,130.26,131.35,128.96,2330,stock
2016-01-03,BARUN,130.26,129.4,130.26,128.1,1230,stock
2016-01-04,BARUN,129.4,131.35,132.21,129.18,1050,stock
2016-01-05,BARUN,131.13,131.56,132.43,130.05,1690,stock
2016-01-06,BARUN,131.13,132.21,133.29,130.05,1580,stock
2016-01-07,BARUN,131.13,132.86,132.86,130.05,1060,stock
2016-01-10,BARUN,132.86,132.64,133.94,129.4,1690,stock
2016-01-11,BARUN,132.64,130.7,132.64,127.88,4310,stock
2016-01-12,BARUN,129.61,131.13,132.21,127.45,4060,stock
2016-01-13,BARUN,131.13,134.38,134.38,129.83,4650,stock
2016-01-14,BARUN,134.38,132.21,137.84,130.05,5130,stock
2016-01-24,BARUN,132.21,138.27,138.27,133.29,900,stock
2016-01-25,BARUN,139.57,143.04,144.77,139.57,3950,stock
2016-01-26,BARUN,143.04,141.74,144.33,141.74,1980,stock
2016-01-27,BARUN,141.74,139.14,140.44,139.14,500,stock
2016-01-28,BARUN,140.44,140.87,140.87,139.14,665,stock
2016-02-01,BARUN,140.87,139.57,140.87,139.57,70,stock
2016-02-04,BARUN,140.01,140.01,140.01,140.01,10,stock
2016-02-07,BARUN,140.01,139.79,139.79,139.79,80,stock
2016-02-08,BARUN,139.79,144.33,144.33,140.87,1655,stock
2016-02-11,BARUN,144.33,147.8,147.8,144.12,440,stock
2016-02-14,BARUN,146.28,146.28,146.28,146.28,10,stock
2016-02-15,BARUN,144.98,146.28,146.28,144.98,160,stock
2016-02-16,BARUN,146.28,145.2,145.2,144.98,80,stock
2016-02-18,BARUN,145.2,146.72,149.31,146.28,510,stock
2016-02-21,BARUN,146.72,146.72,146.72,146.72,70,stock
2016-02-22,BARUN,146.5,147.37,147.37,146.5,160,stock
2016-02-23,BARUN,147.37,146.28,146.28,146.28,20,stock
2016-02-24,BARUN,146.28,146.28,146.28,146.28,10,stock
2016-02-25,BARUN,146.28,146.28,146.28,146.28,30,stock
2016-02-28,BARUN,146.28,146.28,146.28,146.28,100,stock
2016-02-29,BARUN,146.28,147.58,147.58,146.5,20,stock
2016-03-01,BARUN,147.58,147.8,147.8,147.58,1120,stock
2016-03-03,BARUN,147.37,147.37,147.37,147.37,300,stock
2016-03-06,BARUN,147.8,149.75,149.75,147.8,90,stock
2016-03-10,BARUN,148.23,148.01,148.23,148.01,300,stock
2016-03-13,BARUN,149.53,152.56,152.56,149.53,580,stock
2016-03-15,BARUN,154.08,160.57,160.57,154.08,500,stock
2016-03-16,BARUN,160.57,169.45,169.45,160.57,120,stock
2016-03-17,BARUN,171.39,175.51,176.37,169.45,650,stock
2016-03-21,BARUN,178.32,186.76,186.76,178.32,1480,stock
2016-03-23,BARUN,184.6,184.6,186.76,184.6,320,stock
2016-03-28,BARUN,184.6,182.43,182.43,182.43,10,stock
2016-04-03,BARUN,182.43,180.27,180.27,180.27,50,stock
2016-04-04,BARUN,180.27,178.1,178.1,178.1,50,stock
2016-04-18,BARUN,178.1,168.36,176.16,168.36,50,stock
2016-04-19,BARUN,168.36,162.09,166.63,158.84,3790,stock
2016-04-20,BARUN,162.09,158.41,160.35,158.19,510,stock
2016-04-21,BARUN,158.41,157.11,158.62,157.11,670,stock
2016-04-24,BARUN,157.11,157.11,157.11,155.59,30,stock
2016-04-25,BARUN,157.11,161.22,161.22,158.19,330,stock
2016-04-26,BARUN,161.22,162.52,162.95,161.44,790,stock
2016-04-27,BARUN,162.52,162.73,162.73,162.52,160,stock
2016-04-28,BARUN,162.73,161.87,164.47,161.87,130,stock
2016-05-03,BARUN,161.87,159.05,160.14,159.05,20,stock
2016-05-04,BARUN,159.05,156.02,158.19,154.94,240,stock
2016-05-05,BARUN,156.02,157.11,157.11,154.94,840,stock
2016-05-08,BARUN,157.11,156.24,156.24,154.94,380,stock
2016-05-09,BARUN,155.16,155.59,155.59,153.86,500,stock
2016-05-10,BARUN,154.08,156.46,158.19,154.08,1390,stock
2016-05-11,BARUN,156.46,156.46,157.11,153.43,950,stock
2016-05-15,BARUN,158.19,158.19,158.19,154.94,360,stock
2016-05-16,BARUN,158.19,156.67,157.97,156.46,840,stock
2016-05-17,BARUN,156.46,157.11,157.97,154.94,1440,stock
2016-05-18,BARUN,157.11,157.76,160.35,157.54,350,stock
2016-05-19,BARUN,157.76,157.11,158.19,155.16,750,stock
2016-05-22,BARUN,157.11,158.84,158.84,156.46,860,stock
2016-05-23,BARUN,158.84,158.19,159.49,158.19,410,stock
2016-05-24,BARUN,158.19,158.41,159.27,157.97,250,stock
2016-05-25,BARUN,158.41,152.13,159.27,152.13,280,stock
2016-05-26,BARUN,152.13,156.02,156.02,150.83,130,stock
2016-05-29,BARUN,156.02,157.97,158.19,157.11,220,stock
2016-05-30,BARUN,157.97,158.19,158.19,156.24,360,stock
2016-05-31,BARUN,158.19,166.85,166.85,158.19,6320,stock
2016-06-01,BARUN,166.85,160.79,170.31,160.79,2960,stock
2016-06-02,BARUN,160.79,160.35,163.6,158.84,510,stock
2016-06-05,BARUN,160.35,157.11,158.62,156.89,1300,stock
2016-06-06,BARUN,157.11,158.19,158.19,156.24,280,stock
2016-06-07,BARUN,159.92,158.84,159.92,158.19,300,stock
2016-06-08,BARUN,159.05,158.19,161.65,157.11,380,stock
2016-06-09,BARUN,159.27,156.89,159.27,156.89,120,stock
2016-06-12,BARUN,156.89,156.67,157.11,156.02,510,stock
2016-06-13,BARUN,156.67,160.79,160.79,156.24,220,stock
2016-06-14,BARUN,160.79,163.6,167.06,160.79,8270,stock
2016-06-15,BARUN,164.68,172.69,172.69,164.68,3290,stock
2016-06-16,BARUN,172.69,182.65,182.65,174.64,2780,stock
2016-06-19,BARUN,182.65,180.92,184.82,180.7,8350,stock
2016-06-20,BARUN,180.92,180.92,182.0,179.4,4950,stock
2016-06-21,BARUN,180.92,183.08,183.08,179.84,3220,stock
2016-06-22,BARUN,183.08,182.0,183.08,179.84,3240,stock
2016-06-23,BARUN,182.0,184.6,186.33,181.14,2720,stock
2016-06-26,BARUN,184.6,187.41,194.99,184.17,3300,stock
2016-06-27,BARUN,187.41,184.17,188.5,184.17,770,stock
2016-06-28,BARUN,184.17,184.38,185.25,183.08,1440,stock
2016-06-29,BARUN,184.38,182.43,184.17,182.22,800,stock
2016-06-30,BARUN,182.43,182.0,184.6,179.84,1120,stock
2016-07-03,BARUN,182.0,180.49,182.0,177.67,3930,stock
2016-07-04,BARUN,180.49,185.46,185.46,180.7,2620,stock
2016-07-05,BARUN,183.3,184.38,186.33,181.14,1050,stock
2016-07-06,BARUN,184.17,185.25,185.25,183.08,1410,stock
2016-07-10,BARUN,185.25,184.17,186.33,184.17,510,stock
2016-07-11,BARUN,184.17,184.17,184.17,182.0,390,stock
2016-07-12,BARUN,184.17,184.17,184.17,177.67,170,stock
2016-07-13,BARUN,184.17,178.75,182.0,177.67,880,stock
2016-07-14,BARUN,179.84,178.75,182.0,178.75,635,stock
2016-07-17,BARUN,178.75,179.84,180.7,176.81,190,stock
2016-07-18,BARUN,179.84,179.62,179.62,175.72,60,stock
2016-07-19,BARUN,179.84,179.84,179.84,177.67,310,stock
2016-07-20,BARUN,179.84,178.1,179.84,177.67,180,stock
2016-07-21,BARUN,178.1,178.97,181.57,178.75,180,stock
2016-07-25,BARUN,178.97,177.89,178.75,177.02,290,stock
2016-07-26,BARUN,177.89,186.33,188.5,178.75,3535,stock
2016-07-27,BARUN,186.33,187.41,187.41,182.0,380,stock
2016-07-28,BARUN,187.41,188.5,188.5,184.17,450,stock
2016-07-31,BARUN,188.5,184.17,186.33,184.17,310,stock
2016-08-01,BARUN,184.17,179.84,182.0,179.84,160,stock
2016-08-02,BARUN,179.84,182.0,182.0,175.51,450,stock
2016-08-03,BARUN,182.0,181.14,182.0,179.84,800,stock
2016-08-04,BARUN,181.14,177.24,181.14,177.24,60,stock
2016-08-07,BARUN,177.24,186.33,186.33,177.24,160,stock
2016-08-08,BARUN,186.33,182.0,184.17,182.0,130,stock
2016-08-10,BARUN,184.17,179.84,184.17,179.84,1031,stock
2016-08-11,BARUN,177.67,176.59,178.32,175.51,2410,stock
2016-08-14,BARUN,175.51,174.42,177.46,173.78,480,stock
2016-08-15,BARUN,172.48,172.26,172.48,169.01,490,stock
2016-08-16,BARUN,170.31,167.71,170.31,167.71,1020,stock
2016-08-17,BARUN,165.98,170.1,170.1,165.98,250,stock
2016-08-21,BARUN,170.1,169.45,170.1,169.01,60,stock
2016-08-22,BARUN,167.71,167.5,173.13,167.5,2380,stock
2016-08-23,BARUN,166.85,167.93,167.93,166.85,440,stock
2016-08-24,BARUN,167.93,167.93,167.93,166.2,335,stock
2016-08-28,BARUN,166.85,166.85,166.85,166.85,330,stock
2016-08-29,BARUN,168.36,164.03,168.36,164.03,110,stock
2016-08-30,BARUN,164.68,166.85,168.15,164.68,210,stock
2016-08-31,BARUN,165.12,158.84,165.12,158.84,960,stock
2016-09-01,BARUN,157.32,159.49,159.49,157.32,580,stock
2016-09-04,BARUN,157.97,160.14,160.35,157.97,190,stock
2016-09-05,BARUN,158.62,160.35,160.79,158.62,160,stock
2016-09-06,BARUN,158.84,159.27,160.79,158.84,640,stock
2016-09-07,BARUN,159.05,160.35,161.0,159.05,230,stock
2016-09-08,BARUN,159.49,160.79,162.52,159.49,250,stock
2016-09-11,BARUN,160.57,161.44,162.52,159.49,140,stock
2016-09-12,BARUN,159.7,160.79,160.79,159.7,80,stock
2016-09-14,BARUN,160.79,162.52,164.25,160.79,760,stock
2016-09-18,BARUN,161.44,164.68,165.33,161.44,1360,stock
2016-09-20,BARUN,164.68,165.77,165.77,164.68,730,stock
2016-09-21,BARUN,165.77,164.68,165.77,164.68,120,stock
2016-09-22,BARUN,162.95,164.68,164.9,162.95,499,stock
2016-09-25,BARUN,162.95,164.68,164.9,162.95,499,stock
2016-09-26,BARUN,163.6,161.87,163.6,161.87,100,stock
2016-09-27,BARUN,161.44,160.35,161.44,160.35,80,stock
2016-09-28,BARUN,159.27,158.84,159.27,158.84,140,stock
2016-09-29,BARUN,158.19,157.54,158.19,156.46,540,stock
2016-10-02,BARUN,156.89,156.89,157.11,156.89,80,stock
2016-10-03,BARUN,157.11,157.76,157.76,157.11,40,stock
2016-10-04,BARUN,157.11,157.76,157.76,157.11,90,stock
2016-10-05,BARUN,157.11,157.11,157.11,157.11,40,stock
2016-10-06,BARUN,156.89,158.41,158.62,156.89,70,stock
2016-10-16,BARUN,158.62,158.19,158.62,158.19,70,stock
2016-10-18,BARUN,156.46,156.46,156.46,156.46,10,stock
2016-10-19,BARUN,154.94,156.46,156.46,154.94,20,stock
2016-10-20,BARUN,156.02,157.97,157.97,156.02,310,stock
2016-10-23,BARUN,157.97,157.76,158.19,157.76,50,stock
2016-10-25,BARUN,156.46,156.24,157.76,156.24,120,stock
2016-10-26,BARUN,157.11,155.59,157.11,155.59,50,stock
2016-10-27,BARUN,155.59,154.94,156.46,154.29,100,stock
2016-11-03,BARUN,154.94,154.73,154.94,154.73,310,stock
2016-11-08,BARUN,154.94,154.94,156.02,154.94,120,stock
2016-11-09,BARUN,153.86,153.86,153.86,153.86,100,stock
2016-11-13,BARUN,153.43,153.43,153.43,153.43,10,stock
2016-11-14,BARUN,152.78,152.78,152.78,152.56,100,stock
2016-11-15,BARUN,154.29,150.61,154.29,149.53,410,stock
2016-11-16,BARUN,149.53,149.53,150.61,149.53,290,stock
2016-11-17,BARUN,149.53,146.93,150.18,146.93,440,stock
2016-11-21,BARUN,148.23,148.23,148.23,148.23,20,stock
2016-11-22,BARUN,146.72,145.42,146.93,145.42,170,stock
2016-11-24,BARUN,144.12,144.12,144.12,144.12,20,stock
2016-11-27,BARUN,142.82,140.22,142.82,140.22,180,stock
2016-11-28,BARUN,139.79,136.76,139.79,136.76,140,stock
2016-11-29,BARUN,136.54,137.84,138.71,136.54,1240,stock
2016-11-30,BARUN,139.14,140.87,140.87,139.14,50,stock
2016-12-01,BARUN,139.79,139.57,139.79,139.57,90,stock
2016-12-04,BARUN,139.79,138.27,139.79,138.27,140,stock
2016-12-05,BARUN,138.27,139.57,139.57,138.06,290,stock
2016-12-06,BARUN,138.27,135.89,138.27,135.89,230,stock
2016-12-07,BARUN,136.97,137.41,137.41,136.97,30,stock
2016-12-08,BARUN,137.41,135.24,137.41,133.29,310,stock
2016-12-11,BARUN,134.81,132.64,134.81,132.64,100,stock
2016-12-12,BARUN,132.64,129.4,132.64,129.4,500,stock
2016-12-14,BARUN,129.4,129.4,130.48,129.4,170,stock
2016-12-15,BARUN,129.4,130.05,130.05,129.4,40,stock
2016-12-18,BARUN,131.13,131.13,131.13,131.13,40,stock
2016-12-19,BARUN,131.13,132.21,132.21,131.13,390,stock
2016-12-20,BARUN,131.13,132.21,132.21,131.13,100,stock
2016-12-21,BARUN,131.13,130.05,131.13,128.96,120,stock
2016-12-22,BARUN,130.05,131.56,131.56,130.05,100,stock
2016-12-26,BARUN,131.13,131.13,132.21,131.13,60,stock
2016-12-27,BARUN,130.05,131.13,131.13,128.96,310,stock
2016-12-28,BARUN,131.13,130.05,131.13,130.05,70,stock
2016-12-29,BARUN,130.7,131.13,131.13,130.48,70,stock
2017-01-01,BARUN,132.21,134.38,134.38,132.21,40,stock
2017-01-03,BARUN,133.51,133.51,133.51,132.43,160,stock
2017-01-04,BARUN,133.51,129.18,133.51,129.18,70,stock
2017-01-05,BARUN,129.4,130.26,130.48,129.4,120,stock
2017-01-08,BARUN,129.18,129.4,129.4,129.18,40,stock
2017-01-09,BARUN,129.18,130.48,130.48,129.18,90,stock
2017-01-10,BARUN,130.48,131.56,131.56,130.48,120,stock
2017-01-11,BARUN,131.56,131.35,131.56,131.13,40,stock
2017-01-12,BARUN,132.21,133.29,133.29,132.21,110,stock
2017-01-15,BARUN,133.29,133.29,133.29,133.29,10,stock
2017-01-16,BARUN,133.29,131.13,133.29,131.13,2020,stock
2017-01-17,BARUN,130.05,131.13,131.13,130.05,30,stock
2017-01-18,BARUN,131.13,131.13,131.13,131.13,220,stock
2017-01-19,BARUN,130.48,129.61,130.48,129.61,40,stock
2017-01-22,BARUN,129.61,128.96,129.61,128.96,100,stock
2017-01-23,BARUN,128.53,128.96,128.96,128.53,40,stock
2017-01-24,BARUN,128.96,130.91,130.91,128.96,170,stock
2017-01-25,BARUN,129.83,125.72,129.83,125.72,100,stock
2017-01-26,BARUN,124.64,125.28,126.37,123.55,460,stock
2017-01-31,BARUN,126.15,125.93,126.15,125.07,540,stock
2017-02-01,BARUN,127.02,129.18,129.18,127.02,330,stock
2017-02-02,BARUN,128.96,129.83,130.05,128.96,70,stock
2017-02-05,BARUN,128.96,128.96,129.18,128.96,120,stock
2017-02-06,BARUN,128.96,128.96,129.18,127.88,130,stock
2017-02-07,BARUN,128.96,127.88,128.96,127.88,50,stock
2017-02-08,BARUN,128.96,127.23,128.75,127.23,60,stock
2017-02-09,BARUN,127.23,126.58,127.23,126.58,30,stock
2017-02-12,BARUN,125.5,123.77,125.5,123.77,150,stock
2017-02-13,BARUN,123.77,121.39,123.77,121.39,110,stock
2017-02-14,BARUN,120.52,119.22,122.25,119.22,660,stock
2017-02-15,BARUN,120.09,122.69,122.69,120.09,170,stock
2017-02-16,BARUN,123.55,123.55,124.42,123.55,50,stock
2017-02-19,BARUN,123.77,123.77,124.64,123.55,190,stock
2017-02-20,BARUN,124.64,125.5,125.5,124.64,40,stock
2017-02-21,BARUN,126.37,125.72,126.37,125.72,200,stock
2017-02-22,BARUN,124.64,126.37,126.37,124.64,100,stock
2017-02-23,BARUN,127.45,125.72,127.45,125.5,470,stock
2017-02-26,BARUN,125.72,123.77,125.72,122.9,600,stock
2017-02-28,BARUN,122.9,122.04,122.9,122.04,30,stock
2017-03-01,BARUN,121.39,121.39,122.25,121.39,40,stock
2017-03-02,BARUN,121.39,121.39,121.39,121.39,50,stock
2017-03-05,BARUN,120.52,120.52,121.39,120.52,30,stock
2017-03-06,BARUN,120.52,120.52,120.52,120.52,20,stock
2017-03-07,BARUN,120.52,120.52,120.52,119.66,440,stock
2017-03-09,BARUN,120.52,120.09,120.52,119.87,50,stock
2017-03-13,BARUN,120.31,119.87,120.31,119.87,150,stock
2017-03-14,BARUN,119.44,119.22,119.87,119.22,350,stock
2017-03-15,BARUN,120.09,120.09,120.09,120.09,10,stock
2017-03-16,BARUN,120.96,120.96,120.96,120.96,30,stock
2017-03-19,BARUN,120.96,120.96,120.96,120.74,70,stock
2017-03-20,BARUN,121.82,122.25,122.25,121.82,30,stock
2017-03-21,BARUN,122.04,122.04,122.69,122.04,50,stock
2017-03-22,BARUN,121.39,123.12,123.12,121.39,50,stock
2017-03-23,BARUN,123.12,126.58,126.58,123.12,490,stock
2017-03-26,BARUN,127.67,132.0,132.0,127.67,170,stock
2017-03-28,BARUN,132.0,136.54,137.41,133.08,1030,stock
2017-03-29,BARUN,136.54,140.22,140.44,137.84,440,stock
2017-03-30,BARUN,140.22,139.36,140.65,138.49,470,stock
2017-04-04,BARUN,138.71,136.11,138.71,136.11,470,stock
2017-04-09,BARUN,135.03,136.11,136.11,134.16,150,stock
2017-04-10,BARUN,135.03,140.44,140.44,135.03,350,stock
2017-04-11,BARUN,139.14,139.79,140.44,138.27,260,stock
2017-04-12,BARUN,138.49,137.84,138.92,137.62,750,stock
2017-04-13,BARUN,136.54,135.24,136.54,135.24,80,stock
2017-04-16,BARUN,134.16,134.38,135.24,134.16,190,stock
2017-04-18,BARUN,133.29,131.13,133.29,131.13,70,stock
2017-04-19,BARUN,131.13,131.13,132.21,131.13,140,stock
2017-04-20,BARUN,130.05,132.21,132.21,130.05,90,stock
2017-04-23,BARUN,132.21,132.21,132.21,132.21,40,stock
2017-04-24,BARUN,133.29,132.21,133.29,132.21,390,stock
2017-04-25,BARUN,132.21,134.38,134.38,132.21,160,stock
2017-04-26,BARUN,134.38,134.38,135.46,134.38,140,stock
2017-04-27,BARUN,133.29,132.21,133.29,131.13,250,stock
2017-04-30,BARUN,132.21,131.13,132.21,128.96,620,stock
2017-05-02,BARUN,130.05,130.05,130.05,128.96,220,stock
2017-05-03,BARUN,131.13,131.13,131.13,130.05,140,stock
2017-05-04,BARUN,131.13,132.43,133.29,131.13,400,stock
2017-05-07,BARUN,132.21,131.78,132.21,131.13,110,stock
2017-05-08,BARUN,131.13,131.35,131.35,131.13,50,stock
2017-05-09,BARUN,131.35,131.35,131.35,130.7,110,stock
2017-05-11,BARUN,130.26,135.46,135.46,130.26,280,stock
2017-05-15,BARUN,135.68,135.89,136.76,135.68,110,stock
2017-05-16,BARUN,134.81,135.03,135.03,133.94,140,stock
2017-05-17,BARUN,133.94,132.86,135.03,132.64,220,stock
2017-05-18,BARUN,133.29,135.24,136.11,133.29,1911,stock
2017-05-21,BARUN,136.33,138.71,138.71,134.59,590,stock
2017-05-22,BARUN,137.41,137.41,138.71,137.41,310,stock
2017-05-23,BARUN,138.49,138.27,139.57,137.19,340,stock
2017-05-24,BARUN,138.27,134.38,136.97,134.38,240,stock
2017-05-28,BARUN,133.29,133.29,134.38,132.21,220,stock
2017-05-30,BARUN,132.21,132.21,132.21,128.96,720,stock
2017-05-31,BARUN,132.21,132.21,133.29,131.13,140,stock
2017-06-01,BARUN,132.21,132.21,132.21,132.21,20,stock
2017-06-04,BARUN,131.78,131.35,131.78,130.7,90,stock
2017-06-05,BARUN,130.26,131.35,132.21,130.26,80,stock
2017-06-06,BARUN,132.43,133.29,133.29,131.56,260,stock
2017-06-07,BARUN,133.29,135.68,135.68,132.21,180,stock
2017-06-08,BARUN,134.59,134.38,134.59,133.51,220,stock
2017-06-11,BARUN,133.29,135.46,135.46,133.29,340,stock
2017-06-12,BARUN,134.38,133.29,134.38,133.29,80,stock
2017-06-13,BARUN,132.21,131.35,132.21,130.26,900,stock
2017-06-14,BARUN,131.13,130.48,131.13,130.05,1260,stock
2017-06-15,BARUN,129.4,132.0,132.0,129.4,450,stock
2017-06-18,BARUN,132.0,130.91,130.91,130.91,90,stock
2017-06-19,BARUN,129.83,130.05,130.05,128.96,70,stock
2017-06-20,BARUN,129.61,130.05,130.05,128.96,110,stock
2017-06-21,BARUN,128.96,130.26,130.26,128.96,100,stock
2017-06-22,BARUN,129.18,130.7,130.7,129.18,930,stock
2017-06-25,BARUN,129.61,128.53,129.61,128.53,140,stock
2017-06-27,BARUN,128.96,128.1,128.96,127.88,280,stock
2017-06-28,BARUN,127.88,128.1,128.1,127.88,150,stock
2017-07-02,BARUN,128.1,128.96,128.96,128.1,60,stock
2017-07-03,BARUN,127.88,128.32,128.96,127.88,140,stock
2017-07-04,BARUN,127.88,127.88,127.88,127.23,100,stock
2017-07-05,BARUN,126.8,126.8,126.8,126.8,60,stock
2017-07-06,BARUN,126.8,128.96,128.96,126.37,80,stock
2017-07-09,BARUN,128.96,127.88,130.05,127.88,180,stock
2017-07-10,BARUN,127.88,127.88,128.1,127.88,100,stock
2017-07-11,BARUN,128.32,127.02,128.32,126.8,90,stock
2017-07-12,BARUN,126.58,126.15,127.02,125.93,190,stock
2017-07-13,BARUN,126.15,126.37,126.37,125.28,140,stock
2017-07-16,BARUN,125.28,126.15,126.15,125.28,130,stock
2017-07-17,BARUN,125.72,125.93,126.8,125.72,270,stock
2017-07-18,BARUN,127.02,127.88,127.88,126.8,120,stock
2017-07-19,BARUN,126.8,127.88,127.88,125.72,480,stock
2017-07-20,BARUN,126.8,127.02,127.88,125.72,19992,stock
2017-07-23,BARUN,126.58,125.93,126.58,125.28,370,stock
2017-07-24,BARUN,124.85,125.72,125.72,124.85,250,stock
2017-07-25,BARUN,126.58,130.05,130.05,125.28,1317,stock
2017-07-26,BARUN,131.13,128.53,131.13,128.53,280,stock
2017-07-27,BARUN,128.53,128.96,128.96,127.45,50,stock
2017-07-30,BARUN,127.88,127.88,127.88,127.88,10,stock
2017-07-31,BARUN,127.88,125.72,127.88,125.5,1812,stock
2017-08-01,BARUN,124.85,126.8,127.88,124.85,602,stock
2017-08-02,BARUN,126.8,130.05,130.05,125.72,2727,stock
2017-08-06,BARUN,128.96,128.96,128.96,128.96,100,stock
2017-08-07,BARUN,127.88,125.72,127.88,124.64,1410,stock
2017-08-09,BARUN,124.64,125.5,125.72,123.77,2240,stock
2017-08-10,BARUN,124.64,125.07,125.07,123.77,1076,stock
2017-08-13,BARUN,124.2,124.2,124.2,123.34,521,stock
2017-08-15,BARUN,123.34,123.55,123.55,123.34,40,stock
2017-08-16,BARUN,123.55,124.64,125.5,123.55,210,stock
2017-08-17,BARUN,123.77,123.77,124.64,123.77,397,stock
2017-08-20,BARUN,123.55,123.55,123.55,123.34,548,stock
2017-08-21,BARUN,122.69,123.55,123.55,122.69,60,stock
2017-08-22,BARUN,123.34,124.85,124.85,123.12,572,stock
2017-08-23,BARUN,123.99,124.64,125.72,123.55,1306,stock
2017-08-24,BARUN,124.64,123.99,123.99,123.99,20,stock
2017-08-27,BARUN,123.99,123.34,123.55,122.9,270,stock
2017-08-28,BARUN,123.34,124.64,125.28,121.6,920,stock
2017-08-30,BARUN,123.77,123.12,124.64,123.12,770,stock
2017-08-31,BARUN,123.12,122.69,123.12,122.25,180,stock
2017-09-04,BARUN,121.82,120.52,121.82,120.09,90,stock
2017-09-06,BARUN,120.52,120.52,120.52,118.79,868,stock
2017-09-07,BARUN,119.87,119.22,120.31,118.36,480,stock
2017-09-10,BARUN,118.79,117.92,119.66,117.92,467,stock
2017-09-11,BARUN,117.92,118.14,118.14,117.92,20,stock
2017-09-12,BARUN,117.92,117.06,117.92,117.06,180,stock
2017-09-13,BARUN,117.92,117.92,118.79,117.49,350,stock
2017-09-14,BARUN,118.57,117.71,118.57,117.06,2536,stock
2017-09-17,BARUN,117.06,116.19,117.06,115.76,324,stock
2017-09-18,BARUN,115.98,114.24,116.19,114.03,1066,stock
2017-09-20,BARUN,113.6,115.54,115.54,113.6,1050,stock
2017-09-24,BARUN,116.41,119.87,119.87,116.41,60,stock
2017-09-25,BARUN,120.74,117.92,124.64,117.92,6728,stock
2017-09-26,BARUN,118.57,119.66,122.04,118.57,1633,stock
2017-10-03,BARUN,119.66,119.01,119.66,118.79,1335,stock
2017-10-04,BARUN,119.1,120.01,120.92,119.33,40,stock
2017-10-08,BARUN,119.33,120.24,120.24,119.33,58,stock
2017-10-10,BARUN,119.33,119.33,119.33,118.42,40,stock
2017-10-11,BARUN,118.42,117.74,118.42,117.51,40,stock
2017-10-15,BARUN,116.83,116.83,116.83,116.83,20,stock
2017-10-16,BARUN,116.38,117.06,117.97,116.38,70,stock
2017-10-17,BARUN,116.15,116.83,116.83,116.15,80,stock
2017-10-18,BARUN,117.51,119.1,120.01,116.6,187,stock
2017-10-22,BARUN,120.01,121.6,122.06,120.01,1065,stock
2017-10-23,BARUN,121.6,121.6,121.6,121.6,184,stock
2017-10-24,BARUN,121.6,124.33,124.33,120.92,495,stock
2017-10-25,BARUN,123.88,121.15,123.88,121.15,2292,stock
2017-10-29,BARUN,120.24,119.33,120.24,119.33,50,stock
2017-10-30,BARUN,118.65,119.33,119.56,118.65,1082,stock
2017-10-31,BARUN,119.56,118.65,119.56,118.65,243,stock
2017-11-01,BARUN,118.65,118.65,118.65,117.74,110,stock
2017-11-02,BARUN,118.2,118.42,119.33,118.2,508,stock
2017-11-05,BARUN,117.74,118.2,118.2,117.74,874,stock
2017-11-06,BARUN,118.2,118.88,118.88,117.29,430,stock
2017-11-07,BARUN,117.97,118.2,118.2,117.97,220,stock
2017-11-08,BARUN,117.51,117.74,117.74,117.51,60,stock
2017-11-09,BARUN,117.06,116.38,117.51,116.38,150,stock
2017-11-12,BARUN,116.38,117.97,118.2,117.06,274,stock
2017-11-13,BARUN,118.2,117.97,118.2,117.97,70,stock
2017-11-14,BARUN,117.51,117.51,118.42,117.06,220,stock
2017-11-15,BARUN,117.51,117.74,118.42,117.51,50,stock
2017-11-16,BARUN,117.06,117.06,117.06,117.06,10,stock
2017-11-19,BARUN,117.06,117.29,117.51,116.15,1567,stock
2017-11-20,BARUN,116.38,115.92,116.38,115.24,60,stock
2017-11-21,BARUN,115.92,117.29,117.51,115.92,438,stock
2017-11-22,BARUN,116.6,117.97,117.97,116.6,100,stock
2017-11-23,BARUN,117.97,116.6,117.29,116.15,358,stock
2017-11-26,BARUN,116.6,116.38,116.6,115.92,90,stock
2017-11-27,BARUN,115.92,117.06,117.06,115.92,240,stock
2017-11-28,BARUN,116.38,117.29,117.97,116.38,328,stock
2017-11-29,BARUN,118.2,117.97,118.2,117.51,298,stock
2017-11-30,BARUN,117.06,118.88,118.88,117.06,398,stock
2017-12-04,BARUN,117.97,117.06,117.97,116.83,398,stock
2017-12-05,BARUN,116.6,117.06,117.29,116.6,80,stock
2017-12-06,BARUN,117.29,117.29,117.97,117.06,190,stock
2017-12-10,BARUN,117.97,117.51,118.88,117.29,1407,stock
2017-12-11,BARUN,118.42,118.88,120.01,117.74,710,stock
2017-12-12,BARUN,118.2,117.51,118.2,117.29,130,stock
2017-12-13,BARUN,117.06,118.2,119.1,116.38,1132,stock
2017-12-14,BARUN,117.29,117.29,117.29,117.29,10,stock
2017-12-17,BARUN,118.2,117.51,118.42,117.51,250,stock
2017-12-18,BARUN,117.29,117.51,118.2,117.29,100,stock
2017-12-19,BARUN,117.97,117.06,118.88,117.06,280,stock
2017-12-20,BARUN,117.06,117.29,117.97,117.06,100,stock
2017-12-21,BARUN,116.38,117.06,117.06,116.38,170,stock
2017-12-24,BARUN,117.06,118.42,118.88,117.06,80,stock
2017-12-26,BARUN,118.42,117.51,119.1,117.51,70,stock
2017-12-27,BARUN,116.6,116.83,117.29,116.6,240,stock
2017-12-28,BARUN,117.06,116.83,117.29,116.83,1088,stock
2017-12-31,BARUN,116.38,113.88,116.38,113.88,1495,stock
2018-01-01,BARUN,114.56,115.69,115.69,114.56,150,stock
2018-01-02,BARUN,116.38,115.92,116.38,115.69,120,stock
2018-01-03,BARUN,115.24,116.6,116.6,115.24,280,stock
2018-01-04,BARUN,116.6,115.92,116.6,115.47,729,stock
2018-01-07,BARUN,115.24,115.47,115.92,115.24,80,stock
2018-01-08,BARUN,114.79,115.69,116.38,114.79,410,stock
2018-01-09,BARUN,115.69,115.92,115.92,115.92,30,stock
2018-01-10,BARUN,116.15,115.01,116.15,115.01,50,stock
2018-01-14,BARUN,114.33,114.79,115.69,114.33,1247,stock
2018-01-16,BARUN,114.1,114.33,114.79,114.1,495,stock
2018-01-17,BARUN,113.65,114.79,114.79,113.65,200,stock
2018-01-21,BARUN,114.1,114.33,114.33,113.65,120,stock
2018-01-22,BARUN,114.33,114.33,114.33,114.33,60,stock
2018-01-23,BARUN,114.1,114.79,114.79,114.1,170,stock
2018-01-24,BARUN,114.79,114.79,114.79,114.79,75,stock
2018-01-25,BARUN,114.1,114.33,114.33,114.1,130,stock
2018-01-28,BARUN,114.33,114.56,115.01,114.33,90,stock
2018-01-29,BARUN,113.88,113.65,113.88,112.51,360,stock
2018-01-31,BARUN,114.33,113.88,114.79,113.88,120,stock
2018-02-01,BARUN,114.56,113.19,114.56,113.19,720,stock
2018-02-04,BARUN,112.74,113.42,113.42,112.74,20,stock
2018-02-05,BARUN,112.97,112.97,112.97,112.74,120,stock
2018-02-06,BARUN,112.51,112.74,112.74,112.51,40,stock
2018-02-07,BARUN,112.06,112.97,112.97,111.38,130,stock
2018-02-08,BARUN,112.74,112.74,112.74,112.74,10,stock
2018-02-11,BARUN,113.42,113.88,114.1,113.42,370,stock
2018-02-12,BARUN,114.79,114.79,115.24,114.79,655,stock
2018-02-14,BARUN,114.1,114.1,114.1,113.42,40,stock
2018-02-15,BARUN,114.79,115.92,116.15,114.79,770,stock
2018-02-18,BARUN,116.15,116.83,116.83,115.47,90,stock
2018-02-20,BARUN,116.15,115.47,116.15,115.47,110,stock
2018-02-21,BARUN,114.79,114.79,114.79,114.79,60,stock
2018-02-22,BARUN,114.1,114.1,114.79,114.1,330,stock
2018-02-25,BARUN,113.42,112.97,113.42,112.74,70,stock
2018-02-26,BARUN,112.51,112.29,112.51,112.29,150,stock
2018-02-27,BARUN,111.6,112.29,112.29,111.6,80,stock
2018-02-28,BARUN,112.29,112.29,112.29,112.29,50,stock
2018-03-04,BARUN,111.6,112.06,112.06,111.6,110,stock
2018-03-06,BARUN,111.38,110.69,111.38,110.69,50,stock
2018-03-07,BARUN,110.92,111.83,112.51,110.69,1710,stock
2018-03-11,BARUN,111.83,110.47,112.29,110.47,410,stock
2018-03-12,BARUN,110.47,109.1,110.24,109.1,2483,stock
2018-03-13,BARUN,108.42,110.47,111.15,108.42,570,stock
2018-03-14,BARUN,111.15,111.83,111.83,111.15,110,stock
2018-03-15,BARUN,112.51,112.97,113.42,112.51,530,stock
2018-03-19,BARUN,114.1,114.56,114.79,113.42,1327,stock
2018-03-20,BARUN,115.24,114.79,115.24,113.88,614,stock
2018-03-21,BARUN,114.1,113.88,114.56,113.42,832,stock
2018-03-22,BARUN,113.19,114.1,114.1,113.19,274,stock
2018-03-26,BARUN,114.1,114.1,114.33,113.42,1214,stock
2018-03-27,BARUN,113.42,113.42,113.42,112.74,2296,stock
2018-03-28,BARUN,114.1,115.01,115.47,113.42,1280,stock
2018-03-29,BARUN,115.69,115.69,116.38,115.69,820,stock
2018-04-01,BARUN,115.47,115.01,115.47,114.33,260,stock
2018-04-02,BARUN,115.69,115.69,115.69,115.69,126,stock
2018-04-03,BARUN,115.01,113.19,115.01,112.97,1270,stock
2018-04-04,BARUN,112.97,112.97,113.19,112.97,30,stock
2018-04-05,BARUN,113.65,112.97,113.65,112.97,70,stock
2018-04-08,BARUN,113.19,112.97,113.19,112.51,419,stock
2018-04-09,BARUN,113.88,113.42,113.88,113.42,110,stock
2018-04-10,BARUN,113.19,112.29,113.19,112.29,70,stock
2018-04-11,BARUN,111.6,111.38,111.6,111.38,20,stock
2018-04-12,BARUN,110.92,110.69,111.6,110.47,1702,stock
2018-04-15,BARUN,110.47,111.83,111.83,111.15,90,stock
2018-04-16,BARUN,111.15,112.06,112.06,110.47,234,stock
2018-04-18,BARUN,112.74,114.1,114.1,112.74,80,stock
2018-04-19,BARUN,114.79,115.47,115.47,113.42,930,stock
2018-04-22,BARUN,115.47,116.15,116.15,114.33,1330,stock
2018-04-23,BARUN,115.47,114.1,115.47,114.1,380,stock
2018-04-24,BARUN,113.42,113.65,114.1,113.42,169,stock
2018-04-25,BARUN,113.65,112.74,113.65,112.51,428,stock
2018-04-26,BARUN,112.74,112.51,113.19,112.06,888,stock
2018-04-29,BARUN,111.83,110.01,111.83,109.33,2290,stock
2018-05-02,BARUN,109.33,110.47,110.92,109.33,128,stock
2018-05-03,BARUN,111.15,109.56,111.38,109.33,4059,stock
2018-05-06,BARUN,109.33,110.01,110.01,107.28,5155,stock
2018-05-07,BARUN,110.01,110.24,111.15,109.1,5010,stock
2018-05-08,BARUN,110.92,110.01,110.92,109.1,4974,stock
2018-05-09,BARUN,110.01,108.65,110.24,108.65,1260,stock
2018-05-10,BARUN,108.65,109.56,110.01,108.88,3495,stock
2018-05-14,BARUN,109.1,109.1,109.56,109.1,580,stock
2018-05-15,BARUN,109.1,109.1,109.1,109.1,20,stock
2018-05-16,BARUN,108.42,108.88,109.33,108.42,70,stock
2018-05-17,BARUN,108.88,109.1,109.33,108.88,67,stock
2018-05-20,BARUN,109.33,108.65,109.33,108.65,1000,stock
2018-05-21,BARUN,108.65,108.42,108.65,107.74,1561,stock
2018-05-22,BARUN,107.97,107.97,108.19,107.97,540,stock
2018-05-23,BARUN,107.28,107.28,107.97,107.28,150,stock
2018-05-24,BARUN,107.28,108.65,108.65,106.83,120,stock
2018-05-27,BARUN,108.65,107.51,108.65,107.51,22954,stock
2018-05-28,BARUN,107.51,108.65,108.65,107.06,7168,stock
2018-05-30,BARUN,109.1,109.1,109.1,109.1,50,stock
2018-05-31,BARUN,108.65,107.97,108.65,107.51,22072,stock
2018-06-03,BARUN,107.28,107.28,107.28,107.28,10,stock
2018-06-04,BARUN,107.28,107.28,107.51,107.28,1067,stock
2018-06-06,BARUN,107.28,107.28,107.28,107.28,100,stock
2018-06-07,BARUN,107.06,106.83,107.28,106.6,1251,stock
2018-06-10,BARUN,106.15,106.15,106.15,106.15,120,stock
2018-06-11,BARUN,105.69,105.69,106.6,105.47,1324,stock
2018-06-12,BARUN,105.01,105.24,105.69,104.56,210,stock
2018-06-13,BARUN,105.24,105.69,105.69,105.24,222,stock
2018-06-14,BARUN,106.38,105.69,107.28,105.01,1760,stock
2018-06-17,BARUN,105.92,107.28,107.74,105.92,6763,stock
2018-06-18,BARUN,106.38,106.38,106.38,106.38,20,stock
2018-06-19,BARUN,105.69,107.06,107.06,105.69,122,stock
2018-06-20,BARUN,107.74,106.83,107.74,106.83,4930,stock
2018-06-21,BARUN,106.83,106.83,106.83,106.83,235,stock
2018-06-24,BARUN,106.15,106.38,106.83,106.15,1907,stock
2018-06-25,BARUN,105.69,105.01,105.69,104.56,910,stock
2018-06-26,BARUN,105.24,104.56,106.15,104.56,764,stock
2018-06-27,BARUN,104.56,105.24,105.24,104.56,54,stock
2018-06-28,BARUN,105.69,105.69,105.69,105.69,50,stock
2018-07-01,BARUN,103.19,103.42,103.42,103.19,30,stock
2018-07-02,BARUN,105.24,105.47,105.47,104.78,1143,stock
2018-07-03,BARUN,105.01,105.24,105.47,105.01,620,stock
2018-07-04,BARUN,105.24,105.24,105.47,105.24,30,stock
2018-07-05,BARUN,105.24,105.24,106.38,104.78,512,stock
2018-07-08,BARUN,105.24,105.24,105.47,105.24,90,stock
2018-07-09,BARUN,104.78,105.24,105.47,104.78,512,stock
2018-07-10,BARUN,105.69,107.74,107.74,105.69,1142,stock
2018-07-11,BARUN,107.97,105.92,107.97,105.92,1063,stock
2018-07-12,BARUN,105.69,105.69,106.15,105.69,411,stock
2018-07-15,BARUN,105.47,105.69,105.69,104.78,60,stock
2018-07-17,BARUN,105.69,105.01,105.69,105.01,50,stock
2018-07-18,BARUN,105.24,105.24,105.24,104.56,2589,stock
2018-07-19,BARUN,104.78,104.33,104.78,104.33,20,stock
2018-07-22,BARUN,103.88,103.88,103.88,103.88,10,stock
2018-07-23,BARUN,103.42,104.33,104.33,102.97,2541,stock
2018-07-24,BARUN,104.33,104.33,104.56,104.33,50,stock
2018-07-25,BARUN,104.1,103.65,104.1,103.19,1862,stock
2018-07-26,BARUN,103.65,104.1,104.1,103.42,161,stock
2018-07-30,BARUN,103.65,103.65,103.65,103.65,10,stock
2018-07-31,BARUN,103.19,103.65,103.65,102.74,152,stock
2018-08-01,BARUN,103.19,103.42,103.42,103.19,50,stock
2018-08-02,BARUN,103.88,102.97,103.88,102.97,1143,stock
2018-08-05,BARUN,102.97,102.74,102.97,102.51,174,stock
2018-08-06,BARUN,102.51,102.51,102.51,102.51,20,stock
2018-08-07,BARUN,102.06,103.42,103.42,102.06,356,stock
2018-08-08,BARUN,103.42,103.42,103.42,103.42,47,stock
2018-08-13,BARUN,103.42,102.97,103.42,102.97,20,stock
2018-08-14,BARUN,102.51,102.28,102.51,102.28,32,stock
2018-08-15,BARUN,102.28,102.74,103.19,102.28,50,stock
2018-08-16,BARUN,102.28,102.74,102.74,102.28,40,stock
2018-08-19,BARUN,102.74,102.28,102.74,102.28,210,stock
2018-08-20,BARUN,102.28,101.83,102.28,101.38,710,stock
2018-08-21,BARUN,101.83,102.06,102.51,101.83,250,stock
2018-08-22,BARUN,101.83,101.38,101.83,101.38,2600,stock
2018-08-23,BARUN,100.92,101.38,101.38,100.92,730,stock
2018-08-26,BARUN,100.92,100.47,100.92,100.24,1493,stock
2018-08-28,BARUN,100.69,101.15,101.15,100.47,380,stock
2018-08-29,BARUN,101.15,101.15,101.6,101.15,510,stock
2018-08-30,BARUN,101.15,101.6,101.6,101.15,72,stock
2018-09-02,BARUN,101.15,101.6,101.6,101.15,92,stock
2018-09-03,BARUN,101.83,102.06,102.74,101.38,890,stock
2018-09-04,BARUN,102.51,102.06,102.51,102.06,450,stock
2018-09-05,BARUN,101.6,102.28,102.28,101.6,530,stock
2018-09-06,BARUN,102.74,102.28,103.19,102.28,120,stock
2018-09-09,BARUN,101.83,101.38,102.06,101.15,1122,stock
2018-09-10,BARUN,100.92,100.24,101.38,100.24,844,stock
2018-09-11,BARUN,100.24,100.69,100.92,100.01,120,stock
2018-09-12,BARUN,101.15,101.15,101.15,101.15,10,stock
2018-09-13,BARUN,101.15,101.15,101.15,101.15,612,stock
2018-09-16,BARUN,100.69,100.69,100.69,100.47,900,stock
2018-09-17,BARUN,100.24,100.24,100.47,100.24,50,stock
2018-09-18,BARUN,100.24,100.69,100.69,99.78,1809,stock
2018-09-20,BARUN,100.47,100.92,100.92,100.47,156,stock
2018-09-23,BARUN,100.92,100.92,101.38,99.56,351,stock
2018-09-25,BARUN,100.47,101.83,101.83,100.47,649,stock
2018-09-26,BARUN,101.83,100.92,101.83,100.92,5165,stock
2018-09-27,BARUN,101.38,100.69,102.06,100.69,3870,stock
2018-09-30,BARUN,100.24,100.92,101.6,100.24,1901,stock
2018-10-01,BARUN,100.47,100.47,100.47,100.47,382,stock
2018-10-02,BARUN,100.47,100.69,100.69,100.24,380,stock
2018-10-03,BARUN,100.69,100.47,100.69,100.47,30,stock
2018-10-04,BARUN,100.01,100.01,100.01,100.01,520,stock
2018-10-07,BARUN,99.56,99.56,99.56,99.56,21,stock
2018-10-08,BARUN,99.33,99.33,100.47,99.33,3315,stock
2018-10-09,BARUN,98.87,99.33,99.33,98.42,3465,stock
2018-10-10,BARUN,98.87,98.87,98.87,98.87,110,stock
2018-10-11,BARUN,98.65,99.56,99.56,98.42,1200,stock
2018-10-14,BARUN,100.01,100.01,100.01,99.78,2027,stock
2018-10-15,BARUN,99.56,99.56,99.56,98.65,218,stock
2018-10-23,BARUN,100.01,100.01,100.01,99.78,120,stock
2018-10-24,BARUN,100.01,100.01,100.01,99.33,210,stock
2018-10-25,BARUN,99.56,98.19,99.56,98.19,625,stock
2018-10-28,BARUN,98.19,98.87,98.87,98.19,50,stock
2018-10-29,BARUN,98.65,98.19,98.65,98.19,80,stock
2018-10-30,BARUN,97.97,97.74,98.42,97.97,193,stock
2018-10-31,BARUN,98.19,99.78,99.78,97.97,720,stock
2018-11-01,BARUN,100.24,100.01,100.24,100.01,20,stock
2018-11-04,BARUN,99.78,99.56,99.78,99.56,170,stock
2018-11-05,BARUN,99.56,99.78,100.47,99.56,578,stock
2018-11-14,BARUN,100.01,99.1,100.01,99.1,190,stock
2018-11-22,BARUN,99.1,98.65,99.1,98.65,20,stock
2018-11-25,BARUN,98.65,98.87,98.87,98.19,320,stock
2018-11-26,BARUN,98.87,98.87,98.87,98.42,330,stock
2018-11-27,BARUN,98.87,98.42,98.87,98.42,800,stock
2018-11-28,BARUN,98.42,98.42,98.87,98.42,90,stock
2018-11-29,BARUN,98.42,97.97,98.42,97.97,30,stock
2018-12-02,BARUN,97.97,96.37,98.19,96.15,1740,stock
2018-12-03,BARUN,96.37,96.6,96.83,96.37,100,stock
2018-12-04,BARUN,96.6,96.15,96.6,96.15,370,stock
2018-12-06,BARUN,95.69,95.69,95.69,95.24,110,stock
2018-12-09,BARUN,95.69,97.06,97.06,95.69,337,stock
2018-12-10,BARUN,97.06,97.97,97.97,96.6,11650,stock
2018-12-11,BARUN,97.97,97.97,98.42,97.97,516,stock
2018-12-12,BARUN,97.97,97.51,97.97,97.51,30,stock
2018-12-13,BARUN,97.51,97.28,97.51,97.06,40,stock
2018-12-16,BARUN,97.28,97.51,97.74,97.28,50,stock
2018-12-17,BARUN,97.51,97.51,97.51,97.51,200,stock
2018-12-18,BARUN,97.51,96.6,97.51,96.6,1140,stock
2018-12-19,BARUN,96.6,96.6,96.6,96.15,190,stock
2018-12-20,BARUN,96.6,96.6,96.6,96.15,176,stock
2018-12-23,BARUN,96.6,96.15,96.6,96.15,190,stock
2018-12-24,BARUN,96.15,95.69,96.15,95.69,70,stock
2018-12-25,BARUN,95.69,95.24,95.69,95.24,310,stock
2018-12-26,BARUN,95.24,95.24,95.24,94.78,60,stock
2018-12-27,BARUN,95.24,96.37,96.37,95.24,153,stock
2018-12-30,BARUN,96.37,97.06,97.06,96.37,730,stock
2018-12-31,BARUN,97.06,97.51,97.51,96.83,247,stock
2019-01-01,BARUN,97.51,97.06,97.51,97.06,50,stock
2019-01-02,BARUN,97.06,96.6,97.06,96.6,500,stock
2019-01-03,BARUN,96.6,95.92,96.6,95.92,160,stock
2019-01-06,BARUN,95.92,95.69,95.92,95.47,620,stock
2019-01-07,BARUN,95.69,95.24,95.69,95.24,100,stock
2019-01-08,BARUN,95.24,95.47,95.47,95.24,21,stock
2019-01-09,BARUN,95.47,95.01,95.69,95.01,1223,stock
2019-01-10,BARUN,95.01,95.01,95.24,94.78,80,stock
2019-01-13,BARUN,95.01,95.24,95.24,94.78,70,stock
2019-01-14,BARUN,95.24,94.78,95.24,94.78,1164,stock
2019-01-15,BARUN,94.78,95.24,95.24,94.33,30,stock
2019-01-16,BARUN,95.24,95.69,95.69,95.24,978,stock
2019-01-17,BARUN,95.69,96.15,96.15,95.69,660,stock
2019-01-20,BARUN,96.15,96.15,96.15,96.15,500,stock
2019-01-21,BARUN,96.15,96.6,96.6,95.69,950,stock
2019-01-22,BARUN,96.6,96.15,96.6,95.92,350,stock
2019-01-23,BARUN,96.15,95.47,96.15,95.47,725,stock
2019-01-24,BARUN,95.47,95.92,95.92,95.24,60,stock
2019-01-27,BARUN,95.92,95.01,95.92,95.01,879,stock
2019-01-28,BARUN,95.01,95.01,95.47,95.01,1404,stock
2019-01-29,BARUN,95.01,95.01,95.24,95.01,90,stock
2019-01-30,BARUN,95.01,95.01,95.47,94.56,2501,stock
2019-01-31,BARUN,95.01,95.01,95.01,94.56,40,stock
2019-02-03,BARUN,94.78,94.56,95.01,94.56,1862,stock
2019-02-04,BARUN,94.56,95.24,95.24,94.56,1122,stock
2019-02-05,BARUN,94.78,94.33,95.24,94.33,5280,stock
2019-02-06,BARUN,93.87,95.01,95.47,93.87,353,stock
2019-02-07,BARUN,94.56,94.56,95.01,94.33,1247,stock
2019-02-10,BARUN,94.33,94.33,94.56,94.33,10,stock
2019-02-11,BARUN,93.87,93.65,94.33,93.65,5350,stock
2019-02-12,BARUN,93.65,93.42,93.65,93.19,8190,stock
2019-02-13,BARUN,93.65,93.19,93.87,93.19,1670,stock
2019-02-14,BARUN,92.97,92.97,93.19,92.97,110,stock
2019-02-17,BARUN,93.19,93.19,93.42,92.97,698,stock
2019-02-18,BARUN,92.97,92.74,93.19,92.74,140,stock
2019-02-19,BARUN,92.51,92.51,92.74,92.51,50,stock
2019-02-20,BARUN,92.74,92.74,92.74,92.51,600,stock
2019-02-21,BARUN,92.51,92.97,92.97,92.51,2623,stock
2019-02-24,BARUN,92.97,92.51,92.97,92.51,290,stock
2019-02-25,BARUN,92.28,92.51,92.51,92.28,380,stock
2019-02-26,BARUN,92.51,92.28,92.74,92.28,290,stock
2019-02-27,BARUN,92.51,92.74,92.74,92.28,450,stock
2019-03-03,BARUN,92.97,92.28,92.97,92.06,350,stock
2019-03-05,BARUN,92.51,92.97,92.97,92.28,510,stock
2019-03-06,BARUN,92.74,92.74,92.97,92.74,70,stock
2019-03-07,BARUN,92.74,93.19,93.19,92.28,622,stock
2019-03-09,BARUN,93.42,93.42,93.42,93.19,10,stock
2019-03-10,BARUN,93.42,93.42,93.42,93.19,10,stock
2019-03-11,BARUN,93.19,92.74,93.42,92.74,910,stock
2019-03-12,BARUN,92.74,93.19,93.65,92.74,1690,stock
2019-03-13,BARUN,92.74,93.87,94.78,92.74,1910,stock
2019-03-14,BARUN,93.65,93.42,94.33,93.42,1490,stock
2019-03-17,BARUN,93.65,93.87,93.87,93.42,1360,stock
2019-03-18,BARUN,93.65,93.42,94.33,93.19,4838,stock
2019-03-19,BARUN,93.42,93.19,93.65,93.19,3607,stock
2019-03-21,BARUN,92.97,92.74,92.97,92.74,2734,stock
2019-03-24,BARUN,92.51,92.74,92.97,92.51,5190,stock
2019-03-25,BARUN,92.51,93.19,93.19,92.51,700,stock
2019-03-26,BARUN,93.19,93.65,93.87,93.19,1242,stock
2019-03-27,BARUN,93.65,93.87,93.87,93.87,1050,stock
2019-03-28,BARUN,93.65,93.65,93.87,93.42,1620,stock
2019-03-31,BARUN,93.42,93.42,93.65,93.42,820,stock
2019-04-01,BARUN,93.19,93.19,93.19,92.97,1550,stock
2019-04-02,BARUN,93.19,93.65,93.65,93.19,660,stock
2019-04-03,BARUN,93.42,93.87,93.87,93.42,1592,stock
2019-04-04,BARUN,93.87,93.87,94.1,93.65,130,stock
2019-04-07,BARUN,93.65,93.19,93.87,93.19,2710,stock
2019-04-08,BARUN,93.19,93.87,93.87,93.19,51,stock
2019-04-09,BARUN,93.65,93.19,93.65,93.19,535,stock
2019-04-10,BARUN,92.97,92.97,93.19,92.97,360,stock
2019-04-11,BARUN,92.74,93.19,93.19,92.74,241,stock
2019-04-15,BARUN,92.97,93.19,93.19,92.97,139,stock
2019-04-16,BARUN,93.19,93.42,93.42,93.19,610,stock
2019-04-17,BARUN,93.42,93.19,93.19,93.19,280,stock
2019-04-18,BARUN,92.97,92.74,92.97,92.74,740,stock
2019-04-21,BARUN,92.51,92.51,92.51,92.51,1100,stock
2019-04-22,BARUN,92.51,92.51,92.74,92.51,671,stock
2019-04-23,BARUN,92.74,92.28,92.97,92.28,2411,stock
2019-04-24,BARUN,92.28,92.06,92.97,92.06,1691,stock
2019-04-25,BARUN,92.06,92.06,92.28,91.83,4741,stock
2019-04-28,BARUN,91.83,92.74,92.74,91.83,860,stock
2019-04-29,BARUN,92.51,92.97,92.97,92.51,370,stock
2019-04-30,BARUN,92.74,92.74,93.42,92.74,8940,stock
2019-05-02,BARUN,92.51,92.97,93.65,92.51,900,stock
2019-05-05,BARUN,92.74,92.51,92.74,92.51,512,stock
2019-05-06,BARUN,92.74,92.74,92.74,92.74,224,stock
2019-05-07,BARUN,92.51,92.51,92.74,92.51,2030,stock
2019-05-08,BARUN,92.51,92.51,92.74,92.28,491,stock
2019-05-09,BARUN,92.28,92.28,92.28,92.28,718,stock
2019-05-12,BARUN,92.06,92.06,92.51,92.06,810,stock
2019-05-13,BARUN,92.28,92.97,92.97,92.06,2604,stock
2019-05-14,BARUN,93.19,92.74,93.19,92.28,277,stock
2019-05-15,BARUN,92.51,92.51,92.51,92.28,1894,stock
2019-05-16,BARUN,92.28,92.28,92.51,92.28,400,stock
2019-05-19,BARUN,92.51,93.87,93.87,92.51,101,stock
2019-05-21,BARUN,93.65,93.42,93.65,93.19,4549,stock
2019-05-22,BARUN,93.19,94.78,95.47,93.19,9619,stock
2019-05-23,BARUN,94.78,93.65,95.69,93.42,4790,stock
2019-05-26,BARUN,93.87,93.87,94.1,93.65,550,stock
2019-05-27,BARUN,93.87,94.33,94.33,93.87,120,stock
2019-05-28,BARUN,94.33,94.33,94.56,93.87,650,stock
2019-05-29,BARUN,94.1,93.87,94.1,93.87,315,stock
2019-05-30,BARUN,93.87,94.1,94.1,93.87,735,stock
2019-06-02,BARUN,94.33,93.42,94.33,93.42,150,stock
2019-06-03,BARUN,93.19,92.97,93.19,92.97,180,stock
2019-06-04,BARUN,92.74,93.42,93.65,92.74,180,stock
2019-06-06,BARUN,93.65,93.65,93.87,93.65,210,stock
2019-06-10,BARUN,93.42,93.42,93.42,93.42,10,stock
2019-06-11,BARUN,93.19,93.65,93.65,93.19,200,stock
2019-06-13,BARUN,93.42,93.42,93.42,93.42,75,stock
2019-06-16,BARUN,93.19,92.51,93.19,92.51,150,stock
2019-06-17,BARUN,92.28,92.74,92.97,92.28,431,stock
2019-06-18,BARUN,92.51,92.51,92.51,92.51,70,stock
2019-06-19,BARUN,92.28,92.51,92.51,92.28,80,stock
2019-06-20,BARUN,92.28,92.28,92.28,92.28,10,stock
2019-06-23,BARUN,92.06,92.28,92.28,92.06,70,stock
2019-06-24,BARUN,92.06,92.51,92.51,92.06,660,stock
2019-06-25,BARUN,92.28,92.28,92.28,92.28,60,stock
2019-06-26,BARUN,92.06,92.28,92.28,92.06,518,stock
2019-06-27,BARUN,92.28,92.51,92.51,92.06,560,stock
2019-06-30,BARUN,92.28,92.06,92.28,92.06,70,stock
2019-07-01,BARUN,92.28,92.51,92.74,91.83,760,stock
2019-07-02,BARUN,92.51,92.51,92.51,92.51,177,stock
2019-07-03,BARUN,92.51,92.74,92.74,92.51,590,stock
2019-07-04,BARUN,92.51,92.28,92.51,92.28,300,stock
2019-07-07,BARUN,92.06,92.06,92.51,92.06,2070,stock
2019-07-08,BARUN,91.83,91.83,91.83,91.83,870,stock
2019-07-09,BARUN,92.06,92.06,92.06,92.06,120,stock
2019-07-10,BARUN,91.83,92.06,92.28,91.83,520,stock
2019-07-11,BARUN,92.06,92.06,92.06,92.06,70,stock
2019-07-14,BARUN,92.06,91.83,92.06,91.83,1090,stock
2019-07-15,BARUN,91.6,91.6,91.6,91.6,20,stock
2019-07-16,BARUN,91.83,92.06,92.06,91.83,255,stock
2019-07-17,BARUN,92.97,92.97,92.97,92.51,2159,stock
2019-07-23,BARUN,92.74,92.51,92.74,92.51,506,stock
2019-07-24,BARUN,92.28,93.19,93.19,92.28,810,stock
2019-07-25,BARUN,92.97,92.28,92.97,92.28,3260,stock
2019-07-28,BARUN,92.06,92.28,92.28,92.06,150,stock
2019-07-29,BARUN,92.06,92.06,92.28,92.06,70,stock
2019-07-30,BARUN,92.06,92.28,92.28,92.06,372,stock
2019-07-31,BARUN,92.06,92.06,92.06,92.06,110,stock
2019-08-01,BARUN,92.06,92.06,92.06,92.06,201,stock
2019-08-04,BARUN,92.06,91.83,92.06,91.83,2419,stock
2019-08-05,BARUN,91.83,91.6,91.83,91.6,370,stock
2019-08-06,BARUN,91.37,91.37,91.37,91.37,1244,stock
2019-08-07,BARUN,91.15,91.15,91.15,91.15,50,stock
2019-08-08,BARUN,91.15,91.37,91.37,91.15,1224,stock
2019-08-11,BARUN,91.37,91.6,91.6,91.37,192,stock
2019-08-12,BARUN,91.37,92.06,92.06,91.37,40,stock
2019-08-13,BARUN,91.83,92.28,92.28,91.83,120,stock
2019-08-14,BARUN,92.06,92.06,92.06,91.83,210,stock
2019-08-15,BARUN,92.06,92.06,92.06,92.06,20,stock
2019-08-18,BARUN,92.06,92.06,92.06,92.06,10,stock
2019-08-19,BARUN,92.06,91.6,92.28,91.37,720,stock
2019-08-20,BARUN,91.83,91.37,92.06,91.37,1958,stock
2019-08-21,BARUN,91.15,91.15,91.37,91.15,505,stock
2019-08-22,BARUN,90.92,91.15,91.37,90.92,365,stock
2019-08-25,BARUN,91.15,90.69,91.15,90.69,239,stock
2019-08-26,BARUN,90.46,90.69,90.69,90.46,929,stock
2019-08-27,BARUN,90.92,90.92,90.92,90.69,362,stock
2019-08-28,BARUN,90.69,90.69,90.69,90.69,30,stock
2019-08-29,BARUN,90.69,90.69,90.69,90.46,70,stock
2019-09-01,BARUN,90.46,90.46,90.46,90.46,10,stock
2019-09-04,BARUN,90.92,91.15,91.15,90.92,20,stock
2019-09-05,BARUN,90.92,90.92,91.15,90.92,70,stock
2019-09-08,BARUN,90.69,90.92,91.15,90.69,50,stock
2019-09-09,BARUN,91.15,91.6,91.83,91.15,1350,stock
2019-09-10,BARUN,91.37,92.06,92.28,91.37,777,stock
2019-09-11,BARUN,91.83,91.6,92.06,91.6,285,stock
2019-09-12,BARUN,91.6,91.83,91.83,91.6,1417,stock
2019-09-15,BARUN,91.6,91.15,91.6,91.15,880,stock
2019-09-16,BARUN,90.92,90.92,91.15,90.92,80,stock
2019-09-17,BARUN,91.15,91.6,91.6,90.69,283,stock
2019-09-18,BARUN,91.83,91.83,91.83,91.6,50,stock
2019-09-19,BARUN,91.83,91.83,92.06,91.83,40,stock
2019-09-23,BARUN,91.6,91.6,91.6,91.6,110,stock
2019-09-24,BARUN,91.6,91.83,91.83,91.6,100,stock
2019-09-29,BARUN,91.6,91.6,91.6,91.6,10,stock
2019-10-01,BARUN,91.83,91.83,91.83,91.83,120,stock
2019-10-02,BARUN,91.6,91.6,91.83,91.6,30,stock
2019-10-03,BARUN,91.83,91.83,91.83,91.83,80,stock
2019-10-14,BARUN,91.6,91.83,91.83,91.6,110,stock
2019-10-17,BARUN,91.83,91.6,91.83,91.6,160,stock
2019-10-20,BARUN,91.37,91.37,91.37,91.37,120,stock
2019-10-21,BARUN,91.6,91.83,91.83,91.37,80,stock
2019-10-22,BARUN,91.6,92.06,92.06,91.6,172,stock
2019-10-23,BARUN,91.83,91.83,91.83,91.83,100,stock
2019-10-24,BARUN,92.06,92.06,92.06,92.06,110,stock
2019-10-31,BARUN,92.06,92.28,92.28,92.06,440,stock
2019-11-03,BARUN,92.51,93.19,93.19,92.51,190,stock
2019-11-04,BARUN,93.19,93.19,93.42,93.19,170,stock
2019-11-05,BARUN,93.42,93.19,93.42,93.19,30,stock
2019-11-14,BARUN,93.19,92.74,92.97,92.74,20,stock
2019-11-25,BARUN,92.51,92.28,92.51,92.28,30,stock
2019-11-26,BARUN,92.06,92.06,92.06,92.06,10,stock
2019-11-27,BARUN,91.83,91.6,91.83,91.6,520,stock
2019-12-04,BARUN,91.37,90.01,91.37,90.01,812,stock
2019-12-05,BARUN,89.78,89.33,89.78,89.1,2790,stock
2019-12-08,BARUN,89.1,89.1,89.1,89.1,10,stock
2019-12-09,BARUN,88.87,88.87,88.87,88.87,146,stock
2019-12-10,BARUN,89.1,89.1,89.33,89.1,40,stock
2019-12-11,BARUN,89.33,89.56,89.78,89.33,6120,stock
2019-12-12,BARUN,89.78,89.56,89.78,89.1,1097,stock
2019-12-16,BARUN,89.33,89.33,89.33,88.87,80,stock
2019-12-17,BARUN,89.56,89.78,89.78,89.56,50,stock
2019-12-18,BARUN,89.56,89.78,89.78,89.56,320,stock
2019-12-19,BARUN,89.78,89.78,89.78,89.78,20,stock
2019-12-22,BARUN,89.56,89.33,89.56,89.1,80,stock
2019-12-23,BARUN,89.1,90.01,90.01,89.1,260,stock
2019-12-24,BARUN,89.78,90.24,90.24,89.78,1830,stock
2019-12-25,BARUN,90.46,90.24,90.46,90.24,570,stock
2019-12-26,BARUN,90.01,90.01,90.24,90.01,140,stock
2019-12-29,BARUN,90.24,90.24,90.69,90.24,2345,stock
2019-12-30,BARUN,90.46,90.24,90.69,90.01,3363,stock
2019-12-31,BARUN,90.24,90.69,90.69,90.24,121,stock
2020-01-01,BARUN,90.92,90.92,90.92,90.92,10,stock
2020-01-02,BARUN,90.69,90.24,90.69,90.24,310,stock
2020-01-05,BARUN,90.01,90.69,90.69,90.01,1133,stock
2020-01-06,BARUN,90.69,91.15,91.37,90.69,741,stock
2020-01-07,BARUN,90.92,91.37,91.37,90.92,270,stock
2020-01-08,BARUN,91.6,91.6,91.6,91.6,210,stock
2020-01-12,BARUN,91.83,92.06,92.06,91.6,475,stock
2020-01-13,BARUN,91.83,93.19,93.19,91.83,1589,stock
2020-01-14,BARUN,92.97,91.83,92.97,91.6,2997,stock
2020-01-15,BARUN,92.06,92.28,92.28,92.06,60,stock
2020-01-16,BARUN,92.28,92.28,92.74,92.28,770,stock
2020-01-19,BARUN,92.51,93.19,93.19,92.51,673,stock
2020-01-20,BARUN,93.19,92.97,93.42,92.97,2216,stock
2020-01-21,BARUN,92.97,92.51,92.97,92.28,1292,stock
2020-01-22,BARUN,92.51,92.28,92.51,92.06,460,stock
2020-01-23,BARUN,92.28,91.6,92.51,91.6,1820,stock
2020-01-26,BARUN,91.37,91.6,91.83,91.37,150,stock
2020-01-27,BARUN,91.6,91.83,91.83,91.37,725,stock
2020-01-28,BARUN,92.06,92.51,92.74,92.06,491,stock
2020-01-29,BARUN,92.74,92.51,92.97,92.51,1220,stock
2020-01-30,BARUN,92.28,92.97,92.97,92.06,511,stock
2020-02-02,BARUN,92.97,92.74,93.19,92.74,2825,stock
2020-02-03,BARUN,92.51,94.1,94.1,92.51,4476,stock
2020-02-04,BARUN,94.33,94.1,95.24,94.1,12320,stock
2020-02-05,BARUN,94.1,93.42,94.33,93.42,4243,stock
2020-02-06,BARUN,93.19,93.87,93.87,93.19,550,stock
2020-02-09,BARUN,93.87,93.65,93.87,93.42,240,stock
2020-02-10,BARUN,93.65,93.42,93.65,93.19,380,stock
2020-02-11,BARUN,93.19,94.1,94.1,93.19,469,stock
2020-02-12,BARUN,94.33,93.42,94.33,93.19,2028,stock
2020-02-13,BARUN,93.42,93.19,93.42,92.97,758,stock
2020-02-16,BARUN,93.42,93.42,93.87,92.97,1151,stock
2020-02-17,BARUN,93.65,94.33,94.78,93.65,11912,stock
2020-02-18,BARUN,94.78,93.65,94.78,93.65,1330,stock
2020-02-19,BARUN,93.87,93.42,93.87,93.42,1316,stock
2020-02-20,BARUN,93.42,94.1,94.1,93.19,4014,stock
2020-02-23,BARUN,93.87,92.97,94.1,92.97,7725,stock
2020-02-24,BARUN,92.97,93.42,93.87,93.19,3870,stock
2020-02-25,BARUN,93.19,95.01,95.01,93.19,6594,stock
2020-02-26,BARUN,95.47,95.01,95.92,94.56,8093,stock
2020-02-27,BARUN,95.01,94.56,95.47,94.1,8815,stock
2020-03-01,BARUN,94.56,94.33,95.01,93.87,1615,stock
2020-03-02,BARUN,94.78,93.42,94.78,93.42,5670,stock
2020-03-03,BARUN,93.42,93.65,93.87,93.42,1283,stock
2020-03-04,BARUN,93.42,93.19,93.42,93.19,1985,stock
2020-03-05,BARUN,92.97,93.19,93.19,92.51,1469,stock
2020-03-10,BARUN,93.42,93.42,93.42,93.42,10,stock
2020-03-11,BARUN,93.19,92.97,93.19,92.74,1357,stock
2020-03-12,BARUN,92.74,92.51,92.74,92.28,1813,stock
2020-03-15,BARUN,92.28,91.37,92.28,91.37,7167,stock
2020-03-16,BARUN,91.15,91.37,91.37,90.92,2055,stock
2020-03-17,BARUN,91.15,90.92,91.15,90.69,1190,stock
2020-03-18,BARUN,90.69,90.24,90.69,90.24,280,stock
2020-03-19,BARUN,90.01,90.92,90.92,90.01,1340,stock
2020-07-01,BARUN,90.69,90.69,90.69,90.69,1000,stock
2020-07-05,BARUN,90.69,90.24,90.69,90.24,700,stock
2020-07-06,BARUN,90.24,90.24,90.24,89.78,455,stock
2020-07-07,BARUN,90.01,90.01,90.46,89.78,83,stock
2020-07-08,BARUN,90.01,90.69,90.69,89.78,161,stock
2020-07-09,BARUN,90.69,90.92,90.92,90.69,50,stock
2020-07-12,BARUN,91.15,91.15,91.37,91.15,110,stock
2020-07-13,BARUN,90.92,90.92,90.92,90.92,10,stock
2020-07-15,BARUN,90.69,90.69,91.37,90.69,321,stock
2020-07-16,BARUN,90.46,90.69,90.69,90.46,380,stock
2020-07-20,BARUN,90.46,90.46,90.92,90.46,2080,stock
2020-07-21,BARUN,90.46,90.92,90.92,90.46,1635,stock
2020-07-22,BARUN,90.69,90.46,90.92,90.46,460,stock
2020-07-23,BARUN,90.24,90.46,90.46,90.24,1097,stock
2020-07-26,BARUN,90.46,90.46,90.46,90.24,820,stock
2020-07-27,BARUN,90.46,90.01,90.46,89.78,1140,stock
2020-07-28,BARUN,89.78,89.78,89.78,89.56,382,stock
2020-07-29,BARUN,89.78,89.56,90.01,89.56,2620,stock
2020-07-30,BARUN,89.78,90.69,90.92,89.78,180,stock
2020-08-02,BARUN,90.92,90.69,91.6,90.69,2093,stock
2020-08-03,BARUN,90.92,91.15,91.15,90.69,1164,stock
2020-08-05,BARUN,91.15,91.15,91.37,91.15,980,stock
2020-08-06,BARUN,91.15,90.92,91.15,90.92,1521,stock
2020-08-09,BARUN,90.69,90.69,90.92,90.46,376,stock
2020-08-10,BARUN,90.92,91.15,91.6,90.92,1690,stock
2020-08-11,BARUN,90.92,90.92,91.37,90.92,1785,stock
2020-08-12,BARUN,90.69,90.24,90.69,90.24,1030,stock
2020-08-13,BARUN,90.24,90.92,90.92,90.24,1959,stock
2020-08-16,BARUN,90.69,90.92,90.92,90.69,656,stock
2020-08-17,BARUN,90.69,90.69,90.92,90.69,441,stock
2020-08-18,BARUN,90.69,91.6,91.6,90.69,720,stock
2020-08-19,BARUN,91.37,91.15,91.37,91.15,1140,stock
2020-08-20,BARUN,90.92,91.15,91.15,90.92,210,stock
2020-08-23,BARUN,90.92,91.37,91.37,90.92,389,stock
2020-08-24,BARUN,91.15,91.15,91.37,91.15,330,stock
2020-08-25,BARUN,90.92,90.92,90.92,90.92,370,stock
2020-08-26,BARUN,90.92,90.92,91.37,90.92,2020,stock
2020-08-27,BARUN,91.15,91.6,92.51,91.15,2840,stock
2020-08-30,BARUN,91.6,91.83,92.06,91.37,507,stock
2020-08-31,BARUN,91.6,93.65,93.65,91.6,3572,stock
2020-09-02,BARUN,93.87,95.69,95.69,93.87,16135,stock
2020-09-03,BARUN,96.15,96.6,97.97,95.24,23156,stock
2020-09-06,BARUN,97.74,96.37,98.19,95.47,76903,stock
2020-09-07,BARUN,96.37,95.92,96.37,95.47,13760,stock
2020-09-08,BARUN,95.47,95.47,95.92,95.01,3862,stock
2020-09-09,BARUN,95.92,95.47,95.92,95.47,2326,stock
2020-09-10,BARUN,95.01,95.01,95.92,95.01,3009,stock
2020-09-13,BARUN,95.47,95.92,96.15,95.01,13339,stock
2020-09-14,BARUN,97.06,98.19,98.19,96.6,79246,stock
2020-09-15,BARUN,99.33,98.87,100.69,97.51,39800,stock
2020-09-16,BARUN,98.42,101.6,101.6,97.74,65149,stock
2020-09-17,BARUN,102.97,104.56,104.56,102.28,42251,stock
2020-09-20,BARUN,105.01,102.97,105.47,101.38,41777,stock
2020-09-21,BARUN,102.51,100.92,104.78,100.69,42392,stock
2020-09-22,BARUN,100.92,102.28,103.19,100.92,93468,stock
2020-09-23,BARUN,101.83,102.51,102.97,101.15,55118,stock
2020-09-24,BARUN,102.97,105.47,105.47,102.97,145707,stock
2020-09-27,BARUN,105.92,108.65,108.65,105.92,65523,stock
2020-09-28,BARUN,110.47,108.19,110.47,106.6,98523,stock
2020-09-29,BARUN,108.19,108.65,110.01,106.6,68247,stock
2020-09-30,BARUN,108.65,109.1,110.47,107.28,65053,stock
2020-10-01,BARUN,110.24,107.28,110.24,107.28,63615,stock
2020-10-04,BARUN,107.28,107.28,107.97,106.15,29986,stock
2020-10-05,BARUN,107.06,108.88,110.01,107.06,61947,stock
2020-10-06,BARUN,110.69,112.51,112.51,109.33,114722,stock
2020-10-07,BARUN,113.19,116.6,116.6,113.19,51338,stock
2020-10-08,BARUN,118.65,116.38,120.92,116.15,102740,stock
2020-10-11,BARUN,115.92,116.83,118.2,113.88,78968,stock
2020-10-12,BARUN,117.51,115.69,117.97,114.79,22934,stock
2020-10-13,BARUN,115.69,113.88,116.83,113.42,35821,stock
2020-10-14,BARUN,113.19,111.38,114.1,111.38,42955,stock
2020-10-15,BARUN,111.38,112.06,113.65,110.24,41855,stock
2020-10-18,BARUN,111.38,110.69,113.65,110.47,19518,stock
2020-10-19,BARUN,111.38,114.1,114.33,111.38,24764,stock
2020-10-20,BARUN,114.1,115.24,116.6,114.1,62118,stock
2020-10-21,BARUN,115.01,114.79,115.69,114.33,31307,stock
2020-10-22,BARUN,114.33,114.33,115.01,113.88,14902,stock
2020-10-28,BARUN,115.01,114.33,115.01,113.19,17271,stock
2020-10-29,BARUN,113.65,114.79,116.15,113.65,14381,stock
2020-11-01,BARUN,115.47,116.6,116.6,114.79,54282,stock
2020-11-02,BARUN,116.83,115.69,117.06,115.69,25500,stock
2020-11-03,BARUN,116.38,116.15,117.06,115.47,13742,stock
2020-11-04,BARUN,116.83,116.15,116.83,115.47,10821,stock
2020-11-05,BARUN,116.15,117.06,117.29,115.92,45533,stock
2020-11-08,BARUN,116.15,120.7,120.92,116.15,100954,stock
2020-11-09,BARUN,119.33,121.15,122.51,119.33,86244,stock
2020-11-10,BARUN,118.88,121.38,122.51,118.88,42708,stock
2020-11-11,BARUN,122.29,121.15,122.74,120.92,21215,stock
2020-11-12,BARUN,122.06,120.01,122.74,119.79,29096,stock
2020-11-18,BARUN,118.88,118.88,120.01,116.83,44084,stock
2020-11-19,BARUN,117.97,119.79,120.47,117.29,25479,stock
2020-11-22,BARUN,120.7,118.65,120.7,117.97,18423,stock
2020-11-23,BARUN,117.74,118.65,120.47,117.74,16152,stock
2020-11-24,BARUN,117.74,119.33,120.01,117.74,29679,stock
2020-11-25,BARUN,119.79,119.56,119.79,117.97,28443,stock
2020-11-26,BARUN,120.92,117.74,120.92,117.06,49623,stock
2020-11-29,BARUN,117.06,117.29,117.97,116.15,33176,stock
2020-11-30,BARUN,116.6,120.01,120.24,116.15,29713,stock
2020-12-01,BARUN,120.47,118.2,120.7,117.74,17532,stock
2020-12-02,BARUN,120.47,118.42,120.47,117.51,18121,stock
2020-12-03,BARUN,120.7,117.51,120.7,116.6,21920,stock
2020-12-06,BARUN,116.6,114.1,116.6,114.1,21436,stock
2020-12-07,BARUN,114.79,116.6,117.51,113.88,23339,stock
2020-12-08,BARUN,116.38,115.69,118.2,114.79,25836,stock
2020-12-09,BARUN,116.38,116.38,117.97,115.69,22797,stock
2020-12-10,BARUN,116.38,115.47,116.6,115.24,7739,stock
2020-12-13,BARUN,115.47,116.15,116.38,114.79,14535,stock
2020-12-14,BARUN,116.38,115.69,116.83,115.01,10530,stock
2020-12-20,BARUN,117.74,113.65,118.2,113.42,23530,stock
2020-12-21,BARUN,112.97,115.47,115.69,110.92,15237,stock
2020-12-22,BARUN,115.47,115.47,116.6,114.1,8356,stock
2020-12-23,BARUN,116.15,114.33,116.15,113.42,7721,stock
2020-12-24,BARUN,113.88,113.88,115.92,112.97,7084,stock
2020-12-27,BARUN,114.33,113.19,114.33,112.97,3801,stock
2020-12-28,BARUN,113.65,112.51,113.65,112.29,16972,stock
2020-12-29,BARUN,112.06,111.6,112.74,111.6,8571,stock
2020-12-30,BARUN,110.92,112.51,114.1,110.92,10083,stock
2020-12-31,BARUN,112.17,112.17,113.84,111.93,8364,stock
2021-01-03,BARUN,112.89,112.17,112.89,111.46,2821,stock
2021-01-04,BARUN,111.93,112.41,114.8,111.93,9816,stock
2021-01-05,BARUN,113.13,115.27,116.47,112.65,18243,stock
2021-01-06,BARUN,117.42,115.27,117.42,113.13,27428,stock
2021-01-07,BARUN,113.13,115.51,116.71,113.13,8760,stock
2021-01-10,BARUN,116.23,115.51,116.95,115.04,6314,stock
2021-01-11,BARUN,115.51,115.27,115.99,114.56,9225,stock
2021-01-12,BARUN,114.56,115.27,115.51,114.56,5923,stock
2021-01-13,BARUN,115.04,119.09,119.57,114.8,55344,stock
2021-01-17,BARUN,121.24,123.39,123.63,121.0,85192,stock
2021-01-18,BARUN,125.78,128.4,128.4,125.78,90259,stock
2021-01-19,BARUN,131.03,130.79,133.89,125.78,91580,stock
2021-01-20,BARUN,133.65,128.88,133.65,127.21,59857,stock
2021-01-21,BARUN,129.12,126.97,129.12,125.3,38834,stock
2021-01-24,BARUN,127.92,127.45,130.31,126.97,27481,stock
2021-01-25,BARUN,127.68,127.68,129.36,126.49,29189,stock
2021-01-26,BARUN,128.4,128.16,129.36,127.68,29287,stock
2021-01-27,BARUN,130.79,127.92,130.79,126.97,13406,stock
2021-01-28,BARUN,127.92,126.49,127.92,126.25,13132,stock
2021-01-31,BARUN,127.45,125.06,127.45,122.91,20595,stock
2021-02-01,BARUN,125.06,126.25,126.97,125.06,16672,stock
2021-02-02,BARUN,126.73,126.01,127.68,125.78,18433,stock
2021-02-03,BARUN,126.49,126.25,126.73,125.06,39544,stock
2021-02-04,BARUN,127.21,131.5,131.5,127.21,132181,stock
2021-02-07,BARUN,134.37,134.37,137.47,131.98,77873,stock
2021-02-08,BARUN,135.08,132.22,135.56,131.26,32696,stock
2021-02-09,BARUN,132.46,130.31,132.46,129.83,17286,stock
2021-02-10,BARUN,130.31,130.07,131.26,129.36,20358,stock
2021-02-11,BARUN,129.59,129.59,130.31,129.36,18416,stock
2021-02-14,BARUN,130.55,133.17,134.13,130.31,49602,stock
2021-02-15,BARUN,134.13,136.04,137.23,133.65,95788,stock
2021-02-16,BARUN,136.04,132.46,136.04,129.59,140188,stock
2021-02-17,BARUN,132.46,130.31,133.17,129.59,55699,stock
2021-02-18,BARUN,130.31,129.59,130.79,129.36,37650,stock
2021-02-21,BARUN,129.12,130.31,133.41,126.97,32508,stock
2021-02-22,BARUN,131.26,129.59,131.26,129.59,17970,stock
2021-02-23,BARUN,128.88,129.12,129.12,126.73,27744,stock
2021-02-24,BARUN,130.07,128.64,131.03,127.21,11990,stock
2021-02-25,BARUN,127.68,127.68,128.64,127.21,14395,stock
2021-02-28,BARUN,126.73,124.34,127.45,124.34,20581,stock
2021-03-01,BARUN,124.58,127.92,127.92,123.63,15662,stock
2021-03-02,BARUN,130.55,126.73,130.55,125.3,19034,stock
2021-03-03,BARUN,125.78,123.39,126.73,122.91,24869,stock
2021-03-04,BARUN,124.11,127.45,127.45,124.11,10882,stock
2021-03-08,BARUN,126.49,126.49,127.21,125.54,7516,stock
2021-03-09,BARUN,125.54,127.68,129.36,125.54,26996,stock
2021-03-10,BARUN,127.21,127.92,129.12,126.97,6980,stock
2021-03-14,BARUN,130.55,126.97,130.55,126.01,9163,stock
2021-03-15,BARUN,126.97,125.78,127.92,123.87,34467,stock
2021-03-16,BARUN,125.78,126.73,127.92,124.11,16981,stock
2021-03-17,BARUN,126.25,126.73,127.68,126.01,7420,stock
2021-03-18,BARUN,126.01,126.01,127.68,125.3,13174,stock
2021-03-21,BARUN,125.06,126.49,128.16,125.06,24842,stock
2021-03-22,BARUN,125.78,126.25,126.25,125.54,14225,stock
2021-03-23,BARUN,125.3,127.21,127.21,125.06,13918,stock
2021-03-24,BARUN,127.21,127.45,128.16,126.97,17542,stock
2021-03-25,BARUN,128.16,127.68,128.16,126.49,19007,stock
2021-03-29,BARUN,125.3,130.31,132.94,125.3,56488,stock
2021-03-30,BARUN,131.26,130.31,131.26,129.36,18484,stock
2021-03-31,BARUN,133.17,131.03,133.17,129.36,25994,stock
2021-04-01,BARUN,131.74,130.79,131.74,129.59,16057,stock
2021-04-04,BARUN,131.5,130.31,131.74,130.07,18039,stock
2021-04-05,BARUN,133.17,129.12,133.17,128.88,14033,stock
2021-04-06,BARUN,128.16,131.03,131.5,128.16,38043,stock
2021-04-07,BARUN,131.26,130.31,132.7,129.59,17310,stock
2021-04-08,BARUN,130.31,130.07,131.03,129.59,12635,stock
2021-04-12,BARUN,130.55,129.36,130.79,129.36,9810,stock
2021-04-13,BARUN,128.88,130.79,131.98,128.88,24315,stock
2021-04-15,BARUN,130.31,129.83,131.26,129.83,25275,stock
2021-04-18,BARUN,130.79,129.59,130.79,129.36,12520,stock
2021-04-19,BARUN,129.12,129.12,131.26,127.92,25062,stock
2021-04-20,BARUN,129.12,129.12,130.07,128.16,10344,stock
2021-04-21,BARUN,130.07,129.12,130.07,128.4,9271,stock
2021-04-22,BARUN,128.16,129.59,130.07,128.16,17738,stock
2021-04-25,BARUN,128.64,127.45,128.88,126.73,18083,stock
2021-04-26,BARUN,126.49,125.3,128.4,125.3,18342,stock
2021-04-27,BARUN,125.3,127.68,128.64,125.3,18405,stock
2021-04-28,BARUN,127.68,126.97,127.92,126.25,5468,stock
2021-04-29,BARUN,126.49,128.88,129.36,126.49,18307,stock
2021-05-02,BARUN,128.88,129.36,129.36,127.92,12137,stock
2021-05-03,BARUN,129.59,129.59,131.5,128.88,25900,stock
2021-05-04,BARUN,132.46,130.55,132.46,128.64,39775,stock
2021-05-05,BARUN,130.07,136.28,136.28,130.07,162667,stock
2021-05-06,BARUN,139.38,138.19,140.1,133.65,144155,stock
2021-05-09,BARUN,139.38,134.84,139.38,133.89,54714,stock
2021-05-10,BARUN,133.65,137.23,137.23,132.94,41164,stock
2021-05-11,BARUN,137.23,135.8,137.23,134.84,34296,stock
2021-05-12,BARUN,138.19,139.14,140.81,134.84,107576,stock
2021-05-13,BARUN,139.14,142.0,142.72,138.42,162716,stock
2021-05-16,BARUN,143.2,148.93,148.93,139.62,206713,stock
2021-05-17,BARUN,148.93,156.56,156.56,148.93,195468,stock
2021-05-18,BARUN,160.62,160.62,163.72,156.8,87792,stock
2021-05-19,BARUN,161.1,156.8,162.77,155.37,159005,stock
2021-05-20,BARUN,156.8,158.95,161.58,155.13,113327,stock
2021-05-23,BARUN,157.52,167.54,167.54,155.61,145274,stock
2021-05-24,BARUN,172.32,177.09,177.09,168.26,76584,stock
2021-05-25,BARUN,181.38,187.59,187.59,176.61,104058,stock
2021-05-27,BARUN,187.83,191.65,198.57,182.82,120258,stock
2021-05-30,BARUN,194.03,183.77,194.03,182.1,183959,stock
2021-05-31,BARUN,188.54,173.03,188.54,173.03,208794,stock
2021-06-01,BARUN,172.55,173.51,178.52,168.74,76293,stock
2021-06-02,BARUN,171.84,179.24,181.15,171.84,40936,stock
2021-06-03,BARUN,179.47,173.99,179.71,173.75,67357,stock
2021-06-06,BARUN,178.52,172.79,178.52,171.36,98662,stock
2021-06-07,BARUN,176.85,177.8,179.0,173.03,117730,stock
2021-06-08,BARUN,181.38,188.31,188.31,181.38,189235,stock
2021-06-09,BARUN,194.03,199.76,199.76,194.03,188436,stock
2021-06-10,BARUN,205.97,212.41,212.41,205.49,136700,stock
2021-06-13,BARUN,212.41,219.33,220.76,207.16,322335,stock
2021-06-14,BARUN,220.76,225.54,225.54,210.02,251172,stock
2021-06-15,BARUN,233.17,214.8,233.17,214.32,125498,stock
2021-06-16,BARUN,207.64,204.53,217.66,203.1,121998,stock
2021-06-17,BARUN,198.09,205.49,208.35,196.9,61505,stock
2021-06-20,BARUN,202.86,193.79,207.64,193.79,59633,stock
2021-06-21,BARUN,193.79,195.7,197.85,188.07,80122,stock
2021-06-22,BARUN,195.7,208.11,208.11,190.93,68100,stock
2021-06-23,BARUN,201.43,203.82,211.46,198.57,49650,stock
2021-06-24,BARUN,210.26,197.61,210.26,197.61,29404,stock
2021-06-27,BARUN,191.41,199.28,205.25,191.41,36899,stock
2021-06-28,BARUN,201.67,197.61,202.63,193.32,45843,stock
2021-06-29,BARUN,191.65,194.03,200.48,191.65,20925,stock
2021-06-30,BARUN,188.54,200.72,206.21,188.54,99220,stock
2021-07-01,BARUN,206.44,200.24,206.44,196.9,27461,stock
2021-07-04,BARUN,194.03,198.57,203.58,194.03,18188,stock
2021-07-05,BARUN,192.36,194.75,200.48,192.36,19405,stock
2021-07-06,BARUN,188.78,191.65,196.9,188.78,76175,stock
2021-07-07,BARUN,194.03,188.54,198.57,188.54,47565,stock
2021-07-08,BARUN,189.74,193.08,193.32,188.54,21764,stock
2021-07-11,BARUN,193.32,200.0,200.48,193.32,47850,stock
2021-07-12,BARUN,194.03,196.66,201.67,194.03,32877,stock
2021-07-13,BARUN,198.09,195.7,199.28,194.75,16471,stock
2021-07-14,BARUN,189.5,199.76,199.76,189.5,25205,stock
2021-07-15,BARUN,205.25,198.33,205.25,197.85,69811,stock
2021-07-18,BARUN,200.72,202.15,203.1,199.07,34664,stock
2021-07-19,BARUN,204.53,201.19,205.49,200.72,35480,stock
2021-07-20,BARUN,202.86,213.37,213.6,200.0,172327,stock
2021-07-22,BARUN,213.84,205.25,219.57,204.53,167756,stock
2021-07-25,BARUN,207.88,207.64,210.6,204.77,80242,stock
2021-07-26,BARUN,210.02,208.59,211.77,206.49,89864,stock
2021-07-27,BARUN,210.02,213.13,217.18,205.87,162392,stock
2021-07-28,BARUN,215.94,212.17,220.76,210.02,148163,stock
2021-07-29,BARUN,214.56,219.81,221.96,209.31,214124,stock
2021-08-01,BARUN,222.77,231.5,231.74,220.41,217485,stock
2021-08-02,BARUN,231.5,225.3,238.66,223.63,160613,stock
2021-08-03,BARUN,224.34,226.49,227.68,221.96,82350,stock
2021-08-04,BARUN,229.36,228.64,234.61,226.73,109923,stock
2021-08-05,BARUN,230.31,220.29,230.31,219.09,103751,stock
2021-08-08,BARUN,221.96,223.84,228.85,219.57,122201,stock
2021-08-09,BARUN,226.73,236.75,239.05,226.73,275310,stock
2021-08-10,BARUN,239.98,231.5,243.2,229.12,194084,stock
2021-08-11,BARUN,234.7,233.94,238.66,232.7,92874,stock
2021-08-12,BARUN,233.94,236.75,238.07,230.07,122430,stock
2021-08-15,BARUN,236.75,227.92,236.75,221.96,114328,stock
2021-08-16,BARUN,227.92,230.1,232.94,224.34,59813,stock
2021-08-17,BARUN,233.17,237.23,242.22,230.31,129927,stock
2021-08-18,BARUN,240.53,250.6,253.79,239.83,205069,stock
2021-08-19,BARUN,247.02,237.71,252.51,235.32,124161,stock
2021-08-24,BARUN,234.61,225.54,239.57,225.54,92501,stock
2021-08-25,BARUN,222.67,221.96,230.55,218.4,68774,stock
2021-08-26,BARUN,224.82,231.5,235.8,220.76,98929,stock
2021-08-29,BARUN,234.7,223.13,234.84,221.96,49584,stock
2021-08-31,BARUN,222.91,218.85,224.11,217.18,59662,stock
2021-09-01,BARUN,219.57,215.75,221.48,215.51,42751,stock
2021-09-02,BARUN,217.18,208.83,220.02,207.64,50319,stock
2021-09-05,BARUN,206.21,196.66,208.83,195.11,52651,stock
2021-09-06,BARUN,196.66,209.16,209.16,192.12,32191,stock
2021-09-07,BARUN,211.91,208.11,218.38,203.75,29290,stock
2021-09-08,BARUN,205.49,205.97,207.88,202.15,30418,stock
2021-09-09,BARUN,207.64,212.17,214.75,205.25,54607,stock
2021-09-12,BARUN,214.96,224.34,225.78,214.96,77314,stock
2021-09-13,BARUN,227.21,223.51,233.89,219.57,73658,stock
2021-09-14,BARUN,221.96,220.29,224.34,218.38,24105,stock
2021-09-15,BARUN,220.29,217.18,222.91,217.18,22337,stock
2021-09-16,BARUN,215.99,208.35,215.99,205.39,53121,stock
2021-09-20,BARUN,206.44,195.73,207.88,194.68,53095,stock
2021-09-21,BARUN,198.21,196.66,202.63,185.2,38834,stock
2021-09-22,BARUN,198.81,205.49,206.21,198.81,47966,stock
2021-09-23,BARUN,208.11,200.72,208.11,200.48,28890,stock
2021-09-26,BARUN,203.1,196.42,204.06,192.6,44931,stock
2021-09-27,BARUN,198.9,188.78,201.43,188.78,38477,stock
2021-09-28,BARUN,190.93,179.19,190.93,177.06,54043,stock
2021-09-29,BARUN,179.0,183.77,185.2,175.42,27525,stock
2021-09-30,BARUN,186.01,177.57,187.35,176.85,16501,stock
2021-10-03,BARUN,179.02,172.79,179.02,169.95,16664,stock
2021-10-04,BARUN,171.6,167.06,175.42,165.39,17211,stock
2021-10-05,BARUN,168.97,171.36,172.79,167.54,10875,stock
2021-10-06,BARUN,173.27,173.05,174.94,172.32,15721,stock
2021-10-10,BARUN,175.08,170.64,177.14,170.64,15054,stock
2021-10-11,BARUN,170.88,168.02,170.88,167.06,12876,stock
2021-10-17,BARUN,169.93,170.41,170.64,167.06,2548,stock
2021-10-18,BARUN,169.45,163.25,169.45,162.29,14966,stock
2021-10-19,BARUN,164.2,158.47,164.2,154.08,28494,stock
2021-10-20,BARUN,160.14,159.93,163.7,159.43,13821,stock
2021-10-21,BARUN,161.69,159.67,164.68,159.67,10339,stock
2021-10-24,BARUN,159.67,167.18,167.18,156.97,21770,stock
2021-10-25,BARUN,169.09,176.71,176.73,169.09,32761,stock
2021-10-26,BARUN,178.76,187.21,187.21,176.85,51577,stock
2021-10-27,BARUN,189.5,186.87,194.99,183.77,45999,stock
2021-10-28,BARUN,189.16,189.5,190.45,182.82,32124,stock
2021-10-31,BARUN,191.62,198.09,200.95,189.98,39059,stock
2021-11-01,BARUN,200.48,194.51,201.43,191.41,54091,stock
2021-11-02,BARUN,192.12,195.68,196.42,189.71,28103,stock
2021-11-03,BARUN,197.85,195.7,200.48,193.82,25281,stock
2021-11-08,BARUN,198.19,192.84,199.76,192.6,15017,stock
2021-11-09,BARUN,191.41,186.63,191.41,184.01,34040,stock
2021-11-11,BARUN,184.34,179.43,186.61,179.43,27617,stock
2021-11-14,BARUN,181.58,181.62,186.4,177.8,24545,stock
2021-11-15,BARUN,183.82,188.31,189.02,183.77,19874,stock
2021-11-16,BARUN,190.45,192.36,192.6,185.99,15159,stock
2021-11-17,BARUN,194.77,195.35,204.44,194.77,104722,stock
2021-11-18,BARUN,195.7,192.84,202.91,192.27,37607,stock
2021-11-21,BARUN,193.79,194.25,199.28,192.12,20607,stock
2021-11-22,BARUN,195.7,194.27,197.85,193.32,16179,stock
2021-11-23,BARUN,191.89,190.45,193.91,189.02,35120,stock
2021-11-24,BARUN,188.09,190.93,193.25,186.16,29815,stock
2021-11-25,BARUN,193.32,191.65,193.56,189.98,13121,stock
2021-11-28,BARUN,189.26,185.92,190.21,184.73,23331,stock
2021-11-29,BARUN,185.92,185.2,189.67,184.96,18909,stock
2021-11-30,BARUN,187.35,186.16,187.35,181.38,14229,stock
2021-12-01,BARUN,188.31,187.11,189.24,184.96,20389,stock
2021-12-02,BARUN,187.35,184.49,189.26,183.87,8632,stock
2021-12-05,BARUN,182.34,179.0,183.77,176.63,20999,stock
2021-12-06,BARUN,177.8,182.34,183.77,171.6,28303,stock
2021-12-07,BARUN,183.44,177.57,186.87,177.09,24170,stock
2021-12-08,BARUN,175.68,172.08,178.52,169.19,15435,stock
2021-12-09,BARUN,170.1,172.08,174.94,170.1,14114,stock
2021-12-12,BARUN,171.84,166.11,172.08,166.11,14008,stock
2021-12-13,BARUN,164.22,159.43,166.59,157.06,23403,stock
2021-12-14,BARUN,161.1,168.21,168.21,161.1,15851,stock
2021-12-15,BARUN,169.93,169.71,177.8,166.11,21203,stock
2021-12-16,BARUN,169.69,165.87,171.12,165.82,13378,stock
2021-12-20,BARUN,165.87,167.54,167.54,164.22,9601,stock
2021-12-21,BARUN,167.54,169.45,169.45,165.87,8444,stock
2021-12-22,BARUN,171.36,179.24,179.24,169.69,34994,stock
2021-12-23,BARUN,181.38,189.26,189.98,181.38,101191,stock
2021-12-26,BARUN,191.6,187.35,195.23,185.92,38974,stock
2021-12-27,BARUN,187.83,181.15,188.07,180.91,33431,stock
2021-12-28,BARUN,181.15,181.62,183.29,178.52,23474,stock
2021-12-29,BARUN,183.29,181.86,183.77,180.19,9349,stock
2022-01-02,BARUN,181.62,180.91,183.53,180.43,15252,stock
2022-01-03,BARUN,179.24,181.86,183.05,179.24,12098,stock
2022-01-04,BARUN,181.86,183.77,183.77,181.38,14119,stock
2022-01-05,BARUN,183.77,184.01,187.83,181.89,17100,stock
2022-01-06,BARUN,184.94,183.53,184.94,182.1,9536,stock
2022-01-09,BARUN,185.68,189.02,189.26,184.73,35433,stock
2022-01-10,BARUN,191.36,189.02,193.32,187.59,30242,stock
2022-01-11,BARUN,187.11,190.93,193.32,187.11,27009,stock
2022-01-12,BARUN,193.27,188.54,194.51,188.14,37114,stock
2022-01-13,BARUN,190.88,194.61,194.75,188.54,44601,stock
2022-01-16,BARUN,194.61,198.54,201.67,194.99,49183,stock
2022-01-17,BARUN,199.28,199.76,200.24,194.8,36234,stock
2022-01-18,BARUN,202.32,205.73,210.02,200.48,162615,stock
2022-01-19,BARUN,208.35,208.83,211.46,204.53,81266,stock
2022-01-20,BARUN,206.44,209.31,210.02,205.25,45008,stock
2022-01-23,BARUN,212.05,208.35,213.6,205.3,75996,stock
2022-01-24,BARUN,208.35,200.24,208.35,198.09,70677,stock
2022-01-25,BARUN,199.28,200.0,205.25,196.92,29487,stock
2022-01-26,BARUN,198.11,195.85,200.72,194.75,32583,stock
2022-01-27,BARUN,196.9,196.9,199.28,194.51,16225,stock
2022-01-30,BARUN,199.4,204.77,204.77,199.4,36038,stock
2022-01-31,BARUN,202.15,201.67,206.44,201.19,19003,stock
2022-02-01,BARUN,201.79,206.44,206.44,200.48,47894,stock
2022-02-03,BARUN,208.83,204.06,209.31,204.06,42189,stock
2022-02-06,BARUN,201.67,200.0,203.34,200.0,27907,stock
2022-02-07,BARUN,200.0,202.22,204.06,199.07,23690,stock
2022-02-08,BARUN,204.82,201.19,209.55,199.52,24398,stock
2022-02-09,BARUN,198.64,199.64,200.48,198.09,12511,stock
2022-02-10,BARUN,201.67,197.85,201.91,197.37,10106,stock
2022-02-13,BARUN,198.09,192.12,198.09,191.41,30708,stock
2022-02-14,BARUN,192.12,194.75,195.7,192.05,15692,stock
2022-02-15,BARUN,194.75,200.48,200.48,193.34,9949,stock
2022-02-16,BARUN,200.48,195.99,200.48,195.94,15561,stock
2022-02-17,BARUN,198.09,194.75,198.09,193.79,7869,stock
2022-02-20,BARUN,192.36,194.18,197.61,192.12,26362,stock
2022-02-21,BARUN,194.99,198.57,202.86,194.03,39279,stock
2022-02-22,BARUN,200.95,205.47,207.16,200.24,93944,stock
2022-02-23,BARUN,207.4,206.44,210.0,200.24,146578,stock
2022-02-24,BARUN,209.07,202.63,209.07,200.72,52310,stock
2022-02-27,BARUN,204.06,205.97,207.16,201.43,43563,stock
2022-02-28,BARUN,207.64,200.24,208.59,197.9,50673,stock
2022-03-02,BARUN,197.68,194.25,198.57,194.03,38958,stock
2022-03-06,BARUN,195.7,193.79,196.66,192.12,22895,stock
2022-03-07,BARUN,195.7,189.02,196.9,187.64,39371,stock
2022-03-09,BARUN,190.69,187.88,190.69,183.53,23699,stock
2022-03-10,BARUN,189.98,193.08,194.51,185.68,35102,stock
2022-03-13,BARUN,194.75,195.94,197.37,193.79,25313,stock
2022-03-14,BARUN,197.61,194.99,197.61,193.82,8336,stock
2022-03-15,BARUN,197.14,192.84,197.14,192.12,12310,stock
2022-03-16,BARUN,192.6,190.69,194.99,190.0,18874,stock
2022-03-20,BARUN,190.93,190.45,191.65,188.57,9445,stock
2022-03-21,BARUN,188.54,194.99,194.99,188.31,23144,stock
2022-03-22,BARUN,197.14,195.44,198.09,194.51,12317,stock
2022-03-23,BARUN,193.82,193.01,194.51,192.84,4998,stock
2022-03-24,BARUN,192.84,191.89,193.79,189.74,17933,stock
2022-03-27,BARUN,190.93,187.35,191.65,186.42,22513,stock
2022-03-28,BARUN,187.35,184.99,189.5,184.99,8703,stock
2022-03-29,BARUN,185.8,184.96,187.11,183.79,10545,stock
2022-03-30,BARUN,183.29,186.4,186.4,180.67,30595,stock
2022-03-31,BARUN,186.4,182.34,186.87,182.1,14619,stock
2022-04-03,BARUN,181.62,181.38,182.58,180.19,7033,stock
2022-04-04,BARUN,181.38,179.21,181.38,179.0,14635,stock
2022-04-05,BARUN,177.83,176.37,177.83,174.22,16168,stock
2022-04-06,BARUN,176.37,173.27,176.37,172.32,13024,stock
2022-04-07,BARUN,174.7,173.51,176.85,173.51,20171,stock
2022-04-11,BARUN,175.54,171.12,177.61,171.12,12699,stock
2022-04-12,BARUN,172.32,170.64,172.32,169.45,10616,stock
2022-04-13,BARUN,169.45,172.55,172.63,169.21,6171,stock
2022-04-17,BARUN,173.75,172.86,173.99,169.5,7128,stock
2022-04-18,BARUN,170.88,168.02,170.88,164.92,13387,stock
2022-04-19,BARUN,166.37,166.85,168.97,163.48,7596,stock
2022-04-20,BARUN,168.23,163.48,168.23,162.6,7674,stock
2022-04-21,BARUN,163.48,162.29,164.2,159.69,5571,stock
2022-04-24,BARUN,163.96,171.31,171.36,163.72,14649,stock
2022-04-25,BARUN,173.27,170.17,173.75,168.02,15696,stock
2022-04-26,BARUN,171.84,168.74,171.84,166.35,7421,stock
2022-04-27,BARUN,167.33,169.45,169.93,166.35,7084,stock
2022-04-28,BARUN,169.45,166.59,171.38,166.59,9083,stock
2022-05-02,BARUN,165.39,162.77,165.87,161.89,13303,stock
2022-05-04,BARUN,162.77,166.83,168.45,161.36,28183,stock
2022-05-05,BARUN,164.99,165.39,171.41,163.13,34892,stock
2022-05-08,BARUN,165.39,167.54,170.38,162.53,17741,stock
2022-05-09,BARUN,168.97,168.74,169.21,166.83,33402,stock
2022-05-10,BARUN,170.67,178.45,178.45,168.52,87642,stock
2022-05-11,BARUN,180.43,189.12,189.12,180.43,24677,stock
2022-05-12,BARUN,191.41,192.6,200.86,191.41,71762,stock
2022-05-17,BARUN,190.21,183.29,190.45,183.1,70761,stock
2022-05-18,BARUN,184.96,189.74,191.89,177.8,35811,stock
2022-05-19,BARUN,188.54,186.63,191.36,186.16,19874,stock
2022-05-20,BARUN,184.73,185.92,189.5,184.49,12355,stock
2022-05-23,BARUN,184.01,181.98,185.92,181.86,32064,stock
2022-05-24,BARUN,181.86,184.73,186.4,181.86,9079,stock
2022-05-25,BARUN,186.16,186.75,187.35,184.96,13263,stock
2022-05-26,BARUN,184.73,185.32,188.52,184.73,5046,stock
2022-05-27,BARUN,186.16,185.44,186.87,180.19,21445,stock
2022-05-30,BARUN,187.71,182.58,187.71,182.58,13346,stock
2022-05-31,BARUN,182.58,182.1,184.25,181.43,9073,stock
2022-06-01,BARUN,180.69,182.55,184.7,180.69,7408,stock
2022-06-02,BARUN,183.05,181.48,183.77,180.19,10490,stock
2022-06-03,BARUN,181.15,177.8,181.15,177.33,16410,stock
2022-06-06,BARUN,177.8,178.52,182.32,177.35,15872,stock
2022-06-07,BARUN,179.95,176.59,179.95,175.66,10801,stock
2022-06-08,BARUN,178.28,184.73,186.87,177.57,21718,stock
2022-06-09,BARUN,186.87,181.15,186.87,180.19,17467,stock
2022-06-10,BARUN,179.26,179.0,182.1,178.74,14877,stock
2022-06-13,BARUN,180.19,179.45,181.15,178.04,7039,stock
2022-06-14,BARUN,177.68,177.57,180.88,176.13,16159,stock
2022-06-15,BARUN,175.89,175.63,177.09,173.89,14541,stock
2022-06-16,BARUN,175.78,178.04,180.38,174.22,17610,stock
2022-06-17,BARUN,176.18,175.92,177.8,175.89,3132,stock
2022-06-19,BARUN,174.46,171.84,175.85,170.07,9383,stock
2022-06-20,BARUN,169.93,165.87,169.93,165.16,16406,stock
2022-06-21,BARUN,164.68,169.45,171.36,164.68,15552,stock
2022-06-22,BARUN,167.85,167.78,168.74,165.87,8126,stock
2022-06-23,BARUN,165.87,164.42,165.87,161.43,22966,stock
2022-06-24,BARUN,163.96,169.21,171.6,162.58,18056,stock
2022-06-26,BARUN,170.64,178.04,178.28,170.64,29703,stock
2022-06-27,BARUN,178.07,177.78,183.29,175.18,36492,stock
2022-06-28,BARUN,175.78,178.45,178.52,173.68,21882,stock
2022-06-29,BARUN,179.95,188.54,189.12,179.0,84993,stock
2022-06-30,BARUN,190.88,185.44,190.93,182.7,56039,stock
2022-07-01,BARUN,184.96,181.86,185.92,181.62,26852,stock
2022-07-03,BARUN,184.01,180.91,184.73,179.95,40935,stock
2022-07-04,BARUN,183.08,181.15,184.49,179.71,62382,stock
2022-07-05,BARUN,183.29,180.26,183.29,179.02,25369,stock
2022-07-06,BARUN,182.43,180.43,183.75,178.81,20382,stock
2022-07-07,BARUN,181.38,179.47,182.58,179.47,16618,stock
2022-07-08,BARUN,179.05,176.85,180.19,176.37,20928,stock
2022-07-11,BARUN,176.85,169.93,176.85,168.66,28745,stock
2022-07-12,BARUN,171.6,172.77,173.27,170.41,18849,stock
2022-07-13,BARUN,172.67,177.09,177.73,171.96,25304,stock
2022-07-14,BARUN,179.0,177.57,182.34,176.13,25030,stock
2022-07-15,BARUN,177.57,176.61,178.76,175.89,18671,stock
2022-07-17,BARUN,178.71,177.33,178.76,175.78,52529,stock
2022-07-18,BARUN,179.47,190.26,190.26,179.47,14005,stock
2022-07-19,BARUN,193.08,190.45,200.95,190.26,93683,stock
2022-07-20,BARUN,190.93,188.07,191.65,186.21,27896,stock
2022-07-21,BARUN,190.41,185.68,190.41,185.58,15756,stock
2022-07-22,BARUN,183.44,183.77,187.45,183.39,10901,stock
2022-07-24,BARUN,186.16,189.98,189.98,183.39,15341,stock
2022-07-25,BARUN,192.36,196.09,197.14,189.98,60479,stock
2022-07-26,BARUN,196.18,190.98,200.0,190.45,25084,stock
2022-07-27,BARUN,188.54,192.84,193.79,188.54,26408,stock
2022-07-28,BARUN,193.32,192.89,197.14,192.36,41763,stock
2022-07-29,BARUN,195.66,192.36,195.66,191.5,7372,stock
2022-07-31,BARUN,195.23,194.27,195.23,190.88,32276,stock
2022-08-01,BARUN,195.7,193.75,195.7,190.93,22358,stock
2022-08-02,BARUN,193.32,191.89,193.79,190.93,20940,stock
2022-08-03,BARUN,194.75,194.75,196.18,190.93,48225,stock
2022-08-04,BARUN,195.7,190.98,196.18,190.93,13731,stock
2022-08-05,BARUN,190.98,189.74,193.75,189.5,8205,stock
2022-08-07,BARUN,191.89,189.5,191.89,188.54,7466,stock
2022-08-08,BARUN,189.98,188.5,190.45,186.16,16391,stock
2022-08-09,BARUN,186.16,182.77,187.11,181.38,20675,stock
2022-08-10,BARUN,182.34,181.86,184.3,178.52,11892,stock
2022-08-11,BARUN,180.91,183.29,183.29,180.48,6822,stock
2022-08-14,BARUN,183.29,179.95,183.29,179.0,11370,stock
2022-08-15,BARUN,179.47,183.77,183.77,179.47,16384,stock
2022-08-16,BARUN,185.68,179.95,188.07,179.47,14421,stock
2022-08-17,BARUN,181.38,179.95,182.34,179.47,4066,stock
2022-08-18,BARUN,182.34,183.29,185.2,179.67,9629,stock
2022-08-21,BARUN,185.2,185.2,190.45,183.63,11085,stock
2022-08-22,BARUN,187.11,183.77,187.11,183.77,6284,stock
2022-08-23,BARUN,183.29,181.86,183.77,181.38,3891,stock
2022-08-24,BARUN,182.34,182.82,183.68,182.34,1205,stock
2022-08-25,BARUN,181.38,180.67,183.77,180.43,6227,stock
2022-08-26,BARUN,180.91,179.95,180.91,178.04,4238,stock
2022-08-28,BARUN,177.57,173.75,178.28,170.45,12308,stock
2022-08-29,BARUN,171.41,174.22,174.7,171.41,7675,stock
2022-08-30,BARUN,174.22,171.36,174.22,171.36,4517,stock
2022-08-31,BARUN,170.88,167.59,171.84,167.06,5741,stock
2022-09-01,BARUN,165.2,168.97,168.97,163.25,7188,stock
2022-09-02,BARUN,168.97,167.06,170.88,164.68,2818,stock
2022-09-04,BARUN,168.5,167.06,168.5,166.11,4970,stock
2022-09-05,BARUN,167.06,167.02,168.26,164.87,2037,stock
2022-09-06,BARUN,167.06,162.29,167.35,162.29,8099,stock
2022-09-07,BARUN,164.58,164.2,166.59,162.77,9542,stock
2022-09-08,BARUN,164.68,166.97,167.02,163.25,5938,stock
2022-09-11,BARUN,168.02,165.63,168.02,165.16,1264,stock
2022-09-12,BARUN,163.72,164.44,166.01,162.48,1623,stock
2022-09-13,BARUN,164.44,164.68,166.11,162.82,1976,stock
2022-09-14,BARUN,166.11,168.97,168.97,164.2,6542,stock
2022-09-15,BARUN,170.88,162.29,170.88,160.48,15517,stock
2022-09-16,BARUN,162.29,162.29,162.29,159.43,2329,stock
2022-09-18,BARUN,160.38,158.47,160.38,155.61,6398,stock
2022-09-20,BARUN,159.9,149.4,159.9,149.4,12361,stock
2022-09-21,BARUN,148.45,149.4,153.22,148.45,6396,stock
2022-09-22,BARUN,150.84,151.6,152.98,150.36,3033,stock
2022-09-25,BARUN,150.36,148.02,152.27,148.02,5397,stock
2022-09-27,BARUN,148.45,150.36,150.36,148.21,2510,stock
2022-09-28,BARUN,151.79,148.45,151.79,147.97,3047,stock
2022-09-29,BARUN,150.41,148.21,150.41,147.97,2922,stock
2022-10-09,BARUN,150.21,151.79,151.79,149.88,3072,stock
2022-10-10,BARUN,151.79,149.88,152.41,149.4,3056,stock
2022-10-11,BARUN,148.93,149.36,150.74,148.02,1536,stock
2022-10-12,BARUN,147.73,150.36,151.22,147.02,1705,stock
2022-10-13,BARUN,150.36,151.55,152.27,149.4,1678,stock
2022-10-16,BARUN,152.74,149.4,152.74,148.45,1935,stock
2022-10-17,BARUN,149.4,148.93,150.84,148.45,3427,stock
2022-10-19,BARUN,150.36,145.58,150.36,144.34,4477,stock
2022-10-20,BARUN,144.63,145.11,145.58,144.63,2033,stock
2022-10-23,BARUN,146.06,145.11,146.06,143.68,3580,stock
2022-10-31,BARUN,145.11,147.02,147.02,143.68,2992,stock
2022-11-01,BARUN,145.58,150.36,150.93,145.58,6430,stock
2022-11-02,BARUN,149.4,151.07,152.6,148.45,3135,stock
2022-11-03,BARUN,153.13,151.31,153.13,149.31,1147,stock
2022-11-06,BARUN,149.88,154.42,154.84,148.93,2314,stock
2022-11-07,BARUN,153.7,152.12,160.38,152.08,9089,stock
2022-11-08,BARUN,150.12,150.36,152.17,148.93,4372,stock
2022-11-09,BARUN,150.36,147.49,152.22,146.06,6137,stock
2022-11-10,BARUN,147.49,145.58,148.93,145.58,3788,stock
2022-11-13,BARUN,143.68,145.54,147.92,143.68,3518,stock
2022-11-14,BARUN,144.15,147.35,150.36,144.15,4682,stock
2022-11-15,BARUN,149.31,147.97,151.31,146.54,5823,stock
2022-11-16,BARUN,149.88,147.97,151.74,147.88,1585,stock
2022-11-17,BARUN,148.93,151.46,152.27,148.59,10358,stock
2022-11-22,BARUN,152.74,151.41,154.89,148.16,5762,stock
2022-11-23,BARUN,149.83,149.5,150.6,149.4,810,stock
2022-11-24,BARUN,150.84,149.83,150.84,149.4,970,stock
2022-11-27,BARUN,151.31,150.84,151.74,149.4,6486,stock
2022-11-28,BARUN,152.27,148.93,152.27,148.78,6060,stock
2022-11-29,BARUN,148.93,148.88,150.84,148.88,3478,stock
2022-11-30,BARUN,148.45,150.93,152.27,148.45,3098,stock
2022-12-01,BARUN,152.27,149.88,152.27,149.88,889,stock
2022-12-04,BARUN,148.93,149.88,150.36,147.97,6142,stock
2022-12-05,BARUN,149.88,147.88,150.79,147.88,3007,stock
2022-12-06,BARUN,147.97,145.58,147.97,143.2,22484,stock
2022-12-07,BARUN,144.68,145.06,146.44,143.68,15060,stock
2022-12-11,BARUN,143.68,142.67,144.2,142.24,13793,stock
2022-12-12,BARUN,143.2,145.06,145.11,142.24,21048,stock
2022-12-13,BARUN,143.2,143.2,145.58,143.2,8153,stock
2022-12-14,BARUN,142.24,143.68,145.06,141.77,10121,stock
2022-12-15,BARUN,142.24,142.05,143.2,141.77,11915,stock
2022-12-18,BARUN,142.24,139.86,142.72,139.86,16052,stock
2022-12-19,BARUN,141.67,140.76,141.67,139.47,7316,stock
2022-12-20,BARUN,141.77,140.76,141.77,138.95,23738,stock
2022-12-21,BARUN,141.77,139.43,141.96,139.38,7614,stock
2022-12-22,BARUN,138.9,139.38,140.67,138.57,11157,stock
2022-12-26,BARUN,140.72,144.15,144.63,140.33,26893,stock
2022-12-27,BARUN,145.58,151.22,152.74,145.58,64124,stock
2022-12-28,BARUN,152.27,147.97,152.27,147.02,35202,stock
2022-12-29,BARUN,148.45,152.74,153.37,147.97,49719,stock
2023-01-01,BARUN,153.89,156.09,159.43,150.84,53966,stock
2023-01-02,BARUN,154.13,156.56,156.56,153.75,24685,stock
2023-01-03,BARUN,157.52,155.42,158.95,154.65,32840,stock
2023-01-04,BARUN,157.57,161.34,161.81,155.7,34727,stock
2023-01-05,BARUN,162.29,162.82,164.3,158.66,65827,stock
2023-01-08,BARUN,163.25,166.11,171.36,159.9,82571,stock
2023-01-09,BARUN,168.45,177.95,177.95,166.59,104166,stock
2023-01-10,BARUN,180.43,184.2,190.93,175.18,184687,stock
2023-01-12,BARUN,186.92,178.52,189.5,174.22,114125,stock
2023-01-17,BARUN,179.0,184.25,184.96,173.75,75954,stock
2023-01-18,BARUN,186.97,184.25,190.84,181.86,72197,stock
2023-01-19,BARUN,181.86,181.86,185.49,179.47,34654,stock
2023-01-23,BARUN,184.25,176.52,184.25,176.13,50269,stock
2023-01-24,BARUN,174.22,176.13,179.95,170.88,45020,stock
2023-01-25,BARUN,178.04,180.91,183.25,173.79,58064,stock
2023-01-26,BARUN,181.38,180.91,184.73,178.52,46414,stock
2023-01-29,BARUN,183.29,180.86,183.29,176.66,39512,stock
2023-01-30,BARUN,178.38,173.27,180.91,171.84,42237,stock
2023-01-31,BARUN,170.84,171.36,175.18,169.45,41709,stock
2023-02-01,BARUN,168.97,171.84,173.27,168.97,29551,stock
2023-02-02,BARUN,171.84,167.06,173.32,165.63,45732,stock
2023-02-05,BARUN,168.97,169.02,171.12,167.06,34808,stock
2023-02-06,BARUN,168.97,170.88,171.26,167.11,20731,stock
2023-02-07,BARUN,172.84,183.2,183.2,172.32,66252,stock
2023-02-08,BARUN,185.87,181.38,188.07,180.91,103029,stock
2023-02-09,BARUN,181.38,183.77,183.77,179.47,62738,stock
2023-02-12,BARUN,183.77,175.42,183.77,174.84,76590,stock
2023-02-14,BARUN,177.9,175.23,177.95,174.27,37916,stock
2023-02-15,BARUN,177.52,174.99,178.52,174.7,31651,stock
2023-02-16,BARUN,173.75,172.32,176.61,171.5,40266,stock
2023-02-20,BARUN,169.93,170.88,172.79,168.5,27559,stock
2023-02-22,BARUN,168.5,180.43,180.43,168.5,41636,stock
2023-02-23,BARUN,180.43,174.7,180.43,173.75,40981,stock
2023-02-26,BARUN,172.17,175.66,177.09,167.54,67128,stock
2023-02-27,BARUN,177.57,175.56,177.57,169.93,35738,stock
2023-02-28,BARUN,176.85,174.22,177.57,173.75,27976,stock
2023-03-01,BARUN,172.32,174.22,176.28,172.32,7012,stock
2023-03-02,BARUN,176.28,170.69,176.28,170.41,19087,stock
2023-03-05,BARUN,172.65,169.16,172.65,168.02,14136,stock
2023-03-07,BARUN,167.54,171.36,173.75,167.54,15563,stock
2023-03-09,BARUN,172.79,177.09,177.52,172.79,37036,stock
2023-03-12,BARUN,178.9,175.66,179.24,173.75,25183,stock
2023-03-13,BARUN,173.32,173.75,175.66,172.08,8602,stock
2023-03-14,BARUN,172.32,173.27,174.8,172.32,4029,stock
2023-03-15,BARUN,171.93,171.84,173.75,170.98,12869,stock
2023-03-16,BARUN,169.5,171.65,173.7,169.5,15573,stock
2023-03-19,BARUN,173.27,173.27,174.22,170.88,20032,stock
2023-03-20,BARUN,171.84,177.09,177.57,171.84,18306,stock
2023-03-22,BARUN,178.04,173.75,178.04,173.32,16279,stock
2023-03-23,BARUN,173.27,173.27,175.37,171.6,24745,stock
2023-03-26,BARUN,173.27,173.75,175.13,170.41,21068,stock
2023-03-27,BARUN,173.27,176.18,176.23,171.41,19345,stock
2023-03-28,BARUN,178.0,176.13,178.04,174.75,13759,stock
2023-03-29,BARUN,175.18,174.7,176.61,174.7,3624,stock
2023-03-30,BARUN,177.09,173.27,177.09,171.84,10425,stock
2023-04-02,BARUN,173.27,172.51,175.8,170.88,14428,stock
2023-04-03,BARUN,172.79,169.93,172.79,169.93,8636,stock
2023-04-04,BARUN,169.45,169.93,174.32,168.02,5390,stock
2023-04-05,BARUN,169.93,170.41,170.88,168.5,6570,stock
2023-04-06,BARUN,170.98,169.45,170.98,168.5,8382,stock
2023-04-09,BARUN,168.02,167.06,169.93,164.68,12832,stock
2023-04-10,BARUN,168.97,168.02,169.36,166.59,9513,stock
2023-04-11,BARUN,168.54,168.97,170.12,166.59,10378,stock
2023-04-12,BARUN,170.64,175.75,176.61,170.64,31134,stock
2023-04-13,BARUN,178.04,172.27,178.52,170.88,18573,stock
2023-04-16,BARUN,172.27,170.79,173.75,170.79,11269,stock
2023-04-17,BARUN,172.79,169.93,172.79,168.5,4444,stock
2023-04-18,BARUN,169.93,170.41,171.36,168.11,6866,stock
2023-04-19,BARUN,169.93,169.45,172.32,168.5,8606,stock
2023-04-20,BARUN,171.12,168.02,171.79,167.59,8580,stock
2023-04-23,BARUN,168.5,166.16,169.45,166.11,10692,stock
2023-04-24,BARUN,167.06,166.59,169.93,166.11,6015,stock
2023-04-25,BARUN,168.5,168.5,173.32,166.83,15505,stock
2023-04-26,BARUN,170.84,167.06,173.22,167.06,7948,stock
2023-04-27,BARUN,167.06,166.11,168.74,166.11,8689,stock
2023-04-30,BARUN,166.11,165.35,167.06,164.68,5951,stock
2023-05-02,BARUN,166.11,165.63,168.02,162.77,4127,stock
2023-05-03,BARUN,163.39,162.29,164.68,162.05,7722,stock
2023-05-04,BARUN,162.29,165.16,166.11,161.86,6466,stock
2023-05-07,BARUN,165.16,161.34,165.16,160.38,7255,stock
2023-05-08,BARUN,161.34,158.95,161.34,155.13,10275,stock
2023-05-09,BARUN,157.04,161.34,163.39,157.04,10040,stock
2023-05-10,BARUN,159.9,159.09,162.15,157.71,7029,stock
2023-05-11,BARUN,157.04,159.43,159.86,157.04,6580,stock
2023-05-14,BARUN,160.81,157.52,160.86,155.66,6344,stock
2023-05-15,BARUN,155.66,158.81,158.95,154.42,16763,stock
2023-05-16,BARUN,156.8,158.47,159.9,156.66,2865,stock
2023-05-17,BARUN,159.9,159.43,160.67,158.0,12242,stock
2023-05-18,BARUN,159.43,161.34,166.11,159.43,28502,stock
2023-05-21,BARUN,162.77,162.77,166.11,162.29,21477,stock
2023-05-22,BARUN,160.86,162.29,164.2,160.62,7036,stock
2023-05-23,BARUN,163.72,165.63,167.3,163.68,18509,stock
2023-05-24,BARUN,167.06,166.54,168.5,163.77,12646,stock
2023-05-28,BARUN,168.5,166.59,170.41,165.16,28762,stock
2023-05-30,BARUN,168.5,163.72,168.5,162.53,22016,stock
2023-05-31,BARUN,163.72,160.38,163.72,158.95,14565,stock
2023-06-01,BARUN,162.63,161.77,162.63,154.13,11947,stock
2023-06-04,BARUN,164.01,165.63,166.35,161.81,12767,stock
2023-06-05,BARUN,167.06,160.86,167.54,160.86,19636,stock
2023-06-06,BARUN,162.29,166.11,166.11,161.81,10560,stock
2023-06-07,BARUN,168.02,167.02,169.74,164.77,21016,stock
2023-06-08,BARUN,169.36,166.59,171.74,164.68,32094,stock
2023-06-11,BARUN,167.06,169.98,171.36,166.21,28887,stock
2023-06-12,BARUN,171.36,176.13,176.61,168.5,82910,stock
2023-06-13,BARUN,176.09,179.47,182.34,174.22,80021,stock
2023-06-14,BARUN,181.81,177.09,181.86,174.08,45214,stock
2023-06-15,BARUN,174.56,177.57,178.0,174.56,19950,stock
2023-06-18,BARUN,174.99,178.04,180.43,174.99,47610,stock
2023-06-19,BARUN,176.13,181.38,184.25,174.7,82346,stock
2023-06-20,BARUN,179.05,175.56,180.91,174.22,41817,stock
2023-06-21,BARUN,178.09,170.41,178.09,169.45,37890,stock
2023-06-22,BARUN,168.02,170.41,174.22,165.68,28742,stock
2023-06-25,BARUN,170.41,172.32,177.09,167.06,55796,stock
2023-06-26,BARUN,174.8,172.79,176.61,170.45,29143,stock
2023-06-27,BARUN,175.18,173.22,175.18,169.45,43664,stock
2023-06-28,BARUN,175.7,173.27,178.23,171.84,66908,stock
2023-07-02,BARUN,175.66,168.02,175.66,166.11,35909,stock
2023-07-03,BARUN,165.63,166.35,170.31,164.2,16152,stock
2023-07-04,BARUN,166.35,166.11,168.5,163.25,16844,stock
2023-07-05,BARUN,164.68,161.34,165.16,160.86,24810,stock
2023-07-06,BARUN,159.47,161.34,164.68,159.43,23759,stock
2023-07-09,BARUN,163.25,161.77,164.68,160.86,11871,stock
2023-07-10,BARUN,164.01,161.34,164.68,160.38,22081,stock
2023-07-11,BARUN,163.2,159.24,163.2,159.09,10367,stock
2023-07-12,BARUN,159.33,166.11,167.02,159.33,20231,stock
2023-07-13,BARUN,168.45,164.68,171.84,164.68,41470,stock
2023-07-16,BARUN,166.97,166.59,168.69,164.68,17024,stock
2023-07-17,BARUN,168.93,166.63,171.31,165.63,14991,stock
2023-07-18,BARUN,166.63,167.06,168.97,166.63,9642,stock
2023-07-19,BARUN,167.06,166.11,171.84,165.63,9507,stock
2023-07-20,BARUN,168.02,169.83,171.36,166.11,32288,stock
2023-07-23,BARUN,169.21,171.36,172.27,168.5,18910,stock
2023-07-24,BARUN,173.27,168.97,173.27,167.54,20139,stock
2023-07-25,BARUN,168.02,169.4,169.45,165.25,19785,stock
2023-07-26,BARUN,167.02,172.79,172.79,166.59,19427,stock
2023-07-27,BARUN,172.79,167.54,172.79,166.11,14815,stock
2023-07-30,BARUN,165.16,163.25,167.64,162.86,8115,stock
2023-07-31,BARUN,165.54,163.25,171.17,162.82,9029,stock
2023-08-01,BARUN,164.68,162.72,165.54,161.81,6517,stock
2023-08-02,BARUN,163.72,162.77,163.72,159.9,5799,stock
2023-08-03,BARUN,164.15,161.34,164.15,159.9,7183,stock
2023-08-06,BARUN,159.95,157.9,161.81,157.09,4966,stock
2023-08-07,BARUN,157.33,157.52,159.43,155.13,11843,stock
2023-08-08,BARUN,157.52,154.65,157.52,152.74,13254,stock
2023-08-09,BARUN,152.74,156.09,156.09,151.6,13089,stock
2023-08-10,BARUN,155.61,155.61,156.56,155.18,1747,stock
2023-08-13,BARUN,157.04,157.28,157.76,153.46,7525,stock
2023-08-14,BARUN,157.04,155.61,157.52,152.74,3903,stock
2023-08-15,BARUN,153.7,153.46,155.13,151.79,11239,stock
2023-08-16,BARUN,151.41,151.79,152.27,148.93,10344,stock
2023-08-17,BARUN,153.22,151.55,153.22,149.93,4119,stock
2023-08-20,BARUN,151.55,149.4,151.55,147.02,5010,stock
2023-08-21,BARUN,147.4,146.54,150.84,144.63,7633,stock
2023-08-22,BARUN,146.54,148.93,148.93,144.68,8376,stock
2023-08-23,BARUN,148.93,151.79,151.79,148.93,4008,stock
2023-08-24,BARUN,152.74,149.88,152.74,149.4,10327,stock
2023-08-27,BARUN,150.84,148.88,151.89,146.06,6409,stock
2023-08-28,BARUN,149.88,149.88,151.79,147.97,3457,stock
2023-08-29,BARUN,151.31,148.88,151.31,148.45,1853,stock
2023-08-30,BARUN,148.88,148.21,150.36,147.49,2604,stock
2023-09-03,BARUN,149.4,144.63,149.4,144.63,5759,stock
2023-09-04,BARUN,143.2,147.88,150.93,143.2,7971,stock
2023-09-05,BARUN,146.01,147.02,147.49,145.44,4771,stock
2023-09-07,BARUN,147.02,145.01,148.4,141.77,6800,stock
2023-09-10,BARUN,144.3,147.4,154.42,144.3,18304,stock
2023-09-11,BARUN,148.45,155.61,157.04,147.02,12885,stock
2023-09-12,BARUN,154.18,152.74,154.65,151.31,3778,stock
2023-09-13,BARUN,151.31,163.25,163.25,150.84,27831,stock
2023-09-17,BARUN,161.34,156.56,166.49,155.13,22061,stock
2023-09-18,BARUN,156.56,160.91,160.91,154.42,8628,stock
2023-09-19,BARUN,163.15,169.45,169.93,159.0,19248,stock
2023-09-21,BARUN,171.84,167.4,172.79,164.68,61659,stock
2023-09-24,BARUN,169.4,161.81,169.4,160.24,30979,stock
2023-09-25,BARUN,159.67,159.38,164.58,156.09,35719,stock
2023-09-26,BARUN,161.58,164.2,165.58,160.86,36947,stock
2023-09-27,BARUN,166.11,162.24,166.49,159.9,8271,stock
2023-10-01,BARUN,160.05,157.52,162.05,155.13,16721,stock
2023-10-02,BARUN,156.09,159.43,159.9,155.61,9329,stock
2023-10-03,BARUN,159.43,156.99,160.24,155.13,5631,stock
2023-10-04,BARUN,157.52,156.09,159.67,156.09,9354,stock
2023-10-05,BARUN,155.61,156.23,161.29,155.61,12706,stock
2023-10-08,BARUN,156.09,152.74,156.37,151.12,18854,stock
2023-10-09,BARUN,151.36,152.27,155.61,151.36,7957,stock
2023-10-10,BARUN,150.36,150.36,156.42,149.88,9366,stock
2023-10-11,BARUN,152.22,152.12,154.46,150.74,10022,stock
2023-10-12,BARUN,153.7,150.36,153.7,149.4,6846,stock
2023-10-16,BARUN,150.36,148.93,150.84,147.49,6228,stock
2023-10-17,BARUN,149.4,149.4,151.41,149.4,3622,stock
2023-10-18,BARUN,150.69,152.27,152.74,150.69,10162,stock
2023-10-19,BARUN,153.7,152.12,153.7,146.59,1364,stock
2023-10-29,BARUN,150.84,148.4,151.65,148.31,5416,stock
2023-10-30,BARUN,148.45,150.36,150.84,148.45,3506,stock
2023-10-31,BARUN,150.36,148.93,150.36,148.02,1748,stock
2023-11-01,BARUN,150.31,149.4,150.93,148.93,3148,stock
2023-11-02,BARUN,147.73,146.06,149.4,146.06,9967,stock
2023-11-05,BARUN,146.06,146.06,147.49,144.39,3685,stock
2023-11-06,BARUN,146.06,146.4,147.49,146.06,7984,stock
2023-11-07,BARUN,147.06,144.63,148.35,144.44,6990,stock
2023-11-08,BARUN,144.15,145.54,145.54,141.62,17920,stock
2023-11-09,BARUN,144.87,143.68,145.58,141.81,6140,stock
2023-11-20,BARUN,143.2,142.72,143.44,142.0,2978,stock
2023-11-21,BARUN,142.48,140.81,142.48,140.33,6055,stock
2023-11-22,BARUN,138.95,142.72,142.72,138.95,7581,stock
2023-11-23,BARUN,140.86,143.68,144.58,139.95,4160,stock
2023-11-26,BARUN,141.77,147.3,147.3,141.77,11406,stock
2023-11-27,BARUN,149.26,147.49,149.26,145.63,10134,stock
2023-11-28,BARUN,145.54,146.06,148.93,145.54,9367,stock
2023-11-29,BARUN,146.06,147.35,148.02,144.73,5391,stock
2023-11-30,BARUN,149.31,143.2,149.31,143.2,5831,stock
2023-12-03,BARUN,143.72,147.92,148.5,143.2,8733,stock
2023-12-04,BARUN,149.88,149.26,149.88,144.3,8711,stock
2023-12-05,BARUN,151.26,149.4,151.26,147.88,24359,stock
2023-12-06,BARUN,151.31,147.92,151.31,146.54,1576,stock
2023-12-07,BARUN,149.88,149.88,153.94,145.92,4356,stock
2023-12-10,BARUN,150.36,156.56,156.56,150.36,2970,stock
2023-12-11,BARUN,158.71,155.61,160.91,152.74,23945,stock
2023-12-12,BARUN,154.65,160.62,160.62,148.93,30970,stock
2023-12-13,BARUN,162.86,159.43,162.86,156.61,16359,stock
2023-12-14,BARUN,161.62,156.09,161.62,156.09,8414,stock
2023-12-17,BARUN,154.18,163.25,163.58,154.18,53851,stock
2023-12-18,BARUN,165.16,171.84,174.8,161.96,49505,stock
2023-12-19,BARUN,170.41,169.93,170.41,161.34,68416,stock
2023-12-20,BARUN,168.02,166.59,168.5,164.25,39517,stock
2023-12-21,BARUN,168.02,164.53,168.02,162.29,49404,stock
2023-12-24,BARUN,166.59,159.9,166.83,157.28,111727,stock
2023-12-27,BARUN,160.38,159.43,164.15,156.8,23080,stock
2023-12-28,BARUN,161.62,157.28,161.62,156.09,13192,stock
2024-01-01,BARUN,159.43,155.61,161.34,153.94,24801,stock
2024-01-02,BARUN,155.61,150.93,155.61,150.93,26437,stock
2024-01-03,BARUN,152.98,154.13,154.65,148.93,27695,stock
2024-01-04,BARUN,154.18,157.95,159.43,154.18,42801,stock
2024-01-07,BARUN,160.14,159.52,163.58,154.89,66934,stock
2024-01-08,BARUN,160.38,167.06,170.41,155.99,96482,stock
2024-01-09,BARUN,164.68,162.15,168.45,160.05,148265,stock
2024-01-10,BARUN,161.38,161.81,164.58,161.34,37423,stock
2024-01-11,BARUN,163.2,164.92,166.59,162.77,74315,stock
2024-01-14,BARUN,167.26,169.88,171.84,167.06,85360,stock
2024-01-16,BARUN,171.84,176.61,176.75,168.5,109146,stock
2024-01-17,BARUN,178.52,167.54,180.67,167.21,90684,stock
2024-01-18,BARUN,165.63,174.22,176.09,163.29,87183,stock
2024-01-21,BARUN,176.61,174.22,178.47,169.36,197185,stock
2024-01-22,BARUN,171.84,169.4,175.08,166.11,124135,stock
2024-01-23,BARUN,171.79,169.45,173.75,167.54,30618,stock
2024-01-24,BARUN,167.02,166.97,172.79,164.68,59824,stock
2024-01-25,BARUN,164.63,166.54,169.45,164.63,52859,stock
2024-01-28,BARUN,168.5,171.36,171.84,167.06,65267,stock
2024-01-29,BARUN,173.75,177.09,177.09,171.36,118221,stock
2024-01-30,BARUN,178.04,185.2,185.68,174.75,236474,stock
2024-01-31,BARUN,183.77,180.91,190.45,179.71,288973,stock
2024-02-01,BARUN,182.82,179.95,182.82,175.94,138443,stock
2024-02-04,BARUN,180.43,180.33,181.38,176.61,57696,stock
2024-02-05,BARUN,182.96,181.1,184.25,178.14,66697,stock
2024-02-06,BARUN,183.29,178.52,183.29,177.57,38670,stock
2024-02-07,BARUN,175.94,179.95,181.86,175.94,128063,stock
2024-02-11,BARUN,177.09,177.28,180.43,177.09,50326,stock
2024-02-12,BARUN,177.57,178.52,179.86,175.89,43910,stock
2024-02-13,BARUN,178.52,177.57,184.25,175.66,95124,stock
2024-02-14,BARUN,178.76,178.04,178.85,175.7,33776,stock
2024-02-15,BARUN,180.62,178.47,180.62,175.66,55391,stock
2024-02-18,BARUN,177.57,174.7,180.1,174.22,47998,stock
2024-02-20,BARUN,176.61,174.22,176.61,173.79,48758,stock
2024-02-21,BARUN,172.89,172.27,175.8,171.84,28456,stock
2024-02-22,BARUN,174.7,168.54,174.7,168.5,28592,stock
2024-02-25,BARUN,169.45,170.41,175.66,167.21,39517,stock
2024-02-26,BARUN,172.32,171.26,172.32,168.07,8918,stock
2024-02-27,BARUN,173.7,168.97,173.7,168.16,9206,stock
2024-02-28,BARUN,167.06,168.93,170.41,166.68,14624,stock
2024-02-29,BARUN,167.16,165.39,168.5,163.77,19948,stock
2024-03-03,BARUN,163.15,163.39,166.11,163.15,14344,stock
2024-03-04,BARUN,165.68,174.7,174.7,165.68,5000,stock
2024-03-05,BARUN,174.7,166.11,174.7,165.63,67523,stock
2024-03-06,BARUN,164.44,167.54,169.5,163.39,63783,stock
2024-03-07,BARUN,169.45,168.88,169.93,166.87,38462,stock
2024-03-10,BARUN,169.88,168.4,170.79,167.11,26471,stock
2024-03-12,BARUN,169.45,169.93,170.41,167.11,51235,stock
2024-03-13,BARUN,169.45,168.02,170.88,164.68,88782,stock
2024-03-14,BARUN,168.5,167.54,170.21,167.11,28523,stock
2024-03-17,BARUN,167.3,165.63,169.21,165.16,29171,stock
2024-03-18,BARUN,167.06,165.92,167.06,164.68,18296,stock
2024-03-19,BARUN,167.54,165.2,167.78,165.16,31347,stock
2024-03-20,BARUN,166.59,164.68,168.93,163.77,26116,stock
2024-03-21,BARUN,166.11,163.25,166.11,162.34,15789,stock
2024-03-25,BARUN,164.68,162.24,164.68,160.91,9574,stock
2024-03-26,BARUN,161.81,163.77,165.63,161.34,18422,stock
2024-03-27,BARUN,165.54,161.29,165.54,161.15,38685,stock
2024-03-28,BARUN,162.77,164.2,164.68,160.95,21517,stock
2024-03-31,BARUN,165.16,165.39,166.06,162.77,28949,stock
2024-04-01,BARUN,163.72,163.72,166.35,163.72,18023,stock
2024-04-02,BARUN,165.49,163.48,165.49,161.81,6517,stock
2024-04-03,BARUN,163.82,162.77,165.2,161.81,18098,stock
2024-04-04,BARUN,160.86,160.76,164.15,158.95,24367,stock
2024-04-07,BARUN,160.38,161.34,162.29,159.95,15077,stock
2024-04-09,BARUN,163.25,161.34,163.77,160.43,22899,stock
2024-04-10,BARUN,163.01,161.81,164.2,161.81,18904,stock
2024-04-14,BARUN,163.72,162.82,164.63,159.95,11456,stock
2024-04-15,BARUN,161.86,162.34,166.01,161.81,16526,stock
2024-04-16,BARUN,162.34,160.53,162.77,160.38,11282,stock
2024-04-18,BARUN,158.28,158.0,160.38,157.52,7399,stock
2024-04-21,BARUN,157.52,162.2,162.24,157.52,16345,stock
2024-04-22,BARUN,160.24,159.43,161.77,158.71,5725,stock
2024-04-24,BARUN,158.0,158.95,161.62,158.0,6457,stock
2024-04-25,BARUN,158.95,158.9,160.38,155.8,24977,stock
2024-04-28,BARUN,160.38,158.71,160.38,156.9,13874,stock
2024-04-29,BARUN,157.66,157.52,158.52,156.56,9804,stock
2024-04-30,BARUN,156.56,160.38,161.81,156.09,26570,stock
2024-05-02,BARUN,158.76,158.23,161.34,157.52,15284,stock
2024-05-05,BARUN,157.61,155.51,158.23,155.47,18727,stock
2024-05-06,BARUN,154.65,155.08,156.09,152.74,16270,stock
2024-05-07,BARUN,153.75,153.79,157.04,153.7,14540,stock
2024-05-08,BARUN,152.89,150.5,153.7,150.36,32010,stock
2024-05-09,BARUN,150.5,152.74,153.65,148.45,21353,stock
2024-05-12,BARUN,151.84,152.27,153.89,151.46,13130,stock
2024-05-13,BARUN,152.74,155.61,155.61,152.27,11054,stock
2024-05-14,BARUN,154.18,160.14,162.2,153.46,19294,stock
2024-05-15,BARUN,161.77,158.42,161.81,156.56,14826,stock
2024-05-16,BARUN,156.61,159.9,159.9,155.66,23565,stock
2024-05-19,BARUN,160.38,160.38,163.72,158.19,16217,stock
2024-05-20,BARUN,161.81,159.9,163.72,158.33,24219,stock
2024-05-21,BARUN,158.47,163.25,165.63,158.0,28759,stock
2024-05-22,BARUN,161.05,162.77,164.96,161.05,13641,stock
2024-05-26,BARUN,164.49,161.34,164.49,159.9,8723,stock
2024-05-27,BARUN,159.24,160.38,163.01,159.24,4658,stock
2024-05-29,BARUN,162.63,158.09,165.63,158.09,7025,stock
2024-05-30,BARUN,158.47,161.81,166.01,158.0,38164,stock
2024-06-02,BARUN,161.43,162.77,165.63,161.43,58937,stock
2024-06-03,BARUN,164.49,162.05,165.06,161.38,20326,stock
2024-06-04,BARUN,162.29,160.86,163.25,158.47,13261,stock
2024-06-05,BARUN,162.53,159.9,162.53,158.47,11680,stock
2024-06-06,BARUN,157.71,159.9,161.58,157.66,5783,stock
2024-06-09,BARUN,157.66,162.29,164.39,157.66,23311,stock
2024-06-10,BARUN,164.49,166.59,169.88,158.0,77506,stock
2024-06-11,BARUN,168.02,178.47,178.47,167.54,225159,stock
2024-06-12,BARUN,181.05,182.86,191.5,181.05,298525,stock
2024-06-13,BARUN,185.54,194.27,196.23,183.15,399806,stock
2024-06-16,BARUN,197.14,194.27,200.0,190.45,344002,stock
2024-06-18,BARUN,194.27,194.75,200.0,193.32,362124,stock
2024-06-19,BARUN,195.66,194.75,200.0,193.32,142553,stock
2024-06-20,BARUN,191.84,195.47,198.57,191.84,183675,stock
2024-06-23,BARUN,194.75,192.36,195.7,189.12,130867,stock
2024-06-24,BARUN,192.36,189.98,195.23,189.59,145831,stock
2024-06-25,BARUN,192.36,193.03,195.37,191.03,97897,stock
2024-06-26,BARUN,195.89,190.93,195.89,190.07,49606,stock
2024-06-27,BARUN,192.36,194.7,195.66,189.98,103406,stock
2024-06-30,BARUN,195.23,191.98,197.57,191.93,61824,stock
2024-07-01,BARUN,193.32,192.12,194.84,191.41,49502,stock
2024-07-02,BARUN,194.99,192.89,204.77,192.51,90540,stock
2024-07-03,BARUN,190.93,190.93,193.79,189.02,66415,stock
2024-07-04,BARUN,189.16,189.45,193.32,187.59,83635,stock
2024-07-07,BARUN,189.45,190.41,193.32,186.63,112111,stock
2024-07-08,BARUN,190.69,188.54,192.36,188.54,49261,stock
2024-07-09,BARUN,189.5,187.59,190.45,186.16,52707,stock
2024-07-10,BARUN,189.64,190.93,191.07,187.11,69743,stock
2024-07-11,BARUN,191.89,190.45,193.75,189.5,56344,stock
2024-07-14,BARUN,193.27,192.84,198.57,190.45,52399,stock
2024-07-15,BARUN,194.22,189.02,194.22,189.02,58670,stock
2024-07-16,BARUN,191.69,203.15,203.15,191.69,229723,stock
2024-07-17,BARUN,206.25,211.5,216.23,206.25,457746,stock
2024-07-18,BARUN,213.84,212.27,224.87,205.25,180714,stock
2024-07-21,BARUN,209.07,208.07,210.98,206.21,175896,stock
2024-07-22,BARUN,211.22,206.68,212.27,203.87,156230,stock
2024-07-23,BARUN,205.25,214.75,218.62,205.25,336336,stock
2024-07-24,BARUN,214.8,216.71,226.73,211.93,204749,stock
2024-07-25,BARUN,220.0,221.0,224.3,213.6,183825,stock
2024-07-28,BARUN,224.44,218.9,227.21,216.71,141608,stock
2024-07-29,BARUN,215.51,220.05,226.25,215.27,260281,stock
2024-07-30,BARUN,219.57,237.28,237.28,219.57,515725,stock
2024-07-31,BARUN,241.05,237.23,249.16,237.18,170054,stock
2024-08-01,BARUN,233.89,231.98,236.99,230.07,239391,stock
2024-08-05,BARUN,231.98,237.23,246.25,225.49,267304,stock
2024-08-06,BARUN,238.66,223.87,241.24,221.48,167639,stock
2024-08-07,BARUN,224.82,227.68,231.03,221.0,102551,stock
2024-08-08,BARUN,230.55,231.5,238.66,228.78,200466,stock
2024-08-11,BARUN,235.18,235.32,238.66,229.26,127489,stock
2024-08-12,BARUN,235.32,233.89,238.66,231.03,184407,stock
2024-08-13,BARUN,230.17,231.98,238.19,229.12,184823,stock
2024-08-14,BARUN,234.84,234.84,242.48,228.16,228957,stock
2024-08-15,BARUN,234.84,244.39,253.56,234.32,280942,stock
2024-08-18,BARUN,243.44,236.28,247.73,234.84,149166,stock
2024-08-21,BARUN,236.28,232.98,247.73,232.98,67370,stock
2024-08-22,BARUN,231.55,232.94,237.66,231.5,126774,stock
2024-08-25,BARUN,232.94,229.12,236.23,225.3,115333,stock
2024-08-27,BARUN,225.82,215.75,231.26,214.8,102228,stock
2024-08-28,BARUN,217.66,219.57,229.12,217.66,90786,stock
2024-08-29,BARUN,222.91,222.53,229.59,218.62,74219,stock
2024-09-01,BARUN,222.58,219.09,229.12,217.18,50475,stock
2024-09-02,BARUN,219.09,226.83,227.68,218.33,52423,stock
2024-09-03,BARUN,230.41,224.34,230.41,224.34,67787,stock
2024-09-04,BARUN,221.0,218.14,226.73,217.18,48534,stock
2024-09-05,BARUN,217.18,217.66,220.62,214.27,47846,stock
2024-09-08,BARUN,218.19,214.8,221.0,213.89,25748,stock
2024-09-09,BARUN,214.8,210.98,216.71,210.5,28258,stock
2024-09-10,BARUN,213.27,211.46,219.57,211.03,50946,stock
2024-09-11,BARUN,214.7,209.07,214.7,206.83,28024,stock
2024-09-12,BARUN,208.11,215.27,215.27,208.11,34018,stock
2024-09-15,BARUN,215.27,212.41,219.57,210.02,33170,stock
2024-09-16,BARUN,212.41,208.11,219.05,207.64,37267,stock
2024-09-18,BARUN,207.64,208.5,213.37,205.35,17840,stock
2024-09-22,BARUN,211.69,209.07,214.7,207.64,20053,stock
2024-09-23,BARUN,207.11,205.2,213.27,201.43,38513,stock
2024-09-24,BARUN,202.1,200.91,212.74,200.48,38583,stock
2024-09-25,BARUN,202.86,203.82,205.97,196.13,28468,stock
2024-09-26,BARUN,205.25,203.58,216.23,202.39,31968,stock
2024-09-29,BARUN,200.48,201.43,204.01,196.75,12012,stock
2024-09-30,BARUN,204.3,202.86,204.3,200.57,12006,stock
2024-10-01,BARUN,205.73,215.27,218.38,204.82,64081,stock
2024-10-02,BARUN,217.66,214.8,227.88,210.5,36582,stock
2024-10-06,BARUN,214.8,218.62,226.73,213.84,14190,stock
2024-10-07,BARUN,218.62,218.14,224.34,217.18,17271,stock
2024-10-08,BARUN,221.53,216.71,228.5,215.27,14513,stock
2024-10-09,BARUN,219.57,217.66,220.05,215.75,12345,stock
2024-10-15,BARUN,220.05,218.0,220.05,214.32,5580,stock
2024-10-16,BARUN,218.0,221.05,224.92,215.99,21157,stock
2024-10-17,BARUN,217.76,221.96,231.46,217.71,34473,stock
2024-10-20,BARUN,221.96,219.09,232.94,217.71,31776,stock
2024-10-21,BARUN,221.48,223.39,231.26,219.57,146784,stock
2024-10-22,BARUN,224.34,231.55,238.62,223.87,99757,stock
2024-10-23,BARUN,234.84,228.64,238.57,227.88,42748,stock
2024-10-24,BARUN,231.98,229.98,238.9,225.3,88467,stock
2024-10-27,BARUN,230.07,235.8,237.71,228.21,90934,stock
2024-10-28,BARUN,232.94,238.57,242.48,231.5,395284,stock
2024-10-29,BARUN,242.0,238.62,242.48,233.94,64519,stock
2024-10-30,BARUN,241.96,233.17,241.96,233.13,62105,stock
2024-11-05,BARUN,231.5,233.41,238.19,230.36,132959,stock
2024-11-06,BARUN,237.04,234.84,237.71,231.98,23404,stock
2024-11-10,BARUN,234.84,237.66,238.66,234.84,141978,stock
2024-11-11,BARUN,241.0,238.19,244.34,237.42,84112,stock
2024-11-12,BARUN,236.99,236.28,243.39,235.32,46928,stock
2024-11-13,BARUN,240.05,241.05,247.26,236.75,88280,stock
2024-11-14,BARUN,241.05,247.59,253.94,238.66,234744,stock
2024-11-17,BARUN,251.55,255.85,262.53,250.6,289892,stock
2024-11-19,BARUN,258.57,249.64,260.0,246.35,154821,stock
2024-11-20,BARUN,252.98,254.42,259.9,246.78,110473,stock
2024-11-21,BARUN,257.76,249.16,258.23,248.21,67692,stock
2024-11-24,BARUN,251.07,247.16,254.89,245.87,72152,stock
2024-11-25,BARUN,248.21,248.21,251.07,246.3,52981,stock
2024-11-26,BARUN,252.03,252.98,254.42,247.26,84002,stock
2024-11-27,BARUN,256.32,256.8,259.52,252.98,139861,stock
2024-11-28,BARUN,258.66,251.17,258.66,251.07,67545,stock
2024-12-01,BARUN,247.26,254.89,255.37,245.82,92869,stock
2024-12-02,BARUN,254.89,264.44,272.08,251.6,196903,stock
2024-12-03,BARUN,268.74,265.87,273.03,264.44,85363,stock
2024-12-04,BARUN,266.35,261.58,269.21,261.53,93116,stock
2024-12-05,BARUN,263.48,257.28,263.96,255.47,103154,stock
2024-12-08,BARUN,255.23,252.51,258.71,251.55,76732,stock
2024-12-09,BARUN,252.98,257.28,258.71,252.22,61045,stock
2024-12-10,BARUN,259.62,253.6,259.62,253.46,28562,stock
2024-12-11,BARUN,253.65,257.66,257.66,253.56,43970,stock
2024-12-12,BARUN,257.76,252.51,260.0,251.69,68461,stock
2024-12-16,BARUN,252.51,243.91,252.51,243.91,107807,stock
2024-12-17,BARUN,243.44,245.82,248.21,241.53,49519,stock
2024-12-18,BARUN,248.21,246.3,248.21,244.39,21047,stock
2024-12-19,BARUN,243.1,241.72,246.78,241.1,26914,stock
2024-12-22,BARUN,242.0,241.0,245.58,237.23,96113,stock
2024-12-23,BARUN,244.82,241.53,244.82,238.19,54335,stock
2024-12-24,BARUN,243.39,243.91,244.34,238.66,147508,stock
2024-12-26,BARUN,240.1,241.29,245.68,240.1,29406,stock
2024-12-29,BARUN,238.66,234.03,241.05,234.03,51003,stock
2024-12-31,BARUN,233.89,231.98,235.8,226.73,47781,stock
2025-01-01,BARUN,234.37,235.32,235.51,231.55,34264,stock
2025-01-02,BARUN,236.28,241.05,241.05,234.03,28333,stock
2025-01-05,BARUN,244.92,241.1,244.92,240.14,49585,stock
2025-01-06,BARUN,244.82,246.25,246.25,241.58,63572,stock
2025-01-07,BARUN,247.73,245.78,248.21,243.44,45337,stock
2025-01-08,BARUN,248.78,246.78,248.78,242.48,74048,stock
2025-01-09,BARUN,246.3,247.73,249.16,244.92,78354,stock
2025-01-12,BARUN,248.26,246.78,249.16,246.3,34715,stock
2025-01-13,BARUN,250.69,245.35,250.69,245.35,35586,stock
2025-01-15,BARUN,244.39,247.68,248.74,244.39,32243,stock
2025-01-16,BARUN,250.02,254.42,255.37,248.07,112102,stock
2025-01-19,BARUN,258.52,262.0,264.44,254.51,151807,stock
2025-01-20,BARUN,265.39,259.9,266.35,258.71,108498,stock
2025-01-21,BARUN,260.14,254.89,262.53,253.99,107558,stock
2025-01-22,BARUN,251.55,260.62,262.53,251.55,201953,stock
2025-01-23,BARUN,264.87,260.14,264.87,258.81,84893,stock
2025-01-26,BARUN,258.23,269.69,272.55,258.23,211799,stock
2025-01-27,BARUN,272.94,265.87,276.32,265.25,240606,stock
2025-01-28,BARUN,270.17,267.92,270.64,262.53,319781,stock
2025-02-02,BARUN,272.32,266.83,273.99,266.35,140335,stock
2025-02-03,BARUN,266.83,280.19,284.01,266.83,634620,stock
2025-02-04,BARUN,284.25,289.26,297.85,284.25,281196,stock
2025-02-05,BARUN,294.03,288.74,294.03,284.96,166382,stock
2025-02-06,BARUN,287.21,281.62,289.74,280.43,377241,stock
2025-02-09,BARUN,281.67,276.37,285.92,274.94,232915,stock
2025-02-10,BARUN,276.85,276.37,280.19,274.94,130551,stock
2025-02-11,BARUN,271.84,282.58,283.53,271.84,139919,stock
2025-02-12,BARUN,286.87,285.82,286.87,279.76,139686,stock
2025-02-13,BARUN,290.55,281.15,290.55,280.67,99329,stock
2025-02-16,BARUN,284.01,278.76,284.92,278.33,101195,stock
2025-02-17,BARUN,280.67,276.13,283.29,275.18,113458,stock
2025-02-18,BARUN,271.6,274.37,280.67,271.6,100611,stock
2025-02-20,BARUN,272.65,270.17,273.99,269.69,85244,stock
2025-02-23,BARUN,265.73,271.12,271.12,262.63,113172,stock
2025-02-24,BARUN,266.68,271.84,276.56,266.68,84184,stock
2025-02-25,BARUN,269.69,271.17,276.8,269.69,42981,stock
2025-02-27,BARUN,274.46,279.71,280.67,270.17,118167,stock
2025-03-02,BARUN,281.62,282.1,286.3,279.71,105833,stock
2025-03-03,BARUN,277.42,278.76,285.92,277.14,93442,stock
2025-03-04,BARUN,280.67,291.69,293.56,277.33,350900,stock
2025-03-05,BARUN,292.12,298.28,300.24,291.17,316456,stock
2025-03-06,BARUN,300.72,302.15,303.1,294.7,214566,stock
2025-03-09,BARUN,300.72,307.4,307.4,299.28,318008,stock
2025-03-10,BARUN,307.4,305.49,310.26,302.63,233563,stock
2025-03-11,BARUN,304.58,300.72,310.26,295.37,261679,stock
2025-03-12,BARUN,305.78,299.28,305.78,295.94,319765,stock
2025-03-16,BARUN,300.72,295.94,303.53,294.84,217169,stock
2025-03-17,BARUN,295.56,292.74,297.8,292.6,85271,stock
2025-03-18,BARUN,295.47,293.17,297.33,292.6,44326,stock
2025-03-19,BARUN,288.31,290.17,295.94,288.31,44484,stock
2025-03-20,BARUN,285.35,286.66,291.17,285.35,95857,stock
2025-03-23,BARUN,281.91,288.05,292.12,281.91,129509,stock
2025-03-24,BARUN,285.58,289.7,291.17,285.58,89760,stock
2025-03-25,BARUN,286.87,283.65,289.98,283.05,102794,stock
2025-03-26,BARUN,284.49,289.7,291.12,280.67,72931,stock
2025-03-27,BARUN,286.59,293.31,294.51,286.59,110266,stock
2025-03-30,BARUN,291.65,294.75,299.52,291.17,141806,stock
2025-04-01,BARUN,294.03,290.11,295.94,288.74,105487,stock
2025-04-02,BARUN,288.88,291.78,295.94,288.88,74411,stock
2025-04-03,BARUN,294.46,292.44,298.33,291.26,116887,stock
2025-04-07,BARUN,292.41,289.0,294.51,288.31,65513,stock
2025-04-08,BARUN,289.26,290.88,291.84,284.06,65002,stock
2025-04-09,BARUN,294.03,291.27,294.75,289.45,70138,stock
2025-04-10,BARUN,288.78,297.2,301.67,288.78,253511,stock
2025-04-13,BARUN,292.22,303.08,305.01,292.22,189820,stock
2025-04-15,BARUN,300.72,313.56,315.51,300.72,295111,stock
2025-04-16,BARUN,312.65,316.27,319.81,312.65,272845,stock
2025-04-17,BARUN,321.62,313.56,321.62,310.55,204061,stock
2025-04-20,BARUN,313.13,313.48,315.51,308.93,259021,stock
2025-04-21,BARUN,308.21,315.21,321.72,308.21,229878,stock
2025-04-22,BARUN,309.88,315.84,319.81,309.88,147206,stock
2025-04-23,BARUN,315.51,312.59,317.37,310.26,88906,stock
2025-04-24,BARUN,309.36,322.65,323.29,309.36,329367,stock
2025-04-27,BARUN,328.11,323.54,328.11,319.81,167774,stock
2025-04-28,BARUN,318.09,316.18,328.88,310.74,168084,stock
2025-04-29,BARUN,310.88,316.17,321.48,310.88,194394,stock
2025-04-30,BARUN,313.13,322.61,324.53,313.13,239054,stock
2025-05-04,BARUN,323.63,317.54,326.49,317.18,90391,stock
2025-05-05,BARUN,313.6,311.13,320.29,310.26,442880,stock
2025-05-06,BARUN,305.97,308.57,312.55,300.72,254808,stock
2025-05-07,BARUN,303.58,306.28,311.69,303.58,85140,stock
2025-05-08,BARUN,310.26,305.93,311.74,301.67,150080,stock
2025-05-11,BARUN,301.19,306.74,309.74,301.19,175249,stock
2025-05-13,BARUN,301.67,301.07,312.12,300.72,54334,stock
2025-05-14,BARUN,305.49,298.42,305.49,296.04,103433,stock
2025-05-15,BARUN,297.37,305.44,315.04,295.94,101666,stock
2025-05-18,BARUN,300.33,302.13,310.26,300.33,112491,stock
2025-05-19,BARUN,306.44,304.71,309.74,301.67,109982,stock
2025-05-20,BARUN,299.76,305.38,309.79,299.76,120516,stock
2025-05-21,BARUN,310.26,300.95,319.81,299.95,304069,stock
2025-05-22,BARUN,304.53,294.1,305.01,293.13,174507,stock
2025-05-25,BARUN,298.33,292.33,298.33,289.74,87986,stock
2025-05-26,BARUN,296.9,290.93,301.62,290.26,55659,stock
2025-05-27,BARUN,290.98,291.45,295.94,288.93,59476,stock
2025-05-28,BARUN,295.42,295.44,297.76,293.08,91686,stock
2025-06-02,BARUN,300.24,291.37,300.24,290.26,107780,stock
2025-06-03,BARUN,286.59,282.81,294.03,281.86,122344,stock
2025-06-04,BARUN,283.05,277.19,287.35,276.37,412294,stock
2025-06-05,BARUN,282.67,304.8,304.82,282.67,437031,stock
2025-06-08,BARUN,304.53,302.12,309.31,294.99,114441,stock
2025-06-09,BARUN,308.07,295.8,308.07,294.7,157808,stock
2025-06-10,BARUN,301.67,295.89,301.67,290.21,137293,stock
2025-06-11,BARUN,301.77,309.11,323.63,294.03,266879,stock
2025-06-12,BARUN,310.26,320.48,330.31,309.31,360344,stock
2025-06-15,BARUN,319.81,352.02,352.46,319.81,405386,stock
2025-06-16,BARUN,356.09,357.79,377.09,341.96,404153,stock
2025-06-17,BARUN,357.04,350.07,363.72,344.63,150066,stock
2025-06-18,BARUN,357.04,370.33,374.22,344.63,271048,stock
2025-06-19,BARUN,370.5,354.89,375.18,351.31,182248,stock
2025-06-22,BARUN,355.13,346.8,366.59,343.77,220660,stock
2025-06-23,BARUN,353.22,365.08,367.54,344.25,155833,stock
2025-06-24,BARUN,372.32,353.74,372.32,351.31,101960,stock
2025-06-25,BARUN,360.76,352.22,360.76,349.4,100504,stock
2025-06-26,BARUN,353.22,383.66,387.4,353.22,711555,stock
2025-06-29,BARUN,391.22,398.81,412.79,388.54,482013,stock
2025-06-30,BARUN,391.41,393.78,398.0,383.58,394714,stock
2025-07-01,BARUN,400.95,426.9,430.36,396.18,499222,stock
2025-07-02,BARUN,429.59,438.68,448.69,417.18,323119,stock
2025-07-03,BARUN,429.98,425.65,451.55,419.09,394434,stock
2025-07-06,BARUN,434.08,415.04,434.37,413.37,332394,stock
2025-07-07,BARUN,406.78,406.56,427.68,402.39,411469,stock
2025-07-08,BARUN,414.32,406.45,415.27,395.23,212330,stock
2025-07-09,BARUN,410.5,431.69,438.09,410.5,330706,stock
2025-07-10,BARUN,423.87,423.39,440.1,420.05,350012,stock
2025-07-13,BARUN,431.79,406.03,440.1,402.86,290839,stock
2025-07-14,BARUN,399.05,397.8,410.5,395.23,239551,stock
2025-07-15,BARUN,390.45,405.46,415.27,390.45,243869,stock
2025-07-16,BARUN,413.37,399.17,413.37,396.66,199925,stock
2025-07-17,BARUN,391.22,401.86,429.4,391.22,285721,stock
2025-07-20,BARUN,409.55,394.34,409.55,392.36,243151,stock
2025-07-21,BARUN,394.27,386.26,400.0,383.58,186381,stock
2025-07-22,BARUN,381.86,387.24,397.14,381.86,186485,stock
2025-07-23,BARUN,387.59,395.1,399.14,382.82,160793,stock
2025-07-24,BARUN,401.91,393.97,401.91,392.08,130223,stock
2025-07-27,BARUN,399.05,387.25,400.0,386.63,183596,stock
2025-07-28,BARUN,386.63,384.85,393.22,381.86,161779,stock
2025-07-29,BARUN,389.5,379.14,391.31,378.42,175052,stock
2025-07-30,BARUN,379.95,380.25,390.45,375.27,202949,stock
2025-07-31,BARUN,381.86,371.73,385.49,370.41,103878,stock
2025-08-03,BARUN,365.63,360.07,371.17,358.95,94736,stock
2025-08-04,BARUN,358.0,357.74,366.49,351.31,100911,stock
2025-08-05,BARUN,360.86,346.09,362.77,344.63,91324,stock
2025-08-06,BARUN,346.16,340.37,350.36,338.9,73727,stock
2025-08-07,BARUN,347.11,373.66,374.32,346.54,252997,stock
2025-08-11,BARUN,380.91,364.41,388.64,362.2,96404,stock
2025-08-12,BARUN,371.65,354.16,371.65,349.5,133205,stock
2025-08-13,BARUN,360.86,361.16,372.22,350.93,94905,stock
2025-08-14,BARUN,367.54,360.69,368.31,355.13,50776,stock
2025-08-17,BARUN,361.81,350.41,367.83,349.4,92414,stock
2025-08-18,BARUN,357.04,353.79,362.1,348.16,61525,stock
2025-08-19,BARUN,360.86,351.13,360.86,349.5,68083,stock
2025-08-20,BARUN,348.93,352.03,355.8,348.93,40547,stock
2025-08-21,BARUN,358.95,347.41,358.95,346.54,45896,stock
2025-08-24,BARUN,353.03,339.45,353.03,337.95,62759,stock
2025-08-25,BARUN,342.72,341.42,348.54,335.08,42812,stock
2025-08-26,BARUN,347.4,340.17,347.4,339.0,26685,stock
2025-08-27,BARUN,334.13,347.57,350.36,334.13,46788,stock
2025-08-28,BARUN,353.22,341.09,353.22,340.62,55432,stock
2025-08-31,BARUN,340.81,335.62,343.68,335.08,41907,stock
2025-09-01,BARUN,332.22,333.4,343.58,330.31,58359,stock
2025-09-02,BARUN,336.04,327.69,337.95,327.45,30393,stock
2025-09-03,BARUN,329.36,318.85,329.36,317.9,36573,stock
2025-09-04,BARUN,324.58,315.67,324.58,313.22,40126,stock
2025-09-07,BARUN,313.13,312.65,316.75,310.84,28502,stock
2025-09-08,BARUN,313.13,301.38,313.99,300.72,58850,stock
2025-09-18,BARUN,295.37,284.49,295.94,284.49,4220,stock
2025-09-21,BARUN,278.85,306.02,310.26,278.85,79574,stock
2025-09-23,BARUN,311.22,317.9,320.76,310.26,50717,stock
2025-09-24,BARUN,317.9,312.17,319.81,311.69,23042,stock
2025-09-25,BARUN,306.54,309.31,316.95,306.54,18462,stock
2025-09-28,BARUN,303.58,321.72,326.49,303.58,29332,stock
2025-10-07,BARUN,315.99,311.69,321.72,307.4,27398,stock
2025-10-08,BARUN,317.9,301.67,317.9,300.72,48533,stock
2025-10-09,BARUN,307.68,310.26,320.0,305.49,51162,stock
2025-10-12,BARUN,305.49,297.85,313.13,295.94,39644,stock
2025-10-13,BARUN,295.94,303.48,307.4,295.94,26363,stock
2025-10-14,BARUN,306.44,305.2,307.4,298.81,17864,stock
2025-10-15,BARUN,299.28,298.81,300.72,296.32,8508,stock
2025-10-16,BARUN,293.08,292.12,305.49,292.12,19122,stock
2025-10-19,BARUN,296.9,292.12,296.9,292.12,13950,stock
2025-10-26,BARUN,297.85,286.4,297.85,284.49,17239,stock
2025-10-28,BARUN,291.17,305.49,305.58,291.17,34491,stock
2025-10-29,BARUN,307.4,302.63,311.22,301.58,27860,stock
2025-10-30,BARUN,296.9,307.4,311.22,296.9,40045,stock
2025-11-02,BARUN,309.31,317.42,321.72,306.44,75783,stock
2025-11-03,BARUN,318.85,324.49,334.13,318.85,78040,stock
2025-11-04,BARUN,325.44,318.85,329.36,315.04,37069,stock
2025-11-05,BARUN,325.16,316.85,325.16,310.26,39066,stock
2025-11-06,BARUN,316.95,321.72,322.39,315.13,30919,stock
2025-11-09,BARUN,321.72,313.13,321.72,313.13,25099,stock
2025-11-10,BARUN,310.26,313.13,317.42,306.92,28212,stock
2025-11-11,BARUN,309.79,314.08,316.95,307.4,31123,stock
2025-11-12,BARUN,315.04,324.58,335.94,315.04,107121,stock
2025-11-13,BARUN,330.31,329.36,335.37,321.72,100161,stock
2025-11-16,BARUN,324.58,317.14,324.58,310.84,394977,stock
2025-11-17,BARUN,316.95,319.05,322.67,312.17,154456,stock
2025-11-18,BARUN,322.58,332.12,337.47,320.76,450595,stock
2025-11-19,BARUN,333.17,329.26,355.13,326.4,781840,stock
2025-11-20,BARUN,329.36,327.45,336.04,317.9,349895,stock
2025-11-23,BARUN,333.94,332.22,335.08,327.64,262009,stock
2025-11-24,BARUN,338.81,324.68,338.81,324.58,281028,stock
2025-11-25,BARUN,318.19,332.41,336.99,318.19,459880,stock
2025-11-26,BARUN,327.45,342.72,347.49,327.45,445025,stock
2025-11-27,BARUN,335.94,337.85,348.45,335.08,378584,stock
2025-11-30,BARUN,335.0,333.9,347.8,333.0,280407,stock
2025-12-01,BARUN,333.9,337.0,340.0,328.7,214761,stock
2025-12-02,BARUN,330.3,337.0,343.9,330.3,241707,stock
2025-12-03,BARUN,335.0,332.0,337.7,329.1,224072,stock
2025-12-07,BARUN,328.1,327.0,334.0,325.0,97410,stock
2025-12-08,BARUN,329.0,329.9,340.0,323.5,187032,stock
2025-12-09,BARUN,330.0,324.2,331.0,323.9,126144,stock
2025-12-10,BARUN,330.6,321.0,330.6,320.0,73807,stock
2025-12-11,BARUN,327.4,319.8,327.4,317.0,102361,stock
2025-12-14,BARUN,315.0,315.0,322.0,314.0,89551,stock
2025-12-15,BARUN,308.7,318.0,322.0,308.7,76123,stock
2025-12-16,BARUN,316.0,325.0,325.0,316.0,84224,stock
2025-12-17,BARUN,325.0,322.9,329.0,320.0,51579,stock
2025-12-18,BARUN,327.0,316.1,327.0,316.0,88020,stock
2025-12-21,BARUN,321.0,313.1,321.0,313.1,59934,stock
2025-12-22,BARUN,314.0,312.0,314.9,310.2,79267,stock
2025-12-23,BARUN,311.0,314.0,316.0,310.2,51238,stock
2025-12-24,BARUN,316.0,318.0,320.0,313.0,76264,stock
2025-12-28,BARUN,318.0,321.0,324.0,315.1,75737,stock
2025-12-29,BARUN,324.0,318.8,324.0,315.0,95850,stock
2025-12-31,BARUN,323.9,318.0,323.9,318.0,62539,stock
2026-01-01,BARUN,318.0,313.9,320.0,313.1,64522,stock
2026-01-04,BARUN,314.7,313.7,316.0,312.5,64800,stock
2026-01-05,BARUN,313.0,318.0,318.0,313.0,69500,stock
2026-01-06,BARUN,320.9,320.8,322.8,318.6,144180,stock
2026-01-07,BARUN,327.2,319.6,327.2,316.1,56133,stock
2026-01-08,BARUN,325.0,318.5,325.0,316.0,82091,stock
2026-01-12,BARUN,318.5,317.0,321.9,316.0,98589,stock
2026-01-13,BARUN,315.0,321.0,324.0,315.0,113255,stock
2026-01-14,BARUN,314.6,323.2,329.6,314.6,120089,stock
2026-01-18,BARUN,320.0,325.0,330.0,320.0,86031,stock
2026-01-20,BARUN,331.5,331.7,337.0,329.0,144792,stock
2026-01-21,BARUN,336.0,331.0,336.0,328.3,129777,stock
2026-01-22,BARUN,329.7,342.0,344.8,329.7,313975,stock
2026-01-25,BARUN,335.2,375.0,376.2,335.2,508925,stock
2026-01-26,BARUN,381.0,377.0,385.0,365.0,539022,stock
2026-01-27,BARUN,369.5,362.1,380.0,362.1,329126,stock
2026-01-28,BARUN,363.0,369.5,375.0,355.1,315592,stock
2026-01-29,BARUN,370.0,371.0,380.0,370.0,393269,stock
2026-02-01,BARUN,370.2,365.0,375.0,359.0,182981,stock
2026-02-02,BARUN,362.1,363.0,370.0,359.0,203987,stock
2026-02-03,BARUN,355.8,378.0,383.5,355.8,601627,stock
2026-02-04,BARUN,380.0,383.0,388.0,378.0,333505,stock
2026-02-05,BARUN,383.0,379.5,388.0,377.1,258473,stock
2026-02-08,BARUN,380.0,367.7,385.0,366.0,264907,stock
2026-02-09,BARUN,375.0,363.9,375.0,358.0,298000,stock
2026-02-10,BARUN,363.9,358.0,369.8,356.0,192605,stock
2026-02-11,BARUN,365.1,368.0,368.2,358.0,138625,stock
2026-02-12,BARUN,373.9,365.2,377.1,364.0,193036,stock
2026-02-16,BARUN,365.2,359.0,372.0,358.0,92498,stock
2026-02-17,BARUN,358.0,346.2,362.9,346.0,159977,stock
2026-02-22,BARUN,347.0,336.0,347.0,335.0,131875,stock
2026-02-23,BARUN,339.9,338.9,344.7,336.4,99661,stock
2026-02-24,BARUN,340.0,342.9,344.0,339.0,59190,stock
2026-02-25,BARUN,342.0,346.0,348.0,341.3,54797,stock
2026-02-26,BARUN,352.0,345.0,352.0,342.0,42095,stock
2026-03-01,BARUN,340.1,346.8,347.5,339.0,81308,stock
2026-03-03,BARUN,353.7,356.0,358.0,342.9,110562,stock
2026-03-09,BARUN,363.1,389.0,391.6,363.1,9867,stock
2026-03-10,BARUN,390.0,374.0,390.0,367.9,392373,stock
2026-03-11,BARUN,367.0,369.0,381.3,367.0,220773,stock
2026-03-12,BARUN,367.0,375.0,377.3,367.0,206664,stock
2026-03-15,BARUN,380.0,373.7,380.0,370.0,146108,stock
2026-03-16,BARUN,366.4,366.5,379.9,366.3,224006,stock
2026-03-17,BARUN,365.1,376.0,376.3,363.0,191406,stock
2026-03-19,BARUN,383.5,393.0,401.5,377.2,580488,stock
2026-03-22,BARUN,400.0,390.0,400.0,383.0,370739,stock
2026-03-23,BARUN,392.0,389.8,392.0,382.1,167200,stock
2026-03-24,BARUN,391.0,389.0,395.0,385.0,148706,stock
2026-03-25,BARUN,396.7,380.0,396.7,380.0,142096,stock
2026-03-26,BARUN,380.0,381.2,382.9,375.6,118257,stock
2026-03-29,BARUN,373.6,367.0,385.0,366.0,187101,stock
2026-03-30,BARUN,365.0,360.8,372.0,360.0,149191,stock
2026-03-31,BARUN,358.1,360.0,368.0,353.7,117194,stock
2026-04-01,BARUN,361.0,346.1,362.0,345.0,145292,stock
2026-04-02,BARUN,352.0,353.0,359.0,340.0,185301,stock
2026-04-05,BARUN,346.0,334.0,350.0,332.9,172225,stock
2026-04-06,BARUN,334.0,357.0,360.8,334.0,178742,stock
2026-04-07,BARUN,359.9,353.0,364.0,350.5,93867,stock
2026-04-08,BARUN,354.0,360.0,363.5,353.0,97047,stock
2026-04-09,BARUN,362.0,377.0,377.0,357.1,186472,stock
2026-04-10,BARUN,376.9,367.8,376.9,366.0,127441,stock
2026-04-13,BARUN,375.1,369.9,375.1,367.0,103996,stock
2026-04-15,BARUN,372.0,369.9,377.0,369.9,107080,stock
2026-04-16,BARUN,369.9,361.8,374.0,358.7,107213,stock
2026-04-17,BARUN,360.0,361.0,367.0,356.4,80257,stock
2026-04-20,BARUN,361.0,357.5,361.0,355.0,33199,stock
2026-04-21,BARUN,357.5,350.0,360.0,348.5,49973,stock
2026-04-22,BARUN,349.0,349.0,358.0,340.7,136267,stock
2026-04-23,BARUN,350.1,346.0,353.9,343.0,26706,stock
2026-04-24,BARUN,345.0,346.0,350.0,339.0,62666,stock
2026-04-27,BARUN,346.0,347.6,352.0,346.8,37471,stock
2026-04-28,BARUN,347.6,345.0,352.0,343.0,44295,stock
2026-04-29,BARUN,346.0,341.5,347.0,340.3,34851,stock
2026-04-30,BARUN,341.5,340.0,345.0,335.0,69616,stock
2026-05-04,BARUN,340.0,335.0,345.0,334.1,51703,stock
2026-05-05,BARUN,333.5,338.0,344.0,330.1,29737,stock
2026-05-06,BARUN,341.8,338.0,343.8,336.0,17549,stock
2026-05-07,BARUN,340.0,336.0,340.0,335.6,18731,stock
2026-05-08,BARUN,338.0,341.9,343.0,337.0,31872,stock
2026-05-11,BARUN,342.2,351.7,354.0,342.2,46771,stock
2026-05-12,BARUN,358.0,343.0,358.0,340.0,63164,stock
2026-05-13,BARUN,341.0,344.9,345.0,338.1,22078,stock
2026-05-14,BARUN,342.0,346.0,346.6,342.0,15533,stock
2026-05-15,BARUN,340.0,346.0,347.9,340.0,24494,stock
2026-05-18,BARUN,345.0,345.3,349.0,344.0,19952,stock
2026-05-19,BARUN,345.0,344.0,345.5,341.3,37520,stock
2026-05-20,BARUN,344.1,349.6,350.0,343.0,34512,stock
2026-05-21,BARUN,353.9,348.0,353.9,346.0,29335,stock
2026-05-22,BARUN,345.3,351.1,352.0,345.3,31059,stock
2026-05-25,BARUN,352.0,357.5,359.0,351.0,38509,stock
2026-05-26,BARUN,357.2,352.1,358.8,350.3,29521,stock
2026-05-27,BARUN,353.0,352.0,354.8,350.0,49801,stock
2026-06-01,BARUN,353.0,343.1,354.8,343.0,33356,stock
2026-06-02,BARUN,341.0,345.0,347.0,340.0,29470,stock
2026-06-03,BARUN,345.0,348.0,351.2,345.0,42909,stock
2026-06-04,BARUN,349.0,345.0,349.0,343.3,17770,stock
2026-06-05,BARUN,347.8,340.0,347.8,340.0,41713,stock
2026-06-08,BARUN,338.0,339.0,340.0,336.2,22442,stock
2026-06-09,BARUN,337.9,341.0,344.7,335.2,36592,stock
2026-06-10,BARUN,345.0,340.0,345.0,340.0,28899,stock
2026-06-11,BARUN,342.0,340.0,342.0,338.2,15415,stock
2026-06-12,BARUN,340.0,339.0,345.0,337.9,23856,stock
2026-06-15,BARUN,340.0,337.0,344.9,336.5,24208,stock
2026-06-16,BARUN,336.5,336.0,339.9,336.0,36785,stock
2026-06-17,BARUN,336.3,335.0,340.0,335.0,32750,stock
2026-06-18,BARUN,336.9,334.0,336.9,333.0,36220,stock
2026-06-19,BARUN,335.0,333.9,336.2,332.0,14469,stock
2026-06-22,BARUN,336.4,333.6,338.8,331.9,19940,stock
2026-06-23,BARUN,331.0,330.0,333.7,327.0,46750,stock
2026-06-24,BARUN,337.0,329.0,337.0,320.3,38770,stock
2026-06-25,BARUN,329.0,329.0,330.0,321.1,15945,stock
2026-06-26,BARUN,322.0,325.0,329.9,322.0,12410,stock
2026-06-29,BARUN,322.5,319.0,325.0,318.0,35284,stock
2026-06-30,BARUN,319.5,314.0,320.0,314.0,20598,stock
2026-07-01,BARUN,316.0,321.0,326.0,316.0,31213,stock
2026-07-02,BARUN,323.0,322.0,325.0,320.0,12825,stock
2026-07-03,BARUN,323.0,323.5,324.9,321.5,12129,stock
2026-07-06,BARUN,324.0,319.0,324.0,318.0,18658,stock
2026-07-07,BARUN,322.0,322.0,324.9,318.3,20307,stock
2026-07-08,BARUN,319.1,317.0,319.1,315.1,22653,stock
2026-07-09,BARUN,315.2,312.0,320.0,312.0,32332,stock
2026-07-10,BARUN,310.0,314.0,317.5,310.0,23299,stock
2026-07-13,BARUN,317.0,308.7,317.7,308.0,31972,stock
2026-07-14,BARUN,308.0,312.0,316.9,307.2,20668,stock
2026-07-15,BARUN,318.9,316.0,318.9,313.3,32991,stock
2026-07-16,BARUN,314.1,319.9,319.9,314.1,18636,stock
2026-07-17,BARUN,322.0,334.1,335.0,317.0,36444,stock
2026-07-20,BARUN,330.8,338.0,340.0,329.0,58226,stock
2026-07-21,BARUN,335.1,339.0,340.0,334.0,33137,stock
2026-07-22,BARUN,330.0,335.0,339.0,327.0,29119,stock
2026-07-23,BARUN,331.0,335.0,335.0,328.0,27519,stock
2026-07-24,BARUN,318.3,334.0,340.0,318.3,24615,stock
2026-07-27,BARUN,335.0,325.0,335.4,324.0,28368,stock
2026-07-28,BARUN,323.1,324.2,326.5,322.5,26443,stock
2026-07-29,BARUN,325.0,325.9,333.0,323.0,14537,stock
2026-07-30,BARUN,325.0,323.1,329.9,323.0,21015,stock
2026-07-31,BARUN,321.0,323.0,327.0,320.0,21104,stock
2026-08-03,BARUN,332.6,325.1,332.6,323.7,16158,stock
2026-08-04,BARUN,321.0,322.9,327.0,320.0,16510,stock
2026-08-05,BARUN,322.0,324.0,325.0,322.0,6273,stock
2026-08-06,BARUN,318.0,322.7,326.0,318.0,28888,stock
2026-08-07,BARUN,321.1,321.2,323.0,319.1,16558,stock
2026-08-10,BARUN,318.2,318.7,322.9,318.0,13245,stock
2026-08-11,BARUN,320.0,319.1,323.3,318.2,14010,stock
2026-08-12,BARUN,319.1,317.5,323.9,317.1,16723,stock
2026-08-13,BARUN,318.1,323.0,326.0,316.5,27331,stock
2026-08-14,BARUN,325.0,320.0,326.0,320.0,15063,stock
2026-08-17,BARUN,320.0,316.2,323.0,316.2,20750,stock
2026-08-18,BARUN,320.0,317.0,325.6,315.0,19590,stock
2026-08-19,BARUN,323.9,316.8,323.9,313.0,16923,stock
2026-08-20,BARUN,316.0,317.0,318.5,312.2,17115,stock
2026-08-21,BARUN,320.0,320.1,324.0,320.0,38157,stock
2026-08-24,BARUN,318.0,316.2,321.0,315.0,31105,stock
2026-08-25,BARUN,320.0,318.0,323.9,316.3,25425,stock
2026-08-26,BARUN,315.0,310.0,316.9,310.0,32146,stock
2026-08-27,BARUN,307.2,313.9,316.0,304.0,32387,stock
2026-08-31,BARUN,312.0,309.0,313.0,306.0,28623,stock
2026-09-01,BARUN,310.0,307.0,311.0,300.1,18271,stock
2026-09-02,BARUN,301.4,308.5,309.0,301.4,6097,stock
2026-09-03,BARUN,308.0,307.0,313.0,305.8,27286,stock
2026-09-07,BARUN,314.9,312.0,314.9,308.1,20989,stock
2026-09-09,BARUN,309.3,309.0,314.0,309.0,32939,stock
2026-09-10,BARUN,306.6,310.8,311.0,306.6,12916,stock
2026-09-11,BARUN,308.9,319.0,319.0,308.9,42924,stock
2026-09-14,BARUN,325.0,319.2,327.9,315.0,57989,stock
2026-09-15,BARUN,335.1,332.0,340.0,325.0,95942,stock
2026-09-16,BARUN,332.0,328.0,335.0,325.6,60054,stock
2026-09-17,BARUN,329.0,327.0,334.8,325.2,44988,stock
2026-09-18,BARUN,328.0,335.0,337.9,325.3,86254,stock
2026-09-22,BARUN,334.0,335.0,339.0,330.0,44395,stock
2026-09-23,BARUN,318.3,329.0,335.8,318.3,54580,stock
2026-09-24,BARUN,316.0,326.0,332.1,316.0,17555,stock
2026-09-28,BARUN,326.0,330.0,332.0,323.1,59713,stock
2026-09-29,BARUN,346.5,326.0,346.5,323.5,36863,stock
2026-09-30,BARUN,326.0,327.0,329.7,325.0,24334,stock
2026-10-01,BARUN,329.8,331.0,331.9,326.0,46739,stock
2026-10-02,BARUN,330.9,326.0,331.0,325.9,21968,stock
2026-10-05,BARUN,323.7,318.6,323.7,318.3,23771,stock
