time,symbol,open,close,high,low,volume,category
2012-01-01,BPCL,208.16,204.51,204.51,204.51,23,stock
2012-01-02,BPCL,204.51,201.23,201.23,201.23,200,stock
2012-01-03,BPCL,201.23,197.95,197.95,197.95,40,stock
2012-01-04,BPCL,197.95,199.04,199.04,195.76,620,stock
2012-01-09,BPCL,199.04,205.61,205.61,202.33,34,stock
2012-01-10,BPCL,205.61,212.54,212.54,208.89,56,stock
2012-01-11,BPCL,212.54,208.89,208.89,208.89,30,stock
2012-01-12,BPCL,208.89,219.84,219.84,212.54,75,stock
2012-02-07,BPCL,219.84,214.0,216.19,214.0,80,stock
2012-02-27,BPCL,214.0,195.03,210.35,195.03,846,stock
2012-02-28,BPCL,195.03,188.46,191.75,188.46,509,stock
2012-03-04,BPCL,188.46,190.29,190.29,188.46,1045,stock
2012-03-06,BPCL,190.29,190.29,190.29,190.29,100,stock
2012-03-11,BPCL,190.29,190.29,190.29,190.29,352,stock
2012-03-18,BPCL,190.29,192.11,192.11,192.11,10,stock
2012-03-19,BPCL,192.11,192.11,192.11,192.11,30,stock
2012-03-20,BPCL,192.11,184.45,190.65,184.45,421,stock
2012-03-21,BPCL,184.45,181.53,182.99,181.53,300,stock
2012-03-26,BPCL,181.53,175.7,178.62,175.7,200,stock
2012-03-28,BPCL,175.7,167.31,173.87,166.58,1800,stock
2012-03-29,BPCL,167.31,164.02,165.12,164.02,750,stock
2012-04-01,BPCL,164.02,175.33,175.33,157.09,1860,stock
2012-04-02,BPCL,175.33,181.17,181.17,178.25,40,stock
2012-04-03,BPCL,181.17,179.35,179.35,176.43,520,stock
2012-04-05,BPCL,179.35,176.43,176.43,176.43,150,stock
2012-04-08,BPCL,176.43,177.52,177.52,177.52,500,stock
2012-04-09,BPCL,177.52,168.77,174.6,168.77,300,stock
2012-04-10,BPCL,168.77,164.75,166.58,161.47,842,stock
2012-04-11,BPCL,164.75,168.4,173.14,165.12,730,stock
2012-04-12,BPCL,168.4,182.63,182.63,167.31,680,stock
2012-04-15,BPCL,182.63,172.05,191.75,172.05,28100,stock
2012-04-17,BPCL,172.05,188.46,198.31,188.46,1799,stock
2012-04-18,BPCL,188.46,175.33,196.85,175.33,2185,stock
2012-04-29,BPCL,175.33,189.92,189.92,178.25,50,stock
2012-04-30,BPCL,189.92,205.24,205.24,193.21,502,stock
2012-05-02,BPCL,205.24,212.17,215.82,208.53,1628,stock
2012-05-03,BPCL,212.17,218.38,218.38,215.82,1036,stock
2012-05-08,BPCL,218.38,221.66,229.68,221.66,3570,stock
2012-05-09,BPCL,221.66,228.59,230.41,225.31,1188,stock
2012-05-10,BPCL,228.59,224.58,232.24,224.21,2208,stock
2012-05-13,BPCL,224.58,221.29,221.29,221.29,160,stock
2012-05-15,BPCL,221.29,228.95,228.95,224.94,455,stock
2012-05-16,BPCL,228.95,236.98,236.98,232.97,20,stock
2012-05-17,BPCL,236.98,245.0,249.38,240.99,512,stock
2012-05-20,BPCL,245.0,228.95,240.63,223.12,1294,stock
2012-05-21,BPCL,228.95,226.77,230.78,224.94,340,stock
2012-05-22,BPCL,226.77,226.04,226.04,219.11,260,stock
2012-05-23,BPCL,226.04,222.02,222.02,222.02,42,stock
2012-05-24,BPCL,222.02,214.0,218.38,214.0,816,stock
2012-05-27,BPCL,214.0,221.29,221.29,206.7,370,stock
2012-05-31,BPCL,221.29,208.16,217.65,201.6,2281,stock
2012-06-03,BPCL,208.16,215.46,215.46,211.81,1120,stock
2012-06-04,BPCL,215.46,204.15,211.81,201.23,530,stock
2012-06-05,BPCL,204.15,197.58,204.15,197.58,110,stock
2012-06-06,BPCL,197.58,192.48,197.58,192.48,460,stock
2012-06-07,BPCL,192.48,197.58,199.41,189.56,1540,stock
2012-06-10,BPCL,197.58,192.11,194.3,192.11,40,stock
2012-06-11,BPCL,192.11,192.84,195.4,188.83,170,stock
2012-06-14,BPCL,192.84,196.85,196.85,190.29,3400,stock
2012-06-20,BPCL,196.85,203.06,203.42,200.14,210,stock
2012-06-21,BPCL,203.06,196.49,199.77,196.49,10280,stock
2012-06-25,BPCL,196.49,199.77,199.77,197.58,275,stock
2012-06-26,BPCL,199.77,199.41,202.69,199.41,1929,stock
2012-06-27,BPCL,199.41,202.33,202.33,202.33,100,stock
2012-06-28,BPCL,202.33,205.24,208.89,205.24,531,stock
2012-07-02,BPCL,205.24,196.12,201.96,196.12,2140,stock
2012-07-03,BPCL,196.12,199.04,199.41,195.76,1100,stock
2012-07-04,BPCL,199.04,205.61,205.61,202.33,99,stock
2012-07-05,BPCL,205.61,212.9,213.63,203.06,1357,stock
2012-07-08,BPCL,212.9,220.2,220.2,216.55,524,stock
2012-07-09,BPCL,220.2,223.85,223.85,216.55,321,stock
2012-07-10,BPCL,223.85,227.13,231.51,219.84,806,stock
2012-07-11,BPCL,227.13,226.77,226.77,219.47,220,stock
2012-07-12,BPCL,226.77,234.79,234.79,230.78,160,stock
2012-07-23,BPCL,234.79,221.66,230.78,221.29,1702,stock
2012-07-24,BPCL,221.66,221.29,221.29,218.01,1400,stock
2012-07-25,BPCL,221.29,216.92,219.47,216.92,1049,stock
2012-07-26,BPCL,216.92,213.27,213.27,213.27,500,stock
2012-07-30,BPCL,213.27,212.17,213.27,209.62,1724,stock
2012-07-31,BPCL,212.17,211.08,211.45,211.08,600,stock
2012-08-01,BPCL,211.08,222.02,222.02,214.73,42,stock
2012-08-05,BPCL,222.02,218.01,218.38,214.73,1986,stock
2012-08-06,BPCL,218.01,212.17,214.73,212.17,650,stock
2012-08-07,BPCL,212.17,216.55,216.55,212.17,1336,stock
2012-08-08,BPCL,216.55,232.6,232.6,220.2,5352,stock
2012-08-12,BPCL,232.6,235.16,249.02,231.87,6235,stock
2012-08-13,BPCL,235.16,232.24,236.25,230.41,2310,stock
2012-08-14,BPCL,232.24,244.64,248.65,236.25,6499,stock
2012-08-15,BPCL,244.64,239.17,242.82,237.71,3916,stock
2012-08-16,BPCL,239.17,239.17,242.09,235.89,5166,stock
2012-08-19,BPCL,239.17,242.82,243.91,235.89,9742,stock
2012-08-21,BPCL,242.82,249.02,250.48,243.18,3167,stock
2012-08-22,BPCL,249.02,257.77,257.77,250.84,1007,stock
2012-08-23,BPCL,257.77,262.15,267.99,257.77,6120,stock
2012-08-26,BPCL,262.15,261.78,266.89,257.41,2770,stock
2012-08-27,BPCL,261.78,264.34,264.34,261.42,5881,stock
2012-08-28,BPCL,264.34,265.43,270.54,263.97,2979,stock
2012-08-29,BPCL,265.43,265.8,270.17,265.43,1520,stock
2012-08-30,BPCL,265.8,266.89,268.71,265.8,3250,stock
2012-09-02,BPCL,266.89,273.09,275.65,268.71,4120,stock
2012-09-03,BPCL,273.09,274.19,276.38,270.54,539,stock
2012-09-04,BPCL,274.19,274.19,278.2,273.46,2300,stock
2012-09-05,BPCL,274.19,268.71,272.36,268.71,1630,stock
2012-09-06,BPCL,268.71,276.01,276.74,269.81,710,stock
2012-09-09,BPCL,276.01,277.83,278.56,272.73,1148,stock
2012-09-10,BPCL,277.83,275.65,276.38,273.09,1200,stock
2012-09-11,BPCL,275.65,275.65,276.01,271.27,462,stock
2012-09-12,BPCL,275.65,276.01,276.01,273.09,1300,stock
2012-09-13,BPCL,276.01,274.19,274.19,272.36,900,stock
2012-09-16,BPCL,274.19,275.65,278.2,274.55,750,stock
2012-09-17,BPCL,275.65,281.48,281.48,275.65,722,stock
2012-09-18,BPCL,281.48,296.07,296.07,282.21,1016,stock
2012-09-19,BPCL,296.07,283.31,292.43,283.31,500,stock
2012-09-20,BPCL,283.31,281.85,281.85,281.85,100,stock
2012-09-23,BPCL,281.85,278.56,283.31,278.2,4920,stock
2012-09-24,BPCL,278.56,277.83,277.83,276.01,2649,stock
2012-09-25,BPCL,277.83,280.75,280.75,276.01,7711,stock
2012-09-26,BPCL,280.75,284.77,284.77,279.66,4262,stock
2012-09-27,BPCL,284.77,284.77,284.77,284.77,500,stock
2012-09-30,BPCL,284.77,288.05,288.05,281.48,5331,stock
2012-10-01,BPCL,288.05,288.78,288.78,285.86,924,stock
2012-10-02,BPCL,288.78,291.7,292.43,289.87,2797,stock
2012-10-03,BPCL,291.7,291.7,293.52,290.6,1761,stock
2012-10-04,BPCL,291.7,297.17,297.9,292.06,2414,stock
2012-10-07,BPCL,297.17,312.49,313.22,302.27,2179,stock
2012-10-08,BPCL,312.49,305.19,314.31,305.19,5090,stock
2012-10-09,BPCL,305.19,297.9,304.83,297.9,3411,stock
2012-10-10,BPCL,297.9,299.36,299.72,299.36,400,stock
2012-10-11,BPCL,299.36,297.9,297.9,294.61,1717,stock
2012-10-14,BPCL,297.9,298.63,299.72,297.9,450,stock
2012-10-15,BPCL,298.63,299.72,299.72,299.72,879,stock
2012-10-17,BPCL,299.72,308.48,308.48,305.19,170,stock
2012-10-18,BPCL,308.48,305.19,305.19,305.19,300,stock
2012-10-30,BPCL,305.19,308.84,308.84,305.19,510,stock
2012-10-31,BPCL,308.84,313.95,316.14,308.84,4950,stock
2012-11-01,BPCL,313.95,314.31,314.31,312.12,1460,stock
2012-11-04,BPCL,314.31,311.76,313.22,311.03,3200,stock
2012-11-05,BPCL,311.76,312.49,313.58,307.75,3757,stock
2012-11-06,BPCL,312.49,311.76,316.14,310.66,2325,stock
2012-11-07,BPCL,311.76,315.77,319.78,312.49,5812,stock
2012-11-08,BPCL,315.77,316.14,321.97,314.31,3628,stock
2012-11-11,BPCL,316.14,314.31,319.05,312.85,1887,stock
2012-11-12,BPCL,314.31,314.68,316.14,312.12,2528,stock
2012-11-18,BPCL,314.68,317.96,317.96,310.66,5288,stock
2012-11-20,BPCL,317.96,328.9,328.9,316.14,11011,stock
2012-11-21,BPCL,328.9,323.43,327.81,317.96,8884,stock
2012-11-22,BPCL,323.43,323.07,325.26,320.88,6384,stock
2012-11-25,BPCL,323.07,323.07,332.92,323.07,5231,stock
2012-11-26,BPCL,323.07,318.69,318.69,318.69,1674,stock
2012-11-27,BPCL,318.69,312.49,321.61,312.49,3893,stock
2012-11-28,BPCL,312.49,311.39,312.85,309.2,2892,stock
2012-11-29,BPCL,311.39,309.2,309.2,308.84,1235,stock
2012-12-02,BPCL,309.2,291.7,307.75,291.7,1149,stock
2012-12-03,BPCL,291.7,279.66,286.59,276.74,1167,stock
2012-12-04,BPCL,279.66,289.87,294.98,284.77,1633,stock
2012-12-05,BPCL,289.87,294.25,297.9,294.25,2413,stock
2012-12-09,BPCL,294.25,292.43,292.43,290.6,213,stock
2012-12-11,BPCL,292.43,288.78,288.78,287.32,730,stock
2012-12-13,BPCL,288.78,310.66,310.66,293.88,1570,stock
2012-12-16,BPCL,310.66,316.14,321.24,313.95,4069,stock
2012-12-17,BPCL,316.14,313.95,323.43,313.95,4330,stock
2012-12-18,BPCL,313.95,316.14,318.32,316.14,342,stock
2012-12-19,BPCL,316.14,311.39,316.87,311.39,1261,stock
2012-12-20,BPCL,311.39,316.14,316.87,309.93,5471,stock
2012-12-26,BPCL,316.14,316.14,320.51,316.14,4087,stock
2012-12-27,BPCL,316.14,317.96,317.96,317.96,100,stock
2012-12-31,BPCL,317.96,317.96,317.96,316.14,700,stock
2013-01-01,BPCL,317.96,317.96,317.96,317.96,100,stock
2013-01-07,BPCL,317.96,317.96,317.96,317.96,347,stock
2013-01-09,BPCL,317.96,319.78,319.78,319.78,100,stock
2013-01-10,BPCL,319.78,317.96,319.78,316.14,778,stock
2013-01-13,BPCL,317.96,317.96,319.05,317.59,872,stock
2013-01-15,BPCL,317.96,316.14,316.14,316.14,100,stock
2013-01-17,BPCL,316.14,316.14,316.14,316.14,806,stock
2013-01-20,BPCL,316.14,310.3,310.3,310.3,536,stock
2013-01-23,BPCL,310.3,312.49,312.49,312.49,55,stock
2013-01-24,BPCL,312.49,308.84,310.66,308.84,400,stock
2013-02-05,BPCL,308.84,305.19,305.19,305.19,121,stock
2013-02-07,BPCL,305.19,302.64,302.64,297.9,12150,stock
2013-02-10,BPCL,302.64,297.9,297.9,297.9,200,stock
2013-02-12,BPCL,297.9,301.54,303.37,301.54,142,stock
2013-02-13,BPCL,301.54,305.19,305.19,303.37,400,stock
2013-02-17,BPCL,305.19,312.49,312.49,310.66,210,stock
2013-02-19,BPCL,312.49,317.96,318.69,317.96,760,stock
2013-02-20,BPCL,317.96,317.23,317.23,317.23,400,stock
2013-02-21,BPCL,317.23,315.41,315.77,315.41,700,stock
2013-02-24,BPCL,315.41,308.84,309.93,308.84,300,stock
2013-02-25,BPCL,308.84,307.02,307.02,307.02,54,stock
2013-02-26,BPCL,307.02,317.96,317.96,312.49,537,stock
2013-03-03,BPCL,317.96,317.23,323.8,317.23,223,stock
2013-03-05,BPCL,317.23,312.49,312.49,312.49,220,stock
2013-03-06,BPCL,312.49,312.12,312.12,312.12,180,stock
2013-03-07,BPCL,312.12,307.02,307.02,307.02,105,stock
2013-03-11,BPCL,307.02,301.54,307.02,301.54,3451,stock
2013-03-14,BPCL,301.54,307.02,307.02,301.54,754,stock
2013-03-17,BPCL,307.02,303.37,305.92,301.54,5968,stock
2013-03-18,BPCL,303.37,299.72,299.72,296.07,310,stock
2013-03-19,BPCL,299.72,301.54,301.54,292.43,9566,stock
2013-03-20,BPCL,301.54,301.54,301.54,297.17,3724,stock
2013-03-21,BPCL,301.54,302.27,305.19,302.27,543,stock
2013-03-24,BPCL,302.27,299.72,299.72,299.72,74,stock
2013-03-25,BPCL,299.72,307.02,307.02,301.54,335,stock
2013-03-27,BPCL,307.02,303.37,303.37,301.54,150,stock
2013-03-28,BPCL,303.37,301.54,301.54,301.54,500,stock
2013-04-01,BPCL,301.54,301.54,301.54,301.54,40,stock
2013-04-02,BPCL,301.54,299.72,305.92,299.72,250,stock
2013-04-03,BPCL,299.72,299.72,299.72,294.25,818,stock
2013-04-04,BPCL,299.72,294.25,301.54,294.25,11097,stock
2013-04-07,BPCL,294.25,297.9,297.9,297.9,2657,stock
2013-04-08,BPCL,297.9,301.54,303.0,297.9,564,stock
2013-04-09,BPCL,301.54,305.19,305.19,297.9,955,stock
2013-04-11,BPCL,305.19,307.02,307.02,307.02,50,stock
2013-04-15,BPCL,307.02,304.83,304.83,304.83,200,stock
2013-04-16,BPCL,304.83,300.45,306.29,300.45,1355,stock
2013-04-17,BPCL,300.45,305.19,305.19,305.19,50,stock
2013-04-22,BPCL,305.19,299.72,299.72,299.72,10,stock
2013-04-23,BPCL,299.72,297.9,297.9,297.9,224,stock
2013-04-25,BPCL,297.9,297.9,297.9,297.53,2156,stock
2013-04-28,BPCL,297.9,297.9,297.9,297.9,2786,stock
2013-04-29,BPCL,297.9,303.37,303.37,300.82,210,stock
2013-04-30,BPCL,303.37,299.36,303.37,297.9,2099,stock
2013-05-02,BPCL,299.36,297.9,297.9,293.88,1897,stock
2013-05-07,BPCL,297.9,294.25,296.07,294.25,500,stock
2013-05-08,BPCL,294.25,294.25,294.25,294.25,100,stock
2013-05-12,BPCL,294.25,294.25,294.25,294.25,1080,stock
2013-05-13,BPCL,294.25,297.9,297.9,296.07,3536,stock
2013-05-14,BPCL,297.9,298.26,303.37,298.26,1342,stock
2013-05-15,BPCL,298.26,301.54,301.54,298.26,1630,stock
2013-05-16,BPCL,301.54,300.82,301.54,300.82,900,stock
2013-05-19,BPCL,300.82,303.37,303.37,303.37,100,stock
2013-05-20,BPCL,303.37,303.37,303.37,301.54,1250,stock
2013-05-21,BPCL,303.37,305.19,305.19,305.19,100,stock
2013-05-22,BPCL,305.19,301.54,301.54,301.54,632,stock
2013-05-23,BPCL,301.54,302.64,302.64,301.54,226,stock
2013-05-26,BPCL,302.64,301.54,301.54,301.54,7600,stock
2013-05-27,BPCL,301.54,301.54,303.0,301.54,1402,stock
2013-05-28,BPCL,301.54,301.91,303.37,301.91,800,stock
2013-05-30,BPCL,301.91,305.19,307.38,305.19,970,stock
2013-06-02,BPCL,305.19,303.37,303.37,303.37,76,stock
2013-06-04,BPCL,303.37,305.19,305.19,305.19,83,stock
2013-06-05,BPCL,305.19,316.14,316.14,307.02,1800,stock
2013-06-06,BPCL,316.14,310.66,314.31,310.66,1177,stock
2013-06-10,BPCL,310.66,314.31,314.31,307.02,3467,stock
2013-06-12,BPCL,314.31,314.31,314.31,308.84,250,stock
2013-06-13,BPCL,314.31,308.84,308.84,308.84,100,stock
2013-06-16,BPCL,308.84,303.37,303.37,303.37,14106,stock
2013-06-17,BPCL,303.37,308.11,308.11,308.11,12,stock
2013-06-18,BPCL,308.11,312.12,312.12,312.12,100,stock
2013-06-19,BPCL,312.12,307.02,307.38,307.02,406,stock
2013-06-20,BPCL,307.02,311.76,311.76,308.84,176,stock
2013-06-25,BPCL,311.76,312.49,312.49,308.84,399,stock
2013-06-26,BPCL,312.49,301.54,307.02,301.54,12100,stock
2013-06-27,BPCL,301.54,312.49,312.49,307.02,1010,stock
2013-06-30,BPCL,312.49,307.02,307.02,307.02,100,stock
2013-07-01,BPCL,307.02,312.12,312.12,312.12,26,stock
2013-07-02,BPCL,312.12,311.03,311.03,311.03,116,stock
2013-07-03,BPCL,311.03,312.49,315.77,312.49,336,stock
2013-07-04,BPCL,312.49,310.66,311.03,310.66,204,stock
2013-07-07,BPCL,310.66,314.31,314.31,314.31,5000,stock
2013-07-08,BPCL,314.31,310.66,314.31,308.84,840,stock
2013-07-10,BPCL,310.66,307.02,307.02,305.19,704,stock
2013-07-11,BPCL,307.02,308.84,308.84,301.54,3591,stock
2013-07-14,BPCL,308.84,310.66,310.66,305.19,500,stock
2013-07-15,BPCL,310.66,327.08,327.08,307.02,1106,stock
2013-07-16,BPCL,327.08,310.66,332.92,310.3,3307,stock
2013-07-17,BPCL,310.66,313.22,315.77,313.22,40,stock
2013-07-18,BPCL,313.22,315.04,319.78,315.04,693,stock
2013-07-21,BPCL,315.04,315.41,320.51,315.04,2590,stock
2013-07-22,BPCL,315.41,315.77,316.14,315.77,120,stock
2013-07-23,BPCL,315.77,315.41,316.14,315.41,1624,stock
2013-07-24,BPCL,315.41,323.43,327.44,315.41,8296,stock
2013-07-25,BPCL,323.43,330.73,335.1,323.43,5588,stock
2013-07-28,BPCL,330.73,344.22,346.78,330.73,6670,stock
2013-07-29,BPCL,344.22,345.32,350.42,345.32,7290,stock
2013-07-30,BPCL,345.32,352.61,358.08,334.37,7035,stock
2013-07-31,BPCL,352.61,358.08,361.73,356.99,3376,stock
2013-08-01,BPCL,358.08,359.54,361.73,356.26,973,stock
2013-08-04,BPCL,359.54,358.81,366.11,358.81,1020,stock
2013-08-05,BPCL,358.81,346.05,352.98,346.05,1414,stock
2013-08-06,BPCL,346.05,346.78,348.97,346.78,118,stock
2013-08-07,BPCL,346.78,348.97,348.97,348.97,100,stock
2013-08-08,BPCL,348.97,346.05,352.61,346.05,1400,stock
2013-08-11,BPCL,346.05,345.32,345.32,345.32,699,stock
2013-08-12,BPCL,345.32,345.32,345.32,345.32,749,stock
2013-08-13,BPCL,345.32,342.03,346.78,342.03,219,stock
2013-08-14,BPCL,342.03,330.73,341.31,330.73,294,stock
2013-08-19,BPCL,330.73,328.9,328.9,328.9,100,stock
2013-08-20,BPCL,328.9,317.23,323.07,317.23,250,stock
2013-08-25,BPCL,317.23,312.12,312.12,312.12,60,stock
2013-08-26,BPCL,312.12,319.78,321.61,308.84,7921,stock
2013-08-27,BPCL,319.78,331.09,331.09,323.43,2235,stock
2013-08-29,BPCL,331.09,330.73,330.73,330.73,431,stock
2013-09-01,BPCL,330.73,332.55,334.37,332.55,1500,stock
2013-09-02,BPCL,332.55,335.47,335.47,334.37,600,stock
2013-09-03,BPCL,335.47,330.73,334.37,330.0,636,stock
2013-09-04,BPCL,330.73,327.08,327.08,327.08,100,stock
2013-09-08,BPCL,327.08,321.24,321.24,321.24,250,stock
2013-09-10,BPCL,321.24,316.14,316.14,316.14,200,stock
2013-09-11,BPCL,316.14,312.49,312.49,312.49,743,stock
2013-09-12,BPCL,312.49,319.78,319.78,317.96,280,stock
2013-09-15,BPCL,319.78,316.14,316.14,316.14,394,stock
2013-09-16,BPCL,316.14,316.14,316.14,316.14,457,stock
2013-09-17,BPCL,316.14,317.96,317.96,315.77,186,stock
2013-09-19,BPCL,317.96,312.12,318.32,312.12,1313,stock
2013-09-22,BPCL,312.12,309.57,312.49,309.57,512,stock
2013-09-23,BPCL,309.57,312.85,313.22,312.49,884,stock
2013-09-29,BPCL,312.85,321.97,321.97,316.14,71,stock
2013-09-30,BPCL,321.97,314.31,316.14,314.31,250,stock
2013-10-01,BPCL,314.31,312.49,312.85,310.66,650,stock
2013-10-07,BPCL,312.49,309.57,312.49,308.84,2265,stock
2013-10-10,BPCL,309.57,314.31,314.31,314.31,150,stock
2013-10-17,BPCL,314.31,316.14,317.96,315.77,1036,stock
2013-10-20,BPCL,316.14,317.96,317.96,316.14,1504,stock
2013-10-21,BPCL,317.96,314.31,319.78,314.31,3150,stock
2013-10-22,BPCL,314.31,316.14,316.14,313.58,464,stock
2013-10-23,BPCL,316.14,316.14,316.14,316.14,500,stock
2013-10-24,BPCL,316.14,312.49,312.49,312.49,200,stock
2013-10-27,BPCL,312.49,309.57,309.57,308.84,274,stock
2013-10-30,BPCL,309.57,308.84,308.84,308.84,221,stock
2013-10-31,BPCL,308.84,308.84,308.84,308.84,74,stock
2013-11-07,BPCL,308.84,307.02,307.02,307.02,200,stock
2013-11-13,BPCL,307.02,316.14,316.14,312.49,200,stock
2013-11-14,BPCL,316.14,316.5,321.61,316.5,213,stock
2013-11-24,BPCL,316.5,345.68,345.68,322.34,8008,stock
2013-11-25,BPCL,345.68,355.17,359.91,343.49,7359,stock
2013-11-26,BPCL,355.17,360.27,362.46,349.69,4045,stock
2013-11-27,BPCL,360.27,360.27,365.38,354.44,8002,stock
2013-11-28,BPCL,360.27,362.1,366.47,359.91,2681,stock
2013-12-01,BPCL,362.1,382.52,382.52,368.66,5767,stock
2013-12-02,BPCL,382.52,388.73,392.74,381.8,9298,stock
2013-12-03,BPCL,388.73,405.51,407.33,389.09,11632,stock
2013-12-04,BPCL,405.51,425.57,441.62,412.8,4922,stock
2013-12-05,BPCL,425.57,405.51,443.81,405.51,11406,stock
2013-12-08,BPCL,405.51,416.45,424.11,408.79,3739,stock
2013-12-09,BPCL,416.45,408.06,418.27,407.33,8067,stock
2013-12-10,BPCL,408.06,409.15,413.9,405.51,2485,stock
2013-12-11,BPCL,409.15,407.33,412.8,407.33,2994,stock
2013-12-12,BPCL,407.33,408.06,410.98,400.03,7500,stock
2013-12-15,BPCL,408.06,418.64,418.64,409.15,6520,stock
2013-12-16,BPCL,418.64,442.35,442.35,426.3,455,stock
2013-12-18,BPCL,442.35,465.69,467.15,450.37,1823,stock
2013-12-19,BPCL,465.69,474.45,474.45,440.52,4358,stock
2013-12-22,BPCL,474.45,454.75,471.16,447.45,2364,stock
2013-12-23,BPCL,454.75,443.81,454.02,443.81,14998,stock
2013-12-24,BPCL,443.81,441.98,443.81,429.22,4841,stock
2013-12-26,BPCL,441.98,451.1,461.32,447.45,4747,stock
2013-12-29,BPCL,451.1,440.16,451.1,440.16,2177,stock
2013-12-31,BPCL,440.16,438.34,438.34,436.51,2237,stock
2014-01-01,BPCL,438.34,432.86,436.51,430.31,1726,stock
2014-01-02,BPCL,432.86,429.22,432.86,421.92,3104,stock
2014-01-05,BPCL,429.22,438.34,441.98,431.04,2152,stock
2014-01-06,BPCL,438.34,429.22,440.52,425.57,4395,stock
2014-01-07,BPCL,429.22,436.51,436.51,425.57,1661,stock
2014-01-08,BPCL,436.51,440.16,443.81,440.16,600,stock
2014-01-09,BPCL,440.16,445.63,447.09,441.98,2347,stock
2014-01-12,BPCL,445.63,459.13,464.23,452.93,5094,stock
2014-01-13,BPCL,459.13,462.05,462.05,451.1,1805,stock
2014-01-14,BPCL,462.05,505.82,505.82,463.87,13868,stock
2014-01-16,BPCL,505.82,515.3,544.48,512.75,13410,stock
2014-01-19,BPCL,515.3,524.79,535.0,515.67,5221,stock
2014-01-20,BPCL,524.79,517.49,529.53,517.49,1012,stock
2014-01-21,BPCL,517.49,507.64,522.6,505.82,1327,stock
2014-01-22,BPCL,507.64,487.58,522.23,487.58,3699,stock
2014-01-23,BPCL,487.58,491.96,496.7,487.58,1489,stock
2014-01-26,BPCL,491.96,485.76,498.52,482.84,3279,stock
2014-01-27,BPCL,485.76,480.28,487.22,478.46,1641,stock
2014-01-28,BPCL,480.28,471.16,479.92,471.16,1053,stock
2014-01-29,BPCL,471.16,480.28,486.85,471.16,10563,stock
2014-02-02,BPCL,480.28,490.13,499.98,483.93,12980,stock
2014-02-03,BPCL,490.13,487.58,500.35,487.58,6988,stock
2014-02-04,BPCL,487.58,478.46,483.93,476.64,8551,stock
2014-02-06,BPCL,756.88,499.11,499.11,480.27,220,stock
2014-02-09,BPCL,499.11,508.84,508.84,508.84,44,stock
2014-02-10,BPCL,508.84,541.06,549.57,518.57,705,stock
2014-02-11,BPCL,541.06,541.06,551.4,541.06,600,stock
2014-02-12,BPCL,541.06,562.95,564.16,544.1,2101,stock
2014-02-13,BPCL,562.95,565.38,573.89,553.83,743,stock
2014-02-17,BPCL,565.38,574.5,576.32,565.99,753,stock
2014-02-18,BPCL,574.5,585.44,585.44,574.5,998,stock
2014-02-20,BPCL,585.44,595.77,595.77,580.58,284,stock
2014-02-23,BPCL,595.77,587.26,606.11,587.26,404,stock
2014-02-24,BPCL,587.26,575.71,576.32,575.71,350,stock
2014-02-25,BPCL,575.71,554.44,574.5,554.44,400,stock
2014-03-26,BPCL,554.44,533.16,543.49,533.16,180,stock
2014-03-27,BPCL,533.16,522.82,522.82,522.82,400,stock
2014-04-01,BPCL,522.82,512.49,512.49,512.49,10,stock
2014-04-02,BPCL,512.49,489.39,502.76,461.42,5501,stock
2014-04-03,BPCL,489.39,486.35,512.49,468.11,17539,stock
2014-04-06,BPCL,486.35,486.35,494.86,474.19,10672,stock
2014-04-07,BPCL,486.35,482.7,494.86,482.7,1583,stock
2014-04-09,BPCL,482.7,486.35,492.43,486.35,13979,stock
2014-04-10,BPCL,486.35,486.35,492.43,486.35,1409,stock
2014-04-13,BPCL,486.35,486.35,489.39,477.84,2579,stock
2014-04-15,BPCL,486.35,479.66,494.86,479.66,1384,stock
2014-04-16,BPCL,479.66,480.27,488.78,480.27,1009,stock
2014-04-17,BPCL,480.27,485.13,486.35,483.31,1000,stock
2014-04-20,BPCL,485.13,480.88,494.25,480.27,2308,stock
2014-04-21,BPCL,480.88,470.54,479.66,470.54,2331,stock
2014-04-22,BPCL,470.54,471.15,471.76,471.15,920,stock
2014-04-23,BPCL,471.15,474.19,474.19,468.11,3945,stock
2014-04-27,BPCL,474.19,483.31,495.47,483.31,3845,stock
2014-04-28,BPCL,483.31,477.23,480.88,477.23,800,stock
2014-04-29,BPCL,477.23,480.27,480.27,477.23,311,stock
2014-04-30,BPCL,480.27,477.23,480.27,474.19,1019,stock
2014-05-04,BPCL,477.23,474.19,480.88,474.19,2518,stock
2014-05-05,BPCL,474.19,474.8,474.8,471.15,682,stock
2014-05-06,BPCL,474.8,471.15,474.8,468.72,2410,stock
2014-05-07,BPCL,471.15,471.15,477.84,458.99,2709,stock
2014-05-11,BPCL,471.15,465.68,465.68,452.91,1800,stock
2014-05-12,BPCL,465.68,449.87,465.68,449.87,2752,stock
2014-05-13,BPCL,449.87,458.99,465.07,449.87,3319,stock
2014-05-15,BPCL,458.99,459.6,462.03,455.95,1848,stock
2014-05-18,BPCL,459.6,468.11,468.11,458.99,1596,stock
2014-05-19,BPCL,468.11,467.5,469.32,465.07,2098,stock
2014-05-20,BPCL,467.5,465.07,469.93,460.81,1671,stock
2014-05-21,BPCL,465.07,469.32,469.32,465.07,1000,stock
2014-05-22,BPCL,469.32,462.03,471.76,462.03,3231,stock
2014-05-25,BPCL,462.03,471.15,474.19,471.15,1400,stock
2014-05-26,BPCL,471.15,462.03,465.07,455.95,4624,stock
2014-05-27,BPCL,462.03,465.68,465.68,455.95,14600,stock
2014-05-28,BPCL,465.68,486.35,486.35,468.11,2646,stock
2014-06-01,BPCL,486.35,462.03,477.23,462.03,3642,stock
2014-06-02,BPCL,462.03,474.19,485.13,465.07,4202,stock
2014-06-03,BPCL,474.19,468.72,475.4,468.11,3656,stock
2014-06-04,BPCL,468.72,472.97,472.97,472.97,620,stock
2014-06-05,BPCL,472.97,471.15,477.23,468.11,3118,stock
2014-06-08,BPCL,471.15,462.03,477.23,462.03,1350,stock
2014-06-09,BPCL,462.03,465.07,468.11,465.07,1698,stock
2014-06-10,BPCL,465.07,465.68,465.68,462.03,2116,stock
2014-06-11,BPCL,465.68,471.15,474.8,471.15,2771,stock
2014-06-12,BPCL,471.15,455.95,468.11,455.95,1124,stock
2014-06-15,BPCL,455.95,468.11,471.15,465.07,3596,stock
2014-06-16,BPCL,468.11,470.54,474.19,468.11,6789,stock
2014-06-17,BPCL,470.54,468.11,483.31,462.03,5725,stock
2014-06-18,BPCL,468.11,472.97,480.27,471.15,1794,stock
2014-06-19,BPCL,472.97,472.36,472.36,465.07,1847,stock
2014-06-23,BPCL,472.36,462.03,471.15,462.03,2060,stock
2014-06-24,BPCL,462.03,468.11,468.72,465.07,1369,stock
2014-06-25,BPCL,468.11,471.15,472.97,471.15,871,stock
2014-06-26,BPCL,471.15,471.15,473.58,471.15,650,stock
2014-06-29,BPCL,471.15,468.72,474.19,468.11,1600,stock
2014-06-30,BPCL,468.72,459.6,468.11,459.6,4790,stock
2014-07-01,BPCL,459.6,461.42,461.42,455.95,2331,stock
2014-07-02,BPCL,461.42,463.25,468.11,460.21,4668,stock
2014-07-03,BPCL,463.25,509.45,509.45,471.15,27915,stock
2014-07-06,BPCL,509.45,528.9,547.14,519.18,37234,stock
2014-07-07,BPCL,528.9,538.02,549.57,527.69,24973,stock
2014-07-08,BPCL,538.02,534.98,547.14,529.51,22248,stock
2014-07-09,BPCL,534.98,522.82,534.98,522.82,5790,stock
2014-07-10,BPCL,522.82,525.25,528.9,521.61,7501,stock
2014-07-13,BPCL,525.25,522.82,567.2,522.82,7323,stock
2014-07-14,BPCL,522.82,518.57,522.82,513.7,5270,stock
2014-07-15,BPCL,518.57,510.06,522.82,510.06,3759,stock
2014-07-16,BPCL,510.06,522.22,534.98,510.66,18139,stock
2014-07-17,BPCL,522.22,534.98,545.32,528.9,13944,stock
2014-07-20,BPCL,534.98,541.06,558.08,536.2,18314,stock
2014-07-21,BPCL,541.06,538.02,551.4,534.98,9027,stock
2014-07-22,BPCL,538.02,531.33,539.85,526.47,6536,stock
2014-07-23,BPCL,531.33,539.85,551.4,534.37,15685,stock
2014-07-24,BPCL,539.85,531.94,541.67,530.12,5158,stock
2014-07-27,BPCL,531.94,538.63,544.1,534.98,4709,stock
2014-07-28,BPCL,538.63,541.06,541.06,531.94,1566,stock
2014-07-30,BPCL,541.06,534.98,538.63,531.94,7967,stock
2014-07-31,BPCL,534.98,537.41,541.06,528.9,12873,stock
2014-08-03,BPCL,537.41,498.51,527.08,495.47,9880,stock
2014-08-04,BPCL,498.51,486.35,499.72,485.74,7394,stock
2014-08-05,BPCL,486.35,500.94,505.8,492.43,8963,stock
2014-08-06,BPCL,500.94,510.06,511.27,501.55,2929,stock
2014-08-07,BPCL,510.06,513.7,513.7,504.58,5920,stock
2014-08-12,BPCL,513.7,507.62,513.7,500.94,2514,stock
2014-08-13,BPCL,507.62,499.11,517.35,499.11,2962,stock
2014-08-14,BPCL,499.11,504.58,504.58,501.55,971,stock
2014-08-18,BPCL,504.58,501.55,507.62,498.51,1667,stock
2014-08-19,BPCL,501.55,483.92,492.43,483.92,2758,stock
2014-08-20,BPCL,483.92,486.35,489.39,481.48,475,stock
2014-08-21,BPCL,486.35,467.5,480.27,455.95,3515,stock
2014-08-24,BPCL,467.5,448.66,460.81,448.66,2701,stock
2014-08-25,BPCL,448.66,435.28,449.87,435.28,800,stock
2014-08-26,BPCL,435.28,429.2,449.87,429.2,3273,stock
2014-08-27,BPCL,429.2,446.83,455.95,434.67,6247,stock
2014-08-28,BPCL,446.83,461.42,461.42,452.91,3556,stock
2014-08-31,BPCL,461.42,432.24,462.64,432.24,3150,stock
2014-09-01,BPCL,432.24,426.16,427.38,410.36,7690,stock
2014-09-03,BPCL,426.16,437.71,438.32,429.81,589,stock
2014-09-04,BPCL,437.71,431.02,431.63,420.69,4093,stock
2014-09-07,BPCL,431.02,408.53,425.55,408.53,2060,stock
2014-09-09,BPCL,408.53,416.43,425.55,408.53,8246,stock
2014-09-10,BPCL,416.43,415.22,431.63,407.92,7017,stock
2014-09-11,BPCL,415.22,401.24,415.22,395.16,10400,stock
2014-09-14,BPCL,401.24,409.14,409.14,401.24,2669,stock
2014-09-15,BPCL,409.14,410.96,412.18,407.32,3064,stock
2014-09-16,BPCL,410.96,410.96,413.39,410.36,553,stock
2014-09-17,BPCL,410.96,401.24,409.14,398.2,5178,stock
2014-09-21,BPCL,389.08,396.37,398.2,383.0,4281,stock
2014-09-22,BPCL,396.37,394.55,398.2,392.12,2195,stock
2014-09-23,BPCL,394.55,395.16,395.16,387.86,3940,stock
2014-09-24,BPCL,395.16,395.16,395.16,387.25,2800,stock
2014-09-28,BPCL,395.16,391.51,392.12,391.51,2121,stock
2014-09-29,BPCL,391.51,401.24,409.14,389.08,7184,stock
2014-09-30,BPCL,401.24,413.39,425.55,409.14,3427,stock
2014-10-08,BPCL,413.39,391.51,413.39,391.51,1024,stock
2014-10-09,BPCL,391.51,398.8,398.8,392.12,1250,stock
2014-10-12,BPCL,398.8,397.59,397.59,389.08,3568,stock
2014-10-13,BPCL,397.59,401.84,409.14,401.24,4475,stock
2014-10-14,BPCL,401.84,395.16,403.67,395.16,2200,stock
2014-10-15,BPCL,395.16,404.28,404.28,395.16,7140,stock
2014-10-16,BPCL,404.28,419.47,420.08,412.18,1193,stock
2014-10-19,BPCL,419.47,414.0,414.0,411.57,800,stock
2014-10-20,BPCL,414.0,401.24,407.32,395.16,9532,stock
2014-10-21,BPCL,401.24,395.16,398.8,395.16,2000,stock
2014-10-22,BPCL,395.16,404.28,404.28,395.16,11333,stock
2014-10-26,BPCL,404.28,409.75,409.75,387.86,21580,stock
2014-10-27,BPCL,409.75,412.79,417.04,409.14,3233,stock
2014-10-28,BPCL,412.79,404.28,412.79,404.28,1883,stock
2014-10-30,BPCL,404.28,407.32,407.32,401.24,4184,stock
2014-11-02,BPCL,407.32,409.75,410.36,407.92,633,stock
2014-11-03,BPCL,409.75,395.16,401.84,386.65,1977,stock
2014-11-04,BPCL,395.16,387.25,387.25,387.25,133,stock
2014-11-05,BPCL,387.25,393.94,396.98,392.12,5601,stock
2014-11-06,BPCL,393.94,395.16,395.76,393.94,1300,stock
2014-11-09,BPCL,395.16,396.37,398.8,390.9,2505,stock
2014-11-10,BPCL,396.37,392.12,397.59,392.12,1298,stock
2014-11-11,BPCL,392.12,397.59,399.41,392.12,1250,stock
2014-11-12,BPCL,397.59,389.08,389.69,386.04,2762,stock
2014-11-13,BPCL,389.08,383.0,389.08,383.0,1446,stock
2014-11-16,BPCL,383.0,383.0,383.0,375.7,7100,stock
2014-11-17,BPCL,383.0,368.41,375.7,368.41,518,stock
2014-11-18,BPCL,368.41,364.76,375.7,362.33,3646,stock
2014-11-19,BPCL,364.76,361.72,372.06,361.72,759,stock
2014-11-20,BPCL,361.72,376.92,376.92,368.41,2340,stock
2014-11-23,BPCL,376.92,376.92,395.76,376.92,2329,stock
2014-11-24,BPCL,376.92,381.78,381.78,374.49,1872,stock
2014-11-25,BPCL,381.78,378.74,389.08,378.74,700,stock
2014-11-30,BPCL,378.74,379.96,379.96,379.96,2217,stock
2014-12-01,BPCL,379.96,365.37,376.92,365.37,1403,stock
2014-12-02,BPCL,365.37,361.72,365.98,358.68,3920,stock
2014-12-03,BPCL,361.72,359.9,368.41,359.29,2183,stock
2014-12-04,BPCL,359.9,357.46,361.72,352.6,6343,stock
2014-12-07,BPCL,357.46,353.21,355.64,353.21,4408,stock
2014-12-08,BPCL,353.21,334.36,349.56,328.28,8417,stock
2014-12-09,BPCL,334.36,343.48,343.48,341.05,1350,stock
2014-12-10,BPCL,343.48,343.48,350.17,339.83,2220,stock
2014-12-11,BPCL,343.48,347.13,349.56,346.52,1513,stock
2014-12-14,BPCL,347.13,363.54,363.54,353.82,1600,stock
2014-12-15,BPCL,363.54,356.86,358.68,351.39,953,stock
2014-12-16,BPCL,356.86,363.54,363.54,350.17,3189,stock
2014-12-17,BPCL,363.54,361.72,361.72,355.64,1413,stock
2014-12-18,BPCL,361.72,359.9,363.54,357.46,1740,stock
2014-12-21,BPCL,359.9,353.21,353.21,353.21,243,stock
2014-12-22,BPCL,353.21,347.74,353.82,347.74,927,stock
2014-12-23,BPCL,347.74,340.44,341.66,336.8,2265,stock
2014-12-24,BPCL,340.44,340.44,347.13,340.44,1450,stock
2014-12-28,BPCL,340.44,355.64,355.64,347.13,3434,stock
2014-12-31,BPCL,355.64,348.95,348.95,348.95,500,stock
2015-01-01,BPCL,348.95,337.4,342.27,337.4,1405,stock
2015-01-04,BPCL,337.4,344.09,344.09,341.66,803,stock
2015-01-07,BPCL,344.09,370.84,375.1,350.78,1162,stock
2015-01-08,BPCL,370.84,367.8,367.8,367.8,533,stock
2015-01-11,BPCL,367.8,364.76,370.84,364.76,483,stock
2015-01-12,BPCL,364.76,370.84,372.06,370.84,163,stock
2015-01-14,BPCL,370.84,367.8,367.8,367.8,800,stock
2015-01-18,BPCL,367.8,367.8,368.41,367.8,293,stock
2015-01-19,BPCL,367.8,374.49,376.92,364.76,40148,stock
2015-01-20,BPCL,374.49,403.67,403.67,367.19,1535,stock
2015-01-22,BPCL,403.67,381.78,395.76,377.53,6600,stock
2015-01-25,BPCL,381.78,380.57,383.0,374.49,4826,stock
2015-01-26,BPCL,380.57,376.92,380.57,376.92,4782,stock
2015-01-27,BPCL,376.92,364.76,370.84,364.76,4201,stock
2015-01-28,BPCL,364.76,386.04,389.69,372.06,1177,stock
2015-01-29,BPCL,386.04,389.08,393.33,389.08,315,stock
2015-02-01,BPCL,389.08,393.94,396.37,389.08,15490,stock
2015-02-02,BPCL,393.94,390.29,412.18,390.29,4497,stock
2015-02-03,BPCL,390.29,392.12,392.12,389.08,807,stock
2015-02-04,BPCL,392.12,395.16,395.16,389.08,4348,stock
2015-02-05,BPCL,395.16,398.2,409.14,387.25,15497,stock
2015-02-08,BPCL,398.2,395.16,395.16,389.08,2400,stock
2015-02-10,BPCL,395.16,394.55,402.45,394.55,155,stock
2015-02-11,BPCL,394.55,395.16,395.16,393.94,300,stock
2015-02-12,BPCL,393.94,386.04,389.08,377.53,2124,stock
2015-02-15,BPCL,386.04,383.0,390.29,383.0,967,stock
2015-02-16,BPCL,383.0,376.92,383.61,376.92,2323,stock
2015-02-19,BPCL,376.92,364.15,371.45,364.15,4175,stock
2015-02-22,BPCL,364.15,364.76,370.84,364.76,1210,stock
2015-02-23,BPCL,364.76,386.04,386.04,372.06,67,stock
2015-02-24,BPCL,386.04,392.12,392.12,392.12,20,stock
2015-02-25,BPCL,392.12,383.0,384.82,375.7,11179,stock
2015-03-02,BPCL,383.0,383.0,390.29,381.78,1931,stock
2015-03-03,BPCL,383.0,384.82,384.82,376.92,545,stock
2015-03-04,BPCL,384.82,373.88,379.96,373.88,2556,stock
2015-03-10,BPCL,373.88,374.49,376.92,374.49,700,stock
2015-03-11,BPCL,374.49,367.19,367.19,367.19,485,stock
2015-03-12,BPCL,367.19,369.62,369.62,369.62,200,stock
2015-03-15,BPCL,369.62,373.88,373.88,373.88,267,stock
2015-03-16,BPCL,373.88,369.02,373.88,369.02,1735,stock
2015-03-17,BPCL,369.02,370.84,370.84,368.41,574,stock
2015-03-18,BPCL,370.84,367.8,370.84,367.8,275,stock
2015-03-19,BPCL,367.8,367.8,367.8,367.8,133,stock
2015-03-22,BPCL,367.8,368.41,368.41,368.41,857,stock
2015-03-23,BPCL,368.41,369.02,371.45,368.41,1020,stock
2015-03-24,BPCL,369.02,364.76,370.84,364.76,2176,stock
2015-03-25,BPCL,364.76,358.68,364.76,358.68,1035,stock
2015-03-26,BPCL,358.68,361.72,361.72,357.46,321,stock
2015-03-29,BPCL,361.72,368.41,368.41,364.15,895,stock
2015-03-30,BPCL,368.41,364.76,364.76,362.33,600,stock
2015-03-31,BPCL,364.76,367.19,367.19,360.5,1874,stock
2015-04-01,BPCL,367.19,364.76,364.76,364.76,530,stock
2015-04-02,BPCL,364.76,367.8,367.8,367.8,1000,stock
2015-04-05,BPCL,367.8,364.76,364.76,364.76,453,stock
2015-04-06,BPCL,364.76,364.76,364.76,361.72,704,stock
2015-04-07,BPCL,364.76,372.06,372.06,365.37,1767,stock
2015-04-08,BPCL,372.06,373.88,376.92,361.11,7628,stock
2015-04-09,BPCL,373.88,370.84,370.84,370.84,100,stock
2015-04-12,BPCL,370.84,369.62,378.13,364.76,8110,stock
2015-04-15,BPCL,369.62,369.62,369.62,369.62,200,stock
2015-04-16,BPCL,369.62,367.8,369.02,367.8,958,stock
2015-04-19,BPCL,367.8,370.84,370.84,365.37,5350,stock
2015-04-20,BPCL,370.84,370.84,373.88,369.02,2426,stock
2015-04-21,BPCL,370.84,372.66,372.66,372.06,238,stock
2015-04-23,BPCL,364.76,365.37,365.37,364.76,700,stock
2015-05-31,BPCL,365.37,373.27,373.27,370.84,300,stock
2015-06-02,BPCL,370.84,364.76,364.76,364.76,100,stock
2015-06-07,BPCL,364.76,359.29,359.29,359.29,119,stock
2015-06-09,BPCL,359.29,365.98,365.98,365.98,10,stock
2015-06-10,BPCL,365.98,389.08,395.16,373.27,1580,stock
2015-06-11,BPCL,389.08,383.0,383.0,383.0,200,stock
2015-06-14,BPCL,383.0,384.82,386.04,379.96,1500,stock
2015-06-15,BPCL,384.82,383.0,383.61,383.0,1270,stock
2015-06-16,BPCL,383.0,376.92,379.96,372.66,1400,stock
2015-06-17,BPCL,376.92,365.37,370.84,365.37,3463,stock
2015-06-22,BPCL,372.66,372.66,372.66,372.66,500,stock
2015-06-23,BPCL,368.41,368.41,368.41,368.41,500,stock
2015-06-24,BPCL,375.7,384.21,384.21,375.7,1010,stock
2015-06-25,BPCL,391.51,391.51,391.51,391.51,10,stock
2015-06-28,BPCL,384.21,384.21,384.21,384.21,100,stock
2015-06-29,BPCL,390.29,383.0,390.29,383.0,440,stock
2015-07-01,BPCL,376.92,370.84,376.92,370.84,2600,stock
2015-07-02,BPCL,367.8,367.8,367.8,367.8,650,stock
2015-07-05,BPCL,364.76,368.41,368.41,364.76,1200,stock
2015-07-06,BPCL,368.41,364.76,368.41,364.76,3850,stock
2015-07-07,BPCL,364.76,364.76,372.66,364.76,5190,stock
2015-07-08,BPCL,366.58,365.37,369.62,365.37,1920,stock
2015-07-13,BPCL,364.76,364.76,365.37,364.76,1150,stock
2015-07-14,BPCL,364.76,365.37,365.37,364.76,1624,stock
2015-07-15,BPCL,364.76,370.23,370.23,364.76,2150,stock
2015-07-16,BPCL,370.23,375.1,376.92,364.76,6140,stock
2015-07-22,BPCL,372.06,370.23,372.06,370.23,787,stock
2015-07-23,BPCL,370.23,368.41,368.41,368.41,100,stock
2015-07-26,BPCL,368.41,404.88,404.88,375.7,60,stock
2015-07-27,BPCL,404.88,412.79,412.79,412.79,166,stock
2015-07-29,BPCL,412.79,381.78,404.88,381.78,350,stock
2015-07-30,BPCL,381.78,376.31,376.31,376.31,50,stock
2015-08-02,BPCL,376.31,369.02,376.31,369.02,886,stock
2015-08-03,BPCL,369.02,361.72,361.72,358.68,1537,stock
2015-08-04,BPCL,361.72,359.29,359.29,358.07,1000,stock
2015-08-05,BPCL,358.07,364.76,364.76,364.76,1000,stock
2015-08-06,BPCL,364.76,364.76,372.66,364.15,1650,stock
2015-08-09,BPCL,364.76,358.68,359.9,358.68,682,stock
2015-08-11,BPCL,358.68,359.9,365.37,359.9,1500,stock
2015-08-12,BPCL,364.76,364.76,364.76,364.76,500,stock
2015-08-13,BPCL,358.68,353.82,362.94,352.6,2959,stock
2015-08-16,BPCL,360.5,389.08,389.08,360.5,23576,stock
2015-08-17,BPCL,396.37,395.16,420.08,395.16,8435,stock
2015-08-18,BPCL,391.51,392.12,396.37,387.86,2600,stock
2015-08-19,BPCL,389.08,386.65,404.28,386.65,2407,stock
2015-08-20,BPCL,381.78,382.39,382.39,381.78,278,stock
2015-08-24,BPCL,389.69,386.65,395.16,386.04,3610,stock
2015-08-25,BPCL,379.96,384.82,384.82,379.96,550,stock
2015-08-26,BPCL,383.0,379.96,383.0,378.13,670,stock
2015-08-27,BPCL,379.96,385.43,385.43,379.96,1084,stock
2015-08-31,BPCL,386.04,392.12,394.55,386.04,4873,stock
2015-09-01,BPCL,392.12,383.61,392.12,383.61,1650,stock
2015-09-02,BPCL,383.0,381.78,383.0,379.35,3060,stock
2015-09-06,BPCL,381.78,384.21,384.82,381.78,1642,stock
2015-09-07,BPCL,383.0,381.78,383.0,376.92,1070,stock
2015-09-08,BPCL,377.53,373.88,377.53,372.06,3700,stock
2015-09-09,BPCL,370.84,373.88,373.88,370.84,5264,stock
2015-09-10,BPCL,371.45,373.88,373.88,370.84,878,stock
2015-09-13,BPCL,377.53,379.96,379.96,377.53,1434,stock
2015-09-14,BPCL,386.04,386.04,386.04,384.82,913,stock
2015-09-15,BPCL,393.33,386.04,393.33,381.78,3350,stock
2015-09-16,BPCL,383.0,388.47,388.47,378.74,1370,stock
2015-09-17,BPCL,383.61,384.82,395.76,383.0,1350,stock
2015-09-22,BPCL,377.53,377.53,377.53,377.53,10,stock
2015-09-23,BPCL,384.82,377.53,384.82,376.31,5617,stock
2015-09-24,BPCL,379.96,378.74,379.96,375.7,382,stock
2015-09-28,BPCL,372.06,370.84,372.06,366.58,930,stock
2015-09-29,BPCL,370.84,370.84,370.84,370.84,483,stock
2015-09-30,BPCL,373.88,375.7,375.7,373.88,534,stock
2015-10-01,BPCL,376.31,376.31,376.31,376.31,158,stock
2015-10-04,BPCL,373.88,370.23,373.88,370.23,833,stock
2015-10-05,BPCL,373.88,373.88,373.88,371.45,900,stock
2015-10-06,BPCL,364.76,358.68,364.76,356.86,14030,stock
2015-10-08,BPCL,365.37,367.19,367.8,364.76,1232,stock
2015-10-11,BPCL,364.76,358.68,364.76,358.68,699331,stock
2015-10-14,BPCL,365.37,364.76,367.8,364.76,835,stock
2015-10-15,BPCL,361.72,361.72,361.72,361.72,21,stock
2015-10-18,BPCL,361.72,361.72,361.72,361.72,150,stock
2015-10-19,BPCL,367.19,364.76,367.19,364.76,160,stock
2015-10-27,BPCL,358.68,352.6,359.29,352.6,1490,stock
2015-10-28,BPCL,352.6,346.52,359.29,346.52,3962,stock
2015-10-29,BPCL,353.21,366.58,366.58,353.21,440,stock
2015-11-01,BPCL,373.88,373.88,373.88,373.88,20,stock
2015-11-03,BPCL,366.58,366.58,366.58,366.58,500,stock
2015-11-05,BPCL,363.54,363.54,363.54,363.54,100,stock
2015-11-08,BPCL,356.86,356.86,356.86,356.86,400,stock
2015-11-18,BPCL,350.17,350.17,350.17,350.17,200,stock
2015-11-19,BPCL,344.09,347.74,347.74,334.36,3564,stock
2015-11-23,BPCL,347.74,328.28,347.74,316.13,2926,stock
2015-11-24,BPCL,328.28,324.03,328.28,324.03,2053,stock
2015-11-25,BPCL,330.11,327.07,336.19,327.07,3015,stock
2015-11-26,BPCL,323.42,320.38,328.28,320.38,2217,stock
2015-11-29,BPCL,314.91,314.91,314.91,314.91,56,stock
2015-11-30,BPCL,320.99,322.2,322.2,316.13,7210,stock
2015-12-01,BPCL,322.2,320.99,331.32,320.99,1850,stock
2015-12-02,BPCL,321.6,321.6,321.6,321.6,100,stock
2015-12-03,BPCL,315.52,327.68,327.68,315.52,1941,stock
2015-12-04,BPCL,331.32,328.28,331.32,328.28,1710,stock
2015-12-07,BPCL,324.64,325.24,325.24,323.42,1660,stock
2015-12-08,BPCL,319.17,316.13,319.17,316.13,775,stock
2015-12-09,BPCL,311.87,330.11,330.11,311.87,971,stock
2015-12-10,BPCL,324.03,324.03,324.03,324.03,110,stock
2015-12-13,BPCL,330.11,318.56,330.11,318.56,1280,stock
2015-12-15,BPCL,324.03,324.03,324.03,324.03,500,stock
2015-12-16,BPCL,322.2,316.73,322.2,316.13,1882,stock
2015-12-20,BPCL,316.73,328.89,328.89,318.56,2648,stock
2015-12-21,BPCL,328.89,340.44,341.66,334.36,1750,stock
2015-12-22,BPCL,341.05,333.76,341.05,333.76,1520,stock
2015-12-23,BPCL,333.76,337.4,337.4,337.4,1400,stock
2015-12-24,BPCL,333.15,335.58,335.58,333.15,15293,stock
2015-12-25,BPCL,329.5,325.24,329.5,325.24,520,stock
2015-12-28,BPCL,325.24,327.68,327.68,327.68,500,stock
2015-12-29,BPCL,327.68,327.68,327.68,327.68,167,stock
2015-12-31,BPCL,325.24,328.28,328.28,325.24,1350,stock
2016-01-03,BPCL,328.28,328.28,328.28,328.28,150,stock
2016-01-04,BPCL,328.28,328.28,328.28,328.28,700,stock
2016-01-05,BPCL,334.36,334.36,334.36,334.36,210,stock
2016-01-06,BPCL,340.44,331.32,347.13,331.32,570,stock
2016-01-07,BPCL,331.32,337.4,337.4,331.32,700,stock
2016-01-10,BPCL,337.4,340.44,347.13,340.44,1933,stock
2016-01-11,BPCL,346.52,353.21,353.21,346.52,550,stock
2016-01-12,BPCL,359.9,359.9,371.45,358.68,1702,stock
2016-01-13,BPCL,359.9,365.37,376.92,362.33,3227,stock
2016-01-14,BPCL,372.66,365.37,372.66,365.37,700,stock
2016-01-17,BPCL,371.45,365.37,371.45,365.37,667,stock
2016-01-18,BPCL,372.66,364.15,372.66,364.15,1470,stock
2016-01-19,BPCL,358.07,355.64,358.68,354.43,700,stock
2016-01-20,BPCL,358.68,360.5,364.15,358.68,1667,stock
2016-01-21,BPCL,360.5,361.72,369.02,361.72,2121,stock
2016-01-25,BPCL,359.9,360.5,361.72,359.9,792,stock
2016-01-26,BPCL,359.9,355.64,366.58,355.64,1176,stock
2016-01-27,BPCL,355.64,355.03,358.68,355.03,750,stock
2016-01-28,BPCL,348.35,355.03,355.03,348.35,300,stock
2016-01-31,BPCL,358.68,357.46,358.68,357.46,407,stock
2016-02-01,BPCL,357.46,358.07,358.68,351.39,2550,stock
2016-02-02,BPCL,356.86,355.64,356.86,349.56,1673,stock
2016-02-03,BPCL,355.64,348.95,355.64,348.95,1500,stock
2016-02-04,BPCL,355.64,373.88,383.0,352.6,10342,stock
2016-02-07,BPCL,373.88,368.41,372.66,367.19,5834,stock
2016-02-08,BPCL,368.41,378.13,379.96,373.88,4917,stock
2016-02-11,BPCL,378.13,370.84,383.61,370.84,4650,stock
2016-02-14,BPCL,365.98,365.98,365.98,365.98,100,stock
2016-02-15,BPCL,366.58,369.62,369.62,364.76,540,stock
2016-02-16,BPCL,369.62,370.84,370.84,370.84,10,stock
2016-02-17,BPCL,370.84,361.72,367.8,361.72,2341,stock
2016-02-18,BPCL,361.72,364.15,369.62,364.15,2540,stock
2016-02-21,BPCL,367.8,364.76,367.8,364.76,440,stock
2016-02-22,BPCL,372.06,358.68,372.06,358.68,1700,stock
2016-02-25,BPCL,358.68,358.07,358.68,358.07,1285,stock
2016-02-28,BPCL,358.07,349.56,364.76,349.56,19085,stock
2016-02-29,BPCL,349.56,352.6,356.25,351.99,536,stock
2016-03-01,BPCL,352.6,349.56,352.6,349.56,724,stock
2016-03-02,BPCL,352.6,362.33,362.33,349.56,1750,stock
2016-03-03,BPCL,356.25,359.29,361.72,356.25,811,stock
2016-03-06,BPCL,358.68,358.68,358.68,358.68,200,stock
2016-03-10,BPCL,358.68,370.84,370.84,358.68,7269,stock
2016-03-13,BPCL,376.92,367.8,376.92,364.76,3033,stock
2016-03-14,BPCL,369.62,369.02,369.62,364.76,1606,stock
2016-03-15,BPCL,364.76,359.29,364.76,359.29,992,stock
2016-03-16,BPCL,359.29,359.29,359.29,355.64,1320,stock
2016-03-17,BPCL,358.68,361.72,361.72,358.68,1338,stock
2016-03-20,BPCL,368.41,397.59,397.59,368.41,25965,stock
2016-03-21,BPCL,405.49,391.51,418.26,389.08,15467,stock
2016-03-23,BPCL,384.21,377.53,384.21,377.53,1371,stock
2016-03-24,BPCL,377.53,371.45,371.45,371.45,50,stock
2016-03-27,BPCL,371.45,376.92,390.29,373.88,5337,stock
2016-03-28,BPCL,376.92,375.1,375.1,367.8,800,stock
2016-03-29,BPCL,368.41,379.96,381.78,367.8,1667,stock
2016-03-30,BPCL,379.96,374.49,387.25,373.88,560,stock
2016-03-31,BPCL,374.49,383.0,383.0,374.49,2918,stock
2016-04-03,BPCL,383.0,379.96,379.96,379.96,400,stock
2016-04-04,BPCL,379.96,367.8,373.88,367.8,2100,stock
2016-04-05,BPCL,375.1,372.06,375.1,370.84,2692,stock
2016-04-06,BPCL,372.06,367.8,379.35,367.8,3200,stock
2016-04-10,BPCL,367.8,375.1,375.1,375.1,200,stock
2016-04-11,BPCL,375.1,369.62,369.62,369.62,212,stock
2016-04-12,BPCL,369.62,370.84,372.06,369.02,5090,stock
2016-04-14,BPCL,370.84,370.84,374.49,370.84,3330,stock
2016-04-17,BPCL,372.06,372.06,376.92,369.62,3920,stock
2016-04-18,BPCL,372.06,373.27,373.88,368.41,2183,stock
2016-04-19,BPCL,373.27,373.88,373.88,370.84,2270,stock
2016-04-20,BPCL,373.88,372.06,373.88,366.58,6304,stock
2016-04-21,BPCL,372.06,369.62,372.06,367.19,5779,stock
2016-04-24,BPCL,369.62,367.8,372.06,367.8,3630,stock
2016-04-25,BPCL,367.8,364.76,369.62,364.76,4900,stock
2016-04-26,BPCL,364.76,370.84,372.06,362.94,2705,stock
2016-04-27,BPCL,370.84,365.37,365.37,364.76,500,stock
2016-04-28,BPCL,365.37,365.98,366.58,365.37,1367,stock
2016-05-02,BPCL,365.98,369.62,369.62,365.37,2305,stock
2016-05-03,BPCL,369.62,370.84,373.88,366.58,717,stock
2016-05-04,BPCL,370.84,370.84,370.84,365.98,4667,stock
2016-05-05,BPCL,370.84,370.84,370.84,364.76,5355,stock
2016-05-08,BPCL,370.84,365.37,370.23,365.37,2650,stock
2016-05-09,BPCL,367.8,365.37,367.8,365.37,2882,stock
2016-05-10,BPCL,364.76,367.8,370.84,364.76,2889,stock
2016-05-11,BPCL,367.8,368.41,368.41,368.41,467,stock
2016-05-12,BPCL,375.7,375.7,383.0,375.7,2578,stock
2016-05-15,BPCL,375.1,372.66,375.1,372.06,3146,stock
2016-05-16,BPCL,372.66,370.84,370.84,370.84,1666,stock
2016-05-17,BPCL,370.84,365.98,372.06,364.76,4487,stock
2016-05-18,BPCL,365.98,370.84,370.84,367.8,6092,stock
2016-05-19,BPCL,370.84,376.92,377.53,373.88,3546,stock
2016-05-22,BPCL,376.92,372.06,377.53,372.06,3565,stock
2016-05-23,BPCL,372.06,369.62,376.92,369.62,10149,stock
2016-05-24,BPCL,369.62,370.84,370.84,369.02,3131,stock
2016-05-25,BPCL,370.84,376.92,376.92,372.06,6166,stock
2016-05-26,BPCL,376.92,375.7,375.7,369.62,5067,stock
2016-05-29,BPCL,375.7,386.04,389.08,378.13,13228,stock
2016-05-30,BPCL,386.04,415.22,416.43,389.08,54576,stock
2016-05-31,BPCL,415.22,448.66,449.26,421.3,79830,stock
2016-06-01,BPCL,448.66,462.03,493.03,446.83,63264,stock
2016-06-02,BPCL,462.03,454.73,457.17,442.58,18582,stock
2016-06-05,BPCL,454.73,416.43,446.83,413.39,9944,stock
2016-06-06,BPCL,416.43,430.42,432.24,416.43,11555,stock
2016-06-07,BPCL,438.93,425.55,449.87,425.55,4305,stock
2016-06-08,BPCL,425.55,427.99,437.1,417.04,10585,stock
2016-06-09,BPCL,425.55,425.55,431.63,423.12,10259,stock
2016-06-12,BPCL,425.55,431.02,446.22,429.81,6642,stock
2016-06-13,BPCL,431.02,427.38,431.63,425.55,3346,stock
2016-06-14,BPCL,434.67,469.93,469.93,434.67,4135,stock
2016-06-15,BPCL,479.05,516.74,516.74,479.05,4650,stock
2016-06-16,BPCL,516.74,516.14,568.42,510.06,66287,stock
2016-06-19,BPCL,516.14,508.84,516.74,486.35,27590,stock
2016-06-20,BPCL,508.84,500.94,513.7,486.35,24524,stock
2016-06-21,BPCL,500.94,513.7,514.31,502.76,20894,stock
2016-06-22,BPCL,514.92,530.12,540.45,513.7,27209,stock
2016-06-23,BPCL,530.12,538.02,556.26,534.98,29770,stock
2016-06-26,BPCL,538.02,561.73,562.34,544.1,51241,stock
2016-06-27,BPCL,561.73,559.3,573.89,554.44,15972,stock
2016-06-28,BPCL,559.3,562.34,564.16,547.14,28411,stock
2016-06-29,BPCL,562.34,565.38,565.38,554.44,18162,stock
2016-06-30,BPCL,565.38,564.77,564.77,552.61,9305,stock
2016-07-03,BPCL,564.77,559.3,565.38,553.22,9163,stock
2016-07-04,BPCL,559.3,553.22,571.46,553.22,6616,stock
2016-07-05,BPCL,547.14,558.69,562.34,547.14,8513,stock
2016-07-06,BPCL,556.26,561.73,564.77,556.26,12033,stock
2016-07-10,BPCL,561.73,553.22,561.73,553.22,3868,stock
2016-07-11,BPCL,553.22,550.79,555.65,544.71,3463,stock
2016-07-12,BPCL,550.79,538.02,547.14,519.78,8765,stock
2016-07-13,BPCL,538.02,538.02,544.1,534.98,2421,stock
2016-07-14,BPCL,541.06,543.49,547.14,538.02,8633,stock
2016-07-17,BPCL,543.49,531.94,541.06,529.51,1949,stock
2016-07-18,BPCL,531.94,559.3,559.3,528.9,7334,stock
2016-07-19,BPCL,559.3,544.1,562.95,544.1,7215,stock
2016-07-20,BPCL,535.59,549.57,549.57,535.59,6108,stock
2016-07-21,BPCL,549.57,545.92,547.14,541.67,3423,stock
2016-07-25,BPCL,545.92,531.94,547.14,531.94,5446,stock
2016-07-26,BPCL,531.94,542.28,551.4,534.98,15696,stock
2016-07-27,BPCL,542.28,559.91,570.85,547.75,21438,stock
2016-07-28,BPCL,559.91,570.24,570.85,559.3,40420,stock
2016-07-31,BPCL,570.24,604.89,612.8,559.3,49779,stock
2016-08-01,BPCL,604.89,589.7,626.17,583.62,15050,stock
2016-08-02,BPCL,589.7,576.93,583.62,565.38,15360,stock
2016-08-03,BPCL,576.93,571.46,583.62,559.3,9552,stock
2016-08-04,BPCL,571.46,552.0,572.07,547.14,16312,stock
2016-08-07,BPCL,552.0,556.26,573.89,553.22,12421,stock
2016-08-08,BPCL,556.26,528.9,556.26,528.9,3283,stock
2016-08-09,BPCL,539.24,560.51,560.51,539.24,110,stock
2016-08-10,BPCL,571.46,561.73,571.46,547.14,15396,stock
2016-08-11,BPCL,565.38,553.22,565.38,553.22,4200,stock
2016-08-14,BPCL,553.22,536.2,553.22,534.98,7795,stock
2016-08-15,BPCL,525.86,531.94,541.06,520.39,11093,stock
2016-08-16,BPCL,534.98,544.1,544.1,531.94,6031,stock
2016-08-17,BPCL,544.1,549.57,549.57,534.98,4700,stock
2016-08-21,BPCL,547.14,536.2,547.14,536.2,600,stock
2016-08-22,BPCL,528.9,511.27,528.9,510.66,1210,stock
2016-08-23,BPCL,516.74,525.25,536.2,516.74,2525,stock
2016-08-24,BPCL,531.94,533.77,533.77,516.14,2630,stock
2016-08-28,BPCL,539.24,524.04,543.49,524.04,590,stock
2016-08-29,BPCL,534.37,524.04,534.37,524.04,378,stock
2016-08-30,BPCL,524.04,533.16,533.16,516.74,2749,stock
2016-08-31,BPCL,522.82,510.06,522.82,494.25,13773,stock
2016-09-01,BPCL,500.94,513.7,519.18,500.94,3967,stock
2016-09-04,BPCL,513.7,513.7,516.74,508.84,1374,stock
2016-09-05,BPCL,516.74,510.66,517.96,510.66,3623,stock
2016-09-06,BPCL,520.39,507.62,520.39,504.58,11024,stock
2016-09-07,BPCL,507.62,510.66,513.7,501.55,2200,stock
2016-09-08,BPCL,513.7,506.41,516.74,506.41,2964,stock
2016-09-11,BPCL,504.58,504.58,510.66,503.37,4717,stock
2016-09-12,BPCL,501.55,503.98,503.98,500.33,800,stock
2016-09-14,BPCL,503.98,500.33,503.98,499.72,750,stock
2016-09-18,BPCL,500.33,501.55,501.55,500.33,223,stock
2016-09-20,BPCL,504.58,503.98,504.58,503.98,800,stock
2016-09-21,BPCL,503.98,501.55,504.58,499.11,1450,stock
2016-09-22,BPCL,498.51,497.29,498.51,492.43,2177,stock
2016-09-25,BPCL,498.51,497.29,498.51,492.43,2177,stock
2016-09-26,BPCL,489.39,486.95,492.43,480.27,2320,stock
2016-09-27,BPCL,492.43,492.43,492.43,492.43,100,stock
2016-09-28,BPCL,486.35,489.39,492.43,486.35,2280,stock
2016-09-29,BPCL,492.43,488.78,492.43,488.78,1166,stock
2016-10-03,BPCL,492.43,492.43,492.43,492.43,100,stock
2016-10-04,BPCL,483.31,489.99,498.51,483.31,5433,stock
2016-10-05,BPCL,489.39,492.43,492.43,484.52,2050,stock
2016-10-06,BPCL,498.51,493.64,501.55,493.64,1540,stock
2016-10-16,BPCL,486.95,486.95,486.95,486.95,200,stock
2016-10-17,BPCL,489.39,496.68,496.68,488.78,1873,stock
2016-10-18,BPCL,490.6,498.51,498.51,490.6,2000,stock
2016-10-19,BPCL,497.29,492.43,497.29,492.43,708,stock
2016-10-20,BPCL,498.51,500.33,500.94,498.51,1033,stock
2016-10-23,BPCL,498.51,495.47,498.51,492.43,2073,stock
2016-10-24,BPCL,486.35,492.43,500.33,477.84,1330,stock
2016-10-25,BPCL,492.43,492.43,492.43,492.43,100,stock
2016-10-26,BPCL,486.35,483.31,486.35,477.23,2776,stock
2016-10-27,BPCL,485.74,480.27,486.35,480.27,1080,stock
2016-11-03,BPCL,480.27,477.23,480.27,471.76,1300,stock
2016-11-07,BPCL,480.27,474.8,516.74,472.97,8193,stock
2016-11-08,BPCL,463.85,440.75,463.85,436.5,4020,stock
2016-11-09,BPCL,432.24,432.24,440.75,432.24,364,stock
2016-11-10,BPCL,431.63,428.59,434.67,428.59,270,stock
2016-11-13,BPCL,429.2,436.5,436.5,429.2,884,stock
2016-11-15,BPCL,434.67,415.22,434.67,415.22,2011,stock
2016-11-16,BPCL,415.22,416.43,416.43,413.39,750,stock
2016-11-17,BPCL,408.53,401.24,412.18,401.24,1085,stock
2016-11-20,BPCL,393.33,376.92,393.33,376.92,2450,stock
2016-11-21,BPCL,375.7,375.7,376.92,365.98,1600,stock
2016-11-22,BPCL,379.96,372.66,379.96,372.66,1000,stock
2016-11-23,BPCL,373.88,379.35,379.35,372.66,1540,stock
2016-11-24,BPCL,383.0,364.76,386.65,359.29,4300,stock
2016-11-27,BPCL,364.76,355.64,372.06,351.39,10915,stock
2016-11-28,BPCL,348.95,352.6,352.6,340.44,5381,stock
2016-11-29,BPCL,352.6,387.86,387.86,352.6,3625,stock
2016-11-30,BPCL,395.16,413.39,415.22,395.16,4260,stock
2016-12-01,BPCL,413.39,407.32,423.12,404.28,5510,stock
2016-12-04,BPCL,399.41,398.2,407.32,392.12,3309,stock
2016-12-05,BPCL,398.1,392.24,400.05,392.24,220,stock
2016-12-06,BPCL,384.44,375.33,384.44,374.03,2910,stock
2016-12-07,BPCL,382.49,382.49,382.49,382.49,14,stock
2016-12-08,BPCL,388.99,390.29,390.94,375.33,3440,stock
2016-12-11,BPCL,383.79,374.03,383.79,374.03,1235,stock
2016-12-12,BPCL,374.03,375.33,375.33,371.43,1280,stock
2016-12-14,BPCL,372.08,377.28,377.28,372.08,450,stock
2016-12-15,BPCL,374.03,394.85,394.85,374.03,540,stock
2016-12-18,BPCL,402.65,402.65,402.65,402.65,10,stock
2016-12-19,BPCL,394.85,387.04,394.85,387.04,290,stock
2016-12-20,BPCL,380.54,372.73,380.54,370.78,3200,stock
2016-12-21,BPCL,364.92,371.43,371.43,364.27,710,stock
2016-12-22,BPCL,370.78,374.03,374.03,370.78,800,stock
2016-12-26,BPCL,374.03,367.53,374.03,367.53,2450,stock
2016-12-27,BPCL,361.67,364.27,370.78,354.52,1141,stock
2016-12-28,BPCL,357.77,364.27,370.13,357.77,1070,stock
2016-12-29,BPCL,371.43,357.77,377.28,357.77,950,stock
2017-01-01,BPCL,357.77,363.62,365.57,357.77,9760,stock
2017-01-02,BPCL,370.78,363.62,365.57,363.62,5280,stock
2017-01-03,BPCL,357.77,357.77,364.27,356.47,7970,stock
2017-01-04,BPCL,359.07,363.62,364.27,359.07,2970,stock
2017-01-05,BPCL,360.37,359.72,360.37,359.72,1502,stock
2017-01-08,BPCL,366.88,360.37,366.88,360.37,110,stock
2017-01-09,BPCL,362.97,363.62,363.62,362.97,1290,stock
2017-01-10,BPCL,363.62,361.67,364.27,361.02,1853,stock
2017-01-11,BPCL,357.77,357.77,357.77,357.77,100,stock
2017-01-12,BPCL,364.27,364.27,364.27,364.27,120,stock
2017-01-15,BPCL,363.62,363.62,363.62,363.62,300,stock
2017-01-16,BPCL,361.67,357.12,361.67,357.12,500,stock
2017-01-17,BPCL,353.87,353.87,353.87,353.87,203,stock
2017-01-22,BPCL,352.57,352.57,352.57,352.57,251,stock
2017-01-23,BPCL,348.66,357.77,357.77,348.66,2010,stock
2017-01-24,BPCL,350.61,349.96,357.12,349.96,130,stock
2017-01-25,BPCL,343.46,336.95,349.96,336.95,1050,stock
2017-01-26,BPCL,336.95,335.0,343.46,330.45,2150,stock
2017-01-30,BPCL,328.5,325.24,331.75,325.24,1450,stock
2017-01-31,BPCL,319.39,333.05,333.05,315.49,28790,stock
2017-02-01,BPCL,339.56,346.06,346.06,325.24,30990,stock
2017-02-02,BPCL,352.57,344.76,352.57,338.25,11310,stock
2017-02-05,BPCL,344.76,344.76,344.76,344.76,300,stock
2017-02-07,BPCL,338.25,340.21,340.86,331.75,1483,stock
2017-02-08,BPCL,335.0,340.86,340.86,321.99,2020,stock
2017-02-09,BPCL,336.95,330.45,336.95,330.45,320,stock
2017-02-12,BPCL,326.55,318.74,326.55,314.84,2484,stock
2017-02-13,BPCL,312.89,324.59,324.59,301.83,1960,stock
2017-02-14,BPCL,318.74,313.54,318.74,305.73,5551,stock
2017-02-15,BPCL,318.74,323.94,325.24,318.09,6292,stock
2017-02-16,BPCL,324.59,322.64,329.8,322.64,940,stock
2017-02-19,BPCL,328.5,331.75,331.75,325.24,2266,stock
2017-02-20,BPCL,331.75,331.75,331.75,325.24,650,stock
2017-02-21,BPCL,325.24,323.94,336.95,323.94,270,stock
2017-02-22,BPCL,318.74,318.74,318.74,318.74,7000,stock
2017-02-23,BPCL,321.99,321.99,321.99,321.99,150,stock
2017-02-26,BPCL,316.14,310.93,316.14,310.93,2092,stock
2017-02-28,BPCL,316.79,318.74,318.74,316.79,350,stock
2017-03-01,BPCL,313.54,309.63,313.54,308.98,1720,stock
2017-03-02,BPCL,314.84,333.05,333.05,314.84,40,stock
2017-03-05,BPCL,330.45,325.24,331.1,324.59,2570,stock
2017-03-06,BPCL,320.04,320.04,320.04,320.04,10,stock
2017-03-07,BPCL,325.24,325.24,325.24,325.24,330,stock
2017-03-09,BPCL,325.24,325.89,325.89,320.04,5630,stock
2017-03-13,BPCL,325.89,322.64,328.5,322.64,1020,stock
2017-03-14,BPCL,325.24,319.39,325.24,319.39,1144,stock
2017-03-15,BPCL,320.04,338.25,338.25,320.04,2020,stock
2017-03-16,BPCL,344.76,338.25,344.76,335.0,250,stock
2017-03-19,BPCL,338.25,340.21,340.21,331.75,1080,stock
2017-03-20,BPCL,333.7,351.26,361.02,328.5,8112,stock
2017-03-21,BPCL,348.01,368.18,368.18,348.01,7030,stock
2017-03-22,BPCL,374.68,364.27,382.49,361.02,17055,stock
2017-03-23,BPCL,361.02,374.03,377.28,361.02,11744,stock
2017-03-26,BPCL,380.54,409.81,409.81,380.54,14219,stock
2017-03-28,BPCL,409.81,450.79,450.79,417.61,30146,stock
2017-03-29,BPCL,450.79,443.63,486.57,443.63,29715,stock
2017-03-30,BPCL,443.63,439.08,455.34,435.18,4800,stock
2017-04-02,BPCL,435.83,458.59,458.59,435.83,790,stock
2017-04-03,BPCL,467.7,446.24,476.81,446.24,8551,stock
2017-04-04,BPCL,437.78,435.83,454.69,429.32,7140,stock
2017-04-06,BPCL,435.83,426.72,435.83,426.72,3470,stock
2017-04-09,BPCL,426.72,432.58,432.58,426.07,2230,stock
2017-04-10,BPCL,435.83,454.69,459.25,435.83,5047,stock
2017-04-11,BPCL,463.15,440.38,472.26,438.43,2877,stock
2017-04-12,BPCL,448.84,441.68,457.29,441.68,7710,stock
2017-04-13,BPCL,445.58,441.03,450.14,433.23,1951,stock
2017-04-16,BPCL,449.49,457.29,457.29,448.84,120,stock
2017-04-18,BPCL,448.19,428.67,448.19,424.12,5110,stock
2017-04-19,BPCL,429.32,448.19,454.69,432.58,1638,stock
2017-04-20,BPCL,442.33,444.28,448.84,439.08,10590,stock
2017-04-23,BPCL,454.04,446.24,471.6,446.24,1675,stock
2017-04-24,BPCL,447.54,439.08,447.54,437.78,460,stock
2017-04-25,BPCL,430.62,447.54,447.54,430.62,3560,stock
2017-04-26,BPCL,439.08,435.83,439.08,435.83,1500,stock
2017-04-27,BPCL,427.37,452.74,452.74,427.37,230,stock
2017-04-30,BPCL,444.28,444.28,444.28,444.28,100,stock
2017-05-02,BPCL,448.84,448.19,448.84,448.19,200,stock
2017-05-03,BPCL,442.33,439.08,442.33,433.88,3977,stock
2017-05-04,BPCL,433.23,427.37,433.23,426.07,1000,stock
2017-05-07,BPCL,435.83,423.47,435.18,422.82,3052,stock
2017-05-08,BPCL,422.82,415.01,422.82,415.01,400,stock
2017-05-09,BPCL,415.01,450.14,455.34,409.81,1493,stock
2017-05-11,BPCL,442.33,433.23,446.89,426.07,1980,stock
2017-05-15,BPCL,441.68,444.28,450.14,441.68,1223,stock
2017-05-16,BPCL,435.83,435.18,442.33,435.18,4249,stock
2017-05-17,BPCL,428.02,433.23,433.23,428.02,909,stock
2017-05-18,BPCL,433.23,441.68,441.68,430.62,1078,stock
2017-05-21,BPCL,442.98,425.42,442.98,425.42,1343,stock
2017-05-22,BPCL,423.47,433.88,442.33,423.47,661,stock
2017-05-23,BPCL,441.03,442.33,442.33,439.08,1939,stock
2017-05-24,BPCL,442.33,439.08,440.38,435.83,1760,stock
2017-05-28,BPCL,435.83,433.88,435.83,432.58,1527,stock
2017-05-30,BPCL,426.07,450.79,450.79,425.42,438,stock
2017-06-01,BPCL,442.33,435.18,442.33,433.88,520,stock
2017-06-04,BPCL,429.32,422.82,429.32,416.96,2510,stock
2017-06-05,BPCL,416.31,425.42,432.58,416.31,5825,stock
2017-06-06,BPCL,431.92,440.38,440.38,425.42,6038,stock
2017-06-07,BPCL,448.84,439.08,461.2,439.08,9682,stock
2017-06-08,BPCL,444.93,445.58,446.24,442.33,340,stock
2017-06-11,BPCL,437.13,433.23,437.13,428.67,10127,stock
2017-06-12,BPCL,429.32,429.32,429.32,429.32,3000,stock
2017-06-13,BPCL,432.58,426.07,432.58,425.42,3048,stock
2017-06-14,BPCL,422.82,423.47,426.07,422.82,5535,stock
2017-06-15,BPCL,426.07,435.83,435.83,426.07,2156,stock
2017-06-18,BPCL,435.83,422.82,427.37,422.82,300,stock
2017-06-21,BPCL,422.82,424.12,424.12,416.31,521,stock
2017-06-22,BPCL,422.82,416.96,422.82,416.96,831,stock
2017-06-25,BPCL,419.57,416.31,419.57,416.31,124,stock
2017-06-27,BPCL,411.76,411.76,411.76,409.81,2350,stock
2017-06-28,BPCL,417.61,416.31,417.61,413.06,2750,stock
2017-07-02,BPCL,408.51,403.95,408.51,400.7,2495,stock
2017-07-03,BPCL,401.35,400.05,406.56,400.05,3090,stock
2017-07-04,BPCL,400.05,400.05,400.05,397.45,1550,stock
2017-07-05,BPCL,400.05,400.05,400.05,400.05,495,stock
2017-07-06,BPCL,403.3,409.81,411.11,403.3,1590,stock
2017-07-09,BPCL,409.81,406.56,417.61,406.56,1500,stock
2017-07-10,BPCL,398.75,406.56,406.56,398.75,484,stock
2017-07-11,BPCL,400.7,408.51,409.16,400.7,911,stock
2017-07-12,BPCL,416.96,407.21,424.77,407.21,619,stock
2017-07-13,BPCL,407.21,403.3,407.21,403.3,2705,stock
2017-07-16,BPCL,403.3,403.3,403.3,403.3,431,stock
2017-07-17,BPCL,403.3,411.11,411.11,403.3,108,stock
2017-07-18,BPCL,413.71,407.21,413.71,407.21,1377,stock
2017-07-19,BPCL,413.06,416.31,416.31,406.56,1873,stock
2017-07-20,BPCL,413.06,409.81,413.06,409.81,1760,stock
2017-07-23,BPCL,403.95,409.81,409.81,394.2,2457,stock
2017-07-24,BPCL,409.81,413.06,413.06,409.81,240,stock
2017-07-25,BPCL,416.31,413.06,416.31,407.21,2851,stock
2017-07-26,BPCL,413.06,413.06,422.82,413.06,2582,stock
2017-07-27,BPCL,408.51,412.41,412.41,408.51,272,stock
2017-07-30,BPCL,420.22,422.17,426.07,420.22,1142,stock
2017-07-31,BPCL,416.31,422.82,426.07,416.31,8725,stock
2017-08-01,BPCL,419.57,426.07,426.07,419.57,6799,stock
2017-08-02,BPCL,429.32,434.53,437.78,426.72,13643,stock
2017-08-03,BPCL,434.53,433.23,437.78,426.07,6293,stock
2017-08-06,BPCL,432.58,424.12,435.18,424.12,3607,stock
2017-08-07,BPCL,422.82,425.42,425.42,421.52,12550,stock
2017-08-09,BPCL,429.32,422.82,429.32,419.57,8349,stock
2017-08-10,BPCL,420.22,424.77,424.77,416.96,3605,stock
2017-08-13,BPCL,429.32,419.57,429.32,419.57,849,stock
2017-08-15,BPCL,416.31,417.61,419.57,416.31,1984,stock
2017-08-16,BPCL,416.31,420.22,420.22,414.36,1002,stock
2017-08-17,BPCL,416.31,413.71,416.31,413.71,79,stock
2017-08-20,BPCL,414.36,411.11,416.31,411.11,2141,stock
2017-08-21,BPCL,413.06,406.56,413.06,405.25,1200,stock
2017-08-22,BPCL,413.06,413.71,413.71,409.81,3255,stock
2017-08-23,BPCL,413.06,407.21,413.06,407.21,472,stock
2017-08-24,BPCL,407.21,413.71,415.01,409.81,973,stock
2017-08-27,BPCL,413.71,413.06,413.06,413.06,500,stock
2017-08-28,BPCL,413.06,401.35,413.06,397.45,1216,stock
2017-08-30,BPCL,405.25,416.31,422.17,404.6,2153,stock
2017-08-31,BPCL,416.31,416.31,416.31,407.86,2108,stock
2017-09-04,BPCL,409.81,406.56,409.81,405.91,1871,stock
2017-09-06,BPCL,406.56,409.81,409.81,406.56,657,stock
2017-09-07,BPCL,416.31,412.41,416.31,411.11,533,stock
2017-09-10,BPCL,404.6,400.7,406.56,397.45,1509,stock
2017-09-11,BPCL,402.65,400.7,403.3,400.7,1796,stock
2017-09-12,BPCL,400.7,394.85,400.7,394.85,3660,stock
2017-09-13,BPCL,396.8,402.0,402.0,393.55,3477,stock
2017-09-14,BPCL,403.3,402.65,411.11,399.4,3145,stock
2017-09-17,BPCL,406.56,406.56,414.36,406.56,788,stock
2017-09-18,BPCL,403.3,402.65,405.25,402.65,1042,stock
2017-09-20,BPCL,403.3,403.3,403.3,400.7,1155,stock
2017-09-24,BPCL,396.8,398.1,398.1,396.8,371,stock
2017-09-25,BPCL,405.91,405.91,405.91,405.91,50,stock
2017-09-26,BPCL,405.91,405.91,405.91,403.3,595,stock
2017-10-03,BPCL,411.11,413.06,413.06,411.11,110,stock
2017-10-04,BPCL,420.22,416.31,420.22,414.36,2470,stock
2017-10-08,BPCL,408.51,400.05,408.51,397.45,660,stock
2017-10-09,BPCL,400.05,408.51,409.16,395.5,4418,stock
2017-10-10,BPCL,400.7,397.45,400.7,396.15,907,stock
2017-10-11,BPCL,400.05,396.8,400.05,396.8,1715,stock
2017-10-15,BPCL,390.29,400.05,400.05,390.29,1425,stock
2017-10-16,BPCL,401.35,420.22,420.22,401.35,40696,stock
2017-10-17,BPCL,427.37,417.61,427.37,401.35,38258,stock
2017-10-18,BPCL,413.06,417.61,417.61,413.06,800,stock
2017-10-22,BPCL,419.57,418.91,419.57,403.3,38450,stock
2017-10-23,BPCL,418.91,419.57,422.82,413.71,22420,stock
2017-10-24,BPCL,419.57,416.31,419.57,402.0,42624,stock
2017-10-25,BPCL,416.31,411.76,416.31,408.51,3330,stock
2017-10-29,BPCL,408.51,405.91,409.16,403.3,28965,stock
2017-10-30,BPCL,401.35,408.51,409.81,398.1,30750,stock
2017-10-31,BPCL,406.56,400.7,406.56,400.05,2120,stock
2017-11-01,BPCL,400.05,398.75,408.51,398.1,10266,stock
2017-11-02,BPCL,406.56,401.35,406.56,398.75,841,stock
2017-11-05,BPCL,395.5,393.55,395.5,393.55,743,stock
2017-11-06,BPCL,393.55,393.55,402.0,386.39,2890,stock
2017-11-07,BPCL,401.35,393.55,401.35,393.55,4677,stock
2017-11-08,BPCL,387.04,393.55,401.35,386.39,902,stock
2017-11-09,BPCL,400.7,393.55,400.7,393.55,1680,stock
2017-11-12,BPCL,396.8,406.56,406.56,396.8,210,stock
2017-11-13,BPCL,400.7,403.3,406.56,398.75,21126,stock
2017-11-14,BPCL,403.95,411.76,416.31,398.1,23834,stock
2017-11-15,BPCL,413.06,408.51,413.06,408.51,2258,stock
2017-11-16,BPCL,402.0,402.65,402.65,401.35,5600,stock
2017-11-19,BPCL,402.65,400.05,410.46,396.15,2809,stock
2017-11-20,BPCL,397.45,400.05,400.05,396.8,650,stock
2017-11-21,BPCL,407.86,400.05,407.86,400.05,434,stock
2017-11-22,BPCL,407.86,408.51,415.66,400.05,20382,stock
2017-11-23,BPCL,408.51,422.82,428.02,409.81,44041,stock
2017-11-26,BPCL,422.82,441.68,445.58,429.32,32945,stock
2017-11-27,BPCL,450.14,443.63,450.14,432.58,54675,stock
2017-11-28,BPCL,439.08,457.94,466.4,435.83,57222,stock
2017-11-29,BPCL,461.85,467.05,476.16,459.25,97076,stock
2017-11-30,BPCL,476.16,474.21,482.01,456.64,64779,stock
2017-12-04,BPCL,478.11,471.6,478.11,467.05,41690,stock
2017-12-05,BPCL,480.71,481.36,509.33,476.16,134904,stock
2017-12-06,BPCL,488.52,480.71,487.87,478.11,28405,stock
2017-12-10,BPCL,489.82,485.26,500.88,481.36,71405,stock
2017-12-11,BPCL,484.61,484.61,486.57,476.81,23786,stock
2017-12-12,BPCL,479.41,478.11,481.36,474.86,33355,stock
2017-12-13,BPCL,484.61,482.66,484.61,475.51,15965,stock
2017-12-14,BPCL,482.66,474.21,482.66,470.3,9989,stock
2017-12-17,BPCL,475.51,469.0,478.11,469.0,17568,stock
2017-12-18,BPCL,472.91,471.6,474.21,466.4,19022,stock
2017-12-19,BPCL,468.35,467.7,469.0,465.1,11670,stock
2017-12-20,BPCL,461.85,459.25,470.95,455.99,8920,stock
2017-12-21,BPCL,468.35,456.64,468.35,452.74,7862,stock
2017-12-24,BPCL,461.2,455.34,464.45,454.04,9293,stock
2017-12-26,BPCL,448.84,445.58,457.29,443.63,17642,stock
2017-12-27,BPCL,454.04,437.13,454.04,435.83,18606,stock
2017-12-28,BPCL,432.58,436.48,445.58,432.58,13493,stock
2017-12-31,BPCL,444.93,439.08,444.93,431.92,12808,stock
2018-01-01,BPCL,447.54,449.49,450.79,439.08,16391,stock
2018-01-02,BPCL,445.58,446.89,451.44,445.58,8147,stock
2018-01-03,BPCL,446.89,440.38,446.89,439.73,4950,stock
2018-01-04,BPCL,448.84,442.33,448.84,442.33,70,stock
2018-01-07,BPCL,445.58,442.33,450.14,442.33,3574,stock
2018-01-08,BPCL,448.84,435.83,448.84,434.53,14682,stock
2018-01-09,BPCL,434.53,435.83,448.84,433.88,24774,stock
2018-01-10,BPCL,442.33,437.78,442.33,433.88,5221,stock
2018-01-14,BPCL,440.38,462.5,462.5,429.32,15698,stock
2018-01-16,BPCL,453.39,429.32,453.39,428.67,5962,stock
2018-01-17,BPCL,425.42,432.58,432.58,421.52,13149,stock
2018-01-21,BPCL,437.13,425.42,437.13,423.47,10515,stock
2018-01-22,BPCL,430.62,425.42,431.92,418.91,5600,stock
2018-01-23,BPCL,420.22,416.31,420.22,409.81,30490,stock
2018-01-24,BPCL,410.46,413.06,416.31,409.81,18709,stock
2018-01-25,BPCL,413.06,413.71,413.71,409.16,5719,stock
2018-01-28,BPCL,421.52,409.81,421.52,408.51,4091,stock
2018-01-29,BPCL,413.06,411.76,413.06,407.21,6939,stock
2018-01-31,BPCL,406.56,401.35,406.56,392.9,39540,stock
2018-02-01,BPCL,409.16,397.45,411.11,392.9,24376,stock
2018-02-04,BPCL,392.9,377.28,400.7,374.03,28989,stock
2018-02-05,BPCL,384.44,362.97,384.44,359.72,18707,stock
2018-02-06,BPCL,357.12,362.32,368.83,356.47,11101,stock
2018-02-07,BPCL,367.53,362.97,367.53,353.87,2625,stock
2018-02-08,BPCL,355.82,357.12,359.07,351.26,2843,stock
2018-02-11,BPCL,361.02,359.07,368.18,358.42,4680,stock
2018-02-12,BPCL,361.02,364.27,366.23,357.77,3108,stock
2018-02-14,BPCL,370.78,363.62,370.78,357.77,3377,stock
2018-02-15,BPCL,361.67,369.48,370.13,361.67,7473,stock
2018-02-18,BPCL,369.48,362.32,374.03,362.32,1970,stock
2018-02-20,BPCL,358.42,351.26,358.42,350.61,4906,stock
2018-02-21,BPCL,357.77,348.01,363.62,348.01,3770,stock
2018-02-22,BPCL,348.01,354.52,357.77,348.01,2575,stock
2018-02-25,BPCL,361.02,347.36,361.02,347.36,960,stock
2018-02-26,BPCL,359.07,347.36,359.07,340.86,5160,stock
2018-02-27,BPCL,348.66,344.76,351.26,336.3,13789,stock
2018-02-28,BPCL,351.26,336.95,351.26,333.05,3820,stock
2018-03-04,BPCL,336.95,329.8,343.46,323.94,1674,stock
2018-03-06,BPCL,329.15,321.34,329.15,316.14,4489,stock
2018-03-07,BPCL,327.2,325.24,333.7,320.69,5610,stock
2018-03-11,BPCL,325.24,315.49,325.89,315.49,3050,stock
2018-03-12,BPCL,315.49,312.89,321.34,312.89,4562,stock
2018-03-13,BPCL,312.23,318.74,318.74,309.63,400,stock
2018-03-14,BPCL,324.59,318.09,330.45,316.79,1540,stock
2018-03-15,BPCL,323.94,318.74,323.94,318.09,180,stock
2018-03-18,BPCL,318.74,314.84,318.74,314.19,7580,stock
2018-03-19,BPCL,317.44,314.19,317.44,312.23,2706,stock
2018-03-20,BPCL,320.04,314.84,318.74,306.38,8048,stock
2018-03-21,BPCL,319.39,313.54,319.39,305.73,2271,stock
2018-03-22,BPCL,319.39,301.83,323.29,301.83,9957,stock
2018-03-26,BPCL,295.97,283.61,301.83,273.21,8421,stock
2018-03-27,BPCL,278.41,304.43,304.43,273.86,5142,stock
2018-03-28,BPCL,299.22,297.27,310.28,287.52,5670,stock
2018-03-29,BPCL,303.13,305.73,308.98,294.02,6908,stock
2018-04-01,BPCL,299.88,298.57,303.78,289.47,8314,stock
2018-04-02,BPCL,295.97,294.67,300.53,292.72,11334,stock
2018-04-03,BPCL,299.22,305.08,305.08,293.37,3028,stock
2018-04-04,BPCL,310.93,307.68,314.19,305.08,2382,stock
2018-04-05,BPCL,312.23,317.44,325.24,312.23,21594,stock
2018-04-08,BPCL,323.29,326.55,335.0,313.54,12817,stock
2018-04-09,BPCL,331.75,305.73,331.75,300.53,51497,stock
2018-04-10,BPCL,308.98,299.88,308.98,289.47,29800,stock
2018-04-11,BPCL,295.97,300.53,302.48,294.67,10222,stock
2018-04-12,BPCL,300.53,296.62,301.18,295.97,8222,stock
2018-04-15,BPCL,296.62,295.97,302.48,290.77,4418,stock
2018-04-16,BPCL,301.83,299.22,307.68,295.97,8321,stock
2018-04-17,BPCL,299.22,305.08,314.19,301.18,10023,stock
2018-04-18,BPCL,310.93,309.63,326.55,299.22,15163,stock
2018-04-19,BPCL,315.49,315.49,318.74,307.68,8075,stock
2018-04-22,BPCL,315.49,335.0,335.0,315.49,25320,stock
2018-04-23,BPCL,340.86,320.04,340.86,317.44,19712,stock
2018-04-24,BPCL,325.24,316.79,323.94,316.14,7482,stock
2018-04-25,BPCL,316.14,316.14,318.74,315.49,3009,stock
2018-04-26,BPCL,320.04,312.23,320.04,303.78,7128,stock
2018-04-29,BPCL,307.03,319.39,319.39,306.38,3581,stock
2018-05-02,BPCL,319.39,331.75,331.75,312.23,11939,stock
2018-05-03,BPCL,338.25,329.15,338.25,325.89,21390,stock
2018-05-06,BPCL,321.99,320.04,325.24,316.79,38378,stock
2018-05-07,BPCL,325.89,327.85,331.75,318.74,129999,stock
2018-05-08,BPCL,329.8,327.85,329.8,325.24,26013,stock
2018-05-09,BPCL,327.85,326.55,327.85,325.89,32277,stock
2018-05-10,BPCL,326.55,315.49,325.24,314.84,27610,stock
2018-05-14,BPCL,315.49,312.89,318.74,311.58,24752,stock
2018-05-15,BPCL,314.19,311.58,317.44,310.93,7094,stock
2018-05-16,BPCL,306.38,314.19,314.19,306.38,3820,stock
2018-05-17,BPCL,316.14,311.58,316.14,311.58,5276,stock
2018-05-20,BPCL,312.23,308.33,314.84,308.33,5333,stock
2018-05-21,BPCL,309.63,311.58,312.23,306.38,3500,stock
2018-05-22,BPCL,307.03,312.23,312.89,307.03,12205,stock
2018-05-23,BPCL,310.93,308.98,311.58,308.33,6821,stock
2018-05-24,BPCL,308.98,306.38,312.23,306.38,3654,stock
2018-05-27,BPCL,305.73,303.78,306.38,301.83,6111,stock
2018-05-28,BPCL,303.78,305.73,312.23,299.22,12320,stock
2018-05-29,BPCL,307.03,302.48,310.93,302.48,7584,stock
2018-05-30,BPCL,302.48,304.43,308.98,300.53,9060,stock
2018-05-31,BPCL,299.88,302.48,305.73,299.88,3159,stock
2018-06-03,BPCL,299.22,294.67,302.48,294.02,7670,stock
2018-06-04,BPCL,293.37,294.02,298.57,290.77,5264,stock
2018-06-06,BPCL,294.67,298.57,300.53,294.67,1235,stock
2018-06-07,BPCL,298.57,292.72,298.57,290.12,7944,stock
2018-06-10,BPCL,289.47,289.47,290.12,286.87,8434,stock
2018-06-11,BPCL,284.91,288.17,295.32,282.96,7901,stock
2018-06-12,BPCL,288.82,288.17,290.12,286.22,5407,stock
2018-06-13,BPCL,292.07,286.87,292.07,286.87,3650,stock
2018-06-14,BPCL,288.82,292.72,296.62,286.22,6961,stock
2018-06-17,BPCL,292.72,286.87,294.67,286.22,5990,stock
2018-06-18,BPCL,282.31,287.52,288.82,282.31,1450,stock
2018-06-19,BPCL,282.96,288.17,292.72,282.96,3815,stock
2018-06-20,BPCL,284.26,288.17,289.47,284.26,3582,stock
2018-06-21,BPCL,292.72,288.82,298.57,287.52,4718,stock
2018-06-24,BPCL,284.26,292.07,294.02,284.26,2930,stock
2018-06-25,BPCL,292.07,286.22,292.72,286.22,4665,stock
2018-06-26,BPCL,286.22,285.56,290.12,281.66,8864,stock
2018-06-27,BPCL,282.31,285.56,288.82,282.31,12322,stock
2018-06-28,BPCL,286.22,286.22,289.47,284.91,2400,stock
2018-07-01,BPCL,288.82,284.26,288.82,283.61,890,stock
2018-07-02,BPCL,285.56,283.61,286.22,280.36,2311,stock
2018-07-03,BPCL,283.61,282.96,286.22,282.31,5915,stock
2018-07-04,BPCL,282.31,282.96,286.22,279.71,8700,stock
2018-07-05,BPCL,288.17,292.72,296.62,283.61,6650,stock
2018-07-08,BPCL,290.12,290.77,295.97,286.22,8332,stock
2018-07-09,BPCL,290.77,285.56,291.42,285.56,3790,stock
2018-07-10,BPCL,286.22,288.82,288.82,285.56,6527,stock
2018-07-11,BPCL,289.47,286.87,290.12,284.26,3877,stock
2018-07-12,BPCL,291.42,284.91,291.42,283.61,7270,stock
2018-07-15,BPCL,284.91,286.22,286.22,282.96,3909,stock
2018-07-16,BPCL,280.36,299.88,299.88,280.36,15117,stock
2018-07-17,BPCL,291.42,287.52,291.42,287.52,800,stock
2018-07-18,BPCL,287.52,287.52,287.52,284.26,2415,stock
2018-07-19,BPCL,286.22,287.52,287.52,283.61,4328,stock
2018-07-22,BPCL,292.72,283.61,292.72,282.96,3490,stock
2018-07-23,BPCL,282.96,284.26,289.47,281.66,770,stock
2018-07-24,BPCL,280.36,286.22,289.47,280.36,2305,stock
2018-07-25,BPCL,281.66,286.22,287.52,281.66,2076,stock
2018-07-26,BPCL,281.66,284.26,290.12,281.66,3230,stock
2018-07-29,BPCL,281.01,282.96,286.22,281.01,5700,stock
2018-07-30,BPCL,280.36,283.61,286.22,280.36,1840,stock
2018-07-31,BPCL,288.82,284.91,288.82,281.01,4856,stock
2018-08-01,BPCL,288.82,284.26,288.82,283.61,890,stock
2018-08-02,BPCL,283.61,286.22,287.52,283.61,2079,stock
2018-08-05,BPCL,285.56,287.52,287.52,285.56,2079,stock
2018-08-06,BPCL,290.77,286.87,290.77,285.56,1320,stock
2018-08-07,BPCL,286.87,286.87,290.12,285.56,4050,stock
2018-08-08,BPCL,281.66,288.17,288.17,281.66,1920,stock
2018-08-09,BPCL,288.82,286.22,290.12,283.61,3560,stock
2018-08-12,BPCL,285.56,284.91,285.56,281.66,1420,stock
2018-08-13,BPCL,280.36,284.26,286.22,280.36,1390,stock
2018-08-14,BPCL,286.22,284.26,286.22,282.31,1220,stock
2018-08-15,BPCL,285.56,290.77,292.07,281.66,7030,stock
2018-08-16,BPCL,292.07,290.12,294.02,284.91,13068,stock
2018-08-19,BPCL,292.72,285.56,292.72,285.56,1370,stock
2018-08-20,BPCL,284.91,283.61,284.91,282.31,2390,stock
2018-08-21,BPCL,283.61,281.66,284.26,281.66,1660,stock
2018-08-22,BPCL,279.06,282.31,284.91,279.06,900,stock
2018-08-23,BPCL,286.22,282.31,286.22,281.66,1464,stock
2018-08-26,BPCL,279.06,281.66,284.26,279.06,1070,stock
2018-08-28,BPCL,279.71,282.31,285.56,279.71,1992,stock
2018-08-29,BPCL,279.71,281.01,282.31,279.71,4477,stock
2018-08-30,BPCL,286.22,282.31,286.22,279.71,1845,stock
2018-09-02,BPCL,280.36,284.26,284.91,280.36,1002,stock
2018-09-03,BPCL,281.66,287.52,287.52,281.66,5003,stock
2018-09-04,BPCL,283.61,286.22,288.82,283.61,3707,stock
2018-09-05,BPCL,286.87,292.72,295.32,286.22,3020,stock
2018-09-06,BPCL,292.72,288.17,292.72,288.17,5277,stock
2018-09-09,BPCL,285.56,294.67,296.62,285.56,6562,stock
2018-09-10,BPCL,289.47,293.37,294.67,289.47,2642,stock
2018-09-11,BPCL,292.72,294.67,294.67,290.77,410,stock
2018-09-12,BPCL,289.47,292.72,292.72,289.47,3730,stock
2018-09-13,BPCL,289.47,300.53,301.83,289.47,9664,stock
2018-09-16,BPCL,295.97,299.22,305.73,293.37,11720,stock
2018-09-17,BPCL,301.83,297.92,302.48,295.97,7574,stock
2018-09-18,BPCL,297.92,301.83,306.38,295.32,6908,stock
2018-09-20,BPCL,302.48,308.98,313.54,301.83,17024,stock
2018-09-23,BPCL,303.13,317.44,317.44,303.13,22369,stock
2018-09-25,BPCL,322.64,319.39,322.64,313.54,28855,stock
2018-09-26,BPCL,319.39,314.19,319.39,312.23,27309,stock
2018-09-27,BPCL,320.04,311.58,318.74,306.38,9495,stock
2018-09-30,BPCL,307.03,310.93,310.93,304.43,4940,stock
2018-10-01,BPCL,308.98,308.98,310.28,305.73,18319,stock
2018-10-02,BPCL,303.13,308.98,311.58,303.13,15243,stock
2018-10-03,BPCL,308.33,303.78,310.93,303.78,2350,stock
2018-10-04,BPCL,302.48,305.73,305.73,301.18,12388,stock
2018-10-07,BPCL,302.48,307.03,308.98,302.48,15150,stock
2018-10-08,BPCL,307.03,311.58,318.09,303.13,3180,stock
2018-10-09,BPCL,312.23,308.33,316.14,305.08,7730,stock
2018-10-10,BPCL,303.78,308.98,308.98,303.78,2110,stock
2018-10-11,BPCL,305.73,307.68,308.33,303.78,7381,stock
2018-10-14,BPCL,308.98,310.28,313.54,305.08,2180,stock
2018-10-15,BPCL,306.38,308.33,310.28,303.78,1572,stock
2018-10-21,BPCL,304.43,312.23,312.23,304.43,220,stock
2018-10-22,BPCL,306.38,308.98,308.98,303.13,2170,stock
2018-10-23,BPCL,314.84,304.43,314.84,303.78,1904,stock
2018-10-24,BPCL,305.73,304.43,306.38,301.83,6730,stock
2018-10-25,BPCL,299.22,305.73,305.73,299.22,17614,stock
2018-10-28,BPCL,305.73,307.68,307.68,299.88,19142,stock
2018-10-29,BPCL,307.68,304.43,307.68,301.83,6023,stock
2018-10-30,BPCL,304.43,302.48,308.98,299.22,6057,stock
2018-10-31,BPCL,301.18,301.18,302.48,299.88,2442,stock
2018-11-01,BPCL,307.03,305.73,307.03,300.53,1675,stock
2018-11-04,BPCL,299.88,305.73,305.73,299.88,13929,stock
2018-11-05,BPCL,300.53,305.08,305.08,299.22,5031,stock
2018-11-14,BPCL,299.88,299.22,305.08,298.57,917,stock
2018-11-15,BPCL,299.22,297.92,299.22,297.92,1828,stock
2018-11-18,BPCL,297.92,295.97,299.22,295.97,2027,stock
2018-11-19,BPCL,296.62,292.72,296.62,292.72,1628,stock
2018-11-20,BPCL,294.02,288.17,295.32,288.17,3087,stock
2018-11-21,BPCL,288.82,292.72,292.72,284.26,1876,stock
2018-11-22,BPCL,292.72,305.08,305.08,287.52,660,stock
2018-11-25,BPCL,305.08,290.77,305.08,289.47,920,stock
2018-11-26,BPCL,290.89,288.82,290.89,287.52,1460,stock
2018-11-27,BPCL,288.38,286.87,292.07,286.22,1760,stock
2018-11-28,BPCL,286.87,284.26,291.42,283.61,2011,stock
2018-11-29,BPCL,285.15,284.26,285.15,282.31,1579,stock
2018-12-02,BPCL,282.65,287.52,287.52,280.36,3450,stock
2018-12-03,BPCL,287.52,282.31,291.42,277.76,17639,stock
2018-12-04,BPCL,282.31,282.31,282.96,278.41,735,stock
2018-12-06,BPCL,277.11,279.06,282.31,269.95,3660,stock
2018-12-09,BPCL,279.06,284.26,286.22,279.06,11748,stock
2018-12-10,BPCL,284.26,284.91,290.77,284.26,4890,stock
2018-12-11,BPCL,284.91,283.61,286.22,281.01,4871,stock
2018-12-12,BPCL,283.61,280.36,286.22,279.06,2690,stock
2018-12-13,BPCL,280.36,284.91,286.22,280.36,3622,stock
2018-12-16,BPCL,284.91,284.91,290.12,284.26,3431,stock
2018-12-17,BPCL,284.91,289.47,289.47,282.96,4532,stock
2018-12-18,BPCL,289.47,281.01,294.02,277.11,3955,stock
2018-12-19,BPCL,281.01,284.91,286.22,276.46,1630,stock
2018-12-20,BPCL,284.91,285.56,295.32,284.91,16500,stock
2018-12-23,BPCL,285.56,281.92,289.79,277.63,5541,stock
2018-12-24,BPCL,281.92,278.34,285.5,275.48,4544,stock
2018-12-25,BPCL,278.34,270.47,279.06,269.76,3560,stock
2018-12-26,BPCL,270.47,273.34,275.48,266.18,4753,stock
2018-12-27,BPCL,273.34,268.33,276.91,268.33,6523,stock
2018-12-30,BPCL,268.33,269.76,269.76,266.9,4055,stock
2018-12-31,BPCL,269.76,272.62,272.62,266.9,1490,stock
2019-01-01,BPCL,272.62,268.33,273.34,268.33,1927,stock
2019-01-02,BPCL,268.33,268.33,271.9,266.9,2693,stock
2019-01-03,BPCL,268.33,266.9,268.33,264.75,800,stock
2019-01-06,BPCL,266.9,267.61,267.61,264.75,590,stock
2019-01-07,BPCL,267.61,264.75,267.61,264.03,2343,stock
2019-01-08,BPCL,264.75,264.75,266.9,264.75,1880,stock
2019-01-09,BPCL,264.75,264.75,269.04,261.89,918,stock
2019-01-10,BPCL,264.75,264.03,264.75,261.89,6430,stock
2019-01-13,BPCL,264.03,265.46,266.9,264.03,960,stock
2019-01-14,BPCL,265.46,268.33,268.33,261.17,1740,stock
2019-01-15,BPCL,268.33,281.21,281.21,264.75,1547,stock
2019-01-16,BPCL,281.21,268.33,284.78,266.18,3426,stock
2019-01-17,BPCL,268.33,270.47,270.47,264.75,1831,stock
2019-01-20,BPCL,270.47,264.75,270.47,264.03,1110,stock
2019-01-21,BPCL,264.75,263.32,265.46,263.32,2046,stock
2019-01-22,BPCL,263.32,261.89,263.32,260.46,3795,stock
2019-01-23,BPCL,261.89,263.32,263.32,259.74,1315,stock
2019-01-24,BPCL,263.32,263.32,264.75,262.6,1297,stock
2019-01-27,BPCL,263.32,260.46,263.32,259.74,1447,stock
2019-01-28,BPCL,260.46,259.74,263.32,259.02,2422,stock
2019-01-29,BPCL,259.74,259.02,260.46,258.31,1700,stock
2019-01-30,BPCL,259.02,259.02,263.32,256.88,7639,stock
2019-01-31,BPCL,259.02,257.59,259.74,257.59,4384,stock
2019-02-03,BPCL,256.16,254.73,257.59,254.73,2935,stock
2019-02-04,BPCL,252.58,250.44,254.73,249.72,2905,stock
2019-02-05,BPCL,246.86,264.75,264.75,246.86,1160,stock
2019-02-06,BPCL,261.17,256.88,264.75,249.72,2068,stock
2019-02-07,BPCL,253.3,250.44,256.88,250.44,2326,stock
2019-02-10,BPCL,255.45,246.15,255.45,246.15,2780,stock
2019-02-11,BPCL,246.15,246.15,249.01,245.43,840,stock
2019-02-12,BPCL,269.76,254.02,269.76,246.15,1680,stock
2019-02-13,BPCL,250.44,249.72,254.02,249.72,4167,stock
2019-02-14,BPCL,245.43,249.01,249.72,245.43,5028,stock
2019-02-17,BPCL,249.01,245.43,250.44,245.43,1690,stock
2019-02-18,BPCL,242.57,243.28,246.15,242.57,3151,stock
2019-02-19,BPCL,241.85,250.44,250.44,241.85,820,stock
2019-02-20,BPCL,246.86,246.86,250.44,246.86,375,stock
2019-02-21,BPCL,246.86,246.86,247.58,244.71,816,stock
2019-02-24,BPCL,246.86,248.29,250.44,246.86,819,stock
2019-02-25,BPCL,248.29,247.58,248.29,246.86,1419,stock
2019-02-26,BPCL,246.15,243.28,247.58,240.42,10693,stock
2019-02-27,BPCL,244.71,241.85,246.15,239.71,8306,stock
2019-03-03,BPCL,241.85,240.42,241.85,237.56,2672,stock
2019-03-05,BPCL,243.28,243.28,247.58,240.42,1252,stock
2019-03-06,BPCL,243.28,244.71,244.71,241.14,2470,stock
2019-03-07,BPCL,244.71,250.44,250.44,244.71,2020,stock
2019-03-09,BPCL,247.58,246.86,250.44,246.86,230,stock
2019-03-10,BPCL,247.58,246.86,250.44,246.86,230,stock
2019-03-11,BPCL,247.58,257.59,257.59,246.86,3530,stock
2019-03-12,BPCL,262.6,264.75,267.61,257.59,16360,stock
2019-03-13,BPCL,260.46,258.31,264.75,254.02,4541,stock
2019-03-14,BPCL,258.31,261.17,261.89,254.73,1210,stock
2019-03-17,BPCL,261.17,261.89,266.18,259.02,2045,stock
2019-03-18,BPCL,261.17,260.46,263.32,259.74,3831,stock
2019-03-19,BPCL,259.02,254.02,259.74,254.02,3130,stock
2019-03-21,BPCL,259.02,254.73,259.02,254.73,2689,stock
2019-03-24,BPCL,252.58,255.45,257.59,252.58,1583,stock
2019-03-25,BPCL,254.73,257.59,257.59,254.02,2560,stock
2019-03-26,BPCL,255.45,257.59,257.59,253.3,4575,stock
2019-03-27,BPCL,257.59,256.16,257.59,254.73,2315,stock
2019-03-28,BPCL,254.02,257.59,257.59,254.02,2907,stock
2019-03-31,BPCL,257.59,254.02,257.59,253.3,5239,stock
2019-04-01,BPCL,254.02,259.02,259.02,253.3,4419,stock
2019-04-02,BPCL,254.73,254.73,259.74,254.73,4045,stock
2019-04-03,BPCL,255.45,258.31,258.31,255.45,2976,stock
2019-04-04,BPCL,254.02,256.16,257.59,253.3,6629,stock
2019-04-07,BPCL,253.3,255.45,258.31,253.3,1681,stock
2019-04-08,BPCL,255.45,257.59,263.32,254.73,3482,stock
2019-04-09,BPCL,252.58,257.59,260.46,256.16,1203,stock
2019-04-10,BPCL,256.16,256.16,257.59,256.16,2522,stock
2019-04-11,BPCL,256.16,257.59,257.59,254.73,2702,stock
2019-04-15,BPCL,254.73,256.88,256.88,254.73,514,stock
2019-04-16,BPCL,257.59,257.59,261.17,256.16,3699,stock
2019-04-17,BPCL,257.59,264.03,270.47,254.02,18524,stock
2019-04-18,BPCL,260.46,260.46,263.32,260.46,2948,stock
2019-04-21,BPCL,258.31,259.02,261.17,258.31,3650,stock
2019-04-22,BPCL,258.31,259.74,264.03,258.31,4071,stock
2019-04-23,BPCL,257.59,257.59,258.31,256.16,1653,stock
2019-04-24,BPCL,253.3,256.16,261.17,253.3,4731,stock
2019-04-25,BPCL,256.16,261.89,266.18,252.58,17470,stock
2019-04-28,BPCL,263.32,272.62,281.21,262.6,15411,stock
2019-04-29,BPCL,276.91,272.62,277.63,264.75,12934,stock
2019-04-30,BPCL,268.33,282.64,292.66,268.33,35326,stock
2019-05-02,BPCL,287.65,279.06,287.65,273.34,9805,stock
2019-05-05,BPCL,274.05,266.18,279.06,266.18,5950,stock
2019-05-06,BPCL,268.33,268.33,269.76,264.75,17231,stock
2019-05-07,BPCL,268.33,271.9,271.9,252.58,52806,stock
2019-05-08,BPCL,266.9,266.9,267.61,261.17,4671,stock
2019-05-09,BPCL,262.6,262.6,266.9,261.89,10525,stock
2019-05-12,BPCL,262.6,265.46,268.33,258.31,4091,stock
2019-05-13,BPCL,266.18,274.05,279.06,262.6,61657,stock
2019-05-14,BPCL,275.48,275.48,283.35,270.47,22697,stock
2019-05-15,BPCL,279.78,277.63,284.07,275.48,23230,stock
2019-05-16,BPCL,282.64,277.63,282.64,274.05,14906,stock
2019-05-19,BPCL,274.77,289.79,299.09,274.77,82547,stock
2019-05-20,BPCL,295.52,306.25,312.69,288.36,105890,stock
2019-05-21,BPCL,307.68,320.56,328.43,304.1,135510,stock
2019-05-22,BPCL,323.42,317.7,326.29,314.12,99027,stock
2019-05-23,BPCL,317.7,303.39,317.7,298.38,49386,stock
2019-05-26,BPCL,309.11,299.09,309.11,298.38,18695,stock
2019-05-27,BPCL,296.95,300.53,306.97,296.95,16358,stock
2019-05-28,BPCL,305.53,300.53,306.25,298.38,17711,stock
2019-05-29,BPCL,300.53,306.97,311.97,300.53,17746,stock
2019-05-30,BPCL,312.69,304.1,318.41,304.1,43409,stock
2019-06-02,BPCL,307.68,297.66,307.68,297.66,13481,stock
2019-06-03,BPCL,294.8,296.23,299.81,294.8,12101,stock
2019-06-04,BPCL,293.37,294.09,299.81,293.37,10618,stock
2019-06-06,BPCL,293.37,291.94,299.81,291.22,12774,stock
2019-06-10,BPCL,293.37,287.65,296.95,287.65,11159,stock
2019-06-11,BPCL,291.94,291.22,292.66,287.65,17095,stock
2019-06-12,BPCL,288.36,289.79,291.22,287.65,4193,stock
2019-06-13,BPCL,291.94,290.51,294.09,286.22,5112,stock
2019-06-16,BPCL,286.22,289.08,291.22,286.22,3207,stock
2019-06-17,BPCL,289.79,290.51,293.37,286.93,4353,stock
2019-06-18,BPCL,290.51,288.36,291.22,287.65,6306,stock
2019-06-19,BPCL,292.66,287.65,293.37,287.65,4995,stock
2019-06-20,BPCL,286.22,290.51,291.22,286.22,6958,stock
2019-06-23,BPCL,296.23,287.65,296.23,283.35,3783,stock
2019-06-24,BPCL,286.22,289.08,290.51,286.22,2561,stock
2019-06-25,BPCL,289.08,289.79,291.94,288.36,5259,stock
2019-06-26,BPCL,286.22,289.08,291.22,286.22,4103,stock
2019-06-27,BPCL,288.36,289.79,289.79,285.5,5956,stock
2019-06-30,BPCL,288.36,282.64,288.36,282.64,6625,stock
2019-07-01,BPCL,286.22,284.07,286.22,281.92,741,stock
2019-07-02,BPCL,286.22,289.79,291.22,283.35,5045,stock
2019-07-03,BPCL,287.65,291.22,292.66,286.93,1793,stock
2019-07-04,BPCL,289.08,286.93,291.22,286.93,4722,stock
2019-07-07,BPCL,289.79,291.94,291.94,288.36,5938,stock
2019-07-08,BPCL,291.94,291.94,291.94,286.93,2533,stock
2019-07-09,BPCL,291.94,293.37,296.23,288.36,7625,stock
2019-07-10,BPCL,293.37,291.22,293.37,291.22,5830,stock
2019-07-11,BPCL,292.66,286.93,292.66,286.22,4618,stock
2019-07-14,BPCL,284.78,286.93,289.08,284.78,2542,stock
2019-07-15,BPCL,293.37,292.66,293.37,284.78,4457,stock
2019-07-16,BPCL,306.97,292.66,306.97,286.22,182,stock
2019-07-17,BPCL,289.79,295.52,296.95,288.36,6919,stock
2019-07-18,BPCL,293.37,294.09,301.24,290.51,6658,stock
2019-07-21,BPCL,296.95,292.66,296.95,286.93,4920,stock
2019-07-22,BPCL,291.22,295.52,295.52,291.22,2161,stock
2019-07-23,BPCL,297.66,291.94,297.66,291.94,1863,stock
2019-07-24,BPCL,294.09,289.79,296.23,289.79,6362,stock
2019-07-25,BPCL,290.51,289.79,296.23,289.79,8605,stock
2019-07-28,BPCL,289.79,289.08,289.79,286.22,3151,stock
2019-07-29,BPCL,293.37,289.08,293.37,287.65,6833,stock
2019-07-30,BPCL,293.37,290.51,294.8,287.65,5687,stock
2019-07-31,BPCL,290.51,290.51,292.66,288.36,7173,stock
2019-08-01,BPCL,294.09,289.08,294.09,288.36,15191,stock
2019-08-04,BPCL,289.08,287.65,289.79,287.65,6207,stock
2019-08-05,BPCL,287.65,286.22,289.79,284.07,7004,stock
2019-08-06,BPCL,286.22,282.64,288.36,282.64,16950,stock
2019-08-07,BPCL,282.64,284.78,289.08,280.49,4670,stock
2019-08-08,BPCL,281.92,281.92,284.78,281.92,4335,stock
2019-08-11,BPCL,281.92,279.06,283.35,277.63,7453,stock
2019-08-12,BPCL,279.06,281.21,281.92,276.91,2380,stock
2019-08-13,BPCL,282.64,279.78,282.64,279.06,6337,stock
2019-08-14,BPCL,280.49,277.63,280.49,276.91,1640,stock
2019-08-15,BPCL,280.49,279.06,281.92,276.2,1915,stock
2019-08-18,BPCL,279.78,276.2,279.78,276.2,1106,stock
2019-08-19,BPCL,277.63,283.35,286.22,275.48,5384,stock
2019-08-20,BPCL,281.21,279.06,281.92,275.48,2453,stock
2019-08-21,BPCL,278.34,280.49,280.49,276.2,958,stock
2019-08-22,BPCL,279.78,274.77,279.78,274.77,5998,stock
2019-08-25,BPCL,273.34,274.05,277.63,273.34,2145,stock
2019-08-26,BPCL,274.05,274.77,274.77,269.76,3693,stock
2019-08-27,BPCL,271.9,280.49,282.64,271.9,3779,stock
2019-08-28,BPCL,282.64,277.63,282.64,272.62,4658,stock
2019-08-29,BPCL,276.2,274.77,277.63,274.05,2365,stock
2019-09-01,BPCL,274.77,271.9,275.48,271.9,2323,stock
2019-09-02,BPCL,271.9,271.9,271.9,259.74,16272,stock
2019-09-03,BPCL,271.9,279.06,281.21,264.75,4978,stock
2019-09-04,BPCL,274.05,271.9,277.63,271.9,7356,stock
2019-09-05,BPCL,268.33,271.9,276.91,268.33,1654,stock
2019-09-08,BPCL,271.9,274.77,274.77,269.76,860,stock
2019-09-09,BPCL,276.2,273.34,276.2,264.03,3194,stock
2019-09-10,BPCL,273.34,269.76,275.48,264.03,3926,stock
2019-09-11,BPCL,270.47,268.33,270.47,265.46,8907,stock
2019-09-12,BPCL,264.75,267.61,268.33,264.75,5129,stock
2019-09-15,BPCL,264.75,262.6,268.33,256.16,11980,stock
2019-09-16,BPCL,275.48,255.45,275.48,252.58,2601,stock
2019-09-17,BPCL,250.44,262.6,266.18,250.44,5774,stock
2019-09-18,BPCL,267.61,268.33,268.33,261.17,3852,stock
2019-09-19,BPCL,270.47,261.89,270.47,259.74,10105,stock
2019-09-22,BPCL,258.31,257.59,261.17,254.73,6962,stock
2019-09-23,BPCL,257.59,259.02,260.46,256.16,1988,stock
2019-09-24,BPCL,254.73,255.45,260.46,254.73,2153,stock
2019-09-26,BPCL,252.58,255.45,255.45,251.87,1285,stock
2019-09-29,BPCL,254.02,256.88,256.88,253.3,1987,stock
2019-09-30,BPCL,254.73,256.16,256.88,254.73,1850,stock
2019-10-01,BPCL,256.16,258.31,259.02,256.16,6566,stock
2019-10-02,BPCL,263.32,254.02,263.32,254.02,2291,stock
2019-10-03,BPCL,254.02,259.02,259.02,254.02,188,stock
2019-10-10,BPCL,259.02,261.17,261.17,258.31,103,stock
2019-10-14,BPCL,256.88,259.74,259.74,253.3,6353,stock
2019-10-15,BPCL,259.74,261.89,263.32,259.02,1415,stock
2019-10-16,BPCL,258.31,259.74,259.74,256.16,2801,stock
2019-10-17,BPCL,255.45,260.46,260.46,255.45,2428,stock
2019-10-20,BPCL,256.16,259.02,260.46,255.45,705,stock
2019-10-21,BPCL,255.45,256.16,257.59,255.45,1744,stock
2019-10-22,BPCL,256.16,261.17,261.17,254.73,1249,stock
2019-10-23,BPCL,261.17,262.6,262.6,256.16,1203,stock
2019-10-24,BPCL,261.17,263.32,264.75,259.74,3953,stock
2019-10-31,BPCL,261.17,262.6,263.32,258.31,10738,stock
2019-11-03,BPCL,258.31,260.46,260.46,255.45,5061,stock
2019-11-04,BPCL,259.74,263.32,263.32,256.16,3596,stock
2019-11-05,BPCL,260.46,264.03,264.03,259.74,1304,stock
2019-11-06,BPCL,263.32,264.75,266.18,259.02,1284,stock
2019-11-07,BPCL,264.75,263.32,264.75,256.16,10335,stock
2019-11-10,BPCL,258.31,255.45,262.6,254.02,5189,stock
2019-11-11,BPCL,254.02,262.6,262.6,254.02,1739,stock
2019-11-12,BPCL,261.17,256.88,264.75,254.02,4479,stock
2019-11-13,BPCL,256.88,256.16,257.59,254.02,3650,stock
2019-11-14,BPCL,256.16,255.45,257.59,254.02,1901,stock
2019-11-17,BPCL,253.3,250.44,253.3,249.72,8784,stock
2019-11-18,BPCL,249.72,252.58,252.58,249.01,1196,stock
2019-11-19,BPCL,248.29,248.29,251.15,248.29,2267,stock
2019-11-20,BPCL,248.29,248.29,251.15,248.29,2925,stock
2019-11-21,BPCL,248.29,248.29,249.01,245.43,3746,stock
2019-11-24,BPCL,246.86,245.43,252.58,244.71,1829,stock
2019-11-25,BPCL,244.71,246.86,249.72,244.71,587,stock
2019-11-26,BPCL,244.71,244.0,245.43,244.0,453,stock
2019-11-27,BPCL,243.28,249.01,249.01,243.28,1332,stock
2019-11-28,BPCL,244.71,246.15,246.86,244.71,1697,stock
2019-12-01,BPCL,244.71,244.71,246.15,243.28,1389,stock
2019-12-02,BPCL,244.71,236.13,245.43,236.13,7279,stock
2019-12-03,BPCL,236.13,238.99,240.42,235.41,6535,stock
2019-12-04,BPCL,243.28,238.99,251.15,238.27,4056,stock
2019-12-05,BPCL,241.85,238.99,242.57,237.56,3538,stock
2019-12-08,BPCL,237.56,245.43,247.58,236.84,6247,stock
2019-12-09,BPCL,244.71,257.59,261.17,244.71,32400,stock
2019-12-10,BPCL,262.6,255.45,262.6,254.73,22305,stock
2019-12-11,BPCL,255.45,257.59,257.59,251.87,11731,stock
2019-12-12,BPCL,257.59,261.89,268.33,252.58,32341,stock
2019-12-15,BPCL,257.59,256.88,258.31,255.45,2224,stock
2019-12-16,BPCL,255.45,253.3,257.59,251.87,5846,stock
2019-12-17,BPCL,251.15,255.45,257.59,251.15,2256,stock
2019-12-18,BPCL,258.31,252.58,258.31,251.87,3098,stock
2019-12-19,BPCL,251.87,255.45,257.59,251.87,5702,stock
2019-12-22,BPCL,254.02,254.73,255.45,252.58,9655,stock
2019-12-23,BPCL,254.73,254.02,255.45,251.87,8955,stock
2019-12-24,BPCL,257.59,251.87,260.46,250.44,80343,stock
2019-12-25,BPCL,247.93,243.21,247.93,240.06,9101,stock
2019-12-26,BPCL,247.93,237.7,247.93,236.91,8548,stock
2019-12-29,BPCL,242.42,238.49,242.42,236.13,4607,stock
2019-12-30,BPCL,236.13,239.28,242.42,236.13,1941,stock
2019-12-31,BPCL,244.0,238.49,244.0,236.13,2446,stock
2020-01-01,BPCL,238.49,237.7,240.06,236.13,3358,stock
2020-01-02,BPCL,237.7,237.7,238.49,236.13,6109,stock
2020-01-05,BPCL,237.7,242.42,244.79,237.7,3361,stock
2020-01-06,BPCL,244.79,242.42,247.15,240.06,5250,stock
2020-01-07,BPCL,241.64,244.0,247.15,241.64,9686,stock
2020-01-08,BPCL,243.21,243.21,244.0,241.64,3209,stock
2020-01-09,BPCL,244.0,243.21,244.0,240.06,11483,stock
2020-01-12,BPCL,244.0,249.51,251.87,244.0,13550,stock
2020-01-13,BPCL,254.23,264.46,269.19,250.3,43912,stock
2020-01-14,BPCL,259.74,258.17,265.25,251.08,10056,stock
2020-01-15,BPCL,258.17,258.95,262.1,255.02,6037,stock
2020-01-16,BPCL,263.68,261.31,263.68,255.02,8907,stock
2020-01-19,BPCL,263.68,267.61,280.2,258.95,28640,stock
2020-01-20,BPCL,267.61,258.17,269.97,258.17,14719,stock
2020-01-21,BPCL,263.68,257.38,263.68,251.87,4586,stock
2020-01-22,BPCL,257.38,255.8,258.17,252.66,4197,stock
2020-01-23,BPCL,252.66,258.17,258.17,251.08,4135,stock
2020-01-26,BPCL,253.44,248.72,262.89,248.72,4164,stock
2020-01-27,BPCL,254.23,253.44,254.23,248.72,5431,stock
2020-01-28,BPCL,253.44,249.51,253.44,249.51,6302,stock
2020-01-29,BPCL,249.51,250.3,252.66,248.72,5052,stock
2020-01-30,BPCL,248.72,254.23,255.8,248.72,6034,stock
2020-02-02,BPCL,252.66,256.59,260.53,252.66,10099,stock
2020-02-03,BPCL,255.02,272.33,277.84,255.02,48478,stock
2020-02-04,BPCL,273.91,261.31,277.84,261.31,20395,stock
2020-02-05,BPCL,261.31,263.68,267.61,261.31,6676,stock
2020-02-06,BPCL,263.68,262.89,265.25,258.95,7414,stock
2020-02-09,BPCL,258.17,257.38,258.95,254.23,10196,stock
2020-02-10,BPCL,262.1,259.74,262.1,253.44,1902,stock
2020-02-11,BPCL,264.46,263.68,275.48,261.31,18492,stock
2020-02-12,BPCL,268.4,264.46,271.55,264.46,20106,stock
2020-02-13,BPCL,269.19,266.04,273.91,263.68,13174,stock
2020-02-16,BPCL,266.82,264.46,266.82,264.46,8810,stock
2020-02-17,BPCL,271.55,275.48,280.2,266.82,61077,stock
2020-02-18,BPCL,278.63,273.12,279.42,267.61,25909,stock
2020-02-19,BPCL,275.48,284.14,284.93,274.7,39456,stock
2020-02-20,BPCL,284.14,311.69,311.69,284.14,40433,stock
2020-02-23,BPCL,316.41,318.77,337.66,309.33,74224,stock
2020-02-24,BPCL,318.77,310.9,323.49,305.39,39083,stock
2020-02-25,BPCL,306.97,317.2,318.77,303.03,41452,stock
2020-02-26,BPCL,321.13,317.2,325.86,316.41,45997,stock
2020-02-27,BPCL,317.99,314.05,321.92,306.97,48106,stock
2020-03-01,BPCL,314.05,311.69,321.13,306.97,37520,stock
2020-03-02,BPCL,306.97,299.09,310.9,299.09,21389,stock
2020-03-03,BPCL,299.09,303.03,305.39,277.06,30654,stock
2020-03-04,BPCL,299.09,286.5,299.09,283.35,24759,stock
2020-03-05,BPCL,285.71,283.35,289.65,278.63,14606,stock
2020-03-10,BPCL,277.84,267.61,278.63,267.61,10952,stock
2020-03-11,BPCL,265.25,277.84,281.78,265.25,13564,stock
2020-03-12,BPCL,283.35,275.48,283.35,271.55,17709,stock
2020-03-15,BPCL,269.97,259.74,271.55,258.17,21930,stock
2020-03-16,BPCL,259.74,261.31,270.76,256.59,10560,stock
2020-03-17,BPCL,259.74,255.8,262.1,255.8,14772,stock
2020-03-18,BPCL,253.44,252.66,264.46,243.21,12417,stock
2020-03-19,BPCL,246.36,256.59,259.74,245.57,15644,stock
2020-03-22,BPCL,252.66,259.74,259.74,251.87,1300,stock
2020-05-12,BPCL,255.02,252.66,255.02,252.66,320,stock
2020-05-13,BPCL,247.93,245.57,247.93,245.57,74,stock
2020-06-30,BPCL,242.42,261.31,261.31,237.7,2361,stock
2020-07-01,BPCL,266.04,287.29,287.29,266.04,2101,stock
2020-07-02,BPCL,292.8,262.89,296.73,262.89,2971,stock
2020-07-05,BPCL,258.17,264.46,275.48,253.44,10368,stock
2020-07-06,BPCL,259.74,271.55,276.27,259.74,5917,stock
2020-07-07,BPCL,275.48,280.99,284.14,273.12,12808,stock
2020-07-08,BPCL,277.06,283.35,287.29,269.19,7859,stock
2020-07-09,BPCL,278.63,280.99,288.86,277.84,16358,stock
2020-07-12,BPCL,286.5,280.2,291.22,277.84,10109,stock
2020-07-13,BPCL,275.48,277.84,280.2,274.7,7854,stock
2020-07-14,BPCL,277.84,280.99,283.35,277.06,8366,stock
2020-07-15,BPCL,281.78,282.57,286.5,279.42,15645,stock
2020-07-16,BPCL,288.08,287.29,289.65,283.35,38990,stock
2020-07-19,BPCL,292.8,298.31,298.31,292.8,20,stock
2020-07-20,BPCL,312.48,294.37,314.84,290.44,20188,stock
2020-07-21,BPCL,299.09,286.5,299.09,255.8,25869,stock
2020-07-22,BPCL,280.99,280.2,288.08,278.63,16550,stock
2020-07-23,BPCL,280.2,281.78,284.93,277.06,11977,stock
2020-07-26,BPCL,281.78,288.86,292.8,281.78,18713,stock
2020-07-27,BPCL,294.37,288.86,294.37,286.5,8208,stock
2020-07-28,BPCL,284.93,286.5,288.86,283.35,9745,stock
2020-07-29,BPCL,280.99,280.2,285.71,279.42,20473,stock
2020-07-30,BPCL,274.7,281.78,285.71,274.7,12071,stock
2020-08-02,BPCL,281.78,276.27,284.14,275.48,15346,stock
2020-08-03,BPCL,271.55,279.42,279.42,271.55,8905,stock
2020-08-05,BPCL,273.91,279.42,279.42,272.33,12116,stock
2020-08-06,BPCL,272.33,275.48,275.48,270.76,6164,stock
2020-08-09,BPCL,271.55,276.27,280.99,269.97,4395,stock
2020-08-10,BPCL,279.42,283.35,283.35,277.06,8708,stock
2020-08-11,BPCL,288.08,281.78,288.08,281.78,3300,stock
2020-08-12,BPCL,280.2,284.93,284.93,280.2,6546,stock
2020-08-13,BPCL,279.42,287.29,299.09,279.42,19372,stock
2020-08-16,BPCL,281.78,286.5,288.86,280.2,14507,stock
2020-08-17,BPCL,286.5,286.5,287.29,283.35,7156,stock
2020-08-18,BPCL,280.99,284.14,287.29,280.99,17907,stock
2020-08-19,BPCL,283.35,281.78,283.35,279.42,6332,stock
2020-08-20,BPCL,277.06,283.35,284.14,277.06,3036,stock
2020-08-23,BPCL,280.2,283.35,284.93,279.42,7955,stock
2020-08-24,BPCL,297.52,285.71,297.52,283.35,14215,stock
2020-08-25,BPCL,287.29,286.5,288.86,284.93,11682,stock
2020-08-26,BPCL,285.71,291.22,292.8,284.93,23258,stock
2020-08-27,BPCL,305.39,288.08,305.39,287.29,17343,stock
2020-08-30,BPCL,288.08,288.08,288.08,284.14,5080,stock
2020-08-31,BPCL,288.08,298.31,300.67,286.5,39647,stock
2020-09-02,BPCL,303.03,314.05,317.99,294.37,85388,stock
2020-09-03,BPCL,321.92,301.46,326.64,297.52,67715,stock
2020-09-06,BPCL,306.97,298.31,316.41,296.73,33506,stock
2020-09-07,BPCL,312.48,299.09,312.48,290.44,36820,stock
2020-09-08,BPCL,299.09,306.18,310.11,295.95,24435,stock
2020-09-09,BPCL,307.75,303.82,312.48,303.82,40419,stock
2020-09-10,BPCL,308.54,306.97,311.69,301.46,30677,stock
2020-09-13,BPCL,307.75,309.33,310.9,305.39,39277,stock
2020-09-14,BPCL,324.28,314.84,324.28,307.75,113081,stock
2020-09-15,BPCL,314.84,312.48,318.77,311.69,42188,stock
2020-09-16,BPCL,317.99,317.2,319.56,310.11,60629,stock
2020-09-17,BPCL,318.77,330.58,337.66,314.84,123759,stock
2020-09-20,BPCL,334.51,319.56,338.45,318.77,39196,stock
2020-09-21,BPCL,321.92,318.77,322.71,313.26,49380,stock
2020-09-22,BPCL,321.13,312.48,321.13,311.69,40532,stock
2020-09-23,BPCL,312.48,315.62,317.2,310.9,26635,stock
2020-09-24,BPCL,310.9,318.77,325.07,310.9,62773,stock
2020-09-27,BPCL,320.35,319.56,328.22,318.77,37384,stock
2020-09-28,BPCL,320.35,315.62,324.28,315.62,19179,stock
2020-09-29,BPCL,331.37,319.56,331.37,313.26,39916,stock
2020-09-30,BPCL,315.62,317.2,318.77,314.05,21499,stock
2020-10-01,BPCL,315.62,315.62,320.35,311.69,42918,stock
2020-10-04,BPCL,331.37,315.62,331.37,314.84,18274,stock
2020-10-05,BPCL,316.41,317.99,321.13,314.05,27611,stock
2020-10-06,BPCL,333.73,325.07,333.73,315.62,105324,stock
2020-10-07,BPCL,340.81,332.94,340.81,326.64,185951,stock
2020-10-08,BPCL,332.94,326.64,338.45,324.28,73662,stock
2020-10-11,BPCL,323.49,320.35,327.43,320.35,33301,stock
2020-10-12,BPCL,322.71,320.35,324.28,318.77,33127,stock
2020-10-13,BPCL,326.64,319.56,326.64,316.41,17860,stock
2020-10-14,BPCL,335.3,316.41,335.3,314.84,24829,stock
2020-10-15,BPCL,316.41,315.62,321.92,315.62,9957,stock
2020-10-18,BPCL,314.84,314.84,315.62,310.9,13567,stock
2020-10-19,BPCL,314.84,319.56,319.56,313.26,5936,stock
2020-10-20,BPCL,319.56,322.71,323.49,319.56,10809,stock
2020-10-21,BPCL,338.45,322.71,338.45,320.35,15450,stock
2020-10-22,BPCL,338.45,322.71,338.45,320.35,24476,stock
2020-10-28,BPCL,317.2,322.71,326.64,317.2,15823,stock
2020-10-29,BPCL,316.41,325.07,329.0,316.41,25161,stock
2020-11-01,BPCL,340.81,324.28,340.81,323.49,35543,stock
2020-11-02,BPCL,326.64,325.07,332.94,323.49,16009,stock
2020-11-03,BPCL,324.28,325.86,326.64,324.28,15777,stock
2020-11-04,BPCL,327.43,326.64,327.43,324.28,16150,stock
2020-11-05,BPCL,325.86,324.28,326.64,321.13,32935,stock
2020-11-08,BPCL,322.71,325.07,328.22,321.13,31438,stock
2020-11-09,BPCL,322.71,323.49,327.43,322.71,37594,stock
2020-11-10,BPCL,323.49,324.28,325.86,322.71,32577,stock
2020-11-11,BPCL,326.64,325.86,328.22,322.71,30510,stock
2020-11-12,BPCL,330.58,325.86,330.58,323.49,26792,stock
2020-11-18,BPCL,319.56,322.71,325.07,317.99,35148,stock
2020-11-19,BPCL,321.92,325.07,325.86,321.13,39852,stock
2020-11-22,BPCL,325.07,323.49,330.58,320.35,60171,stock
2020-11-23,BPCL,324.28,325.07,326.64,322.71,19950,stock
2020-11-24,BPCL,325.07,337.66,344.75,323.49,124794,stock
2020-11-25,BPCL,321.13,338.45,358.13,321.13,77250,stock
2020-11-26,BPCL,336.88,336.88,348.68,336.88,160526,stock
2020-11-29,BPCL,336.88,341.6,358.13,336.88,110090,stock
2020-11-30,BPCL,344.75,354.19,362.85,344.75,142037,stock
2020-12-01,BPCL,358.91,350.26,364.42,350.26,105227,stock
2020-12-02,BPCL,354.19,354.19,358.91,347.11,127690,stock
2020-12-03,BPCL,361.28,364.42,377.02,354.19,238817,stock
2020-12-06,BPCL,364.42,354.19,371.51,353.4,140496,stock
2020-12-07,BPCL,354.19,362.06,368.36,344.75,62035,stock
2020-12-08,BPCL,365.21,366.0,376.23,362.06,102890,stock
2020-12-09,BPCL,366.0,354.98,368.36,354.19,50870,stock
2020-12-10,BPCL,350.26,354.19,357.34,349.47,47854,stock
2020-12-13,BPCL,354.19,355.77,361.28,350.26,44494,stock
2020-12-14,BPCL,355.77,357.34,361.28,354.98,48397,stock
2020-12-15,BPCL,354.19,357.34,366.0,354.19,33720,stock
2020-12-16,BPCL,357.34,353.4,362.06,352.62,41778,stock
2020-12-17,BPCL,353.4,351.83,357.34,351.04,28813,stock
2020-12-20,BPCL,358.13,352.62,373.87,347.89,218910,stock
2020-12-21,BPCL,354.19,356.55,364.42,347.11,79751,stock
2020-12-22,BPCL,360.49,356.55,362.06,354.19,90248,stock
2020-12-23,BPCL,362.06,355.77,369.15,353.4,50632,stock
2020-12-24,BPCL,355.77,350.26,358.13,349.47,52117,stock
2020-12-27,BPCL,356.55,350.26,356.55,348.68,31458,stock
2020-12-28,BPCL,349.47,346.32,351.04,345.53,44910,stock
2020-12-29,BPCL,363.64,345.53,363.64,344.75,25445,stock
2020-12-30,BPCL,338.45,344.75,351.04,338.45,44184,stock
2020-12-31,BPCL,346.32,350.26,352.62,346.32,137976,stock
2021-01-03,BPCL,349.78,342.86,349.78,339.39,53682,stock
2021-01-04,BPCL,345.45,345.45,348.92,344.59,53885,stock
2021-01-05,BPCL,345.45,344.59,349.78,339.39,40196,stock
2021-01-06,BPCL,347.19,344.59,350.65,342.86,29686,stock
2021-01-07,BPCL,343.72,342.86,346.32,342.86,34753,stock
2021-01-10,BPCL,342.86,343.72,348.92,341.13,45545,stock
2021-01-11,BPCL,348.92,348.05,352.38,345.45,44690,stock
2021-01-12,BPCL,349.78,348.92,350.65,348.05,28558,stock
2021-01-13,BPCL,332.47,355.84,357.58,332.47,41770,stock
2021-01-17,BPCL,373.16,350.65,373.16,349.78,39632,stock
2021-01-18,BPCL,351.52,348.92,353.25,348.05,40180,stock
2021-01-19,BPCL,351.52,345.45,351.52,344.59,36635,stock
2021-01-20,BPCL,329.0,348.05,354.11,329.0,65644,stock
2021-01-21,BPCL,353.25,348.05,353.25,345.45,34537,stock
2021-01-24,BPCL,352.38,351.52,357.58,350.65,81769,stock
2021-01-25,BPCL,353.25,352.38,357.58,349.78,50293,stock
2021-01-26,BPCL,352.38,350.65,357.58,348.92,39722,stock
2021-01-27,BPCL,348.92,350.65,354.98,348.92,32455,stock
2021-01-28,BPCL,353.25,346.32,354.98,344.59,42658,stock
2021-01-31,BPCL,340.26,340.26,347.19,338.53,36126,stock
2021-02-01,BPCL,346.32,344.59,347.19,343.72,18877,stock
2021-02-02,BPCL,350.65,347.19,350.65,343.72,54608,stock
2021-02-03,BPCL,349.78,360.17,379.22,346.32,139813,stock
2021-02-04,BPCL,360.17,361.9,363.64,356.71,56246,stock
2021-02-07,BPCL,361.9,380.09,387.88,361.9,226859,stock
2021-02-08,BPCL,387.01,378.35,393.94,374.03,99735,stock
2021-02-09,BPCL,396.54,367.97,396.54,365.37,32820,stock
2021-02-10,BPCL,361.04,357.58,362.77,346.32,127603,stock
2021-02-11,BPCL,354.11,352.38,358.44,349.78,69935,stock
2021-02-14,BPCL,347.19,350.65,357.58,345.45,55818,stock
2021-02-15,BPCL,354.98,354.98,357.58,351.52,58173,stock
2021-02-16,BPCL,361.04,349.78,361.04,347.19,59908,stock
2021-02-17,BPCL,349.78,349.78,352.38,348.05,47675,stock
2021-02-18,BPCL,349.78,349.78,351.52,348.05,34879,stock
2021-02-21,BPCL,367.1,352.38,367.1,348.05,58361,stock
2021-02-22,BPCL,354.98,349.78,358.44,339.39,107200,stock
2021-02-23,BPCL,367.1,348.05,367.1,345.45,49004,stock
2021-02-24,BPCL,365.37,349.78,365.37,338.53,48575,stock
2021-02-25,BPCL,354.98,346.32,354.98,346.32,29632,stock
2021-02-28,BPCL,350.65,341.13,350.65,340.26,42617,stock
2021-03-01,BPCL,337.66,343.72,348.05,337.66,24846,stock
2021-03-02,BPCL,343.72,341.13,346.32,339.39,36994,stock
2021-03-03,BPCL,339.39,335.06,341.99,335.06,37667,stock
2021-03-04,BPCL,340.26,346.32,346.32,336.8,42349,stock
2021-03-08,BPCL,340.26,346.32,356.71,340.26,23884,stock
2021-03-09,BPCL,340.26,341.13,344.59,339.39,13960,stock
2021-03-10,BPCL,341.13,339.39,345.45,339.39,14977,stock
2021-03-14,BPCL,339.39,337.66,342.86,336.8,18671,stock
2021-03-15,BPCL,336.8,335.93,340.26,335.06,26208,stock
2021-03-16,BPCL,335.06,335.93,340.26,334.2,14073,stock
2021-03-17,BPCL,334.2,336.8,341.13,331.6,11690,stock
2021-03-18,BPCL,353.25,339.39,353.25,338.53,15459,stock
2021-03-21,BPCL,355.84,340.26,355.84,335.93,20878,stock
2021-03-22,BPCL,340.26,342.86,346.32,339.39,22486,stock
2021-03-23,BPCL,342.86,350.65,357.58,342.86,118024,stock
2021-03-24,BPCL,354.98,353.25,360.17,350.65,70113,stock
2021-03-25,BPCL,353.25,352.38,359.31,348.05,50104,stock
2021-03-29,BPCL,350.65,349.78,354.11,343.72,35405,stock
2021-03-30,BPCL,333.33,349.78,356.71,333.33,29497,stock
2021-03-31,BPCL,354.11,349.78,354.98,348.92,25733,stock
2021-04-01,BPCL,354.98,352.38,355.84,348.92,55960,stock
2021-04-04,BPCL,351.52,354.98,358.44,351.52,60108,stock
2021-04-05,BPCL,359.31,354.11,359.31,350.65,37712,stock
2021-04-06,BPCL,359.31,387.01,388.74,349.78,367903,stock
2021-04-07,BPCL,398.27,374.03,402.6,371.43,134150,stock
2021-04-08,BPCL,369.7,365.37,373.16,363.64,72559,stock
2021-04-12,BPCL,363.64,363.64,369.7,356.71,53440,stock
2021-04-13,BPCL,363.64,367.97,370.56,360.17,50957,stock
2021-04-15,BPCL,363.64,369.7,373.16,363.64,45025,stock
2021-04-18,BPCL,372.29,366.23,372.29,362.77,46840,stock
2021-04-19,BPCL,362.77,362.77,369.7,361.04,37100,stock
2021-04-20,BPCL,359.31,363.64,367.97,359.31,28046,stock
2021-04-21,BPCL,360.17,361.04,367.97,357.58,34936,stock
2021-04-22,BPCL,355.84,362.77,366.23,355.84,45815,stock
2021-04-25,BPCL,363.64,353.25,363.64,351.52,44594,stock
2021-04-26,BPCL,346.32,344.59,357.58,343.72,50711,stock
2021-04-27,BPCL,344.59,354.11,354.11,344.59,25453,stock
2021-04-28,BPCL,350.65,350.65,354.98,346.32,34864,stock
2021-04-29,BPCL,343.72,355.84,357.58,343.72,34239,stock
2021-05-02,BPCL,373.16,368.83,379.22,359.31,129267,stock
2021-05-03,BPCL,350.65,367.97,378.35,350.65,73222,stock
2021-05-04,BPCL,367.97,366.23,368.83,361.9,27141,stock
2021-05-05,BPCL,373.16,365.37,373.16,361.9,23625,stock
2021-05-06,BPCL,364.5,361.04,366.23,359.31,51624,stock
2021-05-09,BPCL,358.44,358.44,361.04,356.71,30710,stock
2021-05-10,BPCL,361.9,358.44,361.9,354.98,17651,stock
2021-05-11,BPCL,354.98,360.17,366.23,353.25,123321,stock
2021-05-12,BPCL,363.64,357.58,365.37,357.58,59327,stock
2021-05-13,BPCL,357.58,361.04,362.77,356.71,62439,stock
2021-05-16,BPCL,365.37,367.1,371.43,362.77,112208,stock
2021-05-17,BPCL,384.42,369.7,384.42,364.5,66624,stock
2021-05-18,BPCL,387.88,406.06,406.06,369.7,431480,stock
2021-05-19,BPCL,425.97,393.07,425.97,385.28,314999,stock
2021-05-20,BPCL,389.61,395.67,410.39,381.82,158192,stock
2021-05-23,BPCL,389.61,394.81,399.13,378.35,111064,stock
2021-05-24,BPCL,402.6,403.46,411.26,398.27,171888,stock
2021-05-25,BPCL,401.73,414.72,415.58,400.0,226789,stock
2021-05-27,BPCL,414.72,455.41,455.41,414.72,502918,stock
2021-05-30,BPCL,476.19,483.12,500.43,458.87,730116,stock
2021-05-31,BPCL,484.85,449.35,494.37,445.89,441099,stock
2021-06-01,BPCL,432.9,445.89,466.67,432.9,174019,stock
2021-06-02,BPCL,445.89,467.53,473.59,445.89,198193,stock
2021-06-03,BPCL,490.91,454.55,490.91,451.95,202203,stock
2021-06-06,BPCL,454.55,447.62,461.47,443.29,124851,stock
2021-06-07,BPCL,469.26,450.22,469.26,445.89,166792,stock
2021-06-08,BPCL,472.73,453.68,472.73,450.22,133968,stock
2021-06-09,BPCL,476.19,455.41,476.19,448.48,105328,stock
2021-06-10,BPCL,476.19,466.67,476.19,453.68,166560,stock
2021-06-13,BPCL,461.47,486.58,497.84,461.47,292609,stock
2021-06-14,BPCL,510.82,477.06,510.82,464.94,200607,stock
2021-06-15,BPCL,486.58,464.94,486.58,461.47,107917,stock
2021-06-16,BPCL,464.94,450.22,472.73,442.42,132434,stock
2021-06-17,BPCL,450.22,461.47,472.73,441.56,202682,stock
2021-06-20,BPCL,467.53,448.48,471.0,443.29,77201,stock
2021-06-21,BPCL,446.75,425.11,451.95,424.24,121491,stock
2021-06-22,BPCL,425.97,444.16,451.08,420.78,91086,stock
2021-06-23,BPCL,448.48,436.36,456.28,432.03,67660,stock
2021-06-24,BPCL,436.36,432.03,445.02,426.84,63254,stock
2021-06-27,BPCL,452.81,454.55,474.46,440.69,243182,stock
2021-06-28,BPCL,477.06,445.02,477.06,443.29,79810,stock
2021-06-29,BPCL,453.68,437.23,453.68,434.63,51414,stock
2021-06-30,BPCL,432.9,432.9,437.23,425.97,52559,stock
2021-07-01,BPCL,441.56,448.48,454.55,430.3,328552,stock
2021-07-04,BPCL,457.14,446.75,457.14,445.02,76293,stock
2021-07-05,BPCL,446.75,438.1,451.08,436.36,57468,stock
2021-07-06,BPCL,437.23,436.36,445.89,429.44,55996,stock
2021-07-07,BPCL,437.23,430.3,437.23,429.44,38652,stock
2021-07-08,BPCL,427.71,431.17,432.9,427.71,43995,stock
2021-07-11,BPCL,431.17,440.69,444.16,431.17,58024,stock
2021-07-12,BPCL,445.89,432.9,450.22,431.17,133367,stock
2021-07-13,BPCL,432.9,432.9,441.56,432.03,44191,stock
2021-07-14,BPCL,438.1,435.5,440.69,429.44,49990,stock
2021-07-15,BPCL,444.16,438.1,449.35,436.36,68276,stock
2021-07-18,BPCL,445.89,446.75,452.81,442.42,63271,stock
2021-07-19,BPCL,446.75,450.22,458.87,446.75,88950,stock
2021-07-20,BPCL,454.55,451.17,458.87,447.62,66471,stock
2021-07-22,BPCL,458.01,457.14,461.73,452.81,109542,stock
2021-07-25,BPCL,464.94,455.41,465.8,454.55,93378,stock
2021-07-26,BPCL,456.28,463.98,467.53,456.28,113675,stock
2021-07-27,BPCL,467.53,483.12,493.51,463.2,254827,stock
2021-07-28,BPCL,492.73,481.39,510.82,477.92,198300,stock
2021-07-29,BPCL,490.91,475.32,490.91,469.7,72848,stock
2021-08-01,BPCL,480.52,484.85,491.77,476.19,130509,stock
2021-08-02,BPCL,489.18,487.45,502.16,484.85,155625,stock
2021-08-03,BPCL,496.1,487.45,496.1,477.92,74994,stock
2021-08-04,BPCL,493.51,510.74,524.68,493.51,356647,stock
2021-08-05,BPCL,519.48,531.6,545.45,508.23,422333,stock
2021-08-08,BPCL,541.99,579.22,583.55,534.2,589078,stock
2021-08-09,BPCL,588.74,587.88,608.66,576.97,432621,stock
2021-08-10,BPCL,588.74,564.59,590.48,562.77,300186,stock
2021-08-11,BPCL,563.64,571.43,590.48,558.44,221225,stock
2021-08-12,BPCL,571.43,567.1,582.68,559.31,199936,stock
2021-08-15,BPCL,567.1,536.8,567.1,510.82,368178,stock
2021-08-16,BPCL,541.13,538.53,547.19,526.41,111691,stock
2021-08-17,BPCL,539.39,548.92,571.43,539.39,157914,stock
2021-08-18,BPCL,559.83,549.78,571.43,544.59,205062,stock
2021-08-19,BPCL,551.52,535.06,562.77,533.33,155348,stock
2021-08-24,BPCL,528.14,511.69,528.14,510.82,152951,stock
2021-08-25,BPCL,502.68,508.23,538.53,489.18,133244,stock
2021-08-26,BPCL,518.35,540.26,546.58,514.29,151603,stock
2021-08-29,BPCL,551.0,528.14,554.11,523.81,98109,stock
2021-08-31,BPCL,523.81,509.09,533.33,505.63,111437,stock
2021-09-01,BPCL,518.61,509.09,524.68,506.49,70904,stock
2021-09-02,BPCL,509.09,497.84,517.75,489.18,81151,stock
2021-09-05,BPCL,497.84,463.2,497.84,449.35,116321,stock
2021-09-06,BPCL,467.53,508.23,509.52,454.55,127873,stock
2021-09-07,BPCL,516.02,497.84,517.75,488.23,60078,stock
2021-09-08,BPCL,489.18,482.25,497.66,477.06,46876,stock
2021-09-09,BPCL,483.12,480.43,489.18,476.19,47404,stock
2021-09-12,BPCL,489.96,512.55,515.67,489.18,113645,stock
2021-09-13,BPCL,517.75,505.63,528.14,502.16,59704,stock
2021-09-14,BPCL,515.15,496.62,515.15,496.1,36227,stock
2021-09-15,BPCL,493.51,488.31,502.16,486.58,43331,stock
2021-09-16,BPCL,498.01,470.82,498.01,463.2,84202,stock
2021-09-20,BPCL,461.47,441.56,477.06,441.56,85027,stock
2021-09-21,BPCL,432.9,439.83,465.8,418.18,66337,stock
2021-09-22,BPCL,441.56,464.94,467.53,441.56,53394,stock
2021-09-23,BPCL,468.4,460.61,476.19,458.01,37632,stock
2021-09-26,BPCL,460.61,442.42,463.2,442.42,29573,stock
2021-09-27,BPCL,451.26,433.16,463.2,432.9,56754,stock
2021-09-28,BPCL,433.77,413.42,439.83,411.26,55802,stock
2021-09-29,BPCL,411.26,432.9,436.36,400.87,42547,stock
2021-09-30,BPCL,432.9,424.24,441.56,422.6,26440,stock
2021-10-03,BPCL,430.3,413.85,430.3,409.87,38253,stock
2021-10-04,BPCL,406.93,404.33,413.85,398.27,27042,stock
2021-10-05,BPCL,411.26,415.58,415.58,402.6,27291,stock
2021-10-06,BPCL,423.38,425.11,427.27,418.18,21252,stock
2021-10-10,BPCL,432.9,432.9,443.46,429.35,21097,stock
2021-10-11,BPCL,432.9,434.63,441.56,424.24,10656,stock
2021-10-17,BPCL,425.97,432.9,440.69,425.97,5552,stock
2021-10-18,BPCL,426.84,420.0,430.3,420.0,17713,stock
2021-10-19,BPCL,413.85,400.87,416.45,397.4,38258,stock
2021-10-20,BPCL,408.83,409.52,425.97,408.66,17791,stock
2021-10-21,BPCL,415.58,403.46,419.91,402.6,12821,stock
2021-10-24,BPCL,398.27,406.93,409.52,398.27,15667,stock
2021-10-25,BPCL,414.63,431.17,438.96,414.63,32633,stock
2021-10-26,BPCL,439.74,448.48,454.37,438.1,36513,stock
2021-10-27,BPCL,450.22,448.14,458.87,437.23,34188,stock
2021-10-28,BPCL,448.14,446.75,451.08,441.56,36776,stock
2021-10-31,BPCL,450.22,470.13,471.86,441.56,56299,stock
2021-11-01,BPCL,476.19,465.8,484.85,462.34,42907,stock
2021-11-02,BPCL,459.74,464.07,467.53,457.14,19068,stock
2021-11-03,BPCL,472.73,459.05,472.73,459.05,38515,stock
2021-11-08,BPCL,468.23,464.07,472.73,462.34,31565,stock
2021-11-09,BPCL,464.16,445.89,465.8,442.42,33296,stock
2021-11-11,BPCL,447.62,430.3,447.62,429.44,39845,stock
2021-11-14,BPCL,430.3,434.63,444.16,430.3,20187,stock
2021-11-15,BPCL,434.63,438.1,445.89,434.63,19317,stock
2021-11-16,BPCL,438.1,449.35,451.08,437.23,23969,stock
2021-11-17,BPCL,458.01,450.22,466.67,450.22,24779,stock
2021-11-18,BPCL,441.56,441.56,456.28,441.56,21435,stock
2021-11-21,BPCL,445.89,445.89,450.22,437.4,9125,stock
2021-11-22,BPCL,446.75,443.29,450.22,440.69,12563,stock
2021-11-23,BPCL,444.16,431.17,444.16,428.57,28559,stock
2021-11-24,BPCL,429.44,437.23,437.23,422.77,19888,stock
2021-11-25,BPCL,437.23,432.9,441.47,430.39,12903,stock
2021-11-28,BPCL,425.11,419.91,428.57,416.45,23936,stock
2021-11-29,BPCL,419.91,419.83,425.11,414.72,8273,stock
2021-11-30,BPCL,424.24,419.05,426.84,414.72,13510,stock
2021-12-01,BPCL,420.09,415.76,424.24,415.76,18662,stock
2021-12-02,BPCL,417.32,412.12,423.98,411.26,22515,stock
2021-12-05,BPCL,415.58,398.27,419.05,395.76,25478,stock
2021-12-06,BPCL,393.94,408.66,410.39,377.49,33393,stock
2021-12-07,BPCL,415.41,400.87,415.58,400.87,12075,stock
2021-12-08,BPCL,399.65,385.28,402.6,383.46,18406,stock
2021-12-09,BPCL,380.09,385.28,387.62,375.76,15036,stock
2021-12-12,BPCL,380.95,372.29,392.21,371.69,26411,stock
2021-12-13,BPCL,365.37,354.11,365.37,344.59,29900,stock
2021-12-14,BPCL,361.13,379.74,379.74,356.71,13983,stock
2021-12-15,BPCL,387.01,400.78,417.66,385.28,74933,stock
2021-12-16,BPCL,402.6,398.27,406.93,396.54,27424,stock
2021-12-20,BPCL,405.19,390.48,406.06,389.26,19440,stock
2021-12-21,BPCL,393.07,396.54,397.4,390.56,8570,stock
2021-12-22,BPCL,404.42,406.93,410.39,396.54,35034,stock
2021-12-23,BPCL,414.72,417.84,431.17,407.79,58628,stock
2021-12-26,BPCL,417.14,411.43,417.14,409.52,37420,stock
2021-12-27,BPCL,409.52,396.19,409.52,396.19,24642,stock
2021-12-28,BPCL,396.19,389.62,396.19,388.29,18752,stock
2021-12-29,BPCL,397.14,395.24,397.33,388.57,20136,stock
2022-01-02,BPCL,395.24,395.24,396.19,390.48,10830,stock
2022-01-03,BPCL,395.24,398.1,399.9,394.29,13872,stock
2022-01-04,BPCL,392.38,403.81,404.76,390.48,15929,stock
2022-01-05,BPCL,409.52,404.76,423.81,401.33,25832,stock
2022-01-06,BPCL,400.0,410.38,412.38,400.0,13157,stock
2022-01-09,BPCL,418.1,429.52,431.43,410.48,47660,stock
2022-01-10,BPCL,433.33,428.1,441.9,423.81,38615,stock
2022-01-11,BPCL,428.57,435.24,464.76,424.76,31544,stock
2022-01-12,BPCL,438.1,432.38,452.29,428.57,32648,stock
2022-01-13,BPCL,435.24,437.14,442.86,426.67,24014,stock
2022-01-16,BPCL,437.14,456.19,461.9,445.71,46913,stock
2022-01-17,BPCL,458.1,453.33,458.1,443.81,31568,stock
2022-01-18,BPCL,461.9,450.48,462.38,439.05,28469,stock
2022-01-19,BPCL,451.43,438.1,451.43,438.1,25754,stock
2022-01-20,BPCL,438.1,442.86,443.81,430.48,19267,stock
2022-01-23,BPCL,451.43,437.14,451.43,429.52,30667,stock
2022-01-24,BPCL,428.57,416.19,433.33,415.24,54678,stock
2022-01-25,BPCL,409.52,414.29,428.57,405.71,26212,stock
2022-01-26,BPCL,410.0,406.19,417.14,406.19,31305,stock
2022-01-27,BPCL,409.52,405.71,417.14,404.95,20457,stock
2022-01-30,BPCL,413.81,428.57,428.57,413.81,28859,stock
2022-01-31,BPCL,433.33,419.05,440.0,415.43,21078,stock
2022-02-01,BPCL,420.95,432.38,435.14,417.14,30293,stock
2022-02-03,BPCL,440.95,438.76,450.48,438.1,54529,stock
2022-02-06,BPCL,433.33,438.1,445.71,433.33,38775,stock
2022-02-07,BPCL,438.1,434.29,442.86,433.52,19615,stock
2022-02-08,BPCL,442.95,435.24,450.48,433.33,26186,stock
2022-02-09,BPCL,426.67,423.81,433.33,422.95,13824,stock
2022-02-10,BPCL,431.43,418.1,431.43,413.52,17098,stock
2022-02-13,BPCL,419.05,404.76,419.05,403.81,31166,stock
2022-02-14,BPCL,400.0,406.67,412.29,400.0,17103,stock
2022-02-15,BPCL,409.52,414.29,417.14,401.9,28269,stock
2022-02-16,BPCL,422.57,408.57,422.57,408.1,13235,stock
2022-02-17,BPCL,414.29,408.67,414.29,405.71,6150,stock
2022-02-20,BPCL,406.67,407.43,409.52,391.43,19040,stock
2022-02-21,BPCL,409.52,417.62,427.9,402.57,59864,stock
2022-02-22,BPCL,424.57,418.1,425.71,416.76,15520,stock
2022-02-23,BPCL,426.38,416.19,426.38,414.38,16537,stock
2022-02-24,BPCL,411.43,404.76,416.1,404.76,30993,stock
2022-02-27,BPCL,404.76,410.48,414.29,400.0,30306,stock
2022-02-28,BPCL,418.67,404.76,426.95,403.81,39974,stock
2022-03-02,BPCL,404.76,390.48,404.76,390.48,24331,stock
2022-03-06,BPCL,385.71,386.0,396.19,383.81,17391,stock
2022-03-07,BPCL,386.0,385.71,393.33,384.76,11115,stock
2022-03-09,BPCL,386.57,380.0,386.67,378.1,20925,stock
2022-03-10,BPCL,380.95,390.48,391.33,376.19,14990,stock
2022-03-13,BPCL,392.38,400.95,405.71,392.38,21017,stock
2022-03-14,BPCL,404.76,399.05,404.76,395.24,3889,stock
2022-03-15,BPCL,404.67,392.38,404.67,391.43,18574,stock
2022-03-16,BPCL,395.24,395.24,406.0,388.57,15263,stock
2022-03-20,BPCL,395.24,390.48,400.0,387.62,10169,stock
2022-03-21,BPCL,390.48,397.14,399.05,388.86,11603,stock
2022-03-22,BPCL,403.81,395.71,403.81,395.24,14112,stock
2022-03-23,BPCL,400.0,391.43,400.0,390.48,6597,stock
2022-03-24,BPCL,395.24,390.48,395.24,388.57,21917,stock
2022-03-27,BPCL,397.14,382.86,397.14,382.0,13809,stock
2022-03-28,BPCL,385.71,381.24,385.71,379.05,15604,stock
2022-03-29,BPCL,384.76,381.9,385.71,379.05,16129,stock
2022-03-30,BPCL,380.95,386.67,387.62,380.0,7822,stock
2022-03-31,BPCL,393.33,381.9,393.33,381.14,7312,stock
2022-04-03,BPCL,380.95,378.1,380.95,377.14,7806,stock
2022-04-04,BPCL,379.05,376.19,380.0,368.76,12918,stock
2022-04-05,BPCL,378.29,368.57,378.29,366.67,21031,stock
2022-04-06,BPCL,366.67,360.95,369.52,355.24,36420,stock
2022-04-07,BPCL,360.1,365.71,366.67,358.57,12595,stock
2022-04-11,BPCL,372.95,357.24,376.19,357.14,16790,stock
2022-04-12,BPCL,353.33,354.29,360.95,348.67,14951,stock
2022-04-13,BPCL,357.14,358.1,364.1,347.62,10552,stock
2022-04-17,BPCL,365.24,359.05,368.57,357.24,7540,stock
2022-04-18,BPCL,352.38,355.14,360.0,352.38,7937,stock
2022-04-19,BPCL,360.0,353.33,361.9,345.71,8495,stock
2022-04-20,BPCL,349.52,349.62,356.48,349.52,10502,stock
2022-04-21,BPCL,347.62,348.57,351.43,345.71,9966,stock
2022-04-24,BPCL,355.52,366.67,373.33,350.48,13107,stock
2022-04-25,BPCL,373.33,361.9,374.29,361.9,13599,stock
2022-04-26,BPCL,361.9,360.0,367.62,358.1,5707,stock
2022-04-27,BPCL,361.81,360.95,363.81,353.33,2919,stock
2022-04-28,BPCL,357.14,358.57,361.9,357.14,5862,stock
2022-05-02,BPCL,352.38,351.43,356.57,348.57,6490,stock
2022-05-04,BPCL,348.57,346.67,352.38,342.86,13628,stock
2022-05-05,BPCL,342.86,341.9,350.48,340.67,8460,stock
2022-05-08,BPCL,341.9,343.81,343.81,336.29,7238,stock
2022-05-09,BPCL,343.81,349.62,353.62,342.86,11794,stock
2022-05-10,BPCL,347.52,355.05,357.14,340.67,13987,stock
2022-05-11,BPCL,361.9,366.67,366.67,354.29,10779,stock
2022-05-12,BPCL,367.05,360.95,374.0,360.95,11266,stock
2022-05-17,BPCL,360.95,350.19,360.95,347.62,6301,stock
2022-05-18,BPCL,344.0,350.57,352.38,342.86,14569,stock
2022-05-19,BPCL,356.19,346.67,361.9,346.67,7307,stock
2022-05-20,BPCL,352.38,348.57,352.38,346.67,3529,stock
2022-05-23,BPCL,343.14,338.1,348.57,338.1,9872,stock
2022-05-24,BPCL,342.86,341.9,347.62,338.19,9031,stock
2022-05-25,BPCL,339.05,344.38,357.62,339.05,7770,stock
2022-05-26,BPCL,341.9,347.62,355.24,340.95,7721,stock
2022-05-27,BPCL,343.81,345.71,348.57,343.81,6336,stock
2022-05-30,BPCL,345.71,340.48,347.62,339.14,4413,stock
2022-05-31,BPCL,335.24,334.29,342.86,331.43,16301,stock
2022-06-01,BPCL,340.95,333.33,340.95,331.43,4212,stock
2022-06-02,BPCL,334.29,329.52,340.0,327.62,13417,stock
2022-06-03,BPCL,325.81,321.14,330.48,320.0,14760,stock
2022-06-06,BPCL,321.9,320.0,332.38,315.52,10879,stock
2022-06-07,BPCL,316.19,311.9,323.81,310.48,11160,stock
2022-06-08,BPCL,309.52,324.76,327.14,305.9,6696,stock
2022-06-09,BPCL,321.9,321.9,333.33,320.38,8680,stock
2022-06-10,BPCL,328.29,318.1,328.29,310.95,5813,stock
2022-06-13,BPCL,317.14,314.29,319.05,313.33,4493,stock
2022-06-14,BPCL,310.95,309.52,312.38,308.0,6779,stock
2022-06-15,BPCL,307.62,299.52,308.57,299.05,16684,stock
2022-06-16,BPCL,299.05,303.81,314.29,298.1,4411,stock
2022-06-17,BPCL,302.86,302.95,309.81,302.86,2338,stock
2022-06-19,BPCL,300.1,295.24,300.1,295.24,6831,stock
2022-06-20,BPCL,295.24,286.29,295.24,285.71,17619,stock
2022-06-21,BPCL,281.14,294.29,305.71,281.14,8163,stock
2022-06-22,BPCL,295.24,291.43,295.24,285.71,6637,stock
2022-06-23,BPCL,285.81,284.29,289.52,283.81,10631,stock
2022-06-24,BPCL,285.71,286.67,294.29,280.0,6293,stock
2022-06-26,BPCL,292.38,307.52,307.52,291.43,17277,stock
2022-06-27,BPCL,308.1,298.1,320.38,298.1,13860,stock
2022-06-28,BPCL,297.14,292.86,300.0,292.38,3756,stock
2022-06-29,BPCL,298.0,299.05,303.81,294.29,7922,stock
2022-06-30,BPCL,300.0,312.38,313.71,300.0,11952,stock
2022-07-01,BPCL,312.38,308.57,316.95,307.62,6955,stock
2022-07-03,BPCL,309.52,317.14,325.24,305.71,13237,stock
2022-07-04,BPCL,322.76,317.62,329.52,317.62,28274,stock
2022-07-05,BPCL,311.43,309.52,326.67,307.62,7425,stock
2022-07-06,BPCL,307.62,311.62,314.29,303.43,10846,stock
2022-07-07,BPCL,317.81,311.43,321.9,308.76,5729,stock
2022-07-08,BPCL,308.57,305.71,311.43,302.86,15391,stock
2022-07-11,BPCL,300.0,292.48,304.76,292.38,24489,stock
2022-07-12,BPCL,295.24,292.38,300.86,285.71,20194,stock
2022-07-13,BPCL,298.1,304.57,304.57,293.33,11012,stock
2022-07-14,BPCL,310.48,304.76,316.1,302.86,6334,stock
2022-07-15,BPCL,309.52,306.67,309.52,304.76,2881,stock
2022-07-17,BPCL,312.38,306.67,312.57,305.71,3873,stock
2022-07-18,BPCL,304.76,310.48,312.38,300.95,6131,stock
2022-07-19,BPCL,314.29,311.52,316.19,309.52,15770,stock
2022-07-20,BPCL,311.43,313.33,315.62,302.86,5697,stock
2022-07-21,BPCL,313.33,308.57,316.0,307.62,10200,stock
2022-07-22,BPCL,304.76,302.86,306.67,302.0,5655,stock
2022-07-24,BPCL,308.57,313.33,313.33,305.24,11875,stock
2022-07-25,BPCL,314.29,322.86,325.71,314.29,23361,stock
2022-07-26,BPCL,323.81,313.33,325.71,312.38,23127,stock
2022-07-27,BPCL,313.33,321.9,323.71,307.43,13809,stock
2022-07-28,BPCL,325.71,320.0,329.33,319.05,18439,stock
2022-07-29,BPCL,321.9,320.0,323.81,320.0,10415,stock
2022-07-31,BPCL,320.0,330.38,331.43,319.05,18703,stock
2022-08-01,BPCL,336.67,353.33,359.05,330.0,70628,stock
2022-08-02,BPCL,357.14,350.38,357.14,346.86,22063,stock
2022-08-03,BPCL,345.9,349.52,357.14,345.71,28702,stock
2022-08-04,BPCL,354.29,337.62,354.29,337.14,25084,stock
2022-08-05,BPCL,331.05,329.52,336.19,324.95,17371,stock
2022-08-07,BPCL,324.0,336.19,337.14,324.0,24560,stock
2022-08-08,BPCL,342.86,331.52,349.43,331.43,27225,stock
2022-08-09,BPCL,325.81,318.86,333.33,318.57,18351,stock
2022-08-10,BPCL,320.0,321.9,322.76,313.81,10701,stock
2022-08-11,BPCL,321.9,315.52,326.19,314.29,11863,stock
2022-08-14,BPCL,309.52,303.71,310.48,302.48,20701,stock
2022-08-15,BPCL,302.86,312.38,314.29,297.81,30748,stock
2022-08-16,BPCL,318.57,307.62,318.57,306.29,9932,stock
2022-08-17,BPCL,309.52,305.71,311.43,303.33,6737,stock
2022-08-18,BPCL,305.71,313.33,316.19,303.81,16057,stock
2022-08-21,BPCL,316.19,321.9,331.9,314.29,22649,stock
2022-08-22,BPCL,320.95,316.19,320.95,313.33,11386,stock
2022-08-23,BPCL,315.33,312.38,316.19,311.43,2175,stock
2022-08-24,BPCL,312.38,309.62,314.29,309.62,7396,stock
2022-08-25,BPCL,308.67,305.71,314.29,304.76,14450,stock
2022-08-26,BPCL,300.29,300.95,304.76,300.29,6385,stock
2022-08-28,BPCL,300.95,295.52,305.52,295.33,16221,stock
2022-08-29,BPCL,295.24,295.71,299.05,294.29,11244,stock
2022-08-30,BPCL,301.62,299.05,307.52,296.19,8529,stock
2022-08-31,BPCL,299.05,299.05,301.9,295.24,5835,stock
2022-09-01,BPCL,294.29,298.1,300.0,294.29,7496,stock
2022-09-02,BPCL,297.14,296.19,300.0,295.24,4841,stock
2022-09-04,BPCL,300.95,296.19,300.95,295.24,5489,stock
2022-09-05,BPCL,296.19,294.38,297.14,294.38,6567,stock
2022-09-06,BPCL,295.24,293.33,295.24,290.48,6713,stock
2022-09-07,BPCL,292.38,291.71,293.33,290.48,7986,stock
2022-09-08,BPCL,291.43,293.33,295.24,289.52,4615,stock
2022-09-11,BPCL,289.52,291.43,295.33,289.52,4999,stock
2022-09-12,BPCL,297.24,292.86,297.24,288.57,3216,stock
2022-09-13,BPCL,288.57,293.33,295.24,288.57,5939,stock
2022-09-14,BPCL,292.38,299.05,301.9,292.38,15975,stock
2022-09-15,BPCL,295.24,289.05,297.14,288.76,20951,stock
2022-09-16,BPCL,285.71,287.62,292.38,280.95,4740,stock
2022-09-18,BPCL,285.71,284.76,287.62,283.81,8952,stock
2022-09-20,BPCL,281.9,278.19,281.9,278.1,10845,stock
2022-09-21,BPCL,283.71,278.1,283.71,276.19,6327,stock
2022-09-22,BPCL,280.95,277.14,283.52,277.14,6764,stock
2022-09-25,BPCL,282.67,276.19,282.67,274.29,6296,stock
2022-09-27,BPCL,280.95,277.14,280.95,276.19,3493,stock
2022-09-28,BPCL,281.9,278.1,281.9,277.14,2035,stock
2022-09-29,BPCL,278.1,281.9,282.86,278.1,2887,stock
2022-10-09,BPCL,287.43,286.67,287.62,284.76,3370,stock
2022-10-10,BPCL,292.38,284.76,292.38,283.9,4448,stock
2022-10-11,BPCL,284.76,282.0,284.76,281.9,3545,stock
2022-10-12,BPCL,279.05,281.71,284.67,279.05,5511,stock
2022-10-13,BPCL,284.76,283.81,284.76,279.05,7270,stock
2022-10-16,BPCL,283.81,280.95,284.76,279.14,4464,stock
2022-10-17,BPCL,278.19,280.0,285.62,278.1,2655,stock
2022-10-19,BPCL,280.0,279.24,282.86,279.24,6560,stock
2022-10-20,BPCL,279.05,278.29,279.05,276.29,4108,stock
2022-10-23,BPCL,278.1,280.0,281.9,278.1,2949,stock
2022-10-31,BPCL,277.14,286.67,288.57,277.14,9271,stock
2022-11-01,BPCL,281.05,295.24,298.1,280.95,9812,stock
2022-11-02,BPCL,300.0,293.33,300.0,289.33,10633,stock
2022-11-03,BPCL,295.24,290.57,295.24,290.48,7142,stock
2022-11-06,BPCL,285.9,296.19,297.14,285.9,4385,stock
2022-11-07,BPCL,300.0,293.52,301.9,293.33,43040,stock
2022-11-08,BPCL,295.24,293.33,295.24,290.67,2438,stock
2022-11-09,BPCL,293.33,290.48,296.38,288.57,9055,stock
2022-11-10,BPCL,286.19,287.62,290.48,284.95,4268,stock
2022-11-13,BPCL,287.62,286.19,290.48,284.86,4568,stock
2022-11-14,BPCL,285.71,287.62,287.62,282.86,5013,stock
2022-11-15,BPCL,292.38,290.48,292.38,288.57,2297,stock
2022-11-16,BPCL,290.57,289.52,294.19,283.81,15102,stock
2022-11-17,BPCL,294.29,292.38,294.29,291.43,7016,stock
2022-11-22,BPCL,294.29,290.48,297.14,290.48,6014,stock
2022-11-23,BPCL,293.33,291.43,294.29,285.71,2100,stock
2022-11-24,BPCL,297.14,291.52,299.43,290.48,5737,stock
2022-11-27,BPCL,292.38,293.33,296.19,291.71,6402,stock
2022-11-28,BPCL,299.05,294.29,299.14,293.52,7923,stock
2022-11-29,BPCL,294.29,295.24,297.14,291.43,6466,stock
2022-11-30,BPCL,293.33,295.24,295.24,290.76,4220,stock
2022-12-01,BPCL,295.24,293.33,297.81,291.71,8115,stock
2022-12-04,BPCL,293.33,293.81,296.19,292.38,4274,stock
2022-12-05,BPCL,294.76,293.33,298.1,292.48,13149,stock
2022-12-06,BPCL,293.33,293.33,297.14,290.48,5696,stock
2022-12-07,BPCL,290.38,290.57,292.38,290.38,3829,stock
2022-12-11,BPCL,290.0,289.52,294.76,286.0,7633,stock
2022-12-12,BPCL,286.67,291.24,291.43,285.71,6595,stock
2022-12-13,BPCL,287.71,291.24,293.33,287.71,1221,stock
2022-12-14,BPCL,290.48,288.19,291.43,287.62,3996,stock
2022-12-15,BPCL,286.19,286.76,291.43,286.19,4195,stock
2022-12-18,BPCL,288.57,285.71,288.57,282.86,4330,stock
2022-12-19,BPCL,285.62,287.43,287.62,282.0,4218,stock
2022-12-20,BPCL,285.71,287.62,292.38,285.71,4972,stock
2022-12-21,BPCL,285.71,287.81,289.52,285.71,2104,stock
2022-12-22,BPCL,285.81,286.48,288.57,285.71,5011,stock
2022-12-26,BPCL,287.62,295.24,295.24,287.62,16502,stock
2022-12-27,BPCL,295.24,304.29,304.95,295.24,17383,stock
2022-12-28,BPCL,305.71,300.48,306.67,300.0,10262,stock
2022-12-29,BPCL,300.95,320.0,320.0,300.0,17104,stock
2023-01-01,BPCL,325.71,322.38,331.43,320.95,40658,stock
2023-01-02,BPCL,328.8,330.0,330.0,313.0,26200,stock
2023-01-03,BPCL,324.0,320.0,331.5,318.0,18206,stock
2023-01-04,BPCL,318.0,328.9,330.0,318.0,14072,stock
2023-01-05,BPCL,332.0,327.0,332.0,322.0,21407,stock
2023-01-08,BPCL,333.0,326.0,333.0,323.0,28577,stock
2023-01-09,BPCL,330.0,335.0,342.9,322.5,51207,stock
2023-01-10,BPCL,341.0,340.0,368.5,329.0,77367,stock
2023-01-12,BPCL,346.8,332.0,355.0,325.0,40773,stock
2023-01-17,BPCL,328.1,340.0,342.0,327.0,29906,stock
2023-01-18,BPCL,345.0,336.1,350.0,336.1,21849,stock
2023-01-19,BPCL,331.0,334.0,342.7,331.0,12798,stock
2023-01-23,BPCL,340.6,326.4,340.6,326.4,11321,stock
2023-01-24,BPCL,326.0,325.0,332.0,323.2,12226,stock
2023-01-25,BPCL,321.0,327.0,335.4,320.1,18463,stock
2023-01-26,BPCL,327.0,332.9,333.0,327.0,14875,stock
2023-01-29,BPCL,330.0,338.0,343.5,330.0,40319,stock
2023-01-30,BPCL,344.7,330.0,344.7,328.3,27674,stock
2023-01-31,BPCL,335.0,330.0,335.0,323.5,11726,stock
2023-02-01,BPCL,325.1,328.0,331.0,323.4,14537,stock
2023-02-02,BPCL,330.0,320.0,330.0,318.6,15809,stock
2023-02-05,BPCL,326.4,323.0,326.4,315.0,11326,stock
2023-02-06,BPCL,322.1,322.0,328.4,318.3,11978,stock
2023-02-07,BPCL,322.0,335.5,336.0,322.0,21569,stock
2023-02-08,BPCL,342.2,336.0,352.0,335.0,34601,stock
2023-02-09,BPCL,340.0,338.5,342.0,335.0,15894,stock
2023-02-12,BPCL,340.0,325.0,340.0,323.5,16676,stock
2023-02-14,BPCL,325.0,326.0,330.9,324.9,10790,stock
2023-02-15,BPCL,326.0,325.0,330.0,320.4,11960,stock
2023-02-16,BPCL,331.5,318.1,338.0,318.1,13473,stock
2023-02-20,BPCL,322.0,313.3,322.0,313.3,10607,stock
2023-02-22,BPCL,319.5,325.0,328.0,319.5,15093,stock
2023-02-23,BPCL,319.0,318.0,322.0,313.2,13471,stock
2023-02-26,BPCL,312.7,319.0,320.0,308.0,11073,stock
2023-02-27,BPCL,322.0,318.0,323.0,315.8,4231,stock
2023-02-28,BPCL,315.6,321.0,328.8,315.0,6725,stock
2023-03-01,BPCL,316.0,318.0,321.0,314.0,7317,stock
2023-03-02,BPCL,315.0,312.7,318.0,312.2,8951,stock
2023-03-05,BPCL,315.0,317.5,317.5,309.3,12116,stock
2023-03-07,BPCL,317.0,324.0,325.0,317.0,14537,stock
2023-03-09,BPCL,330.0,329.0,337.0,323.8,19682,stock
2023-03-12,BPCL,333.0,325.1,335.0,325.0,8341,stock
2023-03-13,BPCL,320.0,320.0,325.0,318.6,4808,stock
2023-03-14,BPCL,320.0,320.0,324.0,316.0,2947,stock
2023-03-15,BPCL,324.9,318.0,325.0,316.0,5117,stock
2023-03-16,BPCL,318.0,318.0,320.0,315.0,3608,stock
2023-03-19,BPCL,320.0,319.0,324.0,318.1,6748,stock
2023-03-20,BPCL,325.0,324.9,325.0,319.0,3975,stock
2023-03-22,BPCL,326.0,320.1,327.0,320.1,7349,stock
2023-03-23,BPCL,314.0,320.0,324.0,314.0,4986,stock
2023-03-26,BPCL,315.1,314.0,318.5,314.0,7696,stock
2023-03-27,BPCL,309.0,318.0,320.0,309.0,10763,stock
2023-03-28,BPCL,320.0,319.2,324.0,317.1,4381,stock
2023-03-29,BPCL,325.5,319.5,325.5,314.0,7733,stock
2023-03-30,BPCL,313.6,317.6,324.0,313.6,2453,stock
2023-04-02,BPCL,317.6,315.0,323.9,314.0,6044,stock
2023-04-03,BPCL,318.0,312.6,318.9,312.0,5265,stock
2023-04-04,BPCL,315.0,313.0,315.0,311.0,4768,stock
2023-04-05,BPCL,307.1,315.1,316.0,307.1,3728,stock
2023-04-06,BPCL,316.0,314.0,319.5,313.2,4651,stock
2023-04-09,BPCL,316.5,308.0,316.5,308.0,8167,stock
2023-04-10,BPCL,312.0,306.3,312.0,306.3,7335,stock
2023-04-11,BPCL,312.0,309.0,312.0,306.1,5587,stock
2023-04-12,BPCL,315.1,320.0,324.0,311.0,9095,stock
2023-04-13,BPCL,325.0,320.0,325.0,318.6,12331,stock
2023-04-16,BPCL,315.0,320.0,322.5,314.0,7249,stock
2023-04-17,BPCL,315.7,319.0,320.0,315.7,2877,stock
2023-04-18,BPCL,317.0,319.0,319.0,315.0,1968,stock
2023-04-19,BPCL,319.0,319.0,319.0,315.0,3582,stock
2023-04-20,BPCL,313.1,313.0,323.0,310.0,5860,stock
2023-04-23,BPCL,314.0,310.0,314.0,308.0,6828,stock
2023-04-24,BPCL,310.0,309.4,314.9,309.0,4085,stock
2023-04-25,BPCL,309.4,313.0,316.0,309.4,6776,stock
2023-04-26,BPCL,306.8,318.0,319.0,306.8,7452,stock
2023-04-27,BPCL,312.3,312.4,315.0,310.0,3214,stock
2023-04-30,BPCL,307.0,309.0,312.0,307.0,3833,stock
2023-05-02,BPCL,310.0,309.0,314.0,307.2,2393,stock
2023-05-03,BPCL,307.0,307.1,309.0,307.0,3408,stock
2023-05-04,BPCL,308.0,323.4,330.0,306.1,5868,stock
2023-05-07,BPCL,317.0,312.5,319.5,312.5,3641,stock
2023-05-08,BPCL,307.2,308.0,312.0,307.0,3751,stock
2023-05-09,BPCL,307.0,312.0,313.0,306.0,3791,stock
2023-05-10,BPCL,318.1,314.0,318.2,312.0,5854,stock
2023-05-11,BPCL,320.0,312.0,320.0,312.0,6164,stock
2023-05-14,BPCL,311.5,308.2,312.0,305.0,10857,stock
2023-05-15,BPCL,308.0,309.9,310.0,305.0,3776,stock
2023-05-16,BPCL,307.0,311.0,313.0,305.1,4648,stock
2023-05-17,BPCL,311.0,311.9,313.0,310.0,5788,stock
2023-05-18,BPCL,315.0,317.9,318.0,312.0,4587,stock
2023-05-21,BPCL,324.0,318.0,324.0,310.0,10859,stock
2023-05-22,BPCL,317.9,315.0,319.0,313.0,3060,stock
2023-05-23,BPCL,315.0,319.0,321.0,315.0,8661,stock
2023-05-24,BPCL,319.0,319.8,323.0,316.1,8234,stock
2023-05-28,BPCL,319.3,320.2,325.5,319.3,21393,stock
2023-05-30,BPCL,315.0,315.1,318.9,312.1,8235,stock
2023-05-31,BPCL,312.0,308.9,317.0,308.9,9514,stock
2023-06-01,BPCL,312.0,311.0,314.0,307.3,7855,stock
2023-06-04,BPCL,317.0,319.8,321.8,314.0,10195,stock
2023-06-05,BPCL,320.0,330.0,340.0,319.3,62748,stock
2023-06-06,BPCL,329.8,348.5,349.0,329.8,80365,stock
2023-06-07,BPCL,355.0,344.0,356.0,341.6,29344,stock
2023-06-08,BPCL,339.5,342.0,346.0,338.0,36153,stock
2023-06-11,BPCL,342.3,348.6,348.9,342.3,29695,stock
2023-06-12,BPCL,348.0,339.0,354.8,338.1,26891,stock
2023-06-13,BPCL,345.6,345.0,349.0,339.0,31316,stock
2023-06-14,BPCL,350.0,343.1,354.0,341.0,32384,stock
2023-06-15,BPCL,347.0,342.0,347.0,339.2,20801,stock
2023-06-18,BPCL,345.0,352.0,365.0,341.0,29074,stock
2023-06-19,BPCL,355.0,347.0,355.0,345.1,13660,stock
2023-06-20,BPCL,345.1,336.2,352.0,336.0,21077,stock
2023-06-21,BPCL,336.2,332.0,341.4,331.0,19664,stock
2023-06-22,BPCL,338.6,327.0,338.6,327.0,15781,stock
2023-06-25,BPCL,327.0,339.0,340.0,327.0,28800,stock
2023-06-26,BPCL,339.1,333.0,350.0,333.0,18440,stock
2023-06-27,BPCL,339.6,342.6,345.1,333.0,24141,stock
2023-06-28,BPCL,340.0,339.0,348.8,335.8,24461,stock
2023-07-02,BPCL,338.1,328.0,338.1,327.0,21820,stock
2023-07-03,BPCL,325.0,324.0,330.0,323.4,18401,stock
2023-07-04,BPCL,330.0,325.0,330.0,323.7,7991,stock
2023-07-05,BPCL,331.5,322.0,331.5,320.0,13436,stock
2023-07-06,BPCL,320.1,317.0,324.0,316.0,14807,stock
2023-07-09,BPCL,322.0,326.9,329.0,321.0,11963,stock
2023-07-10,BPCL,329.0,325.0,333.0,320.0,8801,stock
2023-07-11,BPCL,325.0,319.1,325.0,319.1,9677,stock
2023-07-12,BPCL,324.0,331.0,335.0,321.0,12948,stock
2023-07-13,BPCL,335.0,327.3,341.0,327.3,11483,stock
2023-07-16,BPCL,327.0,330.5,330.5,323.0,9240,stock
2023-07-17,BPCL,326.0,333.0,334.0,326.0,8079,stock
2023-07-18,BPCL,339.5,334.0,339.5,331.0,11544,stock
2023-07-19,BPCL,327.5,330.0,334.1,327.5,8727,stock
2023-07-20,BPCL,325.3,333.3,342.9,325.3,26102,stock
2023-07-23,BPCL,339.0,334.2,339.0,332.3,13875,stock
2023-07-24,BPCL,335.0,338.0,342.9,335.0,24593,stock
2023-07-25,BPCL,338.0,331.0,343.0,330.1,10860,stock
2023-07-26,BPCL,332.0,329.0,334.0,329.0,5141,stock
2023-07-27,BPCL,333.0,325.0,333.0,325.0,10061,stock
2023-07-30,BPCL,325.0,325.0,330.0,323.4,7245,stock
2023-07-31,BPCL,331.0,324.0,331.0,323.0,3572,stock
2023-08-01,BPCL,324.0,320.0,328.0,318.2,9944,stock
2023-08-02,BPCL,326.0,324.0,332.0,314.0,11082,stock
2023-08-03,BPCL,330.0,322.9,330.0,319.7,6698,stock
2023-08-06,BPCL,328.9,315.5,328.9,315.1,7095,stock
2023-08-07,BPCL,315.0,316.0,320.0,313.1,6261,stock
2023-08-08,BPCL,316.0,317.0,322.0,315.0,7858,stock
2023-08-09,BPCL,312.0,321.0,321.0,312.0,11679,stock
2023-08-10,BPCL,321.0,321.5,327.4,316.1,5573,stock
2023-08-13,BPCL,322.0,321.0,326.0,316.1,9519,stock
2023-08-14,BPCL,320.5,319.5,324.0,318.0,6935,stock
2023-08-15,BPCL,314.1,314.0,318.8,313.2,8554,stock
2023-08-16,BPCL,319.9,308.5,319.9,308.5,10043,stock
2023-08-17,BPCL,314.5,309.0,332.9,307.0,16715,stock
2023-08-20,BPCL,315.0,307.6,315.0,307.3,11696,stock
2023-08-21,BPCL,309.0,308.0,313.0,307.1,6988,stock
2023-08-22,BPCL,302.0,320.0,320.0,302.0,9005,stock
2023-08-23,BPCL,320.0,317.0,322.8,312.0,11746,stock
2023-08-24,BPCL,311.1,311.0,315.0,308.0,8581,stock
2023-08-27,BPCL,310.0,307.0,311.0,307.0,5001,stock
2023-08-28,BPCL,307.0,307.5,312.0,307.0,4716,stock
2023-08-29,BPCL,313.0,307.0,313.0,307.0,4175,stock
2023-08-30,BPCL,307.0,307.4,311.9,307.0,3293,stock
2023-09-03,BPCL,307.0,304.0,307.0,302.0,22317,stock
2023-09-04,BPCL,306.0,304.0,308.0,302.0,8693,stock
2023-09-05,BPCL,310.0,303.0,310.0,302.1,3176,stock
2023-09-07,BPCL,303.5,299.0,304.0,298.4,8153,stock
2023-09-10,BPCL,303.0,299.7,303.0,299.7,9323,stock
2023-09-11,BPCL,300.0,304.1,306.5,300.0,5571,stock
2023-09-12,BPCL,310.0,303.8,316.0,303.8,4704,stock
2023-09-13,BPCL,305.0,310.0,313.0,304.1,5147,stock
2023-09-17,BPCL,314.7,305.9,314.7,302.5,5317,stock
2023-09-18,BPCL,306.0,307.0,307.0,303.0,1484,stock
2023-09-19,BPCL,302.2,309.0,309.7,302.2,5857,stock
2023-09-21,BPCL,314.0,316.4,318.0,313.0,22795,stock
2023-09-24,BPCL,317.0,311.6,317.0,311.0,7679,stock
2023-09-25,BPCL,310.1,309.0,315.0,308.5,3192,stock
2023-09-26,BPCL,311.0,315.0,320.0,311.0,9923,stock
2023-09-27,BPCL,311.5,313.0,314.0,311.0,7929,stock
2023-10-01,BPCL,310.0,306.6,314.8,303.0,4377,stock
2023-10-02,BPCL,310.5,304.5,310.5,304.5,14834,stock
2023-10-03,BPCL,304.0,303.0,307.0,301.6,8293,stock
2023-10-04,BPCL,300.0,306.5,309.0,300.0,6947,stock
2023-10-05,BPCL,307.0,304.0,307.9,301.8,10716,stock
2023-10-08,BPCL,304.1,301.0,306.0,299.1,12638,stock
2023-10-09,BPCL,298.3,299.5,304.0,298.3,6281,stock
2023-10-10,BPCL,296.5,296.0,300.0,293.0,17866,stock
2023-10-11,BPCL,296.0,298.0,300.0,294.3,5951,stock
2023-10-12,BPCL,298.0,297.0,300.0,295.2,5455,stock
2023-10-16,BPCL,293.0,294.5,298.0,293.0,6250,stock
2023-10-17,BPCL,294.4,296.3,301.9,294.4,3066,stock
2023-10-18,BPCL,297.3,300.5,305.0,297.3,4598,stock
2023-10-19,BPCL,306.0,300.7,306.0,300.0,4105,stock
2023-10-29,BPCL,295.0,299.9,300.0,295.0,4956,stock
2023-10-30,BPCL,294.1,299.9,299.9,294.1,4394,stock
2023-10-31,BPCL,298.0,297.6,300.0,297.0,2710,stock
2023-11-01,BPCL,301.9,296.9,301.9,296.3,3489,stock
2023-11-02,BPCL,295.0,297.0,299.5,294.9,3945,stock
2023-11-05,BPCL,297.0,294.1,299.8,294.1,4875,stock
2023-11-06,BPCL,295.0,296.0,299.9,294.4,7854,stock
2023-11-07,BPCL,296.2,297.7,300.8,296.0,2628,stock
2023-11-08,BPCL,295.2,298.0,301.0,295.2,1892,stock
2023-11-09,BPCL,298.0,297.1,299.9,295.0,2774,stock
2023-11-20,BPCL,302.9,295.3,303.0,295.3,2632,stock
2023-11-21,BPCL,295.0,294.0,298.0,292.1,3333,stock
2023-11-22,BPCL,295.0,296.1,299.5,295.0,3372,stock
2023-11-23,BPCL,296.1,299.0,300.0,296.1,3710,stock
2023-11-26,BPCL,295.2,305.5,305.5,295.1,7208,stock
2023-11-27,BPCL,299.5,302.0,307.9,299.5,7517,stock
2023-11-28,BPCL,302.1,303.0,306.0,299.0,4720,stock
2023-11-29,BPCL,302.0,301.0,304.0,301.0,2599,stock
2023-11-30,BPCL,306.0,298.9,306.0,297.3,3712,stock
2023-12-03,BPCL,304.8,297.1,304.8,295.0,4537,stock
2023-12-04,BPCL,297.0,295.2,300.0,295.2,6141,stock
2023-12-05,BPCL,295.3,297.3,298.9,295.3,2690,stock
2023-12-06,BPCL,295.2,296.5,298.7,295.2,1832,stock
2023-12-07,BPCL,295.0,297.2,301.0,295.0,4685,stock
2023-12-10,BPCL,303.1,315.0,315.0,303.1,550,stock
2023-12-11,BPCL,321.3,311.0,321.3,306.0,18151,stock
2023-12-12,BPCL,311.0,315.1,317.1,310.5,20387,stock
2023-12-13,BPCL,320.0,313.2,320.0,312.0,19623,stock
2023-12-14,BPCL,307.5,315.0,317.0,307.5,7633,stock
2023-12-17,BPCL,308.7,309.9,311.0,294.0,61389,stock
2023-12-18,BPCL,310.0,311.0,316.1,305.0,42471,stock
2023-12-19,BPCL,315.0,316.5,320.0,309.6,27025,stock
2023-12-20,BPCL,316.0,316.0,319.0,313.0,32067,stock
2023-12-21,BPCL,318.0,311.0,318.0,310.0,25808,stock
2023-12-24,BPCL,308.5,308.8,313.5,308.0,23388,stock
2023-12-27,BPCL,310.1,306.2,310.1,305.5,12222,stock
2023-12-28,BPCL,304.1,305.0,310.5,300.1,33759,stock
2024-01-01,BPCL,309.5,301.9,309.5,299.0,29509,stock
2024-01-02,BPCL,302.0,296.1,302.0,295.3,16413,stock
2024-01-03,BPCL,300.0,302.0,306.0,299.0,20194,stock
2024-01-04,BPCL,306.0,299.5,310.0,299.1,11138,stock
2024-01-07,BPCL,303.0,299.5,307.9,299.0,20427,stock
2024-01-08,BPCL,301.0,303.0,305.0,299.6,29570,stock
2024-01-09,BPCL,309.0,303.0,314.0,302.5,24707,stock
2024-01-10,BPCL,307.0,303.0,307.0,300.0,14776,stock
2024-01-11,BPCL,300.0,303.1,305.0,300.0,16310,stock
2024-01-14,BPCL,309.1,310.0,312.0,300.1,30735,stock
2024-01-16,BPCL,316.0,341.0,341.0,316.0,88532,stock
2024-01-17,BPCL,347.8,330.0,360.0,323.4,120690,stock
2024-01-18,BPCL,330.0,339.0,340.0,318.0,38125,stock
2024-01-21,BPCL,333.0,327.0,340.0,327.0,34300,stock
2024-01-22,BPCL,321.0,320.0,332.5,316.1,32124,stock
2024-01-23,BPCL,326.0,316.0,326.4,315.0,23863,stock
2024-01-24,BPCL,318.0,316.0,329.0,312.0,24390,stock
2024-01-25,BPCL,313.2,313.6,322.3,312.0,21309,stock
2024-01-28,BPCL,319.8,314.9,320.0,312.0,10254,stock
2024-01-29,BPCL,321.1,318.0,327.4,316.1,18492,stock
2024-01-30,BPCL,324.0,318.9,324.0,318.0,17777,stock
2024-01-31,BPCL,320.0,316.0,323.9,316.0,22545,stock
2024-02-01,BPCL,313.1,310.0,319.3,310.0,15897,stock
2024-02-04,BPCL,310.0,312.0,315.9,310.0,11628,stock
2024-02-05,BPCL,312.0,313.0,318.1,311.0,11840,stock
2024-02-06,BPCL,316.9,314.1,316.9,310.6,10446,stock
2024-02-07,BPCL,312.1,315.1,318.0,312.0,5100,stock
2024-02-11,BPCL,316.0,317.5,325.0,314.0,18770,stock
2024-02-12,BPCL,323.5,318.0,323.8,316.0,9308,stock
2024-02-13,BPCL,315.0,311.5,318.0,310.1,11869,stock
2024-02-14,BPCL,306.4,310.0,315.0,306.4,8580,stock
2024-02-15,BPCL,310.0,311.3,314.5,310.0,12369,stock
2024-02-18,BPCL,311.3,307.5,315.0,307.0,19573,stock
2024-02-20,BPCL,308.0,308.3,309.0,303.0,8110,stock
2024-02-21,BPCL,308.3,308.8,321.0,308.1,13813,stock
2024-02-22,BPCL,306.1,304.0,310.0,303.1,19794,stock
2024-02-25,BPCL,310.0,300.5,316.0,300.3,11107,stock
2024-02-26,BPCL,306.5,302.0,312.0,301.2,8876,stock
2024-02-27,BPCL,299.0,303.8,307.9,299.0,6358,stock
2024-02-28,BPCL,309.0,303.7,309.0,302.9,2971,stock
2024-02-29,BPCL,303.0,300.2,304.0,300.0,13548,stock
2024-03-03,BPCL,297.1,301.0,302.9,295.1,9550,stock
2024-03-04,BPCL,304.9,329.0,329.0,304.9,370,stock
2024-03-05,BPCL,335.0,311.0,335.0,309.0,15871,stock
2024-03-06,BPCL,315.0,309.0,315.5,308.0,7797,stock
2024-03-07,BPCL,315.0,310.0,321.0,308.2,7339,stock
2024-03-10,BPCL,316.2,312.0,316.2,311.5,4009,stock
2024-03-12,BPCL,314.0,316.0,316.4,311.2,13741,stock
2024-03-13,BPCL,316.0,314.5,318.0,312.0,6475,stock
2024-03-14,BPCL,314.0,311.1,316.1,311.1,6799,stock
2024-03-17,BPCL,308.2,310.0,313.9,308.2,3187,stock
2024-03-18,BPCL,309.0,309.2,313.9,308.0,5398,stock
2024-03-19,BPCL,309.0,310.0,312.0,308.5,8112,stock
2024-03-20,BPCL,316.0,306.1,316.0,306.0,7418,stock
2024-03-21,BPCL,312.2,307.0,312.2,306.0,8294,stock
2024-03-25,BPCL,305.0,304.0,308.0,303.4,10724,stock
2024-03-26,BPCL,304.4,305.1,308.0,304.0,7516,stock
2024-03-27,BPCL,308.0,304.0,308.0,304.0,7561,stock
2024-03-28,BPCL,301.1,305.0,306.5,301.1,4274,stock
2024-03-31,BPCL,301.0,301.0,303.0,300.4,14561,stock
2024-04-01,BPCL,307.0,300.9,307.0,300.0,7593,stock
2024-04-02,BPCL,306.0,300.0,306.0,300.0,8385,stock
2024-04-03,BPCL,305.0,299.1,305.0,298.5,10080,stock
2024-04-04,BPCL,304.0,296.1,304.0,296.1,14534,stock
2024-04-07,BPCL,302.0,297.8,302.0,296.0,12704,stock
2024-04-09,BPCL,303.7,300.0,303.7,298.0,14482,stock
2024-04-10,BPCL,300.0,298.0,300.6,297.1,10516,stock
2024-04-14,BPCL,303.9,299.8,309.9,297.2,5829,stock
2024-04-15,BPCL,305.7,298.0,305.7,297.0,9489,stock
2024-04-16,BPCL,298.0,298.0,303.0,296.1,4314,stock
2024-04-18,BPCL,296.1,297.0,297.0,295.5,3883,stock
2024-04-21,BPCL,296.0,294.0,296.0,292.0,12615,stock
2024-04-22,BPCL,299.8,294.0,299.8,294.0,5154,stock
2024-04-24,BPCL,294.0,293.1,297.0,292.6,4991,stock
2024-04-25,BPCL,295.0,292.8,295.0,292.2,5333,stock
2024-04-28,BPCL,295.0,294.0,297.0,293.0,10729,stock
2024-04-29,BPCL,296.9,296.0,298.0,294.0,4866,stock
2024-04-30,BPCL,296.0,296.8,298.0,294.1,7849,stock
2024-05-02,BPCL,302.7,296.6,302.7,296.5,5510,stock
2024-05-05,BPCL,295.0,293.5,300.9,293.5,4890,stock
2024-05-06,BPCL,299.3,292.0,299.3,292.0,15474,stock
2024-05-07,BPCL,297.0,291.5,297.0,291.5,5386,stock
2024-05-08,BPCL,290.0,290.0,296.9,290.0,5720,stock
2024-05-09,BPCL,294.9,292.0,294.9,288.0,7586,stock
2024-05-12,BPCL,289.1,290.0,292.0,289.0,8184,stock
2024-05-13,BPCL,284.4,291.0,293.0,284.4,7971,stock
2024-05-14,BPCL,296.8,294.5,296.8,290.0,4481,stock
2024-05-15,BPCL,294.5,294.0,299.8,290.1,5355,stock
2024-05-16,BPCL,291.1,295.0,296.9,291.1,7070,stock
2024-05-19,BPCL,295.0,298.0,299.0,295.0,18288,stock
2024-05-20,BPCL,298.0,299.0,304.9,298.0,14374,stock
2024-05-21,BPCL,304.9,299.0,304.9,296.7,6499,stock
2024-05-22,BPCL,300.0,299.6,302.0,297.5,16880,stock
2024-05-26,BPCL,299.0,301.0,304.0,298.1,8465,stock
2024-05-27,BPCL,300.0,299.2,303.0,299.0,12040,stock
2024-05-29,BPCL,305.1,297.7,305.1,297.7,8882,stock
2024-05-30,BPCL,293.5,294.4,298.0,293.5,7084,stock
2024-06-02,BPCL,295.0,295.9,295.9,292.7,5658,stock
2024-06-03,BPCL,296.4,292.0,298.0,292.0,13312,stock
2024-06-04,BPCL,292.0,294.0,295.5,292.0,5106,stock
2024-06-05,BPCL,292.1,292.0,295.6,291.8,9098,stock
2024-06-06,BPCL,296.9,290.3,296.9,290.3,8135,stock
2024-06-09,BPCL,296.1,289.9,296.1,289.2,9741,stock
2024-06-10,BPCL,295.6,291.0,295.6,289.7,7558,stock
2024-06-11,BPCL,296.8,297.0,298.0,291.0,13806,stock
2024-06-12,BPCL,300.0,296.9,300.0,294.3,11984,stock
2024-06-13,BPCL,293.0,293.0,295.0,292.0,10704,stock
2024-06-16,BPCL,297.0,293.3,297.0,292.2,14819,stock
2024-06-18,BPCL,298.0,293.0,298.0,292.0,13666,stock
2024-06-19,BPCL,292.0,293.0,295.0,292.0,5496,stock
2024-06-20,BPCL,298.8,292.8,298.8,291.2,7008,stock
2024-06-23,BPCL,295.0,292.9,295.9,289.4,13004,stock
2024-06-24,BPCL,290.1,290.0,294.0,290.0,10139,stock
2024-06-25,BPCL,294.0,291.1,294.0,290.0,8209,stock
2024-06-26,BPCL,296.0,290.0,296.0,290.0,8784,stock
2024-06-27,BPCL,289.0,289.5,294.0,288.5,10213,stock
2024-06-30,BPCL,295.0,288.2,295.0,288.0,7558,stock
2024-07-01,BPCL,287.0,288.2,290.0,286.0,7528,stock
2024-07-02,BPCL,293.9,291.0,304.0,290.0,15795,stock
2024-07-03,BPCL,296.0,291.4,296.0,286.7,6233,stock
2024-07-04,BPCL,290.0,292.2,294.5,290.0,13277,stock
2024-07-07,BPCL,296.79,292.6,296.79,291.4,14929,stock
2024-07-08,BPCL,289.5,294.0,294.8,289.5,13202,stock
2024-07-09,BPCL,291.1,293.0,293.9,290.0,21697,stock
2024-07-10,BPCL,293.1,296.5,296.5,292.6,8862,stock
2024-07-11,BPCL,296.79,298.9,299.9,295.0,23275,stock
2024-07-14,BPCL,304.8,309.8,310.0,300.0,29360,stock
2024-07-15,BPCL,312.0,310.0,324.0,302.0,30245,stock
2024-07-16,BPCL,316.0,322.0,323.0,308.0,52999,stock
2024-07-17,BPCL,325.0,327.5,329.0,319.0,49481,stock
2024-07-18,BPCL,331.7,330.2,336.0,322.6,63422,stock
2024-07-21,BPCL,329.0,349.5,362.9,325.0,94475,stock
2024-07-22,BPCL,352.0,351.3,356.4,335.8,84378,stock
2024-07-23,BPCL,345.0,368.9,369.9,345.0,129438,stock
2024-07-24,BPCL,376.2,355.0,376.2,352.8,121679,stock
2024-07-25,BPCL,355.0,357.0,362.1,347.0,58599,stock
2024-07-28,BPCL,364.1,364.0,374.0,353.0,72939,stock
2024-07-29,BPCL,370.0,375.0,399.0,360.0,219242,stock
2024-07-30,BPCL,371.4,385.3,385.7,370.0,124329,stock
2024-07-31,BPCL,390.0,395.6,403.9,387.0,124700,stock
2024-08-01,BPCL,395.0,386.0,402.0,381.0,122068,stock
2024-08-05,BPCL,386.0,419.0,421.0,385.2,201308,stock
2024-08-06,BPCL,419.0,406.0,459.9,404.0,253892,stock
2024-08-07,BPCL,400.0,440.0,441.5,399.0,126155,stock
2024-08-08,BPCL,440.0,434.0,456.0,430.1,141548,stock
2024-08-11,BPCL,434.0,447.0,453.0,434.0,152207,stock
2024-08-12,BPCL,455.0,445.0,455.0,440.0,133173,stock
2024-08-13,BPCL,445.0,438.0,452.9,431.2,96729,stock
2024-08-14,BPCL,440.0,442.0,446.0,424.0,131616,stock
2024-08-15,BPCL,444.0,486.2,486.2,442.0,352853,stock
2024-08-18,BPCL,495.9,508.9,515.9,491.0,415388,stock
2024-08-21,BPCL,508.9,504.0,516.0,498.9,178457,stock
2024-08-22,BPCL,512.0,525.1,536.5,500.2,243694,stock
2024-08-25,BPCL,523.0,513.0,526.1,500.0,186172,stock
2024-08-27,BPCL,513.0,492.9,513.0,480.0,208728,stock
2024-08-28,BPCL,486.0,488.0,506.0,480.2,158969,stock
2024-08-29,BPCL,497.0,473.0,497.0,470.4,101925,stock
2024-09-01,BPCL,471.0,455.0,474.0,447.1,111237,stock
2024-09-02,BPCL,460.0,499.9,500.0,437.1,98953,stock
2024-09-03,BPCL,508.9,495.0,533.0,490.0,210568,stock
2024-09-04,BPCL,504.9,490.0,504.9,471.0,123216,stock
2024-09-05,BPCL,480.2,475.0,482.0,466.8,59492,stock
2024-09-08,BPCL,484.0,478.0,495.0,475.0,84825,stock
2024-09-09,BPCL,470.0,460.4,478.0,460.0,53710,stock
2024-09-10,BPCL,467.0,446.1,475.0,445.0,41494,stock
2024-09-11,BPCL,446.2,442.4,450.0,442.0,63776,stock
2024-09-12,BPCL,436.0,456.0,462.0,436.0,53915,stock
2024-09-15,BPCL,460.0,441.0,465.0,440.0,67163,stock
2024-09-16,BPCL,447.9,423.0,448.0,417.1,57389,stock
2024-09-18,BPCL,425.0,415.0,426.2,407.0,32258,stock
2024-09-22,BPCL,415.0,418.0,429.9,415.0,25817,stock
2024-09-23,BPCL,420.0,396.0,422.0,395.0,35891,stock
2024-09-24,BPCL,396.0,390.5,411.0,390.0,37627,stock
2024-09-25,BPCL,398.3,410.0,415.0,385.0,25549,stock
2024-09-26,BPCL,410.0,392.0,410.0,392.0,18411,stock
2024-09-29,BPCL,392.0,385.1,393.0,380.0,21851,stock
2024-09-30,BPCL,385.0,390.0,392.8,384.6,11104,stock
2024-10-01,BPCL,397.0,429.0,429.0,397.0,84766,stock
2024-10-02,BPCL,437.5,428.0,444.0,421.0,59400,stock
2024-10-06,BPCL,430.0,449.0,453.0,422.0,36845,stock
2024-10-07,BPCL,450.0,454.0,464.0,449.0,33631,stock
2024-10-08,BPCL,450.0,485.0,488.0,441.2,41257,stock
2024-10-09,BPCL,475.3,475.3,488.0,459.5,37511,stock
2024-10-15,BPCL,480.0,472.0,480.0,466.0,23135,stock
2024-10-16,BPCL,480.0,477.0,490.0,465.0,30693,stock
2024-10-17,BPCL,480.0,487.5,487.5,471.0,54352,stock
2024-10-20,BPCL,477.8,463.0,480.0,463.0,45872,stock
2024-10-21,BPCL,472.0,452.0,472.0,447.0,29846,stock
2024-10-22,BPCL,445.0,456.0,465.0,445.0,20769,stock
2024-10-23,BPCL,460.0,449.0,463.0,446.0,20374,stock
2024-10-24,BPCL,455.0,450.1,455.1,441.0,29722,stock
2024-10-27,BPCL,459.0,440.0,459.0,438.5,15902,stock
2024-10-28,BPCL,439.1,450.0,455.0,435.0,12576,stock
2024-10-29,BPCL,459.0,455.2,466.2,455.1,26721,stock
2024-10-30,BPCL,463.0,450.0,468.0,446.1,18480,stock
2024-11-05,BPCL,459.0,455.0,463.0,450.0,12147,stock
2024-11-06,BPCL,455.0,450.0,457.9,450.0,13820,stock
2024-11-10,BPCL,450.0,467.5,468.0,450.0,36127,stock
2024-11-11,BPCL,476.4,459.0,478.0,458.8,34521,stock
2024-11-12,BPCL,467.0,468.0,477.0,461.2,57924,stock
2024-11-13,BPCL,467.6,451.0,475.9,451.0,26396,stock
2024-11-14,BPCL,455.0,453.8,460.0,451.0,38497,stock
2024-11-17,BPCL,462.8,455.3,463.0,454.0,20766,stock
2024-11-19,BPCL,460.0,446.4,460.0,446.4,20297,stock
2024-11-20,BPCL,446.0,447.0,454.9,445.6,18263,stock
2024-11-21,BPCL,447.0,441.0,450.0,441.0,14435,stock
2024-11-24,BPCL,449.0,443.0,449.0,440.1,7504,stock
2024-11-25,BPCL,439.1,438.5,446.0,438.0,29511,stock
2024-11-26,BPCL,446.0,446.1,463.9,440.2,10648,stock
2024-11-27,BPCL,454.0,455.5,459.0,450.0,21759,stock
2024-11-28,BPCL,464.0,449.0,464.0,445.0,16929,stock
2024-12-01,BPCL,449.0,441.4,449.0,430.0,14332,stock
2024-12-02,BPCL,449.0,439.0,450.0,438.1,25750,stock
2024-12-03,BPCL,447.6,443.1,455.0,442.0,13247,stock
2024-12-04,BPCL,443.1,446.0,459.0,440.0,22994,stock
2024-12-05,BPCL,453.5,442.5,453.8,440.2,21713,stock
2024-12-08,BPCL,445.0,434.0,445.0,433.0,38212,stock
2024-12-09,BPCL,441.0,418.0,441.0,416.0,38774,stock
2024-12-10,BPCL,425.9,414.0,425.9,409.7,20826,stock
2024-12-11,BPCL,414.0,417.0,419.1,400.0,20958,stock
2024-12-12,BPCL,417.0,411.9,423.9,408.0,19202,stock
2024-12-16,BPCL,407.0,399.9,417.9,398.0,23208,stock
2024-12-17,BPCL,392.0,394.0,412.9,390.0,27142,stock
2024-12-18,BPCL,400.0,392.0,405.9,390.1,10153,stock
2024-12-19,BPCL,395.0,393.0,395.0,382.1,43175,stock
2024-12-22,BPCL,400.8,383.2,400.8,382.3,23891,stock
2024-12-23,BPCL,383.3,387.0,390.8,378.0,12031,stock
2024-12-24,BPCL,394.0,397.0,400.0,390.0,26261,stock
2024-12-26,BPCL,397.0,390.0,399.0,390.0,10781,stock
2024-12-29,BPCL,390.0,389.0,397.8,375.5,26997,stock
2024-12-31,BPCL,389.0,384.0,389.0,375.1,16021,stock
2025-01-01,BPCL,380.0,388.0,394.0,379.1,18790,stock
2025-01-02,BPCL,388.0,402.5,402.5,380.0,26921,stock
2025-01-05,BPCL,409.0,396.0,409.0,394.0,10505,stock
2025-01-06,BPCL,400.0,402.0,403.0,396.0,13204,stock
2025-01-07,BPCL,410.0,407.0,418.0,402.0,12523,stock
2025-01-08,BPCL,415.1,407.0,415.1,399.0,9944,stock
2025-01-09,BPCL,415.0,399.5,415.0,398.9,17603,stock
2025-01-12,BPCL,400.0,400.0,410.1,393.0,11534,stock
2025-01-13,BPCL,400.0,395.6,400.0,392.0,9603,stock
2025-01-15,BPCL,396.0,393.1,399.0,393.0,12272,stock
2025-01-16,BPCL,390.1,387.2,395.0,386.5,9674,stock
2025-01-19,BPCL,390.0,386.0,390.0,383.0,6025,stock
2025-01-20,BPCL,392.0,386.5,392.0,385.0,14410,stock
2025-01-21,BPCL,389.0,383.8,389.0,379.2,15692,stock
2025-01-22,BPCL,380.1,399.0,404.0,380.1,35610,stock
2025-01-23,BPCL,399.0,395.1,415.0,395.1,12948,stock
2025-01-26,BPCL,390.5,400.0,400.0,390.5,17057,stock
2025-01-27,BPCL,393.0,400.0,400.5,393.0,16614,stock
2025-01-28,BPCL,406.0,397.4,406.0,395.0,10994,stock
2025-02-02,BPCL,402.0,408.2,415.0,402.0,57863,stock
2025-02-03,BPCL,415.0,409.7,419.0,405.0,21924,stock
2025-02-04,BPCL,416.0,410.0,416.0,404.1,23780,stock
2025-02-05,BPCL,412.4,407.0,413.0,405.1,15734,stock
2025-02-06,BPCL,412.9,405.1,413.0,405.1,19871,stock
2025-02-09,BPCL,405.0,410.0,412.9,400.0,29632,stock
2025-02-10,BPCL,410.0,415.0,415.0,403.0,21971,stock
2025-02-11,BPCL,423.3,412.9,423.3,408.2,11859,stock
2025-02-12,BPCL,414.9,406.5,414.9,405.0,15268,stock
2025-02-13,BPCL,414.6,403.0,414.6,402.0,18875,stock
2025-02-16,BPCL,400.2,405.0,408.0,398.2,14333,stock
2025-02-17,BPCL,410.0,412.0,413.0,401.9,63136,stock
2025-02-18,BPCL,419.9,426.0,431.0,414.0,66466,stock
2025-02-20,BPCL,426.0,416.0,434.0,413.0,16880,stock
2025-02-23,BPCL,408.0,415.0,425.0,400.4,30203,stock
2025-02-24,BPCL,420.9,416.5,430.0,407.2,15961,stock
2025-02-25,BPCL,421.9,411.0,422.0,408.2,16067,stock
2025-02-27,BPCL,415.0,415.0,417.1,407.2,23432,stock
2025-03-02,BPCL,423.0,445.9,456.0,415.0,99160,stock
2025-03-03,BPCL,454.8,443.0,482.4,433.0,65723,stock
2025-03-04,BPCL,446.9,426.1,460.0,426.0,30995,stock
2025-03-05,BPCL,428.0,420.0,428.9,419.0,21539,stock
2025-03-06,BPCL,427.0,420.0,436.8,415.1,10553,stock
2025-03-09,BPCL,411.6,414.0,418.8,403.4,18182,stock
2025-03-10,BPCL,411.2,410.0,418.0,410.0,17969,stock
2025-03-11,BPCL,410.0,401.0,410.0,399.0,38526,stock
2025-03-12,BPCL,400.0,403.0,408.0,400.0,12115,stock
2025-03-16,BPCL,411.0,401.0,411.0,400.0,14602,stock
2025-03-17,BPCL,401.0,399.2,407.0,399.2,7839,stock
2025-03-18,BPCL,407.1,398.0,415.0,397.1,6239,stock
2025-03-19,BPCL,405.0,393.5,405.0,393.5,11152,stock
2025-03-20,BPCL,394.0,390.9,395.8,390.0,10938,stock
2025-03-23,BPCL,390.2,389.6,395.0,387.0,35496,stock
2025-03-24,BPCL,389.6,394.93,396.6,385.0,12720,stock
2025-03-25,BPCL,394.0,384.9,394.0,384.0,12260,stock
2025-03-26,BPCL,380.7,388.85,393.0,380.7,8759,stock
2025-03-27,BPCL,396.0,397.48,403.9,388.1,12868,stock
2025-03-30,BPCL,402.0,400.14,411.0,398.9,16858,stock
2025-04-01,BPCL,398.0,398.66,400.1,393.0,6311,stock
2025-04-02,BPCL,405.9,396.91,405.9,395.0,7197,stock
2025-04-03,BPCL,400.0,397.2,408.0,397.0,12342,stock
2025-04-07,BPCL,404.0,423.53,427.4,404.0,113778,stock
2025-04-08,BPCL,426.9,417.59,429.9,413.0,35133,stock
2025-04-09,BPCL,414.0,414.3,420.9,413.1,9214,stock
2025-04-10,BPCL,411.1,404.45,411.1,400.0,31444,stock
2025-04-13,BPCL,404.5,398.99,407.0,398.0,17532,stock
2025-04-15,BPCL,399.5,403.34,422.0,397.0,15310,stock
2025-04-16,BPCL,400.2,408.71,410.0,400.2,5608,stock
2025-04-17,BPCL,405.0,414.76,420.0,405.0,39000,stock
2025-04-20,BPCL,421.0,422.1,430.0,415.0,59789,stock
2025-04-21,BPCL,422.0,435.89,443.0,421.2,82501,stock
2025-04-22,BPCL,444.0,422.25,449.9,422.0,43651,stock
2025-04-23,BPCL,425.0,414.12,425.0,411.7,13900,stock
2025-04-24,BPCL,415.0,417.89,423.0,408.0,32576,stock
2025-04-27,BPCL,425.0,445.66,448.0,420.0,204846,stock
2025-04-28,BPCL,453.0,446.06,454.5,431.2,78291,stock
2025-04-29,BPCL,448.0,448.33,455.0,437.2,89018,stock
2025-04-30,BPCL,448.0,468.55,484.9,448.0,435271,stock
2025-05-04,BPCL,472.0,470.5,490.0,470.0,259500,stock
2025-05-05,BPCL,473.5,453.01,473.5,450.8,107305,stock
2025-05-06,BPCL,461.9,485.57,489.0,453.0,416234,stock
2025-05-07,BPCL,495.2,534.1,534.1,495.2,731242,stock
2025-05-08,BPCL,544.7,516.55,555.0,515.6,702392,stock
2025-05-11,BPCL,506.3,528.76,544.6,506.3,617339,stock
2025-05-13,BPCL,518.2,505.96,537.9,502.0,324004,stock
2025-05-14,BPCL,495.9,474.98,501.0,474.5,256529,stock
2025-05-15,BPCL,484.4,463.73,484.4,458.9,280997,stock
2025-05-18,BPCL,464.0,454.55,473.9,450.6,116849,stock
2025-05-19,BPCL,460.0,450.92,472.0,446.0,102426,stock
2025-05-20,BPCL,442.0,472.19,475.0,440.1,164473,stock
2025-05-21,BPCL,481.6,459.17,493.0,458.0,152501,stock
2025-05-22,BPCL,459.0,458.49,470.0,458.0,171894,stock
2025-05-25,BPCL,462.0,476.41,478.3,461.3,209549,stock
2025-05-26,BPCL,485.9,492.58,505.0,478.0,274540,stock
2025-05-27,BPCL,495.0,531.72,535.5,493.2,496595,stock
2025-05-28,BPCL,531.0,562.61,578.0,531.0,628541,stock
2025-06-02,BPCL,573.8,576.55,599.7,570.0,601705,stock
2025-06-03,BPCL,587.0,565.65,587.0,562.1,363113,stock
2025-06-04,BPCL,566.0,574.72,580.0,560.0,290099,stock
2025-06-05,BPCL,586.0,632.1,632.1,576.0,809251,stock
2025-06-08,BPCL,644.7,638.68,670.0,635.0,682280,stock
2025-06-09,BPCL,651.0,701.49,702.5,626.1,768909,stock
2025-06-10,BPCL,715.0,692.85,720.9,689.0,413490,stock
2025-06-11,BPCL,679.0,761.62,762.1,679.0,787977,stock
2025-06-12,BPCL,775.0,764.88,785.0,750.0,611041,stock
2025-06-15,BPCL,770.0,794.34,814.9,770.0,813065,stock
2025-06-16,BPCL,780.1,769.48,828.0,760.0,748795,stock
2025-06-17,BPCL,778.0,828.98,835.0,772.0,755603,stock
2025-06-18,BPCL,821.0,877.13,885.2,821.0,528656,stock
2025-06-19,BPCL,884.0,867.81,895.0,862.4,660189,stock
2025-06-22,BPCL,867.0,830.37,882.0,820.0,871023,stock
2025-06-23,BPCL,835.0,826.02,850.0,809.6,508683,stock
2025-06-24,BPCL,810.0,809.25,842.0,805.2,336469,stock
2025-06-25,BPCL,805.0,844.14,849.6,795.0,654290,stock
2025-06-26,BPCL,830.0,840.32,878.0,830.0,728605,stock
2025-06-29,BPCL,844.9,814.85,845.0,812.5,424047,stock
2025-06-30,BPCL,799.0,836.31,840.0,799.0,371641,stock
2025-07-01,BPCL,820.0,830.29,857.0,820.0,306973,stock
2025-07-02,BPCL,842.0,814.43,842.0,810.7,350115,stock
2025-07-03,BPCL,811.1,798.09,823.0,794.0,394598,stock
2025-07-06,BPCL,798.1,786.17,805.0,780.1,281935,stock
2025-07-07,BPCL,771.0,772.52,794.0,771.0,232078,stock
2025-07-08,BPCL,757.1,835.94,841.5,757.1,511773,stock
2025-07-09,BPCL,843.9,833.89,860.0,829.0,433535,stock
2025-07-10,BPCL,817.3,847.78,852.0,817.3,390361,stock
2025-07-13,BPCL,864.6,829.14,864.6,827.0,391106,stock
2025-07-14,BPCL,812.6,860.69,864.2,812.6,464681,stock
2025-07-15,BPCL,870.0,896.45,922.0,861.0,581609,stock
2025-07-16,BPCL,890.0,957.29,960.6,886.2,666414,stock
2025-07-17,BPCL,965.0,969.81,995.0,947.0,623288,stock
2025-07-20,BPCL,970.0,957.99,983.0,951.0,666775,stock
2025-07-21,BPCL,960.0,951.37,973.9,940.8,594489,stock
2025-07-22,BPCL,970.3,969.83,990.0,955.0,530534,stock
2025-07-23,BPCL,989.0,991.25,1008.6,952.0,629729,stock
2025-07-24,BPCL,995.0,1033.28,1065.0,995.0,455934,stock
2025-07-27,BPCL,1013.0,990.85,1053.0,985.0,459326,stock
2025-07-28,BPCL,971.1,976.24,1008.0,971.1,308980,stock
2025-07-29,BPCL,990.0,969.81,1000.0,956.0,371429,stock
2025-07-30,BPCL,983.0,937.89,983.0,935.0,313010,stock
2025-07-31,BPCL,920.0,930.98,952.0,920.0,247702,stock
2025-08-03,BPCL,945.0,929.73,965.0,922.2,277614,stock
2025-08-04,BPCL,936.3,935.24,954.7,928.0,289095,stock
2025-08-05,BPCL,952.0,900.22,952.0,893.0,334414,stock
2025-08-06,BPCL,885.0,902.19,920.0,885.0,141629,stock
2025-08-07,BPCL,914.9,887.4,915.0,884.3,210491,stock
2025-08-11,BPCL,892.6,866.97,909.6,860.0,334911,stock
2025-08-12,BPCL,860.0,854.85,879.0,840.0,228766,stock
2025-08-13,BPCL,871.9,851.32,875.0,845.4,150344,stock
2025-08-14,BPCL,850.1,832.57,868.0,821.7,246820,stock
2025-08-17,BPCL,849.0,819.6,865.9,817.0,186015,stock
2025-08-18,BPCL,810.0,835.76,844.0,810.0,253547,stock
2025-08-19,BPCL,830.0,862.66,874.0,830.0,204032,stock
2025-08-20,BPCL,858.0,841.65,870.0,838.0,125874,stock
2025-08-21,BPCL,841.0,825.98,841.0,824.0,162373,stock
2025-08-24,BPCL,820.0,804.94,831.0,800.0,169085,stock
2025-08-25,BPCL,788.9,815.85,824.0,788.9,116787,stock
2025-08-26,BPCL,815.0,835.7,840.0,812.0,172377,stock
2025-08-27,BPCL,835.7,852.13,859.5,833.2,204568,stock
2025-08-28,BPCL,835.1,832.5,868.0,830.0,166350,stock
2025-08-31,BPCL,844.0,814.59,844.0,813.0,107610,stock
2025-09-01,BPCL,828.0,819.61,828.0,810.0,86935,stock
2025-09-02,BPCL,822.0,808.1,829.0,806.0,73161,stock
2025-09-03,BPCL,808.1,799.35,818.0,797.1,105950,stock
2025-09-04,BPCL,812.0,830.73,835.0,797.0,188515,stock
2025-09-07,BPCL,847.3,815.76,847.3,810.3,99921,stock
2025-09-08,BPCL,832.0,800.21,832.0,793.0,124839,stock
2025-09-18,BPCL,784.3,727.1,784.3,725.0,13203,stock
2025-09-21,BPCL,727.1,777.87,783.9,723.0,181085,stock
2025-09-23,BPCL,793.4,794.8,804.0,770.1,126602,stock
2025-09-24,BPCL,810.6,763.0,810.6,762.0,85067,stock
2025-09-25,BPCL,778.2,758.0,778.2,755.0,38823,stock
2025-09-28,BPCL,773.1,763.0,775.0,760.0,32520,stock
2025-10-07,BPCL,778.2,722.0,778.2,721.1,120205,stock
2025-10-08,BPCL,707.6,700.0,728.0,697.0,127998,stock
2025-10-09,BPCL,714.0,699.9,757.5,695.0,116488,stock
2025-10-12,BPCL,699.9,635.0,699.9,630.1,233100,stock
2025-10-13,BPCL,635.0,692.0,692.0,623.0,111568,stock
2025-10-14,BPCL,700.0,668.0,700.0,662.2,89112,stock
2025-10-15,BPCL,674.0,674.0,689.0,653.0,137298,stock
2025-10-16,BPCL,687.4,660.0,687.4,656.0,98102,stock
2025-10-19,BPCL,660.0,663.0,686.0,648.0,55757,stock
2025-10-26,BPCL,676.2,671.9,676.2,648.0,44051,stock
2025-10-28,BPCL,665.1,739.0,739.0,665.1,270992,stock
2025-10-29,BPCL,749.0,737.0,769.0,735.0,303178,stock
2025-10-30,BPCL,751.7,779.0,795.0,724.3,262538,stock
2025-11-02,BPCL,779.0,776.0,795.0,765.1,326140,stock
2025-11-03,BPCL,780.0,775.0,787.5,756.0,130668,stock
2025-11-04,BPCL,790.5,754.2,790.5,751.1,165109,stock
2025-11-05,BPCL,769.2,775.0,780.0,743.0,121049,stock
2025-11-06,BPCL,790.5,762.0,790.5,751.0,228775,stock
2025-11-09,BPCL,762.0,736.0,769.0,730.1,184087,stock
2025-11-10,BPCL,736.0,737.0,747.6,719.1,106665,stock
2025-11-11,BPCL,751.7,725.0,751.7,721.0,51279,stock
2025-11-12,BPCL,739.5,705.0,739.5,700.0,110673,stock
2025-11-13,BPCL,691.0,701.0,715.0,691.0,107021,stock
2025-11-16,BPCL,701.0,712.7,713.0,697.0,49411,stock
2025-11-17,BPCL,726.9,737.0,741.5,706.5,154072,stock
2025-11-18,BPCL,740.0,731.0,755.0,730.0,122730,stock
2025-11-19,BPCL,716.4,719.7,743.0,715.2,80104,stock
2025-11-20,BPCL,719.7,716.5,726.9,713.0,99693,stock
2025-11-23,BPCL,725.0,735.0,739.0,725.0,95813,stock
2025-11-24,BPCL,749.7,738.0,750.1,721.0,114242,stock
2025-11-25,BPCL,738.0,745.0,760.0,734.0,94283,stock
2025-11-26,BPCL,759.9,735.1,759.9,730.0,77321,stock
2025-11-27,BPCL,730.6,727.0,747.0,725.4,52545,stock
2025-11-30,BPCL,712.5,720.4,739.5,712.5,94847,stock
2025-12-01,BPCL,721.3,715.0,729.8,715.0,53031,stock
2025-12-02,BPCL,701.0,715.0,726.0,701.0,54441,stock
2025-12-03,BPCL,729.0,718.0,729.0,710.0,99098,stock
2025-12-07,BPCL,704.0,706.5,716.0,704.0,53453,stock
2025-12-08,BPCL,693.0,704.0,716.0,693.0,60693,stock
2025-12-09,BPCL,712.0,713.0,719.9,702.0,75455,stock
2025-12-10,BPCL,715.0,714.0,722.0,710.0,70843,stock
2025-12-11,BPCL,700.0,706.7,727.0,700.0,70379,stock
2025-12-14,BPCL,692.6,705.0,714.0,692.6,100400,stock
2025-12-15,BPCL,703.0,703.1,710.0,697.0,68709,stock
2025-12-16,BPCL,705.0,713.0,719.0,705.0,50531,stock
2025-12-17,BPCL,699.0,719.3,725.0,699.0,114484,stock
2025-12-18,BPCL,705.0,733.0,739.0,705.0,220396,stock
2025-12-21,BPCL,747.0,715.8,747.0,711.2,91853,stock
2025-12-22,BPCL,707.0,710.0,714.0,705.0,61921,stock
2025-12-23,BPCL,706.0,706.1,713.0,705.0,44561,stock
2025-12-24,BPCL,706.1,714.0,720.1,705.0,53202,stock
2025-12-28,BPCL,716.0,736.0,739.9,713.0,161723,stock
2025-12-29,BPCL,737.0,727.0,742.0,724.0,126728,stock
2025-12-31,BPCL,740.0,741.9,741.9,724.0,147872,stock
2026-01-01,BPCL,727.1,745.1,755.0,727.1,164149,stock
2026-01-04,BPCL,740.0,729.7,748.0,725.5,83307,stock
2026-01-05,BPCL,730.0,745.0,745.0,726.8,88085,stock
2026-01-06,BPCL,730.2,770.0,780.2,730.2,307299,stock
2026-01-07,BPCL,755.0,756.9,777.0,752.1,163605,stock
2026-01-08,BPCL,752.0,764.0,765.0,746.9,116648,stock
2026-01-12,BPCL,764.0,758.0,777.7,756.3,215721,stock
2026-01-13,BPCL,745.0,785.0,795.0,745.0,359095,stock
2026-01-14,BPCL,770.0,786.0,814.0,770.0,233851,stock
2026-01-18,BPCL,787.0,777.0,800.0,775.1,198894,stock
2026-01-20,BPCL,762.0,798.0,800.7,762.0,304872,stock
2026-01-21,BPCL,798.0,806.0,819.0,798.0,322054,stock
2026-01-22,BPCL,790.0,795.0,814.5,790.0,187348,stock
2026-01-25,BPCL,780.0,790.0,805.9,780.0,237903,stock
2026-01-26,BPCL,774.2,776.0,800.0,774.2,224746,stock
2026-01-27,BPCL,776.0,770.0,803.8,769.0,314177,stock
2026-01-28,BPCL,755.0,773.0,795.0,755.0,179013,stock
2026-01-29,BPCL,788.0,781.8,800.0,773.2,209261,stock
2026-02-01,BPCL,785.0,754.0,789.0,753.2,89361,stock
2026-02-02,BPCL,750.0,744.0,769.8,741.2,157136,stock
2026-02-03,BPCL,729.3,739.0,753.0,729.3,85262,stock
2026-02-04,BPCL,724.3,740.0,771.0,724.3,67863,stock
2026-02-05,BPCL,750.0,755.0,774.9,740.3,109073,stock
2026-02-08,BPCL,770.1,743.0,770.1,741.0,70700,stock
2026-02-09,BPCL,757.8,727.0,757.8,725.1,119501,stock
2026-02-10,BPCL,738.0,716.0,738.0,715.0,80498,stock
2026-02-11,BPCL,702.0,721.9,730.0,702.0,55802,stock
2026-02-12,BPCL,736.3,713.0,736.3,708.6,97346,stock
2026-02-16,BPCL,727.2,706.2,727.2,705.0,51352,stock
2026-02-17,BPCL,692.2,711.0,718.0,692.2,81908,stock
2026-02-22,BPCL,725.2,695.0,725.2,695.0,56200,stock
2026-02-23,BPCL,708.9,699.0,708.9,696.0,49306,stock
2026-02-24,BPCL,695.0,704.9,723.0,695.0,35037,stock
2026-02-25,BPCL,700.0,710.0,717.0,700.0,51706,stock
2026-02-26,BPCL,695.9,713.0,749.0,682.0,108908,stock
2026-03-01,BPCL,699.0,715.0,718.0,699.0,33235,stock
2026-03-03,BPCL,700.9,733.0,734.0,700.9,68318,stock
2026-03-09,BPCL,747.6,800.0,800.0,747.6,3815,stock
2026-03-10,BPCL,800.0,769.0,800.0,750.0,218668,stock
2026-03-11,BPCL,784.3,755.0,784.3,740.0,89857,stock
2026-03-12,BPCL,752.9,743.9,756.0,737.8,72684,stock
2026-03-15,BPCL,730.0,738.0,755.0,730.0,91758,stock
2026-03-16,BPCL,752.7,727.0,752.7,725.0,110189,stock
2026-03-17,BPCL,741.5,726.0,741.5,715.0,69063,stock
2026-03-19,BPCL,711.5,752.0,774.1,711.5,161981,stock
2026-03-22,BPCL,767.0,749.9,767.0,742.0,64906,stock
2026-03-23,BPCL,764.8,746.5,764.8,735.1,81870,stock
2026-03-24,BPCL,761.4,752.8,761.4,737.0,136394,stock
2026-03-25,BPCL,753.0,750.0,760.0,746.1,70784,stock
2026-03-26,BPCL,742.0,750.0,750.0,740.0,59681,stock
2026-03-29,BPCL,750.0,729.0,758.9,726.0,135155,stock
2026-03-30,BPCL,714.5,716.5,736.9,714.5,81759,stock
2026-03-31,BPCL,720.0,718.0,725.0,705.6,47456,stock
2026-04-01,BPCL,704.0,698.7,718.0,680.0,123208,stock
2026-04-02,BPCL,685.0,690.0,704.9,681.2,108201,stock
2026-04-05,BPCL,689.0,664.0,690.0,655.0,163042,stock
2026-04-06,BPCL,676.0,700.0,700.0,659.1,72344,stock
2026-04-07,BPCL,703.0,699.0,707.9,691.0,61630,stock
2026-04-08,BPCL,701.0,702.0,710.0,699.0,33759,stock
2026-04-09,BPCL,705.0,715.0,717.0,700.0,41647,stock
2026-04-10,BPCL,715.0,723.0,725.0,705.4,68641,stock
2026-04-13,BPCL,737.4,714.9,737.4,710.2,25403,stock
2026-04-15,BPCL,729.0,711.0,729.0,710.9,56657,stock
2026-04-16,BPCL,697.0,696.0,711.0,691.0,46817,stock
2026-04-17,BPCL,683.0,697.0,709.8,683.0,22921,stock
2026-04-20,BPCL,731.8,697.9,731.8,690.3,25428,stock
2026-04-21,BPCL,732.7,697.0,732.7,687.0,26704,stock
2026-04-22,BPCL,683.0,697.0,702.0,680.0,35822,stock
2026-04-23,BPCL,698.0,690.0,698.0,681.1,20341,stock
2026-04-24,BPCL,695.0,682.0,695.0,675.0,32946,stock
2026-04-27,BPCL,682.0,679.0,694.8,678.0,10000,stock
2026-04-28,BPCL,712.9,675.0,712.9,670.1,16498,stock
2026-04-29,BPCL,684.0,667.0,684.0,662.0,19271,stock
2026-04-30,BPCL,665.0,668.0,675.0,655.0,18662,stock
2026-05-04,BPCL,660.0,664.8,687.0,660.0,30420,stock
2026-05-05,BPCL,631.6,661.0,674.0,631.6,15646,stock
2026-05-06,BPCL,694.0,657.9,694.0,650.0,46658,stock
2026-05-07,BPCL,689.1,656.2,689.1,656.0,11942,stock
2026-05-08,BPCL,689.0,670.0,689.0,655.1,7738,stock
2026-05-11,BPCL,670.0,684.0,684.0,662.0,27883,stock
2026-05-12,BPCL,718.2,668.0,718.2,665.1,48243,stock
2026-05-13,BPCL,661.0,663.1,670.0,661.0,21164,stock
2026-05-14,BPCL,665.0,677.5,678.9,660.0,28549,stock
2026-05-15,BPCL,711.0,695.9,711.0,670.2,59629,stock
2026-05-18,BPCL,730.0,709.0,730.0,686.0,76071,stock
2026-05-19,BPCL,710.0,699.4,710.9,691.3,35095,stock
2026-05-20,BPCL,734.3,705.0,734.3,691.2,77861,stock
2026-05-21,BPCL,740.2,701.8,740.2,690.1,78436,stock
2026-05-22,BPCL,695.1,699.0,705.0,695.1,44960,stock
2026-05-25,BPCL,699.0,704.0,709.0,680.0,58233,stock
2026-05-26,BPCL,704.0,697.0,708.0,693.0,22562,stock
2026-05-27,BPCL,731.0,696.9,731.0,692.0,27370,stock
2026-06-01,BPCL,700.0,681.9,700.0,671.4,23940,stock
2026-06-02,BPCL,685.0,688.8,692.0,682.0,20980,stock
2026-06-03,BPCL,680.0,690.0,700.0,678.9,17813,stock
2026-06-04,BPCL,697.0,688.9,697.0,684.0,14555,stock
2026-06-05,BPCL,696.0,679.9,696.0,679.8,14756,stock
2026-06-08,BPCL,680.0,679.0,693.0,676.0,9447,stock
2026-06-09,BPCL,710.9,674.1,710.9,670.0,20640,stock
2026-06-10,BPCL,675.0,676.0,686.0,675.0,22161,stock
2026-06-11,BPCL,676.0,681.1,695.0,676.0,37655,stock
2026-06-12,BPCL,709.9,679.9,709.9,668.6,23427,stock
2026-06-15,BPCL,680.0,679.5,682.0,670.3,14092,stock
2026-06-16,BPCL,646.0,680.0,681.9,646.0,33643,stock
2026-06-17,BPCL,646.0,677.0,698.0,646.0,7929,stock
2026-06-18,BPCL,650.0,671.0,679.0,650.0,25745,stock
2026-06-19,BPCL,704.5,670.0,704.5,667.1,10718,stock
2026-06-22,BPCL,666.3,671.0,684.9,666.3,9452,stock
2026-06-23,BPCL,675.0,666.0,675.0,660.0,14215,stock
2026-06-24,BPCL,666.0,657.0,666.0,640.0,32236,stock
2026-06-25,BPCL,642.0,650.0,659.0,642.0,15523,stock
2026-06-26,BPCL,617.5,654.9,670.0,617.5,44676,stock
2026-06-29,BPCL,654.9,642.0,654.9,642.0,33936,stock
2026-06-30,BPCL,649.0,636.0,649.0,636.0,16893,stock
2026-07-01,BPCL,637.0,642.6,650.8,637.0,35359,stock
2026-07-02,BPCL,674.7,659.9,674.7,645.0,15303,stock
2026-07-03,BPCL,692.8,665.0,692.8,646.4,18917,stock
2026-07-06,BPCL,652.0,648.0,665.4,647.7,31858,stock
2026-07-07,BPCL,648.0,653.9,656.0,641.0,9422,stock
2026-07-08,BPCL,650.0,646.9,652.0,641.0,20052,stock
2026-07-09,BPCL,641.0,650.0,650.0,640.1,12759,stock
2026-07-10,BPCL,653.0,650.0,658.0,636.0,19571,stock
2026-07-13,BPCL,650.0,647.9,650.0,631.0,29331,stock
2026-07-14,BPCL,680.0,638.0,680.0,638.0,27855,stock
2026-07-15,BPCL,649.0,643.0,650.0,640.3,12870,stock
2026-07-16,BPCL,612.0,668.0,668.0,612.0,37996,stock
2026-07-17,BPCL,650.0,671.0,674.9,650.0,31635,stock
2026-07-20,BPCL,679.8,675.0,680.0,669.0,43844,stock
2026-07-21,BPCL,663.0,673.0,689.9,659.8,41027,stock
2026-07-22,BPCL,640.0,671.8,677.9,640.0,24712,stock
2026-07-23,BPCL,705.3,670.9,705.3,656.0,19529,stock
2026-07-24,BPCL,660.2,665.0,674.0,660.0,34471,stock
2026-07-27,BPCL,645.1,665.0,677.0,645.1,17921,stock
2026-07-28,BPCL,665.0,660.0,666.9,655.6,9502,stock
2026-07-29,BPCL,660.0,660.0,661.0,650.2,22240,stock
2026-07-30,BPCL,693.0,650.0,693.0,645.0,22963,stock
2026-07-31,BPCL,645.0,655.5,658.0,640.1,20139,stock
2026-08-03,BPCL,636.1,656.5,658.0,636.1,12784,stock
2026-08-04,BPCL,659.0,645.0,659.0,645.0,19339,stock
2026-08-05,BPCL,647.1,654.0,658.0,645.0,14494,stock
2026-08-06,BPCL,645.0,653.0,658.0,644.0,31224,stock
2026-08-07,BPCL,648.0,650.0,651.5,646.0,3243,stock
2026-08-10,BPCL,650.0,649.8,650.0,638.0,17280,stock
2026-08-11,BPCL,650.0,647.0,651.0,642.0,9518,stock
2026-08-12,BPCL,653.0,655.0,706.4,643.0,22253,stock
2026-08-13,BPCL,645.0,649.0,657.0,642.0,14205,stock
2026-08-14,BPCL,650.1,644.9,650.1,640.0,9810,stock
2026-08-17,BPCL,645.0,644.0,645.0,640.0,13609,stock
2026-08-18,BPCL,644.0,638.0,644.0,638.0,7966,stock
2026-08-19,BPCL,640.0,641.0,643.6,635.1,4318,stock
2026-08-20,BPCL,640.0,655.0,655.0,635.3,18405,stock
2026-08-21,BPCL,655.0,660.0,668.0,648.0,86126,stock
2026-08-24,BPCL,648.0,659.8,666.9,648.0,31735,stock
2026-08-25,BPCL,657.0,653.0,660.0,649.0,15893,stock
2026-08-26,BPCL,649.0,640.0,653.0,637.0,19420,stock
2026-08-27,BPCL,630.0,640.0,644.0,628.0,8262,stock
2026-08-31,BPCL,635.0,627.0,636.0,626.2,20854,stock
2026-09-01,BPCL,625.5,640.0,640.0,625.5,7413,stock
2026-09-02,BPCL,637.0,644.0,644.0,634.6,8745,stock
2026-09-03,BPCL,644.0,633.6,644.9,628.0,5079,stock
2026-09-07,BPCL,634.0,645.0,649.0,634.0,13485,stock
2026-09-09,BPCL,646.0,643.0,648.0,638.2,4544,stock
2026-09-10,BPCL,643.0,639.0,643.0,633.0,6882,stock
2026-09-11,BPCL,645.0,642.0,647.9,630.0,10390,stock
2026-09-14,BPCL,642.0,653.9,660.0,642.0,29947,stock
2026-09-15,BPCL,686.0,673.9,686.0,658.5,92913,stock
2026-09-16,BPCL,675.0,676.9,685.0,665.2,75851,stock
2026-09-17,BPCL,645.0,672.7,690.0,645.0,39217,stock
2026-09-18,BPCL,669.0,698.0,701.0,662.0,218225,stock
2026-09-22,BPCL,695.0,688.8,700.0,682.0,33125,stock
2026-09-23,BPCL,685.0,674.9,689.0,670.5,52873,stock
2026-09-24,BPCL,672.0,676.0,688.0,668.1,31941,stock
2026-09-28,BPCL,670.0,662.0,686.9,660.0,28275,stock
2026-09-29,BPCL,665.0,660.0,674.0,655.1,22052,stock
2026-09-30,BPCL,660.0,659.9,665.0,656.4,19220,stock
2026-10-01,BPCL,656.1,655.0,670.0,645.0,52623,stock
2026-10-02,BPCL,655.0,645.0,655.0,640.6,21979,stock
2026-10-05,BPCL,640.2,644.0,650.0,640.2,15003,stock
