time,symbol,open,close,high,low,volume,category
2012-01-01,HBL,82.17,81.84,81.84,81.84,30,stock
2012-01-02,HBL,81.84,84.17,84.17,81.84,652,stock
2012-01-03,HBL,84.17,85.33,86.66,85.17,371,stock
2012-01-04,HBL,85.33,84.0,84.0,84.0,52,stock
2012-01-05,HBL,84.0,81.17,82.67,81.17,184,stock
2012-01-08,HBL,81.17,81.01,82.67,80.51,1009,stock
2012-01-09,HBL,81.01,81.34,82.5,81.01,249,stock
2012-01-10,HBL,81.34,82.84,82.84,81.34,452,stock
2012-01-11,HBL,82.84,82.67,82.67,82.67,100,stock
2012-01-12,HBL,82.67,84.17,84.17,82.67,1125,stock
2012-01-17,HBL,84.17,82.67,82.67,82.67,155,stock
2012-01-18,HBL,82.67,81.01,82.67,81.01,875,stock
2012-01-22,HBL,81.01,83.5,83.5,81.67,144,stock
2012-01-23,HBL,83.5,81.17,82.0,79.67,1262,stock
2012-01-29,HBL,81.17,81.01,81.17,81.01,145,stock
2012-01-31,HBL,81.01,81.01,82.0,81.01,262,stock
2012-02-01,HBL,81.01,81.84,81.84,81.01,801,stock
2012-02-02,HBL,81.84,83.17,83.17,81.84,163,stock
2012-02-05,HBL,83.17,81.84,81.84,81.84,698,stock
2012-02-06,HBL,81.84,81.34,82.34,81.17,1097,stock
2012-02-07,HBL,81.34,80.67,80.67,80.67,710,stock
2012-02-12,HBL,80.67,81.01,81.01,81.01,22,stock
2012-02-13,HBL,81.01,81.01,81.84,81.01,471,stock
2012-02-14,HBL,81.01,81.34,81.34,81.01,150,stock
2012-02-15,HBL,81.34,81.01,81.84,81.01,60,stock
2012-02-16,HBL,81.01,81.01,81.01,80.67,361,stock
2012-02-21,HBL,81.01,81.01,81.01,81.01,125,stock
2012-02-23,HBL,81.01,80.17,80.67,80.17,517,stock
2012-02-26,HBL,80.17,79.51,80.17,79.51,1085,stock
2012-02-27,HBL,79.51,81.01,81.01,80.17,317,stock
2012-02-28,HBL,81.01,81.01,81.34,79.84,837,stock
2012-02-29,HBL,81.01,81.01,81.34,80.34,622,stock
2012-03-01,HBL,81.01,82.34,82.34,81.01,279,stock
2012-03-04,HBL,82.34,82.67,82.67,82.17,448,stock
2012-03-05,HBL,82.67,83.5,83.5,83.5,158,stock
2012-03-06,HBL,83.5,84.33,84.33,83.5,970,stock
2012-03-11,HBL,84.33,84.17,84.17,83.5,335,stock
2012-03-12,HBL,84.17,84.17,84.5,83.0,522,stock
2012-03-13,HBL,84.17,83.5,83.67,82.67,124,stock
2012-03-15,HBL,83.5,80.51,82.67,80.51,294,stock
2012-03-18,HBL,80.51,80.17,80.34,79.17,984,stock
2012-03-19,HBL,80.17,79.34,80.17,79.01,943,stock
2012-03-20,HBL,79.34,79.34,79.34,79.34,600,stock
2012-03-21,HBL,79.34,79.34,80.51,79.34,1809,stock
2012-03-25,HBL,79.34,79.34,79.34,79.17,205,stock
2012-03-26,HBL,79.34,78.51,79.34,77.34,773,stock
2012-03-27,HBL,78.51,78.51,78.51,77.34,1075,stock
2012-03-28,HBL,78.51,77.84,78.51,77.68,752,stock
2012-03-29,HBL,77.84,78.51,78.68,77.68,327,stock
2012-04-01,HBL,78.51,78.51,79.51,78.51,241,stock
2012-04-02,HBL,78.51,78.68,79.84,78.01,2766,stock
2012-04-03,HBL,78.68,79.17,79.17,78.68,316,stock
2012-04-04,HBL,79.17,79.01,79.01,78.01,656,stock
2012-04-05,HBL,79.01,79.17,79.51,77.68,1614,stock
2012-04-08,HBL,79.17,79.34,79.34,79.01,797,stock
2012-04-09,HBL,79.34,79.34,79.34,77.84,798,stock
2012-04-10,HBL,79.34,83.17,83.17,80.17,243,stock
2012-04-11,HBL,83.17,82.84,85.17,81.84,3049,stock
2012-04-12,HBL,82.84,85.66,85.66,84.17,687,stock
2012-04-15,HBL,85.66,92.65,93.65,87.0,715,stock
2012-04-16,HBL,92.65,97.81,97.81,94.32,410,stock
2012-04-17,HBL,97.81,88.49,101.47,88.49,2220,stock
2012-04-18,HBL,88.49,92.65,94.32,86.16,2472,stock
2012-04-19,HBL,92.65,96.15,96.98,94.15,2642,stock
2012-04-22,HBL,96.15,104.3,104.3,97.65,1909,stock
2012-04-24,HBL,104.3,106.3,106.3,106.3,386,stock
2012-04-25,HBL,106.3,110.29,110.29,108.3,35,stock
2012-04-26,HBL,110.29,119.95,120.78,108.96,6368,stock
2012-04-29,HBL,119.95,123.94,123.94,116.95,4214,stock
2012-04-30,HBL,123.94,116.28,123.44,116.28,1466,stock
2012-05-02,HBL,116.28,117.62,117.62,117.62,38,stock
2012-05-03,HBL,117.62,128.93,128.93,119.78,1980,stock
2012-05-07,HBL,128.93,141.25,141.25,131.26,709,stock
2012-05-08,HBL,141.25,135.75,145.91,127.6,3480,stock
2012-05-09,HBL,135.75,131.93,133.26,127.6,1639,stock
2012-05-10,HBL,131.93,125.1,129.43,125.1,3498,stock
2012-05-13,HBL,125.1,113.29,122.77,113.29,491,stock
2012-05-14,HBL,113.29,106.3,111.13,102.64,1035,stock
2012-05-16,HBL,106.3,108.3,108.3,108.3,13,stock
2012-05-17,HBL,108.3,118.61,118.61,110.29,2944,stock
2012-05-20,HBL,118.61,120.11,124.27,115.95,3243,stock
2012-05-21,HBL,120.11,122.28,122.77,120.11,1844,stock
2012-05-22,HBL,122.28,120.28,120.78,119.28,2408,stock
2012-05-23,HBL,120.28,112.79,118.11,111.62,942,stock
2012-05-24,HBL,112.79,115.95,116.95,110.63,1215,stock
2012-05-27,HBL,115.95,123.77,125.94,117.95,3011,stock
2012-06-03,HBL,123.77,113.46,126.1,113.46,350,stock
2012-06-04,HBL,113.46,112.29,115.62,110.46,3299,stock
2012-06-05,HBL,112.29,106.47,110.29,106.47,1060,stock
2012-06-06,HBL,106.47,102.64,107.46,102.64,1113,stock
2012-06-07,HBL,102.64,104.47,106.3,99.31,1986,stock
2012-06-10,HBL,104.47,100.31,102.64,97.81,2119,stock
2012-06-11,HBL,100.31,100.97,102.64,100.97,379,stock
2012-06-12,HBL,100.97,102.31,102.81,102.31,101,stock
2012-06-13,HBL,102.31,100.48,100.81,100.48,260,stock
2012-06-17,HBL,100.48,97.98,98.64,95.15,4913,stock
2012-06-18,HBL,97.98,97.65,98.98,96.98,1102,stock
2012-06-19,HBL,97.65,99.31,100.14,97.31,975,stock
2012-06-20,HBL,99.31,100.81,101.14,100.64,194,stock
2012-06-21,HBL,100.81,102.64,102.64,100.81,849,stock
2012-06-25,HBL,102.64,105.13,105.63,102.64,718,stock
2012-06-26,HBL,105.13,101.97,104.14,101.81,653,stock
2012-06-27,HBL,101.97,102.64,104.3,101.81,3458,stock
2012-06-28,HBL,102.64,105.97,107.96,103.97,12039,stock
2012-07-01,HBL,105.97,105.97,107.13,104.64,811,stock
2012-07-02,HBL,105.97,107.63,109.3,105.97,217,stock
2012-07-03,HBL,107.63,109.63,110.13,108.96,130,stock
2012-07-04,HBL,109.63,108.8,110.79,107.46,1862,stock
2012-07-05,HBL,108.8,108.3,110.13,107.13,3291,stock
2012-07-08,HBL,108.3,110.13,110.29,107.96,811,stock
2012-07-09,HBL,110.13,110.13,110.13,108.63,1377,stock
2012-07-10,HBL,110.13,111.62,112.46,108.46,424,stock
2012-07-11,HBL,111.62,110.29,110.96,108.96,4802,stock
2012-07-12,HBL,110.29,109.3,109.96,108.3,2926,stock
2012-07-15,HBL,109.3,113.12,113.12,110.96,261,stock
2012-07-16,HBL,113.12,110.63,110.96,109.3,3170,stock
2012-07-17,HBL,110.63,108.63,108.63,108.63,67,stock
2012-07-18,HBL,108.63,113.46,113.46,107.63,960,stock
2012-07-19,HBL,113.46,111.62,115.62,111.29,2690,stock
2012-07-22,HBL,111.62,117.62,119.95,110.96,2964,stock
2012-07-23,HBL,117.62,120.11,121.61,117.62,2237,stock
2012-07-24,HBL,120.11,121.11,122.61,118.11,2347,stock
2012-07-25,HBL,121.11,121.61,121.61,121.61,17,stock
2012-07-26,HBL,121.61,118.28,119.28,116.78,959,stock
2012-07-29,HBL,118.28,115.95,117.62,115.95,359,stock
2012-07-30,HBL,115.95,118.78,120.11,114.29,1015,stock
2012-07-31,HBL,118.78,119.28,119.28,119.11,315,stock
2012-08-01,HBL,119.28,118.61,119.61,118.61,516,stock
2012-08-05,HBL,118.61,120.61,120.61,119.28,1187,stock
2012-08-06,HBL,120.61,119.28,120.94,118.28,1678,stock
2012-08-07,HBL,119.28,119.11,120.94,118.61,1341,stock
2012-08-08,HBL,119.11,118.45,120.78,117.62,940,stock
2012-08-12,HBL,118.45,116.45,119.28,115.29,659,stock
2012-08-13,HBL,116.45,114.62,116.45,114.29,536,stock
2012-08-14,HBL,114.62,112.62,112.96,110.96,966,stock
2012-08-15,HBL,112.62,112.12,114.29,112.12,421,stock
2012-08-16,HBL,112.12,115.29,115.29,110.96,1186,stock
2012-08-19,HBL,115.29,115.95,115.95,114.29,394,stock
2012-08-21,HBL,115.95,117.62,119.11,116.78,2470,stock
2012-08-22,HBL,117.62,119.61,119.61,116.78,1519,stock
2012-08-23,HBL,119.61,117.62,119.28,117.62,1789,stock
2012-08-26,HBL,117.62,117.62,117.62,115.95,215,stock
2012-08-27,HBL,117.62,118.95,118.95,117.45,306,stock
2012-08-28,HBL,118.95,117.78,120.78,117.78,964,stock
2012-08-29,HBL,117.78,118.78,119.28,116.78,1229,stock
2012-08-30,HBL,118.78,119.11,119.28,118.95,465,stock
2012-09-02,HBL,119.11,120.28,121.11,118.45,903,stock
2012-09-03,HBL,120.28,121.28,121.61,118.11,2940,stock
2012-09-04,HBL,121.28,119.28,121.78,119.28,1959,stock
2012-09-05,HBL,119.28,117.62,119.28,117.62,510,stock
2012-09-06,HBL,117.62,119.28,120.11,118.45,641,stock
2012-09-09,HBL,119.28,118.95,118.95,116.78,550,stock
2012-09-10,HBL,118.95,117.62,119.28,117.62,1708,stock
2012-09-11,HBL,117.62,120.61,120.94,117.78,913,stock
2012-09-12,HBL,120.61,120.78,121.44,120.61,904,stock
2012-09-13,HBL,120.78,122.11,122.11,121.28,677,stock
2012-09-16,HBL,122.11,124.44,124.44,122.61,1686,stock
2012-09-17,HBL,124.44,124.6,125.94,124.6,819,stock
2012-09-18,HBL,124.6,124.77,126.1,124.11,1935,stock
2012-09-19,HBL,124.77,123.44,124.11,121.78,1151,stock
2012-09-20,HBL,123.44,124.11,125.77,123.27,866,stock
2012-09-23,HBL,124.11,120.94,121.94,119.61,587,stock
2012-09-24,HBL,120.94,120.44,120.94,119.28,1070,stock
2012-09-25,HBL,120.44,119.28,119.61,119.28,726,stock
2012-09-26,HBL,119.28,119.28,119.95,117.78,515,stock
2012-09-27,HBL,119.28,120.11,120.78,118.61,573,stock
2012-09-30,HBL,120.11,119.45,120.94,119.28,1526,stock
2012-10-01,HBL,119.45,120.78,120.78,116.78,634,stock
2012-10-02,HBL,120.78,120.94,120.94,118.78,445,stock
2012-10-03,HBL,120.94,120.11,120.94,119.28,1052,stock
2012-10-04,HBL,120.11,119.28,119.28,119.28,325,stock
2012-10-07,HBL,119.28,119.95,120.11,119.28,834,stock
2012-10-08,HBL,119.95,121.61,121.61,118.45,946,stock
2012-10-09,HBL,121.61,119.11,121.61,119.11,680,stock
2012-10-10,HBL,119.11,119.28,120.61,119.28,277,stock
2012-10-11,HBL,119.28,118.45,119.28,118.45,580,stock
2012-10-14,HBL,118.45,119.61,120.28,119.28,477,stock
2012-10-15,HBL,119.61,122.61,122.61,120.94,165,stock
2012-10-17,HBL,122.61,124.44,124.44,123.94,78,stock
2012-10-18,HBL,124.44,125.94,125.94,123.94,94,stock
2012-10-30,HBL,125.94,129.1,129.1,127.43,399,stock
2012-10-31,HBL,129.1,131.59,133.92,128.43,1550,stock
2012-11-01,HBL,131.59,129.43,129.76,128.43,2560,stock
2012-11-04,HBL,129.43,130.93,130.93,129.6,1073,stock
2012-11-05,HBL,130.93,132.59,134.92,128.6,1888,stock
2012-11-06,HBL,132.59,133.59,134.26,130.93,1400,stock
2012-11-07,HBL,133.59,137.25,137.58,135.09,1205,stock
2012-11-08,HBL,137.25,139.25,141.91,136.75,6272,stock
2012-11-11,HBL,139.25,137.92,140.08,137.75,3047,stock
2012-11-12,HBL,137.92,140.91,144.24,137.58,1235,stock
2012-11-18,HBL,140.91,147.57,149.57,141.75,1543,stock
2012-11-20,HBL,147.57,154.23,155.72,150.4,4601,stock
2012-11-21,HBL,154.23,154.23,158.05,148.07,6461,stock
2012-11-22,HBL,154.23,154.23,154.39,150.23,4534,stock
2012-11-25,HBL,154.23,153.89,157.22,152.56,3285,stock
2012-11-26,HBL,153.89,150.56,153.56,150.56,8631,stock
2012-11-27,HBL,150.56,147.24,150.56,146.24,2360,stock
2012-11-28,HBL,147.24,148.4,148.4,145.24,2439,stock
2012-11-29,HBL,148.4,146.07,148.4,145.91,2160,stock
2012-12-02,HBL,146.07,142.74,143.41,140.58,2607,stock
2012-12-03,HBL,142.74,140.08,141.75,139.42,3521,stock
2012-12-04,HBL,140.08,145.74,147.9,141.75,1191,stock
2012-12-05,HBL,145.74,152.56,153.39,147.9,680,stock
2012-12-06,HBL,152.56,149.07,149.73,145.24,1713,stock
2012-12-09,HBL,149.07,144.24,146.24,142.74,2152,stock
2012-12-10,HBL,144.24,146.57,146.57,144.24,507,stock
2012-12-11,HBL,146.57,148.07,149.23,145.41,3731,stock
2012-12-13,HBL,169.61,156.79,156.79,153.54,676,stock
2012-12-16,HBL,156.79,157.94,160.42,157.55,564,stock
2012-12-17,HBL,157.94,156.79,163.3,156.79,2230,stock
2012-12-18,HBL,156.79,156.02,157.17,155.64,1653,stock
2012-12-19,HBL,156.02,157.17,158.89,156.6,904,stock
2012-12-20,HBL,157.17,157.75,157.75,156.6,1068,stock
2012-12-23,HBL,157.75,156.6,157.55,156.6,228,stock
2012-12-24,HBL,156.6,158.51,159.47,156.6,858,stock
2012-12-26,HBL,158.51,164.25,164.25,155.64,2263,stock
2012-12-27,HBL,164.25,165.59,167.51,158.51,3047,stock
2012-12-31,HBL,165.59,158.7,163.3,157.75,994,stock
2013-01-01,HBL,158.7,158.51,160.42,158.51,757,stock
2013-01-02,HBL,158.51,161.57,161.57,156.6,817,stock
2013-01-03,HBL,161.57,161.38,164.44,158.51,1287,stock
2013-01-06,HBL,161.38,160.42,162.53,158.51,2643,stock
2013-01-07,HBL,160.42,162.15,162.15,162.15,23,stock
2013-01-09,HBL,162.15,158.51,159.09,157.55,299,stock
2013-01-10,HBL,158.51,157.55,158.7,155.07,2445,stock
2013-01-13,HBL,157.55,157.55,157.55,156.41,500,stock
2013-01-15,HBL,157.55,155.64,155.83,154.49,510,stock
2013-01-16,HBL,155.64,158.51,158.51,158.51,31,stock
2013-01-17,HBL,158.51,155.45,155.45,155.45,74,stock
2013-01-20,HBL,155.45,152.58,152.58,152.58,66,stock
2013-01-21,HBL,152.58,153.54,156.41,152.77,244,stock
2013-01-22,HBL,153.54,153.73,155.64,153.54,224,stock
2013-01-23,HBL,153.73,149.9,153.73,148.94,1198,stock
2013-01-24,HBL,149.9,149.9,149.9,147.99,875,stock
2013-01-27,HBL,149.9,148.94,149.9,148.94,378,stock
2013-01-28,HBL,148.94,150.86,150.86,148.94,676,stock
2013-01-30,HBL,150.86,149.33,150.28,147.99,1345,stock
2013-01-31,HBL,149.33,149.13,149.13,147.99,289,stock
2013-02-03,HBL,149.13,151.05,154.68,146.26,862,stock
2013-02-04,HBL,151.05,149.13,149.52,148.94,515,stock
2013-02-05,HBL,149.13,146.45,148.37,146.45,1826,stock
2013-02-06,HBL,146.45,145.11,147.99,144.92,3463,stock
2013-02-07,HBL,145.11,149.9,149.9,147.03,275,stock
2013-02-10,HBL,149.9,148.94,152.39,148.94,1625,stock
2013-02-12,HBL,148.94,157.36,157.55,151.81,3007,stock
2013-02-13,HBL,157.36,155.83,155.83,154.49,1352,stock
2013-02-14,HBL,155.83,157.94,158.51,157.55,1157,stock
2013-02-17,HBL,157.94,161.0,161.0,161.0,10,stock
2013-02-19,HBL,161.0,169.99,171.33,164.06,3670,stock
2013-02-20,HBL,169.99,162.34,166.74,162.34,301,stock
2013-02-21,HBL,162.34,167.12,167.12,162.34,865,stock
2013-02-24,HBL,167.12,164.83,168.08,164.83,344,stock
2013-02-25,HBL,164.83,163.3,167.89,160.42,2057,stock
2013-02-26,HBL,163.3,162.34,166.17,162.15,1608,stock
2013-02-27,HBL,162.34,161.19,161.19,159.28,125,stock
2013-02-28,HBL,161.19,161.38,161.38,157.55,1935,stock
2013-03-03,HBL,161.38,161.38,161.38,156.41,889,stock
2013-03-04,HBL,161.38,164.44,164.44,161.38,210,stock
2013-03-05,HBL,164.44,160.42,161.38,160.42,150,stock
2013-03-06,HBL,160.42,159.28,159.28,159.28,298,stock
2013-03-07,HBL,159.28,158.13,158.13,156.6,2231,stock
2013-03-11,HBL,158.13,158.13,159.47,158.13,490,stock
2013-03-13,HBL,158.13,159.28,160.04,157.55,3531,stock
2013-03-14,HBL,159.28,165.4,170.76,162.34,1111,stock
2013-03-17,HBL,165.4,159.47,165.4,159.47,900,stock
2013-03-18,HBL,159.47,155.64,159.09,155.64,831,stock
2013-03-19,HBL,155.64,157.55,158.51,155.64,1212,stock
2013-03-20,HBL,157.55,156.21,157.55,154.68,1235,stock
2013-03-21,HBL,156.21,153.92,154.68,153.34,1482,stock
2013-03-24,HBL,153.92,151.43,152.77,146.45,1692,stock
2013-03-25,HBL,151.43,152.96,154.3,151.81,532,stock
2013-03-27,HBL,152.96,152.77,154.68,150.66,865,stock
2013-03-31,HBL,152.77,148.94,149.9,147.99,591,stock
2013-04-01,HBL,148.94,149.9,149.9,143.2,1782,stock
2013-04-02,HBL,149.9,150.47,152.39,146.84,1149,stock
2013-04-03,HBL,150.47,150.86,150.86,150.47,241,stock
2013-04-04,HBL,150.86,149.9,150.86,148.94,418,stock
2013-04-07,HBL,149.9,149.9,149.9,148.94,603,stock
2013-04-08,HBL,149.9,150.09,152.77,149.9,807,stock
2013-04-09,HBL,150.09,150.86,150.86,149.52,1105,stock
2013-04-11,HBL,150.86,151.24,154.11,151.24,127,stock
2013-04-15,HBL,151.24,151.81,151.81,150.86,642,stock
2013-04-16,HBL,151.81,152.0,152.2,150.28,4409,stock
2013-04-17,HBL,152.0,149.9,152.58,149.9,738,stock
2013-04-18,HBL,149.9,147.99,147.99,147.99,300,stock
2013-04-21,HBL,147.99,146.26,147.99,146.26,332,stock
2013-04-22,HBL,146.26,139.76,145.11,139.76,5221,stock
2013-04-23,HBL,139.76,146.07,146.07,142.44,3846,stock
2013-04-25,HBL,146.07,145.11,145.11,145.11,204,stock
2013-04-28,HBL,145.11,144.16,144.16,141.29,729,stock
2013-04-29,HBL,144.16,144.54,144.54,143.58,270,stock
2013-04-30,HBL,144.54,145.11,145.31,144.73,201,stock
2013-05-02,HBL,145.11,142.24,145.11,142.24,388,stock
2013-05-05,HBL,142.24,138.99,142.24,138.99,634,stock
2013-05-07,HBL,138.99,138.42,141.67,138.42,599,stock
2013-05-08,HBL,138.42,137.46,137.84,137.46,719,stock
2013-05-09,HBL,137.46,137.46,137.46,135.55,1109,stock
2013-05-12,HBL,137.46,134.97,136.5,134.97,749,stock
2013-05-13,HBL,134.97,136.89,137.46,136.12,275,stock
2013-05-14,HBL,136.89,138.42,138.42,138.23,1484,stock
2013-05-15,HBL,138.42,141.29,141.29,138.42,1121,stock
2013-05-16,HBL,141.29,143.78,143.78,141.29,263,stock
2013-05-19,HBL,143.78,143.2,143.78,142.24,570,stock
2013-05-20,HBL,143.2,143.2,143.78,142.82,1530,stock
2013-05-21,HBL,143.2,144.16,144.16,143.58,486,stock
2013-05-22,HBL,144.16,144.16,144.16,141.48,1093,stock
2013-05-23,HBL,144.16,141.48,141.48,141.48,87,stock
2013-05-26,HBL,141.48,141.29,141.86,141.29,1194,stock
2013-05-27,HBL,141.29,144.16,144.16,143.2,341,stock
2013-05-28,HBL,144.16,143.2,143.2,143.2,345,stock
2013-05-30,HBL,143.2,142.24,142.24,141.29,424,stock
2013-06-02,HBL,142.24,141.67,143.2,141.67,553,stock
2013-06-03,HBL,141.67,144.35,144.35,142.24,872,stock
2013-06-04,HBL,144.35,142.44,144.35,142.24,228,stock
2013-06-05,HBL,142.44,142.24,142.44,142.24,414,stock
2013-06-06,HBL,142.24,142.24,142.24,142.24,1653,stock
2013-06-09,HBL,142.24,142.24,142.24,139.37,1007,stock
2013-06-10,HBL,142.24,143.01,143.01,140.9,3392,stock
2013-06-11,HBL,143.01,141.29,141.29,140.33,949,stock
2013-06-12,HBL,141.29,139.57,141.1,138.8,782,stock
2013-06-13,HBL,139.57,140.33,140.52,140.33,1816,stock
2013-06-16,HBL,140.33,144.92,144.92,143.01,284,stock
2013-06-17,HBL,144.92,142.24,142.24,142.24,26,stock
2013-06-18,HBL,142.24,139.57,139.76,139.57,254,stock
2013-06-19,HBL,139.57,138.42,138.42,136.5,327,stock
2013-06-20,HBL,138.42,133.82,136.5,133.82,305,stock
2013-06-23,HBL,133.82,132.87,136.31,132.87,889,stock
2013-06-24,HBL,132.87,135.35,137.84,135.35,54,stock
2013-06-25,HBL,135.35,138.23,138.61,133.63,1610,stock
2013-06-26,HBL,138.23,140.14,142.24,138.42,2941,stock
2013-06-27,HBL,140.14,138.42,138.42,137.27,888,stock
2013-06-30,HBL,138.42,137.65,138.61,137.65,1253,stock
2013-07-01,HBL,137.65,138.23,138.23,137.65,130,stock
2013-07-02,HBL,138.23,136.89,137.46,135.74,1575,stock
2013-07-03,HBL,136.89,134.78,136.89,134.78,3204,stock
2013-07-04,HBL,134.78,132.29,134.59,132.29,2702,stock
2013-07-07,HBL,132.29,134.59,135.55,134.21,812,stock
2013-07-08,HBL,134.59,136.12,136.5,135.35,1254,stock
2013-07-09,HBL,136.12,136.5,139.37,136.5,534,stock
2013-07-10,HBL,136.5,138.42,138.8,138.42,113,stock
2013-07-11,HBL,138.42,138.99,138.99,138.23,1472,stock
2013-07-14,HBL,138.99,138.42,138.42,138.42,202,stock
2013-07-15,HBL,138.42,138.42,138.42,138.42,766,stock
2013-07-16,HBL,138.42,141.1,141.1,138.42,783,stock
2013-07-17,HBL,141.1,138.42,138.42,138.42,179,stock
2013-07-18,HBL,138.42,139.95,140.9,138.61,840,stock
2013-07-21,HBL,139.95,144.16,145.31,142.44,739,stock
2013-07-22,HBL,144.16,144.92,146.84,144.16,258,stock
2013-07-23,HBL,144.92,143.2,144.73,143.2,931,stock
2013-07-24,HBL,143.2,140.9,142.24,140.9,777,stock
2013-07-25,HBL,140.9,142.24,143.2,140.33,1866,stock
2013-07-28,HBL,142.24,140.71,140.9,140.71,340,stock
2013-07-29,HBL,140.71,142.05,142.05,140.9,1259,stock
2013-07-30,HBL,142.05,143.97,144.35,142.63,789,stock
2013-07-31,HBL,143.97,144.16,145.31,143.39,1303,stock
2013-08-01,HBL,144.16,146.07,147.03,144.35,1888,stock
2013-08-04,HBL,146.07,147.79,148.75,146.07,3747,stock
2013-08-05,HBL,147.79,146.65,147.79,146.07,2082,stock
2013-08-06,HBL,146.65,148.37,148.37,144.16,1309,stock
2013-08-07,HBL,148.37,147.03,148.94,146.07,1553,stock
2013-08-08,HBL,147.03,148.75,148.94,147.99,247,stock
2013-08-11,HBL,148.75,147.41,147.99,147.22,300,stock
2013-08-12,HBL,147.41,147.03,147.41,146.07,688,stock
2013-08-13,HBL,147.03,147.03,147.03,147.03,50,stock
2013-08-14,HBL,147.03,147.03,149.9,147.03,1338,stock
2013-08-15,HBL,147.03,144.16,146.26,144.16,328,stock
2013-08-18,HBL,144.16,144.54,146.07,137.27,1571,stock
2013-08-19,HBL,144.54,144.54,145.88,144.16,889,stock
2013-08-20,HBL,144.54,146.84,146.84,141.29,2367,stock
2013-08-25,HBL,146.84,146.84,147.03,145.11,2488,stock
2013-08-26,HBL,146.84,143.97,144.16,141.48,334,stock
2013-08-27,HBL,143.97,145.69,145.69,142.24,812,stock
2013-08-29,HBL,145.69,144.35,145.11,144.35,919,stock
2013-09-01,HBL,144.35,138.42,145.31,136.5,1550,stock
2013-09-02,HBL,138.42,139.57,141.1,138.42,1050,stock
2013-09-03,HBL,139.57,136.5,138.42,136.5,1231,stock
2013-09-04,HBL,136.5,133.06,136.5,133.06,336,stock
2013-09-05,HBL,133.06,137.08,137.08,131.91,514,stock
2013-09-08,HBL,137.08,136.5,136.89,136.12,444,stock
2013-09-09,HBL,136.5,138.8,138.99,136.5,2193,stock
2013-09-10,HBL,138.8,138.42,141.48,136.5,775,stock
2013-09-11,HBL,138.42,138.42,139.18,136.89,1412,stock
2013-09-12,HBL,138.42,137.46,137.46,135.74,90,stock
2013-09-15,HBL,137.46,136.31,138.42,136.12,133,stock
2013-09-16,HBL,136.31,134.59,136.89,134.4,1519,stock
2013-09-17,HBL,134.59,130.0,134.59,129.81,1513,stock
2013-09-19,HBL,130.0,131.72,131.72,130.0,292,stock
2013-09-22,HBL,131.72,129.61,131.72,126.93,5848,stock
2013-09-23,HBL,129.61,123.87,128.85,119.28,11114,stock
2013-09-24,HBL,123.87,130.76,133.25,119.28,5542,stock
2013-09-25,HBL,130.76,134.59,134.59,130.95,1076,stock
2013-09-26,HBL,134.59,129.81,138.23,129.81,1264,stock
2013-09-29,HBL,129.81,131.72,132.29,129.81,2730,stock
2013-09-30,HBL,131.72,132.87,132.87,131.72,2208,stock
2013-10-01,HBL,132.87,133.63,134.59,133.63,262,stock
2013-10-02,HBL,133.63,136.5,138.42,133.63,1464,stock
2013-10-03,HBL,136.5,137.46,138.42,137.46,141,stock
2013-10-06,HBL,137.46,139.95,139.95,137.46,132,stock
2013-10-07,HBL,139.95,140.71,144.16,140.71,279,stock
2013-10-08,HBL,140.71,141.29,141.29,139.37,3200,stock
2013-10-09,HBL,141.29,143.2,143.2,142.24,1617,stock
2013-10-10,HBL,143.2,144.73,145.11,141.86,432,stock
2013-10-17,HBL,144.73,146.07,147.41,146.07,2194,stock
2013-10-20,HBL,146.07,151.81,151.81,145.11,1206,stock
2013-10-21,HBL,151.81,152.77,154.49,150.28,1661,stock
2013-10-22,HBL,152.77,148.94,152.77,148.94,724,stock
2013-10-23,HBL,148.94,145.5,148.37,145.5,609,stock
2013-10-24,HBL,145.5,144.92,145.11,143.39,2137,stock
2013-10-27,HBL,144.92,145.11,145.11,144.16,254,stock
2013-10-28,HBL,145.11,146.07,146.45,145.11,418,stock
2013-10-29,HBL,146.07,146.07,146.07,144.73,336,stock
2013-10-30,HBL,146.07,148.37,148.37,146.07,441,stock
2013-10-31,HBL,148.37,147.99,147.99,146.45,299,stock
2013-11-06,HBL,147.99,147.03,147.03,145.11,196,stock
2013-11-07,HBL,147.03,148.18,148.18,146.07,960,stock
2013-11-11,HBL,148.18,147.22,147.99,142.63,13038,stock
2013-11-12,HBL,147.22,144.35,153.73,144.35,7978,stock
2013-11-13,HBL,144.35,148.94,149.9,147.03,2244,stock
2013-11-14,HBL,148.94,148.94,149.9,146.84,3015,stock
2013-11-21,HBL,148.94,160.62,160.62,151.81,267,stock
2013-11-24,HBL,160.62,163.68,175.93,163.3,10492,stock
2013-11-25,HBL,163.68,158.51,161.38,157.55,1769,stock
2013-11-26,HBL,158.51,154.68,155.45,148.94,2826,stock
2013-11-27,HBL,154.68,148.94,151.81,146.07,1855,stock
2013-11-28,HBL,148.94,147.03,147.99,147.03,1372,stock
2013-12-01,HBL,147.03,146.07,147.79,146.07,2869,stock
2013-12-02,HBL,146.07,147.03,148.18,146.07,4050,stock
2013-12-03,HBL,147.03,151.62,151.62,147.99,2152,stock
2013-12-04,HBL,151.62,151.81,158.51,151.81,3034,stock
2013-12-05,HBL,151.81,154.87,160.81,151.81,6654,stock
2013-12-08,HBL,154.87,153.34,153.73,152.77,1681,stock
2013-12-09,HBL,153.34,159.47,159.47,151.43,2951,stock
2013-12-10,HBL,159.47,156.6,157.55,156.21,1562,stock
2013-12-11,HBL,156.6,159.47,159.47,157.17,2555,stock
2013-12-12,HBL,159.47,160.42,160.42,157.55,1762,stock
2013-12-15,HBL,160.42,165.21,165.21,159.66,3634,stock
2013-12-16,HBL,165.21,176.69,177.46,168.27,1863,stock
2013-12-18,HBL,176.69,188.17,190.66,174.78,6374,stock
2013-12-19,HBL,188.17,180.71,188.17,177.07,8047,stock
2013-12-22,HBL,180.71,174.78,180.52,174.78,9477,stock
2013-12-23,HBL,174.78,169.04,171.91,168.08,6117,stock
2013-12-24,HBL,169.04,173.82,173.82,165.21,4003,stock
2013-12-26,HBL,173.82,172.86,184.15,172.86,2003,stock
2013-12-29,HBL,172.86,176.69,178.03,173.06,1855,stock
2013-12-31,HBL,176.69,176.69,180.14,174.97,4812,stock
2014-01-01,HBL,176.69,179.18,179.18,175.35,10264,stock
2014-01-02,HBL,179.18,173.25,177.07,169.8,8048,stock
2014-01-05,HBL,173.25,170.57,174.39,169.04,3725,stock
2014-01-06,HBL,170.57,172.29,172.29,169.42,1702,stock
2014-01-07,HBL,172.29,171.91,173.82,168.46,2859,stock
2014-01-08,HBL,171.91,176.69,178.22,170.95,1526,stock
2014-01-09,HBL,176.69,176.69,177.27,173.82,1535,stock
2014-01-12,HBL,176.69,175.73,178.22,174.39,1824,stock
2014-01-13,HBL,175.73,174.78,176.12,170.38,3213,stock
2014-01-14,HBL,174.78,174.78,177.07,173.82,1521,stock
2014-01-16,HBL,174.78,176.69,180.52,175.93,3030,stock
2014-01-19,HBL,176.69,175.54,176.69,175.54,639,stock
2014-01-20,HBL,175.54,174.97,174.97,172.86,766,stock
2014-01-21,HBL,174.97,172.86,174.78,172.86,587,stock
2014-01-22,HBL,172.86,173.44,173.44,169.23,1544,stock
2014-01-23,HBL,173.44,173.82,175.54,172.86,2527,stock
2014-01-26,HBL,173.82,171.72,172.86,170.95,1625,stock
2014-01-27,HBL,171.72,170.76,170.95,168.46,1038,stock
2014-01-28,HBL,170.76,171.14,171.14,168.08,3275,stock
2014-01-29,HBL,171.14,171.14,171.91,169.99,4203,stock
2014-02-02,HBL,171.14,168.65,174.01,168.65,1072,stock
2014-02-03,HBL,168.65,170.95,170.95,169.04,252,stock
2014-02-04,HBL,170.95,170.95,170.95,170.95,22,stock
2014-02-05,HBL,170.95,171.91,171.91,169.04,413,stock
2014-02-06,HBL,171.91,174.39,174.39,169.8,1109,stock
2014-02-09,HBL,174.39,168.08,174.39,168.08,2155,stock
2014-02-10,HBL,168.08,175.73,178.61,171.33,5387,stock
2014-02-11,HBL,175.73,173.06,174.39,169.42,964,stock
2014-02-12,HBL,173.06,174.39,175.54,170.95,1813,stock
2014-02-13,HBL,174.39,174.78,176.5,174.78,435,stock
2014-02-16,HBL,174.78,177.65,177.65,174.78,781,stock
2014-02-17,HBL,177.65,176.69,176.69,174.78,3817,stock
2014-02-18,HBL,176.69,178.99,178.99,174.78,3620,stock
2014-02-20,HBL,178.99,178.61,185.3,177.65,5133,stock
2014-02-23,HBL,178.61,186.83,192.19,182.05,5282,stock
2014-02-24,HBL,186.83,188.17,194.11,186.26,4587,stock
2014-02-25,HBL,188.17,189.13,191.81,184.73,2525,stock
2014-02-26,HBL,189.13,185.11,192.77,184.35,3298,stock
2014-03-03,HBL,185.11,183.01,185.3,182.43,4275,stock
2014-03-04,HBL,183.01,178.41,186.45,176.12,3022,stock
2014-03-05,HBL,178.41,182.24,183.39,174.97,9433,stock
2014-03-06,HBL,191.13,185.7,185.7,185.7,85,stock
2014-03-09,HBL,185.7,174.45,182.09,173.25,923,stock
2014-03-10,HBL,174.45,176.26,176.26,174.45,258,stock
2014-03-11,HBL,176.26,177.27,177.27,176.26,777,stock
2014-03-12,HBL,177.27,175.26,175.26,175.26,749,stock
2014-03-13,HBL,175.26,175.26,175.26,175.26,44,stock
2014-03-17,HBL,175.26,171.44,173.25,171.44,880,stock
2014-03-18,HBL,171.44,166.21,169.43,166.01,1701,stock
2014-03-19,HBL,166.21,169.23,169.43,168.22,925,stock
2014-03-20,HBL,169.23,169.23,169.23,169.23,187,stock
2014-03-23,HBL,169.23,171.24,172.44,171.24,2056,stock
2014-03-24,HBL,171.24,168.62,171.24,168.42,1922,stock
2014-03-25,HBL,168.62,167.62,169.23,167.22,2072,stock
2014-03-26,HBL,167.62,169.23,169.23,168.42,698,stock
2014-03-27,HBL,169.23,169.23,169.23,169.23,280,stock
2014-03-31,HBL,169.23,167.22,169.23,167.22,529,stock
2014-04-01,HBL,167.22,166.41,166.41,163.4,2660,stock
2014-04-02,HBL,166.41,167.62,167.62,165.61,343,stock
2014-04-03,HBL,167.62,168.22,169.43,167.22,586,stock
2014-04-06,HBL,168.22,165.81,168.22,164.2,1452,stock
2014-04-07,HBL,165.81,166.62,167.02,165.61,1594,stock
2014-04-09,HBL,166.62,167.22,167.82,166.82,1269,stock
2014-04-10,HBL,167.22,170.03,170.03,168.42,502,stock
2014-04-13,HBL,170.03,171.04,171.04,169.23,1587,stock
2014-04-15,HBL,171.04,172.24,172.24,171.24,1517,stock
2014-04-16,HBL,172.24,169.23,172.24,169.23,1013,stock
2014-04-17,HBL,169.23,167.22,167.22,167.22,147,stock
2014-04-20,HBL,167.22,168.62,169.23,165.41,2175,stock
2014-04-21,HBL,168.62,168.02,168.83,167.82,1783,stock
2014-04-22,HBL,168.02,169.23,169.23,166.21,1376,stock
2014-04-23,HBL,169.23,170.23,170.23,168.22,1701,stock
2014-04-27,HBL,170.23,168.83,170.23,168.83,2252,stock
2014-04-29,HBL,168.83,168.22,168.22,167.62,1165,stock
2014-04-30,HBL,168.22,167.22,168.02,166.21,911,stock
2014-05-04,HBL,167.22,165.21,167.22,164.2,2325,stock
2014-05-05,HBL,165.21,172.24,172.24,168.42,700,stock
2014-05-06,HBL,172.24,176.86,179.27,172.44,3694,stock
2014-05-07,HBL,176.86,179.07,181.28,177.27,2830,stock
2014-05-08,HBL,179.07,176.46,178.27,176.26,311,stock
2014-05-11,HBL,176.46,174.25,175.26,174.25,589,stock
2014-05-12,HBL,174.25,180.68,180.68,175.26,1359,stock
2014-05-13,HBL,180.68,178.27,181.28,176.26,2445,stock
2014-05-15,HBL,178.27,177.47,177.47,175.26,292,stock
2014-05-18,HBL,177.47,174.25,177.47,174.25,748,stock
2014-05-19,HBL,174.25,170.23,172.24,170.23,1310,stock
2014-05-20,HBL,170.23,169.63,171.24,169.23,184,stock
2014-05-21,HBL,169.63,167.42,169.63,166.21,3902,stock
2014-05-22,HBL,167.42,171.24,171.24,168.22,757,stock
2014-05-25,HBL,171.24,171.24,173.25,168.02,2076,stock
2014-05-26,HBL,171.24,170.84,173.25,169.23,792,stock
2014-05-27,HBL,170.84,168.22,169.43,167.22,1280,stock
2014-05-28,HBL,168.22,171.24,173.25,168.02,3563,stock
2014-06-01,HBL,171.24,171.24,173.25,170.23,1740,stock
2014-06-02,HBL,171.24,172.04,173.25,171.24,3579,stock
2014-06-03,HBL,172.04,174.85,175.26,171.24,2386,stock
2014-06-04,HBL,174.85,177.27,177.27,174.25,2207,stock
2014-06-05,HBL,177.27,175.26,175.26,171.04,5500,stock
2014-06-08,HBL,175.26,173.45,176.86,173.25,3655,stock
2014-06-09,HBL,173.45,176.26,177.27,174.25,3138,stock
2014-06-10,HBL,176.26,176.86,177.27,175.26,3231,stock
2014-06-11,HBL,176.86,181.69,182.29,176.26,4829,stock
2014-06-12,HBL,181.69,188.32,190.33,181.28,3471,stock
2014-06-15,HBL,188.32,191.33,191.93,186.31,6331,stock
2014-06-16,HBL,191.33,204.39,204.39,194.35,3814,stock
2014-06-17,HBL,204.39,199.57,204.39,198.36,1900,stock
2014-06-18,HBL,199.57,195.35,202.38,195.35,2530,stock
2014-06-19,HBL,195.35,194.35,195.55,193.34,1790,stock
2014-06-23,HBL,194.35,191.33,191.33,191.33,343,stock
2014-06-24,HBL,191.33,188.12,190.93,187.31,2783,stock
2014-06-25,HBL,188.12,188.32,188.52,187.51,1850,stock
2014-06-26,HBL,188.32,191.33,193.34,189.32,2477,stock
2014-06-29,HBL,191.33,190.33,192.34,190.33,234,stock
2014-06-30,HBL,190.33,190.33,190.33,188.52,772,stock
2014-07-01,HBL,190.33,189.32,192.54,189.32,2306,stock
2014-07-02,HBL,189.32,196.96,196.96,189.32,2200,stock
2014-07-03,HBL,196.96,195.35,197.36,193.34,1702,stock
2014-07-06,HBL,195.35,193.54,196.35,193.54,1476,stock
2014-07-07,HBL,193.54,193.34,196.35,190.73,2393,stock
2014-07-08,HBL,193.34,200.17,200.17,193.34,2775,stock
2014-07-09,HBL,200.17,203.79,203.79,203.79,74,stock
2014-07-10,HBL,203.79,200.37,203.39,199.37,3257,stock
2014-07-13,HBL,200.37,200.57,209.42,200.37,1556,stock
2014-07-14,HBL,200.57,196.76,197.36,196.76,697,stock
2014-07-15,HBL,196.76,196.15,196.15,193.54,2034,stock
2014-07-16,HBL,196.15,193.54,197.36,193.54,2974,stock
2014-07-17,HBL,193.54,194.35,196.35,191.33,2065,stock
2014-07-20,HBL,194.35,195.35,199.17,192.34,6571,stock
2014-07-21,HBL,195.35,204.79,207.41,193.34,21932,stock
2014-07-22,HBL,204.79,203.39,205.2,199.77,13304,stock
2014-07-23,HBL,203.39,204.39,207.21,201.38,5055,stock
2014-07-24,HBL,204.39,201.38,206.4,201.38,1146,stock
2014-07-28,HBL,201.38,201.38,202.18,197.56,2326,stock
2014-07-30,HBL,201.38,192.34,199.57,190.73,1515,stock
2014-07-31,HBL,192.34,195.95,195.95,189.52,1327,stock
2014-08-03,HBL,195.95,195.35,197.36,195.35,2430,stock
2014-08-04,HBL,195.35,193.34,195.35,191.33,1662,stock
2014-08-05,HBL,193.34,194.95,195.55,192.34,1363,stock
2014-08-06,HBL,194.95,195.35,197.36,192.54,2082,stock
2014-08-07,HBL,195.35,195.35,195.35,191.33,1093,stock
2014-08-12,HBL,195.35,193.34,195.35,192.34,554,stock
2014-08-13,HBL,193.34,195.95,195.95,191.33,1870,stock
2014-08-14,HBL,195.95,197.36,199.17,194.35,3020,stock
2014-08-18,HBL,197.36,195.35,196.35,195.35,294,stock
2014-08-19,HBL,195.35,197.96,205.2,197.36,5453,stock
2014-08-20,HBL,197.96,196.35,202.38,195.35,2326,stock
2014-08-21,HBL,196.35,202.38,203.39,195.15,4035,stock
2014-08-24,HBL,202.38,203.19,206.2,198.57,3307,stock
2014-08-25,HBL,203.19,191.33,199.37,190.93,848,stock
2014-08-26,HBL,191.33,186.31,191.33,186.31,2344,stock
2014-08-27,HBL,186.31,190.93,193.54,189.92,1048,stock
2014-08-28,HBL,190.93,197.36,198.36,194.55,1672,stock
2014-08-31,HBL,197.36,190.33,193.54,189.92,1513,stock
2014-09-01,HBL,190.33,188.92,190.33,185.3,2147,stock
2014-09-03,HBL,188.92,187.31,192.34,187.31,6985,stock
2014-09-04,HBL,187.31,183.29,184.3,178.47,461,stock
2014-09-07,HBL,183.29,179.07,182.29,176.86,4233,stock
2014-09-09,HBL,179.07,184.3,184.3,180.28,374,stock
2014-09-10,HBL,184.3,179.07,185.3,175.86,2310,stock
2014-09-11,HBL,179.07,179.48,179.48,175.66,1044,stock
2014-09-14,HBL,179.48,176.06,179.27,176.06,858,stock
2014-09-15,HBL,176.06,174.25,174.25,174.25,223,stock
2014-09-16,HBL,174.25,179.27,182.29,175.26,4926,stock
2014-09-17,HBL,179.27,180.28,180.28,177.27,2059,stock
2014-09-21,HBL,179.27,175.06,182.69,175.06,518,stock
2014-09-22,HBL,175.06,171.44,178.27,171.44,2930,stock
2014-09-23,HBL,171.44,176.26,179.27,171.44,3700,stock
2014-09-24,HBL,176.26,179.27,179.27,173.65,1206,stock
2014-09-28,HBL,179.27,181.28,181.28,179.27,243,stock
2014-09-29,HBL,181.28,178.27,180.28,177.27,861,stock
2014-09-30,HBL,178.27,181.28,181.69,181.28,426,stock
2014-10-09,HBL,181.28,179.27,182.29,179.27,125,stock
2014-10-12,HBL,179.27,179.27,179.27,175.86,678,stock
2014-10-13,HBL,179.27,176.26,179.27,176.26,128,stock
2014-10-14,HBL,176.26,178.27,178.27,175.26,729,stock
2014-10-15,HBL,178.27,180.88,180.88,177.47,3072,stock
2014-10-16,HBL,180.88,179.27,182.29,178.27,1047,stock
2014-10-19,HBL,179.27,180.28,181.28,178.27,1697,stock
2014-10-20,HBL,180.28,179.88,181.28,179.88,693,stock
2014-10-21,HBL,179.88,178.87,181.28,178.87,521,stock
2014-10-22,HBL,178.87,182.29,182.29,177.27,1287,stock
2014-10-26,HBL,182.29,179.48,180.28,179.48,388,stock
2014-10-27,HBL,179.48,185.3,185.3,181.28,2951,stock
2014-10-28,HBL,185.3,186.71,187.31,185.3,4353,stock
2014-10-30,HBL,186.71,186.11,189.32,185.3,2527,stock
2014-11-02,HBL,186.11,184.1,186.11,184.1,1261,stock
2014-11-03,HBL,184.1,180.08,184.3,180.08,1025,stock
2014-11-04,HBL,180.08,177.87,179.27,177.27,560,stock
2014-11-05,HBL,177.87,180.08,180.08,180.08,208,stock
2014-11-06,HBL,180.08,175.46,177.47,175.26,490,stock
2014-11-09,HBL,175.46,175.46,176.26,173.65,1011,stock
2014-11-10,HBL,175.46,173.25,175.66,173.25,147,stock
2014-11-11,HBL,173.25,176.46,176.46,171.24,1333,stock
2014-11-12,HBL,176.46,176.46,176.46,175.86,191,stock
2014-11-13,HBL,176.46,173.65,176.46,170.23,2839,stock
2014-11-16,HBL,173.65,173.25,176.66,173.25,790,stock
2014-11-17,HBL,173.25,170.23,170.43,168.22,986,stock
2014-11-18,HBL,170.23,168.42,168.42,165.21,294,stock
2014-11-19,HBL,168.42,168.22,171.24,168.22,4327,stock
2014-11-20,HBL,168.22,169.23,171.64,165.21,3948,stock
2014-11-23,HBL,169.23,171.24,177.47,171.24,1662,stock
2014-11-24,HBL,171.24,169.43,171.64,168.42,4450,stock
2014-11-25,HBL,169.43,172.24,173.25,166.21,2681,stock
2014-12-01,HBL,172.22,168.99,168.99,168.99,100,stock
2014-12-02,HBL,168.99,166.21,166.21,166.21,547,stock
2014-12-03,HBL,166.21,168.29,168.29,166.21,538,stock
2014-12-04,HBL,168.29,168.29,168.29,166.21,245,stock
2014-12-07,HBL,168.29,166.21,168.29,166.21,32,stock
2014-12-08,HBL,166.21,163.9,163.9,163.9,490,stock
2014-12-09,HBL,163.9,161.59,163.9,161.59,271,stock
2014-12-10,HBL,161.59,164.37,165.98,164.37,1067,stock
2014-12-11,HBL,164.37,163.9,166.91,163.9,2178,stock
2014-12-14,HBL,163.9,173.15,173.15,166.21,834,stock
2014-12-15,HBL,173.15,176.15,180.08,176.15,1050,stock
2014-12-16,HBL,176.15,173.15,175.46,173.15,174,stock
2014-12-18,HBL,173.15,171.99,171.99,171.99,52,stock
2014-12-21,HBL,171.99,171.3,171.3,168.99,138,stock
2014-12-22,HBL,171.3,174.53,174.53,174.53,81,stock
2014-12-24,HBL,174.53,176.61,176.61,171.99,629,stock
2014-12-28,HBL,176.61,178.92,183.31,178.23,1515,stock
2014-12-29,HBL,178.92,183.54,183.54,178.92,740,stock
2014-12-31,HBL,183.54,181.23,181.23,180.08,281,stock
2015-01-01,HBL,181.23,180.08,182.39,180.08,1480,stock
2015-01-04,HBL,180.08,190.48,190.48,181.93,1146,stock
2015-01-05,HBL,190.48,192.79,197.41,190.71,4423,stock
2015-01-06,HBL,192.79,190.48,193.02,189.32,3183,stock
2015-01-07,HBL,190.48,190.48,191.86,190.48,884,stock
2015-01-08,HBL,190.48,192.79,192.79,190.94,409,stock
2015-01-11,HBL,192.79,192.79,195.1,189.32,732,stock
2015-01-12,HBL,192.79,195.79,195.79,189.55,1378,stock
2015-01-13,HBL,195.79,196.25,196.25,191.63,1517,stock
2015-01-14,HBL,196.25,195.33,195.33,195.1,361,stock
2015-01-18,HBL,195.33,202.72,202.72,198.57,756,stock
2015-01-19,HBL,202.72,206.19,206.65,202.72,3850,stock
2015-01-20,HBL,206.19,205.5,213.59,202.26,7171,stock
2015-01-22,HBL,205.5,213.12,213.12,201.11,6364,stock
2015-01-25,HBL,213.12,222.83,224.91,217.05,15371,stock
2015-01-26,HBL,222.83,223.06,231.38,222.14,1906,stock
2015-01-27,HBL,223.06,228.14,228.61,218.67,10958,stock
2015-01-28,HBL,228.14,228.84,229.53,225.14,4157,stock
2015-01-29,HBL,228.84,227.45,233.23,223.52,2332,stock
2015-02-01,HBL,227.45,224.22,227.22,224.22,247,stock
2015-02-02,HBL,224.22,218.44,220.06,218.44,721,stock
2015-02-03,HBL,218.44,222.14,223.98,218.44,1752,stock
2015-02-04,HBL,222.14,222.6,222.6,220.52,923,stock
2015-02-05,HBL,222.6,217.05,218.44,217.05,551,stock
2015-02-08,HBL,217.05,218.9,218.9,212.43,4161,stock
2015-02-09,HBL,218.9,216.59,216.59,212.43,2519,stock
2015-02-10,HBL,216.59,220.52,220.52,212.43,1499,stock
2015-02-11,HBL,220.52,222.83,222.83,217.05,596,stock
2015-02-12,HBL,222.83,224.22,224.22,219.36,3908,stock
2015-02-15,HBL,224.22,223.75,224.45,223.75,391,stock
2015-02-16,HBL,223.75,213.82,220.52,213.82,1106,stock
2015-02-19,HBL,213.82,214.74,214.74,212.43,1127,stock
2015-02-22,HBL,214.74,213.82,213.82,207.81,1726,stock
2015-02-23,HBL,213.82,212.43,213.82,212.2,3205,stock
2015-02-24,HBL,212.43,211.27,212.66,211.27,339,stock
2015-02-25,HBL,211.27,208.96,212.43,208.96,1282,stock
2015-03-01,HBL,208.96,207.81,207.81,207.12,833,stock
2015-03-02,HBL,207.81,209.66,213.35,205.5,868,stock
2015-03-03,HBL,209.66,213.59,213.59,212.43,572,stock
2015-03-04,HBL,213.59,220.06,220.06,212.43,759,stock
2015-03-09,HBL,220.06,212.43,220.52,212.43,1398,stock
2015-03-10,HBL,212.43,212.43,212.43,210.12,262,stock
2015-03-11,HBL,212.43,213.59,213.59,213.59,25,stock
2015-03-12,HBL,213.59,207.81,212.66,204.57,660,stock
2015-03-16,HBL,207.81,205.73,205.73,202.96,5589,stock
2015-03-17,HBL,205.73,213.59,213.59,209.66,71,stock
2015-03-18,HBL,213.59,215.2,215.2,209.43,65,stock
2015-03-19,HBL,215.2,210.12,215.2,207.35,1458,stock
2015-03-22,HBL,210.12,210.58,210.58,206.65,2004,stock
2015-03-23,HBL,210.58,204.34,210.58,204.34,2735,stock
2015-03-24,HBL,204.34,203.19,207.12,203.19,3617,stock
2015-03-25,HBL,203.19,202.72,203.19,202.72,1085,stock
2015-03-26,HBL,202.72,201.57,202.96,200.88,327,stock
2015-03-29,HBL,201.57,196.95,199.49,196.95,4665,stock
2015-03-30,HBL,196.95,197.64,197.64,195.1,1561,stock
2015-03-31,HBL,197.64,198.8,198.8,197.87,1153,stock
2015-04-01,HBL,198.8,196.25,199.72,195.79,2434,stock
2015-04-02,HBL,196.25,202.03,202.03,196.49,1154,stock
2015-04-05,HBL,202.03,198.1,198.8,198.1,400,stock
2015-04-06,HBL,198.1,198.8,198.8,195.1,1173,stock
2015-04-07,HBL,198.8,201.57,201.57,201.57,24,stock
2015-04-08,HBL,201.57,196.25,199.72,196.25,1672,stock
2015-04-09,HBL,196.25,198.57,201.11,195.79,1717,stock
2015-04-12,HBL,198.57,198.33,202.26,198.33,165,stock
2015-04-13,HBL,198.33,197.41,199.72,196.72,2007,stock
2015-04-15,HBL,197.41,197.41,197.41,195.1,63,stock
2015-04-16,HBL,197.41,204.8,204.8,196.25,831,stock
2015-04-19,HBL,204.8,203.19,203.19,203.19,200,stock
2015-04-20,HBL,203.19,195.56,199.72,195.56,1423,stock
2015-04-21,HBL,195.56,195.79,200.88,195.56,1042,stock
2015-04-22,HBL,195.79,194.17,194.17,193.94,219,stock
2015-04-23,HBL,198.1,196.25,198.1,194.41,974,stock
2015-05-26,HBL,196.25,177.07,192.56,177.07,381,stock
2015-05-27,HBL,177.07,173.84,173.84,173.84,20,stock
2015-05-28,HBL,173.84,170.37,172.92,167.37,1462,stock
2015-05-31,HBL,170.37,174.53,177.77,173.61,1627,stock
2015-06-01,HBL,174.53,177.77,184.7,176.61,1727,stock
2015-06-02,HBL,177.77,180.77,180.77,175.46,2750,stock
2015-06-03,HBL,180.77,187.47,191.17,178.23,4646,stock
2015-06-04,HBL,187.47,187.47,190.48,184.01,1313,stock
2015-06-07,HBL,187.47,188.86,190.94,185.86,1802,stock
2015-06-08,HBL,188.86,193.48,199.49,189.32,4020,stock
2015-06-09,HBL,193.48,195.1,207.12,192.79,5388,stock
2015-06-10,HBL,195.1,197.41,197.41,192.79,1080,stock
2015-06-11,HBL,197.41,193.48,196.25,193.48,1800,stock
2015-06-14,HBL,193.48,188.4,193.94,188.4,636,stock
2015-06-15,HBL,188.4,190.48,190.48,187.01,1254,stock
2015-06-16,HBL,190.48,191.63,191.63,187.24,1573,stock
2015-06-17,HBL,191.63,189.32,190.48,186.78,1386,stock
2015-06-18,HBL,189.32,188.4,189.32,185.62,920,stock
2015-06-21,HBL,188.4,186.32,188.17,184.7,1498,stock
2015-06-22,HBL,186.32,184.7,186.55,184.7,3673,stock
2015-06-23,HBL,183.54,184.7,184.7,183.54,432,stock
2015-06-24,HBL,187.01,186.09,189.09,184.7,3687,stock
2015-06-25,HBL,184.7,190.48,190.48,184.7,1037,stock
2015-06-28,HBL,191.63,191.86,191.86,191.63,223,stock
2015-06-29,HBL,195.56,192.79,196.49,192.79,983,stock
2015-06-30,HBL,193.94,194.17,194.17,192.79,1979,stock
2015-07-01,HBL,193.02,193.94,195.1,193.02,1361,stock
2015-07-02,HBL,192.79,193.71,194.64,192.79,938,stock
2015-07-05,HBL,193.94,191.86,193.94,191.63,1885,stock
2015-07-06,HBL,191.86,192.09,192.09,190.71,590,stock
2015-07-07,HBL,190.02,192.56,192.56,190.02,1050,stock
2015-07-08,HBL,192.56,193.94,194.87,192.56,1908,stock
2015-07-09,HBL,194.87,193.71,194.87,193.25,836,stock
2015-07-12,HBL,193.71,193.02,193.71,191.63,1043,stock
2015-07-13,HBL,194.17,193.02,194.17,193.02,368,stock
2015-07-14,HBL,193.02,191.63,193.02,191.63,1332,stock
2015-07-15,HBL,191.63,192.09,192.33,190.48,1700,stock
2015-07-16,HBL,192.09,192.33,192.79,190.48,1464,stock
2015-07-22,HBL,196.02,196.25,196.25,193.02,557,stock
2015-07-23,HBL,196.25,212.43,212.43,192.79,2725,stock
2015-07-26,HBL,212.43,233.23,233.23,216.59,626,stock
2015-07-27,HBL,233.23,233.0,254.26,225.14,20206,stock
2015-07-28,HBL,233.0,230.92,237.39,226.29,7969,stock
2015-07-29,HBL,230.92,227.45,232.07,227.45,3928,stock
2015-07-30,HBL,227.45,230.92,232.07,226.99,15039,stock
2015-08-02,HBL,230.92,243.16,243.63,230.92,13413,stock
2015-08-03,HBL,243.16,242.47,243.4,237.16,14769,stock
2015-08-04,HBL,242.47,242.47,243.86,239.24,12903,stock
2015-08-05,HBL,242.47,251.71,254.26,236.69,29025,stock
2015-08-06,HBL,254.26,253.56,263.27,252.87,12794,stock
2015-08-09,HBL,253.56,258.65,265.58,254.02,17381,stock
2015-08-10,HBL,258.65,267.89,271.36,259.8,20775,stock
2015-08-11,HBL,267.89,263.27,266.73,258.65,11214,stock
2015-08-12,HBL,260.03,263.27,264.42,259.8,22070,stock
2015-08-13,HBL,264.42,270.2,273.67,264.42,14247,stock
2015-08-16,HBL,269.05,278.98,280.14,267.66,21917,stock
2015-08-17,HBL,279.44,289.61,295.85,279.44,11144,stock
2015-08-18,HBL,286.38,298.39,301.63,284.53,10044,stock
2015-08-19,HBL,295.62,327.51,327.51,295.62,5565,stock
2015-08-20,HBL,333.75,325.66,345.3,321.04,7747,stock
2015-08-23,HBL,323.35,317.57,327.28,309.48,4218,stock
2015-08-24,HBL,323.81,317.57,326.82,314.11,4927,stock
2015-08-25,HBL,311.33,316.19,316.19,304.86,10375,stock
2015-08-26,HBL,321.04,314.11,321.04,314.11,5753,stock
2015-08-27,HBL,311.8,307.17,312.95,302.55,2412,stock
2015-08-31,HBL,301.4,308.33,308.33,301.4,4489,stock
2015-09-01,HBL,308.33,304.63,304.86,299.09,2990,stock
2015-09-02,HBL,302.55,300.24,302.55,297.93,1765,stock
2015-09-03,HBL,296.77,293.31,300.24,291.0,2137,stock
2015-09-06,HBL,288.69,295.16,299.09,281.75,5146,stock
2015-09-07,HBL,297.93,302.09,303.48,296.77,6519,stock
2015-09-08,HBL,307.87,300.24,308.33,295.85,1939,stock
2015-09-09,HBL,303.71,301.4,303.71,297.7,1402,stock
2015-09-10,HBL,296.77,314.8,314.8,296.77,10276,stock
2015-09-13,HBL,309.48,328.43,339.53,309.48,23725,stock
2015-09-14,HBL,334.9,329.82,346.46,327.51,10694,stock
2015-09-15,HBL,333.75,328.66,334.9,325.66,6994,stock
2015-09-16,HBL,333.29,327.05,333.29,322.19,4521,stock
2015-09-17,HBL,325.66,327.97,329.13,321.04,7638,stock
2015-09-22,HBL,323.35,305.09,323.35,305.09,14575,stock
2015-09-23,HBL,299.32,315.26,322.66,297.93,29830,stock
2015-09-24,HBL,319.88,316.42,319.88,312.49,23238,stock
2015-09-28,HBL,310.41,313.88,315.26,303.71,11315,stock
2015-09-29,HBL,314.57,314.11,318.73,313.41,5934,stock
2015-09-30,HBL,317.57,314.11,318.73,309.48,8254,stock
2015-10-01,HBL,316.42,313.64,316.42,313.64,2514,stock
2015-10-04,HBL,313.64,313.88,314.11,312.95,3724,stock
2015-10-05,HBL,312.03,311.1,312.95,309.48,1214,stock
2015-10-06,HBL,305.09,302.55,305.09,302.32,2029,stock
2015-10-07,HBL,297.93,297.93,300.01,292.38,2812,stock
2015-10-08,HBL,295.62,302.55,304.86,292.85,8747,stock
2015-10-11,HBL,297.93,297.47,297.93,293.77,2102,stock
2015-10-14,HBL,295.62,294.46,298.16,294.46,3637,stock
2015-10-15,HBL,291.0,293.31,295.62,288.69,2004,stock
2015-10-18,HBL,293.31,291.0,293.31,291.0,1933,stock
2015-10-19,HBL,288.69,290.77,290.77,288.69,5173,stock
2015-10-25,HBL,289.84,290.77,292.15,289.61,344,stock
2015-10-27,HBL,285.22,281.75,285.22,278.52,2886,stock
2015-10-28,HBL,276.44,278.29,278.29,263.27,2698,stock
2015-10-29,HBL,283.6,285.22,285.22,277.13,3025,stock
2015-11-01,HBL,289.84,284.99,289.84,281.06,1685,stock
2015-11-02,HBL,286.38,284.07,288.69,280.6,2508,stock
2015-11-03,HBL,278.52,284.76,284.76,277.13,3420,stock
2015-11-04,HBL,279.67,281.75,286.38,279.44,3160,stock
2015-11-05,HBL,287.3,293.31,298.39,287.3,16156,stock
2015-11-08,HBL,294.46,295.62,296.77,293.31,7222,stock
2015-11-09,HBL,293.31,305.56,306.02,293.31,14394,stock
2015-11-10,HBL,306.94,308.33,312.95,306.94,9003,stock
2015-11-15,HBL,303.71,304.63,305.32,299.09,3763,stock
2015-11-16,HBL,304.86,306.02,306.02,303.71,2958,stock
2015-11-18,HBL,307.17,309.95,314.11,307.17,3544,stock
2015-11-19,HBL,311.56,308.1,311.56,305.09,3109,stock
2015-11-22,HBL,304.86,304.4,304.86,302.32,3300,stock
2015-11-23,HBL,300.24,298.39,300.24,293.31,3032,stock
2015-11-24,HBL,295.62,295.62,297.01,293.31,8330,stock
2015-11-25,HBL,296.31,295.62,297.93,293.31,4518,stock
2015-11-26,HBL,292.15,293.31,293.31,288.22,5615,stock
2015-11-29,HBL,291.69,291.46,291.69,287.53,3453,stock
2015-11-30,HBL,295.62,294.46,300.24,291.0,3769,stock
2015-12-01,HBL,294.46,304.86,306.02,300.24,13696,stock
2015-12-02,HBL,310.87,308.56,310.41,302.55,33669,stock
2015-12-03,HBL,308.56,313.64,316.42,304.86,61352,stock
2015-12-04,HBL,313.61,316.73,325.78,314.55,4857,stock
2015-12-07,HBL,321.1,316.42,322.66,316.42,3459,stock
2015-12-08,HBL,316.42,316.1,316.42,311.43,1624,stock
2015-12-09,HBL,314.86,316.42,319.54,314.86,3121,stock
2015-12-10,HBL,316.42,316.1,316.42,316.1,200,stock
2015-12-13,HBL,313.3,311.11,313.3,310.18,182,stock
2015-12-14,HBL,307.06,305.81,307.06,304.25,3956,stock
2015-12-15,HBL,302.38,299.26,302.38,297.7,1638,stock
2015-12-16,HBL,295.52,295.52,295.52,295.52,100,stock
2015-12-17,HBL,293.02,291.77,293.02,289.9,2598,stock
2015-12-20,HBL,291.77,294.58,294.89,293.02,753,stock
2015-12-21,HBL,294.58,301.13,301.13,296.76,1600,stock
2015-12-22,HBL,307.06,303.31,307.06,297.7,3651,stock
2015-12-23,HBL,307.06,296.14,308.62,296.14,1218,stock
2015-12-24,HBL,293.02,299.26,302.38,293.02,1253,stock
2015-12-25,HBL,300.51,295.52,300.51,294.89,1116,stock
2015-12-28,HBL,295.52,294.58,295.83,290.52,2084,stock
2015-12-29,HBL,294.58,299.26,299.26,296.14,1232,stock
2015-12-31,HBL,299.26,297.7,299.26,297.7,571,stock
2016-01-03,HBL,297.7,295.2,297.7,294.89,2629,stock
2016-01-04,HBL,295.2,293.33,295.2,289.9,1030,stock
2016-01-05,HBL,293.02,291.46,294.58,289.9,5939,stock
2016-01-06,HBL,289.9,292.08,294.58,289.9,1016,stock
2016-01-07,HBL,294.58,297.08,297.08,294.58,1260,stock
2016-01-10,HBL,297.08,297.08,301.75,296.14,872,stock
2016-01-11,HBL,300.82,300.82,300.82,300.82,150,stock
2016-01-12,HBL,299.26,299.26,299.26,299.26,850,stock
2016-01-13,HBL,299.26,297.7,297.7,297.39,212,stock
2016-01-14,HBL,297.7,297.7,297.7,297.7,32,stock
2016-01-17,HBL,303.31,309.87,309.87,303.31,2574,stock
2016-01-18,HBL,314.55,310.18,316.1,306.12,5111,stock
2016-01-19,HBL,308.62,308.62,311.74,307.06,1994,stock
2016-01-20,HBL,307.06,311.43,311.43,305.5,1006,stock
2016-01-21,HBL,311.43,307.37,311.74,307.37,1100,stock
2016-01-24,HBL,307.37,310.18,310.49,307.06,10563,stock
2016-01-25,HBL,314.86,311.74,316.42,310.18,3547,stock
2016-01-26,HBL,311.74,308.93,310.18,308.62,554,stock
2016-01-27,HBL,308.93,309.87,309.87,305.19,670,stock
2016-01-28,HBL,305.5,305.81,307.37,304.25,1264,stock
2016-01-31,HBL,305.5,308.62,308.62,305.5,1519,stock
2016-02-01,HBL,308.62,313.3,314.23,309.24,1947,stock
2016-02-02,HBL,313.3,310.8,316.42,310.18,2063,stock
2016-02-03,HBL,310.8,311.74,313.3,310.8,3880,stock
2016-02-04,HBL,311.74,313.3,313.3,311.43,1461,stock
2016-02-07,HBL,313.3,313.61,321.1,312.99,4544,stock
2016-02-08,HBL,313.61,316.42,325.78,316.1,8435,stock
2016-02-11,HBL,316.42,318.91,320.78,316.42,6069,stock
2016-02-14,HBL,319.54,318.6,320.16,318.29,2282,stock
2016-02-15,HBL,313.61,327.34,327.34,313.61,5406,stock
2016-02-16,HBL,327.34,328.9,333.26,328.9,1955,stock
2016-02-17,HBL,328.9,334.82,338.25,331.7,3419,stock
2016-02-18,HBL,334.82,351.36,359.16,335.13,15808,stock
2016-02-21,HBL,353.85,366.95,369.14,353.85,15229,stock
2016-02-22,HBL,372.57,371.63,375.69,367.89,6787,stock
2016-02-23,HBL,371.63,364.77,372.57,356.97,4241,stock
2016-02-24,HBL,363.21,356.97,363.21,350.73,9106,stock
2016-02-25,HBL,350.11,355.1,356.97,338.57,5360,stock
2016-02-28,HBL,355.1,353.23,356.97,350.42,4531,stock
2016-02-29,HBL,353.23,350.73,352.29,349.17,3167,stock
2016-03-01,HBL,350.73,362.28,362.28,349.17,2856,stock
2016-03-02,HBL,364.77,361.96,367.89,361.03,4748,stock
2016-03-03,HBL,356.97,363.21,363.21,353.85,15146,stock
2016-03-06,HBL,357.91,356.97,360.09,356.35,9187,stock
2016-03-10,HBL,355.41,353.85,356.97,352.6,4905,stock
2016-03-13,HBL,353.85,351.04,353.85,347.61,1909,stock
2016-03-14,HBL,351.04,350.11,351.04,347.61,4149,stock
2016-03-15,HBL,349.48,347.61,349.8,346.05,6002,stock
2016-03-16,HBL,347.61,349.17,353.85,347.61,1331,stock
2016-03-17,HBL,349.17,347.92,352.29,347.92,1884,stock
2016-03-20,HBL,353.85,358.53,358.53,353.85,3423,stock
2016-03-21,HBL,360.09,355.41,362.9,355.41,3179,stock
2016-03-23,HBL,352.29,357.91,360.09,352.29,5906,stock
2016-03-24,HBL,357.91,367.89,370.39,363.21,10981,stock
2016-03-27,HBL,367.89,378.81,387.86,366.33,14255,stock
2016-03-28,HBL,378.81,381.93,385.05,379.12,6924,stock
2016-03-29,HBL,374.44,374.13,378.81,370.39,5524,stock
2016-03-30,HBL,374.13,369.45,375.69,368.2,3044,stock
2016-03-31,HBL,369.45,372.57,372.57,369.45,2331,stock
2016-04-03,HBL,372.57,370.07,370.7,359.16,3309,stock
2016-04-04,HBL,370.07,373.82,376.94,371.95,4332,stock
2016-04-05,HBL,375.69,384.42,385.05,375.69,6852,stock
2016-04-06,HBL,384.74,378.81,387.23,378.81,5780,stock
2016-04-10,HBL,378.81,397.53,397.53,386.3,11392,stock
2016-04-11,HBL,397.53,404.08,407.2,400.65,8217,stock
2016-04-12,HBL,404.08,413.12,413.12,408.45,9626,stock
2016-04-14,HBL,413.12,425.6,436.52,413.12,8900,stock
2016-04-17,HBL,431.84,433.4,441.2,430.28,9956,stock
2016-04-18,HBL,433.4,438.08,438.39,433.71,12008,stock
2016-04-19,HBL,438.08,436.52,441.2,430.59,6832,stock
2016-04-20,HBL,436.52,438.08,442.76,434.96,8239,stock
2016-04-21,HBL,438.08,433.4,439.33,428.41,10409,stock
2016-04-24,HBL,433.4,449.31,449.31,434.96,23810,stock
2016-04-25,HBL,449.31,449.31,463.04,448.06,7487,stock
2016-04-26,HBL,449.31,444.32,458.05,444.32,25614,stock
2016-04-27,HBL,444.32,450.56,453.68,443.7,5348,stock
2016-04-28,HBL,450.56,450.56,453.37,449.0,7791,stock
2016-05-02,HBL,450.56,444.32,452.12,444.32,6554,stock
2016-05-03,HBL,444.32,444.32,444.63,438.08,4489,stock
2016-05-04,HBL,444.32,444.32,444.63,439.95,6724,stock
2016-05-05,HBL,444.32,450.56,450.56,430.59,10974,stock
2016-05-08,HBL,450.56,453.68,459.92,444.94,15653,stock
2016-05-09,HBL,458.36,453.68,458.36,453.68,8418,stock
2016-05-10,HBL,456.49,456.8,458.05,456.49,4935,stock
2016-05-11,HBL,456.8,449.0,458.98,446.19,7053,stock
2016-05-12,HBL,454.93,453.68,455.24,453.68,2446,stock
2016-05-15,HBL,448.38,453.37,453.68,444.32,6498,stock
2016-05-16,HBL,453.68,450.56,450.56,447.44,10352,stock
2016-05-17,HBL,449.94,456.18,456.8,449.94,8853,stock
2016-05-18,HBL,456.18,473.65,473.65,456.8,11250,stock
2016-05-19,HBL,473.65,469.28,475.52,469.28,9486,stock
2016-05-22,HBL,469.28,461.48,469.28,457.11,7292,stock
2016-05-23,HBL,461.48,466.16,467.72,458.98,12618,stock
2016-05-24,HBL,466.16,476.14,476.14,467.09,12135,stock
2016-05-25,HBL,476.14,463.35,473.33,460.23,21450,stock
2016-05-26,HBL,463.35,459.92,472.4,453.68,14736,stock
2016-05-29,HBL,459.92,458.36,458.36,453.06,8164,stock
2016-05-30,HBL,458.36,467.09,467.09,455.24,6201,stock
2016-05-31,HBL,467.09,465.53,470.84,463.04,8858,stock
2016-06-01,HBL,465.53,456.18,464.6,452.12,4795,stock
2016-06-02,HBL,456.18,451.18,456.8,444.32,4680,stock
2016-06-05,HBL,451.18,438.71,452.12,438.71,6049,stock
2016-06-06,HBL,438.71,450.25,459.29,447.13,12559,stock
2016-06-07,HBL,449.0,453.68,461.48,449.0,8253,stock
2016-06-08,HBL,453.68,453.99,462.41,453.99,6234,stock
2016-06-09,HBL,456.8,456.8,459.92,449.0,5525,stock
2016-06-12,HBL,456.8,475.2,475.52,455.24,16282,stock
2016-06-13,HBL,475.2,472.4,484.56,471.77,19367,stock
2016-06-14,HBL,469.28,469.59,473.96,466.47,8494,stock
2016-06-15,HBL,470.21,468.97,470.21,456.8,5781,stock
2016-06-16,HBL,468.97,470.84,472.4,463.04,10962,stock
2016-06-19,HBL,470.84,463.04,471.15,463.04,4952,stock
2016-06-20,HBL,463.04,461.48,469.28,460.23,1621,stock
2016-06-21,HBL,461.48,468.34,468.34,450.87,6757,stock
2016-06-22,HBL,472.4,464.29,472.4,462.1,8399,stock
2016-06-23,HBL,464.29,469.28,472.4,465.22,5012,stock
2016-06-26,HBL,469.28,481.76,481.76,460.23,22528,stock
2016-06-27,HBL,481.76,494.23,494.23,481.76,14000,stock
2016-06-28,HBL,494.23,500.47,513.58,489.56,17601,stock
2016-06-29,HBL,500.47,500.47,500.47,488.0,10783,stock
2016-06-30,HBL,500.47,498.91,503.59,481.76,10204,stock
2016-07-03,HBL,498.91,494.86,500.47,491.11,5289,stock
2016-07-04,HBL,494.86,491.11,497.35,487.68,4876,stock
2016-07-05,HBL,486.44,489.87,492.67,483.32,6636,stock
2016-07-06,HBL,489.56,486.75,505.47,484.88,7010,stock
2016-07-10,HBL,486.75,488.0,494.23,485.19,3724,stock
2016-07-11,HBL,488.0,483.32,489.56,481.76,4425,stock
2016-07-12,HBL,483.32,475.52,483.32,469.28,11982,stock
2016-07-13,HBL,475.52,475.52,475.83,466.16,7678,stock
2016-07-14,HBL,467.72,472.4,488.0,467.72,3693,stock
2016-07-17,HBL,472.4,492.67,497.35,480.2,10008,stock
2016-07-18,HBL,492.67,506.09,511.39,500.47,13911,stock
2016-07-19,HBL,516.07,506.71,519.19,500.47,11032,stock
2016-07-20,HBL,510.14,503.59,516.7,503.28,6295,stock
2016-07-21,HBL,503.59,511.39,512.95,498.91,9712,stock
2016-07-25,HBL,511.39,518.88,520.75,513.58,11607,stock
2016-07-26,HBL,518.88,522.31,531.05,519.19,22725,stock
2016-07-27,HBL,522.31,531.67,531.98,523.87,18447,stock
2016-07-28,HBL,531.67,526.37,534.79,521.37,10699,stock
2016-07-31,HBL,526.37,517.63,531.05,517.63,11870,stock
2016-08-01,HBL,517.63,509.83,519.19,492.99,6030,stock
2016-08-02,HBL,509.83,501.1,503.59,500.47,5297,stock
2016-08-03,HBL,501.1,497.35,503.59,488.62,6408,stock
2016-08-04,HBL,497.35,488.0,503.59,478.64,5036,stock
2016-08-07,HBL,488.0,473.96,500.16,472.4,5884,stock
2016-08-08,HBL,473.96,439.02,472.4,439.02,4736,stock
2016-08-09,HBL,447.44,482.38,482.38,447.44,4075,stock
2016-08-10,HBL,491.74,494.23,495.79,473.02,12553,stock
2016-08-11,HBL,491.11,488.0,492.36,488.0,6013,stock
2016-08-14,HBL,489.56,483.32,500.47,483.32,18466,stock
2016-08-15,HBL,476.14,475.52,482.07,467.72,9995,stock
2016-08-16,HBL,472.4,488.0,491.11,472.4,8249,stock
2016-08-17,HBL,497.35,494.23,503.28,494.23,8022,stock
2016-08-21,HBL,503.91,501.72,522.31,499.54,15404,stock
2016-08-22,HBL,497.35,489.56,497.35,488.31,7361,stock
2016-08-23,HBL,491.11,484.88,502.35,484.88,14006,stock
2016-08-24,HBL,494.23,495.79,503.91,484.25,4685,stock
2016-08-28,HBL,498.91,496.11,505.47,494.23,4826,stock
2016-08-29,HBL,495.79,498.29,500.47,495.79,3328,stock
2016-08-30,HBL,503.91,516.38,519.19,503.28,16574,stock
2016-08-31,HBL,522.0,519.19,522.31,516.7,5238,stock
2016-09-01,HBL,519.19,518.57,526.68,518.26,8558,stock
2016-09-04,HBL,519.5,523.87,528.24,519.19,7484,stock
2016-09-05,HBL,531.67,533.23,536.35,531.36,6245,stock
2016-09-06,HBL,542.59,528.55,539.16,526.68,13273,stock
2016-09-07,HBL,525.43,530.11,532.61,522.31,8270,stock
2016-09-08,HBL,529.49,526.99,530.11,526.05,4172,stock
2016-09-11,HBL,522.31,528.55,533.23,520.75,5402,stock
2016-09-12,HBL,525.43,525.43,525.74,514.2,3070,stock
2016-09-14,HBL,520.75,520.44,523.87,519.19,3592,stock
2016-09-18,HBL,518.57,515.76,518.57,509.83,2827,stock
2016-09-20,HBL,505.78,509.83,516.07,505.78,300,stock
2016-09-21,HBL,505.15,505.15,506.09,497.35,1665,stock
2016-09-22,HBL,504.22,500.47,506.4,494.23,2131,stock
2016-09-25,HBL,504.22,500.47,506.4,494.23,2131,stock
2016-09-26,HBL,488.31,497.67,498.91,488.0,1675,stock
2016-09-27,HBL,505.47,494.55,503.59,488.0,2255,stock
2016-09-28,HBL,492.05,491.11,492.36,488.0,1264,stock
2016-09-29,HBL,491.11,494.23,494.23,491.11,1760,stock
2016-10-02,HBL,491.11,497.35,497.35,491.11,4026,stock
2016-10-03,HBL,500.47,503.28,504.84,500.47,3502,stock
2016-10-04,HBL,503.59,503.59,506.09,496.73,3504,stock
2016-10-05,HBL,504.22,506.71,507.96,503.59,1549,stock
2016-10-06,HBL,504.22,510.14,514.2,504.22,2217,stock
2016-10-16,HBL,516.07,510.46,516.07,506.71,5899,stock
2016-10-17,HBL,509.83,506.09,509.83,502.03,2088,stock
2016-10-18,HBL,506.71,503.59,506.71,503.59,1328,stock
2016-10-19,HBL,501.41,503.59,505.15,501.1,2241,stock
2016-10-20,HBL,505.15,508.9,509.52,505.15,4888,stock
2016-10-23,HBL,511.7,513.26,513.89,508.9,6742,stock
2016-10-24,HBL,508.27,506.09,510.77,503.59,10259,stock
2016-10-25,HBL,503.59,502.03,503.59,497.98,9089,stock
2016-10-27,HBL,501.99,495.57,508.05,492.72,2464,stock
2016-11-03,HBL,492.0,492.0,492.0,492.0,100,stock
2016-11-07,HBL,495.57,499.13,499.13,492.0,1320,stock
2016-11-08,HBL,495.57,492.0,497.35,488.44,1632,stock
2016-11-09,HBL,482.38,484.87,493.79,481.31,3178,stock
2016-11-10,HBL,477.74,490.22,492.0,477.74,2713,stock
2016-11-13,HBL,480.59,483.09,488.44,480.59,3903,stock
2016-11-14,HBL,484.87,483.09,486.66,481.31,2737,stock
2016-11-15,HBL,485.23,477.74,488.44,474.18,1307,stock
2016-11-16,HBL,472.39,481.31,481.31,470.97,886,stock
2016-11-17,HBL,474.18,465.62,475.96,463.84,4058,stock
2016-11-20,HBL,456.35,427.83,458.49,424.98,9708,stock
2016-11-21,HBL,426.05,434.96,444.94,419.27,3913,stock
2016-11-22,HBL,427.83,424.26,436.39,417.13,8278,stock
2016-11-23,HBL,420.7,405.37,420.7,405.37,9872,stock
2016-11-24,HBL,404.65,408.58,427.83,404.65,7176,stock
2016-11-27,HBL,405.01,394.32,410.0,392.18,6029,stock
2016-11-28,HBL,386.83,407.86,407.86,356.52,5423,stock
2016-11-29,HBL,401.09,427.12,427.12,392.18,8419,stock
2016-11-30,HBL,435.32,459.92,462.06,435.32,15778,stock
2016-12-01,HBL,468.83,468.83,484.87,456.35,13842,stock
2016-12-04,HBL,459.56,456.35,463.48,451.0,4317,stock
2016-12-05,HBL,449.22,441.73,449.22,437.46,3712,stock
2016-12-06,HBL,440.31,441.02,443.87,434.96,5003,stock
2016-12-07,HBL,438.88,437.46,442.09,437.1,2187,stock
2016-12-08,HBL,438.52,439.95,439.95,434.96,4256,stock
2016-12-11,HBL,439.95,436.74,439.95,429.26,1893,stock
2016-12-12,HBL,428.19,428.54,430.68,427.83,4700,stock
2016-12-14,HBL,436.74,430.68,436.74,427.83,701,stock
2016-12-15,HBL,430.68,431.39,434.25,427.83,1910,stock
2016-12-18,HBL,431.39,437.81,442.09,431.39,5427,stock
2016-12-19,HBL,442.09,430.68,442.09,428.19,8369,stock
2016-12-20,HBL,430.68,427.47,431.39,427.47,16718,stock
2016-12-21,HBL,440.31,418.06,431.5,412.5,6539,stock
2016-12-22,HBL,417.13,412.5,417.13,412.5,1973,stock
2016-12-26,HBL,412.5,396.28,412.5,389.32,2779,stock
2016-12-27,HBL,389.79,375.42,389.79,373.57,4366,stock
2016-12-28,HBL,374.96,373.1,379.13,366.15,5987,stock
2016-12-29,HBL,373.57,380.05,382.37,370.79,2122,stock
2017-01-01,HBL,382.84,393.96,398.59,382.84,2347,stock
2017-01-02,HBL,400.91,412.5,415.74,399.06,4431,stock
2017-01-03,HBL,410.64,406.01,410.64,403.23,4384,stock
2017-01-04,HBL,398.59,412.5,412.5,398.59,1840,stock
2017-01-05,HBL,408.33,403.23,408.33,400.91,1090,stock
2017-01-08,HBL,400.91,400.91,405.55,399.52,1880,stock
2017-01-09,HBL,403.23,406.01,408.33,400.45,1866,stock
2017-01-10,HBL,407.86,411.57,412.5,405.55,2571,stock
2017-01-11,HBL,417.13,417.13,419.45,414.82,2778,stock
2017-01-12,HBL,424.09,418.06,424.09,417.13,1055,stock
2017-01-15,HBL,421.77,421.3,422.23,417.13,1738,stock
2017-01-16,HBL,417.6,421.77,421.77,417.13,2037,stock
2017-01-17,HBL,419.45,419.45,419.45,417.13,370,stock
2017-01-18,HBL,417.6,417.13,417.6,412.5,2609,stock
2017-01-19,HBL,417.13,412.5,418.52,412.5,874,stock
2017-01-22,HBL,408.33,412.5,413.89,407.86,1277,stock
2017-01-23,HBL,407.86,411.11,414.82,407.86,1809,stock
2017-01-24,HBL,412.5,401.84,412.5,401.84,2411,stock
2017-01-25,HBL,401.84,393.96,401.84,393.96,1415,stock
2017-01-26,HBL,389.32,393.96,397.2,381.91,2789,stock
2017-01-30,HBL,389.32,378.2,389.32,378.2,3311,stock
2017-01-31,HBL,384.69,386.08,389.32,377.27,3612,stock
2017-02-01,HBL,382.37,405.55,405.55,382.37,1598,stock
2017-02-02,HBL,407.86,403.23,407.86,398.59,2196,stock
2017-02-05,HBL,398.59,402.77,402.77,387.93,1322,stock
2017-02-06,HBL,403.23,394.42,403.23,387.01,720,stock
2017-02-07,HBL,389.32,387.01,398.13,387.01,2852,stock
2017-02-08,HBL,389.32,387.01,389.32,384.69,2082,stock
2017-02-09,HBL,380.05,380.05,387.93,379.59,1670,stock
2017-02-12,HBL,378.2,361.98,378.2,359.66,3651,stock
2017-02-13,HBL,356.88,361.52,361.52,340.66,4143,stock
2017-02-14,HBL,362.91,370.79,380.98,361.52,4272,stock
2017-02-15,HBL,370.79,387.01,393.96,370.79,1972,stock
2017-02-16,HBL,394.42,400.91,402.3,393.5,2540,stock
2017-02-19,HBL,393.96,405.55,407.86,393.03,3474,stock
2017-02-20,HBL,406.01,403.23,412.5,403.23,5218,stock
2017-02-21,HBL,405.55,403.23,408.79,398.59,1825,stock
2017-02-22,HBL,400.91,397.2,403.23,389.79,1056,stock
2017-02-23,HBL,394.42,393.03,394.89,389.79,1090,stock
2017-02-26,HBL,393.96,388.4,393.96,388.4,140,stock
2017-02-28,HBL,389.32,377.74,389.32,375.42,1090,stock
2017-03-01,HBL,377.74,384.69,384.69,377.74,88,stock
2017-03-02,HBL,385.15,397.67,397.67,385.15,621,stock
2017-03-05,HBL,405.55,407.4,407.86,399.52,3429,stock
2017-03-06,HBL,410.18,406.94,412.5,404.16,4010,stock
2017-03-07,HBL,403.23,390.71,403.23,390.71,1110,stock
2017-03-09,HBL,384.69,390.25,393.96,384.69,577,stock
2017-03-13,HBL,390.25,398.59,398.59,386.08,3558,stock
2017-03-14,HBL,396.28,396.28,398.59,396.28,277,stock
2017-03-15,HBL,398.59,398.59,398.59,398.59,300,stock
2017-03-16,HBL,394.89,394.42,394.89,390.71,1910,stock
2017-03-19,HBL,394.42,397.2,398.59,393.96,3373,stock
2017-03-20,HBL,405.08,408.33,412.5,404.62,1090,stock
2017-03-21,HBL,409.25,419.45,419.45,401.37,3074,stock
2017-03-22,HBL,426.4,443.55,443.55,426.4,3426,stock
2017-03-23,HBL,447.26,440.31,454.21,429.65,4085,stock
2017-03-26,HBL,442.62,449.58,463.48,442.62,5097,stock
2017-03-28,HBL,449.58,472.75,472.75,453.28,3407,stock
2017-03-29,HBL,472.75,456.53,481.56,456.53,6573,stock
2017-03-30,HBL,456.53,454.21,463.02,450.04,2507,stock
2017-04-02,HBL,463.02,482.02,482.02,463.02,4495,stock
2017-04-03,HBL,491.29,477.39,530.22,472.75,18494,stock
2017-04-04,HBL,475.07,468.12,477.39,465.8,4928,stock
2017-04-06,HBL,467.65,463.48,482.02,463.48,4815,stock
2017-04-09,HBL,465.8,465.8,468.12,461.63,4155,stock
2017-04-10,HBL,468.12,472.75,477.39,463.48,4206,stock
2017-04-11,HBL,482.02,482.02,491.29,468.12,14714,stock
2017-04-12,HBL,488.97,481.56,493.14,472.75,9995,stock
2017-04-13,HBL,468.12,471.82,479.7,463.48,979,stock
2017-04-16,HBL,463.48,468.12,471.82,462.55,1549,stock
2017-04-18,HBL,458.85,458.85,463.48,454.21,3368,stock
2017-04-19,HBL,458.85,454.21,463.48,450.04,4475,stock
2017-04-20,HBL,461.16,465.8,465.8,458.85,2772,stock
2017-04-23,HBL,475.07,470.43,479.7,468.58,3750,stock
2017-04-24,HBL,470.43,463.48,470.43,458.85,3088,stock
2017-04-25,HBL,465.8,458.85,465.8,456.53,4493,stock
2017-04-26,HBL,456.53,458.85,458.85,451.89,1257,stock
2017-04-27,HBL,458.85,452.36,458.85,450.5,3395,stock
2017-04-30,HBL,451.89,451.43,451.89,442.62,1970,stock
2017-05-02,HBL,444.94,458.85,458.85,444.94,1215,stock
2017-05-03,HBL,454.21,458.85,463.02,454.21,1682,stock
2017-05-04,HBL,452.82,451.89,452.82,450.04,1050,stock
2017-05-07,HBL,443.09,443.09,444.94,441.23,2629,stock
2017-05-08,HBL,440.31,457.92,460.7,440.31,1305,stock
2017-05-09,HBL,457.92,451.89,451.89,449.58,1100,stock
2017-05-11,HBL,458.85,445.41,458.85,445.41,2025,stock
2017-05-15,HBL,447.26,450.5,462.55,447.26,870,stock
2017-05-16,HBL,444.94,440.77,449.58,440.77,3781,stock
2017-05-17,HBL,444.02,444.94,447.26,444.02,787,stock
2017-05-18,HBL,444.94,444.94,444.94,442.16,1200,stock
2017-05-21,HBL,440.31,444.94,444.94,440.31,700,stock
2017-05-22,HBL,440.31,438.45,442.62,435.67,1939,stock
2017-05-23,HBL,440.31,444.94,444.94,440.31,3670,stock
2017-05-24,HBL,444.94,440.31,442.62,437.06,1100,stock
2017-05-28,HBL,435.67,434.75,437.06,431.96,3395,stock
2017-05-30,HBL,430.11,428.72,431.04,424.09,4819,stock
2017-05-31,HBL,428.72,429.18,433.36,422.69,4144,stock
2017-06-01,HBL,431.96,429.65,436.14,429.18,1231,stock
2017-06-04,HBL,429.18,428.72,432.89,428.72,2126,stock
2017-06-05,HBL,428.72,428.72,431.96,426.87,3252,stock
2017-06-06,HBL,435.67,439.38,439.38,428.72,3071,stock
2017-06-07,HBL,440.31,436.14,444.94,435.67,3018,stock
2017-06-08,HBL,429.18,430.11,432.43,424.09,2762,stock
2017-06-11,HBL,424.09,421.77,426.4,420.38,5836,stock
2017-06-12,HBL,421.77,421.77,425.48,418.99,4101,stock
2017-06-13,HBL,422.23,419.91,422.23,415.28,4956,stock
2017-06-14,HBL,417.6,417.13,420.38,417.13,1794,stock
2017-06-15,HBL,417.13,426.4,428.26,413.43,1433,stock
2017-06-18,HBL,426.4,421.77,424.09,412.5,3120,stock
2017-06-19,HBL,414.82,414.82,414.82,410.18,2696,stock
2017-06-20,HBL,406.94,407.86,411.57,403.23,3885,stock
2017-06-21,HBL,407.4,403.23,407.86,401.37,5741,stock
2017-06-22,HBL,411.11,410.64,411.57,405.55,1443,stock
2017-06-25,HBL,408.33,409.72,412.03,407.86,2029,stock
2017-06-27,HBL,412.03,410.64,414.82,410.18,2930,stock
2017-06-28,HBL,407.86,412.5,417.13,400.91,2580,stock
2017-07-02,HBL,412.5,403.23,412.5,399.52,1928,stock
2017-07-03,HBL,403.23,410.18,410.18,403.23,1980,stock
2017-07-04,HBL,410.64,409.25,411.11,408.33,2737,stock
2017-07-05,HBL,411.57,411.57,411.57,404.16,591,stock
2017-07-06,HBL,414.82,417.13,417.13,407.86,3027,stock
2017-07-09,HBL,417.13,417.13,426.4,414.82,7511,stock
2017-07-10,HBL,412.5,413.89,417.13,412.5,1135,stock
2017-07-11,HBL,414.82,417.13,418.99,414.82,3212,stock
2017-07-12,HBL,417.13,418.99,418.99,414.82,998,stock
2017-07-13,HBL,421.77,411.11,421.77,410.64,3825,stock
2017-07-16,HBL,417.13,412.5,417.13,412.5,3565,stock
2017-07-17,HBL,418.52,420.38,421.77,416.67,2995,stock
2017-07-18,HBL,424.09,428.26,428.26,417.13,4981,stock
2017-07-19,HBL,428.72,423.62,431.04,422.69,8485,stock
2017-07-20,HBL,421.77,420.84,428.72,418.52,5246,stock
2017-07-23,HBL,420.38,424.09,427.33,420.38,2435,stock
2017-07-24,HBL,424.09,421.77,424.09,419.45,2162,stock
2017-07-25,HBL,424.09,417.13,428.72,417.13,3308,stock
2017-07-26,HBL,417.13,418.52,421.77,417.13,1908,stock
2017-07-27,HBL,419.45,423.16,425.48,418.06,2315,stock
2017-07-30,HBL,421.77,421.77,422.69,419.45,2872,stock
2017-07-31,HBL,428.72,423.62,429.18,419.45,4057,stock
2017-08-01,HBL,423.62,421.3,428.72,417.6,2555,stock
2017-08-02,HBL,424.09,419.45,424.09,419.45,4731,stock
2017-08-03,HBL,419.45,419.45,421.77,418.99,7273,stock
2017-08-06,HBL,418.06,422.23,422.23,417.13,5593,stock
2017-08-07,HBL,426.4,424.09,426.87,424.09,2973,stock
2017-08-09,HBL,424.09,423.62,425.48,423.62,3463,stock
2017-08-10,HBL,426.4,424.09,426.4,418.99,2452,stock
2017-08-13,HBL,431.96,419.91,431.96,419.91,6336,stock
2017-08-15,HBL,420.38,419.91,423.16,419.45,2219,stock
2017-08-16,HBL,417.13,424.09,425.94,417.13,3021,stock
2017-08-17,HBL,422.69,428.72,428.72,422.69,3894,stock
2017-08-20,HBL,428.72,418.06,428.72,417.6,3812,stock
2017-08-21,HBL,418.99,421.77,421.77,417.13,3204,stock
2017-08-22,HBL,424.09,417.6,424.09,417.13,5148,stock
2017-08-23,HBL,417.6,420.84,421.77,417.13,1830,stock
2017-08-24,HBL,418.99,416.21,420.84,416.21,5837,stock
2017-08-27,HBL,416.21,419.45,421.77,417.13,4709,stock
2017-08-28,HBL,417.13,417.13,417.6,415.74,5378,stock
2017-08-30,HBL,417.13,413.43,417.13,413.43,2675,stock
2017-08-31,HBL,413.43,410.18,414.82,407.86,2870,stock
2017-09-04,HBL,410.64,400.45,410.64,396.74,5104,stock
2017-09-06,HBL,407.86,407.86,407.86,398.59,1904,stock
2017-09-07,HBL,410.18,405.55,410.18,402.3,2333,stock
2017-09-10,HBL,401.84,393.96,403.69,393.96,4135,stock
2017-09-11,HBL,393.96,395.35,403.23,393.96,2220,stock
2017-09-12,HBL,387.47,387.01,394.89,386.08,4468,stock
2017-09-13,HBL,384.69,380.05,402.3,380.05,3474,stock
2017-09-14,HBL,384.69,396.28,397.67,384.69,4335,stock
2017-09-17,HBL,396.74,412.5,412.5,393.96,1872,stock
2017-09-18,HBL,419.91,409.25,417.13,408.79,2875,stock
2017-09-20,HBL,405.55,412.5,412.96,403.23,2919,stock
2017-09-24,HBL,412.96,412.5,412.96,411.57,3103,stock
2017-09-25,HBL,420.38,415.28,420.38,407.86,2014,stock
2017-09-26,HBL,417.13,412.96,417.13,412.5,308,stock
2017-10-03,HBL,412.96,416.21,416.21,412.96,317,stock
2017-10-04,HBL,417.13,414.82,417.13,406.01,1849,stock
2017-10-08,HBL,409.72,396.28,409.72,392.57,2087,stock
2017-10-09,HBL,396.28,396.28,396.28,393.96,3487,stock
2017-10-10,HBL,393.96,398.59,398.59,393.96,625,stock
2017-10-11,HBL,405.08,397.2,405.08,396.74,1691,stock
2017-10-12,HBL,396.28,396.28,399.06,393.96,5936,stock
2017-10-15,HBL,394.89,400.91,400.91,394.89,921,stock
2017-10-16,HBL,404.16,407.86,407.86,401.84,553,stock
2017-10-17,HBL,412.5,413.89,413.89,406.01,3355,stock
2017-10-18,HBL,417.13,410.64,417.13,409.25,2488,stock
2017-10-22,HBL,408.33,412.5,417.13,407.86,2146,stock
2017-10-23,HBL,412.5,412.5,413.43,412.5,2462,stock
2017-10-24,HBL,412.5,403.69,410.18,403.69,1592,stock
2017-10-25,HBL,403.69,401.84,403.69,399.06,1839,stock
2017-10-29,HBL,399.52,400.91,401.84,397.2,2612,stock
2017-10-30,HBL,398.59,400.91,402.77,393.96,1670,stock
2017-10-31,HBL,400.91,397.2,403.23,394.42,1559,stock
2017-11-01,HBL,405.08,409.72,410.64,401.84,10450,stock
2017-11-02,HBL,410.64,402.77,410.64,400.45,8089,stock
2017-11-05,HBL,402.3,391.64,402.3,387.01,11622,stock
2017-11-06,HBL,391.64,393.96,398.13,389.32,5555,stock
2017-11-07,HBL,398.59,393.96,398.59,393.03,3544,stock
2017-11-08,HBL,389.32,389.32,393.03,387.01,4171,stock
2017-11-09,HBL,383.3,389.32,390.25,383.3,4124,stock
2017-11-12,HBL,387.47,393.03,393.96,391.18,1630,stock
2017-11-13,HBL,396.28,393.5,398.59,392.11,3979,stock
2017-11-14,HBL,400.91,403.23,408.79,398.59,4209,stock
2017-11-15,HBL,407.86,398.59,407.86,398.59,3895,stock
2017-11-16,HBL,393.96,393.96,396.28,393.96,1454,stock
2017-11-19,HBL,393.96,392.57,393.96,390.71,1482,stock
2017-11-20,HBL,392.57,387.47,392.57,387.47,1794,stock
2017-11-21,HBL,387.47,390.25,394.89,387.47,796,stock
2017-11-22,HBL,391.64,391.64,395.35,389.32,2105,stock
2017-11-23,HBL,389.32,393.96,402.3,393.96,572,stock
2017-11-26,HBL,393.96,399.98,400.45,394.89,998,stock
2017-11-27,HBL,402.3,401.37,402.3,398.59,2641,stock
2017-11-28,HBL,403.23,403.23,403.23,397.67,1266,stock
2017-11-29,HBL,405.55,409.25,410.18,405.55,2647,stock
2017-11-30,HBL,411.57,407.86,411.57,406.01,1347,stock
2017-12-04,HBL,406.47,406.94,406.94,405.55,1222,stock
2017-12-05,HBL,406.94,403.23,407.86,400.91,1760,stock
2017-12-06,HBL,404.16,404.16,406.94,398.59,2679,stock
2017-12-10,HBL,403.69,399.52,404.62,398.59,2995,stock
2017-12-11,HBL,400.91,399.52,400.91,396.28,1200,stock
2017-12-12,HBL,403.23,394.89,404.16,393.96,1221,stock
2017-12-13,HBL,389.79,391.64,393.96,389.32,2030,stock
2017-12-14,HBL,393.03,391.18,393.03,391.18,700,stock
2017-12-17,HBL,390.71,387.01,390.71,385.15,8227,stock
2017-12-18,HBL,387.01,389.32,389.79,387.01,4773,stock
2017-12-19,HBL,389.32,388.4,393.96,388.4,2799,stock
2017-12-20,HBL,389.32,388.86,390.25,387.01,3826,stock
2017-12-21,HBL,391.64,391.18,391.64,389.32,2309,stock
2017-12-24,HBL,398.59,388.86,398.59,388.4,14541,stock
2017-12-26,HBL,388.74,376.0,385.27,375.42,8318,stock
2017-12-27,HBL,369.05,364.99,371.94,364.99,3017,stock
2017-12-28,HBL,360.36,352.25,363.83,352.25,9812,stock
2017-12-31,HBL,348.77,341.82,350.51,341.82,6729,stock
2018-01-01,HBL,348.19,368.47,369.05,347.61,3385,stock
2018-01-02,HBL,372.52,376.58,379.48,369.05,6209,stock
2018-01-03,HBL,382.95,375.42,382.95,373.68,962,stock
2018-01-04,HBL,375.42,373.1,375.42,367.89,2920,stock
2018-01-07,HBL,380.05,377.74,380.05,376.58,2390,stock
2018-01-08,HBL,378.32,377.16,385.85,376.58,1927,stock
2018-01-09,HBL,377.16,382.37,383.53,379.48,1401,stock
2018-01-10,HBL,389.9,384.11,397.44,382.37,2427,stock
2018-01-14,HBL,382.95,382.37,388.74,377.16,970,stock
2018-01-16,HBL,389.9,381.21,389.9,375.42,1873,stock
2018-01-17,HBL,379.48,378.9,379.48,376.58,1689,stock
2018-01-21,HBL,382.37,377.74,382.37,377.16,1112,stock
2018-01-22,HBL,382.37,380.05,382.37,378.32,3510,stock
2018-01-23,HBL,387.59,381.21,387.59,379.48,489,stock
2018-01-24,HBL,388.74,381.21,388.74,377.74,2025,stock
2018-01-25,HBL,378.9,380.05,380.05,377.74,4604,stock
2018-01-28,HBL,387.59,380.63,387.01,379.48,3982,stock
2018-01-29,HBL,387.01,382.95,385.27,379.48,4151,stock
2018-01-31,HBL,390.48,382.37,390.48,379.48,1071,stock
2018-02-01,HBL,382.37,382.37,382.37,379.48,1383,stock
2018-02-04,HBL,384.11,384.69,386.43,384.11,728,stock
2018-02-05,HBL,384.11,380.05,384.11,380.05,1888,stock
2018-02-06,HBL,379.48,378.9,380.63,377.74,2708,stock
2018-02-08,HBL,377.16,380.05,381.21,376.58,1395,stock
2018-02-11,HBL,382.37,380.05,382.37,380.05,1515,stock
2018-02-12,HBL,382.37,381.21,382.37,376.58,1550,stock
2018-02-14,HBL,380.05,378.32,380.05,377.16,1970,stock
2018-02-15,HBL,385.27,386.43,391.06,382.37,7399,stock
2018-02-18,HBL,386.43,385.27,394.54,385.27,3754,stock
2018-02-20,HBL,392.8,384.11,392.8,383.53,1072,stock
2018-02-21,HBL,384.11,385.27,386.43,382.95,2000,stock
2018-02-22,HBL,377.74,380.05,384.11,377.74,1886,stock
2018-02-25,HBL,382.37,378.32,382.37,378.32,907,stock
2018-02-26,HBL,376.58,371.94,382.37,370.79,2200,stock
2018-02-27,HBL,370.79,374.26,376.58,370.79,712,stock
2018-02-28,HBL,371.36,369.05,375.42,369.05,1000,stock
2018-03-04,HBL,362.09,353.4,362.09,350.51,3676,stock
2018-03-06,HBL,339.5,344.13,348.19,338.92,12471,stock
2018-03-07,HBL,344.71,347.61,351.67,344.71,13122,stock
2018-03-11,HBL,347.61,341.82,349.35,341.82,4270,stock
2018-03-12,HBL,341.82,340.66,347.03,338.92,11097,stock
2018-03-13,HBL,341.82,342.98,342.98,337.76,10231,stock
2018-03-14,HBL,347.61,345.87,347.61,344.71,910,stock
2018-03-15,HBL,347.61,354.56,354.56,347.61,1108,stock
2018-03-18,HBL,353.98,349.93,355.14,348.19,1035,stock
2018-03-19,HBL,344.71,345.29,351.09,344.71,1062,stock
2018-03-20,HBL,344.13,346.45,346.45,341.82,1569,stock
2018-03-21,HBL,346.45,343.56,346.45,340.08,1554,stock
2018-03-22,HBL,339.5,347.61,348.19,333.13,2332,stock
2018-03-26,HBL,340.66,331.39,340.66,328.49,2698,stock
2018-03-27,HBL,328.49,336.6,338.92,324.44,3266,stock
2018-03-28,HBL,342.4,331.39,342.4,326.75,8958,stock
2018-03-29,HBL,330.81,344.71,344.71,330.81,3853,stock
2018-04-01,HBL,341.82,338.92,341.82,333.13,1530,stock
2018-04-02,HBL,337.18,338.92,339.5,337.18,1360,stock
2018-04-03,HBL,338.92,338.34,341.82,337.76,2620,stock
2018-04-04,HBL,340.08,341.82,344.13,338.92,1910,stock
2018-04-05,HBL,347.61,345.87,347.61,344.13,1070,stock
2018-04-08,HBL,346.45,353.4,360.36,341.82,11841,stock
2018-04-09,HBL,356.3,353.4,360.36,350.51,11529,stock
2018-04-10,HBL,346.45,352.83,359.2,346.45,3032,stock
2018-04-11,HBL,355.14,354.56,355.72,351.09,1097,stock
2018-04-12,HBL,356.3,353.4,356.3,351.09,3928,stock
2018-04-15,HBL,353.4,348.19,353.4,346.45,1019,stock
2018-04-16,HBL,348.77,350.51,355.72,347.61,1908,stock
2018-04-17,HBL,350.51,353.4,354.56,347.61,2523,stock
2018-04-18,HBL,350.51,377.16,377.74,350.51,5636,stock
2018-04-19,HBL,371.94,377.74,382.37,370.79,10234,stock
2018-04-22,HBL,377.74,389.9,393.96,385.27,1947,stock
2018-04-23,HBL,395.12,381.21,395.12,376.58,4326,stock
2018-04-24,HBL,370.79,366.73,378.32,364.99,4948,stock
2018-04-25,HBL,370.79,367.89,370.79,363.25,2292,stock
2018-04-26,HBL,367.89,357.46,367.89,356.88,9882,stock
2018-04-29,HBL,362.09,353.4,362.09,348.19,2179,stock
2018-05-02,HBL,353.4,359.78,359.78,353.4,971,stock
2018-05-03,HBL,360.36,359.2,362.67,356.3,1638,stock
2018-05-06,HBL,359.2,350.51,359.2,349.93,1465,stock
2018-05-07,HBL,350.51,349.35,353.4,347.61,1880,stock
2018-05-08,HBL,349.93,356.3,356.3,349.93,1218,stock
2018-05-09,HBL,356.3,359.2,359.2,350.51,450,stock
2018-05-14,HBL,358.04,347.61,358.04,341.82,1765,stock
2018-05-15,HBL,347.61,345.29,350.51,344.71,878,stock
2018-05-16,HBL,341.82,347.61,347.61,341.82,377,stock
2018-05-17,HBL,347.61,359.2,359.2,347.61,1626,stock
2018-05-20,HBL,359.2,353.4,359.2,347.61,1373,stock
2018-05-21,HBL,350.51,348.77,351.09,347.61,825,stock
2018-05-22,HBL,348.77,348.19,350.51,347.61,1639,stock
2018-05-23,HBL,344.71,351.09,351.09,344.71,185,stock
2018-05-24,HBL,351.09,347.61,351.09,344.13,5148,stock
2018-05-27,HBL,347.61,345.29,347.61,341.82,2686,stock
2018-05-28,HBL,345.29,351.67,352.83,341.24,5033,stock
2018-05-29,HBL,350.51,349.35,353.4,347.03,555,stock
2018-05-30,HBL,349.35,349.35,349.35,344.71,630,stock
2018-05-31,HBL,350.51,347.61,350.51,345.87,375,stock
2018-06-03,HBL,340.66,338.92,344.71,338.92,2368,stock
2018-06-04,HBL,341.82,338.34,344.71,338.34,1252,stock
2018-06-06,HBL,339.5,340.66,342.98,339.5,360,stock
2018-06-07,HBL,341.82,334.87,341.82,334.87,2695,stock
2018-06-10,HBL,334.29,327.91,334.87,327.33,936,stock
2018-06-11,HBL,327.33,324.44,333.13,324.44,7682,stock
2018-06-12,HBL,324.44,324.44,324.44,324.44,1068,stock
2018-06-13,HBL,324.44,323.28,324.44,321.54,965,stock
2018-06-14,HBL,324.44,325.6,325.6,319.8,1392,stock
2018-06-17,HBL,324.44,323.28,324.44,321.54,648,stock
2018-06-18,HBL,316.91,320.38,323.28,316.91,375,stock
2018-06-19,HBL,319.22,327.91,327.91,315.75,2093,stock
2018-06-20,HBL,327.33,322.7,327.91,322.12,555,stock
2018-06-21,HBL,318.64,320.38,322.12,315.75,1542,stock
2018-06-24,HBL,323.28,323.28,323.28,318.64,795,stock
2018-06-25,HBL,321.54,318.06,321.54,317.48,878,stock
2018-06-26,HBL,312.85,312.85,318.06,311.69,2640,stock
2018-06-27,HBL,310.53,315.17,315.17,309.95,1453,stock
2018-06-28,HBL,314.01,312.85,314.59,312.85,1387,stock
2018-07-01,HBL,314.59,315.17,315.75,314.01,1200,stock
2018-07-02,HBL,312.85,311.69,314.01,310.53,532,stock
2018-07-03,HBL,311.11,312.85,312.85,311.11,291,stock
2018-07-04,HBL,314.59,315.17,315.17,313.43,1035,stock
2018-07-05,HBL,316.91,321.54,321.54,315.75,1415,stock
2018-07-08,HBL,326.75,326.17,335.44,322.7,1671,stock
2018-07-09,HBL,324.44,318.06,324.44,318.06,1440,stock
2018-07-10,HBL,318.06,315.17,318.06,315.17,1657,stock
2018-07-11,HBL,317.48,318.64,320.96,315.17,1851,stock
2018-07-12,HBL,318.64,316.91,318.64,315.17,948,stock
2018-07-15,HBL,315.75,318.64,319.22,315.75,260,stock
2018-07-16,HBL,319.8,319.22,319.8,318.64,400,stock
2018-07-17,HBL,319.8,319.22,319.8,318.64,800,stock
2018-07-18,HBL,318.64,314.01,318.64,314.01,1155,stock
2018-07-19,HBL,317.48,314.01,317.48,312.85,1055,stock
2018-07-22,HBL,314.01,304.74,314.01,304.16,1979,stock
2018-07-23,HBL,304.16,323.86,323.86,304.16,250,stock
2018-07-24,HBL,329.07,326.17,330.81,323.28,3265,stock
2018-07-25,HBL,324.44,323.28,324.44,323.28,400,stock
2018-07-26,HBL,323.28,322.12,323.86,321.54,1062,stock
2018-07-29,HBL,318.64,322.7,330.81,318.64,1072,stock
2018-07-30,HBL,322.7,328.49,328.49,320.38,756,stock
2018-07-31,HBL,322.12,321.54,322.7,318.64,1710,stock
2018-08-01,HBL,322.12,324.44,325.6,322.12,1200,stock
2018-08-02,HBL,325.6,322.7,325.6,322.7,532,stock
2018-08-05,HBL,324.44,319.8,324.44,318.64,2008,stock
2018-08-06,HBL,319.22,322.12,322.12,319.22,265,stock
2018-08-07,HBL,321.54,321.54,324.44,320.96,1700,stock
2018-08-08,HBL,321.54,323.86,323.86,320.96,988,stock
2018-08-09,HBL,324.44,324.44,324.44,321.54,620,stock
2018-08-12,HBL,324.44,321.54,324.44,321.54,1502,stock
2018-08-13,HBL,318.64,321.54,321.54,318.64,1149,stock
2018-08-14,HBL,322.7,321.54,326.17,321.54,190,stock
2018-08-15,HBL,321.54,333.71,333.71,321.54,2652,stock
2018-08-16,HBL,333.71,333.13,334.87,327.33,2812,stock
2018-08-19,HBL,328.49,319.22,330.23,318.06,1487,stock
2018-08-20,HBL,318.64,318.64,320.38,318.64,264,stock
2018-08-21,HBL,318.64,318.06,318.64,312.85,2684,stock
2018-08-22,HBL,315.75,312.85,315.75,310.53,1049,stock
2018-08-23,HBL,308.22,308.22,309.95,307.06,3259,stock
2018-08-26,HBL,309.95,308.79,309.95,308.22,1509,stock
2018-08-28,HBL,312.85,309.95,312.85,308.79,1661,stock
2018-08-29,HBL,311.69,308.22,311.69,307.06,3403,stock
2018-08-30,HBL,309.95,308.79,309.95,307.06,771,stock
2018-09-02,HBL,304.16,310.53,310.53,304.16,1397,stock
2018-09-03,HBL,307.64,315.17,318.64,307.64,3323,stock
2018-09-04,HBL,315.75,315.17,318.64,315.17,1496,stock
2018-09-05,HBL,312.85,327.33,327.91,312.85,3342,stock
2018-09-06,HBL,327.33,327.33,334.29,323.86,4240,stock
2018-09-09,HBL,327.33,319.8,327.33,318.64,872,stock
2018-09-10,HBL,317.48,315.17,318.06,314.59,1216,stock
2018-09-11,HBL,310.53,315.75,316.33,310.53,358,stock
2018-09-12,HBL,315.75,318.64,319.22,315.75,1846,stock
2018-09-13,HBL,318.64,326.17,326.17,318.64,1010,stock
2018-09-16,HBL,326.17,329.07,332.55,326.17,5087,stock
2018-09-17,HBL,326.75,327.91,328.49,326.75,1633,stock
2018-09-18,HBL,327.91,324.44,330.23,324.44,9873,stock
2018-09-20,HBL,325.02,324.44,327.33,320.96,3036,stock
2018-09-23,HBL,324.44,324.44,328.49,324.44,130,stock
2018-09-25,HBL,325.6,327.33,330.81,325.6,2335,stock
2018-09-26,HBL,327.33,327.33,330.23,323.28,2082,stock
2018-09-27,HBL,329.65,323.28,329.65,318.64,1453,stock
2018-09-30,HBL,324.44,323.86,324.44,318.64,801,stock
2018-10-01,HBL,324.44,315.75,324.44,315.75,2660,stock
2018-10-02,HBL,315.75,312.85,321.54,312.85,2746,stock
2018-10-03,HBL,312.85,311.69,314.01,309.95,2450,stock
2018-10-04,HBL,308.79,312.85,316.33,308.79,2710,stock
2018-10-07,HBL,318.06,307.06,318.06,307.06,6654,stock
2018-10-08,HBL,309.95,305.9,312.85,305.32,6920,stock
2018-10-09,HBL,304.16,304.74,307.06,304.16,3083,stock
2018-10-10,HBL,305.9,305.9,305.9,303.58,2039,stock
2018-10-11,HBL,304.74,305.9,311.69,304.74,2006,stock
2018-10-14,HBL,308.79,312.85,314.59,308.79,362,stock
2018-10-15,HBL,315.17,318.64,318.64,315.17,1461,stock
2018-10-21,HBL,321.54,319.8,324.44,319.8,1797,stock
2018-10-22,HBL,318.64,318.64,318.64,314.01,1085,stock
2018-10-23,HBL,319.22,318.64,319.22,314.59,859,stock
2018-10-24,HBL,319.8,324.44,327.91,319.22,1610,stock
2018-10-25,HBL,323.28,320.38,323.28,318.64,1689,stock
2018-10-28,HBL,319.8,315.75,319.8,315.75,2775,stock
2018-10-29,HBL,312.85,314.59,315.75,312.85,1205,stock
2018-10-30,HBL,312.85,314.01,314.01,311.69,2537,stock
2018-10-31,HBL,319.8,310.53,319.8,310.53,820,stock
2018-11-01,HBL,312.85,318.06,318.64,312.85,1032,stock
2018-11-04,HBL,315.75,308.22,315.75,308.22,2110,stock
2018-11-05,HBL,309.95,309.95,315.75,309.37,1681,stock
2018-11-14,HBL,305.9,307.06,307.06,304.16,1011,stock
2018-11-15,HBL,307.06,309.95,309.95,307.06,975,stock
2018-11-18,HBL,309.95,307.64,310.53,307.06,922,stock
2018-11-19,HBL,307.64,304.16,307.64,304.16,552,stock
2018-11-20,HBL,304.16,302.42,305.32,301.84,1087,stock
2018-11-21,HBL,302.42,301.26,302.42,296.63,2177,stock
2018-11-22,HBL,301.26,297.21,301.26,297.21,930,stock
2018-11-25,HBL,297.21,295.47,297.21,294.31,680,stock
2018-11-26,HBL,295.29,292.57,295.29,290.83,1477,stock
2018-11-27,HBL,292.57,292.57,295.47,292.57,1475,stock
2018-11-28,HBL,292.57,295.47,295.47,290.83,4234,stock
2018-11-29,HBL,295.47,289.68,295.47,289.68,2341,stock
2018-12-02,HBL,289.68,283.88,289.68,282.72,8693,stock
2018-12-03,HBL,283.88,281.56,289.68,281.56,5300,stock
2018-12-04,HBL,281.56,279.83,284.46,279.83,3302,stock
2018-12-06,HBL,277.51,276.35,280.99,276.35,1308,stock
2018-12-09,HBL,276.35,278.09,278.67,276.35,976,stock
2018-12-10,HBL,278.09,289.1,289.1,275.19,791,stock
2018-12-11,HBL,289.1,291.99,293.15,289.1,1176,stock
2018-12-12,HBL,291.99,296.05,296.05,291.99,774,stock
2018-12-13,HBL,296.05,293.15,298.37,293.15,955,stock
2018-12-16,HBL,293.15,305.9,306.48,293.15,516,stock
2018-12-17,HBL,305.9,304.74,311.11,304.74,933,stock
2018-12-18,HBL,304.74,304.74,307.06,304.74,2950,stock
2018-12-19,HBL,304.74,283.88,304.74,280.99,6806,stock
2018-12-20,HBL,283.88,286.78,286.78,280.99,1867,stock
2018-12-23,HBL,286.78,291.41,291.41,286.78,2473,stock
2018-12-24,HBL,291.41,293.15,294.31,290.83,1022,stock
2018-12-25,HBL,293.15,290.83,293.15,289.68,3571,stock
2018-12-26,HBL,290.83,298.95,300.1,290.83,535,stock
2018-12-27,HBL,298.95,301.26,304.16,298.95,1670,stock
2018-12-30,HBL,301.26,297.79,305.9,297.79,6168,stock
2018-12-31,HBL,297.78,291.38,312.68,289.56,1926,stock
2019-01-01,HBL,291.38,288.95,293.21,287.74,1610,stock
2019-01-02,HBL,288.95,288.95,291.99,288.95,1280,stock
2019-01-03,HBL,288.95,288.34,288.95,287.74,1975,stock
2019-01-06,HBL,288.34,287.13,288.34,285.91,784,stock
2019-01-07,HBL,287.13,278.61,287.13,278.61,2585,stock
2019-01-08,HBL,278.61,278.61,284.09,278.61,2671,stock
2019-01-09,HBL,278.61,279.83,282.26,276.79,1090,stock
2019-01-10,HBL,279.83,279.83,279.83,278.61,957,stock
2019-01-13,HBL,279.83,278.61,279.83,278.61,760,stock
2019-01-14,HBL,278.61,277.39,278.61,273.14,513,stock
2019-01-15,HBL,277.39,279.83,282.87,273.74,1754,stock
2019-01-16,HBL,279.83,280.44,284.69,279.83,325,stock
2019-01-17,HBL,280.44,276.79,282.26,276.79,1001,stock
2019-01-20,HBL,276.79,272.53,276.79,272.53,335,stock
2019-01-21,HBL,272.53,273.14,273.74,273.14,879,stock
2019-01-22,HBL,273.14,273.14,276.79,271.92,2053,stock
2019-01-23,HBL,273.14,274.35,274.96,273.14,1657,stock
2019-01-24,HBL,274.35,274.96,274.96,273.74,478,stock
2019-01-27,HBL,274.96,273.74,274.96,271.92,358,stock
2019-01-28,HBL,273.74,271.92,273.74,269.49,1975,stock
2019-01-29,HBL,271.92,269.49,271.92,268.88,5134,stock
2019-01-30,HBL,269.49,269.49,269.49,269.49,306,stock
2019-01-31,HBL,269.49,272.53,273.74,269.49,1716,stock
2019-02-03,HBL,271.92,269.49,272.53,266.44,813,stock
2019-02-04,HBL,266.44,268.88,269.49,266.44,1105,stock
2019-02-05,HBL,268.88,265.23,269.49,265.23,1540,stock
2019-02-06,HBL,265.23,262.19,265.23,260.97,5344,stock
2019-02-07,HBL,264.62,262.19,264.62,261.58,454,stock
2019-02-10,HBL,258.54,261.58,262.19,258.54,425,stock
2019-02-11,HBL,261.58,261.58,261.58,258.54,782,stock
2019-02-12,HBL,266.44,259.14,266.44,258.54,884,stock
2019-02-13,HBL,261.58,257.32,261.58,257.32,663,stock
2019-02-14,HBL,255.49,258.54,258.54,254.28,2721,stock
2019-02-17,HBL,271.31,261.58,281.04,257.93,6632,stock
2019-02-18,HBL,261.58,260.36,262.19,259.75,1600,stock
2019-02-19,HBL,260.97,265.23,265.23,260.36,1108,stock
2019-02-20,HBL,263.4,262.19,265.23,259.75,786,stock
2019-02-21,HBL,258.54,264.62,264.62,258.54,1280,stock
2019-02-24,HBL,264.62,261.58,266.44,260.36,1119,stock
2019-02-25,HBL,261.58,261.58,261.58,260.36,930,stock
2019-02-26,HBL,261.58,260.36,261.58,260.36,195,stock
2019-02-27,HBL,260.36,262.79,262.79,259.14,1784,stock
2019-03-03,HBL,261.58,258.54,262.79,258.54,3796,stock
2019-03-05,HBL,256.71,260.36,260.36,256.71,2262,stock
2019-03-06,HBL,257.32,259.75,260.36,257.32,1113,stock
2019-03-07,HBL,260.97,263.4,264.01,259.75,4304,stock
2019-03-09,HBL,261.58,262.19,263.4,261.58,358,stock
2019-03-10,HBL,261.58,262.19,263.4,261.58,358,stock
2019-03-11,HBL,262.79,265.84,269.49,262.19,1102,stock
2019-03-12,HBL,267.66,270.7,277.39,265.84,3101,stock
2019-03-13,HBL,279.83,275.57,285.3,273.74,2847,stock
2019-03-14,HBL,279.83,284.69,285.91,279.83,3540,stock
2019-03-17,HBL,289.56,288.34,293.21,284.69,7321,stock
2019-03-18,HBL,291.99,285.91,291.99,285.91,6508,stock
2019-03-19,HBL,291.38,282.87,291.38,282.87,2489,stock
2019-03-21,HBL,286.52,281.04,286.52,276.18,2333,stock
2019-03-24,HBL,277.39,279.83,280.44,277.39,904,stock
2019-03-25,HBL,276.79,279.22,282.26,275.57,999,stock
2019-03-26,HBL,279.22,280.44,282.26,273.74,2948,stock
2019-03-27,HBL,280.44,276.79,279.83,276.79,1452,stock
2019-03-28,HBL,275.57,279.83,282.87,275.57,1683,stock
2019-03-31,HBL,279.83,278.61,280.44,274.35,5187,stock
2019-04-01,HBL,278.61,278.61,281.04,278.61,1716,stock
2019-04-02,HBL,278.61,285.91,286.52,278.61,3156,stock
2019-04-03,HBL,286.52,287.13,291.38,284.09,5982,stock
2019-04-04,HBL,284.09,288.95,290.17,282.26,4395,stock
2019-04-07,HBL,288.95,293.82,293.82,287.74,7566,stock
2019-04-08,HBL,293.82,298.08,304.16,293.82,9737,stock
2019-04-09,HBL,298.08,296.86,304.16,292.6,11599,stock
2019-04-10,HBL,298.08,291.99,299.9,291.99,4146,stock
2019-04-11,HBL,291.99,298.08,298.68,291.99,3593,stock
2019-04-15,HBL,298.68,301.12,301.73,296.86,2386,stock
2019-04-16,HBL,303.55,310.24,311.46,298.68,13526,stock
2019-04-17,HBL,310.24,310.24,316.33,310.24,4090,stock
2019-04-18,HBL,307.2,323.63,324.84,307.2,10924,stock
2019-04-21,HBL,322.41,352.83,353.43,313.28,19425,stock
2019-04-22,HBL,353.43,340.66,353.43,332.14,15117,stock
2019-04-23,HBL,343.09,341.88,343.7,334.58,9409,stock
2019-04-24,HBL,341.88,346.13,348.57,341.27,9467,stock
2019-04-25,HBL,345.53,346.74,352.83,340.05,8861,stock
2019-04-28,HBL,349.78,343.7,352.83,343.09,6338,stock
2019-04-29,HBL,343.09,355.26,360.13,337.01,23268,stock
2019-04-30,HBL,358.91,353.43,358.91,352.83,16277,stock
2019-05-02,HBL,350.39,361.95,361.95,350.39,10775,stock
2019-05-05,HBL,355.26,357.69,362.56,355.26,14843,stock
2019-05-06,HBL,351.61,358.91,360.13,351.0,9123,stock
2019-05-07,HBL,359.52,357.69,360.73,355.87,7373,stock
2019-05-08,HBL,351.0,355.87,357.08,351.0,5439,stock
2019-05-09,HBL,352.83,351.61,356.48,351.61,5208,stock
2019-05-12,HBL,349.78,358.3,358.91,347.96,10878,stock
2019-05-13,HBL,354.65,357.69,358.91,354.65,5847,stock
2019-05-14,HBL,352.83,357.08,359.52,352.83,2302,stock
2019-05-15,HBL,358.3,374.12,391.76,358.3,52761,stock
2019-05-16,HBL,377.77,372.29,378.98,372.29,12179,stock
2019-05-19,HBL,372.29,371.07,379.59,371.07,19659,stock
2019-05-20,HBL,374.12,364.99,374.12,359.52,8212,stock
2019-05-21,HBL,358.91,361.95,369.86,358.91,2975,stock
2019-05-22,HBL,368.03,358.91,368.03,358.91,4813,stock
2019-05-23,HBL,364.99,360.13,365.6,359.52,3740,stock
2019-05-26,HBL,358.91,352.83,358.91,352.83,5388,stock
2019-05-27,HBL,347.35,354.65,355.87,346.13,3499,stock
2019-05-28,HBL,350.39,350.39,351.0,349.78,2486,stock
2019-05-29,HBL,351.61,358.91,359.52,351.61,16084,stock
2019-05-30,HBL,369.25,356.48,369.25,356.48,21329,stock
2019-06-02,HBL,354.65,349.78,354.65,349.78,5405,stock
2019-06-03,HBL,349.78,348.57,351.61,344.31,1936,stock
2019-06-04,HBL,349.78,346.13,352.83,344.31,5041,stock
2019-06-06,HBL,339.44,343.7,349.78,343.7,18242,stock
2019-06-10,HBL,343.7,343.7,343.7,338.23,1063,stock
2019-06-11,HBL,350.39,346.74,350.39,344.31,1587,stock
2019-06-12,HBL,343.7,340.66,343.7,338.23,2018,stock
2019-06-13,HBL,337.62,340.66,340.66,333.97,800,stock
2019-06-16,HBL,338.23,338.23,338.83,337.62,3945,stock
2019-06-17,HBL,338.23,339.44,340.66,337.62,3605,stock
2019-06-18,HBL,346.13,340.66,346.13,338.23,3433,stock
2019-06-19,HBL,337.62,337.62,337.62,335.79,1990,stock
2019-06-20,HBL,338.83,338.83,341.88,328.49,6113,stock
2019-06-23,HBL,338.83,337.62,340.66,337.62,2225,stock
2019-06-24,HBL,338.23,337.62,338.23,337.62,801,stock
2019-06-25,HBL,336.4,340.66,340.66,335.79,5107,stock
2019-06-26,HBL,337.62,335.79,340.05,335.79,5610,stock
2019-06-27,HBL,338.23,336.4,338.83,335.79,13015,stock
2019-06-30,HBL,336.4,333.36,336.4,333.36,1398,stock
2019-07-01,HBL,333.36,334.58,334.58,333.36,715,stock
2019-07-02,HBL,329.1,336.4,337.62,328.49,2308,stock
2019-07-03,HBL,333.97,340.66,340.66,333.36,1244,stock
2019-07-04,HBL,340.66,338.23,343.7,338.23,903,stock
2019-07-07,HBL,334.58,331.53,335.18,331.53,3163,stock
2019-07-08,HBL,328.49,324.84,330.32,324.84,2779,stock
2019-07-09,HBL,324.84,323.63,328.49,322.41,2165,stock
2019-07-10,HBL,324.84,325.45,329.71,324.84,1600,stock
2019-07-11,HBL,327.88,329.1,330.32,326.67,1266,stock
2019-07-14,HBL,324.84,329.71,329.71,324.84,254,stock
2019-07-15,HBL,332.75,332.75,332.75,326.67,3459,stock
2019-07-16,HBL,349.18,335.79,349.18,330.32,669,stock
2019-07-17,HBL,335.79,344.31,344.31,335.79,3540,stock
2019-07-18,HBL,344.31,340.05,344.92,340.05,1540,stock
2019-07-21,HBL,337.62,344.31,344.31,334.58,2504,stock
2019-07-22,HBL,340.66,341.88,343.09,337.62,6930,stock
2019-07-23,HBL,341.88,340.66,341.88,337.62,72,stock
2019-07-24,HBL,340.66,340.66,345.53,340.66,3096,stock
2019-07-25,HBL,337.62,340.66,340.66,337.62,4106,stock
2019-07-28,HBL,334.58,332.14,337.01,331.53,1529,stock
2019-07-29,HBL,332.14,334.58,335.18,332.14,2313,stock
2019-07-30,HBL,334.58,332.75,335.79,332.75,750,stock
2019-07-31,HBL,332.75,337.01,337.01,332.75,1432,stock
2019-08-01,HBL,334.58,331.53,334.58,330.32,1636,stock
2019-08-04,HBL,328.49,333.36,333.36,328.49,1414,stock
2019-08-05,HBL,333.36,333.36,333.36,331.53,800,stock
2019-08-06,HBL,333.97,333.36,334.58,331.53,8894,stock
2019-08-07,HBL,330.32,339.44,339.44,330.32,1212,stock
2019-08-08,HBL,337.01,333.36,337.01,333.36,5956,stock
2019-08-11,HBL,330.32,332.75,333.97,330.32,8287,stock
2019-08-12,HBL,330.32,332.14,337.62,330.32,2823,stock
2019-08-13,HBL,331.53,337.01,337.01,328.49,1463,stock
2019-08-14,HBL,332.14,331.53,334.58,330.93,3549,stock
2019-08-15,HBL,331.53,328.49,337.62,328.49,838,stock
2019-08-18,HBL,328.49,333.36,333.97,327.28,3010,stock
2019-08-19,HBL,337.62,333.97,338.83,333.36,5231,stock
2019-08-20,HBL,331.53,337.62,337.62,331.53,1051,stock
2019-08-21,HBL,337.01,338.83,342.48,335.18,3492,stock
2019-08-22,HBL,338.83,340.66,341.27,337.62,5862,stock
2019-08-25,HBL,337.62,337.62,337.62,328.49,1935,stock
2019-08-26,HBL,331.53,334.58,335.18,331.53,4732,stock
2019-08-27,HBL,331.53,335.79,337.62,331.53,1233,stock
2019-08-28,HBL,336.4,332.75,336.4,332.75,2436,stock
2019-08-29,HBL,328.49,329.71,333.36,328.49,775,stock
2019-09-01,HBL,324.23,326.06,327.88,323.63,3942,stock
2019-09-02,HBL,322.41,317.54,322.41,317.54,2132,stock
2019-09-03,HBL,311.46,318.15,318.76,310.24,3846,stock
2019-09-04,HBL,318.76,327.88,327.88,316.33,1774,stock
2019-09-05,HBL,326.67,325.45,328.49,325.45,830,stock
2019-09-08,HBL,319.37,322.41,322.41,318.76,2138,stock
2019-09-09,HBL,322.41,319.98,325.45,319.98,1906,stock
2019-09-10,HBL,319.37,319.98,320.58,319.37,4981,stock
2019-09-11,HBL,319.98,316.33,319.98,316.33,3014,stock
2019-09-12,HBL,314.5,315.11,320.58,314.5,438,stock
2019-09-15,HBL,315.11,308.42,315.11,308.42,1900,stock
2019-09-16,HBL,308.42,301.73,308.42,301.12,3121,stock
2019-09-17,HBL,303.55,304.16,310.24,303.55,3180,stock
2019-09-18,HBL,310.24,313.28,316.33,307.2,4747,stock
2019-09-19,HBL,312.68,308.42,313.28,307.2,1946,stock
2019-09-22,HBL,308.42,302.94,308.42,301.12,1447,stock
2019-09-23,HBL,305.38,304.16,308.42,302.94,717,stock
2019-09-24,HBL,303.55,300.51,303.55,300.51,1061,stock
2019-09-26,HBL,297.47,296.25,298.08,295.03,2114,stock
2019-09-29,HBL,296.25,292.6,298.08,292.6,2149,stock
2019-09-30,HBL,291.38,291.99,291.99,291.38,30,stock
2019-10-01,HBL,295.64,304.16,304.16,295.03,913,stock
2019-10-02,HBL,304.16,302.94,310.24,302.94,2631,stock
2019-10-03,HBL,306.59,307.81,307.81,306.59,310,stock
2019-10-14,HBL,304.77,299.9,304.77,299.9,1254,stock
2019-10-15,HBL,299.29,299.9,301.12,299.29,8135,stock
2019-10-16,HBL,301.12,299.9,301.12,299.29,2052,stock
2019-10-17,HBL,304.16,305.38,305.38,304.16,380,stock
2019-10-20,HBL,301.73,304.16,304.16,301.12,899,stock
2019-10-21,HBL,304.16,298.08,304.77,293.82,3366,stock
2019-10-22,HBL,298.08,300.51,300.51,298.08,3572,stock
2019-10-23,HBL,304.77,307.2,307.2,304.16,1508,stock
2019-10-24,HBL,309.63,308.42,309.63,307.2,1920,stock
2019-10-31,HBL,308.42,306.59,308.42,302.33,1800,stock
2019-11-03,HBL,301.12,301.73,301.73,301.12,2422,stock
2019-11-04,HBL,300.51,300.51,300.51,297.47,2316,stock
2019-11-05,HBL,298.68,299.29,302.33,298.68,11102,stock
2019-11-06,HBL,299.29,295.03,299.29,295.03,6073,stock
2019-11-07,HBL,295.03,291.99,295.03,290.78,3259,stock
2019-11-10,HBL,291.99,291.99,293.21,291.99,3296,stock
2019-11-11,HBL,295.03,296.25,296.25,294.43,4799,stock
2019-11-12,HBL,301.73,294.43,301.73,291.38,1666,stock
2019-11-13,HBL,291.99,298.08,298.08,288.95,1635,stock
2019-11-14,HBL,298.08,294.43,301.12,294.43,3179,stock
2019-11-17,HBL,294.43,291.99,295.03,291.99,806,stock
2019-11-18,HBL,291.99,291.99,295.03,290.78,929,stock
2019-11-19,HBL,290.78,295.64,295.64,290.78,299,stock
2019-11-20,HBL,295.64,298.08,300.51,293.21,2180,stock
2019-11-21,HBL,292.6,289.56,292.6,289.56,127,stock
2019-11-24,HBL,290.17,286.52,290.17,285.91,2981,stock
2019-11-25,HBL,286.52,285.3,286.52,284.09,1310,stock
2019-11-26,HBL,286.52,285.91,288.95,285.91,1469,stock
2019-11-27,HBL,291.38,288.34,291.38,288.34,3335,stock
2019-11-28,HBL,291.38,290.78,291.99,288.34,2677,stock
2019-12-01,HBL,290.78,290.78,297.47,290.78,1242,stock
2019-12-02,HBL,290.78,291.38,296.86,290.78,4228,stock
2019-12-03,HBL,291.38,295.03,295.03,290.17,3637,stock
2019-12-04,HBL,291.38,300.51,300.51,291.38,565,stock
2019-12-05,HBL,300.51,298.08,303.55,295.64,1058,stock
2019-12-08,HBL,298.08,295.03,298.08,294.43,767,stock
2019-12-09,HBL,296.25,299.29,300.51,296.25,135,stock
2019-12-10,HBL,298.68,302.94,302.94,298.68,3454,stock
2019-12-11,HBL,303.55,304.77,307.2,302.33,1712,stock
2019-12-12,HBL,306.59,306.59,307.2,304.16,1212,stock
2019-12-15,HBL,310.24,305.98,310.24,305.98,574,stock
2019-12-16,HBL,307.2,303.55,308.42,303.55,6925,stock
2019-12-17,HBL,301.73,304.16,307.2,301.73,589,stock
2019-12-18,HBL,299.29,298.68,301.73,298.08,3330,stock
2019-12-19,HBL,299.9,298.68,302.94,298.68,376,stock
2019-12-22,HBL,299.9,303.55,303.55,299.9,1730,stock
2019-12-23,HBL,304.77,298.68,304.77,298.68,2129,stock
2019-12-24,HBL,304.16,302.94,304.16,301.12,3789,stock
2019-12-25,HBL,308.42,313.28,319.37,307.2,14143,stock
2019-12-26,HBL,313.28,307.81,313.28,307.81,11829,stock
2019-12-29,HBL,307.81,307.2,310.24,306.59,4431,stock
2019-12-30,HBL,305.38,308.42,308.42,304.77,6598,stock
2019-12-31,HBL,310.24,308.42,310.24,306.59,2227,stock
2020-01-01,HBL,305.98,309.63,309.63,305.98,2523,stock
2020-01-02,HBL,309.63,304.77,309.63,304.77,8539,stock
2020-01-05,HBL,305.98,306.59,313.28,304.16,5933,stock
2020-01-06,HBL,310.24,321.19,321.19,310.24,15044,stock
2020-01-07,HBL,322.41,328.49,332.14,322.41,16947,stock
2020-01-08,HBL,328.49,329.1,333.36,324.23,8376,stock
2020-01-09,HBL,334.58,330.93,335.18,327.28,7882,stock
2020-01-12,HBL,333.97,338.23,338.83,331.53,10909,stock
2020-01-13,HBL,344.92,346.13,351.61,338.83,16939,stock
2020-01-14,HBL,340.66,341.88,345.53,340.66,9347,stock
2020-01-15,HBL,337.62,349.78,352.83,337.62,11898,stock
2020-01-16,HBL,352.83,352.22,358.91,346.13,29406,stock
2020-01-19,HBL,352.22,350.39,356.48,343.09,12859,stock
2020-01-20,HBL,356.48,341.27,358.91,341.27,8848,stock
2020-01-21,HBL,344.31,352.22,361.95,343.09,22733,stock
2020-01-22,HBL,355.87,351.61,355.87,347.35,13040,stock
2020-01-23,HBL,344.92,344.92,346.74,337.62,9205,stock
2020-01-26,HBL,350.39,344.31,350.39,337.62,26289,stock
2020-01-27,HBL,341.94,343.94,348.63,341.27,1954,stock
2020-01-28,HBL,341.27,341.27,345.95,338.59,10252,stock
2020-01-29,HBL,347.96,333.24,347.96,333.24,4433,stock
2020-01-30,HBL,334.58,337.25,341.27,334.58,3748,stock
2020-02-02,HBL,344.61,349.3,349.3,342.61,6991,stock
2020-02-03,HBL,351.97,349.3,351.97,345.28,3205,stock
2020-02-04,HBL,347.96,344.61,347.96,344.61,4350,stock
2020-02-05,HBL,351.3,355.99,361.34,347.96,22691,stock
2020-02-06,HBL,355.99,353.98,355.99,351.3,7952,stock
2020-02-09,HBL,352.64,349.3,352.64,347.96,5785,stock
2020-02-10,HBL,349.3,347.96,351.3,343.94,1480,stock
2020-02-11,HBL,350.64,353.31,354.65,347.96,2199,stock
2020-02-12,HBL,350.64,355.99,355.99,350.64,5421,stock
2020-02-13,HBL,362.68,353.31,362.68,353.31,3060,stock
2020-02-16,HBL,349.97,351.3,357.33,347.96,14978,stock
2020-02-17,HBL,358.0,377.4,378.74,353.31,15454,stock
2020-02-18,HBL,381.42,380.75,388.11,376.06,26483,stock
2020-02-19,HBL,373.39,384.76,387.44,373.39,22689,stock
2020-02-20,HBL,384.09,384.09,386.77,383.42,20277,stock
2020-02-23,HBL,390.78,411.53,413.54,388.78,18546,stock
2020-02-24,HBL,411.53,408.18,419.56,401.49,24042,stock
2020-02-25,HBL,400.15,410.86,414.2,398.81,18759,stock
2020-02-26,HBL,418.89,424.91,424.91,404.17,36251,stock
2020-02-27,HBL,416.88,467.07,467.07,408.85,49030,stock
2020-03-01,HBL,467.07,455.69,491.83,454.35,54624,stock
2020-03-02,HBL,448.33,438.29,455.69,438.29,18521,stock
2020-03-03,HBL,438.29,434.95,454.35,399.48,33908,stock
2020-03-04,HBL,426.25,408.18,434.95,408.18,26865,stock
2020-03-05,HBL,400.82,404.17,422.9,394.8,16434,stock
2020-03-10,HBL,396.14,383.42,408.18,383.42,18450,stock
2020-03-11,HBL,378.07,398.81,398.81,371.38,16790,stock
2020-03-12,HBL,405.51,390.78,405.51,388.11,22879,stock
2020-03-15,HBL,384.76,367.36,384.76,367.36,17378,stock
2020-03-16,HBL,367.36,366.69,372.05,353.98,14743,stock
2020-03-17,HBL,364.69,351.3,364.69,351.3,10908,stock
2020-03-18,HBL,351.3,341.94,351.3,337.92,8513,stock
2020-03-19,HBL,335.91,347.96,354.65,324.54,10473,stock
2020-03-22,HBL,341.27,334.58,341.27,334.58,1158,stock
2020-05-12,HBL,327.88,324.54,327.88,324.54,120,stock
2020-05-13,HBL,318.52,315.17,318.52,315.17,150,stock
2020-06-29,HBL,309.15,303.13,309.15,302.46,3103,stock
2020-06-30,HBL,309.15,327.21,327.21,309.15,250,stock
2020-07-01,HBL,333.24,359.33,359.33,333.24,299,stock
2020-07-02,HBL,366.03,343.94,372.72,343.94,2755,stock
2020-07-05,HBL,341.27,344.61,350.64,337.92,4945,stock
2020-07-06,HBL,344.61,345.28,349.97,341.27,7073,stock
2020-07-07,HBL,349.97,354.65,361.34,349.3,12928,stock
2020-07-08,HBL,348.63,348.63,354.65,341.27,8052,stock
2020-07-09,HBL,344.61,345.28,347.96,341.94,4929,stock
2020-07-12,HBL,351.3,341.27,351.3,339.93,8352,stock
2020-07-13,HBL,347.96,341.94,347.96,339.26,9047,stock
2020-07-14,HBL,344.61,342.61,345.28,339.93,7693,stock
2020-07-15,HBL,346.62,361.34,361.34,346.62,6269,stock
2020-07-16,HBL,364.69,373.39,373.39,362.01,12763,stock
2020-07-19,HBL,380.75,380.75,380.75,380.75,10,stock
2020-07-20,HBL,399.48,394.8,418.22,389.45,33673,stock
2020-07-21,HBL,394.8,393.46,402.16,381.42,11525,stock
2020-07-22,HBL,388.78,384.76,393.46,381.42,6418,stock
2020-07-23,HBL,378.74,382.75,384.09,372.05,8502,stock
2020-07-26,HBL,383.42,382.75,390.12,382.09,14497,stock
2020-07-27,HBL,390.12,386.1,391.45,384.09,15634,stock
2020-07-28,HBL,385.43,384.76,388.11,381.42,5347,stock
2020-07-29,HBL,384.76,377.4,384.76,372.05,11387,stock
2020-07-30,HBL,384.76,378.07,384.76,370.71,9856,stock
2020-08-02,HBL,375.39,366.03,375.39,364.02,18707,stock
2020-08-03,HBL,371.38,366.03,372.05,362.01,4777,stock
2020-08-05,HBL,362.68,364.69,366.03,360.0,5470,stock
2020-08-06,HBL,367.36,362.01,367.36,358.0,7599,stock
2020-08-09,HBL,356.66,361.34,361.34,355.32,4710,stock
2020-08-10,HBL,368.03,374.72,374.72,362.01,6628,stock
2020-08-11,HBL,382.09,372.72,382.09,368.7,2950,stock
2020-08-12,HBL,372.05,376.06,380.08,368.03,2751,stock
2020-08-13,HBL,371.38,369.37,372.05,369.37,470,stock
2020-08-16,HBL,368.03,362.68,368.03,360.67,5152,stock
2020-08-17,HBL,368.03,368.03,368.03,357.33,5739,stock
2020-08-18,HBL,371.38,368.03,371.38,362.01,5635,stock
2020-08-19,HBL,362.68,360.67,366.03,360.67,3381,stock
2020-08-20,HBL,360.67,368.03,374.72,360.67,2122,stock
2020-08-23,HBL,368.03,366.69,371.38,362.68,750,stock
2020-08-24,HBL,368.03,369.37,371.38,366.69,6273,stock
2020-08-25,HBL,368.03,370.71,371.38,368.03,7727,stock
2020-08-26,HBL,368.03,380.08,386.1,368.03,13756,stock
2020-08-27,HBL,381.42,380.08,388.11,379.41,12311,stock
2020-08-30,HBL,380.08,378.07,384.09,372.72,7404,stock
2020-08-31,HBL,373.39,379.41,380.75,373.39,5448,stock
2020-09-02,HBL,384.76,382.75,384.76,375.39,12589,stock
2020-09-03,HBL,383.42,378.07,384.09,375.39,6510,stock
2020-09-06,HBL,381.42,380.08,382.75,372.72,4803,stock
2020-09-07,HBL,373.39,371.38,374.72,371.38,5417,stock
2020-09-08,HBL,369.37,370.04,371.38,368.7,2600,stock
2020-09-09,HBL,368.7,367.36,368.7,365.36,4124,stock
2020-09-10,HBL,364.02,370.04,378.74,364.02,4770,stock
2020-09-13,HBL,370.71,366.69,370.71,361.34,18059,stock
2020-09-14,HBL,373.39,378.07,378.74,369.37,18223,stock
2020-09-15,HBL,378.07,378.74,380.75,375.39,7252,stock
2020-09-16,HBL,381.42,378.07,381.42,374.72,11962,stock
2020-09-17,HBL,374.72,384.09,389.45,374.72,13415,stock
2020-09-20,HBL,382.75,384.76,390.78,382.75,6540,stock
2020-09-21,HBL,403.5,383.42,403.5,381.42,9745,stock
2020-09-22,HBL,402.16,380.08,402.16,378.07,7034,stock
2020-09-23,HBL,378.07,379.41,379.41,372.72,7495,stock
2020-09-24,HBL,381.42,378.74,381.42,376.06,3009,stock
2020-09-27,HBL,381.42,380.75,382.75,376.06,3608,stock
2020-09-28,HBL,376.73,377.4,378.07,375.39,1392,stock
2020-09-29,HBL,374.72,375.39,376.73,374.72,1466,stock
2020-09-30,HBL,394.13,372.05,394.13,370.71,4804,stock
2020-10-01,HBL,376.73,378.07,379.41,374.06,6860,stock
2020-10-04,HBL,382.75,380.75,382.75,378.07,10092,stock
2020-10-05,HBL,380.08,382.75,399.48,380.08,9061,stock
2020-10-06,HBL,382.75,385.43,385.43,380.75,8972,stock
2020-10-07,HBL,391.45,384.76,391.45,382.09,8405,stock
2020-10-08,HBL,390.78,378.07,390.78,374.72,20627,stock
2020-10-11,HBL,374.72,375.39,378.07,371.38,5688,stock
2020-10-12,HBL,375.39,376.06,378.07,368.7,8389,stock
2020-10-13,HBL,374.72,372.72,374.72,372.05,4106,stock
2020-10-14,HBL,369.37,372.05,375.39,369.37,4031,stock
2020-10-15,HBL,373.39,375.39,376.06,371.38,7973,stock
2020-10-18,HBL,374.72,373.39,374.72,370.71,4823,stock
2020-10-19,HBL,368.03,375.39,377.4,368.03,4909,stock
2020-10-20,HBL,380.08,381.42,381.42,374.72,6409,stock
2020-10-21,HBL,388.78,388.78,388.78,378.07,13951,stock
2020-10-22,HBL,390.78,393.46,396.14,390.12,30263,stock
2020-10-28,HBL,400.82,410.86,414.2,394.13,32010,stock
2020-10-29,HBL,418.22,411.53,418.22,409.52,23007,stock
2020-11-01,HBL,406.84,406.17,409.52,403.5,16691,stock
2020-11-02,HBL,406.17,401.49,408.18,399.48,10197,stock
2020-11-03,HBL,400.15,396.81,400.15,394.13,5442,stock
2020-11-04,HBL,396.81,394.13,396.81,392.12,8402,stock
2020-11-05,HBL,401.49,390.12,401.49,388.11,7476,stock
2020-11-08,HBL,409.52,392.12,409.52,392.12,25605,stock
2020-11-09,HBL,390.12,390.12,393.46,390.12,10187,stock
2020-11-10,HBL,388.78,392.12,394.8,388.78,5460,stock
2020-11-11,HBL,390.78,392.79,393.46,390.78,12068,stock
2020-11-12,HBL,393.46,400.82,404.84,391.45,14523,stock
2020-11-18,HBL,394.8,392.79,394.8,380.75,29829,stock
2020-11-19,HBL,387.44,400.15,400.15,387.44,20880,stock
2020-11-22,HBL,396.81,398.81,402.83,392.79,16399,stock
2020-11-23,HBL,398.14,400.82,403.5,396.81,14290,stock
2020-11-24,HBL,401.49,394.8,401.49,394.8,11176,stock
2020-11-25,HBL,400.82,400.15,400.82,394.8,25835,stock
2020-11-26,HBL,404.84,414.2,418.22,403.5,70481,stock
2020-11-29,HBL,421.57,454.35,454.35,418.22,90922,stock
2020-11-30,HBL,476.44,487.14,499.19,475.77,147226,stock
2020-12-01,HBL,495.17,479.11,501.19,473.76,61991,stock
2020-12-02,HBL,488.48,475.1,488.48,468.41,41240,stock
2020-12-03,HBL,485.13,467.74,485.13,462.38,135413,stock
2020-12-06,HBL,459.04,440.97,463.72,440.97,59348,stock
2020-12-07,HBL,432.27,444.32,451.68,432.27,36036,stock
2020-12-08,HBL,453.02,441.64,454.35,439.63,25799,stock
2020-12-09,HBL,441.64,433.61,441.64,428.26,19082,stock
2020-12-10,HBL,430.93,436.96,438.29,426.25,35861,stock
2020-12-13,HBL,436.96,444.99,444.99,431.6,20122,stock
2020-12-14,HBL,444.99,443.65,453.68,438.96,40876,stock
2020-12-15,HBL,448.33,438.96,451.68,436.29,22882,stock
2020-12-16,HBL,441.64,428.26,441.64,426.92,32814,stock
2020-12-17,HBL,424.91,428.26,431.6,422.9,21347,stock
2020-12-20,HBL,431.6,413.54,431.6,410.86,34132,stock
2020-12-21,HBL,406.84,420.9,420.9,391.45,21790,stock
2020-12-22,HBL,422.9,430.26,441.64,422.9,36309,stock
2020-12-23,HBL,438.29,434.95,444.99,433.61,39136,stock
2020-12-24,HBL,434.95,424.91,434.95,424.91,12783,stock
2020-12-27,HBL,424.91,424.24,424.91,418.89,14009,stock
2020-12-28,HBL,418.22,427.59,428.93,418.22,47210,stock
2020-12-29,HBL,428.71,415.74,428.71,415.74,21198,stock
2020-12-30,HBL,419.56,418.79,422.61,418.03,8046,stock
2020-12-31,HBL,422.61,425.66,434.81,416.51,25243,stock
2021-01-03,HBL,434.05,438.63,446.26,434.05,17966,stock
2021-01-04,HBL,447.02,437.1,447.02,433.29,12567,stock
2021-01-05,HBL,429.47,431.0,433.29,429.47,8552,stock
2021-01-06,HBL,431.0,428.71,433.29,428.71,4659,stock
2021-01-07,HBL,430.24,428.71,434.81,428.71,17747,stock
2021-01-10,HBL,431.0,432.53,434.81,427.95,26156,stock
2021-01-11,HBL,453.89,437.1,453.89,435.58,14791,stock
2021-01-12,HBL,458.46,438.63,458.46,437.1,15549,stock
2021-01-13,HBL,447.02,439.39,447.02,438.63,9642,stock
2021-01-17,HBL,440.92,437.87,442.44,434.81,17837,stock
2021-01-18,HBL,437.87,437.87,441.68,436.34,32934,stock
2021-01-19,HBL,444.73,432.53,444.73,431.76,13474,stock
2021-01-20,HBL,432.53,429.47,434.81,427.95,17808,stock
2021-01-21,HBL,450.83,429.47,450.83,427.95,22917,stock
2021-01-24,HBL,435.58,431.76,437.87,430.24,19097,stock
2021-01-25,HBL,435.58,427.95,435.58,427.19,25523,stock
2021-01-26,HBL,427.19,427.19,434.05,426.42,34260,stock
2021-01-27,HBL,427.19,427.19,434.05,427.19,26678,stock
2021-01-28,HBL,419.56,418.03,422.61,411.93,32300,stock
2021-01-31,HBL,412.69,408.12,412.69,400.49,23942,stock
2021-02-01,HBL,415.74,410.4,419.56,410.4,16753,stock
2021-02-02,HBL,418.03,410.4,418.03,408.12,24495,stock
2021-02-03,HBL,410.4,411.17,414.98,410.4,23468,stock
2021-02-04,HBL,410.4,410.4,411.93,408.88,15064,stock
2021-02-07,HBL,410.4,404.3,410.4,402.78,26936,stock
2021-02-08,HBL,411.93,418.03,418.03,401.25,33917,stock
2021-02-09,HBL,425.66,425.66,440.92,423.37,24426,stock
2021-02-10,HBL,419.56,423.37,423.37,417.27,16175,stock
2021-02-11,HBL,424.13,426.42,430.24,424.13,23306,stock
2021-02-14,HBL,423.37,416.51,428.71,411.93,24965,stock
2021-02-15,HBL,419.56,418.79,422.61,413.46,22159,stock
2021-02-16,HBL,414.22,421.85,424.9,414.22,28859,stock
2021-02-17,HBL,423.37,421.85,427.19,420.32,14946,stock
2021-02-18,HBL,428.71,431.76,432.53,418.03,62716,stock
2021-02-21,HBL,434.81,433.29,437.1,427.95,29266,stock
2021-02-22,HBL,433.29,423.37,434.81,420.32,19710,stock
2021-02-23,HBL,419.56,419.56,424.9,411.93,19051,stock
2021-02-24,HBL,413.46,421.85,427.19,413.46,11177,stock
2021-02-25,HBL,442.44,414.98,442.44,414.98,12663,stock
2021-02-28,HBL,408.12,408.12,421.85,407.35,16025,stock
2021-03-01,HBL,408.12,411.93,418.03,402.78,10822,stock
2021-03-02,HBL,414.98,407.35,414.98,404.3,14528,stock
2021-03-03,HBL,414.98,398.96,414.98,394.38,13506,stock
2021-03-04,HBL,406.59,403.54,406.59,398.96,7344,stock
2021-03-08,HBL,408.12,403.54,408.12,402.78,8809,stock
2021-03-09,HBL,404.3,402.78,404.3,398.96,5515,stock
2021-03-10,HBL,400.49,400.49,402.01,398.96,6638,stock
2021-03-14,HBL,398.2,386.76,400.49,383.7,20552,stock
2021-03-15,HBL,383.7,380.65,385.99,379.89,15052,stock
2021-03-16,HBL,387.52,379.13,387.52,373.79,12078,stock
2021-03-17,HBL,381.42,379.89,381.42,377.6,11352,stock
2021-03-18,HBL,381.42,384.47,385.23,380.65,10853,stock
2021-03-21,HBL,389.04,385.23,397.44,383.7,24201,stock
2021-03-22,HBL,389.04,383.7,392.1,381.42,18180,stock
2021-03-23,HBL,381.42,378.36,382.94,376.84,14903,stock
2021-03-24,HBL,381.42,381.42,381.42,378.36,12970,stock
2021-03-25,HBL,383.7,379.89,389.04,379.89,15595,stock
2021-03-29,HBL,381.42,377.6,382.94,377.6,9701,stock
2021-03-30,HBL,381.42,378.36,383.7,377.6,9997,stock
2021-03-31,HBL,381.42,381.42,392.1,378.36,22364,stock
2021-04-01,HBL,385.99,385.23,385.99,383.7,16113,stock
2021-04-04,HBL,385.23,389.04,392.86,382.18,22494,stock
2021-04-05,HBL,389.04,385.99,389.04,385.23,11609,stock
2021-04-06,HBL,385.23,383.7,385.23,381.42,7816,stock
2021-04-07,HBL,383.7,385.23,386.76,383.7,13853,stock
2021-04-08,HBL,388.28,385.99,389.04,385.23,14815,stock
2021-04-12,HBL,385.99,385.23,386.76,382.94,15384,stock
2021-04-13,HBL,382.18,396.67,396.67,381.42,30096,stock
2021-04-15,HBL,404.3,413.46,414.98,404.3,44681,stock
2021-04-18,HBL,427.19,405.83,427.19,405.83,33426,stock
2021-04-19,HBL,405.83,393.62,405.83,393.62,18023,stock
2021-04-20,HBL,387.52,399.72,405.83,385.99,16148,stock
2021-04-21,HBL,402.78,393.62,402.78,392.1,7415,stock
2021-04-22,HBL,393.62,390.57,393.62,389.04,16950,stock
2021-04-25,HBL,390.57,382.94,400.49,381.42,21891,stock
2021-04-26,HBL,378.36,374.55,383.7,373.79,20403,stock
2021-04-27,HBL,369.97,377.6,381.42,366.16,18708,stock
2021-04-28,HBL,389.04,376.08,389.04,374.55,8446,stock
2021-04-29,HBL,376.84,375.31,376.84,373.03,17480,stock
2021-05-02,HBL,381.42,376.84,381.42,371.5,27905,stock
2021-05-03,HBL,381.42,374.55,381.42,373.79,15460,stock
2021-05-04,HBL,374.55,373.79,377.6,371.5,9099,stock
2021-05-05,HBL,374.55,371.5,374.55,369.97,15308,stock
2021-05-06,HBL,371.5,371.5,371.5,366.92,14787,stock
2021-05-09,HBL,381.42,373.03,381.42,366.16,18987,stock
2021-05-10,HBL,379.13,372.26,379.13,369.97,7237,stock
2021-05-11,HBL,376.08,372.26,376.08,371.5,8880,stock
2021-05-12,HBL,372.26,371.5,376.08,369.21,12580,stock
2021-05-13,HBL,389.81,369.21,389.81,363.87,57201,stock
2022-06-06,HBL,361.85,332.31,361.85,332.31,1710,stock
2022-06-07,HBL,325.74,299.17,325.74,299.17,3809,stock
2022-06-08,HBL,293.24,296.3,300.0,269.26,68657,stock
2022-06-09,HBL,296.3,292.59,305.56,290.37,24390,stock
2022-06-10,HBL,288.06,293.06,294.44,287.96,10122,stock
2022-06-13,HBL,291.76,281.48,291.76,280.56,15214,stock
2022-06-14,HBL,287.04,280.56,287.04,275.0,21356,stock
2022-06-15,HBL,275.93,280.19,280.19,272.22,11490,stock
2022-06-16,HBL,277.78,277.78,280.56,273.15,12957,stock
2022-06-17,HBL,277.78,277.78,281.48,275.93,5355,stock
2022-06-19,HBL,277.78,277.78,282.22,273.24,9304,stock
2022-06-20,HBL,277.78,274.17,277.78,272.22,9292,stock
2022-06-21,HBL,274.07,280.56,282.41,274.07,7650,stock
2022-06-22,HBL,280.56,277.31,280.56,271.3,14215,stock
2022-06-23,HBL,274.07,274.26,277.78,273.15,10130,stock
2022-06-24,HBL,274.07,275.93,276.85,270.37,4569,stock
2022-06-26,HBL,280.56,285.65,285.65,277.78,9104,stock
2022-06-27,HBL,287.04,280.56,292.59,280.56,9751,stock
2022-06-28,HBL,278.06,277.87,283.33,277.87,5029,stock
2022-06-29,HBL,279.63,279.63,281.48,277.78,4693,stock
2022-06-30,HBL,280.56,283.33,286.11,280.56,17335,stock
2022-07-01,HBL,287.87,287.04,288.89,282.87,4920,stock
2022-07-03,HBL,292.59,290.28,292.59,287.96,5537,stock
2022-07-04,HBL,291.67,290.74,294.44,289.81,10747,stock
2022-07-05,HBL,287.04,285.19,291.67,279.63,10821,stock
2022-07-06,HBL,282.41,279.63,282.41,274.17,19138,stock
2022-07-07,HBL,277.78,279.17,279.17,274.54,9089,stock
2022-07-08,HBL,278.7,279.54,282.31,276.02,3800,stock
2022-07-11,HBL,279.63,271.3,279.63,270.83,16701,stock
2022-07-12,HBL,268.52,277.69,280.37,268.52,5629,stock
2022-07-13,HBL,277.78,274.07,279.63,272.69,12714,stock
2022-07-14,HBL,277.78,277.78,281.94,275.93,5047,stock
2022-07-15,HBL,278.7,277.04,278.7,275.0,2225,stock
2022-07-17,HBL,278.7,282.41,282.41,275.93,9368,stock
2022-07-18,HBL,287.04,285.19,287.96,278.89,8542,stock
2022-07-19,HBL,285.19,285.19,287.04,282.41,8560,stock
2022-07-20,HBL,283.33,282.87,283.33,281.48,8028,stock
2022-07-21,HBL,282.41,282.41,287.04,279.63,4773,stock
2022-07-22,HBL,277.87,281.57,283.33,277.78,1605,stock
2022-07-24,HBL,286.11,283.33,288.89,278.06,5935,stock
2022-07-25,HBL,285.19,283.33,287.04,281.48,9217,stock
2022-07-26,HBL,282.5,283.06,285.65,281.48,6396,stock
2022-07-27,HBL,285.19,283.33,285.19,280.56,4904,stock
2022-07-28,HBL,277.78,282.41,284.26,277.78,8228,stock
2022-07-29,HBL,282.41,283.33,286.3,282.41,2845,stock
2022-07-31,HBL,283.33,288.89,288.89,282.5,10935,stock
2022-08-01,HBL,294.54,302.78,304.35,289.81,15090,stock
2022-08-02,HBL,305.56,307.41,310.19,304.63,10969,stock
2022-08-03,HBL,312.96,326.85,338.06,312.96,25525,stock
2022-08-04,HBL,331.48,321.3,331.48,318.98,16404,stock
2022-08-05,HBL,316.67,314.81,318.52,310.19,7872,stock
2022-08-07,HBL,321.11,316.67,321.3,313.89,5293,stock
2022-08-08,HBL,322.22,311.2,322.22,311.2,6107,stock
2022-08-09,HBL,312.04,301.85,312.04,301.85,10571,stock
2022-08-10,HBL,299.07,305.56,308.8,298.24,5530,stock
2022-08-11,HBL,300.93,299.07,306.48,296.3,13132,stock
2022-08-14,HBL,299.07,290.37,299.07,290.37,13686,stock
2022-08-15,HBL,289.81,292.13,294.44,285.19,13038,stock
2022-08-16,HBL,292.59,297.69,300.93,291.67,11487,stock
2022-08-17,HBL,301.85,297.22,301.85,295.83,8356,stock
2022-08-18,HBL,302.78,299.17,302.78,298.43,5060,stock
2022-08-21,HBL,304.63,302.78,305.56,300.19,15429,stock
2022-08-22,HBL,297.22,298.89,302.78,297.22,6849,stock
2022-08-23,HBL,303.7,308.33,310.19,301.2,12123,stock
2022-08-24,HBL,314.44,319.44,329.63,306.48,19050,stock
2022-08-25,HBL,323.15,319.54,325.93,319.44,19617,stock
2022-08-26,HBL,316.67,309.35,316.67,306.57,13410,stock
2022-08-28,HBL,313.8,303.8,313.8,303.24,10827,stock
2022-08-29,HBL,300.93,306.85,306.94,300.93,9969,stock
2022-08-30,HBL,307.31,304.63,307.41,302.78,4660,stock
2022-08-31,HBL,301.85,300.93,303.61,300.93,2746,stock
2022-09-01,HBL,298.15,298.15,303.7,297.22,10589,stock
2022-09-02,HBL,296.39,300.0,300.83,296.39,1725,stock
2022-09-04,HBL,296.3,301.02,303.7,296.3,3215,stock
2022-09-05,HBL,306.48,304.63,315.74,304.63,5422,stock
2022-09-06,HBL,301.85,305.37,305.56,300.0,8237,stock
2022-09-07,HBL,305.56,302.87,308.33,301.39,10355,stock
2022-09-08,HBL,300.0,302.78,305.56,299.07,2383,stock
2022-09-11,HBL,305.56,300.93,306.39,300.0,8532,stock
2022-09-12,HBL,306.85,296.76,306.85,296.76,8773,stock
2022-09-13,HBL,302.31,298.15,302.69,297.22,4694,stock
2022-09-14,HBL,302.78,304.63,305.56,301.85,4932,stock
2022-09-15,HBL,310.19,300.93,310.19,300.0,5274,stock
2022-09-16,HBL,295.37,298.15,305.46,291.67,2885,stock
2022-09-18,HBL,294.63,296.48,298.06,292.41,4311,stock
2022-09-20,HBL,295.37,290.74,299.72,289.91,8991,stock
2022-09-21,HBL,291.67,291.67,294.44,290.83,4518,stock
2022-09-22,HBL,295.37,289.81,297.22,288.98,4888,stock
2022-09-25,HBL,287.5,287.96,290.74,287.04,6378,stock
2022-09-27,HBL,291.67,290.0,296.3,287.04,3822,stock
2022-09-28,HBL,290.74,297.22,300.93,290.74,2117,stock
2022-09-29,HBL,298.15,296.3,300.93,293.52,2885,stock
2022-10-09,HBL,298.15,311.11,311.11,298.15,4435,stock
2022-10-10,HBL,309.26,301.85,310.19,301.85,5144,stock
2022-10-11,HBL,305.56,294.44,305.56,291.67,3465,stock
2022-10-12,HBL,292.59,300.37,301.2,292.59,3492,stock
2022-10-13,HBL,300.0,293.61,301.85,292.69,7221,stock
2022-10-16,HBL,299.07,299.07,299.07,292.69,5333,stock
2022-10-17,HBL,300.93,302.59,304.44,298.33,4734,stock
2022-10-19,HBL,301.94,303.7,305.56,300.0,2776,stock
2022-10-20,HBL,297.96,302.78,304.81,297.96,3378,stock
2022-10-23,HBL,307.41,308.61,308.61,299.07,5461,stock
2022-10-31,HBL,305.56,303.7,305.65,299.44,10852,stock
2022-11-01,HBL,303.7,314.81,314.81,303.7,10758,stock
2022-11-02,HBL,310.37,311.3,319.17,309.35,9808,stock
2022-11-03,HBL,305.83,312.96,314.81,305.74,12746,stock
2022-11-06,HBL,307.41,315.28,317.5,306.94,13631,stock
2022-11-07,HBL,315.28,315.65,320.37,314.91,5153,stock
2022-11-08,HBL,321.94,317.59,321.94,309.44,2734,stock
2022-11-09,HBL,316.67,310.19,317.59,310.19,4379,stock
2022-11-10,HBL,310.19,304.63,314.81,304.17,9056,stock
2022-11-13,HBL,303.7,305.56,308.24,303.7,4758,stock
2022-11-14,HBL,303.7,303.7,305.56,301.85,2255,stock
2022-11-15,HBL,309.63,305.56,309.63,303.7,3276,stock
2022-11-16,HBL,305.56,308.33,308.89,302.78,2906,stock
2022-11-17,HBL,310.09,307.87,310.19,305.56,6092,stock
2022-11-22,HBL,307.41,308.33,313.89,307.41,1262,stock
2022-11-23,HBL,303.7,301.85,308.33,300.93,3425,stock
2022-11-24,HBL,301.85,306.2,306.48,297.22,1889,stock
2022-11-27,HBL,301.85,307.41,307.69,300.0,7723,stock
2022-11-28,HBL,307.41,307.59,312.04,303.24,10357,stock
2022-11-29,HBL,306.48,305.56,309.72,303.7,7313,stock
2022-11-30,HBL,305.56,303.7,305.56,302.96,2319,stock
2022-12-01,HBL,303.7,301.39,305.56,300.93,8338,stock
2022-12-04,HBL,300.93,301.85,303.7,300.93,2591,stock
2022-12-05,HBL,301.85,300.93,307.41,296.3,4592,stock
2022-12-06,HBL,297.22,313.43,313.43,295.37,5479,stock
2022-12-07,HBL,307.31,305.28,307.31,295.37,2853,stock
2022-12-11,HBL,305.37,299.91,305.37,296.76,5376,stock
2022-12-12,HBL,299.07,299.72,300.0,294.07,4618,stock
2022-12-13,HBL,299.07,298.15,300.93,297.22,3670,stock
2022-12-14,HBL,300.93,296.94,303.7,296.94,3549,stock
2022-12-15,HBL,294.44,299.07,301.85,294.44,7648,stock
2022-12-18,HBL,297.22,295.37,300.93,294.44,4033,stock
2022-12-19,HBL,298.15,294.44,300.93,294.44,3927,stock
2022-12-20,HBL,300.28,298.15,305.56,296.3,50468,stock
2022-12-21,HBL,301.85,304.44,309.81,300.93,8514,stock
2022-12-22,HBL,301.85,305.46,305.56,301.85,8924,stock
2022-12-26,HBL,310.19,314.81,315.65,305.56,30271,stock
2022-12-27,HBL,319.44,324.81,325.93,310.19,30183,stock
2022-12-28,HBL,319.44,323.8,326.85,316.67,23963,stock
2022-12-29,HBL,324.07,328.7,330.56,317.41,27541,stock
2023-01-01,HBL,335.19,338.06,341.94,328.8,49119,stock
2023-01-02,HBL,338.1,331.0,338.1,328.0,15231,stock
2023-01-03,HBL,333.0,320.0,337.6,319.2,14072,stock
2023-01-04,HBL,320.0,325.0,332.2,320.0,11376,stock
2023-01-05,HBL,331.5,320.0,331.5,320.0,9089,stock
2023-01-08,HBL,314.0,316.0,322.0,313.6,20587,stock
2023-01-09,HBL,313.0,315.9,317.0,310.0,20959,stock
2023-01-10,HBL,315.0,320.0,334.0,315.0,25020,stock
2023-01-12,HBL,325.0,315.0,326.4,311.0,12501,stock
2023-01-17,HBL,315.5,312.7,318.0,304.0,13648,stock
2023-01-18,HBL,308.0,305.0,318.0,305.0,18348,stock
2023-01-19,HBL,305.0,306.0,310.0,301.0,9570,stock
2023-01-23,HBL,312.1,313.5,331.0,307.0,25499,stock
2023-01-24,HBL,308.0,310.0,314.1,308.0,5272,stock
2023-01-25,HBL,316.1,308.0,316.2,307.7,18678,stock
2023-01-26,HBL,310.0,308.0,310.9,307.0,2876,stock
2023-01-29,HBL,304.0,306.0,310.0,303.1,12986,stock
2023-01-30,HBL,302.5,300.0,305.0,300.0,5360,stock
2023-01-31,HBL,301.0,299.9,301.0,295.5,4818,stock
2023-02-01,HBL,300.0,294.0,300.0,293.0,8226,stock
2023-02-02,HBL,291.0,290.0,294.0,289.0,11047,stock
2023-02-05,HBL,290.0,289.0,295.0,289.0,6260,stock
2023-02-06,HBL,291.0,286.0,291.0,284.5,8687,stock
2023-02-07,HBL,285.0,299.8,299.9,284.0,5321,stock
2023-02-08,HBL,300.0,300.0,305.0,295.0,4000,stock
2023-02-09,HBL,300.0,299.0,304.0,294.0,5531,stock
2023-02-12,HBL,295.0,291.0,297.0,289.1,9166,stock
2023-02-14,HBL,290.0,286.0,296.8,286.0,5598,stock
2023-02-15,HBL,286.0,285.9,290.0,284.5,6989,stock
2023-02-16,HBL,291.0,285.0,291.5,284.0,11295,stock
2023-02-20,HBL,280.0,282.0,290.0,275.0,15636,stock
2023-02-22,HBL,280.0,293.0,299.7,268.0,10683,stock
2023-02-23,HBL,293.0,284.0,293.0,281.0,5003,stock
2023-02-26,HBL,284.1,280.4,284.1,272.0,4292,stock
2023-02-27,HBL,286.0,275.1,286.0,275.0,7598,stock
2023-02-28,HBL,280.6,275.0,280.6,271.2,5331,stock
2023-03-01,HBL,275.0,272.0,275.0,270.3,6387,stock
2023-03-02,HBL,276.0,268.0,276.0,268.0,4873,stock
2023-03-05,HBL,268.0,263.0,270.0,262.6,13052,stock
2023-03-07,HBL,265.0,263.0,267.0,262.0,5962,stock
2023-03-09,HBL,265.0,267.0,270.2,265.0,7229,stock
2023-03-12,HBL,262.0,250.0,262.0,249.0,106306,stock
2023-03-13,HBL,245.1,236.8,246.0,236.2,103550,stock
2023-03-14,HBL,241.5,232.2,246.3,230.6,112626,stock
2023-03-15,HBL,236.8,235.0,236.8,230.0,68992,stock
2023-03-16,HBL,231.0,236.0,238.0,225.7,18022,stock
2023-03-19,HBL,233.0,236.0,239.0,232.0,15414,stock
2023-03-20,HBL,233.0,239.0,240.0,233.0,36318,stock
2023-03-22,HBL,242.0,236.0,242.0,233.3,31158,stock
2023-03-23,HBL,233.0,230.0,236.0,228.0,49382,stock
2023-03-26,HBL,228.0,227.0,234.0,226.1,22478,stock
2023-03-27,HBL,230.0,225.0,230.0,221.0,64668,stock
2023-03-28,HBL,228.5,227.1,232.9,226.6,22130,stock
2023-03-29,HBL,230.9,226.9,230.9,225.0,28441,stock
2023-03-30,HBL,230.0,225.0,230.0,223.0,23758,stock
2023-04-02,HBL,225.0,221.5,228.5,220.0,35049,stock
2023-04-03,HBL,221.0,219.8,221.9,217.4,39069,stock
2023-04-04,HBL,217.0,214.1,221.0,213.2,119020,stock
2023-04-05,HBL,213.5,216.5,217.9,212.0,35179,stock
2023-04-06,HBL,220.0,219.6,220.0,216.0,25004,stock
2023-04-09,HBL,220.5,216.0,220.5,215.3,35937,stock
2023-04-10,HBL,216.0,218.5,221.0,215.0,20244,stock
2023-04-11,HBL,219.0,222.3,222.5,218.1,33480,stock
2023-04-12,HBL,225.0,235.0,236.0,222.7,48115,stock
2023-04-13,HBL,237.7,231.0,239.7,231.0,83922,stock
2023-04-16,HBL,234.0,232.7,234.0,227.7,21878,stock
2023-04-17,HBL,234.0,227.3,234.0,227.3,18972,stock
2023-04-18,HBL,225.0,228.0,228.0,223.0,8529,stock
2023-04-19,HBL,228.0,227.2,230.0,226.2,27477,stock
2023-04-20,HBL,231.0,225.5,231.0,225.5,26539,stock
2023-04-23,HBL,224.0,223.5,228.0,219.2,31353,stock
2023-04-24,HBL,220.5,221.9,223.0,216.3,15853,stock
2023-04-25,HBL,225.0,222.0,225.0,220.9,19314,stock
2023-04-26,HBL,220.1,220.1,225.0,220.1,20167,stock
2023-04-27,HBL,221.0,221.5,242.0,218.0,17179,stock
2023-04-30,HBL,221.5,223.0,238.6,221.0,64767,stock
2023-05-02,HBL,226.0,221.9,227.0,218.0,31718,stock
2023-05-03,HBL,218.5,220.0,222.2,218.5,14160,stock
2023-05-04,HBL,224.0,224.0,224.0,217.4,23693,stock
2023-05-07,HBL,225.0,219.0,226.0,218.0,10154,stock
2023-05-08,HBL,219.9,217.0,219.9,217.0,18909,stock
2023-05-09,HBL,218.0,218.0,220.0,216.1,11317,stock
2023-05-10,HBL,220.0,217.0,220.0,216.2,24724,stock
2023-05-11,HBL,217.0,218.0,219.2,216.0,14531,stock
2023-05-14,HBL,221.0,218.0,221.0,216.0,48991,stock
2023-05-15,HBL,216.0,216.1,220.0,215.0,47829,stock
2023-05-16,HBL,214.1,217.0,219.0,213.0,76081,stock
2023-05-17,HBL,220.0,218.1,220.4,216.3,36503,stock
2023-05-18,HBL,216.6,220.0,220.3,216.0,29286,stock
2023-05-21,HBL,222.0,219.0,222.9,218.0,30542,stock
2023-05-22,HBL,220.0,218.0,220.0,215.0,39778,stock
2023-05-23,HBL,220.0,222.0,222.0,218.0,70135,stock
2023-05-24,HBL,223.0,222.0,225.0,220.2,42736,stock
2023-05-28,HBL,221.0,224.0,243.1,220.1,61725,stock
2023-05-30,HBL,224.0,216.2,224.0,215.0,47558,stock
2023-05-31,HBL,215.0,215.0,219.0,212.0,56079,stock
2023-06-01,HBL,217.9,213.0,217.9,210.8,31677,stock
2023-06-04,HBL,215.0,217.0,221.9,215.0,23636,stock
2023-06-05,HBL,221.3,214.2,221.3,214.2,24536,stock
2023-06-06,HBL,217.0,215.0,217.0,212.7,55213,stock
2023-06-07,HBL,214.1,214.1,217.0,214.0,45588,stock
2023-06-08,HBL,214.0,213.9,215.0,212.3,36335,stock
2023-06-11,HBL,215.0,215.0,216.9,214.0,53625,stock
2023-06-12,HBL,217.2,214.8,217.2,213.1,33137,stock
2023-06-13,HBL,216.0,218.4,219.0,213.0,48169,stock
2023-06-14,HBL,216.1,220.0,222.0,216.0,65176,stock
2023-06-15,HBL,219.0,218.0,221.9,217.0,49960,stock
2023-06-18,HBL,219.0,217.5,219.0,214.9,91602,stock
2023-06-19,HBL,217.0,216.9,220.0,215.8,29716,stock
2023-06-20,HBL,219.0,215.3,219.0,213.1,38329,stock
2023-06-21,HBL,215.0,214.0,216.0,213.1,33020,stock
2023-06-22,HBL,217.0,212.0,217.0,211.0,37402,stock
2023-06-25,HBL,212.5,212.0,214.0,209.0,100702,stock
2023-06-26,HBL,213.7,211.0,217.0,211.0,60631,stock
2023-06-27,HBL,213.9,220.0,221.0,211.8,117218,stock
2023-06-28,HBL,221.0,215.0,223.0,215.0,61985,stock
2023-07-02,HBL,216.0,211.6,216.9,211.0,38932,stock
2023-07-03,HBL,212.0,210.0,213.0,209.1,54560,stock
2023-07-04,HBL,211.0,209.8,213.0,208.6,44303,stock
2023-07-05,HBL,212.0,209.0,212.9,208.3,52219,stock
2023-07-06,HBL,210.0,206.5,210.0,206.5,30411,stock
2023-07-09,HBL,207.0,208.1,210.0,207.0,21628,stock
2023-07-10,HBL,208.1,209.0,212.0,208.1,30893,stock
2023-07-11,HBL,208.1,207.0,209.7,206.2,38804,stock
2023-07-12,HBL,211.0,208.0,211.0,206.0,37502,stock
2023-07-13,HBL,209.0,208.9,212.0,208.9,19046,stock
2023-07-16,HBL,211.9,212.8,213.0,208.0,24838,stock
2023-07-17,HBL,213.0,217.0,219.0,210.0,49453,stock
2023-07-18,HBL,220.0,221.0,223.0,219.0,66991,stock
2023-07-19,HBL,223.0,226.5,230.0,217.0,118096,stock
2023-07-20,HBL,231.0,223.9,231.0,223.0,76892,stock
2023-07-23,HBL,226.0,239.0,240.0,224.9,148639,stock
2023-07-24,HBL,240.0,231.0,240.0,225.4,124468,stock
2023-07-25,HBL,230.0,223.0,230.0,221.7,52982,stock
2023-07-26,HBL,222.1,223.9,226.0,221.2,47565,stock
2023-07-27,HBL,226.0,221.8,226.0,220.0,70499,stock
2023-07-30,HBL,222.0,221.8,224.0,215.0,50083,stock
2023-07-31,HBL,217.4,223.0,226.4,217.4,77234,stock
2023-08-01,HBL,220.0,218.0,225.0,217.0,29601,stock
2023-08-02,HBL,218.0,219.0,221.9,216.8,41444,stock
2023-08-03,HBL,215.0,223.0,227.0,215.0,46852,stock
2023-08-06,HBL,219.0,212.0,219.0,209.0,128136,stock
2023-08-07,HBL,212.0,207.0,212.0,205.2,86896,stock
2023-08-08,HBL,207.0,205.0,209.0,204.3,45616,stock
2023-08-09,HBL,203.1,205.0,206.1,202.0,39039,stock
2023-08-10,HBL,206.0,207.5,208.0,204.0,31528,stock
2023-08-13,HBL,209.0,210.4,212.7,209.0,116300,stock
2023-08-14,HBL,212.6,214.0,215.8,207.3,48709,stock
2023-08-15,HBL,213.5,214.9,215.0,208.0,39865,stock
2023-08-16,HBL,212.0,208.1,212.0,205.3,11988,stock
2023-08-17,HBL,210.0,208.0,211.0,207.0,38470,stock
2023-08-20,HBL,208.0,205.2,209.0,204.0,42722,stock
2023-08-21,HBL,204.5,206.0,206.9,204.1,39980,stock
2023-08-22,HBL,209.0,206.3,209.0,203.0,17324,stock
2023-08-23,HBL,209.0,209.9,212.5,206.3,29147,stock
2023-08-24,HBL,209.9,208.0,211.3,206.6,21966,stock
2023-08-27,HBL,208.0,206.0,208.0,205.0,19371,stock
2023-08-28,HBL,206.0,206.7,207.8,204.1,16197,stock
2023-08-29,HBL,206.0,204.5,207.0,203.0,21504,stock
2023-08-30,HBL,206.0,207.0,212.1,204.0,31648,stock
2023-09-03,HBL,209.5,204.2,209.5,204.0,25188,stock
2023-09-04,HBL,204.2,204.5,207.0,203.0,25570,stock
2023-09-05,HBL,204.0,203.2,205.9,203.0,25567,stock
2023-09-07,HBL,202.0,200.7,203.0,200.0,29794,stock
2023-09-10,HBL,200.7,203.0,204.0,200.7,21275,stock
2023-09-11,HBL,203.0,206.5,206.9,203.0,21205,stock
2023-09-12,HBL,207.3,206.9,207.9,205.0,21943,stock
2023-09-13,HBL,207.0,206.0,208.9,204.2,20550,stock
2023-09-17,HBL,209.0,204.2,209.0,204.2,18424,stock
2023-09-18,HBL,202.0,203.0,204.9,200.0,20127,stock
2023-09-19,HBL,203.5,203.6,204.0,202.1,10496,stock
2023-09-21,HBL,206.0,207.5,209.0,205.7,43682,stock
2023-09-24,HBL,207.0,205.3,209.0,205.0,26117,stock
2023-09-25,HBL,203.0,206.0,206.9,202.0,49269,stock
2023-09-26,HBL,207.4,206.5,209.0,205.0,30937,stock
2023-09-27,HBL,209.0,204.8,209.0,203.6,31050,stock
2023-10-01,HBL,204.0,203.8,205.5,201.4,29652,stock
2023-10-02,HBL,200.1,204.0,205.0,200.1,31354,stock
2023-10-03,HBL,202.0,203.0,205.0,202.0,24192,stock
2023-10-04,HBL,202.0,203.5,205.6,200.7,40489,stock
2023-10-05,HBL,204.5,203.8,204.5,203.0,34442,stock
2023-10-08,HBL,204.0,203.0,204.3,201.0,36272,stock
2023-10-09,HBL,202.0,201.9,203.0,200.0,32454,stock
2023-10-10,HBL,200.0,200.2,202.9,199.7,31945,stock
2023-10-11,HBL,202.4,202.0,202.4,199.5,21752,stock
2023-10-12,HBL,201.0,200.1,203.0,199.0,31001,stock
2023-10-16,HBL,199.1,199.0,200.0,198.5,16355,stock
2023-10-17,HBL,200.0,200.9,200.9,193.0,70472,stock
2023-10-18,HBL,200.9,203.3,204.9,199.0,21236,stock
2023-10-19,HBL,205.9,204.6,205.9,200.0,31250,stock
2023-10-29,HBL,203.8,200.2,203.8,200.2,12410,stock
2023-10-30,HBL,199.1,200.0,201.0,198.5,27696,stock
2023-10-31,HBL,198.0,199.0,200.0,198.0,12374,stock
2023-11-01,HBL,200.0,198.8,200.0,197.0,14778,stock
2023-11-02,HBL,199.0,197.4,199.0,196.0,16464,stock
2023-11-05,HBL,198.0,195.0,200.0,193.6,42761,stock
2023-11-06,HBL,197.9,198.0,214.0,194.1,22725,stock
2023-11-07,HBL,200.9,197.9,201.0,195.1,19292,stock
2023-11-08,HBL,196.0,198.1,215.2,195.2,18278,stock
2023-11-09,HBL,200.0,198.2,201.3,196.0,25161,stock
2023-11-20,HBL,202.0,199.6,202.0,199.0,11853,stock
2023-11-21,HBL,200.0,199.0,200.0,196.0,13041,stock
2023-11-22,HBL,199.7,198.0,199.9,197.0,17526,stock
2023-11-23,HBL,199.0,198.0,199.0,196.0,17391,stock
2023-11-26,HBL,200.0,205.5,205.5,197.5,30912,stock
2023-11-27,HBL,206.0,204.0,208.0,201.1,26379,stock
2023-11-28,HBL,204.0,199.6,204.0,199.0,17432,stock
2023-11-29,HBL,199.6,199.6,202.0,198.1,9913,stock
2023-11-30,HBL,199.0,198.4,199.6,196.0,20933,stock
2023-12-03,HBL,198.0,197.0,198.1,195.9,20400,stock
2023-12-04,HBL,197.0,199.5,200.0,196.0,27732,stock
2023-12-05,HBL,198.1,199.8,201.0,196.1,11461,stock
2023-12-06,HBL,197.5,198.5,199.9,196.1,11914,stock
2023-12-07,HBL,200.9,198.9,200.9,196.3,15581,stock
2023-12-10,HBL,198.0,207.1,207.1,198.0,1740,stock
2023-12-11,HBL,211.2,207.2,215.0,205.0,53328,stock
2023-12-12,HBL,207.0,206.5,208.0,204.0,36739,stock
2023-12-13,HBL,209.9,209.8,210.0,206.0,32115,stock
2023-12-14,HBL,208.0,207.7,209.9,207.0,15409,stock
2023-12-17,HBL,203.6,206.0,208.0,199.6,23306,stock
2023-12-18,HBL,208.0,209.0,211.0,202.0,88797,stock
2023-12-19,HBL,210.0,218.9,219.8,210.0,99719,stock
2023-12-20,HBL,223.0,216.4,223.0,210.2,91596,stock
2023-12-21,HBL,215.2,212.0,217.0,210.8,83847,stock
2023-12-24,HBL,213.0,210.8,220.0,209.5,61806,stock
2023-12-27,HBL,210.0,210.1,214.0,210.0,79857,stock
2023-12-28,HBL,210.0,209.6,211.0,208.2,68124,stock
2024-01-01,HBL,209.5,210.0,212.0,209.0,65494,stock
2024-01-02,HBL,208.0,206.0,210.0,201.4,46926,stock
2024-01-03,HBL,206.9,206.0,206.9,203.1,25666,stock
2024-01-04,HBL,210.0,209.0,210.9,203.2,63260,stock
2024-01-07,HBL,209.0,201.0,209.0,201.0,46539,stock
2024-01-08,HBL,200.0,201.4,205.0,200.0,38483,stock
2024-01-09,HBL,203.0,204.0,206.0,202.0,47559,stock
2024-01-10,HBL,206.0,205.0,210.1,204.5,39360,stock
2024-01-11,HBL,204.4,205.0,207.9,204.0,22127,stock
2024-01-14,HBL,205.0,209.0,209.4,202.5,30095,stock
2024-01-16,HBL,211.1,214.5,215.1,208.7,75822,stock
2024-01-17,HBL,215.0,219.0,220.0,214.5,102684,stock
2024-01-18,HBL,215.0,215.0,218.0,212.0,50335,stock
2024-01-21,HBL,219.0,208.5,219.0,206.8,146622,stock
2024-01-22,HBL,207.0,205.0,209.0,204.4,63822,stock
2024-01-23,HBL,209.1,205.5,209.1,203.1,30645,stock
2024-01-24,HBL,206.0,205.0,209.0,204.0,23644,stock
2024-01-25,HBL,209.0,205.0,209.0,203.1,18818,stock
2024-01-28,HBL,205.0,202.4,207.0,201.0,51185,stock
2024-01-29,HBL,202.4,203.0,222.6,202.4,45091,stock
2024-01-30,HBL,204.0,203.0,206.0,202.2,31810,stock
2024-01-31,HBL,204.0,202.5,205.8,201.8,20790,stock
2024-02-01,HBL,201.0,200.0,202.4,199.2,32715,stock
2024-02-04,HBL,200.0,199.4,201.9,199.1,33360,stock
2024-02-05,HBL,203.3,200.9,203.3,198.7,22357,stock
2024-02-06,HBL,202.0,201.0,202.0,199.0,24371,stock
2024-02-07,HBL,205.0,200.0,205.0,199.4,41884,stock
2024-02-11,HBL,200.0,199.0,203.0,198.3,32974,stock
2024-02-12,HBL,201.0,199.9,201.0,197.5,26851,stock
2024-02-13,HBL,199.0,195.0,199.0,194.1,69621,stock
2024-02-14,HBL,195.1,193.0,196.9,193.0,64524,stock
2024-02-15,HBL,193.0,192.5,195.0,192.5,23587,stock
2024-02-18,HBL,192.0,192.0,195.0,189.0,54867,stock
2024-02-20,HBL,195.8,191.1,198.0,190.0,23755,stock
2024-02-21,HBL,191.1,190.5,194.0,190.3,18311,stock
2024-02-22,HBL,188.0,188.0,191.8,186.8,39980,stock
2024-02-25,HBL,187.9,186.2,187.9,185.1,31773,stock
2024-02-26,HBL,187.0,188.0,189.0,186.1,27615,stock
2024-02-27,HBL,188.0,188.5,189.0,186.0,32101,stock
2024-02-28,HBL,188.0,187.5,189.9,187.0,24799,stock
2024-02-29,HBL,187.6,187.0,188.9,186.1,57479,stock
2024-03-03,HBL,185.0,186.8,187.5,184.0,50166,stock
2024-03-04,HBL,187.0,190.5,190.5,187.0,1150,stock
2024-03-05,HBL,194.3,190.9,198.0,189.0,59296,stock
2024-03-06,HBL,194.0,191.0,194.0,189.0,36268,stock
2024-03-07,HBL,192.0,190.0,193.0,189.0,26590,stock
2024-03-10,HBL,190.8,194.2,196.6,190.8,26033,stock
2024-03-12,HBL,198.0,198.3,199.9,194.2,46432,stock
2024-03-13,HBL,200.0,196.3,201.8,196.0,32410,stock
2024-03-14,HBL,197.0,193.7,198.9,193.0,9785,stock
2024-03-17,HBL,192.4,193.0,195.0,192.0,29858,stock
2024-03-18,HBL,190.1,197.8,204.9,184.0,37648,stock
2024-03-19,HBL,198.0,195.9,199.0,192.2,13519,stock
2024-03-20,HBL,195.0,194.0,195.0,192.0,27258,stock
2024-03-21,HBL,197.6,193.0,197.6,191.0,9939,stock
2024-03-25,HBL,191.0,191.0,192.0,190.1,13808,stock
2024-03-26,HBL,191.0,191.8,192.0,190.0,12495,stock
2024-03-27,HBL,192.0,191.0,192.0,189.0,14148,stock
2024-03-28,HBL,189.0,189.5,191.0,188.2,16801,stock
2024-03-31,HBL,187.3,188.0,190.0,187.3,26610,stock
2024-04-01,HBL,187.1,186.0,188.0,185.0,30813,stock
2024-04-02,HBL,185.0,186.9,188.0,185.0,14676,stock
2024-04-03,HBL,187.0,184.6,187.0,184.1,22480,stock
2024-04-04,HBL,184.3,184.0,186.0,183.0,30072,stock
2024-04-07,HBL,183.0,184.0,184.0,179.6,35250,stock
2024-04-09,HBL,186.0,186.9,189.0,185.2,14416,stock
2024-04-10,HBL,187.1,184.0,188.4,182.3,21117,stock
2024-04-14,HBL,185.0,183.0,185.0,181.5,12241,stock
2024-04-15,HBL,180.3,182.0,183.0,180.3,16775,stock
2024-04-16,HBL,180.1,181.0,182.0,179.5,18609,stock
2024-04-18,HBL,180.5,179.6,181.0,178.8,19573,stock
2024-04-21,HBL,179.0,176.0,179.0,174.0,25043,stock
2024-04-22,HBL,179.5,175.0,179.5,174.0,15515,stock
2024-04-24,HBL,175.0,177.0,177.0,174.0,32688,stock
2024-04-25,HBL,177.0,178.0,178.0,175.2,11206,stock
2024-04-28,HBL,178.0,176.0,178.0,176.0,15877,stock
2024-04-29,HBL,179.5,176.9,179.5,175.5,25542,stock
2024-04-30,HBL,180.4,177.6,180.4,177.0,32234,stock
2024-05-02,HBL,181.1,176.0,181.1,174.5,22945,stock
2024-05-05,HBL,177.8,171.2,177.9,168.5,51020,stock
2024-05-06,HBL,170.0,170.0,173.9,168.6,14849,stock
2024-05-07,HBL,169.0,172.0,173.4,167.1,8083,stock
2024-05-08,HBL,175.2,170.0,175.2,168.0,27080,stock
2024-05-09,HBL,168.0,170.5,170.5,168.0,23939,stock
2024-05-12,HBL,173.9,173.0,173.9,169.5,15033,stock
2024-05-13,HBL,173.0,180.8,181.5,172.1,38458,stock
2024-05-14,HBL,181.0,180.0,182.5,176.1,14319,stock
2024-05-15,HBL,180.0,178.0,185.6,178.0,15048,stock
2024-05-16,HBL,181.5,175.6,181.5,175.1,43319,stock
2024-05-19,HBL,179.1,181.0,182.0,175.7,31768,stock
2024-05-20,HBL,181.0,191.0,195.5,180.0,80489,stock
2024-05-21,HBL,194.8,193.0,196.4,188.2,38869,stock
2024-05-22,HBL,190.2,201.9,203.9,190.0,96061,stock
2024-05-26,HBL,205.0,198.0,205.0,195.5,70759,stock
2024-05-27,HBL,198.9,196.0,199.0,192.1,22745,stock
2024-05-29,HBL,199.9,194.7,211.0,194.7,92492,stock
2024-05-30,HBL,194.9,191.6,195.9,191.6,29396,stock
2024-06-02,HBL,189.2,193.3,195.0,189.0,19445,stock
2024-06-03,HBL,197.1,193.3,197.1,191.0,12229,stock
2024-06-04,HBL,193.5,191.0,193.5,190.0,15110,stock
2024-06-05,HBL,190.1,189.5,190.7,188.6,15703,stock
2024-06-06,HBL,190.0,187.5,190.0,185.0,27461,stock
2024-06-09,HBL,191.2,182.0,191.2,182.0,30635,stock
2024-06-10,HBL,185.0,182.3,185.0,181.3,27776,stock
2024-06-11,HBL,185.9,183.0,187.6,180.1,28684,stock
2024-06-12,HBL,186.5,183.0,192.0,183.0,41677,stock
2024-06-13,HBL,183.0,184.0,184.4,181.3,32660,stock
2024-06-16,HBL,182.0,184.0,186.3,182.0,17657,stock
2024-06-18,HBL,181.3,182.0,183.4,180.5,8236,stock
2024-06-19,HBL,184.9,181.0,185.0,180.0,16006,stock
2024-06-20,HBL,184.6,177.5,184.6,177.0,33240,stock
2024-06-23,HBL,179.0,176.5,179.0,174.1,28415,stock
2024-06-24,HBL,175.4,173.0,177.0,172.3,62246,stock
2024-06-25,HBL,173.0,174.7,175.4,172.1,23123,stock
2024-06-26,HBL,174.0,174.2,176.4,173.0,31909,stock
2024-06-27,HBL,174.2,174.0,175.5,173.0,22614,stock
2024-06-30,HBL,175.0,174.0,175.0,173.0,13947,stock
2024-07-01,HBL,173.0,180.0,180.5,172.1,40875,stock
2024-07-02,HBL,183.6,183.0,195.0,180.5,54143,stock
2024-07-03,HBL,184.0,186.0,186.5,179.4,49082,stock
2024-07-04,HBL,188.0,185.0,189.5,184.5,36619,stock
2024-07-07,HBL,188.7,186.4,189.5,184.1,50352,stock
2024-07-08,HBL,188.0,186.0,188.0,184.2,24265,stock
2024-07-09,HBL,185.0,186.1,188.5,185.0,46386,stock
2024-07-10,HBL,189.8,191.0,191.0,186.4,61431,stock
2024-07-11,HBL,194.8,201.6,201.7,191.0,95935,stock
2024-07-14,HBL,205.6,211.0,212.0,203.0,81778,stock
2024-07-15,HBL,215.2,204.2,215.2,203.9,101206,stock
2024-07-16,HBL,204.0,209.5,210.1,203.0,63008,stock
2024-07-17,HBL,213.0,211.0,213.4,207.8,92701,stock
2024-07-18,HBL,215.0,226.3,232.1,212.2,330463,stock
2024-07-21,HBL,230.0,248.9,248.9,225.4,340632,stock
2024-07-22,HBL,253.0,252.0,262.0,244.0,385243,stock
2024-07-23,HBL,250.0,254.0,255.0,245.1,255069,stock
2024-07-24,HBL,259.0,249.0,259.0,244.7,177199,stock
2024-07-25,HBL,250.0,253.5,254.5,241.0,257789,stock
2024-07-28,HBL,258.5,278.8,278.8,258.5,401317,stock
2024-07-29,HBL,284.3,276.0,299.0,273.0,403882,stock
2024-07-30,HBL,275.0,270.0,276.0,260.0,265681,stock
2024-07-31,HBL,269.8,272.0,276.0,266.0,185777,stock
2024-08-01,HBL,275.0,266.0,276.0,264.0,169849,stock
2024-08-05,HBL,270.0,260.0,272.0,257.8,299670,stock
2024-08-06,HBL,259.9,236.3,260.0,235.5,275813,stock
2024-08-07,HBL,240.0,243.0,247.0,233.0,143516,stock
2024-08-08,HBL,247.0,242.0,251.9,241.0,138115,stock
2024-08-11,HBL,246.0,257.6,260.0,242.0,260303,stock
2024-08-12,HBL,262.0,266.1,272.3,262.0,251891,stock
2024-08-13,HBL,270.0,266.0,271.0,261.0,186361,stock
2024-08-14,HBL,266.0,266.9,267.0,258.0,158425,stock
2024-08-15,HBL,266.9,289.0,293.5,266.9,584117,stock
2024-08-18,HBL,289.0,298.8,312.1,289.0,638621,stock
2024-08-21,HBL,304.0,302.0,310.0,288.0,425259,stock
2024-08-22,HBL,307.0,300.0,310.0,294.5,265872,stock
2024-08-25,HBL,303.0,286.3,303.0,285.0,265181,stock
2024-08-27,HBL,281.0,267.0,281.0,266.1,306650,stock
2024-08-28,HBL,272.0,267.0,283.0,261.7,173325,stock
2024-08-29,HBL,272.0,261.0,272.0,256.0,101801,stock
2024-09-01,HBL,256.0,254.1,271.3,254.0,126122,stock
2024-09-02,HBL,259.0,272.0,273.3,250.1,205405,stock
2024-09-03,HBL,275.0,270.0,280.0,265.1,105689,stock
2024-09-04,HBL,275.0,257.0,275.0,246.9,157253,stock
2024-09-05,HBL,259.5,258.0,266.3,248.0,148034,stock
2024-09-08,HBL,263.1,251.0,265.9,250.0,113480,stock
2024-09-09,HBL,251.0,249.8,254.0,242.5,122679,stock
2024-09-10,HBL,250.0,246.0,255.0,244.0,92420,stock
2024-09-11,HBL,246.0,245.9,249.0,242.2,67152,stock
2024-09-12,HBL,250.8,251.3,251.4,242.2,69379,stock
2024-09-15,HBL,253.0,247.0,258.0,246.3,107738,stock
2024-09-16,HBL,245.0,240.6,248.0,240.1,59798,stock
2024-09-18,HBL,244.0,240.0,247.0,238.6,131212,stock
2024-09-22,HBL,240.0,247.0,249.0,240.0,72775,stock
2024-09-23,HBL,251.9,245.0,251.9,242.0,99561,stock
2024-09-24,HBL,243.5,242.0,248.2,239.0,72513,stock
2024-09-25,HBL,242.0,246.0,246.8,238.0,97519,stock
2024-09-26,HBL,246.0,241.8,249.8,239.3,49182,stock
2024-09-29,HBL,244.0,240.0,245.0,239.3,46758,stock
2024-09-30,HBL,240.0,245.0,245.0,240.0,43206,stock
2024-10-01,HBL,247.1,254.6,255.0,244.2,146838,stock
2024-10-02,HBL,259.0,250.0,259.0,246.2,69748,stock
2024-10-06,HBL,250.0,257.0,257.4,248.0,60056,stock
2024-10-07,HBL,257.0,259.9,263.0,257.0,99084,stock
2024-10-08,HBL,260.0,257.6,264.8,256.0,60120,stock
2024-10-09,HBL,252.7,261.5,262.0,252.7,44262,stock
2024-10-15,HBL,261.0,274.0,274.0,261.0,83124,stock
2024-10-16,HBL,279.4,277.0,280.0,273.5,95074,stock
2024-10-17,HBL,282.5,278.8,284.5,271.0,196132,stock
2024-10-20,HBL,275.0,275.0,286.0,270.2,214843,stock
2024-10-21,HBL,274.0,267.0,274.9,266.0,96297,stock
2024-10-22,HBL,265.0,273.0,274.0,264.1,84499,stock
2024-10-23,HBL,267.6,261.9,270.5,259.5,188103,stock
2024-10-24,HBL,264.9,254.0,264.9,252.4,79229,stock
2024-10-27,HBL,258.0,250.0,258.0,247.0,74606,stock
2024-10-28,HBL,255.0,249.0,255.0,248.0,81412,stock
2024-10-29,HBL,253.9,256.1,257.0,251.0,92277,stock
2024-10-30,HBL,261.0,253.0,261.0,252.1,42818,stock
2024-11-05,HBL,252.0,252.0,258.0,250.0,36012,stock
2024-11-06,HBL,256.0,251.0,256.0,250.0,45315,stock
2024-11-10,HBL,255.0,259.0,259.0,252.0,88527,stock
2024-11-11,HBL,259.0,260.9,267.0,257.1,97224,stock
2024-11-12,HBL,261.2,262.0,266.0,259.0,62438,stock
2024-11-13,HBL,258.0,256.0,261.9,255.0,41799,stock
2024-11-14,HBL,261.1,262.0,263.0,250.0,125488,stock
2024-11-17,HBL,265.0,259.0,265.1,258.1,78793,stock
2024-11-19,HBL,260.0,259.9,263.0,255.5,109169,stock
2024-11-20,HBL,260.0,256.0,260.1,255.0,40329,stock
2024-11-21,HBL,257.0,254.0,257.0,252.3,60610,stock
2024-11-24,HBL,259.0,252.0,259.0,250.0,50060,stock
2024-11-25,HBL,257.0,252.0,257.0,249.5,25522,stock
2024-11-26,HBL,257.0,255.6,257.0,250.8,50325,stock
2024-11-27,HBL,256.0,256.0,261.0,255.0,76768,stock
2024-11-28,HBL,257.0,259.6,264.0,256.1,84663,stock
2024-12-01,HBL,264.7,258.0,264.7,252.0,59246,stock
2024-12-02,HBL,263.1,256.3,263.1,251.4,86175,stock
2024-12-03,HBL,261.4,253.8,261.4,251.0,67438,stock
2024-12-04,HBL,253.8,250.0,256.0,249.0,48581,stock
2024-12-05,HBL,245.0,250.0,254.0,245.0,55975,stock
2024-12-08,HBL,254.9,245.2,254.9,241.6,64583,stock
2024-12-09,HBL,240.3,241.8,250.0,240.3,40618,stock
2024-12-10,HBL,237.0,239.8,245.0,237.0,29822,stock
2024-12-11,HBL,244.5,248.0,248.0,235.0,39926,stock
2024-12-12,HBL,252.9,247.0,252.9,241.0,28762,stock
2024-12-16,HBL,248.0,239.9,250.0,239.0,36159,stock
2024-12-17,HBL,238.0,240.0,242.0,236.0,41553,stock
2024-12-18,HBL,240.0,236.0,241.8,235.6,43424,stock
2024-12-19,HBL,232.0,232.0,239.8,230.5,63726,stock
2024-12-22,HBL,227.4,229.0,232.0,226.0,51171,stock
2024-12-23,HBL,229.0,234.0,234.0,228.0,39514,stock
2024-12-24,HBL,229.4,237.0,237.0,229.4,39695,stock
2024-12-26,HBL,233.0,241.9,247.0,232.0,82325,stock
2024-12-29,HBL,242.0,239.1,245.0,237.0,50005,stock
2024-12-31,HBL,234.4,239.0,240.5,234.4,43032,stock
2025-01-01,HBL,236.0,238.0,240.0,235.0,23755,stock
2025-01-02,HBL,235.0,242.0,242.0,234.1,32859,stock
2025-01-05,HBL,237.2,240.0,240.0,237.2,48522,stock
2025-01-06,HBL,236.1,242.9,243.0,236.1,38448,stock
2025-01-07,HBL,240.0,241.9,242.0,239.0,33053,stock
2025-01-08,HBL,246.7,240.8,246.7,238.0,21201,stock
2025-01-09,HBL,240.7,239.8,241.4,234.0,46824,stock
2025-01-12,HBL,244.5,239.0,244.5,236.0,13059,stock
2025-01-13,HBL,239.9,233.6,239.9,232.0,20331,stock
2025-01-15,HBL,233.6,232.7,235.0,227.6,32959,stock
2025-01-16,HBL,236.0,229.6,236.0,224.7,67113,stock
2025-01-19,HBL,225.1,227.9,229.4,225.0,20980,stock
2025-01-20,HBL,230.0,227.0,234.5,225.4,29215,stock
2025-01-21,HBL,225.6,227.0,229.0,223.0,20167,stock
2025-01-22,HBL,223.1,229.0,235.0,222.5,63623,stock
2025-01-23,HBL,232.0,229.0,233.0,221.0,66296,stock
2025-01-26,HBL,227.7,224.0,227.7,221.0,28132,stock
2025-01-27,HBL,228.0,223.0,228.0,221.0,37967,stock
2025-01-28,HBL,222.9,223.0,224.0,220.1,62008,stock
2025-02-02,HBL,219.0,237.3,237.3,219.0,89930,stock
2025-02-03,HBL,237.0,234.0,241.3,234.0,95737,stock
2025-02-04,HBL,232.3,232.2,238.0,231.0,42350,stock
2025-02-05,HBL,229.1,232.0,236.0,229.1,29232,stock
2025-02-06,HBL,233.0,232.0,234.0,228.0,42283,stock
2025-02-09,HBL,227.4,231.7,233.0,227.4,40057,stock
2025-02-10,HBL,231.6,228.7,232.0,226.0,36233,stock
2025-02-11,HBL,224.2,227.9,230.5,224.2,23245,stock
2025-02-12,HBL,227.3,226.1,231.0,224.0,43126,stock
2025-02-13,HBL,226.1,226.1,228.0,223.9,35149,stock
2025-02-16,HBL,228.0,231.0,232.0,225.0,49866,stock
2025-02-17,HBL,231.0,237.5,239.0,230.9,63404,stock
2025-02-18,HBL,241.8,237.8,242.2,233.5,34238,stock
2025-02-20,HBL,238.0,235.6,239.0,234.0,50714,stock
2025-02-23,HBL,231.0,237.9,243.0,226.5,94609,stock
2025-02-24,HBL,233.2,237.9,243.6,233.2,47156,stock
2025-02-25,HBL,242.0,236.0,242.0,233.3,44532,stock
2025-02-27,HBL,240.7,250.0,250.8,240.7,217800,stock
2025-03-02,HBL,255.0,254.1,258.0,251.4,118646,stock
2025-03-03,HBL,259.1,248.0,259.1,245.0,119094,stock
2025-03-04,HBL,252.9,246.1,252.9,245.0,219869,stock
2025-03-05,HBL,242.3,243.2,247.9,242.0,133436,stock
2025-03-06,HBL,248.0,244.9,248.0,241.2,50984,stock
2025-03-09,HBL,242.2,242.4,244.0,241.0,51706,stock
2025-03-10,HBL,245.0,238.8,245.0,237.7,34471,stock
2025-03-11,HBL,240.9,239.0,255.5,235.0,60859,stock
2025-03-12,HBL,236.2,241.0,258.0,236.1,44719,stock
2025-03-16,HBL,245.7,239.0,245.7,236.2,44568,stock
2025-03-17,HBL,235.0,237.0,243.6,235.0,29255,stock
2025-03-18,HBL,241.7,237.8,241.7,234.1,33406,stock
2025-03-19,HBL,234.1,237.0,256.0,234.1,62110,stock
2025-03-20,HBL,236.0,235.79,237.9,234.3,59337,stock
2025-03-23,HBL,235.5,232.94,236.5,230.0,57240,stock
2025-03-24,HBL,229.3,234.42,235.6,229.3,25860,stock
2025-03-25,HBL,231.0,230.25,232.0,229.8,27566,stock
2025-03-26,HBL,226.5,232.82,234.5,226.5,39852,stock
2025-03-27,HBL,237.4,234.59,237.4,232.7,31463,stock
2025-03-30,HBL,234.5,237.98,241.9,234.5,84069,stock
2025-04-01,HBL,235.0,233.23,239.0,231.6,33602,stock
2025-04-02,HBL,237.8,235.01,238.0,229.5,57567,stock
2025-04-03,HBL,236.0,238.92,257.0,231.3,72614,stock
2025-04-07,HBL,241.0,236.9,241.0,234.0,41007,stock
2025-04-08,HBL,233.0,238.92,240.0,230.1,97962,stock
2025-04-09,HBL,243.0,235.28,243.0,234.0,40070,stock
2025-04-10,HBL,230.9,234.32,237.0,230.9,51849,stock
2025-04-13,HBL,231.5,231.07,238.0,230.0,40805,stock
2025-04-15,HBL,235.0,233.01,239.0,232.0,37690,stock
2025-04-16,HBL,237.0,232.38,237.6,230.3,42385,stock
2025-04-17,HBL,233.0,237.79,239.0,233.0,72607,stock
2025-04-20,HBL,233.1,233.62,236.0,230.8,67924,stock
2025-04-21,HBL,229.0,229.15,233.9,228.3,62257,stock
2025-04-22,HBL,233.0,225.47,233.0,225.0,54447,stock
2025-04-23,HBL,224.0,221.43,227.0,220.1,61545,stock
2025-04-24,HBL,222.0,225.04,236.5,219.5,74528,stock
2025-04-27,HBL,225.04,225.25,228.2,220.0,104862,stock
2025-04-28,HBL,228.9,219.38,229.0,218.0,40629,stock
2025-04-29,HBL,220.0,216.35,221.1,215.5,83748,stock
2025-04-30,HBL,215.5,215.05,216.1,212.1,80923,stock
2025-05-04,HBL,215.5,216.26,220.3,211.3,53522,stock
2025-05-05,HBL,216.26,215.09,218.9,214.1,22873,stock
2025-05-06,HBL,215.0,214.23,218.0,214.0,41525,stock
2025-05-07,HBL,218.0,223.89,230.9,210.8,63816,stock
2025-05-08,HBL,227.0,220.32,227.0,215.3,46503,stock
2025-05-11,HBL,216.0,217.13,224.7,215.7,49540,stock
2025-05-13,HBL,221.0,216.66,223.0,216.0,49964,stock
2025-05-14,HBL,217.0,216.9,219.0,215.2,134870,stock
2025-05-15,HBL,221.2,215.05,221.2,210.0,28513,stock
2025-05-18,HBL,213.0,213.79,216.0,213.0,134731,stock
2025-05-19,HBL,217.0,216.69,219.8,212.0,27441,stock
2025-05-20,HBL,213.0,222.77,228.0,213.0,37576,stock
2025-05-21,HBL,227.2,222.33,235.0,222.0,109585,stock
2025-05-22,HBL,224.0,231.23,232.5,220.3,172087,stock
2025-05-25,HBL,231.0,229.7,233.8,225.1,131205,stock
2025-05-26,HBL,234.2,228.3,238.0,225.0,111719,stock
2025-05-27,HBL,225.0,231.09,232.4,224.0,47755,stock
2025-05-28,HBL,234.0,236.25,239.0,228.0,91764,stock
2025-06-02,HBL,237.0,230.77,237.7,226.2,105438,stock
2025-06-03,HBL,234.9,224.22,234.9,222.6,91110,stock
2025-06-04,HBL,219.8,224.98,246.0,219.5,89010,stock
2025-06-05,HBL,223.1,221.98,246.8,220.4,77160,stock
2025-06-08,HBL,222.0,219.7,225.0,215.1,91179,stock
2025-06-09,HBL,219.7,218.4,220.0,216.2,63035,stock
2025-06-10,HBL,219.0,221.37,224.0,218.0,110386,stock
2025-06-11,HBL,224.9,220.4,228.9,219.0,38844,stock
2025-06-12,HBL,224.0,220.15,224.9,219.0,37740,stock
2025-06-15,HBL,220.0,219.43,222.0,218.0,150377,stock
2025-06-16,HBL,217.1,219.58,221.0,217.1,29582,stock
2025-06-17,HBL,221.0,218.0,222.8,216.2,41425,stock
2025-06-18,HBL,215.0,216.32,219.3,214.7,73499,stock
2025-06-19,HBL,220.6,215.29,220.6,215.0,51276,stock
2025-06-22,HBL,215.0,214.31,223.0,212.1,41914,stock
2025-06-23,HBL,211.0,213.16,218.3,211.0,28107,stock
2025-06-24,HBL,213.6,214.33,217.9,212.1,30098,stock
2025-06-25,HBL,217.0,213.41,217.0,213.0,24124,stock
2025-06-26,HBL,212.0,213.05,215.0,212.0,30544,stock
2025-06-29,HBL,215.0,218.69,219.3,213.0,64547,stock
2025-06-30,HBL,218.0,217.05,221.9,216.5,11301,stock
2025-07-01,HBL,216.0,223.46,227.4,216.0,80574,stock
2025-07-02,HBL,223.0,224.86,225.6,220.6,73146,stock
2025-07-03,HBL,229.3,223.04,229.3,220.4,67336,stock
2025-07-06,HBL,226.0,222.04,227.5,220.0,43206,stock
2025-07-07,HBL,223.0,219.93,224.0,216.0,117039,stock
2025-07-08,HBL,220.0,220.64,222.0,215.9,72379,stock
2025-07-09,HBL,221.0,223.46,230.0,216.3,120054,stock
2025-07-10,HBL,223.0,228.72,235.0,223.0,206935,stock
2025-07-13,HBL,233.2,234.72,242.0,230.0,333991,stock
2025-07-14,HBL,238.9,228.6,238.9,227.0,131774,stock
2025-07-15,HBL,233.1,233.05,234.0,226.4,84776,stock
2025-07-16,HBL,237.7,237.3,241.9,230.3,514356,stock
2025-07-17,HBL,241.0,248.56,261.0,236.0,407528,stock
2025-07-20,HBL,250.0,244.55,255.0,243.6,319717,stock
2025-07-21,HBL,245.0,248.1,255.0,241.1,244277,stock
2025-07-22,HBL,250.0,249.98,252.0,246.1,326382,stock
2025-07-23,HBL,245.0,249.55,254.8,245.0,217897,stock
2025-07-24,HBL,249.6,245.72,250.7,245.0,100215,stock
2025-07-27,HBL,248.2,238.95,248.3,238.5,200360,stock
2025-07-28,HBL,239.6,237.74,249.0,229.4,305519,stock
2025-07-29,HBL,242.0,241.78,250.9,237.5,362259,stock
2025-07-30,HBL,246.0,238.13,246.0,237.7,127551,stock
2025-07-31,HBL,236.0,233.36,239.0,233.0,94880,stock
2025-08-03,HBL,238.0,227.16,238.0,226.7,71440,stock
2025-08-04,HBL,227.0,232.99,239.8,225.1,90076,stock
2025-08-05,HBL,236.0,228.55,239.8,228.2,49397,stock
2025-08-06,HBL,232.0,228.92,232.0,228.2,32132,stock
2025-08-07,HBL,233.0,228.44,233.0,228.0,45870,stock
2025-08-11,HBL,225.0,226.1,237.2,225.0,41959,stock
2025-08-12,HBL,224.5,221.07,225.0,219.4,104854,stock
2025-08-13,HBL,220.0,217.55,221.3,217.0,66853,stock
2025-08-14,HBL,217.0,216.11,219.9,214.0,53565,stock
2025-08-17,HBL,214.4,213.44,218.0,213.0,57487,stock
2025-08-18,HBL,213.0,213.81,216.4,212.4,54658,stock
2025-08-19,HBL,216.8,216.12,217.5,213.5,46548,stock
2025-08-20,HBL,217.0,214.23,217.8,212.1,30520,stock
2025-08-21,HBL,218.0,213.02,218.0,211.0,59211,stock
2025-08-24,HBL,214.0,210.03,214.0,209.0,86346,stock
2025-08-25,HBL,212.0,210.16,213.0,208.0,38734,stock
2025-08-26,HBL,214.0,208.48,214.0,207.7,63587,stock
2025-08-27,HBL,212.6,211.27,212.6,207.9,74048,stock
2025-08-28,HBL,213.0,209.59,213.0,207.5,80057,stock
2025-08-31,HBL,209.59,205.24,210.8,203.5,98290,stock
2025-09-01,HBL,209.3,206.09,209.3,202.0,71529,stock
2025-09-02,HBL,202.0,202.43,206.0,198.0,480490,stock
2025-09-03,HBL,204.0,202.56,204.2,200.1,175909,stock
2025-09-04,HBL,200.0,203.83,206.7,200.0,119713,stock
2025-09-07,HBL,200.0,202.38,203.5,200.0,155852,stock
2025-09-08,HBL,200.0,200.55,203.0,200.0,116012,stock
2025-09-18,HBL,196.6,187.0,196.6,186.3,13981,stock
2025-09-21,HBL,184.0,198.29,204.0,184.0,138336,stock
2025-09-23,HBL,198.0,200.1,201.0,198.0,81131,stock
2025-09-24,HBL,196.2,198.7,200.0,196.2,60114,stock
2025-09-25,HBL,194.8,201.5,201.9,194.8,60322,stock
2025-09-28,HBL,201.0,203.8,203.8,199.1,63549,stock
2025-10-07,HBL,203.8,201.9,203.8,199.9,60463,stock
2025-10-08,HBL,200.0,198.0,201.0,196.1,53301,stock
2025-10-09,HBL,201.0,200.0,207.9,198.1,77343,stock
2025-10-12,HBL,198.0,198.0,199.0,192.4,107237,stock
2025-10-13,HBL,198.0,197.9,198.0,195.0,44259,stock
2025-10-14,HBL,196.0,196.9,198.0,195.1,38479,stock
2025-10-15,HBL,195.0,194.0,198.9,194.0,44924,stock
2025-10-16,HBL,194.0,194.8,196.0,192.1,34884,stock
2025-10-19,HBL,194.0,199.0,199.9,192.0,54531,stock
2025-10-26,HBL,195.1,198.7,198.8,192.0,22809,stock
2025-10-28,HBL,194.8,201.6,202.2,194.8,74637,stock
2025-10-29,HBL,198.3,198.9,203.0,198.3,63281,stock
2025-10-30,HBL,199.0,199.5,200.7,197.2,43901,stock
2025-11-02,HBL,199.0,200.0,202.4,198.0,72555,stock
2025-11-03,HBL,198.0,199.0,202.0,197.0,49743,stock
2025-11-04,HBL,197.0,199.0,199.0,197.0,67980,stock
2025-11-05,HBL,196.5,199.0,200.0,196.3,50104,stock
2025-11-06,HBL,195.1,200.0,202.7,195.1,84074,stock
2025-11-09,HBL,204.0,193.5,204.0,192.8,69290,stock
2025-11-10,HBL,193.0,193.0,195.0,190.6,150598,stock
2025-11-11,HBL,190.1,193.4,193.4,190.1,36302,stock
2025-11-12,HBL,191.0,190.3,192.0,189.8,95427,stock
2025-11-13,HBL,189.8,189.0,191.0,186.3,103061,stock
2025-11-16,HBL,186.0,187.8,188.0,186.0,45026,stock
2025-11-17,HBL,187.0,186.9,190.0,184.3,44806,stock
2025-11-18,HBL,185.0,187.2,189.5,185.0,42111,stock
2025-11-19,HBL,190.9,186.6,190.9,185.9,53277,stock
2025-11-20,HBL,185.9,187.9,190.0,185.9,70636,stock
2025-11-23,HBL,186.0,188.3,190.0,185.3,39605,stock
2025-11-24,HBL,184.6,192.9,193.3,184.6,77323,stock
2025-11-25,HBL,193.0,192.9,196.0,190.1,68073,stock
2025-11-26,HBL,190.0,193.0,195.8,189.3,113085,stock
2025-11-27,HBL,193.0,198.9,200.0,190.2,101590,stock
2025-11-30,HBL,195.0,196.5,198.5,193.3,73933,stock
2025-12-01,HBL,193.0,196.5,203.0,190.4,92905,stock
2025-12-02,HBL,194.0,193.9,194.9,192.7,36363,stock
2025-12-03,HBL,193.0,190.6,194.9,190.0,47380,stock
2025-12-07,HBL,190.0,187.7,190.2,186.9,89161,stock
2025-12-08,HBL,186.3,186.8,188.0,186.0,49847,stock
2025-12-09,HBL,186.8,187.8,188.4,184.0,77438,stock
2025-12-10,HBL,185.0,187.0,189.8,185.0,59137,stock
2025-12-11,HBL,185.0,187.1,188.1,185.0,44937,stock
2025-12-14,HBL,187.1,186.6,189.0,185.3,51940,stock
2025-12-15,HBL,186.0,187.5,189.0,185.6,103967,stock
2025-12-16,HBL,186.0,188.7,189.9,186.0,54014,stock
2025-12-17,HBL,188.7,187.2,190.0,186.8,57684,stock
2025-12-18,HBL,190.9,187.9,190.9,187.1,72071,stock
2025-12-21,HBL,191.6,187.1,191.6,186.5,69777,stock
2025-12-22,HBL,187.0,187.1,187.9,186.0,47707,stock
2025-12-23,HBL,186.0,186.6,188.0,185.5,58725,stock
2025-12-24,HBL,186.0,187.9,188.7,185.0,52856,stock
2025-12-28,HBL,186.0,191.9,191.9,186.0,82306,stock
2025-12-29,HBL,191.9,189.1,192.9,188.4,68558,stock
2025-12-31,HBL,189.0,190.6,192.0,187.0,42947,stock
2026-01-01,HBL,187.0,190.5,190.6,187.0,87568,stock
2026-01-04,HBL,188.0,190.1,191.5,187.2,100490,stock
2026-01-05,HBL,186.3,190.8,192.0,186.3,54088,stock
2026-01-06,HBL,190.8,190.7,193.7,188.0,114369,stock
2026-01-07,HBL,186.9,189.8,191.6,186.9,47883,stock
2026-01-08,HBL,189.0,190.1,191.0,187.7,96293,stock
2026-01-12,HBL,190.1,190.0,193.8,187.6,120983,stock
2026-01-13,HBL,187.1,190.0,191.6,187.1,83806,stock
2026-01-14,HBL,193.0,190.0,193.0,187.5,52988,stock
2026-01-18,HBL,188.0,192.0,192.0,188.0,78760,stock
2026-01-20,HBL,193.0,194.6,195.0,191.1,128298,stock
2026-01-21,HBL,195.0,193.9,197.0,192.0,85335,stock
2026-01-22,HBL,191.0,193.8,194.0,191.0,57526,stock
2026-01-25,HBL,192.0,198.5,198.5,192.0,113192,stock
2026-01-26,HBL,198.5,198.0,202.3,195.5,177144,stock
2026-01-27,HBL,198.0,193.7,200.2,193.6,105271,stock
2026-01-28,HBL,192.0,193.0,197.8,190.3,82923,stock
2026-01-29,HBL,195.0,193.9,195.0,190.1,112991,stock
2026-02-01,HBL,192.0,191.9,193.0,190.4,68331,stock
2026-02-02,HBL,188.1,188.8,191.0,188.1,68648,stock
2026-02-03,HBL,187.0,189.0,190.0,187.0,44736,stock
2026-02-04,HBL,186.0,189.0,191.0,186.0,94517,stock
2026-02-05,HBL,187.0,190.0,190.0,187.0,80635,stock
2026-02-08,HBL,190.0,189.8,192.5,188.9,101487,stock
2026-02-09,HBL,188.8,188.2,190.0,187.0,100260,stock
2026-02-10,HBL,188.0,188.5,189.0,187.2,81485,stock
2026-02-11,HBL,186.0,189.9,193.8,186.0,136358,stock
2026-02-12,HBL,188.0,190.0,191.0,188.0,68377,stock
2026-02-16,HBL,190.0,188.5,190.5,188.0,55564,stock
2026-02-17,HBL,185.0,188.6,190.0,185.0,74582,stock
2026-02-22,HBL,188.0,186.9,189.0,185.5,60032,stock
2026-02-23,HBL,184.4,186.0,187.5,184.4,44160,stock
2026-02-24,HBL,185.5,187.6,189.0,185.5,37752,stock
2026-02-25,HBL,187.0,187.5,189.9,187.0,39655,stock
2026-02-26,HBL,191.2,188.5,191.2,187.4,52592,stock
2026-03-01,HBL,189.0,191.4,191.7,186.0,83135,stock
2026-03-03,HBL,195.2,196.1,197.6,188.0,96785,stock
2026-03-09,HBL,200.0,212.0,212.1,200.0,2792,stock
2026-03-10,HBL,216.2,212.8,220.5,206.0,497301,stock
2026-03-11,HBL,213.0,207.0,214.9,205.9,180713,stock
2026-03-12,HBL,211.1,216.3,217.0,205.0,311114,stock
2026-03-15,HBL,216.0,217.0,219.9,214.0,308398,stock
2026-03-16,HBL,215.0,211.9,216.0,210.0,121248,stock
2026-03-17,HBL,210.0,217.0,218.8,206.0,182724,stock
2026-03-19,HBL,217.0,225.8,230.4,217.0,543241,stock
2026-03-22,HBL,230.3,234.2,237.0,229.0,568194,stock
2026-03-23,HBL,235.0,232.0,237.0,228.6,285064,stock
2026-03-24,HBL,236.6,231.9,236.6,229.0,205436,stock
2026-03-25,HBL,227.5,226.1,231.9,226.0,159094,stock
2026-03-26,HBL,223.0,228.5,229.0,222.0,170739,stock
2026-03-29,HBL,230.0,219.0,230.0,218.1,300854,stock
2026-03-30,HBL,221.0,211.9,221.0,210.0,289156,stock
2026-03-31,HBL,208.0,214.7,216.0,207.8,161902,stock
2026-04-01,HBL,218.0,208.9,218.0,206.8,145294,stock
2026-04-02,HBL,208.0,207.5,211.9,205.0,115804,stock
2026-04-05,HBL,205.0,198.0,207.0,197.0,233747,stock
2026-04-06,HBL,198.0,208.9,209.9,198.0,184639,stock
2026-04-07,HBL,210.0,206.2,212.0,205.2,95783,stock
2026-04-08,HBL,205.2,209.2,209.9,205.0,96297,stock
2026-04-09,HBL,211.0,212.0,214.2,208.0,148030,stock
2026-04-10,HBL,211.0,210.2,213.0,208.1,91913,stock
2026-04-13,HBL,210.0,208.5,212.5,208.0,119698,stock
2026-04-15,HBL,204.4,215.0,216.0,204.4,142604,stock
2026-04-16,HBL,215.0,213.5,217.0,211.2,119447,stock
2026-04-17,HBL,210.0,213.0,213.3,209.1,79588,stock
2026-04-20,HBL,213.0,211.2,213.0,209.0,50010,stock
2026-04-21,HBL,211.0,208.8,211.0,208.1,54692,stock
2026-04-22,HBL,208.8,206.0,210.0,203.1,108744,stock
2026-04-23,HBL,206.0,209.0,209.9,204.5,68265,stock
2026-04-24,HBL,204.0,206.4,209.9,204.0,32258,stock
2026-04-27,HBL,203.0,207.1,208.1,203.0,46633,stock
2026-04-28,HBL,207.1,206.8,210.0,203.0,135988,stock
2026-04-29,HBL,206.8,202.9,206.8,200.0,58366,stock
2026-04-30,HBL,202.9,202.0,204.9,200.0,51271,stock
2026-05-04,HBL,202.0,200.1,204.0,199.9,43935,stock
2026-05-05,HBL,200.0,202.5,203.0,197.3,57044,stock
2026-05-06,HBL,202.5,200.8,204.9,200.1,29562,stock
2026-05-07,HBL,200.1,204.8,204.8,200.0,32152,stock
2026-05-08,HBL,200.0,205.0,205.0,200.0,39652,stock
2026-05-11,HBL,205.5,208.0,209.0,205.0,66664,stock
2026-05-12,HBL,208.0,203.9,210.0,203.0,36045,stock
2026-05-13,HBL,203.0,203.7,205.0,201.7,30178,stock
2026-05-14,HBL,203.0,203.7,203.7,202.0,26926,stock
2026-05-15,HBL,201.5,203.9,203.9,201.1,28410,stock
2026-05-18,HBL,203.9,203.9,205.0,202.0,21361,stock
2026-05-19,HBL,202.0,202.1,205.0,201.0,23295,stock
2026-05-20,HBL,201.5,203.5,204.5,200.1,27534,stock
2026-05-21,HBL,203.6,204.8,204.8,202.1,27662,stock
2026-05-22,HBL,204.8,203.0,206.0,200.0,68976,stock
2026-05-25,HBL,202.0,206.0,207.0,200.8,60732,stock
2026-05-26,HBL,202.0,204.9,207.0,199.9,264075,stock
2026-05-27,HBL,202.1,204.9,204.9,202.1,42132,stock
2026-06-01,HBL,200.0,200.5,204.0,200.0,56188,stock
2026-06-02,HBL,200.0,201.2,203.0,200.0,48899,stock
2026-06-03,HBL,200.0,200.6,202.1,200.0,55348,stock
2026-06-04,HBL,200.0,201.0,202.0,200.0,42303,stock
2026-06-05,HBL,201.0,201.0,202.0,200.0,54217,stock
2026-06-08,HBL,200.0,200.4,201.9,199.4,33623,stock
2026-06-09,HBL,202.0,201.0,202.0,198.0,42099,stock
2026-06-10,HBL,195.0,199.0,203.8,195.0,31083,stock
2026-06-11,HBL,199.0,198.5,201.0,198.0,34989,stock
2026-06-12,HBL,197.6,198.1,199.5,197.1,22061,stock
2026-06-15,HBL,200.0,197.1,202.0,196.8,36992,stock
2026-06-16,HBL,197.2,197.1,199.0,197.0,26019,stock
2026-06-17,HBL,187.3,197.0,199.5,187.3,41380,stock
2026-06-18,HBL,196.0,196.0,197.9,195.2,18322,stock
2026-06-19,HBL,196.0,196.0,198.0,196.0,17160,stock
2026-06-22,HBL,186.2,195.5,200.0,186.2,34276,stock
2026-06-23,HBL,200.0,195.9,200.0,193.0,50965,stock
2026-06-24,HBL,205.6,193.8,205.6,191.3,48449,stock
2026-06-25,HBL,191.1,194.9,195.0,191.1,27396,stock
2026-06-26,HBL,193.0,193.0,195.5,192.1,25765,stock
2026-06-29,HBL,193.0,192.7,193.0,191.1,22982,stock
2026-06-30,HBL,192.0,191.1,193.0,191.0,25063,stock
2026-07-01,HBL,190.0,194.0,196.2,190.0,30343,stock
2026-07-02,HBL,194.0,200.0,223.0,194.0,48210,stock
2026-07-03,HBL,200.0,198.3,200.0,197.0,26139,stock
2026-07-06,HBL,198.3,196.5,198.3,192.1,34660,stock
2026-07-07,HBL,196.0,200.0,200.0,193.0,40248,stock
2026-07-08,HBL,200.0,196.0,200.0,193.1,47539,stock
2026-07-09,HBL,191.1,194.0,196.9,191.1,29763,stock
2026-07-10,HBL,190.0,192.8,197.0,190.0,42614,stock
2026-07-13,HBL,192.8,190.8,193.0,189.6,60904,stock
2026-07-14,HBL,195.0,191.8,195.0,188.9,20,stock
2026-07-15,HBL,190.0,193.0,198.7,190.0,27955,stock
2026-07-16,HBL,193.0,194.5,197.0,191.0,24590,stock
2026-07-17,HBL,192.5,199.5,200.3,192.0,30,stock
2026-07-20,HBL,190.0,200.7,202.2,190.0,28825,stock
2026-07-21,HBL,200.0,202.0,202.5,198.2,74503,stock
2026-07-22,HBL,199.2,200.9,202.4,198.0,29548,stock
2026-07-23,HBL,200.0,202.8,203.0,194.0,44740,stock
2026-07-24,HBL,192.7,206.0,216.4,192.7,144301,stock
2026-07-27,HBL,206.0,201.9,210.0,201.4,92763,stock
2026-07-28,HBL,201.9,200.8,205.0,199.0,45079,stock
2026-07-29,HBL,200.8,198.0,201.9,198.0,49632,stock
2026-07-30,HBL,188.1,199.0,202.0,188.1,33687,stock
2026-07-31,HBL,197.0,202.0,216.0,195.8,61738,stock
2026-08-03,HBL,192.5,202.9,206.0,192.5,86099,stock
2026-08-04,HBL,202.0,200.0,204.9,198.0,50421,stock
2026-08-05,HBL,200.0,197.3,200.0,196.5,42244,stock
2026-08-06,HBL,187.5,194.9,199.0,187.5,146075,stock
2026-08-07,HBL,194.0,194.8,197.0,193.0,33399,stock
2026-08-10,HBL,194.0,194.8,196.0,193.1,45300,stock
2026-08-11,HBL,190.0,194.0,197.0,190.0,57231,stock
2026-08-12,HBL,194.0,195.0,201.0,193.4,118391,stock
2026-08-13,HBL,193.3,195.0,197.8,192.0,42981,stock
2026-08-14,HBL,200.0,194.8,200.0,192.5,47292,stock
2026-08-17,HBL,194.0,193.9,194.8,190.0,88824,stock
2026-08-18,HBL,195.0,192.9,195.0,190.0,60814,stock
2026-08-19,HBL,196.0,191.5,196.0,189.2,24983,stock
2026-08-20,HBL,192.0,191.4,193.0,190.0,21684,stock
2026-08-21,HBL,192.0,191.4,192.0,188.5,59408,stock
2026-08-24,HBL,192.0,189.8,192.0,188.5,36563,stock
2026-08-25,HBL,189.8,190.0,191.0,188.0,40866,stock
2026-08-26,HBL,190.0,189.5,190.0,186.0,37365,stock
2026-08-27,HBL,189.0,188.7,190.9,185.0,43589,stock
2026-08-31,HBL,187.0,186.8,188.0,185.4,43451,stock
2026-09-01,HBL,185.5,186.8,188.0,185.5,36459,stock
2026-09-02,HBL,186.0,187.5,188.9,183.0,71755,stock
2026-09-03,HBL,185.0,187.6,187.9,184.0,34664,stock
2026-09-07,HBL,188.0,189.0,189.0,186.0,78585,stock
2026-09-09,HBL,188.0,186.0,188.0,185.1,44416,stock
2026-09-10,HBL,187.0,185.2,188.0,185.0,51294,stock
2026-09-11,HBL,185.2,188.0,188.0,185.0,49771,stock
2026-09-14,HBL,188.0,190.0,191.0,187.0,39261,stock
2026-09-15,HBL,195.0,195.1,205.0,193.0,111185,stock
2026-09-16,HBL,190.0,193.9,199.8,190.0,70051,stock
2026-09-17,HBL,196.0,194.4,197.9,193.7,45993,stock
2026-09-18,HBL,194.0,198.0,199.5,192.7,108485,stock
2026-09-22,HBL,198.0,200.0,202.0,197.0,116095,stock
2026-09-23,HBL,190.0,197.0,201.9,190.0,61761,stock
2026-09-24,HBL,195.0,195.5,196.9,192.0,73193,stock
2026-09-28,HBL,195.5,194.2,195.5,192.5,98702,stock
2026-09-29,HBL,193.0,193.9,195.0,190.0,54342,stock
2026-09-30,HBL,190.0,193.1,195.6,190.0,27740,stock
2026-10-01,HBL,193.0,193.3,195.9,190.8,54941,stock
2026-10-02,HBL,192.0,191.3,194.0,191.1,33995,stock
2026-10-05,HBL,191.3,191.2,192.0,190.0,46511,stock
2026-10-06,HBL,191.0,193.2,196.0,190.5,26099,stock
