time,symbol,open,close,high,low,volume,category
2017-08-20,HPPL,233.33,253.33,253.33,233.33,5020,stock
2017-08-21,HPPL,257.33,275.33,275.33,257.33,7960,stock
2017-08-22,HPPL,280.0,293.33,299.33,272.67,127878,stock
2017-08-23,HPPL,288.67,286.67,295.33,284.0,53243,stock
2017-08-24,HPPL,286.67,293.33,294.67,283.33,29980,stock
2017-08-27,HPPL,293.33,319.33,319.33,293.33,54874,stock
2017-08-28,HPPL,324.67,347.33,347.33,310.0,74479,stock
2017-08-30,HPPL,347.33,330.0,343.33,326.0,52891,stock
2017-09-04,HPPL,314.67,313.33,314.67,294.67,29749,stock
2017-09-06,HPPL,310.0,313.33,314.67,304.67,19355,stock
2017-09-07,HPPL,310.67,306.0,310.67,305.33,15290,stock
2017-09-10,HPPL,308.0,296.0,308.0,292.67,14700,stock
2017-09-11,HPPL,294.0,297.33,300.0,289.33,8099,stock
2017-09-12,HPPL,302.0,298.0,302.0,292.67,5898,stock
2017-09-13,HPPL,296.67,291.33,296.67,288.0,12248,stock
2017-09-14,HPPL,287.33,294.0,299.33,287.33,9340,stock
2017-09-17,HPPL,294.0,292.67,300.0,290.67,6660,stock
2017-09-18,HPPL,288.0,294.67,299.33,284.67,9581,stock
2017-09-20,HPPL,295.33,290.67,295.33,290.0,5430,stock
2017-09-24,HPPL,286.0,296.67,296.67,284.0,1960,stock
2017-09-25,HPPL,301.33,290.67,296.67,288.0,4750,stock
2017-09-26,HPPL,286.0,292.0,295.33,286.0,7880,stock
2017-10-03,HPPL,292.0,290.67,295.33,289.33,1230,stock
2017-10-04,HPPL,295.33,290.0,295.33,289.33,3080,stock
2017-10-08,HPPL,290.0,281.33,290.67,281.33,9597,stock
2017-10-09,HPPL,281.33,283.33,284.0,280.0,3430,stock
2017-10-10,HPPL,278.67,286.67,288.0,278.67,6975,stock
2017-10-11,HPPL,282.0,279.33,286.67,279.33,7330,stock
2017-10-12,HPPL,274.67,283.33,284.0,274.67,4390,stock
2017-10-15,HPPL,286.67,280.0,286.67,277.33,1058,stock
2017-10-16,HPPL,280.0,280.67,284.67,276.0,9849,stock
2017-10-18,HPPL,280.0,283.33,284.67,276.67,1430,stock
2017-10-22,HPPL,280.67,280.0,289.33,278.67,2500,stock
2017-10-23,HPPL,280.0,279.33,280.67,276.67,1885,stock
2017-10-24,HPPL,279.33,280.67,284.67,277.33,4140,stock
2017-10-25,HPPL,280.67,278.67,283.33,276.67,10720,stock
2017-10-29,HPPL,277.33,277.33,283.33,274.0,4050,stock
2017-10-30,HPPL,273.33,276.67,280.0,273.33,2470,stock
2017-10-31,HPPL,276.67,275.33,277.33,273.33,2930,stock
2017-11-01,HPPL,277.33,274.0,277.33,272.0,3300,stock
2017-11-02,HPPL,270.0,274.67,276.67,270.0,1630,stock
2017-11-05,HPPL,277.33,273.33,277.33,266.67,3500,stock
2017-11-06,HPPL,273.33,270.0,277.33,268.67,2690,stock
2017-11-07,HPPL,270.0,268.67,271.33,268.0,1560,stock
2017-11-08,HPPL,266.0,264.0,268.0,262.0,4549,stock
2017-11-09,HPPL,260.0,258.0,263.33,257.33,5280,stock
2017-11-12,HPPL,258.0,260.0,261.33,254.0,2260,stock
2017-11-13,HPPL,260.0,265.33,270.67,260.0,4710,stock
2017-11-14,HPPL,261.33,270.0,273.33,261.33,1830,stock
2017-11-15,HPPL,273.33,267.33,273.33,263.33,2920,stock
2017-11-16,HPPL,266.67,261.33,267.33,258.67,6260,stock
2017-11-19,HPPL,261.33,264.67,265.33,258.0,7211,stock
2017-11-20,HPPL,262.0,264.67,265.33,262.0,2130,stock
2017-11-21,HPPL,263.33,266.67,268.67,262.67,3550,stock
2017-11-22,HPPL,264.0,265.33,270.0,263.33,4160,stock
2017-11-23,HPPL,265.33,280.67,280.67,265.33,4600,stock
2017-11-26,HPPL,280.67,290.0,290.0,272.0,6509,stock
2017-11-27,HPPL,285.33,283.33,286.67,280.0,7067,stock
2017-11-28,HPPL,285.33,280.67,286.67,278.67,1370,stock
2017-11-29,HPPL,285.33,292.0,300.0,283.33,22939,stock
2017-11-30,HPPL,291.33,301.33,306.67,287.33,22390,stock
2017-12-04,HPPL,300.0,318.67,323.33,300.0,37403,stock
2017-12-05,HPPL,323.33,316.67,323.33,306.67,23689,stock
2017-12-06,HPPL,316.67,310.0,316.67,306.0,7690,stock
2017-12-10,HPPL,313.33,306.0,318.67,304.67,5700,stock
2017-12-11,HPPL,303.33,301.33,308.67,298.67,5431,stock
2017-12-12,HPPL,303.33,294.0,303.33,293.33,9340,stock
2017-12-13,HPPL,289.33,298.67,303.33,288.67,3900,stock
2017-12-17,HPPL,300.0,296.0,300.0,295.33,4410,stock
2017-12-18,HPPL,296.67,298.0,299.33,293.33,6884,stock
2017-12-19,HPPL,296.0,293.33,296.0,291.33,3548,stock
2017-12-20,HPPL,289.33,291.33,294.0,289.33,3840,stock
2017-12-21,HPPL,286.0,290.67,302.0,286.0,3480,stock
2017-12-24,HPPL,295.33,290.67,293.33,288.67,4104,stock
2017-12-26,HPPL,290.67,286.67,290.67,277.33,5265,stock
2017-12-27,HPPL,286.0,282.67,286.67,278.0,4330,stock
2017-12-28,HPPL,278.0,280.0,285.33,274.0,6611,stock
2017-12-31,HPPL,276.0,278.0,279.33,272.0,1450,stock
2018-01-01,HPPL,274.67,283.33,288.0,274.67,2951,stock
2018-01-02,HPPL,288.0,284.0,289.33,278.67,5340,stock
2018-01-03,HPPL,279.33,280.67,282.0,278.0,770,stock
2018-01-04,HPPL,280.67,279.33,282.67,277.33,1680,stock
2018-01-07,HPPL,279.33,281.33,286.67,279.33,2950,stock
2018-01-08,HPPL,285.33,288.0,288.0,276.67,2470,stock
2018-01-09,HPPL,288.0,286.67,290.0,284.67,1991,stock
2018-01-10,HPPL,287.33,282.0,287.33,280.0,2660,stock
2018-01-14,HPPL,278.67,278.67,286.0,275.33,8540,stock
2018-01-16,HPPL,274.67,280.0,280.0,274.67,3721,stock
2018-01-17,HPPL,280.0,276.67,280.0,274.67,6830,stock
2018-01-21,HPPL,274.67,278.0,281.33,274.67,1238,stock
2018-01-22,HPPL,278.0,278.67,282.67,276.67,2430,stock
2018-01-23,HPPL,276.67,276.67,279.33,276.67,420,stock
2018-01-24,HPPL,273.33,278.0,279.33,273.33,2600,stock
2018-01-25,HPPL,275.33,282.0,282.0,275.33,2650,stock
2018-01-29,HPPL,276.0,278.0,278.67,276.0,590,stock
2018-01-31,HPPL,276.0,280.0,282.67,276.0,1220,stock
2018-02-01,HPPL,284.0,283.33,284.0,279.33,800,stock
2018-02-04,HPPL,280.0,280.67,283.33,279.33,3800,stock
2018-02-05,HPPL,280.67,277.33,280.67,276.67,3630,stock
2018-02-06,HPPL,274.67,276.0,279.33,274.67,2480,stock
2018-02-07,HPPL,271.33,276.0,278.0,271.33,1290,stock
2018-02-08,HPPL,272.67,276.67,277.33,272.67,2300,stock
2018-02-11,HPPL,274.0,276.0,276.67,273.33,820,stock
2018-02-12,HPPL,272.0,273.33,273.33,272.0,1600,stock
2018-02-14,HPPL,273.33,278.0,278.0,269.33,3750,stock
2018-02-15,HPPL,282.67,281.33,282.67,274.0,5880,stock
2018-02-18,HPPL,281.33,272.67,280.0,270.67,600,stock
2018-02-20,HPPL,273.33,271.33,274.0,271.33,810,stock
2018-02-21,HPPL,268.67,270.0,270.67,268.67,1480,stock
2018-02-22,HPPL,270.67,268.0,272.0,267.33,2220,stock
2018-02-25,HPPL,267.33,266.67,268.67,265.33,4510,stock
2018-02-26,HPPL,264.0,263.33,266.0,263.33,2370,stock
2018-02-27,HPPL,259.33,266.0,267.33,256.0,7860,stock
2018-02-28,HPPL,262.67,256.0,262.67,253.33,4430,stock
2018-03-04,HPPL,256.67,244.67,256.67,243.33,3475,stock
2018-03-05,HPPL,248.67,236.0,250.0,235.33,4934,stock
2018-03-06,HPPL,235.33,236.0,243.33,232.0,4640,stock
2018-03-07,HPPL,233.33,244.0,244.0,230.0,290,stock
2018-03-11,HPPL,244.0,244.0,248.0,234.67,840,stock
2018-03-12,HPPL,244.0,234.67,240.0,230.67,870,stock
2018-03-13,HPPL,231.33,234.67,236.67,231.33,300,stock
2018-03-14,HPPL,238.67,239.33,240.67,236.67,730,stock
2018-03-15,HPPL,240.0,240.67,240.67,238.0,330,stock
2018-03-18,HPPL,237.33,235.33,237.33,234.67,1237,stock
2018-03-19,HPPL,231.33,238.0,238.0,231.33,570,stock
2018-03-20,HPPL,238.67,230.0,238.67,226.67,1850,stock
2018-03-21,HPPL,226.67,227.33,228.67,225.33,2500,stock
2018-03-22,HPPL,228.0,223.33,228.0,222.67,4305,stock
2018-03-26,HPPL,220.0,207.33,220.0,206.67,3300,stock
2018-03-27,HPPL,204.67,223.33,224.0,192.0,2040,stock
2018-03-28,HPPL,226.67,216.67,226.67,210.67,2010,stock
2018-03-29,HPPL,220.0,223.33,223.33,210.0,1045,stock
2018-04-01,HPPL,220.0,214.67,220.0,212.0,1870,stock
2018-04-02,HPPL,213.33,213.33,214.67,213.33,600,stock
2018-04-03,HPPL,210.0,212.0,220.0,200.67,790,stock
2018-04-05,HPPL,220.0,226.67,230.0,218.0,3400,stock
2018-04-08,HPPL,227.33,231.33,234.0,226.67,7900,stock
2018-04-09,HPPL,228.0,226.67,234.67,226.0,6570,stock
2018-04-10,HPPL,226.67,221.33,228.0,220.0,1250,stock
2018-04-11,HPPL,219.33,224.0,224.0,219.33,470,stock
2018-04-12,HPPL,224.0,224.67,226.67,220.0,990,stock
2018-04-15,HPPL,224.67,223.33,225.33,219.33,420,stock
2018-04-16,HPPL,220.0,224.0,224.0,217.33,1530,stock
2018-04-17,HPPL,224.0,226.67,233.33,220.67,4980,stock
2018-04-18,HPPL,223.33,246.0,246.0,223.33,22008,stock
2018-04-19,HPPL,246.67,258.67,262.0,244.0,16230,stock
2018-04-22,HPPL,258.67,280.0,280.0,260.67,11090,stock
2018-04-23,HPPL,276.67,266.67,276.67,257.33,13437,stock
2018-04-24,HPPL,262.0,263.33,270.67,254.0,4440,stock
2018-04-25,HPPL,259.33,258.67,264.67,253.33,3620,stock
2018-04-26,HPPL,258.67,252.67,258.67,251.33,2210,stock
2018-04-29,HPPL,248.67,252.67,256.67,241.33,850,stock
2018-05-02,HPPL,252.67,255.33,256.67,245.33,3536,stock
2018-05-03,HPPL,256.0,254.0,260.0,252.0,4369,stock
2018-05-06,HPPL,254.67,249.33,254.67,246.67,1270,stock
2018-05-07,HPPL,248.67,250.0,253.33,246.67,1450,stock
2018-05-08,HPPL,250.67,255.33,255.33,247.33,2230,stock
2018-05-09,HPPL,255.33,251.33,254.0,250.67,1830,stock
2018-05-10,HPPL,251.33,250.67,252.67,250.67,2799,stock
2018-05-14,HPPL,246.67,254.0,254.0,246.67,5070,stock
2018-05-15,HPPL,250.0,253.33,254.0,248.0,720,stock
2018-05-16,HPPL,251.33,246.67,252.0,246.67,2880,stock
2018-05-17,HPPL,248.0,251.33,251.33,248.0,545,stock
2018-05-20,HPPL,248.67,250.67,252.0,248.67,600,stock
2018-05-21,HPPL,252.0,250.0,251.33,248.67,2130,stock
2018-05-22,HPPL,250.67,250.0,250.67,248.67,1320,stock
2018-05-23,HPPL,250.0,249.33,250.0,246.67,1990,stock
2018-05-24,HPPL,249.33,248.67,252.67,248.0,240,stock
2018-05-27,HPPL,248.67,241.33,250.67,241.33,1440,stock
2018-05-28,HPPL,241.33,253.33,253.33,233.33,560,stock
2018-05-29,HPPL,249.33,246.67,249.33,245.33,2720,stock
2018-05-30,HPPL,244.0,241.33,250.0,238.67,1960,stock
2018-05-31,HPPL,240.0,241.33,244.0,238.67,495,stock
2018-06-03,HPPL,237.33,238.67,242.67,237.33,680,stock
2018-06-04,HPPL,236.67,234.67,238.67,233.33,290,stock
2018-06-06,HPPL,236.67,238.67,238.67,236.67,110,stock
2018-06-07,HPPL,240.0,234.67,240.0,230.0,1960,stock
2018-06-10,HPPL,236.67,234.0,236.67,233.33,2366,stock
2018-06-11,HPPL,234.67,234.67,234.67,228.0,2710,stock
2018-06-12,HPPL,234.67,233.33,234.67,230.67,1170,stock
2018-06-13,HPPL,230.67,234.0,237.33,230.67,1035,stock
2018-06-14,HPPL,234.0,238.67,240.0,233.33,5990,stock
2018-06-17,HPPL,234.67,232.67,236.67,232.0,3150,stock
2018-06-18,HPPL,229.33,237.33,237.33,229.33,460,stock
2018-06-19,HPPL,234.0,235.33,237.33,231.33,1940,stock
2018-06-20,HPPL,234.0,231.33,234.0,230.67,567,stock
2018-06-21,HPPL,228.67,232.0,233.33,228.67,1780,stock
2018-06-24,HPPL,228.67,229.33,232.0,228.67,650,stock
2018-06-25,HPPL,230.67,228.0,230.67,226.67,520,stock
2018-06-26,HPPL,224.67,224.67,225.33,224.67,970,stock
2018-06-27,HPPL,221.33,226.67,226.67,220.0,100,stock
2018-06-28,HPPL,223.33,225.33,226.67,223.33,250,stock
2018-07-01,HPPL,223.33,219.33,227.33,218.67,570,stock
2018-07-02,HPPL,218.67,220.67,220.67,215.33,250,stock
2018-07-03,HPPL,219.33,214.67,223.33,212.67,262,stock
2018-07-04,HPPL,213.33,218.67,220.0,213.33,410,stock
2018-07-05,HPPL,220.0,224.67,233.33,217.33,955,stock
2018-07-08,HPPL,221.33,221.33,224.0,218.0,1400,stock
2018-07-09,HPPL,222.67,219.33,222.67,215.33,400,stock
2018-07-10,HPPL,216.0,218.0,221.33,215.33,2920,stock
2018-07-11,HPPL,218.0,218.67,221.33,214.67,1297,stock
2018-07-12,HPPL,216.67,213.33,220.0,212.67,2580,stock
2018-07-15,HPPL,213.33,214.67,214.67,213.33,230,stock
2018-07-16,HPPL,213.33,220.0,222.67,212.67,530,stock
2018-07-17,HPPL,219.33,219.33,220.0,215.33,260,stock
2018-07-18,HPPL,216.67,217.33,220.0,216.67,120,stock
2018-07-19,HPPL,215.33,217.33,218.0,214.67,350,stock
2018-07-22,HPPL,216.67,216.0,218.67,214.0,340,stock
2018-07-23,HPPL,213.33,216.0,217.33,213.33,210,stock
2018-07-24,HPPL,216.0,215.33,219.33,213.33,420,stock
2018-07-25,HPPL,213.33,215.33,216.67,213.33,350,stock
2018-07-26,HPPL,214.0,218.67,218.67,214.0,1440,stock
2018-07-29,HPPL,216.67,218.0,218.0,215.33,1140,stock
2018-07-30,HPPL,215.33,216.0,218.0,215.33,370,stock
2018-07-31,HPPL,216.0,217.33,217.33,213.33,660,stock
2018-08-01,HPPL,220.67,215.33,220.67,214.0,1170,stock
2018-08-02,HPPL,214.0,213.33,216.67,213.33,260,stock
2018-08-05,HPPL,213.33,213.33,214.0,212.67,260,stock
2018-08-06,HPPL,210.67,214.67,214.67,210.67,950,stock
2018-08-07,HPPL,211.33,213.33,213.33,210.67,740,stock
2018-08-08,HPPL,210.67,206.67,213.33,206.0,1760,stock
2018-08-09,HPPL,206.67,202.67,207.33,202.67,1500,stock
2018-08-12,HPPL,203.33,204.0,204.0,196.0,2090,stock
2018-08-13,HPPL,204.0,202.67,204.0,198.67,330,stock
2018-08-14,HPPL,206.0,199.33,206.0,198.0,500,stock
2018-08-15,HPPL,199.33,206.67,210.0,198.0,860,stock
2018-08-16,HPPL,213.33,213.33,216.67,204.67,2310,stock
2018-08-20,HPPL,210.0,200.0,210.0,198.67,520,stock
2018-08-21,HPPL,197.33,200.67,202.0,197.33,590,stock
2018-08-23,HPPL,196.67,203.33,203.33,196.67,380,stock
2018-08-26,HPPL,202.67,200.0,202.67,197.33,140,stock
2018-08-28,HPPL,200.0,198.67,200.0,194.67,530,stock
2018-08-29,HPPL,196.67,197.33,198.67,196.0,1240,stock
2018-08-30,HPPL,200.0,196.67,200.0,196.67,390,stock
2018-09-02,HPPL,194.0,195.33,196.67,194.0,200,stock
2018-09-03,HPPL,194.0,197.33,199.33,194.0,430,stock
2018-09-04,HPPL,195.33,198.0,206.67,195.33,340,stock
2018-09-05,HPPL,198.0,214.0,214.0,198.0,1430,stock
2018-09-09,HPPL,210.67,201.33,210.67,200.67,220,stock
2018-09-10,HPPL,201.33,199.33,203.33,198.67,1010,stock
2018-09-11,HPPL,198.67,200.0,208.67,198.67,330,stock
2018-09-12,HPPL,200.0,206.67,206.67,198.67,570,stock
2018-09-13,HPPL,203.33,201.33,206.67,201.33,780,stock
2018-09-16,HPPL,198.67,202.67,208.0,198.67,530,stock
2018-09-17,HPPL,206.0,201.33,208.67,201.33,460,stock
2018-09-18,HPPL,203.33,213.33,213.33,200.0,680,stock
2018-09-20,HPPL,214.0,204.67,214.0,203.33,2150,stock
2018-09-23,HPPL,204.67,204.67,206.0,202.67,850,stock
2018-09-25,HPPL,204.67,211.33,211.33,202.67,710,stock
2018-09-26,HPPL,208.0,213.33,214.0,203.33,1970,stock
2018-09-27,HPPL,210.67,203.33,210.67,202.67,2590,stock
2018-09-30,HPPL,200.0,203.33,204.0,200.0,1517,stock
2018-10-01,HPPL,201.33,202.67,203.33,201.33,420,stock
2018-10-02,HPPL,202.67,202.0,202.67,200.67,550,stock
2018-10-03,HPPL,200.0,201.33,204.67,199.33,1710,stock
2018-10-04,HPPL,201.33,201.33,201.33,199.33,150,stock
2018-10-07,HPPL,198.0,200.67,201.33,196.0,430,stock
2018-10-08,HPPL,197.33,199.33,201.33,197.33,465,stock
2018-10-09,HPPL,202.0,198.0,202.0,196.67,930,stock
2018-10-10,HPPL,195.33,195.33,196.0,193.33,1230,stock
2018-10-11,HPPL,192.67,196.0,197.33,192.0,280,stock
2018-10-14,HPPL,198.67,193.33,198.67,193.33,200,stock
2018-10-15,HPPL,195.33,196.0,196.0,193.33,210,stock
2018-10-21,HPPL,195.33,194.0,195.33,193.33,80,stock
2018-10-22,HPPL,191.33,194.67,194.67,190.0,1207,stock
2018-10-23,HPPL,192.0,192.0,194.67,190.0,770,stock
2018-10-24,HPPL,190.0,193.33,194.67,190.0,1370,stock
2018-10-25,HPPL,192.0,199.33,199.33,192.0,430,stock
2018-10-28,HPPL,196.67,193.33,196.67,190.67,160,stock
2018-10-29,HPPL,191.33,196.67,196.67,188.67,400,stock
2018-10-30,HPPL,196.67,191.33,196.67,188.67,1230,stock
2018-10-31,HPPL,188.67,186.67,189.33,186.67,970,stock
2018-11-01,HPPL,186.67,185.33,186.67,184.0,340,stock
2018-11-04,HPPL,183.33,186.67,186.67,183.33,250,stock
2018-11-05,HPPL,184.0,184.67,184.67,181.33,580,stock
2018-11-14,HPPL,173.33,170.0,173.33,166.67,1869,stock
2018-11-15,HPPL,170.0,171.33,172.0,168.0,201,stock
2018-11-18,HPPL,171.33,170.0,173.33,170.0,1650,stock
2018-11-19,HPPL,170.0,168.0,171.33,168.0,400,stock
2018-11-20,HPPL,168.0,166.0,168.0,163.33,970,stock
2018-11-21,HPPL,166.0,160.0,166.0,160.0,1510,stock
2018-11-22,HPPL,160.0,158.67,162.0,158.67,2400,stock
2018-11-25,HPPL,158.67,154.0,158.67,154.0,1700,stock
2018-11-26,HPPL,154.0,150.67,154.0,150.0,1365,stock
2018-11-27,HPPL,150.67,152.0,154.0,150.0,6230,stock
2018-11-28,HPPL,152.0,153.33,156.0,152.0,6710,stock
2018-11-29,HPPL,153.33,150.67,155.33,150.0,5510,stock
2018-12-02,HPPL,150.67,146.67,150.67,143.33,1600,stock
2018-12-03,HPPL,146.67,146.67,149.33,146.67,1640,stock
2018-12-04,HPPL,146.67,150.0,150.0,146.67,938,stock
2018-12-06,HPPL,148.0,148.0,150.0,148.0,900,stock
2018-12-09,HPPL,148.0,149.33,149.33,146.67,420,stock
2018-12-10,HPPL,149.33,153.33,154.67,148.0,1171,stock
2018-12-11,HPPL,153.33,152.0,153.33,151.33,545,stock
2018-12-12,HPPL,152.0,156.0,156.67,152.0,320,stock
2018-12-13,HPPL,156.0,159.33,164.67,156.0,770,stock
2018-12-16,HPPL,159.33,162.67,164.0,159.33,1575,stock
2018-12-17,HPPL,162.67,164.0,164.0,162.0,160,stock
2018-12-18,HPPL,164.0,158.67,164.0,156.67,1189,stock
2018-12-19,HPPL,158.67,158.0,160.67,158.0,410,stock
2018-12-20,HPPL,158.0,158.0,158.0,154.0,210,stock
2018-12-23,HPPL,158.0,157.33,158.67,156.0,2250,stock
2018-12-24,HPPL,157.33,158.67,160.0,157.33,3780,stock
2018-12-25,HPPL,158.67,156.0,158.67,156.0,820,stock
2018-12-26,HPPL,156.0,163.33,163.33,155.33,2720,stock
2018-12-27,HPPL,163.33,162.67,164.67,160.67,5310,stock
2018-12-30,HPPL,162.67,158.0,162.67,157.33,570,stock
2018-12-31,HPPL,158.0,156.0,158.0,156.0,420,stock
2019-01-01,HPPL,156.0,156.0,158.67,155.33,380,stock
2019-01-02,HPPL,156.0,157.33,157.33,154.67,278,stock
2019-01-03,HPPL,157.33,157.33,159.33,157.33,140,stock
2019-01-06,HPPL,157.33,156.67,159.33,155.33,520,stock
2019-01-07,HPPL,156.67,156.0,158.67,154.67,940,stock
2019-01-08,HPPL,156.0,154.67,158.67,154.67,1510,stock
2019-01-09,HPPL,154.67,160.67,160.67,154.67,610,stock
2019-01-10,HPPL,160.67,158.0,160.67,156.67,320,stock
2019-01-13,HPPL,158.0,157.33,158.0,156.0,1280,stock
2019-01-15,HPPL,160.0,166.0,166.0,156.67,1301,stock
2019-01-16,HPPL,166.0,160.67,166.0,159.33,1100,stock
2019-01-17,HPPL,160.67,156.67,160.67,156.67,810,stock
2019-01-20,HPPL,156.67,155.33,156.67,154.67,170,stock
2019-01-21,HPPL,155.33,153.33,156.67,153.33,970,stock
2019-01-23,HPPL,153.33,154.67,158.0,153.33,350,stock
2019-01-24,HPPL,154.67,156.67,158.67,154.67,560,stock
2019-01-27,HPPL,156.67,155.33,156.67,154.67,500,stock
2019-01-28,HPPL,155.33,154.0,155.33,153.33,250,stock
2019-01-29,HPPL,154.0,154.0,154.67,153.33,500,stock
2019-01-30,HPPL,154.0,154.0,155.33,152.0,900,stock
2019-01-31,HPPL,154.0,158.0,158.67,153.33,1360,stock
2019-02-03,HPPL,158.0,154.67,158.0,154.0,280,stock
2019-02-04,HPPL,152.67,153.33,154.67,152.67,960,stock
2019-02-05,HPPL,152.0,152.67,154.67,152.0,270,stock
2019-02-06,HPPL,152.67,153.33,154.0,152.67,724,stock
2019-02-07,HPPL,155.33,153.33,155.33,153.33,560,stock
2019-02-10,HPPL,154.0,148.0,154.0,148.0,1710,stock
2019-02-11,HPPL,146.67,148.0,152.0,146.67,827,stock
2019-02-12,HPPL,147.33,150.0,152.0,146.67,850,stock
2019-02-13,HPPL,148.0,151.33,151.33,146.67,1697,stock
2019-02-14,HPPL,149.33,146.67,151.33,146.67,305,stock
2019-02-17,HPPL,146.0,146.0,148.67,145.33,1720,stock
2019-02-18,HPPL,145.33,146.67,147.33,143.33,630,stock
2019-02-19,HPPL,146.67,150.0,150.0,142.67,1800,stock
2019-02-20,HPPL,148.0,146.0,150.0,146.0,230,stock
2019-02-21,HPPL,146.0,147.33,149.33,146.0,430,stock
2019-02-24,HPPL,149.33,144.0,149.33,142.0,280,stock
2019-02-25,HPPL,142.67,148.0,148.0,142.0,470,stock
2019-02-26,HPPL,146.0,146.0,148.0,146.0,510,stock
2019-02-27,HPPL,146.0,146.67,148.67,145.33,823,stock
2019-03-03,HPPL,144.67,146.67,148.67,144.67,1160,stock
2019-03-05,HPPL,146.67,148.67,152.67,146.67,2180,stock
2019-03-06,HPPL,146.67,148.0,149.33,146.67,200,stock
2019-03-07,HPPL,148.0,146.67,154.67,146.0,1105,stock
2019-03-10,HPPL,152.0,150.0,152.0,144.67,900,stock
2019-03-11,HPPL,146.67,152.0,157.33,146.67,2495,stock
2019-03-12,HPPL,153.33,163.33,163.33,152.0,4835,stock
2019-03-13,HPPL,163.33,164.67,169.33,159.33,3855,stock
2019-03-14,HPPL,160.67,158.67,162.67,158.67,330,stock
2019-03-17,HPPL,158.0,162.0,162.0,158.0,3420,stock
2019-03-18,HPPL,160.0,160.0,161.33,158.0,440,stock
2019-03-19,HPPL,160.0,160.0,160.0,158.0,160,stock
2019-03-21,HPPL,158.0,156.67,158.0,154.67,1200,stock
2019-03-24,HPPL,154.67,154.67,156.67,150.67,1150,stock
2019-03-25,HPPL,152.67,152.67,154.67,152.0,1010,stock
2019-03-26,HPPL,150.67,153.33,155.33,150.67,2180,stock
2019-03-27,HPPL,153.33,155.33,155.33,152.67,1850,stock
2019-03-28,HPPL,153.33,155.33,158.67,153.33,1090,stock
2019-03-31,HPPL,155.33,155.33,156.67,154.67,1750,stock
2019-04-01,HPPL,155.33,161.33,161.33,154.67,620,stock
2019-04-02,HPPL,159.33,160.0,162.67,155.33,810,stock
2019-04-03,HPPL,158.0,155.33,162.0,154.0,1140,stock
2019-04-04,HPPL,154.67,156.0,158.0,154.67,890,stock
2019-04-07,HPPL,156.0,158.67,158.67,154.67,1175,stock
2019-04-08,HPPL,158.67,155.33,156.67,154.67,3240,stock
2019-04-09,HPPL,155.33,155.33,157.33,154.67,8666,stock
2019-04-10,HPPL,153.33,154.0,155.33,152.0,2060,stock
2019-04-11,HPPL,153.33,153.33,154.67,152.67,1804,stock
2019-04-15,HPPL,152.0,154.0,157.33,151.33,575,stock
2019-04-16,HPPL,152.0,156.0,156.0,152.0,1370,stock
2019-04-17,HPPL,156.0,158.0,158.0,153.33,1656,stock
2019-04-18,HPPL,156.0,154.0,156.0,152.0,320,stock
2019-04-21,HPPL,154.0,156.0,156.0,150.67,4645,stock
2019-04-22,HPPL,154.0,151.33,154.0,151.33,760,stock
2019-04-23,HPPL,149.33,150.67,153.33,148.67,791,stock
2019-04-24,HPPL,148.67,149.33,153.33,147.33,2850,stock
2019-04-25,HPPL,148.0,150.67,150.67,147.33,2100,stock
2019-04-28,HPPL,152.67,160.67,160.67,150.0,2697,stock
2019-04-29,HPPL,158.67,154.0,158.67,150.67,1850,stock
2019-04-30,HPPL,152.0,160.0,164.0,150.67,3206,stock
2019-05-02,HPPL,158.0,156.0,158.0,155.33,2919,stock
2019-05-05,HPPL,154.0,155.33,155.33,152.67,670,stock
2019-05-06,HPPL,153.33,153.33,154.67,150.67,1030,stock
2019-05-07,HPPL,152.0,156.0,156.0,151.33,1050,stock
2019-05-08,HPPL,154.0,152.67,154.0,152.0,685,stock
2019-05-09,HPPL,151.33,152.0,154.67,150.0,2220,stock
2019-05-12,HPPL,150.0,150.0,151.33,148.67,1294,stock
2019-05-13,HPPL,152.0,157.33,157.33,152.0,1990,stock
2019-05-14,HPPL,156.0,156.67,156.67,152.67,3790,stock
2019-05-15,HPPL,154.67,154.0,155.33,152.67,3606,stock
2019-05-16,HPPL,152.0,152.67,156.0,152.0,734,stock
2019-05-19,HPPL,152.0,152.0,156.0,152.0,8604,stock
2019-05-20,HPPL,152.0,154.0,154.0,152.0,410,stock
2019-05-21,HPPL,152.67,158.67,160.0,152.67,6451,stock
2019-05-22,HPPL,156.67,170.67,170.67,156.67,21860,stock
2019-05-23,HPPL,173.33,157.33,173.33,157.33,10575,stock
2019-05-26,HPPL,155.33,157.33,158.67,153.33,1418,stock
2019-05-27,HPPL,156.67,156.0,158.67,154.67,340,stock
2019-05-28,HPPL,156.0,160.0,160.0,154.67,2274,stock
2019-05-29,HPPL,158.0,160.0,162.0,157.33,895,stock
2019-05-30,HPPL,160.0,159.33,164.0,156.0,6410,stock
2019-06-02,HPPL,157.33,155.33,162.67,155.33,1680,stock
2019-06-03,HPPL,154.67,154.67,157.33,153.33,2550,stock
2019-06-04,HPPL,152.67,154.0,160.0,152.67,720,stock
2019-06-06,HPPL,154.0,154.67,156.0,153.33,5360,stock
2019-06-11,HPPL,155.33,151.33,155.33,150.67,1871,stock
2019-06-12,HPPL,152.0,152.0,153.33,150.67,1495,stock
2019-06-13,HPPL,150.67,153.33,153.33,150.67,2416,stock
2019-06-16,HPPL,153.33,152.67,154.0,150.0,560,stock
2019-06-17,HPPL,150.67,151.33,152.67,149.33,440,stock
2019-06-18,HPPL,150.0,152.67,152.67,150.0,580,stock
2019-06-19,HPPL,150.67,153.33,153.33,150.67,350,stock
2019-06-20,HPPL,151.33,152.67,153.33,149.33,350,stock
2019-06-23,HPPL,150.67,153.33,153.33,149.33,430,stock
2019-06-24,HPPL,151.33,151.33,153.33,150.0,410,stock
2019-06-25,HPPL,150.0,152.0,153.33,150.0,1120,stock
2019-06-26,HPPL,151.33,152.67,152.67,150.0,2728,stock
2019-06-27,HPPL,150.67,154.67,154.67,150.0,240,stock
2019-06-30,HPPL,152.67,151.33,153.33,150.67,521,stock
2019-07-01,HPPL,150.0,150.67,152.0,150.0,1050,stock
2019-07-02,HPPL,150.67,151.33,152.67,150.67,583,stock
2019-07-03,HPPL,149.33,154.0,154.0,149.33,312,stock
2019-07-04,HPPL,152.0,150.0,152.0,150.0,40,stock
2019-07-07,HPPL,150.0,150.0,152.67,150.0,1535,stock
2019-07-08,HPPL,148.0,150.0,152.0,148.0,390,stock
2019-07-09,HPPL,148.67,149.33,150.67,148.0,340,stock
2019-07-10,HPPL,148.67,148.0,150.67,148.0,2920,stock
2019-07-11,HPPL,147.33,150.0,150.67,147.33,930,stock
2019-07-14,HPPL,148.0,148.0,148.67,147.33,410,stock
2019-07-15,HPPL,148.0,150.67,150.67,147.33,1124,stock
2019-07-16,HPPL,148.67,149.33,149.33,148.67,370,stock
2019-07-17,HPPL,148.0,151.33,151.33,147.33,290,stock
2019-07-18,HPPL,149.33,150.67,151.33,149.33,500,stock
2019-07-21,HPPL,150.0,150.0,150.67,148.67,170,stock
2019-07-22,HPPL,152.0,152.0,152.0,146.67,2094,stock
2019-07-23,HPPL,150.0,148.67,150.0,148.67,260,stock
2019-07-24,HPPL,148.67,150.0,151.33,148.67,500,stock
2019-07-25,HPPL,148.0,148.0,149.33,148.0,370,stock
2019-07-28,HPPL,146.67,146.67,147.33,146.0,634,stock
2019-07-29,HPPL,145.33,146.67,148.0,145.33,430,stock
2019-07-30,HPPL,144.67,149.33,149.33,144.67,940,stock
2019-07-31,HPPL,147.33,151.33,151.33,145.33,220,stock
2019-08-01,HPPL,152.0,152.0,152.0,152.0,40,stock
2019-08-04,HPPL,153.33,146.0,153.33,144.67,820,stock
2019-08-05,HPPL,145.33,146.67,148.0,145.33,341,stock
2019-08-06,HPPL,145.33,142.67,145.33,142.67,1370,stock
2019-08-07,HPPL,141.33,150.0,150.0,141.33,410,stock
2019-08-08,HPPL,148.0,148.0,148.0,148.0,10,stock
2019-08-11,HPPL,146.67,145.33,146.67,144.67,678,stock
2019-08-12,HPPL,143.33,144.0,147.33,142.0,180,stock
2019-08-13,HPPL,142.67,142.0,146.0,141.33,805,stock
2019-08-14,HPPL,142.0,142.67,144.67,142.0,1120,stock
2019-08-15,HPPL,141.33,141.33,142.0,140.67,2293,stock
2019-08-18,HPPL,141.33,138.67,142.67,138.0,3310,stock
2019-08-19,HPPL,136.67,141.33,141.33,136.67,2040,stock
2019-08-20,HPPL,139.33,136.0,139.33,136.0,490,stock
2019-08-21,HPPL,134.67,136.0,136.67,134.67,1430,stock
2019-08-22,HPPL,136.0,136.0,137.33,134.67,700,stock
2019-08-25,HPPL,134.67,134.67,136.0,134.67,410,stock
2019-08-26,HPPL,134.0,132.67,134.67,132.67,840,stock
2019-08-27,HPPL,133.33,132.0,133.33,130.0,260,stock
2019-08-28,HPPL,130.67,135.33,135.33,130.67,830,stock
2019-08-29,HPPL,133.33,132.0,133.33,131.33,850,stock
2019-09-01,HPPL,130.67,126.67,130.67,126.0,880,stock
2019-09-02,HPPL,126.0,126.0,128.67,126.0,580,stock
2019-09-03,HPPL,125.33,128.0,128.0,124.67,550,stock
2019-09-04,HPPL,126.67,129.33,132.0,126.67,2470,stock
2019-09-05,HPPL,129.33,128.67,131.33,128.67,1140,stock
2019-09-08,HPPL,128.67,128.67,128.67,128.0,700,stock
2019-09-09,HPPL,127.33,127.33,128.67,127.33,380,stock
2019-09-10,HPPL,127.33,128.67,128.67,126.67,700,stock
2019-09-11,HPPL,128.67,124.67,128.67,124.67,1230,stock
2019-09-15,HPPL,122.0,123.33,123.33,122.0,340,stock
2019-09-16,HPPL,122.0,120.67,122.67,120.67,230,stock
2019-09-17,HPPL,120.0,124.0,124.0,120.0,1854,stock
2019-09-18,HPPL,125.33,124.0,125.33,124.0,150,stock
2019-09-19,HPPL,122.67,121.33,124.67,121.33,270,stock
2019-09-22,HPPL,121.33,120.0,121.33,118.67,250,stock
2019-09-23,HPPL,118.67,122.67,122.67,118.67,510,stock
2019-09-24,HPPL,121.33,120.0,121.33,118.67,140,stock
2019-09-25,HPPL,120.0,120.67,120.67,118.67,630,stock
2019-09-26,HPPL,119.33,124.0,125.33,119.33,1770,stock
2019-09-29,HPPL,122.67,126.67,126.67,122.0,980,stock
2019-09-30,HPPL,125.33,130.0,130.0,117.33,4500,stock
2019-10-01,HPPL,130.0,132.67,132.67,128.67,230,stock
2019-10-02,HPPL,133.33,127.33,133.33,127.33,60,stock
2019-10-03,HPPL,126.0,127.33,127.33,126.0,30,stock
2019-10-10,HPPL,128.0,129.33,129.33,126.67,60,stock
2019-10-14,HPPL,130.67,129.33,132.0,128.0,320,stock
2019-10-15,HPPL,130.0,126.0,130.0,126.0,260,stock
2019-10-16,HPPL,127.33,127.33,127.33,126.67,140,stock
2019-10-17,HPPL,126.0,125.33,127.33,125.33,2420,stock
2019-10-21,HPPL,126.67,126.0,126.67,126.0,350,stock
2019-10-22,HPPL,126.67,125.33,126.67,124.67,370,stock
2019-10-23,HPPL,125.33,130.67,130.67,125.33,1650,stock
2019-10-24,HPPL,132.0,132.0,133.33,131.33,380,stock
2019-10-31,HPPL,130.67,126.0,130.67,125.33,110,stock
2019-11-03,HPPL,124.67,124.67,126.0,124.67,330,stock
2019-11-04,HPPL,124.67,127.33,127.33,126.0,140,stock
2019-11-05,HPPL,127.33,125.33,126.67,124.67,310,stock
2019-11-06,HPPL,125.33,126.0,126.67,125.33,70,stock
2019-11-07,HPPL,126.0,124.0,126.67,124.0,3100,stock
2019-11-10,HPPL,123.33,124.0,126.0,123.33,410,stock
2019-11-11,HPPL,123.33,123.33,124.0,123.33,160,stock
2019-11-12,HPPL,123.33,124.67,124.67,123.33,290,stock
2019-11-13,HPPL,123.33,123.33,123.33,123.33,120,stock
2019-11-14,HPPL,123.33,128.67,128.67,123.33,1250,stock
2019-11-17,HPPL,127.33,126.0,127.33,126.0,30,stock
2019-11-18,HPPL,124.67,122.67,124.67,122.67,1104,stock
2019-11-19,HPPL,122.67,122.67,123.33,122.67,170,stock
2019-11-20,HPPL,122.67,122.0,124.0,122.0,500,stock
2019-11-21,HPPL,122.0,122.0,123.33,122.0,640,stock
2019-11-24,HPPL,122.0,121.33,123.33,121.33,700,stock
2019-11-25,HPPL,121.33,122.0,122.0,121.33,370,stock
2019-11-26,HPPL,121.33,122.0,122.67,121.33,600,stock
2019-11-27,HPPL,121.33,124.0,125.33,121.33,930,stock
2019-11-28,HPPL,125.33,124.0,126.67,124.0,750,stock
2019-12-01,HPPL,122.67,122.0,122.67,121.33,180,stock
2019-12-02,HPPL,120.67,121.33,122.67,120.67,700,stock
2019-12-03,HPPL,121.33,122.0,122.67,121.33,170,stock
2019-12-04,HPPL,121.33,122.0,122.0,121.33,200,stock
2019-12-05,HPPL,122.0,122.67,123.33,121.33,120,stock
2019-12-08,HPPL,121.33,122.0,122.0,121.33,120,stock
2019-12-09,HPPL,123.33,126.0,126.0,123.33,340,stock
2019-12-10,HPPL,124.67,128.67,128.67,124.0,1190,stock
2019-12-11,HPPL,130.0,131.33,131.33,127.33,280,stock
2019-12-12,HPPL,130.0,140.67,140.67,128.67,480,stock
2019-12-15,HPPL,142.67,138.67,142.67,137.33,720,stock
2019-12-16,HPPL,136.67,128.67,136.67,128.67,2359,stock
2019-12-17,HPPL,127.33,124.67,127.33,122.67,350,stock
2019-12-18,HPPL,123.33,122.67,124.67,122.67,1170,stock
2019-12-19,HPPL,122.0,122.0,123.33,122.0,690,stock
2019-12-22,HPPL,120.67,123.33,123.33,120.67,370,stock
2019-12-23,HPPL,122.0,122.67,124.0,121.33,280,stock
2019-12-24,HPPL,123.33,128.67,128.67,123.33,3300,stock
2019-12-25,HPPL,127.33,130.0,130.0,124.0,1640,stock
2019-12-26,HPPL,129.33,125.33,129.33,125.33,460,stock
2019-12-29,HPPL,126.0,126.0,126.67,125.33,990,stock
2019-12-30,HPPL,126.0,124.67,126.67,124.67,1742,stock
2019-12-31,HPPL,125.33,124.67,125.33,124.67,250,stock
2020-01-01,HPPL,124.67,129.33,129.33,124.67,2280,stock
2020-01-02,HPPL,129.33,129.33,132.0,128.0,1520,stock
2020-01-05,HPPL,128.0,130.67,131.33,128.0,3650,stock
2020-01-06,HPPL,129.33,130.67,132.67,128.67,2420,stock
2020-01-07,HPPL,130.67,132.67,134.0,130.67,5649,stock
2020-01-08,HPPL,131.33,133.33,133.33,130.0,1810,stock
2020-01-09,HPPL,131.33,130.67,131.33,130.0,675,stock
2020-01-12,HPPL,130.67,132.67,135.33,130.67,1737,stock
2020-01-13,HPPL,136.0,140.0,142.0,134.0,11278,stock
2020-01-14,HPPL,138.0,138.0,138.0,130.67,930,stock
2020-01-15,HPPL,140.0,138.0,140.0,132.67,491,stock
2020-01-16,HPPL,136.0,136.0,140.0,135.33,710,stock
2020-01-19,HPPL,138.0,146.67,146.67,134.67,7258,stock
2020-01-20,HPPL,146.67,136.0,146.67,135.33,2200,stock
2020-01-21,HPPL,134.0,136.67,138.67,134.0,540,stock
2020-01-22,HPPL,134.67,136.67,138.67,134.67,1139,stock
2020-01-23,HPPL,136.0,132.67,137.33,132.67,2890,stock
2020-01-26,HPPL,132.0,128.67,132.67,128.67,1249,stock
2020-01-27,HPPL,128.0,128.67,131.33,128.0,375,stock
2020-01-28,HPPL,128.67,132.67,132.67,128.67,750,stock
2020-01-29,HPPL,131.33,129.33,131.33,129.33,340,stock
2020-01-30,HPPL,128.0,133.33,133.33,128.0,858,stock
2020-02-02,HPPL,131.33,131.33,135.33,130.0,2760,stock
2020-02-03,HPPL,131.33,134.67,140.0,130.67,2004,stock
2020-02-04,HPPL,136.67,136.0,140.0,131.33,948,stock
2020-02-05,HPPL,134.0,132.0,138.0,131.33,1940,stock
2020-02-06,HPPL,131.33,136.0,136.0,131.33,1276,stock
2020-02-09,HPPL,134.0,132.0,134.0,131.33,660,stock
2020-02-10,HPPL,133.33,132.0,133.33,130.0,3308,stock
2020-02-11,HPPL,131.33,132.67,133.33,130.67,1329,stock
2020-02-12,HPPL,132.67,131.33,132.67,131.33,990,stock
2020-02-13,HPPL,130.0,130.67,132.67,130.0,620,stock
2020-02-16,HPPL,132.0,130.67,133.33,130.0,1200,stock
2020-02-17,HPPL,130.67,138.0,138.0,130.67,1844,stock
2020-02-18,HPPL,139.33,134.67,142.0,134.67,1100,stock
2020-02-19,HPPL,134.0,135.33,138.67,134.0,2501,stock
2020-02-20,HPPL,135.33,139.33,140.0,135.33,18980,stock
2020-02-23,HPPL,141.33,147.33,147.33,140.0,1605,stock
2020-02-24,HPPL,147.33,144.67,145.33,137.33,480,stock
2020-02-25,HPPL,144.67,146.0,146.67,136.67,2090,stock
2020-02-26,HPPL,151.33,143.33,151.33,140.67,2555,stock
2020-02-27,HPPL,141.33,141.33,141.33,138.0,2140,stock
2020-03-01,HPPL,141.33,139.33,143.33,139.33,4050,stock
2020-03-02,HPPL,137.33,133.33,137.33,133.33,1802,stock
2020-03-04,HPPL,132.0,131.33,133.33,130.0,1390,stock
2020-03-05,HPPL,130.0,130.0,131.33,128.0,1080,stock
2020-03-10,HPPL,128.67,124.67,128.67,124.67,1460,stock
2020-03-11,HPPL,123.33,128.67,128.67,123.33,2790,stock
2020-03-12,HPPL,127.33,128.67,128.67,126.67,1700,stock
2020-03-15,HPPL,127.33,126.67,128.67,126.67,3008,stock
2020-03-16,HPPL,126.67,128.0,129.33,125.33,2524,stock
2020-03-17,HPPL,128.0,123.33,128.0,123.33,2480,stock
2020-03-18,HPPL,122.0,124.67,126.0,122.0,522,stock
2020-03-19,HPPL,123.33,124.0,125.33,122.0,360,stock
2020-05-12,HPPL,122.67,121.33,122.67,121.33,40,stock
2020-05-13,HPPL,120.0,119.33,120.0,119.33,265,stock
2020-06-29,HPPL,118.0,120.67,120.67,113.33,1757,stock
2020-07-01,HPPL,123.33,124.67,124.67,123.33,70,stock
2020-07-06,HPPL,121.33,122.0,124.0,121.33,1704,stock
2020-07-07,HPPL,122.0,126.0,126.67,122.0,8457,stock
2020-07-08,HPPL,124.67,123.33,124.67,120.67,3198,stock
2020-07-09,HPPL,122.0,123.33,123.33,122.0,2169,stock
2020-07-12,HPPL,122.0,121.33,124.67,119.33,2872,stock
2020-07-13,HPPL,120.0,125.33,125.33,120.0,1498,stock
2020-07-14,HPPL,124.0,122.0,124.0,120.67,3134,stock
2020-07-15,HPPL,122.0,121.33,122.67,120.67,2087,stock
2020-07-16,HPPL,120.0,121.33,124.0,120.0,2718,stock
2020-07-19,HPPL,122.67,122.67,122.67,122.67,20,stock
2020-07-20,HPPL,126.67,124.0,126.67,124.0,151,stock
2020-07-21,HPPL,122.67,121.33,125.33,120.0,3137,stock
2020-07-22,HPPL,121.33,120.67,122.67,120.67,2123,stock
2020-07-23,HPPL,119.33,122.0,122.0,119.33,1204,stock
2020-07-27,HPPL,120.0,121.33,124.0,120.0,6389,stock
2020-07-28,HPPL,122.67,126.0,130.0,121.33,4121,stock
2020-07-29,HPPL,126.0,124.67,127.33,122.67,1949,stock
2020-07-30,HPPL,123.33,131.33,131.33,123.33,5116,stock
2020-08-02,HPPL,130.0,127.33,130.0,124.0,954,stock
2020-08-03,HPPL,126.0,123.33,128.67,122.67,2251,stock
2020-08-05,HPPL,122.0,124.67,124.67,120.0,4004,stock
2020-08-06,HPPL,123.33,127.33,127.33,122.0,1299,stock
2020-08-09,HPPL,126.0,124.0,126.0,122.0,3267,stock
2020-08-10,HPPL,122.67,122.67,125.33,122.67,3918,stock
2020-08-11,HPPL,121.33,123.33,124.0,121.33,1790,stock
2020-08-12,HPPL,122.0,122.67,126.0,122.0,954,stock
2020-08-13,HPPL,121.33,122.67,123.33,121.33,2015,stock
2020-08-16,HPPL,123.33,123.33,124.67,122.67,2414,stock
2020-08-17,HPPL,122.0,122.0,124.0,122.0,3535,stock
2020-08-18,HPPL,121.33,122.67,123.33,121.33,3154,stock
2020-08-19,HPPL,121.33,122.0,122.67,121.33,577,stock
2020-08-20,HPPL,121.33,122.0,122.0,121.33,695,stock
2020-08-23,HPPL,122.0,123.33,123.33,122.0,1410,stock
2020-08-24,HPPL,123.33,124.67,125.33,123.33,7553,stock
2020-08-25,HPPL,124.67,125.33,127.33,124.0,5750,stock
2020-08-27,HPPL,126.0,129.33,132.0,126.0,15108,stock
2020-08-31,HPPL,138.0,140.67,144.67,136.67,10881,stock
2020-09-02,HPPL,142.67,151.33,151.33,142.67,18348,stock
2020-09-03,HPPL,153.33,144.0,157.33,142.0,14286,stock
2020-09-06,HPPL,146.0,146.67,152.0,144.0,12974,stock
2020-09-07,HPPL,144.67,140.0,144.67,138.67,7372,stock
2020-09-08,HPPL,138.0,139.33,142.67,135.33,4585,stock
2020-09-09,HPPL,140.0,142.0,146.0,138.67,5888,stock
2020-09-10,HPPL,142.0,142.67,144.0,141.33,3627,stock
2020-09-13,HPPL,143.33,150.0,150.0,140.0,10425,stock
2020-09-14,HPPL,150.0,148.67,151.33,146.67,11519,stock
2020-09-15,HPPL,150.67,154.67,154.67,144.67,16273,stock
2020-09-16,HPPL,152.67,163.33,166.0,144.67,13111,stock
2020-09-17,HPPL,165.33,168.0,169.33,156.67,28950,stock
2020-09-20,HPPL,165.33,158.0,165.33,155.33,12782,stock
2020-09-21,HPPL,152.0,160.67,161.33,152.0,11751,stock
2020-09-22,HPPL,158.67,156.67,162.0,156.67,11983,stock
2020-09-23,HPPL,156.0,166.0,166.0,152.67,28409,stock
2020-09-24,HPPL,164.0,170.0,170.67,158.67,41573,stock
2020-09-27,HPPL,170.0,165.33,172.67,162.67,28291,stock
2020-09-28,HPPL,167.33,168.67,169.33,160.67,14554,stock
2020-09-29,HPPL,162.0,170.0,170.67,162.0,48882,stock
2020-09-30,HPPL,167.33,168.67,174.0,167.33,15163,stock
2020-10-01,HPPL,166.67,163.33,166.67,163.33,13037,stock
2020-10-04,HPPL,161.33,166.0,168.67,160.0,16385,stock
2020-10-05,HPPL,164.0,168.0,172.0,162.67,16595,stock
2020-10-06,HPPL,170.0,175.33,176.67,163.33,66370,stock
2020-10-07,HPPL,169.33,188.0,189.33,169.33,71002,stock
2020-10-08,HPPL,185.33,179.33,188.0,178.0,39991,stock
2020-10-11,HPPL,176.67,180.0,184.67,174.0,30161,stock
2020-10-12,HPPL,177.33,176.0,180.0,175.33,16457,stock
2020-10-13,HPPL,173.33,173.33,181.33,171.33,22007,stock
2020-10-14,HPPL,173.33,170.0,178.0,169.33,19067,stock
2020-10-15,HPPL,172.67,168.67,175.33,168.0,8900,stock
2020-10-18,HPPL,166.67,170.0,170.0,166.0,8495,stock
2020-10-19,HPPL,167.33,175.33,178.0,164.67,5166,stock
2020-10-20,HPPL,173.33,178.67,180.67,172.0,16809,stock
2020-10-21,HPPL,176.0,176.67,180.67,174.67,10224,stock
2020-10-22,HPPL,174.67,177.33,178.67,174.67,7024,stock
2020-10-28,HPPL,174.67,176.0,177.33,174.67,2236,stock
2020-10-29,HPPL,174.67,176.67,178.67,174.67,14024,stock
2020-11-01,HPPL,175.33,177.33,179.33,175.33,12787,stock
2020-11-02,HPPL,180.0,175.33,180.0,173.33,12894,stock
2020-11-03,HPPL,174.67,176.0,176.67,172.67,11590,stock
2020-11-04,HPPL,173.33,176.67,176.67,173.33,4501,stock
2020-11-05,HPPL,174.0,182.0,182.67,174.0,33977,stock
2020-11-08,HPPL,184.67,189.33,189.33,182.0,23745,stock
2020-11-09,HPPL,186.67,183.33,192.67,183.33,17977,stock
2020-11-10,HPPL,183.33,186.67,187.33,182.0,6367,stock
2020-11-11,HPPL,186.67,183.33,188.67,182.67,10744,stock
2020-11-12,HPPL,182.0,182.0,185.33,181.33,6840,stock
2020-11-18,HPPL,181.33,180.0,184.0,173.33,10244,stock
2020-11-19,HPPL,187.33,184.67,187.33,176.0,24578,stock
2020-11-22,HPPL,177.33,178.67,188.0,177.33,14965,stock
2020-11-23,HPPL,176.67,184.67,186.67,176.67,17554,stock
2020-11-24,HPPL,182.0,192.0,192.67,179.33,34481,stock
2020-11-25,HPPL,194.67,188.67,194.67,183.33,17030,stock
2020-11-26,HPPL,200.0,187.33,200.0,184.67,21647,stock
2020-11-29,HPPL,187.33,191.33,193.33,183.33,21049,stock
2020-11-30,HPPL,198.67,193.33,198.67,186.0,24119,stock
2020-12-01,HPPL,196.0,197.33,198.67,188.67,34754,stock
2020-12-02,HPPL,205.33,200.67,205.33,190.67,15149,stock
2020-12-03,HPPL,208.67,195.33,208.67,194.0,15423,stock
2020-12-06,HPPL,192.67,188.67,196.0,186.67,16866,stock
2020-12-07,HPPL,186.0,196.67,197.33,186.0,13487,stock
2020-12-08,HPPL,194.0,198.67,205.33,191.33,30201,stock
2020-12-09,HPPL,196.0,192.67,200.67,190.67,20601,stock
2020-12-10,HPPL,190.0,194.0,198.0,188.0,9391,stock
2020-12-13,HPPL,194.0,194.0,196.67,183.33,7902,stock
2020-12-14,HPPL,194.0,194.67,199.33,192.0,18856,stock
2020-12-15,HPPL,193.33,191.33,194.67,188.0,14229,stock
2020-12-16,HPPL,188.67,188.0,191.33,188.0,7076,stock
2020-12-17,HPPL,186.0,186.67,190.67,184.0,12674,stock
2020-12-20,HPPL,184.0,179.33,184.67,179.33,14996,stock
2020-12-21,HPPL,176.0,179.33,182.67,170.67,8135,stock
2020-12-22,HPPL,182.0,191.33,191.33,181.33,7872,stock
2020-12-23,HPPL,198.67,190.0,198.67,180.0,6120,stock
2020-12-24,HPPL,190.0,184.67,190.0,184.0,6260,stock
2020-12-27,HPPL,182.0,181.33,187.33,180.67,8129,stock
2020-12-28,HPPL,179.33,181.33,184.0,179.33,9984,stock
2020-12-29,HPPL,178.67,185.33,185.33,178.67,11247,stock
2020-12-30,HPPL,182.67,182.0,182.67,180.0,2474,stock
2020-12-31,HPPL,179.33,180.67,183.33,178.67,4817,stock
2021-01-03,HPPL,180.0,182.67,182.67,179.33,10432,stock
2021-01-04,HPPL,180.0,181.33,188.0,179.33,6210,stock
2021-01-05,HPPL,181.33,186.0,188.67,180.0,4286,stock
2021-01-06,HPPL,186.0,182.67,188.67,180.67,5542,stock
2021-01-07,HPPL,180.0,182.0,185.33,180.0,4400,stock
2021-01-10,HPPL,180.67,183.33,184.0,180.67,4395,stock
2021-01-11,HPPL,181.33,182.67,188.67,181.33,12219,stock
2021-01-12,HPPL,181.33,184.0,185.33,181.33,5387,stock
2021-01-13,HPPL,183.33,186.0,186.67,183.33,13236,stock
2021-01-17,HPPL,183.33,187.33,187.33,183.33,5121,stock
2021-01-18,HPPL,190.0,186.67,190.0,183.33,7747,stock
2021-01-19,HPPL,184.0,187.33,193.33,184.0,3325,stock
2021-01-20,HPPL,190.0,186.67,190.0,184.0,6337,stock
2021-01-21,HPPL,184.0,193.33,196.0,184.0,13504,stock
2021-01-24,HPPL,196.0,204.0,204.67,196.0,47881,stock
2021-01-25,HPPL,204.0,220.0,220.0,202.0,20265,stock
2021-01-26,HPPL,223.33,231.33,238.67,213.33,50777,stock
2021-01-27,HPPL,228.0,224.0,234.67,221.33,32539,stock
2021-01-28,HPPL,220.67,212.0,220.67,207.33,24933,stock
2021-01-31,HPPL,208.67,206.67,215.33,205.33,18686,stock
2021-02-01,HPPL,206.67,211.33,213.33,206.67,12280,stock
2021-02-02,HPPL,209.33,222.0,227.33,209.33,14134,stock
2021-02-03,HPPL,220.67,224.67,230.67,220.67,47216,stock
2021-02-04,HPPL,222.0,236.0,240.67,222.0,58322,stock
2021-02-07,HPPL,240.0,256.0,256.0,236.0,61785,stock
2021-02-08,HPPL,260.0,262.0,267.33,251.33,52002,stock
2021-02-09,HPPL,265.33,257.33,265.33,249.33,20501,stock
2021-02-10,HPPL,262.67,278.67,278.67,256.0,39736,stock
2021-02-11,HPPL,274.0,266.67,275.33,265.33,32192,stock
2021-02-14,HPPL,263.33,256.67,266.67,254.0,15370,stock
2021-02-15,HPPL,259.33,257.33,268.0,255.33,14289,stock
2021-02-16,HPPL,257.33,253.33,263.33,253.33,15685,stock
2021-02-17,HPPL,250.0,250.0,253.33,247.33,8777,stock
2021-02-18,HPPL,253.33,268.0,271.33,245.33,15246,stock
2021-02-21,HPPL,266.67,262.67,269.33,254.67,24917,stock
2021-02-22,HPPL,259.33,262.67,269.33,258.0,21395,stock
2021-02-23,HPPL,262.0,284.67,285.33,255.33,62754,stock
2021-02-24,HPPL,284.67,279.33,294.67,274.0,25361,stock
2021-02-25,HPPL,280.0,270.67,280.0,270.67,15218,stock
2021-02-28,HPPL,270.67,260.0,270.67,258.0,22637,stock
2021-03-01,HPPL,260.0,273.33,280.67,252.67,27432,stock
2021-03-02,HPPL,273.33,294.67,297.33,266.67,150852,stock
2021-03-03,HPPL,290.0,316.0,316.67,276.67,67254,stock
2021-03-04,HPPL,302.0,343.33,343.33,302.0,231620,stock
2021-03-08,HPPL,349.33,355.33,361.33,327.33,95640,stock
2021-03-09,HPPL,371.33,358.67,371.33,334.67,49256,stock
2021-03-10,HPPL,356.67,364.67,370.67,329.33,79910,stock
2021-03-14,HPPL,358.67,332.0,358.67,332.0,88300,stock
2021-03-15,HPPL,326.67,313.33,327.33,309.33,90449,stock
2021-03-16,HPPL,314.0,302.67,318.67,299.33,34951,stock
2021-03-17,HPPL,308.0,304.67,308.0,296.67,18510,stock
2021-03-18,HPPL,299.33,308.67,312.67,298.0,27747,stock
2021-03-21,HPPL,310.0,319.33,319.33,296.0,31050,stock
2021-03-22,HPPL,314.0,310.0,315.33,307.33,14315,stock
2021-03-23,HPPL,323.33,301.33,323.33,300.67,34961,stock
2021-03-24,HPPL,301.33,306.67,311.33,301.33,24003,stock
2021-03-25,HPPL,313.33,298.67,313.33,298.67,26652,stock
2021-03-29,HPPL,296.67,293.33,303.33,293.33,18622,stock
2021-03-30,HPPL,298.0,296.67,300.0,293.33,16988,stock
2021-03-31,HPPL,309.33,295.33,309.33,293.33,15132,stock
2021-04-01,HPPL,292.0,294.0,296.0,290.67,34659,stock
2021-04-04,HPPL,298.67,298.67,301.33,293.33,20607,stock
2021-04-05,HPPL,298.67,297.33,298.67,293.33,16329,stock
2021-04-06,HPPL,294.0,313.33,313.33,294.0,53149,stock
2021-04-07,HPPL,316.67,302.0,322.0,300.0,22761,stock
2021-04-08,HPPL,315.33,301.33,315.33,298.67,17168,stock
2021-04-12,HPPL,296.67,300.0,303.33,296.0,7316,stock
2021-04-13,HPPL,294.67,298.67,300.67,294.67,9362,stock
2021-04-15,HPPL,294.0,296.67,305.33,290.67,21794,stock
2021-04-18,HPPL,300.0,300.67,308.67,298.67,44155,stock
2021-04-19,HPPL,308.67,299.33,308.67,292.67,46734,stock
2021-04-20,HPPL,294.67,320.0,324.67,294.67,132236,stock
2021-04-21,HPPL,326.67,308.0,326.67,308.0,33301,stock
2021-04-22,HPPL,305.33,308.0,313.33,304.67,18205,stock
2021-04-25,HPPL,308.0,294.0,308.0,292.67,25740,stock
2021-04-26,HPPL,289.33,284.0,303.33,284.0,37263,stock
2021-04-27,HPPL,284.0,296.67,300.67,284.0,36286,stock
2021-04-28,HPPL,296.67,289.33,300.0,280.0,95361,stock
2021-04-29,HPPL,294.0,308.0,311.33,280.0,434319,stock
2021-05-02,HPPL,308.0,316.67,322.67,308.0,229003,stock
2021-05-03,HPPL,316.67,307.33,318.0,304.0,135705,stock
2021-05-04,HPPL,294.0,307.33,312.67,294.0,143985,stock
2021-05-05,HPPL,306.67,308.0,314.67,305.33,183976,stock
2021-05-06,HPPL,312.67,307.33,314.0,304.67,129263,stock
2021-05-09,HPPL,320.67,305.33,320.67,302.67,124919,stock
2021-05-10,HPPL,303.33,305.33,306.67,296.67,169632,stock
2021-05-11,HPPL,306.67,306.0,308.67,301.33,84330,stock
2021-05-12,HPPL,308.0,325.33,328.67,303.33,245868,stock
2021-05-13,HPPL,339.33,322.0,339.33,320.67,193508,stock
2021-05-16,HPPL,324.67,315.33,326.0,311.33,180524,stock
2021-05-17,HPPL,329.33,323.33,329.33,314.67,117756,stock
2021-05-18,HPPL,328.0,329.33,332.0,321.33,162956,stock
2021-05-19,HPPL,330.67,318.0,333.33,314.67,128927,stock
2021-05-20,HPPL,317.33,315.33,320.0,312.0,65531,stock
2021-05-23,HPPL,310.0,317.33,325.33,305.33,75793,stock
2021-05-24,HPPL,331.33,324.0,331.33,317.33,161572,stock
2021-05-25,HPPL,323.33,324.0,328.0,318.67,63595,stock
2021-05-27,HPPL,329.33,337.33,350.0,316.67,223442,stock
2021-05-30,HPPL,352.0,326.0,352.0,322.0,164280,stock
2021-05-31,HPPL,331.33,310.67,331.33,309.33,115695,stock
2021-06-01,HPPL,310.67,312.0,316.0,304.67,53377,stock
2021-06-02,HPPL,312.0,321.33,323.33,306.67,48746,stock
2021-06-03,HPPL,322.0,310.67,325.33,309.33,58732,stock
2021-06-06,HPPL,310.0,308.67,314.0,308.0,59100,stock
2021-06-07,HPPL,306.67,315.33,317.33,306.67,41356,stock
2021-06-08,HPPL,329.33,316.67,329.33,314.0,72838,stock
2021-06-09,HPPL,313.33,310.67,318.67,309.33,59698,stock
2021-06-10,HPPL,297.33,320.67,324.67,297.33,95449,stock
2021-06-13,HPPL,320.67,349.33,349.33,316.67,405165,stock
2021-06-14,HPPL,364.67,375.33,376.67,354.0,379005,stock
2021-06-15,HPPL,380.0,370.0,396.67,368.67,231291,stock
2021-06-16,HPPL,353.33,339.33,371.33,336.67,197036,stock
2021-06-17,HPPL,337.33,331.33,343.33,324.0,122632,stock
2021-06-20,HPPL,336.67,314.67,336.67,310.0,125189,stock
2021-06-21,HPPL,314.67,295.33,321.33,295.33,70842,stock
2021-06-22,HPPL,300.0,321.33,321.33,296.67,95938,stock
2021-06-23,HPPL,321.33,308.0,326.67,302.0,71320,stock
2021-06-24,HPPL,310.0,305.33,319.33,302.67,45985,stock
2021-06-27,HPPL,306.67,308.67,320.0,306.67,30218,stock
2021-06-28,HPPL,314.0,308.0,319.33,306.67,32821,stock
2021-06-29,HPPL,302.67,300.0,310.0,300.0,22120,stock
2021-06-30,HPPL,294.67,304.67,312.0,294.67,30981,stock
2021-07-01,HPPL,303.33,306.67,313.33,303.33,23774,stock
2021-07-04,HPPL,306.67,304.67,312.0,302.0,12640,stock
2021-07-05,HPPL,304.67,302.67,306.0,302.0,9621,stock
2021-07-06,HPPL,313.33,300.0,313.33,299.33,23179,stock
2021-07-07,HPPL,305.33,295.33,305.33,295.33,16939,stock
2021-07-08,HPPL,296.67,295.33,301.33,293.33,16833,stock
2021-07-11,HPPL,300.0,311.33,311.33,297.33,34054,stock
2021-07-12,HPPL,312.67,301.33,314.67,298.0,47017,stock
2021-07-13,HPPL,298.67,313.33,313.33,298.67,28826,stock
2021-07-14,HPPL,314.0,336.0,341.33,302.67,140773,stock
2021-07-15,HPPL,333.33,332.67,349.33,330.0,104279,stock
2021-07-18,HPPL,338.0,362.6,362.6,333.33,208970,stock
2021-07-19,HPPL,369.13,379.33,393.33,367.33,303405,stock
2021-07-20,HPPL,379.33,393.33,396.67,376.67,164582,stock
2021-07-22,HPPL,399.93,378.67,399.93,376.73,103251,stock
2021-07-25,HPPL,383.33,396.67,400.0,378.73,216565,stock
2021-07-26,HPPL,396.67,420.93,420.93,393.33,183305,stock
2021-07-27,HPPL,417.33,432.0,459.33,412.67,217935,stock
2021-07-28,HPPL,439.33,441.33,462.67,426.0,148418,stock
2021-07-29,HPPL,449.47,449.53,466.0,418.0,129919,stock
2021-08-01,HPPL,450.0,448.6,450.67,432.0,175195,stock
2021-08-02,HPPL,452.67,428.67,468.0,428.67,83744,stock
2021-08-03,HPPL,433.33,430.67,446.67,421.0,51410,stock
2021-08-04,HPPL,436.67,453.33,461.33,432.0,161613,stock
2021-08-05,HPPL,453.33,439.33,454.0,428.0,129174,stock
2021-08-08,HPPL,431.33,452.0,460.0,430.0,143417,stock
2021-08-09,HPPL,460.0,493.87,493.87,450.0,315382,stock
2021-08-10,HPPL,502.0,503.33,526.33,482.67,156404,stock
2021-08-11,HPPL,503.33,507.33,528.47,485.4,90313,stock
2021-08-12,HPPL,507.33,516.67,516.67,483.33,116551,stock
2021-08-15,HPPL,507.0,500.0,507.0,468.33,192987,stock
2021-08-16,HPPL,506.67,487.33,506.67,481.33,63709,stock
2021-08-17,HPPL,495.33,503.33,532.73,486.0,328848,stock
2021-08-18,HPPL,494.0,517.33,520.0,494.0,250972,stock
2021-08-19,HPPL,523.33,487.33,523.33,486.67,83529,stock
2021-08-24,HPPL,478.27,442.0,478.67,441.93,129228,stock
2021-08-25,HPPL,433.87,419.33,433.87,412.0,95637,stock
2021-08-26,HPPL,416.67,440.0,447.93,416.67,67328,stock
2021-08-29,HPPL,436.67,421.93,444.67,416.87,78682,stock
2021-08-31,HPPL,415.33,402.67,421.33,388.0,87939,stock
2021-09-01,HPPL,406.67,415.33,435.2,395.4,63827,stock
2021-09-02,HPPL,415.33,400.0,422.67,396.67,41062,stock
2021-09-05,HPPL,392.67,366.67,396.67,363.33,54102,stock
2021-09-06,HPPL,360.0,400.0,400.0,360.0,54002,stock
2021-09-07,HPPL,406.67,392.0,406.67,383.4,61098,stock
2021-09-08,HPPL,384.87,388.0,401.6,377.87,25670,stock
2021-09-09,HPPL,393.33,423.47,423.47,386.0,344427,stock
2021-09-12,HPPL,431.27,462.4,462.47,431.27,218226,stock
2021-09-13,HPPL,470.93,456.0,470.93,440.0,188417,stock
2021-09-14,HPPL,450.0,454.67,463.33,445.33,67791,stock
2021-09-15,HPPL,463.07,453.33,463.07,434.67,73260,stock
2021-09-16,HPPL,446.67,435.87,446.67,419.47,114717,stock
2021-09-20,HPPL,443.87,395.67,443.87,395.67,76626,stock
2021-09-21,HPPL,388.47,386.8,423.33,360.0,84403,stock
2021-09-22,HPPL,393.87,413.33,413.33,387.4,46079,stock
2021-09-23,HPPL,420.0,394.0,420.0,391.4,36824,stock
2021-09-26,HPPL,401.2,379.33,401.2,372.2,44334,stock
2021-09-27,HPPL,386.0,357.47,393.0,356.67,55063,stock
2021-09-28,HPPL,352.0,325.07,366.2,325.07,102099,stock
2021-09-29,HPPL,325.33,346.13,349.13,302.8,37524,stock
2021-09-30,HPPL,340.0,326.67,349.27,325.4,43092,stock
2021-10-03,HPPL,328.0,304.47,332.53,304.47,35302,stock
2021-10-04,HPPL,309.33,294.67,309.33,290.0,32313,stock
2021-10-05,HPPL,294.67,320.8,320.8,293.33,30523,stock
2021-10-06,HPPL,316.67,326.67,328.67,315.33,22614,stock
2021-10-10,HPPL,332.0,313.33,337.93,313.33,39170,stock
2021-10-11,HPPL,310.67,310.67,311.33,303.33,16064,stock
2021-10-17,HPPL,316.0,319.2,319.33,306.0,7942,stock
2021-10-18,HPPL,313.53,300.0,318.93,296.67,62437,stock
2021-10-19,HPPL,295.33,286.67,300.0,280.67,23681,stock
2021-10-20,HPPL,281.67,303.33,306.0,281.67,19071,stock
2021-10-21,HPPL,308.73,294.0,314.0,293.33,17519,stock
2021-10-24,HPPL,294.0,304.0,309.33,294.0,15638,stock
2021-10-25,HPPL,309.33,331.07,331.07,306.73,36073,stock
2021-10-26,HPPL,337.0,359.33,360.8,336.67,59686,stock
2021-10-27,HPPL,354.0,350.67,386.2,342.0,53026,stock
2021-10-28,HPPL,350.67,380.0,380.0,350.67,75830,stock
2021-10-31,HPPL,382.0,405.93,409.4,375.33,41932,stock
2021-11-01,HPPL,406.67,385.33,413.33,384.0,87276,stock
2021-11-02,HPPL,378.67,390.0,396.67,374.67,36486,stock
2021-11-03,HPPL,397.13,383.33,397.13,380.0,37753,stock
2021-11-08,HPPL,390.0,377.33,390.0,373.07,11112,stock
2021-11-09,HPPL,371.4,357.33,379.87,348.4,51243,stock
2021-11-11,HPPL,351.33,344.0,353.33,340.0,36058,stock
2021-11-14,HPPL,338.0,350.07,358.67,335.33,20000,stock
2021-11-15,HPPL,356.0,356.67,368.87,356.0,32122,stock
2021-11-16,HPPL,357.33,370.0,373.33,357.33,17666,stock
2021-11-17,HPPL,376.73,376.0,386.6,373.33,30591,stock
2021-11-18,HPPL,370.0,360.67,383.33,360.33,20831,stock
2021-11-21,HPPL,360.0,366.0,373.33,360.0,18753,stock
2021-11-22,HPPL,365.33,361.33,368.67,360.67,11961,stock
2021-11-23,HPPL,360.0,354.0,367.87,347.27,24901,stock
2021-11-24,HPPL,348.67,360.0,366.0,344.73,14875,stock
2021-11-25,HPPL,360.0,356.07,366.6,356.0,11000,stock
2021-11-28,HPPL,350.0,328.67,353.33,323.8,52120,stock
2021-11-29,HPPL,328.67,338.67,344.67,328.67,23624,stock
2021-11-30,HPPL,344.67,336.67,344.67,327.47,15457,stock
2021-12-01,HPPL,342.67,336.6,342.67,330.67,17884,stock
2021-12-02,HPPL,340.67,323.33,340.67,316.93,22117,stock
2021-12-05,HPPL,322.67,314.27,328.67,307.0,19426,stock
2021-12-06,HPPL,318.67,326.67,335.2,301.33,29408,stock
2021-12-07,HPPL,332.0,309.33,334.67,308.0,35135,stock
2021-12-08,HPPL,304.73,300.0,314.67,300.0,20879,stock
2021-12-09,HPPL,300.0,305.33,310.0,296.67,9149,stock
2021-12-12,HPPL,302.67,296.67,302.67,296.0,15845,stock
2021-12-13,HPPL,291.4,289.2,298.67,276.67,33197,stock
2021-12-14,HPPL,294.0,313.33,313.33,294.0,12895,stock
2021-12-15,HPPL,318.67,306.67,330.0,302.0,37826,stock
2021-12-16,HPPL,306.67,287.33,311.33,287.33,19435,stock
2021-12-20,HPPL,283.33,286.67,302.67,283.33,12584,stock
2021-12-21,HPPL,291.73,297.0,297.33,288.0,11960,stock
2021-12-22,HPPL,297.0,317.33,317.47,294.67,35255,stock
2021-12-23,HPPL,320.0,313.33,320.6,303.33,50197,stock
2021-12-26,HPPL,318.67,317.6,324.0,307.47,39447,stock
2021-12-27,HPPL,313.33,310.8,334.0,310.73,59861,stock
2021-12-28,HPPL,313.33,315.33,318.67,305.33,12964,stock
2021-12-29,HPPL,320.0,310.87,320.0,309.73,14175,stock
2022-01-02,HPPL,316.4,314.87,317.33,312.67,15483,stock
2022-01-03,HPPL,318.0,316.0,322.0,314.67,26596,stock
2022-01-04,HPPL,320.0,326.67,326.67,316.0,42762,stock
2022-01-05,HPPL,332.53,333.33,350.73,326.67,71677,stock
2022-01-06,HPPL,328.0,347.27,352.2,327.33,35142,stock
2022-01-09,HPPL,346.67,354.67,370.6,343.33,61705,stock
2022-01-10,HPPL,355.47,362.67,366.0,354.13,50354,stock
2022-01-11,HPPL,369.2,376.67,382.0,356.0,58024,stock
2022-01-12,HPPL,376.0,376.67,385.33,364.0,112637,stock
2022-01-13,HPPL,370.0,383.33,386.67,368.67,53270,stock
2022-01-16,HPPL,383.33,388.67,393.33,383.4,46613,stock
2022-01-17,HPPL,395.73,389.93,395.73,376.67,24419,stock
2022-01-18,HPPL,386.67,376.0,390.67,367.87,34133,stock
2022-01-19,HPPL,382.67,369.33,382.67,368.0,21094,stock
2022-01-20,HPPL,362.73,375.67,376.0,362.73,33376,stock
2022-01-23,HPPL,376.67,372.0,389.4,366.73,24308,stock
2022-01-24,HPPL,367.33,356.67,371.93,354.13,70165,stock
2022-01-25,HPPL,350.67,350.67,363.13,350.67,28939,stock
2022-01-26,HPPL,354.67,340.67,354.67,337.33,22474,stock
2022-01-27,HPPL,337.33,346.67,352.67,337.33,31319,stock
2022-01-30,HPPL,352.93,371.33,372.0,352.93,23068,stock
2022-01-31,HPPL,372.0,368.0,372.0,360.67,25171,stock
2022-02-01,HPPL,366.67,380.0,384.67,360.67,75030,stock
2022-02-03,HPPL,386.67,378.07,393.33,378.0,82449,stock
2022-02-06,HPPL,373.33,372.67,379.33,367.33,24220,stock
2022-02-07,HPPL,366.67,374.0,378.0,366.0,13864,stock
2022-02-08,HPPL,376.67,364.13,390.0,364.0,20501,stock
2022-02-09,HPPL,358.67,366.0,366.67,358.67,6497,stock
2022-02-10,HPPL,360.0,360.67,366.67,360.0,9713,stock
2022-02-13,HPPL,354.13,346.0,354.13,340.13,11940,stock
2022-02-14,HPPL,351.33,343.33,353.33,343.33,9352,stock
2022-02-15,HPPL,345.33,357.33,358.67,345.33,8608,stock
2022-02-16,HPPL,358.0,350.0,360.4,346.93,10890,stock
2022-02-17,HPPL,356.33,352.67,359.33,342.67,9508,stock
2022-02-20,HPPL,346.33,345.33,360.4,340.13,12325,stock
2022-02-21,HPPL,351.53,358.0,360.0,346.0,11709,stock
2022-02-22,HPPL,363.67,357.33,364.6,356.67,14856,stock
2022-02-23,HPPL,360.0,360.0,366.6,357.33,12620,stock
2022-02-24,HPPL,354.0,348.0,354.0,343.33,12727,stock
2022-02-27,HPPL,348.0,356.0,359.33,346.0,13109,stock
2022-02-28,HPPL,362.07,345.93,368.0,342.0,25112,stock
2022-03-02,HPPL,345.33,333.27,345.33,330.0,18214,stock
2022-03-06,HPPL,334.0,333.07,340.0,333.0,10761,stock
2022-03-07,HPPL,338.67,326.67,338.67,325.47,9941,stock
2022-03-09,HPPL,325.33,315.93,326.67,312.67,14105,stock
2022-03-10,HPPL,316.67,339.33,339.33,314.07,12382,stock
2022-03-13,HPPL,340.0,345.67,348.67,338.67,11378,stock
2022-03-14,HPPL,342.0,342.0,346.0,335.33,3177,stock
2022-03-15,HPPL,340.67,341.33,342.67,330.73,6068,stock
2022-03-16,HPPL,347.33,333.33,347.33,332.07,11491,stock
2022-03-20,HPPL,336.67,333.33,339.33,330.67,5420,stock
2022-03-21,HPPL,330.0,343.33,349.33,330.0,14960,stock
2022-03-22,HPPL,346.67,344.67,350.67,344.67,20813,stock
2022-03-23,HPPL,340.0,338.0,346.0,336.67,3472,stock
2022-03-24,HPPL,333.33,332.0,339.33,331.33,7600,stock
2022-03-27,HPPL,328.67,321.33,337.33,321.33,13186,stock
2022-03-28,HPPL,316.67,315.33,326.6,315.33,9138,stock
2022-03-29,HPPL,320.93,315.33,332.0,312.67,8495,stock
2022-03-30,HPPL,311.33,325.33,329.27,311.33,5085,stock
2022-03-31,HPPL,331.13,315.33,336.67,315.33,4611,stock
2022-04-03,HPPL,312.0,318.0,320.0,312.0,3076,stock
2022-04-04,HPPL,313.33,314.67,318.0,307.73,8270,stock
2022-04-05,HPPL,314.0,313.33,318.93,308.67,10570,stock
2022-04-06,HPPL,308.0,313.33,317.33,308.0,18658,stock
2022-04-07,HPPL,318.67,341.33,341.33,311.33,23783,stock
2022-04-11,HPPL,336.67,324.0,346.67,324.0,21804,stock
2022-04-12,HPPL,318.2,323.33,329.33,315.33,9190,stock
2022-04-13,HPPL,323.33,333.33,333.33,313.4,10698,stock
2022-04-17,HPPL,327.33,321.33,332.0,321.33,12677,stock
2022-04-18,HPPL,316.0,304.67,316.0,301.27,12288,stock
2022-04-19,HPPL,299.33,306.13,318.67,297.33,9164,stock
2022-04-20,HPPL,302.0,300.0,314.0,300.0,6803,stock
2022-04-21,HPPL,298.0,306.67,310.07,292.93,23333,stock
2022-04-24,HPPL,304.0,326.0,331.33,303.47,13585,stock
2022-04-25,HPPL,326.0,329.33,329.33,312.0,11356,stock
2022-04-26,HPPL,323.47,313.33,323.47,309.07,5989,stock
2022-04-27,HPPL,313.33,313.73,324.67,308.0,1195,stock
2022-04-28,HPPL,313.33,308.0,325.0,305.33,6518,stock
2022-05-02,HPPL,302.67,300.67,304.67,299.33,6344,stock
2022-05-04,HPPL,303.33,296.0,306.0,295.33,3623,stock
2022-05-05,HPPL,293.33,285.33,296.0,280.67,13484,stock
2022-05-08,HPPL,285.33,295.33,300.67,278.33,14298,stock
2022-05-09,HPPL,300.0,292.67,300.0,292.07,6128,stock
2022-05-10,HPPL,290.0,304.0,306.0,290.0,5810,stock
2022-05-11,HPPL,305.27,314.0,314.67,298.0,19291,stock
2022-05-12,HPPL,314.67,301.33,314.67,301.33,8949,stock
2022-05-17,HPPL,301.33,288.67,301.33,288.67,3785,stock
2022-05-18,HPPL,284.0,294.33,301.33,276.73,10718,stock
2022-05-19,HPPL,289.33,286.8,298.0,286.8,7278,stock
2022-05-20,HPPL,291.33,285.33,292.67,285.33,3909,stock
2022-05-23,HPPL,282.2,284.0,292.0,282.2,5818,stock
2022-05-24,HPPL,286.67,291.33,293.73,286.67,1887,stock
2022-05-25,HPPL,292.07,289.53,297.93,288.13,5159,stock
2022-05-26,HPPL,288.67,288.67,293.33,288.67,1513,stock
2022-05-27,HPPL,286.0,284.67,288.67,284.0,3554,stock
2022-05-30,HPPL,280.0,282.13,286.93,280.0,1650,stock
2022-05-31,HPPL,280.0,274.0,286.67,273.8,8296,stock
2022-06-01,HPPL,278.8,276.0,278.8,274.13,2582,stock
2022-06-02,HPPL,280.8,276.0,288.67,276.0,4110,stock
2022-06-03,HPPL,276.0,270.0,276.0,266.67,6224,stock
2022-06-06,HPPL,266.67,272.67,279.33,266.0,2625,stock
2022-06-07,HPPL,268.0,267.33,270.0,264.13,4980,stock
2022-06-08,HPPL,267.33,276.67,283.33,267.33,12011,stock
2022-06-09,HPPL,281.53,277.4,281.53,263.4,30370,stock
2022-06-10,HPPL,272.53,279.33,280.0,267.8,5766,stock
2022-06-13,HPPL,283.33,288.33,288.33,268.67,6751,stock
2022-06-14,HPPL,283.27,262.87,283.27,262.87,30104,stock
2022-06-15,HPPL,261.33,260.0,262.0,239.93,22716,stock
2022-06-16,HPPL,255.47,255.33,262.67,242.47,6485,stock
2022-06-17,HPPL,259.33,250.67,259.33,250.0,923,stock
2022-06-19,HPPL,250.67,240.07,250.67,239.2,12134,stock
2022-06-20,HPPL,236.67,229.33,236.67,226.07,19621,stock
2022-06-21,HPPL,225.47,232.0,240.0,222.67,4689,stock
2022-06-22,HPPL,228.07,233.13,235.8,226.67,4525,stock
2022-06-23,HPPL,229.2,220.0,229.2,214.8,9700,stock
2022-06-24,HPPL,217.33,222.6,227.33,206.0,9978,stock
2022-06-26,HPPL,226.33,241.47,241.47,226.33,26652,stock
2022-06-27,HPPL,245.2,242.0,258.67,237.87,20844,stock
2022-06-28,HPPL,237.87,233.33,245.33,230.8,9448,stock
2022-06-29,HPPL,230.33,240.0,241.33,226.87,11562,stock
2022-06-30,HPPL,243.2,245.47,254.0,239.13,17378,stock
2022-07-01,HPPL,246.67,244.0,249.67,241.33,3379,stock
2022-07-03,HPPL,248.2,265.07,265.07,239.33,32152,stock
2022-07-04,HPPL,260.67,273.33,279.27,254.2,45501,stock
2022-07-05,HPPL,268.73,263.2,282.67,256.67,27986,stock
2022-07-06,HPPL,259.33,263.33,266.67,254.2,14996,stock
2022-07-07,HPPL,258.73,255.33,272.4,254.93,22877,stock
2022-07-08,HPPL,251.4,252.67,255.67,245.07,9120,stock
2022-07-11,HPPL,248.33,232.73,248.33,230.73,28196,stock
2022-07-12,HPPL,236.67,234.67,241.4,229.47,26271,stock
2022-07-13,HPPL,238.67,251.27,251.27,237.33,14453,stock
2022-07-14,HPPL,247.33,246.67,253.33,242.67,5753,stock
2022-07-15,HPPL,242.73,248.0,248.67,241.33,26855,stock
2022-07-17,HPPL,243.73,242.0,250.0,240.0,10357,stock
2022-07-18,HPPL,237.87,246.0,246.67,237.87,5598,stock
2022-07-19,HPPL,246.0,252.67,257.0,246.0,23649,stock
2022-07-20,HPPL,256.67,254.67,258.67,249.33,14045,stock
2022-07-21,HPPL,258.67,251.4,258.67,248.93,10431,stock
2022-07-22,HPPL,247.33,252.0,252.0,241.4,17430,stock
2022-07-24,HPPL,256.0,258.67,258.67,250.0,18583,stock
2022-07-25,HPPL,263.13,269.93,271.33,258.67,32673,stock
2022-07-26,HPPL,265.27,263.0,270.0,256.13,27488,stock
2022-07-27,HPPL,263.33,272.0,272.0,251.6,47903,stock
2022-07-28,HPPL,276.67,295.33,295.87,268.0,99421,stock
2022-07-29,HPPL,300.0,297.33,310.67,286.67,27509,stock
2022-07-31,HPPL,298.67,300.67,307.33,294.67,34480,stock
2022-08-01,HPPL,303.33,293.33,303.33,288.0,21250,stock
2022-08-02,HPPL,288.13,295.13,298.53,286.67,12157,stock
2022-08-03,HPPL,290.0,304.67,304.67,290.0,51085,stock
2022-08-04,HPPL,300.0,312.0,312.0,289.47,49456,stock
2022-08-05,HPPL,306.47,298.07,310.67,297.33,30298,stock
2022-08-07,HPPL,303.33,299.33,303.33,297.93,11450,stock
2022-08-08,HPPL,300.0,292.0,304.53,292.0,11044,stock
2022-08-09,HPPL,291.33,296.47,306.0,282.67,16912,stock
2022-08-10,HPPL,295.33,286.67,297.33,286.67,8077,stock
2022-08-11,HPPL,290.67,295.2,295.2,285.0,15938,stock
2022-08-14,HPPL,293.33,291.73,293.33,281.2,8780,stock
2022-08-15,HPPL,296.8,301.33,301.33,288.33,16126,stock
2022-08-16,HPPL,302.0,291.33,302.0,285.33,25512,stock
2022-08-17,HPPL,286.67,286.67,295.33,286.67,2910,stock
2022-08-18,HPPL,283.4,288.0,292.67,283.4,9846,stock
2022-08-21,HPPL,289.33,282.47,293.0,282.47,9944,stock
2022-08-22,HPPL,280.0,286.67,286.67,280.0,5779,stock
2022-08-23,HPPL,281.67,280.0,286.0,280.0,6788,stock
2022-08-24,HPPL,284.67,281.33,289.6,280.0,4794,stock
2022-08-25,HPPL,285.27,277.4,290.0,276.73,4445,stock
2022-08-26,HPPL,273.33,276.67,280.0,272.53,2762,stock
2022-08-28,HPPL,273.4,269.33,276.0,267.4,7750,stock
2022-08-29,HPPL,274.0,269.33,278.8,261.33,3359,stock
2022-08-30,HPPL,273.33,275.4,275.4,264.67,2379,stock
2022-08-31,HPPL,280.2,258.8,280.2,258.8,3555,stock
2022-09-01,HPPL,263.27,263.93,264.53,254.67,4865,stock
2022-09-02,HPPL,259.33,259.33,263.33,259.33,2070,stock
2022-09-04,HPPL,257.33,267.2,267.27,257.33,3135,stock
2022-09-05,HPPL,263.4,265.4,268.0,263.4,3330,stock
2022-09-06,HPPL,269.33,263.33,269.33,256.6,3240,stock
2022-09-07,HPPL,258.8,262.0,266.67,251.33,1492,stock
2022-09-08,HPPL,259.33,258.07,263.33,251.47,1560,stock
2022-09-11,HPPL,258.0,253.33,262.0,253.33,2732,stock
2022-09-12,HPPL,257.33,250.0,257.33,247.67,7558,stock
2022-09-13,HPPL,246.67,248.0,254.33,246.67,1792,stock
2022-09-14,HPPL,252.0,257.33,259.33,252.0,5510,stock
2022-09-15,HPPL,260.0,250.0,260.0,246.33,9236,stock
2022-09-16,HPPL,246.0,246.67,250.0,244.67,2045,stock
2022-09-18,HPPL,246.0,242.4,246.67,241.33,3198,stock
2022-09-20,HPPL,238.73,234.67,238.73,232.0,6040,stock
2022-09-21,HPPL,238.67,236.0,238.67,232.67,5885,stock
2022-09-22,HPPL,239.33,240.0,244.13,227.4,9719,stock
2022-09-25,HPPL,240.0,232.67,240.0,226.67,4700,stock
2022-09-27,HPPL,228.73,244.6,244.6,224.87,3425,stock
2022-09-28,HPPL,240.4,232.0,240.4,232.0,1872,stock
2022-09-29,HPPL,229.4,224.67,231.93,224.67,1815,stock
2022-10-09,HPPL,228.4,231.33,232.27,226.0,2310,stock
2022-10-10,HPPL,227.53,232.0,238.6,221.53,57954,stock
2022-10-11,HPPL,230.0,235.27,235.27,223.4,75660,stock
2022-10-12,HPPL,231.67,236.0,236.67,231.33,25503,stock
2022-10-13,HPPL,239.33,232.07,239.33,228.13,59590,stock
2022-10-16,HPPL,236.0,234.0,239.33,220.93,69822,stock
2022-10-17,HPPL,230.0,234.0,234.0,222.8,12098,stock
2022-10-19,HPPL,230.0,230.53,230.53,220.2,8983,stock
2022-10-20,HPPL,226.6,219.47,226.6,219.2,8347,stock
2022-10-23,HPPL,216.73,216.0,223.13,215.87,3407,stock
2022-10-31,HPPL,219.33,213.33,222.73,212.67,3769,stock
2022-11-01,HPPL,213.33,221.33,223.27,213.33,3512,stock
2022-11-02,HPPL,224.6,221.33,233.27,220.2,15395,stock
2022-11-03,HPPL,224.33,216.0,226.67,216.0,4705,stock
2022-11-06,HPPL,212.4,228.0,228.0,212.4,7100,stock
2022-11-07,HPPL,231.67,222.0,235.33,222.0,10336,stock
2022-11-08,HPPL,225.33,226.0,230.0,222.87,8505,stock
2022-11-09,HPPL,229.33,213.47,229.33,210.0,55705,stock
2022-11-10,HPPL,217.07,216.67,220.0,202.8,45775,stock
2022-11-13,HPPL,213.87,213.33,215.27,203.33,87832,stock
2022-11-14,HPPL,210.0,212.07,212.47,203.07,53479,stock
2022-11-15,HPPL,214.0,205.33,214.0,199.93,64733,stock
2022-11-16,HPPL,206.67,203.33,208.67,196.07,60157,stock
2022-11-17,HPPL,206.67,212.67,214.67,199.33,238215,stock
2022-11-22,HPPL,213.33,209.33,219.33,206.67,29768,stock
2022-11-23,HPPL,206.73,204.0,211.33,202.67,30326,stock
2022-11-24,HPPL,203.33,208.0,208.67,202.07,27286,stock
2022-11-27,HPPL,210.67,209.53,210.67,206.67,37229,stock
2022-11-28,HPPL,212.67,207.33,212.67,204.67,43467,stock
2022-11-29,HPPL,203.87,205.4,208.67,203.33,28874,stock
2022-11-30,HPPL,208.13,204.13,208.13,203.33,10840,stock
2022-12-01,HPPL,203.33,206.0,208.0,202.13,20884,stock
2022-12-04,HPPL,209.33,204.67,209.33,202.67,17064,stock
2022-12-05,HPPL,202.07,200.0,208.0,199.33,32373,stock
2022-12-06,HPPL,203.33,200.0,203.33,195.87,17142,stock
2022-12-07,HPPL,196.67,198.27,200.0,196.67,7062,stock
2022-12-11,HPPL,196.67,194.87,199.33,194.8,12287,stock
2022-12-12,HPPL,193.4,199.13,199.93,193.4,9416,stock
2022-12-13,HPPL,196.0,199.67,201.33,196.0,7248,stock
2022-12-14,HPPL,196.4,197.73,199.93,194.8,6113,stock
2022-12-15,HPPL,194.53,191.6,196.0,191.47,20265,stock
2022-12-18,HPPL,190.07,188.27,192.67,187.07,17675,stock
2022-12-19,HPPL,188.0,186.67,191.07,186.0,12630,stock
2022-12-20,HPPL,189.73,186.67,192.53,186.4,10050,stock
2022-12-21,HPPL,185.0,182.73,192.0,182.73,13506,stock
2022-12-22,HPPL,185.67,178.6,186.0,178.4,23423,stock
2022-12-26,HPPL,181.33,193.07,193.07,181.33,49380,stock
2022-12-27,HPPL,196.13,206.67,209.0,193.0,110881,stock
2022-12-28,HPPL,203.2,206.0,210.0,200.0,41972,stock
2022-12-29,HPPL,209.33,214.6,214.67,202.27,53075,stock
2023-01-01,HPPL,215.33,219.93,223.73,208.13,93862,stock
2023-01-02,HPPL,218.67,225.27,227.4,214.0,49840,stock
2023-01-03,HPPL,222.0,222.0,227.8,218.27,33020,stock
2023-01-04,HPPL,220.0,230.67,232.67,219.13,49086,stock
2023-01-05,HPPL,233.33,230.07,237.33,222.93,79534,stock
2023-01-08,HPPL,228.0,237.27,243.8,226.67,62908,stock
2023-01-09,HPPL,240.67,257.33,257.6,236.73,91045,stock
2023-01-10,HPPL,261.33,251.93,272.0,248.0,146081,stock
2023-01-12,HPPL,254.0,241.33,264.67,235.93,79294,stock
2023-01-17,HPPL,242.67,249.33,253.33,238.0,64118,stock
2023-01-18,HPPL,253.27,248.33,258.0,248.2,53179,stock
2023-01-19,HPPL,244.67,251.33,256.0,244.67,33209,stock
2023-01-23,HPPL,253.33,250.0,253.33,242.27,34843,stock
2023-01-24,HPPL,251.27,248.67,251.33,241.73,20716,stock
2023-01-25,HPPL,249.67,261.4,270.2,246.73,111229,stock
2023-01-26,HPPL,265.33,268.0,276.67,260.8,131687,stock
2023-01-29,HPPL,272.67,265.33,274.0,262.67,61460,stock
2023-01-30,HPPL,268.67,260.33,269.93,253.33,60164,stock
2023-01-31,HPPL,256.0,255.33,262.67,251.73,71315,stock
2023-02-01,HPPL,255.33,261.33,263.33,255.33,41176,stock
2023-02-02,HPPL,260.07,256.6,262.0,254.2,32231,stock
2023-02-05,HPPL,255.33,250.93,260.0,250.0,11047,stock
2023-02-06,HPPL,251.0,254.6,254.6,248.07,17375,stock
2023-02-07,HPPL,252.0,269.27,269.27,252.0,43227,stock
2023-02-08,HPPL,273.93,262.0,273.93,260.67,57530,stock
2023-02-09,HPPL,263.0,265.33,265.87,256.0,26635,stock
2023-02-12,HPPL,260.73,250.4,260.73,250.4,52124,stock
2023-02-14,HPPL,246.73,246.67,250.67,243.33,35761,stock
2023-02-15,HPPL,250.67,244.0,250.67,242.0,29322,stock
2023-02-16,HPPL,240.0,240.67,246.67,238.07,21477,stock
2023-02-20,HPPL,244.67,241.33,244.67,236.73,14129,stock
2023-02-22,HPPL,245.33,249.33,252.67,240.07,7504,stock
2023-02-23,HPPL,245.4,241.47,245.4,240.0,9997,stock
2023-02-26,HPPL,237.33,243.33,245.27,233.27,13898,stock
2023-02-27,HPPL,241.4,245.33,246.67,238.07,15522,stock
2023-02-28,HPPL,242.67,244.67,246.67,241.4,6608,stock
2023-03-01,HPPL,248.6,241.33,248.6,238.0,7620,stock
2023-03-02,HPPL,244.0,236.07,244.0,232.67,15235,stock
2023-03-05,HPPL,233.33,230.0,237.33,226.67,13379,stock
2023-03-07,HPPL,226.73,232.67,237.87,226.73,4856,stock
2023-03-09,HPPL,236.6,240.73,244.6,235.33,12850,stock
2023-03-12,HPPL,240.0,236.6,244.07,234.07,6218,stock
2023-03-13,HPPL,233.33,236.0,236.67,233.33,9225,stock
2023-03-14,HPPL,235.33,233.33,237.33,232.53,10675,stock
2023-03-15,HPPL,237.33,233.33,237.33,230.67,7392,stock
2023-03-16,HPPL,237.33,231.6,237.33,229.33,6355,stock
2023-03-19,HPPL,228.0,233.67,236.0,228.0,7584,stock
2023-03-20,HPPL,237.2,241.33,241.33,232.0,5458,stock
2023-03-22,HPPL,243.33,233.47,243.33,233.47,10419,stock
2023-03-23,HPPL,237.33,232.0,237.33,231.4,8526,stock
2023-03-26,HPPL,235.93,229.0,235.93,224.87,13874,stock
2023-03-27,HPPL,230.67,234.67,234.67,227.33,7948,stock
2023-03-28,HPPL,238.67,233.33,240.67,233.33,11468,stock
2023-03-29,HPPL,229.73,233.33,235.33,229.73,2748,stock
2023-03-30,HPPL,231.47,231.47,236.67,231.4,3965,stock
2023-04-02,HPPL,231.47,229.6,237.27,229.6,7615,stock
2023-04-03,HPPL,229.33,224.67,229.33,223.33,7480,stock
2023-04-04,HPPL,228.0,226.0,231.33,221.0,5620,stock
2023-04-05,HPPL,225.33,226.0,229.13,222.8,4292,stock
2023-04-06,HPPL,229.8,218.67,229.8,218.33,33831,stock
2023-04-09,HPPL,220.0,216.0,229.13,215.4,8555,stock
2023-04-10,HPPL,216.67,218.67,221.8,216.67,3629,stock
2023-04-11,HPPL,222.33,223.33,226.0,218.0,7052,stock
2023-04-12,HPPL,227.13,237.93,238.67,227.13,14442,stock
2023-04-13,HPPL,234.0,231.33,246.0,231.0,10023,stock
2023-04-16,HPPL,234.33,230.0,234.33,230.0,5460,stock
2023-04-17,HPPL,233.27,230.0,233.33,226.07,8035,stock
2023-04-18,HPPL,232.0,223.4,232.0,222.93,5316,stock
2023-04-19,HPPL,226.07,228.47,241.13,226.07,5584,stock
2023-04-20,HPPL,232.33,222.33,239.33,222.0,11408,stock
2023-04-23,HPPL,218.73,221.93,222.0,218.73,3220,stock
2023-04-24,HPPL,220.0,218.33,225.73,216.67,9974,stock
2023-04-25,HPPL,217.33,223.67,225.67,217.33,3850,stock
2023-04-26,HPPL,220.67,220.73,225.8,220.67,1488,stock
2023-04-27,HPPL,219.33,220.07,223.0,218.67,2347,stock
2023-04-30,HPPL,223.33,214.67,223.33,214.67,5099,stock
2023-05-02,HPPL,216.67,215.33,220.33,213.33,3029,stock
2023-05-03,HPPL,212.67,214.8,214.8,211.33,4066,stock
2023-05-04,HPPL,214.0,219.13,219.13,209.47,9127,stock
2023-05-07,HPPL,215.47,215.67,221.93,212.67,4666,stock
2023-05-08,HPPL,215.33,215.33,217.33,212.0,4221,stock
2023-05-09,HPPL,213.33,216.0,219.6,212.0,6629,stock
2023-05-10,HPPL,216.67,214.0,219.33,214.0,3529,stock
2023-05-11,HPPL,212.67,215.53,216.0,212.0,1470,stock
2023-05-14,HPPL,219.13,209.0,219.13,208.67,2727,stock
2023-05-15,HPPL,205.67,206.73,212.47,203.4,8320,stock
2023-05-16,HPPL,210.0,208.73,210.0,203.53,1968,stock
2023-05-17,HPPL,212.0,212.67,219.13,208.67,4057,stock
2023-05-18,HPPL,216.2,220.67,221.13,209.33,7588,stock
2023-05-21,HPPL,221.33,218.67,224.0,218.67,9062,stock
2023-05-22,HPPL,215.33,223.93,225.87,213.33,13469,stock
2023-05-23,HPPL,220.2,228.0,234.0,220.2,10798,stock
2023-05-24,HPPL,230.67,227.67,230.67,224.07,12614,stock
2023-05-28,HPPL,223.8,221.07,230.0,220.07,14121,stock
2023-05-30,HPPL,220.0,215.0,223.33,214.33,9996,stock
2023-05-31,HPPL,212.0,213.33,219.13,206.07,19997,stock
2023-06-01,HPPL,213.33,213.33,223.33,207.13,4260,stock
2023-06-04,HPPL,216.67,220.0,220.47,216.67,14399,stock
2023-06-05,HPPL,216.87,215.47,222.67,213.4,8208,stock
2023-06-06,HPPL,218.67,223.93,224.0,206.67,88734,stock
2023-06-07,HPPL,227.73,224.67,230.0,222.0,17253,stock
2023-06-08,HPPL,221.0,228.0,228.0,220.0,13905,stock
2023-06-11,HPPL,225.33,232.0,233.33,220.87,96848,stock
2023-06-12,HPPL,233.27,226.8,235.33,223.47,18242,stock
2023-06-13,HPPL,224.07,230.0,233.27,223.33,24750,stock
2023-06-14,HPPL,230.0,226.67,234.0,223.33,67627,stock
2023-06-15,HPPL,227.33,225.27,228.53,222.93,40496,stock
2023-06-18,HPPL,223.33,230.67,235.93,222.67,27397,stock
2023-06-19,HPPL,228.0,227.33,233.33,224.0,38591,stock
2023-06-20,HPPL,231.13,226.33,234.67,223.33,124915,stock
2023-06-21,HPPL,222.8,220.67,230.0,220.0,17323,stock
2023-06-22,HPPL,219.47,214.67,222.0,214.4,27799,stock
2023-06-25,HPPL,214.67,216.2,223.73,214.0,18497,stock
2023-06-26,HPPL,219.8,217.33,221.33,213.33,26582,stock
2023-06-27,HPPL,214.4,223.33,230.0,214.4,26534,stock
2023-06-28,HPPL,220.0,216.6,222.33,214.33,22422,stock
2023-07-02,HPPL,213.4,212.67,220.2,211.73,21511,stock
2023-07-03,HPPL,214.67,209.33,216.67,209.33,13472,stock
2023-07-04,HPPL,209.33,213.33,216.2,207.53,6673,stock
2023-07-05,HPPL,210.0,208.67,212.67,208.67,7680,stock
2023-07-06,HPPL,211.33,212.0,218.67,206.67,17998,stock
2023-07-09,HPPL,208.8,210.0,214.2,208.8,4819,stock
2023-07-10,HPPL,213.33,211.33,216.67,208.07,21647,stock
2023-07-11,HPPL,208.0,229.13,229.13,205.33,47846,stock
2023-07-12,HPPL,225.27,239.33,239.33,218.67,107843,stock
2023-07-13,HPPL,239.33,227.33,239.33,227.33,41421,stock
2023-07-16,HPPL,230.0,223.93,231.2,221.07,12709,stock
2023-07-17,HPPL,222.67,226.0,233.33,222.67,11553,stock
2023-07-18,HPPL,229.33,223.27,229.73,220.0,8938,stock
2023-07-19,HPPL,226.67,220.0,226.67,218.67,13730,stock
2023-07-20,HPPL,223.73,222.67,226.0,209.53,134398,stock
2023-07-23,HPPL,223.33,227.33,231.27,219.13,21428,stock
2023-07-24,HPPL,226.67,221.33,230.0,220.0,25433,stock
2023-07-25,HPPL,224.6,218.67,224.6,216.4,15598,stock
2023-07-26,HPPL,221.93,214.93,223.33,211.73,29192,stock
2023-07-27,HPPL,212.8,214.0,216.67,208.53,30034,stock
2023-07-30,HPPL,210.4,210.07,216.0,207.0,31284,stock
2023-07-31,HPPL,208.13,208.47,214.67,208.13,11050,stock
2023-08-01,HPPL,207.4,202.8,211.33,199.33,59010,stock
2023-08-02,HPPL,201.33,202.0,206.67,196.73,75267,stock
2023-08-03,HPPL,205.33,204.47,206.67,201.47,6130,stock
2023-08-06,HPPL,201.4,201.33,204.67,198.07,5757,stock
2023-08-07,HPPL,198.0,198.0,204.67,195.33,7385,stock
2023-08-08,HPPL,201.27,198.67,209.33,190.0,11616,stock
2023-08-09,HPPL,195.4,202.0,203.33,189.33,8309,stock
2023-08-10,HPPL,198.73,202.67,204.67,198.07,5226,stock
2023-08-13,HPPL,199.33,200.0,201.33,196.67,3215,stock
2023-08-14,HPPL,200.0,198.67,200.0,190.33,20259,stock
2023-08-15,HPPL,198.67,196.0,198.67,192.67,67987,stock
2023-08-16,HPPL,192.87,189.67,194.67,189.67,9894,stock
2023-08-17,HPPL,190.0,195.33,195.33,188.0,11426,stock
2023-08-20,HPPL,192.2,195.13,195.33,189.13,10235,stock
2023-08-21,HPPL,191.93,185.8,194.67,185.8,9485,stock
2023-08-22,HPPL,186.67,189.4,192.0,186.0,8131,stock
2023-08-23,HPPL,189.4,193.27,194.67,189.33,4653,stock
2023-08-24,HPPL,190.13,189.73,195.2,186.67,9362,stock
2023-08-27,HPPL,187.33,185.33,190.0,183.67,5935,stock
2023-08-28,HPPL,183.33,188.33,191.4,182.33,3660,stock
2023-08-29,HPPL,185.27,187.33,187.33,184.33,3230,stock
2023-08-30,HPPL,189.33,185.33,189.33,182.33,2266,stock
2023-09-03,HPPL,182.6,180.0,182.6,180.0,2914,stock
2023-09-04,HPPL,182.0,180.0,182.0,178.0,2770,stock
2023-09-05,HPPL,177.33,176.0,180.2,174.67,7167,stock
2023-09-07,HPPL,176.0,174.0,176.0,174.0,5772,stock
2023-09-10,HPPL,176.67,176.67,176.67,174.07,5015,stock
2023-09-11,HPPL,176.0,182.0,184.67,176.0,3980,stock
2023-09-12,HPPL,179.4,174.87,182.93,174.87,9724,stock
2023-09-13,HPPL,175.4,182.67,182.67,175.4,12274,stock
2023-09-17,HPPL,184.67,173.67,184.67,173.33,6917,stock
2023-09-18,HPPL,176.47,177.33,181.33,175.8,2955,stock
2023-09-19,HPPL,176.0,186.0,186.0,176.0,14810,stock
2023-09-21,HPPL,188.0,192.67,198.07,186.2,21271,stock
2023-09-24,HPPL,189.8,191.27,195.73,186.8,13339,stock
2023-09-25,HPPL,188.13,192.0,192.33,185.33,8475,stock
2023-09-26,HPPL,190.0,197.33,197.87,190.0,20636,stock
2023-09-27,HPPL,196.0,192.0,196.0,184.07,12769,stock
2023-10-01,HPPL,188.87,185.33,188.87,183.73,7079,stock
2023-10-02,HPPL,182.67,187.33,194.2,180.67,4697,stock
2023-10-03,HPPL,189.73,186.0,189.73,184.0,2238,stock
2023-10-04,HPPL,189.0,188.6,195.33,186.13,7501,stock
2023-10-05,HPPL,189.33,188.67,191.67,183.67,4716,stock
2023-10-08,HPPL,188.67,182.67,188.67,180.53,2795,stock
2023-10-09,HPPL,180.67,189.2,195.53,179.87,6199,stock
2023-10-10,HPPL,186.67,181.47,189.33,180.73,5684,stock
2023-10-11,HPPL,178.53,184.67,186.0,178.53,5299,stock
2023-10-12,HPPL,181.67,179.33,184.67,179.0,8286,stock
2023-10-16,HPPL,182.0,179.13,182.0,171.2,5633,stock
2023-10-17,HPPL,179.13,179.33,187.33,176.67,1580,stock
2023-10-18,HPPL,182.2,180.0,184.0,176.6,2884,stock
2023-10-19,HPPL,180.0,182.0,182.67,177.0,750,stock
2023-10-29,HPPL,179.07,181.33,181.87,174.0,10820,stock
2023-10-30,HPPL,178.4,180.0,180.0,172.0,12010,stock
2023-10-31,HPPL,182.93,175.33,188.87,172.0,24284,stock
2023-11-01,HPPL,172.73,173.0,175.47,169.27,12496,stock
2023-11-02,HPPL,172.67,168.47,172.67,168.47,3183,stock
2023-11-05,HPPL,168.67,168.67,170.0,166.0,8500,stock
2023-11-06,HPPL,166.0,171.87,172.33,166.0,10981,stock
2023-11-07,HPPL,169.13,172.53,174.33,168.73,10350,stock
2023-11-08,HPPL,169.8,167.33,172.67,167.33,8275,stock
2023-11-09,HPPL,168.67,169.93,172.67,168.0,7038,stock
2023-11-20,HPPL,171.0,170.0,171.33,167.33,4219,stock
2023-11-21,HPPL,168.0,166.0,168.0,166.0,4940,stock
2023-11-22,HPPL,168.0,168.0,171.67,166.0,3810,stock
2023-11-23,HPPL,168.0,170.67,173.33,167.0,5121,stock
2023-11-26,HPPL,171.87,174.67,174.67,169.13,10070,stock
2023-11-27,HPPL,174.67,173.33,174.67,172.0,7430,stock
2023-11-28,HPPL,174.0,172.67,174.8,170.8,1143,stock
2023-11-29,HPPL,173.33,168.73,173.33,168.33,1997,stock
2023-11-30,HPPL,171.4,169.07,171.4,166.67,8039,stock
2023-12-03,HPPL,166.67,168.67,170.0,166.67,7725,stock
2023-12-04,HPPL,166.93,172.6,174.0,166.93,13965,stock
2023-12-05,HPPL,169.87,167.33,173.53,167.2,5438,stock
2023-12-06,HPPL,170.0,168.0,172.73,167.33,4339,stock
2023-12-07,HPPL,170.67,166.87,170.67,166.0,11855,stock
2023-12-10,HPPL,169.53,180.0,180.0,169.53,4084,stock
2023-12-11,HPPL,182.93,179.33,184.0,174.47,32647,stock
2023-12-12,HPPL,178.67,186.6,188.0,176.67,42190,stock
2023-12-13,HPPL,183.67,187.2,195.33,183.67,24675,stock
2023-12-14,HPPL,187.33,189.67,191.33,184.13,20390,stock
2023-12-17,HPPL,186.67,199.53,199.53,180.67,62079,stock
2023-12-18,HPPL,201.33,186.47,206.0,186.47,56752,stock
2023-12-19,HPPL,189.47,195.33,196.67,188.13,46513,stock
2023-12-20,HPPL,194.67,199.93,203.33,191.53,38141,stock
2023-12-21,HPPL,200.0,192.0,202.0,192.0,20265,stock
2023-12-24,HPPL,194.67,196.0,201.6,188.87,37069,stock
2023-12-27,HPPL,198.67,186.33,198.67,183.67,20827,stock
2023-12-28,HPPL,189.33,188.0,192.33,183.33,27238,stock
2024-01-01,HPPL,189.33,186.67,195.0,186.27,16758,stock
2024-01-02,HPPL,189.33,185.2,189.33,183.8,14717,stock
2024-01-03,HPPL,188.2,189.0,191.0,183.0,15433,stock
2024-01-04,HPPL,189.33,191.33,196.67,186.67,60659,stock
2024-01-07,HPPL,194.47,192.0,196.67,189.4,23217,stock
2024-01-08,HPPL,195.13,196.0,200.67,190.0,36918,stock
2024-01-09,HPPL,198.0,195.33,201.33,195.33,47875,stock
2024-01-10,HPPL,198.53,188.73,198.67,188.0,35330,stock
2024-01-11,HPPL,190.0,193.33,198.13,189.33,23954,stock
2024-01-14,HPPL,196.53,209.33,209.33,194.73,101688,stock
2024-01-16,HPPL,212.8,226.93,226.93,212.8,166823,stock
2024-01-17,HPPL,230.8,217.33,236.0,216.67,131110,stock
2024-01-18,HPPL,213.8,226.67,233.93,213.67,127950,stock
2024-01-21,HPPL,224.0,238.0,243.33,224.0,136295,stock
2024-01-22,HPPL,236.67,234.0,238.0,230.67,94782,stock
2024-01-23,HPPL,232.0,225.33,234.0,222.0,39960,stock
2024-01-24,HPPL,228.67,219.33,233.33,219.33,25161,stock
2024-01-25,HPPL,222.67,219.87,222.67,214.73,31662,stock
2024-01-28,HPPL,218.0,222.0,225.33,218.0,30060,stock
2024-01-29,HPPL,225.73,222.0,226.67,221.93,11019,stock
2024-01-30,HPPL,225.33,228.6,230.67,222.07,54975,stock
2024-01-31,HPPL,232.0,224.07,232.0,220.87,15893,stock
2024-02-01,HPPL,220.67,219.33,223.33,217.33,25974,stock
2024-02-04,HPPL,219.93,219.33,223.33,216.87,11472,stock
2024-02-05,HPPL,216.73,218.33,223.07,215.8,9907,stock
2024-02-06,HPPL,222.0,221.33,225.73,218.4,12625,stock
2024-02-07,HPPL,225.07,219.4,225.33,217.8,29009,stock
2024-02-11,HPPL,231.2,223.33,231.2,223.33,20967,stock
2024-02-12,HPPL,227.13,232.0,233.33,220.0,65749,stock
2024-02-13,HPPL,232.0,242.67,248.0,224.8,176218,stock
2024-02-14,HPPL,242.67,243.0,245.33,239.33,54767,stock
2024-02-15,HPPL,244.0,232.67,244.0,232.67,64023,stock
2024-02-18,HPPL,229.8,226.0,233.33,224.8,28761,stock
2024-02-20,HPPL,228.0,230.0,231.33,224.13,26768,stock
2024-02-21,HPPL,233.93,226.67,237.87,223.33,24034,stock
2024-02-22,HPPL,223.33,219.4,230.53,219.33,24097,stock
2024-02-25,HPPL,222.67,208.67,225.33,208.67,13817,stock
2024-02-26,HPPL,212.13,213.33,218.67,210.67,17529,stock
2024-02-27,HPPL,214.0,224.67,224.67,211.87,23319,stock
2024-02-28,HPPL,228.47,222.67,228.47,218.93,20345,stock
2024-02-29,HPPL,224.93,211.33,224.93,211.33,32104,stock
2024-03-03,HPPL,211.33,209.67,214.87,205.4,15284,stock
2024-03-04,HPPL,213.13,225.33,227.27,213.13,8500,stock
2024-03-05,HPPL,225.33,214.6,225.8,212.73,27234,stock
2024-03-06,HPPL,218.0,217.67,218.0,211.33,38782,stock
2024-03-07,HPPL,220.0,218.0,221.33,214.13,32872,stock
2024-03-10,HPPL,218.67,224.0,224.0,216.67,113878,stock
2024-03-12,HPPL,224.0,226.0,226.0,221.53,20207,stock
2024-03-13,HPPL,223.53,226.53,226.53,220.07,20418,stock
2024-03-14,HPPL,223.33,218.87,226.2,218.87,11205,stock
2024-03-17,HPPL,215.27,214.07,222.0,213.33,9511,stock
2024-03-18,HPPL,211.33,217.93,221.33,211.33,21272,stock
2024-03-19,HPPL,220.0,216.67,220.0,214.67,3624,stock
2024-03-20,HPPL,219.33,214.67,219.33,214.0,4400,stock
2024-03-21,HPPL,217.93,213.87,217.93,212.0,5383,stock
2024-03-25,HPPL,210.67,208.67,216.67,207.13,31255,stock
2024-03-26,HPPL,205.47,215.93,217.2,205.47,11684,stock
2024-03-27,HPPL,216.67,214.67,216.67,212.47,6196,stock
2024-03-28,HPPL,212.07,211.13,212.07,207.8,18803,stock
2024-03-31,HPPL,212.6,214.73,218.27,210.73,20341,stock
2024-04-01,HPPL,211.33,215.93,216.67,211.33,17298,stock
2024-04-02,HPPL,215.27,213.87,219.0,211.07,18151,stock
2024-04-03,HPPL,215.2,213.33,215.2,211.4,14799,stock
2024-04-04,HPPL,214.67,215.33,216.0,210.67,49318,stock
2024-04-07,HPPL,215.33,214.0,215.67,210.0,15550,stock
2024-04-09,HPPL,214.67,216.53,217.0,211.33,58050,stock
2024-04-10,HPPL,216.67,215.33,220.0,212.0,31658,stock
2024-04-14,HPPL,212.07,215.2,218.93,212.07,50701,stock
2024-04-15,HPPL,213.33,213.33,214.67,208.53,15925,stock
2024-04-16,HPPL,211.33,209.33,212.0,207.8,25328,stock
2024-04-18,HPPL,206.0,204.73,209.33,204.0,7110,stock
2024-04-21,HPPL,208.0,203.33,213.33,203.2,11127,stock
2024-04-22,HPPL,206.73,204.73,210.2,200.0,19614,stock
2024-04-24,HPPL,208.0,206.0,208.0,203.33,5179,stock
2024-04-25,HPPL,203.47,203.33,206.8,200.0,24375,stock
2024-04-28,HPPL,201.33,206.0,206.0,200.27,9081,stock
2024-04-29,HPPL,204.67,202.6,204.67,202.6,3648,stock
2024-04-30,HPPL,205.8,209.33,212.27,200.67,16951,stock
2024-05-02,HPPL,212.67,206.67,212.8,205.33,7719,stock
2024-05-05,HPPL,203.2,201.33,206.0,200.73,7633,stock
2024-05-06,HPPL,198.0,202.47,204.6,198.0,6723,stock
2024-05-07,HPPL,205.33,200.6,205.33,196.0,10263,stock
2024-05-08,HPPL,200.6,196.8,202.67,196.8,7130,stock
2024-05-09,HPPL,196.67,200.0,202.67,196.67,6400,stock
2024-05-12,HPPL,200.0,198.67,203.33,196.73,9085,stock
2024-05-13,HPPL,198.67,202.67,203.33,196.07,3615,stock
2024-05-14,HPPL,199.33,208.6,208.67,199.33,8592,stock
2024-05-15,HPPL,212.07,207.33,212.07,202.8,18635,stock
2024-05-16,HPPL,206.67,204.13,208.67,200.67,5851,stock
2024-05-19,HPPL,207.53,206.0,207.53,201.33,9827,stock
2024-05-20,HPPL,208.27,208.0,208.27,204.73,16649,stock
2024-05-21,HPPL,209.93,209.33,211.27,206.47,15330,stock
2024-05-22,HPPL,210.0,207.93,210.67,206.33,11286,stock
2024-05-26,HPPL,204.8,205.0,209.27,201.33,9444,stock
2024-05-27,HPPL,202.67,206.67,208.27,202.67,9622,stock
2024-05-29,HPPL,210.13,202.67,210.13,202.47,12777,stock
2024-05-30,HPPL,201.33,204.67,209.0,200.67,9630,stock
2024-06-02,HPPL,202.67,204.67,206.67,202.67,7500,stock
2024-06-03,HPPL,204.67,206.67,207.93,200.0,28280,stock
2024-06-04,HPPL,205.33,204.67,206.67,202.0,8972,stock
2024-06-05,HPPL,201.87,200.73,203.67,200.0,8551,stock
2024-06-06,HPPL,200.73,202.6,205.33,200.27,11048,stock
2024-06-09,HPPL,205.93,200.8,212.67,200.0,13920,stock
2024-06-10,HPPL,204.13,206.67,210.0,202.67,29122,stock
2024-06-11,HPPL,209.2,210.0,212.0,205.33,50381,stock
2024-06-12,HPPL,213.33,210.0,213.33,207.2,20813,stock
2024-06-13,HPPL,210.0,206.67,210.0,206.67,11140,stock
2024-06-16,HPPL,203.47,209.27,213.33,203.47,19521,stock
2024-06-18,HPPL,206.67,211.67,212.73,206.67,49918,stock
2024-06-19,HPPL,214.47,211.93,214.47,210.07,18776,stock
2024-06-20,HPPL,212.67,210.0,212.67,208.73,20033,stock
2024-06-23,HPPL,213.33,218.0,220.0,211.4,80245,stock
2024-06-24,HPPL,219.33,219.33,223.73,214.73,37455,stock
2024-06-25,HPPL,217.33,228.67,230.67,215.73,101545,stock
2024-06-26,HPPL,230.0,230.53,231.33,223.6,112739,stock
2024-06-27,HPPL,234.0,238.0,238.67,226.73,240614,stock
2024-06-30,HPPL,238.0,232.67,238.67,230.0,85773,stock
2024-07-01,HPPL,236.6,233.33,236.6,229.13,49635,stock
2024-07-02,HPPL,237.33,233.33,245.47,229.33,59703,stock
2024-07-03,HPPL,236.67,226.67,236.67,223.47,57405,stock
2024-07-04,HPPL,222.8,225.33,229.33,222.8,64823,stock
2024-07-07,HPPL,229.13,227.33,229.13,223.33,63454,stock
2024-07-08,HPPL,231.2,221.8,231.2,221.33,28783,stock
2024-07-09,HPPL,225.33,221.67,225.33,220.33,13154,stock
2024-07-10,HPPL,225.33,224.0,225.33,220.47,45428,stock
2024-07-11,HPPL,226.67,229.27,230.0,223.33,41121,stock
2024-07-14,HPPL,233.13,232.67,233.33,226.67,68113,stock
2024-07-15,HPPL,233.33,237.33,237.33,228.8,133035,stock
2024-07-16,HPPL,236.67,248.67,252.67,233.33,166216,stock
2024-07-17,HPPL,252.93,249.33,252.93,242.67,118041,stock
2024-07-18,HPPL,251.33,250.0,260.0,243.33,155948,stock
2024-07-21,HPPL,252.67,251.33,253.33,244.0,151562,stock
2024-07-22,HPPL,255.67,257.0,259.53,247.33,82327,stock
2024-07-23,HPPL,253.33,259.33,263.33,253.33,82514,stock
2024-07-24,HPPL,263.2,250.13,263.2,250.0,95831,stock
2024-07-25,HPPL,254.47,250.67,254.47,246.73,54174,stock
2024-07-28,HPPL,255.0,261.33,261.33,246.33,87059,stock
2024-07-29,HPPL,265.87,268.67,278.0,257.33,192635,stock
2024-07-30,HPPL,273.33,278.0,281.53,264.67,108293,stock
2024-07-31,HPPL,282.87,280.0,292.67,274.67,94697,stock
2024-08-01,HPPL,280.0,280.0,284.67,272.8,159636,stock
2024-08-05,HPPL,280.0,280.67,281.93,269.33,108838,stock
2024-08-06,HPPL,283.27,261.33,283.27,260.67,66223,stock
2024-08-07,HPPL,264.67,273.33,275.33,257.53,84767,stock
2024-08-08,HPPL,278.13,267.4,279.93,266.0,63904,stock
2024-08-11,HPPL,272.07,280.0,290.8,269.2,103927,stock
2024-08-12,HPPL,280.0,282.67,300.0,280.0,102756,stock
2024-08-13,HPPL,283.33,294.0,300.73,280.93,269292,stock
2024-08-14,HPPL,298.67,312.67,313.33,298.67,199452,stock
2024-08-15,HPPL,318.0,313.33,326.67,303.33,127646,stock
2024-08-18,HPPL,318.93,295.33,318.93,292.73,133377,stock
2024-08-21,HPPL,296.67,296.67,307.93,283.33,111672,stock
2024-08-22,HPPL,299.27,310.67,318.4,290.0,312667,stock
2024-08-25,HPPL,316.0,302.0,316.0,301.33,102294,stock
2024-08-27,HPPL,296.67,297.6,306.67,296.67,161717,stock
2024-08-28,HPPL,293.33,296.0,308.67,293.0,89577,stock
2024-08-29,HPPL,296.0,290.0,302.0,290.0,54286,stock
2024-09-01,HPPL,293.33,315.33,315.33,290.33,108046,stock
2024-09-02,HPPL,309.73,342.0,342.0,298.87,281504,stock
2024-09-03,HPPL,335.87,314.67,335.87,311.13,434939,stock
2024-09-04,HPPL,310.0,293.2,310.0,286.87,283396,stock
2024-09-05,HPPL,288.67,281.33,293.33,280.33,102226,stock
2024-09-08,HPPL,284.67,283.33,292.0,281.33,185323,stock
2024-09-09,HPPL,283.33,273.33,302.0,272.67,120362,stock
2024-09-10,HPPL,278.0,264.0,282.0,260.8,60201,stock
2024-09-11,HPPL,267.33,258.0,268.0,256.0,42871,stock
2024-09-12,HPPL,262.47,269.07,273.2,257.6,153973,stock
2024-09-15,HPPL,273.73,259.33,276.0,257.33,62683,stock
2024-09-16,HPPL,263.8,252.0,263.8,247.4,39767,stock
2024-09-18,HPPL,248.07,246.33,256.0,246.33,22432,stock
2024-09-22,HPPL,246.33,244.67,258.67,244.07,35234,stock
2024-09-23,HPPL,248.0,234.2,248.87,233.4,42019,stock
2024-09-24,HPPL,238.2,230.67,240.0,230.67,42656,stock
2024-09-25,HPPL,234.6,238.53,240.0,230.67,27442,stock
2024-09-26,HPPL,241.33,230.0,242.67,230.0,24449,stock
2024-09-29,HPPL,233.33,228.67,233.33,226.73,16477,stock
2024-09-30,HPPL,229.33,232.0,234.47,229.33,15658,stock
2024-10-01,HPPL,235.33,245.93,245.93,235.33,37776,stock
2024-10-02,HPPL,242.0,242.0,246.67,238.67,28114,stock
2024-10-06,HPPL,237.87,247.67,248.0,237.87,15733,stock
2024-10-07,HPPL,243.4,250.0,258.53,243.4,44009,stock
2024-10-08,HPPL,250.0,246.4,254.33,246.4,22954,stock
2024-10-09,HPPL,243.53,250.67,260.07,243.53,16766,stock
2024-10-15,HPPL,255.0,256.6,258.0,250.0,19174,stock
2024-10-16,HPPL,254.67,265.33,269.87,253.47,28062,stock
2024-10-17,HPPL,265.33,262.67,268.6,262.0,20675,stock
2024-10-20,HPPL,262.67,252.07,264.0,252.07,34573,stock
2024-10-21,HPPL,252.67,243.4,256.33,243.4,31986,stock
2024-10-22,HPPL,245.33,246.6,251.87,242.0,41376,stock
2024-10-23,HPPL,250.8,244.2,250.8,240.07,23882,stock
2024-10-24,HPPL,244.33,249.47,253.33,240.0,23528,stock
2024-10-27,HPPL,247.33,250.0,255.33,243.13,71556,stock
2024-10-28,HPPL,246.87,256.47,260.67,246.87,27132,stock
2024-10-29,HPPL,260.87,259.33,265.27,256.67,20505,stock
2024-10-30,HPPL,260.67,254.67,260.67,253.4,45716,stock
2024-11-05,HPPL,258.67,255.33,258.67,254.27,17119,stock
2024-11-06,HPPL,256.67,256.67,259.4,255.0,26830,stock
2024-11-10,HPPL,258.8,265.33,268.67,258.73,51111,stock
2024-11-11,HPPL,268.0,271.33,271.93,265.33,69394,stock
2024-11-12,HPPL,273.33,267.33,274.6,267.27,30717,stock
2024-11-13,HPPL,266.73,276.6,285.27,265.33,54509,stock
2024-11-14,HPPL,280.0,292.0,299.13,272.0,189698,stock
2024-11-17,HPPL,297.13,304.67,312.0,297.13,174221,stock
2024-11-19,HPPL,310.07,296.0,310.07,290.8,193331,stock
2024-11-20,HPPL,301.2,300.67,303.27,292.13,67262,stock
2024-11-21,HPPL,303.33,296.67,305.33,295.4,31846,stock
2024-11-24,HPPL,301.93,290.67,306.67,290.67,66332,stock
2024-11-25,HPPL,295.8,292.67,298.67,286.87,71232,stock
2024-11-26,HPPL,297.8,300.07,303.27,294.8,93376,stock
2024-11-27,HPPL,300.07,318.67,321.33,300.07,242664,stock
2024-11-28,HPPL,324.33,316.73,324.33,305.4,290363,stock
2024-12-01,HPPL,322.4,312.87,322.4,309.33,116623,stock
2024-12-02,HPPL,316.67,316.67,320.67,312.73,114632,stock
2024-12-03,HPPL,320.0,311.93,320.0,311.33,79780,stock
2024-12-04,HPPL,316.67,312.0,319.33,310.67,72156,stock
2024-12-05,HPPL,317.53,310.67,317.53,306.0,79420,stock
2024-12-08,HPPL,312.67,311.2,316.0,309.07,76972,stock
2024-12-09,HPPL,316.0,310.93,316.0,309.33,34675,stock
2024-12-10,HPPL,313.0,307.33,313.0,306.67,46164,stock
2024-12-11,HPPL,308.67,308.67,309.33,306.0,31425,stock
2024-12-12,HPPL,310.0,305.33,312.53,305.33,56982,stock
2024-12-16,HPPL,306.67,292.0,306.67,292.0,99248,stock
2024-12-17,HPPL,292.0,290.67,296.27,286.73,171973,stock
2024-12-18,HPPL,295.33,289.47,297.33,289.33,51673,stock
2024-12-19,HPPL,293.27,292.67,301.87,286.13,158217,stock
2024-12-22,HPPL,296.0,295.93,298.47,292.0,46374,stock
2024-12-23,HPPL,295.33,306.0,313.33,295.33,89993,stock
2024-12-24,HPPL,306.67,306.6,309.93,301.33,49116,stock
2024-12-26,HPPL,310.0,298.67,310.0,298.0,35092,stock
2024-12-29,HPPL,297.33,292.07,302.0,292.0,35333,stock
2024-12-31,HPPL,289.47,299.33,299.33,287.0,84614,stock
2025-01-01,HPPL,303.33,299.33,310.0,293.33,90722,stock
2025-01-02,HPPL,294.07,301.27,302.6,294.07,47977,stock
2025-01-05,HPPL,296.67,303.67,305.33,296.67,49087,stock
2025-01-06,HPPL,301.33,310.0,311.33,301.33,77741,stock
2025-01-07,HPPL,310.0,311.13,314.07,307.33,102978,stock
2025-01-08,HPPL,315.27,308.67,315.27,306.67,93096,stock
2025-01-09,HPPL,303.2,336.2,336.2,303.2,444725,stock
2025-01-12,HPPL,330.2,349.33,366.47,330.2,281515,stock
2025-01-13,HPPL,355.6,340.67,355.6,337.33,337371,stock
2025-01-15,HPPL,340.67,341.33,352.93,338.0,140482,stock
2025-01-16,HPPL,341.33,338.0,346.67,338.0,134719,stock
2025-01-19,HPPL,342.6,340.67,344.67,338.8,92765,stock
2025-01-20,HPPL,340.67,358.0,371.33,340.67,377646,stock
2025-01-21,HPPL,358.67,376.0,383.33,353.33,282077,stock
2025-01-22,HPPL,376.0,370.0,385.93,370.0,325186,stock
2025-01-23,HPPL,363.27,378.0,382.0,363.27,228930,stock
2025-01-26,HPPL,384.87,396.0,409.33,380.0,367098,stock
2025-01-27,HPPL,403.2,403.67,417.33,393.33,388938,stock
2025-01-28,HPPL,396.27,420.67,423.33,396.27,338045,stock
2025-02-02,HPPL,428.0,412.67,435.33,412.67,516476,stock
2025-02-03,HPPL,420.0,426.0,431.27,408.73,324084,stock
2025-02-04,HPPL,430.39,419.33,433.8,408.0,243224,stock
2025-02-05,HPPL,419.33,436.67,442.0,419.33,457187,stock
2025-02-06,HPPL,428.6,432.67,443.33,424.73,247722,stock
2025-02-09,HPPL,424.73,428.0,456.67,424.73,224657,stock
2025-02-10,HPPL,426.67,426.33,433.33,421.47,195896,stock
2025-02-11,HPPL,426.0,425.33,429.33,420.07,124926,stock
2025-02-12,HPPL,425.33,432.67,440.67,422.73,273017,stock
2025-02-13,HPPL,438.0,434.67,445.33,433.33,209333,stock
2025-02-16,HPPL,438.67,451.53,470.67,437.33,491268,stock
2025-02-17,HPPL,452.0,440.73,459.33,440.67,233431,stock
2025-02-18,HPPL,432.6,442.0,449.8,432.6,156894,stock
2025-02-20,HPPL,442.67,446.0,446.6,436.73,148962,stock
2025-02-23,HPPL,438.0,433.33,442.0,430.07,154681,stock
2025-02-24,HPPL,425.33,428.67,442.67,424.0,210501,stock
2025-02-25,HPPL,435.33,426.67,435.33,420.0,168915,stock
2025-02-27,HPPL,433.33,426.67,438.0,422.13,195087,stock
2025-03-02,HPPL,433.33,435.93,440.0,428.0,93709,stock
2025-03-03,HPPL,443.67,430.0,443.67,427.67,116812,stock
2025-03-04,HPPL,437.93,443.33,446.8,429.33,265259,stock
2025-03-05,HPPL,443.33,460.0,476.67,440.0,425400,stock
2025-03-06,HPPL,466.0,453.47,468.0,450.07,151262,stock
2025-03-09,HPPL,445.33,443.33,466.0,442.2,266713,stock
2025-03-10,HPPL,451.33,443.33,451.33,433.33,138274,stock
2025-03-11,HPPL,439.0,424.0,439.67,420.0,128097,stock
2025-03-12,HPPL,420.0,433.33,434.47,417.33,118444,stock
2025-03-16,HPPL,425.33,426.67,436.67,420.0,87166,stock
2025-03-17,HPPL,419.33,417.33,432.0,416.67,68309,stock
2025-03-18,HPPL,424.67,455.33,455.33,418.0,113172,stock
2025-03-19,HPPL,446.93,436.27,462.67,416.0,226339,stock
2025-03-20,HPPL,444.0,439.07,444.0,428.87,123709,stock
2025-03-23,HPPL,445.27,423.11,445.27,422.07,121843,stock
2025-03-24,HPPL,430.67,423.41,430.67,416.13,43277,stock
2025-03-25,HPPL,415.67,412.98,423.93,408.67,77647,stock
2025-03-26,HPPL,420.0,424.39,428.33,413.33,40801,stock
2025-03-27,HPPL,425.33,425.8,429.33,420.0,74237,stock
2025-03-30,HPPL,429.87,434.11,445.33,420.47,197076,stock
2025-04-01,HPPL,442.0,446.39,451.93,431.93,347130,stock
2025-04-02,HPPL,453.4,460.61,463.0,438.67,355885,stock
2025-04-03,HPPL,463.33,468.62,480.0,454.67,530423,stock
2025-04-07,HPPL,467.33,449.83,470.0,445.33,334081,stock
2025-04-08,HPPL,458.13,447.33,458.13,436.67,178590,stock
2025-04-09,HPPL,450.0,445.04,453.33,443.33,281745,stock
2025-04-10,HPPL,446.0,433.85,446.73,431.27,177939,stock
2025-04-13,HPPL,428.8,435.05,443.2,428.8,257854,stock
2025-04-15,HPPL,441.33,450.37,453.33,441.0,482328,stock
2025-04-16,HPPL,458.67,474.66,480.0,450.67,486024,stock
2025-04-17,HPPL,475.33,478.59,507.33,433.33,2531957,stock
2025-04-20,HPPL,470.0,445.94,470.0,444.0,330336,stock
2025-04-21,HPPL,437.73,434.52,446.67,433.27,586127,stock
2025-04-22,HPPL,433.33,420.94,437.33,420.0,694617,stock
2025-04-23,HPPL,426.33,418.74,426.33,413.33,129854,stock
2025-04-24,HPPL,426.0,416.15,427.73,411.33,156035,stock
2025-04-27,HPPL,423.8,413.74,423.8,412.27,293488,stock
2025-04-28,HPPL,416.67,407.61,417.33,406.0,165041,stock
2025-04-29,HPPL,410.0,409.79,434.0,409.07,168346,stock
2025-04-30,HPPL,415.33,436.37,447.33,412.07,619165,stock
2025-05-04,HPPL,428.33,463.9,473.33,418.0,422606,stock
2025-05-05,HPPL,455.33,420.87,455.33,420.87,207695,stock
2025-05-06,HPPL,413.33,400.78,415.33,398.33,281487,stock
2025-05-07,HPPL,393.47,395.59,413.4,393.33,206098,stock
2025-05-08,HPPL,395.33,383.48,402.0,380.93,266969,stock
2025-05-11,HPPL,389.27,372.09,389.27,370.0,168426,stock
2025-05-13,HPPL,370.4,384.07,394.67,370.4,382303,stock
2025-05-14,HPPL,389.47,371.29,389.47,368.67,123884,stock
2025-05-15,HPPL,367.33,366.47,374.0,364.67,94355,stock
2025-05-18,HPPL,371.33,359.27,371.33,358.67,89145,stock
2025-05-19,HPPL,359.33,361.97,366.67,359.33,86795,stock
2025-05-20,HPPL,360.0,372.66,380.0,360.0,90807,stock
2025-05-21,HPPL,379.4,367.77,392.0,366.67,62905,stock
2025-05-22,HPPL,373.33,361.65,373.33,360.07,86013,stock
2025-05-25,HPPL,360.0,363.14,376.0,358.73,431164,stock
2025-05-26,HPPL,366.67,361.31,371.67,360.67,68786,stock
2025-05-27,HPPL,360.07,357.86,363.13,355.4,104997,stock
2025-05-28,HPPL,355.4,359.77,368.0,354.2,97071,stock
2025-06-02,HPPL,366.27,358.42,372.87,357.4,93136,stock
2025-06-03,HPPL,358.67,354.0,364.67,353.4,52257,stock
2025-06-04,HPPL,355.33,357.11,360.0,351.4,77949,stock
2025-06-05,HPPL,361.33,364.72,366.67,355.33,127089,stock
2025-06-08,HPPL,361.33,391.07,393.33,358.27,253584,stock
2025-06-09,HPPL,390.67,396.57,410.73,379.47,232084,stock
2025-06-10,HPPL,403.33,406.34,417.53,397.4,420234,stock
2025-06-11,HPPL,400.67,393.56,408.07,390.33,189009,stock
2025-06-12,HPPL,390.0,404.73,409.2,390.0,317586,stock
2025-06-15,HPPL,397.33,412.24,420.0,397.33,306315,stock
2025-06-16,HPPL,418.67,412.3,426.67,406.0,366715,stock
2025-06-17,HPPL,407.47,414.83,416.67,405.33,138213,stock
2025-06-18,HPPL,407.33,406.98,420.0,406.0,155738,stock
2025-06-19,HPPL,410.0,402.79,413.33,397.33,141197,stock
2025-06-22,HPPL,400.0,406.05,409.33,396.67,172388,stock
2025-06-23,HPPL,413.4,406.99,416.67,400.0,477746,stock
2025-06-24,HPPL,400.0,436.39,442.0,400.0,412718,stock
2025-06-25,HPPL,428.33,400.02,428.33,399.33,201131,stock
2025-06-26,HPPL,405.33,393.67,405.33,386.67,480771,stock
2025-06-29,HPPL,386.67,385.24,393.73,382.67,79765,stock
2025-06-30,HPPL,384.67,379.1,389.93,376.8,67735,stock
2025-07-01,HPPL,385.93,383.08,388.67,378.07,107568,stock
2025-07-02,HPPL,382.0,381.69,390.67,378.8,96033,stock
2025-07-03,HPPL,380.0,380.01,386.67,379.6,101913,stock
2025-07-06,HPPL,386.93,375.35,386.93,374.73,52287,stock
2025-07-07,HPPL,381.33,368.07,381.93,366.67,175053,stock
2025-07-08,HPPL,367.33,367.31,372.0,364.2,42603,stock
2025-07-09,HPPL,364.27,371.04,376.6,364.27,45173,stock
2025-07-10,HPPL,368.0,370.54,382.67,368.0,45584,stock
2025-07-13,HPPL,377.27,365.43,383.33,364.0,52581,stock
2025-07-14,HPPL,366.73,363.18,370.0,362.0,95900,stock
2025-07-15,HPPL,367.33,368.87,372.67,363.4,81044,stock
2025-07-16,HPPL,372.67,364.19,372.67,362.73,221705,stock
2025-07-17,HPPL,366.67,382.79,384.0,366.67,161458,stock
2025-07-20,HPPL,384.67,378.87,388.0,377.73,102351,stock
2025-07-21,HPPL,376.67,376.43,380.93,373.33,72958,stock
2025-07-22,HPPL,377.33,393.07,395.67,377.33,173055,stock
2025-07-23,HPPL,400.2,395.36,403.27,392.0,73724,stock
2025-07-24,HPPL,394.67,396.1,400.67,390.0,82374,stock
2025-07-27,HPPL,401.33,392.48,406.67,388.67,151268,stock
2025-07-28,HPPL,388.67,390.55,393.33,385.8,64291,stock
2025-07-29,HPPL,396.67,389.75,397.67,387.73,59065,stock
2025-07-30,HPPL,390.0,378.07,394.0,376.0,88642,stock
2025-07-31,HPPL,380.0,376.61,383.6,374.0,57006,stock
2025-08-03,HPPL,371.67,372.63,380.0,371.67,41501,stock
2025-08-04,HPPL,372.67,375.48,378.67,371.4,39837,stock
2025-08-05,HPPL,375.33,371.62,380.0,370.67,33563,stock
2025-08-06,HPPL,373.27,368.69,373.33,368.0,26019,stock
2025-08-07,HPPL,370.0,369.8,373.33,368.13,29459,stock
2025-08-11,HPPL,369.67,376.21,390.2,366.53,107824,stock
2025-08-12,HPPL,373.33,373.39,379.2,371.33,41442,stock
2025-08-13,HPPL,372.67,374.75,379.33,372.67,61160,stock
2025-08-14,HPPL,375.33,375.45,385.93,373.33,150830,stock
2025-08-17,HPPL,382.0,371.07,382.0,365.93,32524,stock
2025-08-18,HPPL,367.33,368.24,376.0,366.67,56576,stock
2025-08-19,HPPL,374.53,368.61,374.93,367.4,23188,stock
2025-08-20,HPPL,366.73,364.67,371.33,364.07,73187,stock
2025-08-21,HPPL,369.33,363.43,369.33,363.33,38557,stock
2025-08-24,HPPL,358.67,358.71,368.6,358.07,26001,stock
2025-08-25,HPPL,359.33,359.69,363.33,356.73,33823,stock
2025-08-26,HPPL,356.87,360.56,363.33,356.87,14700,stock
2025-08-27,HPPL,360.0,367.45,369.93,360.0,149640,stock
2025-08-28,HPPL,368.0,363.23,372.67,362.0,36715,stock
2025-08-31,HPPL,360.0,359.93,365.0,358.67,44461,stock
2025-09-01,HPPL,364.67,361.27,364.67,356.0,182826,stock
2025-09-02,HPPL,367.8,356.46,367.8,355.4,21896,stock
2025-09-03,HPPL,356.0,355.91,359.93,353.67,18349,stock
2025-09-04,HPPL,353.33,355.81,358.47,350.73,20713,stock
2025-09-07,HPPL,354.67,352.25,360.67,351.33,20974,stock
2025-09-08,HPPL,350.07,343.95,352.67,343.33,44269,stock
2025-09-18,HPPL,337.8,312.93,338.73,312.93,7220,stock
2025-09-21,HPPL,307.4,335.76,340.0,307.4,52651,stock
2025-09-23,HPPL,339.33,343.4,346.6,336.67,26640,stock
2025-09-24,HPPL,342.0,341.47,347.33,340.07,27749,stock
2025-09-25,HPPL,338.0,336.67,344.6,335.33,18872,stock
2025-09-28,HPPL,340.0,344.0,344.0,339.0,17636,stock
2025-10-07,HPPL,338.13,332.0,343.33,331.33,147548,stock
2025-10-08,HPPL,333.33,326.0,334.6,319.53,75720,stock
2025-10-09,HPPL,331.8,326.0,343.33,323.33,43541,stock
2025-10-12,HPPL,323.33,321.33,323.33,307.4,65000,stock
2025-10-13,HPPL,321.33,328.93,330.67,308.0,30330,stock
2025-10-14,HPPL,323.33,320.0,326.4,318.0,12142,stock
2025-10-15,HPPL,315.33,315.33,320.0,314.53,16611,stock
2025-10-16,HPPL,315.33,343.33,343.33,311.0,39564,stock
2025-10-19,HPPL,337.13,374.0,374.0,321.67,86371,stock
2025-10-26,HPPL,367.2,400.0,404.67,343.33,220333,stock
2025-10-28,HPPL,393.33,376.67,436.67,363.33,485109,stock
2025-10-29,HPPL,376.0,406.67,410.67,370.07,278169,stock
2025-10-30,HPPL,399.2,392.67,428.0,378.67,316678,stock
2025-11-02,HPPL,392.67,379.27,392.67,373.4,196715,stock
2025-11-03,HPPL,375.4,371.27,378.67,363.67,146250,stock
2025-11-04,HPPL,364.6,360.0,372.87,360.0,104316,stock
2025-11-05,HPPL,365.27,360.67,366.0,353.33,99437,stock
2025-11-06,HPPL,364.67,356.0,364.67,352.33,104770,stock
2025-11-09,HPPL,362.4,343.0,362.4,340.67,112257,stock
2025-11-10,HPPL,344.2,340.27,348.53,338.8,51406,stock
2025-11-11,HPPL,342.67,346.8,350.67,339.33,58547,stock
2025-11-12,HPPL,340.53,356.67,358.0,340.53,132491,stock
2025-11-13,HPPL,350.2,366.0,385.33,350.2,339036,stock
2025-11-16,HPPL,360.67,359.33,371.27,352.67,145676,stock
2025-11-17,HPPL,353.33,359.73,390.0,353.33,158530,stock
2025-11-18,HPPL,360.13,350.67,362.67,349.33,106544,stock
2025-11-19,HPPL,353.33,351.4,355.87,346.67,81500,stock
2025-11-20,HPPL,345.33,352.0,352.6,345.33,71986,stock
2025-11-23,HPPL,353.33,352.93,359.67,352.67,79642,stock
2025-11-24,HPPL,349.33,354.67,358.0,349.33,58466,stock
2025-11-25,HPPL,354.0,353.33,358.67,353.07,54061,stock
2025-11-26,HPPL,353.33,352.07,356.67,351.53,72212,stock
2025-11-27,HPPL,345.93,353.53,376.67,345.93,102213,stock
2025-11-30,HPPL,357.93,353.33,378.67,353.33,98871,stock
2025-12-01,HPPL,353.33,359.33,359.73,352.73,64112,stock
2025-12-02,HPPL,362.6,356.6,362.67,353.4,80082,stock
2025-12-03,HPPL,358.67,352.13,358.67,352.0,65413,stock
2025-12-07,HPPL,355.93,346.87,355.93,346.67,48991,stock
2025-12-08,HPPL,350.0,345.33,350.0,344.0,45962,stock
2025-12-09,HPPL,345.47,344.0,348.6,344.0,33188,stock
2025-12-10,HPPL,349.67,345.33,349.67,342.73,18744,stock
2025-12-11,HPPL,346.47,340.67,346.6,340.67,41855,stock
2025-12-14,HPPL,344.0,339.33,345.87,338.67,62661,stock
2025-12-15,HPPL,339.4,337.73,341.93,336.8,24531,stock
2025-12-16,HPPL,336.67,343.33,343.67,336.67,33377,stock
2025-12-17,HPPL,344.0,344.87,348.67,344.0,22766,stock
2025-12-18,HPPL,343.33,340.67,345.67,340.67,31475,stock
2025-12-21,HPPL,341.33,343.6,345.6,340.73,51507,stock
2025-12-22,HPPL,343.6,354.53,356.0,343.33,152778,stock
2025-12-23,HPPL,356.67,353.33,358.67,350.67,79877,stock
2025-12-24,HPPL,350.0,348.0,355.33,347.33,63811,stock
2025-12-28,HPPL,348.0,350.67,353.33,348.0,51670,stock
2025-12-29,HPPL,350.07,345.33,350.6,344.13,50563,stock
2025-12-31,HPPL,350.67,346.0,351.2,344.0,35011,stock
2026-01-01,HPPL,352.0,341.4,352.0,341.33,32947,stock
2026-01-04,HPPL,341.4,340.67,344.0,340.0,30328,stock
2026-01-05,HPPL,343.33,345.33,346.0,340.0,35668,stock
2026-01-06,HPPL,345.33,344.33,348.73,340.07,61712,stock
2026-01-07,HPPL,341.33,340.93,346.47,340.2,35679,stock
2026-01-08,HPPL,347.07,341.0,347.07,338.8,47766,stock
2026-01-12,HPPL,339.73,338.0,343.33,337.67,39288,stock
2026-01-13,HPPL,338.67,349.33,351.33,338.67,121159,stock
2026-01-14,HPPL,348.67,352.33,359.53,347.33,126745,stock
2026-01-18,HPPL,348.13,356.0,358.67,348.13,163636,stock
2026-01-20,HPPL,358.67,353.4,362.0,352.87,150196,stock
2026-01-21,HPPL,354.0,350.07,358.67,350.0,89167,stock
2026-01-22,HPPL,346.73,351.4,356.0,346.73,62608,stock
2026-01-25,HPPL,353.33,356.67,361.33,353.33,142491,stock
2026-01-26,HPPL,356.67,370.0,382.0,340.07,1378983,stock
2026-01-27,HPPL,370.0,358.67,374.67,358.67,140522,stock
2026-01-28,HPPL,358.67,350.0,361.33,348.67,180238,stock
2026-01-29,HPPL,350.67,348.67,355.33,347.33,325567,stock
2026-02-01,HPPL,354.53,346.67,354.53,345.4,136096,stock
2026-02-02,HPPL,348.07,346.8,352.67,346.67,106235,stock
2026-02-03,HPPL,348.07,348.0,351.33,347.33,81527,stock
2026-02-04,HPPL,352.27,348.0,352.27,346.73,96626,stock
2026-02-05,HPPL,341.73,350.0,353.13,341.73,102278,stock
2026-02-08,HPPL,353.33,348.67,355.93,348.0,134090,stock
2026-02-09,HPPL,354.93,344.0,354.93,343.33,77738,stock
2026-02-10,HPPL,343.33,349.13,354.07,342.73,108086,stock
2026-02-11,HPPL,355.4,346.0,355.4,342.07,93926,stock
2026-02-12,HPPL,346.93,345.33,350.67,343.33,103001,stock
2026-02-16,HPPL,346.07,346.0,348.67,344.0,39752,stock
2026-02-17,HPPL,344.67,340.93,346.67,340.87,66233,stock
2026-02-22,HPPL,342.67,340.0,343.33,339.33,63676,stock
2026-02-23,HPPL,340.67,339.93,343.0,339.0,37482,stock
2026-02-24,HPPL,338.0,368.0,368.0,337.4,75407,stock
2026-02-25,HPPL,366.67,348.0,366.67,342.67,197826,stock
2026-02-26,HPPL,348.0,342.0,348.6,339.47,128179,stock
2026-03-01,HPPL,341.67,343.33,344.07,336.0,64699,stock
2026-03-03,HPPL,337.13,352.6,352.6,337.13,56334,stock
2026-03-09,HPPL,358.93,370.0,373.33,358.93,13424,stock
2026-03-10,HPPL,376.67,382.0,384.67,363.33,608028,stock
2026-03-11,HPPL,382.0,377.33,386.53,376.67,221900,stock
2026-03-12,HPPL,377.67,378.67,381.33,373.33,292661,stock
2026-03-15,HPPL,385.53,378.0,385.53,377.33,264655,stock
2026-03-16,HPPL,378.0,373.4,404.67,373.33,288627,stock
2026-03-17,HPPL,373.4,372.0,376.0,366.33,264029,stock
2026-03-19,HPPL,365.33,373.33,380.67,365.33,326016,stock
2026-03-22,HPPL,380.0,375.93,380.0,372.67,476637,stock
2026-03-23,HPPL,380.0,381.33,383.33,374.67,564569,stock
2026-03-24,HPPL,388.9,419.4,419.4,388.9,237588,stock
2026-03-25,HPPL,427.7,418.2,444.0,412.0,479027,stock
2026-03-26,HPPL,420.0,410.9,420.0,408.3,174045,stock
2026-03-29,HPPL,411.0,399.0,412.0,395.1,171787,stock
2026-03-30,HPPL,392.3,387.0,404.8,384.0,145945,stock
2026-03-31,HPPL,388.0,396.0,398.8,387.0,100374,stock
2026-04-01,HPPL,396.0,390.6,397.0,383.0,138405,stock
2026-04-02,HPPL,383.0,383.0,393.0,380.2,80731,stock
2026-04-05,HPPL,386.0,380.0,386.0,360.0,153612,stock
2026-04-06,HPPL,373.0,383.0,387.9,365.6,87503,stock
2026-04-07,HPPL,383.1,385.7,390.6,379.0,74340,stock
2026-04-08,HPPL,380.0,392.7,392.7,380.0,59135,stock
2026-04-09,HPPL,388.0,398.8,398.8,388.0,79113,stock
2026-04-10,HPPL,394.0,402.0,402.0,390.1,66397,stock
2026-04-13,HPPL,398.0,405.9,405.9,395.0,87376,stock
2026-04-15,HPPL,398.0,409.9,411.0,398.0,120884,stock
2026-04-16,HPPL,409.0,413.0,413.0,394.0,157117,stock
2026-04-17,HPPL,410.0,410.0,411.9,400.0,111827,stock
2026-04-20,HPPL,390.0,424.3,424.3,390.0,123366,stock
2026-04-21,HPPL,443.0,404.0,443.0,400.0,71033,stock
2026-04-22,HPPL,404.0,409.9,409.9,393.0,70623,stock
2026-04-23,HPPL,430.3,391.0,430.3,388.0,82327,stock
2026-04-24,HPPL,388.0,382.0,391.0,380.0,55568,stock
2026-04-27,HPPL,382.0,392.9,403.0,382.0,66864,stock
2026-04-28,HPPL,392.9,387.3,392.8,380.5,56621,stock
2026-04-29,HPPL,390.0,373.0,390.0,371.0,45068,stock
2026-04-30,HPPL,373.0,366.6,375.0,362.0,42793,stock
2026-05-04,HPPL,375.0,361.0,375.0,361.0,33705,stock
2026-05-05,HPPL,360.2,368.0,368.0,355.1,32691,stock
2026-05-06,HPPL,357.0,365.0,370.0,357.0,10408,stock
2026-05-07,HPPL,358.0,370.0,370.0,358.0,33180,stock
2026-05-08,HPPL,361.0,379.8,379.8,361.0,31358,stock
2026-05-11,HPPL,389.9,382.8,389.9,378.0,23480,stock
2026-05-12,HPPL,375.0,373.0,382.8,371.4,28232,stock
2026-05-13,HPPL,362.0,373.7,373.7,362.0,14981,stock
2026-05-14,HPPL,363.0,372.0,379.8,363.0,10536,stock
2026-05-15,HPPL,366.0,371.0,375.0,365.0,18183,stock
2026-05-18,HPPL,365.0,373.9,375.0,365.0,17437,stock
2026-05-19,HPPL,368.0,377.0,378.3,365.1,23945,stock
2026-05-20,HPPL,377.0,381.0,382.5,373.0,17029,stock
2026-05-21,HPPL,380.2,377.9,381.9,377.2,26175,stock
2026-05-22,HPPL,373.1,381.0,381.5,373.1,29364,stock
2026-05-25,HPPL,381.3,386.0,388.0,381.0,16114,stock
2026-05-26,HPPL,387.0,384.9,387.0,382.2,17119,stock
2026-05-27,HPPL,389.5,385.0,389.5,383.0,34466,stock
2026-06-01,HPPL,383.9,376.5,385.0,373.0,26528,stock
2026-06-02,HPPL,375.1,379.5,379.8,374.3,25297,stock
2026-06-03,HPPL,379.0,376.0,383.0,373.6,24879,stock
2026-06-04,HPPL,380.0,379.5,382.0,374.0,35336,stock
2026-06-05,HPPL,373.0,374.2,380.0,373.0,32920,stock
2026-06-08,HPPL,386.0,375.0,386.0,370.0,30809,stock
2026-06-09,HPPL,378.0,373.9,378.0,367.1,19676,stock
2026-06-10,HPPL,365.0,368.2,374.3,365.0,20529,stock
2026-06-11,HPPL,366.0,366.5,369.9,366.0,22293,stock
2026-06-12,HPPL,363.1,367.0,369.0,363.1,15077,stock
2026-06-15,HPPL,366.9,367.2,370.0,366.9,11383,stock
2026-06-16,HPPL,366.5,367.0,369.8,366.5,17970,stock
2026-06-17,HPPL,367.0,371.7,371.9,366.5,36621,stock
2026-06-18,HPPL,370.0,371.0,373.0,369.0,26816,stock
2026-06-19,HPPL,371.0,367.0,373.0,366.0,15080,stock
2026-06-22,HPPL,370.0,369.0,370.0,365.0,19508,stock
2026-06-23,HPPL,360.1,369.0,369.0,360.1,17289,stock
2026-06-24,HPPL,358.0,364.0,368.4,358.0,16382,stock
2026-06-25,HPPL,367.7,360.1,367.7,357.8,13777,stock
2026-06-26,HPPL,365.0,360.5,365.0,358.6,23227,stock
2026-06-29,HPPL,355.1,357.0,359.0,354.2,19196,stock
2026-06-30,HPPL,355.0,358.0,359.8,353.0,31914,stock
2026-07-01,HPPL,358.0,362.0,371.0,358.0,14075,stock
2026-07-02,HPPL,366.0,363.8,366.0,358.4,9926,stock
2026-07-03,HPPL,360.0,362.9,367.0,359.2,11019,stock
2026-07-06,HPPL,357.0,358.8,366.0,357.0,23643,stock
2026-07-07,HPPL,359.0,361.9,363.5,359.0,24662,stock
2026-07-08,HPPL,358.0,362.0,368.0,357.3,23084,stock
2026-07-09,HPPL,352.5,365.1,367.0,352.5,54567,stock
2026-07-10,HPPL,363.0,365.0,366.0,357.5,29137,stock
2026-07-13,HPPL,356.0,348.5,359.9,347.0,168161,stock
2026-07-14,HPPL,342.1,350.9,363.0,340.1,85585,stock
2026-07-15,HPPL,346.3,343.1,355.0,343.0,88643,stock
2026-07-16,HPPL,344.0,344.0,350.0,341.6,92919,stock
2026-07-17,HPPL,349.9,364.8,364.8,349.0,123594,stock
2026-07-20,HPPL,360.0,373.1,374.9,360.0,139567,stock
2026-07-21,HPPL,382.0,371.5,382.0,369.9,116926,stock
2026-07-22,HPPL,360.0,370.0,381.6,360.0,91191,stock
2026-07-23,HPPL,360.0,381.0,381.9,360.0,106938,stock
2026-07-24,HPPL,370.0,380.0,385.8,370.0,127177,stock
2026-07-27,HPPL,370.0,379.0,385.0,370.0,155350,stock
2026-07-28,HPPL,370.0,381.9,385.0,370.0,216411,stock
2026-07-29,HPPL,378.0,394.7,400.0,378.0,573369,stock
2026-07-30,HPPL,389.0,388.0,399.9,380.1,214904,stock
2026-07-31,HPPL,388.0,383.0,388.0,377.0,172178,stock
2026-08-03,HPPL,384.0,377.0,385.0,376.0,84917,stock
2026-08-04,HPPL,375.0,384.8,384.8,372.6,88753,stock
2026-08-05,HPPL,372.0,386.5,386.9,372.0,137172,stock
2026-08-06,HPPL,385.1,388.0,388.0,376.5,110658,stock
2026-08-07,HPPL,384.0,380.0,387.5,373.1,165076,stock
2026-08-10,HPPL,377.1,382.0,382.0,373.4,83031,stock
2026-08-11,HPPL,370.0,385.4,390.0,370.0,139819,stock
2026-08-12,HPPL,373.0,379.0,395.0,373.0,113217,stock
2026-08-13,HPPL,373.0,380.5,383.9,373.0,66373,stock
2026-08-14,HPPL,373.0,383.5,384.0,373.0,126149,stock
2026-08-17,HPPL,377.0,380.0,382.0,375.0,42112,stock
2026-08-18,HPPL,376.0,380.0,380.0,373.0,80641,stock
2026-08-19,HPPL,373.0,383.0,383.0,373.0,90182,stock
2026-08-20,HPPL,378.0,379.3,384.0,374.0,103853,stock
2026-08-21,HPPL,370.0,380.0,384.9,370.0,115323,stock
2026-08-24,HPPL,375.0,379.9,380.0,373.7,63912,stock
2026-08-25,HPPL,375.0,378.0,378.0,371.0,100522,stock
2026-08-26,HPPL,371.1,375.0,375.0,366.0,92831,stock
2026-08-27,HPPL,366.2,369.0,373.0,365.0,92389,stock
2026-08-31,HPPL,372.2,358.0,372.2,354.1,51754,stock
2026-09-01,HPPL,367.7,359.0,367.7,356.0,45731,stock
2026-09-02,HPPL,356.0,363.8,365.0,356.0,66936,stock
2026-09-03,HPPL,367.0,363.1,367.0,363.1,41254,stock
2026-09-07,HPPL,380.0,370.5,380.0,366.1,60500,stock
2026-09-09,HPPL,367.3,367.2,372.8,367.0,49823,stock
2026-09-10,HPPL,365.0,367.0,367.0,363.6,42742,stock
2026-09-11,HPPL,363.6,375.0,378.0,363.6,110915,stock
2026-09-14,HPPL,381.0,379.5,386.0,378.0,76245,stock
2026-09-15,HPPL,398.0,383.9,398.4,383.0,118948,stock
2026-09-16,HPPL,380.0,385.0,388.0,378.0,89853,stock
2026-09-17,HPPL,383.9,387.0,388.9,380.0,96798,stock
2026-09-18,HPPL,387.0,387.0,395.0,381.0,152034,stock
2026-09-22,HPPL,384.0,381.0,388.0,379.1,91552,stock
2026-09-23,HPPL,380.0,372.2,380.5,372.2,94175,stock
2026-09-24,HPPL,377.0,380.0,380.0,372.0,79505,stock
2026-09-28,HPPL,376.1,381.8,386.0,376.1,93901,stock
2026-09-29,HPPL,381.0,379.8,384.4,377.0,37157,stock
2026-09-30,HPPL,377.0,378.0,382.9,377.0,33149,stock
2026-10-01,HPPL,359.9,379.9,385.0,359.9,64896,stock
2026-10-02,HPPL,398.0,380.9,398.0,380.0,154438,stock
2026-10-05,HPPL,380.2,380.0,381.0,379.2,80636,stock
2026-10-06,HPPL,380.0,382.2,385.0,380.0,73139,stock
2026-10-07,HPPL,394.5,392.0,394.5,382.2,239841,stock
