time,symbol,open,close,high,low,volume,category
2012-01-01,ICFC,52.56,47.01,47.01,47.01,1000,stock
2012-01-02,ICFC,51.1,51.1,51.1,51.1,972,stock
2012-01-04,ICFC,51.1,50.51,50.51,50.51,40,stock
2012-01-05,ICFC,50.51,49.34,49.93,49.34,510,stock
2012-01-08,ICFC,49.34,48.18,48.76,48.18,671,stock
2012-01-10,ICFC,48.18,51.1,51.1,48.76,390,stock
2012-01-12,ICFC,51.1,51.1,51.39,51.1,530,stock
2012-01-16,ICFC,51.1,51.1,51.1,51.1,132,stock
2012-01-17,ICFC,51.1,50.51,51.1,50.51,1936,stock
2012-01-22,ICFC,50.51,51.39,51.39,51.1,654,stock
2012-01-23,ICFC,51.39,50.22,50.81,50.22,88,stock
2012-01-26,ICFC,50.22,49.64,50.22,49.64,4290,stock
2012-01-29,ICFC,49.64,50.22,50.51,50.22,923,stock
2012-01-31,ICFC,50.22,50.81,50.81,50.81,40,stock
2012-02-01,ICFC,50.81,50.81,51.1,50.81,110,stock
2012-02-02,ICFC,50.81,50.22,50.81,50.22,410,stock
2012-02-06,ICFC,50.22,49.05,49.64,49.05,2260,stock
2012-02-07,ICFC,49.05,49.64,49.64,49.64,42,stock
2012-02-12,ICFC,49.64,49.34,49.34,49.34,300,stock
2012-02-13,ICFC,49.34,48.47,49.05,48.47,1438,stock
2012-02-23,ICFC,48.47,49.05,49.05,49.05,264,stock
2012-02-26,ICFC,49.05,48.18,48.47,48.18,414,stock
2012-02-27,ICFC,48.18,48.47,48.76,48.18,2080,stock
2012-02-29,ICFC,48.47,48.47,48.47,48.47,100,stock
2012-03-01,ICFC,48.47,49.05,49.05,49.05,200,stock
2012-03-06,ICFC,49.05,50.22,50.22,49.64,1360,stock
2012-03-11,ICFC,50.22,48.76,49.64,48.76,1791,stock
2012-03-12,ICFC,48.76,48.76,49.05,48.47,1345,stock
2012-03-18,ICFC,48.76,48.47,48.76,48.47,152,stock
2012-03-25,ICFC,48.47,49.05,49.05,49.05,250,stock
2012-03-26,ICFC,49.05,48.76,49.93,48.47,1550,stock
2012-03-27,ICFC,48.76,48.76,48.76,48.76,3000,stock
2012-03-28,ICFC,48.76,49.05,49.05,48.76,3729,stock
2012-03-29,ICFC,49.05,48.47,48.47,48.47,360,stock
2012-04-02,ICFC,48.47,49.05,49.05,49.05,690,stock
2012-04-04,ICFC,49.05,49.64,49.64,49.64,176,stock
2012-04-05,ICFC,49.64,49.64,49.64,49.64,142,stock
2012-04-08,ICFC,49.64,48.18,49.05,48.18,1110,stock
2012-04-10,ICFC,48.18,47.88,47.88,47.88,3916,stock
2012-04-12,ICFC,47.88,47.3,47.3,47.3,248,stock
2012-04-16,ICFC,47.3,48.76,48.76,48.76,70,stock
2012-04-19,ICFC,48.76,49.93,49.93,49.34,20,stock
2012-04-22,ICFC,49.93,51.68,51.68,50.51,30,stock
2012-04-26,ICFC,51.68,54.9,54.9,52.27,4870,stock
2012-04-29,ICFC,54.9,57.24,57.24,55.48,360,stock
2012-04-30,ICFC,57.24,57.82,57.82,57.82,10,stock
2012-05-02,ICFC,57.82,60.45,61.62,58.4,3794,stock
2012-05-03,ICFC,60.45,62.5,62.5,61.03,60,stock
2012-05-08,ICFC,62.5,66.88,66.88,62.5,4290,stock
2012-05-09,ICFC,66.88,71.26,71.56,67.76,7434,stock
2012-05-10,ICFC,71.26,66.88,71.85,66.0,1586,stock
2012-05-13,ICFC,66.88,65.13,66.0,65.13,232,stock
2012-05-14,ICFC,65.13,62.79,65.71,62.79,502,stock
2012-05-15,ICFC,62.79,67.17,67.17,63.66,1454,stock
2012-05-16,ICFC,67.17,66.29,66.29,66.29,514,stock
2012-05-17,ICFC,66.29,66.29,67.17,66.29,1510,stock
2012-05-20,ICFC,66.29,65.42,67.17,64.54,268,stock
2012-05-21,ICFC,65.42,66.59,66.59,65.42,2108,stock
2012-05-24,ICFC,66.59,67.46,67.46,65.71,200,stock
2012-05-27,ICFC,67.46,65.71,66.59,65.71,100,stock
2012-05-29,ICFC,65.71,63.96,64.83,63.96,510,stock
2012-06-03,ICFC,63.96,63.08,63.08,63.08,210,stock
2012-06-04,ICFC,63.08,62.2,62.79,62.2,56,stock
2012-06-05,ICFC,62.2,62.79,62.79,62.79,166,stock
2012-06-06,ICFC,62.79,62.79,63.66,62.79,30,stock
2012-06-17,ICFC,62.79,61.91,61.91,61.91,80,stock
2012-06-19,ICFC,61.91,59.87,61.03,59.87,270,stock
2012-06-21,ICFC,59.87,59.28,59.28,59.28,100,stock
2012-06-25,ICFC,59.28,58.4,58.7,57.82,894,stock
2012-06-26,ICFC,58.4,55.77,57.82,54.61,2859,stock
2012-06-27,ICFC,55.77,56.65,56.65,55.19,2300,stock
2012-06-28,ICFC,56.65,57.82,57.82,57.24,190,stock
2012-07-01,ICFC,57.82,56.65,57.24,56.65,276,stock
2012-07-03,ICFC,56.65,57.82,57.82,57.24,769,stock
2012-07-05,ICFC,57.82,56.94,57.53,56.94,344,stock
2012-07-08,ICFC,56.94,57.53,57.53,56.36,296,stock
2012-07-10,ICFC,57.53,58.11,58.7,58.11,68,stock
2012-07-11,ICFC,58.11,57.53,57.53,56.94,357,stock
2012-07-12,ICFC,57.53,56.94,56.94,56.94,30,stock
2012-07-15,ICFC,56.94,56.65,56.65,56.65,110,stock
2012-07-16,ICFC,56.65,56.07,56.07,56.07,44,stock
2012-07-17,ICFC,56.07,55.19,55.48,54.61,2006,stock
2012-07-18,ICFC,55.19,55.77,55.77,55.19,1041,stock
2012-07-19,ICFC,55.77,57.53,57.53,56.07,1298,stock
2012-07-22,ICFC,57.53,58.4,58.7,57.82,2603,stock
2012-07-23,ICFC,58.4,58.99,58.99,58.4,104,stock
2012-07-24,ICFC,58.99,57.82,57.82,57.82,96,stock
2012-07-25,ICFC,57.82,57.24,57.24,57.24,100,stock
2012-08-01,ICFC,57.24,55.77,56.65,55.77,1016,stock
2012-08-05,ICFC,55.77,55.19,55.19,55.19,104,stock
2012-08-12,ICFC,55.19,55.19,55.19,54.61,279,stock
2012-08-14,ICFC,55.19,54.61,54.61,54.61,1046,stock
2012-08-15,ICFC,54.61,54.9,54.9,54.9,381,stock
2012-08-19,ICFC,54.9,53.44,54.31,53.44,306,stock
2012-08-21,ICFC,53.44,52.85,52.85,52.85,223,stock
2012-08-22,ICFC,52.85,53.44,53.44,53.44,48,stock
2012-08-23,ICFC,53.44,54.31,54.31,54.02,232,stock
2012-08-28,ICFC,54.31,53.14,54.02,53.14,1519,stock
2012-08-29,ICFC,53.14,54.02,54.31,52.56,1791,stock
2012-08-30,ICFC,54.02,53.73,53.73,53.73,370,stock
2012-09-02,ICFC,53.73,54.31,54.31,52.56,2096,stock
2012-09-03,ICFC,54.31,53.73,53.73,53.73,182,stock
2012-09-04,ICFC,53.73,53.73,54.31,53.73,1688,stock
2012-09-06,ICFC,53.73,52.56,53.14,52.56,6167,stock
2012-09-09,ICFC,52.56,53.14,53.14,53.14,17,stock
2012-09-10,ICFC,53.14,53.44,53.44,52.85,113,stock
2012-09-11,ICFC,53.44,54.61,54.61,54.02,562,stock
2012-09-12,ICFC,54.61,55.77,56.65,55.19,1517,stock
2012-09-13,ICFC,55.77,56.07,56.07,55.77,192,stock
2012-09-16,ICFC,56.07,54.9,55.48,54.9,744,stock
2012-09-17,ICFC,54.9,54.9,54.9,54.31,455,stock
2012-09-19,ICFC,54.9,54.9,54.9,54.9,300,stock
2012-09-20,ICFC,54.9,54.9,54.9,54.31,68,stock
2012-09-23,ICFC,54.9,55.48,55.48,55.48,136,stock
2012-09-26,ICFC,55.48,54.9,54.9,54.9,54,stock
2012-09-27,ICFC,54.9,53.44,54.31,53.44,679,stock
2012-09-30,ICFC,53.44,52.85,52.85,52.85,200,stock
2012-10-01,ICFC,52.85,53.14,53.44,53.14,538,stock
2012-10-02,ICFC,53.14,54.02,54.02,52.85,652,stock
2012-10-03,ICFC,54.02,53.14,54.31,53.14,863,stock
2012-10-04,ICFC,53.14,53.73,53.73,53.14,416,stock
2012-10-07,ICFC,53.73,53.73,53.73,53.44,179,stock
2012-10-08,ICFC,53.73,53.73,53.73,53.73,400,stock
2012-10-09,ICFC,53.73,54.02,54.02,53.44,259,stock
2012-10-11,ICFC,54.02,54.61,54.61,54.61,20,stock
2012-10-14,ICFC,54.61,54.02,55.19,54.02,458,stock
2012-10-30,ICFC,54.02,54.02,54.02,53.44,11962,stock
2012-10-31,ICFC,54.02,54.9,54.9,54.61,419,stock
2012-11-01,ICFC,54.9,55.48,55.48,54.9,68,stock
2012-11-04,ICFC,55.48,55.48,55.48,55.48,62,stock
2012-11-05,ICFC,55.48,56.07,56.07,56.07,430,stock
2012-11-06,ICFC,56.07,57.82,58.11,56.65,646,stock
2012-11-07,ICFC,57.82,58.11,58.11,57.24,2005,stock
2012-11-08,ICFC,58.11,58.7,58.7,58.7,200,stock
2012-11-11,ICFC,58.7,56.65,58.4,56.65,967,stock
2012-11-12,ICFC,56.65,55.48,56.07,55.48,980,stock
2012-11-18,ICFC,55.48,56.65,56.65,56.07,306,stock
2012-11-20,ICFC,56.65,56.65,57.24,56.65,411,stock
2012-11-21,ICFC,56.65,56.07,56.07,56.07,300,stock
2012-11-22,ICFC,56.07,56.07,56.07,55.48,1236,stock
2012-11-25,ICFC,56.07,56.36,56.36,56.36,4609,stock
2012-11-26,ICFC,56.36,56.94,56.94,56.36,3069,stock
2012-11-27,ICFC,56.94,57.24,57.82,57.24,945,stock
2012-11-28,ICFC,57.24,56.65,56.65,56.07,1651,stock
2012-11-29,ICFC,56.65,56.94,56.94,56.94,124,stock
2012-12-02,ICFC,56.94,58.11,58.11,57.53,1525,stock
2012-12-03,ICFC,58.11,55.48,57.53,55.48,1199,stock
2012-12-04,ICFC,55.48,57.53,57.53,56.07,1033,stock
2012-12-05,ICFC,57.53,58.11,58.11,57.53,276,stock
2012-12-06,ICFC,58.11,57.53,57.53,57.53,176,stock
2012-12-24,ICFC,57.53,56.07,56.36,55.48,1710,stock
2012-12-26,ICFC,56.07,55.77,56.36,55.77,215,stock
2012-12-27,ICFC,55.77,55.19,56.07,54.61,2189,stock
2012-12-31,ICFC,55.19,56.36,56.36,55.19,3004,stock
2013-01-01,ICFC,56.36,56.07,56.65,56.07,1517,stock
2013-01-02,ICFC,56.07,56.07,56.07,56.07,150,stock
2013-01-03,ICFC,56.07,56.07,56.07,55.48,248,stock
2013-01-06,ICFC,56.07,55.19,56.07,55.19,850,stock
2013-01-09,ICFC,55.19,54.02,54.9,54.02,341,stock
2013-01-17,ICFC,54.02,53.44,53.44,53.44,138,stock
2013-01-30,ICFC,53.44,52.56,53.14,52.27,4501,stock
2013-01-31,ICFC,52.56,51.97,52.27,51.97,1678,stock
2013-02-03,ICFC,51.97,51.97,52.56,51.97,153,stock
2013-02-05,ICFC,51.97,52.56,52.56,51.39,1076,stock
2013-02-06,ICFC,52.56,52.56,52.56,52.27,306,stock
2013-02-07,ICFC,52.56,52.27,52.27,52.27,135,stock
2013-02-12,ICFC,52.27,54.61,54.61,52.85,552,stock
2013-02-14,ICFC,54.61,54.02,54.02,54.02,684,stock
2013-02-20,ICFC,54.02,56.65,56.65,54.02,2096,stock
2013-02-21,ICFC,56.65,56.07,56.07,56.07,438,stock
2013-02-24,ICFC,56.07,55.19,55.77,55.19,326,stock
2013-02-26,ICFC,55.19,55.48,55.48,55.48,191,stock
2013-02-27,ICFC,55.48,55.48,55.48,54.9,1702,stock
2013-02-28,ICFC,55.48,54.9,54.9,54.9,1545,stock
2013-03-03,ICFC,54.9,54.9,54.9,54.9,346,stock
2013-03-04,ICFC,54.9,54.9,54.9,54.9,40,stock
2013-03-05,ICFC,54.9,55.48,55.48,54.31,2369,stock
2013-03-07,ICFC,55.48,55.48,56.07,55.19,340,stock
2013-03-11,ICFC,55.48,54.31,54.9,54.31,698,stock
2013-03-13,ICFC,54.31,54.9,54.9,54.9,108,stock
2013-03-14,ICFC,54.9,55.48,55.48,55.48,144,stock
2013-03-17,ICFC,55.48,54.31,55.48,54.31,1486,stock
2013-03-18,ICFC,54.31,54.31,54.9,54.31,262,stock
2013-03-19,ICFC,54.31,54.02,54.02,54.02,290,stock
2013-03-20,ICFC,54.02,54.02,54.02,54.02,40,stock
2013-03-24,ICFC,54.02,53.73,53.73,53.73,200,stock
2013-03-25,ICFC,53.73,53.73,54.31,53.14,628,stock
2013-03-27,ICFC,53.73,53.14,53.14,53.14,340,stock
2013-03-28,ICFC,53.14,52.56,52.56,52.56,242,stock
2013-03-31,ICFC,52.56,52.27,52.27,52.27,33,stock
2013-04-01,ICFC,52.27,53.44,53.44,52.85,88,stock
2013-04-08,ICFC,53.44,53.14,53.14,53.14,22,stock
2013-04-15,ICFC,53.14,53.14,53.14,53.14,442,stock
2013-04-16,ICFC,53.14,53.73,53.73,51.97,658,stock
2013-04-17,ICFC,53.73,54.31,54.31,54.31,48,stock
2013-04-18,ICFC,54.31,54.02,54.02,54.02,38,stock
2013-04-21,ICFC,54.02,53.44,53.44,53.44,140,stock
2013-04-22,ICFC,53.44,54.02,54.02,53.14,990,stock
2013-04-25,ICFC,54.02,53.73,53.73,53.73,239,stock
2013-04-28,ICFC,53.73,53.14,53.14,53.14,648,stock
2013-04-29,ICFC,53.14,53.44,53.44,52.85,311,stock
2013-04-30,ICFC,53.44,52.85,52.85,51.97,2506,stock
2013-05-02,ICFC,52.85,53.44,53.44,53.44,143,stock
2013-05-05,ICFC,53.44,53.44,53.73,53.44,1668,stock
2013-05-06,ICFC,53.44,52.27,53.14,52.27,5264,stock
2013-05-07,ICFC,52.27,53.44,54.02,52.85,3245,stock
2013-05-08,ICFC,53.44,52.56,53.14,52.56,2204,stock
2013-05-09,ICFC,52.56,52.27,52.56,51.97,5383,stock
2013-05-12,ICFC,52.27,51.68,52.56,51.68,610,stock
2013-05-13,ICFC,51.68,52.56,52.56,51.68,854,stock
2013-05-20,ICFC,52.56,51.97,51.97,51.97,555,stock
2013-05-21,ICFC,51.97,51.97,51.97,51.97,346,stock
2013-05-22,ICFC,51.97,52.56,52.56,52.56,88,stock
2013-05-23,ICFC,52.56,53.14,53.14,53.14,96,stock
2013-06-04,ICFC,53.14,53.14,53.14,53.14,33,stock
2013-06-06,ICFC,53.14,51.68,52.56,51.68,1605,stock
2013-06-09,ICFC,51.68,51.1,51.68,51.1,502,stock
2013-06-10,ICFC,51.1,52.85,52.85,51.1,1051,stock
2013-06-11,ICFC,52.85,52.27,52.27,52.27,15,stock
2013-06-17,ICFC,52.27,52.56,52.56,52.56,477,stock
2013-06-20,ICFC,52.56,50.51,52.56,50.51,6625,stock
2013-06-23,ICFC,50.51,50.22,51.1,49.64,2219,stock
2013-06-24,ICFC,50.22,50.22,50.22,49.64,1590,stock
2013-06-25,ICFC,50.22,49.93,50.22,49.64,1526,stock
2013-06-26,ICFC,49.93,50.51,50.51,49.64,984,stock
2013-06-27,ICFC,50.51,51.68,51.68,51.1,598,stock
2013-07-01,ICFC,51.68,51.1,51.1,51.1,38,stock
2013-07-02,ICFC,51.1,50.81,51.1,50.51,1170,stock
2013-07-03,ICFC,50.81,51.39,51.39,51.39,464,stock
2013-07-04,ICFC,51.39,51.39,51.39,50.81,619,stock
2013-07-07,ICFC,51.39,53.14,53.73,51.97,152,stock
2013-07-08,ICFC,53.14,52.56,52.56,50.81,2456,stock
2013-07-09,ICFC,52.56,53.14,53.14,52.56,90,stock
2013-07-10,ICFC,53.14,52.56,52.56,52.56,10,stock
2013-07-14,ICFC,52.56,51.97,51.97,51.97,100,stock
2013-07-15,ICFC,51.97,54.9,54.9,52.56,170,stock
2013-07-16,ICFC,54.9,54.31,54.31,54.31,170,stock
2013-07-18,ICFC,54.31,53.73,53.73,53.73,10,stock
2013-07-21,ICFC,53.73,53.14,53.14,53.14,100,stock
2013-07-22,ICFC,53.14,51.68,52.56,50.81,1526,stock
2013-07-23,ICFC,51.68,51.97,52.27,51.68,3019,stock
2013-07-28,ICFC,51.97,52.27,52.27,51.68,269,stock
2013-07-29,ICFC,52.27,52.56,52.56,51.97,516,stock
2013-07-30,ICFC,52.56,51.68,52.27,51.68,570,stock
2013-07-31,ICFC,51.68,51.39,51.97,51.39,218,stock
2013-08-01,ICFC,51.39,51.39,51.97,51.39,310,stock
2013-08-04,ICFC,51.39,54.61,54.61,51.97,1196,stock
2013-08-05,ICFC,54.61,55.77,56.65,54.9,5917,stock
2013-08-06,ICFC,55.77,56.65,56.65,56.07,1393,stock
2013-08-07,ICFC,56.65,57.24,57.24,56.36,7306,stock
2013-08-08,ICFC,57.24,57.24,57.24,56.94,908,stock
2013-08-11,ICFC,57.24,57.24,57.24,56.65,321,stock
2013-08-12,ICFC,57.24,58.99,59.87,56.94,2649,stock
2013-08-13,ICFC,58.99,58.99,59.28,58.7,960,stock
2013-08-14,ICFC,58.99,57.82,58.4,57.82,203,stock
2013-08-15,ICFC,57.82,58.11,58.11,57.24,1039,stock
2013-08-18,ICFC,58.11,58.7,58.7,58.4,357,stock
2013-08-19,ICFC,58.7,58.4,58.4,58.4,200,stock
2013-08-20,ICFC,58.4,60.45,61.33,58.99,1914,stock
2013-08-25,ICFC,60.45,60.16,61.03,60.16,2027,stock
2013-08-26,ICFC,60.16,58.99,59.57,58.99,744,stock
2013-08-27,ICFC,58.99,58.4,58.99,58.11,1658,stock
2013-09-01,ICFC,58.4,57.82,58.4,57.82,5050,stock
2013-09-02,ICFC,57.82,58.99,58.99,57.82,4464,stock
2013-09-03,ICFC,58.99,59.28,59.28,58.4,205,stock
2013-09-04,ICFC,59.28,58.7,58.99,58.4,7224,stock
2013-09-05,ICFC,58.7,59.28,59.28,59.28,60,stock
2013-09-08,ICFC,59.28,61.33,62.2,59.87,2423,stock
2013-09-09,ICFC,61.33,62.2,62.79,61.33,2677,stock
2013-09-10,ICFC,62.2,60.45,62.2,60.45,2721,stock
2013-09-11,ICFC,60.45,59.87,59.87,59.87,200,stock
2013-09-12,ICFC,59.87,59.28,59.28,59.28,20,stock
2013-09-15,ICFC,59.28,58.99,58.99,58.4,676,stock
2013-09-16,ICFC,58.99,58.99,58.99,58.7,403,stock
2013-09-19,ICFC,58.99,58.4,58.7,58.4,762,stock
2013-09-22,ICFC,58.4,58.7,59.57,58.4,1316,stock
2013-09-23,ICFC,58.7,57.82,58.4,57.82,728,stock
2013-09-24,ICFC,57.82,56.94,58.4,56.94,2895,stock
2013-10-20,ICFC,58.92,56.77,57.38,56.77,289,stock
2013-10-21,ICFC,56.77,54.31,57.38,54.31,6317,stock
2013-10-22,ICFC,54.31,54.93,54.93,54.31,5326,stock
2013-10-23,ICFC,54.93,57.38,57.38,55.54,66,stock
2013-10-29,ICFC,57.38,57.38,57.38,57.38,335,stock
2013-10-30,ICFC,57.38,56.77,56.77,56.77,238,stock
2013-11-07,ICFC,56.77,56.15,56.15,56.15,476,stock
2013-11-10,ICFC,56.15,55.54,56.15,54.31,4600,stock
2013-11-11,ICFC,55.54,56.15,56.15,55.85,3771,stock
2013-11-12,ICFC,56.15,56.46,57.07,56.46,4155,stock
2013-11-13,ICFC,56.46,57.69,58.92,57.07,5463,stock
2013-11-14,ICFC,57.69,59.53,59.84,58.3,2776,stock
2013-11-24,ICFC,59.53,61.37,61.37,60.14,1268,stock
2013-11-25,ICFC,61.37,61.37,62.29,61.06,4703,stock
2013-11-26,ICFC,61.37,61.98,61.98,61.98,20,stock
2013-11-27,ICFC,61.98,64.44,64.44,61.98,3564,stock
2013-11-28,ICFC,64.44,66.28,67.2,65.36,547,stock
2013-12-01,ICFC,66.28,70.88,70.88,67.2,1694,stock
2013-12-02,ICFC,70.88,74.26,75.18,71.8,4168,stock
2013-12-03,ICFC,74.26,78.25,78.25,75.18,7767,stock
2013-12-04,ICFC,78.25,81.62,81.62,79.17,1856,stock
2013-12-05,ICFC,81.62,85.0,87.76,82.85,3502,stock
2013-12-08,ICFC,85.0,86.84,88.07,86.23,2105,stock
2013-12-09,ICFC,86.84,84.38,85.61,83.46,3528,stock
2013-12-10,ICFC,84.38,83.16,83.16,83.16,600,stock
2013-12-11,ICFC,83.16,84.38,84.38,81.93,700,stock
2013-12-12,ICFC,84.38,83.16,83.16,83.16,100,stock
2013-12-15,ICFC,83.16,86.23,86.53,83.16,9666,stock
2013-12-16,ICFC,86.23,87.45,87.45,87.45,217,stock
2013-12-18,ICFC,87.45,88.68,88.68,88.68,1265,stock
2013-12-19,ICFC,88.68,86.23,87.45,86.23,1157,stock
2013-12-22,ICFC,86.23,88.68,88.68,86.23,5559,stock
2013-12-23,ICFC,88.68,87.45,87.45,86.23,1650,stock
2013-12-24,ICFC,87.45,85.0,88.68,85.0,3086,stock
2013-12-26,ICFC,85.0,88.07,88.07,86.23,5977,stock
2013-12-29,ICFC,88.07,88.99,88.99,85.92,2954,stock
2013-12-31,ICFC,88.99,88.07,88.07,88.07,100,stock
2014-01-01,ICFC,88.07,85.61,87.45,85.61,2054,stock
2014-01-02,ICFC,85.61,85.0,85.61,84.38,2041,stock
2014-01-05,ICFC,85.0,86.23,86.23,85.0,416,stock
2014-01-06,ICFC,86.23,85.0,85.0,85.0,214,stock
2014-01-07,ICFC,85.0,83.77,85.0,83.77,693,stock
2014-01-09,ICFC,83.77,83.46,83.77,82.54,1772,stock
2014-01-12,ICFC,83.46,85.92,85.92,84.69,1277,stock
2014-01-13,ICFC,85.92,88.07,88.07,86.84,578,stock
2014-01-14,ICFC,88.07,88.07,88.07,87.45,899,stock
2014-01-16,ICFC,88.07,86.84,87.15,85.92,1488,stock
2014-01-19,ICFC,86.84,85.61,85.61,84.38,794,stock
2014-01-20,ICFC,85.61,85.61,86.84,85.61,302,stock
2014-01-21,ICFC,85.61,86.84,86.84,86.84,600,stock
2014-01-22,ICFC,86.84,86.84,88.07,86.84,991,stock
2014-01-23,ICFC,86.84,85.92,86.53,85.92,400,stock
2014-01-26,ICFC,85.92,85.61,86.84,85.61,3265,stock
2014-01-27,ICFC,85.61,85.92,87.45,85.92,3238,stock
2014-01-28,ICFC,85.92,85.61,85.61,85.3,2015,stock
2014-02-03,ICFC,85.61,85.0,85.0,85.0,1000,stock
2014-02-04,ICFC,85.0,83.46,84.38,83.46,2000,stock
2014-02-05,ICFC,83.46,82.24,82.24,82.24,88,stock
2014-02-06,ICFC,82.24,83.46,83.46,83.46,19,stock
2014-02-09,ICFC,83.46,83.77,84.69,83.77,477,stock
2014-02-12,ICFC,83.77,83.46,83.46,83.46,384,stock
2014-02-13,ICFC,83.46,83.77,83.77,83.77,500,stock
2014-02-16,ICFC,83.77,83.46,83.46,83.46,328,stock
2014-02-17,ICFC,83.46,83.77,84.69,83.46,3451,stock
2014-02-18,ICFC,83.77,84.69,84.69,83.46,7702,stock
2014-02-20,ICFC,84.69,85.61,85.61,85.0,1544,stock
2014-02-23,ICFC,85.61,85.61,86.84,84.69,3441,stock
2014-02-24,ICFC,85.61,89.29,90.52,86.84,1874,stock
2014-02-25,ICFC,89.29,89.29,90.21,88.07,1246,stock
2014-02-26,ICFC,89.29,89.6,89.6,89.6,88,stock
2014-03-03,ICFC,89.6,88.07,88.37,88.07,730,stock
2014-03-04,ICFC,88.07,86.84,86.84,86.84,432,stock
2014-03-05,ICFC,86.84,86.53,86.53,85.61,265,stock
2014-03-06,ICFC,86.53,85.3,85.3,85.3,476,stock
2014-03-09,ICFC,85.3,86.84,86.84,84.38,1593,stock
2014-03-10,ICFC,86.84,89.6,89.6,88.07,2439,stock
2014-03-11,ICFC,89.6,88.07,88.99,87.76,2313,stock
2014-03-12,ICFC,88.07,85.61,86.84,85.61,125,stock
2014-03-13,ICFC,85.61,85.3,85.3,85.3,580,stock
2014-03-17,ICFC,85.3,88.99,88.99,85.0,3596,stock
2014-03-19,ICFC,88.99,87.76,87.76,87.76,461,stock
2014-03-20,ICFC,87.76,94.51,94.51,88.07,1606,stock
2014-03-23,ICFC,94.51,90.52,93.28,90.52,741,stock
2014-03-24,ICFC,90.52,89.6,90.52,88.07,1966,stock
2014-03-25,ICFC,89.6,89.6,90.83,88.37,1122,stock
2014-03-26,ICFC,89.6,88.37,90.83,88.37,538,stock
2014-03-27,ICFC,88.37,92.06,92.06,88.07,4317,stock
2014-03-31,ICFC,92.06,91.14,91.14,91.14,65,stock
2014-04-01,ICFC,91.14,91.14,91.14,89.91,1439,stock
2014-04-02,ICFC,91.14,87.76,89.91,87.76,2659,stock
2014-04-03,ICFC,87.76,88.68,88.99,87.45,849,stock
2014-04-06,ICFC,88.68,87.45,91.14,86.23,2574,stock
2014-04-07,ICFC,87.45,88.68,89.91,88.68,3175,stock
2014-04-09,ICFC,88.68,88.68,88.68,87.45,1789,stock
2014-04-10,ICFC,88.68,91.14,91.14,88.99,1752,stock
2014-04-13,ICFC,91.14,92.36,92.36,89.91,2122,stock
2014-04-15,ICFC,92.36,93.9,94.82,91.14,1642,stock
2014-04-17,ICFC,93.9,91.14,94.51,91.14,6762,stock
2014-04-20,ICFC,91.14,91.75,91.75,90.21,1531,stock
2014-04-21,ICFC,91.75,90.52,90.52,90.52,103,stock
2014-04-22,ICFC,90.52,88.99,90.21,88.99,2557,stock
2014-04-23,ICFC,88.99,89.91,89.91,88.37,330,stock
2014-04-27,ICFC,89.91,89.29,89.29,88.68,293,stock
2014-04-28,ICFC,89.29,88.37,89.6,88.37,692,stock
2014-04-29,ICFC,88.37,87.45,87.45,87.45,136,stock
2014-04-30,ICFC,87.45,88.37,88.37,88.37,250,stock
2014-05-04,ICFC,88.37,88.07,88.37,88.07,119,stock
2014-05-06,ICFC,88.07,89.29,89.29,89.29,44,stock
2014-05-07,ICFC,89.29,91.14,91.14,90.52,350,stock
2014-05-08,ICFC,91.14,94.2,94.2,92.06,3921,stock
2014-05-11,ICFC,94.2,94.2,95.74,92.98,1341,stock
2014-05-12,ICFC,94.2,94.2,95.43,94.2,2735,stock
2014-05-13,ICFC,94.2,92.67,94.2,92.67,1412,stock
2014-05-18,ICFC,92.67,90.21,91.44,90.21,65,stock
2014-05-20,ICFC,90.21,89.6,89.6,88.37,613,stock
2014-05-25,ICFC,89.6,90.52,90.52,90.52,23,stock
2014-05-26,ICFC,90.52,89.6,89.6,89.6,71,stock
2014-05-27,ICFC,89.6,90.83,90.83,90.83,400,stock
2014-05-28,ICFC,90.83,89.91,91.14,89.91,1427,stock
2014-06-01,ICFC,89.91,91.75,91.75,91.14,1324,stock
2014-06-02,ICFC,91.75,92.67,92.67,92.67,1000,stock
2014-06-03,ICFC,92.67,93.9,93.9,92.67,195,stock
2014-06-05,ICFC,93.9,91.75,92.67,91.75,1321,stock
2014-06-08,ICFC,91.75,90.52,90.83,90.52,298,stock
2014-06-09,ICFC,90.52,91.14,91.14,91.14,58,stock
2014-06-10,ICFC,91.14,93.59,93.59,91.14,1487,stock
2014-06-11,ICFC,93.59,94.2,94.82,94.2,926,stock
2014-06-15,ICFC,94.2,97.58,98.81,95.74,9430,stock
2014-06-16,ICFC,97.58,97.27,97.27,97.27,12,stock
2014-06-17,ICFC,97.27,97.58,98.81,97.27,410,stock
2014-06-18,ICFC,97.58,96.04,96.04,96.04,500,stock
2014-06-19,ICFC,96.04,93.59,95.12,93.59,679,stock
2014-06-23,ICFC,93.59,92.36,92.36,92.36,34,stock
2014-06-24,ICFC,92.36,92.67,93.28,92.36,3152,stock
2014-06-25,ICFC,92.67,97.89,97.89,93.9,2929,stock
2014-06-26,ICFC,97.89,97.89,97.89,97.89,80,stock
2014-06-29,ICFC,97.89,97.89,99.42,96.35,843,stock
2014-06-30,ICFC,97.89,100.34,100.34,97.89,1393,stock
2014-07-01,ICFC,100.34,103.72,104.33,101.87,3693,stock
2014-07-02,ICFC,103.72,105.25,105.25,105.25,300,stock
2014-07-03,ICFC,105.25,104.64,105.86,104.64,391,stock
2014-07-06,ICFC,104.64,103.41,103.72,103.41,1161,stock
2014-07-07,ICFC,103.41,109.55,109.55,104.94,371,stock
2014-07-08,ICFC,109.55,118.75,118.75,111.39,861,stock
2014-07-09,ICFC,118.75,120.59,120.59,118.75,1181,stock
2014-07-10,ICFC,120.59,122.43,122.43,120.29,510,stock
2014-07-13,ICFC,122.43,124.28,124.28,124.28,69,stock
2014-07-14,ICFC,124.28,115.07,122.43,115.07,599,stock
2014-07-15,ICFC,115.07,111.39,113.84,111.39,3874,stock
2014-07-16,ICFC,111.39,112.61,112.92,109.55,997,stock
2014-07-17,ICFC,112.61,114.15,114.15,113.23,2308,stock
2014-07-20,ICFC,114.15,118.14,119.67,115.99,925,stock
2014-07-21,ICFC,118.14,118.45,123.05,117.22,5642,stock
2014-07-22,ICFC,118.45,118.14,120.29,116.6,5137,stock
2014-07-23,ICFC,118.14,124.89,124.89,117.22,8734,stock
2014-07-24,ICFC,124.89,128.26,128.26,124.89,4786,stock
2014-07-27,ICFC,128.26,135.94,135.94,128.26,6643,stock
2014-07-30,ICFC,135.94,127.96,133.79,127.96,1118,stock
2014-07-31,ICFC,127.96,127.96,127.96,126.12,3198,stock
2014-08-03,ICFC,127.96,130.11,132.25,124.89,8199,stock
2014-08-04,ICFC,130.11,129.49,132.56,129.49,307,stock
2014-08-05,ICFC,129.49,126.42,130.11,126.42,902,stock
2014-08-06,ICFC,126.42,121.82,124.89,121.82,296,stock
2014-08-07,ICFC,121.82,120.29,121.82,120.29,604,stock
2014-08-12,ICFC,120.29,114.76,118.75,114.76,2742,stock
2014-08-13,ICFC,114.76,118.75,119.98,109.85,5663,stock
2014-08-14,ICFC,118.75,116.91,118.75,115.68,1416,stock
2014-08-18,ICFC,116.91,115.99,120.59,115.07,2233,stock
2014-08-19,ICFC,115.99,111.08,115.68,111.08,2109,stock
2014-08-20,ICFC,111.08,111.08,114.76,109.55,5088,stock
2014-08-21,ICFC,111.08,112.61,112.92,109.55,3976,stock
2014-08-24,ICFC,112.61,112.61,113.84,112.61,334,stock
2014-08-26,ICFC,112.61,109.24,111.08,109.24,113,stock
2014-08-27,ICFC,109.24,109.55,114.46,109.55,3797,stock
2014-08-28,ICFC,109.55,109.55,111.69,106.78,7700,stock
2014-08-31,ICFC,109.55,110.47,110.47,108.63,2991,stock
2014-09-01,ICFC,110.47,108.01,108.93,108.01,356,stock
2014-09-03,ICFC,108.01,108.01,110.47,108.01,3277,stock
2014-09-04,ICFC,108.01,107.71,108.01,106.48,4896,stock
2014-09-07,ICFC,107.71,101.87,106.48,101.87,2030,stock
2014-09-09,ICFC,101.87,104.64,104.64,101.87,1699,stock
2014-09-10,ICFC,104.64,103.41,108.01,103.1,4337,stock
2014-09-14,ICFC,103.41,100.34,103.41,100.34,221,stock
2014-09-15,ICFC,100.34,103.41,103.41,101.87,176,stock
2014-09-16,ICFC,103.41,106.48,106.48,102.8,2727,stock
2014-09-17,ICFC,106.48,104.94,108.01,104.94,3864,stock
2014-09-18,ICFC,104.94,103.41,103.41,103.41,500,stock
2014-09-21,ICFC,103.1,100.34,101.87,100.34,1501,stock
2014-09-22,ICFC,100.34,101.57,101.87,98.81,5264,stock
2014-09-23,ICFC,101.57,103.41,103.41,103.1,3041,stock
2014-09-28,ICFC,103.41,101.87,101.87,101.87,70,stock
2014-09-29,ICFC,101.87,103.41,103.41,101.87,594,stock
2014-09-30,ICFC,103.41,109.24,109.55,104.94,1642,stock
2014-10-12,ICFC,109.24,107.71,109.85,107.71,613,stock
2014-10-16,ICFC,107.71,108.01,108.01,104.94,508,stock
2014-10-21,ICFC,108.01,108.93,108.93,108.93,701,stock
2014-10-30,ICFC,108.93,100.34,107.4,100.34,3161,stock
2014-11-02,ICFC,100.34,98.81,101.57,98.5,469,stock
2014-11-03,ICFC,98.81,98.81,98.81,97.27,2168,stock
2014-11-04,ICFC,98.81,100.34,101.87,97.27,2514,stock
2014-11-05,ICFC,100.34,104.64,104.64,98.81,6023,stock
2014-11-06,ICFC,104.64,107.71,107.71,105.86,616,stock
2014-11-09,ICFC,107.71,109.55,112.61,106.78,15193,stock
2014-11-10,ICFC,109.55,109.24,109.55,106.17,5766,stock
2014-11-11,ICFC,109.24,107.09,112.61,105.86,4546,stock
2014-11-12,ICFC,107.09,108.01,108.01,106.17,2376,stock
2014-11-13,ICFC,108.01,105.86,108.01,104.94,4429,stock
2014-12-09,ICFC,105.99,107.39,107.39,107.39,119,stock
2014-12-14,ICFC,107.39,105.64,105.64,105.64,150,stock
2014-12-15,ICFC,105.64,104.24,105.29,104.24,1825,stock
2014-12-16,ICFC,104.24,101.45,102.84,101.45,175,stock
2014-12-18,ICFC,101.45,100.05,100.05,98.65,505,stock
2014-12-31,ICFC,100.05,102.84,102.84,101.45,112,stock
2015-01-01,ICFC,102.84,100.4,101.45,100.4,830,stock
2015-01-04,ICFC,100.4,99.7,99.7,99.7,1267,stock
2015-01-07,ICFC,99.7,101.1,101.1,101.1,717,stock
2015-01-11,ICFC,101.1,102.49,102.49,102.49,1054,stock
2015-01-12,ICFC,102.49,103.19,103.19,102.49,382,stock
2015-01-13,ICFC,103.19,105.99,105.99,104.59,907,stock
2015-01-14,ICFC,105.99,104.94,104.94,104.24,876,stock
2015-01-18,ICFC,104.94,106.69,106.69,105.29,880,stock
2015-01-19,ICFC,106.69,110.19,110.19,108.44,400,stock
2015-01-20,ICFC,110.19,108.44,108.44,108.44,203,stock
2015-01-22,ICFC,108.44,110.19,110.19,110.19,546,stock
2015-01-25,ICFC,110.19,114.04,115.44,110.19,489,stock
2015-01-26,ICFC,114.04,115.79,115.79,112.64,1575,stock
2015-01-27,ICFC,115.79,118.24,119.29,117.54,1273,stock
2015-01-28,ICFC,118.24,117.19,117.54,116.84,1111,stock
2015-01-29,ICFC,117.19,117.19,119.64,117.19,1699,stock
2015-02-01,ICFC,117.19,114.04,117.54,114.04,868,stock
2015-02-02,ICFC,114.04,114.04,114.04,114.04,88,stock
2015-02-03,ICFC,114.04,111.59,113.69,111.59,3889,stock
2015-02-04,ICFC,111.59,113.69,113.69,111.94,4140,stock
2015-02-05,ICFC,113.69,113.69,115.79,113.69,2772,stock
2015-02-08,ICFC,113.69,115.44,115.44,115.44,50,stock
2015-02-09,ICFC,115.44,114.04,114.04,112.29,1750,stock
2015-02-10,ICFC,114.04,114.04,114.04,112.29,1551,stock
2015-02-11,ICFC,114.04,115.44,115.79,115.44,800,stock
2015-02-12,ICFC,115.44,117.19,117.19,115.44,350,stock
2015-02-15,ICFC,117.19,113.69,115.44,113.69,1000,stock
2015-02-16,ICFC,113.69,117.19,117.19,113.69,6049,stock
2015-02-19,ICFC,117.19,119.29,122.43,118.94,6196,stock
2015-02-22,ICFC,119.29,115.44,117.54,115.44,1786,stock
2015-02-23,ICFC,115.44,117.19,117.19,115.44,235,stock
2015-02-24,ICFC,117.19,115.44,115.44,115.44,712,stock
2015-02-25,ICFC,115.44,117.54,118.94,116.14,1370,stock
2015-03-02,ICFC,117.54,118.94,119.29,117.54,656,stock
2015-03-03,ICFC,118.94,117.54,118.94,117.54,2490,stock
2015-03-09,ICFC,117.54,117.89,117.89,117.19,1306,stock
2015-03-10,ICFC,117.89,118.59,118.59,115.44,1072,stock
2015-03-11,ICFC,118.59,118.24,118.94,117.54,3935,stock
2015-03-12,ICFC,118.24,116.84,117.19,115.09,1821,stock
2015-03-15,ICFC,116.84,118.94,118.94,117.19,531,stock
2015-03-16,ICFC,118.94,115.44,119.29,114.74,4975,stock
2015-03-17,ICFC,115.44,114.74,117.19,114.74,1047,stock
2015-03-18,ICFC,114.74,115.44,115.44,112.99,2560,stock
2015-03-19,ICFC,115.44,115.79,116.49,115.79,202,stock
2015-03-22,ICFC,115.79,114.04,117.19,114.04,2974,stock
2015-03-23,ICFC,114.04,115.44,115.79,115.44,283,stock
2015-03-24,ICFC,115.44,115.44,115.44,115.44,200,stock
2015-03-25,ICFC,115.44,113.69,113.69,113.69,201,stock
2015-03-26,ICFC,113.69,111.59,111.94,110.19,1962,stock
2015-03-29,ICFC,111.59,109.84,110.19,109.84,496,stock
2015-03-30,ICFC,109.84,109.14,110.19,108.44,2475,stock
2015-03-31,ICFC,109.14,111.59,111.59,108.44,2562,stock
2015-04-01,ICFC,111.59,111.24,111.24,110.89,1217,stock
2015-04-09,ICFC,111.24,113.69,113.69,111.94,1750,stock
2015-04-16,ICFC,113.69,111.94,111.94,111.94,500,stock
2015-04-19,ICFC,111.94,110.89,110.89,110.19,428,stock
2015-04-20,ICFC,110.89,110.19,110.54,110.19,535,stock
2015-04-21,ICFC,110.19,111.94,111.94,111.94,12,stock
2015-04-22,ICFC,111.94,109.14,110.19,109.14,407,stock
2015-04-23,ICFC,109.14,110.89,110.89,110.89,79,stock
2015-05-31,ICFC,110.89,112.64,112.64,112.64,19,stock
2015-06-08,ICFC,112.64,110.89,110.89,110.89,100,stock
2015-06-09,ICFC,110.89,114.39,115.09,111.24,4675,stock
2015-06-10,ICFC,114.39,109.49,112.64,108.44,3091,stock
2015-06-11,ICFC,109.49,108.79,111.24,107.74,1511,stock
2015-06-14,ICFC,108.79,109.84,109.84,109.84,173,stock
2015-06-16,ICFC,109.84,107.74,108.09,105.29,2400,stock
2015-06-17,ICFC,107.74,107.04,107.04,104.94,6175,stock
2015-06-21,ICFC,107.04,104.94,105.29,103.54,2400,stock
2015-06-22,ICFC,103.19,104.94,104.94,103.19,230,stock
2015-06-23,ICFC,104.94,103.89,104.94,103.89,1658,stock
2015-06-24,ICFC,104.94,104.94,107.04,104.94,1303,stock
2015-06-25,ICFC,103.89,104.94,104.94,103.54,2124,stock
2015-06-28,ICFC,105.64,108.44,108.44,105.64,504,stock
2015-06-29,ICFC,108.44,107.74,109.84,107.04,1960,stock
2015-06-30,ICFC,108.44,105.64,108.44,104.94,1461,stock
2015-07-01,ICFC,105.64,105.64,105.64,105.64,295,stock
2015-07-02,ICFC,103.89,103.19,103.89,102.84,1053,stock
2015-07-05,ICFC,104.59,105.99,105.99,104.59,562,stock
2015-07-06,ICFC,106.69,109.14,109.14,105.99,4117,stock
2015-07-07,ICFC,109.49,108.09,110.19,108.09,1351,stock
2015-07-08,ICFC,106.34,106.69,106.69,106.34,164,stock
2015-07-12,ICFC,104.94,105.29,105.29,104.94,1919,stock
2015-07-13,ICFC,105.64,106.69,106.69,105.64,353,stock
2015-07-14,ICFC,105.29,107.04,107.04,105.29,82,stock
2015-07-15,ICFC,106.69,106.69,106.69,106.69,620,stock
2015-07-16,ICFC,106.69,106.34,106.34,105.64,1648,stock
2015-07-22,ICFC,106.69,108.44,108.44,106.34,2797,stock
2015-07-23,ICFC,108.44,115.44,115.44,110.19,527,stock
2015-07-26,ICFC,115.44,118.94,118.94,117.19,72,stock
2015-07-27,ICFC,118.94,122.43,122.43,118.94,2226,stock
2015-07-28,ICFC,122.43,114.04,120.34,114.04,1206,stock
2015-07-29,ICFC,114.04,110.54,112.29,110.54,3766,stock
2015-07-30,ICFC,110.54,109.49,112.29,109.49,1744,stock
2015-08-02,ICFC,109.49,107.74,108.44,107.74,1277,stock
2015-08-03,ICFC,107.74,112.29,112.29,106.69,5006,stock
2015-08-04,ICFC,112.29,111.94,112.29,110.54,1994,stock
2015-08-05,ICFC,111.94,110.19,111.59,108.44,959,stock
2015-08-06,ICFC,110.19,112.64,114.04,109.14,6591,stock
2015-08-09,ICFC,112.64,110.19,111.94,110.19,215,stock
2015-08-10,ICFC,110.19,111.59,111.94,111.59,1052,stock
2015-08-11,ICFC,111.59,110.19,110.19,110.19,35,stock
2015-08-12,ICFC,110.19,111.94,111.94,110.19,1300,stock
2015-08-17,ICFC,110.19,110.19,110.19,110.19,1000,stock
2015-08-18,ICFC,111.94,115.44,115.44,111.94,443,stock
2015-08-19,ICFC,117.19,118.94,118.94,117.19,771,stock
2015-08-23,ICFC,117.19,118.94,118.94,117.19,700,stock
2015-08-24,ICFC,117.19,128.73,128.73,117.19,2794,stock
2015-08-25,ICFC,128.73,132.93,133.63,128.73,2020,stock
2015-08-26,ICFC,130.83,126.98,130.83,126.98,2335,stock
2015-08-27,ICFC,127.68,125.93,127.68,125.93,243,stock
2015-08-31,ICFC,128.03,127.68,128.03,125.93,1313,stock
2015-09-01,ICFC,127.68,133.63,133.63,129.43,1333,stock
2015-09-02,ICFC,131.53,127.33,131.53,127.33,412,stock
2015-09-03,ICFC,127.68,125.93,127.68,125.93,871,stock
2015-09-06,ICFC,125.93,125.93,125.93,125.93,500,stock
2015-09-08,ICFC,126.63,125.93,126.63,125.93,2000,stock
2015-09-09,ICFC,124.88,124.88,124.88,124.88,42,stock
2015-09-10,ICFC,126.98,131.18,132.58,125.93,8937,stock
2015-09-13,ICFC,129.43,129.43,130.13,129.08,1400,stock
2015-09-14,ICFC,131.53,127.68,133.63,127.68,1025,stock
2015-09-15,ICFC,128.73,128.38,130.13,128.03,4445,stock
2015-09-16,ICFC,130.48,130.48,131.18,130.48,1200,stock
2015-09-17,ICFC,129.43,127.33,129.43,127.33,1176,stock
2015-09-22,ICFC,125.93,121.73,125.93,121.03,2202,stock
2015-09-23,ICFC,123.48,125.58,127.68,123.48,307,stock
2015-09-24,ICFC,127.68,125.58,127.68,125.58,239,stock
2015-09-28,ICFC,125.93,122.43,125.93,121.73,2479,stock
2015-09-29,ICFC,124.53,123.48,124.53,123.48,1019,stock
2015-09-30,ICFC,121.73,125.58,125.58,121.73,1435,stock
2015-10-01,ICFC,125.93,132.93,133.28,125.93,5923,stock
2015-10-04,ICFC,132.93,134.33,135.03,128.73,6579,stock
2015-10-05,ICFC,132.23,132.23,132.23,132.23,100,stock
2015-10-06,ICFC,130.13,130.13,130.13,130.13,100,stock
2015-10-08,ICFC,129.08,129.08,129.08,129.08,500,stock
2015-10-11,ICFC,131.18,126.28,135.38,126.28,10013,stock
2015-10-15,ICFC,128.38,126.63,128.38,126.63,651,stock
2015-10-18,ICFC,128.03,128.03,128.03,128.03,200,stock
2015-10-19,ICFC,130.13,126.28,130.13,126.28,79,stock
2015-10-25,ICFC,127.68,125.58,127.68,125.58,2855,stock
2015-10-27,ICFC,123.48,118.59,123.48,116.84,8255,stock
2015-10-28,ICFC,119.29,117.19,119.29,115.44,3177,stock
2015-11-01,ICFC,117.01,117.01,117.01,117.01,19,stock
2015-11-10,ICFC,119.11,119.11,119.11,119.11,10,stock
2015-11-16,ICFC,119.11,118.06,119.11,118.06,670,stock
2015-11-18,ICFC,118.06,118.06,118.06,118.06,100,stock
2015-11-19,ICFC,118.06,118.06,118.06,118.06,35,stock
2015-11-24,ICFC,115.96,115.96,115.96,115.96,85,stock
2015-11-25,ICFC,113.86,113.86,113.86,113.86,100,stock
2015-11-26,ICFC,111.76,110.19,111.76,110.19,400,stock
2015-11-30,ICFC,108.09,103.89,108.09,103.89,1773,stock
2015-12-04,ICFC,105.47,105.47,105.47,105.47,70,stock
2015-12-07,ICFC,107.57,110.72,112.81,105.47,3263,stock
2015-12-08,ICFC,109.14,109.14,109.14,109.14,116,stock
2015-12-10,ICFC,111.24,112.29,112.29,111.24,383,stock
2015-12-13,ICFC,114.39,110.72,114.39,110.72,1210,stock
2015-12-14,ICFC,109.14,108.62,109.14,108.62,63,stock
2015-12-16,ICFC,107.57,108.09,108.09,107.57,405,stock
2015-12-17,ICFC,107.57,108.09,108.09,107.57,300,stock
2015-12-21,ICFC,108.09,105.99,108.09,105.99,1525,stock
2015-12-22,ICFC,108.09,106.52,108.09,106.52,1027,stock
2015-12-24,ICFC,104.94,107.04,107.04,104.94,800,stock
2015-12-25,ICFC,106.52,105.99,106.52,105.99,1000,stock
2015-12-28,ICFC,105.99,105.99,105.99,104.42,640,stock
2015-12-29,ICFC,105.99,110.19,110.19,105.99,3435,stock
2015-12-31,ICFC,109.14,109.14,110.19,109.14,214,stock
2016-01-03,ICFC,107.04,107.04,107.04,107.04,120,stock
2016-01-04,ICFC,107.04,107.04,107.04,107.04,500,stock
2016-01-05,ICFC,107.57,107.04,107.57,107.04,280,stock
2016-01-06,ICFC,108.09,109.67,109.67,108.09,1320,stock
2016-01-07,ICFC,107.57,107.57,107.57,107.57,348,stock
2016-01-10,ICFC,107.57,109.67,109.67,109.67,53,stock
2016-01-12,ICFC,109.14,109.14,109.14,109.14,1000,stock
2016-01-13,ICFC,109.14,107.57,107.57,107.57,27,stock
2016-01-14,ICFC,105.99,105.99,105.99,105.99,65,stock
2016-01-17,ICFC,108.09,110.19,110.19,108.09,2245,stock
2016-01-18,ICFC,114.39,113.34,115.44,112.81,1240,stock
2016-01-19,ICFC,111.24,112.29,112.29,108.09,664,stock
2016-01-20,ICFC,114.39,116.49,118.06,113.86,13903,stock
2016-01-21,ICFC,116.49,119.64,119.64,118.06,4486,stock
2016-01-24,ICFC,119.64,123.83,124.88,121.73,2751,stock
2016-01-25,ICFC,124.36,124.36,124.36,124.36,100,stock
2016-01-26,ICFC,124.36,119.64,123.31,119.64,1345,stock
2016-01-27,ICFC,119.64,121.21,129.08,121.21,4196,stock
2016-01-28,ICFC,123.31,121.21,125.41,121.21,1830,stock
2016-01-31,ICFC,123.31,131.18,131.18,123.31,9359,stock
2016-02-01,ICFC,131.18,131.18,134.85,128.56,8968,stock
2016-02-02,ICFC,133.8,135.9,137.48,131.18,12844,stock
2016-02-03,ICFC,135.9,136.43,136.43,130.65,4849,stock
2016-02-04,ICFC,139.05,140.62,145.87,134.85,8885,stock
2016-02-07,ICFC,140.62,136.43,139.05,132.75,4017,stock
2016-02-08,ICFC,136.43,136.43,141.15,134.85,3339,stock
2016-02-11,ICFC,136.43,131.7,139.05,129.61,3045,stock
2016-02-14,ICFC,134.33,135.38,136.95,134.33,1527,stock
2016-02-15,ICFC,133.8,132.75,133.8,131.18,624,stock
2016-02-16,ICFC,132.75,135.38,135.38,132.23,1775,stock
2016-02-17,ICFC,135.38,136.43,138.53,135.9,2589,stock
2016-02-18,ICFC,136.43,136.43,139.05,131.18,17983,stock
2016-02-21,ICFC,134.33,136.43,136.95,132.75,3360,stock
2016-02-22,ICFC,137.48,136.43,137.48,134.85,3851,stock
2016-02-23,ICFC,136.43,136.43,139.05,134.85,3193,stock
2016-02-24,ICFC,134.33,134.33,134.33,134.33,500,stock
2016-02-25,ICFC,134.33,136.43,136.95,134.33,270,stock
2016-02-28,ICFC,136.95,139.57,139.57,139.57,50,stock
2016-02-29,ICFC,139.57,138.0,139.05,138.0,990,stock
2016-03-01,ICFC,137.48,136.43,138.53,135.38,2970,stock
2016-03-02,ICFC,136.43,140.1,140.1,136.43,5317,stock
2016-03-03,ICFC,142.72,145.87,147.97,142.72,5480,stock
2016-03-06,ICFC,149.54,144.82,149.54,144.82,1660,stock
2016-03-13,ICFC,142.2,142.2,142.2,142.2,120,stock
2016-03-15,ICFC,139.57,135.38,139.57,135.38,320,stock
2016-03-16,ICFC,133.8,135.9,135.9,132.75,800,stock
2016-03-17,ICFC,136.43,145.35,145.35,135.9,8567,stock
2016-03-20,ICFC,143.25,144.82,145.87,143.25,1878,stock
2016-03-21,ICFC,147.45,146.92,148.5,145.87,8556,stock
2016-03-23,ICFC,146.92,143.77,146.92,141.67,8300,stock
2016-03-24,ICFC,141.67,139.05,144.3,139.05,10039,stock
2016-03-27,ICFC,139.05,144.82,146.92,140.1,18079,stock
2016-03-28,ICFC,149.59,147.85,155.39,146.69,16257,stock
2016-03-29,ICFC,144.95,144.95,147.85,142.05,1829,stock
2016-03-30,ICFC,144.95,150.75,150.75,142.05,3520,stock
2016-03-31,ICFC,150.75,143.21,147.85,143.21,1035,stock
2016-04-03,ICFC,143.21,140.31,142.05,139.16,5026,stock
2016-04-04,ICFC,140.31,144.95,144.95,142.05,1813,stock
2016-04-05,ICFC,142.05,144.37,144.37,141.47,1112,stock
2016-04-06,ICFC,144.37,143.21,146.69,143.21,2666,stock
2016-04-10,ICFC,143.21,144.95,146.11,143.79,4720,stock
2016-04-11,ICFC,144.95,144.95,147.85,144.37,2064,stock
2016-04-12,ICFC,144.95,147.85,147.85,147.85,500,stock
2016-04-14,ICFC,147.85,153.65,153.65,144.95,5603,stock
2016-04-17,ICFC,156.55,157.13,157.13,153.07,9661,stock
2016-04-18,ICFC,157.13,168.15,172.2,157.71,17033,stock
2016-04-19,ICFC,168.15,159.45,168.15,159.45,5877,stock
2016-04-20,ICFC,159.45,162.35,162.35,157.71,2871,stock
2016-04-21,ICFC,162.35,161.19,165.25,159.45,38138,stock
2016-04-24,ICFC,161.19,168.15,170.46,159.45,8285,stock
2016-04-25,ICFC,168.15,162.93,173.94,162.93,840,stock
2016-04-26,ICFC,162.93,168.15,170.46,165.25,25561,stock
2016-04-27,ICFC,168.15,162.93,165.83,162.35,1685,stock
2016-04-28,ICFC,162.93,165.25,165.83,162.35,4401,stock
2016-05-02,ICFC,165.25,163.51,164.67,163.51,1502,stock
2016-05-03,ICFC,163.51,159.45,160.61,159.45,1150,stock
2016-05-04,ICFC,159.45,159.45,159.45,156.55,1612,stock
2016-05-05,ICFC,159.45,158.87,159.45,157.71,4351,stock
2016-05-08,ICFC,158.87,171.04,173.36,161.77,27608,stock
2016-05-09,ICFC,170.46,168.15,170.46,166.99,7395,stock
2016-05-10,ICFC,166.41,167.57,167.57,162.35,8974,stock
2016-05-11,ICFC,167.57,161.77,165.83,161.77,7563,stock
2016-05-12,ICFC,161.19,162.35,164.09,161.19,1732,stock
2016-05-15,ICFC,160.03,165.83,166.99,155.97,7179,stock
2016-05-16,ICFC,166.99,159.45,169.89,159.45,8356,stock
2016-05-17,ICFC,162.35,166.41,166.41,162.35,6955,stock
2016-05-18,ICFC,166.41,166.99,166.99,165.25,6561,stock
2016-05-19,ICFC,166.99,166.99,169.31,164.67,4665,stock
2016-05-22,ICFC,166.99,166.99,168.15,164.09,738,stock
2016-05-23,ICFC,166.99,165.25,165.83,164.67,3219,stock
2016-05-24,ICFC,165.25,169.89,172.2,167.57,8472,stock
2016-05-25,ICFC,169.89,171.62,179.74,168.15,30154,stock
2016-05-26,ICFC,171.62,178.58,181.48,168.15,25149,stock
2016-05-29,ICFC,178.58,179.74,187.28,179.74,30969,stock
2016-05-30,ICFC,179.74,182.06,183.8,180.32,6625,stock
2016-05-31,ICFC,182.06,179.74,180.32,176.84,15214,stock
2016-06-01,ICFC,179.74,176.84,179.74,173.94,5925,stock
2016-06-02,ICFC,176.84,173.94,176.26,173.36,309,stock
2016-06-05,ICFC,173.94,165.25,172.78,165.25,13253,stock
2016-06-06,ICFC,165.25,168.15,170.46,167.57,2574,stock
2016-06-07,ICFC,166.99,169.89,171.04,166.99,1370,stock
2016-06-08,ICFC,169.89,168.73,172.78,168.15,1299,stock
2016-06-09,ICFC,166.41,166.99,170.46,166.41,5827,stock
2016-06-12,ICFC,166.41,171.62,173.94,169.31,7840,stock
2016-06-13,ICFC,171.62,172.78,178.0,171.62,3700,stock
2016-06-14,ICFC,175.68,173.94,178.0,169.31,7480,stock
2016-06-15,ICFC,176.26,175.68,177.42,173.94,7381,stock
2016-06-16,ICFC,175.68,176.84,177.42,169.89,6824,stock
2016-06-19,ICFC,176.84,167.57,176.84,167.57,3163,stock
2016-06-20,ICFC,167.57,179.74,183.8,169.31,30617,stock
2016-06-21,ICFC,179.74,178.58,185.54,178.58,9368,stock
2016-06-22,ICFC,179.74,184.38,187.86,179.74,22880,stock
2016-06-23,ICFC,185.54,185.54,200.04,185.54,19968,stock
2016-06-26,ICFC,185.54,189.6,191.34,185.54,18820,stock
2016-06-27,ICFC,189.6,189.6,194.24,189.02,31580,stock
2016-06-28,ICFC,189.6,193.08,195.98,191.34,15555,stock
2016-06-29,ICFC,193.08,195.98,200.04,191.34,14679,stock
2016-06-30,ICFC,195.98,203.51,203.51,189.6,9194,stock
2016-07-03,ICFC,203.51,195.98,203.51,195.98,2912,stock
2016-07-04,ICFC,195.98,197.14,202.93,194.82,9065,stock
2016-07-05,ICFC,193.66,194.82,195.98,190.18,10997,stock
2016-07-06,ICFC,197.14,202.93,207.57,196.56,31697,stock
2016-07-10,ICFC,202.93,206.99,211.05,202.93,17021,stock
2016-07-11,ICFC,206.99,214.53,220.91,211.05,19787,stock
2016-07-12,ICFC,214.53,214.53,214.53,202.93,9051,stock
2016-07-13,ICFC,214.53,207.57,211.05,204.09,7047,stock
2016-07-14,ICFC,208.73,211.63,219.75,208.73,11151,stock
2016-07-17,ICFC,211.63,220.33,224.39,215.69,24750,stock
2016-07-18,ICFC,220.33,217.43,220.91,213.95,3793,stock
2016-07-19,ICFC,217.43,219.17,221.49,212.21,14000,stock
2016-07-20,ICFC,220.33,214.53,220.33,213.37,6891,stock
2016-07-21,ICFC,214.53,217.43,222.07,213.95,5539,stock
2016-07-25,ICFC,217.43,226.71,231.35,218.59,26880,stock
2016-07-26,ICFC,226.71,249.32,249.32,230.77,46225,stock
2016-07-27,ICFC,249.32,253.96,274.25,253.96,48410,stock
2016-07-28,ICFC,253.96,252.22,260.92,240.04,22590,stock
2016-07-31,ICFC,252.22,247.0,255.12,244.1,10480,stock
2016-08-01,ICFC,247.0,243.52,255.12,232.5,45590,stock
2016-08-02,ICFC,243.52,241.2,248.16,240.04,18571,stock
2016-08-03,ICFC,241.2,241.78,253.96,235.98,43825,stock
2016-08-04,ICFC,241.78,238.88,243.52,234.82,29918,stock
2016-08-07,ICFC,238.88,240.04,248.16,235.4,22832,stock
2016-08-08,ICFC,240.04,220.91,238.3,220.91,7009,stock
2016-08-09,ICFC,224.97,233.08,233.08,224.97,610,stock
2016-08-10,ICFC,237.72,237.72,242.36,230.19,11139,stock
2016-08-11,ICFC,239.46,234.24,239.46,232.5,8816,stock
2016-08-14,ICFC,234.24,230.19,234.24,227.87,8641,stock
2016-08-15,ICFC,230.19,220.33,230.19,217.43,16476,stock
2016-08-16,ICFC,224.39,242.36,242.36,223.23,6561,stock
2016-08-17,ICFC,247.0,236.56,249.32,231.93,43544,stock
2016-08-21,ICFC,231.93,227.87,235.4,227.29,4845,stock
2016-08-22,ICFC,226.13,220.33,229.03,220.33,5866,stock
2016-08-23,ICFC,216.27,220.33,223.81,212.21,12228,stock
2016-08-24,ICFC,221.49,222.65,224.39,220.33,3535,stock
2016-08-28,ICFC,226.71,222.07,226.71,219.17,4190,stock
2016-08-29,ICFC,220.33,220.33,223.23,219.75,3754,stock
2016-08-30,ICFC,220.33,222.65,228.45,220.33,4204,stock
2016-08-31,ICFC,220.33,223.81,223.81,220.33,6509,stock
2016-09-01,ICFC,226.13,227.87,228.45,224.97,3505,stock
2016-09-04,ICFC,226.71,229.03,231.93,225.55,5591,stock
2016-09-05,ICFC,231.93,229.61,236.56,225.55,1695,stock
2016-09-06,ICFC,233.08,226.13,233.08,224.97,9653,stock
2016-09-07,ICFC,226.13,222.65,226.13,222.65,1636,stock
2016-09-08,ICFC,223.23,222.07,226.13,222.07,2893,stock
2016-09-11,ICFC,222.07,222.07,222.07,222.07,487,stock
2016-09-12,ICFC,218.01,220.33,220.91,218.01,15338,stock
2016-09-14,ICFC,217.43,220.33,220.33,216.27,2636,stock
2016-09-18,ICFC,220.33,217.43,220.33,213.37,5064,stock
2016-09-20,ICFC,214.53,214.53,216.85,214.53,3971,stock
2016-09-21,ICFC,218.59,216.27,218.59,208.73,3658,stock
2016-09-22,ICFC,214.53,216.85,216.85,208.73,3302,stock
2016-09-25,ICFC,214.53,216.85,216.85,208.73,3302,stock
2016-09-26,ICFC,208.73,217.43,219.17,208.73,7221,stock
2016-09-27,ICFC,213.37,212.21,213.37,208.73,10290,stock
2016-09-28,ICFC,213.95,221.49,221.49,208.15,14085,stock
2016-10-02,ICFC,217.08,205.55,217.08,205.55,29711,stock
2016-10-03,ICFC,206.91,205.55,210.3,203.51,5934,stock
2016-10-04,ICFC,206.91,207.58,210.3,206.91,1812,stock
2016-10-05,ICFC,206.91,206.91,206.91,203.51,3923,stock
2016-10-06,ICFC,210.98,210.3,210.98,206.91,1071,stock
2016-10-17,ICFC,208.94,203.51,208.94,201.48,1262,stock
2016-10-18,ICFC,202.84,206.23,210.98,202.84,2124,stock
2016-10-19,ICFC,203.51,205.55,205.55,198.77,4838,stock
2016-10-20,ICFC,203.51,203.51,203.51,202.16,1060,stock
2016-10-23,ICFC,203.51,203.51,204.87,203.51,4654,stock
2016-10-24,ICFC,200.12,203.51,203.51,200.12,2523,stock
2016-10-25,ICFC,200.12,200.12,201.48,199.44,1300,stock
2016-10-26,ICFC,203.51,200.8,209.62,200.12,8736,stock
2016-10-27,ICFC,203.51,203.51,210.3,203.51,7854,stock
2016-11-03,ICFC,206.91,206.91,215.73,206.91,3503,stock
2016-11-07,ICFC,203.51,204.19,206.91,203.51,6683,stock
2016-11-08,ICFC,200.8,203.51,203.51,199.44,4755,stock
2016-11-09,ICFC,200.12,196.73,200.12,195.37,7542,stock
2016-11-10,ICFC,200.12,196.73,200.12,195.37,2147,stock
2016-11-13,ICFC,193.34,196.73,200.12,193.34,3921,stock
2016-11-14,ICFC,196.73,196.73,200.12,196.73,1438,stock
2016-11-15,ICFC,200.12,198.77,200.12,197.41,763,stock
2016-11-16,ICFC,196.73,192.66,200.12,192.66,1997,stock
2016-11-17,ICFC,189.95,187.23,193.34,186.55,2650,stock
2016-11-20,ICFC,183.16,182.48,185.88,176.38,4872,stock
2016-11-21,ICFC,180.45,182.48,182.48,175.7,3279,stock
2016-11-22,ICFC,179.77,183.16,189.95,179.77,5109,stock
2016-11-23,ICFC,183.16,179.09,183.16,179.09,13446,stock
2016-11-24,ICFC,182.48,176.38,183.16,176.38,5290,stock
2016-11-27,ICFC,172.99,166.2,172.99,166.2,6814,stock
2016-11-28,ICFC,163.49,181.81,181.81,160.78,3506,stock
2016-11-29,ICFC,184.52,183.16,184.52,169.6,9381,stock
2016-11-30,ICFC,186.55,185.88,192.66,180.45,6744,stock
2016-12-01,ICFC,183.16,183.16,187.91,178.41,8138,stock
2016-12-04,ICFC,179.77,176.38,183.16,176.38,6915,stock
2016-12-05,ICFC,172.99,176.38,177.06,172.99,4858,stock
2016-12-06,ICFC,179.77,176.38,179.77,176.38,1200,stock
2016-12-07,ICFC,176.38,172.99,176.38,172.99,2270,stock
2016-12-08,ICFC,176.38,172.99,177.06,172.99,9564,stock
2016-12-11,ICFC,172.99,170.27,172.99,170.27,308,stock
2016-12-12,ICFC,172.99,172.99,173.67,170.27,2201,stock
2016-12-14,ICFC,175.02,172.99,175.7,172.31,2846,stock
2016-12-15,ICFC,172.31,176.38,181.13,171.63,22390,stock
2016-12-18,ICFC,174.34,176.38,177.06,172.99,6040,stock
2016-12-19,ICFC,174.34,172.99,174.34,172.99,1512,stock
2016-12-20,ICFC,169.6,169.6,172.99,169.6,15190,stock
2016-12-21,ICFC,166.2,172.99,178.41,166.2,4223,stock
2016-12-22,ICFC,172.99,173.67,176.38,172.99,6633,stock
2016-12-26,ICFC,170.95,169.6,175.02,169.6,5863,stock
2016-12-27,ICFC,166.2,167.56,168.92,163.49,4635,stock
2016-12-28,ICFC,164.85,171.63,171.63,162.81,1520,stock
2016-12-29,ICFC,172.99,175.02,176.38,172.99,1261,stock
2017-01-01,ICFC,175.02,172.99,179.77,172.99,947,stock
2017-01-02,ICFC,176.38,177.06,179.77,175.02,6775,stock
2017-01-03,ICFC,176.38,171.63,177.06,170.27,3886,stock
2017-01-04,ICFC,171.63,175.02,175.02,171.63,2300,stock
2017-01-05,ICFC,175.02,172.31,175.02,172.31,1974,stock
2017-01-08,ICFC,172.31,172.99,178.41,172.31,3655,stock
2017-01-09,ICFC,174.34,175.02,176.38,174.34,1808,stock
2017-01-10,ICFC,176.38,176.38,176.38,175.7,137,stock
2017-01-12,ICFC,176.38,176.38,176.38,176.38,200,stock
2017-01-15,ICFC,176.38,179.77,179.77,176.38,228,stock
2017-01-16,ICFC,181.81,173.67,181.81,173.67,2091,stock
2017-01-17,ICFC,173.67,176.38,176.38,172.99,1714,stock
2017-01-18,ICFC,173.67,172.99,173.67,171.63,1524,stock
2017-01-19,ICFC,170.95,172.99,172.99,170.27,2446,stock
2017-01-22,ICFC,172.99,176.38,179.77,172.99,5363,stock
2017-01-23,ICFC,172.99,176.38,179.09,172.99,1109,stock
2017-01-24,ICFC,172.99,174.34,176.38,172.99,1211,stock
2017-01-25,ICFC,170.95,170.27,170.95,167.56,2635,stock
2017-01-26,ICFC,169.6,168.24,172.99,161.45,2259,stock
2017-01-30,ICFC,165.52,154.67,165.52,152.64,6750,stock
2017-01-31,ICFC,151.96,155.35,166.2,151.96,3558,stock
2017-02-01,ICFC,158.06,169.6,169.6,156.03,1445,stock
2017-02-02,ICFC,168.92,164.85,172.99,164.17,6590,stock
2017-02-05,ICFC,161.45,160.78,161.45,153.31,6170,stock
2017-02-06,ICFC,163.49,161.45,163.49,153.31,2570,stock
2017-02-07,ICFC,159.42,163.49,163.49,158.74,2110,stock
2017-02-08,ICFC,160.78,163.49,163.49,160.78,2854,stock
2017-02-09,ICFC,162.81,158.74,162.81,158.74,9531,stock
2017-02-12,ICFC,156.03,149.24,156.03,149.24,5536,stock
2017-02-13,ICFC,147.21,147.89,153.31,144.5,11018,stock
2017-02-14,ICFC,147.89,149.92,153.31,147.21,9111,stock
2017-02-15,ICFC,152.64,152.64,158.06,149.24,7922,stock
2017-02-16,ICFC,153.31,153.31,156.03,151.28,6179,stock
2017-02-19,ICFC,154.67,162.81,164.85,154.67,1512,stock
2017-02-20,ICFC,165.52,158.74,165.52,158.74,5688,stock
2017-02-21,ICFC,161.45,154.67,164.17,154.67,4313,stock
2017-02-22,ICFC,155.35,157.38,157.38,153.31,3202,stock
2017-02-23,ICFC,160.1,159.42,161.45,159.42,784,stock
2017-02-28,ICFC,157.38,153.99,157.38,153.99,610,stock
2017-03-01,ICFC,152.64,159.42,159.42,151.28,2191,stock
2017-03-02,ICFC,158.06,157.38,158.74,157.38,2658,stock
2017-03-05,ICFC,160.1,162.81,165.52,160.1,4148,stock
2017-03-06,ICFC,165.52,162.81,165.52,161.45,4059,stock
2017-03-07,ICFC,160.78,159.42,160.78,158.06,418,stock
2017-03-09,ICFC,159.42,160.1,160.1,159.42,400,stock
2017-03-14,ICFC,158.06,160.78,158.06,158.06,104,stock
2017-03-16,ICFC,159.42,158.06,159.42,156.71,2680,stock
2017-03-19,ICFC,158.06,160.1,161.45,159.42,616,stock
2017-03-20,ICFC,160.1,170.95,175.7,160.1,3320,stock
2017-03-21,ICFC,167.56,176.38,176.38,165.52,8498,stock
2017-03-22,ICFC,179.77,176.38,186.55,172.99,9862,stock
2017-03-23,ICFC,179.77,177.06,185.88,172.99,3786,stock
2017-03-26,ICFC,180.45,177.06,183.16,176.38,8322,stock
2017-03-28,ICFC,177.06,183.16,187.23,180.45,4854,stock
2017-03-29,ICFC,183.16,181.81,200.12,181.81,25091,stock
2017-03-30,ICFC,181.81,186.55,186.55,176.38,18251,stock
2017-04-02,ICFC,189.95,200.12,200.12,184.52,5142,stock
2017-04-03,ICFC,203.51,190.63,215.73,187.23,18032,stock
2017-04-04,ICFC,187.91,189.95,200.8,184.52,14449,stock
2017-04-06,ICFC,189.95,186.55,193.34,184.52,10976,stock
2017-04-09,ICFC,183.16,187.91,189.95,183.16,3824,stock
2017-04-10,ICFC,191.3,200.12,200.12,189.27,15662,stock
2017-04-11,ICFC,203.51,219.8,219.8,196.73,65521,stock
2017-04-12,ICFC,223.87,213.69,234.04,210.98,46805,stock
2017-04-13,ICFC,210.3,219.8,223.19,203.51,34578,stock
2017-04-16,ICFC,215.73,211.65,223.19,207.58,17160,stock
2017-04-18,ICFC,215.73,217.76,232.01,215.73,44055,stock
2017-04-19,ICFC,217.08,232.01,234.04,217.76,61455,stock
2017-04-20,ICFC,236.08,227.26,244.9,223.87,36994,stock
2017-04-23,ICFC,231.33,230.65,244.22,227.26,13945,stock
2017-04-24,ICFC,227.26,220.47,230.65,219.12,14182,stock
2017-04-25,ICFC,217.08,223.87,226.58,215.73,17943,stock
2017-04-26,ICFC,227.94,229.29,230.65,224.54,19669,stock
2017-04-27,ICFC,227.26,229.29,232.01,226.58,13291,stock
2017-04-30,ICFC,227.26,224.54,228.61,222.51,2062,stock
2017-05-02,ICFC,228.61,226.58,228.61,221.15,4547,stock
2017-05-03,ICFC,227.94,221.15,229.97,219.8,5742,stock
2017-05-04,ICFC,217.08,220.47,225.22,217.08,1516,stock
2017-05-07,ICFC,217.08,219.12,219.12,213.69,1923,stock
2017-05-08,ICFC,220.47,220.47,224.54,217.08,2710,stock
2017-05-09,ICFC,220.47,221.15,223.87,220.47,3260,stock
2017-05-11,ICFC,221.15,219.12,222.51,217.08,6791,stock
2017-05-15,ICFC,219.12,223.19,223.19,213.69,5703,stock
2017-05-16,ICFC,219.12,219.12,219.12,215.73,4604,stock
2017-05-17,ICFC,215.73,214.37,215.73,212.33,1535,stock
2017-05-18,ICFC,214.37,215.73,217.76,210.98,3944,stock
2017-05-21,ICFC,214.37,214.37,217.08,214.37,905,stock
2017-05-22,ICFC,218.44,213.69,218.44,213.69,700,stock
2017-05-23,ICFC,213.69,214.37,215.73,209.62,1519,stock
2017-05-24,ICFC,213.69,217.08,217.76,212.33,4065,stock
2017-05-28,ICFC,220.47,213.69,220.47,213.69,996,stock
2017-05-30,ICFC,214.37,211.65,214.37,210.3,1769,stock
2017-05-31,ICFC,210.98,223.19,223.19,203.51,3900,stock
2017-06-01,ICFC,219.12,217.08,219.12,217.08,2260,stock
2017-06-04,ICFC,217.08,213.01,217.08,213.01,128,stock
2017-06-05,ICFC,208.94,209.62,210.3,206.91,8494,stock
2017-06-06,ICFC,213.69,210.3,213.69,206.91,7871,stock
2017-06-07,ICFC,208.94,209.62,210.98,206.91,9549,stock
2017-06-08,ICFC,206.91,205.55,206.91,203.51,14059,stock
2017-06-11,ICFC,203.51,201.48,208.26,201.48,7850,stock
2017-06-12,ICFC,207.58,201.48,207.58,200.12,6229,stock
2017-06-13,ICFC,200.12,202.16,202.16,198.77,4237,stock
2017-06-14,ICFC,205.55,199.44,205.55,198.77,3396,stock
2017-06-15,ICFC,197.41,203.51,203.51,196.73,12909,stock
2017-06-18,ICFC,203.51,196.73,203.51,196.73,5544,stock
2017-06-19,ICFC,200.12,200.8,200.8,200.12,700,stock
2017-06-20,ICFC,196.73,192.66,196.73,191.3,8285,stock
2017-06-21,ICFC,191.3,193.34,194.7,189.95,6588,stock
2017-06-22,ICFC,189.95,189.95,193.34,189.27,2802,stock
2017-06-25,ICFC,191.3,191.98,192.66,189.95,5739,stock
2017-06-27,ICFC,189.95,188.59,191.3,188.59,4010,stock
2017-06-28,ICFC,190.63,190.63,190.63,186.55,7730,stock
2017-07-02,ICFC,187.23,187.23,187.23,183.16,2845,stock
2017-07-03,ICFC,189.95,187.23,190.63,187.23,4489,stock
2017-07-04,ICFC,185.2,183.84,187.23,183.84,2273,stock
2017-07-05,ICFC,184.52,186.55,186.55,183.16,2500,stock
2017-07-06,ICFC,187.23,192.66,195.37,186.55,4724,stock
2017-07-09,ICFC,192.66,189.27,201.48,189.27,6710,stock
2017-07-10,ICFC,192.66,191.3,192.66,190.63,674,stock
2017-07-11,ICFC,190.63,194.02,199.44,186.55,26786,stock
2017-07-12,ICFC,197.41,199.44,200.12,193.34,2905,stock
2017-07-13,ICFC,196.73,195.37,196.73,194.02,1248,stock
2017-07-16,ICFC,192.66,192.66,193.34,191.98,1980,stock
2017-07-17,ICFC,193.34,198.09,198.09,193.34,4162,stock
2017-07-18,ICFC,198.77,202.16,208.26,196.73,4186,stock
2017-07-19,ICFC,200.12,201.48,201.48,198.77,1456,stock
2017-07-20,ICFC,201.48,194.7,201.48,194.7,5285,stock
2017-07-23,ICFC,198.09,193.34,198.09,190.63,2192,stock
2017-07-24,ICFC,189.95,189.95,199.44,189.95,4542,stock
2017-07-25,ICFC,189.95,197.41,197.41,189.95,3520,stock
2017-07-26,ICFC,199.44,193.34,199.44,193.34,1293,stock
2017-07-27,ICFC,189.95,192.66,193.34,189.95,834,stock
2017-07-30,ICFC,194.7,196.05,196.05,189.95,3560,stock
2017-07-31,ICFC,193.34,196.73,196.73,193.34,3796,stock
2017-08-01,ICFC,200.12,199.44,208.26,196.73,16250,stock
2017-08-02,ICFC,196.73,196.73,200.12,196.73,5365,stock
2017-08-03,ICFC,196.73,193.34,196.73,193.34,3324,stock
2017-08-06,ICFC,193.34,190.63,193.34,190.63,855,stock
2017-08-07,ICFC,191.98,196.73,196.73,187.91,7293,stock
2017-08-09,ICFC,193.34,193.34,193.34,193.34,192,stock
2017-08-10,ICFC,196.73,190.63,196.73,190.63,3994,stock
2017-08-13,ICFC,194.02,190.63,194.02,190.63,2908,stock
2017-08-15,ICFC,187.91,188.59,188.59,183.84,1568,stock
2017-08-16,ICFC,185.88,189.95,195.37,185.2,3617,stock
2017-08-20,ICFC,189.27,187.23,189.95,187.23,698,stock
2017-08-21,ICFC,190.63,190.63,190.63,190.63,20,stock
2017-08-22,ICFC,189.27,187.91,190.63,186.55,1859,stock
2017-08-23,ICFC,185.88,186.55,186.55,185.88,754,stock
2017-08-24,ICFC,186.55,186.55,189.27,186.55,2054,stock
2017-08-27,ICFC,186.55,188.59,189.95,186.55,2614,stock
2017-08-28,ICFC,187.23,189.27,189.27,187.23,701,stock
2017-08-30,ICFC,189.27,184.52,189.27,184.52,2194,stock
2017-08-31,ICFC,184.52,183.16,183.84,183.16,249,stock
2017-09-04,ICFC,179.77,182.48,183.16,179.77,4188,stock
2017-09-06,ICFC,185.2,183.16,185.2,183.16,499,stock
2017-09-07,ICFC,179.77,182.48,183.16,177.06,3592,stock
2017-09-10,ICFC,185.2,181.81,186.55,181.13,8638,stock
2017-09-11,ICFC,179.77,183.16,185.2,179.77,3854,stock
2017-09-12,ICFC,180.45,180.45,183.16,180.45,2203,stock
2017-09-13,ICFC,182.48,181.81,187.23,181.81,2359,stock
2017-09-14,ICFC,181.81,183.16,184.52,179.77,4241,stock
2017-09-17,ICFC,183.84,185.2,185.2,180.45,1520,stock
2017-09-18,ICFC,183.16,183.16,183.16,183.16,304,stock
2017-09-20,ICFC,179.77,186.55,186.55,179.77,604,stock
2017-09-24,ICFC,183.84,183.84,183.84,183.16,1147,stock
2017-09-25,ICFC,186.55,180.45,186.55,180.45,1600,stock
2017-09-26,ICFC,180.45,183.16,186.55,180.45,1468,stock
2017-10-04,ICFC,183.84,181.13,183.84,181.13,2750,stock
2017-10-08,ICFC,181.13,178.41,181.13,178.41,100,stock
2017-10-09,ICFC,176.38,180.45,185.2,175.02,1718,stock
2017-10-10,ICFC,179.77,183.84,183.84,179.77,14395,stock
2017-10-11,ICFC,183.57,174.62,180.59,174.62,1183,stock
2017-10-12,ICFC,173.12,168.65,173.12,166.41,4768,stock
2017-10-15,ICFC,171.63,171.63,171.63,171.63,300,stock
2017-10-16,ICFC,171.63,180.59,180.59,171.63,3652,stock
2017-10-17,ICFC,183.57,177.6,183.57,177.6,1550,stock
2017-10-18,ICFC,174.62,176.11,176.11,174.62,200,stock
2017-10-22,ICFC,179.09,178.35,179.09,176.11,1999,stock
2017-10-23,ICFC,178.35,177.6,179.84,176.85,2365,stock
2017-10-24,ICFC,177.6,174.62,178.35,174.62,550,stock
2017-10-25,ICFC,171.63,174.62,177.6,168.65,1481,stock
2017-10-29,ICFC,174.62,172.38,174.62,172.38,210,stock
2017-10-30,ICFC,173.12,174.62,174.62,171.63,1808,stock
2017-10-31,ICFC,171.63,171.63,171.63,171.63,782,stock
2017-11-01,ICFC,173.12,171.63,173.12,169.39,5108,stock
2017-11-02,ICFC,173.87,172.38,173.87,171.63,3051,stock
2017-11-05,ICFC,169.39,167.15,169.39,167.15,2998,stock
2017-11-06,ICFC,167.15,161.93,170.88,161.93,8650,stock
2017-11-07,ICFC,164.91,164.91,164.91,164.91,1117,stock
2017-11-08,ICFC,161.93,164.17,164.17,161.93,837,stock
2017-11-09,ICFC,161.18,163.42,164.17,160.44,1483,stock
2017-11-12,ICFC,163.42,162.68,162.68,158.2,2437,stock
2017-11-13,ICFC,160.44,165.66,165.66,160.44,1301,stock
2017-11-14,ICFC,167.9,167.15,167.9,167.15,1544,stock
2017-11-15,ICFC,164.91,163.42,164.91,161.93,1373,stock
2017-11-16,ICFC,166.41,163.42,166.41,163.42,520,stock
2017-11-19,ICFC,163.42,161.18,163.42,161.18,535,stock
2017-11-20,ICFC,161.18,160.44,161.18,160.44,156,stock
2017-11-21,ICFC,160.44,162.68,163.42,160.44,3554,stock
2017-11-22,ICFC,161.18,164.91,164.91,161.18,2195,stock
2017-11-23,ICFC,164.91,162.68,165.66,161.93,2048,stock
2017-11-26,ICFC,162.68,165.66,165.66,165.66,300,stock
2017-11-27,ICFC,167.9,165.66,168.65,164.91,3050,stock
2017-11-28,ICFC,163.42,163.42,163.42,163.42,690,stock
2017-11-29,ICFC,162.68,168.65,174.62,162.68,11165,stock
2017-11-30,ICFC,167.9,166.41,167.9,166.41,314,stock
2017-12-05,ICFC,164.17,167.15,167.9,164.17,10666,stock
2017-12-06,ICFC,167.9,167.9,167.9,167.9,4408,stock
2017-12-10,ICFC,164.91,164.17,164.91,161.93,2896,stock
2017-12-11,ICFC,161.93,161.93,161.93,161.93,42,stock
2017-12-12,ICFC,163.42,163.42,163.42,162.68,133,stock
2017-12-13,ICFC,164.17,162.68,164.17,162.68,270,stock
2017-12-17,ICFC,161.93,161.18,161.93,161.18,638,stock
2017-12-18,ICFC,161.18,160.44,161.18,158.2,3513,stock
2017-12-19,ICFC,160.44,158.94,160.44,158.94,1154,stock
2017-12-20,ICFC,161.93,157.45,161.93,156.71,2770,stock
2017-12-21,ICFC,159.69,156.71,159.69,156.71,2260,stock
2017-12-24,ICFC,153.72,158.2,158.2,153.72,1060,stock
2017-12-26,ICFC,158.2,156.71,158.2,155.96,1970,stock
2017-12-27,ICFC,159.69,155.21,159.69,152.97,3640,stock
2017-12-28,ICFC,152.23,156.71,156.71,150.74,8049,stock
2018-01-01,ICFC,153.72,160.44,160.44,153.72,3659,stock
2018-01-02,ICFC,157.45,161.18,161.18,157.45,1850,stock
2018-01-03,ICFC,158.94,154.47,158.94,154.47,2017,stock
2018-01-04,ICFC,156.71,155.21,156.71,155.21,1086,stock
2018-01-07,ICFC,152.23,158.2,158.2,152.23,2430,stock
2018-01-08,ICFC,156.71,158.2,158.2,156.71,513,stock
2018-01-09,ICFC,158.2,157.45,157.45,157.45,136,stock
2018-01-10,ICFC,156.71,156.71,156.71,156.71,117,stock
2018-01-14,ICFC,153.72,153.72,153.72,153.72,1218,stock
2018-01-16,ICFC,156.71,154.47,156.71,153.72,1260,stock
2018-01-21,ICFC,155.21,155.96,155.96,155.21,581,stock
2018-01-22,ICFC,154.47,156.71,156.71,152.97,3070,stock
2018-01-23,ICFC,154.47,156.71,156.71,154.47,1010,stock
2018-01-24,ICFC,154.47,153.72,154.47,153.72,1832,stock
2018-01-25,ICFC,153.72,155.21,155.21,153.72,201,stock
2018-01-28,ICFC,154.47,155.21,155.96,154.47,2046,stock
2018-01-29,ICFC,152.97,153.72,155.96,152.97,1482,stock
2018-01-31,ICFC,152.23,153.72,153.72,152.23,1272,stock
2018-02-01,ICFC,152.97,153.72,155.96,152.97,1700,stock
2018-02-04,ICFC,153.72,154.47,154.47,153.72,2100,stock
2018-02-05,ICFC,152.23,151.48,152.23,151.48,2559,stock
2018-02-06,ICFC,151.48,151.48,151.48,150.74,387,stock
2018-02-07,ICFC,150.74,152.97,152.97,150.74,362,stock
2018-02-08,ICFC,151.48,151.48,151.48,151.48,4700,stock
2018-02-11,ICFC,149.99,151.48,151.48,149.99,1251,stock
2018-02-12,ICFC,151.48,150.74,151.48,150.74,2500,stock
2018-02-14,ICFC,153.72,154.47,154.47,153.72,60,stock
2018-02-15,ICFC,151.48,157.45,160.44,151.48,3669,stock
2018-02-18,ICFC,157.45,155.21,156.71,154.47,932,stock
2018-02-20,ICFC,153.72,155.21,155.21,153.72,440,stock
2018-02-21,ICFC,152.23,152.97,152.97,152.23,4487,stock
2018-02-22,ICFC,152.97,152.97,154.47,152.97,600,stock
2018-02-25,ICFC,151.48,155.21,155.21,149.24,6690,stock
2018-02-26,ICFC,152.23,149.24,152.23,149.24,380,stock
2018-02-27,ICFC,149.24,149.99,152.97,149.24,3640,stock
2018-02-28,ICFC,149.99,148.5,149.99,148.5,6538,stock
2018-03-04,ICFC,150.74,143.27,150.74,143.27,4083,stock
2018-03-06,ICFC,140.29,146.26,146.26,140.29,1941,stock
2018-03-07,ICFC,144.02,150.74,150.74,144.02,2610,stock
2018-03-11,ICFC,150.74,148.5,149.24,148.5,150,stock
2018-03-12,ICFC,148.5,148.5,148.5,148.5,100,stock
2018-03-13,ICFC,146.26,147.75,147.75,146.26,7194,stock
2018-03-14,ICFC,145.51,147.01,147.01,145.51,3225,stock
2018-03-15,ICFC,145.51,146.26,149.24,145.51,967,stock
2018-03-18,ICFC,146.26,146.26,149.24,145.51,12097,stock
2018-03-19,ICFC,146.26,145.51,146.26,145.51,4316,stock
2018-03-20,ICFC,145.51,144.02,145.51,141.78,3049,stock
2018-03-21,ICFC,142.53,139.54,142.53,139.54,2287,stock
2018-03-22,ICFC,141.78,139.54,141.78,136.56,5080,stock
2018-03-27,ICFC,137.3,141.78,142.53,135.07,2322,stock
2018-03-28,ICFC,142.53,139.54,142.53,137.3,3262,stock
2018-03-29,ICFC,140.29,141.04,141.78,140.29,2025,stock
2018-04-01,ICFC,139.54,135.81,139.54,135.07,3125,stock
2018-04-02,ICFC,137.3,137.3,137.3,137.3,1000,stock
2018-04-03,ICFC,135.81,135.07,137.3,134.32,4332,stock
2018-04-04,ICFC,137.3,140.29,141.04,134.32,9398,stock
2018-04-05,ICFC,142.53,138.8,144.77,138.05,4333,stock
2018-04-08,ICFC,139.54,142.53,144.77,139.54,5772,stock
2018-04-09,ICFC,141.78,141.04,145.51,139.54,5877,stock
2018-04-11,ICFC,138.8,138.8,138.8,138.8,35,stock
2018-04-12,ICFC,141.04,136.56,141.04,136.56,1714,stock
2018-04-15,ICFC,136.56,141.04,141.04,138.8,564,stock
2018-04-16,ICFC,138.8,142.53,142.53,136.56,1834,stock
2018-04-17,ICFC,142.53,144.77,144.77,140.29,2960,stock
2018-04-18,ICFC,147.01,149.24,152.23,145.51,9392,stock
2018-04-19,ICFC,149.99,149.24,155.21,147.75,13762,stock
2018-04-22,ICFC,149.24,160.44,161.18,152.23,30036,stock
2018-04-23,ICFC,163.42,157.45,163.42,154.47,13477,stock
2018-04-24,ICFC,157.45,154.47,157.45,154.47,1454,stock
2018-04-25,ICFC,157.45,154.47,157.45,153.72,941,stock
2018-04-26,ICFC,154.47,150.74,154.47,149.99,826,stock
2018-04-29,ICFC,147.01,147.01,149.99,145.51,1477,stock
2018-05-02,ICFC,145.51,147.75,147.75,143.27,1496,stock
2018-05-03,ICFC,146.26,146.26,149.99,146.26,1410,stock
2018-05-06,ICFC,144.77,144.77,144.77,144.77,593,stock
2018-05-07,ICFC,143.27,145.51,146.26,143.27,977,stock
2018-05-08,ICFC,143.27,144.02,144.77,142.53,3637,stock
2018-05-09,ICFC,144.77,144.77,147.01,144.77,1660,stock
2018-05-10,ICFC,144.77,142.53,145.51,142.53,3778,stock
2018-05-14,ICFC,141.78,141.78,141.78,140.29,1591,stock
2018-05-15,ICFC,144.02,141.04,144.02,140.29,1889,stock
2018-05-17,ICFC,141.04,141.04,141.04,141.04,346,stock
2018-05-20,ICFC,143.27,141.78,143.27,141.78,250,stock
2018-05-21,ICFC,142.53,140.29,142.53,140.29,421,stock
2018-05-22,ICFC,138.05,140.29,140.29,138.05,976,stock
2018-05-23,ICFC,139.54,137.3,139.54,137.3,2407,stock
2018-05-24,ICFC,137.3,136.56,141.78,136.56,3436,stock
2018-05-27,ICFC,138.8,136.56,138.8,136.56,126,stock
2018-05-28,ICFC,136.56,141.04,141.04,135.81,5054,stock
2018-05-29,ICFC,138.8,139.54,139.54,138.05,1469,stock
2018-05-30,ICFC,141.78,141.78,141.78,140.29,1830,stock
2018-05-31,ICFC,141.78,141.78,141.78,141.78,60,stock
2018-06-04,ICFC,141.78,135.07,141.78,135.07,709,stock
2018-06-07,ICFC,132.83,132.83,133.57,131.33,4200,stock
2018-06-10,ICFC,130.59,130.59,130.59,129.1,75,stock
2018-06-11,ICFC,127.6,128.35,128.35,127.6,297,stock
2018-06-12,ICFC,130.59,130.59,130.59,130.59,300,stock
2018-06-13,ICFC,130.59,135.07,135.07,130.59,1132,stock
2018-06-14,ICFC,132.83,132.83,132.83,132.83,46,stock
2018-06-17,ICFC,130.59,130.59,130.59,130.59,43,stock
2018-06-18,ICFC,131.33,131.33,131.33,131.33,1000,stock
2018-06-19,ICFC,133.57,129.1,133.57,129.1,1674,stock
2018-06-20,ICFC,126.86,128.35,128.35,126.86,700,stock
2018-06-21,ICFC,126.86,129.84,131.33,126.86,1093,stock
2018-06-24,ICFC,130.59,129.84,132.08,129.84,1762,stock
2018-06-25,ICFC,130.59,128.35,130.59,128.35,5853,stock
2018-06-26,ICFC,127.6,126.86,127.6,126.86,3480,stock
2018-06-27,ICFC,126.86,124.62,126.86,124.62,259,stock
2018-06-28,ICFC,123.87,131.33,131.33,123.13,2717,stock
2018-07-01,ICFC,119.4,121.63,121.63,119.4,1417,stock
2018-07-02,ICFC,129.1,127.6,129.1,124.62,2004,stock
2018-07-03,ICFC,129.1,129.1,129.1,129.1,2000,stock
2018-07-04,ICFC,129.1,129.1,130.59,129.1,1389,stock
2018-07-05,ICFC,131.33,133.57,135.81,131.33,470,stock
2018-07-08,ICFC,135.81,131.33,135.81,131.33,1811,stock
2018-07-09,ICFC,133.57,129.1,133.57,129.1,1600,stock
2018-07-10,ICFC,128.35,129.1,129.1,126.86,2210,stock
2018-07-11,ICFC,131.33,133.57,133.57,131.33,473,stock
2018-07-12,ICFC,134.32,128.35,134.32,127.6,1019,stock
2018-07-15,ICFC,128.35,128.35,128.35,127.6,954,stock
2018-07-16,ICFC,129.1,128.35,129.1,128.35,547,stock
2018-07-17,ICFC,126.11,129.1,128.35,126.11,702,stock
2018-07-19,ICFC,128.35,126.11,128.35,126.11,2000,stock
2018-07-22,ICFC,124.62,125.36,129.1,124.62,2673,stock
2018-07-23,ICFC,127.6,125.36,127.6,125.36,7250,stock
2018-07-24,ICFC,127.6,126.86,129.84,125.36,12200,stock
2018-07-25,ICFC,125.36,125.36,125.36,123.87,1447,stock
2018-07-26,ICFC,124.62,124.62,124.62,123.87,2500,stock
2018-07-29,ICFC,125.36,122.38,125.36,122.38,3119,stock
2018-07-30,ICFC,123.13,123.87,124.62,123.13,11034,stock
2018-07-31,ICFC,124.62,120.89,126.86,120.89,2360,stock
2018-08-01,ICFC,119.4,121.63,121.63,119.4,1417,stock
2018-08-02,ICFC,120.89,121.63,121.63,120.14,1235,stock
2018-08-05,ICFC,120.14,121.63,122.38,120.14,1913,stock
2018-08-06,ICFC,123.13,123.13,123.13,121.63,891,stock
2018-08-07,ICFC,123.13,123.13,123.87,120.89,3947,stock
2018-08-08,ICFC,121.63,120.14,121.63,119.4,78,stock
2018-08-09,ICFC,119.4,119.4,120.14,117.9,406,stock
2018-08-12,ICFC,120.14,119.4,120.14,118.65,3819,stock
2018-08-13,ICFC,118.65,118.65,118.65,117.9,374,stock
2018-08-14,ICFC,120.89,122.38,125.36,120.14,2964,stock
2018-08-15,ICFC,124.62,126.86,126.86,122.38,3002,stock
2018-08-16,ICFC,129.1,126.11,129.1,125.36,9710,stock
2018-08-19,ICFC,123.87,119.4,123.87,117.16,2598,stock
2018-08-20,ICFC,117.9,118.65,119.4,117.16,1110,stock
2018-08-21,ICFC,117.16,117.16,117.9,117.16,337,stock
2018-08-22,ICFC,117.9,117.9,117.9,117.9,715,stock
2018-08-23,ICFC,116.41,117.16,117.9,116.41,1712,stock
2018-08-26,ICFC,116.41,117.16,117.16,115.66,1020,stock
2018-08-28,ICFC,115.66,117.16,117.16,114.92,1820,stock
2018-08-29,ICFC,116.41,116.41,116.41,115.66,1700,stock
2018-08-30,ICFC,115.66,118.65,118.65,115.66,598,stock
2018-09-02,ICFC,120.89,119.4,120.89,119.4,1066,stock
2018-09-03,ICFC,120.14,121.63,121.63,119.4,1867,stock
2018-09-04,ICFC,120.89,123.87,123.87,120.89,810,stock
2018-09-05,ICFC,123.87,130.59,130.59,123.87,2738,stock
2018-09-06,ICFC,128.35,125.36,128.35,125.36,880,stock
2018-09-09,ICFC,123.87,125.36,125.36,123.13,600,stock
2018-09-10,ICFC,125.36,123.13,125.36,123.13,1009,stock
2018-09-11,ICFC,123.13,129.1,129.1,121.63,3948,stock
2018-09-12,ICFC,126.86,121.63,126.86,119.4,3680,stock
2018-09-13,ICFC,121.63,123.87,126.11,121.63,881,stock
2018-09-16,ICFC,123.13,123.13,125.36,123.13,14720,stock
2018-09-18,ICFC,123.87,123.87,123.87,123.87,332,stock
2018-09-23,ICFC,121.63,121.63,121.63,121.63,400,stock
2018-09-25,ICFC,120.89,123.87,123.87,119.4,6091,stock
2018-09-26,ICFC,121.63,120.14,124.62,120.14,5272,stock
2018-09-27,ICFC,120.14,122.38,122.38,119.4,4198,stock
2018-09-30,ICFC,120.14,118.65,120.14,118.65,3803,stock
2018-10-01,ICFC,118.65,117.9,118.65,117.9,2551,stock
2018-10-02,ICFC,116.41,117.9,117.9,116.41,902,stock
2018-10-03,ICFC,117.16,115.66,117.16,115.66,2090,stock
2018-10-04,ICFC,113.43,114.92,116.41,113.43,4198,stock
2018-10-07,ICFC,113.43,111.93,113.43,111.93,2770,stock
2018-10-08,ICFC,111.93,114.17,114.17,111.93,3072,stock
2018-10-09,ICFC,111.93,114.17,114.17,111.93,1065,stock
2018-10-11,ICFC,112.68,111.93,112.68,112.68,25,stock
2018-10-14,ICFC,111.93,111.93,111.93,111.93,1500,stock
2018-10-15,ICFC,113.43,114.17,114.17,113.43,65,stock
2018-10-21,ICFC,116.41,116.41,116.41,116.41,100,stock
2018-10-22,ICFC,114.17,117.16,117.16,114.17,1355,stock
2018-10-23,ICFC,117.9,118.65,118.65,117.9,160,stock
2018-10-25,ICFC,116.41,116.41,116.41,116.41,200,stock
2018-10-28,ICFC,114.17,113.43,114.17,113.43,1074,stock
2018-10-29,ICFC,113.43,114.92,114.92,112.68,550,stock
2018-10-30,ICFC,114.92,116.41,117.16,114.92,994,stock
2018-11-01,ICFC,117.16,113.43,117.16,113.43,1919,stock
2018-11-04,ICFC,113.43,115.66,115.66,113.43,413,stock
2018-11-14,ICFC,120.14,117.9,120.14,117.9,726,stock
2018-11-15,ICFC,117.9,117.9,117.9,116.41,1110,stock
2018-11-18,ICFC,117.9,112.68,117.9,112.68,1294,stock
2018-11-19,ICFC,112.68,113.43,114.17,112.68,1023,stock
2018-11-20,ICFC,113.43,113.43,113.43,113.43,9,stock
2018-11-21,ICFC,111.19,112.68,112.68,111.19,129,stock
2018-11-22,ICFC,112.68,117.9,117.9,112.68,2776,stock
2018-11-25,ICFC,117.9,111.93,117.9,111.93,12558,stock
2018-11-26,ICFC,111.96,114.92,114.92,111.96,1362,stock
2018-11-27,ICFC,114.92,112.68,114.92,112.68,2106,stock
2018-11-28,ICFC,112.81,114.92,114.92,112.81,685,stock
2018-11-29,ICFC,114.92,117.16,118.65,114.92,4979,stock
2018-12-02,ICFC,116.67,113.43,116.67,111.93,2106,stock
2018-12-03,ICFC,113.43,113.43,114.17,113.43,3445,stock
2018-12-04,ICFC,113.43,115.66,115.66,112.68,2486,stock
2018-12-06,ICFC,115.66,114.92,115.66,114.17,4241,stock
2018-12-09,ICFC,114.92,114.17,115.66,114.17,2110,stock
2018-12-10,ICFC,114.17,114.17,114.92,114.17,13690,stock
2018-12-11,ICFC,114.17,113.43,114.17,113.43,2700,stock
2018-12-12,ICFC,113.43,114.17,114.17,113.43,12000,stock
2018-12-13,ICFC,114.17,115.66,115.66,114.17,3100,stock
2018-12-16,ICFC,115.66,115.66,115.66,115.66,1000,stock
2018-12-17,ICFC,115.66,119.4,119.4,115.66,420,stock
2018-12-19,ICFC,119.4,119.4,120.89,119.4,159,stock
2018-12-20,ICFC,119.4,112.68,119.4,112.68,223,stock
2018-12-23,ICFC,112.68,118.65,119.4,112.68,1933,stock
2018-12-24,ICFC,118.65,117.16,118.65,116.41,1813,stock
2018-12-25,ICFC,117.16,114.17,117.16,114.17,347,stock
2018-12-26,ICFC,114.17,116.41,118.65,111.93,3441,stock
2018-12-27,ICFC,116.41,116.41,120.14,116.41,5431,stock
2018-12-30,ICFC,116.41,116.41,117.9,116.41,1410,stock
2018-12-31,ICFC,116.41,114.92,116.41,114.92,483,stock
2019-01-01,ICFC,114.92,113.43,115.66,113.43,1259,stock
2019-01-02,ICFC,113.43,115.66,115.66,111.93,6421,stock
2019-01-03,ICFC,115.66,114.17,115.66,114.17,182,stock
2019-01-06,ICFC,114.17,114.17,114.92,111.93,1192,stock
2019-01-07,ICFC,114.17,115.66,115.66,114.17,330,stock
2019-01-08,ICFC,115.66,116.41,116.41,115.66,1620,stock
2019-01-09,ICFC,116.41,113.43,117.16,113.43,2580,stock
2019-01-10,ICFC,113.43,117.16,117.9,113.43,250,stock
2019-01-13,ICFC,117.16,114.17,117.16,114.17,1000,stock
2019-01-14,ICFC,114.17,114.92,116.41,114.17,3037,stock
2019-01-15,ICFC,114.92,116.41,116.41,114.92,3042,stock
2019-01-16,ICFC,116.41,115.66,116.41,114.92,1750,stock
2019-01-17,ICFC,115.66,116.41,116.41,115.66,100,stock
2019-01-22,ICFC,117.16,114.92,117.16,112.68,1337,stock
2019-01-23,ICFC,114.92,115.66,116.41,113.43,1350,stock
2019-01-24,ICFC,115.66,114.17,117.9,113.43,576,stock
2019-01-27,ICFC,114.17,112.68,114.17,111.93,1200,stock
2019-01-28,ICFC,112.68,113.43,113.43,112.68,137,stock
2019-01-29,ICFC,113.43,113.43,113.43,111.93,1588,stock
2019-01-30,ICFC,113.43,111.93,113.43,111.93,2299,stock
2019-01-31,ICFC,111.93,112.68,114.92,111.93,955,stock
2019-02-03,ICFC,111.93,111.93,112.68,111.93,2001,stock
2019-02-04,ICFC,111.93,111.19,111.93,111.19,800,stock
2019-02-05,ICFC,111.19,112.68,112.68,111.19,614,stock
2019-02-06,ICFC,111.93,111.93,112.68,111.93,1397,stock
2019-02-07,ICFC,111.93,110.44,111.93,110.44,2239,stock
2019-02-10,ICFC,110.44,110.44,110.44,108.95,1501,stock
2019-02-12,ICFC,109.69,111.93,111.93,109.69,368,stock
2019-02-13,ICFC,109.69,111.93,111.93,111.93,0,stock
2019-02-14,ICFC,108.95,109.69,109.69,108.2,851,stock
2019-02-17,ICFC,108.2,109.69,109.69,106.71,4380,stock
2019-02-19,ICFC,110.44,108.95,110.44,108.95,219,stock
2019-02-20,ICFC,110.44,110.44,110.44,108.95,327,stock
2019-02-24,ICFC,109.69,109.69,110.44,109.69,266,stock
2019-02-26,ICFC,110.44,108.95,110.44,108.2,1898,stock
2019-02-27,ICFC,110.44,108.95,110.44,108.95,748,stock
2019-03-03,ICFC,108.95,108.2,108.95,107.46,3594,stock
2019-03-06,ICFC,106.71,109.69,109.69,106.71,228,stock
2019-03-07,ICFC,109.69,111.93,111.93,109.69,725,stock
2019-03-11,ICFC,110.44,112.68,112.68,110.44,1733,stock
2019-03-12,ICFC,110.44,111.93,114.92,110.44,7425,stock
2019-03-13,ICFC,111.93,112.68,114.17,111.93,3050,stock
2019-03-14,ICFC,114.92,114.92,114.92,114.92,710,stock
2019-03-18,ICFC,113.43,114.17,117.16,113.43,4530,stock
2019-03-19,ICFC,112.68,112.68,112.68,112.68,126,stock
2019-03-21,ICFC,111.93,111.93,111.93,111.93,17,stock
2019-03-24,ICFC,111.93,111.93,111.93,111.93,17,stock
2019-03-25,ICFC,111.93,111.93,111.93,110.44,6004,stock
2019-03-26,ICFC,110.44,111.93,111.93,110.44,1490,stock
2019-03-28,ICFC,109.69,112.68,113.43,109.69,5979,stock
2019-03-31,ICFC,112.68,114.17,114.92,112.68,1671,stock
2019-04-01,ICFC,113.43,115.66,115.66,113.43,671,stock
2019-04-02,ICFC,115.66,116.41,117.9,113.43,19131,stock
2019-04-03,ICFC,114.92,113.43,115.66,113.43,5079,stock
2019-04-04,ICFC,112.68,112.68,112.68,112.68,40,stock
2019-04-07,ICFC,114.17,117.16,117.16,112.68,3570,stock
2019-04-08,ICFC,117.16,114.92,117.16,114.92,1250,stock
2019-04-09,ICFC,114.92,114.17,114.92,114.17,359,stock
2019-04-10,ICFC,113.43,114.92,114.92,113.43,5201,stock
2019-04-11,ICFC,114.17,114.17,114.17,113.43,6815,stock
2019-04-15,ICFC,114.17,114.92,114.92,114.17,362,stock
2019-04-16,ICFC,113.43,118.65,118.65,111.93,5929,stock
2019-04-17,ICFC,118.65,114.92,116.41,114.17,2805,stock
2019-04-18,ICFC,114.17,114.92,115.66,113.43,6880,stock
2019-04-21,ICFC,115.66,117.16,117.16,112.68,3441,stock
2019-04-22,ICFC,115.66,115.66,116.41,115.66,8500,stock
2019-04-23,ICFC,115.66,117.16,117.16,115.66,2454,stock
2019-04-24,ICFC,115.66,120.89,120.89,115.66,6712,stock
2019-04-25,ICFC,121.63,119.4,123.13,117.16,6774,stock
2019-04-28,ICFC,121.63,122.38,122.38,120.14,2258,stock
2019-04-29,ICFC,121.63,118.65,121.63,117.9,6030,stock
2019-04-30,ICFC,117.9,121.63,121.63,115.66,3267,stock
2019-05-02,ICFC,120.14,120.89,121.63,118.65,7851,stock
2019-05-05,ICFC,119.4,115.66,119.4,115.66,5714,stock
2019-05-06,ICFC,115.66,115.66,115.66,115.66,64,stock
2019-05-07,ICFC,114.17,116.41,117.9,114.17,2569,stock
2019-05-08,ICFC,116.41,118.65,118.65,115.66,2306,stock
2019-05-09,ICFC,116.41,115.66,116.41,115.66,666,stock
2019-05-12,ICFC,114.17,114.17,114.17,114.17,221,stock
2019-05-14,ICFC,116.41,116.41,117.9,116.41,1534,stock
2019-05-15,ICFC,117.9,116.41,120.89,116.41,5763,stock
2019-05-16,ICFC,115.66,121.63,123.87,115.66,10314,stock
2019-05-19,ICFC,120.14,127.6,127.6,117.9,13931,stock
2019-05-20,ICFC,125.36,123.13,126.86,123.13,6110,stock
2019-05-21,ICFC,123.87,120.14,123.87,120.14,5451,stock
2019-05-22,ICFC,122.38,122.38,122.38,122.38,32,stock
2019-05-23,ICFC,123.13,120.89,125.36,120.89,2921,stock
2019-05-26,ICFC,123.13,120.14,123.13,120.14,3346,stock
2019-05-27,ICFC,122.38,121.63,122.38,121.63,800,stock
2019-05-28,ICFC,121.63,120.89,122.38,120.89,509,stock
2019-05-29,ICFC,120.14,124.62,124.62,119.4,6931,stock
2019-05-30,ICFC,122.38,123.87,123.87,122.38,1271,stock
2019-06-02,ICFC,123.87,123.13,123.87,123.13,1250,stock
2019-06-03,ICFC,123.13,120.89,123.13,120.89,544,stock
2019-06-04,ICFC,118.65,118.65,120.89,118.65,432,stock
2019-06-06,ICFC,118.65,122.38,122.38,118.65,11921,stock
2019-06-10,ICFC,124.62,124.62,128.35,124.62,2259,stock
2019-06-11,ICFC,123.87,122.38,123.87,122.38,1893,stock
2019-06-12,ICFC,123.13,122.38,124.62,122.38,2247,stock
2019-06-13,ICFC,124.62,120.89,124.62,120.89,11311,stock
2019-06-16,ICFC,118.65,118.65,119.4,118.65,1361,stock
2019-06-17,ICFC,116.41,119.4,119.4,116.41,794,stock
2019-06-18,ICFC,118.65,118.65,118.65,118.65,27,stock
2019-06-19,ICFC,117.16,121.63,121.63,117.16,185,stock
2019-06-20,ICFC,123.87,120.89,123.87,120.14,840,stock
2019-06-23,ICFC,120.89,120.89,120.89,120.89,100,stock
2019-06-24,ICFC,123.13,123.13,123.13,123.13,23,stock
2019-06-25,ICFC,123.13,120.89,123.13,120.89,1027,stock
2019-06-26,ICFC,119.4,120.14,120.14,119.4,971,stock
2019-06-27,ICFC,120.89,120.14,123.13,120.14,7582,stock
2019-06-30,ICFC,119.4,119.4,120.89,119.4,555,stock
2019-07-01,ICFC,118.65,119.4,119.4,117.9,3686,stock
2019-07-02,ICFC,119.4,117.9,119.4,117.9,1600,stock
2019-07-03,ICFC,119.4,118.65,120.14,117.16,2301,stock
2019-07-04,ICFC,118.65,118.65,118.65,118.65,291,stock
2019-07-07,ICFC,120.89,119.4,121.63,119.4,800,stock
2019-07-08,ICFC,125.36,120.14,125.36,119.4,2928,stock
2019-07-09,ICFC,121.63,122.38,122.38,121.63,3310,stock
2019-07-10,ICFC,122.38,120.89,123.13,120.89,2400,stock
2019-07-11,ICFC,123.13,121.63,125.36,120.89,9790,stock
2019-07-14,ICFC,121.63,121.63,121.63,121.63,500,stock
2019-07-16,ICFC,127.6,125.36,127.6,123.13,120,stock
2019-07-17,ICFC,126.11,121.63,126.11,121.63,200,stock
2019-07-18,ICFC,122.38,122.38,122.38,122.38,1900,stock
2019-07-21,ICFC,122.38,123.87,123.87,122.38,1143,stock
2019-07-22,ICFC,123.13,123.87,123.87,123.13,2173,stock
2019-07-23,ICFC,126.11,123.87,126.11,123.87,3127,stock
2019-07-24,ICFC,123.13,126.11,126.11,122.38,4739,stock
2019-07-25,ICFC,126.11,121.63,126.11,121.63,2881,stock
2019-07-28,ICFC,120.89,119.4,120.89,119.4,3462,stock
2019-07-29,ICFC,119.4,120.14,126.11,119.4,4873,stock
2019-07-30,ICFC,120.14,122.38,122.38,120.14,49,stock
2019-07-31,ICFC,120.14,120.14,120.14,120.14,496,stock
2019-08-01,ICFC,122.38,122.38,123.87,122.38,280,stock
2019-08-04,ICFC,122.38,122.38,122.38,122.38,44,stock
2019-08-05,ICFC,124.62,122.38,126.86,122.38,10266,stock
2019-08-06,ICFC,120.89,120.89,120.89,119.4,11958,stock
2019-08-07,ICFC,118.65,121.63,121.63,118.65,3103,stock
2019-08-08,ICFC,121.63,120.14,121.63,119.4,276,stock
2019-08-11,ICFC,119.4,119.4,119.4,119.4,2215,stock
2019-08-12,ICFC,120.14,120.14,120.14,120.14,150,stock
2019-08-13,ICFC,120.14,120.14,120.89,120.14,660,stock
2019-08-14,ICFC,120.14,120.14,120.14,120.14,199,stock
2019-08-18,ICFC,120.14,120.14,120.14,120.14,530,stock
2019-08-19,ICFC,121.63,120.14,123.13,120.14,1101,stock
2019-08-20,ICFC,121.63,122.38,122.38,121.63,121,stock
2019-08-21,ICFC,120.14,120.89,120.89,120.14,1050,stock
2019-08-22,ICFC,121.63,119.4,121.63,119.4,1510,stock
2019-08-25,ICFC,120.89,119.4,120.89,119.4,1250,stock
2019-08-26,ICFC,120.14,119.4,120.89,119.4,2120,stock
2019-08-27,ICFC,120.89,120.89,120.89,120.89,10,stock
2019-08-28,ICFC,118.65,118.65,118.65,118.65,200,stock
2019-08-29,ICFC,120.89,118.65,120.89,118.65,260,stock
2019-09-01,ICFC,117.9,120.14,120.14,117.9,1433,stock
2019-09-02,ICFC,119.4,117.16,119.4,117.16,2972,stock
2019-09-03,ICFC,117.16,121.63,121.63,117.16,2815,stock
2019-09-04,ICFC,122.38,123.13,123.13,122.38,50,stock
2019-09-05,ICFC,123.13,120.89,123.13,120.89,250,stock
2019-09-08,ICFC,120.89,120.14,120.89,119.4,4296,stock
2019-09-09,ICFC,119.4,118.65,120.14,117.9,1550,stock
2019-09-10,ICFC,116.41,120.14,120.14,116.41,1390,stock
2019-09-11,ICFC,117.9,117.9,117.9,117.9,53,stock
2019-09-12,ICFC,118.65,116.41,118.65,116.41,904,stock
2019-09-15,ICFC,115.66,114.17,116.41,114.17,3610,stock
2019-09-16,ICFC,114.17,114.17,114.92,114.17,1170,stock
2019-09-17,ICFC,115.66,116.41,117.9,115.66,1854,stock
2019-09-18,ICFC,118.65,118.65,118.65,118.65,100,stock
2019-09-22,ICFC,117.16,114.92,117.16,114.92,1265,stock
2019-09-23,ICFC,113.43,113.43,113.43,113.43,10,stock
2019-09-24,ICFC,113.43,113.43,113.43,113.43,62,stock
2019-09-26,ICFC,114.17,114.17,114.17,114.17,200,stock
2019-09-29,ICFC,115.66,115.66,115.66,115.66,10,stock
2019-09-30,ICFC,115.66,115.66,115.66,115.66,436,stock
2019-10-01,ICFC,117.9,120.14,120.14,117.9,20,stock
2019-10-02,ICFC,117.9,117.9,117.9,117.9,308,stock
2019-10-03,ICFC,117.9,119.4,119.4,117.9,656,stock
2019-10-14,ICFC,118.65,118.65,118.65,118.65,49,stock
2019-10-20,ICFC,118.65,119.4,119.4,118.65,430,stock
2019-10-21,ICFC,119.4,117.9,119.4,117.9,620,stock
2019-10-22,ICFC,119.4,119.4,119.4,119.4,70,stock
2019-10-23,ICFC,117.16,119.4,119.4,117.16,2700,stock
2019-10-24,ICFC,120.89,121.63,121.63,119.4,417,stock
2019-10-31,ICFC,121.63,120.89,121.63,120.89,280,stock
2019-11-03,ICFC,119.4,119.4,119.4,119.4,296,stock
2019-11-04,ICFC,120.89,120.89,122.38,120.89,1265,stock
2019-11-05,ICFC,119.4,119.4,119.4,119.4,100,stock
2019-11-06,ICFC,121.63,119.4,121.63,119.4,140,stock
2019-11-07,ICFC,117.9,117.9,120.14,117.9,992,stock
2019-11-10,ICFC,115.66,117.9,117.9,115.66,161,stock
2019-11-11,ICFC,116.41,120.14,120.14,115.66,1561,stock
2019-11-12,ICFC,120.14,119.4,120.14,119.4,800,stock
2019-11-13,ICFC,119.4,118.65,121.63,118.65,1570,stock
2019-11-14,ICFC,118.65,120.89,123.13,120.89,4674,stock
2019-11-17,ICFC,119.4,119.4,119.4,119.4,13376,stock
2019-11-18,ICFC,119.4,121.63,121.63,119.4,550,stock
2019-11-20,ICFC,120.89,119.4,120.89,119.4,299,stock
2019-11-21,ICFC,119.4,119.4,119.4,119.4,125,stock
2019-11-24,ICFC,117.16,117.16,117.16,117.16,550,stock
2019-11-25,ICFC,116.41,116.41,116.41,116.41,636,stock
2019-11-26,ICFC,115.66,115.66,115.66,115.66,27,stock
2019-11-27,ICFC,115.66,117.9,117.9,115.66,5040,stock
2019-11-28,ICFC,118.65,117.16,119.4,117.16,410,stock
2019-12-01,ICFC,117.16,116.41,117.16,116.41,1050,stock
2019-12-03,ICFC,117.16,117.16,117.16,117.16,499,stock
2019-12-04,ICFC,118.65,118.65,118.65,118.65,31,stock
2019-12-05,ICFC,119.4,118.65,119.4,118.65,5904,stock
2019-12-09,ICFC,120.14,122.38,122.38,117.9,1120,stock
2019-12-10,ICFC,122.38,120.89,122.38,120.89,489,stock
2019-12-11,ICFC,120.89,123.13,123.13,120.89,2152,stock
2019-12-12,ICFC,121.63,120.89,121.63,120.89,300,stock
2019-12-16,ICFC,120.14,119.4,120.89,119.4,3124,stock
2019-12-17,ICFC,119.4,119.4,119.4,119.4,87,stock
2019-12-19,ICFC,117.16,118.65,118.65,117.16,2338,stock
2019-12-22,ICFC,116.41,117.9,118.65,116.41,388,stock
2019-12-23,ICFC,117.9,119.4,120.89,117.9,1344,stock
2019-12-24,ICFC,119.4,120.89,121.63,119.4,6088,stock
2019-12-25,ICFC,120.89,120.14,120.89,120.14,4358,stock
2019-12-26,ICFC,120.14,121.63,121.63,120.14,5752,stock
2019-12-29,ICFC,119.4,119.4,120.89,115.66,40010,stock
2019-12-30,ICFC,119.4,119.4,120.89,117.16,18111,stock
2019-12-31,ICFC,117.53,114.4,117.53,113.61,3156,stock
2020-01-01,ICFC,113.61,114.4,114.4,113.61,1100,stock
2020-01-02,ICFC,114.4,118.31,118.31,114.4,3321,stock
2020-01-05,ICFC,117.53,117.53,117.53,116.75,128,stock
2020-01-06,ICFC,118.31,117.53,118.31,117.53,1470,stock
2020-01-07,ICFC,117.53,118.31,119.1,116.75,1040,stock
2020-01-08,ICFC,116.75,119.1,119.1,116.75,4115,stock
2020-01-09,ICFC,118.31,119.1,119.1,118.31,2525,stock
2020-01-12,ICFC,121.45,125.36,126.15,121.45,8042,stock
2020-01-13,ICFC,123.01,126.15,126.15,123.01,600,stock
2020-01-14,ICFC,125.36,125.36,126.15,124.58,5640,stock
2020-01-15,ICFC,127.72,133.2,135.55,126.93,20283,stock
2020-01-16,ICFC,135.55,146.52,146.52,135.55,25498,stock
2020-01-19,ICFC,148.87,152.79,153.57,142.6,18635,stock
2020-01-20,ICFC,152.79,139.47,152.79,139.47,14170,stock
2020-01-21,ICFC,141.82,133.2,141.82,133.2,8003,stock
2020-01-22,ICFC,135.55,135.55,137.9,134.77,4607,stock
2020-01-23,ICFC,135.55,133.98,135.55,133.2,2652,stock
2020-01-26,ICFC,133.2,134.77,135.55,131.63,3832,stock
2020-01-27,ICFC,135.55,134.77,135.55,134.77,1911,stock
2020-01-28,ICFC,136.33,137.12,139.47,133.98,7912,stock
2020-01-29,ICFC,137.12,137.12,137.12,134.77,5755,stock
2020-01-30,ICFC,134.77,134.77,137.12,134.77,4815,stock
2020-02-02,ICFC,137.12,137.9,141.82,137.12,13157,stock
2020-02-03,ICFC,136.33,140.25,144.95,136.33,39356,stock
2020-02-04,ICFC,140.25,140.25,142.6,137.9,11765,stock
2020-02-05,ICFC,137.9,138.68,140.25,137.9,4088,stock
2020-02-06,ICFC,137.9,138.68,139.47,137.9,5662,stock
2020-02-09,ICFC,137.12,139.47,140.25,137.12,5709,stock
2020-02-10,ICFC,137.9,138.68,139.47,137.9,3411,stock
2020-02-11,ICFC,140.25,141.04,144.17,140.25,6796,stock
2020-02-12,ICFC,142.6,141.04,143.39,140.25,14986,stock
2020-02-13,ICFC,139.47,141.82,143.39,139.47,7164,stock
2020-02-16,ICFC,141.04,144.17,144.17,141.04,6280,stock
2020-02-17,ICFC,146.52,144.95,146.52,142.6,6140,stock
2020-02-18,ICFC,144.17,142.6,147.3,142.6,9136,stock
2020-02-19,ICFC,144.17,144.95,146.52,142.6,5562,stock
2020-02-20,ICFC,144.95,147.3,147.3,144.17,10869,stock
2020-02-23,ICFC,149.65,161.41,161.41,149.65,67950,stock
2020-02-24,ICFC,161.41,157.49,164.54,156.71,44277,stock
2020-02-25,ICFC,154.36,170.03,170.03,154.36,33720,stock
2020-02-26,ICFC,170.03,169.24,175.51,167.68,26403,stock
2020-02-27,ICFC,167.68,162.19,168.46,162.19,11644,stock
2020-03-01,ICFC,162.19,159.06,166.11,159.06,19582,stock
2020-03-02,ICFC,155.92,155.92,161.41,153.57,9487,stock
2020-03-03,ICFC,155.92,156.71,161.41,153.57,13126,stock
2020-03-04,ICFC,153.57,148.09,153.57,147.3,21330,stock
2020-03-05,ICFC,145.74,147.3,155.14,143.39,9457,stock
2020-03-10,ICFC,144.95,142.6,145.74,142.6,5570,stock
2020-03-11,ICFC,144.95,148.09,148.09,141.04,14828,stock
2020-03-12,ICFC,146.52,142.6,147.3,141.04,7706,stock
2020-03-15,ICFC,141.82,137.9,143.39,137.9,28375,stock
2020-03-16,ICFC,135.55,137.12,137.12,134.77,4798,stock
2020-03-17,ICFC,138.68,129.28,139.47,129.28,15285,stock
2020-03-18,ICFC,129.28,130.85,132.42,127.72,8447,stock
2020-03-19,ICFC,126.15,134.77,134.77,123.8,20403,stock
2020-03-22,ICFC,132.42,132.42,132.42,132.42,110,stock
2020-06-29,ICFC,130.07,129.28,130.07,127.72,791,stock
2020-07-01,ICFC,127.72,127.72,128.5,127.72,720,stock
2020-07-02,ICFC,130.07,127.72,133.2,127.72,2864,stock
2020-07-05,ICFC,127.72,130.85,133.2,126.15,1469,stock
2020-07-06,ICFC,128.5,128.5,130.85,128.5,1557,stock
2020-07-07,ICFC,129.28,138.68,140.25,129.28,6886,stock
2020-07-08,ICFC,138.68,141.04,141.04,133.98,6907,stock
2020-07-09,ICFC,141.04,141.04,143.39,139.47,10679,stock
2020-07-12,ICFC,140.25,141.04,141.04,140.25,3140,stock
2020-07-13,ICFC,143.39,140.25,143.39,138.68,4883,stock
2020-07-14,ICFC,140.25,136.33,140.25,135.55,4713,stock
2020-07-15,ICFC,133.98,135.55,139.47,132.42,1722,stock
2020-07-16,ICFC,137.12,139.47,141.82,137.12,10991,stock
2020-07-20,ICFC,145.74,148.09,152.79,144.17,14078,stock
2020-07-21,ICFC,145.74,145.74,148.09,144.17,5883,stock
2020-07-22,ICFC,145.74,146.52,146.52,144.17,7061,stock
2020-07-23,ICFC,144.95,147.3,150.44,144.95,3926,stock
2020-07-26,ICFC,148.87,150.44,152.79,146.52,3467,stock
2020-07-27,ICFC,152.0,148.87,152.0,146.52,9950,stock
2020-07-28,ICFC,148.87,147.3,148.87,147.3,3940,stock
2020-07-29,ICFC,148.09,144.95,148.09,144.95,6764,stock
2020-07-30,ICFC,144.95,148.87,148.87,143.39,6967,stock
2020-08-02,ICFC,146.52,141.04,146.52,141.04,5201,stock
2020-08-03,ICFC,141.04,144.17,145.74,141.04,219,stock
2020-08-05,ICFC,141.82,141.04,141.82,140.25,4834,stock
2020-08-06,ICFC,141.04,146.52,146.52,140.25,1287,stock
2020-08-09,ICFC,144.17,142.6,146.52,142.6,3152,stock
2020-08-10,ICFC,142.6,144.17,144.17,141.82,4409,stock
2020-08-11,ICFC,146.52,143.39,146.52,141.04,5247,stock
2020-08-12,ICFC,141.04,140.25,141.04,138.68,5498,stock
2020-08-13,ICFC,139.47,138.68,139.47,138.68,1451,stock
2020-08-16,ICFC,137.9,137.9,137.9,133.2,6095,stock
2020-08-17,ICFC,136.33,134.77,137.12,134.77,3559,stock
2020-08-18,ICFC,133.98,134.77,135.55,133.2,6915,stock
2020-08-19,ICFC,134.77,134.77,134.77,133.2,1907,stock
2020-08-20,ICFC,136.33,137.12,137.12,135.55,807,stock
2020-08-23,ICFC,134.77,135.55,135.55,133.2,5542,stock
2020-08-24,ICFC,137.12,137.9,137.9,134.77,3486,stock
2020-08-25,ICFC,140.25,139.47,140.25,138.68,5130,stock
2020-08-26,ICFC,140.25,137.9,140.25,134.77,8096,stock
2020-08-27,ICFC,140.25,137.12,140.25,137.12,2826,stock
2020-08-31,ICFC,135.55,139.47,140.25,135.55,8460,stock
2020-09-02,ICFC,141.04,141.04,143.39,138.68,12433,stock
2020-09-03,ICFC,143.39,139.47,143.39,138.68,8251,stock
2020-09-06,ICFC,141.82,136.33,141.82,136.33,11914,stock
2020-09-07,ICFC,134.77,133.2,138.68,133.2,17073,stock
2020-09-08,ICFC,133.2,135.55,138.68,133.2,3131,stock
2020-09-09,ICFC,137.9,135.55,137.9,133.2,13806,stock
2020-09-10,ICFC,137.12,137.9,137.9,136.33,5909,stock
2020-09-13,ICFC,138.68,137.12,138.68,137.12,812,stock
2020-09-14,ICFC,138.68,137.9,138.68,136.33,8862,stock
2020-09-15,ICFC,136.33,136.33,138.68,135.55,1760,stock
2020-09-16,ICFC,134.77,136.33,136.33,134.77,8880,stock
2020-09-17,ICFC,137.9,148.87,149.65,137.12,41669,stock
2020-09-20,ICFC,151.22,155.92,163.76,151.22,43590,stock
2020-09-21,ICFC,162.97,150.44,162.97,149.65,18780,stock
2020-09-22,ICFC,152.0,144.95,152.79,144.95,17636,stock
2020-09-23,ICFC,147.3,148.87,149.65,147.3,9767,stock
2020-09-24,ICFC,155.92,151.22,155.92,148.87,17890,stock
2020-09-27,ICFC,148.87,152.0,155.92,148.87,11027,stock
2020-09-28,ICFC,153.57,152.79,156.71,151.22,17982,stock
2020-09-29,ICFC,154.36,149.65,155.14,148.87,18013,stock
2020-09-30,ICFC,149.65,154.36,159.84,148.87,13942,stock
2020-10-01,ICFC,156.71,156.71,159.84,154.36,26367,stock
2020-10-04,ICFC,159.84,156.71,159.84,154.36,17525,stock
2020-10-05,ICFC,164.54,159.84,164.54,155.92,29068,stock
2020-10-06,ICFC,157.49,159.84,160.62,157.49,9492,stock
2020-10-07,ICFC,158.27,164.54,166.89,157.49,28573,stock
2020-10-08,ICFC,166.89,175.51,180.21,164.54,95494,stock
2020-10-11,ICFC,184.13,192.75,192.75,180.21,205798,stock
2020-10-12,ICFC,202.15,202.15,206.07,192.75,157823,stock
2020-10-13,ICFC,211.55,205.28,211.55,197.45,154727,stock
2020-10-14,ICFC,215.47,207.64,215.47,203.72,111089,stock
2020-10-15,ICFC,210.77,208.42,212.34,202.93,94130,stock
2020-10-18,ICFC,212.34,219.39,223.31,206.07,144676,stock
2020-10-19,ICFC,227.22,226.44,227.22,217.04,87188,stock
2020-10-20,ICFC,229.57,230.36,230.36,222.52,58430,stock
2020-10-21,ICFC,232.71,233.49,233.49,224.87,83503,stock
2020-10-22,ICFC,231.92,228.79,235.06,227.22,50604,stock
2020-10-28,ICFC,231.92,231.14,234.28,225.66,71534,stock
2020-10-29,ICFC,227.22,233.49,236.63,227.22,43027,stock
2020-11-01,ICFC,233.49,233.49,236.63,229.57,24481,stock
2020-11-02,ICFC,231.14,242.89,243.68,231.14,73851,stock
2020-11-03,ICFC,242.89,245.24,248.38,242.89,26898,stock
2020-11-04,ICFC,243.68,242.89,245.24,242.11,12450,stock
2020-11-05,ICFC,242.89,241.33,246.81,241.33,34433,stock
2020-11-08,ICFC,242.89,245.24,247.6,241.33,73945,stock
2020-11-09,ICFC,242.11,244.46,246.03,242.11,63704,stock
2020-11-10,ICFC,246.81,246.03,248.38,243.68,39090,stock
2020-11-11,ICFC,254.65,234.28,254.65,231.92,114192,stock
2020-11-12,ICFC,238.19,227.22,241.33,226.44,63183,stock
2020-11-18,ICFC,228.79,229.57,239.76,225.66,35289,stock
2020-11-19,ICFC,232.71,227.22,235.06,223.31,43488,stock
2020-11-22,ICFC,231.14,223.31,236.63,223.31,30055,stock
2020-11-23,ICFC,227.22,224.09,227.22,220.96,19908,stock
2020-11-24,ICFC,227.22,225.66,228.79,221.74,39675,stock
2020-11-25,ICFC,224.87,233.49,237.41,224.87,73080,stock
2020-11-26,ICFC,235.06,231.14,239.76,229.57,57942,stock
2020-11-29,ICFC,230.36,235.06,237.41,227.22,56321,stock
2020-11-30,ICFC,246.81,231.92,246.81,227.22,50952,stock
2020-12-01,ICFC,235.06,229.57,235.06,228.79,25813,stock
2020-12-02,ICFC,231.14,231.14,235.84,227.22,19255,stock
2020-12-03,ICFC,235.06,233.49,236.63,227.22,55978,stock
2020-12-06,ICFC,235.06,222.52,235.06,222.52,10697,stock
2020-12-07,ICFC,224.87,231.14,235.06,224.87,42863,stock
2020-12-08,ICFC,235.06,230.36,238.98,228.01,33449,stock
2020-12-09,ICFC,231.92,227.22,231.92,224.09,15025,stock
2020-12-10,ICFC,223.31,224.09,228.79,223.31,15706,stock
2020-12-13,ICFC,228.01,227.22,228.79,224.87,10936,stock
2020-12-14,ICFC,231.14,229.57,234.28,228.01,31242,stock
2020-12-15,ICFC,233.49,231.14,233.49,226.44,17900,stock
2020-12-16,ICFC,231.14,228.79,235.06,227.22,14899,stock
2020-12-17,ICFC,231.92,226.44,231.92,220.17,34899,stock
2020-12-20,ICFC,224.87,222.52,226.44,215.47,14711,stock
2020-12-21,ICFC,218.6,220.17,223.31,206.85,7996,stock
2020-12-22,ICFC,220.17,222.52,231.14,220.17,26068,stock
2020-12-23,ICFC,226.44,219.39,230.36,218.6,27155,stock
2020-12-24,ICFC,220.96,221.74,224.87,219.39,11858,stock
2020-12-27,ICFC,224.87,222.52,224.87,220.96,10787,stock
2020-12-28,ICFC,219.39,219.39,222.52,219.39,6773,stock
2020-12-29,ICFC,222.52,218.6,222.52,218.6,4177,stock
2020-12-30,ICFC,218.6,219.39,222.52,218.6,18829,stock
2020-12-31,ICFC,223.31,227.22,227.22,221.74,31359,stock
2021-01-03,ICFC,231.17,230.3,235.5,229.44,28248,stock
2021-01-04,ICFC,232.9,231.17,233.77,229.44,9272,stock
2021-01-05,ICFC,231.17,225.97,231.17,225.97,8429,stock
2021-01-06,ICFC,226.84,224.24,230.3,224.24,12671,stock
2021-01-07,ICFC,226.84,225.11,226.84,220.78,48002,stock
2021-01-10,ICFC,229.44,227.71,238.1,222.51,24284,stock
2021-01-11,ICFC,232.03,232.03,233.77,228.57,40421,stock
2021-01-12,ICFC,243.29,233.77,243.29,230.3,13735,stock
2021-01-13,ICFC,231.17,240.69,242.42,231.17,36658,stock
2021-01-17,ICFC,245.02,250.22,251.08,245.02,64212,stock
2021-01-18,ICFC,254.55,259.74,268.4,254.55,105896,stock
2021-01-19,ICFC,272.73,269.26,272.73,259.74,134881,stock
2021-01-20,ICFC,272.73,273.59,279.65,269.26,73270,stock
2021-01-21,ICFC,275.32,271.86,282.25,267.53,70839,stock
2021-01-24,ICFC,284.85,271.0,284.85,266.67,83997,stock
2021-01-25,ICFC,271.86,266.67,271.86,264.94,40178,stock
2021-01-26,ICFC,270.13,266.67,271.0,264.07,49839,stock
2021-01-27,ICFC,269.26,265.8,270.13,260.61,29536,stock
2021-01-28,ICFC,278.79,255.41,278.79,250.22,79965,stock
2021-01-31,ICFC,255.41,241.56,256.28,241.56,57714,stock
2021-02-01,ICFC,245.89,254.55,254.55,242.42,53388,stock
2021-02-02,ICFC,258.87,253.68,263.2,252.81,29319,stock
2021-02-03,ICFC,257.14,254.55,259.74,249.35,27891,stock
2021-02-04,ICFC,250.22,253.68,254.55,248.48,26369,stock
2021-02-07,ICFC,253.68,255.41,257.14,249.35,44819,stock
2021-02-08,ICFC,267.53,261.47,267.53,256.28,81996,stock
2021-02-09,ICFC,264.94,258.01,264.94,257.14,14127,stock
2021-02-10,ICFC,245.02,282.25,282.25,245.02,194958,stock
2021-02-11,ICFC,287.45,277.06,290.04,273.59,80530,stock
2021-02-14,ICFC,273.59,268.4,277.06,268.4,59341,stock
2021-02-15,ICFC,281.39,273.59,281.39,269.26,37237,stock
2021-02-16,ICFC,286.58,282.25,286.58,272.73,101184,stock
2021-02-17,ICFC,283.12,278.79,283.12,275.32,40291,stock
2021-02-18,ICFC,278.79,277.92,283.12,275.32,44115,stock
2021-02-21,ICFC,280.52,279.65,281.39,275.32,39582,stock
2021-02-22,ICFC,277.06,273.59,277.92,273.59,30417,stock
2021-02-23,ICFC,260.61,272.73,275.32,260.61,44739,stock
2021-02-24,ICFC,273.59,272.73,277.92,271.86,18499,stock
2021-02-25,ICFC,268.4,265.8,272.73,263.2,41125,stock
2021-02-28,ICFC,252.81,261.47,266.67,252.81,41029,stock
2021-03-01,ICFC,259.74,264.94,265.8,255.41,22881,stock
2021-03-02,ICFC,264.07,256.28,264.07,253.68,27964,stock
2021-03-03,ICFC,252.81,255.41,255.41,247.62,39406,stock
2021-03-04,ICFC,257.14,262.34,262.34,253.68,19748,stock
2021-03-08,ICFC,267.53,258.87,267.53,258.01,12327,stock
2021-03-09,ICFC,259.74,257.14,259.74,256.28,10444,stock
2021-03-10,ICFC,261.47,256.28,265.8,256.28,20677,stock
2021-03-14,ICFC,256.28,251.08,256.28,250.22,14356,stock
2021-03-15,ICFC,247.62,248.48,251.95,247.62,20220,stock
2021-03-16,ICFC,246.75,250.22,255.41,246.75,5302,stock
2021-03-17,ICFC,254.55,254.55,255.41,250.22,9187,stock
2021-03-18,ICFC,266.67,259.74,266.67,252.81,22909,stock
2021-03-21,ICFC,264.07,263.2,264.07,258.01,27258,stock
2021-03-22,ICFC,263.2,259.74,263.2,258.01,18647,stock
2021-03-23,ICFC,264.94,257.14,264.94,256.28,7172,stock
2021-03-24,ICFC,257.14,258.87,261.47,257.14,16028,stock
2021-03-25,ICFC,262.34,257.14,263.2,256.28,28114,stock
2021-03-29,ICFC,259.74,256.28,259.74,256.28,7703,stock
2021-03-30,ICFC,256.28,259.74,262.34,256.28,5189,stock
2021-03-31,ICFC,262.34,261.47,262.34,258.01,16793,stock
2021-04-01,ICFC,259.74,264.94,276.19,259.74,66478,stock
2021-04-04,ICFC,268.4,268.4,272.73,266.67,25926,stock
2021-04-05,ICFC,271.86,270.13,278.79,266.67,28801,stock
2021-04-06,ICFC,269.26,269.26,272.73,265.8,17532,stock
2021-04-07,ICFC,271.86,266.67,271.86,264.94,27300,stock
2021-04-08,ICFC,266.67,279.65,281.39,266.67,123019,stock
2021-04-12,ICFC,279.65,279.65,286.58,274.46,69279,stock
2021-04-13,ICFC,279.65,290.91,296.1,276.19,115136,stock
2021-04-15,ICFC,290.91,294.37,299.57,289.18,77489,stock
2021-04-18,ICFC,279.65,285.71,298.7,279.65,58086,stock
2021-04-19,ICFC,283.98,287.45,296.1,279.65,83403,stock
2021-04-20,ICFC,285.71,287.45,289.18,282.25,25801,stock
2021-04-21,ICFC,292.64,277.06,292.64,277.06,33078,stock
2021-04-22,ICFC,277.06,282.25,282.25,273.59,26862,stock
2021-04-25,ICFC,283.98,268.4,283.98,266.67,48514,stock
2021-04-26,ICFC,265.8,263.2,273.59,258.87,47384,stock
2021-04-27,ICFC,265.8,271.0,272.73,263.2,26628,stock
2021-04-28,ICFC,269.26,266.67,271.0,264.07,17589,stock
2021-04-29,ICFC,267.53,267.53,270.13,261.47,18731,stock
2021-05-02,ICFC,268.4,272.73,276.19,266.67,22693,stock
2021-05-03,ICFC,272.73,271.86,275.32,268.4,22075,stock
2021-05-04,ICFC,271.86,269.26,271.86,268.4,13958,stock
2021-05-05,ICFC,270.13,270.13,271.86,268.4,14054,stock
2021-05-06,ICFC,272.73,274.46,277.06,270.13,48102,stock
2021-05-09,ICFC,271.86,271.86,276.19,271.86,25554,stock
2021-05-10,ICFC,268.4,272.73,276.19,266.67,15642,stock
2021-05-11,ICFC,272.73,273.59,274.46,271.86,10769,stock
2021-05-12,ICFC,276.19,276.19,277.06,271.0,30826,stock
2021-05-13,ICFC,277.06,289.18,291.77,276.19,128090,stock
2021-05-16,ICFC,290.91,292.64,304.76,290.04,65710,stock
2021-05-17,ICFC,292.64,288.31,293.51,286.58,69589,stock
2021-05-18,ICFC,287.45,303.03,304.76,286.58,184621,stock
2021-05-19,ICFC,317.75,302.16,317.75,299.57,145586,stock
2021-05-20,ICFC,303.9,327.27,331.6,301.3,227884,stock
2021-05-23,ICFC,327.27,359.31,359.31,309.96,398098,stock
2021-05-24,ICFC,372.29,349.78,373.16,341.99,265471,stock
2021-05-25,ICFC,353.25,348.92,357.58,341.99,145937,stock
2021-05-27,ICFC,346.32,361.04,364.5,333.33,160856,stock
2021-05-30,ICFC,362.77,380.09,391.34,355.84,200853,stock
2021-05-31,ICFC,387.01,359.31,387.01,359.31,141886,stock
2021-06-01,ICFC,360.17,361.04,372.29,352.38,125904,stock
2021-06-02,ICFC,361.04,396.54,396.54,361.04,319396,stock
2021-06-03,ICFC,398.27,400.0,428.57,392.21,340901,stock
2021-06-06,ICFC,404.33,415.58,423.38,385.28,187743,stock
2021-06-07,ICFC,424.24,457.14,457.14,415.58,444391,stock
2021-06-08,ICFC,467.53,502.16,502.16,467.53,121201,stock
2021-06-09,ICFC,527.27,509.96,552.38,476.19,404090,stock
2021-06-10,ICFC,519.48,536.8,551.52,496.97,285367,stock
2021-06-13,ICFC,536.8,590.48,590.48,536.8,405007,stock
2021-06-14,ICFC,619.91,602.6,636.36,580.09,272197,stock
2021-06-15,ICFC,602.6,567.1,604.33,561.9,226153,stock
2021-06-16,ICFC,554.11,532.47,585.28,510.82,266706,stock
2021-06-17,ICFC,536.8,547.19,567.1,513.42,164615,stock
2021-06-20,ICFC,554.11,523.81,554.11,506.49,141887,stock
2021-06-21,ICFC,528.14,490.04,535.93,486.58,162527,stock
2021-06-22,ICFC,484.85,519.48,528.14,483.98,121221,stock
2021-06-23,ICFC,528.14,501.3,538.53,497.84,108889,stock
2021-06-24,ICFC,525.54,490.91,525.54,477.92,78683,stock
2021-06-27,ICFC,500.43,477.92,509.96,476.19,77542,stock
2021-06-28,ICFC,487.45,456.28,487.45,456.28,91899,stock
2021-06-29,ICFC,464.94,433.77,465.8,428.57,139623,stock
2021-06-30,ICFC,433.77,467.53,471.86,422.51,127895,stock
2021-07-01,ICFC,467.53,479.65,490.04,467.53,117924,stock
2021-07-04,ICFC,490.91,471.0,490.91,467.53,66004,stock
2021-07-05,ICFC,476.19,457.14,476.19,457.14,49812,stock
2021-07-06,ICFC,458.87,458.87,471.86,455.41,30397,stock
2021-07-07,ICFC,458.87,445.89,467.53,445.89,33787,stock
2021-07-08,ICFC,449.35,458.87,469.26,449.35,54169,stock
2021-07-11,ICFC,467.53,504.76,504.76,467.53,163839,stock
2021-07-12,ICFC,510.82,504.76,537.66,481.39,272307,stock
2021-07-13,ICFC,504.76,537.66,549.78,498.7,141043,stock
2021-07-14,ICFC,541.13,546.32,554.11,532.47,96739,stock
2021-07-15,ICFC,546.32,554.11,566.23,536.8,141170,stock
2021-07-18,ICFC,562.77,572.29,575.76,543.72,140667,stock
2021-07-19,ICFC,583.55,565.37,583.55,554.11,145300,stock
2021-07-20,ICFC,567.1,552.38,567.1,549.78,88460,stock
2021-07-22,ICFC,554.11,546.32,557.58,545.45,82974,stock
2021-07-25,ICFC,556.71,558.44,578.35,552.38,95388,stock
2021-07-26,ICFC,562.77,559.74,563.64,548.05,74325,stock
2021-07-27,ICFC,559.31,571.43,572.29,544.59,134627,stock
2021-07-28,ICFC,582.86,597.4,614.63,582.68,220981,stock
2021-07-29,ICFC,608.66,586.23,608.66,585.28,89709,stock
2021-08-01,ICFC,588.74,590.48,607.79,584.42,156622,stock
2021-08-02,ICFC,590.48,581.82,596.54,580.09,54046,stock
2021-08-03,ICFC,592.21,573.16,592.21,572.38,61945,stock
2021-08-04,ICFC,581.82,595.76,601.73,567.97,177892,stock
2021-08-05,ICFC,601.73,586.93,606.06,585.28,118141,stock
2021-08-08,ICFC,590.48,581.82,596.54,581.82,88128,stock
2021-08-09,ICFC,588.74,640.0,640.0,578.35,452942,stock
2021-08-10,ICFC,652.73,703.98,703.98,652.73,158696,stock
2021-08-11,ICFC,718.01,774.37,774.37,715.5,603261,stock
2021-08-12,ICFC,774.37,806.06,838.96,743.72,292458,stock
2021-08-15,ICFC,790.48,883.12,883.12,735.93,590872,stock
2021-08-16,ICFC,865.54,827.71,882.77,823.38,383799,stock
2021-08-17,ICFC,827.71,898.7,898.96,827.71,314116,stock
2021-08-18,ICFC,880.78,941.99,960.78,848.48,363865,stock
2021-08-19,ICFC,952.38,896.1,952.38,891.77,236692,stock
2021-08-24,ICFC,883.12,926.32,931.69,848.48,380797,stock
2021-08-25,ICFC,926.32,1018.87,1018.87,868.4,329750,stock
2021-08-26,ICFC,998.53,1003.46,1005.19,933.42,253146,stock
2021-08-29,ICFC,983.46,962.77,983.46,922.08,349098,stock
2021-08-31,ICFC,943.55,925.45,943.55,896.1,218108,stock
2021-09-01,ICFC,909.09,876.62,916.02,872.29,124605,stock
2021-09-02,ICFC,859.13,832.03,883.12,832.03,140822,stock
2021-09-05,ICFC,815.41,748.83,823.38,748.83,163404,stock
2021-09-06,ICFC,733.94,823.64,823.64,719.31,219074,stock
2021-09-07,ICFC,840.09,831.17,855.24,794.81,102309,stock
2021-09-08,ICFC,814.55,838.96,838.96,786.23,94776,stock
2021-09-09,ICFC,855.41,805.19,855.41,789.96,171168,stock
2021-09-12,ICFC,805.19,826.58,826.84,789.61,154148,stock
2021-09-13,ICFC,831.17,817.32,844.16,814.55,165794,stock
2021-09-14,ICFC,817.32,820.78,822.51,769.18,113984,stock
2021-09-15,ICFC,825.11,786.93,825.11,766.23,169198,stock
2021-09-16,ICFC,771.43,731.6,772.73,731.6,213300,stock
2021-09-20,ICFC,746.23,658.44,746.23,658.44,163142,stock
2021-09-21,ICFC,658.01,645.89,706.49,612.64,144352,stock
2021-09-22,ICFC,658.79,710.48,710.48,658.79,124334,stock
2021-09-23,ICFC,724.68,722.94,753.25,708.23,116860,stock
2021-09-26,ICFC,725.54,658.01,737.4,654.2,156489,stock
2021-09-27,ICFC,658.87,627.71,664.94,617.32,103599,stock
2021-09-28,ICFC,616.45,576.62,635.5,564.94,229815,stock
2021-09-29,ICFC,575.76,598.27,629.35,536.8,227194,stock
2021-09-30,ICFC,609.52,577.49,620.78,569.7,84942,stock
2021-10-03,ICFC,577.49,554.11,587.88,549.78,83726,stock
2021-10-04,ICFC,564.5,534.63,564.5,526.06,61328,stock
2021-10-05,ICFC,536.8,563.64,567.1,536.8,45172,stock
2021-10-06,ICFC,574.89,606.06,610.22,563.46,95946,stock
2021-10-10,ICFC,618.18,604.33,632.9,590.39,97911,stock
2021-10-11,ICFC,593.94,595.67,600.87,571.43,67716,stock
2021-10-17,ICFC,587.88,580.26,619.05,560.17,96066,stock
2021-10-18,ICFC,580.09,558.44,580.09,556.71,44108,stock
2021-10-19,ICFC,548.05,519.48,548.05,509.09,73116,stock
2021-10-20,ICFC,529.87,561.04,564.5,529.87,85525,stock
2021-10-21,ICFC,572.21,584.68,584.68,537.66,69157,stock
2021-10-24,ICFC,585.28,613.85,613.85,558.44,238437,stock
2021-10-25,ICFC,625.97,660.61,660.61,606.06,124624,stock
2021-10-26,ICFC,671.0,704.76,704.76,661.47,121795,stock
2021-10-27,ICFC,705.63,692.64,712.73,667.53,261755,stock
2021-10-28,ICFC,678.79,683.98,696.97,662.34,61163,stock
2021-10-31,ICFC,690.91,730.74,735.93,671.0,159987,stock
2021-11-01,ICFC,743.72,755.06,789.09,713.42,197651,stock
2021-11-02,ICFC,740.0,760.69,825.71,725.54,170399,stock
2021-11-03,ICFC,754.98,836.71,836.71,749.0,141668,stock
2021-11-08,ICFC,820.0,920.35,920.35,770.56,241944,stock
2021-11-09,ICFC,901.99,828.31,901.99,828.31,134685,stock
2021-11-11,ICFC,811.77,745.54,811.77,745.54,335961,stock
2021-11-14,ICFC,745.54,746.32,820.09,703.12,282027,stock
2021-11-15,ICFC,761.04,762.77,776.62,746.32,146918,stock
2021-11-16,ICFC,753.25,773.16,798.87,753.25,127434,stock
2021-11-17,ICFC,788.57,779.13,788.57,757.58,203706,stock
2021-11-18,ICFC,779.13,779.22,842.68,748.4,152420,stock
2021-11-21,ICFC,771.43,748.92,771.43,748.92,71030,stock
2021-11-22,ICFC,763.64,753.25,810.48,738.53,40091,stock
2021-11-23,ICFC,738.53,709.26,753.25,705.63,105823,stock
2021-11-24,ICFC,709.35,735.06,748.83,687.45,224881,stock
2021-11-25,ICFC,731.6,735.06,748.92,709.96,48998,stock
2021-11-28,ICFC,721.21,806.93,808.57,693.25,119938,stock
2021-11-29,ICFC,790.82,726.23,790.82,726.23,148044,stock
2021-11-30,ICFC,717.66,770.56,798.79,700.43,194972,stock
2021-12-01,ICFC,755.15,727.27,755.15,714.29,61193,stock
2021-12-02,ICFC,727.27,706.49,729.87,692.64,69193,stock
2021-12-05,ICFC,692.38,647.71,704.76,645.02,120943,stock
2021-12-06,ICFC,636.36,667.53,675.32,593.94,110785,stock
2021-12-07,ICFC,679.65,616.45,692.64,606.06,151495,stock
2021-12-08,ICFC,616.45,609.35,619.91,588.74,84765,stock
2021-12-09,ICFC,598.1,597.14,620.95,580.95,64734,stock
2021-12-12,ICFC,592.38,552.38,596.19,551.43,71638,stock
2021-12-13,ICFC,541.33,501.9,548.86,500.48,102587,stock
2021-12-14,ICFC,511.9,552.1,552.1,511.9,89460,stock
2021-12-15,ICFC,563.05,588.57,606.67,560.0,165033,stock
2021-12-16,ICFC,590.48,560.0,590.48,560.0,80572,stock
2021-12-20,ICFC,569.52,544.76,570.48,539.05,33434,stock
2021-12-21,ICFC,555.24,561.9,570.48,533.9,89390,stock
2021-12-22,ICFC,571.43,582.86,590.48,561.9,107062,stock
2021-12-23,ICFC,594.48,571.24,594.48,560.95,62716,stock
2021-12-26,ICFC,580.95,561.9,580.95,560.95,67201,stock
2021-12-27,ICFC,572.38,542.86,579.05,541.9,75043,stock
2021-12-28,ICFC,540.0,557.14,566.67,533.33,60864,stock
2021-12-29,ICFC,559.05,557.43,565.71,548.67,26209,stock
2022-01-02,ICFC,557.14,560.95,564.76,552.38,35465,stock
2022-01-03,ICFC,570.48,566.67,578.95,559.14,65710,stock
2022-01-04,ICFC,566.76,578.1,580.0,557.14,61815,stock
2022-01-05,ICFC,589.52,576.38,599.05,572.38,86845,stock
2022-01-06,ICFC,568.67,584.76,587.62,566.67,45566,stock
2022-01-09,ICFC,593.33,639.05,641.9,590.48,138748,stock
2022-01-10,ICFC,651.81,657.14,666.67,638.1,105159,stock
2022-01-11,ICFC,657.14,688.57,709.52,644.0,94467,stock
2022-01-12,ICFC,690.48,680.0,723.71,677.14,157172,stock
2022-01-13,ICFC,666.76,738.1,738.1,666.76,123926,stock
2022-01-16,ICFC,738.1,756.19,761.9,740.0,131599,stock
2022-01-17,ICFC,756.19,743.81,760.0,738.1,72049,stock
2022-01-18,ICFC,732.38,718.1,747.62,704.76,117714,stock
2022-01-19,ICFC,718.1,701.9,731.24,697.24,85558,stock
2022-01-20,ICFC,704.76,736.19,737.14,688.57,80682,stock
2022-01-23,ICFC,736.19,709.62,747.62,708.57,61634,stock
2022-01-24,ICFC,695.43,671.43,706.67,663.81,157192,stock
2022-01-25,ICFC,671.43,671.43,700.95,645.71,82597,stock
2022-01-26,ICFC,671.43,660.0,684.76,648.67,56224,stock
2022-01-27,ICFC,670.48,657.14,680.95,657.14,43322,stock
2022-01-30,ICFC,670.29,697.14,699.05,670.29,118879,stock
2022-01-31,ICFC,704.76,683.81,709.43,681.9,45853,stock
2022-02-01,ICFC,683.33,699.9,704.76,671.43,78230,stock
2022-02-03,ICFC,707.62,697.14,723.81,695.24,135297,stock
2022-02-06,ICFC,690.48,679.05,697.14,678.1,63071,stock
2022-02-07,ICFC,671.43,678.1,686.67,671.43,41628,stock
2022-02-08,ICFC,691.62,676.19,718.86,671.43,113731,stock
2022-02-09,ICFC,676.19,664.76,680.0,662.67,28915,stock
2022-02-10,ICFC,671.43,678.1,685.71,657.14,78979,stock
2022-02-13,ICFC,664.76,640.0,664.76,633.33,108062,stock
2022-02-14,ICFC,640.0,646.67,663.81,634.76,43805,stock
2022-02-15,ICFC,657.14,669.52,669.52,643.05,29067,stock
2022-02-16,ICFC,666.67,655.24,671.43,644.76,73217,stock
2022-02-17,ICFC,655.24,648.57,664.76,643.81,43478,stock
2022-02-20,ICFC,635.62,638.1,647.62,620.0,65281,stock
2022-02-21,ICFC,638.1,649.52,652.38,628.57,73053,stock
2022-02-22,ICFC,661.9,680.95,684.76,647.62,146213,stock
2022-02-23,ICFC,694.29,685.71,695.24,672.38,82445,stock
2022-02-24,ICFC,672.38,652.38,672.38,648.67,147526,stock
2022-02-27,ICFC,651.43,657.05,665.71,642.86,119050,stock
2022-02-28,ICFC,666.57,645.71,666.57,638.1,71566,stock
2022-03-02,ICFC,635.24,624.76,646.67,621.62,54412,stock
2022-03-06,ICFC,626.67,611.43,636.19,607.62,38426,stock
2022-03-07,ICFC,620.95,595.24,620.95,595.24,32589,stock
2022-03-09,ICFC,600.0,618.76,618.76,562.0,98397,stock
2022-03-10,ICFC,606.48,638.0,638.0,585.43,62388,stock
2022-03-13,ICFC,647.62,637.62,647.62,637.14,317775,stock
2022-03-14,ICFC,637.62,634.48,645.71,625.71,27410,stock
2022-03-15,ICFC,635.24,624.76,640.95,618.86,45407,stock
2022-03-16,ICFC,624.76,619.05,631.43,609.52,43842,stock
2022-03-20,ICFC,606.67,610.48,628.57,606.67,25751,stock
2022-03-21,ICFC,621.9,620.95,628.57,609.52,41920,stock
2022-03-22,ICFC,633.33,628.38,633.33,622.86,23761,stock
2022-03-23,ICFC,619.14,616.19,626.19,609.52,46402,stock
2022-03-24,ICFC,623.81,614.19,625.71,605.71,34926,stock
2022-03-27,ICFC,609.52,626.38,626.38,584.48,82467,stock
2022-03-28,ICFC,613.9,596.19,613.9,595.33,24984,stock
2022-03-29,ICFC,607.62,584.67,607.62,579.05,30334,stock
2022-03-30,ICFC,595.14,598.1,600.0,578.1,31471,stock
2022-03-31,ICFC,600.0,580.0,605.81,578.1,26266,stock
2022-04-03,ICFC,580.0,567.62,583.05,566.67,32003,stock
2022-04-04,ICFC,575.24,555.24,576.19,555.24,22189,stock
2022-04-05,ICFC,555.24,531.43,557.14,526.67,49757,stock
2022-04-06,ICFC,529.52,515.24,541.9,514.29,41182,stock
2022-04-07,ICFC,515.24,520.86,533.33,514.29,39687,stock
2022-04-11,ICFC,530.48,506.67,540.95,505.14,33717,stock
2022-04-12,ICFC,514.29,493.33,514.29,490.48,25020,stock
2022-04-13,ICFC,487.62,501.9,506.67,487.62,33626,stock
2022-04-17,ICFC,510.48,485.71,510.48,485.71,19821,stock
2022-04-18,ICFC,480.95,471.43,484.67,471.43,32287,stock
2022-04-19,ICFC,466.67,480.95,487.62,461.9,23470,stock
2022-04-20,ICFC,471.62,464.76,490.48,462.86,20079,stock
2022-04-21,ICFC,464.76,463.81,471.43,440.19,34570,stock
2022-04-24,ICFC,471.43,500.0,509.9,464.76,26004,stock
2022-04-25,ICFC,510.0,484.76,514.29,482.86,32653,stock
2022-04-26,ICFC,484.76,482.0,495.24,474.29,21224,stock
2022-04-27,ICFC,476.19,481.9,488.57,472.38,16370,stock
2022-04-28,ICFC,482.86,474.29,485.81,469.52,19205,stock
2022-05-02,ICFC,476.19,453.33,483.71,449.52,19741,stock
2022-05-04,ICFC,453.33,443.81,461.9,442.86,19723,stock
2022-05-05,ICFC,438.1,430.48,452.38,424.76,29662,stock
2022-05-08,ICFC,430.48,441.9,443.81,419.05,21920,stock
2022-05-09,ICFC,449.43,438.0,454.29,434.29,22227,stock
2022-05-10,ICFC,440.0,442.86,451.71,436.38,20556,stock
2022-05-11,ICFC,450.0,465.71,466.67,445.71,32120,stock
2022-05-12,ICFC,474.95,471.43,488.57,466.67,56544,stock
2022-05-17,ICFC,471.43,447.62,471.43,447.62,22162,stock
2022-05-18,ICFC,443.81,452.48,461.43,430.48,19205,stock
2022-05-19,ICFC,452.38,440.0,461.43,433.33,24485,stock
2022-05-20,ICFC,448.57,431.43,448.67,430.48,13521,stock
2022-05-23,ICFC,428.57,423.81,433.33,423.81,19117,stock
2022-05-24,ICFC,423.81,431.43,440.86,419.05,19905,stock
2022-05-25,ICFC,440.0,438.1,448.76,432.38,16820,stock
2022-05-26,ICFC,442.86,438.0,448.57,430.48,11228,stock
2022-05-27,ICFC,429.33,427.62,443.71,423.9,42163,stock
2022-05-30,ICFC,428.57,412.38,429.52,407.43,32735,stock
2022-05-31,ICFC,409.52,407.62,422.19,405.71,15815,stock
2022-06-01,ICFC,412.38,408.57,416.19,403.81,15306,stock
2022-06-02,ICFC,413.81,404.76,416.67,402.86,16837,stock
2022-06-03,ICFC,404.76,403.71,408.57,396.86,15728,stock
2022-06-06,ICFC,411.43,406.67,419.05,403.9,16114,stock
2022-06-07,ICFC,412.38,404.48,412.38,400.0,20577,stock
2022-06-08,ICFC,407.62,431.43,444.76,402.86,36952,stock
2022-06-09,ICFC,440.0,418.1,441.9,416.29,50223,stock
2022-06-10,ICFC,411.43,411.43,423.81,407.62,35202,stock
2022-06-13,ICFC,418.1,404.76,418.1,401.9,14617,stock
2022-06-14,ICFC,409.52,399.05,409.52,396.76,17836,stock
2022-06-15,ICFC,399.05,395.24,402.86,388.76,16567,stock
2022-06-16,ICFC,388.57,398.1,409.52,388.57,10899,stock
2022-06-17,ICFC,391.52,395.24,405.71,391.52,3958,stock
2022-06-19,ICFC,395.24,380.0,395.24,379.62,18942,stock
2022-06-20,ICFC,377.14,362.86,379.14,360.95,29430,stock
2022-06-21,ICFC,362.86,377.62,382.86,362.86,22589,stock
2022-06-22,ICFC,380.95,371.43,382.86,367.62,19387,stock
2022-06-23,ICFC,364.76,360.0,370.48,355.24,19923,stock
2022-06-24,ICFC,360.0,369.52,380.76,345.71,16526,stock
2022-06-26,ICFC,376.19,393.33,395.33,372.38,36003,stock
2022-06-27,ICFC,395.24,387.43,412.86,382.67,39906,stock
2022-06-28,ICFC,380.95,380.95,392.67,375.24,11954,stock
2022-06-29,ICFC,384.76,394.29,399.9,380.95,20811,stock
2022-06-30,ICFC,402.1,420.0,426.57,395.24,49017,stock
2022-07-01,ICFC,427.62,422.38,433.33,409.52,32829,stock
2022-07-03,ICFC,415.24,445.81,448.57,414.29,43667,stock
2022-07-04,ICFC,453.33,433.33,476.19,426.67,71351,stock
2022-07-05,ICFC,434.38,416.38,449.52,408.57,66947,stock
2022-07-06,ICFC,422.86,431.43,436.1,402.1,56934,stock
2022-07-07,ICFC,440.0,429.52,448.57,423.81,42385,stock
2022-07-08,ICFC,421.9,414.67,429.33,414.29,12793,stock
2022-07-11,ICFC,406.38,393.33,412.86,390.48,36587,stock
2022-07-12,ICFC,399.9,396.19,403.43,385.62,26276,stock
2022-07-13,ICFC,403.71,419.05,425.71,397.14,32802,stock
2022-07-14,ICFC,427.43,428.57,437.14,418.1,39116,stock
2022-07-15,ICFC,428.57,428.57,433.33,422.86,21585,stock
2022-07-17,ICFC,425.71,426.67,437.14,424.76,15822,stock
2022-07-18,ICFC,427.62,433.33,435.24,419.33,17294,stock
2022-07-19,ICFC,439.05,456.19,464.29,434.29,109006,stock
2022-07-20,ICFC,462.86,470.48,480.95,453.43,107059,stock
2022-07-21,ICFC,479.05,466.67,480.0,464.76,36217,stock
2022-07-22,ICFC,470.48,460.0,470.48,452.38,52426,stock
2022-07-24,ICFC,468.57,489.52,489.52,460.95,88375,stock
2022-07-25,ICFC,496.19,532.29,532.38,487.62,131024,stock
2022-07-26,ICFC,533.33,509.52,538.1,508.57,117732,stock
2022-07-27,ICFC,507.62,525.71,531.43,494.29,104565,stock
2022-07-28,ICFC,532.38,539.05,557.14,523.81,142113,stock
2022-07-29,ICFC,546.76,539.14,548.57,534.29,59558,stock
2022-07-31,ICFC,548.57,526.67,548.57,524.76,90251,stock
2022-08-01,ICFC,526.67,531.43,549.52,520.0,88757,stock
2022-08-02,ICFC,540.0,535.24,547.62,526.76,37437,stock
2022-08-03,ICFC,542.86,531.43,545.71,528.67,93323,stock
2022-08-04,ICFC,523.9,515.24,541.9,514.29,87770,stock
2022-08-05,ICFC,504.95,495.24,523.81,494.29,77183,stock
2022-08-07,ICFC,489.62,502.86,509.52,489.62,50518,stock
2022-08-08,ICFC,502.86,513.33,522.86,499.05,61805,stock
2022-08-09,ICFC,521.9,500.95,521.9,496.19,78651,stock
2022-08-10,ICFC,500.95,495.24,504.76,491.43,47222,stock
2022-08-11,ICFC,495.24,486.86,501.9,486.86,19140,stock
2022-08-14,ICFC,480.0,471.43,495.24,468.57,38493,stock
2022-08-15,ICFC,462.86,514.29,518.1,462.86,69564,stock
2022-08-16,ICFC,522.86,504.76,528.57,495.24,75238,stock
2022-08-17,ICFC,495.33,502.86,514.29,494.86,68943,stock
2022-08-18,ICFC,496.29,515.24,521.43,496.29,98719,stock
2022-08-21,ICFC,515.24,508.57,525.71,505.71,30901,stock
2022-08-22,ICFC,499.05,507.62,513.33,495.33,50668,stock
2022-08-23,ICFC,514.29,502.38,514.29,500.1,30388,stock
2022-08-24,ICFC,512.38,500.0,512.38,498.29,26077,stock
2022-08-25,ICFC,500.0,493.24,509.52,490.48,35246,stock
2022-08-26,ICFC,492.0,479.05,500.95,477.14,50004,stock
2022-08-28,ICFC,469.52,460.0,488.57,460.0,78933,stock
2022-08-29,ICFC,458.1,467.62,474.29,453.33,31086,stock
2022-08-30,ICFC,466.67,461.9,478.57,461.9,25777,stock
2022-08-31,ICFC,460.95,453.52,471.43,452.86,19092,stock
2022-09-01,ICFC,448.57,460.95,461.9,440.0,37702,stock
2022-09-02,ICFC,453.33,463.71,470.48,453.33,14505,stock
2022-09-04,ICFC,455.24,463.81,472.38,455.24,16325,stock
2022-09-05,ICFC,455.33,456.48,471.43,455.33,21062,stock
2022-09-06,ICFC,455.24,444.76,457.14,444.76,17789,stock
2022-09-07,ICFC,451.43,440.95,451.43,433.33,21004,stock
2022-09-08,ICFC,442.86,442.86,453.62,432.38,35136,stock
2022-09-11,ICFC,438.19,435.33,449.52,434.38,16367,stock
2022-09-12,ICFC,429.62,432.38,438.1,429.62,13702,stock
2022-09-13,ICFC,440.0,442.86,446.67,438.1,14319,stock
2022-09-14,ICFC,447.62,472.38,473.33,447.62,48244,stock
2022-09-15,ICFC,471.43,447.62,476.1,443.52,51061,stock
2022-09-16,ICFC,439.05,440.0,443.81,420.95,27045,stock
2022-09-18,ICFC,438.1,428.57,440.95,423.81,34200,stock
2022-09-20,ICFC,420.0,409.9,424.76,409.9,22812,stock
2022-09-21,ICFC,418.1,414.29,424.76,410.48,16011,stock
2022-09-22,ICFC,413.33,407.62,417.71,406.67,12274,stock
2022-09-25,ICFC,400.0,392.38,407.62,392.0,16625,stock
2022-09-27,ICFC,392.38,402.86,407.62,386.67,14423,stock
2022-09-28,ICFC,408.57,400.95,409.52,395.24,9494,stock
2022-09-29,ICFC,407.62,400.0,408.29,397.14,9689,stock
2022-10-09,ICFC,407.62,425.71,428.1,401.9,19165,stock
2022-10-10,ICFC,428.67,418.1,428.67,410.76,17693,stock
2022-10-11,ICFC,410.48,419.05,420.0,407.62,11099,stock
2022-10-12,ICFC,419.05,433.33,437.14,411.43,18015,stock
2022-10-13,ICFC,436.19,434.19,440.0,425.81,15678,stock
2022-10-16,ICFC,440.95,420.95,440.95,418.1,17613,stock
2022-10-17,ICFC,429.33,417.14,429.33,410.86,12598,stock
2022-10-19,ICFC,416.19,404.0,417.05,402.29,14833,stock
2022-10-20,ICFC,397.14,405.71,408.0,397.14,13490,stock
2022-10-23,ICFC,400.95,409.52,412.38,400.95,4454,stock
2022-10-31,ICFC,413.33,409.52,413.33,405.9,7025,stock
2022-11-01,ICFC,409.52,422.86,428.57,402.0,25004,stock
2022-11-02,ICFC,430.95,427.62,435.24,419.24,27136,stock
2022-11-03,ICFC,427.62,420.19,434.19,419.05,6646,stock
2022-11-06,ICFC,420.95,439.05,439.05,420.48,25998,stock
2022-11-07,ICFC,442.86,436.19,456.57,432.38,30745,stock
2022-11-08,ICFC,442.86,435.24,444.76,429.52,14813,stock
2022-11-09,ICFC,428.57,419.14,441.9,419.05,29072,stock
2022-11-10,ICFC,426.67,405.71,426.67,404.76,25253,stock
2022-11-13,ICFC,401.9,406.67,420.95,400.95,13459,stock
2022-11-14,ICFC,400.95,414.29,420.0,400.95,11671,stock
2022-11-15,ICFC,411.43,410.48,423.81,410.48,12936,stock
2022-11-16,ICFC,411.43,418.1,421.81,408.57,25079,stock
2022-11-17,ICFC,411.43,429.52,433.33,411.43,20852,stock
2022-11-22,ICFC,438.1,426.57,445.71,420.0,17662,stock
2022-11-23,ICFC,419.05,426.67,427.52,419.05,7852,stock
2022-11-24,ICFC,425.52,426.67,430.95,420.1,12437,stock
2022-11-27,ICFC,421.05,435.24,437.14,421.05,39588,stock
2022-11-28,ICFC,438.1,430.57,443.9,430.57,21445,stock
2022-11-29,ICFC,425.52,433.33,437.05,425.52,8137,stock
2022-11-30,ICFC,424.67,426.76,440.95,424.67,11202,stock
2022-12-01,ICFC,435.24,423.81,435.24,416.19,19860,stock
2022-12-04,ICFC,420.95,422.76,430.48,420.95,10202,stock
2022-12-05,ICFC,416.0,414.29,429.33,410.48,12742,stock
2022-12-06,ICFC,419.05,409.52,419.05,406.0,10511,stock
2022-12-07,ICFC,414.29,403.81,414.29,403.81,8130,stock
2022-12-11,ICFC,400.1,396.29,404.76,395.24,14028,stock
2022-12-12,ICFC,400.95,405.71,405.71,396.29,12536,stock
2022-12-13,ICFC,413.81,404.76,413.81,402.86,7919,stock
2022-12-14,ICFC,397.62,406.29,412.86,397.62,3671,stock
2022-12-15,ICFC,399.14,399.52,407.24,399.14,8212,stock
2022-12-18,ICFC,399.05,396.19,399.05,392.38,11073,stock
2022-12-19,ICFC,393.81,396.95,402.86,393.81,7082,stock
2022-12-20,ICFC,398.38,400.1,404.57,398.38,4461,stock
2022-12-21,ICFC,400.0,391.43,400.0,391.43,4914,stock
2022-12-22,ICFC,390.48,382.86,397.05,381.62,9969,stock
2022-12-26,ICFC,390.48,412.38,414.29,390.48,28760,stock
2022-12-27,ICFC,420.48,428.57,441.9,419.05,45874,stock
2022-12-28,ICFC,428.57,418.1,438.1,418.0,35738,stock
2022-12-29,ICFC,419.05,443.62,444.76,415.33,33641,stock
2023-01-01,ICFC,451.81,428.57,457.14,428.57,51278,stock
2023-01-02,ICFC,436.95,445.71,445.71,429.71,74758,stock
2023-01-03,ICFC,446.0,451.0,462.5,445.0,35976,stock
2023-01-04,ICFC,443.8,466.0,470.0,443.8,37773,stock
2023-01-05,ICFC,475.3,478.8,486.0,464.0,90588,stock
2023-01-08,ICFC,478.8,479.0,492.0,469.3,54672,stock
2023-01-09,ICFC,487.9,505.0,505.9,481.2,50260,stock
2023-01-10,ICFC,515.1,499.0,532.0,490.0,159401,stock
2023-01-12,ICFC,508.9,480.0,525.0,473.5,73865,stock
2023-01-17,ICFC,485.0,498.0,502.0,472.7,41570,stock
2023-01-18,ICFC,498.8,492.0,514.0,489.0,48047,stock
2023-01-19,ICFC,490.0,486.0,498.0,486.0,29669,stock
2023-01-23,ICFC,482.7,472.2,495.0,472.2,28562,stock
2023-01-24,ICFC,464.0,494.0,496.7,463.0,59410,stock
2023-01-25,ICFC,502.9,490.0,502.9,485.1,28449,stock
2023-01-26,ICFC,481.0,486.0,499.8,481.0,19328,stock
2023-01-29,ICFC,483.0,479.8,488.0,471.0,28819,stock
2023-01-30,ICFC,480.8,465.0,481.0,460.0,36595,stock
2023-01-31,ICFC,473.9,456.0,473.9,456.0,26568,stock
2023-02-01,ICFC,464.0,460.0,465.0,447.0,25096,stock
2023-02-02,ICFC,452.0,453.0,466.0,451.0,24341,stock
2023-02-05,ICFC,450.0,456.9,467.0,448.0,18235,stock
2023-02-06,ICFC,450.1,457.2,463.0,450.1,15005,stock
2023-02-07,ICFC,459.0,488.0,488.0,459.0,40394,stock
2023-02-08,ICFC,490.6,475.0,497.0,475.0,28759,stock
2023-02-09,ICFC,471.0,483.0,483.0,470.0,21245,stock
2023-02-12,ICFC,485.0,467.0,485.0,462.0,27118,stock
2023-02-14,ICFC,457.7,463.0,465.0,457.7,18716,stock
2023-02-15,ICFC,454.0,460.0,469.0,454.0,22656,stock
2023-02-16,ICFC,455.0,451.0,464.1,451.0,18621,stock
2023-02-20,ICFC,455.0,444.0,455.0,440.0,13631,stock
2023-02-22,ICFC,444.8,456.7,461.7,444.8,17468,stock
2023-02-23,ICFC,448.0,442.1,450.0,436.2,29981,stock
2023-02-26,ICFC,433.3,459.9,460.0,420.0,36798,stock
2023-02-27,ICFC,460.0,448.3,460.0,436.0,14770,stock
2023-02-28,ICFC,457.0,444.0,457.0,440.0,7952,stock
2023-03-01,ICFC,441.0,439.9,448.7,436.0,10757,stock
2023-03-02,ICFC,435.0,431.0,436.0,429.0,11723,stock
2023-03-05,ICFC,433.5,420.2,434.0,420.2,13860,stock
2023-03-07,ICFC,428.6,423.8,430.0,417.0,15942,stock
2023-03-09,ICFC,432.0,439.0,439.9,430.0,12433,stock
2023-03-12,ICFC,439.9,434.8,446.9,430.0,28252,stock
2023-03-13,ICFC,430.0,432.7,435.0,426.0,15355,stock
2023-03-14,ICFC,437.0,429.5,437.0,427.0,17393,stock
2023-03-15,ICFC,438.0,429.0,438.0,426.8,10304,stock
2023-03-16,ICFC,434.0,428.0,434.0,425.6,6168,stock
2023-03-19,ICFC,430.0,427.0,432.0,420.0,9319,stock
2023-03-20,ICFC,433.8,433.0,435.0,428.0,7496,stock
2023-03-22,ICFC,430.0,429.0,441.0,424.0,12264,stock
2023-03-23,ICFC,426.0,418.3,431.0,416.0,11106,stock
2023-03-26,ICFC,426.6,416.2,426.6,415.0,9569,stock
2023-03-27,ICFC,416.2,425.0,425.0,407.7,13378,stock
2023-03-28,ICFC,430.0,422.0,432.0,420.0,26273,stock
2023-03-29,ICFC,420.0,423.0,425.0,414.0,10368,stock
2023-03-30,ICFC,429.9,414.4,429.9,414.3,12908,stock
2023-04-02,ICFC,414.4,406.7,424.0,405.0,14519,stock
2023-04-03,ICFC,410.0,403.9,414.8,400.0,13807,stock
2023-04-04,ICFC,395.9,409.0,410.0,395.9,6330,stock
2023-04-05,ICFC,410.0,407.1,411.7,404.0,5911,stock
2023-04-06,ICFC,412.0,405.0,412.0,400.3,7660,stock
2023-04-09,ICFC,400.0,397.2,406.9,393.0,7890,stock
2023-04-10,ICFC,395.0,395.0,400.0,391.0,4923,stock
2023-04-11,ICFC,400.0,406.0,409.5,395.0,17938,stock
2023-04-12,ICFC,410.0,438.0,442.0,410.0,23511,stock
2023-04-13,ICFC,446.0,429.0,447.0,425.0,26247,stock
2023-04-16,ICFC,428.0,429.0,437.0,422.3,8078,stock
2023-04-17,ICFC,421.0,417.0,429.9,417.0,6352,stock
2023-04-18,ICFC,409.5,412.0,425.3,409.5,6126,stock
2023-04-19,ICFC,420.2,419.5,426.0,414.1,4165,stock
2023-04-20,ICFC,416.9,414.0,420.0,412.6,5697,stock
2023-04-23,ICFC,408.0,410.0,418.0,408.0,9934,stock
2023-04-24,ICFC,418.2,414.8,418.2,403.0,9315,stock
2023-04-25,ICFC,411.0,420.0,420.0,410.0,5756,stock
2023-04-26,ICFC,412.0,413.0,427.0,410.0,3775,stock
2023-04-27,ICFC,414.0,412.9,415.0,408.9,5935,stock
2023-04-30,ICFC,412.0,408.0,414.0,405.0,6477,stock
2023-05-02,ICFC,408.0,405.0,410.0,402.2,7761,stock
2023-05-03,ICFC,397.0,404.0,407.0,397.0,4862,stock
2023-05-04,ICFC,408.0,412.9,412.9,401.0,5488,stock
2023-05-07,ICFC,406.0,406.0,414.0,403.0,2772,stock
2023-05-08,ICFC,399.1,403.0,414.0,399.0,6715,stock
2023-05-09,ICFC,395.0,405.9,410.0,395.0,3995,stock
2023-05-10,ICFC,398.1,404.0,414.0,398.1,5397,stock
2023-05-11,ICFC,399.1,403.6,405.9,399.1,3967,stock
2023-05-14,ICFC,402.3,400.2,410.0,400.2,6743,stock
2023-05-15,ICFC,400.0,401.0,408.0,397.0,6124,stock
2023-05-16,ICFC,403.0,405.0,407.0,400.0,6074,stock
2023-05-17,ICFC,409.9,410.0,411.0,402.0,7607,stock
2023-05-18,ICFC,416.9,415.0,425.0,402.2,11949,stock
2023-05-21,ICFC,410.4,415.0,422.0,408.6,12139,stock
2023-05-22,ICFC,420.0,419.0,432.9,410.0,12191,stock
2023-05-23,ICFC,420.0,434.0,435.0,419.0,25385,stock
2023-05-24,ICFC,434.0,434.2,442.0,425.4,21437,stock
2023-05-28,ICFC,430.0,419.1,442.8,417.0,18685,stock
2023-05-30,ICFC,419.0,407.0,427.0,406.0,22782,stock
2023-05-31,ICFC,410.0,402.4,419.0,400.0,22891,stock
2023-06-01,ICFC,410.4,405.0,414.0,397.0,15126,stock
2023-06-04,ICFC,413.0,419.0,421.2,409.0,16486,stock
2023-06-05,ICFC,424.0,411.0,424.0,409.0,12832,stock
2023-06-06,ICFC,414.0,417.5,418.0,408.0,15932,stock
2023-06-07,ICFC,423.9,417.0,423.9,414.7,9881,stock
2023-06-08,ICFC,424.0,436.9,437.9,408.7,65511,stock
2023-06-11,ICFC,437.0,465.0,470.0,437.0,116344,stock
2023-06-12,ICFC,465.0,467.0,470.0,455.0,73987,stock
2023-06-13,ICFC,460.0,477.6,485.3,460.0,63616,stock
2023-06-14,ICFC,487.0,469.8,487.0,457.0,65134,stock
2023-06-15,ICFC,465.0,460.0,472.0,455.0,34029,stock
2023-06-18,ICFC,469.2,473.9,474.9,460.0,52532,stock
2023-06-19,ICFC,483.3,488.0,499.4,470.0,87454,stock
2023-06-20,ICFC,496.0,466.0,499.8,461.0,57358,stock
2023-06-21,ICFC,470.0,462.0,483.0,461.8,45860,stock
2023-06-22,ICFC,460.0,461.1,475.0,458.0,36688,stock
2023-06-25,ICFC,465.0,494.5,496.0,458.1,84332,stock
2023-06-26,ICFC,504.3,515.9,530.0,495.0,143692,stock
2023-06-27,ICFC,526.0,530.0,538.5,518.0,122600,stock
2023-06-28,ICFC,540.0,513.0,540.0,510.0,75291,stock
2023-07-02,ICFC,513.0,508.0,530.0,505.0,87143,stock
2023-07-03,ICFC,508.0,499.8,517.9,490.0,57375,stock
2023-07-04,ICFC,508.0,510.4,515.0,500.0,30353,stock
2023-07-05,ICFC,518.0,500.0,520.0,497.0,42676,stock
2023-07-06,ICFC,510.0,498.0,510.0,492.0,41381,stock
2023-07-09,ICFC,507.9,518.0,519.9,506.0,41937,stock
2023-07-10,ICFC,528.3,527.0,533.9,521.0,78747,stock
2023-07-11,ICFC,530.0,541.7,550.0,527.0,104545,stock
2023-07-12,ICFC,542.3,534.0,552.0,530.0,68768,stock
2023-07-13,ICFC,538.0,524.0,542.9,521.0,53621,stock
2023-07-16,ICFC,515.2,525.0,534.0,515.2,25300,stock
2023-07-17,ICFC,535.5,538.0,540.0,520.0,26265,stock
2023-07-18,ICFC,548.7,538.0,548.7,533.6,20416,stock
2023-07-19,ICFC,535.0,529.0,540.0,525.1,21328,stock
2023-07-20,ICFC,539.5,528.0,539.5,525.0,18051,stock
2023-07-23,ICFC,538.5,535.8,541.0,525.0,42793,stock
2023-07-24,ICFC,546.5,527.0,546.5,523.0,45558,stock
2023-07-25,ICFC,537.5,514.0,537.5,514.0,25172,stock
2023-07-26,ICFC,524.2,514.8,524.2,513.0,13703,stock
2023-07-27,ICFC,525.0,499.0,525.0,496.0,34129,stock
2023-07-30,ICFC,508.9,482.0,508.9,480.0,47679,stock
2023-07-31,ICFC,491.0,490.0,496.5,482.0,26130,stock
2023-08-01,ICFC,481.0,481.9,504.9,479.0,29933,stock
2023-08-02,ICFC,475.1,496.7,496.7,475.1,27791,stock
2023-08-03,ICFC,500.0,478.0,503.0,475.1,103331,stock
2023-08-06,ICFC,487.5,463.9,493.0,460.0,32953,stock
2023-08-07,ICFC,473.1,473.8,476.7,455.0,24708,stock
2023-08-08,ICFC,473.0,461.0,480.0,456.0,16336,stock
2023-08-09,ICFC,470.2,476.0,476.0,457.0,17618,stock
2023-08-10,ICFC,484.0,479.9,485.0,473.0,11651,stock
2023-08-13,ICFC,470.5,481.9,488.4,469.0,26280,stock
2023-08-14,ICFC,489.0,479.1,489.0,475.1,12216,stock
2023-08-15,ICFC,488.0,466.0,488.0,466.0,19008,stock
2023-08-16,ICFC,457.0,460.0,475.3,457.0,19734,stock
2023-08-17,ICFC,469.2,472.0,475.0,460.1,18531,stock
2023-08-20,ICFC,481.0,467.0,481.0,464.0,8939,stock
2023-08-21,ICFC,476.0,463.5,476.0,458.1,8660,stock
2023-08-22,ICFC,472.0,471.5,472.0,464.1,7144,stock
2023-08-23,ICFC,480.9,480.9,484.8,474.0,10150,stock
2023-08-24,ICFC,490.5,464.0,490.5,463.2,21801,stock
2023-08-27,ICFC,473.1,463.5,473.1,457.0,22495,stock
2023-08-28,ICFC,462.0,469.0,471.0,462.0,9940,stock
2023-08-29,ICFC,465.0,467.0,478.0,465.0,14627,stock
2023-08-30,ICFC,476.0,465.0,476.0,465.0,8049,stock
2023-09-03,ICFC,473.0,464.0,473.0,460.6,24855,stock
2023-09-04,ICFC,473.2,467.9,473.2,457.0,12753,stock
2023-09-05,ICFC,470.0,463.0,470.0,463.0,7888,stock
2023-09-07,ICFC,470.0,455.0,470.0,452.1,20919,stock
2023-09-10,ICFC,457.0,453.0,463.0,453.0,6209,stock
2023-09-11,ICFC,462.0,469.0,470.0,453.0,13795,stock
2023-09-12,ICFC,478.2,469.0,478.2,462.0,13815,stock
2023-09-13,ICFC,471.0,478.9,480.0,470.0,25879,stock
2023-09-17,ICFC,479.8,464.0,479.8,463.0,18851,stock
2023-09-18,ICFC,473.1,468.0,473.1,462.0,5395,stock
2023-09-19,ICFC,476.9,476.9,476.9,466.0,6044,stock
2023-09-21,ICFC,486.4,494.5,500.0,486.4,30520,stock
2023-09-24,ICFC,500.0,487.0,500.0,484.4,24368,stock
2023-09-25,ICFC,490.0,485.0,490.0,483.0,10318,stock
2023-09-26,ICFC,494.7,490.0,504.0,486.0,13277,stock
2023-09-27,ICFC,480.2,487.9,495.0,480.2,17292,stock
2023-10-01,ICFC,497.6,479.0,497.6,475.0,10922,stock
2023-10-02,ICFC,480.0,480.0,483.4,472.0,11568,stock
2023-10-03,ICFC,487.0,472.9,487.0,470.0,10469,stock
2023-10-04,ICFC,480.0,475.2,480.1,473.1,6748,stock
2023-10-05,ICFC,484.6,472.0,484.6,471.1,4092,stock
2023-10-08,ICFC,481.4,461.0,481.4,456.1,18581,stock
2023-10-09,ICFC,455.0,463.0,471.0,452.0,8273,stock
2023-10-10,ICFC,470.0,457.9,470.0,455.0,12867,stock
2023-10-11,ICFC,467.0,458.3,467.0,453.2,10740,stock
2023-10-12,ICFC,467.4,454.1,467.4,452.5,6958,stock
2023-10-16,ICFC,461.0,448.0,461.0,446.1,12668,stock
2023-10-17,ICFC,454.0,457.0,468.0,452.0,6779,stock
2023-10-18,ICFC,466.0,464.0,466.0,458.0,9673,stock
2023-10-19,ICFC,469.0,462.5,469.0,460.0,9870,stock
2023-10-29,ICFC,453.4,455.0,462.0,448.3,6740,stock
2023-10-30,ICFC,447.5,456.0,459.0,447.5,7625,stock
2023-10-31,ICFC,449.1,450.0,456.0,447.1,2876,stock
2023-11-01,ICFC,459.0,453.9,459.0,448.0,5653,stock
2023-11-02,ICFC,450.0,446.9,450.0,445.0,9062,stock
2023-11-05,ICFC,440.0,438.9,444.8,431.0,9813,stock
2023-11-06,ICFC,440.0,438.1,450.0,430.2,9591,stock
2023-11-07,ICFC,446.8,442.0,447.0,435.1,5652,stock
2023-11-08,ICFC,442.0,446.0,446.0,440.0,4389,stock
2023-11-09,ICFC,454.0,430.0,454.0,428.4,10529,stock
2023-11-20,ICFC,438.6,431.0,447.3,431.0,3219,stock
2023-11-21,ICFC,439.0,430.0,439.0,425.0,6294,stock
2023-11-22,ICFC,423.0,432.0,438.0,423.0,3386,stock
2023-11-23,ICFC,440.0,434.0,440.0,423.0,12789,stock
2023-11-26,ICFC,439.0,452.0,454.0,439.0,10844,stock
2023-11-27,ICFC,460.0,444.0,466.8,443.1,10772,stock
2023-11-28,ICFC,435.5,453.9,470.0,435.5,3167,stock
2023-11-29,ICFC,453.9,452.0,470.0,450.0,5656,stock
2023-11-30,ICFC,461.0,448.0,461.0,442.0,3396,stock
2023-12-03,ICFC,451.9,444.0,451.9,438.0,3319,stock
2023-12-04,ICFC,438.0,447.5,450.0,436.0,6495,stock
2023-12-05,ICFC,446.0,440.0,450.0,436.1,6459,stock
2023-12-06,ICFC,438.1,440.1,445.0,438.0,3319,stock
2023-12-07,ICFC,448.0,443.0,448.9,439.0,6417,stock
2023-12-10,ICFC,443.0,474.0,474.0,443.0,2332,stock
2023-12-11,ICFC,483.4,462.0,483.4,451.0,26770,stock
2023-12-12,ICFC,462.0,478.9,480.0,458.0,34611,stock
2023-12-13,ICFC,471.0,482.0,508.0,471.0,24945,stock
2023-12-14,ICFC,490.0,482.0,490.0,475.6,9666,stock
2023-12-17,ICFC,472.5,487.9,490.0,472.0,21096,stock
2023-12-18,ICFC,497.0,505.0,511.0,495.0,51980,stock
2023-12-19,ICFC,514.7,506.0,514.7,492.1,27737,stock
2023-12-20,ICFC,506.0,512.0,522.0,498.1,45244,stock
2023-12-21,ICFC,522.0,499.0,522.0,491.0,51473,stock
2023-12-24,ICFC,499.0,485.4,499.0,484.0,35347,stock
2023-12-27,ICFC,485.0,481.0,490.0,475.0,16825,stock
2023-12-28,ICFC,482.0,484.0,489.0,475.1,21002,stock
2024-01-01,ICFC,493.6,476.0,502.9,475.0,10289,stock
2024-01-02,ICFC,475.0,465.0,482.0,463.1,23736,stock
2024-01-03,ICFC,460.0,468.1,475.0,459.0,17599,stock
2024-01-04,ICFC,477.4,463.9,477.4,461.0,13049,stock
2024-01-07,ICFC,473.0,459.5,473.0,455.0,18742,stock
2024-01-08,ICFC,468.6,469.9,470.0,460.0,11227,stock
2024-01-09,ICFC,479.0,490.0,494.7,471.0,51019,stock
2024-01-10,ICFC,499.8,499.9,508.0,495.0,71702,stock
2024-01-11,ICFC,507.0,497.0,507.0,496.5,33892,stock
2024-01-14,ICFC,506.0,502.9,506.0,499.1,27630,stock
2024-01-16,ICFC,510.0,515.0,522.0,506.0,52361,stock
2024-01-17,ICFC,524.2,495.1,525.3,490.3,43187,stock
2024-01-18,ICFC,495.0,499.9,500.0,485.0,54665,stock
2024-01-21,ICFC,490.0,486.1,501.0,485.0,25854,stock
2024-01-22,ICFC,480.1,482.0,495.0,478.5,26682,stock
2024-01-23,ICFC,483.0,482.0,489.0,475.1,14598,stock
2024-01-24,ICFC,487.0,482.0,495.0,481.1,17251,stock
2024-01-25,ICFC,486.0,479.9,486.1,470.0,31090,stock
2024-01-28,ICFC,480.0,480.0,483.0,473.2,13469,stock
2024-01-29,ICFC,471.0,485.0,487.0,471.0,8258,stock
2024-01-30,ICFC,480.1,486.0,488.0,480.1,12193,stock
2024-01-31,ICFC,477.0,479.0,494.0,476.1,12215,stock
2024-02-01,ICFC,470.0,479.9,490.0,470.0,24385,stock
2024-02-04,ICFC,471.0,482.0,484.0,471.0,10794,stock
2024-02-05,ICFC,491.5,477.6,491.5,476.1,9689,stock
2024-02-06,ICFC,485.0,484.0,486.1,482.0,8390,stock
2024-02-07,ICFC,489.0,487.0,489.0,483.0,13458,stock
2024-02-11,ICFC,483.0,481.0,494.0,481.0,12010,stock
2024-02-12,ICFC,477.0,488.0,489.9,475.1,9460,stock
2024-02-13,ICFC,485.0,477.0,488.0,472.1,17652,stock
2024-02-14,ICFC,486.0,507.2,519.0,485.0,147892,stock
2024-02-15,ICFC,511.0,500.0,513.3,496.0,37050,stock
2024-02-18,ICFC,510.0,475.3,510.0,475.3,54349,stock
2024-02-20,ICFC,484.0,481.0,489.9,477.0,23955,stock
2024-02-21,ICFC,490.0,485.0,494.0,483.0,11414,stock
2024-02-22,ICFC,493.8,489.9,509.0,484.0,58163,stock
2024-02-25,ICFC,499.6,493.5,507.0,489.0,56596,stock
2024-02-26,ICFC,483.7,499.9,503.9,483.7,22820,stock
2024-02-27,ICFC,509.8,493.5,509.8,489.0,14058,stock
2024-02-28,ICFC,499.4,485.0,503.2,485.0,11988,stock
2024-02-29,ICFC,490.0,471.6,490.0,470.0,32334,stock
2024-03-03,ICFC,480.0,464.0,480.0,462.0,23620,stock
2024-03-04,ICFC,473.2,501.0,501.0,473.2,3418,stock
2024-03-05,ICFC,511.0,484.0,511.0,482.2,16990,stock
2024-03-06,ICFC,492.9,479.0,492.9,474.5,17342,stock
2024-03-07,ICFC,488.5,482.9,498.2,480.5,16757,stock
2024-03-10,ICFC,492.0,493.0,497.7,486.0,12889,stock
2024-03-12,ICFC,496.0,506.0,506.0,492.2,30314,stock
2024-03-13,ICFC,505.0,513.0,518.0,500.1,50610,stock
2024-03-14,ICFC,511.0,502.0,522.0,500.0,37294,stock
2024-03-17,ICFC,508.9,504.5,515.0,500.0,29808,stock
2024-03-18,ICFC,513.0,505.0,513.0,502.8,15105,stock
2024-03-19,ICFC,513.0,520.9,530.0,513.0,126483,stock
2024-03-20,ICFC,520.0,512.0,529.9,510.0,35619,stock
2024-03-21,ICFC,515.0,519.0,527.3,514.0,68424,stock
2024-03-25,ICFC,520.5,514.3,524.9,512.0,15951,stock
2024-03-26,ICFC,523.0,515.6,523.0,515.0,20888,stock
2024-03-27,ICFC,525.0,507.0,525.0,507.0,19911,stock
2024-03-28,ICFC,516.9,505.4,516.9,500.1,20726,stock
2024-03-31,ICFC,509.8,497.0,509.8,496.0,25134,stock
2024-04-01,ICFC,506.8,492.5,506.8,489.1,17224,stock
2024-04-02,ICFC,493.0,494.0,499.0,488.2,19189,stock
2024-04-03,ICFC,495.0,494.0,500.0,492.0,7045,stock
2024-04-04,ICFC,495.0,492.0,500.0,490.4,18993,stock
2024-04-07,ICFC,501.3,518.2,525.0,496.3,63998,stock
2024-04-09,ICFC,525.0,532.9,539.9,521.5,111871,stock
2024-04-10,ICFC,532.0,515.0,540.0,513.0,48937,stock
2024-04-14,ICFC,507.2,513.0,520.0,507.1,19488,stock
2024-04-15,ICFC,508.3,508.0,523.0,506.1,23165,stock
2024-04-16,ICFC,507.0,502.0,511.0,500.1,20323,stock
2024-04-18,ICFC,500.1,498.0,506.0,498.0,15704,stock
2024-04-21,ICFC,497.1,504.6,504.6,490.0,20622,stock
2024-04-22,ICFC,505.0,492.0,510.0,491.3,10026,stock
2024-04-24,ICFC,492.0,496.0,514.0,488.0,23133,stock
2024-04-25,ICFC,496.0,505.0,515.0,496.0,37979,stock
2024-04-28,ICFC,510.0,517.0,528.0,507.0,53337,stock
2024-04-29,ICFC,527.0,540.0,550.0,515.0,104168,stock
2024-04-30,ICFC,545.0,551.0,580.0,538.0,222743,stock
2024-05-02,ICFC,551.0,534.1,562.0,534.1,100732,stock
2024-05-05,ICFC,535.0,514.0,540.0,512.0,48643,stock
2024-05-06,ICFC,517.0,516.0,532.0,515.0,50709,stock
2024-05-07,ICFC,508.6,515.0,529.9,508.6,26801,stock
2024-05-08,ICFC,524.0,524.0,524.0,512.0,19887,stock
2024-05-09,ICFC,530.9,521.0,532.0,519.0,34012,stock
2024-05-12,ICFC,522.5,521.0,526.0,517.5,26915,stock
2024-05-13,ICFC,523.9,517.0,527.8,517.0,24096,stock
2024-05-14,ICFC,517.0,518.0,523.0,516.0,18918,stock
2024-05-15,ICFC,518.0,513.2,524.5,513.2,27404,stock
2024-05-16,ICFC,515.9,511.0,519.0,507.0,21974,stock
2024-05-19,ICFC,521.2,514.0,521.2,507.1,35803,stock
2024-05-20,ICFC,519.0,510.0,519.9,509.0,32450,stock
2024-05-21,ICFC,513.0,524.9,540.0,510.0,43232,stock
2024-05-22,ICFC,525.0,517.8,530.0,517.0,29658,stock
2024-05-26,ICFC,516.0,511.2,523.0,511.1,22990,stock
2024-05-27,ICFC,512.0,515.0,522.0,511.0,24524,stock
2024-05-29,ICFC,525.0,511.0,525.0,506.1,21058,stock
2024-05-30,ICFC,520.0,510.0,520.0,507.5,23514,stock
2024-06-02,ICFC,512.0,519.0,527.0,510.0,39314,stock
2024-06-03,ICFC,525.0,518.9,529.2,515.0,28268,stock
2024-06-04,ICFC,527.4,515.0,527.4,510.0,16496,stock
2024-06-05,ICFC,515.0,512.1,520.0,512.0,22104,stock
2024-06-06,ICFC,515.0,510.0,517.5,508.0,30986,stock
2024-06-09,ICFC,510.0,511.8,517.0,504.1,28465,stock
2024-06-10,ICFC,515.0,512.0,516.9,509.2,24004,stock
2024-06-11,ICFC,511.0,517.9,520.0,511.0,32735,stock
2024-06-12,ICFC,520.0,523.9,526.0,515.2,45892,stock
2024-06-13,ICFC,523.9,534.0,565.0,523.9,131365,stock
2024-06-16,ICFC,537.0,525.4,545.0,525.4,45884,stock
2024-06-18,ICFC,525.3,519.0,527.7,516.0,36956,stock
2024-06-19,ICFC,519.0,527.0,530.4,513.1,37439,stock
2024-06-20,ICFC,527.0,530.0,545.0,527.0,66423,stock
2024-06-23,ICFC,539.0,558.2,565.0,532.0,124491,stock
2024-06-24,ICFC,569.3,555.0,575.0,548.0,122421,stock
2024-06-25,ICFC,554.0,547.9,571.0,540.1,68990,stock
2024-06-26,ICFC,549.0,546.3,555.0,540.0,72661,stock
2024-06-27,ICFC,544.0,542.2,554.8,542.1,36957,stock
2024-06-30,ICFC,542.2,559.0,571.0,540.0,119612,stock
2024-07-01,ICFC,569.9,554.0,569.9,553.0,53135,stock
2024-07-02,ICFC,565.0,566.0,587.5,560.0,45100,stock
2024-07-03,ICFC,577.3,622.6,622.6,561.1,288240,stock
2024-07-04,ICFC,635.0,643.0,673.0,612.0,193415,stock
2024-07-07,ICFC,631.0,616.1,649.2,612.5,107555,stock
2024-07-08,ICFC,620.0,621.9,639.4,618.1,104986,stock
2024-07-09,ICFC,630.0,617.2,630.0,615.0,62313,stock
2024-07-10,ICFC,627.0,623.9,634.0,619.0,53787,stock
2024-07-11,ICFC,630.0,620.0,637.0,620.0,73077,stock
2024-07-14,ICFC,632.4,623.0,650.0,623.0,53314,stock
2024-07-15,ICFC,635.4,619.0,635.4,615.0,81071,stock
2024-07-16,ICFC,617.0,630.0,636.4,612.0,60256,stock
2024-07-17,ICFC,642.0,681.0,689.9,630.0,135044,stock
2024-07-18,ICFC,682.0,668.0,700.0,667.0,150815,stock
2024-07-21,ICFC,681.3,674.0,699.9,657.0,138523,stock
2024-07-22,ICFC,686.9,683.5,695.0,665.0,94528,stock
2024-07-23,ICFC,697.1,700.0,706.0,685.1,93314,stock
2024-07-24,ICFC,713.9,702.9,725.0,690.9,154596,stock
2024-07-25,ICFC,706.0,707.1,728.0,705.0,108258,stock
2024-07-28,ICFC,721.2,703.0,721.2,690.0,91311,stock
2024-07-29,ICFC,717.0,700.0,717.0,689.1,145638,stock
2024-07-30,ICFC,714.0,743.0,755.0,700.0,182228,stock
2024-07-31,ICFC,757.8,777.1,798.0,744.0,160147,stock
2024-08-01,ICFC,777.1,767.0,798.0,758.6,171819,stock
2024-08-05,ICFC,767.0,742.0,775.0,731.0,139363,stock
2024-08-06,ICFC,727.2,679.0,734.9,677.0,221383,stock
2024-08-07,ICFC,676.0,723.0,739.9,656.0,119754,stock
2024-08-08,ICFC,736.9,710.0,751.0,703.0,87699,stock
2024-08-11,ICFC,724.2,725.0,738.0,711.0,108187,stock
2024-08-12,ICFC,725.0,756.0,790.0,725.0,177910,stock
2024-08-13,ICFC,769.0,781.0,800.0,758.0,181708,stock
2024-08-14,ICFC,796.0,838.0,850.0,781.0,202548,stock
2024-08-15,ICFC,854.7,821.0,890.0,794.0,180405,stock
2024-08-18,ICFC,804.6,814.1,870.0,775.0,251906,stock
2024-08-21,ICFC,825.0,833.0,856.0,820.3,163185,stock
2024-08-22,ICFC,835.0,880.0,910.0,835.0,280949,stock
2024-08-25,ICFC,897.0,833.0,897.0,830.0,175465,stock
2024-08-27,ICFC,830.0,804.0,859.0,795.2,145502,stock
2024-08-28,ICFC,804.0,792.0,835.0,788.1,129664,stock
2024-08-29,ICFC,792.0,776.2,802.0,776.2,86933,stock
2024-09-01,ICFC,778.1,757.0,789.5,756.0,68245,stock
2024-09-02,ICFC,771.0,817.0,824.9,747.1,115818,stock
2024-09-03,ICFC,833.3,805.0,844.7,795.0,99325,stock
2024-09-04,ICFC,811.0,769.0,818.0,757.1,81527,stock
2024-09-05,ICFC,760.0,761.0,780.3,747.1,64676,stock
2024-09-08,ICFC,771.0,753.5,783.0,750.0,43617,stock
2024-09-09,ICFC,753.5,727.0,760.0,726.2,73622,stock
2024-09-10,ICFC,740.0,723.0,749.0,716.5,66897,stock
2024-09-11,ICFC,736.0,732.9,744.9,721.5,61063,stock
2024-09-12,ICFC,739.0,760.2,770.0,737.0,60602,stock
2024-09-15,ICFC,774.0,739.9,784.9,739.9,80241,stock
2024-09-16,ICFC,730.0,708.0,743.9,700.7,65921,stock
2024-09-18,ICFC,721.0,692.0,722.1,685.0,51569,stock
2024-09-22,ICFC,705.8,690.0,724.0,682.0,32395,stock
2024-09-23,ICFC,700.1,654.0,700.1,639.1,55540,stock
2024-09-24,ICFC,667.0,636.9,670.0,626.0,52099,stock
2024-09-25,ICFC,640.0,675.0,677.0,625.0,51062,stock
2024-09-26,ICFC,675.0,648.0,684.9,637.0,34570,stock
2024-09-29,ICFC,640.0,640.0,659.0,635.0,15801,stock
2024-09-30,ICFC,652.0,664.0,672.9,645.0,21283,stock
2024-10-01,ICFC,677.0,730.4,730.4,673.2,79659,stock
2024-10-02,ICFC,745.0,730.0,758.8,716.0,70104,stock
2024-10-06,ICFC,730.0,758.0,763.0,726.0,48195,stock
2024-10-07,ICFC,769.0,750.0,782.0,743.1,52061,stock
2024-10-08,ICFC,763.9,728.0,763.9,726.0,33701,stock
2024-10-09,ICFC,725.0,728.7,738.9,722.0,26422,stock
2024-10-15,ICFC,725.0,772.0,800.0,725.0,39580,stock
2024-10-16,ICFC,787.0,788.0,789.0,775.0,39454,stock
2024-10-17,ICFC,795.0,784.0,799.0,766.0,52794,stock
2024-10-20,ICFC,771.0,753.0,780.0,750.0,83146,stock
2024-10-21,ICFC,753.0,731.0,754.8,730.0,51414,stock
2024-10-22,ICFC,737.0,749.0,755.0,737.0,33513,stock
2024-10-23,ICFC,763.9,823.9,823.9,750.0,534448,stock
2024-10-24,ICFC,840.3,833.0,872.0,831.0,294357,stock
2024-10-27,ICFC,816.4,801.1,830.0,784.1,404892,stock
2024-10-28,ICFC,801.0,827.0,828.0,801.0,141357,stock
2024-10-29,ICFC,839.0,818.1,851.0,815.0,121743,stock
2024-10-30,ICFC,818.1,794.5,825.0,780.0,173378,stock
2024-11-05,ICFC,810.3,785.0,810.3,784.0,45101,stock
2024-11-06,ICFC,800.7,793.0,804.4,780.0,80631,stock
2024-11-10,ICFC,795.0,805.0,810.5,795.0,83059,stock
2024-11-11,ICFC,821.1,804.7,821.1,793.6,93820,stock
2024-11-12,ICFC,820.7,798.0,820.7,791.0,61849,stock
2024-11-13,ICFC,798.1,806.3,814.0,788.0,117191,stock
2024-11-14,ICFC,814.0,800.0,818.0,798.0,92291,stock
2024-11-17,ICFC,810.0,791.0,812.0,791.0,91830,stock
2024-11-19,ICFC,792.0,766.0,800.0,765.0,117948,stock
2024-11-20,ICFC,773.0,767.0,779.9,758.4,77100,stock
2024-11-21,ICFC,779.0,752.0,779.0,750.0,62613,stock
2024-11-24,ICFC,754.0,750.0,765.0,750.0,56287,stock
2024-11-25,ICFC,755.2,769.0,778.1,755.1,36978,stock
2024-11-26,ICFC,774.0,777.0,783.8,773.0,37066,stock
2024-11-27,ICFC,780.1,775.0,784.9,773.0,45516,stock
2024-11-28,ICFC,780.0,761.0,780.0,757.0,71364,stock
2024-12-01,ICFC,764.0,752.1,764.0,748.0,47763,stock
2024-12-02,ICFC,757.9,745.0,760.3,740.0,56999,stock
2024-12-03,ICFC,750.0,760.5,779.0,747.2,44762,stock
2024-12-04,ICFC,764.0,753.0,769.9,752.0,30452,stock
2024-12-05,ICFC,753.0,738.0,760.0,734.0,56214,stock
2024-12-08,ICFC,730.6,723.1,735.0,722.0,39686,stock
2024-12-09,ICFC,723.2,715.0,735.9,705.0,38740,stock
2024-12-10,ICFC,715.0,703.0,720.0,700.0,28402,stock
2024-12-11,ICFC,703.0,720.0,726.0,702.0,31062,stock
2024-12-12,ICFC,720.0,717.9,734.4,708.0,24891,stock
2024-12-16,ICFC,704.0,691.9,708.9,686.0,36234,stock
2024-12-17,ICFC,686.1,696.0,705.0,683.0,20919,stock
2024-12-18,ICFC,708.0,697.0,708.0,695.0,16235,stock
2024-12-19,ICFC,692.0,678.0,697.0,678.0,29981,stock
2024-12-22,ICFC,675.1,671.0,680.0,663.0,37960,stock
2024-12-23,ICFC,684.4,671.1,684.4,656.6,24607,stock
2024-12-24,ICFC,680.0,682.0,688.1,663.5,24058,stock
2024-12-26,ICFC,682.0,665.0,685.0,665.0,13666,stock
2024-12-29,ICFC,651.7,652.1,670.9,651.7,27551,stock
2024-12-31,ICFC,653.0,640.0,653.0,617.5,53837,stock
2025-01-01,ICFC,645.1,648.0,656.7,633.0,25608,stock
2025-01-02,ICFC,650.0,656.0,660.0,641.0,22615,stock
2025-01-05,ICFC,656.0,655.0,669.0,650.0,27737,stock
2025-01-06,ICFC,660.0,666.0,666.0,655.2,22427,stock
2025-01-07,ICFC,675.0,676.0,683.0,667.0,21623,stock
2025-01-08,ICFC,662.5,708.0,726.2,662.5,51199,stock
2025-01-09,ICFC,700.2,685.0,711.0,685.0,30849,stock
2025-01-12,ICFC,695.0,660.0,697.8,660.0,18683,stock
2025-01-13,ICFC,650.0,655.0,672.0,650.0,30625,stock
2025-01-15,ICFC,655.0,642.0,656.0,641.9,30959,stock
2025-01-16,ICFC,645.0,622.0,649.0,620.0,44191,stock
2025-01-19,ICFC,622.0,638.0,647.0,622.0,21222,stock
2025-01-20,ICFC,645.0,624.3,645.0,624.3,42201,stock
2025-01-21,ICFC,636.0,626.9,636.0,620.0,14249,stock
2025-01-22,ICFC,630.0,640.0,645.0,630.0,25440,stock
2025-01-23,ICFC,642.0,634.5,654.5,630.0,31946,stock
2025-01-26,ICFC,627.0,617.0,632.0,609.0,56328,stock
2025-01-27,ICFC,608.0,629.0,641.0,608.0,26924,stock
2025-01-28,ICFC,640.0,631.0,640.0,618.5,32780,stock
2025-02-02,ICFC,632.0,653.0,655.0,632.0,62513,stock
2025-02-03,ICFC,660.0,650.0,670.0,650.0,55060,stock
2025-02-04,ICFC,663.0,650.0,663.0,640.0,25789,stock
2025-02-05,ICFC,650.0,671.0,675.0,642.0,53581,stock
2025-02-06,ICFC,672.0,672.0,689.0,665.4,58490,stock
2025-02-09,ICFC,670.0,665.0,678.3,650.0,29731,stock
2025-02-10,ICFC,673.0,658.0,676.0,655.7,24196,stock
2025-02-11,ICFC,650.0,652.0,671.0,647.1,14376,stock
2025-02-12,ICFC,653.1,654.0,660.0,647.3,17450,stock
2025-02-13,ICFC,660.0,656.0,669.0,652.0,26594,stock
2025-02-16,ICFC,667.0,685.5,690.0,661.3,73480,stock
2025-02-17,ICFC,698.0,676.0,700.0,674.6,41057,stock
2025-02-18,ICFC,689.5,670.0,689.5,669.0,18624,stock
2025-02-20,ICFC,660.0,662.0,680.0,660.0,19947,stock
2025-02-23,ICFC,655.0,660.0,665.8,650.1,26006,stock
2025-02-24,ICFC,670.0,653.5,670.0,653.2,19370,stock
2025-02-25,ICFC,663.0,651.0,663.0,650.0,16797,stock
2025-02-27,ICFC,664.0,655.0,677.0,651.0,17721,stock
2025-03-02,ICFC,660.0,675.8,677.0,660.0,29568,stock
2025-03-03,ICFC,689.0,678.0,699.0,676.0,43171,stock
2025-03-04,ICFC,676.0,663.0,683.0,661.5,17911,stock
2025-03-05,ICFC,674.8,654.0,674.8,650.1,20991,stock
2025-03-06,ICFC,666.5,651.0,667.0,650.1,17944,stock
2025-03-09,ICFC,649.0,644.0,655.0,640.0,38999,stock
2025-03-10,ICFC,650.0,640.0,650.0,638.0,18416,stock
2025-03-11,ICFC,652.5,639.1,652.5,638.0,14759,stock
2025-03-12,ICFC,644.9,638.9,644.9,633.0,23165,stock
2025-03-16,ICFC,633.0,632.0,639.9,626.0,21673,stock
2025-03-17,ICFC,641.0,629.0,641.0,628.0,11042,stock
2025-03-18,ICFC,639.0,630.0,639.0,626.3,10669,stock
2025-03-19,ICFC,639.9,627.0,639.9,625.1,9652,stock
2025-03-20,ICFC,627.0,619.77,628.0,618.0,25026,stock
2025-03-23,ICFC,620.0,607.53,625.0,602.0,22317,stock
2025-03-24,ICFC,607.0,615.5,624.0,601.0,18731,stock
2025-03-25,ICFC,611.0,594.96,614.0,594.0,34968,stock
2025-03-26,ICFC,603.9,598.71,603.9,587.0,16692,stock
2025-03-27,ICFC,600.0,607.41,608.0,595.3,12485,stock
2025-03-30,ICFC,605.0,620.44,625.0,605.0,17145,stock
2025-04-01,ICFC,616.0,608.11,625.0,597.0,15632,stock
2025-04-02,ICFC,609.0,617.01,624.9,605.1,22712,stock
2025-04-03,ICFC,625.0,609.8,625.8,605.3,13323,stock
2025-04-07,ICFC,620.0,599.45,620.0,596.5,19416,stock
2025-04-08,ICFC,600.1,600.03,601.0,589.2,17999,stock
2025-04-09,ICFC,601.0,601.88,608.0,598.0,7519,stock
2025-04-10,ICFC,603.0,595.72,608.0,595.0,16428,stock
2025-04-13,ICFC,596.5,594.34,600.0,590.3,8483,stock
2025-04-15,ICFC,605.0,600.64,606.0,594.0,12031,stock
2025-04-16,ICFC,611.9,599.71,611.9,598.0,7002,stock
2025-04-17,ICFC,597.2,603.74,606.9,597.2,19854,stock
2025-04-20,ICFC,606.2,598.33,606.2,598.1,11819,stock
2025-04-21,ICFC,599.1,595.97,604.0,593.2,28870,stock
2025-04-22,ICFC,607.0,600.0,607.0,599.0,17648,stock
2025-04-23,ICFC,608.0,597.14,608.0,591.1,14479,stock
2025-04-24,ICFC,598.0,590.99,598.0,587.5,14317,stock
2025-04-27,ICFC,595.0,589.09,602.8,585.0,23406,stock
2025-04-28,ICFC,580.1,593.75,608.9,580.1,26992,stock
2025-04-29,ICFC,605.0,585.55,605.0,585.0,13729,stock
2025-04-30,ICFC,597.0,581.63,597.0,580.0,12093,stock
2025-05-04,ICFC,592.0,576.22,592.0,575.2,12567,stock
2025-05-05,ICFC,587.0,568.72,587.0,566.0,17946,stock
2025-05-06,ICFC,580.0,565.16,591.6,563.0,15162,stock
2025-05-07,ICFC,576.4,595.11,596.0,555.0,28459,stock
2025-05-08,ICFC,596.0,653.1,654.6,585.0,116283,stock
2025-05-11,ICFC,660.0,626.82,660.0,625.4,45028,stock
2025-05-13,ICFC,622.0,610.27,623.6,606.0,31103,stock
2025-05-14,ICFC,604.0,611.83,635.0,604.0,29112,stock
2025-05-15,ICFC,600.1,611.23,622.3,600.0,21692,stock
2025-05-18,ICFC,612.0,607.39,619.0,607.0,12366,stock
2025-05-19,ICFC,619.0,607.2,619.0,603.0,13373,stock
2025-05-20,ICFC,614.5,628.21,632.9,603.0,23990,stock
2025-05-21,ICFC,640.7,622.48,673.0,618.0,46453,stock
2025-05-22,ICFC,612.1,617.7,630.0,610.0,27044,stock
2025-05-25,ICFC,625.0,614.51,625.0,611.6,10132,stock
2025-05-26,ICFC,626.0,611.43,635.0,610.0,20966,stock
2025-05-27,ICFC,623.6,613.91,623.6,606.2,14064,stock
2025-05-28,ICFC,626.1,610.53,626.1,603.5,11661,stock
2025-06-02,ICFC,622.7,612.16,624.9,610.4,17038,stock
2025-06-03,ICFC,624.4,608.4,624.4,606.6,6218,stock
2025-06-04,ICFC,610.0,600.77,612.0,600.0,16645,stock
2025-06-05,ICFC,605.0,602.2,608.0,594.0,20616,stock
2025-06-08,ICFC,603.0,600.2,607.9,596.2,17995,stock
2025-06-09,ICFC,602.0,601.76,609.0,599.0,16566,stock
2025-06-10,ICFC,605.0,622.57,625.0,601.6,34279,stock
2025-06-11,ICFC,625.0,614.09,630.0,613.0,15870,stock
2025-06-12,ICFC,613.0,617.2,632.0,610.0,26235,stock
2025-06-15,ICFC,620.2,623.82,641.4,620.0,35779,stock
2025-06-16,ICFC,636.0,614.99,636.0,613.7,23218,stock
2025-06-17,ICFC,624.0,619.74,624.0,613.0,17955,stock
2025-06-18,ICFC,626.9,613.62,626.9,610.0,9622,stock
2025-06-19,ICFC,613.6,608.43,615.0,607.4,16297,stock
2025-06-22,ICFC,600.1,598.7,609.0,588.0,25023,stock
2025-06-23,ICFC,590.0,606.16,616.0,590.0,18632,stock
2025-06-24,ICFC,600.1,599.68,612.0,598.0,15160,stock
2025-06-25,ICFC,610.0,598.62,610.0,595.0,10562,stock
2025-06-26,ICFC,600.0,594.52,601.8,590.2,10950,stock
2025-06-29,ICFC,591.0,599.68,603.0,591.0,12106,stock
2025-06-30,ICFC,611.5,602.2,611.6,602.0,10334,stock
2025-07-01,ICFC,613.9,606.53,613.9,605.2,6957,stock
2025-07-02,ICFC,616.9,614.96,616.9,607.0,21460,stock
2025-07-03,ICFC,617.0,627.98,640.0,615.9,49472,stock
2025-07-06,ICFC,627.0,634.3,650.0,627.0,60032,stock
2025-07-07,ICFC,643.8,617.25,643.8,616.0,23549,stock
2025-07-08,ICFC,620.0,623.21,626.0,614.0,13828,stock
2025-07-09,ICFC,628.0,622.03,628.0,618.6,10060,stock
2025-07-10,ICFC,627.5,623.81,634.0,623.0,16690,stock
2025-07-13,ICFC,636.2,635.37,655.0,632.2,27450,stock
2025-07-14,ICFC,630.0,625.16,638.5,624.0,25869,stock
2025-07-15,ICFC,637.0,630.8,637.0,626.5,13546,stock
2025-07-16,ICFC,640.0,640.57,645.0,638.1,22406,stock
2025-07-17,ICFC,653.0,661.93,676.0,648.0,66814,stock
2025-07-20,ICFC,663.0,656.8,683.0,651.0,84507,stock
2025-07-21,ICFC,669.1,668.49,670.1,643.2,70987,stock
2025-07-22,ICFC,681.0,681.0,687.0,670.0,65748,stock
2025-07-23,ICFC,690.0,701.99,706.0,681.0,112488,stock
2025-07-24,ICFC,705.0,701.13,719.0,697.0,78983,stock
2025-07-27,ICFC,712.8,691.6,720.0,686.2,88074,stock
2025-07-28,ICFC,687.0,712.62,717.5,676.0,109711,stock
2025-07-29,ICFC,726.0,715.56,730.9,707.0,71475,stock
2025-07-30,ICFC,725.0,690.76,725.0,688.4,59168,stock
2025-07-31,ICFC,690.0,694.65,710.5,680.1,94215,stock
2025-08-03,ICFC,691.0,672.82,701.0,671.5,43044,stock
2025-08-04,ICFC,679.0,667.11,683.0,665.0,49962,stock
2025-08-05,ICFC,680.0,660.55,680.4,660.0,27905,stock
2025-08-06,ICFC,669.0,662.87,669.0,654.0,20194,stock
2025-08-07,ICFC,664.0,692.22,701.0,660.1,72045,stock
2025-08-11,ICFC,704.0,685.84,705.9,683.1,48861,stock
2025-08-12,ICFC,699.0,669.1,699.0,665.0,25450,stock
2025-08-13,ICFC,670.0,665.02,681.4,663.0,26214,stock
2025-08-14,ICFC,678.3,672.75,684.5,672.0,35879,stock
2025-08-17,ICFC,680.0,666.77,691.0,663.0,38123,stock
2025-08-18,ICFC,680.0,668.02,680.0,661.5,10854,stock
2025-08-19,ICFC,680.0,668.72,680.0,667.0,11114,stock
2025-08-20,ICFC,674.0,663.63,674.7,662.4,20808,stock
2025-08-21,ICFC,668.0,662.12,672.8,660.0,11579,stock
2025-08-24,ICFC,669.0,664.93,675.0,663.7,15378,stock
2025-08-25,ICFC,664.93,669.97,674.0,664.5,14672,stock
2025-08-26,ICFC,670.0,676.65,678.0,668.1,18610,stock
2025-08-27,ICFC,676.6,686.42,689.8,675.0,32411,stock
2025-08-28,ICFC,690.0,670.46,690.1,669.7,28273,stock
2025-08-31,ICFC,670.0,662.38,680.0,662.0,18194,stock
2025-09-01,ICFC,672.0,666.05,672.0,657.0,9817,stock
2025-09-02,ICFC,675.0,661.11,675.0,660.2,10611,stock
2025-09-03,ICFC,670.0,657.04,670.0,657.0,13233,stock
2025-09-04,ICFC,660.0,661.66,667.0,653.3,11353,stock
2025-09-07,ICFC,670.0,659.57,670.0,657.0,7287,stock
2025-09-08,ICFC,656.0,647.52,664.0,643.0,20383,stock
2025-09-18,ICFC,634.6,633.0,634.6,633.0,225,stock
2025-09-21,ICFC,620.4,661.6,665.0,619.0,24503,stock
2025-09-23,ICFC,667.0,675.0,675.0,660.0,14613,stock
2025-09-24,ICFC,665.0,658.5,670.0,658.0,7176,stock
2025-09-25,ICFC,663.0,661.0,668.0,647.0,5859,stock
2025-09-28,ICFC,651.0,661.0,670.0,650.2,6377,stock
2025-10-07,ICFC,662.0,650.0,662.0,642.0,11943,stock
2025-10-08,ICFC,645.0,632.5,649.0,630.1,11220,stock
2025-10-09,ICFC,645.1,637.0,684.0,637.0,8545,stock
2025-10-12,ICFC,637.0,614.0,639.9,614.0,32237,stock
2025-10-13,ICFC,606.1,625.0,626.0,605.0,6822,stock
2025-10-14,ICFC,622.0,621.0,624.7,612.6,7574,stock
2025-10-15,ICFC,615.0,615.0,621.0,609.0,8132,stock
2025-10-16,ICFC,615.0,606.0,615.0,605.0,9717,stock
2025-10-19,ICFC,595.0,610.0,615.0,595.0,9138,stock
2025-10-26,ICFC,602.0,606.0,606.0,595.4,3747,stock
2025-10-28,ICFC,618.1,620.4,628.0,605.8,6011,stock
2025-10-29,ICFC,625.0,615.0,640.0,615.0,7698,stock
2025-10-30,ICFC,627.0,630.0,638.0,610.0,13382,stock
2025-11-02,ICFC,640.0,656.0,660.0,635.0,29119,stock
2025-11-03,ICFC,660.0,660.0,665.0,648.2,16333,stock
2025-11-04,ICFC,667.9,645.0,667.9,645.0,11558,stock
2025-11-05,ICFC,638.1,668.0,668.0,635.0,28316,stock
2025-11-06,ICFC,675.0,652.0,675.0,651.8,8398,stock
2025-11-09,ICFC,655.0,632.0,660.0,632.0,21599,stock
2025-11-10,ICFC,635.0,627.9,644.0,620.1,9232,stock
2025-11-11,ICFC,640.0,622.5,640.0,620.0,9335,stock
2025-11-12,ICFC,620.0,610.3,630.0,610.3,7287,stock
2025-11-13,ICFC,622.5,615.0,622.5,611.0,7338,stock
2025-11-16,ICFC,615.1,612.0,621.0,611.0,4203,stock
2025-11-17,ICFC,613.0,617.0,620.0,612.4,3504,stock
2025-11-18,ICFC,624.0,630.0,634.0,620.0,6682,stock
2025-11-19,ICFC,640.0,621.0,640.0,620.2,2475,stock
2025-11-20,ICFC,618.0,624.0,627.4,618.0,3737,stock
2025-11-23,ICFC,634.0,633.9,634.9,627.0,4194,stock
2025-11-24,ICFC,635.1,643.0,644.9,635.0,14217,stock
2025-11-25,ICFC,647.0,645.0,650.5,640.0,9045,stock
2025-11-26,ICFC,640.5,645.0,649.8,631.0,11571,stock
2025-11-27,ICFC,641.0,643.0,644.0,640.0,5242,stock
2025-11-30,ICFC,652.9,639.0,654.0,635.0,22531,stock
2025-12-01,ICFC,638.0,644.9,645.0,636.0,8942,stock
2025-12-02,ICFC,638.0,646.8,649.9,638.0,4898,stock
2025-12-03,ICFC,654.0,653.7,665.0,642.0,126954,stock
2025-12-07,ICFC,640.7,630.0,640.8,626.3,25688,stock
2025-12-08,ICFC,630.0,630.0,633.0,620.0,14428,stock
2025-12-09,ICFC,635.0,627.0,635.0,618.0,4844,stock
2025-12-10,ICFC,639.0,625.0,639.0,614.5,5871,stock
2025-12-11,ICFC,630.0,617.0,630.0,612.0,9058,stock
2025-12-14,ICFC,610.0,620.0,624.9,610.0,9140,stock
2025-12-15,ICFC,620.0,620.0,623.9,616.0,6091,stock
2025-12-16,ICFC,630.0,619.7,630.0,615.0,20058,stock
2025-12-17,ICFC,619.0,633.0,635.0,618.0,21119,stock
2025-12-18,ICFC,629.1,624.0,640.0,622.1,23554,stock
2025-12-21,ICFC,617.0,624.0,624.0,616.1,20301,stock
2025-12-22,ICFC,629.9,620.0,636.0,617.6,12930,stock
2025-12-23,ICFC,628.9,621.0,628.9,611.0,19627,stock
2025-12-24,ICFC,629.0,620.0,629.0,618.1,14173,stock
2025-12-28,ICFC,620.0,640.0,640.0,620.0,29989,stock
2025-12-29,ICFC,641.0,636.5,650.0,636.0,28969,stock
2025-12-31,ICFC,640.0,635.0,646.9,630.0,27004,stock
2026-01-01,ICFC,633.0,627.0,635.0,625.0,50782,stock
2026-01-04,ICFC,634.9,630.0,635.0,627.0,10986,stock
2026-01-05,ICFC,639.0,629.2,640.0,628.2,23087,stock
2026-01-06,ICFC,629.2,651.0,652.0,629.2,78242,stock
2026-01-07,ICFC,658.9,651.9,665.0,645.0,71798,stock
2026-01-08,ICFC,648.1,649.0,652.8,648.0,17446,stock
2026-01-12,ICFC,656.0,644.0,656.0,641.9,26321,stock
2026-01-13,ICFC,651.0,642.8,651.0,642.6,21173,stock
2026-01-14,ICFC,642.2,660.0,667.0,640.1,82524,stock
2026-01-18,ICFC,671.9,696.0,700.1,661.1,141531,stock
2026-01-20,ICFC,709.8,698.4,715.0,695.0,147123,stock
2026-01-21,ICFC,699.0,691.0,700.0,680.0,52858,stock
2026-01-22,ICFC,690.0,695.0,703.0,680.2,103245,stock
2026-01-25,ICFC,705.0,702.9,714.0,697.0,126730,stock
2026-01-26,ICFC,700.1,700.0,707.0,685.0,74157,stock
2026-01-27,ICFC,695.0,684.1,700.0,684.0,56524,stock
2026-01-28,ICFC,684.1,685.6,693.8,670.0,47133,stock
2026-01-29,ICFC,680.0,672.0,688.9,670.0,36291,stock
2026-02-01,ICFC,679.0,670.0,683.0,665.0,45603,stock
2026-02-02,ICFC,671.1,660.0,674.0,660.0,20854,stock
2026-02-03,ICFC,671.0,655.0,672.0,653.0,16290,stock
2026-02-04,ICFC,651.2,658.1,668.0,651.2,21428,stock
2026-02-05,ICFC,658.0,661.0,667.0,657.0,24109,stock
2026-02-08,ICFC,665.0,664.9,676.0,660.2,26210,stock
2026-02-09,ICFC,675.0,654.5,675.0,653.0,20240,stock
2026-02-10,ICFC,655.0,645.3,664.7,645.0,15514,stock
2026-02-11,ICFC,658.2,649.0,658.2,647.0,13256,stock
2026-02-12,ICFC,650.0,651.2,658.9,645.0,13587,stock
2026-02-16,ICFC,646.5,654.9,664.2,645.1,14242,stock
2026-02-17,ICFC,655.0,640.2,656.0,640.2,20215,stock
2026-02-22,ICFC,650.0,625.0,650.9,625.0,18672,stock
2026-02-23,ICFC,630.0,630.6,638.0,620.4,10469,stock
2026-02-24,ICFC,635.0,648.0,649.0,631.0,4963,stock
2026-02-25,ICFC,644.0,645.0,652.0,640.0,5923,stock
2026-02-26,ICFC,650.0,650.0,650.0,640.0,6214,stock
2026-03-01,ICFC,638.0,654.1,660.0,633.0,12001,stock
2026-03-03,ICFC,652.0,664.4,666.0,652.0,12682,stock
2026-03-09,ICFC,677.6,691.1,691.1,677.6,40,stock
2026-03-10,ICFC,704.0,679.9,704.0,670.0,51856,stock
2026-03-11,ICFC,680.0,670.0,684.0,670.0,28013,stock
2026-03-12,ICFC,660.1,675.0,680.0,657.0,21870,stock
2026-03-15,ICFC,667.3,672.2,680.0,667.3,14914,stock
2026-03-16,ICFC,663.0,669.9,674.2,661.0,20313,stock
2026-03-17,ICFC,670.0,662.9,670.0,655.0,19197,stock
2026-03-19,ICFC,668.0,675.0,680.0,658.1,34873,stock
2026-03-22,ICFC,687.0,687.0,690.0,676.2,32298,stock
2026-03-23,ICFC,691.0,689.9,695.0,681.1,26720,stock
2026-03-24,ICFC,690.0,690.0,693.0,677.0,25961,stock
2026-03-25,ICFC,690.0,683.0,690.0,676.0,20944,stock
2026-03-26,ICFC,675.0,678.0,684.9,670.0,32176,stock
2026-03-29,ICFC,678.0,657.0,678.0,655.0,19267,stock
2026-03-30,ICFC,655.0,646.9,665.0,644.3,25020,stock
2026-03-31,ICFC,650.0,654.0,655.0,637.0,11045,stock
2026-04-01,ICFC,654.2,642.0,654.6,633.1,22068,stock
2026-04-02,ICFC,631.1,636.0,644.0,622.3,32671,stock
2026-04-05,ICFC,635.0,611.0,635.0,607.0,35709,stock
2026-04-06,ICFC,620.0,627.9,630.0,615.0,18395,stock
2026-04-07,ICFC,635.0,624.0,635.0,619.8,9955,stock
2026-04-08,ICFC,631.0,637.0,643.5,629.0,9414,stock
2026-04-09,ICFC,632.5,651.2,661.0,631.0,24183,stock
2026-04-10,ICFC,659.0,649.9,659.0,644.2,15070,stock
2026-04-13,ICFC,650.0,649.0,654.8,644.5,5015,stock
2026-04-15,ICFC,649.0,649.9,658.0,648.1,19781,stock
2026-04-16,ICFC,640.0,642.0,649.0,635.1,11043,stock
2026-04-17,ICFC,650.0,635.0,654.0,626.3,18836,stock
2026-04-20,ICFC,622.1,625.0,635.0,622.1,11608,stock
2026-04-21,ICFC,639.9,622.0,639.9,622.0,8915,stock
2026-04-22,ICFC,625.1,634.0,638.0,616.2,10832,stock
2026-04-23,ICFC,620.2,629.5,633.0,620.0,4905,stock
2026-04-24,ICFC,629.5,622.0,626.5,621.2,8339,stock
2026-04-27,ICFC,622.0,625.8,630.0,622.0,3170,stock
2026-04-28,ICFC,625.8,625.0,630.0,625.0,6653,stock
2026-04-29,ICFC,642.0,623.5,642.0,620.1,5578,stock
2026-04-30,ICFC,618.0,622.1,628.5,615.0,5496,stock
2026-05-04,ICFC,610.1,619.5,620.0,610.1,3269,stock
2026-05-05,ICFC,619.5,618.0,620.0,610.0,8204,stock
2026-05-06,ICFC,618.0,623.0,628.9,618.0,5651,stock
2026-05-07,ICFC,620.0,624.0,627.7,620.0,3591,stock
2026-05-08,ICFC,623.0,635.0,635.0,622.0,8380,stock
2026-05-11,ICFC,640.0,635.1,643.0,632.2,3033,stock
2026-05-12,ICFC,636.1,620.4,636.1,620.4,12376,stock
2026-05-13,ICFC,625.0,620.2,625.0,620.0,8107,stock
2026-05-14,ICFC,625.0,621.9,625.0,620.0,4302,stock
2026-05-15,ICFC,620.0,620.0,628.0,615.0,5794,stock
2026-05-18,ICFC,620.0,624.0,629.0,614.3,24412,stock
2026-05-19,ICFC,624.0,620.0,626.9,620.0,3051,stock
2026-05-20,ICFC,636.0,627.8,636.0,615.0,10660,stock
2026-05-21,ICFC,635.0,631.4,635.0,624.5,6384,stock
2026-05-22,ICFC,637.9,631.0,637.9,622.0,3634,stock
2026-05-25,ICFC,631.0,635.0,639.5,629.0,7574,stock
2026-05-26,ICFC,640.0,632.0,640.0,621.0,10589,stock
2026-05-27,ICFC,623.0,629.7,632.0,620.4,8482,stock
2026-06-01,ICFC,631.0,622.0,631.0,619.0,8303,stock
2026-06-02,ICFC,630.9,645.0,650.0,628.0,45620,stock
2026-06-03,ICFC,645.1,643.0,647.9,637.0,13324,stock
2026-06-04,ICFC,643.0,640.0,650.0,635.0,7878,stock
2026-06-05,ICFC,642.9,649.0,657.7,642.9,45301,stock
2026-06-08,ICFC,658.8,643.5,658.8,640.2,9048,stock
2026-06-09,ICFC,643.0,637.0,643.0,625.0,18814,stock
2026-06-10,ICFC,645.0,636.0,645.0,632.6,5607,stock
2026-06-11,ICFC,638.0,628.0,638.0,628.0,5068,stock
2026-06-12,ICFC,596.6,626.6,634.8,596.6,5961,stock
2026-06-15,ICFC,630.0,621.1,630.0,621.1,6650,stock
2026-06-16,ICFC,622.0,625.0,631.0,620.2,7727,stock
2026-06-17,ICFC,629.9,628.0,629.9,625.0,1067,stock
2026-06-18,ICFC,629.9,626.9,630.0,622.0,3104,stock
2026-06-19,ICFC,627.0,623.0,627.0,621.2,3285,stock
2026-06-22,ICFC,622.1,621.5,628.0,620.0,9895,stock
2026-06-23,ICFC,617.0,622.0,622.0,617.0,11468,stock
2026-06-24,ICFC,621.0,619.0,623.9,613.1,20016,stock
2026-06-25,ICFC,606.2,620.9,624.0,606.2,4063,stock
2026-06-26,ICFC,617.0,625.0,625.0,615.0,2028,stock
2026-06-29,ICFC,623.0,615.0,623.0,607.0,7224,stock
2026-06-30,ICFC,609.0,605.0,612.0,601.2,11261,stock
2026-07-01,ICFC,612.0,613.2,621.9,612.0,5327,stock
2026-07-02,ICFC,617.0,615.0,618.0,610.0,2927,stock
2026-07-03,ICFC,629.0,615.0,629.0,615.0,11779,stock
2026-07-06,ICFC,614.0,611.0,626.0,610.3,3761,stock
2026-07-07,ICFC,615.3,616.0,617.0,610.0,1063,stock
2026-07-08,ICFC,605.5,608.0,615.9,605.5,5875,stock
2026-07-09,ICFC,604.2,605.0,608.0,590.0,9895,stock
2026-07-10,ICFC,605.0,598.0,608.0,597.2,8273,stock
2026-07-13,ICFC,592.0,588.0,597.9,588.0,10251,stock
2026-07-14,ICFC,588.0,596.6,597.0,580.0,10105,stock
2026-07-15,ICFC,600.0,600.0,605.0,591.0,5568,stock
2026-07-16,ICFC,592.0,589.0,600.0,585.0,9136,stock
2026-07-17,ICFC,605.0,608.5,609.8,595.1,10767,stock
2026-07-20,ICFC,609.0,619.5,621.0,609.0,4928,stock
2026-07-21,ICFC,619.1,622.0,625.0,614.0,7446,stock
2026-07-22,ICFC,620.0,618.0,622.0,615.0,5520,stock
2026-07-23,ICFC,611.5,620.0,622.0,611.5,5166,stock
2026-07-24,ICFC,611.1,628.0,629.0,611.1,9051,stock
2026-07-27,ICFC,628.0,613.0,628.0,613.0,4344,stock
2026-07-28,ICFC,615.0,613.1,619.9,610.2,3418,stock
2026-07-29,ICFC,619.9,618.0,625.0,610.1,10039,stock
2026-07-30,ICFC,618.0,613.0,618.0,612.7,1785,stock
2026-07-31,ICFC,610.1,613.0,614.1,607.0,3306,stock
2026-08-03,ICFC,612.0,611.0,614.0,610.0,7604,stock
2026-08-04,ICFC,611.0,605.0,611.0,601.2,8100,stock
2026-08-05,ICFC,606.0,609.5,609.5,600.0,5758,stock
2026-08-06,ICFC,606.1,605.0,610.0,602.1,3311,stock
2026-08-07,ICFC,601.1,603.0,605.0,600.0,7627,stock
2026-08-10,ICFC,598.0,599.0,608.0,595.0,2931,stock
2026-08-11,ICFC,614.9,597.0,614.9,597.0,10186,stock
2026-08-12,ICFC,598.0,595.0,613.7,595.0,8451,stock
2026-08-13,ICFC,595.0,603.0,611.0,595.0,4175,stock
2026-08-14,ICFC,604.0,600.0,604.0,595.0,11549,stock
2026-08-17,ICFC,600.0,595.0,600.0,594.0,4909,stock
2026-08-18,ICFC,595.0,593.8,595.0,591.4,4156,stock
2026-08-19,ICFC,591.0,593.0,597.0,590.1,5204,stock
2026-08-20,ICFC,590.3,597.0,597.0,590.0,6162,stock
2026-08-21,ICFC,600.0,596.0,605.0,591.0,6122,stock
2026-08-24,ICFC,592.3,591.0,597.0,590.5,4101,stock
2026-08-25,ICFC,591.0,590.0,599.0,588.0,4378,stock
2026-08-26,ICFC,585.2,585.1,585.2,580.0,8938,stock
2026-08-27,ICFC,577.0,590.0,600.0,567.6,4898,stock
2026-08-31,ICFC,580.5,580.5,589.0,580.5,3428,stock
2026-09-01,ICFC,578.0,586.0,595.1,578.0,8561,stock
2026-09-02,ICFC,587.0,583.6,588.9,582.1,3860,stock
2026-09-03,ICFC,585.5,585.0,586.5,584.0,3923,stock
2026-09-07,ICFC,598.5,582.1,599.0,582.0,3470,stock
2026-09-09,ICFC,585.0,582.8,589.0,577.3,4677,stock
2026-09-10,ICFC,583.0,580.5,588.0,578.0,3709,stock
2026-09-11,ICFC,578.0,586.8,595.0,578.0,1001,stock
2026-09-14,ICFC,590.0,586.6,595.0,586.6,5533,stock
2026-09-15,ICFC,598.0,602.0,616.0,595.0,16644,stock
2026-09-16,ICFC,605.0,602.4,605.0,598.0,6921,stock
2026-09-17,ICFC,610.0,603.0,610.0,600.1,4890,stock
2026-09-18,ICFC,609.0,606.0,618.0,602.0,8460,stock
2026-09-22,ICFC,606.0,599.8,607.9,593.2,5100,stock
2026-09-23,ICFC,595.1,591.9,596.0,590.0,10309,stock
2026-09-24,ICFC,590.0,595.0,597.0,590.0,4084,stock
2026-09-28,ICFC,595.0,593.5,607.0,592.0,9329,stock
2026-09-29,ICFC,620.0,589.9,620.0,587.0,9809,stock
2026-09-30,ICFC,590.1,591.1,594.0,590.1,4727,stock
2026-10-01,ICFC,592.1,593.0,596.0,592.1,4790,stock
2026-10-02,ICFC,622.0,592.0,622.0,585.4,12591,stock
2026-10-05,ICFC,588.5,591.0,592.0,588.0,8297,stock
2026-10-06,ICFC,590.0,590.1,592.0,585.0,9479,stock
2026-10-07,ICFC,590.1,588.5,593.9,587.0,3619,stock
2026-10-08,ICFC,588.5,589.2,595.0,588.5,9605,stock
2026-10-09,ICFC,590.0,592.4,596.0,588.0,7880,stock
