time,symbol,open,close,high,low,volume,category
2017-08-27,MSLB,290.13,290.13,290.13,290.13,10,stock
2017-08-31,MSLB,290.13,295.59,295.59,295.59,100,stock
2017-10-08,MSLB,301.22,306.85,306.85,301.22,110,stock
2017-10-29,MSLB,312.65,312.65,312.65,312.65,10,stock
2017-11-05,MSLB,318.62,324.59,324.59,318.62,30,stock
2017-11-06,MSLB,324.59,350.0,350.0,330.73,40,stock
2017-11-08,MSLB,356.65,363.48,363.48,356.65,20,stock
2017-11-19,MSLB,363.56,370.47,370.47,370.47,10,stock
2017-12-06,MSLB,377.38,384.54,384.54,377.38,20,stock
2017-12-10,MSLB,391.96,399.38,399.38,391.96,20,stock
2017-12-11,MSLB,407.06,414.73,414.73,407.06,20,stock
2017-12-12,MSLB,422.66,430.85,430.85,422.66,20,stock
2017-12-13,MSLB,439.04,455.92,455.92,439.04,30,stock
2017-12-14,MSLB,464.62,464.62,464.62,464.62,10,stock
2017-12-17,MSLB,482.79,501.46,501.46,482.79,30,stock
2017-12-18,MSLB,525.77,525.77,525.77,525.77,10,stock
2017-12-20,MSLB,536.0,546.24,546.24,536.0,120,stock
2017-12-21,MSLB,556.73,578.48,578.48,556.73,35,stock
2017-12-24,MSLB,606.62,630.41,630.41,606.62,30,stock
2017-12-26,MSLB,642.69,692.07,692.07,642.69,60,stock
2017-12-27,MSLB,705.63,759.87,759.87,705.63,170,stock
2017-12-28,MSLB,774.71,834.58,834.58,774.71,880,stock
2017-12-31,MSLB,850.95,818.72,867.58,802.34,5336,stock
2018-01-01,MSLB,806.69,818.72,821.28,806.69,2071,stock
2018-01-02,MSLB,805.93,803.37,807.2,790.57,1540,stock
2018-01-03,MSLB,790.06,785.46,805.41,780.85,955,stock
2018-01-04,MSLB,785.46,775.74,785.46,773.43,520,stock
2018-01-07,MSLB,763.71,776.5,793.13,763.71,360,stock
2018-01-08,MSLB,780.08,781.62,791.6,779.83,591,stock
2018-01-09,MSLB,781.62,777.78,781.36,772.92,250,stock
2018-01-10,MSLB,768.83,767.8,771.39,767.8,270,stock
2018-01-14,MSLB,755.27,759.87,775.22,742.47,500,stock
2018-01-16,MSLB,756.03,780.34,780.34,754.76,370,stock
2018-01-17,MSLB,780.34,765.5,780.34,762.43,243,stock
2018-01-21,MSLB,767.55,756.03,767.55,755.27,260,stock
2018-01-22,MSLB,756.03,752.2,756.03,748.36,130,stock
2018-01-23,MSLB,749.64,742.22,754.5,740.68,320,stock
2018-01-24,MSLB,756.55,738.38,756.55,736.85,270,stock
2018-01-25,MSLB,738.38,749.64,752.2,737.87,190,stock
2018-01-28,MSLB,738.64,740.43,744.52,738.64,220,stock
2018-01-29,MSLB,740.17,741.71,741.96,737.1,120,stock
2018-01-31,MSLB,741.96,747.08,747.08,741.96,100,stock
2018-02-01,MSLB,754.76,741.45,754.76,741.45,50,stock
2018-02-04,MSLB,755.78,754.76,764.99,745.8,280,stock
2018-02-05,MSLB,741.96,744.52,748.36,741.96,50,stock
2018-02-06,MSLB,740.94,743.5,743.5,740.94,50,stock
2018-02-07,MSLB,743.5,739.4,749.64,736.85,299,stock
2018-02-08,MSLB,736.85,739.66,751.17,731.98,99,stock
2018-02-11,MSLB,729.17,733.78,733.78,729.17,50,stock
2018-02-12,MSLB,734.29,734.54,736.85,734.29,150,stock
2018-02-14,MSLB,739.4,741.96,741.96,726.61,170,stock
2018-02-15,MSLB,753.99,768.57,768.57,733.01,262,stock
2018-02-18,MSLB,768.57,753.48,782.64,752.96,120,stock
2018-02-20,MSLB,768.06,741.2,768.06,741.2,60,stock
2018-02-21,MSLB,736.85,729.17,739.4,729.17,90,stock
2018-02-22,MSLB,725.33,741.96,741.96,724.31,280,stock
2018-02-25,MSLB,731.73,725.59,731.73,725.08,220,stock
2018-02-26,MSLB,713.82,713.05,713.82,711.52,270,stock
2018-02-27,MSLB,711.26,721.49,721.49,711.26,160,stock
2018-02-28,MSLB,707.68,703.59,707.68,699.24,130,stock
2018-03-04,MSLB,691.3,654.97,691.56,652.16,479,stock
2018-03-06,MSLB,614.04,648.58,648.58,614.04,160,stock
2018-03-07,MSLB,636.04,652.42,658.56,636.04,270,stock
2018-03-11,MSLB,652.42,634.76,647.3,634.76,50,stock
2018-03-12,MSLB,634.76,614.55,626.83,614.55,380,stock
2018-03-14,MSLB,626.57,628.88,628.88,616.85,50,stock
2018-03-15,MSLB,626.83,639.37,640.9,626.83,260,stock
2018-03-18,MSLB,637.06,628.11,637.06,627.09,80,stock
2018-03-19,MSLB,619.16,626.83,626.83,619.16,190,stock
2018-03-20,MSLB,615.32,616.85,616.85,615.32,70,stock
2018-03-21,MSLB,607.64,601.25,617.62,593.83,210,stock
2018-03-22,MSLB,613.01,577.96,613.01,577.96,461,stock
2018-03-26,MSLB,566.71,521.68,566.71,521.68,220,stock
2018-03-27,MSLB,521.68,515.54,521.68,492.0,220,stock
2018-03-28,MSLB,525.51,524.49,535.75,519.63,190,stock
2018-03-29,MSLB,534.73,547.77,547.77,526.79,174,stock
2018-04-01,MSLB,558.26,536.52,558.26,536.52,50,stock
2018-04-02,MSLB,526.54,530.89,530.89,526.28,50,stock
2018-04-03,MSLB,530.89,525.77,536.0,525.77,60,stock
2018-04-04,MSLB,525.77,546.24,546.24,525.26,170,stock
2018-04-05,MSLB,546.49,555.19,555.19,546.24,630,stock
2018-04-08,MSLB,556.47,609.43,609.43,556.47,895,stock
2018-04-09,MSLB,620.43,624.02,631.95,614.04,300,stock
2018-04-10,MSLB,611.99,601.25,611.99,598.94,300,stock
2018-04-11,MSLB,613.01,611.48,613.01,611.48,150,stock
2018-04-12,MSLB,601.25,627.09,635.02,601.25,350,stock
2018-04-15,MSLB,627.09,622.99,622.99,615.06,40,stock
2018-04-16,MSLB,631.44,652.42,656.77,631.44,1010,stock
2018-04-17,MSLB,652.42,690.79,690.79,665.21,410,stock
2018-04-18,MSLB,704.35,671.86,704.35,671.86,592,stock
2018-04-19,MSLB,684.91,703.59,703.59,683.12,510,stock
2018-04-22,MSLB,703.59,739.4,739.4,708.7,801,stock
2018-04-23,MSLB,753.73,752.2,753.73,739.15,180,stock
2018-04-24,MSLB,741.96,739.4,741.96,695.4,1016,stock
2018-04-25,MSLB,725.08,703.59,725.08,701.03,626,stock
2018-04-26,MSLB,703.59,680.3,717.4,680.3,780,stock
2018-04-29,MSLB,678.0,699.49,703.59,677.49,495,stock
2018-05-02,MSLB,699.49,712.54,712.54,686.19,480,stock
2018-05-03,MSLB,712.54,715.1,716.12,703.59,315,stock
2018-05-06,MSLB,701.28,741.96,741.96,701.28,220,stock
2018-05-07,MSLB,754.5,719.96,754.5,698.72,2331,stock
2018-05-08,MSLB,718.94,703.59,727.12,693.35,2275,stock
2018-05-09,MSLB,726.61,716.12,734.29,698.72,1115,stock
2018-05-10,MSLB,716.12,711.26,718.94,703.59,1605,stock
2018-05-14,MSLB,706.14,704.86,711.01,698.21,2285,stock
2018-05-15,MSLB,703.59,701.28,703.59,700.52,400,stock
2018-05-16,MSLB,701.03,721.49,721.49,701.03,320,stock
2018-05-17,MSLB,711.26,703.59,711.26,699.75,449,stock
2018-05-20,MSLB,717.4,725.08,729.17,713.56,1270,stock
2018-05-21,MSLB,716.38,733.01,733.01,713.82,893,stock
2018-05-22,MSLB,733.01,754.76,756.55,724.05,1865,stock
2018-05-23,MSLB,745.03,767.55,780.34,740.68,1368,stock
2018-05-24,MSLB,764.99,742.47,779.83,739.4,1565,stock
2018-05-27,MSLB,729.17,719.7,738.13,719.7,550,stock
2018-05-28,MSLB,719.7,744.52,753.73,729.43,2110,stock
2018-05-29,MSLB,755.78,742.73,759.1,739.4,1381,stock
2018-05-30,MSLB,748.36,738.13,767.29,737.61,1010,stock
2018-05-31,MSLB,750.92,741.96,751.94,739.66,1876,stock
2018-06-03,MSLB,727.38,724.05,747.08,717.91,1758,stock
2018-06-04,MSLB,717.66,703.59,729.17,693.35,1110,stock
2018-06-06,MSLB,717.4,718.94,731.73,717.4,420,stock
2018-06-07,MSLB,713.82,704.86,714.08,701.03,640,stock
2018-06-10,MSLB,693.35,684.4,693.61,680.56,540,stock
2018-06-11,MSLB,675.44,693.35,704.86,675.44,830,stock
2018-06-12,MSLB,689.51,702.31,716.38,685.93,475,stock
2018-06-13,MSLB,702.31,712.03,712.03,697.19,615,stock
2018-06-14,MSLB,712.03,711.26,720.73,698.21,540,stock
2018-06-17,MSLB,703.59,708.19,716.38,694.63,320,stock
2018-06-18,MSLB,703.59,706.66,721.49,698.47,1200,stock
2018-06-19,MSLB,718.94,708.7,718.94,703.59,725,stock
2018-06-20,MSLB,706.14,707.42,707.42,698.98,225,stock
2018-06-21,MSLB,709.98,698.72,709.98,698.47,250,stock
2018-06-24,MSLB,690.79,698.47,704.35,690.79,280,stock
2018-06-25,MSLB,698.47,689.51,698.47,684.91,605,stock
2018-06-26,MSLB,689.51,683.12,689.51,663.16,280,stock
2018-06-27,MSLB,678.0,661.11,681.84,672.88,655,stock
2018-06-28,MSLB,678.0,667.77,680.56,668.28,380,stock
2018-07-01,MSLB,665.21,663.93,665.21,663.93,350,stock
2018-07-02,MSLB,651.14,668.02,668.02,639.88,190,stock
2018-07-03,MSLB,662.65,662.91,672.12,662.65,235,stock
2018-07-04,MSLB,662.65,678.0,682.09,658.3,425,stock
2018-07-05,MSLB,671.6,698.47,708.7,671.6,690,stock
2018-07-08,MSLB,711.77,690.79,711.77,690.54,390,stock
2018-07-09,MSLB,678.0,676.72,688.23,675.44,295,stock
2018-07-10,MSLB,685.68,675.44,687.98,674.67,220,stock
2018-07-11,MSLB,688.49,699.75,703.59,688.49,510,stock
2018-07-12,MSLB,717.4,678.0,717.4,678.0,295,stock
2018-07-15,MSLB,678.0,676.72,686.96,670.84,185,stock
2018-07-16,MSLB,676.72,680.56,680.81,676.72,225,stock
2018-07-17,MSLB,667.77,674.16,674.16,659.84,495,stock
2018-07-18,MSLB,667.25,678.0,685.68,665.21,435,stock
2018-07-19,MSLB,670.33,677.74,677.74,670.33,135,stock
2018-07-22,MSLB,670.33,665.46,670.33,665.21,246,stock
2018-07-23,MSLB,656.25,678.0,678.26,656.25,175,stock
2018-07-24,MSLB,680.56,678.0,690.79,678.0,220,stock
2018-07-25,MSLB,670.58,676.72,676.72,670.58,65,stock
2018-07-26,MSLB,668.28,665.98,668.28,665.21,194,stock
2018-07-29,MSLB,665.46,678.0,678.0,665.46,40,stock
2018-07-30,MSLB,672.88,675.44,683.37,670.33,490,stock
2018-07-31,MSLB,675.44,675.44,675.44,672.88,290,stock
2018-08-01,MSLB,675.44,676.72,683.12,675.44,350,stock
2018-08-02,MSLB,678.0,676.72,683.12,675.95,215,stock
2018-08-05,MSLB,678.0,652.16,678.0,646.02,3050,stock
2018-08-06,MSLB,643.46,645.25,648.07,643.46,487,stock
2018-08-07,MSLB,642.18,640.9,646.02,640.13,862,stock
2018-08-08,MSLB,631.95,634.51,635.79,631.95,598,stock
2018-08-09,MSLB,629.13,625.55,631.95,625.55,430,stock
2018-08-12,MSLB,614.04,601.25,614.04,597.66,445,stock
2018-08-13,MSLB,591.27,610.2,610.2,589.73,220,stock
2018-08-14,MSLB,601.5,611.48,617.88,601.25,195,stock
2018-08-15,MSLB,621.71,638.34,638.34,617.88,450,stock
2018-08-16,MSLB,626.06,624.78,639.62,626.06,795,stock
2018-08-19,MSLB,626.83,608.41,626.83,608.41,435,stock
2018-08-20,MSLB,605.08,611.48,623.25,605.08,390,stock
2018-08-21,MSLB,619.16,618.64,626.83,616.6,750,stock
2018-08-22,MSLB,624.27,619.16,626.83,619.16,254,stock
2018-08-23,MSLB,615.32,624.27,626.83,614.04,210,stock
2018-08-26,MSLB,624.27,624.27,624.27,614.55,97,stock
2018-08-28,MSLB,614.04,608.92,614.04,606.62,70,stock
2018-08-29,MSLB,606.87,613.78,614.04,606.62,170,stock
2018-08-30,MSLB,616.6,614.04,616.6,610.2,50,stock
2018-09-02,MSLB,614.04,617.88,617.88,607.9,210,stock
2018-09-03,MSLB,626.83,617.11,629.39,617.11,315,stock
2018-09-05,MSLB,626.83,639.62,649.86,626.83,170,stock
2018-09-06,MSLB,662.39,651.14,662.39,634.76,385,stock
2018-09-09,MSLB,648.58,635.79,648.58,635.79,70,stock
2018-09-10,MSLB,627.09,620.43,627.09,619.41,160,stock
2018-09-11,MSLB,631.95,631.95,631.95,626.83,815,stock
2018-09-12,MSLB,628.37,635.79,635.79,628.37,75,stock
2018-09-13,MSLB,639.62,640.9,648.07,639.62,440,stock
2018-09-16,MSLB,652.42,644.74,652.42,642.18,70,stock
2018-09-17,MSLB,633.23,633.48,634.51,633.23,105,stock
2018-09-18,MSLB,621.71,628.37,633.74,621.71,140,stock
2018-09-20,MSLB,640.65,634.51,651.65,634.51,100,stock
2018-09-23,MSLB,626.83,626.83,628.11,626.83,115,stock
2018-09-25,MSLB,626.83,626.83,627.09,619.67,90,stock
2018-09-26,MSLB,629.39,622.99,633.23,622.99,435,stock
2018-09-27,MSLB,626.83,629.39,631.95,620.43,701,stock
2018-09-30,MSLB,641.41,619.16,641.41,617.88,410,stock
2018-10-01,MSLB,629.9,614.81,642.18,614.81,775,stock
2018-10-02,MSLB,605.08,629.65,644.74,605.08,105,stock
2018-10-03,MSLB,629.65,617.88,629.65,617.88,155,stock
2018-10-04,MSLB,617.88,606.36,617.88,616.6,100,stock
2018-10-07,MSLB,606.36,603.8,611.48,601.25,160,stock
2018-10-08,MSLB,593.57,616.85,616.85,593.57,100,stock
2018-10-09,MSLB,615.32,609.69,615.32,609.69,253,stock
2018-10-10,MSLB,601.25,616.6,616.6,601.25,316,stock
2018-10-11,MSLB,616.6,628.62,628.62,616.6,95,stock
2018-10-14,MSLB,616.6,631.95,631.95,616.6,185,stock
2018-10-23,MSLB,619.67,619.67,625.55,619.67,194,stock
2018-10-25,MSLB,619.67,619.67,619.67,619.67,15,stock
2018-10-28,MSLB,608.92,597.15,608.92,608.92,40,stock
2018-10-30,MSLB,601.25,601.25,603.8,601.25,110,stock
2018-10-31,MSLB,589.99,578.73,590.24,589.99,45,stock
2018-11-05,MSLB,583.34,606.11,606.11,583.34,30,stock
2018-11-15,MSLB,571.82,556.86,594.47,556.86,290,stock
2018-11-18,MSLB,556.86,531.53,556.86,531.53,100,stock
2018-11-19,MSLB,531.53,531.53,531.53,531.53,5,stock
2018-11-20,MSLB,523.85,527.31,527.31,523.85,30,stock
2018-11-21,MSLB,527.31,517.33,527.31,517.33,15,stock
2018-11-22,MSLB,517.33,518.09,527.31,517.33,110,stock
2018-11-25,MSLB,508.88,508.88,508.88,508.88,5,stock
2018-11-26,MSLB,508.88,489.31,508.88,489.31,355,stock
2018-11-27,MSLB,489.31,481.64,489.31,481.64,370,stock
2018-11-28,MSLB,481.64,482.02,489.31,479.72,125,stock
2018-11-29,MSLB,482.02,481.64,482.02,481.64,15,stock
2018-12-02,MSLB,481.64,479.72,481.64,470.12,195,stock
2018-12-03,MSLB,479.72,483.56,498.91,479.72,265,stock
2018-12-06,MSLB,461.68,460.14,461.68,449.02,423,stock
2018-12-09,MSLB,460.14,452.85,460.14,451.32,455,stock
2018-12-10,MSLB,452.85,466.67,480.1,452.85,285,stock
2018-12-11,MSLB,466.67,464.75,466.67,464.75,15,stock
2018-12-12,MSLB,464.75,479.33,479.33,464.75,28,stock
2018-12-13,MSLB,479.33,477.8,483.56,468.2,370,stock
2018-12-16,MSLB,477.8,504.66,510.8,477.8,515,stock
2018-12-17,MSLB,504.66,544.96,544.96,494.68,100,stock
2018-12-18,MSLB,544.96,514.26,544.96,514.26,130,stock
2018-12-19,MSLB,514.26,504.66,514.26,504.28,215,stock
2018-12-20,MSLB,504.66,508.5,512.34,499.67,365,stock
2018-12-23,MSLB,508.5,539.2,539.2,508.5,118,stock
2018-12-24,MSLB,539.2,548.8,552.25,531.91,273,stock
2018-12-25,MSLB,548.8,546.88,550.72,546.88,50,stock
2018-12-26,MSLB,546.88,556.47,567.6,546.88,707,stock
2018-12-27,MSLB,556.47,556.47,579.5,545.73,1311,stock
2018-12-30,MSLB,556.47,591.01,597.92,556.47,1253,stock
2018-12-31,MSLB,591.01,580.27,591.01,568.29,515,stock
2019-01-01,MSLB,575.66,584.87,598.69,575.66,195,stock
2019-01-02,MSLB,584.87,576.12,584.87,576.12,195,stock
2019-01-03,MSLB,576.12,584.87,587.63,576.12,108,stock
2019-01-06,MSLB,584.87,582.57,594.08,582.57,165,stock
2019-01-07,MSLB,582.57,582.57,582.57,582.57,71,stock
2019-01-09,MSLB,582.57,591.78,591.78,582.57,25,stock
2019-01-10,MSLB,591.78,603.29,603.29,591.78,110,stock
2019-01-16,MSLB,603.29,644.28,644.28,603.29,578,stock
2019-01-17,MSLB,644.28,649.35,656.71,644.28,37,stock
2019-01-20,MSLB,649.35,658.56,658.56,649.35,10,stock
2019-01-21,MSLB,658.56,645.66,658.56,645.66,50,stock
2019-01-22,MSLB,645.66,624.02,648.88,624.02,80,stock
2019-01-23,MSLB,624.02,617.11,624.02,611.58,60,stock
2019-01-27,MSLB,624.48,612.5,624.48,612.5,15,stock
2019-01-28,MSLB,612.5,659.94,659.94,612.5,853,stock
2019-01-29,MSLB,659.94,681.12,690.79,659.94,580,stock
2019-01-30,MSLB,681.12,697.24,697.24,672.83,690,stock
2019-01-31,MSLB,699.54,702.31,726.71,688.95,1210,stock
2019-02-03,MSLB,690.79,695.4,702.31,691.25,219,stock
2019-02-04,MSLB,690.79,686.19,695.4,686.19,35,stock
2019-02-05,MSLB,690.79,690.79,690.79,686.19,15,stock
2019-02-06,MSLB,677.44,670.07,690.79,667.77,165,stock
2019-02-07,MSLB,656.71,645.2,670.07,645.2,30,stock
2019-02-10,MSLB,633.23,633.69,645.2,633.23,70,stock
2019-02-11,MSLB,644.74,644.74,644.74,633.69,380,stock
2019-02-12,MSLB,644.74,632.77,644.74,632.77,35,stock
2019-02-13,MSLB,621.71,632.77,632.77,632.77,10,stock
2019-02-14,MSLB,633.23,633.23,633.23,632.77,15,stock
2019-02-17,MSLB,632.77,626.32,637.83,626.32,75,stock
2019-02-18,MSLB,613.88,609.74,626.32,609.74,85,stock
2019-02-19,MSLB,621.71,635.53,646.58,609.74,360,stock
2019-02-20,MSLB,647.96,633.23,657.64,626.32,130,stock
2019-02-21,MSLB,622.17,622.17,633.23,622.17,20,stock
2019-02-24,MSLB,621.71,630.92,630.92,612.5,150,stock
2019-02-25,MSLB,619.41,624.02,630.92,624.02,15,stock
2019-02-26,MSLB,612.04,612.5,624.02,612.04,75,stock
2019-02-27,MSLB,612.5,622.63,622.63,612.5,175,stock
2019-03-03,MSLB,610.2,611.12,622.63,610.2,45,stock
2019-03-05,MSLB,612.5,585.33,615.27,585.33,980,stock
2019-03-06,MSLB,584.87,580.73,585.33,580.73,35,stock
2019-03-07,MSLB,592.24,627.7,627.7,580.73,106,stock
2019-03-09,MSLB,617.11,617.11,627.7,617.11,15,stock
2019-03-10,MSLB,617.11,617.11,627.7,617.11,15,stock
2019-03-11,MSLB,621.71,628.62,629.08,612.5,57,stock
2019-03-12,MSLB,628.62,629.08,629.08,628.62,40,stock
2019-03-13,MSLB,617.57,617.57,629.08,617.57,50,stock
2019-03-17,MSLB,617.11,612.5,617.11,612.5,45,stock
2019-03-18,MSLB,607.9,605.6,607.9,605.6,60,stock
2019-03-19,MSLB,598.69,598.69,598.69,598.69,80,stock
2019-03-21,MSLB,589.02,594.08,594.08,585.33,275,stock
2019-03-24,MSLB,582.57,584.87,584.87,582.57,50,stock
2019-03-25,MSLB,577.04,589.48,589.48,577.04,100,stock
2019-03-26,MSLB,589.48,591.78,591.78,589.48,70,stock
2019-03-28,MSLB,591.78,584.41,591.78,584.41,135,stock
2019-03-31,MSLB,577.96,576.58,577.96,576.58,50,stock
2019-04-01,MSLB,565.53,569.67,576.58,569.67,255,stock
2019-04-02,MSLB,559.08,568.75,568.75,559.08,110,stock
2019-04-03,MSLB,557.7,564.61,564.61,557.7,60,stock
2019-04-04,MSLB,553.56,566.91,566.91,564.61,50,stock
2019-04-07,MSLB,566.91,564.15,566.91,562.31,165,stock
2019-04-10,MSLB,564.15,557.24,564.15,557.24,30,stock
2019-04-11,MSLB,566.45,566.45,566.45,566.45,45,stock
2019-04-16,MSLB,566.45,571.06,571.06,560.0,85,stock
2019-04-18,MSLB,555.86,568.75,584.87,555.4,791,stock
2019-04-21,MSLB,566.91,564.15,567.37,564.15,584,stock
2019-04-22,MSLB,553.56,566.45,566.91,553.56,704,stock
2019-04-23,MSLB,566.91,566.45,566.45,566.45,41,stock
2019-04-25,MSLB,566.45,561.85,569.67,561.85,584,stock
2019-04-28,MSLB,568.75,577.96,577.96,566.45,351,stock
2019-04-29,MSLB,584.87,577.5,584.87,577.5,786,stock
2019-04-30,MSLB,577.96,566.45,577.96,566.45,205,stock
2019-05-02,MSLB,555.86,555.4,555.86,555.4,20,stock
2019-05-05,MSLB,544.34,533.75,544.34,533.75,20,stock
2019-05-06,MSLB,534.21,549.41,549.41,534.21,139,stock
2019-05-07,MSLB,560.0,570.6,570.6,560.0,38,stock
2019-05-08,MSLB,560.0,552.63,560.0,549.87,272,stock
2019-05-09,MSLB,559.54,545.73,559.54,545.73,183,stock
2019-05-12,MSLB,536.52,536.52,541.58,536.52,630,stock
2019-05-13,MSLB,547.11,546.65,547.11,539.28,194,stock
2019-05-14,MSLB,546.65,538.82,547.11,536.06,101,stock
2019-05-15,MSLB,536.52,528.69,536.52,528.69,328,stock
2019-05-16,MSLB,518.56,518.09,520.4,518.09,141,stock
2019-05-19,MSLB,520.4,522.7,530.53,520.4,94,stock
2019-05-20,MSLB,529.61,517.17,529.61,507.04,286,stock
2019-05-21,MSLB,507.96,513.49,518.09,507.96,138,stock
2019-05-22,MSLB,513.49,506.58,514.41,506.58,301,stock
2019-05-23,MSLB,497.37,487.24,498.29,487.24,237,stock
2019-05-26,MSLB,487.24,488.16,497.83,487.24,436,stock
2019-05-27,MSLB,478.95,472.04,486.32,472.04,224,stock
2019-05-28,MSLB,470.66,478.95,479.87,470.2,98,stock
2019-05-29,MSLB,474.34,476.65,483.56,474.34,649,stock
2019-05-30,MSLB,483.56,485.86,495.53,483.56,212,stock
2019-06-02,MSLB,476.19,469.28,476.19,469.28,59,stock
2019-06-03,MSLB,467.9,460.07,468.36,460.07,226,stock
2019-06-04,MSLB,460.53,455.0,460.53,455.0,248,stock
2019-06-06,MSLB,446.25,434.28,446.71,433.82,791,stock
2019-06-10,MSLB,435.2,421.38,435.2,412.17,687,stock
2019-06-11,MSLB,423.23,414.48,423.69,408.03,1190,stock
2019-06-12,MSLB,412.17,414.48,414.48,411.25,373,stock
2019-06-13,MSLB,406.65,414.48,414.48,400.66,2010,stock
2019-06-16,MSLB,414.48,393.75,414.48,392.37,569,stock
2019-06-17,MSLB,391.45,391.45,396.05,384.54,282,stock
2019-06-18,MSLB,383.62,398.36,398.36,377.63,110,stock
2019-06-19,MSLB,406.19,399.28,406.19,398.82,242,stock
2019-06-20,MSLB,407.11,422.3,422.3,407.11,30,stock
2019-06-23,MSLB,414.48,406.65,414.48,406.19,443,stock
2019-06-24,MSLB,409.87,414.02,414.02,409.87,33,stock
2019-06-25,MSLB,432.9,412.17,432.9,411.71,111,stock
2019-06-26,MSLB,414.48,421.84,421.84,414.48,170,stock
2019-06-27,MSLB,421.84,421.38,423.69,414.94,199,stock
2019-06-30,MSLB,414.48,414.02,421.38,413.09,64,stock
2019-07-01,MSLB,406.65,414.48,414.48,406.65,371,stock
2019-07-02,MSLB,406.19,407.57,407.57,406.19,93,stock
2019-07-03,MSLB,414.48,421.38,421.38,414.48,361,stock
2019-07-04,MSLB,439.8,415.4,448.09,415.4,217,stock
2019-07-07,MSLB,407.11,407.57,407.57,399.74,144,stock
2019-07-08,MSLB,399.74,407.57,407.57,401.58,195,stock
2019-07-09,MSLB,399.74,404.34,407.57,402.04,576,stock
2019-07-10,MSLB,396.52,404.34,404.8,404.34,160,stock
2019-07-11,MSLB,396.52,404.8,412.17,396.52,136,stock
2019-07-14,MSLB,402.96,444.87,444.87,402.96,1055,stock
2019-07-15,MSLB,436.12,441.19,444.87,428.29,1631,stock
2019-07-16,MSLB,449.02,436.12,449.02,436.12,172,stock
2019-07-17,MSLB,439.8,438.42,439.8,433.36,107,stock
2019-07-18,MSLB,437.5,460.07,460.07,438.42,94,stock
2019-07-21,MSLB,468.82,474.34,487.24,433.82,244,stock
2019-07-22,MSLB,465.13,447.17,465.13,447.17,440,stock
2019-07-23,MSLB,455.92,451.32,464.67,451.32,231,stock
2019-07-24,MSLB,442.57,446.71,451.32,437.96,461,stock
2019-07-25,MSLB,437.96,446.71,446.71,437.96,119,stock
2019-07-28,MSLB,437.96,437.5,437.96,437.5,92,stock
2019-07-29,MSLB,428.75,446.25,446.25,428.75,193,stock
2019-07-30,MSLB,455.0,463.75,463.75,455.0,287,stock
2019-07-31,MSLB,472.96,463.75,482.17,455.0,150,stock
2019-08-01,MSLB,472.96,460.99,485.4,460.53,1838,stock
2019-08-04,MSLB,467.44,455.92,467.44,455.92,138,stock
2019-08-05,MSLB,449.48,447.63,449.48,447.63,330,stock
2019-08-06,MSLB,438.88,441.19,441.19,432.9,108,stock
2019-08-07,MSLB,441.65,450.86,450.86,441.65,147,stock
2019-08-08,MSLB,442.11,442.11,442.57,442.11,180,stock
2019-08-11,MSLB,442.11,436.12,442.11,435.66,74,stock
2019-08-12,MSLB,427.83,435.2,436.12,434.74,141,stock
2019-08-13,MSLB,429.21,441.65,441.65,429.21,120,stock
2019-08-14,MSLB,437.5,444.41,444.41,435.2,505,stock
2019-08-15,MSLB,444.41,444.41,444.41,443.95,106,stock
2019-08-18,MSLB,439.8,439.8,439.8,439.8,52,stock
2019-08-19,MSLB,432.9,442.11,442.57,432.9,199,stock
2019-08-20,MSLB,434.74,441.19,441.19,434.74,78,stock
2019-08-21,MSLB,443.03,448.55,453.16,443.03,380,stock
2019-08-22,MSLB,448.55,451.78,451.78,448.55,170,stock
2019-08-25,MSLB,444.41,442.11,451.78,442.11,146,stock
2019-08-26,MSLB,435.2,436.12,437.04,435.2,90,stock
2019-08-27,MSLB,439.8,453.16,453.16,439.8,161,stock
2019-08-28,MSLB,453.16,453.16,453.16,453.16,3,stock
2019-08-29,MSLB,460.99,444.87,453.16,436.58,106,stock
2019-09-01,MSLB,438.42,438.42,438.42,438.42,100,stock
2019-09-02,MSLB,429.67,429.67,429.67,421.38,67,stock
2019-09-03,MSLB,432.9,434.74,437.5,428.29,153,stock
2019-09-04,MSLB,437.5,437.5,437.5,437.5,25,stock
2019-09-05,MSLB,437.5,437.96,437.96,435.2,175,stock
2019-09-08,MSLB,438.42,428.29,438.42,428.29,129,stock
2019-09-09,MSLB,420.0,425.99,428.29,420.0,185,stock
2019-09-10,MSLB,425.99,425.99,425.99,425.99,43,stock
2019-09-11,MSLB,428.29,419.08,428.29,413.09,398,stock
2019-09-12,MSLB,423.69,418.16,423.69,410.79,350,stock
2019-09-15,MSLB,412.17,405.27,412.17,398.36,188,stock
2019-09-16,MSLB,400.66,393.75,400.66,391.45,225,stock
2019-09-17,MSLB,401.58,402.04,409.41,401.58,74,stock
2019-09-18,MSLB,408.95,433.36,433.36,408.95,118,stock
2019-09-19,MSLB,437.5,437.04,446.25,425.07,1713,stock
2019-09-22,MSLB,429.21,428.29,429.21,412.63,186,stock
2019-09-23,MSLB,423.69,428.29,428.29,420.0,172,stock
2019-09-24,MSLB,421.38,420.0,421.38,420.0,59,stock
2019-09-26,MSLB,421.38,423.69,429.67,421.38,1664,stock
2019-09-29,MSLB,427.83,409.87,427.83,409.87,722,stock
2019-09-30,MSLB,414.48,414.48,421.38,414.48,85,stock
2019-10-01,MSLB,422.77,439.34,439.34,422.77,30,stock
2019-10-02,MSLB,439.34,439.34,439.34,439.34,9,stock
2019-10-10,MSLB,439.34,439.34,439.34,439.34,26,stock
2019-10-14,MSLB,430.59,422.3,430.59,422.3,175,stock
2019-10-15,MSLB,430.59,430.59,430.59,430.59,14,stock
2019-10-16,MSLB,432.9,427.37,432.9,427.37,651,stock
2019-10-17,MSLB,419.08,400.66,425.99,400.66,1095,stock
2019-10-21,MSLB,393.75,400.66,401.12,396.98,613,stock
2019-10-22,MSLB,408.49,393.29,408.49,393.29,1235,stock
2019-10-23,MSLB,393.75,410.33,410.33,393.75,366,stock
2019-10-24,MSLB,402.96,408.49,408.49,400.66,117,stock
2019-10-31,MSLB,405.27,408.49,408.49,408.49,9,stock
2019-11-03,MSLB,400.66,397.44,400.66,390.07,576,stock
2019-11-04,MSLB,391.45,392.37,392.37,391.45,511,stock
2019-11-05,MSLB,391.45,393.75,393.75,391.45,170,stock
2019-11-06,MSLB,393.75,393.75,393.75,393.75,11,stock
2019-11-07,MSLB,389.61,393.75,393.75,386.84,110,stock
2019-11-10,MSLB,401.58,401.58,401.58,401.58,10,stock
2019-11-11,MSLB,401.58,413.09,414.48,394.21,390,stock
2019-11-12,MSLB,405.27,398.36,414.48,394.21,118,stock
2019-11-13,MSLB,396.05,405.27,405.27,396.05,182,stock
2019-11-17,MSLB,398.82,394.21,398.82,394.21,188,stock
2019-11-18,MSLB,402.04,402.04,402.04,402.04,20,stock
2019-11-19,MSLB,395.13,394.21,395.13,394.21,108,stock
2019-11-20,MSLB,402.04,396.05,402.04,396.05,159,stock
2019-11-21,MSLB,396.05,399.74,399.74,396.05,105,stock
2019-11-24,MSLB,391.91,406.65,406.65,380.4,417,stock
2019-11-25,MSLB,406.65,398.82,406.65,398.82,12,stock
2019-11-26,MSLB,390.99,388.23,390.99,380.86,338,stock
2019-11-27,MSLB,395.59,388.23,395.59,388.23,80,stock
2019-11-28,MSLB,382.7,382.24,382.7,382.24,240,stock
2019-12-01,MSLB,382.24,382.24,382.24,380.4,142,stock
2019-12-02,MSLB,382.24,412.17,412.17,382.24,179,stock
2019-12-03,MSLB,404.34,412.17,412.17,412.17,3,stock
2019-12-05,MSLB,404.34,396.98,404.34,388.69,455,stock
2019-12-08,MSLB,393.75,402.5,402.5,389.61,468,stock
2019-12-09,MSLB,404.34,414.48,422.3,404.34,1489,stock
2019-12-10,MSLB,409.87,405.27,417.7,398.36,1907,stock
2019-12-11,MSLB,405.27,437.96,438.88,405.27,3505,stock
2019-12-12,MSLB,429.21,436.12,444.41,429.21,260,stock
2019-12-15,MSLB,442.11,442.11,442.11,442.11,330,stock
2019-12-16,MSLB,433.36,414.48,433.36,409.87,1448,stock
2019-12-17,MSLB,422.3,410.79,422.3,410.79,160,stock
2019-12-18,MSLB,410.79,408.03,414.02,407.57,617,stock
2019-12-19,MSLB,415.86,431.98,431.98,415.86,30,stock
2019-12-22,MSLB,423.69,406.19,423.69,406.19,394,stock
2019-12-23,MSLB,413.55,414.48,414.48,407.57,387,stock
2019-12-24,MSLB,421.38,414.48,422.77,414.48,1967,stock
2019-12-25,MSLB,422.77,416.32,423.23,414.94,255,stock
2019-12-26,MSLB,409.87,414.94,417.7,409.87,725,stock
2019-12-29,MSLB,414.48,414.94,416.78,414.02,979,stock
2019-12-30,MSLB,408.95,421.11,421.11,408.95,423,stock
2019-12-31,MSLB,420.0,430.5,430.5,421.11,117,stock
2020-01-01,MSLB,438.79,431.05,438.79,422.21,138,stock
2020-01-02,MSLB,431.05,436.58,436.58,428.29,240,stock
2020-01-05,MSLB,442.11,447.08,447.63,430.5,2258,stock
2020-01-06,MSLB,455.37,475.27,475.27,448.74,1507,stock
2020-01-07,MSLB,475.27,483.56,494.06,475.27,479,stock
2020-01-08,MSLB,480.79,479.69,481.34,465.32,927,stock
2020-01-09,MSLB,489.08,489.08,497.92,470.29,1608,stock
2020-01-12,MSLB,498.48,536.06,536.06,498.48,2310,stock
2020-01-13,MSLB,546.56,528.32,557.06,521.69,2670,stock
2020-01-14,MSLB,527.77,516.71,534.95,507.87,1174,stock
2020-01-15,MSLB,525.56,511.74,525.56,506.77,1035,stock
2020-01-16,MSLB,521.69,546.0,546.56,521.69,1555,stock
2020-01-19,MSLB,546.0,534.95,560.37,534.95,1689,stock
2020-01-20,MSLB,533.29,519.48,541.58,519.48,1535,stock
2020-01-21,MSLB,538.82,497.92,538.82,497.92,1209,stock
2020-01-22,MSLB,507.87,491.84,525.0,491.84,3176,stock
2020-12-13,MSLB,504.0,543.79,543.79,494.61,225,stock
2020-12-14,MSLB,554.29,597.95,597.95,554.29,132,stock
2020-12-15,MSLB,609.56,657.64,657.64,609.56,519,stock
2020-12-16,MSLB,690.24,723.4,723.4,690.24,315,stock
2020-12-17,MSLB,737.77,795.24,795.24,737.77,1123,stock
2020-12-20,MSLB,834.48,840.56,874.27,801.87,29569,stock
2020-12-21,MSLB,842.77,848.29,864.32,773.69,6277,stock
2020-12-22,MSLB,864.87,897.48,932.85,864.87,4181,stock
2020-12-23,MSLB,889.74,879.24,892.5,868.74,2959,stock
2020-12-24,MSLB,862.66,862.11,890.29,849.4,3892,stock
2020-12-27,MSLB,848.85,848.29,865.43,842.77,3999,stock
2020-12-28,MSLB,845.53,845.53,848.29,835.58,1196,stock
2020-12-29,MSLB,832.27,859.9,906.32,830.06,3053,stock
2020-12-30,MSLB,864.87,859.9,877.03,848.85,1972,stock
2020-12-31,MSLB,902.45,853.82,902.45,853.27,498,stock
2021-01-03,MSLB,867.64,875.93,878.69,853.82,2820,stock
2021-01-04,MSLB,862.66,862.66,881.45,859.9,1573,stock
2021-01-05,MSLB,859.35,856.58,872.06,829.5,2234,stock
2021-01-06,MSLB,873.72,890.85,890.85,842.77,8106,stock
2021-01-07,MSLB,894.16,901.9,920.14,893.61,5163,stock
2021-01-10,MSLB,919.58,938.37,938.37,911.85,2546,stock
2021-01-11,MSLB,948.87,927.87,948.87,906.32,1735,stock
2021-01-12,MSLB,971.53,922.9,971.53,900.24,1580,stock
2021-01-13,MSLB,941.14,939.48,941.14,904.11,1870,stock
2021-01-17,MSLB,942.24,954.95,958.27,933.95,5095,stock
2021-01-18,MSLB,969.87,1005.24,1017.4,961.58,3919,stock
2021-01-19,MSLB,1050.01,997.51,1050.01,975.95,2758,stock
2021-01-20,MSLB,1001.37,1040.61,1050.01,1001.37,6529,stock
2021-01-21,MSLB,1050.01,1126.82,1131.24,1050.01,6241,stock
2021-01-24,MSLB,1148.93,1158.87,1194.24,1138.43,5532,stock
2021-01-25,MSLB,1160.53,1135.11,1166.06,1105.27,4638,stock
2021-01-26,MSLB,1116.32,1130.14,1130.14,1112.45,3681,stock
2021-01-27,MSLB,1130.69,1108.58,1135.66,1101.4,1208,stock
2021-01-28,MSLB,1124.61,1157.22,1215.8,1124.61,5223,stock
2021-01-31,MSLB,1134.56,1099.74,1134.56,1099.74,4241,stock
2021-02-01,MSLB,1121.3,1094.22,1130.14,1083.72,6521,stock
2021-02-02,MSLB,1105.27,1177.11,1177.11,1105.27,7848,stock
2021-02-03,MSLB,1205.85,1298.69,1300.9,1205.3,19228,stock
2021-02-04,MSLB,1365.56,1430.77,1430.77,1300.9,15485,stock
2021-02-07,MSLB,1502.06,1573.35,1573.35,1472.22,7426,stock
2021-02-08,MSLB,1651.82,1566.17,1730.3,1504.27,14271,stock
2021-02-09,MSLB,1536.32,1512.01,1557.88,1477.19,9885,stock
2021-02-10,MSLB,1547.38,1519.74,1577.77,1508.69,8110,stock
2021-02-11,MSLB,1522.51,1467.24,1550.14,1467.24,6904,stock
2021-02-14,MSLB,1540.19,1408.67,1540.19,1376.06,9824,stock
2021-02-15,MSLB,1436.3,1549.03,1549.03,1436.3,8037,stock
2021-02-16,MSLB,1549.03,1475.53,1575.01,1464.48,3119,stock
2021-02-17,MSLB,1475.53,1470.01,1497.64,1458.95,2026,stock
2021-02-18,MSLB,1453.43,1439.61,1453.43,1431.88,3132,stock
2021-02-21,MSLB,1439.61,1411.98,1442.38,1410.88,1869,stock
2021-02-22,MSLB,1387.11,1370.53,1440.17,1368.88,2624,stock
2021-02-23,MSLB,1353.95,1381.59,1408.11,1353.95,2705,stock
2021-02-24,MSLB,1409.22,1409.22,1436.85,1381.59,1591,stock
2021-02-25,MSLB,1411.98,1376.06,1436.85,1359.48,2094,stock
2021-02-28,MSLB,1351.19,1326.32,1351.74,1297.03,2201,stock
2021-03-01,MSLB,1299.8,1315.27,1351.74,1299.8,1885,stock
2021-03-02,MSLB,1315.27,1264.43,1315.27,1264.43,2304,stock
2021-03-03,MSLB,1239.56,1240.66,1240.66,1215.24,2376,stock
2021-03-04,MSLB,1264.98,1320.8,1353.4,1264.98,1303,stock
2021-03-09,MSLB,1340.14,1315.27,1345.66,1315.27,992,stock
2021-03-10,MSLB,1315.27,1271.06,1315.27,1268.3,851,stock
2021-03-14,MSLB,1271.61,1304.22,1324.66,1271.61,2769,stock
2021-03-15,MSLB,1305.32,1370.53,1398.17,1305.32,3193,stock
2021-03-16,MSLB,1370.53,1376.06,1436.3,1370.53,2302,stock
2021-03-17,MSLB,1377.17,1389.32,1398.17,1376.06,1904,stock
2021-03-18,MSLB,1389.32,1403.69,1414.74,1381.59,3920,stock
2021-03-21,MSLB,1431.32,1426.9,1447.9,1425.8,4183,stock
2021-03-22,MSLB,1453.43,1450.67,1475.53,1445.14,20174,stock
2021-03-23,MSLB,1523.28,1538.53,1575.01,1425.8,6112,stock
2021-03-24,MSLB,1565.06,1538.53,1565.06,1510.02,2497,stock
2021-03-25,MSLB,1538.53,1492.78,1538.53,1488.8,1683,stock
2021-03-29,MSLB,1492.11,1498.74,1538.53,1463.6,1715,stock
2021-03-30,MSLB,1528.59,1531.24,1551.13,1502.06,2343,stock
2021-03-31,MSLB,1532.57,1509.36,1557.77,1509.36,2049,stock
2021-04-01,MSLB,1530.58,1476.86,1530.58,1475.53,1756,stock
2021-04-04,MSLB,1506.04,1482.17,1506.04,1476.2,3158,stock
2021-04-05,MSLB,1478.85,1485.48,1508.03,1460.28,1678,stock
2021-04-06,MSLB,1472.22,1492.11,1492.11,1456.97,975,stock
2021-04-07,MSLB,1498.74,1476.86,1559.09,1470.23,1265,stock
2021-04-08,MSLB,1506.04,1545.17,1553.12,1506.04,4735,stock
2021-04-12,MSLB,1608.17,1568.38,1608.17,1548.48,3300,stock
2021-04-13,MSLB,1568.38,1551.8,1590.26,1525.27,1964,stock
2021-04-15,MSLB,1558.43,1525.27,1561.75,1518.64,1089,stock
2021-04-18,MSLB,1525.93,1496.09,1555.78,1496.09,1635,stock
2021-04-19,MSLB,1525.93,1492.11,1555.78,1473.54,894,stock
2021-04-20,MSLB,1492.11,1492.11,1512.01,1492.11,530,stock
2021-04-21,MSLB,1521.96,1492.11,1551.8,1466.91,1734,stock
2021-04-22,MSLB,1492.11,1501.4,1521.96,1439.72,1151,stock
2021-04-25,MSLB,1576.33,1458.95,1576.33,1435.08,1030,stock
2021-04-26,MSLB,1531.9,1432.43,1562.41,1411.21,4568,stock
2021-04-27,MSLB,1432.43,1505.38,1514.66,1429.11,1165,stock
2021-04-28,MSLB,1563.07,1475.53,1563.07,1449.67,1612,stock
2021-04-29,MSLB,1485.48,1475.53,1485.48,1459.62,1009,stock
2021-05-02,MSLB,1475.53,1498.74,1517.31,1458.29,1479,stock
2021-05-03,MSLB,1501.4,1512.01,1528.59,1473.54,3654,stock
2021-05-04,MSLB,1511.34,1535.22,1555.11,1511.34,5949,stock
2021-05-05,MSLB,1565.72,1531.9,1565.72,1508.69,1187,stock
2021-05-06,MSLB,1545.17,1484.82,1545.17,1468.9,1997,stock
2021-05-09,MSLB,1460.94,1485.48,1508.69,1455.64,10,stock
2021-05-10,MSLB,1460.28,1486.81,1488.8,1460.28,688,stock
2021-05-11,MSLB,1489.46,1512.01,1531.9,1488.8,2173,stock
2021-05-12,MSLB,1493.44,1505.38,1510.02,1486.81,1283,stock
2021-05-13,MSLB,1505.38,1505.38,1518.64,1504.71,1004,stock
2021-05-16,MSLB,1504.71,1526.6,1535.22,1492.11,2032,stock
2021-05-17,MSLB,1531.9,1531.9,1555.11,1512.67,2137,stock
2021-05-18,MSLB,1514.0,1551.8,1563.07,1514.0,7459,stock
2021-05-19,MSLB,1582.3,1552.46,1613.47,1545.17,2923,stock
2021-05-20,MSLB,1545.17,1535.22,1551.8,1535.22,1277,stock
2021-05-23,MSLB,1508.69,1538.53,1551.8,1486.81,4259,stock
2021-05-24,MSLB,1526.6,1536.54,1538.53,1523.94,773,stock
2021-05-25,MSLB,1538.53,1515.32,1538.53,1512.01,2544,stock
2021-05-27,MSLB,1488.13,1511.34,1538.53,1429.78,5600,stock
2021-05-30,MSLB,1518.64,1496.76,1518.64,1485.48,1267,stock
2021-05-31,MSLB,1475.53,1482.83,1485.48,1458.95,1405,stock
2021-06-01,MSLB,1482.83,1462.27,1482.17,1454.31,706,stock
2021-06-02,MSLB,1462.27,1462.93,1465.59,1449.01,1573,stock
2021-06-03,MSLB,1436.41,1472.22,1492.11,1436.41,1336,stock
2021-06-06,MSLB,1473.54,1465.59,1474.21,1445.69,1852,stock
2021-06-07,MSLB,1465.59,1445.69,1465.59,1445.69,1979,stock
2021-06-08,MSLB,1474.21,1443.04,1474.21,1443.04,2386,stock
2021-06-09,MSLB,1458.95,1445.69,1471.56,1445.69,936,stock
2021-06-10,MSLB,1445.69,1456.97,1474.21,1446.35,948,stock
2021-06-13,MSLB,1458.95,1441.05,1472.88,1440.39,1935,stock
2021-06-14,MSLB,1435.74,1447.68,1452.32,1435.74,619,stock
2021-06-15,MSLB,1435.74,1429.78,1447.68,1419.17,1551,stock
2021-06-16,MSLB,1429.78,1458.95,1523.28,1429.78,3101,stock
2021-06-17,MSLB,1458.95,1455.64,1474.87,1453.65,636,stock
2021-06-20,MSLB,1429.11,1398.61,1429.11,1398.61,751,stock
2021-06-21,MSLB,1392.64,1386.01,1395.95,1370.09,1000,stock
2021-06-22,MSLB,1375.4,1392.64,1399.27,1358.82,1069,stock
2021-06-23,MSLB,1366.11,1379.38,1386.01,1366.11,493,stock
2021-06-24,MSLB,1360.14,1369.43,1369.43,1360.14,382,stock
2021-06-27,MSLB,1392.64,1382.69,1392.64,1376.06,1101,stock
2021-06-28,MSLB,1382.69,1425.8,1447.02,1382.69,1269,stock
2021-06-29,MSLB,1452.32,1412.53,1492.11,1412.53,1393,stock
2021-06-30,MSLB,1412.53,1412.53,1412.53,1359.48,455,stock
2021-07-01,MSLB,1439.06,1392.64,1439.06,1389.32,515,stock
2021-07-04,MSLB,1394.63,1394.63,1394.63,1392.64,137,stock
2021-07-05,MSLB,1367.44,1358.15,1370.09,1339.59,1799,stock
2021-07-06,MSLB,1342.9,1369.43,1369.43,1342.9,513,stock
2021-07-07,MSLB,1372.74,1382.69,1399.27,1372.74,436,stock
2021-07-08,MSLB,1409.22,1425.13,1425.13,1409.22,785,stock
2021-07-11,MSLB,1425.13,1471.56,1474.21,1425.13,2507,stock
2021-07-12,MSLB,1452.32,1399.27,1452.32,1399.27,875,stock
2021-07-13,MSLB,1426.46,1452.32,1452.32,1399.27,568,stock
2021-07-14,MSLB,1471.56,1426.46,1471.56,1425.8,146,stock
2021-07-15,MSLB,1399.93,1445.69,1445.69,1399.27,292,stock
2021-07-18,MSLB,1474.61,1496.76,1498.74,1458.95,4449,stock
2021-07-19,MSLB,1502.06,1525.27,1535.22,1486.14,2789,stock
2021-07-20,MSLB,1525.27,1502.06,1548.48,1499.41,884,stock
2021-07-22,MSLB,1502.06,1505.38,1525.27,1485.48,1166,stock
2021-07-25,MSLB,1531.9,1527.92,1531.9,1501.4,1897,stock
2021-07-26,MSLB,1551.8,1551.13,1558.43,1525.93,2927,stock
2021-07-27,MSLB,1520.63,1492.11,1521.96,1456.97,2946,stock
2021-07-28,MSLB,1468.9,1550.47,1551.8,1468.9,1294,stock
2021-07-29,MSLB,1550.47,1533.23,1554.45,1519.97,1833,stock
2021-08-01,MSLB,1563.07,1570.37,1591.59,1542.51,7679,stock
2021-08-02,MSLB,1601.53,1588.93,1601.53,1578.32,3799,stock
2021-08-03,MSLB,1618.11,1624.08,1644.64,1608.17,4286,stock
2021-08-04,MSLB,1655.25,1556.44,1655.25,1552.46,2237,stock
2021-08-05,MSLB,1584.96,1511.34,1584.96,1511.21,1923,stock
2021-08-08,MSLB,1537.87,1497.42,1537.87,1477.52,1679,stock
2021-08-09,MSLB,1505.38,1475.53,1527.26,1470.89,487,stock
2021-08-10,MSLB,1504.71,1512.01,1565.06,1472.22,1316,stock
2021-08-11,MSLB,1512.01,1481.77,1531.9,1475.53,1013,stock
2021-08-12,MSLB,1475.53,1485.48,1525.27,1479.51,1215,stock
2021-08-15,MSLB,1514.0,1478.85,1555.11,1478.85,2369,stock
2021-08-16,MSLB,1508.43,1478.85,1525.27,1472.22,1097,stock
2021-08-17,MSLB,1508.03,1488.8,1508.03,1480.24,570,stock
2021-08-18,MSLB,1482.17,1462.93,1492.11,1452.99,1488,stock
2021-08-19,MSLB,1463.6,1465.59,1478.85,1462.27,1715,stock
2021-08-24,MSLB,1465.59,1458.29,1465.59,1439.06,627,stock
2021-08-25,MSLB,1487.4,1432.43,1521.96,1430.44,874,stock
2021-08-26,MSLB,1415.85,1458.95,1502.72,1409.35,1575,stock
2021-08-29,MSLB,1435.74,1458.95,1458.95,1425.8,1992,stock
2021-08-31,MSLB,1445.69,1419.17,1447.02,1412.53,762,stock
2021-09-01,MSLB,1401.26,1409.22,1429.05,1383.09,1839,stock
2021-09-02,MSLB,1409.22,1392.64,1411.21,1384.08,767,stock
2021-09-05,MSLB,1366.11,1340.91,1366.11,1337.6,872,stock
2021-09-06,MSLB,1367.44,1418.5,1427.12,1339.59,866,stock
2021-09-07,MSLB,1437.73,1362.4,1437.73,1362.4,157,stock
2021-09-08,MSLB,1339.59,1346.22,1359.48,1339.59,353,stock
2021-09-09,MSLB,1350.86,1346.22,1368.77,1346.22,989,stock
2021-09-12,MSLB,1373.14,1372.08,1373.14,1332.95,529,stock
2021-09-13,MSLB,1399.34,1379.38,1399.34,1359.48,481,stock
2021-09-14,MSLB,1352.85,1346.22,1372.08,1344.89,407,stock
2021-09-15,MSLB,1326.32,1321.08,1326.46,1321.08,754,stock
2021-09-16,MSLB,1313.06,1258.02,1313.13,1220.22,2440,stock
2021-09-20,MSLB,1260.01,1187.06,1260.01,1170.48,1090,stock
2021-09-21,MSLB,1167.16,1234.47,1234.47,1147.27,1407,stock
2021-09-22,MSLB,1258.68,1279.9,1282.55,1257.35,633,stock
2021-09-23,MSLB,1269.95,1273.27,1313.06,1266.64,945,stock
2021-09-26,MSLB,1273.27,1225.52,1275.06,1225.52,265,stock
2021-09-27,MSLB,1203.64,1157.22,1203.7,1157.22,358,stock
2021-09-28,MSLB,1180.36,1158.54,1206.95,1157.22,1077,stock
2021-09-29,MSLB,1159.21,1226.85,1254.7,1159.21,851,stock
2021-09-30,MSLB,1226.85,1263.32,1263.32,1226.85,217,stock
2021-10-03,MSLB,1253.97,1220.22,1260.6,1197.01,80,stock
2021-10-04,MSLB,1233.48,1257.35,1282.55,1233.48,219,stock
2021-10-05,MSLB,1267.96,1271.28,1271.28,1220.22,607,stock
2021-10-06,MSLB,1296.68,1349.53,1349.53,1295.82,2548,stock
2021-10-10,MSLB,1376.06,1296.48,1433.09,1296.48,1776,stock
2021-10-11,MSLB,1273.27,1261.33,1286.53,1246.74,962,stock
2021-10-17,MSLB,1261.33,1293.16,1310.41,1255.36,1052,stock
2021-10-18,MSLB,1319.03,1218.56,1319.03,1218.56,500,stock
2021-10-19,MSLB,1226.85,1273.27,1279.77,1220.22,1123,stock
2021-10-20,MSLB,1298.74,1279.77,1298.74,1254.7,572,stock
2021-10-21,MSLB,1305.1,1226.85,1305.23,1226.85,406,stock
2021-10-24,MSLB,1240.11,1263.32,1279.9,1240.11,320,stock
2021-10-25,MSLB,1285.21,1294.49,1309.74,1261.33,1343,stock
2021-10-26,MSLB,1320.35,1305.1,1320.35,1279.9,942,stock
2021-10-27,MSLB,1285.21,1339.59,1349.53,1280.56,808,stock
2021-10-28,MSLB,1313.06,1357.49,1359.48,1288.06,674,stock
2021-10-31,MSLB,1384.61,1478.92,1482.17,1384.35,4678,stock
2021-11-01,MSLB,1502.06,1458.95,1502.06,1443.04,3200,stock
2021-11-02,MSLB,1439.06,1448.74,1458.95,1425.8,651,stock
2021-11-03,MSLB,1448.34,1458.29,1458.95,1419.83,732,stock
2021-11-08,MSLB,1452.32,1425.8,1452.32,1413.86,853,stock
2021-11-09,MSLB,1399.27,1352.85,1412.53,1332.29,2020,stock
2021-11-11,MSLB,1326.32,1293.16,1326.39,1281.89,2882,stock
2021-11-14,MSLB,1273.27,1280.56,1280.56,1256.69,820,stock
2021-11-15,MSLB,1293.16,1266.64,1319.03,1260.01,1160,stock
2021-11-16,MSLB,1266.64,1347.41,1347.41,1260.01,849,stock
2021-11-17,MSLB,1374.34,1332.89,1374.34,1320.35,1104,stock
2021-11-18,MSLB,1332.89,1293.16,1332.89,1284.54,682,stock
2021-11-21,MSLB,1319.03,1269.95,1319.03,1269.95,708,stock
2021-11-22,MSLB,1295.35,1279.9,1295.35,1269.95,403,stock
2021-11-23,MSLB,1260.01,1269.95,1285.21,1250.06,1180,stock
2021-11-24,MSLB,1269.29,1284.54,1284.54,1246.74,776,stock
2021-11-25,MSLB,1289.85,1266.64,1292.5,1263.32,536,stock
2021-11-28,MSLB,1241.44,1220.35,1265.98,1220.28,536,stock
2021-11-29,MSLB,1240.11,1198.33,1240.11,1198.33,682,stock
2021-11-30,MSLB,1207.62,1180.43,1210.27,1127.37,3700,stock
2021-12-01,MSLB,1169.82,1200.32,1200.32,1164.51,278,stock
2021-12-02,MSLB,1181.09,1159.34,1181.09,1156.82,923,stock
2021-12-05,MSLB,1180.43,1120.74,1206.03,1120.74,816,stock
2021-12-06,MSLB,1120.74,1206.95,1206.95,1100.85,594,stock
2021-12-07,MSLB,1210.27,1187.06,1234.14,1187.06,1470,stock
2021-12-08,MSLB,1167.16,1167.16,1192.36,1163.85,138,stock
2021-12-09,MSLB,1143.95,1187.06,1190.37,1143.95,277,stock
2021-12-12,MSLB,1163.85,1140.64,1163.85,1140.64,122,stock
2021-12-13,MSLB,1120.74,1061.72,1120.74,1041.23,290,stock
2021-12-14,MSLB,1082.94,1130.69,1143.95,1082.94,645,stock
2021-12-15,MSLB,1153.24,1151.25,1190.37,1124.32,659,stock
2021-12-16,MSLB,1151.25,1127.37,1151.25,1127.37,267,stock
2021-12-20,MSLB,1129.36,1178.44,1178.44,1129.36,458,stock
2021-12-21,MSLB,1187.06,1193.69,1193.69,1167.16,421,stock
2021-12-22,MSLB,1210.27,1230.16,1234.08,1206.95,968,stock
2021-12-23,MSLB,1253.31,1203.64,1253.31,1203.64,634,stock
2021-12-26,MSLB,1226.85,1255.36,1273.2,1213.59,3873,stock
2021-12-27,MSLB,1280.45,1285.13,1347.8,1275.1,3001,stock
2021-12-28,MSLB,1261.73,1256.72,1273.43,1245.02,656,stock
2021-12-29,MSLB,1265.91,1240.84,1290.14,1240.84,653,stock
2022-01-02,MSLB,1265.66,1265.91,1299.33,1265.66,495,stock
2022-01-03,MSLB,1289.31,1303.51,1303.51,1278.44,921,stock
2022-01-04,MSLB,1304.76,1308.52,1324.4,1303.51,674,stock
2022-01-05,MSLB,1333.59,1285.13,1333.59,1282.62,378,stock
2022-01-06,MSLB,1270.17,1288.47,1295.15,1270.17,344,stock
2022-01-09,MSLB,1314.21,1304.35,1314.21,1290.98,715,stock
2022-01-10,MSLB,1328.58,1295.15,1328.58,1295.15,536,stock
2022-01-11,MSLB,1303.51,1355.4,1377.79,1303.51,865,stock
2022-01-12,MSLB,1382.05,1336.93,1399.6,1328.58,875,stock
2022-01-13,MSLB,1321.14,1346.96,1363.67,1321.14,573,stock
2022-01-16,MSLB,1346.96,1428.85,1457.26,1347.8,2004,stock
2022-01-17,MSLB,1445.56,1452.24,1452.24,1412.14,1608,stock
2022-01-18,MSLB,1429.68,1407.12,1429.68,1403.78,614,stock
2022-01-19,MSLB,1433.03,1387.07,1433.03,1381.22,715,stock
2022-01-20,MSLB,1387.07,1418.82,1418.82,1364.51,451,stock
2022-01-23,MSLB,1392.92,1395.42,1420.49,1392.92,715,stock
2022-01-24,MSLB,1371.19,1346.63,1378.71,1316.88,1402,stock
2022-01-25,MSLB,1346.96,1324.4,1350.3,1320.22,421,stock
2022-01-26,MSLB,1299.33,1299.33,1324.4,1295.15,783,stock
2022-01-27,MSLB,1316.04,1323.56,1336.93,1291.06,1362,stock
2022-01-30,MSLB,1349.97,1341.95,1362.0,1311.87,871,stock
2022-01-31,MSLB,1336.93,1386.23,1386.23,1336.93,966,stock
2022-02-01,MSLB,1386.23,1379.55,1395.42,1360.33,749,stock
2022-02-03,MSLB,1370.36,1366.18,1382.89,1362.0,1325,stock
2022-02-06,MSLB,1353.64,1345.29,1373.7,1339.44,276,stock
2022-02-07,MSLB,1345.29,1328.58,1345.29,1328.58,169,stock
2022-02-08,MSLB,1354.48,1328.58,1354.48,1328.58,677,stock
2022-02-09,MSLB,1328.58,1307.77,1328.58,1307.77,244,stock
2022-02-10,MSLB,1307.77,1297.66,1332.76,1296.83,338,stock
2022-02-13,MSLB,1295.15,1246.69,1295.15,1246.69,682,stock
2022-02-14,MSLB,1249.2,1250.2,1299.33,1249.2,613,stock
2022-02-15,MSLB,1257.55,1277.44,1303.51,1253.46,599,stock
2022-02-16,MSLB,1302.93,1302.67,1328.58,1302.67,202,stock
2022-02-17,MSLB,1295.24,1295.99,1295.99,1295.15,72,stock
2022-02-20,MSLB,1274.26,1252.54,1278.44,1245.94,1048,stock
2022-02-21,MSLB,1230.9,1265.91,1278.44,1230.9,583,stock
2022-02-22,MSLB,1250.87,1253.37,1261.73,1250.03,706,stock
2022-02-23,MSLB,1240.84,1245.02,1273.43,1240.84,226,stock
2022-02-24,MSLB,1224.21,1232.49,1245.02,1224.21,424,stock
2022-02-27,MSLB,1212.43,1211.6,1235.83,1187.36,495,stock
2022-02-28,MSLB,1235.83,1190.71,1235.83,1190.71,296,stock
2022-03-02,MSLB,1214.52,1179.01,1214.52,1179.01,638,stock
2022-03-06,MSLB,1202.57,1173.99,1223.29,1169.82,279,stock
2022-03-07,MSLB,1197.47,1186.53,1219.95,1157.37,302,stock
2022-03-09,MSLB,1170.65,1146.42,1201.57,1146.42,902,stock
2022-03-10,MSLB,1146.42,1150.51,1178.17,1146.42,1121,stock
2022-03-13,MSLB,1173.41,1236.58,1238.33,1173.41,376,stock
2022-03-14,MSLB,1245.02,1245.02,1245.02,1245.02,41,stock
2022-03-15,MSLB,1249.2,1240.84,1256.72,1232.49,342,stock
2022-03-16,MSLB,1264.24,1245.02,1264.24,1245.02,205,stock
2022-03-20,MSLB,1232.49,1233.32,1233.32,1209.17,222,stock
2022-03-21,MSLB,1237.5,1214.94,1237.5,1214.94,346,stock
2022-03-22,MSLB,1236.66,1228.31,1236.66,1211.93,133,stock
2022-03-23,MSLB,1252.54,1206.58,1252.54,1203.74,884,stock
2022-03-24,MSLB,1194.88,1211.6,1219.95,1194.88,429,stock
2022-03-27,MSLB,1190.79,1194.88,1196.56,1190.79,75,stock
2022-03-28,MSLB,1194.88,1173.99,1194.88,1173.99,133,stock
2022-03-29,MSLB,1173.99,1150.68,1173.99,1150.68,20,stock
2022-03-30,MSLB,1128.04,1174.83,1174.83,1128.04,80,stock
2022-03-31,MSLB,1174.83,1153.36,1174.83,1153.27,164,stock
2022-04-03,MSLB,1153.36,1138.98,1153.36,1138.98,30,stock
2022-04-04,MSLB,1139.74,1153.1,1161.46,1139.74,365,stock
2022-04-05,MSLB,1147.26,1133.05,1147.26,1130.54,105,stock
2022-04-06,MSLB,1113.0,1113.83,1114.67,1113.0,46,stock
2022-04-07,MSLB,1119.68,1113.83,1136.06,1113.83,220,stock
2022-04-11,MSLB,1119.68,1107.15,1119.68,1107.15,198,stock
2022-04-12,MSLB,1107.15,1086.26,1107.15,1085.42,77,stock
2022-04-13,MSLB,1086.26,1128.04,1152.27,1084.59,776,stock
2022-04-17,MSLB,1128.04,1111.33,1128.04,1111.33,187,stock
2022-04-18,MSLB,1092.11,1090.44,1092.11,1090.44,75,stock
2022-04-19,MSLB,1091.27,1107.15,1110.49,1091.27,137,stock
2022-04-20,MSLB,1123.86,1085.42,1128.87,1085.42,159,stock
2022-04-21,MSLB,1066.29,1085.26,1085.26,1002.7,1051,stock
2022-04-24,MSLB,1084.59,1119.68,1128.04,1084.59,697,stock
2022-04-25,MSLB,1097.96,1119.68,1120.77,1097.96,980,stock
2022-04-26,MSLB,1119.6,1077.9,1119.68,1077.9,319,stock
2022-04-27,MSLB,1057.01,1119.68,1119.68,1045.31,279,stock
2022-04-28,MSLB,1104.64,1077.9,1104.64,1077.9,301,stock
2022-05-02,MSLB,1062.86,1081.24,1082.08,1062.86,188,stock
2022-05-04,MSLB,1082.92,1061.19,1082.92,1061.19,105,stock
2022-05-05,MSLB,1061.19,1020.25,1061.19,1019.41,516,stock
2022-05-08,MSLB,999.86,1000.19,1000.19,980.14,155,stock
2022-05-09,MSLB,1019.41,1077.9,1081.24,1019.41,204,stock
2022-05-10,MSLB,1086.26,1077.9,1107.98,1065.37,540,stock
2022-05-11,MSLB,1099.46,1119.68,1120.77,1098.79,153,stock
2022-05-12,MSLB,1142.08,1119.68,1142.08,1097.29,665,stock
2022-05-18,MSLB,1097.29,1086.26,1097.29,1052.83,141,stock
2022-05-19,MSLB,1104.64,1044.48,1104.64,1044.48,188,stock
2022-05-20,MSLB,1042.81,1044.48,1060.36,1039.47,111,stock
2022-05-23,MSLB,1023.59,1015.23,1023.59,1003.54,168,stock
2022-05-24,MSLB,1015.23,1007.71,1019.41,1002.7,203,stock
2022-05-25,MSLB,1019.41,1046.99,1047.82,1019.41,194,stock
2022-05-26,MSLB,1031.95,1026.93,1031.95,1011.06,477,stock
2022-05-27,MSLB,1006.88,1011.06,1027.02,1006.88,377,stock
2022-05-30,MSLB,991.84,986.07,991.84,971.2,84,stock
2022-05-31,MSLB,969.28,970.95,1002.7,969.28,276,stock
2022-06-01,MSLB,990.33,971.78,1010.14,971.2,182,stock
2022-06-02,MSLB,972.62,952.98,985.99,952.98,110,stock
2022-06-03,MSLB,937.52,922.48,952.56,882.38,766,stock
2022-06-06,MSLB,904.1,851.79,940.87,851.79,1542,stock
2022-06-07,MSLB,856.47,835.58,860.82,835.58,401,stock
2022-06-08,MSLB,852.29,889.9,906.61,852.29,703,stock
2022-06-09,MSLB,889.9,904.1,930.17,889.9,423,stock
2022-06-10,MSLB,905.77,889.06,912.46,889.06,223,stock
2022-06-13,MSLB,894.07,867.34,909.11,867.34,454,stock
2022-06-14,MSLB,867.42,852.29,883.96,835.58,510,stock
2022-06-15,MSLB,836.42,850.62,850.62,835.58,192,stock
2022-06-16,MSLB,833.91,869.84,869.84,827.65,327,stock
2022-06-17,MSLB,880.7,855.64,898.25,855.64,424,stock
2022-06-19,MSLB,838.93,840.6,853.13,838.93,231,stock
2022-06-20,MSLB,835.58,834.75,835.58,818.87,1109,stock
2022-06-21,MSLB,850.62,879.12,896.58,850.62,225,stock
2022-06-22,MSLB,864.83,860.65,864.83,856.47,115,stock
2022-06-23,MSLB,843.94,860.65,860.65,827.23,198,stock
2022-06-24,MSLB,843.94,802.16,852.29,802.16,1692,stock
2022-06-26,MSLB,818.2,877.36,882.38,818.2,676,stock
2022-06-27,MSLB,893.16,851.46,894.07,851.46,246,stock
2022-06-28,MSLB,851.46,852.29,852.29,851.46,23,stock
2022-06-29,MSLB,852.29,885.72,885.72,841.43,406,stock
2022-06-30,MSLB,889.9,915.8,935.85,889.9,907,stock
2022-07-01,MSLB,933.35,931.68,934.18,916.63,359,stock
2022-07-03,MSLB,940.03,985.15,994.34,921.65,659,stock
2022-07-04,MSLB,985.99,951.81,1004.79,951.81,1529,stock
2022-07-05,MSLB,969.28,927.5,970.78,927.5,905,stock
2022-07-06,MSLB,919.14,945.88,964.93,915.05,387,stock
2022-07-07,MSLB,927.58,954.57,964.93,927.58,729,stock
2022-07-08,MSLB,954.57,944.21,954.57,942.12,169,stock
2022-07-11,MSLB,935.85,891.57,935.85,890.73,619,stock
2022-07-12,MSLB,909.11,890.73,926.66,873.77,211,stock
2022-07-13,MSLB,907.44,940.87,941.7,904.85,285,stock
2022-07-14,MSLB,959.67,947.55,959.67,935.85,214,stock
2022-07-15,MSLB,965.1,965.1,965.1,965.1,10,stock
2022-07-17,MSLB,984.4,942.54,1002.7,942.54,217,stock
2022-07-18,MSLB,960.84,942.54,960.84,942.54,102,stock
2022-07-19,MSLB,960.92,978.47,985.99,953.4,517,stock
2022-07-20,MSLB,958.92,977.63,994.26,958.92,562,stock
2022-07-21,MSLB,977.63,992.67,992.67,961.76,90,stock
2022-07-22,MSLB,996.85,957.58,1002.62,940.28,1577,stock
2022-07-24,MSLB,976.71,984.23,984.32,965.1,568,stock
2022-07-25,MSLB,984.32,1026.1,1042.81,984.32,1360,stock
2022-07-26,MSLB,1043.64,1001.86,1063.7,985.99,837,stock
2022-07-27,MSLB,1010.22,1081.24,1082.08,983.48,2270,stock
2022-07-28,MSLB,1102.13,1052.83,1102.13,1052.83,1348,stock
2022-07-29,MSLB,1041.14,1080.41,1081.24,1041.14,347,stock
2022-07-31,MSLB,1079.57,1077.9,1086.26,1058.27,1568,stock
2022-08-01,MSLB,1061.19,1052.83,1073.72,1052.83,932,stock
2022-08-02,MSLB,1073.89,1077.9,1077.9,1052.83,433,stock
2022-08-03,MSLB,1062.03,1082.08,1093.78,1062.03,759,stock
2022-08-04,MSLB,1065.37,1044.48,1065.37,1044.48,734,stock
2022-08-05,MSLB,1032.78,1003.54,1032.78,1003.54,502,stock
2022-08-07,MSLB,1023.59,1025.26,1044.06,1006.88,708,stock
2022-08-08,MSLB,1042.81,1011.06,1065.29,1007.71,1538,stock
2022-08-09,MSLB,1011.06,1011.06,1011.06,982.65,800,stock
2022-08-10,MSLB,991.84,1010.22,1019.41,991.0,600,stock
2022-08-11,MSLB,1010.22,990.17,1027.77,985.99,485,stock
2022-08-14,MSLB,1009.89,993.51,1009.89,974.29,259,stock
2022-08-15,MSLB,1006.88,1002.7,1027.77,987.58,2188,stock
2022-08-16,MSLB,1002.7,987.66,1038.63,987.66,1427,stock
2022-08-17,MSLB,987.66,982.65,1015.23,982.65,1204,stock
2022-08-18,MSLB,1002.28,1012.73,1027.77,1002.28,247,stock
2022-08-21,MSLB,1012.73,990.17,1012.73,979.3,688,stock
2022-08-22,MSLB,1009.97,990.25,1027.77,987.66,689,stock
2022-08-23,MSLB,995.18,994.34,995.18,994.34,220,stock
2022-08-24,MSLB,1004.37,1006.88,1006.88,998.52,134,stock
2022-08-25,MSLB,1006.88,1000.19,1011.47,1000.19,862,stock
2022-08-26,MSLB,984.32,1000.19,1000.19,984.32,340,stock
2022-08-28,MSLB,988.83,991.0,991.0,952.56,1042,stock
2022-08-29,MSLB,990.17,983.48,1009.8,973.45,268,stock
2022-08-30,MSLB,983.48,983.48,985.99,965.18,491,stock
2022-08-31,MSLB,963.85,953.65,963.85,951.73,233,stock
2022-09-01,MSLB,953.65,1009.3,1009.3,935.85,209,stock
2022-09-02,MSLB,989.16,969.44,989.16,969.44,70,stock
2022-09-04,MSLB,955.91,951.73,960.92,920.9,2276,stock
2022-09-05,MSLB,934.27,936.69,944.21,934.27,657,stock
2022-09-06,MSLB,955.07,920.06,973.45,919.98,1077,stock
2022-09-07,MSLB,902.68,906.61,910.79,902.43,520,stock
2022-09-08,MSLB,923.32,908.28,923.32,908.28,190,stock
2022-09-11,MSLB,925.83,913.29,944.04,910.79,560,stock
2022-09-12,MSLB,896.0,898.42,899.09,896.0,142,stock
2022-09-13,MSLB,909.11,931.59,931.59,909.11,110,stock
2022-09-14,MSLB,944.21,981.81,981.81,944.21,799,stock
2022-09-15,MSLB,997.77,921.06,997.77,921.06,160,stock
2022-09-16,MSLB,903.27,906.61,906.61,903.27,52,stock
2022-09-18,MSLB,906.61,902.43,918.31,899.09,427,stock
2022-09-20,MSLB,898.34,890.06,898.42,890.06,485,stock
2022-09-21,MSLB,878.2,885.72,890.73,878.2,212,stock
2022-09-22,MSLB,903.43,869.01,903.43,869.01,204,stock
2022-09-25,MSLB,868.17,869.01,885.72,853.97,498,stock
2022-09-27,MSLB,886.14,894.07,894.07,860.65,119,stock
2022-09-28,MSLB,894.07,879.03,911.62,879.03,40,stock
2022-09-29,MSLB,895.75,896.58,914.13,895.75,60,stock
2022-10-09,MSLB,914.13,941.7,941.7,914.13,250,stock
2022-10-10,MSLB,960.09,894.07,960.09,894.07,352,stock
2022-10-11,MSLB,878.62,879.03,881.54,878.62,85,stock
2022-10-12,MSLB,879.03,927.5,927.5,879.03,177,stock
2022-10-13,MSLB,927.5,931.68,945.88,914.96,94,stock
2022-10-16,MSLB,913.04,889.9,919.14,889.06,145,stock
2022-10-17,MSLB,886.55,886.55,886.55,886.55,14,stock
2022-10-19,MSLB,886.55,864.83,886.55,864.83,600,stock
2022-10-20,MSLB,881.54,881.54,881.54,881.54,12,stock
2022-10-23,MSLB,863.91,846.03,867.92,802.16,433,stock
2022-10-31,MSLB,835.58,843.94,843.94,829.15,575,stock
2022-11-01,MSLB,843.94,860.65,877.36,835.58,205,stock
2022-11-02,MSLB,843.94,830.57,877.36,830.57,1588,stock
2022-11-03,MSLB,831.49,821.46,831.49,821.46,335,stock
2022-11-06,MSLB,831.41,856.06,856.06,831.41,295,stock
2022-11-07,MSLB,843.94,847.28,869.01,843.94,1385,stock
2022-11-08,MSLB,831.41,835.58,843.1,831.41,320,stock
2022-11-09,MSLB,835.58,821.55,835.58,819.71,293,stock
2022-11-10,MSLB,821.55,821.38,827.23,810.52,179,stock
2022-11-13,MSLB,807.17,806.34,812.19,806.34,441,stock
2022-11-14,MSLB,805.17,833.91,833.91,805.17,67,stock
2022-11-15,MSLB,849.79,823.05,849.79,823.05,162,stock
2022-11-16,MSLB,814.69,815.53,835.58,811.35,171,stock
2022-11-17,MSLB,823.05,854.8,854.8,823.05,1090,stock
2022-11-22,MSLB,869.84,833.08,869.84,833.08,315,stock
2022-11-24,MSLB,819.71,828.06,833.49,817.37,492,stock
2022-11-27,MSLB,828.06,873.18,873.18,813.02,789,stock
2022-11-28,MSLB,856.47,856.47,856.47,856.47,10,stock
2022-11-29,MSLB,839.34,855.55,855.55,839.34,31,stock
2022-11-30,MSLB,838.93,854.8,854.8,837.25,952,stock
2022-12-01,MSLB,838.17,853.97,853.97,838.09,129,stock
2022-12-04,MSLB,856.47,856.47,864.83,856.47,1005,stock
2022-12-05,MSLB,852.29,843.94,852.29,843.94,204,stock
2022-12-06,MSLB,852.29,848.12,855.72,835.58,293,stock
2022-12-07,MSLB,865.08,843.44,865.08,843.44,586,stock
2022-12-11,MSLB,843.94,858.14,859.82,843.94,31,stock
2022-12-12,MSLB,848.12,868.17,868.17,843.94,229,stock
2022-12-13,MSLB,877.36,868.17,877.36,852.29,171,stock
2022-12-14,MSLB,860.65,868.17,868.17,852.29,246,stock
2022-12-15,MSLB,868.17,884.05,884.05,868.17,147,stock
2022-12-18,MSLB,866.42,865.66,866.42,865.66,20,stock
2022-12-19,MSLB,865.66,864.75,882.38,864.75,106,stock
2022-12-20,MSLB,848.12,852.29,852.38,839.76,214,stock
2022-12-21,MSLB,852.29,827.23,852.29,827.23,242,stock
2022-12-22,MSLB,828.9,857.31,857.31,828.06,519,stock
2022-12-26,MSLB,874.02,891.32,891.32,841.43,222,stock
2022-12-27,MSLB,906.61,899.09,909.11,881.54,1137,stock
2022-12-28,MSLB,885.72,852.29,885.72,852.29,775,stock
2022-12-29,MSLB,848.12,904.44,904.44,848.12,1604,stock
2023-01-01,MSLB,919.14,900.76,937.52,900.76,366,stock
2023-01-02,MSLB,900.76,900.76,918.31,892.4,288,stock
2023-01-03,MSLB,883.21,888.48,918.72,883.21,796,stock
2023-01-04,MSLB,898.25,948.39,960.09,894.07,791,stock
2023-01-05,MSLB,967.35,1022.67,1022.67,935.85,2216,stock
2023-01-08,MSLB,1042.81,1023.67,1062.69,1003.62,1249,stock
2023-01-09,MSLB,1016.07,1028.52,1052.83,1016.07,1480,stock
2023-01-18,MSLB,1048.66,1031.95,1069.55,1028.69,1061,stock
2023-01-19,MSLB,1023.59,1044.56,1059.52,1011.31,1696,stock
2023-01-23,MSLB,1029.44,1039.47,1039.47,1009.22,550,stock
2023-01-24,MSLB,1020.25,1036.12,1036.12,1019.41,357,stock
2023-01-25,MSLB,1036.12,1048.66,1056.85,1024.09,659,stock
2023-01-26,MSLB,1031.95,1024.43,1043.64,1024.43,200,stock
2023-01-29,MSLB,1019.41,1014.4,1019.41,1012.73,78,stock
2023-01-30,MSLB,1002.7,987.66,1006.88,987.66,606,stock
2023-01-31,MSLB,985.99,985.99,1001.03,985.99,339,stock
2023-02-01,MSLB,969.44,969.36,969.44,969.36,121,stock
2023-02-02,MSLB,965.1,954.24,972.7,953.48,581,stock
2023-02-05,MSLB,954.24,985.99,985.99,954.24,284,stock
2023-02-06,MSLB,969.28,1040.3,1040.3,961.76,270,stock
2023-02-07,MSLB,1027.77,1040.3,1040.3,1007.21,1004,stock
2023-02-08,MSLB,1040.3,1035.71,1065.37,1019.41,362,stock
2023-02-09,MSLB,1019.41,1036.12,1036.12,1019.41,40,stock
2023-02-12,MSLB,1015.4,995.18,1016.07,995.18,1055,stock
2023-02-14,MSLB,994.34,1014.23,1014.23,968.27,630,stock
2023-02-15,MSLB,995.26,968.78,995.26,968.78,389,stock
2023-02-16,MSLB,952.56,940.11,952.56,940.11,180,stock
2023-02-20,MSLB,958.41,927.5,958.41,920.56,149,stock
2023-02-22,MSLB,909.11,907.44,924.99,859.82,320,stock
2023-02-23,MSLB,889.31,816.7,889.31,816.7,2669,stock
2023-02-26,MSLB,816.36,814.69,828.9,768.74,1486,stock
2023-02-27,MSLB,811.35,797.98,830.99,795.48,562,stock
2023-02-28,MSLB,793.8,818.87,824.72,778.76,471,stock
2023-03-01,MSLB,818.87,802.49,818.87,802.49,220,stock
2023-03-02,MSLB,787.12,798.82,798.82,757.96,451,stock
2023-03-05,MSLB,782.86,752.02,782.86,752.02,340,stock
2023-03-07,MSLB,739.49,748.68,763.64,714.42,836,stock
2023-03-09,MSLB,762.89,793.8,818.45,762.89,193,stock
2023-03-12,MSLB,781.27,781.27,781.27,765.73,725,stock
2023-03-13,MSLB,767.07,758.79,772.91,757.96,625,stock
2023-03-14,MSLB,745.51,772.08,772.08,743.84,370,stock
2023-03-15,MSLB,756.7,747.85,760.38,746.26,187,stock
2023-03-16,MSLB,735.31,725.29,735.31,725.29,573,stock
2023-03-19,MSLB,739.74,731.14,741.16,731.14,263,stock
2023-03-20,MSLB,720.27,747.01,747.01,718.6,1092,stock
2023-03-22,MSLB,761.88,756.79,818.79,735.31,1747,stock
2023-03-23,MSLB,743.67,750.35,752.02,742.08,965,stock
2023-03-26,MSLB,735.4,710.25,764.56,696.88,1350,stock
2023-03-27,MSLB,718.6,672.64,718.6,672.64,631,stock
2023-03-28,MSLB,668.47,689.36,697.71,660.95,2032,stock
2023-03-29,MSLB,702.73,701.89,705.98,701.89,530,stock
2023-03-30,MSLB,715.93,696.04,721.94,690.36,517,stock
2023-04-02,MSLB,696.04,660.11,708.57,660.11,1195,stock
2023-04-03,MSLB,671.81,681.0,721.94,671.81,422,stock
2023-04-04,MSLB,694.62,670.14,694.62,658.44,885,stock
2023-04-05,MSLB,683.51,681.0,683.51,660.11,478,stock
2023-04-06,MSLB,694.62,670.14,694.62,670.14,246,stock
2023-04-09,MSLB,670.14,659.28,670.14,648.41,836,stock
2023-04-10,MSLB,651.84,668.38,675.99,651.84,1002,stock
2023-04-11,MSLB,681.67,699.38,699.38,676.82,940,stock
2023-04-12,MSLB,698.81,730.31,740.81,696.9,1420,stock
2023-04-13,MSLB,744.82,745.39,745.39,720.38,355,stock
2023-04-16,MSLB,730.5,711.22,730.5,701.67,482,stock
2023-04-17,MSLB,701.67,703.1,703.1,689.36,350,stock
2023-04-18,MSLB,689.26,701.67,701.67,689.26,30,stock
2023-04-19,MSLB,701.67,701.67,701.67,701.67,45,stock
2023-04-20,MSLB,697.85,684.49,711.22,684.49,280,stock
2023-04-23,MSLB,670.93,661.58,687.35,661.58,423,stock
2023-04-24,MSLB,663.58,663.58,663.58,663.58,23,stock
2023-04-25,MSLB,665.39,678.66,678.66,660.62,1415,stock
2023-04-26,MSLB,667.3,666.54,667.3,666.54,47,stock
2023-04-27,MSLB,666.54,663.48,668.26,663.48,60,stock
2023-05-02,MSLB,675.89,653.94,675.89,653.94,407,stock
2023-05-03,MSLB,641.15,660.05,660.05,634.84,93,stock
2023-05-04,MSLB,657.76,657.76,657.76,657.76,72,stock
2023-05-07,MSLB,656.8,657.76,657.76,656.8,110,stock
2023-05-08,MSLB,647.26,654.89,654.89,644.68,540,stock
2023-05-09,MSLB,655.85,642.48,655.85,642.48,323,stock
2023-05-10,MSLB,642.48,642.48,642.48,642.48,30,stock
2023-05-11,MSLB,644.39,649.16,649.16,644.39,30,stock
2023-05-14,MSLB,649.16,641.53,653.94,641.53,178,stock
2023-05-15,MSLB,628.74,630.07,641.15,628.74,218,stock
2023-05-16,MSLB,639.62,630.36,639.62,630.36,60,stock
2023-05-17,MSLB,642.48,642.48,642.48,642.48,53,stock
2023-05-18,MSLB,653.94,687.35,687.35,653.94,390,stock
2023-05-21,MSLB,682.58,668.26,682.58,664.44,648,stock
2023-05-22,MSLB,668.26,664.44,677.8,664.44,31,stock
2023-05-23,MSLB,677.71,705.49,705.49,664.44,425,stock
2023-05-24,MSLB,692.12,718.76,718.85,692.12,689,stock
2023-05-28,MSLB,715.99,719.52,730.31,705.49,853,stock
2023-05-30,MSLB,718.85,692.12,718.85,692.12,313,stock
2023-05-31,MSLB,678.76,669.21,692.32,669.21,93,stock
2023-06-01,MSLB,669.21,669.4,682.58,669.21,54,stock
2023-06-04,MSLB,677.8,730.31,732.22,677.8,174,stock
2023-06-05,MSLB,730.31,728.4,735.08,715.99,214,stock
2023-06-06,MSLB,715.99,725.54,725.54,702.63,102,stock
2023-06-07,MSLB,740.05,734.13,741.77,701.67,175,stock
2023-06-08,MSLB,719.52,733.17,733.17,705.58,527,stock
2023-06-11,MSLB,747.78,762.67,762.67,711.22,1116,stock
2023-06-12,MSLB,776.13,748.45,776.13,748.45,297,stock
2023-06-13,MSLB,760.86,779.0,779.0,746.54,835,stock
2023-06-14,MSLB,794.18,792.36,806.68,782.82,711,stock
2023-06-15,MSLB,808.21,796.18,808.21,792.08,87,stock
2023-06-18,MSLB,811.46,875.42,875.42,799.05,1000,stock
2023-06-19,MSLB,892.6,871.6,892.6,857.95,536,stock
2023-06-20,MSLB,871.6,806.4,887.83,806.4,720,stock
2023-06-21,MSLB,790.55,782.82,801.91,779.0,202,stock
2023-06-22,MSLB,768.5,783.77,783.77,768.5,164,stock
2023-06-25,MSLB,799.43,815.37,815.37,783.77,241,stock
2023-06-26,MSLB,831.5,830.55,847.73,801.91,897,stock
2023-06-27,MSLB,846.68,908.83,909.79,846.68,2470,stock
2023-06-28,MSLB,926.97,885.92,926.97,883.05,1722,stock
2023-07-02,MSLB,868.26,835.32,868.74,804.77,729,stock
2023-07-03,MSLB,835.32,818.62,867.78,818.62,131,stock
2023-07-04,MSLB,834.94,809.55,867.78,809.55,259,stock
2023-07-05,MSLB,793.51,780.91,793.51,768.5,583,stock
2023-07-06,MSLB,782.82,801.91,801.91,750.64,423,stock
2023-07-09,MSLB,801.91,800.0,817.18,769.36,305,stock
2023-07-10,MSLB,815.94,792.36,831.5,782.91,547,stock
2023-07-11,MSLB,792.36,791.41,792.36,776.61,620,stock
2023-07-12,MSLB,791.41,827.68,827.68,791.41,1173,stock
2023-07-13,MSLB,844.2,827.68,844.2,821.96,904,stock
2023-07-16,MSLB,814.32,830.45,830.45,813.37,552,stock
2023-07-17,MSLB,821.96,840.1,856.32,821.96,578,stock
2023-07-18,MSLB,849.64,858.81,868.74,842.0,250,stock
2023-07-19,MSLB,842.0,835.32,843.91,826.73,1015,stock
2023-07-20,MSLB,835.32,818.62,849.64,818.62,777,stock
2023-07-23,MSLB,821.0,852.51,868.74,803.82,891,stock
2023-07-24,MSLB,836.28,838.19,852.51,821.96,1012,stock
2023-07-25,MSLB,830.64,821.96,831.03,821.96,247,stock
2023-07-26,MSLB,821.96,817.76,838.38,817.76,306,stock
2023-07-27,MSLB,818.14,797.14,821.0,795.51,1108,stock
2023-07-30,MSLB,785.68,763.72,785.68,757.9,568,stock
2023-07-31,MSLB,763.72,778.04,778.04,733.65,2056,stock
2023-08-01,MSLB,787.59,762.48,801.91,762.48,209,stock
2023-08-02,MSLB,754.18,754.18,754.18,748.45,207,stock
2023-08-03,MSLB,755.13,741.77,755.13,741.77,657,stock
2023-08-06,MSLB,730.41,756.56,756.56,728.4,443,stock
2023-08-07,MSLB,741.77,735.08,744.63,735.08,166,stock
2023-08-08,MSLB,730.31,726.49,749.4,726.49,212,stock
2023-08-09,MSLB,715.99,755.8,755.8,701.77,361,stock
2023-08-10,MSLB,740.72,735.08,744.63,730.31,296,stock
2023-08-13,MSLB,735.08,735.08,735.08,725.54,240,stock
2023-08-14,MSLB,735.08,764.39,764.39,698.81,5541,stock
2023-08-15,MSLB,749.12,732.22,749.12,720.48,456,stock
2023-08-16,MSLB,720.76,696.9,730.31,696.9,724,stock
2023-08-17,MSLB,710.26,715.99,733.17,701.67,1313,stock
2023-08-20,MSLB,730.31,725.54,744.63,725.54,507,stock
2023-08-21,MSLB,739.86,735.08,739.86,715.99,200,stock
2023-08-22,MSLB,725.54,735.08,735.08,721.72,534,stock
2023-08-23,MSLB,721.72,784.73,803.25,721.72,1166,stock
2023-08-24,MSLB,769.07,789.5,796.18,744.63,637,stock
2023-08-27,MSLB,774.22,744.63,774.22,744.63,170,stock
2023-08-28,MSLB,736.13,736.13,741.77,736.13,473,stock
2023-08-29,MSLB,736.04,749.4,749.4,736.04,22,stock
2023-08-30,MSLB,735.08,757.04,757.04,725.54,92,stock
2023-09-03,MSLB,742.72,730.31,742.72,717.04,369,stock
2023-09-04,MSLB,725.54,743.68,743.68,716.28,129,stock
2023-09-05,MSLB,730.31,715.99,730.31,715.99,313,stock
2023-09-07,MSLB,730.21,716.09,730.21,716.09,69,stock
2023-09-10,MSLB,720.76,749.4,749.4,716.95,376,stock
2023-09-11,MSLB,749.4,744.63,758.0,734.61,615,stock
2023-09-12,MSLB,749.4,751.31,758.0,730.31,799,stock
2023-09-13,MSLB,739.86,761.81,764.3,722.67,793,stock
2023-09-17,MSLB,747.49,758.95,758.95,733.17,943,stock
2023-09-18,MSLB,762.77,762.77,762.77,762.77,100,stock
2023-09-19,MSLB,747.59,772.32,772.32,747.59,60,stock
2023-09-21,MSLB,787.59,763.72,787.59,748.45,1279,stock
2023-09-24,MSLB,754.18,769.45,778.04,754.18,648,stock
2023-09-25,MSLB,763.72,768.97,769.36,747.59,1373,stock
2023-09-26,MSLB,783.77,782.82,783.77,755.13,278,stock
2023-09-27,MSLB,767.54,766.59,767.54,752.36,348,stock
2023-10-01,MSLB,758.95,763.72,763.72,750.36,160,stock
2023-10-02,MSLB,750.36,750.36,750.36,750.36,19,stock
2023-10-03,MSLB,750.36,763.72,764.68,739.86,313,stock
2023-10-04,MSLB,754.18,760.38,774.22,754.18,749,stock
2023-10-05,MSLB,745.58,747.49,747.49,745.58,273,stock
2023-10-08,MSLB,732.7,727.45,744.63,727.45,133,stock
2023-10-09,MSLB,714.18,712.94,728.4,712.94,439,stock
2023-10-10,MSLB,699.76,727.06,727.06,699.76,64,stock
2023-10-11,MSLB,727.45,733.17,733.17,727.45,20,stock
2023-10-12,MSLB,718.57,718.57,718.57,718.57,23,stock
2023-10-16,MSLB,706.44,704.53,706.44,704.53,204,stock
2023-10-17,MSLB,696.9,697.85,710.84,696.9,214,stock
2023-10-18,MSLB,711.79,722.67,723.63,697.85,184,stock
2023-10-19,MSLB,719.81,719.9,734.13,706.44,137,stock
2023-10-29,MSLB,705.58,705.58,705.58,705.58,30,stock
2023-10-30,MSLB,696.9,694.03,696.9,683.05,234,stock
2023-10-31,MSLB,683.53,736.04,736.42,682.58,141,stock
2023-11-01,MSLB,721.34,715.99,721.34,707.4,52,stock
2023-11-02,MSLB,701.67,715.04,715.04,701.67,59,stock
2023-11-05,MSLB,715.99,708.74,715.99,700.81,156,stock
2023-11-06,MSLB,696.99,706.44,706.44,696.9,177,stock
2023-11-07,MSLB,706.44,704.53,706.44,696.9,55,stock
2023-11-08,MSLB,718.47,720.76,720.76,704.53,309,stock
2023-11-09,MSLB,706.44,706.35,706.44,706.35,367,stock
2023-11-20,MSLB,696.9,720.38,720.38,696.9,72,stock
2023-11-21,MSLB,711.22,711.22,711.22,711.22,159,stock
2023-11-22,MSLB,725.44,725.44,725.44,725.44,10,stock
2023-11-23,MSLB,711.22,692.6,711.22,689.36,424,stock
2023-11-26,MSLB,692.12,715.99,727.35,686.4,1238,stock
2023-11-27,MSLB,701.67,728.4,728.4,688.31,181,stock
2023-11-28,MSLB,720.76,720.76,720.76,713.89,101,stock
2023-11-29,MSLB,720.76,682.58,720.76,679.24,142,stock
2023-11-30,MSLB,669.21,694.99,694.99,669.21,164,stock
2023-12-03,MSLB,694.99,708.26,708.26,667.59,686,stock
2023-12-04,MSLB,695.94,681.15,696.9,681.15,484,stock
2023-12-05,MSLB,670.17,707.88,707.88,668.35,250,stock
2023-12-06,MSLB,693.75,706.25,706.44,693.75,140,stock
2023-12-07,MSLB,692.22,701.67,701.67,692.22,92,stock
2023-12-11,MSLB,704.53,746.54,746.54,703.58,693,stock
2023-12-12,MSLB,731.65,758.95,758.95,714.08,1532,stock
2023-12-13,MSLB,743.77,762.96,762.96,729.07,369,stock
2023-12-14,MSLB,747.78,772.32,772.32,747.78,401,stock
2023-12-17,MSLB,763.72,801.91,818.14,750.93,1023,stock
2023-12-18,MSLB,811.46,837.23,837.23,809.55,3463,stock
2023-12-19,MSLB,853.46,849.64,854.42,819.19,1402,stock
2023-12-20,MSLB,837.23,837.23,849.64,835.42,744,stock
2023-12-21,MSLB,837.23,837.23,853.46,796.18,957,stock
2023-12-24,MSLB,821.96,807.73,821.96,806.68,923,stock
2023-12-27,MSLB,823.87,820.05,823.87,797.14,1019,stock
2023-12-28,MSLB,803.82,827.3,829.59,784.73,914,stock
2024-01-01,MSLB,843.82,825.78,843.82,816.23,371,stock
2024-01-02,MSLB,809.26,797.14,809.26,793.13,118,stock
2024-01-03,MSLB,782.82,780.91,782.82,779.95,567,stock
2024-01-04,MSLB,768.59,776.13,781.86,768.5,1522,stock
2024-01-07,MSLB,776.13,773.27,776.13,759.9,2096,stock
2024-01-08,MSLB,773.27,763.72,789.5,763.72,1522,stock
2024-01-09,MSLB,776.13,787.59,825.78,776.13,698,stock
2024-01-10,MSLB,803.34,806.68,835.32,800.0,1350,stock
2024-01-11,MSLB,821.0,819.09,822.91,776.13,476,stock
2024-01-14,MSLB,825.78,844.87,852.22,814.32,2362,stock
2024-01-16,MSLB,859.19,873.51,878.28,859.19,551,stock
2024-01-17,MSLB,859.19,839.14,890.98,838.28,1702,stock
2024-01-18,MSLB,834.37,923.05,923.05,833.41,2657,stock
2024-01-21,MSLB,926.01,878.28,926.01,863.96,1101,stock
2024-01-22,MSLB,873.51,866.83,873.51,844.87,4201,stock
2024-01-23,MSLB,866.83,857.28,866.83,834.37,565,stock
2024-01-24,MSLB,873.51,890.98,890.98,856.32,1161,stock
2024-01-25,MSLB,887.83,854.42,887.83,853.46,1500,stock
2024-01-28,MSLB,842.0,883.05,883.05,841.05,1208,stock
2024-01-29,MSLB,882.1,852.51,882.1,852.51,1054,stock
2024-01-30,MSLB,869.5,853.46,869.5,821.96,432,stock
2024-01-31,MSLB,868.74,854.42,868.74,835.32,212,stock
2024-02-01,MSLB,849.64,848.69,849.64,838.19,80,stock
2024-02-04,MSLB,863.01,831.5,863.96,831.5,374,stock
2024-02-05,MSLB,831.5,844.87,848.11,825.78,349,stock
2024-02-06,MSLB,832.46,846.78,846.78,832.46,214,stock
2024-02-07,MSLB,859.19,861.1,861.1,858.23,241,stock
2024-02-11,MSLB,832.65,815.85,832.65,801.91,1050,stock
2024-02-12,MSLB,806.97,882.1,882.1,805.82,1784,stock
2024-02-13,MSLB,887.83,870.07,887.83,870.07,20,stock
2024-02-15,MSLB,852.7,822.91,852.7,822.91,251,stock
2024-02-18,MSLB,811.46,806.68,811.46,801.91,712,stock
2024-02-20,MSLB,806.68,794.27,806.68,794.27,516,stock
2024-02-21,MSLB,781.48,824.82,824.82,781.48,1435,stock
2024-02-22,MSLB,808.4,792.55,808.4,792.36,357,stock
2024-02-25,MSLB,778.14,782.82,782.82,777.09,363,stock
2024-02-26,MSLB,782.82,792.27,792.27,782.82,164,stock
2024-02-27,MSLB,783.77,806.68,806.68,778.04,855,stock
2024-02-28,MSLB,794.27,821.0,821.0,794.27,174,stock
2024-02-29,MSLB,805.73,788.74,806.68,788.74,883,stock
2024-03-03,MSLB,788.54,777.09,788.54,774.22,685,stock
2024-03-05,MSLB,792.36,777.09,808.4,754.18,6890,stock
2024-03-06,MSLB,767.54,792.17,792.17,763.72,520,stock
2024-03-07,MSLB,807.64,823.68,840.48,776.52,1783,stock
2024-03-10,MSLB,840.1,895.47,895.47,821.0,4193,stock
2024-03-12,MSLB,895.47,954.65,976.61,851.55,4714,stock
2024-03-13,MSLB,973.75,935.56,973.75,922.2,2707,stock
2024-03-14,MSLB,916.85,928.88,929.83,897.37,1356,stock
2024-03-17,MSLB,916.47,964.2,1021.77,881.43,3499,stock
2024-03-18,MSLB,964.2,946.06,964.2,926.21,1789,stock
2024-03-19,MSLB,964.2,971.84,984.25,954.75,2854,stock
2024-03-20,MSLB,989.98,1031.03,1031.03,954.65,11692,stock
2024-03-21,MSLB,1051.07,1020.53,1051.07,972.79,1660,stock
2024-03-25,MSLB,1000.48,982.34,1000.48,965.25,541,stock
2024-03-26,MSLB,962.77,977.57,978.62,959.43,576,stock
2024-03-27,MSLB,996.66,976.61,996.66,962.39,658,stock
2024-03-28,MSLB,957.61,959.52,966.87,945.2,849,stock
2024-03-31,MSLB,940.33,924.11,960.1,923.15,4137,stock
2024-04-01,MSLB,905.68,1011.36,1011.36,905.68,1242,stock
2024-04-02,MSLB,1031.5,1028.16,1031.5,949.59,5527,stock
2024-04-03,MSLB,1007.64,1035.8,1047.26,975.75,6766,stock
2024-04-04,MSLB,1016.52,1107.4,1132.22,1015.85,17757,stock
2024-04-07,MSLB,1125.54,1127.45,1142.72,1075.89,6447,stock
2024-04-09,MSLB,1104.92,1067.3,1104.92,1066.54,2968,stock
2024-04-10,MSLB,1067.3,1014.03,1088.21,1013.94,3668,stock
2024-04-14,MSLB,1021.48,1088.31,1097.85,1021.48,1937,stock
2024-04-15,MSLB,1067.3,1107.4,1177.09,1067.3,10396,stock
2024-04-16,MSLB,1107.4,1082.58,1107.4,1060.62,527,stock
2024-04-18,MSLB,1059.67,1031.98,1060.62,1031.98,757,stock
2024-04-21,MSLB,1031.03,1031.03,1045.35,1015.85,657,stock
2024-04-22,MSLB,1031.12,1046.3,1051.65,1016.8,1198,stock
2024-04-24,MSLB,1066.35,1059.67,1067.21,1046.3,999,stock
2024-04-25,MSLB,1073.99,1064.44,1078.76,1044.11,2217,stock
2024-04-28,MSLB,1052.03,1078.76,1106.35,1046.3,1122,stock
2024-04-29,MSLB,1078.76,1078.76,1088.31,1078.76,2127,stock
2024-04-30,MSLB,1059.76,1068.26,1097.85,1059.67,1375,stock
2024-05-02,MSLB,1071.12,1131.26,1175.08,1071.12,8666,stock
2024-05-05,MSLB,1110.26,1132.22,1191.41,1110.26,8187,stock
2024-05-06,MSLB,1110.26,1122.67,1144.63,1102.63,2151,stock
2024-05-07,MSLB,1101.67,1126.49,1154.18,1101.67,5865,stock
2024-05-08,MSLB,1145.49,1207.64,1239.14,1140.81,5250,stock
2024-05-09,MSLB,1184.73,1167.54,1193.32,1136.99,713,stock
2024-05-12,MSLB,1144.63,1133.17,1159.9,1107.49,533,stock
2024-05-13,MSLB,1150.36,1118.85,1173.27,1112.17,8450,stock
2024-05-14,MSLB,1141.19,1181.86,1208.4,1126.49,2454,stock
2024-05-15,MSLB,1205.44,1163.72,1205.44,1147.49,3575,stock
2024-05-16,MSLB,1162.77,1221.96,1231.5,1160.86,8696,stock
2024-05-19,MSLB,1198.09,1239.14,1242.0,1198.09,4956,stock
2024-05-20,MSLB,1239.14,1256.32,1340.33,1223.87,7187,stock
2024-05-21,MSLB,1231.5,1372.79,1374.7,1231.31,7501,stock
2024-05-22,MSLB,1372.79,1311.69,1379.47,1268.64,3787,stock
2024-05-26,MSLB,1336.52,1241.05,1336.52,1215.27,2075,stock
2024-05-27,MSLB,1254.42,1221.96,1254.42,1205.73,1994,stock
2024-05-29,MSLB,1246.4,1170.41,1246.4,1170.41,2444,stock
2024-05-30,MSLB,1192.36,1153.22,1193.79,1133.17,1968,stock
2024-06-02,MSLB,1176.13,1177.09,1222.91,1155.51,2238,stock
2024-06-03,MSLB,1200.0,1221.1,1223.87,1155.23,3148,stock
2024-06-04,MSLB,1239.14,1317.42,1317.42,1221.96,20577,stock
2024-06-05,MSLB,1293.56,1326.01,1336.52,1272.55,3200,stock
2024-06-06,MSLB,1336.52,1288.78,1343.2,1282.1,4591,stock
2024-06-09,MSLB,1263.01,1282.0,1314.56,1250.6,5068,stock
2024-06-10,MSLB,1263.01,1303.1,1303.1,1263.01,4597,stock
2024-06-11,MSLB,1306.92,1322.2,1326.97,1286.01,2134,stock
2024-06-12,MSLB,1348.64,1426.25,1454.42,1280.19,14602,stock
2024-06-13,MSLB,1422.43,1346.06,1429.98,1327.92,2403,stock
2024-06-16,MSLB,1369.93,1315.23,1369.93,1298.33,1660,stock
2024-06-18,MSLB,1335.56,1285.92,1335.56,1285.92,2071,stock
2024-06-19,MSLB,1309.79,1282.2,1326.97,1281.15,1910,stock
2024-06-20,MSLB,1270.74,1279.24,1307.78,1270.64,2214,stock
2024-06-23,MSLB,1304.53,1279.24,1330.6,1278.47,4371,stock
2024-06-24,MSLB,1304.73,1277.23,1304.73,1263.01,9990,stock
2024-06-25,MSLB,1260.14,1273.51,1309.79,1260.14,6502,stock
2024-06-26,MSLB,1260.14,1266.83,1314.56,1234.94,11477,stock
2024-06-27,MSLB,1269.69,1274.65,1303.1,1269.69,3872,stock
2024-06-30,MSLB,1270.64,1257.37,1287.83,1257.28,1902,stock
2024-07-01,MSLB,1242.96,1246.01,1264.92,1242.96,853,stock
2024-07-02,MSLB,1270.93,1276.37,1296.32,1260.14,2595,stock
2024-07-03,MSLB,1260.14,1260.14,1260.14,1250.88,1005,stock
2024-07-04,MSLB,1277.33,1247.73,1284.01,1242.0,3931,stock
2024-07-07,MSLB,1272.46,1264.92,1279.24,1250.6,2389,stock
2024-07-08,MSLB,1269.69,1314.56,1347.97,1267.78,12981,stock
2024-07-09,MSLB,1315.51,1335.56,1340.81,1314.56,5013,stock
2024-07-10,MSLB,1362.2,1318.0,1362.2,1310.17,3891,stock
2024-07-11,MSLB,1344.15,1315.51,1364.2,1295.47,1312,stock
2024-07-14,MSLB,1341.77,1328.88,1365.16,1298.33,4208,stock
2024-07-15,MSLB,1355.42,1289.74,1355.42,1289.74,20699,stock
2024-07-16,MSLB,1315.51,1331.74,1336.52,1289.26,2496,stock
2024-07-17,MSLB,1347.97,1345.97,1355.61,1322.2,1591,stock
2024-07-18,MSLB,1327.92,1365.16,1384.25,1327.92,10393,stock
2024-07-21,MSLB,1365.16,1364.3,1379.47,1337.95,4459,stock
2024-07-22,MSLB,1365.16,1346.06,1383.29,1338.52,2433,stock
2024-07-23,MSLB,1328.97,1350.84,1350.84,1328.97,2278,stock
2024-07-24,MSLB,1355.61,1349.88,1358.47,1326.97,4006,stock
2024-07-25,MSLB,1363.25,1389.02,1395.7,1347.97,4865,stock
2024-07-28,MSLB,1388.07,1361.34,1415.75,1316.75,3899,stock
2024-07-29,MSLB,1360.38,1306.92,1361.34,1288.78,5556,stock
2024-07-30,MSLB,1296.42,1355.61,1356.37,1289.83,9562,stock
2024-07-31,MSLB,1355.61,1355.61,1365.16,1341.29,2481,stock
2024-08-01,MSLB,1350.84,1343.2,1382.34,1315.51,2918,stock
2024-08-05,MSLB,1336.52,1352.65,1352.65,1291.65,2314,stock
2024-08-06,MSLB,1354.65,1279.33,1354.65,1275.23,3346,stock
2024-08-07,MSLB,1279.33,1346.06,1404.39,1279.33,2698,stock
2024-08-08,MSLB,1372.79,1364.2,1372.98,1346.06,5993,stock
2024-08-11,MSLB,1391.41,1382.34,1391.41,1341.77,3791,stock
2024-08-12,MSLB,1409.93,1512.17,1514.27,1403.34,16321,stock
2024-08-13,MSLB,1542.24,1577.47,1577.47,1467.3,7474,stock
2024-08-14,MSLB,1547.49,1575.18,1575.18,1513.13,5635,stock
2024-08-15,MSLB,1543.68,1508.35,1543.68,1508.35,2199,stock
2024-08-18,MSLB,1489.26,1518.85,1538.52,1459.67,4389,stock
2024-08-21,MSLB,1518.85,1479.71,1518.85,1463.58,6328,stock
2024-08-22,MSLB,1461.58,1452.03,1498.81,1451.36,4538,stock
2024-08-25,MSLB,1478.76,1432.94,1484.49,1423.48,4002,stock
2024-08-27,MSLB,1432.94,1402.2,1461.58,1374.7,3525,stock
2024-08-28,MSLB,1430.17,1398.57,1430.17,1377.57,1521,stock
2024-08-29,MSLB,1371.84,1411.93,1412.89,1354.65,3636,stock
2024-09-01,MSLB,1385.2,1348.16,1393.79,1348.16,2301,stock
2024-09-02,MSLB,1329.83,1419.57,1439.24,1328.11,809,stock
2024-09-03,MSLB,1441.53,1410.98,1445.35,1370.02,507,stock
2024-09-04,MSLB,1435.8,1389.02,1496.71,1339.38,3201,stock
2024-09-05,MSLB,1412.89,1422.43,1446.3,1386.16,4892,stock
2024-09-08,MSLB,1431.98,1564.68,1564.68,1422.43,24897,stock
2024-09-09,MSLB,1595.61,1536.99,1612.41,1484.77,10379,stock
2024-09-10,MSLB,1536.99,1537.95,1551.31,1488.31,6067,stock
2024-09-11,MSLB,1537.95,1559.9,1593.32,1517.9,13054,stock
2024-09-12,MSLB,1537.09,1604.77,1604.77,1536.99,12172,stock
2024-09-15,MSLB,1636.18,1551.31,1658.23,1551.31,13158,stock
2024-09-16,MSLB,1551.31,1516.85,1551.31,1471.12,8742,stock
2024-09-18,MSLB,1488.31,1470.36,1498.81,1470.17,3316,stock
2024-09-22,MSLB,1499.76,1473.41,1527.45,1422.43,3796,stock
2024-09-23,MSLB,1501.67,1422.82,1501.67,1368.21,3614,stock
2024-09-24,MSLB,1394.56,1347.21,1421.48,1347.21,3834,stock
2024-09-25,MSLB,1373.75,1412.89,1481.91,1322.2,15308,stock
2024-09-26,MSLB,1441.15,1460.62,1468.26,1397.61,2145,stock
2024-09-29,MSLB,1431.41,1422.43,1431.41,1375.27,494,stock
2024-09-30,MSLB,1394.27,1527.45,1539.47,1381.38,798,stock
2024-10-01,MSLB,1498.81,1613.37,1622.91,1467.02,8925,stock
2024-10-02,MSLB,1613.37,1544.63,1645.63,1520.76,2748,stock
2024-10-06,MSLB,1514.08,1521.72,1536.04,1490.21,725,stock
2024-10-07,MSLB,1527.45,1493.08,1527.45,1493.08,806,stock
2024-10-08,MSLB,1521.72,1467.3,1521.72,1467.3,411,stock
2024-10-09,MSLB,1467.3,1456.8,1495.94,1455.85,609,stock
2024-10-15,MSLB,1485.92,1429.12,1545.58,1429.12,185,stock
2024-10-16,MSLB,1456.8,1498.81,1515.13,1441.53,460,stock
2024-10-17,MSLB,1526.49,1479.71,1526.49,1470.17,1636,stock
2024-10-20,MSLB,1451.07,1496.9,1496.9,1451.07,1535,stock
2024-10-21,MSLB,1467.4,1470.17,1470.17,1450.21,677,stock
2024-10-22,MSLB,1460.62,1559.9,1559.9,1444.39,1441,stock
2024-10-23,MSLB,1591.03,1493.08,1591.03,1469.21,891,stock
2024-10-24,MSLB,1464.44,1464.44,1493.08,1464.44,1667,stock
2024-10-27,MSLB,1464.44,1460.62,1493.08,1442.48,1704,stock
2024-10-28,MSLB,1489.83,1478.66,1509.31,1457.85,790,stock
2024-10-29,MSLB,1496.9,1499.76,1517.9,1486.4,809,stock
2024-10-30,MSLB,1520.76,1538.42,1542.72,1509.31,1968,stock
2024-11-05,MSLB,1541.77,1526.49,1542.72,1484.49,548,stock
2024-11-06,MSLB,1497.85,1525.54,1540.81,1497.85,754,stock
2024-11-10,MSLB,1536.04,1541.67,1550.36,1509.69,1753,stock
2024-11-11,MSLB,1556.09,1625.78,1695.47,1536.99,11623,stock
2024-11-12,MSLB,1651.55,1617.18,1680.19,1576.52,3108,stock
2024-11-13,MSLB,1614.32,1603.82,1632.46,1581.1,3787,stock
2024-11-14,MSLB,1618.14,1708.83,1726.97,1615.27,12053,stock
2024-11-17,MSLB,1726.97,1740.33,1767.06,1626.06,14888,stock
2024-11-19,MSLB,1706.92,1677.33,1742.24,1623.87,7259,stock
2024-11-20,MSLB,1708.35,1656.32,1708.35,1618.14,6512,stock
2024-11-21,MSLB,1625.78,1757.52,1757.52,1623.01,24519,stock
2024-11-24,MSLB,1722.39,1646.78,1722.39,1627.68,7034,stock
2024-11-25,MSLB,1624.82,1632.46,1646.78,1605.82,1159,stock
2024-11-26,MSLB,1622.91,1622.43,1622.91,1608.69,3541,stock
2024-11-27,MSLB,1622.91,1631.5,1637.23,1618.14,2715,stock
2024-11-28,MSLB,1629.59,1621.0,1632.46,1600.0,4784,stock
2024-12-01,MSLB,1621.96,1618.14,1622.91,1600.1,3486,stock
2024-12-02,MSLB,1632.46,1612.41,1649.64,1585.78,2762,stock
2024-12-03,MSLB,1622.91,1608.59,1622.91,1590.64,3591,stock
2024-12-04,MSLB,1616.23,1609.55,1628.64,1584.73,4410,stock
2024-12-05,MSLB,1619.09,1612.41,1622.91,1590.45,3409,stock
2024-12-08,MSLB,1616.23,1574.22,1616.23,1560.86,931,stock
2024-12-09,MSLB,1594.27,1563.72,1603.82,1551.41,377,stock
2024-12-10,MSLB,1538.9,1558.95,1588.45,1538.9,2304,stock
2024-12-11,MSLB,1588.54,1546.54,1611.46,1539.86,1708,stock
2024-12-12,MSLB,1516.28,1537.95,1556.09,1491.17,3274,stock
2024-12-16,MSLB,1562.77,1502.72,1562.77,1502.72,276,stock
2024-12-17,MSLB,1529.36,1515.99,1532.22,1508.35,995,stock
2024-12-18,MSLB,1508.35,1494.13,1538.52,1487.35,1614,stock
2024-12-19,MSLB,1471.12,1457.76,1471.12,1432.17,1991,stock
2024-12-22,MSLB,1431.98,1412.89,1431.98,1389.12,2479,stock
2024-12-23,MSLB,1406.21,1399.52,1431.98,1387.11,3835,stock
2024-12-24,MSLB,1393.79,1422.43,1451.07,1393.79,2351,stock
2024-12-26,MSLB,1412.89,1427.68,1449.16,1384.25,2377,stock
2024-12-29,MSLB,1422.43,1493.08,1517.9,1422.43,4169,stock
2024-12-31,MSLB,1463.29,1469.21,1479.71,1431.98,1334,stock
2025-01-01,MSLB,1441.62,1436.75,1441.62,1403.34,1001,stock
2025-01-02,MSLB,1409.07,1417.66,1463.48,1408.11,2550,stock
2025-01-05,MSLB,1445.35,1400.48,1445.35,1369.93,2835,stock
2025-01-06,MSLB,1427.21,1398.57,1427.21,1373.75,3426,stock
2025-01-07,MSLB,1425.3,1385.2,1425.3,1343.48,2485,stock
2025-01-08,MSLB,1362.29,1380.53,1411.93,1362.29,2857,stock
2025-01-09,MSLB,1378.52,1351.79,1380.43,1348.07,3470,stock
2025-01-12,MSLB,1336.52,1335.56,1363.25,1326.11,1667,stock
2025-01-13,MSLB,1336.52,1358.95,1384.15,1336.52,4898,stock
2025-01-15,MSLB,1332.7,1341.29,1383.29,1332.7,479,stock
2025-01-16,MSLB,1362.29,1353.7,1363.25,1327.16,1099,stock
2025-01-19,MSLB,1346.06,1348.93,1359.43,1332.79,558,stock
2025-01-20,MSLB,1354.65,1342.91,1364.2,1341.29,1216,stock
2025-01-21,MSLB,1364.2,1351.79,1373.65,1331.74,1783,stock
2025-01-22,MSLB,1351.79,1372.79,1378.42,1350.84,716,stock
2025-01-23,MSLB,1379.47,1370.88,1379.47,1334.03,1157,stock
2025-01-26,MSLB,1347.02,1383.29,1395.61,1346.06,974,stock
2025-01-27,MSLB,1357.52,1384.25,1408.11,1357.52,2705,stock
2025-01-28,MSLB,1356.56,1355.51,1357.52,1263.01,21261,stock
2025-02-02,MSLB,1336.52,1450.12,1450.12,1322.2,20030,stock
2025-02-03,MSLB,1450.12,1431.98,1478.76,1403.34,11857,stock
2025-02-04,MSLB,1407.16,1399.52,1428.16,1391.98,7513,stock
2025-02-05,MSLB,1399.52,1384.25,1399.52,1375.66,7251,stock
2025-02-06,MSLB,1384.25,1394.75,1411.93,1371.17,7518,stock
2025-02-09,MSLB,1366.87,1355.61,1391.79,1353.03,7088,stock
2025-02-10,MSLB,1360.38,1351.79,1369.93,1347.02,4325,stock
2025-02-11,MSLB,1337.47,1345.11,1377.57,1337.47,4590,stock
2025-02-12,MSLB,1336.52,1347.59,1393.79,1325.16,3180,stock
2025-02-13,MSLB,1336.52,1347.02,1375.66,1334.7,5959,stock
2025-02-16,MSLB,1347.02,1382.82,1382.82,1336.52,6012,stock
2025-02-17,MSLB,1382.82,1420.53,1431.98,1379.47,13659,stock
2025-02-18,MSLB,1431.98,1403.34,1446.3,1389.02,6581,stock
2025-02-20,MSLB,1378.71,1403.34,1419.57,1378.52,8793,stock
2025-02-23,MSLB,1375.75,1391.89,1408.11,1348.45,7044,stock
2025-02-24,MSLB,1391.89,1426.25,1431.98,1384.25,13892,stock
2025-02-25,MSLB,1426.25,1405.25,1431.98,1399.71,8762,stock
2025-02-27,MSLB,1422.43,1410.5,1476.85,1399.52,4969,stock
2025-03-02,MSLB,1410.5,1408.11,1423.39,1395.7,5615,stock
2025-03-03,MSLB,1417.66,1368.4,1431.98,1368.4,7077,stock
2025-03-04,MSLB,1368.02,1360.29,1384.25,1346.06,6780,stock
2025-03-05,MSLB,1339.38,1369.93,1390.55,1339.38,4700,stock
2025-03-06,MSLB,1347.11,1362.29,1365.16,1347.11,5234,stock
2025-03-09,MSLB,1337.28,1328.88,1347.97,1326.97,6764,stock
2025-03-10,MSLB,1327.06,1325.06,1346.06,1310.84,4023,stock
2025-03-11,MSLB,1300.43,1301.38,1333.94,1300.43,3034,stock
2025-03-12,MSLB,1277.52,1286.01,1303.1,1277.52,3462,stock
2025-03-16,MSLB,1269.69,1284.01,1284.01,1262.15,5357,stock
2025-03-17,MSLB,1264.92,1297.37,1320.29,1261.29,3483,stock
2025-03-18,MSLB,1281.15,1279.24,1297.37,1271.69,2417,stock
2025-03-19,MSLB,1279.24,1271.6,1288.69,1257.47,2233,stock
2025-03-20,MSLB,1261.1,1259.19,1272.55,1252.98,1701,stock
2025-03-23,MSLB,1243.05,1208.51,1255.37,1202.86,6286,stock
2025-03-24,MSLB,1193.32,1219.57,1232.65,1188.54,1920,stock
2025-03-25,MSLB,1195.23,1163.88,1202.77,1162.0,2486,stock
2025-03-26,MSLB,1146.54,1185.04,1210.5,1146.54,2797,stock
2025-03-27,MSLB,1184.73,1241.38,1279.24,1171.36,4728,stock
2025-03-30,MSLB,1216.61,1242.6,1306.92,1202.86,3818,stock
2025-04-01,MSLB,1226.73,1209.88,1231.5,1207.64,1568,stock
2025-04-02,MSLB,1210.5,1216.73,1240.86,1189.5,1555,stock
2025-04-03,MSLB,1203.82,1206.73,1217.18,1202.86,1598,stock
2025-04-07,MSLB,1184.73,1183.58,1230.84,1180.91,1275,stock
2025-04-08,MSLB,1174.32,1192.03,1200.95,1162.1,1457,stock
2025-04-09,MSLB,1183.87,1189.73,1215.85,1183.77,1742,stock
2025-04-10,MSLB,1193.32,1195.1,1212.22,1183.96,910,stock
2025-04-13,MSLB,1179.47,1184.32,1202.86,1179.47,1261,stock
2025-04-15,MSLB,1183.96,1193.42,1209.55,1177.09,1784,stock
2025-04-16,MSLB,1183.77,1192.58,1217.09,1183.77,1500,stock
2025-04-17,MSLB,1194.27,1211.61,1236.28,1194.27,3470,stock
2025-04-20,MSLB,1235.32,1202.95,1259.19,1198.09,2045,stock
2025-04-21,MSLB,1184.06,1197.44,1212.89,1184.06,1619,stock
2025-04-22,MSLB,1195.23,1180.62,1211.46,1174.22,2091,stock
2025-04-23,MSLB,1179.0,1167.9,1179.0,1166.59,1307,stock
2025-04-24,MSLB,1152.55,1166.84,1188.45,1152.55,2074,stock
2025-04-27,MSLB,1170.41,1149.53,1170.41,1145.58,3690,stock
2025-04-28,MSLB,1169.45,1146.54,1172.51,1143.68,1701,stock
2025-04-29,MSLB,1146.54,1139.69,1150.36,1139.38,1812,stock
2025-04-30,MSLB,1119.81,1123.34,1154.94,1119.81,2216,stock
2025-05-04,MSLB,1122.67,1107.52,1162.77,1104.53,1521,stock
2025-05-05,MSLB,1107.49,1095.68,1130.31,1088.5,3384,stock
2025-05-06,MSLB,1102.63,1088.91,1116.95,1083.72,4068,stock
2025-05-07,MSLB,1079.71,1112.25,1120.76,1078.95,2692,stock
2025-05-08,MSLB,1126.49,1160.26,1183.77,1116.95,5429,stock
2025-05-11,MSLB,1164.68,1157.04,1238.19,1145.58,1283,stock
2025-05-13,MSLB,1180.14,1129.98,1180.14,1122.29,3542,stock
2025-05-14,MSLB,1108.35,1140.53,1149.4,1107.4,7725,stock
2025-05-15,MSLB,1118.95,1127.06,1141.77,1118.95,1620,stock
2025-05-18,MSLB,1127.06,1140.69,1164.68,1112.17,2667,stock
2025-05-19,MSLB,1161.81,1141.22,1184.63,1128.59,2814,stock
2025-05-20,MSLB,1129.36,1147.43,1154.18,1129.36,1352,stock
2025-05-21,MSLB,1170.31,1142.32,1193.32,1137.95,2764,stock
2025-05-22,MSLB,1163.72,1172.96,1217.18,1146.54,4190,stock
2025-05-25,MSLB,1169.55,1223.15,1269.69,1169.45,10647,stock
2025-05-26,MSLB,1245.82,1228.03,1307.88,1221.96,5579,stock
2025-05-27,MSLB,1204.77,1197.22,1216.71,1183.96,1779,stock
2025-05-28,MSLB,1176.13,1197.36,1211.46,1174.22,2301,stock
2025-06-02,MSLB,1212.41,1192.65,1221.29,1184.73,2122,stock
2025-06-03,MSLB,1170.41,1157.69,1179.0,1153.32,2900,stock
2025-06-04,MSLB,1137.09,1154.11,1204.39,1137.09,1798,stock
2025-06-05,MSLB,1131.26,1141.99,1163.72,1131.26,2546,stock
2025-06-08,MSLB,1131.26,1132.66,1145.58,1124.96,2566,stock
2025-06-09,MSLB,1118.85,1146.75,1158.95,1118.85,1190,stock
2025-06-10,MSLB,1127.45,1149.27,1169.36,1127.45,1046,stock
2025-06-11,MSLB,1171.26,1149.4,1171.26,1127.35,1220,stock
2025-06-12,MSLB,1126.59,1127.56,1145.58,1117.14,3486,stock
2025-06-15,MSLB,1109.4,1122.19,1148.45,1109.4,2073,stock
2025-06-16,MSLB,1142.72,1127.23,1142.72,1110.26,1683,stock
2025-06-17,MSLB,1117.04,1142.54,1158.76,1117.04,2910,stock
2025-06-18,MSLB,1145.58,1150.97,1163.63,1127.83,2150,stock
2025-06-19,MSLB,1136.04,1132.11,1169.36,1131.26,4042,stock
2025-06-22,MSLB,1113.6,1112.14,1131.26,1110.26,1063,stock
2025-06-23,MSLB,1112.17,1114.8,1121.72,1091.17,779,stock
2025-06-24,MSLB,1106.44,1114.9,1158.95,1104.73,390,stock
2025-06-25,MSLB,1102.63,1116.89,1136.04,1102.63,792,stock
2025-06-26,MSLB,1105.49,1113.6,1126.49,1105.49,1926,stock
2025-06-29,MSLB,1108.83,1134.11,1145.39,1107.4,3674,stock
2025-06-30,MSLB,1131.26,1137.65,1152.27,1129.45,2024,stock
2025-07-01,MSLB,1155.13,1196.04,1206.49,1140.81,9747,stock
2025-07-02,MSLB,1174.42,1185.96,1213.37,1160.0,1676,stock
2025-07-03,MSLB,1193.32,1192.82,1206.68,1176.13,1717,stock
2025-07-06,MSLB,1175.27,1180.56,1202.86,1175.27,2593,stock
2025-07-07,MSLB,1204.11,1167.45,1204.11,1166.59,3238,stock
2025-07-08,MSLB,1166.59,1164.13,1174.22,1146.44,1483,stock
2025-07-09,MSLB,1147.97,1168.61,1177.09,1147.97,622,stock
2025-07-10,MSLB,1151.31,1190.44,1226.73,1151.31,1827,stock
2025-07-13,MSLB,1167.73,1220.27,1238.19,1167.73,9392,stock
2025-07-14,MSLB,1196.18,1206.69,1221.96,1196.18,3522,stock
2025-07-15,MSLB,1207.64,1222.07,1231.5,1207.64,2586,stock
2025-07-16,MSLB,1217.66,1237.24,1246.49,1217.66,3733,stock
2025-07-17,MSLB,1242.96,1262.57,1267.78,1241.05,10064,stock
2025-07-20,MSLB,1241.05,1256.63,1286.87,1241.05,6929,stock
2025-07-21,MSLB,1250.31,1257.75,1276.85,1246.78,5039,stock
2025-07-22,MSLB,1269.69,1315.17,1321.24,1255.37,11563,stock
2025-07-23,MSLB,1314.56,1359.64,1382.34,1314.56,21459,stock
2025-07-24,MSLB,1337.47,1418.05,1428.16,1337.47,16489,stock
2025-07-27,MSLB,1431.98,1382.91,1431.98,1368.02,15423,stock
2025-07-28,MSLB,1357.52,1371.74,1389.02,1340.33,8520,stock
2025-07-29,MSLB,1398.57,1392.18,1453.94,1370.88,7070,stock
2025-07-30,MSLB,1419.57,1355.22,1419.57,1336.61,7892,stock
2025-07-31,MSLB,1382.24,1393.3,1440.57,1382.24,37906,stock
2025-08-03,MSLB,1419.57,1363.14,1419.57,1356.56,7018,stock
2025-08-04,MSLB,1343.2,1370.21,1379.47,1343.2,9200,stock
2025-08-05,MSLB,1350.84,1419.72,1452.03,1350.84,26439,stock
2025-08-06,MSLB,1444.39,1561.62,1561.62,1417.76,80401,stock
2025-08-07,MSLB,1592.84,1556.17,1632.46,1539.86,26008,stock
2025-08-11,MSLB,1525.54,1497.63,1536.99,1477.8,27294,stock
2025-08-12,MSLB,1470.17,1479.89,1494.03,1468.26,10853,stock
2025-08-13,MSLB,1464.44,1472.74,1508.26,1461.38,12553,stock
2025-08-14,MSLB,1463.48,1474.04,1489.26,1460.62,12594,stock
2025-08-17,MSLB,1473.99,1469.42,1498.81,1432.46,18401,stock
2025-08-18,MSLB,1460.62,1491.13,1498.71,1451.17,6371,stock
2025-08-19,MSLB,1461.38,1469.67,1517.8,1461.38,4461,stock
2025-08-20,MSLB,1451.07,1459.17,1470.17,1451.07,3132,stock
2025-08-21,MSLB,1453.94,1458.42,1488.31,1453.94,7745,stock
2025-08-24,MSLB,1430.36,1424.59,1474.84,1422.43,3609,stock
2025-08-25,MSLB,1452.98,1488.37,1517.9,1437.71,50331,stock
2025-08-26,MSLB,1488.31,1482.33,1517.9,1460.62,9236,stock
2025-08-27,MSLB,1461.58,1468.7,1495.85,1460.62,7815,stock
2025-08-28,MSLB,1455.85,1417.38,1478.76,1398.57,8157,stock
2025-08-31,MSLB,1394.08,1396.79,1441.53,1380.43,5295,stock
2025-09-01,MSLB,1370.02,1438.85,1459.67,1370.02,6301,stock
2025-09-02,MSLB,1431.98,1391.01,1451.07,1389.02,2033,stock
2025-09-03,MSLB,1417.66,1388.35,1473.99,1365.16,2007,stock
2025-09-04,MSLB,1365.25,1382.84,1411.93,1365.25,3283,stock
2025-09-07,MSLB,1356.56,1382.39,1443.44,1356.56,5488,stock
2025-09-08,MSLB,1354.75,1416.64,1458.71,1354.75,3210,stock
2025-09-18,MSLB,1388.35,1388.35,1388.35,1388.35,68,stock
2025-09-21,MSLB,1414.8,1374.99,1414.8,1285.92,4069,stock
2025-09-23,MSLB,1347.49,1389.02,1400.48,1323.15,2826,stock
2025-09-24,MSLB,1366.11,1374.7,1415.66,1351.79,1559,stock
2025-09-25,MSLB,1360.38,1383.29,1396.56,1353.79,2520,stock
2025-09-28,MSLB,1410.02,1396.47,1438.19,1355.7,2364,stock
2025-10-07,MSLB,1368.97,1337.47,1374.7,1337.47,2327,stock
2025-10-08,MSLB,1338.42,1324.11,1338.42,1295.47,5349,stock
2025-10-09,MSLB,1350.55,1332.7,1403.34,1326.97,2452,stock
2025-10-12,MSLB,1307.88,1273.51,1307.88,1244.96,5913,stock
2025-10-13,MSLB,1248.11,1240.1,1324.11,1174.8,8291,stock
2025-10-14,MSLB,1250.6,1231.5,1250.6,1207.73,1221,stock
2025-10-15,MSLB,1212.41,1220.05,1235.32,1197.33,2786,stock
2025-10-16,MSLB,1199.05,1216.13,1231.5,1179.09,3944,stock
2025-10-19,MSLB,1200.0,1212.41,1212.41,1191.98,630,stock
2025-10-26,MSLB,1188.83,1206.68,1228.64,1188.64,1336,stock
2025-10-28,MSLB,1230.74,1231.5,1239.14,1212.51,878,stock
2025-10-29,MSLB,1211.93,1219.09,1303.1,1211.93,1693,stock
2025-10-30,MSLB,1200.19,1279.24,1288.78,1200.19,2411,stock
2025-11-02,MSLB,1293.56,1324.96,1326.01,1287.35,2523,stock
2025-11-03,MSLB,1324.96,1335.47,1349.79,1274.46,4537,stock
2025-11-04,MSLB,1308.83,1330.12,1339.0,1300.33,6234,stock
2025-11-05,MSLB,1304.06,1366.11,1431.98,1304.06,12092,stock
2025-11-06,MSLB,1346.06,1377.57,1420.53,1346.06,4543,stock
2025-11-09,MSLB,1350.84,1352.74,1384.06,1328.88,3363,stock
2025-11-10,MSLB,1378.52,1355.61,1404.3,1331.93,12337,stock
2025-11-11,MSLB,1357.23,1336.52,1357.23,1335.56,1184,stock
2025-11-12,MSLB,1362.29,1310.74,1362.29,1260.14,7449,stock
2025-11-13,MSLB,1284.96,1295.47,1309.79,1284.96,1393,stock
2025-11-16,MSLB,1280.19,1278.28,1305.78,1263.1,1785,stock
2025-11-17,MSLB,1254.51,1286.68,1301.19,1254.51,2515,stock
2025-11-18,MSLB,1304.06,1291.26,1336.52,1279.24,5451,stock
2025-11-19,MSLB,1306.92,1316.47,1396.66,1289.83,1504,stock
2025-11-20,MSLB,1293.08,1338.9,1369.93,1292.98,7574,stock
2025-11-23,MSLB,1318.38,1363.15,1386.16,1318.38,9983,stock
2025-11-24,MSLB,1382.34,1382.34,1389.02,1347.02,5864,stock
2025-11-25,MSLB,1358.47,1409.55,1409.55,1350.93,9243,stock
2025-11-26,MSLB,1381.38,1538.9,1538.9,1381.38,47596,stock
2025-11-27,MSLB,1559.9,1474.84,1559.9,1442.48,15647,stock
2025-11-30,MSLB,1445.44,1431.98,1489.83,1393.99,14317,stock
2025-12-01,MSLB,1412.89,1415.75,1488.31,1412.89,18673,stock
2025-12-02,MSLB,1389.02,1412.89,1443.34,1389.02,2218,stock
2025-12-03,MSLB,1393.79,1400.38,1419.57,1371.84,7247,stock
2025-12-07,MSLB,1380.43,1348.93,1406.21,1347.02,3616,stock
2025-12-08,MSLB,1322.2,1373.75,1374.89,1322.2,1790,stock
2025-12-09,MSLB,1379.47,1350.84,1379.47,1346.06,2062,stock
2025-12-10,MSLB,1336.52,1338.42,1352.74,1336.52,1401,stock
2025-12-11,MSLB,1338.62,1332.7,1360.38,1332.7,5863,stock
2025-12-14,MSLB,1332.7,1334.61,1357.33,1318.38,3834,stock
2025-12-15,MSLB,1322.2,1323.15,1342.24,1319.33,1804,stock
2025-12-16,MSLB,1316.09,1332.7,1336.52,1316.09,2552,stock
2025-12-17,MSLB,1332.7,1332.89,1354.94,1332.7,1762,stock
2025-12-18,MSLB,1323.25,1336.42,1363.25,1323.25,5781,stock
2025-12-21,MSLB,1320.29,1309.79,1326.97,1286.4,12904,stock
2025-12-22,MSLB,1334.61,1308.83,1334.61,1278.19,3010,stock
2025-12-23,MSLB,1307.88,1288.78,1307.88,1285.06,1430,stock
2025-12-24,MSLB,1303.1,1284.01,1314.56,1268.74,2692,stock
2025-12-28,MSLB,1309.69,1292.6,1309.69,1277.33,2253,stock
2025-12-29,MSLB,1315.51,1288.78,1315.51,1274.56,1465,stock
2025-12-31,MSLB,1279.24,1279.14,1298.33,1276.37,3541,stock
2026-01-01,MSLB,1300.0,1272.0,1310.0,1270.0,3891,stock
2026-01-04,MSLB,1270.0,1280.0,1295.0,1263.0,632,stock
2026-01-05,MSLB,1275.0,1290.0,1290.0,1269.0,1671,stock
2026-01-06,MSLB,1290.0,1300.0,1300.0,1273.0,1633,stock
2026-01-07,MSLB,1300.0,1298.0,1300.0,1280.3,1172,stock
2026-01-08,MSLB,1272.1,1278.5,1296.0,1264.1,1780,stock
2026-01-12,MSLB,1263.0,1271.0,1288.0,1263.0,2578,stock
2026-01-13,MSLB,1265.1,1274.0,1280.0,1262.1,2071,stock
2026-01-14,MSLB,1275.0,1290.0,1293.9,1268.0,1940,stock
2026-01-18,MSLB,1315.7,1308.0,1315.8,1295.0,3841,stock
2026-01-20,MSLB,1329.0,1326.0,1356.6,1287.1,2976,stock
2026-01-21,MSLB,1326.0,1315.0,1331.5,1306.1,4657,stock
2026-01-22,MSLB,1302.0,1326.0,1326.0,1300.0,1537,stock
2026-01-25,MSLB,1330.0,1331.2,1350.0,1315.1,4123,stock
2026-01-26,MSLB,1336.3,1370.0,1406.0,1336.3,8304,stock
2026-01-27,MSLB,1355.0,1349.0,1382.0,1318.0,4328,stock
2026-01-28,MSLB,1324.0,1321.0,1340.0,1305.1,1362,stock
2026-01-29,MSLB,1306.0,1330.0,1335.0,1306.0,2426,stock
2026-02-01,MSLB,1310.0,1361.7,1367.0,1237.0,10080,stock
2026-02-02,MSLB,1362.0,1351.5,1362.0,1306.0,1428,stock
2026-02-03,MSLB,1324.6,1324.0,1325.0,1312.1,817,stock
2026-02-04,MSLB,1330.0,1334.0,1370.0,1304.0,1315,stock
2026-02-05,MSLB,1359.0,1337.8,1359.0,1311.1,7127,stock
2026-02-08,MSLB,1335.0,1320.0,1335.0,1300.0,3304,stock
2026-02-09,MSLB,1296.3,1319.0,1330.0,1275.1,5892,stock
2026-02-10,MSLB,1340.0,1320.0,1345.0,1297.7,1204,stock
2026-02-11,MSLB,1340.0,1318.0,1340.0,1294.1,1164,stock
2026-02-12,MSLB,1344.0,1315.0,1344.0,1278.0,6369,stock
2026-02-16,MSLB,1320.0,1288.6,1350.0,1285.0,1902,stock
2026-02-17,MSLB,1288.7,1280.0,1300.0,1275.1,717,stock
2026-02-22,MSLB,1271.0,1280.0,1280.0,1264.2,1529,stock
2026-02-23,MSLB,1264.1,1288.2,1300.0,1262.4,1226,stock
2026-02-24,MSLB,1298.0,1293.0,1300.0,1266.0,3382,stock
2026-02-25,MSLB,1318.8,1320.0,1345.0,1268.0,1855,stock
2026-02-26,MSLB,1293.6,1315.0,1335.0,1281.3,1012,stock
2026-03-01,MSLB,1300.0,1314.9,1333.0,1288.8,755,stock
2026-03-03,MSLB,1289.0,1316.9,1325.0,1289.0,2919,stock
2026-03-09,MSLB,1343.2,1343.2,1343.2,1343.2,10,stock
2026-03-10,MSLB,1369.0,1330.0,1369.0,1304.1,5082,stock
2026-03-11,MSLB,1310.0,1302.0,1336.2,1302.0,1323,stock
2026-03-12,MSLB,1290.1,1330.0,1340.0,1290.1,1823,stock
2026-03-15,MSLB,1305.0,1336.6,1384.8,1305.0,1547,stock
2026-03-16,MSLB,1311.0,1305.0,1330.0,1295.0,1801,stock
2026-03-17,MSLB,1293.1,1389.0,1390.0,1293.1,2389,stock
2026-03-19,MSLB,1361.3,1347.8,1361.3,1335.0,4444,stock
2026-03-22,MSLB,1340.0,1386.0,1391.0,1325.0,9945,stock
2026-03-23,MSLB,1399.0,1389.0,1413.7,1365.2,9724,stock
2026-03-24,MSLB,1375.0,1479.0,1479.0,1370.1,6229,stock
2026-03-25,MSLB,1449.5,1390.0,1449.5,1385.0,5885,stock
2026-03-26,MSLB,1362.2,1380.0,1392.0,1362.2,1813,stock
2026-03-29,MSLB,1358.0,1355.0,1385.0,1353.0,3492,stock
2026-03-30,MSLB,1355.0,1330.0,1374.0,1320.0,3496,stock
2026-03-31,MSLB,1330.0,1349.9,1349.9,1305.5,1227,stock
2026-04-01,MSLB,1323.0,1285.1,1336.2,1280.0,2483,stock
2026-04-02,MSLB,1299.0,1285.0,1323.9,1250.0,2924,stock
2026-04-05,MSLB,1260.1,1241.0,1286.2,1240.0,1455,stock
2026-04-06,MSLB,1240.0,1267.0,1285.0,1238.3,2828,stock
2026-04-07,MSLB,1292.3,1289.0,1392.0,1251.1,1661,stock
2026-04-08,MSLB,1314.7,1314.0,1324.0,1288.7,862,stock
2026-04-09,MSLB,1287.8,1319.0,1326.0,1236.9,787,stock
2026-04-10,MSLB,1293.0,1317.0,1345.0,1241.9,640,stock
2026-04-13,MSLB,1290.7,1305.2,1320.8,1290.7,1212,stock
2026-04-15,MSLB,1314.9,1324.0,1327.0,1300.0,2203,stock
2026-04-16,MSLB,1297.6,1309.9,1309.9,1275.0,464,stock
2026-04-17,MSLB,1285.0,1310.0,1323.0,1284.0,727,stock
2026-04-20,MSLB,1244.5,1295.0,1400.5,1244.5,1714,stock
2026-04-21,MSLB,1295.0,1291.0,1295.0,1267.2,929,stock
2026-04-22,MSLB,1226.5,1292.0,1292.0,1226.5,2220,stock
2026-04-23,MSLB,1254.0,1260.0,1298.0,1220.0,3089,stock
2026-04-24,MSLB,1237.0,1269.0,1275.0,1237.0,941,stock
2026-04-27,MSLB,1269.0,1298.0,1411.1,1089.9,3145,stock
2026-04-28,MSLB,1298.0,1289.0,1336.0,1121.1,2172,stock
2026-04-29,MSLB,1250.4,1260.0,1319.0,1176.6,1374,stock
2026-04-30,MSLB,1260.0,1241.1,1289.9,1230.0,613,stock
2026-05-04,MSLB,1265.0,1253.0,1274.9,1228.0,3369,stock
2026-05-05,MSLB,1221.0,1240.0,1269.9,1221.0,1419,stock
2026-05-06,MSLB,1235.0,1254.0,1254.0,1230.0,292,stock
2026-05-07,MSLB,1220.2,1238.0,1250.0,1183.6,1766,stock
2026-05-08,MSLB,1212.0,1243.8,1243.8,1212.0,1288,stock
2026-05-11,MSLB,1250.0,1245.0,1255.0,1235.0,1341,stock
2026-05-12,MSLB,1245.0,1245.0,1255.0,1230.2,431,stock
2026-05-13,MSLB,1230.0,1245.0,1245.0,1230.0,303,stock
2026-05-14,MSLB,1245.0,1226.0,1245.0,1225.0,990,stock
2026-05-15,MSLB,1222.1,1230.0,1230.0,1222.1,237,stock
2026-05-18,MSLB,1204.0,1227.5,1240.0,1204.0,709,stock
2026-05-19,MSLB,1166.2,1239.8,1248.0,1166.2,681,stock
2026-05-20,MSLB,1239.8,1270.0,1270.0,1218.2,452,stock
2026-05-21,MSLB,1233.0,1238.0,1243.0,1212.1,776,stock
2026-05-22,MSLB,1211.0,1240.0,1258.0,1203.0,459,stock
2026-05-25,MSLB,1272.0,1258.0,1272.0,1235.0,1480,stock
2026-05-26,MSLB,1227.2,1243.5,1250.0,1227.2,603,stock
2026-05-27,MSLB,1235.0,1256.0,1271.0,1235.0,1124,stock
2026-06-01,MSLB,1250.0,1240.0,1250.0,1236.2,446,stock
2026-06-02,MSLB,1238.0,1241.2,1250.0,1237.0,375,stock
2026-06-03,MSLB,1242.0,1252.0,1252.0,1240.0,290,stock
2026-06-04,MSLB,1244.2,1245.0,1250.0,1231.1,367,stock
2026-06-05,MSLB,1222.0,1228.0,1242.0,1222.0,663,stock
2026-06-08,MSLB,1230.0,1249.0,1250.0,1222.0,991,stock
2026-06-09,MSLB,1220.1,1240.0,1240.0,1220.0,720,stock
2026-06-10,MSLB,1210.1,1250.0,1250.0,1210.1,1166,stock
2026-06-11,MSLB,1245.0,1249.0,1265.0,1228.0,920,stock
2026-06-12,MSLB,1225.0,1248.0,1248.0,1216.1,841,stock
2026-06-15,MSLB,1248.0,1230.0,1248.0,1225.0,920,stock
2026-06-16,MSLB,1220.0,1236.0,1240.0,1220.0,628,stock
2026-06-17,MSLB,1221.0,1223.3,1240.0,1221.0,755,stock
2026-06-18,MSLB,1215.0,1224.0,1249.0,1215.0,668,stock
2026-06-19,MSLB,1215.0,1234.0,1234.0,1200.0,241,stock
2026-06-22,MSLB,1215.0,1268.0,1289.0,1215.0,3774,stock
2026-06-23,MSLB,1250.1,1273.9,1275.0,1235.0,989,stock
2026-06-24,MSLB,1265.0,1231.1,1265.0,1211.1,393,stock
2026-06-25,MSLB,1231.1,1248.0,1256.9,1230.0,173,stock
2026-06-26,MSLB,1219.0,1253.0,1267.8,1219.0,736,stock
2026-06-29,MSLB,1228.0,1222.3,1230.1,1222.3,301,stock
2026-06-30,MSLB,1220.0,1245.0,1248.0,1205.1,578,stock
2026-07-01,MSLB,1244.0,1226.0,1245.0,1216.0,444,stock
2026-07-02,MSLB,1239.0,1240.0,1250.0,1215.0,454,stock
2026-07-03,MSLB,1235.0,1235.0,1250.0,1225.1,1211,stock
2026-07-06,MSLB,1235.0,1238.0,1250.0,1215.0,514,stock
2026-07-07,MSLB,1238.0,1240.0,1240.0,1206.5,322,stock
2026-07-08,MSLB,1249.9,1242.0,1249.9,1212.7,967,stock
2026-07-09,MSLB,1230.0,1235.0,1256.5,1210.1,369,stock
2026-07-10,MSLB,1201.0,1232.6,1237.0,1201.0,1798,stock
2026-07-13,MSLB,1269.0,1209.0,1269.0,1190.0,2535,stock
2026-07-14,MSLB,1194.1,1219.0,1227.0,1194.1,461,stock
2026-07-15,MSLB,1185.0,1219.0,1239.0,1184.0,1209,stock
2026-07-16,MSLB,1193.2,1230.0,1230.0,1193.2,246,stock
2026-07-17,MSLB,1240.0,1239.8,1240.0,1207.0,991,stock
2026-07-20,MSLB,1216.2,1248.9,1248.9,1216.2,694,stock
2026-07-21,MSLB,1221.0,1248.0,1257.5,1221.0,1124,stock
2026-07-22,MSLB,1225.0,1221.0,1230.0,1216.0,157,stock
2026-07-23,MSLB,1220.0,1215.0,1237.0,1204.1,1110,stock
2026-07-24,MSLB,1215.0,1244.0,1244.0,1215.0,354,stock
2026-07-27,MSLB,1207.1,1212.5,1230.0,1207.1,652,stock
2026-07-28,MSLB,1212.5,1220.0,1220.0,1197.0,140,stock
2026-07-29,MSLB,1201.0,1205.0,1239.0,1201.0,1042,stock
2026-07-30,MSLB,1198.1,1220.0,1220.0,1198.1,753,stock
2026-07-31,MSLB,1200.0,1229.0,1229.0,1190.0,431,stock
2026-08-03,MSLB,1250.0,1317.0,1318.0,1250.0,22297,stock
2026-08-04,MSLB,1323.9,1292.0,1323.9,1280.0,2014,stock
2026-08-05,MSLB,1285.0,1270.0,1292.0,1270.0,1365,stock
2026-08-06,MSLB,1265.0,1255.0,1268.0,1255.0,2572,stock
2026-08-07,MSLB,1230.0,1258.0,1265.0,1230.0,909,stock
2026-08-10,MSLB,1260.0,1259.0,1265.0,1250.0,1305,stock
2026-08-11,MSLB,1229.0,1275.0,1275.0,1229.0,445,stock
2026-08-12,MSLB,1246.1,1252.4,1279.0,1246.1,313,stock
2026-08-13,MSLB,1252.4,1260.0,1265.0,1240.2,928,stock
2026-08-14,MSLB,1225.1,1245.0,1269.9,1225.1,2468,stock
2026-08-17,MSLB,1219.0,1235.0,1260.0,1219.0,551,stock
2026-08-18,MSLB,1208.0,1234.9,1245.7,1208.0,519,stock
2026-08-19,MSLB,1215.1,1218.3,1235.0,1215.1,927,stock
2026-08-20,MSLB,1218.3,1237.9,1240.0,1204.5,520,stock
2026-08-21,MSLB,1235.0,1234.0,1235.0,1214.2,176,stock
2026-08-24,MSLB,1211.0,1215.0,1215.1,1211.0,265,stock
2026-08-25,MSLB,1201.1,1225.0,1230.0,1201.0,590,stock
2026-08-26,MSLB,1195.3,1224.0,1225.0,1195.3,474,stock
2026-08-27,MSLB,1224.0,1214.0,1224.0,1200.0,216,stock
2026-08-31,MSLB,1191.0,1200.0,1214.0,1191.0,390,stock
2026-09-01,MSLB,1180.0,1190.0,1220.0,1165.0,929,stock
2026-09-02,MSLB,1200.0,1210.0,1219.0,1161.1,753,stock
2026-09-03,MSLB,1200.1,1196.0,1200.1,1175.0,928,stock
2026-09-07,MSLB,1197.0,1225.0,1265.0,1162.0,6586,stock
2026-09-09,MSLB,1190.1,1199.0,1200.0,1175.0,2383,stock
2026-09-10,MSLB,1175.1,1184.9,1184.9,1175.0,205,stock
2026-09-11,MSLB,1150.1,1172.1,1200.0,1150.1,1184,stock
2026-09-14,MSLB,1166.2,1184.0,1201.0,1166.2,1757,stock
2026-09-15,MSLB,1219.5,1200.0,1252.0,1193.0,3766,stock
2026-09-16,MSLB,1200.0,1195.0,1229.7,1182.0,1554,stock
2026-09-17,MSLB,1228.0,1212.0,1228.0,1200.0,1226,stock
2026-09-18,MSLB,1195.0,1209.9,1220.0,1185.1,1215,stock
2026-09-22,MSLB,1244.0,1212.0,1244.0,1204.1,435,stock
2026-09-23,MSLB,1185.0,1200.0,1219.9,1185.0,212,stock
2026-09-24,MSLB,1200.0,1210.0,1219.0,1185.1,741,stock
2026-09-28,MSLB,1175.0,1199.9,1210.0,1175.0,559,stock
2026-09-29,MSLB,1177.0,1190.0,1199.0,1142.0,1753,stock
2026-09-30,MSLB,1163.1,1200.0,1200.0,1163.0,470,stock
2026-10-01,MSLB,1171.6,1194.0,1194.0,1171.6,223,stock
2026-10-02,MSLB,1167.0,1189.9,1195.0,1167.0,246,stock
2026-10-05,MSLB,1158.3,1180.0,1180.0,1158.3,270,stock
2026-10-06,MSLB,1147.0,1180.0,1180.0,1147.0,198,stock
2026-10-07,MSLB,1160.0,1187.0,1193.8,1126.0,740,stock
