time,symbol,open,close,high,low,volume,category
2012-01-01,NABIL,79.31,79.85,79.85,77.31,799,stock
2012-01-02,NABIL,79.85,81.75,82.93,80.11,1002,stock
2012-01-03,NABIL,81.75,81.03,83.21,81.03,2653,stock
2012-01-04,NABIL,81.03,78.57,79.49,76.49,490,stock
2012-01-05,NABIL,78.57,77.94,79.49,77.94,121,stock
2012-01-08,NABIL,77.94,75.4,76.76,73.94,4835,stock
2012-01-09,NABIL,75.4,76.85,76.85,75.4,195,stock
2012-01-10,NABIL,76.85,76.76,78.31,76.76,658,stock
2012-01-11,NABIL,76.76,79.39,79.39,76.76,969,stock
2012-01-12,NABIL,79.39,82.11,82.11,78.12,773,stock
2012-01-16,NABIL,82.11,79.85,80.49,78.75,235,stock
2012-01-17,NABIL,79.85,78.21,78.57,74.49,2244,stock
2012-01-18,NABIL,78.21,80.11,80.11,75.4,1617,stock
2012-01-22,NABIL,80.11,75.94,79.03,75.94,1273,stock
2012-01-23,NABIL,75.94,75.85,76.57,75.03,1255,stock
2012-01-25,NABIL,75.85,76.31,76.31,74.94,442,stock
2012-01-26,NABIL,76.31,75.4,75.4,75.03,408,stock
2012-01-29,NABIL,75.4,75.4,75.4,74.76,496,stock
2012-01-31,NABIL,75.4,76.49,76.76,76.49,143,stock
2012-02-01,NABIL,76.49,75.58,76.31,75.58,250,stock
2012-02-02,NABIL,75.58,77.21,77.21,75.67,382,stock
2012-02-05,NABIL,77.21,75.31,76.31,74.85,1035,stock
2012-02-06,NABIL,75.31,74.85,75.31,74.85,545,stock
2012-02-07,NABIL,74.85,75.4,75.67,74.49,816,stock
2012-02-08,NABIL,75.4,76.39,76.39,75.4,187,stock
2012-02-09,NABIL,76.39,76.31,76.31,75.4,437,stock
2012-02-12,NABIL,76.31,76.57,76.57,75.21,1780,stock
2012-02-13,NABIL,76.57,79.57,79.57,75.58,885,stock
2012-02-14,NABIL,79.57,78.12,79.03,78.12,447,stock
2012-02-15,NABIL,78.12,76.57,78.12,76.57,182,stock
2012-02-16,NABIL,76.57,77.21,77.21,75.67,1286,stock
2012-02-21,NABIL,77.21,77.21,77.21,75.94,170,stock
2012-02-23,NABIL,77.21,77.21,77.21,76.76,79,stock
2012-02-26,NABIL,77.21,76.67,77.75,75.67,1025,stock
2012-02-27,NABIL,76.67,76.94,76.94,75.49,1055,stock
2012-02-28,NABIL,76.94,78.75,78.75,76.76,825,stock
2012-02-29,NABIL,78.75,78.21,78.93,78.12,602,stock
2012-03-01,NABIL,78.21,80.57,80.57,78.57,497,stock
2012-03-04,NABIL,80.57,79.39,79.57,79.03,590,stock
2012-03-05,NABIL,79.39,80.21,80.57,78.67,571,stock
2012-03-06,NABIL,80.21,80.11,80.39,79.49,301,stock
2012-03-11,NABIL,80.11,80.39,80.39,78.85,361,stock
2012-03-12,NABIL,80.39,79.93,80.11,79.93,256,stock
2012-03-13,NABIL,79.93,79.93,79.93,78.39,501,stock
2012-03-14,NABIL,79.93,78.12,79.49,78.12,389,stock
2012-03-15,NABIL,78.12,77.39,77.39,75.94,446,stock
2012-03-18,NABIL,77.39,78.75,78.93,77.21,168,stock
2012-03-19,NABIL,78.75,80.11,80.11,77.49,281,stock
2012-03-20,NABIL,80.11,79.39,79.39,76.94,307,stock
2012-03-21,NABIL,79.39,79.75,79.75,77.21,900,stock
2012-03-25,NABIL,79.75,79.75,79.75,76.76,521,stock
2012-03-26,NABIL,79.75,78.21,78.21,78.21,50,stock
2012-03-27,NABIL,78.21,78.75,79.31,77.21,342,stock
2012-03-28,NABIL,78.75,78.75,78.75,77.21,317,stock
2012-03-29,NABIL,78.75,78.75,78.75,77.21,64,stock
2012-04-01,NABIL,78.75,77.39,77.39,75.85,981,stock
2012-04-02,NABIL,77.39,79.93,79.93,77.39,270,stock
2012-04-03,NABIL,79.93,79.49,80.93,78.75,145,stock
2012-04-04,NABIL,79.49,81.93,81.93,79.75,106,stock
2012-04-08,NABIL,81.93,81.3,81.3,79.85,318,stock
2012-04-09,NABIL,81.3,81.85,81.85,80.31,906,stock
2012-04-10,NABIL,81.85,80.85,81.03,80.85,249,stock
2012-04-11,NABIL,80.85,82.67,84.03,80.39,1173,stock
2012-04-12,NABIL,82.67,89.75,89.75,83.57,1316,stock
2012-04-15,NABIL,89.75,97.65,97.65,91.48,1840,stock
2012-04-17,NABIL,97.65,90.84,107.37,90.3,2664,stock
2012-04-18,NABIL,90.84,98.2,98.2,86.39,1741,stock
2012-04-19,NABIL,98.2,102.65,103.91,97.92,3104,stock
2012-04-22,NABIL,102.65,109.01,109.01,102.65,3423,stock
2012-04-24,NABIL,109.01,119.91,119.91,111.18,880,stock
2012-04-25,NABIL,119.91,131.71,131.9,122.27,3631,stock
2012-04-26,NABIL,131.71,140.8,140.8,127.17,6246,stock
2012-04-29,NABIL,140.8,136.26,139.71,132.71,4632,stock
2012-04-30,NABIL,136.26,127.17,133.53,125.35,2746,stock
2012-05-02,NABIL,127.17,114.46,124.63,114.46,956,stock
2012-05-03,NABIL,114.46,125.91,125.91,116.72,522,stock
2012-05-07,NABIL,125.91,138.44,138.44,128.35,1302,stock
2012-05-08,NABIL,138.44,138.44,143.98,133.53,4092,stock
2012-05-09,NABIL,138.44,132.53,141.16,128.53,6781,stock
2012-05-10,NABIL,132.53,128.99,131.99,125.99,3591,stock
2012-05-13,NABIL,128.99,118.27,126.45,117.18,1788,stock
2012-05-14,NABIL,118.27,110.73,115.91,109.01,2577,stock
2012-05-15,NABIL,110.73,121.72,121.72,110.73,2424,stock
2012-05-16,NABIL,121.72,133.9,133.9,121.72,1090,stock
2012-05-17,NABIL,133.9,131.71,141.98,129.08,6367,stock
2012-05-20,NABIL,131.71,131.71,132.44,126.27,1648,stock
2012-05-21,NABIL,131.71,131.26,132.62,127.17,3948,stock
2012-05-22,NABIL,131.26,130.63,130.63,125.35,1664,stock
2012-05-23,NABIL,130.63,120.36,128.09,120.36,617,stock
2012-05-24,NABIL,120.36,124.35,127.17,118.09,3006,stock
2012-05-27,NABIL,124.35,128.99,131.53,124.63,4735,stock
2012-05-29,NABIL,128.99,121.54,126.45,121.54,30,stock
2012-05-30,NABIL,121.54,109.46,119.18,109.46,399,stock
2012-05-31,NABIL,109.46,109.01,111.55,101.11,5417,stock
2012-06-03,NABIL,109.01,119.27,119.91,109.91,2718,stock
2012-06-04,NABIL,119.27,117.18,119.27,114.91,2280,stock
2012-06-05,NABIL,117.18,112.82,114.91,110.55,1088,stock
2012-06-06,NABIL,112.82,109.55,110.91,108.1,4535,stock
2012-06-07,NABIL,109.55,111.28,114.28,109.91,1504,stock
2012-06-10,NABIL,111.28,109.46,109.91,107.91,1572,stock
2012-06-11,NABIL,109.46,109.01,113.82,109.01,602,stock
2012-06-12,NABIL,109.01,109.91,109.91,108.55,1025,stock
2012-06-13,NABIL,109.91,110.82,110.82,109.1,197,stock
2012-06-14,NABIL,110.82,110.1,110.37,108.64,903,stock
2012-06-17,NABIL,110.1,109.46,109.46,108.46,306,stock
2012-06-18,NABIL,109.46,109.91,111.18,109.01,320,stock
2012-06-19,NABIL,109.91,110.0,110.0,107.73,624,stock
2012-06-20,NABIL,110.0,110.1,114.28,108.55,226,stock
2012-06-21,NABIL,110.1,109.46,110.1,109.01,730,stock
2012-06-25,NABIL,109.46,114.82,114.82,108.73,721,stock
2012-06-26,NABIL,114.82,111.37,112.55,110.64,358,stock
2012-06-27,NABIL,111.37,113.46,114.82,112.64,1302,stock
2012-06-28,NABIL,113.46,115.1,117.91,113.54,1238,stock
2012-07-01,NABIL,115.1,114.46,114.46,113.54,1135,stock
2012-07-02,NABIL,114.46,113.1,113.54,112.82,790,stock
2012-07-03,NABIL,113.1,116.28,116.28,113.54,1302,stock
2012-07-04,NABIL,116.28,118.27,120.36,116.36,784,stock
2012-07-05,NABIL,118.27,117.46,117.46,115.91,789,stock
2012-07-08,NABIL,117.46,116.36,116.36,114.91,1230,stock
2012-07-09,NABIL,116.36,115.82,116.72,114.46,907,stock
2012-07-10,NABIL,115.82,118.09,118.27,117.0,955,stock
2012-07-11,NABIL,118.09,119.0,119.54,119.0,1338,stock
2012-07-12,NABIL,119.0,119.82,119.82,118.18,1100,stock
2012-07-15,NABIL,119.82,123.09,123.99,121.54,1155,stock
2012-07-16,NABIL,123.09,122.63,122.91,121.72,904,stock
2012-07-17,NABIL,122.63,124.54,124.54,122.63,2701,stock
2012-07-18,NABIL,124.54,125.53,126.71,124.27,2406,stock
2012-07-19,NABIL,125.53,129.9,131.08,127.17,1362,stock
2012-07-22,NABIL,129.9,133.98,134.26,129.9,4131,stock
2012-07-23,NABIL,133.98,134.71,136.44,134.26,3631,stock
2012-07-24,NABIL,134.71,133.9,134.98,131.44,3187,stock
2012-07-25,NABIL,133.9,133.53,135.35,132.8,2707,stock
2012-07-26,NABIL,133.53,131.71,133.08,131.71,1828,stock
2012-07-29,NABIL,131.71,130.81,131.71,129.99,943,stock
2012-07-30,NABIL,130.81,131.71,132.17,128.99,2028,stock
2012-07-31,NABIL,131.71,131.71,132.8,130.9,651,stock
2012-08-01,NABIL,131.71,132.62,133.53,131.71,2222,stock
2012-08-05,NABIL,132.62,133.53,133.53,130.81,969,stock
2012-08-06,NABIL,133.53,134.26,134.53,133.53,897,stock
2012-08-07,NABIL,134.26,134.44,134.98,133.53,975,stock
2012-08-08,NABIL,134.44,133.44,133.98,132.62,1167,stock
2012-08-12,NABIL,133.44,131.81,132.62,131.81,508,stock
2012-08-13,NABIL,131.81,132.71,136.26,132.17,3040,stock
2012-08-14,NABIL,132.71,132.17,133.8,131.71,1350,stock
2012-08-15,NABIL,132.17,131.71,132.62,131.26,2545,stock
2012-08-16,NABIL,131.71,133.44,133.98,131.44,2466,stock
2012-08-19,NABIL,133.44,131.81,131.81,130.9,385,stock
2012-08-21,NABIL,131.81,133.08,133.08,129.9,2488,stock
2012-08-22,NABIL,133.08,132.8,133.71,131.81,1036,stock
2012-08-23,NABIL,132.8,133.08,133.35,130.9,1546,stock
2012-08-26,NABIL,133.08,130.71,133.08,129.9,569,stock
2012-08-27,NABIL,130.71,131.71,131.71,130.45,1059,stock
2012-08-28,NABIL,131.71,130.53,131.81,130.53,1216,stock
2012-08-29,NABIL,130.53,130.81,130.81,129.27,1265,stock
2012-08-30,NABIL,130.81,130.53,130.53,127.63,1420,stock
2012-09-02,NABIL,130.53,132.8,132.99,130.81,1427,stock
2012-09-03,NABIL,132.8,132.62,133.44,131.71,731,stock
2012-09-04,NABIL,132.62,132.17,132.53,130.08,683,stock
2012-09-05,NABIL,132.17,131.81,132.62,130.81,681,stock
2012-09-06,NABIL,131.81,131.08,131.81,130.81,2276,stock
2012-09-09,NABIL,131.08,131.53,131.62,130.35,1031,stock
2012-09-10,NABIL,131.53,129.53,130.9,129.53,524,stock
2012-09-11,NABIL,129.53,135.35,138.08,132.08,7009,stock
2012-09-12,NABIL,135.35,134.44,136.71,134.44,5042,stock
2012-09-13,NABIL,134.44,134.53,135.26,134.26,1771,stock
2012-09-16,NABIL,134.53,134.9,135.44,134.44,1019,stock
2012-09-17,NABIL,134.9,135.16,135.16,134.53,1287,stock
2012-09-18,NABIL,135.16,134.98,136.26,134.98,897,stock
2012-09-19,NABIL,134.98,134.62,135.35,134.44,998,stock
2012-09-20,NABIL,134.62,133.53,133.53,131.26,350,stock
2012-09-23,NABIL,133.53,131.9,132.62,130.99,921,stock
2012-09-24,NABIL,131.9,130.45,130.45,128.09,898,stock
2012-09-25,NABIL,130.45,129.53,130.26,128.53,1942,stock
2012-09-26,NABIL,129.53,128.09,131.9,127.17,6206,stock
2012-09-27,NABIL,128.09,128.9,128.99,128.09,1035,stock
2012-09-30,NABIL,128.9,127.17,131.17,127.17,1097,stock
2012-10-01,NABIL,127.17,127.35,129.71,127.17,4518,stock
2012-10-02,NABIL,127.35,125.81,128.35,124.91,5576,stock
2012-10-03,NABIL,150.97,122.09,123.29,122.09,218,stock
2012-10-04,NABIL,122.09,122.63,122.63,120.02,723,stock
2012-10-07,NABIL,122.63,124.81,124.81,123.51,1039,stock
2012-10-08,NABIL,124.81,125.35,126.45,124.81,570,stock
2012-10-09,NABIL,125.35,126.67,126.67,124.27,514,stock
2012-10-10,NABIL,126.67,125.57,125.57,124.59,224,stock
2012-10-11,NABIL,125.57,123.72,124.27,123.72,377,stock
2012-10-14,NABIL,123.72,126.11,126.11,123.72,177,stock
2012-10-15,NABIL,126.11,126.45,126.45,126.45,26,stock
2012-10-17,NABIL,126.45,126.45,126.45,126.45,211,stock
2012-10-18,NABIL,126.45,126.99,126.99,123.94,636,stock
2012-10-30,NABIL,126.99,133.42,133.42,129.17,291,stock
2012-10-31,NABIL,133.42,135.93,136.04,133.42,806,stock
2012-11-01,NABIL,135.93,136.14,136.14,132.99,1358,stock
2012-11-04,NABIL,136.14,137.9,140.62,136.26,602,stock
2012-11-05,NABIL,137.9,139.52,142.8,139.52,521,stock
2012-11-06,NABIL,139.52,143.45,144.87,141.71,2280,stock
2012-11-07,NABIL,143.45,157.73,157.73,146.29,1661,stock
2012-11-08,NABIL,157.73,163.94,171.69,160.78,5562,stock
2012-11-11,NABIL,163.94,153.7,164.06,149.99,3220,stock
2012-11-12,NABIL,153.7,158.6,158.6,152.61,1858,stock
2012-11-18,NABIL,158.6,163.84,163.94,158.6,5211,stock
2012-11-20,NABIL,163.84,168.96,171.35,166.67,3483,stock
2012-11-21,NABIL,168.96,167.32,170.59,166.23,2159,stock
2012-11-22,NABIL,167.32,164.6,164.6,161.32,3477,stock
2012-11-25,NABIL,164.6,163.62,165.36,161.32,5926,stock
2012-11-26,NABIL,163.62,161.11,162.64,160.24,14328,stock
2012-11-27,NABIL,161.11,161.88,161.88,159.91,2331,stock
2012-11-28,NABIL,161.88,163.4,163.4,159.14,1685,stock
2012-11-29,NABIL,163.4,159.14,160.24,158.28,513,stock
2012-12-02,NABIL,159.14,157.51,159.26,155.44,3251,stock
2012-12-03,NABIL,157.51,159.14,159.14,152.93,1078,stock
2012-12-04,NABIL,159.14,159.8,162.31,159.14,1708,stock
2012-12-05,NABIL,159.8,163.84,164.6,160.78,6029,stock
2012-12-06,NABIL,163.84,163.29,163.51,160.78,2285,stock
2012-12-09,NABIL,163.29,158.06,160.78,158.06,718,stock
2012-12-10,NABIL,158.06,158.06,158.06,154.79,1548,stock
2012-12-11,NABIL,158.06,158.06,159.58,157.51,742,stock
2012-12-13,NABIL,158.06,162.42,164.49,159.7,601,stock
2012-12-16,NABIL,162.42,166.56,167.21,163.51,4987,stock
2012-12-17,NABIL,166.56,169.94,172.12,167.32,11942,stock
2012-12-18,NABIL,169.94,165.91,166.56,163.51,2787,stock
2012-12-19,NABIL,165.91,168.63,169.51,166.02,4192,stock
2012-12-20,NABIL,168.63,169.61,169.94,166.78,4104,stock
2012-12-23,NABIL,169.61,171.69,171.69,168.41,4289,stock
2012-12-24,NABIL,171.69,170.81,172.12,168.96,6737,stock
2012-12-26,NABIL,170.81,176.05,176.92,170.05,5465,stock
2012-12-27,NABIL,176.05,185.42,185.42,164.16,7127,stock
2012-12-31,NABIL,185.42,184.54,184.76,175.5,3896,stock
2013-01-01,NABIL,184.54,180.95,185.1,180.95,2821,stock
2013-01-02,NABIL,180.95,181.06,183.56,178.22,3397,stock
2013-01-03,NABIL,181.06,184.12,184.22,180.95,5596,stock
2013-01-06,NABIL,184.12,182.58,185.1,182.58,1363,stock
2013-01-07,NABIL,182.58,181.5,183.46,179.86,4852,stock
2013-01-08,NABIL,181.5,180.3,181.5,180.18,619,stock
2013-01-09,NABIL,180.3,179.86,179.86,178.77,1314,stock
2013-01-10,NABIL,179.86,178.77,179.42,176.59,2114,stock
2013-01-13,NABIL,178.77,179.86,181.5,179.42,1896,stock
2013-01-15,NABIL,179.86,179.86,181.82,179.86,1850,stock
2013-01-16,NABIL,179.86,179.86,181.16,178.77,1823,stock
2013-01-17,NABIL,179.86,176.59,178.22,176.26,2605,stock
2013-01-20,NABIL,176.59,168.96,173.32,167.87,2151,stock
2013-01-21,NABIL,168.96,173.32,175.72,172.33,468,stock
2013-01-22,NABIL,173.32,174.41,176.59,173.32,1194,stock
2013-01-23,NABIL,174.41,172.55,174.41,171.69,1800,stock
2013-01-24,NABIL,172.55,174.52,174.52,172.01,3866,stock
2013-01-27,NABIL,174.52,174.95,174.95,173.32,1580,stock
2013-01-28,NABIL,174.95,174.95,175.5,173.43,2032,stock
2013-01-30,NABIL,174.95,172.77,175.07,172.23,6011,stock
2013-01-31,NABIL,172.77,172.23,173.65,172.23,2399,stock
2013-02-03,NABIL,172.23,176.59,177.13,173.87,4537,stock
2013-02-04,NABIL,176.59,176.81,177.03,174.41,1449,stock
2013-02-05,NABIL,176.81,174.95,177.13,174.41,2714,stock
2013-02-06,NABIL,174.95,175.28,175.39,173.87,4577,stock
2013-02-07,NABIL,175.28,175.07,175.61,174.41,1056,stock
2013-02-10,NABIL,175.07,180.4,183.9,178.44,4707,stock
2013-02-12,NABIL,180.4,188.58,189.12,184.0,5007,stock
2013-02-13,NABIL,188.58,186.51,188.47,183.34,5548,stock
2013-02-14,NABIL,186.51,190.65,191.31,189.34,5508,stock
2013-02-17,NABIL,190.65,206.02,209.62,194.35,3388,stock
2013-02-19,NABIL,206.02,203.4,218.01,202.97,11302,stock
2013-02-20,NABIL,203.4,200.57,203.84,197.63,3753,stock
2013-02-21,NABIL,200.57,201.66,206.46,198.39,4683,stock
2013-02-24,NABIL,201.66,201.77,202.75,200.57,1719,stock
2013-02-25,NABIL,201.77,205.48,212.56,201.66,2323,stock
2013-02-26,NABIL,205.48,207.0,209.51,204.93,4719,stock
2013-02-27,NABIL,207.0,203.84,204.38,202.97,1777,stock
2013-02-28,NABIL,203.84,205.8,205.92,203.62,1426,stock
2013-03-03,NABIL,205.8,205.7,205.92,203.95,3654,stock
2013-03-04,NABIL,205.7,204.93,205.58,204.38,2969,stock
2013-03-05,NABIL,204.93,203.62,205.8,202.2,5639,stock
2013-03-06,NABIL,203.62,206.02,206.56,202.75,1309,stock
2013-03-07,NABIL,206.02,209.84,209.84,201.66,4043,stock
2013-03-11,NABIL,209.84,207.12,211.36,204.93,2354,stock
2013-03-13,NABIL,207.12,207.98,208.31,204.06,3412,stock
2013-03-14,NABIL,207.98,209.4,217.79,207.12,2905,stock
2013-03-17,NABIL,209.4,207.54,208.86,207.12,2533,stock
2013-03-18,NABIL,207.54,204.93,208.1,202.86,1067,stock
2013-03-19,NABIL,204.93,206.02,209.62,202.75,1872,stock
2013-03-20,NABIL,206.02,204.72,207.22,204.38,688,stock
2013-03-21,NABIL,204.72,204.93,207.12,203.84,498,stock
2013-03-24,NABIL,204.93,200.03,201.77,198.93,2994,stock
2013-03-25,NABIL,200.03,201.88,201.88,196.21,2653,stock
2013-03-27,NABIL,201.88,201.55,205.8,200.68,2300,stock
2013-03-28,NABIL,201.55,201.88,201.88,198.93,4364,stock
2013-03-31,NABIL,201.88,194.57,199.48,194.57,2556,stock
2013-04-01,NABIL,194.57,195.67,197.41,190.76,3861,stock
2013-04-02,NABIL,195.67,199.48,202.32,191.85,2688,stock
2013-04-03,NABIL,199.48,198.93,200.57,198.39,1741,stock
2013-04-04,NABIL,198.93,197.09,198.93,196.32,2424,stock
2013-04-07,NABIL,197.09,195.12,197.09,194.03,1811,stock
2013-04-08,NABIL,195.12,196.21,198.39,194.79,785,stock
2013-04-09,NABIL,196.21,201.66,201.66,196.32,2545,stock
2013-04-11,NABIL,201.66,201.12,202.75,200.03,3477,stock
2013-04-15,NABIL,201.12,200.03,201.55,197.85,1900,stock
2013-04-16,NABIL,200.03,199.48,201.12,197.85,3250,stock
2013-04-17,NABIL,199.48,196.75,199.05,196.75,1167,stock
2013-04-18,NABIL,196.75,197.85,199.48,196.87,1755,stock
2013-04-21,NABIL,197.85,198.39,200.03,196.75,1114,stock
2013-04-22,NABIL,198.39,192.39,198.39,190.76,3818,stock
2013-04-23,NABIL,192.39,196.65,200.13,195.12,1983,stock
2013-04-25,NABIL,196.65,194.03,196.21,194.03,1273,stock
2013-04-28,NABIL,194.03,192.94,193.71,192.94,1757,stock
2013-04-29,NABIL,192.94,192.94,195.67,192.94,1506,stock
2013-04-30,NABIL,192.94,192.94,194.57,192.83,515,stock
2013-05-02,NABIL,192.94,192.94,193.05,189.67,1071,stock
2013-05-05,NABIL,192.94,189.12,194.03,187.49,1168,stock
2013-05-06,NABIL,189.12,182.92,186.94,182.92,848,stock
2013-05-07,NABIL,182.92,185.74,189.45,182.58,3840,stock
2013-05-08,NABIL,185.74,184.22,185.31,184.22,234,stock
2013-05-09,NABIL,184.22,183.68,185.52,183.68,998,stock
2013-05-12,NABIL,183.68,183.24,187.27,180.95,3800,stock
2013-05-13,NABIL,183.24,187.27,187.27,183.13,2165,stock
2013-05-14,NABIL,187.27,184.22,187.71,184.22,3704,stock
2013-05-15,NABIL,184.22,184.76,187.82,184.22,9162,stock
2013-05-16,NABIL,184.76,190.76,190.76,185.31,1993,stock
2013-05-19,NABIL,190.76,188.14,192.39,187.49,10617,stock
2013-05-20,NABIL,188.14,190.21,191.85,188.58,2532,stock
2013-05-21,NABIL,190.21,190.76,191.09,189.67,3286,stock
2013-05-22,NABIL,190.76,190.21,192.17,189.12,2178,stock
2013-05-23,NABIL,190.21,190.21,190.21,188.04,3462,stock
2013-05-26,NABIL,190.21,189.78,190.76,189.67,1188,stock
2013-05-27,NABIL,189.78,196.65,196.65,191.85,1415,stock
2013-05-28,NABIL,196.65,191.96,194.57,191.85,1016,stock
2013-05-30,NABIL,191.96,190.21,191.96,190.21,2567,stock
2013-06-02,NABIL,190.21,188.58,191.19,188.58,1852,stock
2013-06-03,NABIL,188.58,190.76,191.85,190.65,669,stock
2013-06-04,NABIL,190.76,190.76,191.31,189.67,590,stock
2013-06-05,NABIL,190.76,190.11,190.76,190.11,357,stock
2013-06-06,NABIL,190.11,190.32,190.76,188.69,746,stock
2013-06-09,NABIL,190.32,189.67,189.67,189.67,1721,stock
2013-06-10,NABIL,189.67,189.67,189.89,189.12,3401,stock
2013-06-11,NABIL,189.67,190.98,191.31,190.11,630,stock
2013-06-12,NABIL,190.98,189.23,190.0,189.12,812,stock
2013-06-13,NABIL,189.23,188.36,189.12,188.04,1716,stock
2013-06-16,NABIL,188.36,189.45,189.67,188.04,1064,stock
2013-06-17,NABIL,189.45,187.49,188.69,187.49,1445,stock
2013-06-18,NABIL,187.49,187.38,187.6,185.42,1011,stock
2013-06-19,NABIL,187.38,187.6,187.71,185.96,1715,stock
2013-06-20,NABIL,187.6,186.51,186.94,185.96,1816,stock
2013-06-23,NABIL,186.51,186.94,187.27,185.31,528,stock
2013-06-24,NABIL,186.94,187.06,187.6,185.86,812,stock
2013-06-25,NABIL,187.06,188.58,188.58,186.29,1982,stock
2013-06-26,NABIL,188.58,192.39,194.57,188.58,2051,stock
2013-06-27,NABIL,192.39,193.27,194.57,190.76,1651,stock
2013-06-30,NABIL,193.27,190.76,193.05,188.58,1692,stock
2013-07-01,NABIL,190.76,190.43,191.74,190.21,1948,stock
2013-07-02,NABIL,190.43,190.54,190.54,189.67,869,stock
2013-07-03,NABIL,190.54,190.0,191.09,188.04,1706,stock
2013-07-04,NABIL,190.0,189.78,190.32,189.12,1636,stock
2013-07-07,NABIL,189.78,189.78,190.43,188.58,2216,stock
2013-07-08,NABIL,189.78,190.76,191.19,189.23,2866,stock
2013-07-09,NABIL,190.76,193.92,193.92,191.09,1603,stock
2013-07-10,NABIL,193.92,196.75,197.19,194.03,5003,stock
2013-07-11,NABIL,196.75,194.69,195.67,194.69,632,stock
2013-07-14,NABIL,194.69,195.12,196.21,194.91,1240,stock
2013-07-15,NABIL,195.12,197.85,198.72,197.3,553,stock
2013-07-16,NABIL,197.85,196.21,198.28,195.67,2427,stock
2013-07-17,NABIL,196.21,198.93,198.93,196.32,3409,stock
2013-07-18,NABIL,198.93,203.3,204.06,197.41,5092,stock
2013-07-21,NABIL,203.3,208.2,214.74,206.02,5250,stock
2013-07-22,NABIL,208.2,205.48,208.74,205.48,1031,stock
2013-07-23,NABIL,205.48,209.29,209.29,203.84,898,stock
2013-07-24,NABIL,209.29,206.02,207.12,200.9,2886,stock
2013-07-25,NABIL,206.02,205.92,207.66,204.93,1962,stock
2013-07-28,NABIL,205.92,207.66,209.08,204.93,2279,stock
2013-07-29,NABIL,207.66,207.12,208.2,206.02,2562,stock
2013-07-30,NABIL,207.12,208.2,208.74,207.12,2927,stock
2013-07-31,NABIL,208.2,209.84,210.92,207.12,2384,stock
2013-08-01,NABIL,209.84,208.2,212.56,207.12,2696,stock
2013-08-04,NABIL,208.2,208.74,208.74,206.13,3186,stock
2013-08-05,NABIL,208.74,206.56,207.22,206.02,1105,stock
2013-08-06,NABIL,206.56,207.44,207.66,205.48,2029,stock
2013-08-07,NABIL,207.44,206.02,209.29,206.02,635,stock
2013-08-08,NABIL,206.02,207.12,209.94,204.93,2663,stock
2013-08-11,NABIL,207.12,203.84,204.38,201.66,867,stock
2013-08-12,NABIL,203.84,201.66,203.84,200.79,1648,stock
2013-08-13,NABIL,201.66,199.48,201.66,197.52,2663,stock
2013-08-14,NABIL,199.48,198.28,202.75,198.28,1105,stock
2013-08-15,NABIL,198.28,201.12,201.12,198.17,651,stock
2013-08-18,NABIL,201.12,198.93,201.12,198.61,1294,stock
2013-08-19,NABIL,198.93,200.35,201.66,199.48,1782,stock
2013-08-20,NABIL,200.35,202.2,202.2,199.48,807,stock
2013-08-25,NABIL,202.2,202.75,203.84,201.66,1577,stock
2013-08-26,NABIL,202.75,201.77,202.75,200.57,1868,stock
2013-08-27,NABIL,201.77,201.99,202.64,200.57,1193,stock
2013-08-29,NABIL,201.99,199.92,202.32,199.48,1962,stock
2013-09-01,NABIL,199.92,199.48,200.57,199.48,787,stock
2013-09-02,NABIL,199.48,198.39,198.93,198.39,802,stock
2013-09-03,NABIL,198.39,198.39,199.26,196.21,3564,stock
2013-09-04,NABIL,198.39,198.39,200.57,196.53,2269,stock
2013-09-05,NABIL,198.39,198.39,198.39,196.11,3902,stock
2013-09-08,NABIL,198.39,218.23,218.23,202.32,9905,stock
2013-09-09,NABIL,218.23,214.2,222.26,213.76,8448,stock
2013-09-10,NABIL,214.2,211.47,214.2,209.94,5604,stock
2013-09-11,NABIL,211.47,213.43,213.43,211.47,5974,stock
2013-09-12,NABIL,213.43,214.2,215.29,213.65,3529,stock
2013-09-15,NABIL,214.2,216.92,217.47,213.65,9143,stock
2013-09-16,NABIL,216.92,217.57,218.23,216.92,4647,stock
2013-09-17,NABIL,217.57,218.01,218.33,216.37,9843,stock
2013-09-19,NABIL,218.01,215.83,217.03,214.2,2291,stock
2013-09-22,NABIL,215.83,215.29,215.83,212.56,2397,stock
2013-09-23,NABIL,215.29,214.74,215.29,211.58,3089,stock
2013-09-24,NABIL,214.74,215.83,216.92,213.76,4740,stock
2013-09-25,NABIL,215.83,215.83,216.49,215.39,2790,stock
2013-09-26,NABIL,215.83,215.83,218.01,215.72,837,stock
2013-09-29,NABIL,215.83,215.29,216.92,214.74,2802,stock
2013-09-30,NABIL,215.29,215.29,215.83,215.29,1938,stock
2013-10-01,NABIL,215.29,215.83,219.32,215.18,2887,stock
2013-10-02,NABIL,215.83,216.16,216.37,212.56,1303,stock
2013-10-03,NABIL,216.16,215.39,215.83,213.65,2340,stock
2013-10-06,NABIL,215.39,215.83,215.83,214.74,1379,stock
2013-10-07,NABIL,215.83,217.14,217.47,215.83,1594,stock
2013-10-08,NABIL,217.14,219.11,219.11,217.47,2489,stock
2013-10-09,NABIL,219.11,218.89,219.53,218.01,2821,stock
2013-10-10,NABIL,218.89,221.28,221.83,219.65,1255,stock
2013-10-17,NABIL,221.28,225.1,225.1,221.83,3332,stock
2013-10-20,NABIL,225.1,234.36,234.47,223.46,8573,stock
2013-10-21,NABIL,234.36,239.81,244.17,231.52,6354,stock
2013-10-22,NABIL,239.81,234.36,239.81,228.92,7336,stock
2013-10-23,NABIL,234.36,233.27,235.45,230.12,2544,stock
2013-10-24,NABIL,233.27,235.45,235.45,230.88,3527,stock
2013-10-27,NABIL,235.45,239.81,239.92,230.76,3228,stock
2013-10-28,NABIL,239.81,239.59,243.09,238.83,5747,stock
2013-10-29,NABIL,239.59,239.92,240.25,238.72,2987,stock
2013-10-30,NABIL,239.92,239.81,240.47,239.27,8171,stock
2013-10-31,NABIL,239.81,239.59,240.69,239.27,5454,stock
2013-11-06,NABIL,239.59,239.16,239.81,238.83,1535,stock
2013-11-07,NABIL,239.16,237.09,239.71,237.09,3254,stock
2013-11-10,NABIL,237.09,236.54,239.37,236.54,1502,stock
2013-11-11,NABIL,236.54,239.92,240.91,234.36,10578,stock
2013-11-12,NABIL,239.92,240.35,245.26,239.81,3891,stock
2013-11-13,NABIL,240.35,241.23,244.17,240.35,8998,stock
2013-11-14,NABIL,241.23,242.97,246.35,239.81,9683,stock
2013-11-21,NABIL,242.97,267.17,267.17,247.77,10177,stock
2013-11-24,NABIL,267.17,275.02,279.82,261.61,7026,stock
2013-11-25,NABIL,275.02,266.73,270.12,259.43,4977,stock
2013-11-26,NABIL,266.73,260.52,265.97,259.43,5083,stock
2013-11-27,NABIL,260.52,259.43,260.52,257.8,1841,stock
2013-11-28,NABIL,259.43,259.43,259.43,254.31,3395,stock
2013-12-01,NABIL,259.43,269.68,271.97,264.55,5618,stock
2013-12-02,NABIL,269.68,271.53,272.52,269.25,5399,stock
2013-12-03,NABIL,271.53,280.69,283.96,271.53,6324,stock
2013-12-04,NABIL,280.69,295.95,297.04,284.51,6447,stock
2013-12-05,NABIL,295.95,296.5,305.22,293.77,9860,stock
2013-12-08,NABIL,296.5,299.76,304.13,294.32,18668,stock
2013-12-09,NABIL,374.71,312.03,327.02,305.76,5002,stock
2013-12-10,NABIL,312.03,307.26,312.03,305.22,1767,stock
2013-12-11,NABIL,307.26,312.03,314.07,307.94,2056,stock
2013-12-12,NABIL,312.03,305.9,313.39,305.22,1285,stock
2013-12-15,NABIL,305.9,313.39,313.39,301.94,1243,stock
2013-12-16,NABIL,313.39,325.11,325.11,314.75,716,stock
2013-12-18,NABIL,325.11,328.38,328.38,325.11,900,stock
2013-12-19,NABIL,328.38,326.88,327.02,307.53,3807,stock
2013-12-22,NABIL,326.88,321.15,327.7,321.15,3302,stock
2013-12-23,NABIL,321.15,305.9,317.48,305.9,1786,stock
2013-12-24,NABIL,305.9,307.67,310.67,305.9,2047,stock
2013-12-26,NABIL,307.67,309.31,316.12,307.94,4278,stock
2013-12-29,NABIL,309.31,306.58,309.98,302.49,3809,stock
2013-12-31,NABIL,306.58,301.13,306.58,299.76,2064,stock
2014-01-01,NABIL,301.13,293.09,297.04,291.86,433,stock
2014-01-02,NABIL,293.09,289.54,292.95,284.77,10110,stock
2014-01-05,NABIL,289.54,289.54,289.54,286.14,5113,stock
2014-01-06,NABIL,289.54,287.51,288.59,285.46,3381,stock
2014-01-07,NABIL,287.51,289.69,290.91,282.05,4731,stock
2014-01-08,NABIL,289.69,295.4,297.04,286.14,2502,stock
2014-01-09,NABIL,295.4,295.95,295.95,289.54,1115,stock
2014-01-12,NABIL,295.95,303.17,303.17,286.82,1788,stock
2014-01-13,NABIL,303.17,306.58,307.94,303.17,1385,stock
2014-01-14,NABIL,306.58,302.49,306.58,302.49,287,stock
2014-01-16,NABIL,302.49,299.63,303.85,299.63,163,stock
2014-01-19,NABIL,299.63,301.13,303.85,298.4,1484,stock
2014-01-20,NABIL,301.13,297.73,299.76,295.13,1001,stock
2014-01-21,NABIL,297.73,290.09,296.63,286.14,1824,stock
2014-01-22,NABIL,290.09,284.77,288.18,282.05,2490,stock
2014-01-23,NABIL,284.77,283.41,286.14,279.33,1919,stock
2014-01-26,NABIL,283.41,284.1,286.14,277.29,2305,stock
2014-01-27,NABIL,284.1,282.73,286.82,282.73,700,stock
2014-01-28,NABIL,282.73,280.28,284.1,277.96,3039,stock
2014-01-29,NABIL,280.28,279.33,280.69,275.93,1516,stock
2014-02-02,NABIL,279.33,280.69,280.83,275.24,3221,stock
2014-02-03,NABIL,280.69,273.74,275.93,271.83,1729,stock
2014-02-04,NABIL,273.74,274.55,275.24,272.52,701,stock
2014-02-05,NABIL,274.55,280.69,280.69,273.88,1667,stock
2014-02-06,NABIL,280.69,283.01,283.01,279.33,3009,stock
2014-02-09,NABIL,283.01,286.14,286.14,282.73,884,stock
2014-02-10,NABIL,286.14,293.63,303.45,291.86,3551,stock
2014-02-11,NABIL,293.63,290.23,290.23,286.14,2034,stock
2014-02-12,NABIL,290.23,286.41,289.41,284.77,1982,stock
2014-02-13,NABIL,286.41,285.46,286.54,284.64,902,stock
2014-02-16,NABIL,285.46,283.41,286.14,282.73,1096,stock
2014-02-17,NABIL,283.41,284.51,286.14,283.41,687,stock
2014-02-18,NABIL,284.51,286.82,286.82,284.1,814,stock
2014-02-20,NABIL,286.82,285.87,291.59,285.87,466,stock
2014-02-23,NABIL,285.87,287.23,292.95,286.14,4237,stock
2014-02-24,NABIL,287.23,290.64,291.59,287.1,2640,stock
2014-02-25,NABIL,290.64,290.23,290.23,286.14,1845,stock
2014-02-26,NABIL,290.23,292.82,297.04,286.14,1200,stock
2014-03-03,NABIL,292.82,281.37,290.23,280.55,1114,stock
2014-03-04,NABIL,281.37,274.55,281.37,269.11,2767,stock
2014-03-05,NABIL,274.55,284.77,284.77,272.52,1527,stock
2014-03-06,NABIL,284.77,274.55,279.33,272.65,1631,stock
2014-03-09,NABIL,274.55,272.52,280.01,271.15,1254,stock
2014-03-10,NABIL,272.52,269.79,273.19,267.74,904,stock
2014-03-11,NABIL,269.79,269.65,269.93,267.07,1671,stock
2014-03-12,NABIL,269.65,266.38,268.43,254.8,4854,stock
2014-03-13,NABIL,266.38,259.84,262.97,258.89,2402,stock
2014-03-17,NABIL,259.84,252.75,256.85,250.72,1944,stock
2014-03-18,NABIL,252.75,245.12,254.12,245.12,2968,stock
2014-03-19,NABIL,245.12,251.39,255.62,243.9,5212,stock
2014-03-20,NABIL,251.39,260.25,260.25,250.72,2633,stock
2014-03-23,NABIL,260.25,256.98,258.21,256.3,1880,stock
2014-03-24,NABIL,256.98,260.93,264.33,260.25,1043,stock
2014-03-25,NABIL,260.93,258.89,260.25,256.16,1319,stock
2014-03-26,NABIL,258.89,255.08,258.21,254.93,781,stock
2014-03-27,NABIL,255.08,258.89,259.57,255.75,2287,stock
2014-03-31,NABIL,258.89,258.21,260.39,258.21,1049,stock
2014-04-01,NABIL,258.21,258.89,261.61,256.16,2849,stock
2014-04-02,NABIL,258.89,258.89,261.61,258.89,4093,stock
2014-04-03,NABIL,258.89,265.71,265.71,260.93,1392,stock
2014-04-06,NABIL,265.71,267.74,272.52,267.74,438,stock
2014-04-07,NABIL,267.74,265.02,265.71,257.93,3054,stock
2014-04-09,NABIL,265.02,267.07,267.07,258.89,1858,stock
2014-04-10,NABIL,267.07,271.01,272.52,267.2,2242,stock
2014-04-13,NABIL,271.01,271.83,273.74,268.43,4388,stock
2014-04-15,NABIL,271.83,271.83,272.93,271.83,572,stock
2014-04-16,NABIL,271.83,271.15,271.29,268.43,606,stock
2014-04-17,NABIL,271.15,264.74,269.79,264.74,1617,stock
2014-04-20,NABIL,264.74,265.71,265.71,264.89,2145,stock
2014-04-21,NABIL,265.71,262.97,265.71,261.61,1235,stock
2014-04-22,NABIL,262.97,262.97,267.07,262.97,382,stock
2014-04-23,NABIL,262.97,264.33,264.33,261.34,699,stock
2014-04-27,NABIL,264.33,258.89,262.97,257.52,1374,stock
2014-04-28,NABIL,258.89,260.25,261.61,257.52,1057,stock
2014-04-29,NABIL,260.25,260.25,260.25,260.25,45,stock
2014-04-30,NABIL,260.25,264.33,264.33,260.25,326,stock
2014-05-04,NABIL,264.33,263.66,264.33,259.43,3143,stock
2014-05-05,NABIL,263.66,267.07,267.74,264.33,1684,stock
2014-05-06,NABIL,267.07,276.6,283.01,272.38,2557,stock
2014-05-07,NABIL,276.6,277.96,287.64,277.96,2142,stock
2014-05-08,NABIL,277.96,274.15,275.24,272.52,1301,stock
2014-05-11,NABIL,274.15,274.29,277.96,271.83,1554,stock
2014-05-12,NABIL,274.29,274.55,277.96,271.83,2015,stock
2014-05-13,NABIL,274.55,272.52,276.6,271.15,1034,stock
2014-05-15,NABIL,272.52,267.07,276.47,267.07,1801,stock
2014-05-18,NABIL,267.07,265.71,267.74,264.48,3500,stock
2014-05-19,NABIL,265.71,262.3,265.71,256.44,4777,stock
2014-05-20,NABIL,262.3,260.93,264.33,259.3,3836,stock
2014-05-21,NABIL,260.93,260.93,262.43,257.52,3692,stock
2014-05-22,NABIL,260.93,253.31,262.3,253.31,21890,stock
2014-05-25,NABIL,253.31,261.89,265.02,243.63,27558,stock
2014-05-26,NABIL,261.89,271.01,271.01,258.89,8695,stock
2014-05-27,NABIL,271.01,265.71,267.07,262.3,5571,stock
2014-05-28,NABIL,265.71,270.47,271.01,264.33,3993,stock
2014-06-01,NABIL,270.47,277.29,279.33,268.43,6733,stock
2014-06-02,NABIL,277.29,279.33,281.37,275.24,8876,stock
2014-06-03,NABIL,279.33,281.92,284.77,280.28,5985,stock
2014-06-04,NABIL,281.92,282.73,282.73,279.33,5664,stock
2014-06-05,NABIL,282.73,279.6,282.6,277.29,4170,stock
2014-06-08,NABIL,279.6,283.14,286.0,279.33,4816,stock
2014-06-09,NABIL,283.14,287.51,288.18,283.14,6302,stock
2014-06-10,NABIL,287.51,292.0,292.95,288.18,6260,stock
2014-06-11,NABIL,292.0,294.32,298.4,290.23,7131,stock
2014-06-12,NABIL,294.32,294.32,297.73,289.82,5552,stock
2014-06-15,NABIL,294.32,317.48,323.74,294.32,9465,stock
2014-06-16,NABIL,317.48,321.97,324.3,315.03,11146,stock
2014-06-17,NABIL,321.97,321.56,328.79,314.75,6689,stock
2014-06-18,NABIL,321.56,318.16,322.93,318.16,2313,stock
2014-06-19,NABIL,318.16,309.31,312.03,308.62,3475,stock
2014-06-23,NABIL,309.31,299.5,304.53,297.86,7097,stock
2014-06-24,NABIL,299.5,307.13,307.26,288.46,4796,stock
2014-06-25,NABIL,307.13,312.03,314.62,306.58,2781,stock
2014-06-26,NABIL,312.03,313.53,318.16,313.53,1527,stock
2014-06-29,NABIL,313.53,316.8,318.84,310.67,4526,stock
2014-06-30,NABIL,316.8,314.75,318.84,313.39,2748,stock
2014-07-01,NABIL,314.75,318.16,320.89,316.12,3169,stock
2014-07-02,NABIL,318.16,319.53,320.89,313.39,4313,stock
2014-07-03,NABIL,319.53,321.56,327.02,320.2,3317,stock
2014-07-06,NABIL,321.56,325.66,329.74,321.56,4442,stock
2014-07-07,NABIL,325.66,330.42,333.83,327.02,3657,stock
2014-07-08,NABIL,330.42,333.83,333.83,327.02,7731,stock
2014-07-09,NABIL,333.83,332.19,335.19,332.19,1438,stock
2014-07-10,NABIL,332.19,340.64,340.64,331.11,3612,stock
2014-07-13,NABIL,340.64,348.0,362.58,343.36,4717,stock
2014-07-14,NABIL,348.0,347.46,354.95,344.73,1345,stock
2014-07-15,NABIL,347.46,345.82,346.1,342.69,2092,stock
2014-07-16,NABIL,345.82,345.41,350.73,342.69,1482,stock
2014-07-17,NABIL,345.41,344.46,348.13,339.28,4066,stock
2014-07-20,NABIL,344.46,356.99,358.22,347.46,3391,stock
2014-07-21,NABIL,356.99,355.63,359.04,352.91,6600,stock
2014-07-22,NABIL,355.63,362.04,362.04,348.68,11797,stock
2014-07-23,NABIL,362.04,365.17,365.17,354.27,2677,stock
2014-07-24,NABIL,365.17,361.35,363.81,355.63,2761,stock
2014-07-27,NABIL,361.35,354.27,356.99,354.27,856,stock
2014-07-28,NABIL,354.27,355.63,355.63,348.82,281,stock
2014-07-30,NABIL,355.63,351.54,355.63,351.0,1885,stock
2014-07-31,NABIL,351.54,350.32,355.91,349.5,2070,stock
2014-08-03,NABIL,350.32,351.95,354.27,350.86,2243,stock
2014-08-04,NABIL,351.95,337.92,348.82,336.55,1906,stock
2014-08-05,NABIL,337.92,340.64,347.46,340.64,4958,stock
2014-08-06,NABIL,340.64,339.14,341.33,337.92,3605,stock
2014-08-07,NABIL,339.14,336.83,340.64,336.55,2121,stock
2014-08-12,NABIL,336.83,329.06,336.55,329.06,1179,stock
2014-08-13,NABIL,329.06,333.83,341.33,324.97,3685,stock
2014-08-14,NABIL,333.83,342.41,347.46,330.42,3681,stock
2014-08-18,NABIL,342.41,341.33,348.13,339.28,7582,stock
2014-08-19,NABIL,341.33,337.24,342.14,337.24,2987,stock
2014-08-20,NABIL,337.24,329.47,337.92,327.02,5743,stock
2014-08-21,NABIL,329.47,332.6,340.92,309.31,4752,stock
2014-08-24,NABIL,332.6,336.55,343.36,332.33,2179,stock
2014-08-25,NABIL,336.55,321.56,343.23,310.67,4877,stock
2014-08-26,NABIL,321.56,302.9,327.97,302.9,7014,stock
2014-08-27,NABIL,302.9,322.25,327.02,308.9,7514,stock
2014-08-28,NABIL,322.25,328.65,344.73,328.38,7784,stock
2014-08-31,NABIL,328.65,335.47,351.27,335.19,28055,stock
2014-09-01,NABIL,335.47,327.29,335.19,324.3,8973,stock
2014-09-03,NABIL,327.29,330.29,339.01,327.02,6112,stock
2014-09-04,NABIL,330.29,326.61,328.38,323.89,4050,stock
2014-09-07,NABIL,326.61,303.85,323.61,303.85,3957,stock
2014-09-09,NABIL,303.85,322.25,325.25,306.58,2375,stock
2014-09-10,NABIL,322.25,316.12,330.42,316.12,4288,stock
2014-09-11,NABIL,316.12,307.94,316.12,306.58,2728,stock
2014-09-14,NABIL,307.94,310.13,311.34,302.49,3404,stock
2014-09-15,NABIL,310.13,313.39,319.66,307.94,2930,stock
2014-09-16,NABIL,313.39,316.8,319.66,311.34,3472,stock
2014-09-17,NABIL,316.8,313.39,320.2,313.39,3375,stock
2014-09-21,NABIL,306.17,298.4,301.81,295.0,2116,stock
2014-09-22,NABIL,298.4,296.22,296.36,291.59,2830,stock
2014-09-23,NABIL,296.22,301.53,309.31,299.09,2415,stock
2014-09-24,NABIL,301.53,319.38,319.66,306.58,2407,stock
2014-09-28,NABIL,319.38,319.53,323.61,317.48,2614,stock
2014-09-29,NABIL,319.53,326.88,330.7,321.56,4217,stock
2014-09-30,NABIL,326.88,326.33,327.97,321.15,2574,stock
2014-10-08,NABIL,326.33,322.93,326.2,322.93,433,stock
2014-10-09,NABIL,322.93,324.3,324.3,318.84,704,stock
2014-10-12,NABIL,324.3,321.56,321.56,316.12,1152,stock
2014-10-13,NABIL,321.56,309.57,315.44,306.58,2487,stock
2014-10-14,NABIL,309.57,312.03,314.75,310.67,1237,stock
2014-10-15,NABIL,312.03,318.84,318.84,313.12,845,stock
2014-10-16,NABIL,318.84,318.84,323.61,317.21,1374,stock
2014-10-19,NABIL,318.84,315.44,316.66,312.71,2320,stock
2014-10-20,NABIL,315.44,316.12,316.12,313.39,1595,stock
2014-10-21,NABIL,316.12,316.66,321.71,314.75,1935,stock
2014-10-22,NABIL,316.66,320.2,322.38,315.3,1509,stock
2014-10-26,NABIL,320.2,320.2,321.43,320.2,428,stock
2014-10-27,NABIL,320.2,322.12,323.61,320.07,185,stock
2014-10-28,NABIL,322.12,320.2,322.12,318.84,1392,stock
2014-10-30,NABIL,320.2,316.8,323.74,314.21,2519,stock
2014-11-02,NABIL,316.8,312.03,316.8,310.67,1073,stock
2014-11-03,NABIL,312.03,299.76,307.26,299.76,3592,stock
2014-11-04,NABIL,299.76,301.13,301.13,294.32,2684,stock
2014-11-05,NABIL,301.13,300.58,302.22,295.68,6995,stock
2014-11-06,NABIL,300.58,302.49,304.53,298.53,7739,stock
2014-11-09,NABIL,302.49,302.08,306.85,299.76,11263,stock
2014-11-10,NABIL,302.08,299.76,306.44,297.04,6328,stock
2014-11-11,NABIL,299.76,299.76,299.76,296.36,6449,stock
2014-11-12,NABIL,299.76,295.68,300.99,295.68,11776,stock
2014-11-13,NABIL,295.62,294.32,299.22,294.32,99,stock
2014-11-16,NABIL,294.32,279.44,288.59,273.06,2309,stock
2014-11-17,NABIL,279.44,267.33,274.36,263.41,3945,stock
2014-11-18,NABIL,267.33,272.57,272.57,255.72,2897,stock
2014-11-19,NABIL,272.57,279.6,279.6,267.17,2153,stock
2014-11-20,NABIL,279.6,284.34,288.59,277.96,2401,stock
2014-11-23,NABIL,284.34,284.83,289.9,277.14,4018,stock
2014-11-24,NABIL,284.83,280.42,281.89,279.6,2010,stock
2014-11-25,NABIL,280.42,277.31,279.6,272.4,3089,stock
2014-11-30,NABIL,277.31,274.7,277.96,274.7,2125,stock
2014-12-01,NABIL,274.7,276.66,278.13,273.06,3262,stock
2014-12-02,NABIL,276.66,274.7,274.7,267.33,3265,stock
2014-12-03,NABIL,274.7,272.24,279.6,272.24,2392,stock
2014-12-04,NABIL,272.24,280.26,281.24,275.84,3338,stock
2014-12-07,NABIL,280.26,278.13,280.91,277.96,3015,stock
2014-12-08,NABIL,278.13,279.11,279.11,277.96,1571,stock
2014-12-09,NABIL,279.11,280.42,281.24,277.96,2452,stock
2014-12-10,NABIL,280.42,281.24,285.33,275.02,1666,stock
2014-12-11,NABIL,281.24,294.32,294.32,275.68,4183,stock
2014-12-14,NABIL,294.32,318.02,318.35,300.2,864,stock
2014-12-15,NABIL,318.02,318.84,327.02,307.56,3945,stock
2014-12-16,NABIL,318.84,314.92,318.84,313.12,3779,stock
2014-12-17,NABIL,314.92,306.58,313.12,306.58,2618,stock
2014-12-18,NABIL,306.58,316.88,316.88,308.21,701,stock
2014-12-22,NABIL,316.88,300.2,310.67,298.4,1715,stock
2014-12-23,NABIL,300.2,294.32,295.95,294.32,1178,stock
2014-12-24,NABIL,294.32,303.47,303.47,294.32,3276,stock
2014-12-28,NABIL,303.47,305.76,309.35,303.8,2045,stock
2014-12-29,NABIL,305.76,306.25,309.03,300.04,1493,stock
2014-12-31,NABIL,306.25,297.58,303.31,297.58,2162,stock
2015-01-01,NABIL,297.58,306.58,306.58,300.04,2383,stock
2015-01-04,NABIL,306.58,307.39,308.87,305.11,1918,stock
2015-01-05,NABIL,307.39,308.37,310.83,303.31,2264,stock
2015-01-06,NABIL,308.37,302.82,304.45,302.82,421,stock
2015-01-07,NABIL,302.82,308.21,310.33,305.76,1365,stock
2015-01-08,NABIL,308.21,309.03,310.83,307.39,1201,stock
2015-01-11,NABIL,309.03,303.31,307.56,303.31,1113,stock
2015-01-12,NABIL,303.31,303.31,303.96,300.86,490,stock
2015-01-13,NABIL,303.31,309.03,309.03,298.4,1921,stock
2015-01-14,NABIL,309.03,305.6,309.03,305.11,643,stock
2015-01-18,NABIL,305.6,309.69,309.69,305.11,1573,stock
2015-01-19,NABIL,309.69,324.08,333.23,303.64,22822,stock
2015-01-20,NABIL,324.08,318.84,318.84,315.9,2981,stock
2015-01-22,NABIL,318.84,317.21,317.21,302.98,2851,stock
2015-01-25,NABIL,317.21,318.84,320.48,306.74,2272,stock
2015-01-26,NABIL,318.84,318.84,324.73,318.84,3083,stock
2015-01-27,NABIL,318.84,322.76,322.76,318.84,1708,stock
2015-01-28,NABIL,322.76,330.29,330.29,322.76,4973,stock
2015-01-29,NABIL,330.29,328.98,331.93,325.38,2342,stock
2015-02-01,NABIL,328.98,335.35,336.83,312.63,2215,stock
2015-02-02,NABIL,335.35,335.19,337.15,332.41,5873,stock
2015-02-03,NABIL,335.19,330.45,336.01,328.0,4156,stock
2015-02-04,NABIL,330.45,328.65,331.11,327.18,4416,stock
2015-02-05,NABIL,328.65,328.98,330.29,326.2,3419,stock
2015-02-08,NABIL,328.98,328.65,329.8,327.02,1634,stock
2015-02-09,NABIL,328.65,325.38,328.65,323.74,2813,stock
2015-02-10,NABIL,325.38,326.69,326.69,325.38,1360,stock
2015-02-11,NABIL,326.69,326.69,327.02,326.69,418,stock
2015-02-12,NABIL,326.69,327.83,327.83,324.56,2850,stock
2015-02-15,NABIL,327.83,327.02,327.67,326.36,2124,stock
2015-02-16,NABIL,327.02,326.2,327.02,324.56,1483,stock
2015-02-19,NABIL,326.2,324.56,324.56,322.93,1539,stock
2015-02-22,NABIL,324.56,318.35,320.48,315.57,2341,stock
2015-02-23,NABIL,318.35,317.04,317.21,311.49,3583,stock
2015-02-24,NABIL,317.04,318.84,318.84,313.12,499,stock
2015-02-25,NABIL,318.84,319.17,319.17,317.21,1894,stock
2015-02-26,NABIL,319.17,320.48,320.48,320.48,65,stock
2015-03-01,NABIL,314.92,315.57,317.21,311.15,1809,stock
2015-03-02,NABIL,315.57,314.75,315.57,313.93,6343,stock
2015-03-03,NABIL,314.75,315.57,315.57,313.93,316,stock
2015-03-04,NABIL,315.57,317.21,320.64,316.39,1399,stock
2015-03-09,NABIL,317.21,320.64,322.93,318.68,2158,stock
2015-03-10,NABIL,320.64,317.53,322.44,317.21,1395,stock
2015-03-11,NABIL,317.53,320.48,320.48,317.21,855,stock
2015-03-12,NABIL,320.48,318.02,318.02,315.57,504,stock
2015-03-15,NABIL,318.02,314.75,315.57,313.29,851,stock
2015-03-16,NABIL,314.75,312.47,313.93,312.3,681,stock
2015-03-17,NABIL,312.47,311.65,313.93,311.49,1912,stock
2015-03-18,NABIL,311.65,310.83,313.45,307.39,1952,stock
2015-03-19,NABIL,310.83,314.75,314.75,310.67,803,stock
2015-03-22,NABIL,314.75,312.13,313.93,310.67,2388,stock
2015-03-23,NABIL,312.13,310.67,311.32,308.71,1911,stock
2015-03-24,NABIL,310.67,310.67,310.67,307.39,919,stock
2015-03-25,NABIL,310.67,308.54,310.83,304.94,1876,stock
2015-03-26,NABIL,308.54,305.76,308.54,304.13,1816,stock
2015-03-29,NABIL,305.76,307.39,307.39,300.86,794,stock
2015-03-30,NABIL,307.39,307.56,307.73,307.23,1513,stock
2015-03-31,NABIL,307.56,306.58,309.03,306.58,808,stock
2015-04-01,NABIL,306.58,306.58,306.58,304.13,232,stock
2015-04-02,NABIL,306.58,308.87,308.87,303.31,1601,stock
2015-04-05,NABIL,308.87,304.94,305.76,302.49,1849,stock
2015-04-06,NABIL,304.94,307.39,307.39,299.22,719,stock
2015-04-07,NABIL,307.39,305.76,305.76,305.76,134,stock
2015-04-08,NABIL,305.76,309.85,309.85,304.94,649,stock
2015-04-09,NABIL,309.85,311.49,315.57,310.67,633,stock
2015-04-12,NABIL,311.49,317.21,320.48,310.67,1785,stock
2015-04-13,NABIL,317.21,313.93,315.57,309.85,1721,stock
2015-04-15,NABIL,313.93,309.85,315.57,309.85,738,stock
2015-04-16,NABIL,309.85,318.84,318.84,308.21,1399,stock
2015-04-19,NABIL,318.84,314.75,315.57,309.85,1956,stock
2015-04-20,NABIL,314.75,317.21,317.21,310.67,1739,stock
2015-04-21,NABIL,317.21,315.57,315.57,310.67,6138,stock
2015-04-22,NABIL,315.57,313.29,313.29,313.29,58,stock
2015-04-23,NABIL,310.67,310.99,311.49,305.76,2509,stock
2015-05-25,NABIL,310.99,279.93,304.78,279.93,731,stock
2015-05-26,NABIL,279.93,269.79,277.14,262.11,7687,stock
2015-05-27,NABIL,269.79,264.07,268.15,259.16,2258,stock
2015-05-28,NABIL,264.07,261.94,266.85,257.52,4064,stock
2015-05-31,NABIL,261.94,281.73,281.73,267.17,2975,stock
2015-06-01,NABIL,281.73,297.42,301.02,286.14,2683,stock
2015-06-02,NABIL,297.42,302.49,302.49,295.95,1778,stock
2015-06-03,NABIL,302.49,311.97,311.97,304.13,1392,stock
2015-06-04,NABIL,311.97,310.67,315.57,307.39,2197,stock
2015-06-07,NABIL,310.67,312.3,312.47,310.67,1707,stock
2015-06-08,NABIL,312.3,316.39,317.21,313.12,478,stock
2015-06-09,NABIL,316.39,328.65,328.65,320.96,2923,stock
2015-06-10,NABIL,328.65,324.08,327.34,323.74,3961,stock
2015-06-11,NABIL,324.08,317.21,322.12,317.21,661,stock
2015-06-14,NABIL,317.21,314.75,321.3,314.1,1089,stock
2015-06-16,NABIL,314.75,310.67,315.57,310.67,600,stock
2015-06-17,NABIL,310.67,307.56,310.67,307.56,2620,stock
2015-06-18,NABIL,307.56,307.39,307.39,307.39,332,stock
2015-06-21,NABIL,307.39,306.58,306.58,304.13,436,stock
2015-06-22,NABIL,305.76,306.58,308.21,304.13,3016,stock
2015-06-23,NABIL,304.29,307.39,307.39,302.66,2293,stock
2015-06-24,NABIL,307.39,307.56,308.21,307.39,1352,stock
2015-06-25,NABIL,308.21,308.21,308.21,302.49,3274,stock
2015-06-28,NABIL,309.85,310.67,310.83,308.37,911,stock
2015-06-29,NABIL,310.67,311.49,313.93,309.03,3878,stock
2015-06-30,NABIL,315.57,312.13,315.57,309.35,2117,stock
2015-07-01,NABIL,314.75,312.13,314.75,310.01,2457,stock
2015-07-02,NABIL,310.67,311.49,312.3,310.67,2986,stock
2015-07-05,NABIL,313.61,313.77,313.93,310.83,2251,stock
2015-07-06,NABIL,310.67,314.43,314.43,310.67,902,stock
2015-07-07,NABIL,311.32,312.47,315.57,310.99,3906,stock
2015-07-08,NABIL,313.29,312.3,313.29,311.49,1567,stock
2015-07-09,NABIL,313.93,313.93,314.27,310.67,1628,stock
2015-07-12,NABIL,313.93,316.39,316.39,310.67,2796,stock
2015-07-13,NABIL,314.75,314.59,315.9,311.81,1398,stock
2015-07-14,NABIL,314.59,313.93,314.75,312.3,439,stock
2015-07-15,NABIL,313.29,315.57,315.57,313.29,1266,stock
2015-07-16,NABIL,315.57,312.3,315.57,310.83,2248,stock
2015-07-22,NABIL,312.3,310.67,314.75,310.67,3604,stock
2015-07-23,NABIL,310.67,328.65,328.65,310.67,6999,stock
2015-07-26,NABIL,328.65,341.9,341.9,335.19,2070,stock
2015-07-27,NABIL,341.9,376.07,376.07,348.6,46545,stock
2015-07-28,NABIL,376.07,367.9,376.89,359.72,15694,stock
2015-07-29,NABIL,367.9,366.26,367.9,363.81,7549,stock
2015-07-30,NABIL,366.26,376.07,383.59,366.26,5450,stock
2015-08-02,NABIL,376.07,377.71,383.59,376.07,6054,stock
2015-08-03,NABIL,377.71,377.54,377.71,375.74,6203,stock
2015-08-04,NABIL,377.54,374.27,377.71,371.33,6686,stock
2015-08-05,NABIL,374.27,374.27,374.43,372.64,6523,stock
2015-08-06,NABIL,372.8,376.07,382.61,374.43,9493,stock
2015-08-09,NABIL,376.07,392.1,392.1,379.34,7017,stock
2015-08-10,NABIL,392.1,407.14,407.63,395.69,7210,stock
2015-08-11,NABIL,407.14,403.87,408.77,400.59,5823,stock
2015-08-12,NABIL,403.71,404.03,405.5,397.33,4389,stock
2015-08-13,NABIL,403.05,408.61,408.77,398.96,7919,stock
2015-08-16,NABIL,411.88,424.31,433.3,411.88,8792,stock
2015-08-17,NABIL,432.64,439.84,449.65,428.89,14195,stock
2015-08-18,NABIL,441.47,441.47,455.21,431.17,14079,stock
2015-08-19,NABIL,441.64,439.84,442.94,434.94,7336,stock
2015-08-20,NABIL,448.01,440.66,456.84,439.84,8915,stock
2015-08-23,NABIL,438.2,436.56,444.58,430.03,7495,stock
2015-08-24,NABIL,438.2,426.75,438.2,425.13,7472,stock
2015-08-25,NABIL,425.13,421.69,425.13,419.56,2958,stock
2015-08-26,NABIL,421.85,417.93,422.67,417.76,1184,stock
2015-08-27,NABIL,423.49,421.85,427.57,420.22,5228,stock
2015-08-31,NABIL,421.85,424.95,425.13,421.85,5198,stock
2015-09-01,NABIL,424.95,421.69,426.11,420.22,4880,stock
2015-09-02,NABIL,416.94,405.5,416.94,401.57,5980,stock
2015-09-03,NABIL,405.5,403.05,409.59,401.25,7315,stock
2015-09-06,NABIL,398.14,400.59,404.69,392.42,7695,stock
2015-09-07,NABIL,405.5,408.61,410.4,405.5,6420,stock
2015-09-08,NABIL,416.62,413.84,416.62,413.18,5434,stock
2015-09-09,NABIL,415.32,410.57,416.94,410.57,2291,stock
2015-09-10,NABIL,411.22,408.77,411.22,408.12,3357,stock
2015-09-13,NABIL,413.68,409.59,413.68,408.77,3986,stock
2015-09-14,NABIL,417.76,421.53,430.03,417.76,5240,stock
2015-09-15,NABIL,429.87,437.22,437.22,427.74,7770,stock
2015-09-16,NABIL,443.11,437.38,444.74,435.75,8423,stock
2015-09-17,NABIL,446.05,431.66,445.56,431.66,7164,stock
2015-09-22,NABIL,425.29,410.4,425.29,407.14,6135,stock
2015-09-23,NABIL,418.58,425.13,443.11,418.58,4063,stock
2015-09-24,NABIL,426.75,421.03,426.75,416.94,2943,stock
2015-09-28,NABIL,412.86,407.3,412.7,396.51,7147,stock
2015-09-29,NABIL,415.32,415.32,416.94,413.68,1860,stock
2015-09-30,NABIL,418.58,418.58,421.85,416.94,3841,stock
2015-10-01,NABIL,418.58,416.94,421.69,416.94,4485,stock
2015-10-04,NABIL,421.2,420.22,425.13,420.22,3832,stock
2015-10-05,NABIL,411.88,398.96,411.88,392.42,8896,stock
2015-10-06,NABIL,392.58,391.6,394.87,391.12,5150,stock
2015-10-07,NABIL,390.78,384.25,390.78,378.53,4895,stock
2015-10-08,NABIL,384.25,398.14,398.96,376.07,8804,stock
2015-10-11,NABIL,402.23,388.34,405.5,388.34,5062,stock
2015-10-14,NABIL,391.6,388.34,392.1,384.25,1262,stock
2015-10-15,NABIL,385.88,385.88,385.88,385.06,645,stock
2015-10-18,NABIL,384.25,385.55,385.55,384.25,635,stock
2015-10-19,NABIL,385.06,392.42,397.33,383.43,1322,stock
2015-10-25,NABIL,385.23,385.23,385.23,385.23,200,stock
2015-10-27,NABIL,382.61,373.62,382.61,372.8,2207,stock
2015-10-28,NABIL,365.44,366.26,371.16,358.09,4705,stock
2015-10-29,NABIL,366.58,372.64,374.43,366.58,3741,stock
2015-11-01,NABIL,372.64,371.98,376.07,367.9,3800,stock
2015-11-02,NABIL,374.43,377.71,380.97,374.43,2382,stock
2015-11-03,NABIL,376.07,370.51,374.27,370.51,831,stock
2015-11-04,NABIL,371.16,372.8,372.8,371.16,1000,stock
2015-11-05,NABIL,369.53,367.9,369.53,367.9,1347,stock
2015-11-08,NABIL,366.26,367.73,368.06,363.81,1418,stock
2015-11-09,NABIL,374.43,372.8,379.34,371.16,2009,stock
2015-11-10,NABIL,376.07,377.71,379.34,376.07,850,stock
2015-11-15,NABIL,372.8,376.89,376.89,371.98,911,stock
2015-11-16,NABIL,374.43,374.11,374.43,371.98,628,stock
2015-11-18,NABIL,378.53,377.54,378.53,376.07,1524,stock
2015-11-19,NABIL,376.07,374.11,376.07,374.11,1574,stock
2015-11-22,NABIL,367.9,360.53,368.72,359.72,2830,stock
2015-11-23,NABIL,356.45,361.35,361.35,343.36,1707,stock
2015-11-24,NABIL,359.72,356.45,361.35,354.81,3418,stock
2015-11-25,NABIL,353.18,348.28,353.18,347.46,1678,stock
2015-11-26,NABIL,348.28,343.36,348.28,336.83,4339,stock
2015-11-29,NABIL,343.36,330.29,343.36,327.02,7340,stock
2015-11-30,NABIL,336.83,341.57,341.73,334.53,3522,stock
2015-12-01,NABIL,341.73,359.72,362.99,348.44,2984,stock
2015-12-02,NABIL,366.92,367.56,367.9,356.61,6332,stock
2015-12-03,NABIL,360.53,376.07,376.07,360.53,9386,stock
2015-12-04,NABIL,376.02,386.65,391.12,382.4,2215,stock
2015-12-07,NABIL,393.24,402.8,414.5,393.24,3087,stock
2015-12-08,NABIL,397.49,403.87,403.87,394.94,670,stock
2015-12-09,NABIL,405.99,412.37,412.37,405.99,2083,stock
2015-12-10,NABIL,412.37,403.87,412.37,403.87,1769,stock
2015-12-13,NABIL,399.83,404.51,404.51,399.83,1240,stock
2015-12-14,NABIL,401.74,401.74,401.74,399.61,1024,stock
2015-12-15,NABIL,399.61,399.61,401.74,395.36,1870,stock
2015-12-16,NABIL,393.24,394.09,396.43,393.24,1084,stock
2015-12-17,NABIL,395.36,391.54,395.36,384.74,17060,stock
2015-12-20,NABIL,391.54,388.98,391.96,385.8,2620,stock
2015-12-21,NABIL,388.98,382.61,387.93,382.61,3696,stock
2015-12-22,NABIL,384.1,391.12,391.33,382.61,11125,stock
2015-12-23,NABIL,391.12,387.08,391.12,382.61,4272,stock
2015-12-24,NABIL,384.94,385.8,388.98,384.74,10147,stock
2015-12-25,NABIL,382.61,382.61,386.86,382.61,6169,stock
2015-12-28,NABIL,382.61,386.86,386.86,382.61,3102,stock
2015-12-29,NABIL,386.86,393.88,394.09,386.86,2077,stock
2015-12-31,NABIL,394.3,395.36,397.49,394.3,1657,stock
2016-01-03,NABIL,393.24,391.12,395.36,387.93,2053,stock
2016-01-04,NABIL,391.12,382.61,393.24,382.61,2496,stock
2016-01-05,NABIL,382.61,383.04,388.77,382.18,4394,stock
2016-01-06,NABIL,383.04,381.54,384.31,381.54,2708,stock
2016-01-07,NABIL,382.82,385.8,385.8,382.61,2329,stock
2016-01-10,NABIL,385.8,386.86,387.93,384.74,1164,stock
2016-01-11,NABIL,390.05,388.14,390.05,386.86,3689,stock
2016-01-12,NABIL,388.98,388.98,388.98,386.86,1925,stock
2016-01-13,NABIL,388.98,385.58,388.98,385.58,3603,stock
2016-01-14,NABIL,388.98,393.24,395.36,386.86,5613,stock
2016-01-17,NABIL,397.49,401.74,403.65,397.49,3703,stock
2016-01-18,NABIL,408.96,409.6,417.68,408.12,9726,stock
2016-01-19,NABIL,403.87,408.12,410.24,399.61,1608,stock
2016-01-20,NABIL,408.12,408.33,411.31,407.06,3643,stock
2016-01-21,NABIL,408.33,404.93,408.12,404.93,2078,stock
2016-01-24,NABIL,404.93,402.8,405.99,400.04,2193,stock
2016-01-25,NABIL,407.91,407.06,408.12,403.87,4535,stock
2016-01-26,NABIL,408.12,403.44,404.72,401.32,3551,stock
2016-01-27,NABIL,403.44,400.68,403.87,400.47,2929,stock
2016-01-28,NABIL,401.74,401.74,403.65,399.61,2050,stock
2016-01-31,NABIL,403.87,401.74,403.87,399.61,3302,stock
2016-02-01,NABIL,401.74,404.93,408.75,402.16,3476,stock
2016-02-02,NABIL,409.18,403.87,410.03,401.74,3778,stock
2016-02-03,NABIL,403.87,403.87,404.93,402.59,2036,stock
2016-02-04,NABIL,404.93,407.48,411.31,404.93,4192,stock
2016-02-07,NABIL,407.48,411.31,418.74,410.24,4515,stock
2016-02-08,NABIL,411.31,407.91,411.31,407.06,3886,stock
2016-02-11,NABIL,407.91,406.42,410.24,403.87,3387,stock
2016-02-14,NABIL,404.08,403.87,404.08,401.74,4307,stock
2016-02-15,NABIL,399.61,403.87,403.87,398.55,2053,stock
2016-02-16,NABIL,403.87,399.61,401.74,399.61,1449,stock
2016-02-17,NABIL,399.61,400.89,400.89,399.19,5273,stock
2016-02-18,NABIL,400.89,402.38,403.44,401.11,3228,stock
2016-02-21,NABIL,402.38,405.35,409.18,402.38,4217,stock
2016-02-22,NABIL,403.87,415.55,420.02,403.87,4212,stock
2016-02-23,NABIL,415.55,414.5,421.94,412.37,5681,stock
2016-02-24,NABIL,414.5,407.06,416.62,407.06,4195,stock
2016-02-25,NABIL,398.97,408.33,409.18,398.97,4285,stock
2016-02-28,NABIL,408.33,408.12,410.03,408.12,2725,stock
2016-02-29,NABIL,408.12,405.14,408.12,403.87,5612,stock
2016-03-01,NABIL,403.87,403.87,407.06,403.87,4458,stock
2016-03-02,NABIL,404.72,403.87,405.35,403.87,7900,stock
2016-03-03,NABIL,404.93,403.87,405.35,401.95,5331,stock
2016-03-06,NABIL,409.18,405.78,410.67,405.78,6376,stock
2016-03-10,NABIL,409.18,403.87,409.18,401.74,5309,stock
2016-03-13,NABIL,403.87,404.72,404.93,402.8,6881,stock
2016-03-14,NABIL,405.99,402.8,405.99,402.8,2691,stock
2016-03-15,NABIL,403.87,401.74,403.87,399.61,2344,stock
2016-03-16,NABIL,401.74,402.8,404.93,400.68,4862,stock
2016-03-17,NABIL,401.11,403.87,405.78,401.11,4783,stock
2016-03-20,NABIL,403.87,405.99,407.91,403.87,6955,stock
2016-03-21,NABIL,411.94,407.91,411.94,405.99,5128,stock
2016-03-23,NABIL,408.12,409.18,410.24,407.69,9561,stock
2016-03-24,NABIL,409.18,421.94,422.14,410.24,19150,stock
2016-03-27,NABIL,421.94,448.72,449.56,422.99,24872,stock
2016-03-28,NABIL,448.72,450.63,467.63,448.72,21421,stock
2016-03-29,NABIL,444.25,446.16,450.63,439.79,12316,stock
2016-03-30,NABIL,446.16,444.25,448.51,444.04,9623,stock
2016-03-31,NABIL,444.25,437.88,446.16,435.75,6321,stock
2016-04-03,NABIL,437.88,434.48,438.94,426.82,16615,stock
2016-04-04,NABIL,434.48,438.94,441.07,434.48,6426,stock
2016-04-05,NABIL,444.25,444.47,448.51,442.13,9382,stock
2016-04-06,NABIL,444.47,444.68,447.44,442.55,6587,stock
2016-04-10,NABIL,444.68,444.25,446.16,442.13,6121,stock
2016-04-11,NABIL,444.25,446.38,446.38,441.07,5118,stock
2016-04-12,NABIL,446.38,448.51,449.56,445.32,12264,stock
2016-04-14,NABIL,448.51,450.63,450.84,448.51,16535,stock
2016-04-17,NABIL,453.39,450.42,453.39,449.56,16462,stock
2016-04-18,NABIL,450.42,461.26,462.11,450.63,19064,stock
2016-04-19,NABIL,461.26,467.63,474.86,466.78,20539,stock
2016-04-20,NABIL,467.63,480.39,484.64,476.14,12612,stock
2016-04-21,NABIL,480.39,476.34,480.6,471.89,10389,stock
2016-04-24,NABIL,476.34,478.48,480.6,475.08,23129,stock
2016-04-25,NABIL,478.48,480.39,480.39,474.22,12157,stock
2016-04-26,NABIL,480.39,475.08,479.96,474.01,6028,stock
2016-04-27,NABIL,475.08,474.44,474.86,468.7,5481,stock
2016-04-28,NABIL,474.44,475.5,480.39,475.29,6911,stock
2016-05-02,NABIL,475.5,489.32,489.53,478.26,13851,stock
2016-05-03,NABIL,489.32,484.85,493.15,484.85,7205,stock
2016-05-04,NABIL,484.85,480.39,482.52,478.48,7234,stock
2016-05-05,NABIL,480.39,474.44,476.98,467.63,11076,stock
2016-05-08,NABIL,474.44,482.52,487.83,480.39,17095,stock
2016-05-09,NABIL,481.45,484.64,486.76,481.45,11426,stock
2016-05-10,NABIL,484.64,482.3,485.49,480.81,5672,stock
2016-05-11,NABIL,482.3,482.3,482.3,476.34,6580,stock
2016-05-12,NABIL,481.45,478.69,481.45,478.26,1994,stock
2016-05-15,NABIL,478.26,475.5,480.39,475.5,6561,stock
2016-05-16,NABIL,475.5,473.37,477.84,473.16,4570,stock
2016-05-17,NABIL,466.57,482.52,482.52,466.57,6183,stock
2016-05-18,NABIL,482.52,482.52,482.52,480.39,7071,stock
2016-05-19,NABIL,482.52,484.85,487.61,480.39,12779,stock
2016-05-22,NABIL,484.85,483.15,486.76,482.52,8195,stock
2016-05-23,NABIL,483.15,483.57,485.92,483.57,17102,stock
2016-05-24,NABIL,483.57,491.01,492.08,479.33,22878,stock
2016-05-25,NABIL,491.01,484.64,497.39,479.33,17473,stock
2016-05-26,NABIL,484.64,482.73,487.83,474.01,21199,stock
2016-05-29,NABIL,482.73,482.09,483.57,478.48,8274,stock
2016-05-30,NABIL,482.09,476.34,480.39,474.65,5929,stock
2016-05-31,NABIL,476.34,471.89,480.39,469.97,14443,stock
2016-06-01,NABIL,471.89,471.89,474.01,467.63,13154,stock
2016-06-02,NABIL,471.89,469.34,471.89,465.51,7999,stock
2016-06-05,NABIL,469.34,457.0,468.7,457.0,9695,stock
2016-06-06,NABIL,457.0,466.57,467.63,461.26,5723,stock
2016-06-07,NABIL,467.63,475.08,476.14,467.63,2553,stock
2016-06-08,NABIL,475.08,476.34,476.34,472.94,3432,stock
2016-06-09,NABIL,476.34,475.93,476.34,473.8,6121,stock
2016-06-12,NABIL,475.93,497.6,501.64,467.63,10137,stock
2016-06-13,NABIL,497.6,491.01,517.16,484.85,11973,stock
2016-06-14,NABIL,491.23,484.64,495.27,484.64,13714,stock
2016-06-15,NABIL,488.89,486.55,491.01,484.64,4013,stock
2016-06-16,NABIL,486.55,487.83,488.47,484.64,6768,stock
2016-06-19,NABIL,487.83,483.57,488.68,480.39,2634,stock
2016-06-20,NABIL,483.57,483.79,488.89,483.57,5110,stock
2016-06-21,NABIL,483.79,485.92,487.83,483.57,7090,stock
2016-06-22,NABIL,495.27,490.59,495.27,486.76,8859,stock
2016-06-23,NABIL,490.59,497.39,505.9,485.7,15451,stock
2016-06-26,NABIL,497.39,510.15,512.7,499.52,17602,stock
2016-06-27,NABIL,510.15,520.77,522.9,510.15,26477,stock
2016-06-28,NABIL,520.77,525.24,533.32,520.77,17785,stock
2016-06-29,NABIL,525.24,520.77,529.28,520.77,5774,stock
2016-06-30,NABIL,520.77,512.27,516.95,506.32,7877,stock
2016-07-03,NABIL,512.27,510.15,510.99,507.81,7898,stock
2016-07-04,NABIL,510.15,509.09,510.15,505.9,5504,stock
2016-07-05,NABIL,510.15,505.9,510.15,503.98,9924,stock
2016-07-06,NABIL,508.02,504.83,509.94,503.77,7384,stock
2016-07-10,NABIL,504.83,509.09,511.85,506.32,12007,stock
2016-07-11,NABIL,509.09,505.9,510.15,501.64,4852,stock
2016-07-12,NABIL,505.9,502.28,506.32,478.26,11880,stock
2016-07-13,NABIL,502.28,495.27,497.39,484.85,6603,stock
2016-07-14,NABIL,495.27,498.24,509.51,494.2,8541,stock
2016-07-17,NABIL,498.24,503.77,509.09,498.46,7199,stock
2016-07-18,NABIL,503.77,507.81,513.76,503.77,12061,stock
2016-07-19,NABIL,514.4,513.34,520.77,508.02,16715,stock
2016-07-20,NABIL,515.46,514.4,523.54,512.49,14158,stock
2016-07-21,NABIL,514.4,515.46,519.72,510.15,8852,stock
2016-07-25,NABIL,515.46,522.9,527.15,517.58,10227,stock
2016-07-26,NABIL,522.9,520.77,531.4,519.72,15494,stock
2016-07-27,NABIL,520.77,524.17,527.15,520.77,13182,stock
2016-07-28,NABIL,524.17,523.96,531.4,517.58,16728,stock
2016-07-31,NABIL,523.96,523.54,530.34,503.35,9411,stock
2016-08-01,NABIL,523.54,520.98,525.02,514.4,4693,stock
2016-08-02,NABIL,520.98,518.65,518.65,510.15,2757,stock
2016-08-03,NABIL,518.65,506.95,512.7,505.05,5966,stock
2016-08-04,NABIL,506.95,497.82,506.95,493.15,7256,stock
2016-08-07,NABIL,497.82,498.46,509.94,497.39,6957,stock
2016-08-08,NABIL,498.46,476.14,492.29,476.14,5806,stock
2016-08-09,NABIL,485.49,495.06,495.06,485.49,100,stock
2016-08-10,NABIL,504.83,499.52,514.4,486.76,10863,stock
2016-08-11,NABIL,509.51,501.64,509.51,497.39,6065,stock
2016-08-14,NABIL,501.64,494.42,510.15,493.35,9548,stock
2016-08-15,NABIL,487.83,481.45,488.89,468.7,6011,stock
2016-08-16,NABIL,478.26,485.7,486.76,470.82,5042,stock
2016-08-17,NABIL,486.76,486.76,489.95,483.57,5701,stock
2016-08-21,NABIL,488.89,486.76,491.01,484.64,4223,stock
2016-08-22,NABIL,484.64,484.0,488.89,481.45,5345,stock
2016-08-23,NABIL,488.89,486.55,486.76,482.52,4326,stock
2016-08-24,NABIL,488.89,488.89,489.95,484.64,5288,stock
2016-08-28,NABIL,497.39,494.2,497.39,483.36,7682,stock
2016-08-29,NABIL,496.33,493.15,505.9,493.15,10886,stock
2016-08-30,NABIL,499.52,503.35,505.9,499.52,3240,stock
2016-08-31,NABIL,499.52,501.64,502.5,497.39,4905,stock
2016-09-01,NABIL,501.86,502.71,505.26,499.52,5878,stock
2016-09-04,NABIL,504.19,511.85,514.4,504.19,4415,stock
2016-09-05,NABIL,522.05,525.45,526.94,520.77,9127,stock
2016-09-06,NABIL,525.02,520.77,530.34,509.09,9151,stock
2016-09-07,NABIL,531.19,524.6,541.6,520.77,54493,stock
2016-09-08,NABIL,523.33,518.22,524.81,516.53,15550,stock
2016-09-11,NABIL,514.4,512.27,518.65,510.15,7702,stock
2016-09-12,NABIL,511.21,508.02,511.21,504.83,10027,stock
2016-09-14,NABIL,518.01,512.49,520.77,510.15,25405,stock
2016-09-18,NABIL,516.53,503.55,516.53,501.64,24822,stock
2016-09-20,NABIL,508.02,499.52,508.02,497.39,75157,stock
2016-09-22,NABIL,499.6,487.73,497.39,483.57,16998,stock
2016-09-25,NABIL,499.6,487.73,497.39,483.57,16998,stock
2016-09-26,NABIL,467.27,492.15,492.15,465.61,6711,stock
2016-09-27,NABIL,493.25,488.55,493.25,486.34,6462,stock
2016-09-28,NABIL,489.11,487.45,489.11,485.51,2686,stock
2016-09-29,NABIL,487.73,495.18,496.84,486.34,7195,stock
2016-10-02,NABIL,497.39,491.87,497.39,491.87,9133,stock
2016-10-03,NABIL,496.01,494.08,497.39,492.42,3604,stock
2016-10-04,NABIL,496.01,497.39,499.88,496.01,10545,stock
2016-10-05,NABIL,500.15,494.63,500.15,491.87,4046,stock
2016-10-06,NABIL,494.91,491.87,497.39,491.87,6546,stock
2016-10-16,NABIL,491.87,489.11,497.39,486.34,2605,stock
2016-10-17,NABIL,481.64,490.21,491.87,481.64,4532,stock
2016-10-18,NABIL,490.21,494.35,497.39,482.47,4476,stock
2016-10-19,NABIL,494.35,494.63,496.01,492.15,3025,stock
2016-10-20,NABIL,491.87,493.25,494.63,490.49,4051,stock
2016-10-23,NABIL,493.25,487.73,493.25,486.89,8690,stock
2016-10-24,NABIL,489.11,480.81,489.11,480.81,10127,stock
2016-10-25,NABIL,480.81,477.77,481.09,470.32,2830,stock
2016-10-26,NABIL,481.92,480.81,481.92,471.14,6550,stock
2016-10-27,NABIL,478.05,484.95,484.95,478.05,3259,stock
2016-11-03,NABIL,486.34,486.34,496.01,486.34,5932,stock
2016-11-07,NABIL,486.34,480.54,486.34,479.43,4023,stock
2016-11-08,NABIL,480.81,476.67,485.78,473.08,3671,stock
2016-11-09,NABIL,468.38,471.97,474.18,462.85,5692,stock
2016-11-10,NABIL,469.76,469.76,472.53,468.94,8482,stock
2016-11-13,NABIL,466.99,470.59,475.29,466.99,9265,stock
2016-11-14,NABIL,470.59,475.84,478.05,470.59,4633,stock
2016-11-15,NABIL,473.08,474.18,476.67,472.53,4705,stock
2016-11-16,NABIL,475.56,468.38,475.56,468.38,6094,stock
2016-11-17,NABIL,471.14,461.47,471.14,458.71,8823,stock
2016-11-20,NABIL,452.35,450.97,455.94,441.02,8592,stock
2016-11-21,NABIL,447.65,451.8,464.23,443.51,5441,stock
2016-11-22,NABIL,451.8,450.42,457.33,443.51,7277,stock
2016-11-23,NABIL,449.32,442.13,449.32,441.02,8590,stock
2016-11-24,NABIL,443.51,440.74,444.89,439.09,6007,stock
2016-11-27,NABIL,437.43,429.69,438.81,425.54,4670,stock
2016-11-28,NABIL,421.4,451.8,453.18,400.68,10412,stock
2016-11-29,NABIL,453.46,457.33,457.33,442.13,7847,stock
2016-11-30,NABIL,453.18,467.27,469.76,453.18,7451,stock
2016-12-01,NABIL,469.76,462.57,479.15,456.5,7265,stock
2016-12-04,NABIL,458.71,461.47,461.47,442.13,4200,stock
2016-12-05,NABIL,458.71,452.91,466.99,444.89,2489,stock
2016-12-06,NABIL,450.42,452.63,455.94,447.1,2942,stock
2016-12-07,NABIL,453.18,451.53,453.18,449.04,944,stock
2016-12-08,NABIL,447.93,450.42,451.8,446.54,2418,stock
2016-12-11,NABIL,446.27,442.13,446.27,442.13,2229,stock
2016-12-12,NABIL,442.13,439.36,443.51,439.36,3275,stock
2016-12-14,NABIL,442.13,436.6,443.51,435.22,3618,stock
2016-12-15,NABIL,435.22,437.15,441.02,432.46,3144,stock
2016-12-18,NABIL,439.36,435.22,439.36,432.46,2536,stock
2016-12-19,NABIL,436.6,436.6,436.88,434.12,6814,stock
2016-12-20,NABIL,436.6,433.84,436.88,432.46,4956,stock
2016-12-21,NABIL,428.31,423.61,431.35,422.78,2243,stock
2016-12-22,NABIL,425.54,422.78,425.54,421.13,4389,stock
2016-12-26,NABIL,416.15,416.71,419.47,414.5,5860,stock
2016-12-27,NABIL,409.79,408.69,414.5,392.67,3491,stock
2016-12-28,NABIL,408.96,407.58,410.34,400.68,6181,stock
2016-12-29,NABIL,410.34,419.74,419.74,409.24,3186,stock
2017-01-01,NABIL,428.03,422.78,427.75,421.4,3097,stock
2017-01-02,NABIL,428.31,426.65,428.31,421.4,10617,stock
2017-01-03,NABIL,421.4,421.4,428.31,421.4,5907,stock
2017-01-04,NABIL,421.4,418.64,422.51,418.64,1430,stock
2017-01-05,NABIL,417.26,415.88,420.02,414.5,4175,stock
2017-01-08,NABIL,414.5,417.26,417.26,413.12,2781,stock
2017-01-09,NABIL,420.02,419.74,422.51,417.26,1389,stock
2017-01-10,NABIL,421.4,424.99,428.58,421.4,3248,stock
2017-01-11,NABIL,431.08,432.46,432.46,425.54,4054,stock
2017-01-12,NABIL,432.46,431.08,432.46,427.2,1982,stock
2017-01-15,NABIL,427.75,425.54,428.31,422.78,2316,stock
2017-01-16,NABIL,425.54,416.71,425.54,415.88,5298,stock
2017-01-17,NABIL,415.88,415.88,421.4,414.5,3743,stock
2017-01-18,NABIL,411.74,415.6,417.81,411.74,5013,stock
2017-01-19,NABIL,417.26,414.5,418.64,414.5,3585,stock
2017-01-22,NABIL,414.5,416.15,418.64,414.5,2713,stock
2017-01-23,NABIL,418.64,414.5,418.92,414.5,2874,stock
2017-01-24,NABIL,412.01,410.91,414.5,409.24,2963,stock
2017-01-25,NABIL,403.16,398.19,403.16,394.05,7828,stock
2017-01-26,NABIL,392.39,395.71,399.3,386.86,4524,stock
2017-01-30,NABIL,393.77,377.19,393.77,373.05,6198,stock
2017-01-31,NABIL,369.73,384.1,384.1,360.33,7174,stock
2017-02-01,NABIL,386.86,398.47,400.68,386.86,5711,stock
2017-02-02,NABIL,406.2,402.06,410.34,397.92,5462,stock
2017-02-05,NABIL,398.19,403.44,408.96,390.17,4887,stock
2017-02-06,NABIL,402.06,392.39,402.06,392.39,3203,stock
2017-02-07,NABIL,392.94,388.24,392.94,386.86,7394,stock
2017-02-08,NABIL,392.39,385.48,392.39,381.89,6077,stock
2017-02-09,NABIL,384.1,378.57,384.37,378.57,4797,stock
2017-02-12,NABIL,371.11,360.61,371.11,357.85,11250,stock
2017-02-13,NABIL,360.61,378.57,381.34,352.32,10589,stock
2017-02-14,NABIL,378.57,375.81,379.95,371.93,8847,stock
2017-02-15,NABIL,383.27,390.17,390.17,378.57,6199,stock
2017-02-16,NABIL,395.98,401.78,402.89,391.0,7357,stock
2017-02-19,NABIL,403.44,413.39,414.5,394.33,7010,stock
2017-02-20,NABIL,419.74,419.19,428.03,417.26,6929,stock
2017-02-21,NABIL,428.31,418.64,428.31,413.12,7723,stock
2017-02-22,NABIL,412.01,410.34,415.88,407.58,1883,stock
2017-02-23,NABIL,410.34,406.48,410.34,404.82,2710,stock
2017-02-26,NABIL,406.2,388.24,406.2,388.24,4770,stock
2017-02-28,NABIL,386.86,385.48,386.86,380.51,4357,stock
2017-03-01,NABIL,386.86,386.86,388.79,383.54,8356,stock
2017-03-02,NABIL,387.41,392.39,392.67,387.14,3487,stock
2017-03-05,NABIL,385.48,400.68,403.72,385.48,5909,stock
2017-03-06,NABIL,403.44,405.93,406.2,400.95,3287,stock
2017-03-07,NABIL,397.92,396.54,400.68,393.5,4045,stock
2017-03-09,NABIL,398.47,396.81,404.27,396.81,3014,stock
2017-03-13,NABIL,397.92,402.06,403.44,396.54,2366,stock
2017-03-14,NABIL,403.99,400.4,404.82,397.92,1385,stock
2017-03-15,NABIL,392.67,397.92,400.4,392.67,1235,stock
2017-03-16,NABIL,395.43,397.92,400.4,395.43,3233,stock
2017-03-19,NABIL,397.92,397.92,399.57,395.15,4640,stock
2017-03-20,NABIL,399.3,403.44,404.82,397.92,10234,stock
2017-03-21,NABIL,405.65,407.58,407.58,400.68,7625,stock
2017-03-22,NABIL,408.96,409.24,424.99,408.96,12277,stock
2017-03-23,NABIL,411.74,406.2,414.22,404.82,8543,stock
2017-03-26,NABIL,414.22,414.5,422.51,408.96,14931,stock
2017-03-28,NABIL,414.5,435.22,436.88,422.51,9939,stock
2017-03-29,NABIL,435.22,433.84,443.78,428.31,18088,stock
2017-03-30,NABIL,433.84,428.31,433.84,425.82,9746,stock
2017-04-02,NABIL,436.6,436.33,439.64,431.08,8810,stock
2017-04-03,NABIL,444.89,435.77,474.18,428.31,15195,stock
2017-04-04,NABIL,440.47,436.6,440.47,428.31,8995,stock
2017-04-06,NABIL,436.6,433.84,436.6,429.97,5503,stock
2017-04-09,NABIL,435.22,433.29,437.98,425.27,4935,stock
2017-04-10,NABIL,431.08,435.22,435.22,428.31,8280,stock
2017-04-11,NABIL,441.57,442.13,449.87,439.92,9167,stock
2017-04-12,NABIL,450.97,446.27,451.8,439.92,8132,stock
2017-04-13,NABIL,437.98,439.36,442.13,432.46,4916,stock
2017-04-16,NABIL,432.46,429.97,439.36,425.54,2911,stock
2017-04-18,NABIL,425.54,418.64,429.97,418.64,2972,stock
2017-04-19,NABIL,418.64,425.54,426.93,414.5,3753,stock
2017-04-20,NABIL,425.54,428.58,433.84,425.54,4148,stock
2017-04-23,NABIL,437.15,442.13,455.94,436.6,7375,stock
2017-04-24,NABIL,436.6,440.74,442.13,435.22,4041,stock
2017-04-25,NABIL,433.84,439.36,441.02,433.84,3009,stock
2017-04-26,NABIL,433.84,434.94,436.33,432.46,2038,stock
2017-04-27,NABIL,436.6,436.6,436.88,430.25,3571,stock
2017-04-30,NABIL,428.31,426.93,436.6,426.93,6533,stock
2017-05-02,NABIL,425.54,424.16,426.93,424.16,2341,stock
2017-05-03,NABIL,432.46,433.56,441.02,431.08,3461,stock
2017-05-04,NABIL,433.84,431.08,433.84,428.86,2743,stock
2017-05-07,NABIL,431.08,424.16,431.08,421.4,3218,stock
2017-05-08,NABIL,432.18,425.54,432.18,420.02,2702,stock
2017-05-09,NABIL,425.54,431.08,436.6,428.31,2023,stock
2017-05-11,NABIL,431.63,431.08,433.84,431.08,2672,stock
2017-05-15,NABIL,435.22,431.08,435.77,431.08,3167,stock
2017-05-16,NABIL,431.08,430.53,431.08,424.44,1888,stock
2017-05-17,NABIL,430.53,431.08,431.08,428.31,2503,stock
2017-05-18,NABIL,431.08,429.41,432.46,425.54,5123,stock
2017-05-21,NABIL,424.16,428.31,431.08,424.16,1204,stock
2017-05-22,NABIL,426.93,424.99,430.8,424.16,1271,stock
2017-05-23,NABIL,428.03,428.31,431.08,425.54,3558,stock
2017-05-24,NABIL,428.31,430.25,430.25,425.82,3326,stock
2017-05-28,NABIL,428.31,424.99,429.14,424.16,4688,stock
2017-05-30,NABIL,423.06,414.5,426.93,414.22,4117,stock
2017-05-31,NABIL,414.22,414.5,418.64,411.74,5049,stock
2017-06-01,NABIL,416.15,414.5,421.4,413.12,8966,stock
2017-06-04,NABIL,414.77,408.96,414.77,406.2,8738,stock
2017-06-05,NABIL,416.98,414.5,416.98,408.96,3695,stock
2017-06-06,NABIL,422.78,419.74,422.78,414.5,8003,stock
2017-06-07,NABIL,425.54,418.64,425.54,418.36,10804,stock
2017-06-08,NABIL,415.88,417.81,418.64,414.5,3132,stock
2017-06-11,NABIL,417.81,407.03,417.81,406.2,6190,stock
2017-06-12,NABIL,400.95,403.44,408.69,400.95,9507,stock
2017-06-13,NABIL,403.44,403.44,408.69,402.06,5712,stock
2017-06-14,NABIL,403.44,401.23,403.44,400.68,10596,stock
2017-06-15,NABIL,403.44,408.96,415.6,402.89,4356,stock
2017-06-18,NABIL,408.96,403.16,408.96,401.51,3120,stock
2017-06-19,NABIL,403.44,401.23,403.44,399.3,6395,stock
2017-06-20,NABIL,400.95,398.47,402.06,396.81,4585,stock
2017-06-21,NABIL,400.68,403.44,403.44,400.68,3699,stock
2017-06-22,NABIL,410.07,401.23,410.07,400.95,3172,stock
2017-06-25,NABIL,407.58,411.46,411.74,404.82,3963,stock
2017-06-27,NABIL,413.12,412.01,414.22,410.34,3543,stock
2017-06-28,NABIL,414.5,414.22,414.5,410.34,4402,stock
2017-07-02,NABIL,414.22,408.69,414.22,403.44,3363,stock
2017-07-03,NABIL,408.69,407.58,408.96,406.2,2096,stock
2017-07-04,NABIL,408.69,407.86,408.69,406.75,2778,stock
2017-07-05,NABIL,407.86,407.58,410.34,407.58,2783,stock
2017-07-06,NABIL,407.58,414.5,414.5,407.58,3154,stock
2017-07-09,NABIL,414.5,414.5,421.4,411.74,6988,stock
2017-07-10,NABIL,415.88,412.56,415.88,411.74,6071,stock
2017-07-11,NABIL,414.5,416.15,417.26,414.5,3583,stock
2017-07-12,NABIL,417.26,419.74,420.02,417.26,2244,stock
2017-07-13,NABIL,418.64,420.85,421.4,417.81,2709,stock
2017-07-16,NABIL,418.64,422.78,422.78,414.5,2912,stock
2017-07-17,NABIL,425.54,441.3,441.85,425.54,11170,stock
2017-07-18,NABIL,442.13,452.63,455.94,441.85,12310,stock
2017-07-19,NABIL,460.92,458.15,461.47,455.94,12595,stock
2017-07-20,NABIL,461.19,458.15,461.47,457.6,6554,stock
2017-07-23,NABIL,460.09,451.8,460.09,450.42,4811,stock
2017-07-24,NABIL,453.18,444.89,455.94,442.13,4650,stock
2017-07-25,NABIL,447.65,445.44,447.65,444.06,5546,stock
2017-07-26,NABIL,445.72,447.65,454.01,445.44,3897,stock
2017-07-27,NABIL,449.04,449.59,453.18,449.04,4790,stock
2017-07-30,NABIL,444.89,447.65,450.42,444.89,3503,stock
2017-07-31,NABIL,449.32,448.2,450.14,447.65,3329,stock
2017-08-01,NABIL,450.42,451.8,453.74,449.04,3486,stock
2017-08-02,NABIL,453.18,452.63,453.18,450.42,4095,stock
2017-08-03,NABIL,452.63,460.64,462.85,456.5,15706,stock
2017-08-06,NABIL,469.76,477.5,478.88,469.76,18127,stock
2017-08-07,NABIL,486.89,488.55,489.94,483.57,17674,stock
2017-08-09,NABIL,490.49,491.87,496.84,490.49,12288,stock
2017-08-10,NABIL,491.59,485.78,491.59,479.71,10168,stock
2017-08-13,NABIL,486.89,483.57,488.83,482.19,9970,stock
2017-08-15,NABIL,481.09,475.29,483.3,475.29,5048,stock
2017-08-16,NABIL,476.67,474.74,479.43,473.35,7982,stock
2017-08-17,NABIL,474.74,479.98,483.85,472.53,10056,stock
2017-08-20,NABIL,480.81,479.43,486.34,478.6,5888,stock
2017-08-21,NABIL,478.05,475.29,478.05,473.91,3081,stock
2017-08-22,NABIL,475.29,477.77,478.05,474.46,5422,stock
2017-08-23,NABIL,478.05,478.05,480.81,478.05,4741,stock
2017-08-24,NABIL,478.05,477.77,478.05,474.74,4183,stock
2017-08-27,NABIL,477.77,488.28,500.15,484.95,31262,stock
2017-08-28,NABIL,490.49,488.0,497.12,485.78,20703,stock
2017-08-30,NABIL,487.73,479.98,489.11,475.84,11486,stock
2017-08-31,NABIL,479.98,469.76,483.57,469.49,13665,stock
2017-09-04,NABIL,470.04,460.09,470.04,453.18,13365,stock
2017-09-06,NABIL,461.47,468.1,473.91,461.47,19799,stock
2017-09-07,NABIL,469.76,463.4,469.76,462.85,28839,stock
2017-09-10,NABIL,464.23,451.53,466.44,450.97,29951,stock
2017-09-11,NABIL,453.18,450.42,455.94,445.72,63239,stock
2017-09-12,NABIL,450.47,427.84,443.65,427.84,16172,stock
2017-09-13,NABIL,420.66,425.69,427.48,420.3,6694,stock
2017-09-14,NABIL,431.79,432.87,434.67,427.13,9574,stock
2017-09-17,NABIL,434.67,447.24,450.83,434.67,8537,stock
2017-09-18,NABIL,450.83,454.07,456.22,450.83,6829,stock
2017-09-20,NABIL,457.66,450.47,457.66,450.47,5611,stock
2017-09-24,NABIL,449.39,450.47,452.63,446.16,8497,stock
2017-09-25,NABIL,454.07,452.63,454.42,451.91,2474,stock
2017-09-26,NABIL,454.42,453.71,454.42,449.39,6134,stock
2017-10-03,NABIL,449.04,454.42,454.42,446.52,1586,stock
2017-10-04,NABIL,452.63,447.24,455.86,447.24,5471,stock
2017-10-08,NABIL,447.24,436.46,447.24,431.08,5817,stock
2017-10-09,NABIL,440.06,432.87,440.06,431.08,6902,stock
2017-10-10,NABIL,431.08,433.23,435.02,427.48,2185,stock
2017-10-11,NABIL,432.87,431.08,434.31,430.72,5616,stock
2017-10-12,NABIL,432.87,431.08,432.87,429.28,6092,stock
2017-10-15,NABIL,435.38,437.9,437.9,431.08,1432,stock
2017-10-16,NABIL,440.06,459.81,461.61,438.26,6273,stock
2017-10-17,NABIL,463.4,457.3,463.76,454.42,6476,stock
2017-10-18,NABIL,456.22,458.74,459.81,454.07,4812,stock
2017-10-22,NABIL,459.81,456.94,461.61,456.22,1070,stock
2017-10-23,NABIL,456.94,454.42,459.81,452.63,1708,stock
2017-10-24,NABIL,454.42,451.55,456.22,449.39,2908,stock
2017-10-25,NABIL,454.42,443.65,454.42,443.65,2350,stock
2017-10-29,NABIL,445.44,441.85,445.44,440.06,2416,stock
2017-10-30,NABIL,438.26,440.77,443.29,438.26,5881,stock
2017-10-31,NABIL,440.06,437.9,440.06,434.67,4315,stock
2017-11-01,NABIL,443.65,438.26,443.65,438.26,3253,stock
2017-11-02,NABIL,434.67,436.46,441.85,433.94,7706,stock
2017-11-05,NABIL,434.67,432.15,434.67,428.92,7767,stock
2017-11-06,NABIL,432.15,427.48,431.08,423.89,5666,stock
2017-11-07,NABIL,427.84,423.53,429.28,422.1,9207,stock
2017-11-08,NABIL,423.53,418.5,423.89,418.5,4291,stock
2017-11-09,NABIL,418.5,405.93,418.5,405.93,18364,stock
2017-11-12,NABIL,405.93,413.12,413.12,402.7,10024,stock
2017-11-13,NABIL,413.12,417.07,418.5,413.12,10925,stock
2017-11-14,NABIL,418.5,431.08,431.08,417.78,11066,stock
2017-11-15,NABIL,431.08,431.08,433.94,429.99,8902,stock
2017-11-16,NABIL,431.08,426.76,431.08,423.89,4677,stock
2017-11-19,NABIL,424.61,419.58,431.08,419.58,2558,stock
2017-11-20,NABIL,415.63,409.52,415.63,409.52,11937,stock
2017-11-21,NABIL,405.93,411.32,417.42,405.93,4337,stock
2017-11-22,NABIL,418.14,418.86,419.58,416.71,3050,stock
2017-11-23,NABIL,418.86,418.86,422.1,418.86,5085,stock
2017-11-26,NABIL,418.86,422.1,423.89,420.3,7461,stock
2017-11-27,NABIL,423.89,418.5,425.33,416.71,7045,stock
2017-11-28,NABIL,418.5,423.17,423.89,418.5,5031,stock
2017-11-29,NABIL,423.89,423.89,427.48,423.89,11254,stock
2017-11-30,NABIL,423.89,423.53,427.48,420.3,8116,stock
2017-12-04,NABIL,424.25,418.86,424.25,418.86,4406,stock
2017-12-05,NABIL,420.3,420.3,420.3,414.91,4113,stock
2017-12-06,NABIL,420.3,419.58,423.89,418.5,4018,stock
2017-12-10,NABIL,420.3,418.14,422.45,414.91,9654,stock
2017-12-11,NABIL,418.5,419.22,419.22,413.83,2773,stock
2017-12-12,NABIL,418.14,416.71,420.3,414.19,950,stock
2017-12-13,NABIL,416.71,415.27,416.71,414.91,2013,stock
2017-12-14,NABIL,416.71,419.94,419.94,416.34,372,stock
2017-12-17,NABIL,416.71,415.63,416.71,413.12,3691,stock
2017-12-18,NABIL,416.71,416.71,418.14,416.71,1545,stock
2017-12-19,NABIL,414.91,414.91,417.07,414.91,2366,stock
2017-12-20,NABIL,413.12,414.91,416.71,411.32,2665,stock
2017-12-21,NABIL,418.5,412.75,416.71,411.32,4245,stock
2017-12-24,NABIL,413.12,413.12,414.91,412.39,4231,stock
2017-12-26,NABIL,413.12,411.32,414.91,405.93,2029,stock
2017-12-27,NABIL,405.93,407.36,410.6,405.93,2831,stock
2017-12-28,NABIL,404.14,391.55,405.57,389.76,15690,stock
2017-12-31,NABIL,391.55,366.41,391.55,364.62,19263,stock
2018-01-01,NABIL,366.41,382.58,382.58,366.41,15122,stock
2018-01-02,NABIL,382.58,387.96,395.51,382.58,24418,stock
2018-01-03,NABIL,395.15,378.98,395.15,377.19,12532,stock
2018-01-04,NABIL,380.78,387.96,388.33,380.42,7265,stock
2018-01-07,NABIL,386.53,388.33,391.55,385.81,8667,stock
2018-01-08,NABIL,391.2,391.2,394.08,387.96,14120,stock
2018-01-09,NABIL,391.2,391.55,395.15,391.2,9727,stock
2018-01-10,NABIL,392.64,384.37,392.64,384.37,12309,stock
2018-01-14,NABIL,383.3,382.58,385.45,378.98,9390,stock
2018-01-16,NABIL,382.94,370.0,382.94,368.21,22276,stock
2018-01-17,NABIL,368.56,373.24,375.39,362.82,20617,stock
2018-01-21,NABIL,371.8,373.24,375.39,368.21,12003,stock
2018-01-22,NABIL,373.6,373.24,374.68,371.09,11946,stock
2018-01-23,NABIL,370.0,370.36,373.6,370.0,6612,stock
2018-01-24,NABIL,370.73,364.62,370.73,362.82,19823,stock
2018-01-25,NABIL,366.41,372.52,373.24,366.41,8156,stock
2018-01-28,NABIL,375.39,376.47,378.98,375.03,10059,stock
2018-01-29,NABIL,375.39,377.91,378.98,375.39,11653,stock
2018-01-31,NABIL,381.5,384.37,384.37,380.06,10033,stock
2018-02-01,NABIL,386.17,391.55,394.43,386.17,12664,stock
2018-02-04,NABIL,391.55,390.13,394.79,390.13,19894,stock
2018-02-05,NABIL,391.55,386.89,392.28,385.81,12146,stock
2018-02-06,NABIL,384.37,385.1,385.45,382.58,4578,stock
2018-02-07,NABIL,382.58,382.94,382.94,380.78,7436,stock
2018-02-08,NABIL,382.94,382.58,384.37,379.71,8717,stock
2018-02-11,NABIL,383.66,384.37,384.37,380.78,6351,stock
2018-02-12,NABIL,385.1,381.5,385.81,381.14,6125,stock
2018-02-14,NABIL,386.17,383.66,386.17,380.78,11870,stock
2018-02-15,NABIL,386.17,396.59,396.59,386.17,18692,stock
2018-02-18,NABIL,396.59,399.46,404.49,397.31,19540,stock
2018-02-20,NABIL,402.34,395.15,405.93,392.64,9378,stock
2018-02-21,NABIL,393.35,393.35,393.72,389.76,2594,stock
2018-02-22,NABIL,395.15,391.55,395.15,390.13,8036,stock
2018-02-25,NABIL,391.55,386.17,391.55,382.58,10323,stock
2018-02-26,NABIL,387.96,380.78,389.76,380.42,12348,stock
2018-02-27,NABIL,380.78,383.66,386.17,378.98,19270,stock
2018-02-28,NABIL,380.78,380.78,383.3,378.98,12588,stock
2018-03-04,NABIL,375.39,371.44,375.39,367.13,13490,stock
2018-03-06,NABIL,371.8,377.19,380.78,368.21,15880,stock
2018-03-07,NABIL,377.54,380.78,382.58,377.54,21280,stock
2018-03-11,NABIL,380.78,375.03,380.78,373.6,11768,stock
2018-03-12,NABIL,375.03,374.68,374.68,371.8,8110,stock
2018-03-13,NABIL,372.52,370.0,373.95,367.85,14786,stock
2018-03-14,NABIL,373.6,370.0,373.6,370.0,9600,stock
2018-03-15,NABIL,370.0,367.85,371.8,367.49,11196,stock
2018-03-18,NABIL,368.21,368.21,369.65,366.05,12162,stock
2018-03-19,NABIL,370.0,364.62,370.0,363.53,12030,stock
2018-03-20,NABIL,362.82,364.62,364.62,358.51,23717,stock
2018-03-21,NABIL,359.23,353.84,359.59,353.84,20783,stock
2018-03-22,NABIL,350.61,350.25,355.64,348.1,20012,stock
2018-03-26,NABIL,350.25,332.29,346.66,330.49,16921,stock
2018-03-27,NABIL,332.29,337.32,341.27,318.99,25557,stock
2018-03-28,NABIL,341.27,347.73,347.73,334.44,23753,stock
2018-03-29,NABIL,349.89,348.45,354.55,347.37,18810,stock
2018-04-01,NABIL,350.25,339.47,350.25,329.41,15347,stock
2018-04-02,NABIL,339.47,339.47,340.91,336.6,8678,stock
2018-04-03,NABIL,339.47,341.27,341.27,337.32,11371,stock
2018-04-04,NABIL,341.98,346.66,346.66,341.27,16959,stock
2018-04-05,NABIL,348.45,348.45,351.33,346.66,27949,stock
2018-04-08,NABIL,349.17,358.87,362.82,349.17,31730,stock
2018-04-09,NABIL,364.62,357.43,370.0,357.07,35267,stock
2018-04-10,NABIL,355.64,354.2,359.23,352.04,11944,stock
2018-04-11,NABIL,353.13,354.55,357.07,352.04,8026,stock
2018-04-12,NABIL,358.87,354.92,358.87,354.92,14218,stock
2018-04-15,NABIL,355.28,355.64,358.87,351.69,13102,stock
2018-04-16,NABIL,355.64,357.79,358.87,352.04,8325,stock
2018-04-17,NABIL,357.79,359.94,361.02,358.15,16009,stock
2018-04-18,NABIL,361.02,373.6,377.19,358.87,21999,stock
2018-04-19,NABIL,377.19,378.98,380.78,373.95,15695,stock
2018-04-22,NABIL,378.98,382.58,386.53,380.06,20691,stock
2018-04-23,NABIL,388.33,377.54,388.33,377.19,16208,stock
2018-04-24,NABIL,378.98,370.73,382.22,370.73,8229,stock
2018-04-25,NABIL,373.6,373.6,375.39,370.0,10589,stock
2018-04-26,NABIL,377.19,370.0,377.19,366.41,13380,stock
2018-04-29,NABIL,364.62,364.62,366.41,359.94,7378,stock
2018-05-02,NABIL,363.9,362.46,368.21,357.79,10811,stock
2018-05-03,NABIL,363.18,362.46,368.21,362.46,6662,stock
2018-05-06,NABIL,361.02,361.02,361.38,359.23,6340,stock
2018-05-07,NABIL,362.82,358.87,362.82,358.51,6050,stock
2018-05-08,NABIL,361.38,362.82,362.82,358.15,8831,stock
2018-05-09,NABIL,362.82,360.31,364.26,360.31,7968,stock
2018-05-10,NABIL,360.31,360.31,362.82,357.79,3212,stock
2018-05-14,NABIL,360.31,359.23,360.67,355.64,8898,stock
2018-05-15,NABIL,359.23,359.94,361.74,357.43,2596,stock
2018-05-16,NABIL,359.94,359.23,359.94,358.87,6058,stock
2018-05-17,NABIL,361.02,359.94,361.02,359.59,3295,stock
2018-05-20,NABIL,367.13,360.31,367.13,359.23,9372,stock
2018-05-21,NABIL,359.23,358.87,362.82,357.79,6405,stock
2018-05-22,NABIL,359.23,357.43,360.31,357.43,6365,stock
2018-05-23,NABIL,357.43,354.55,358.87,353.48,5655,stock
2018-05-24,NABIL,354.55,355.64,358.87,355.64,5307,stock
2018-05-27,NABIL,355.64,354.92,355.64,351.33,3069,stock
2018-05-28,NABIL,355.28,363.53,363.53,353.84,4170,stock
2018-05-29,NABIL,361.74,358.87,362.82,358.87,4198,stock
2018-05-30,NABIL,359.23,359.23,363.9,358.87,2360,stock
2018-05-31,NABIL,361.02,359.23,361.02,357.43,3164,stock
2018-06-03,NABIL,359.23,352.04,359.23,352.04,5913,stock
2018-06-04,NABIL,348.45,351.69,353.84,348.45,3875,stock
2018-06-06,NABIL,358.51,355.64,359.23,354.92,1882,stock
2018-06-07,NABIL,355.64,350.25,355.64,350.25,4786,stock
2018-06-10,NABIL,348.45,343.42,348.45,339.12,5466,stock
2018-06-11,NABIL,343.06,343.06,350.25,339.47,5198,stock
2018-06-12,NABIL,344.86,343.06,344.86,339.47,4558,stock
2018-06-13,NABIL,344.86,343.06,344.86,339.47,3803,stock
2018-06-14,NABIL,344.86,344.14,345.93,343.06,947,stock
2018-06-17,NABIL,343.06,338.39,344.5,337.68,3161,stock
2018-06-18,NABIL,339.47,338.75,343.06,336.6,2878,stock
2018-06-19,NABIL,339.12,338.03,339.12,337.68,1365,stock
2018-06-20,NABIL,337.68,337.68,339.47,337.68,3344,stock
2018-06-21,NABIL,339.47,338.39,339.47,337.68,2308,stock
2018-06-24,NABIL,338.75,338.39,338.75,336.24,4494,stock
2018-06-25,NABIL,339.47,334.8,339.47,334.08,4988,stock
2018-06-26,NABIL,332.29,334.08,334.44,331.21,1174,stock
2018-06-27,NABIL,334.08,334.08,335.88,330.85,5047,stock
2018-06-28,NABIL,334.8,334.44,343.06,334.44,2623,stock
2018-07-01,NABIL,339.47,333.36,339.47,332.29,5960,stock
2018-07-02,NABIL,333.36,330.49,333.36,329.41,5552,stock
2018-07-03,NABIL,330.49,330.49,332.65,329.77,5734,stock
2018-07-04,NABIL,330.49,329.41,330.49,327.97,6221,stock
2018-07-05,NABIL,330.49,331.93,333.36,330.13,12676,stock
2018-07-08,NABIL,338.39,337.68,342.34,333.36,12880,stock
2018-07-09,NABIL,338.03,330.13,338.03,329.77,11028,stock
2018-07-10,NABIL,330.49,329.41,332.65,329.41,3949,stock
2018-07-11,NABIL,330.49,329.77,333.36,329.41,9218,stock
2018-07-12,NABIL,328.7,327.62,331.21,327.26,5387,stock
2018-07-15,NABIL,327.62,330.49,330.49,327.62,5465,stock
2018-07-16,NABIL,328.7,330.49,330.85,324.38,10813,stock
2018-07-17,NABIL,329.41,323.31,329.41,322.94,64608,stock
2018-07-18,NABIL,325.11,323.31,325.11,322.23,28537,stock
2018-07-19,NABIL,323.31,323.31,325.11,322.58,36821,stock
2018-07-22,NABIL,323.31,323.31,323.31,322.23,6188,stock
2018-07-23,NABIL,322.94,323.31,323.31,322.58,11306,stock
2018-07-24,NABIL,323.31,322.94,325.11,322.58,20936,stock
2018-07-25,NABIL,323.31,322.23,323.31,322.23,7248,stock
2018-07-26,NABIL,323.31,325.11,326.18,322.94,13263,stock
2018-07-29,NABIL,330.13,326.9,330.13,326.53,5574,stock
2018-07-30,NABIL,326.9,326.53,327.97,325.82,5174,stock
2018-07-31,NABIL,325.11,325.46,326.9,325.11,5144,stock
2018-08-01,NABIL,326.9,325.82,326.9,324.74,5960,stock
2018-08-02,NABIL,326.18,325.46,326.53,324.74,5552,stock
2018-08-05,NABIL,325.46,325.11,325.82,323.31,6414,stock
2018-08-06,NABIL,325.82,324.38,325.82,323.31,6662,stock
2018-08-07,NABIL,330.13,324.74,330.13,324.74,2142,stock
2018-08-08,NABIL,325.11,324.74,326.9,324.38,2673,stock
2018-08-09,NABIL,331.21,326.53,331.21,324.74,3307,stock
2018-08-12,NABIL,326.9,323.31,326.9,321.15,6359,stock
2018-08-13,NABIL,323.31,325.82,325.82,323.31,5383,stock
2018-08-14,NABIL,325.82,325.82,325.82,323.31,6383,stock
2018-08-15,NABIL,329.05,335.88,337.68,327.97,17869,stock
2018-08-16,NABIL,334.08,343.78,347.01,334.08,17494,stock
2018-08-19,NABIL,344.86,344.14,346.66,342.71,11046,stock
2018-08-20,NABIL,344.86,339.83,344.86,338.39,9155,stock
2018-08-21,NABIL,340.54,337.68,340.19,337.68,4925,stock
2018-08-22,NABIL,335.88,339.47,339.47,335.88,2174,stock
2018-08-23,NABIL,339.47,339.47,339.47,338.03,4749,stock
2018-08-26,NABIL,339.47,339.47,340.54,339.12,5990,stock
2018-08-28,NABIL,339.83,340.91,341.27,338.75,6091,stock
2018-08-29,NABIL,340.19,340.54,340.91,339.47,3171,stock
2018-08-30,NABIL,341.27,340.19,341.98,339.47,5231,stock
2018-09-02,NABIL,340.91,341.27,341.98,339.83,7021,stock
2018-09-03,NABIL,348.1,346.3,348.45,343.06,7503,stock
2018-09-04,NABIL,348.45,347.01,348.81,345.22,8115,stock
2018-09-05,NABIL,347.37,348.45,349.89,346.66,10041,stock
2018-09-06,NABIL,349.17,346.66,353.48,345.93,16518,stock
2018-09-09,NABIL,343.06,348.45,349.89,343.06,7541,stock
2018-09-10,NABIL,346.66,346.3,347.37,344.86,7438,stock
2018-09-11,NABIL,346.66,347.01,348.1,344.86,6852,stock
2018-09-12,NABIL,347.01,346.66,347.37,346.66,4296,stock
2018-09-13,NABIL,347.01,347.73,348.45,347.01,5373,stock
2018-09-16,NABIL,348.45,348.1,349.89,347.73,9770,stock
2018-09-17,NABIL,347.37,347.73,348.45,346.66,1984,stock
2018-09-18,NABIL,348.45,347.73,348.45,347.01,5243,stock
2018-09-20,NABIL,348.45,345.57,348.45,344.86,6516,stock
2018-09-23,NABIL,345.22,345.22,346.3,341.27,3193,stock
2018-09-25,NABIL,346.66,346.3,346.66,344.86,4909,stock
2018-09-26,NABIL,344.86,347.01,348.1,344.86,9356,stock
2018-09-27,NABIL,344.86,345.22,348.45,344.86,3070,stock
2018-09-30,NABIL,345.22,341.27,345.22,341.27,7218,stock
2018-10-01,NABIL,343.06,339.47,343.42,335.52,2593,stock
2018-10-02,NABIL,339.47,339.47,341.27,337.68,3936,stock
2018-10-03,NABIL,339.47,338.39,339.47,334.8,5114,stock
2018-10-04,NABIL,337.68,338.75,344.14,329.05,5142,stock
2018-10-07,NABIL,339.12,333.0,339.12,333.0,5803,stock
2018-10-08,NABIL,333.0,333.73,339.12,333.0,3337,stock
2018-10-09,NABIL,334.44,333.73,337.32,333.0,2484,stock
2018-10-10,NABIL,333.73,334.08,334.8,333.0,4393,stock
2018-10-11,NABIL,334.44,334.44,336.6,333.73,5113,stock
2018-10-14,NABIL,335.88,336.95,337.32,335.88,1925,stock
2018-10-15,NABIL,337.68,342.34,343.42,337.68,1245,stock
2018-10-21,NABIL,343.06,342.34,343.06,341.27,193,stock
2018-10-22,NABIL,341.63,341.63,344.5,341.27,1928,stock
2018-10-23,NABIL,343.06,344.86,344.86,341.27,2006,stock
2018-10-24,NABIL,344.86,345.57,348.45,343.42,3191,stock
2018-10-25,NABIL,345.93,343.42,345.93,343.42,1044,stock
2018-10-28,NABIL,343.42,338.39,343.42,337.32,2511,stock
2018-10-29,NABIL,337.32,337.68,339.47,337.32,2862,stock
2018-10-30,NABIL,337.68,337.68,339.47,337.68,1768,stock
2018-10-31,NABIL,338.03,341.98,341.98,337.68,2427,stock
2018-11-01,NABIL,337.68,339.83,340.91,337.68,1572,stock
2018-11-04,NABIL,340.19,337.68,340.19,336.95,2099,stock
2018-11-05,NABIL,337.32,336.95,337.68,335.88,2736,stock
2018-11-14,NABIL,330.13,330.13,330.49,328.7,4373,stock
2018-11-15,NABIL,330.13,332.65,337.68,330.13,7548,stock
2018-11-18,NABIL,333.0,329.05,334.08,329.05,3113,stock
2018-11-19,NABIL,329.41,329.77,329.77,326.18,2568,stock
2018-11-20,NABIL,329.41,324.02,329.77,324.02,760,stock
2018-11-21,NABIL,324.02,325.46,325.46,319.72,3991,stock
2018-11-22,NABIL,325.46,323.31,328.7,323.31,4595,stock
2018-11-25,NABIL,323.43,322.58,324.74,322.58,3792,stock
2018-11-26,NABIL,322.86,318.99,322.86,318.99,5967,stock
2018-11-27,NABIL,319.2,319.35,322.94,317.92,4029,stock
2018-11-28,NABIL,319.35,319.35,323.31,318.99,5451,stock
2018-11-29,NABIL,319.35,316.84,319.72,316.84,3294,stock
2018-12-02,NABIL,316.89,310.73,316.89,310.73,4594,stock
2018-12-03,NABIL,310.73,310.01,314.33,309.66,3135,stock
2018-12-04,NABIL,310.01,308.93,310.01,302.12,13920,stock
2018-12-06,NABIL,305.71,305.34,305.71,298.16,6099,stock
2018-12-09,NABIL,305.34,306.06,307.5,305.34,4171,stock
2018-12-10,NABIL,306.06,306.42,308.93,305.34,8181,stock
2018-12-11,NABIL,306.42,307.14,308.93,303.19,3869,stock
2018-12-12,NABIL,307.14,305.71,308.93,303.54,3175,stock
2018-12-13,NABIL,305.71,304.27,307.14,304.27,4879,stock
2018-12-16,NABIL,304.27,306.42,308.57,304.27,9410,stock
2018-12-17,NABIL,306.42,309.66,312.17,305.34,2512,stock
2018-12-18,NABIL,309.66,308.22,309.66,307.5,5028,stock
2018-12-19,NABIL,308.22,305.34,308.93,305.34,7082,stock
2018-12-20,NABIL,305.34,305.71,308.93,303.54,3393,stock
2018-12-23,NABIL,305.71,312.53,312.53,305.71,8974,stock
2018-12-24,NABIL,312.53,311.81,314.69,310.73,5253,stock
2018-12-25,NABIL,311.81,309.66,312.53,307.14,1588,stock
2018-12-26,NABIL,309.66,310.37,312.53,308.93,7037,stock
2018-12-27,NABIL,310.37,310.73,316.13,310.37,6193,stock
2018-12-30,NABIL,310.73,311.09,315.04,310.73,4130,stock
2018-12-31,NABIL,311.09,308.93,315.76,308.93,7285,stock
2019-01-01,NABIL,308.93,305.71,310.01,305.71,5002,stock
2019-01-02,NABIL,305.71,305.34,308.57,305.34,5122,stock
2019-01-03,NABIL,305.34,302.12,307.14,302.12,9928,stock
2019-01-06,NABIL,302.12,300.68,304.63,299.95,7310,stock
2019-01-08,NABIL,299.95,300.68,301.39,299.95,3971,stock
2019-01-09,NABIL,300.68,299.59,301.75,299.59,4380,stock
2019-01-10,NABIL,299.59,299.95,304.63,299.59,5480,stock
2019-01-13,NABIL,299.95,301.03,305.71,299.95,3132,stock
2019-01-14,NABIL,301.03,300.32,303.19,298.16,4045,stock
2019-01-15,NABIL,300.32,302.47,302.47,299.59,2708,stock
2019-01-16,NABIL,302.47,303.54,308.22,302.12,2960,stock
2019-01-17,NABIL,303.54,303.19,303.54,300.32,2128,stock
2019-01-20,NABIL,303.19,305.34,305.34,303.19,2650,stock
2019-01-21,NABIL,305.34,302.83,304.63,300.32,3420,stock
2019-01-22,NABIL,302.83,302.47,303.54,302.12,1670,stock
2019-01-23,NABIL,302.47,301.03,305.34,301.03,4189,stock
2019-01-24,NABIL,301.03,301.75,302.83,301.03,2567,stock
2019-01-27,NABIL,301.75,301.03,302.12,298.88,3910,stock
2019-01-28,NABIL,301.03,299.59,301.03,298.88,2227,stock
2019-01-29,NABIL,299.59,298.16,299.95,298.16,6286,stock
2019-01-30,NABIL,298.16,300.68,302.12,298.16,3605,stock
2019-01-31,NABIL,300.68,302.12,303.19,300.68,4408,stock
2019-02-03,NABIL,302.47,302.12,303.54,301.75,4165,stock
2019-02-04,NABIL,300.68,297.8,302.12,296.36,5154,stock
2019-02-05,NABIL,297.8,298.16,299.95,297.8,2150,stock
2019-02-06,NABIL,296.36,297.44,298.16,296.36,3267,stock
2019-02-07,NABIL,297.44,298.52,299.95,296.73,3757,stock
2019-02-10,NABIL,298.16,296.0,298.52,294.56,2399,stock
2019-02-11,NABIL,298.16,296.36,298.16,295.65,3879,stock
2019-02-12,NABIL,296.73,296.36,298.16,296.36,2448,stock
2019-02-13,NABIL,298.16,295.29,298.16,293.85,3151,stock
2019-02-14,NABIL,294.56,293.85,296.36,293.85,2494,stock
2019-02-17,NABIL,297.8,289.9,297.8,289.9,6470,stock
2019-02-18,NABIL,292.77,281.28,292.77,279.48,29718,stock
2019-02-19,NABIL,284.87,284.87,285.58,278.76,7663,stock
2019-02-20,NABIL,284.87,283.43,284.87,280.2,9080,stock
2019-02-21,NABIL,284.51,288.46,288.46,283.43,17561,stock
2019-02-24,NABIL,290.97,285.58,290.97,284.51,15486,stock
2019-02-25,NABIL,285.58,285.23,287.02,283.43,31622,stock
2019-02-26,NABIL,281.64,276.4,285.23,272.78,9887,stock
2019-02-27,NABIL,276.0,276.4,277.21,273.99,4794,stock
2019-03-03,NABIL,277.61,274.39,278.01,273.59,8715,stock
2019-03-05,NABIL,274.39,274.79,277.61,273.99,6279,stock
2019-03-06,NABIL,274.79,276.0,276.81,273.59,10200,stock
2019-03-07,NABIL,277.21,276.81,277.61,275.6,7555,stock
2019-03-09,NABIL,277.21,277.61,277.61,276.0,1672,stock
2019-03-10,NABIL,277.21,277.61,277.61,276.0,1672,stock
2019-03-11,NABIL,279.22,280.03,281.64,278.01,16082,stock
2019-03-12,NABIL,283.65,289.28,289.28,280.03,12424,stock
2019-03-13,NABIL,291.7,287.67,294.11,287.67,11208,stock
2019-03-14,NABIL,289.28,287.67,289.68,284.86,3812,stock
2019-03-17,NABIL,287.67,290.49,293.71,287.67,9881,stock
2019-03-18,NABIL,292.1,290.49,293.71,290.49,9174,stock
2019-03-19,NABIL,290.49,290.89,291.29,288.88,1020,stock
2019-03-21,NABIL,290.49,285.66,290.49,284.86,8927,stock
2019-03-24,NABIL,290.09,286.46,290.09,285.26,5859,stock
2019-03-25,NABIL,285.26,286.46,288.07,285.26,7028,stock
2019-03-26,NABIL,285.66,286.46,286.46,284.05,3898,stock
2019-03-27,NABIL,286.46,285.26,287.67,285.26,9163,stock
2019-03-28,NABIL,284.86,287.27,289.28,284.86,5004,stock
2019-03-31,NABIL,287.67,286.46,288.48,284.45,7019,stock
2019-04-01,NABIL,286.87,286.46,287.27,285.26,11973,stock
2019-04-02,NABIL,286.87,288.48,288.88,285.66,15403,stock
2019-04-03,NABIL,294.11,291.29,294.11,286.46,14196,stock
2019-04-04,NABIL,291.29,292.5,292.9,288.88,8188,stock
2019-04-07,NABIL,293.71,294.51,294.51,290.09,23725,stock
2019-04-08,NABIL,294.51,297.73,303.76,293.71,23599,stock
2019-04-09,NABIL,298.13,298.93,301.75,297.73,12325,stock
2019-04-10,NABIL,301.35,297.73,301.35,295.72,8232,stock
2019-04-11,NABIL,298.53,296.12,298.93,296.12,7882,stock
2019-04-15,NABIL,296.12,300.14,300.14,296.12,3377,stock
2019-04-16,NABIL,301.35,308.19,311.0,300.54,6057,stock
2019-04-17,NABIL,308.19,311.0,313.82,308.19,11183,stock
2019-04-18,NABIL,315.83,325.89,325.89,315.83,15287,stock
2019-04-21,NABIL,327.91,348.42,348.82,327.91,28899,stock
2019-04-22,NABIL,354.06,354.06,362.11,349.23,29675,stock
2019-04-23,NABIL,352.04,354.46,358.08,345.61,15000,stock
2019-04-24,NABIL,354.46,353.25,359.69,347.62,6811,stock
2019-04-25,NABIL,358.08,354.06,360.09,352.85,9441,stock
2019-04-28,NABIL,356.07,351.24,358.48,351.24,9506,stock
2019-04-29,NABIL,352.04,349.23,354.06,348.42,8403,stock
2019-04-30,NABIL,350.43,344.4,350.43,342.39,7584,stock
2019-05-02,NABIL,341.98,340.78,344.0,339.97,6201,stock
2019-05-05,NABIL,339.17,335.95,339.57,333.93,9479,stock
2019-05-06,NABIL,339.97,342.39,344.0,335.54,8355,stock
2019-05-07,NABIL,344.4,341.98,349.63,341.98,8243,stock
2019-05-08,NABIL,344.0,340.37,344.0,337.96,7578,stock
2019-05-09,NABIL,346.81,338.36,346.81,337.15,2950,stock
2019-05-12,NABIL,338.36,338.36,339.97,334.34,3539,stock
2019-05-13,NABIL,339.97,339.57,344.0,338.36,2652,stock
2019-05-14,NABIL,337.96,341.18,341.98,336.75,3614,stock
2019-05-15,NABIL,341.18,342.39,346.01,339.57,5163,stock
2019-05-16,NABIL,342.39,339.97,345.2,339.97,6365,stock
2019-05-19,NABIL,344.0,339.17,344.0,334.34,6356,stock
2019-05-20,NABIL,341.58,333.93,341.58,333.93,5507,stock
2019-05-21,NABIL,333.53,337.96,337.96,332.73,4169,stock
2019-05-22,NABIL,344.4,338.36,344.4,335.95,1981,stock
2019-05-23,NABIL,339.17,338.36,339.97,335.95,5508,stock
2019-05-26,NABIL,344.8,337.96,344.8,335.95,5463,stock
2019-05-27,NABIL,335.95,337.96,337.96,335.95,2539,stock
2019-05-28,NABIL,333.93,336.35,339.57,333.93,2822,stock
2019-05-29,NABIL,337.96,337.96,337.96,336.75,3151,stock
2019-05-30,NABIL,344.4,340.78,354.86,340.78,9146,stock
2019-06-02,NABIL,341.18,335.54,341.18,334.74,6077,stock
2019-06-03,NABIL,335.95,335.14,335.95,333.93,2874,stock
2019-06-04,NABIL,339.17,333.53,339.17,333.53,3935,stock
2019-06-06,NABIL,334.74,333.13,334.74,332.33,4877,stock
2019-06-10,NABIL,329.92,332.33,338.76,329.92,4518,stock
2019-06-11,NABIL,331.93,330.72,332.33,329.92,8030,stock
2019-06-12,NABIL,329.11,329.92,331.13,327.91,8943,stock
2019-06-13,NABIL,329.92,332.73,335.54,329.11,9849,stock
2019-06-16,NABIL,329.92,327.5,330.72,327.1,13511,stock
2019-06-17,NABIL,327.5,328.31,328.31,324.69,10347,stock
2019-06-18,NABIL,328.31,327.5,328.31,324.29,8230,stock
2019-06-19,NABIL,333.53,327.5,333.53,323.08,3158,stock
2019-06-20,NABIL,327.5,326.7,327.5,323.88,4301,stock
2019-06-23,NABIL,329.92,323.88,329.92,323.48,5595,stock
2019-06-24,NABIL,324.69,325.09,325.09,322.68,3446,stock
2019-06-25,NABIL,323.88,325.89,325.89,321.87,4883,stock
2019-06-26,NABIL,325.89,323.48,325.89,322.68,7826,stock
2019-06-27,NABIL,323.88,321.87,327.91,321.47,12955,stock
2019-06-30,NABIL,324.29,315.83,324.29,315.83,28406,stock
2019-07-01,NABIL,315.03,315.83,315.83,313.82,8539,stock
2019-07-02,NABIL,314.22,315.43,315.83,311.81,9500,stock
2019-07-03,NABIL,316.64,319.86,321.47,311.81,7949,stock
2019-07-04,NABIL,320.26,321.07,321.87,319.86,10401,stock
2019-07-07,NABIL,321.87,317.85,323.88,317.85,6481,stock
2019-07-08,NABIL,317.85,316.64,317.85,315.83,4253,stock
2019-07-09,NABIL,316.64,324.29,324.29,316.24,11678,stock
2019-07-10,NABIL,323.08,326.3,327.91,322.27,9931,stock
2019-07-11,NABIL,327.1,331.13,331.53,327.1,8966,stock
2019-07-14,NABIL,331.53,331.93,332.73,329.92,3781,stock
2019-07-15,NABIL,332.33,321.47,335.14,321.47,30861,stock
2019-07-16,NABIL,337.15,321.87,337.15,318.65,25920,stock
2019-07-17,NABIL,321.87,327.1,327.5,321.87,17512,stock
2019-07-18,NABIL,329.92,326.7,329.92,325.09,15304,stock
2019-07-21,NABIL,325.09,322.27,325.89,321.87,19195,stock
2019-07-22,NABIL,325.89,323.88,329.52,323.08,19698,stock
2019-07-23,NABIL,325.89,325.09,325.89,322.68,13387,stock
2019-07-24,NABIL,327.91,326.7,327.91,323.88,17884,stock
2019-07-25,NABIL,324.69,323.88,326.3,321.87,11336,stock
2019-07-28,NABIL,325.09,320.66,325.09,320.26,17431,stock
2019-07-29,NABIL,321.87,323.08,323.88,321.07,10970,stock
2019-07-30,NABIL,323.08,322.27,323.88,321.87,10926,stock
2019-07-31,NABIL,321.87,321.87,323.88,321.87,9199,stock
2019-08-01,NABIL,322.68,322.27,323.88,321.87,11281,stock
2019-08-04,NABIL,322.68,321.47,323.08,320.26,11095,stock
2019-08-05,NABIL,319.86,321.87,321.87,319.86,9946,stock
2019-08-06,NABIL,319.86,317.85,319.86,317.44,13321,stock
2019-08-07,NABIL,317.85,317.85,319.86,315.43,9174,stock
2019-08-08,NABIL,319.46,317.85,320.26,316.64,10432,stock
2019-08-11,NABIL,317.04,315.43,317.04,314.22,9920,stock
2019-08-12,NABIL,314.63,315.03,317.04,314.63,5650,stock
2019-08-13,NABIL,315.83,314.63,315.83,314.22,6190,stock
2019-08-14,NABIL,315.43,313.42,315.43,311.81,11640,stock
2019-08-15,NABIL,314.63,315.43,315.83,313.82,13055,stock
2019-08-18,NABIL,317.85,313.42,317.85,313.42,12387,stock
2019-08-19,NABIL,307.78,313.02,315.43,312.21,10297,stock
2019-08-20,NABIL,314.63,313.02,314.63,312.61,12518,stock
2019-08-21,NABIL,312.61,313.02,313.42,311.81,13659,stock
2019-08-22,NABIL,313.02,312.61,314.22,312.61,7473,stock
2019-08-25,NABIL,310.2,312.21,313.82,310.2,7386,stock
2019-08-26,NABIL,312.21,311.81,312.21,305.77,23330,stock
2019-08-27,NABIL,310.6,313.02,313.82,310.2,5949,stock
2019-08-28,NABIL,313.82,309.8,317.85,309.8,4274,stock
2019-08-29,NABIL,310.2,309.8,311.81,308.99,9213,stock
2019-09-01,NABIL,310.2,309.39,310.6,308.59,9261,stock
2019-09-02,NABIL,309.39,304.97,309.39,304.16,6969,stock
2019-09-03,NABIL,304.97,311.41,311.81,301.75,8894,stock
2019-09-04,NABIL,313.82,312.61,314.22,309.8,15241,stock
2019-09-05,NABIL,318.65,313.82,318.65,312.61,8861,stock
2019-09-08,NABIL,313.02,312.21,314.22,311.81,9562,stock
2019-09-09,NABIL,311.81,312.21,313.02,309.8,4931,stock
2019-09-10,NABIL,310.6,309.39,311.81,308.59,7569,stock
2019-09-11,NABIL,307.78,310.6,310.6,307.78,4673,stock
2019-09-12,NABIL,309.8,309.8,310.2,307.78,10514,stock
2019-09-15,NABIL,309.8,305.37,311.81,305.37,6359,stock
2019-09-16,NABIL,304.16,298.53,304.16,298.53,10591,stock
2019-09-17,NABIL,299.74,301.75,308.19,299.74,10137,stock
2019-09-18,NABIL,307.78,311.81,313.82,306.58,7924,stock
2019-09-19,NABIL,315.43,309.8,315.43,309.8,13287,stock
2019-09-22,NABIL,308.99,307.78,309.8,306.58,7591,stock
2019-09-23,NABIL,306.17,305.77,308.99,305.77,6194,stock
2019-09-24,NABIL,305.77,305.77,305.77,304.57,7998,stock
2019-09-26,NABIL,305.77,305.37,306.58,303.76,3989,stock
2019-09-29,NABIL,305.77,302.55,305.77,302.15,3598,stock
2019-09-30,NABIL,305.77,305.77,305.77,303.36,4706,stock
2019-10-01,NABIL,306.98,310.6,312.61,306.17,2719,stock
2019-10-02,NABIL,312.61,310.6,313.82,309.8,4486,stock
2019-10-03,NABIL,313.02,309.39,313.02,309.39,5226,stock
2019-10-10,NABIL,307.78,309.8,311.0,307.78,728,stock
2019-10-14,NABIL,309.8,307.78,309.8,304.57,16518,stock
2019-10-15,NABIL,307.78,306.98,307.78,305.77,4973,stock
2019-10-16,NABIL,308.99,306.58,308.99,303.36,4902,stock
2019-10-17,NABIL,306.58,305.77,307.78,305.37,8157,stock
2019-10-20,NABIL,308.19,304.57,308.19,304.16,4145,stock
2019-10-21,NABIL,304.57,304.97,307.38,303.76,6056,stock
2019-10-22,NABIL,304.97,304.16,306.58,303.36,17493,stock
2019-10-23,NABIL,304.16,306.58,307.78,304.16,3122,stock
2019-10-24,NABIL,307.78,308.99,308.99,303.76,8808,stock
2019-10-31,NABIL,308.99,306.17,308.99,302.96,6352,stock
2019-11-03,NABIL,305.77,305.77,305.77,302.55,8041,stock
2019-11-04,NABIL,307.38,308.99,313.82,306.58,25965,stock
2019-11-05,NABIL,311.81,309.8,312.61,306.98,16182,stock
2019-11-06,NABIL,311.41,308.99,311.41,307.78,13493,stock
2019-11-07,NABIL,310.6,303.76,310.6,303.76,23312,stock
2019-11-10,NABIL,305.77,303.76,306.98,302.96,10153,stock
2019-11-11,NABIL,305.37,302.96,307.78,301.75,15505,stock
2019-11-12,NABIL,305.77,301.75,307.78,301.35,21447,stock
2019-11-13,NABIL,301.75,301.75,303.76,301.75,6681,stock
2019-11-14,NABIL,301.75,301.35,303.36,301.35,3797,stock
2019-11-17,NABIL,302.96,303.76,303.76,299.74,7383,stock
2019-11-18,NABIL,303.76,303.76,304.16,301.75,23592,stock
2019-11-19,NABIL,303.76,302.96,303.76,301.75,18207,stock
2019-11-20,NABIL,303.76,301.75,305.77,301.75,29088,stock
2019-11-21,NABIL,301.75,297.73,301.75,297.33,7681,stock
2019-11-24,NABIL,297.33,293.71,298.53,293.71,12391,stock
2019-11-25,NABIL,294.11,292.5,294.51,292.5,10567,stock
2019-11-26,NABIL,292.1,293.71,295.72,291.7,8682,stock
2019-11-27,NABIL,294.11,294.51,295.72,293.31,18463,stock
2019-11-28,NABIL,294.51,291.7,294.92,291.29,15634,stock
2019-12-01,NABIL,291.7,290.89,293.71,290.89,24232,stock
2019-12-02,NABIL,292.1,291.7,292.1,290.89,6572,stock
2019-12-03,NABIL,292.9,291.7,293.71,291.7,9589,stock
2019-12-04,NABIL,292.5,291.7,293.31,291.7,9772,stock
2019-12-05,NABIL,293.71,293.71,296.53,292.9,13130,stock
2019-12-08,NABIL,297.33,293.31,297.33,291.7,11013,stock
2019-12-09,NABIL,293.71,296.12,301.35,293.71,5466,stock
2019-12-10,NABIL,296.12,298.93,299.74,296.12,4466,stock
2019-12-11,NABIL,299.74,300.54,301.75,298.93,8847,stock
2019-12-12,NABIL,301.75,301.35,302.15,299.33,16206,stock
2019-12-15,NABIL,303.76,302.55,303.76,300.94,9306,stock
2019-12-16,NABIL,301.75,296.53,301.75,296.53,11742,stock
2019-12-17,NABIL,300.14,298.93,300.54,297.33,9416,stock
2019-12-18,NABIL,300.94,300.94,301.75,298.53,15298,stock
2019-12-19,NABIL,301.35,302.96,303.76,301.35,15015,stock
2019-12-22,NABIL,303.76,304.16,305.77,301.75,34362,stock
2019-12-23,NABIL,305.77,301.75,306.58,301.75,66023,stock
2019-12-24,NABIL,298.31,300.56,301.92,297.41,22863,stock
2019-12-25,NABIL,299.66,301.46,301.46,299.66,12220,stock
2019-12-26,NABIL,300.56,304.62,305.07,299.66,14538,stock
2019-12-29,NABIL,305.52,303.72,305.97,303.27,14830,stock
2019-12-30,NABIL,303.27,304.16,309.57,303.27,17063,stock
2019-12-31,NABIL,305.97,306.87,307.32,304.62,15116,stock
2020-01-01,NABIL,307.77,310.93,310.93,306.42,10882,stock
2020-01-02,NABIL,310.02,308.67,310.93,308.22,20018,stock
2020-01-05,NABIL,310.93,314.08,314.98,310.93,17152,stock
2020-01-06,NABIL,315.43,321.29,322.19,315.43,23487,stock
2020-01-07,NABIL,326.7,325.34,330.75,323.99,24397,stock
2020-01-08,NABIL,326.7,324.9,326.7,322.19,17879,stock
2020-01-09,NABIL,320.39,322.64,325.79,320.39,9624,stock
2020-01-12,NABIL,325.34,327.14,328.05,324.44,30359,stock
2020-01-13,NABIL,330.75,328.95,337.52,327.14,40571,stock
2020-01-14,NABIL,331.2,328.95,331.2,322.64,12535,stock
2020-01-15,NABIL,331.2,333.46,334.81,330.31,11175,stock
2020-01-16,NABIL,333.46,338.41,342.02,333.46,26914,stock
2020-01-19,NABIL,342.47,344.27,345.17,341.12,22863,stock
2020-01-20,NABIL,351.03,342.47,351.48,340.21,25306,stock
2020-01-21,NABIL,345.62,340.21,345.62,337.52,18428,stock
2020-01-22,NABIL,337.96,335.71,340.67,335.71,12755,stock
2020-01-23,NABIL,335.71,327.6,335.71,325.34,19663,stock
2020-01-26,NABIL,327.6,319.93,327.6,319.49,20742,stock
2020-01-27,NABIL,320.84,324.44,328.5,318.13,17628,stock
2020-01-28,NABIL,330.75,326.7,331.2,326.7,15203,stock
2020-01-29,NABIL,327.6,326.25,329.85,324.9,10541,stock
2020-01-30,NABIL,326.25,331.65,332.11,326.25,14728,stock
2020-02-02,NABIL,333.46,338.86,339.76,333.46,37634,stock
2020-02-03,NABIL,341.12,332.55,341.56,330.31,33172,stock
2020-02-04,NABIL,333.91,333.0,335.26,329.85,27241,stock
2020-02-05,NABIL,333.0,330.75,333.0,330.75,20827,stock
2020-02-06,NABIL,331.2,327.14,333.46,327.14,15362,stock
2020-02-09,NABIL,329.85,324.9,329.85,324.44,18422,stock
2020-02-10,NABIL,326.7,324.44,327.6,322.64,23380,stock
2020-02-11,NABIL,322.64,325.79,328.95,322.19,27491,stock
2020-02-12,NABIL,328.5,325.34,328.5,324.9,11735,stock
2020-02-13,NABIL,326.7,325.79,327.6,324.9,16258,stock
2020-02-16,NABIL,327.14,326.25,327.14,323.99,17985,stock
2020-02-17,NABIL,332.55,337.96,341.12,328.05,51893,stock
2020-02-18,NABIL,344.27,339.32,344.73,335.26,47604,stock
2020-02-19,NABIL,338.86,338.41,339.32,336.16,23379,stock
2020-02-20,NABIL,338.41,340.21,340.21,336.16,21585,stock
2020-02-23,NABIL,341.56,355.98,362.3,341.56,65129,stock
2020-02-24,NABIL,355.98,360.5,369.95,356.44,93540,stock
2020-02-25,NABIL,362.74,366.8,366.8,351.03,37640,stock
2020-02-26,NABIL,374.01,392.04,394.29,373.11,83212,stock
2020-02-27,NABIL,387.98,430.34,430.34,380.77,167082,stock
2020-03-01,NABIL,430.34,423.58,450.61,421.77,163043,stock
2020-03-02,NABIL,417.27,383.02,423.13,383.02,68203,stock
2020-03-03,NABIL,383.02,400.14,410.06,367.25,150206,stock
2020-03-04,NABIL,400.14,381.67,400.14,377.62,107177,stock
2020-03-05,NABIL,374.46,378.52,383.93,366.35,78904,stock
2020-03-10,NABIL,371.31,349.68,371.31,349.68,60824,stock
2020-03-11,NABIL,356.44,367.25,370.4,345.17,83501,stock
2020-03-12,NABIL,374.46,355.98,374.46,353.29,65403,stock
2020-03-15,NABIL,351.48,337.96,354.63,337.06,70304,stock
2020-03-16,NABIL,333.91,337.96,344.27,325.79,55501,stock
2020-03-17,NABIL,344.73,329.4,344.73,324.9,46620,stock
2020-03-18,NABIL,329.4,322.19,333.0,315.43,43091,stock
2020-03-19,NABIL,315.88,328.95,333.46,310.93,55806,stock
2020-03-22,NABIL,335.26,315.88,335.26,315.43,15101,stock
2020-05-12,NABIL,309.57,306.42,309.57,306.42,2295,stock
2020-05-13,NABIL,300.56,297.41,300.56,297.41,435,stock
2020-06-29,NABIL,282.53,297.41,296.95,267.67,40720,stock
2020-06-30,NABIL,301.92,326.7,327.14,301.92,8769,stock
2020-07-01,NABIL,326.7,346.97,346.97,326.7,15536,stock
2020-07-02,NABIL,353.73,324.44,353.73,316.33,21024,stock
2020-07-05,NABIL,325.34,328.5,330.75,314.98,59244,stock
2020-07-06,NABIL,326.7,332.11,333.46,322.19,32963,stock
2020-07-07,NABIL,337.96,335.26,338.41,333.46,41752,stock
2020-07-08,NABIL,338.86,333.91,340.67,328.95,30143,stock
2020-07-09,NABIL,335.71,334.35,337.52,326.7,30119,stock
2020-07-12,NABIL,340.67,336.61,346.97,336.16,27529,stock
2020-07-13,NABIL,342.92,334.35,346.53,333.91,28339,stock
2020-07-14,NABIL,340.67,335.71,342.47,334.35,29973,stock
2020-07-15,NABIL,337.96,344.73,344.73,335.26,43439,stock
2020-07-16,NABIL,349.23,355.98,355.98,348.77,38787,stock
2020-07-19,NABIL,362.74,391.58,391.58,362.74,711,stock
2020-07-20,NABIL,410.96,396.09,430.34,367.71,118430,stock
2020-07-21,NABIL,398.79,389.78,399.25,386.17,69536,stock
2020-07-22,NABIL,387.53,381.22,394.29,381.22,51597,stock
2020-07-23,NABIL,381.22,383.02,384.83,374.46,55386,stock
2020-07-26,NABIL,387.53,387.98,392.04,384.37,58534,stock
2020-07-27,NABIL,392.04,388.43,397.44,387.53,101044,stock
2020-07-28,NABIL,392.94,384.83,392.94,384.83,51916,stock
2020-07-29,NABIL,385.28,380.77,385.28,378.52,45527,stock
2020-07-30,NABIL,379.42,383.48,384.83,378.52,41463,stock
2020-08-02,NABIL,378.52,369.51,383.02,369.51,63388,stock
2020-08-03,NABIL,364.54,371.31,373.11,364.1,42609,stock
2020-08-05,NABIL,371.31,371.31,371.31,365.0,47216,stock
2020-08-06,NABIL,387.08,366.8,387.08,360.94,21551,stock
2020-08-09,NABIL,367.25,366.35,367.25,360.5,36927,stock
2020-08-10,NABIL,371.75,374.92,378.52,365.0,47830,stock
2020-08-11,NABIL,381.67,374.01,381.67,371.75,29776,stock
2020-08-12,NABIL,380.32,376.72,380.32,369.95,23975,stock
2020-08-13,NABIL,395.19,371.75,395.19,369.51,36200,stock
2020-08-16,NABIL,376.27,370.4,376.27,365.0,29088,stock
2020-08-17,NABIL,370.4,370.4,371.31,367.25,16623,stock
2020-08-18,NABIL,375.36,374.01,378.52,371.31,20561,stock
2020-08-19,NABIL,367.25,370.4,371.75,366.8,17216,stock
2020-08-20,NABIL,365.9,368.15,370.4,365.9,10175,stock
2020-08-23,NABIL,371.31,371.31,371.31,366.8,14020,stock
2020-08-24,NABIL,375.36,374.01,376.27,371.75,22795,stock
2020-08-25,NABIL,378.07,374.01,378.52,370.86,23396,stock
2020-08-26,NABIL,378.07,378.96,383.02,374.01,44021,stock
2020-08-27,NABIL,378.96,380.77,385.28,378.96,23000,stock
2020-08-30,NABIL,380.77,378.07,383.02,376.27,11698,stock
2020-08-31,NABIL,378.52,378.07,381.22,374.92,49117,stock
2020-09-02,NABIL,378.07,386.63,390.23,378.07,68044,stock
2020-09-03,NABIL,387.98,387.53,389.34,382.57,54696,stock
2020-09-06,NABIL,406.91,385.28,406.91,384.83,56147,stock
2020-09-07,NABIL,388.88,382.57,388.88,379.42,19865,stock
2020-09-08,NABIL,386.63,381.22,386.63,378.52,21968,stock
2020-09-09,NABIL,381.22,380.32,381.22,378.07,36262,stock
2020-09-10,NABIL,382.57,380.77,391.14,380.32,26342,stock
2020-09-13,NABIL,385.28,382.57,385.28,380.77,32114,stock
2020-09-14,NABIL,385.28,385.73,392.04,383.93,32379,stock
2020-09-15,NABIL,378.07,385.73,389.34,384.37,28117,stock
2020-09-16,NABIL,386.63,384.37,386.63,383.02,15690,stock
2020-09-17,NABIL,384.37,387.08,389.78,383.48,30609,stock
2020-09-20,NABIL,394.74,396.54,403.3,392.04,72747,stock
2020-09-21,NABIL,401.95,397.9,401.95,394.74,61628,stock
2020-09-22,NABIL,400.14,392.94,401.05,392.04,51322,stock
2020-09-23,NABIL,390.23,393.84,395.19,390.23,30912,stock
2020-09-24,NABIL,390.23,394.29,395.19,390.23,23476,stock
2020-09-27,NABIL,396.54,393.84,397.9,392.04,23447,stock
2020-09-28,NABIL,398.79,392.49,398.79,391.14,17676,stock
2020-09-29,NABIL,394.29,389.34,394.29,388.43,20446,stock
2020-09-30,NABIL,389.34,387.08,394.29,386.17,22250,stock
2020-10-01,NABIL,387.53,390.69,391.58,387.53,30640,stock
2020-10-04,NABIL,401.05,396.54,403.3,394.29,52437,stock
2020-10-05,NABIL,398.79,394.74,400.6,392.94,22147,stock
2020-10-06,NABIL,395.64,395.19,398.79,392.94,16257,stock
2020-10-07,NABIL,396.54,392.94,397.44,391.14,26029,stock
2020-10-08,NABIL,396.54,391.58,397.44,390.23,27048,stock
2020-10-11,NABIL,391.14,390.23,392.04,389.34,24647,stock
2020-10-12,NABIL,387.53,389.34,389.78,387.53,19390,stock
2020-10-13,NABIL,389.78,389.34,389.78,387.98,15218,stock
2020-10-14,NABIL,389.34,387.53,389.78,387.08,29183,stock
2020-10-15,NABIL,368.15,387.53,392.94,368.15,25564,stock
2020-10-18,NABIL,387.53,387.08,393.84,387.08,18801,stock
2020-10-19,NABIL,387.53,388.88,391.14,387.53,11214,stock
2020-10-20,NABIL,389.78,391.14,392.94,388.43,11628,stock
2020-10-21,NABIL,392.04,396.54,398.34,392.04,30592,stock
2020-10-22,NABIL,401.05,398.79,402.4,396.54,46895,stock
2020-10-28,NABIL,403.3,406.91,406.91,401.95,59283,stock
2020-10-29,NABIL,427.18,406.46,427.18,404.65,51398,stock
2020-11-01,NABIL,406.46,402.85,406.46,401.05,40311,stock
2020-11-02,NABIL,401.5,399.25,404.2,398.34,29989,stock
2020-11-03,NABIL,404.2,400.14,404.2,398.34,15950,stock
2020-11-04,NABIL,398.79,400.14,401.05,398.34,20507,stock
2020-11-05,NABIL,401.05,396.54,401.05,394.29,34927,stock
2020-11-08,NABIL,396.54,392.04,396.54,389.34,72463,stock
2020-11-09,NABIL,390.23,388.43,392.94,386.63,90972,stock
2020-11-10,NABIL,392.04,396.09,401.05,389.78,29034,stock
2020-11-11,NABIL,403.75,397.9,403.75,392.94,41751,stock
2020-11-12,NABIL,401.05,399.7,401.5,397.9,30444,stock
2020-11-18,NABIL,401.05,406.0,407.81,400.14,61321,stock
2020-11-19,NABIL,408.26,407.81,429.44,405.55,94311,stock
2020-11-22,NABIL,414.56,434.84,443.86,414.56,223043,stock
2020-11-23,NABIL,437.1,440.71,447.92,436.65,75761,stock
2020-11-24,NABIL,450.61,438.0,450.61,432.59,58491,stock
2020-11-25,NABIL,442.05,461.88,463.23,438.0,232466,stock
2020-11-26,NABIL,473.14,509.19,514.15,473.14,343732,stock
2020-11-29,NABIL,518.21,533.98,540.74,514.15,283683,stock
2020-11-30,NABIL,560.56,522.26,560.56,518.21,196359,stock
2020-12-01,NABIL,518.21,504.24,524.96,502.44,177245,stock
2020-12-02,NABIL,504.69,506.95,516.86,493.88,202030,stock
2020-12-03,NABIL,498.38,513.7,538.94,498.38,159437,stock
2020-12-06,NABIL,506.04,485.76,515.95,485.76,161986,stock
2020-12-07,NABIL,482.15,503.79,516.86,476.3,164879,stock
2020-12-08,NABIL,513.7,506.49,523.61,502.44,113499,stock
2020-12-09,NABIL,506.95,496.13,511.45,493.42,77270,stock
2020-12-10,NABIL,502.44,504.69,507.84,492.97,86977,stock
2020-12-13,NABIL,479.46,522.26,524.96,479.46,110589,stock
2020-12-14,NABIL,528.13,552.91,562.36,522.72,273113,stock
2020-12-15,NABIL,545.25,558.76,582.65,541.64,161533,stock
2020-12-16,NABIL,558.76,562.36,565.07,540.74,149009,stock
2020-12-17,NABIL,563.27,556.51,565.53,553.35,101916,stock
2020-12-20,NABIL,558.76,542.99,561.47,529.47,323164,stock
2020-12-21,NABIL,531.73,554.71,556.96,522.72,263971,stock
2020-12-22,NABIL,582.19,610.14,610.14,582.19,48213,stock
2020-12-23,NABIL,630.86,670.96,670.96,630.86,187508,stock
2020-12-24,NABIL,698.45,642.13,698.45,632.21,425873,stock
2020-12-27,NABIL,642.13,623.65,653.39,622.3,289737,stock
2020-12-28,NABIL,621.85,621.4,628.61,612.84,176237,stock
2020-12-29,NABIL,621.85,624.56,630.86,621.85,381895,stock
2020-12-30,NABIL,649.7,662.33,666.55,630.45,240703,stock
2020-12-31,NABIL,667.75,661.73,679.77,661.73,126022,stock
2021-01-03,NABIL,661.73,676.76,679.77,649.7,152668,stock
2021-01-04,NABIL,682.78,668.35,683.38,662.94,91228,stock
2021-01-05,NABIL,668.35,659.93,672.56,658.72,90991,stock
2021-01-06,NABIL,659.93,659.33,664.14,653.31,76530,stock
2021-01-07,NABIL,626.84,656.32,668.95,626.84,77627,stock
2021-01-10,NABIL,658.72,677.37,682.18,658.72,182457,stock
2021-01-11,NABIL,711.06,676.76,711.06,673.76,67113,stock
2021-01-12,NABIL,650.3,685.79,691.81,650.3,78962,stock
2021-01-13,NABIL,679.77,680.98,690.0,679.77,48737,stock
2021-01-17,NABIL,685.79,678.57,685.79,671.96,54196,stock
2021-01-18,NABIL,709.85,678.57,709.85,670.76,79293,stock
2021-01-19,NABIL,709.85,671.96,709.85,668.95,65561,stock
2021-01-20,NABIL,705.04,663.54,705.04,661.73,85123,stock
2021-01-21,NABIL,661.73,667.15,667.75,658.72,108401,stock
2021-01-24,NABIL,673.76,670.76,685.19,667.15,128981,stock
2021-01-25,NABIL,670.76,707.45,724.9,667.75,287254,stock
2021-01-26,NABIL,715.87,702.63,718.28,700.83,133717,stock
2021-01-27,NABIL,677.37,711.06,713.46,677.37,97355,stock
2021-01-28,NABIL,711.06,688.8,711.06,679.17,138051,stock
2021-01-31,NABIL,654.51,667.75,688.8,654.51,106925,stock
2021-02-01,NABIL,640.68,673.76,692.41,640.68,60104,stock
2021-02-02,NABIL,679.77,679.17,685.79,673.76,78197,stock
2021-02-03,NABIL,691.81,673.76,697.82,667.75,100026,stock
2021-02-04,NABIL,691.81,671.36,691.81,668.35,82322,stock
2021-02-07,NABIL,671.36,670.16,676.76,668.35,121996,stock
2021-02-08,NABIL,679.77,700.83,709.85,670.76,281400,stock
2021-02-09,NABIL,665.94,699.63,720.08,665.94,132993,stock
2021-02-10,NABIL,697.82,707.45,715.27,693.01,130150,stock
2021-02-11,NABIL,709.85,729.71,751.97,703.84,317291,stock
2021-02-14,NABIL,739.94,734.52,747.16,721.89,168891,stock
2021-02-15,NABIL,739.94,794.68,798.89,739.94,524258,stock
2021-02-16,NABIL,800.09,821.15,833.78,796.48,388814,stock
2021-02-17,NABIL,862.05,836.78,862.05,812.12,295552,stock
2021-02-18,NABIL,842.2,822.35,845.21,816.94,188406,stock
2021-02-21,NABIL,863.26,815.13,863.26,803.1,180791,stock
2021-02-22,NABIL,818.14,793.47,818.14,793.47,182067,stock
2021-02-23,NABIL,782.04,803.1,808.52,773.62,285817,stock
2021-02-24,NABIL,812.12,812.12,827.17,800.09,143200,stock
2021-02-25,NABIL,818.14,795.28,828.37,790.47,163157,stock
2021-02-28,NABIL,795.28,779.64,797.08,774.22,176137,stock
2021-03-01,NABIL,757.37,790.47,791.07,757.37,102909,stock
2021-03-02,NABIL,794.08,766.4,795.88,751.97,133848,stock
2021-03-03,NABIL,756.77,748.36,763.99,737.53,152652,stock
2021-03-04,NABIL,762.79,782.04,790.47,757.98,155720,stock
2021-03-08,NABIL,782.04,773.02,785.05,764.59,67034,stock
2021-03-09,NABIL,782.04,767.0,782.04,760.38,81515,stock
2021-03-10,NABIL,804.91,754.97,804.91,753.17,69416,stock
2021-03-14,NABIL,751.97,730.91,751.97,724.9,169858,stock
2021-03-15,NABIL,726.7,724.9,737.53,715.87,163239,stock
2021-03-16,NABIL,688.8,726.1,736.93,688.8,115007,stock
2021-03-17,NABIL,730.91,733.32,736.33,721.89,96573,stock
2021-03-18,NABIL,769.41,747.76,769.41,730.91,91022,stock
2021-03-21,NABIL,751.97,757.98,766.4,751.97,110107,stock
2021-03-22,NABIL,764.59,748.36,779.03,744.75,93451,stock
2021-03-23,NABIL,748.96,742.34,748.96,739.34,55201,stock
2021-03-24,NABIL,751.97,745.35,756.17,739.94,53495,stock
2021-03-25,NABIL,749.56,738.13,754.97,734.52,55649,stock
2021-03-29,NABIL,738.13,741.14,747.76,738.13,51438,stock
2021-03-30,NABIL,741.14,743.55,745.95,739.94,97016,stock
2021-03-31,NABIL,745.35,778.43,785.05,744.75,187475,stock
2021-04-01,NABIL,778.43,771.81,792.87,770.01,107609,stock
2021-04-04,NABIL,810.32,791.67,810.32,777.83,183452,stock
2021-04-05,NABIL,791.07,791.07,801.3,783.85,117881,stock
2021-04-06,NABIL,790.47,788.66,796.48,782.04,103143,stock
2021-04-07,NABIL,788.06,792.27,802.5,788.06,98854,stock
2021-04-08,NABIL,797.08,800.09,805.51,791.67,134432,stock
2021-04-12,NABIL,803.7,810.92,818.14,794.08,182723,stock
2021-04-13,NABIL,770.61,830.17,830.78,770.61,209373,stock
2021-04-15,NABIL,871.68,824.16,871.68,812.12,168272,stock
2021-04-18,NABIL,824.16,803.1,824.16,800.09,173524,stock
2021-04-19,NABIL,809.12,792.87,809.12,788.06,142099,stock
2021-04-20,NABIL,792.87,791.07,808.52,785.05,120001,stock
2021-04-21,NABIL,830.17,778.43,830.17,776.03,109757,stock
2021-04-22,NABIL,779.03,780.84,786.25,770.01,125239,stock
2021-04-25,NABIL,818.74,763.99,818.74,754.97,165129,stock
2021-04-26,NABIL,751.97,742.95,770.61,739.94,156529,stock
2021-04-27,NABIL,740.54,769.41,770.01,740.54,107145,stock
2021-04-28,NABIL,751.37,760.38,782.04,751.37,84413,stock
2021-04-29,NABIL,761.59,763.99,767.0,756.17,75819,stock
2021-05-02,NABIL,779.03,767.0,779.03,760.98,93567,stock
2021-05-03,NABIL,782.04,772.42,784.45,767.0,117310,stock
2021-05-04,NABIL,781.44,766.4,781.44,764.59,80193,stock
2021-05-05,NABIL,776.03,761.59,776.03,760.98,67433,stock
2021-05-06,NABIL,765.8,760.98,765.8,757.98,60497,stock
2021-05-09,NABIL,760.98,757.37,766.4,751.97,94346,stock
2021-05-10,NABIL,760.38,757.98,765.8,754.97,67445,stock
2021-05-11,NABIL,755.57,760.98,766.4,755.57,95404,stock
2021-05-12,NABIL,760.98,759.18,767.0,757.37,94423,stock
2021-05-13,NABIL,763.99,762.19,763.99,757.98,76245,stock
2021-05-16,NABIL,760.98,774.82,782.04,760.98,165718,stock
2021-05-17,NABIL,781.44,786.86,794.08,781.44,103727,stock
2021-05-18,NABIL,825.96,786.86,825.96,784.45,73064,stock
2021-05-19,NABIL,825.96,783.25,825.96,776.03,103756,stock
2021-05-20,NABIL,806.11,782.04,806.11,771.21,65407,stock
2021-05-23,NABIL,767.0,789.26,789.86,767.0,107284,stock
2021-05-24,NABIL,828.37,794.08,828.37,788.06,127131,stock
2021-05-25,NABIL,773.62,785.65,799.49,773.62,85759,stock
2021-05-27,NABIL,782.04,778.43,783.25,771.21,108286,stock
2021-05-30,NABIL,778.43,782.04,791.67,778.43,90621,stock
2021-05-31,NABIL,782.04,773.02,789.26,771.21,123090,stock
2021-06-01,NABIL,773.02,777.23,779.03,760.98,110156,stock
2021-06-02,NABIL,815.73,777.83,815.73,760.98,60397,stock
2021-06-03,NABIL,754.97,787.46,794.68,754.97,175139,stock
2021-06-06,NABIL,826.56,800.09,826.56,794.08,193387,stock
2021-06-07,NABIL,812.12,791.67,812.12,786.86,148222,stock
2021-06-08,NABIL,786.25,791.07,794.68,786.25,120498,stock
2021-06-09,NABIL,830.17,788.06,830.17,775.42,148864,stock
2021-06-10,NABIL,797.69,784.45,797.69,781.44,132428,stock
2021-06-13,NABIL,785.05,784.45,789.26,782.04,142630,stock
2021-06-14,NABIL,784.45,787.46,800.09,782.64,176408,stock
2021-06-15,NABIL,826.56,789.26,826.56,779.03,110411,stock
2021-06-16,NABIL,789.26,786.86,806.11,783.85,94402,stock
2021-06-17,NABIL,786.86,787.46,791.07,782.04,92288,stock
2021-06-20,NABIL,789.26,780.24,789.26,776.03,117221,stock
2021-06-21,NABIL,782.04,773.02,784.45,772.42,129080,stock
2021-06-22,NABIL,773.02,780.84,782.04,770.01,106023,stock
2021-06-23,NABIL,819.34,776.63,819.34,774.82,94681,stock
2021-06-24,NABIL,782.04,773.62,782.04,770.01,80446,stock
2021-06-27,NABIL,751.97,780.84,785.65,751.97,81126,stock
2021-06-28,NABIL,802.5,783.25,802.5,780.24,66695,stock
2021-06-29,NABIL,788.06,779.64,788.06,779.03,62112,stock
2021-06-30,NABIL,741.14,779.64,791.07,741.14,69882,stock
2021-07-01,NABIL,779.64,780.24,785.05,777.83,41519,stock
2021-07-04,NABIL,782.04,780.84,785.05,779.64,47249,stock
2021-07-05,NABIL,818.14,780.24,818.14,779.03,46953,stock
2021-07-06,NABIL,758.58,782.64,783.85,758.58,68703,stock
2021-07-07,NABIL,787.46,781.44,787.46,780.24,66773,stock
2021-07-08,NABIL,812.12,792.27,812.12,780.24,90493,stock
2021-07-11,NABIL,792.27,809.12,813.93,792.27,192294,stock
2021-07-12,NABIL,842.2,804.91,842.2,796.48,162964,stock
2021-07-13,NABIL,767.0,810.32,815.13,767.0,136946,stock
2021-07-14,NABIL,812.12,811.52,816.94,800.09,101853,stock
2021-07-15,NABIL,812.12,817.54,818.74,811.52,87922,stock
2021-07-18,NABIL,822.95,866.26,866.26,822.95,272476,stock
2021-07-19,NABIL,883.11,872.88,898.15,872.28,226566,stock
2021-07-20,NABIL,890.33,874.69,896.35,860.25,113294,stock
2021-07-22,NABIL,874.69,877.69,880.1,871.68,147151,stock
2021-07-25,NABIL,895.14,902.06,902.36,884.31,171727,stock
2021-07-26,NABIL,902.36,897.55,911.38,890.33,196175,stock
2021-07-27,NABIL,879.62,895.74,902.36,862.05,211397,stock
2021-07-28,NABIL,902.36,891.53,902.36,890.33,84254,stock
2021-07-29,NABIL,891.53,888.52,896.35,887.38,80443,stock
2021-08-01,NABIL,898.75,890.33,898.75,882.2,75284,stock
2021-08-02,NABIL,890.33,894.54,899.35,890.02,59355,stock
2021-08-03,NABIL,902.36,896.35,902.36,893.34,58914,stock
2021-08-04,NABIL,902.36,895.68,902.36,895.14,63649,stock
2021-08-05,NABIL,896.35,895.14,901.76,891.59,54477,stock
2021-08-08,NABIL,895.74,898.75,904.17,895.14,88896,stock
2021-08-09,NABIL,901.76,898.75,901.76,896.35,51624,stock
2021-08-10,NABIL,899.96,909.58,915.59,896.35,131079,stock
2021-08-11,NABIL,914.39,910.78,926.42,909.7,76570,stock
2021-08-12,NABIL,910.78,913.78,920.4,895.56,61561,stock
2021-08-15,NABIL,914.39,905.37,917.39,887.32,247612,stock
2021-08-16,NABIL,923.41,906.81,938.45,901.76,201928,stock
2021-08-17,NABIL,913.18,899.35,913.18,895.74,216309,stock
2021-08-18,NABIL,902.36,899.35,905.37,893.34,119338,stock
2021-08-19,NABIL,902.36,896.35,902.96,893.34,106885,stock
2021-08-24,NABIL,901.76,888.52,901.76,888.52,108363,stock
2021-08-25,NABIL,889.73,877.69,889.73,871.08,120921,stock
2021-08-26,NABIL,878.3,872.28,890.38,866.86,159476,stock
2021-08-29,NABIL,860.25,862.05,883.71,850.02,183055,stock
2021-08-31,NABIL,862.05,853.63,862.05,843.4,126285,stock
2021-09-01,NABIL,863.26,854.23,869.87,847.01,124665,stock
2021-09-02,NABIL,854.54,853.03,866.26,850.62,105395,stock
2021-09-05,NABIL,854.23,834.98,854.23,825.36,177307,stock
2021-09-06,NABIL,836.18,867.47,869.27,830.17,134284,stock
2021-09-07,NABIL,875.29,860.18,884.31,853.63,79191,stock
2021-09-08,NABIL,860.18,851.22,860.25,844.6,59583,stock
2021-09-09,NABIL,848.21,848.21,854.23,848.21,70348,stock
2021-09-12,NABIL,851.22,866.26,870.47,848.21,75225,stock
2021-09-13,NABIL,883.58,875.29,891.53,866.26,210616,stock
2021-09-14,NABIL,886.12,874.08,886.12,869.27,46726,stock
2021-09-15,NABIL,884.31,869.27,884.31,866.26,37192,stock
2021-09-16,NABIL,860.25,856.94,866.26,847.01,108701,stock
2021-09-20,NABIL,861.45,837.99,866.26,830.17,132043,stock
2021-09-21,NABIL,837.99,835.58,851.22,809.12,148677,stock
2021-09-22,NABIL,851.22,856.88,857.24,842.2,79284,stock
2021-09-23,NABIL,866.93,865.06,875.29,860.25,136670,stock
2021-09-26,NABIL,872.28,860.85,881.3,858.44,116113,stock
2021-09-27,NABIL,863.26,851.22,863.26,844.0,47830,stock
2021-09-28,NABIL,851.22,839.19,851.22,830.17,86659,stock
2021-09-29,NABIL,854.23,847.01,854.23,829.57,58596,stock
2021-09-30,NABIL,850.02,846.41,853.63,842.8,47037,stock
2021-10-03,NABIL,860.18,839.19,860.18,837.99,55819,stock
2021-10-04,NABIL,837.38,840.39,846.41,824.16,60200,stock
2021-10-05,NABIL,848.21,848.21,848.21,838.59,44358,stock
2021-10-06,NABIL,848.21,869.21,874.08,848.21,57353,stock
2021-10-10,NABIL,879.86,886.72,902.36,879.86,77855,stock
2021-10-11,NABIL,904.17,872.28,904.17,866.2,118043,stock
2021-10-17,NABIL,889.73,891.53,906.57,881.3,56389,stock
2021-10-18,NABIL,891.53,883.11,891.53,871.08,67707,stock
2021-10-19,NABIL,869.27,860.85,872.28,854.29,77881,stock
2021-10-20,NABIL,878.05,878.3,889.73,860.25,65244,stock
2021-10-21,NABIL,878.3,884.91,890.33,870.47,65682,stock
2021-10-24,NABIL,885.52,884.85,889.73,879.5,54884,stock
2021-10-25,NABIL,902.54,900.56,902.54,884.49,78485,stock
2021-10-26,NABIL,905.67,943.87,949.28,901.16,225327,stock
2021-10-27,NABIL,943.87,966.13,974.55,937.85,270557,stock
2021-10-28,NABIL,968.53,961.31,973.95,959.51,141749,stock
2021-10-31,NABIL,962.52,950.48,980.5,946.27,176045,stock
2021-11-01,NABIL,950.48,974.55,974.55,933.04,215086,stock
2021-11-02,NABIL,992.59,967.33,992.59,958.91,131659,stock
2021-11-03,NABIL,986.64,994.39,1046.74,986.64,705430,stock
2021-11-08,NABIL,998.61,971.36,998.61,965.53,186984,stock
2021-11-09,NABIL,971.36,949.88,971.36,944.47,188332,stock
2021-11-11,NABIL,949.88,932.43,950.48,926.42,199932,stock
2021-11-14,NABIL,944.47,931.23,947.48,926.42,107590,stock
2021-11-15,NABIL,933.64,926.42,948.08,926.42,104146,stock
2021-11-16,NABIL,932.43,937.85,941.46,930.09,74044,stock
2021-11-17,NABIL,944.47,936.04,944.47,931.23,99187,stock
2021-11-18,NABIL,954.76,930.63,954.76,930.03,89460,stock
2021-11-21,NABIL,938.45,928.82,941.46,925.21,75509,stock
2021-11-22,NABIL,928.82,930.03,935.39,926.42,80745,stock
2021-11-23,NABIL,932.43,924.61,932.43,921.6,62286,stock
2021-11-24,NABIL,929.43,929.43,932.43,918.6,54975,stock
2021-11-25,NABIL,930.63,925.21,932.43,923.41,64950,stock
2021-11-28,NABIL,925.21,916.19,925.21,914.39,85621,stock
2021-11-29,NABIL,916.19,917.99,920.4,907.18,60022,stock
2021-11-30,NABIL,923.41,914.99,923.41,913.6,52965,stock
2021-12-01,NABIL,923.59,916.92,923.59,916.19,36610,stock
2021-12-02,NABIL,916.92,909.58,920.4,907.78,60311,stock
2021-12-05,NABIL,910.78,886.72,910.78,884.91,108142,stock
2021-12-06,NABIL,869.27,893.34,899.35,851.22,118177,stock
2021-12-07,NABIL,910.72,887.32,910.78,887.32,60813,stock
2021-12-08,NABIL,887.32,876.37,890.33,872.28,47379,stock
2021-12-09,NABIL,875.89,874.02,877.69,862.65,56323,stock
2021-12-12,NABIL,874.08,854.83,881.3,854.54,80982,stock
2021-12-13,NABIL,854.83,821.8,854.83,820.55,130695,stock
2021-12-14,NABIL,837.99,878.3,878.3,830.17,64277,stock
2021-12-15,NABIL,878.3,872.28,902.36,849.42,90423,stock
2021-12-16,NABIL,872.28,860.25,878.3,854.83,43538,stock
2021-12-20,NABIL,866.2,854.23,866.2,849.42,58668,stock
2021-12-21,NABIL,856.04,873.78,873.78,856.04,98889,stock
2021-12-22,NABIL,878.3,893.34,897.55,875.29,79765,stock
2021-12-23,NABIL,898.75,893.34,901.76,884.91,51892,stock
2021-12-26,NABIL,911.2,916.79,944.95,905.97,209837,stock
2021-12-27,NABIL,931.83,901.76,932.43,893.34,201767,stock
2021-12-28,NABIL,902.36,890.33,902.36,889.84,170269,stock
2021-12-29,NABIL,901.76,872.28,902.36,872.28,326139,stock
2022-01-02,NABIL,889.7,919.43,925.46,872.82,263845,stock
2022-01-03,NABIL,924.25,913.8,932.29,913.8,130041,stock
2022-01-04,NABIL,913.8,899.34,915.41,897.89,116739,stock
2022-01-05,NABIL,901.76,893.63,914.61,892.11,75462,stock
2022-01-06,NABIL,892.91,895.32,902.56,883.75,67780,stock
2022-01-09,NABIL,900.15,894.52,907.38,892.11,126780,stock
2022-01-10,NABIL,894.52,893.16,900.06,888.98,120640,stock
2022-01-11,NABIL,893.72,895.97,897.74,888.49,102845,stock
2022-01-12,NABIL,900.15,889.7,900.15,889.7,105760,stock
2022-01-13,NABIL,892.11,892.11,893.72,887.29,92618,stock
2022-01-16,NABIL,900.15,916.22,921.84,892.11,176667,stock
2022-01-17,NABIL,933.9,947.48,947.57,916.22,113189,stock
2022-01-18,NABIL,948.37,956.4,971.67,948.37,116223,stock
2022-01-19,NABIL,974.89,945.96,974.89,940.41,73385,stock
2022-01-20,NABIL,949.98,946.76,949.98,932.29,47782,stock
2022-01-23,NABIL,946.76,933.1,946.76,928.27,79765,stock
2022-01-24,NABIL,936.31,905.77,936.31,904.17,96165,stock
2022-01-25,NABIL,912.2,907.46,920.23,892.11,52041,stock
2022-01-26,NABIL,907.38,900.95,912.12,896.13,61217,stock
2022-01-27,NABIL,900.95,897.74,908.18,896.13,56308,stock
2022-01-30,NABIL,915.41,912.2,915.41,905.85,59027,stock
2022-01-31,NABIL,923.45,905.77,923.45,904.17,38126,stock
2022-02-01,NABIL,908.1,901.03,908.1,899.58,54175,stock
2022-02-03,NABIL,917.42,901.76,919.03,900.95,61153,stock
2022-02-06,NABIL,908.18,891.3,908.18,890.9,71516,stock
2022-02-07,NABIL,893.72,891.3,893.72,888.89,68960,stock
2022-02-08,NABIL,906.58,889.7,907.38,888.89,51383,stock
2022-02-09,NABIL,892.11,884.79,892.11,882.46,59639,stock
2022-02-10,NABIL,884.87,881.74,884.87,880.05,62380,stock
2022-02-13,NABIL,880.05,859.96,880.05,859.16,87909,stock
2022-02-14,NABIL,859.96,855.14,867.19,855.14,68303,stock
2022-02-15,NABIL,872.01,863.98,872.01,856.82,53230,stock
2022-02-16,NABIL,880.85,867.99,880.85,860.2,46381,stock
2022-02-17,NABIL,868.8,867.19,879.25,859.96,34444,stock
2022-02-20,NABIL,859.96,853.53,863.98,839.87,61489,stock
2022-02-21,NABIL,859.96,857.55,862.38,854.34,39297,stock
2022-02-22,NABIL,867.99,860.37,867.99,859.16,41743,stock
2022-02-23,NABIL,871.21,857.95,872.01,855.94,29641,stock
2022-02-24,NABIL,855.94,844.69,857.55,842.28,72385,stock
2022-02-27,NABIL,844.69,836.65,844.69,835.85,43253,stock
2022-02-28,NABIL,843.89,835.85,851.12,833.44,45316,stock
2022-03-02,NABIL,835.85,808.53,842.28,803.7,74636,stock
2022-03-06,NABIL,792.37,806.03,819.78,792.37,64365,stock
2022-03-07,NABIL,811.74,813.26,813.35,803.7,47036,stock
2022-03-09,NABIL,813.26,810.05,819.78,808.53,35691,stock
2022-03-10,NABIL,794.62,818.17,818.17,794.62,31958,stock
2022-03-13,NABIL,832.63,867.19,867.99,831.02,57510,stock
2022-03-14,NABIL,884.07,877.64,884.47,868.8,23711,stock
2022-03-15,NABIL,884.07,867.19,884.07,863.98,44505,stock
2022-03-16,NABIL,867.19,855.14,875.23,851.92,25272,stock
2022-03-20,NABIL,867.99,851.92,867.99,848.15,28034,stock
2022-03-21,NABIL,863.98,845.49,863.98,840.67,32178,stock
2022-03-22,NABIL,851.92,843.89,855.94,842.36,35572,stock
2022-03-23,NABIL,851.92,841.47,851.92,838.26,29498,stock
2022-03-24,NABIL,849.51,835.85,849.51,832.63,34482,stock
2022-03-27,NABIL,847.91,819.78,847.91,817.37,37321,stock
2022-03-28,NABIL,827.0,817.37,827.0,811.74,36394,stock
2022-03-29,NABIL,803.78,810.94,827.81,803.78,53395,stock
2022-03-30,NABIL,799.68,808.53,808.53,798.07,101034,stock
2022-03-31,NABIL,815.76,805.31,819.7,803.7,62677,stock
2022-04-03,NABIL,811.82,801.29,811.82,799.68,42507,stock
2022-04-04,NABIL,803.7,801.29,805.31,799.68,56895,stock
2022-04-05,NABIL,803.7,790.84,803.7,789.23,87147,stock
2022-04-06,NABIL,789.23,775.57,795.66,773.97,69199,stock
2022-04-07,NABIL,775.65,778.78,784.41,774.77,76197,stock
2022-04-11,NABIL,787.62,780.39,799.68,779.59,70697,stock
2022-04-12,NABIL,795.66,771.56,795.66,770.02,45151,stock
2022-04-13,NABIL,779.59,780.39,781.19,765.93,35450,stock
2022-04-17,NABIL,787.62,780.39,795.66,779.59,35787,stock
2022-04-18,NABIL,781.19,768.34,785.21,767.54,51642,stock
2022-04-19,NABIL,763.52,762.71,772.36,751.46,66610,stock
2022-04-20,NABIL,762.71,755.48,763.52,752.26,37902,stock
2022-04-21,NABIL,759.5,751.46,762.71,737.96,55028,stock
2022-04-24,NABIL,756.28,764.72,764.72,747.44,47975,stock
2022-04-25,NABIL,775.57,756.2,787.62,752.26,54841,stock
2022-04-26,NABIL,756.2,753.79,761.11,752.26,27496,stock
2022-04-27,NABIL,754.68,751.38,759.17,746.8,34974,stock
2022-04-28,NABIL,750.66,745.83,761.11,745.03,43224,stock
2022-05-02,NABIL,753.47,739.4,753.47,736.59,39086,stock
2022-05-04,NABIL,739.4,730.57,743.42,722.53,37775,stock
2022-05-05,NABIL,731.37,724.86,735.38,723.33,50023,stock
2022-05-08,NABIL,723.33,714.49,731.37,707.26,46835,stock
2022-05-09,NABIL,714.49,720.52,728.96,714.49,40948,stock
2022-05-10,NABIL,732.97,731.13,732.97,720.92,40752,stock
2022-05-11,NABIL,735.38,749.85,753.87,735.38,37027,stock
2022-05-12,NABIL,763.27,747.44,764.32,747.44,54739,stock
2022-05-17,NABIL,747.44,731.37,751.46,729.76,26873,stock
2022-05-18,NABIL,735.38,734.58,737.79,727.59,24747,stock
2022-05-19,NABIL,746.64,729.76,746.64,720.12,29333,stock
2022-05-20,NABIL,724.14,728.16,735.38,723.33,25594,stock
2022-05-23,NABIL,728.16,722.53,756.28,721.73,45910,stock
2022-05-24,NABIL,722.53,721.0,727.35,720.92,33616,stock
2022-05-25,NABIL,735.38,723.33,735.38,721.73,38263,stock
2022-05-26,NABIL,737.79,722.2,737.79,720.92,39717,stock
2022-05-27,NABIL,723.33,721.73,723.33,720.12,39790,stock
2022-05-30,NABIL,723.33,715.29,724.14,708.06,44382,stock
2022-05-31,NABIL,715.29,703.24,715.29,695.2,45502,stock
2022-06-01,NABIL,704.04,696.81,709.67,696.0,32984,stock
2022-06-02,NABIL,710.39,692.71,710.39,689.57,36911,stock
2022-06-03,NABIL,687.16,679.13,700.75,677.52,43168,stock
2022-06-06,NABIL,679.13,679.93,691.58,673.42,41330,stock
2022-06-07,NABIL,683.15,668.28,685.56,667.07,34581,stock
2022-06-08,NABIL,665.55,677.52,687.16,665.46,43083,stock
2022-06-09,NABIL,687.16,680.25,694.39,679.93,45493,stock
2022-06-10,NABIL,683.15,681.62,687.16,675.11,26409,stock
2022-06-13,NABIL,683.15,679.93,683.15,678.96,27758,stock
2022-06-14,NABIL,679.93,673.9,679.93,670.29,38169,stock
2022-06-15,NABIL,673.5,663.05,673.5,650.99,33494,stock
2022-06-16,NABIL,659.84,663.05,669.48,655.01,30303,stock
2022-06-17,NABIL,671.09,656.62,671.09,656.62,16582,stock
2022-06-19,NABIL,656.62,655.82,659.44,654.21,49808,stock
2022-06-20,NABIL,654.21,638.86,654.21,637.34,51029,stock
2022-06-21,NABIL,638.95,636.53,642.16,629.3,54464,stock
2022-06-22,NABIL,642.16,628.5,642.88,625.28,43206,stock
2022-06-23,NABIL,622.87,601.97,624.48,601.16,73119,stock
2022-06-24,NABIL,601.97,594.74,602.77,583.49,32412,stock
2022-06-26,NABIL,606.63,622.87,626.89,602.77,88020,stock
2022-06-27,NABIL,634.93,626.89,650.99,622.87,89874,stock
2022-06-28,NABIL,638.14,625.28,638.14,614.83,35763,stock
2022-06-29,NABIL,626.89,638.95,642.16,618.85,28748,stock
2022-06-30,NABIL,642.96,671.09,671.09,642.96,46615,stock
2022-07-01,NABIL,683.15,687.96,696.0,669.48,42203,stock
2022-07-03,NABIL,687.96,714.49,715.29,687.96,71068,stock
2022-07-04,NABIL,723.33,719.31,736.19,718.35,114314,stock
2022-07-05,NABIL,719.31,700.82,723.33,691.26,50999,stock
2022-07-06,NABIL,711.28,694.39,714.49,672.7,58061,stock
2022-07-07,NABIL,694.39,679.13,712.08,678.33,51271,stock
2022-07-08,NABIL,679.13,663.86,680.74,663.45,30318,stock
2022-07-11,NABIL,667.88,636.53,667.88,636.53,69864,stock
2022-07-12,NABIL,639.75,640.47,646.9,632.52,42720,stock
2022-07-13,NABIL,642.96,651.8,652.6,641.36,59513,stock
2022-07-14,NABIL,663.86,656.62,676.07,649.79,54640,stock
2022-07-15,NABIL,666.99,662.25,666.99,656.62,22065,stock
2022-07-17,NABIL,665.46,667.07,671.09,659.84,28983,stock
2022-07-18,NABIL,668.68,668.68,672.7,663.05,29302,stock
2022-07-19,NABIL,679.05,673.5,679.13,668.68,48099,stock
2022-07-20,NABIL,680.9,679.13,683.15,671.9,32488,stock
2022-07-21,NABIL,680.74,687.16,691.02,675.91,36824,stock
2022-07-22,NABIL,687.16,675.03,687.16,671.9,26240,stock
2022-07-24,NABIL,685.56,691.18,696.0,681.54,41717,stock
2022-07-25,NABIL,699.95,711.28,714.33,699.22,53131,stock
2022-07-26,NABIL,719.31,696.0,719.31,695.6,49899,stock
2022-07-27,NABIL,696.0,696.0,699.22,685.56,43850,stock
2022-07-28,NABIL,707.26,696.0,707.26,695.2,43396,stock
2022-07-29,NABIL,696.0,699.14,707.26,695.2,17497,stock
2022-07-31,NABIL,706.45,708.06,708.86,700.02,52796,stock
2022-08-01,NABIL,719.23,708.78,721.32,707.26,47675,stock
2022-08-02,NABIL,708.06,704.84,710.47,699.22,27948,stock
2022-08-03,NABIL,707.26,692.79,709.67,690.46,93835,stock
2022-08-04,NABIL,706.61,683.15,706.61,683.15,37325,stock
2022-08-05,NABIL,683.15,658.79,683.15,656.62,171702,stock
2022-08-07,NABIL,658.79,656.62,665.46,644.56,156363,stock
2022-08-08,NABIL,659.03,645.37,659.84,642.96,134201,stock
2022-08-09,NABIL,649.39,633.39,649.39,632.67,130944,stock
2022-08-10,NABIL,632.52,634.93,639.75,627.69,82028,stock
2022-08-11,NABIL,642.96,637.34,646.17,634.93,56771,stock
2022-08-14,NABIL,642.96,634.12,642.96,632.52,56155,stock
2022-08-15,NABIL,637.34,642.48,642.48,634.12,52346,stock
2022-08-16,NABIL,648.51,642.16,649.39,641.36,49399,stock
2022-08-17,NABIL,642.16,638.54,643.76,637.34,53622,stock
2022-08-18,NABIL,642.96,644.56,646.97,638.95,51320,stock
2022-08-21,NABIL,644.56,643.76,655.01,642.96,44730,stock
2022-08-22,NABIL,646.97,642.16,647.78,638.95,46726,stock
2022-08-23,NABIL,642.96,644.49,645.37,640.55,29742,stock
2022-08-24,NABIL,647.78,644.56,650.99,642.96,38238,stock
2022-08-25,NABIL,649.39,642.96,650.92,642.16,40361,stock
2022-08-26,NABIL,642.96,639.67,644.56,638.95,19821,stock
2022-08-28,NABIL,638.95,637.74,642.88,634.93,55498,stock
2022-08-29,NABIL,637.34,634.93,641.36,628.5,35660,stock
2022-08-30,NABIL,634.12,634.52,638.95,629.3,56298,stock
2022-08-31,NABIL,634.93,631.71,641.36,631.31,35820,stock
2022-09-01,NABIL,634.93,630.1,635.73,627.69,42923,stock
2022-09-02,NABIL,631.71,630.82,634.93,627.69,55803,stock
2022-09-04,NABIL,629.3,626.8,634.84,624.48,80710,stock
2022-09-05,NABIL,630.91,623.76,630.91,622.87,58697,stock
2022-09-06,NABIL,630.1,617.24,630.1,617.24,73282,stock
2022-09-07,NABIL,616.44,613.38,619.65,613.22,33333,stock
2022-09-08,NABIL,614.03,610.81,614.83,609.2,44066,stock
2022-09-11,NABIL,610.81,610.01,616.44,606.79,41713,stock
2022-09-12,NABIL,606.79,606.79,611.61,601.41,54259,stock
2022-09-13,NABIL,614.83,618.85,620.46,603.58,77706,stock
2022-09-14,NABIL,622.87,642.16,644.56,622.06,82172,stock
2022-09-15,NABIL,652.6,627.69,653.25,626.08,58510,stock
2022-09-16,NABIL,617.24,620.46,626.8,611.61,38993,stock
2022-09-18,NABIL,626.89,614.03,626.89,612.98,44695,stock
2022-09-20,NABIL,614.83,602.37,618.05,602.14,62804,stock
2022-09-21,NABIL,604.38,612.5,617.4,602.77,44522,stock
2022-09-22,NABIL,614.83,610.01,618.85,606.79,33966,stock
2022-09-25,NABIL,610.01,605.11,610.01,599.56,57127,stock
2022-09-27,NABIL,602.77,618.85,623.67,602.77,34179,stock
2022-09-28,NABIL,624.48,616.44,624.48,616.44,34948,stock
2022-09-29,NABIL,624.48,626.89,626.89,618.05,37569,stock
2022-10-09,NABIL,628.25,648.58,649.39,628.25,44112,stock
2022-10-10,NABIL,661.53,640.55,661.53,637.97,59995,stock
2022-10-11,NABIL,642.96,636.53,642.96,633.32,39129,stock
2022-10-12,NABIL,640.55,638.14,640.55,632.67,30352,stock
2022-10-13,NABIL,638.14,639.75,646.17,634.93,42798,stock
2022-10-16,NABIL,639.75,638.14,641.36,634.93,33880,stock
2022-10-17,NABIL,638.95,638.14,642.56,637.34,35066,stock
2022-10-19,NABIL,638.95,641.76,642.96,634.93,30433,stock
2022-10-20,NABIL,642.96,640.15,643.76,635.73,29921,stock
2022-10-23,NABIL,642.96,649.39,650.92,640.15,42040,stock
2022-10-31,NABIL,650.99,655.82,658.23,650.19,46691,stock
2022-11-01,NABIL,657.43,671.09,674.78,653.41,71557,stock
2022-11-02,NABIL,671.09,667.07,678.33,663.05,67918,stock
2022-11-03,NABIL,667.07,662.25,671.09,659.19,35595,stock
2022-11-06,NABIL,667.07,667.96,670.29,659.12,46206,stock
2022-11-07,NABIL,676.32,670.29,676.72,668.68,37460,stock
2022-11-08,NABIL,664.66,669.48,671.09,664.66,20635,stock
2022-11-09,NABIL,670.29,661.85,696.4,661.13,46477,stock
2022-11-10,NABIL,672.7,655.01,672.7,654.21,33090,stock
2022-11-13,NABIL,655.82,651.8,660.64,650.99,29230,stock
2022-11-14,NABIL,655.01,654.21,655.01,645.37,29743,stock
2022-11-15,NABIL,664.66,657.35,664.66,654.21,25680,stock
2022-11-16,NABIL,659.84,658.63,659.84,654.21,20391,stock
2022-11-17,NABIL,659.84,664.9,666.27,659.84,28777,stock
2022-11-22,NABIL,665.46,666.27,675.11,664.98,26547,stock
2022-11-23,NABIL,667.07,662.73,671.09,660.73,22341,stock
2022-11-24,NABIL,667.07,667.88,668.68,659.03,32640,stock
2022-11-27,NABIL,668.68,704.04,704.04,668.68,139753,stock
2022-11-28,NABIL,715.29,702.43,715.29,699.22,82399,stock
2022-11-29,NABIL,704.04,704.84,707.26,696.56,49511,stock
2022-11-30,NABIL,705.65,708.86,710.07,699.3,47288,stock
2022-12-01,NABIL,695.2,733.77,735.38,695.2,159865,stock
2022-12-04,NABIL,741.01,708.86,747.44,706.7,221592,stock
2022-12-05,NABIL,696.0,709.67,719.31,696.0,95864,stock
2022-12-06,NABIL,723.81,713.69,723.81,703.32,54482,stock
2022-12-07,NABIL,710.47,708.06,715.29,706.45,51341,stock
2022-12-11,NABIL,707.26,679.93,707.26,677.36,87795,stock
2022-12-12,NABIL,679.93,655.01,679.93,644.33,261519,stock
2022-12-13,NABIL,655.82,648.67,656.55,646.74,88690,stock
2022-12-14,NABIL,648.58,649.39,657.43,648.58,52009,stock
2022-12-15,NABIL,655.01,646.17,655.01,645.77,58542,stock
2022-12-18,NABIL,650.99,638.14,650.99,637.34,67787,stock
2022-12-19,NABIL,638.95,640.55,642.96,638.14,40026,stock
2022-12-20,NABIL,642.96,642.96,648.58,640.55,42079,stock
2022-12-21,NABIL,655.82,648.58,655.82,642.96,48877,stock
2022-12-22,NABIL,650.19,650.99,651.8,643.04,66052,stock
2022-12-26,NABIL,651.8,673.5,675.11,651.8,110057,stock
2022-12-27,NABIL,680.74,676.72,691.18,670.29,133855,stock
2022-12-28,NABIL,679.13,671.01,680.74,663.94,105429,stock
2022-12-29,NABIL,675.11,677.52,678.33,671.17,110579,stock
2023-01-01,NABIL,690.37,686.76,695.2,683.15,263159,stock
2023-01-02,NABIL,700.48,703.81,715.24,690.48,227630,stock
2023-01-03,NABIL,707.62,700.96,714.29,700.0,107994,stock
2023-01-04,NABIL,714.29,701.81,714.29,695.24,89872,stock
2023-01-05,NABIL,708.57,692.38,709.53,692.38,132642,stock
2023-01-08,NABIL,703.72,684.86,703.81,684.29,146327,stock
2023-01-09,NABIL,698.48,684.76,698.48,678.1,167381,stock
2023-01-10,NABIL,685.72,684.96,700.0,683.81,182296,stock
2023-01-12,NABIL,698.57,680.0,698.57,679.72,101205,stock
2023-01-17,NABIL,689.53,677.15,690.48,675.24,88101,stock
2023-01-18,NABIL,678.1,670.38,683.81,669.53,94709,stock
2023-01-19,NABIL,671.43,670.0,676.19,667.62,93648,stock
2023-01-23,NABIL,683.34,677.05,694.29,676.19,114807,stock
2023-01-24,NABIL,677.15,679.05,680.96,675.24,67781,stock
2023-01-25,NABIL,682.86,675.34,684.76,675.24,63311,stock
2023-01-26,NABIL,680.0,672.0,680.48,671.72,57638,stock
2023-01-29,NABIL,673.34,669.05,675.24,667.72,57268,stock
2023-01-30,NABIL,655.72,664.76,672.38,655.72,71228,stock
2023-01-31,NABIL,666.67,657.53,666.67,655.24,67697,stock
2023-02-01,NABIL,661.91,657.15,661.91,653.34,57940,stock
2023-02-02,NABIL,659.05,655.24,661.43,652.48,54429,stock
2023-02-05,NABIL,657.15,648.57,664.76,645.72,84062,stock
2023-02-06,NABIL,649.53,645.05,655.24,642.86,54726,stock
2023-02-07,NABIL,645.05,658.96,659.05,645.05,69751,stock
2023-02-08,NABIL,671.43,655.24,672.1,652.38,75546,stock
2023-02-09,NABIL,657.15,660.0,664.76,643.81,83791,stock
2023-02-12,NABIL,656.19,650.48,657.15,647.62,53279,stock
2023-02-14,NABIL,650.48,642.86,650.48,641.91,59511,stock
2023-02-15,NABIL,642.86,642.38,655.72,638.19,39631,stock
2023-02-16,NABIL,642.86,638.29,643.81,637.15,57195,stock
2023-02-20,NABIL,638.29,630.96,638.29,629.53,53643,stock
2023-02-22,NABIL,642.67,646.57,656.67,632.57,57464,stock
2023-02-23,NABIL,645.72,637.15,646.67,633.34,47679,stock
2023-02-26,NABIL,636.19,631.91,638.1,620.96,57017,stock
2023-02-27,NABIL,640.0,629.53,642.96,626.67,41206,stock
2023-02-28,NABIL,633.34,625.72,637.15,624.86,31890,stock
2023-03-01,NABIL,625.72,623.81,628.57,622.86,35796,stock
2023-03-02,NABIL,620.96,618.19,621.91,617.15,59279,stock
2023-03-05,NABIL,619.05,606.96,619.05,604.76,54153,stock
2023-03-07,NABIL,609.53,608.57,611.43,606.67,41137,stock
2023-03-09,NABIL,610.48,616.19,618.0,610.48,55564,stock
2023-03-12,NABIL,619.05,606.57,621.91,604.76,51762,stock
2023-03-13,NABIL,594.48,599.91,604.76,594.48,55971,stock
2023-03-14,NABIL,603.81,595.24,603.81,593.34,55015,stock
2023-03-15,NABIL,595.24,588.57,598.1,588.57,69209,stock
2023-03-16,NABIL,593.34,583.81,593.34,576.19,65028,stock
2023-03-19,NABIL,595.24,577.15,595.24,576.19,50724,stock
2023-03-20,NABIL,578.1,583.81,584.48,577.62,51889,stock
2023-03-22,NABIL,585.72,583.81,590.38,580.95,59448,stock
2023-03-23,NABIL,580.95,576.19,582.86,574.29,63514,stock
2023-03-26,NABIL,576.67,567.62,576.67,567.62,58085,stock
2023-03-27,NABIL,567.62,575.24,576.19,560.1,68181,stock
2023-03-28,NABIL,578.1,577.62,583.34,573.34,48081,stock
2023-03-29,NABIL,580.95,580.0,580.95,570.48,31811,stock
2023-03-30,NABIL,582.86,574.29,582.86,572.0,33868,stock
2023-04-02,NABIL,574.29,569.34,580.95,566.67,39669,stock
2023-04-03,NABIL,571.43,561.81,571.43,559.05,61504,stock
2023-04-04,NABIL,566.67,560.95,566.67,558.19,41355,stock
2023-04-05,NABIL,566.67,561.91,566.67,560.0,39978,stock
2023-04-06,NABIL,566.67,564.0,571.43,560.0,49701,stock
2023-04-09,NABIL,561.91,552.38,561.91,550.57,99562,stock
2023-04-10,NABIL,552.38,554.38,560.0,549.53,46442,stock
2023-04-11,NABIL,565.43,563.81,565.43,554.38,39186,stock
2023-04-12,NABIL,575.05,599.05,600.86,569.53,86971,stock
2023-04-13,NABIL,610.96,589.43,613.15,580.95,72785,stock
2023-04-16,NABIL,589.43,587.62,600.0,583.81,25772,stock
2023-04-17,NABIL,587.62,586.67,595.24,585.72,28045,stock
2023-04-18,NABIL,575.24,586.67,590.48,575.24,32979,stock
2023-04-19,NABIL,574.95,590.48,597.15,574.95,59588,stock
2023-04-20,NABIL,579.05,590.48,601.91,579.05,41287,stock
2023-04-23,NABIL,590.48,580.0,591.43,578.76,34734,stock
2023-04-24,NABIL,580.95,576.19,582.86,574.29,35512,stock
2023-04-25,NABIL,577.15,576.67,578.1,571.43,44615,stock
2023-04-26,NABIL,578.57,575.24,580.95,574.76,40984,stock
2023-04-27,NABIL,573.34,571.43,576.67,569.53,54508,stock
2023-04-30,NABIL,576.19,568.57,576.19,564.76,54304,stock
2023-05-02,NABIL,557.24,570.95,579.05,557.24,30177,stock
2023-05-03,NABIL,571.43,570.0,571.43,566.67,22982,stock
2023-05-04,NABIL,571.43,570.38,571.43,566.67,32806,stock
2023-05-07,NABIL,571.43,566.67,571.43,564.86,28270,stock
2023-05-08,NABIL,566.67,564.76,566.67,562.86,27670,stock
2023-05-09,NABIL,554.1,566.67,582.86,554.1,34345,stock
2023-05-10,NABIL,571.43,561.91,571.43,560.95,59646,stock
2023-05-11,NABIL,561.91,561.91,565.72,560.95,26707,stock
2023-05-14,NABIL,561.91,557.05,572.38,555.72,52485,stock
2023-05-15,NABIL,556.19,556.0,566.67,555.34,34630,stock
2023-05-16,NABIL,563.81,556.19,563.81,554.29,37052,stock
2023-05-17,NABIL,561.91,561.91,565.72,558.1,28470,stock
2023-05-18,NABIL,561.91,561.91,571.43,561.91,50008,stock
2023-05-21,NABIL,572.38,566.76,581.91,566.67,45034,stock
2023-05-22,NABIL,571.43,570.48,572.38,563.81,27093,stock
2023-05-23,NABIL,576.19,576.67,578.1,569.53,41814,stock
2023-05-24,NABIL,576.19,577.15,584.67,574.29,39756,stock
2023-05-28,NABIL,580.95,572.38,585.72,571.43,69792,stock
2023-05-30,NABIL,571.43,559.34,573.34,556.19,76105,stock
2023-05-31,NABIL,557.15,553.81,563.81,548.19,57976,stock
2023-06-01,NABIL,556.19,559.81,561.91,552.38,38294,stock
2023-06-04,NABIL,559.81,567.05,578.0,559.81,34455,stock
2023-06-05,NABIL,571.34,562.86,577.15,562.86,28519,stock
2023-06-06,NABIL,562.0,563.53,570.48,561.91,29785,stock
2023-06-07,NABIL,563.53,563.15,570.48,562.86,33681,stock
2023-06-08,NABIL,561.91,562.76,566.67,559.05,36616,stock
2023-06-11,NABIL,557.15,565.72,568.29,557.15,52568,stock
2023-06-12,NABIL,571.43,568.57,573.34,566.67,39241,stock
2023-06-13,NABIL,571.34,568.57,572.38,566.67,67044,stock
2023-06-14,NABIL,574.29,570.48,575.24,568.57,117524,stock
2023-06-15,NABIL,580.95,569.53,580.95,567.62,39563,stock
2023-06-18,NABIL,571.43,567.62,572.38,566.76,77802,stock
2023-06-19,NABIL,569.53,565.72,576.38,564.86,69002,stock
2023-06-20,NABIL,570.48,566.95,574.29,566.67,77314,stock
2023-06-21,NABIL,571.43,562.0,571.43,561.05,74080,stock
2023-06-22,NABIL,566.67,560.48,568.57,557.53,57079,stock
2023-06-25,NABIL,565.72,559.05,565.72,553.81,123731,stock
2023-06-26,NABIL,564.76,558.1,564.76,557.34,125517,stock
2023-06-27,NABIL,564.76,579.91,580.86,559.05,184325,stock
2023-06-28,NABIL,590.48,577.15,602.86,576.19,151880,stock
2023-07-02,NABIL,585.72,565.72,585.72,562.86,111991,stock
2023-07-03,NABIL,565.72,557.05,565.72,556.19,111999,stock
2023-07-04,NABIL,557.24,558.1,561.91,556.19,69678,stock
2023-07-05,NABIL,546.95,554.86,568.67,546.95,70629,stock
2023-07-06,NABIL,556.19,554.38,565.72,552.38,61889,stock
2023-07-09,NABIL,561.91,555.24,565.34,554.29,79385,stock
2023-07-10,NABIL,564.76,555.24,564.76,553.34,88478,stock
2023-07-11,NABIL,556.19,555.24,559.05,552.38,88236,stock
2023-07-12,NABIL,557.15,558.1,561.81,557.15,51194,stock
2023-07-13,NABIL,546.95,561.91,569.43,546.95,66352,stock
2023-07-16,NABIL,566.67,570.67,577.05,561.91,73028,stock
2023-07-17,NABIL,578.1,581.91,582.86,569.53,73868,stock
2023-07-18,NABIL,591.34,583.81,592.0,580.95,76424,stock
2023-07-19,NABIL,589.53,587.43,589.53,582.86,76090,stock
2023-07-20,NABIL,590.48,594.29,598.96,590.48,124603,stock
2023-07-23,NABIL,600.0,618.1,618.67,595.43,147953,stock
2023-07-24,NABIL,619.05,608.57,621.91,605.72,172938,stock
2023-07-25,NABIL,609.53,593.91,609.53,591.43,103484,stock
2023-07-26,NABIL,599.05,593.81,599.53,588.57,56916,stock
2023-07-27,NABIL,595.24,588.57,598.1,586.67,80901,stock
2023-07-30,NABIL,593.34,586.67,594.19,584.76,79973,stock
2023-07-31,NABIL,576.19,585.72,593.34,576.19,55627,stock
2023-08-01,NABIL,590.48,582.0,591.43,581.91,41626,stock
2023-08-02,NABIL,590.38,583.81,590.48,580.0,36975,stock
2023-08-03,NABIL,588.57,583.81,591.43,582.86,44414,stock
2023-08-06,NABIL,595.43,582.86,607.34,578.1,113739,stock
2023-08-07,NABIL,582.86,580.95,585.62,573.34,78727,stock
2023-08-08,NABIL,580.95,571.43,584.76,571.43,58044,stock
2023-08-09,NABIL,575.24,574.29,575.24,565.72,58335,stock
2023-08-10,NABIL,575.24,577.62,578.38,573.34,47833,stock
2023-08-13,NABIL,579.05,574.76,580.95,571.43,60137,stock
2023-08-14,NABIL,563.34,574.1,576.19,563.34,43883,stock
2023-08-15,NABIL,572.38,570.48,572.38,568.19,65912,stock
2023-08-16,NABIL,570.48,563.81,571.43,561.91,53322,stock
2023-08-17,NABIL,573.81,564.76,574.0,563.81,32425,stock
2023-08-20,NABIL,566.67,563.72,568.57,560.0,58801,stock
2023-08-21,NABIL,561.91,563.34,570.38,557.15,40222,stock
2023-08-22,NABIL,563.81,565.72,571.43,561.91,41686,stock
2023-08-23,NABIL,565.72,570.48,571.34,563.91,29155,stock
2023-08-24,NABIL,566.67,564.29,571.43,562.95,43106,stock
2023-08-27,NABIL,564.29,561.91,566.67,561.05,45941,stock
2023-08-28,NABIL,567.62,562.0,567.62,561.91,25988,stock
2023-08-29,NABIL,563.91,561.91,567.62,560.1,29237,stock
2023-08-30,NABIL,567.62,559.34,567.62,558.29,51037,stock
2023-09-03,NABIL,559.34,556.19,561.91,555.24,46707,stock
2023-09-04,NABIL,556.19,556.19,559.05,547.91,66419,stock
2023-09-05,NABIL,558.1,554.1,561.81,552.95,27803,stock
2023-09-07,NABIL,557.15,549.72,557.15,549.05,51168,stock
2023-09-10,NABIL,551.34,552.38,554.29,549.53,51489,stock
2023-09-11,NABIL,559.05,560.67,560.95,550.76,70550,stock
2023-09-12,NABIL,569.53,556.19,570.48,555.24,42149,stock
2023-09-13,NABIL,553.34,560.0,561.91,553.34,40108,stock
2023-09-17,NABIL,571.15,564.76,579.05,561.91,72674,stock
2023-09-18,NABIL,563.81,562.95,563.81,557.15,36430,stock
2023-09-19,NABIL,563.81,560.95,569.53,558.1,31416,stock
2023-09-21,NABIL,562.86,564.76,574.29,562.86,38690,stock
2023-09-24,NABIL,564.76,563.81,569.53,558.86,51424,stock
2023-09-25,NABIL,562.95,566.67,570.38,560.0,50135,stock
2023-09-26,NABIL,574.29,565.72,574.29,563.81,23327,stock
2023-09-27,NABIL,571.43,563.34,575.24,561.91,30539,stock
2023-10-01,NABIL,561.91,557.15,563.34,556.19,37802,stock
2023-10-02,NABIL,555.24,555.24,560.38,551.91,44667,stock
2023-10-03,NABIL,557.15,556.19,560.95,554.38,47601,stock
2023-10-04,NABIL,558.86,556.0,558.86,552.86,47450,stock
2023-10-05,NABIL,552.57,554.0,556.76,552.38,54791,stock
2023-10-08,NABIL,565.05,547.62,565.05,547.15,92585,stock
2023-10-09,NABIL,551.43,544.57,552.38,543.81,61332,stock
2023-10-10,NABIL,544.76,541.91,547.62,540.95,60468,stock
2023-10-11,NABIL,542.86,540.0,543.72,539.53,58358,stock
2023-10-12,NABIL,542.86,539.91,542.86,533.81,50839,stock
2023-10-16,NABIL,550.48,540.95,550.48,539.53,30777,stock
2023-10-17,NABIL,551.43,544.86,552.38,542.86,37883,stock
2023-10-18,NABIL,555.24,561.43,561.81,545.72,27895,stock
2023-10-19,NABIL,568.1,561.91,568.1,558.1,66181,stock
2023-10-29,NABIL,561.91,553.34,562.29,551.62,37365,stock
2023-10-30,NABIL,547.62,552.38,552.38,544.76,39951,stock
2023-10-31,NABIL,551.43,550.48,557.15,547.62,25726,stock
2023-11-01,NABIL,547.62,550.1,552.38,547.62,18731,stock
2023-11-02,NABIL,554.29,545.62,554.29,544.76,36808,stock
2023-11-05,NABIL,544.76,539.05,545.72,537.15,50715,stock
2023-11-06,NABIL,542.86,540.95,549.53,540.0,29139,stock
2023-11-07,NABIL,550.29,542.76,550.29,540.0,32456,stock
2023-11-08,NABIL,543.81,544.29,547.62,540.95,28864,stock
2023-11-09,NABIL,544.29,542.1,544.29,541.91,25721,stock
2023-11-20,NABIL,544.76,538.1,545.24,535.24,37308,stock
2023-11-21,NABIL,539.05,534.29,547.62,533.34,33672,stock
2023-11-22,NABIL,536.19,534.29,536.19,531.43,38556,stock
2023-11-23,NABIL,523.72,490.48,523.72,481.05,254979,stock
2023-11-26,NABIL,485.72,508.0,508.0,475.24,143911,stock
2023-11-27,NABIL,514.29,500.95,514.29,497.15,35690,stock
2023-11-28,NABIL,504.57,492.38,504.57,490.95,32419,stock
2023-11-29,NABIL,492.38,487.53,495.24,484.67,46655,stock
2023-11-30,NABIL,487.62,484.67,487.62,482.86,34128,stock
2023-12-03,NABIL,491.43,481.91,491.43,480.95,33642,stock
2023-12-04,NABIL,474.29,478.1,485.72,474.29,35110,stock
2023-12-05,NABIL,480.0,478.19,485.72,478.1,34084,stock
2023-12-06,NABIL,483.81,480.95,484.76,476.19,23989,stock
2023-12-07,NABIL,489.05,483.43,489.53,477.14,16317,stock
2023-12-10,NABIL,492.19,503.34,504.76,489.53,5437,stock
2023-12-11,NABIL,513.34,497.15,513.34,495.24,71048,stock
2023-12-12,NABIL,502.86,496.38,502.86,495.24,61512,stock
2023-12-13,NABIL,504.76,496.19,504.76,495.24,62488,stock
2023-12-14,NABIL,500.0,497.91,502.76,496.19,63175,stock
2023-12-17,NABIL,490.48,488.57,494.19,469.53,136029,stock
2023-12-18,NABIL,489.24,488.57,494.76,485.72,110278,stock
2023-12-19,NABIL,498.29,493.34,498.29,489.53,91419,stock
2023-12-20,NABIL,500.0,495.24,502.86,493.91,145825,stock
2023-12-21,NABIL,495.24,498.1,500.0,495.24,91036,stock
2023-12-24,NABIL,498.1,490.48,501.91,490.48,85406,stock
2023-12-27,NABIL,495.24,483.81,495.24,483.81,70880,stock
2023-12-28,NABIL,475.24,481.91,489.53,475.24,55161,stock
2024-01-01,NABIL,488.57,481.81,488.57,480.95,56006,stock
2024-01-02,NABIL,481.91,476.1,485.72,474.29,97243,stock
2024-01-03,NABIL,476.19,472.38,477.62,465.34,150208,stock
2024-01-04,NABIL,474.29,471.91,477.05,471.43,93743,stock
2024-01-07,NABIL,476.19,466.67,476.19,466.19,97677,stock
2024-01-08,NABIL,471.43,464.86,471.43,464.76,109400,stock
2024-01-09,NABIL,464.86,466.67,471.43,464.86,123332,stock
2024-01-10,NABIL,471.43,468.57,476.19,466.67,91478,stock
2024-01-11,NABIL,475.24,469.53,476.1,466.67,52810,stock
2024-01-14,NABIL,476.19,470.95,477.14,470.0,66912,stock
2024-01-16,NABIL,476.19,477.14,478.1,474.29,126928,stock
2024-01-17,NABIL,479.53,480.0,487.62,479.05,111028,stock
2024-01-18,NABIL,482.86,474.29,482.86,474.29,78196,stock
2024-01-21,NABIL,480.0,469.53,480.0,468.57,85324,stock
2024-01-22,NABIL,471.43,465.72,471.43,463.34,106960,stock
2024-01-23,NABIL,465.72,461.43,472.38,460.95,102618,stock
2024-01-24,NABIL,468.57,461.81,469.53,460.95,75048,stock
2024-01-25,NABIL,469.05,464.76,469.05,460.19,78635,stock
2024-01-28,NABIL,473.34,467.62,473.34,464.48,62690,stock
2024-01-29,NABIL,468.57,464.76,471.43,461.91,112649,stock
2024-01-30,NABIL,461.91,463.81,470.48,461.91,58884,stock
2024-01-31,NABIL,465.72,461.53,466.67,461.53,101519,stock
2024-02-01,NABIL,470.67,457.72,470.67,457.14,88972,stock
2024-02-04,NABIL,457.72,454.29,460.86,454.29,79654,stock
2024-02-05,NABIL,458.1,452.38,458.1,452.29,65154,stock
2024-02-06,NABIL,456.19,452.38,460.95,452.38,62626,stock
2024-02-07,NABIL,461.43,452.48,461.43,451.91,72757,stock
2024-02-11,NABIL,462.86,452.38,462.86,451.91,87081,stock
2024-02-12,NABIL,453.34,454.29,454.29,451.43,48708,stock
2024-02-13,NABIL,454.29,449.05,457.05,446.76,83243,stock
2024-02-14,NABIL,449.05,443.34,449.05,442.38,63187,stock
2024-02-15,NABIL,442.86,440.48,443.81,440.0,51339,stock
2024-02-18,NABIL,434.29,435.91,442.86,433.81,65595,stock
2024-02-20,NABIL,434.29,427.62,438.1,426.67,90305,stock
2024-02-21,NABIL,428.57,427.62,433.14,426.67,61605,stock
2024-02-22,NABIL,428.57,423.81,431.34,421.91,62441,stock
2024-02-25,NABIL,423.81,415.72,423.81,413.34,68284,stock
2024-02-26,NABIL,415.72,413.34,419.05,409.62,63611,stock
2024-02-27,NABIL,413.34,416.95,419.05,411.91,44089,stock
2024-02-28,NABIL,420.95,414.29,420.95,414.29,32394,stock
2024-02-29,NABIL,414.29,409.05,414.29,408.57,84087,stock
2024-03-03,NABIL,409.05,403.81,411.43,401.91,57099,stock
2024-03-04,NABIL,411.81,436.48,436.48,411.43,14359,stock
2024-03-05,NABIL,437.14,424.76,437.14,414.29,85486,stock
2024-03-06,NABIL,426.67,420.95,428.57,419.05,46408,stock
2024-03-07,NABIL,428.57,424.29,428.57,420.95,27778,stock
2024-03-10,NABIL,426.67,428.38,429.53,425.72,38263,stock
2024-03-12,NABIL,436.86,446.67,447.62,433.34,62909,stock
2024-03-13,NABIL,454.29,450.48,457.05,444.76,66733,stock
2024-03-14,NABIL,457.14,449.43,457.14,446.0,48287,stock
2024-03-17,NABIL,455.24,441.91,457.14,440.0,51485,stock
2024-03-18,NABIL,450.48,439.05,450.48,437.14,36185,stock
2024-03-19,NABIL,438.1,438.1,440.0,434.29,34096,stock
2024-03-20,NABIL,440.95,435.24,442.86,434.29,31882,stock
2024-03-21,NABIL,438.0,429.53,438.0,427.62,46500,stock
2024-03-25,NABIL,436.19,423.81,436.19,423.24,33441,stock
2024-03-26,NABIL,423.91,420.76,426.67,419.05,40492,stock
2024-03-27,NABIL,420.95,419.53,425.72,419.05,30220,stock
2024-03-28,NABIL,420.95,421.43,422.86,419.05,32919,stock
2024-03-31,NABIL,421.91,419.05,426.67,417.05,55639,stock
2024-04-01,NABIL,416.19,418.1,418.1,411.43,44256,stock
2024-04-02,NABIL,416.19,415.24,419.05,411.43,26386,stock
2024-04-03,NABIL,418.1,413.34,418.1,411.43,40271,stock
2024-04-04,NABIL,413.34,413.34,415.24,412.1,37125,stock
2024-04-07,NABIL,413.34,417.14,417.14,409.62,83715,stock
2024-04-09,NABIL,425.43,418.1,425.43,411.43,51408,stock
2024-04-10,NABIL,419.05,417.14,420.95,415.24,46883,stock
2024-04-14,NABIL,417.14,417.14,424.76,415.81,37958,stock
2024-04-15,NABIL,417.14,414.29,418.1,413.43,33297,stock
2024-04-16,NABIL,414.29,412.38,414.29,410.48,33034,stock
2024-04-18,NABIL,413.34,409.43,413.34,408.57,39409,stock
2024-04-21,NABIL,416.19,407.62,416.19,401.91,68601,stock
2024-04-22,NABIL,407.62,408.57,414.29,407.62,30359,stock
2024-04-24,NABIL,409.53,408.57,414.29,408.1,35268,stock
2024-04-25,NABIL,408.57,406.95,412.38,406.67,52043,stock
2024-04-28,NABIL,415.05,406.67,415.05,406.67,43925,stock
2024-04-29,NABIL,414.76,408.57,414.76,404.29,51708,stock
2024-04-30,NABIL,416.67,410.95,416.67,405.72,44100,stock
2024-05-02,NABIL,419.14,409.05,419.14,407.14,47931,stock
2024-05-05,NABIL,409.53,405.72,411.43,404.76,41759,stock
2024-05-06,NABIL,406.67,403.81,406.67,402.86,26747,stock
2024-05-07,NABIL,402.19,401.91,410.19,401.81,38545,stock
2024-05-08,NABIL,406.67,404.29,406.67,401.91,18323,stock
2024-05-09,NABIL,407.62,402.57,407.62,399.05,40811,stock
2024-05-12,NABIL,401.05,401.91,404.76,400.0,44038,stock
2024-05-13,NABIL,405.72,410.29,410.95,402.29,68228,stock
2024-05-14,NABIL,414.76,412.86,414.76,409.53,35940,stock
2024-05-15,NABIL,419.05,413.34,420.0,413.34,36943,stock
2024-05-16,NABIL,421.53,410.48,421.53,407.62,40117,stock
2024-05-19,NABIL,418.67,416.19,418.67,411.62,47893,stock
2024-05-20,NABIL,421.91,436.19,441.34,420.0,97887,stock
2024-05-21,NABIL,438.1,458.0,458.1,435.24,144313,stock
2024-05-22,NABIL,458.0,489.53,490.48,458.0,307056,stock
2024-05-26,NABIL,490.48,492.38,506.67,482.86,257882,stock
2024-05-27,NABIL,498.95,483.72,498.95,476.38,101039,stock
2024-05-29,NABIL,480.95,465.72,497.15,465.24,124575,stock
2024-05-30,NABIL,461.91,455.53,468.57,447.43,104947,stock
2024-06-02,NABIL,453.34,466.67,467.14,453.34,77895,stock
2024-06-03,NABIL,473.24,461.81,473.34,460.95,46126,stock
2024-06-04,NABIL,469.53,460.0,469.53,457.43,37907,stock
2024-06-05,NABIL,460.0,457.14,464.38,456.19,43444,stock
2024-06-06,NABIL,457.24,454.29,461.91,454.29,40452,stock
2024-06-09,NABIL,463.34,451.43,463.34,451.43,42853,stock
2024-06-10,NABIL,460.38,445.72,460.38,440.57,57462,stock
2024-06-11,NABIL,454.57,455.24,455.34,443.91,50026,stock
2024-06-12,NABIL,457.14,460.0,466.67,457.14,45437,stock
2024-06-13,NABIL,466.67,456.29,466.67,456.19,63580,stock
2024-06-16,NABIL,465.34,452.38,465.34,450.67,48170,stock
2024-06-18,NABIL,460.0,446.67,460.0,446.38,43382,stock
2024-06-19,NABIL,446.67,449.53,452.38,446.67,29603,stock
2024-06-20,NABIL,458.48,447.72,458.48,447.24,51724,stock
2024-06-23,NABIL,446.67,443.81,446.67,442.86,53680,stock
2024-06-24,NABIL,441.91,439.14,444.76,439.14,45036,stock
2024-06-25,NABIL,440.0,436.38,442.86,433.62,56926,stock
2024-06-26,NABIL,436.95,434.29,438.1,433.43,57007,stock
2024-06-27,NABIL,434.29,434.29,435.24,432.95,29699,stock
2024-06-30,NABIL,435.14,430.48,439.05,429.34,55043,stock
2024-07-01,NABIL,435.24,436.95,436.95,428.57,31786,stock
2024-07-02,NABIL,445.62,454.38,475.53,443.81,93437,stock
2024-07-03,NABIL,454.29,460.95,460.95,446.67,48855,stock
2024-07-04,NABIL,461.91,463.81,466.67,457.14,58487,stock
2024-07-07,NABIL,463.81,463.81,466.67,459.05,59675,stock
2024-07-08,NABIL,463.81,466.67,466.67,459.05,79001,stock
2024-07-09,NABIL,466.67,466.86,468.48,459.14,48124,stock
2024-07-10,NABIL,476.19,473.43,476.19,466.67,82435,stock
2024-07-11,NABIL,482.86,482.86,482.86,474.86,115571,stock
2024-07-14,NABIL,492.48,503.81,520.95,492.38,138178,stock
2024-07-15,NABIL,513.81,499.05,519.05,496.19,157693,stock
2024-07-16,NABIL,508.95,507.53,508.95,490.0,116735,stock
2024-07-17,NABIL,513.34,512.38,517.15,505.72,138575,stock
2024-07-18,NABIL,512.38,540.0,560.95,512.38,242256,stock
2024-07-21,NABIL,550.48,549.53,556.19,540.95,248449,stock
2024-07-22,NABIL,552.38,546.67,559.05,536.19,183975,stock
2024-07-23,NABIL,546.67,551.43,552.38,536.19,185075,stock
2024-07-24,NABIL,548.57,551.43,561.91,542.86,162758,stock
2024-07-25,NABIL,551.43,548.48,551.43,542.86,129069,stock
2024-07-28,NABIL,559.43,603.24,603.24,559.43,348250,stock
2024-07-29,NABIL,615.24,618.1,657.15,612.38,451587,stock
2024-07-30,NABIL,627.53,613.34,627.53,590.48,331425,stock
2024-07-31,NABIL,625.53,618.38,625.53,609.53,288592,stock
2024-08-01,NABIL,618.38,614.29,628.57,607.62,197788,stock
2024-08-05,NABIL,626.57,628.57,666.67,625.72,314107,stock
2024-08-06,NABIL,636.19,595.24,636.19,594.29,421596,stock
2024-08-07,NABIL,583.81,601.43,609.53,579.05,251049,stock
2024-08-08,NABIL,613.43,600.0,613.43,598.1,154915,stock
2024-08-11,NABIL,609.53,608.67,612.38,604.76,196534,stock
2024-08-12,NABIL,614.29,616.1,626.57,609.53,228497,stock
2024-08-13,NABIL,617.15,617.05,627.53,612.38,208455,stock
2024-08-14,NABIL,619.05,614.29,619.05,609.53,160074,stock
2024-08-15,NABIL,626.57,628.57,640.96,616.19,460088,stock
2024-08-18,NABIL,638.1,630.48,649.53,624.76,385734,stock
2024-08-21,NABIL,642.86,626.96,642.86,620.0,251551,stock
2024-08-22,NABIL,626.96,622.86,636.19,620.96,210335,stock
2024-08-25,NABIL,622.86,606.57,622.86,605.72,206816,stock
2024-08-27,NABIL,595.24,576.76,609.53,576.19,307846,stock
2024-08-28,NABIL,588.29,586.67,600.0,580.67,256298,stock
2024-08-29,NABIL,595.24,576.19,595.24,571.43,155077,stock
2024-09-01,NABIL,584.76,566.67,584.76,560.95,150454,stock
2024-09-02,NABIL,571.43,582.57,582.86,557.15,174550,stock
2024-09-03,NABIL,585.72,580.95,593.34,580.95,107180,stock
2024-09-04,NABIL,592.57,566.67,592.57,566.67,139235,stock
2024-09-05,NABIL,567.62,563.81,569.53,557.15,92820,stock
2024-09-08,NABIL,575.05,558.1,575.05,557.15,99880,stock
2024-09-09,NABIL,560.0,545.72,563.81,544.76,93805,stock
2024-09-10,NABIL,555.24,542.67,555.24,540.48,97919,stock
2024-09-11,NABIL,549.53,534.76,550.0,533.34,78865,stock
2024-09-12,NABIL,545.43,541.91,545.43,527.62,91654,stock
2024-09-15,NABIL,546.67,543.81,561.91,542.86,100482,stock
2024-09-16,NABIL,543.81,534.48,543.81,533.43,56485,stock
2024-09-18,NABIL,535.24,529.53,538.1,523.81,68886,stock
2024-09-22,NABIL,529.53,535.24,550.48,529.53,55026,stock
2024-09-23,NABIL,545.91,540.95,545.91,528.57,123568,stock
2024-09-24,NABIL,540.0,527.15,540.0,525.81,66337,stock
2024-09-25,NABIL,523.81,528.57,533.34,519.15,50441,stock
2024-09-26,NABIL,528.76,523.81,535.24,522.86,50686,stock
2024-09-29,NABIL,523.81,515.72,523.81,514.29,46227,stock
2024-09-30,NABIL,514.29,523.81,524.29,514.29,49497,stock
2024-10-01,NABIL,523.81,540.95,543.81,523.81,74522,stock
2024-10-02,NABIL,543.81,538.1,551.72,538.1,56823,stock
2024-10-06,NABIL,538.1,546.67,546.67,529.53,84468,stock
2024-10-07,NABIL,556.19,563.34,564.95,552.38,69067,stock
2024-10-08,NABIL,563.81,562.86,571.43,552.38,65705,stock
2024-10-09,NABIL,566.67,564.76,566.67,552.38,38505,stock
2024-10-15,NABIL,564.76,571.43,572.38,564.76,69441,stock
2024-10-16,NABIL,579.05,579.05,579.05,572.38,94498,stock
2024-10-17,NABIL,585.72,578.19,589.53,573.34,70872,stock
2024-10-20,NABIL,571.43,568.57,577.15,564.76,100302,stock
2024-10-21,NABIL,566.67,557.62,568.57,556.19,112249,stock
2024-10-22,NABIL,553.81,562.86,563.81,549.53,77275,stock
2024-10-23,NABIL,562.86,565.72,578.29,562.86,63996,stock
2024-10-24,NABIL,562.0,563.34,571.43,561.91,41245,stock
2024-10-27,NABIL,560.09,559.05,570.48,557.24,33289,stock
2024-10-28,NABIL,557.15,557.15,566.57,555.72,51581,stock
2024-10-29,NABIL,566.67,563.62,566.67,558.19,38978,stock
2024-10-30,NABIL,552.38,548.57,555.24,541.91,215581,stock
2024-11-05,NABIL,542.95,540.0,548.57,538.1,98344,stock
2024-11-06,NABIL,538.1,537.72,540.0,536.0,54129,stock
2024-11-10,NABIL,538.1,542.86,545.72,538.1,108867,stock
2024-11-11,NABIL,545.72,541.91,551.43,540.95,87145,stock
2024-11-12,NABIL,543.43,539.24,544.76,539.05,58126,stock
2024-11-13,NABIL,539.24,534.29,542.86,533.53,48085,stock
2024-11-14,NABIL,539.05,535.24,539.05,530.48,59666,stock
2024-11-17,NABIL,535.24,535.34,542.86,535.24,62749,stock
2024-11-19,NABIL,533.34,533.15,540.95,530.48,84892,stock
2024-11-20,NABIL,533.34,530.48,535.24,525.72,61578,stock
2024-11-21,NABIL,538.1,527.34,538.1,525.91,56753,stock
2024-11-24,NABIL,537.15,531.43,537.81,528.57,109617,stock
2024-11-25,NABIL,542.0,521.53,542.0,516.86,78417,stock
2024-11-26,NABIL,521.53,519.05,529.53,514.29,96250,stock
2024-11-27,NABIL,519.05,521.91,523.34,518.1,59923,stock
2024-11-28,NABIL,519.05,514.29,524.76,513.34,98283,stock
2024-12-01,NABIL,511.72,510.48,514.29,508.67,79422,stock
2024-12-02,NABIL,520.67,508.57,520.67,507.62,80685,stock
2024-12-03,NABIL,518.67,506.67,518.67,504.95,62719,stock
2024-12-04,NABIL,516.76,504.76,516.76,504.76,69630,stock
2024-12-05,NABIL,514.86,500.0,514.86,498.1,61452,stock
2024-12-08,NABIL,500.95,490.0,500.95,489.05,76545,stock
2024-12-09,NABIL,480.95,485.72,492.29,480.95,54624,stock
2024-12-10,NABIL,485.72,483.91,489.53,480.95,51966,stock
2024-12-11,NABIL,483.81,502.86,504.57,482.0,70328,stock
2024-12-12,NABIL,509.53,495.24,512.86,493.62,56954,stock
2024-12-16,NABIL,495.24,488.48,499.05,485.43,47147,stock
2024-12-17,NABIL,488.57,487.62,493.34,484.86,53169,stock
2024-12-18,NABIL,477.91,487.43,495.62,477.91,57475,stock
2024-12-19,NABIL,487.62,483.81,489.53,483.81,73723,stock
2024-12-22,NABIL,474.19,478.95,486.67,474.19,67080,stock
2024-12-23,NABIL,478.95,477.14,478.95,474.29,86473,stock
2024-12-24,NABIL,479.05,477.14,481.91,475.34,66517,stock
2024-12-26,NABIL,486.67,478.1,486.67,474.29,127622,stock
2024-12-29,NABIL,480.1,478.76,484.67,475.24,64296,stock
2024-12-31,NABIL,488.29,478.1,488.29,474.29,53222,stock
2025-01-01,NABIL,478.1,477.53,478.95,476.19,29808,stock
2025-01-02,NABIL,478.1,475.53,478.1,475.24,43634,stock
2025-01-05,NABIL,478.1,475.24,480.0,474.29,67379,stock
2025-01-06,NABIL,477.62,475.24,477.62,474.29,102420,stock
2025-01-07,NABIL,475.24,476.19,480.0,474.29,64195,stock
2025-01-08,NABIL,485.72,475.14,485.72,473.34,74206,stock
2025-01-09,NABIL,475.24,471.91,476.19,470.48,138476,stock
2025-01-12,NABIL,481.34,467.24,481.34,466.67,46984,stock
2025-01-13,NABIL,467.62,466.19,472.38,466.19,86269,stock
2025-01-15,NABIL,468.67,466.19,470.48,465.72,52957,stock
2025-01-16,NABIL,466.67,465.81,471.43,463.81,51859,stock
2025-01-19,NABIL,465.72,464.95,473.34,461.91,52392,stock
2025-01-20,NABIL,466.67,461.43,471.43,459.24,82199,stock
2025-01-21,NABIL,460.95,460.38,465.72,457.43,50098,stock
2025-01-22,NABIL,460.0,462.86,465.53,460.0,62780,stock
2025-01-23,NABIL,466.67,464.76,468.57,462.19,51932,stock
2025-01-26,NABIL,468.57,459.24,468.57,459.14,54531,stock
2025-01-27,NABIL,458.1,456.67,460.0,454.48,62150,stock
2025-01-28,NABIL,455.24,453.34,458.1,452.38,108959,stock
2025-02-02,NABIL,456.19,468.0,469.91,453.43,105241,stock
2025-02-03,NABIL,468.57,472.29,479.05,468.0,109341,stock
2025-02-04,NABIL,476.19,469.53,476.19,466.67,53987,stock
2025-02-05,NABIL,467.72,466.67,469.53,466.19,70028,stock
2025-02-06,NABIL,470.48,463.53,471.43,462.86,50451,stock
2025-02-09,NABIL,471.43,463.14,471.43,461.91,49012,stock
2025-02-10,NABIL,463.34,466.67,466.67,460.95,51838,stock
2025-02-11,NABIL,468.57,463.81,468.57,462.86,29647,stock
2025-02-12,NABIL,463.81,461.91,463.81,459.14,51961,stock
2025-02-13,NABIL,464.76,462.38,466.67,459.14,40707,stock
2025-02-16,NABIL,463.62,463.81,465.05,459.91,53350,stock
2025-02-17,NABIL,463.81,470.48,472.29,462.19,70310,stock
2025-02-18,NABIL,476.19,472.38,476.19,470.48,60431,stock
2025-02-20,NABIL,462.95,471.34,479.81,462.95,44322,stock
2025-02-23,NABIL,462.0,466.57,471.43,462.0,84304,stock
2025-02-24,NABIL,466.67,465.72,471.43,465.24,63464,stock
2025-02-25,NABIL,466.67,465.72,466.67,464.76,36470,stock
2025-02-27,NABIL,474.95,477.91,493.34,474.29,123140,stock
2025-03-02,NABIL,487.43,494.29,494.29,481.91,114489,stock
2025-03-03,NABIL,498.1,490.48,504.0,490.48,110922,stock
2025-03-04,NABIL,495.24,482.86,495.24,480.0,116499,stock
2025-03-05,NABIL,485.24,475.24,485.24,474.76,66686,stock
2025-03-06,NABIL,478.1,474.38,478.1,474.38,76130,stock
2025-03-09,NABIL,474.29,471.43,478.1,469.53,53038,stock
2025-03-10,NABIL,472.38,467.62,476.19,466.67,44625,stock
2025-03-11,NABIL,468.57,467.62,471.43,462.95,45903,stock
2025-03-12,NABIL,470.48,467.62,470.48,465.72,39132,stock
2025-03-16,NABIL,471.34,467.72,471.34,461.91,71238,stock
2025-03-17,NABIL,467.72,466.67,474.29,462.86,41530,stock
2025-03-18,NABIL,476.0,468.0,476.0,464.76,28929,stock
2025-03-19,NABIL,471.43,465.62,472.38,463.81,49272,stock
2025-03-20,NABIL,465.72,464.11,466.67,463.81,36716,stock
2025-03-23,NABIL,464.76,459.64,464.76,459.05,48632,stock
2025-03-24,NABIL,461.43,460.98,462.86,453.81,54964,stock
2025-03-25,NABIL,461.91,457.27,461.91,455.24,78144,stock
2025-03-26,NABIL,461.91,458.39,461.91,454.29,49757,stock
2025-03-27,NABIL,467.53,461.99,467.53,457.14,38210,stock
2025-03-30,NABIL,461.91,462.82,468.57,460.95,52866,stock
2025-04-01,NABIL,466.67,461.49,469.53,460.0,37377,stock
2025-04-02,NABIL,470.67,462.15,470.67,460.95,36189,stock
2025-04-03,NABIL,467.62,465.46,470.48,462.95,42041,stock
2025-04-07,NABIL,466.67,463.78,473.34,459.05,46130,stock
2025-04-08,NABIL,461.91,461.57,462.86,455.24,38820,stock
2025-04-09,NABIL,470.48,463.12,470.48,460.19,26187,stock
2025-04-10,NABIL,467.62,462.83,468.95,460.95,30292,stock
2025-04-13,NABIL,472.0,463.78,472.0,461.05,44237,stock
2025-04-15,NABIL,472.38,464.73,472.38,462.86,62586,stock
2025-04-16,NABIL,473.34,466.01,473.34,464.76,43376,stock
2025-04-17,NABIL,467.43,470.84,472.0,465.72,54656,stock
2025-04-20,NABIL,476.19,468.66,477.34,466.67,79228,stock
2025-04-21,NABIL,471.34,467.5,471.43,466.67,49104,stock
2025-04-22,NABIL,466.67,464.54,470.48,461.91,31332,stock
2025-04-23,NABIL,463.81,463.59,464.76,459.05,65014,stock
2025-04-24,NABIL,460.0,462.74,466.57,460.0,30597,stock
2025-04-27,NABIL,466.67,461.92,466.67,460.19,50578,stock
2025-04-28,NABIL,462.19,458.38,464.67,457.72,45746,stock
2025-04-29,NABIL,457.14,458.53,464.76,457.14,29998,stock
2025-04-30,NABIL,457.14,455.41,463.81,455.24,49915,stock
2025-05-04,NABIL,457.14,455.54,464.19,454.29,44594,stock
2025-05-05,NABIL,455.24,455.48,458.1,454.29,39597,stock
2025-05-06,NABIL,455.24,454.23,460.95,452.48,39968,stock
2025-05-07,NABIL,454.29,460.3,461.91,451.53,66388,stock
2025-05-08,NABIL,466.67,459.66,466.67,457.62,54724,stock
2025-05-11,NABIL,466.67,462.53,466.67,461.43,44892,stock
2025-05-13,NABIL,464.76,464.2,470.1,458.1,65061,stock
2025-05-14,NABIL,466.67,460.81,466.67,459.05,25028,stock
2025-05-15,NABIL,461.91,459.15,462.86,458.57,47247,stock
2025-05-18,NABIL,460.0,457.61,461.91,456.19,37266,stock
2025-05-19,NABIL,464.76,459.6,464.76,457.05,42039,stock
2025-05-20,NABIL,459.62,464.92,465.72,458.1,43243,stock
2025-05-21,NABIL,474.19,470.68,501.91,469.05,91325,stock
2025-05-22,NABIL,475.72,475.76,479.05,471.05,71455,stock
2025-05-25,NABIL,485.24,473.1,485.72,471.43,108411,stock
2025-05-26,NABIL,482.48,474.35,491.43,472.48,87620,stock
2025-05-27,NABIL,474.29,472.84,474.38,470.1,33750,stock
2025-05-28,NABIL,478.0,476.59,478.0,470.48,66059,stock
2025-06-02,NABIL,486.1,476.94,486.1,476.29,73634,stock
2025-06-03,NABIL,481.81,473.76,481.81,471.43,54808,stock
2025-06-04,NABIL,475.24,467.73,475.24,466.67,48051,stock
2025-06-05,NABIL,474.29,468.93,474.29,465.72,47113,stock
2025-06-08,NABIL,466.67,466.34,471.43,465.72,50694,stock
2025-06-09,NABIL,466.57,467.55,471.34,465.72,29647,stock
2025-06-10,NABIL,471.34,468.35,471.34,466.67,38403,stock
2025-06-11,NABIL,471.43,466.99,471.43,466.67,39951,stock
2025-06-12,NABIL,469.53,466.14,469.53,465.05,53316,stock
2025-06-15,NABIL,471.43,467.36,471.43,466.67,43276,stock
2025-06-16,NABIL,473.34,467.23,473.34,465.72,48455,stock
2025-06-17,NABIL,466.67,465.71,468.57,463.91,36559,stock
2025-06-18,NABIL,466.67,466.64,468.57,464.76,44689,stock
2025-06-19,NABIL,471.24,465.75,471.24,463.81,78016,stock
2025-06-22,NABIL,469.53,465.71,469.53,461.91,47834,stock
2025-06-23,NABIL,466.57,464.14,466.57,461.91,30576,stock
2025-06-24,NABIL,465.72,464.1,469.53,460.19,54280,stock
2025-06-25,NABIL,464.76,463.09,465.62,458.1,24807,stock
2025-06-26,NABIL,462.86,462.81,465.24,462.0,33097,stock
2025-06-29,NABIL,459.05,466.5,466.67,459.05,40790,stock
2025-06-30,NABIL,466.76,468.39,469.62,466.76,37425,stock
2025-07-01,NABIL,472.76,468.37,472.76,467.62,35495,stock
2025-07-02,NABIL,470.95,471.39,472.19,467.62,55089,stock
2025-07-03,NABIL,467.72,474.5,476.19,466.67,91180,stock
2025-07-06,NABIL,481.91,477.04,482.67,475.34,64130,stock
2025-07-07,NABIL,476.19,473.4,479.05,472.67,36175,stock
2025-07-08,NABIL,476.19,471.87,476.19,469.53,33006,stock
2025-07-09,NABIL,476.19,475.25,476.19,471.62,42721,stock
2025-07-10,NABIL,479.05,486.83,497.15,476.19,264663,stock
2025-07-13,NABIL,496.48,510.26,511.91,496.48,270279,stock
2025-07-14,NABIL,512.38,497.35,512.38,496.29,165976,stock
2025-07-15,NABIL,499.05,504.57,504.76,490.48,136308,stock
2025-07-16,NABIL,504.76,515.59,517.72,504.76,260180,stock
2025-07-17,NABIL,519.05,522.54,527.62,516.38,192877,stock
2025-07-20,NABIL,523.81,523.59,533.34,521.91,233008,stock
2025-07-21,NABIL,523.81,519.25,527.62,514.29,126936,stock
2025-07-22,NABIL,519.24,528.22,529.05,519.24,172337,stock
2025-07-23,NABIL,517.72,525.15,535.24,517.72,132486,stock
2025-07-24,NABIL,525.72,521.98,529.53,521.05,95913,stock
2025-07-27,NABIL,523.81,521.75,527.62,519.15,147629,stock
2025-07-28,NABIL,519.53,514.7,520.95,510.48,183214,stock
2025-07-29,NABIL,520.95,522.43,525.72,519.05,142244,stock
2025-07-30,NABIL,524.48,519.22,528.57,519.05,115662,stock
2025-07-31,NABIL,514.38,510.94,522.1,509.53,110940,stock
2025-08-03,NABIL,510.48,499.43,512.38,497.62,166184,stock
2025-08-04,NABIL,499.43,502.83,506.67,494.29,103313,stock
2025-08-05,NABIL,492.86,502.6,514.29,492.86,91553,stock
2025-08-06,NABIL,504.76,500.89,504.76,498.1,48952,stock
2025-08-07,NABIL,509.43,502.25,509.43,500.57,63502,stock
2025-08-11,NABIL,507.62,501.24,508.57,500.0,69423,stock
2025-08-12,NABIL,504.76,499.87,509.05,499.24,79172,stock
2025-08-13,NABIL,498.1,498.7,499.91,497.15,50014,stock
2025-08-14,NABIL,499.15,498.88,501.43,498.19,47263,stock
2025-08-17,NABIL,500.0,496.39,502.86,494.29,63880,stock
2025-08-18,NABIL,495.24,494.24,499.05,492.38,48703,stock
2025-08-19,NABIL,500.0,494.11,500.0,493.34,44459,stock
2025-08-20,NABIL,493.34,494.11,496.19,492.38,43704,stock
2025-08-21,NABIL,499.91,493.47,499.91,492.67,38427,stock
2025-08-24,NABIL,495.24,489.11,495.24,488.57,72676,stock
2025-08-25,NABIL,487.62,497.7,500.0,484.76,81167,stock
2025-08-26,NABIL,490.0,504.15,507.62,490.0,67932,stock
2025-08-27,NABIL,514.19,508.45,514.19,501.43,64476,stock
2025-08-28,NABIL,506.67,503.68,513.24,501.91,83641,stock
2025-08-31,NABIL,509.53,496.04,511.34,495.24,66938,stock
2025-09-01,NABIL,505.91,502.54,505.91,493.34,42334,stock
2025-09-02,NABIL,512.57,498.81,512.57,498.38,34983,stock
2025-09-03,NABIL,495.24,495.13,503.81,494.29,34096,stock
2025-09-04,NABIL,502.86,492.94,502.86,490.48,40199,stock
2025-09-07,NABIL,483.14,490.35,493.15,483.14,25831,stock
2025-09-08,NABIL,490.48,488.72,490.48,485.72,42962,stock
2025-09-18,NABIL,478.95,460.0,478.95,448.57,16660,stock
2025-09-21,NABIL,451.43,485.89,489.53,451.43,122490,stock
2025-09-23,NABIL,492.29,498.57,500.0,488.57,55373,stock
2025-09-24,NABIL,500.0,497.15,502.86,490.48,59254,stock
2025-09-25,NABIL,498.1,496.76,499.91,491.43,28626,stock
2025-09-28,NABIL,499.05,501.91,502.86,496.19,30997,stock
2025-10-07,NABIL,504.76,496.19,504.76,488.19,48977,stock
2025-10-08,NABIL,498.1,489.53,498.1,480.95,78401,stock
2025-10-09,NABIL,498.95,495.15,518.1,489.53,43284,stock
2025-10-12,NABIL,504.95,486.19,504.95,480.95,65413,stock
2025-10-13,NABIL,495.15,485.72,495.24,481.91,53374,stock
2025-10-14,NABIL,493.81,485.72,493.81,485.72,31168,stock
2025-10-15,NABIL,493.34,484.48,493.34,482.86,38107,stock
2025-10-16,NABIL,493.24,484.76,493.24,481.91,37341,stock
2025-10-19,NABIL,487.62,483.72,487.62,481.91,38379,stock
2025-10-26,NABIL,483.81,481.24,483.81,479.05,32708,stock
2025-10-28,NABIL,481.24,484.76,485.72,480.95,49884,stock
2025-10-29,NABIL,484.76,482.86,491.72,482.86,51578,stock
2025-10-30,NABIL,479.14,481.91,487.62,479.14,37178,stock
2025-11-02,NABIL,491.53,486.76,491.53,483.81,33330,stock
2025-11-03,NABIL,490.48,488.67,492.38,485.81,32079,stock
2025-11-04,NABIL,490.48,486.76,493.24,486.76,27560,stock
2025-11-05,NABIL,488.57,488.67,492.29,483.81,27044,stock
2025-11-06,NABIL,490.48,483.14,492.38,482.57,46224,stock
2025-11-09,NABIL,485.72,484.29,490.38,482.86,39600,stock
2025-11-10,NABIL,484.76,484.76,485.72,481.91,49391,stock
2025-11-11,NABIL,485.72,483.72,485.72,481.24,21898,stock
2025-11-12,NABIL,483.81,480.0,484.67,480.0,29577,stock
2025-11-13,NABIL,481.05,479.05,481.05,478.1,32775,stock
2025-11-16,NABIL,479.05,479.53,482.76,477.14,31462,stock
2025-11-17,NABIL,480.0,483.81,485.62,480.0,24130,stock
2025-11-18,NABIL,483.81,482.95,485.72,481.53,24383,stock
2025-11-19,NABIL,486.67,482.86,486.67,480.95,18121,stock
2025-11-20,NABIL,483.81,481.91,483.81,479.05,27947,stock
2025-11-23,NABIL,480.95,485.24,486.19,480.95,48408,stock
2025-11-24,NABIL,483.81,488.57,489.43,482.86,22139,stock
2025-11-25,NABIL,493.34,486.19,493.34,484.29,29221,stock
2025-11-26,NABIL,485.72,486.67,488.57,482.86,35156,stock
2025-11-27,NABIL,486.67,490.38,492.38,484.76,50106,stock
2025-11-30,NABIL,493.34,488.76,497.15,488.57,40956,stock
2025-12-01,NABIL,494.67,487.62,494.67,486.19,21944,stock
2025-12-02,NABIL,487.62,488.1,492.19,485.72,39306,stock
2025-12-03,NABIL,490.48,485.91,490.48,485.72,25319,stock
2025-12-07,NABIL,478.1,479.05,485.72,478.1,88964,stock
2025-12-08,NABIL,479.05,471.43,479.05,471.43,81912,stock
2025-12-09,NABIL,476.19,472.38,476.19,467.72,55413,stock
2025-12-10,NABIL,476.19,471.14,476.19,469.53,29665,stock
2025-12-11,NABIL,468.76,471.43,473.81,468.57,37306,stock
2025-12-14,NABIL,476.19,468.57,476.19,466.67,78979,stock
2025-12-15,NABIL,468.57,470.48,471.43,465.72,36245,stock
2025-12-16,NABIL,470.48,475.24,476.19,470.48,30522,stock
2025-12-17,NABIL,479.05,476.1,480.95,473.34,44903,stock
2025-12-18,NABIL,476.19,475.24,480.0,471.53,39506,stock
2025-12-21,NABIL,476.19,473.34,480.38,469.53,24230,stock
2025-12-22,NABIL,476.19,473.43,476.19,468.57,36711,stock
2025-12-23,NABIL,475.24,473.53,478.1,472.86,33607,stock
2025-12-24,NABIL,474.76,474.86,476.19,472.48,40096,stock
2025-12-28,NABIL,475.24,479.43,480.0,472.38,61455,stock
2025-12-29,NABIL,483.81,482.38,484.67,476.19,78664,stock
2025-12-31,NABIL,476.19,473.05,478.1,471.14,65111,stock
2026-01-01,NABIL,471.43,468.57,472.38,466.67,35796,stock
2026-01-04,NABIL,468.1,466.95,471.43,464.86,44294,stock
2026-01-05,NABIL,468.57,466.19,468.57,464.86,57630,stock
2026-01-06,NABIL,466.67,466.19,468.57,465.72,47593,stock
2026-01-07,NABIL,469.53,465.72,470.38,465.72,38590,stock
2026-01-08,NABIL,468.57,465.72,468.57,463.34,35678,stock
2026-01-12,NABIL,466.67,463.81,471.43,463.81,40413,stock
2026-01-13,NABIL,472.38,464.86,472.38,461.91,60812,stock
2026-01-14,NABIL,466.67,464.29,466.67,463.81,44542,stock
2026-01-18,NABIL,464.76,467.43,468.57,464.48,71435,stock
2026-01-20,NABIL,467.43,472.86,476.19,467.43,72522,stock
2026-01-21,NABIL,478.1,472.48,480.0,469.53,44079,stock
2026-01-22,NABIL,474.29,469.62,474.29,468.86,63230,stock
2026-01-25,NABIL,473.24,473.53,475.24,468.57,104063,stock
2026-01-26,NABIL,477.14,473.34,480.0,472.38,109372,stock
2026-01-27,NABIL,473.34,471.34,476.19,468.67,72291,stock
2026-01-28,NABIL,468.67,468.57,471.43,466.76,48841,stock
2026-01-29,NABIL,476.19,473.34,483.81,469.53,132087,stock
2026-02-01,NABIL,476.19,474.38,481.91,473.34,84076,stock
2026-02-02,NABIL,464.95,475.05,476.19,464.95,61083,stock
2026-02-03,NABIL,476.19,474.29,476.19,472.38,78804,stock
2026-02-04,NABIL,465.72,472.48,478.1,465.72,49627,stock
2026-02-05,NABIL,476.1,475.53,477.14,472.86,98644,stock
2026-02-08,NABIL,473.62,474.76,477.05,473.34,75640,stock
2026-02-09,NABIL,475.24,472.29,475.24,470.48,68038,stock
2026-02-10,NABIL,472.38,472.76,476.0,468.67,63267,stock
2026-02-11,NABIL,476.19,472.38,476.19,471.43,42061,stock
2026-02-12,NABIL,471.43,471.43,474.95,469.05,83293,stock
2026-02-16,NABIL,474.95,474.19,475.05,469.53,82231,stock
2026-02-17,NABIL,471.43,473.34,474.76,468.57,90768,stock
2026-02-22,NABIL,474.1,471.43,474.1,466.67,43286,stock
2026-02-23,NABIL,470.95,471.81,474.86,469.53,57825,stock
2026-02-24,NABIL,472.38,472.38,474.19,471.43,33305,stock
2026-02-25,NABIL,473.34,472.38,475.24,471.43,30849,stock
2026-02-26,NABIL,474.29,474.19,475.24,472.86,32698,stock
2026-03-01,NABIL,474.19,475.24,476.19,470.48,58125,stock
2026-03-03,NABIL,484.67,480.0,484.67,473.34,53465,stock
2026-03-09,NABIL,489.53,519.05,523.81,489.53,4906,stock
2026-03-10,NABIL,519.05,509.34,528.57,502.86,271844,stock
2026-03-11,NABIL,513.34,501.91,513.34,500.0,78574,stock
2026-03-12,NABIL,497.24,503.81,506.38,497.15,81850,stock
2026-03-15,NABIL,505.72,505.24,513.34,503.34,92278,stock
2026-03-16,NABIL,504.76,498.1,506.67,498.1,67561,stock
2026-03-17,NABIL,498.1,500.76,504.76,498.1,47099,stock
2026-03-19,NABIL,502.86,509.72,510.48,501.91,151867,stock
2026-03-22,NABIL,519.05,516.29,519.91,511.43,178526,stock
2026-03-23,NABIL,516.29,516.19,520.0,511.15,100511,stock
2026-03-24,NABIL,520.0,518.67,520.0,516.67,99147,stock
2026-03-25,NABIL,518.1,513.34,521.91,512.38,133329,stock
2026-03-26,NABIL,513.34,517.15,517.15,507.62,58580,stock
2026-03-29,NABIL,523.81,508.67,523.81,508.57,174352,stock
2026-03-30,NABIL,507.62,501.91,513.34,500.1,104673,stock
2026-03-31,NABIL,509.53,505.72,509.53,495.24,86278,stock
2026-04-01,NABIL,505.72,498.1,505.72,495.24,70913,stock
2026-04-02,NABIL,488.19,492.86,499.91,487.62,83066,stock
2026-04-05,NABIL,485.72,481.24,493.34,476.0,103324,stock
2026-04-06,NABIL,481.91,493.34,497.15,480.95,66226,stock
2026-04-07,NABIL,498.95,495.24,500.86,493.34,48132,stock
2026-04-08,NABIL,495.24,499.05,500.0,495.24,63582,stock
2026-04-09,NABIL,496.19,502.86,504.76,496.19,38820,stock
2026-04-10,NABIL,506.67,504.29,512.38,501.15,85950,stock
2026-04-13,NABIL,514.29,504.76,514.29,495.24,51167,stock
2026-04-15,NABIL,505.24,506.57,508.57,504.76,57069,stock
2026-04-16,NABIL,509.53,505.72,512.38,504.76,59730,stock
2026-04-17,NABIL,515.81,504.76,515.81,502.86,39114,stock
2026-04-20,NABIL,507.62,502.86,509.43,502.0,39912,stock
2026-04-21,NABIL,523.81,500.95,523.81,500.0,35671,stock
2026-04-22,NABIL,500.95,501.43,501.91,494.29,66642,stock
2026-04-23,NABIL,504.76,495.24,504.76,493.34,33344,stock
2026-04-24,NABIL,495.24,493.34,495.24,490.48,38819,stock
2026-04-27,NABIL,493.34,494.48,497.15,492.86,36199,stock
2026-04-28,NABIL,494.48,500.0,506.67,494.48,66167,stock
2026-04-29,NABIL,501.91,499.91,501.91,497.15,36190,stock
2026-04-30,NABIL,499.05,502.86,502.95,495.24,47024,stock
2026-05-04,NABIL,502.86,496.19,509.53,491.43,62346,stock
2026-05-05,NABIL,495.24,496.76,500.95,491.43,38727,stock
2026-05-06,NABIL,500.0,497.43,501.91,497.15,23570,stock
2026-05-07,NABIL,500.0,498.1,500.0,497.34,32514,stock
2026-05-08,NABIL,500.0,498.1,502.86,495.34,44672,stock
2026-05-11,NABIL,498.1,501.91,506.67,498.1,37981,stock
2026-05-12,NABIL,504.76,501.91,507.62,501.91,37974,stock
2026-05-13,NABIL,501.91,501.91,502.86,498.19,29723,stock
2026-05-14,NABIL,504.76,501.91,504.76,500.0,23778,stock
2026-05-15,NABIL,500.1,501.91,505.72,500.0,22776,stock
2026-05-18,NABIL,501.91,500.95,506.67,500.0,44305,stock
2026-05-19,NABIL,500.95,500.95,504.76,498.1,41228,stock
2026-05-20,NABIL,504.67,502.29,505.72,499.05,55468,stock
2026-05-21,NABIL,502.29,502.76,504.76,501.15,27246,stock
2026-05-22,NABIL,503.81,504.76,505.53,502.76,42686,stock
2026-05-25,NABIL,504.76,509.91,510.48,504.76,59099,stock
2026-05-26,NABIL,514.29,511.43,514.29,506.76,59432,stock
2026-05-27,NABIL,513.05,511.43,514.29,508.57,68884,stock
2026-06-01,NABIL,511.43,508.57,518.1,505.72,44350,stock
2026-06-02,NABIL,514.29,511.34,514.29,504.76,43239,stock
2026-06-03,NABIL,510.48,510.95,513.34,506.67,36962,stock
2026-06-04,NABIL,536.19,513.15,536.19,505.81,35729,stock
2026-06-05,NABIL,511.43,509.53,514.29,509.53,38895,stock
2026-06-08,NABIL,510.48,507.62,514.19,504.95,52406,stock
2026-06-09,NABIL,505.72,507.62,509.53,504.86,49834,stock
2026-06-10,NABIL,509.53,510.48,512.38,506.19,29859,stock
2026-06-11,NABIL,510.48,507.72,512.19,507.72,31193,stock
2026-06-12,NABIL,507.72,507.62,509.53,506.67,27399,stock
2026-06-15,NABIL,507.62,506.19,511.15,504.76,39328,stock
2026-06-16,NABIL,506.67,506.67,509.53,506.0,30151,stock
2026-06-17,NABIL,506.67,506.67,509.53,505.24,20805,stock
2026-06-18,NABIL,481.34,506.67,513.34,481.34,23502,stock
2026-06-19,NABIL,510.48,505.72,510.48,504.86,37753,stock
2026-06-22,NABIL,509.53,505.72,509.53,501.91,34257,stock
2026-06-23,NABIL,505.72,503.81,505.72,502.86,33271,stock
2026-06-24,NABIL,503.81,499.53,509.34,495.24,68419,stock
2026-06-25,NABIL,499.05,497.05,499.05,496.19,47945,stock
2026-06-26,NABIL,498.1,500.0,504.67,494.76,47709,stock
2026-06-29,NABIL,500.0,499.05,504.76,497.15,29220,stock
2026-06-30,NABIL,500.95,497.05,501.91,495.43,24993,stock
2026-07-01,NABIL,495.24,500.0,500.95,490.56,44906,stock
2026-07-02,NABIL,504.76,515.24,519.24,487.62,231443,stock
2026-07-03,NABIL,514.29,504.76,515.24,494.29,114343,stock
2026-07-06,NABIL,504.76,500.95,509.53,498.1,37851,stock
2026-07-07,NABIL,501.91,508.57,519.05,495.24,192322,stock
2026-07-08,NABIL,508.57,506.67,514.1,502.95,32674,stock
2026-07-09,NABIL,506.67,503.43,507.62,502.38,42398,stock
2026-07-10,NABIL,508.57,502.67,508.57,501.91,53475,stock
2026-07-13,NABIL,504.76,501.24,505.72,500.0,48177,stock
2026-07-14,NABIL,500.1,504.86,507.53,500.1,10,stock
2026-07-15,NABIL,490.48,508.57,510.48,490.48,57577,stock
2026-07-16,NABIL,510.0,509.43,512.29,508.57,28326,stock
2026-07-17,NABIL,513.34,516.86,520.0,510.48,20,stock
2026-07-20,NABIL,523.81,523.81,524.86,516.86,100779,stock
2026-07-21,NABIL,525.72,522.86,528.48,521.91,102884,stock
2026-07-22,NABIL,523.81,520.76,523.81,520.0,48017,stock
2026-07-23,NABIL,520.0,523.81,523.81,519.05,40281,stock
2026-07-24,NABIL,523.81,526.76,531.05,520.1,91376,stock
2026-07-27,NABIL,526.67,533.34,540.95,526.67,155380,stock
2026-07-28,NABIL,533.34,531.43,533.34,527.62,61497,stock
2026-07-29,NABIL,531.43,530.95,533.34,527.15,58797,stock
2026-07-30,NABIL,504.76,528.1,539.05,504.76,50772,stock
2026-07-31,NABIL,528.1,529.53,532.0,523.81,45634,stock
2026-08-03,NABIL,503.05,530.57,540.95,503.05,53226,stock
2026-08-04,NABIL,533.34,531.43,535.05,530.0,60087,stock
2026-08-05,NABIL,504.86,530.48,536.19,504.86,75852,stock
2026-08-06,NABIL,540.95,525.72,540.95,523.81,53215,stock
2026-08-07,NABIL,525.72,529.53,533.34,523.91,83780,stock
2026-08-10,NABIL,529.53,523.24,529.62,521.91,44025,stock
2026-08-11,NABIL,529.53,524.76,529.53,522.86,26088,stock
2026-08-12,NABIL,524.76,523.81,528.57,522.86,27049,stock
2026-08-13,NABIL,523.81,523.81,526.67,521.91,20477,stock
2026-08-14,NABIL,523.81,523.72,525.72,522.86,22999,stock
2026-08-17,NABIL,523.72,525.24,528.57,523.72,30252,stock
2026-08-18,NABIL,528.57,523.81,528.57,521.91,36097,stock
2026-08-19,NABIL,529.53,521.91,529.53,519.05,95755,stock
2026-08-20,NABIL,523.81,522.38,525.72,520.95,27241,stock
2026-08-21,NABIL,523.81,519.05,525.72,518.29,38251,stock
2026-08-24,NABIL,519.05,515.72,520.0,514.29,34780,stock
2026-08-25,NABIL,515.72,514.86,517.15,514.29,31533,stock
2026-08-26,NABIL,514.86,511.24,516.19,509.43,42608,stock
2026-08-27,NABIL,509.53,514.48,516.19,504.76,36950,stock
2026-08-31,NABIL,514.29,509.72,519.05,509.62,43318,stock
2026-09-01,NABIL,509.53,510.95,514.1,507.62,25051,stock
2026-09-02,NABIL,514.29,511.91,516.1,511.43,24088,stock
2026-09-03,NABIL,514.29,513.34,514.29,511.91,21616,stock
2026-09-07,NABIL,519.15,526.19,529.05,519.15,126376,stock
2026-09-09,NABIL,526.67,525.72,533.34,525.72,48778,stock
2026-09-10,NABIL,528.57,526.19,528.57,523.81,56560,stock
2026-09-11,NABIL,525.72,525.72,528.48,524.76,37182,stock
2026-09-14,NABIL,525.72,527.62,530.48,524.95,38965,stock
2026-09-15,NABIL,553.34,533.34,553.34,528.57,100142,stock
2026-09-16,NABIL,538.1,533.34,540.0,530.67,55113,stock
2026-09-17,NABIL,533.34,533.34,538.1,531.53,51747,stock
2026-09-18,NABIL,534.29,536.1,537.05,533.34,71074,stock
2026-09-22,NABIL,538.1,538.76,540.0,534.38,90005,stock
2026-09-23,NABIL,542.86,538.1,542.86,538.1,88903,stock
2026-09-24,NABIL,539.05,541.91,542.86,539.05,70749,stock
2026-09-28,NABIL,541.91,540.0,543.24,540.0,71637,stock
2026-09-29,NABIL,567.0,566.0,568.0,563.0,124425,stock
2026-09-30,NABIL,538.0,530.7,538.9,529.0,96214,stock
2026-10-01,NABIL,531.0,528.5,532.0,525.0,73656,stock
2026-10-02,NABIL,529.0,528.7,533.0,525.0,60404,stock
2026-10-05,NABIL,530.0,527.3,530.5,526.0,53979,stock
2026-10-06,NABIL,528.0,531.0,532.0,528.0,53949,stock
2026-10-07,NABIL,531.0,532.9,533.0,528.0,49276,stock
2026-10-08,NABIL,533.0,533.0,534.0,530.0,47911,stock
