time,symbol,open,close,high,low,volume,category
2016-09-07,NGPL,109.85,109.85,109.85,109.85,200,stock
2016-09-14,NGPL,110.47,113.24,113.24,110.47,70,stock
2016-09-18,NGPL,113.99,114.74,114.74,113.99,40,stock
2016-09-20,NGPL,115.5,118.63,118.63,115.5,744,stock
2016-09-21,NGPL,119.39,120.27,120.27,119.39,33,stock
2016-09-22,NGPL,121.14,121.14,121.14,121.14,10,stock
2016-09-25,NGPL,121.14,121.14,121.14,121.14,10,stock
2016-09-26,NGPL,126.67,130.68,130.68,126.67,2100,stock
2016-09-27,NGPL,131.69,126.54,136.21,126.17,15383,stock
2016-09-28,NGPL,126.54,130.31,130.31,125.91,4662,stock
2016-09-29,NGPL,130.56,133.82,135.83,130.56,7258,stock
2016-10-02,NGPL,132.69,129.18,132.69,128.05,1282,stock
2016-10-03,NGPL,129.55,130.31,131.56,129.3,1968,stock
2016-10-04,NGPL,129.3,129.68,130.43,129.3,732,stock
2016-10-05,NGPL,129.68,129.3,129.68,129.18,520,stock
2016-10-06,NGPL,128.3,130.31,131.31,128.3,511,stock
2016-10-16,NGPL,130.31,128.8,130.31,128.42,339,stock
2016-10-17,NGPL,127.8,127.92,129.05,127.55,1075,stock
2016-10-18,NGPL,127.92,126.29,127.92,126.29,1064,stock
2016-10-19,NGPL,126.54,126.67,129.93,125.54,2962,stock
2016-10-20,NGPL,126.92,129.05,129.68,126.92,2743,stock
2016-10-23,NGPL,129.05,127.55,129.05,126.42,7497,stock
2016-10-24,NGPL,127.8,126.04,127.8,125.04,3821,stock
2016-10-25,NGPL,126.17,125.91,127.17,124.53,2395,stock
2016-10-26,NGPL,126.92,124.28,126.92,124.28,6824,stock
2016-10-27,NGPL,125.16,125.29,126.04,124.03,2172,stock
2016-11-03,NGPL,125.16,123.4,125.16,123.4,160,stock
2016-11-07,NGPL,123.4,123.15,123.4,122.78,842,stock
2016-11-08,NGPL,123.4,120.39,123.4,120.39,1597,stock
2016-11-09,NGPL,120.89,117.75,120.89,117.5,1216,stock
2016-11-10,NGPL,117.75,118.51,118.51,116.25,160,stock
2016-11-13,NGPL,118.51,118.01,119.01,117.5,633,stock
2016-11-14,NGPL,118.01,118.26,118.38,117.75,1271,stock
2016-11-15,NGPL,117.75,117.25,117.88,117.13,1645,stock
2016-11-16,NGPL,117.13,115.87,117.13,115.87,218,stock
2016-11-17,NGPL,116.37,116.37,116.37,115.24,310,stock
2016-11-20,NGPL,115.87,113.99,115.87,113.99,234,stock
2016-11-21,NGPL,113.36,113.24,113.36,111.98,1703,stock
2016-11-22,NGPL,113.24,111.98,113.24,111.98,817,stock
2016-11-23,NGPL,111.48,111.6,112.61,111.35,1426,stock
2016-11-24,NGPL,111.6,112.48,112.48,111.6,102,stock
2016-11-27,NGPL,112.48,112.23,112.48,111.48,215,stock
2016-11-28,NGPL,111.6,112.73,112.73,111.6,103,stock
2016-11-29,NGPL,112.98,115.62,115.75,112.98,305,stock
2016-11-30,NGPL,115.87,115.87,117.25,115.87,420,stock
2016-12-01,NGPL,115.87,113.36,116.62,113.36,2042,stock
2016-12-04,NGPL,113.36,112.73,113.36,112.73,1090,stock
2016-12-05,NGPL,112.73,112.48,113.24,111.6,226,stock
2016-12-06,NGPL,111.85,112.86,113.49,111.85,1290,stock
2016-12-07,NGPL,112.86,111.73,113.36,111.6,525,stock
2016-12-08,NGPL,111.73,111.1,112.36,111.1,1389,stock
2016-12-11,NGPL,110.6,110.72,110.72,109.97,462,stock
2016-12-12,NGPL,111.35,109.59,111.35,109.59,240,stock
2016-12-14,NGPL,109.59,110.22,110.22,108.34,338,stock
2016-12-15,NGPL,110.85,110.22,110.85,110.22,40,stock
2016-12-18,NGPL,110.22,109.59,110.22,109.59,306,stock
2016-12-19,NGPL,109.59,108.72,109.59,108.72,699,stock
2016-12-20,NGPL,109.34,108.09,109.34,107.84,359,stock
2016-12-21,NGPL,107.46,106.58,107.46,105.45,161,stock
2016-12-22,NGPL,105.95,107.59,107.59,105.95,262,stock
2016-12-26,NGPL,106.96,107.21,107.59,106.96,600,stock
2016-12-27,NGPL,106.58,107.34,107.34,106.58,122,stock
2016-12-28,NGPL,107.08,107.34,107.96,107.08,251,stock
2016-12-29,NGPL,107.34,107.96,107.96,107.34,1218,stock
2017-01-01,NGPL,108.59,109.85,110.85,108.47,193,stock
2017-01-02,NGPL,110.22,110.85,110.85,110.22,1337,stock
2017-01-03,NGPL,110.22,110.22,110.85,110.22,130,stock
2017-01-04,NGPL,110.22,110.98,111.48,110.22,126,stock
2017-01-05,NGPL,110.98,113.11,113.11,110.98,670,stock
2017-01-08,NGPL,113.11,112.61,113.86,112.36,670,stock
2017-01-09,NGPL,112.73,110.47,112.61,109.85,1009,stock
2017-01-10,NGPL,111.1,112.11,112.11,111.1,90,stock
2017-01-11,NGPL,112.11,111.6,112.11,111.6,140,stock
2017-01-12,NGPL,111.1,112.23,112.23,111.1,1030,stock
2017-01-15,NGPL,112.36,111.98,112.36,111.73,290,stock
2017-01-16,NGPL,112.11,111.48,111.48,111.35,22,stock
2017-01-17,NGPL,111.48,112.36,112.36,111.48,1803,stock
2017-01-18,NGPL,111.73,111.98,111.98,111.73,237,stock
2017-01-19,NGPL,111.35,110.98,111.48,110.72,92,stock
2017-01-22,NGPL,110.35,110.47,110.6,109.85,670,stock
2017-01-23,NGPL,110.85,109.72,110.85,109.47,379,stock
2017-01-24,NGPL,109.59,109.59,109.72,109.22,130,stock
2017-01-25,NGPL,109.59,107.71,109.59,107.71,115,stock
2017-01-26,NGPL,107.34,107.21,107.34,106.71,527,stock
2017-01-30,NGPL,106.58,105.95,106.58,105.95,80,stock
2017-01-31,NGPL,106.46,107.08,107.08,106.46,317,stock
2017-02-01,NGPL,106.46,109.85,109.85,106.46,1300,stock
2017-02-02,NGPL,109.72,109.09,110.35,108.97,282,stock
2017-02-05,NGPL,109.09,108.21,109.09,108.21,324,stock
2017-02-06,NGPL,108.21,107.96,108.34,107.71,162,stock
2017-02-07,NGPL,108.09,108.34,108.34,107.71,1540,stock
2017-02-08,NGPL,108.34,109.09,109.09,106.58,1131,stock
2017-02-09,NGPL,108.84,107.71,108.84,107.71,370,stock
2017-02-12,NGPL,107.08,105.83,107.08,105.83,441,stock
2017-02-13,NGPL,105.33,104.95,105.33,104.82,89,stock
2017-02-14,NGPL,105.45,106.21,106.21,105.45,717,stock
2017-02-15,NGPL,105.83,106.33,106.33,105.83,183,stock
2017-02-16,NGPL,106.83,108.97,108.97,106.83,520,stock
2017-02-19,NGPL,108.34,107.96,108.59,107.96,160,stock
2017-02-20,NGPL,107.96,109.34,109.97,107.96,362,stock
2017-02-21,NGPL,109.85,108.59,109.85,108.59,270,stock
2017-02-22,NGPL,107.96,108.21,108.21,107.46,428,stock
2017-02-23,NGPL,108.21,107.71,108.34,107.71,80,stock
2017-02-26,NGPL,108.09,106.83,108.34,106.08,1210,stock
2017-02-28,NGPL,106.83,106.46,106.83,106.21,120,stock
2017-03-01,NGPL,106.46,106.83,106.83,105.7,709,stock
2017-03-02,NGPL,106.21,106.46,106.58,105.95,3810,stock
2017-03-05,NGPL,107.08,107.46,107.59,107.08,228,stock
2017-03-06,NGPL,107.46,106.71,107.46,106.21,281,stock
2017-03-07,NGPL,106.71,106.46,107.08,106.46,207,stock
2017-03-09,NGPL,105.83,106.58,106.96,105.08,408,stock
2017-03-13,NGPL,106.21,106.71,106.83,105.95,200,stock
2017-03-14,NGPL,107.08,106.96,107.08,106.46,100,stock
2017-03-15,NGPL,106.58,106.46,106.58,106.46,30,stock
2017-03-16,NGPL,106.46,108.34,108.34,106.46,1503,stock
2017-03-19,NGPL,108.34,107.71,107.96,107.08,168,stock
2017-03-20,NGPL,107.84,109.09,109.09,107.84,141,stock
2017-03-21,NGPL,109.72,110.22,110.22,109.09,320,stock
2017-03-22,NGPL,109.72,110.35,110.85,109.72,675,stock
2017-03-23,NGPL,109.72,109.72,110.98,108.84,1576,stock
2017-03-26,NGPL,109.09,110.98,112.11,107.84,2073,stock
2017-03-28,NGPL,110.98,112.73,112.73,111.48,520,stock
2017-03-29,NGPL,112.73,112.11,114.24,112.11,2252,stock
2017-03-30,NGPL,112.11,111.48,112.86,111.1,616,stock
2017-04-02,NGPL,111.48,112.11,112.11,111.48,5785,stock
2017-04-03,NGPL,112.73,110.85,112.73,110.85,599,stock
2017-04-04,NGPL,110.85,111.6,112.11,110.22,701,stock
2017-04-06,NGPL,111.6,112.86,112.98,111.6,7059,stock
2017-04-09,NGPL,112.86,114.74,115.12,112.86,1189,stock
2017-04-10,NGPL,114.62,116.37,116.37,114.62,1182,stock
2017-04-11,NGPL,116.88,117.25,117.25,114.99,2441,stock
2017-04-12,NGPL,116.5,115.37,116.5,115.24,626,stock
2017-04-13,NGPL,114.62,115.62,116.12,114.62,1332,stock
2017-04-16,NGPL,114.87,114.99,115.24,114.87,110,stock
2017-04-18,NGPL,115.24,114.99,115.24,114.49,977,stock
2017-04-19,NGPL,114.99,115.24,115.75,114.49,866,stock
2017-04-20,NGPL,115.87,115.5,116.25,115.12,2458,stock
2017-04-23,NGPL,115.24,114.49,116.0,114.49,684,stock
2017-04-24,NGPL,113.86,113.86,114.24,113.74,1148,stock
2017-04-25,NGPL,113.99,114.11,114.62,113.86,496,stock
2017-04-26,NGPL,114.11,113.99,114.24,113.36,1689,stock
2017-04-27,NGPL,113.24,114.11,114.11,112.23,893,stock
2017-04-30,NGPL,113.36,113.24,113.36,112.61,240,stock
2017-05-02,NGPL,112.48,113.24,113.99,112.48,609,stock
2017-05-03,NGPL,112.86,116.75,116.75,112.73,1063,stock
2017-05-04,NGPL,116.62,115.24,116.62,115.24,664,stock
2017-05-07,NGPL,114.62,114.74,114.74,114.62,140,stock
2017-05-08,NGPL,113.99,114.11,114.11,113.99,192,stock
2017-05-09,NGPL,114.11,115.12,115.12,113.36,1126,stock
2017-05-11,NGPL,115.37,116.88,119.01,115.37,2467,stock
2017-05-15,NGPL,116.88,116.0,116.88,115.37,679,stock
2017-05-16,NGPL,115.24,115.24,115.87,113.86,680,stock
2017-05-17,NGPL,115.24,114.87,115.87,114.87,332,stock
2017-05-18,NGPL,114.87,114.24,114.62,113.86,110,stock
2017-05-21,NGPL,113.61,113.61,113.86,113.61,180,stock
2017-05-22,NGPL,112.86,112.23,112.86,112.11,140,stock
2017-05-23,NGPL,112.48,112.73,113.49,112.36,490,stock
2017-05-24,NGPL,112.73,113.99,113.99,111.98,477,stock
2017-05-28,NGPL,113.24,112.86,113.24,112.11,792,stock
2017-05-30,NGPL,112.11,112.73,113.11,112.11,668,stock
2017-05-31,NGPL,112.73,113.11,114.24,112.73,730,stock
2017-06-01,NGPL,112.73,112.73,113.11,112.36,272,stock
2017-06-04,NGPL,113.36,112.73,113.49,112.23,1758,stock
2017-06-05,NGPL,112.73,112.61,113.11,111.98,539,stock
2017-06-06,NGPL,112.23,113.49,113.49,112.23,1271,stock
2017-06-07,NGPL,114.24,112.48,114.24,112.11,1136,stock
2017-06-08,NGPL,111.98,112.23,112.48,111.85,1753,stock
2017-06-11,NGPL,111.6,111.23,111.73,110.98,809,stock
2017-06-12,NGPL,110.6,110.85,110.85,109.97,435,stock
2017-06-13,NGPL,110.85,110.1,111.48,109.09,615,stock
2017-06-14,NGPL,110.22,110.35,110.72,108.97,462,stock
2017-06-15,NGPL,109.72,111.1,111.1,109.72,370,stock
2017-06-18,NGPL,111.1,109.09,110.85,108.47,118,stock
2017-06-19,NGPL,108.97,109.22,109.59,108.97,1100,stock
2017-06-20,NGPL,109.34,109.09,109.34,108.72,428,stock
2017-06-21,NGPL,109.22,110.35,110.35,109.22,461,stock
2017-06-22,NGPL,110.47,109.59,110.47,109.59,222,stock
2017-06-25,NGPL,108.97,110.22,110.22,108.47,202,stock
2017-06-27,NGPL,109.85,110.85,110.85,109.85,484,stock
2017-06-28,NGPL,110.22,109.72,110.35,109.59,162,stock
2017-07-02,NGPL,109.59,108.47,109.59,108.34,905,stock
2017-07-03,NGPL,108.72,108.97,109.09,108.21,789,stock
2017-07-04,NGPL,109.09,108.47,109.22,108.47,518,stock
2017-07-05,NGPL,107.84,108.09,108.47,107.84,170,stock
2017-07-06,NGPL,108.09,108.09,108.72,107.46,662,stock
2017-07-09,NGPL,108.09,107.34,107.59,106.83,1837,stock
2017-07-10,NGPL,107.46,107.46,107.71,106.83,121,stock
2017-07-11,NGPL,107.46,108.34,108.34,107.08,262,stock
2017-07-12,NGPL,107.71,108.09,108.59,107.71,380,stock
2017-07-13,NGPL,107.46,108.09,108.59,106.46,573,stock
2017-07-16,NGPL,107.71,108.09,108.59,107.71,244,stock
2017-07-17,NGPL,107.71,107.84,108.34,107.71,289,stock
2017-07-18,NGPL,107.71,108.21,108.34,107.71,332,stock
2017-07-19,NGPL,108.84,107.96,108.84,107.71,454,stock
2017-07-20,NGPL,107.71,108.09,108.34,107.71,497,stock
2017-07-23,NGPL,107.96,108.84,109.34,107.08,457,stock
2017-07-24,NGPL,108.21,107.71,108.21,106.96,319,stock
2017-07-25,NGPL,107.71,110.85,110.98,107.71,2331,stock
2017-07-26,NGPL,110.35,109.34,110.35,109.09,860,stock
2017-07-27,NGPL,108.59,110.47,110.47,107.96,582,stock
2017-07-30,NGPL,109.85,109.97,109.97,108.59,445,stock
2017-07-31,NGPL,110.6,109.22,110.6,108.97,570,stock
2017-08-01,NGPL,108.84,112.23,112.61,108.84,843,stock
2017-08-02,NGPL,112.23,110.72,112.23,110.47,1149,stock
2017-08-03,NGPL,110.72,110.85,111.48,110.22,1581,stock
2017-08-06,NGPL,110.35,110.98,111.48,110.22,841,stock
2017-08-07,NGPL,110.35,110.1,110.6,109.85,404,stock
2017-08-09,NGPL,109.47,109.47,110.35,109.22,597,stock
2017-08-10,NGPL,110.1,110.47,111.1,109.72,1278,stock
2017-08-13,NGPL,109.85,109.34,109.97,109.22,673,stock
2017-08-15,NGPL,108.84,109.09,109.34,108.84,801,stock
2017-08-16,NGPL,108.72,108.59,108.84,108.59,348,stock
2017-08-17,NGPL,107.96,108.47,108.59,107.96,398,stock
2017-08-20,NGPL,107.84,108.34,108.34,107.84,126,stock
2017-08-21,NGPL,107.71,107.96,108.34,107.46,186,stock
2017-08-22,NGPL,107.34,107.34,107.96,107.08,371,stock
2017-08-23,NGPL,107.21,107.84,108.47,107.21,626,stock
2017-08-24,NGPL,107.84,109.85,109.85,107.84,2667,stock
2017-08-27,NGPL,109.85,110.85,110.85,108.21,1940,stock
2017-08-28,NGPL,111.48,111.6,113.74,111.35,6472,stock
2017-08-30,NGPL,110.72,109.97,111.85,109.97,2557,stock
2017-08-31,NGPL,109.97,109.22,111.48,109.09,2976,stock
2017-09-04,NGPL,108.97,111.48,111.48,108.97,2617,stock
2017-09-06,NGPL,111.48,108.97,111.48,108.47,3289,stock
2017-09-07,NGPL,108.49,107.11,108.21,106.42,1459,stock
2017-09-10,NGPL,106.28,106.0,106.83,106.0,1530,stock
2017-09-11,NGPL,105.73,107.25,107.25,105.73,161,stock
2017-09-12,NGPL,106.7,105.73,106.7,105.45,205,stock
2017-09-13,NGPL,106.14,105.45,106.14,105.45,150,stock
2017-09-14,NGPL,105.45,107.8,107.8,105.45,208,stock
2017-09-17,NGPL,108.35,107.8,108.35,107.25,178,stock
2017-09-18,NGPL,107.8,106.83,107.94,106.7,157,stock
2017-09-20,NGPL,106.7,106.56,106.83,106.42,238,stock
2017-09-24,NGPL,106.83,106.0,106.97,106.0,317,stock
2017-09-25,NGPL,106.56,106.56,106.56,106.56,110,stock
2017-09-26,NGPL,106.56,107.8,108.08,106.56,130,stock
2017-10-03,NGPL,107.8,107.66,107.8,107.66,116,stock
2017-10-04,NGPL,108.35,107.8,108.35,107.8,170,stock
2017-10-08,NGPL,107.52,107.52,107.52,107.52,37,stock
2017-10-09,NGPL,107.66,106.42,107.66,106.42,90,stock
2017-10-10,NGPL,105.87,106.42,107.39,105.87,322,stock
2017-10-11,NGPL,105.87,105.87,106.42,105.31,182,stock
2017-10-12,NGPL,106.42,106.7,106.7,106.0,284,stock
2017-10-15,NGPL,106.83,106.83,106.83,106.42,215,stock
2017-10-16,NGPL,106.7,107.39,107.39,106.42,100,stock
2017-10-17,NGPL,106.83,106.83,106.83,106.28,71,stock
2017-10-18,NGPL,106.28,108.49,108.49,106.28,385,stock
2017-10-22,NGPL,109.04,108.49,109.04,108.49,104,stock
2017-10-24,NGPL,108.49,108.77,108.77,107.52,226,stock
2017-10-29,NGPL,108.77,108.77,108.77,108.77,10,stock
2017-10-30,NGPL,108.21,107.66,108.21,107.66,20,stock
2017-10-31,NGPL,107.11,108.63,108.63,106.83,140,stock
2017-11-01,NGPL,108.49,107.25,108.49,106.83,245,stock
2017-11-02,NGPL,106.7,106.56,106.83,106.28,176,stock
2017-11-05,NGPL,106.28,108.49,108.49,106.14,927,stock
2017-11-06,NGPL,108.49,107.66,108.21,106.0,356,stock
2017-11-07,NGPL,107.11,107.11,107.11,107.11,90,stock
2017-11-08,NGPL,106.56,108.21,108.21,106.56,60,stock
2017-11-09,NGPL,108.21,107.52,108.21,106.83,215,stock
2017-11-12,NGPL,107.52,106.83,106.97,106.42,113,stock
2017-11-13,NGPL,106.28,108.49,108.49,106.28,177,stock
2017-11-14,NGPL,107.94,107.39,108.9,107.39,320,stock
2017-11-15,NGPL,106.83,107.25,107.25,106.42,1166,stock
2017-11-16,NGPL,106.7,108.35,108.35,106.28,251,stock
2017-11-19,NGPL,108.35,106.83,108.9,106.83,399,stock
2017-11-20,NGPL,106.83,107.8,107.8,106.83,50,stock
2017-11-21,NGPL,108.35,108.08,108.9,107.25,630,stock
2017-11-22,NGPL,108.21,108.63,109.46,107.8,1631,stock
2017-11-23,NGPL,108.63,108.21,109.32,108.21,2125,stock
2017-11-26,NGPL,108.21,108.9,108.9,107.52,393,stock
2017-11-27,NGPL,108.9,109.87,109.87,108.77,470,stock
2017-11-28,NGPL,109.18,109.18,109.18,108.21,2800,stock
2017-11-29,NGPL,109.73,109.59,110.42,108.9,570,stock
2017-11-30,NGPL,108.9,109.46,109.46,108.35,751,stock
2017-12-04,NGPL,108.9,110.29,110.29,108.9,181,stock
2017-12-05,NGPL,110.98,109.73,110.98,108.9,392,stock
2017-12-06,NGPL,109.87,110.84,110.84,108.77,1683,stock
2017-12-10,NGPL,110.15,110.29,110.98,109.04,1851,stock
2017-12-11,NGPL,109.59,109.32,109.59,108.49,269,stock
2017-12-12,NGPL,109.18,109.87,110.56,108.77,487,stock
2017-12-13,NGPL,109.18,110.29,110.29,108.77,237,stock
2017-12-14,NGPL,110.84,109.04,110.84,109.04,90,stock
2017-12-17,NGPL,110.84,110.42,110.98,108.9,427,stock
2017-12-18,NGPL,109.73,110.84,110.84,108.77,414,stock
2017-12-20,NGPL,110.29,109.59,110.29,108.9,330,stock
2017-12-21,NGPL,110.29,110.84,110.84,110.29,20,stock
2017-12-24,NGPL,111.25,110.56,111.25,110.56,110,stock
2017-12-26,NGPL,109.87,109.32,109.87,108.63,782,stock
2017-12-27,NGPL,109.87,108.63,110.56,108.63,230,stock
2017-12-28,NGPL,108.08,108.08,108.63,107.11,330,stock
2017-12-31,NGPL,108.21,106.97,108.21,106.97,342,stock
2018-01-01,NGPL,107.52,108.63,108.63,107.52,251,stock
2018-01-02,NGPL,109.18,108.21,110.42,107.94,181,stock
2018-01-03,NGPL,107.66,108.77,108.77,107.66,1208,stock
2018-01-04,NGPL,108.21,108.08,108.21,107.52,282,stock
2018-01-07,NGPL,107.66,108.21,108.21,107.66,750,stock
2018-01-08,NGPL,108.21,107.8,108.21,107.66,446,stock
2018-01-09,NGPL,107.8,108.35,108.35,107.25,160,stock
2018-01-10,NGPL,108.49,108.08,108.49,107.52,740,stock
2018-01-14,NGPL,107.52,107.11,107.66,107.11,197,stock
2018-01-16,NGPL,106.56,106.83,106.97,106.28,135,stock
2018-01-17,NGPL,106.83,106.42,106.83,106.42,582,stock
2018-01-21,NGPL,106.14,106.97,107.25,106.14,568,stock
2018-01-22,NGPL,107.11,107.66,107.66,106.56,412,stock
2018-01-23,NGPL,107.11,106.56,107.39,106.56,365,stock
2018-01-24,NGPL,106.56,106.7,107.52,106.56,430,stock
2018-01-25,NGPL,106.28,106.56,106.83,106.0,197,stock
2018-01-28,NGPL,106.0,106.83,106.97,106.0,1125,stock
2018-01-29,NGPL,106.28,107.39,107.39,106.28,447,stock
2018-01-31,NGPL,106.83,106.42,106.83,106.42,141,stock
2018-02-01,NGPL,106.83,107.8,107.8,106.83,355,stock
2018-02-04,NGPL,107.8,107.52,107.8,106.83,107,stock
2018-02-05,NGPL,106.97,106.97,106.97,106.97,12,stock
2018-02-06,NGPL,107.52,106.56,107.52,105.87,676,stock
2018-02-07,NGPL,106.0,106.56,106.56,106.0,3295,stock
2018-02-08,NGPL,106.97,107.11,107.11,106.42,2691,stock
2018-02-11,NGPL,106.56,106.83,107.39,105.59,553,stock
2018-02-12,NGPL,106.28,107.39,107.39,106.28,297,stock
2018-02-14,NGPL,106.83,106.0,106.83,105.87,718,stock
2018-02-15,NGPL,106.56,107.39,107.52,106.42,1243,stock
2018-02-18,NGPL,107.39,106.7,107.52,106.42,440,stock
2018-02-20,NGPL,106.56,106.14,106.7,106.14,498,stock
2018-02-21,NGPL,106.0,105.87,106.0,105.45,901,stock
2018-02-22,NGPL,105.45,105.31,106.0,105.04,243,stock
2018-02-25,NGPL,105.59,105.18,105.73,104.76,213,stock
2018-02-26,NGPL,105.45,104.76,105.45,104.76,1248,stock
2018-02-27,NGPL,104.21,104.07,104.21,103.66,640,stock
2018-02-28,NGPL,104.49,104.62,104.62,103.8,198,stock
2018-03-06,NGPL,104.07,102.69,104.07,102.41,1056,stock
2018-03-07,NGPL,102.83,103.93,103.93,102.83,123,stock
2018-03-11,NGPL,103.93,103.52,104.07,103.38,436,stock
2018-03-12,NGPL,103.52,102.14,103.1,102.14,1582,stock
2018-03-13,NGPL,102.14,103.24,103.38,101.72,787,stock
2018-03-14,NGPL,103.8,104.07,104.07,103.24,902,stock
2018-03-15,NGPL,104.35,104.35,104.76,103.38,988,stock
2018-03-18,NGPL,104.21,105.18,105.18,104.21,292,stock
2018-03-19,NGPL,105.18,104.9,105.18,104.21,558,stock
2018-03-20,NGPL,104.35,104.35,104.76,104.35,27,stock
2018-03-21,NGPL,104.21,103.24,104.21,103.24,1167,stock
2018-03-22,NGPL,102.69,103.8,103.8,102.69,594,stock
2018-03-26,NGPL,103.8,103.8,103.8,103.24,1061,stock
2018-03-27,NGPL,103.24,103.1,103.24,102.41,369,stock
2018-03-28,NGPL,103.8,104.35,104.35,103.24,774,stock
2018-03-29,NGPL,104.9,105.45,105.59,104.62,889,stock
2018-04-01,NGPL,104.9,103.93,104.9,102.69,352,stock
2018-04-02,NGPL,104.49,103.24,104.9,103.24,133,stock
2018-04-03,NGPL,102.83,103.24,103.38,102.83,746,stock
2018-04-04,NGPL,103.24,102.83,103.38,102.83,1134,stock
2018-04-05,NGPL,103.38,104.07,104.35,103.38,913,stock
2018-04-08,NGPL,103.52,104.07,104.62,103.52,1246,stock
2018-04-09,NGPL,104.07,103.8,104.35,103.8,402,stock
2018-04-10,NGPL,103.52,102.83,103.8,102.83,554,stock
2018-04-11,NGPL,102.41,102.69,103.38,102.41,273,stock
2018-04-12,NGPL,102.69,102.41,103.24,102.28,423,stock
2018-04-15,NGPL,102.41,102.69,102.69,102.28,438,stock
2018-04-16,NGPL,102.69,102.97,103.52,102.69,575,stock
2018-04-17,NGPL,103.52,104.07,104.62,103.93,1010,stock
2018-04-18,NGPL,104.07,106.97,106.97,103.52,1623,stock
2018-04-19,NGPL,106.42,106.0,106.42,104.76,1172,stock
2018-04-22,NGPL,106.0,105.04,106.56,104.9,1952,stock
2018-04-23,NGPL,104.9,103.8,104.9,103.8,631,stock
2018-04-24,NGPL,103.24,103.52,104.49,102.69,1064,stock
2018-04-25,NGPL,103.38,104.07,104.07,102.41,682,stock
2018-04-26,NGPL,103.52,102.97,103.66,102.97,211,stock
2018-04-29,NGPL,102.69,102.97,103.1,102.69,411,stock
2018-05-02,NGPL,103.1,103.1,103.1,102.14,166,stock
2018-05-03,NGPL,103.66,103.66,103.8,103.38,179,stock
2018-05-06,NGPL,103.66,102.83,103.66,102.55,228,stock
2018-05-07,NGPL,102.69,103.38,103.38,102.69,532,stock
2018-05-08,NGPL,103.66,103.93,104.21,102.55,880,stock
2018-05-09,NGPL,104.21,104.21,104.21,102.69,1376,stock
2018-05-10,NGPL,104.21,103.38,104.07,102.69,1190,stock
2018-05-14,NGPL,102.83,104.07,104.07,102.28,1717,stock
2018-05-15,NGPL,103.52,104.07,104.07,102.97,83,stock
2018-05-16,NGPL,104.07,104.07,104.07,104.07,122,stock
2018-05-20,NGPL,104.07,103.52,104.07,103.52,23,stock
2018-05-21,NGPL,103.1,103.1,103.1,103.1,7,stock
2018-05-22,NGPL,102.97,102.69,102.97,102.55,208,stock
2018-05-23,NGPL,102.14,102.41,102.69,102.14,481,stock
2018-05-24,NGPL,102.41,102.0,102.83,102.0,478,stock
2018-05-27,NGPL,101.59,101.59,101.72,101.59,462,stock
2018-05-28,NGPL,101.59,102.41,102.41,101.17,123,stock
2018-05-29,NGPL,102.83,102.28,102.83,102.14,433,stock
2018-05-30,NGPL,101.86,102.69,102.97,101.86,492,stock
2018-05-31,NGPL,102.41,102.41,102.83,102.41,177,stock
2018-06-04,NGPL,102.14,100.9,102.14,100.9,136,stock
2018-06-06,NGPL,100.9,101.17,101.17,100.34,486,stock
2018-06-07,NGPL,101.31,100.62,101.31,100.62,171,stock
2018-06-10,NGPL,100.21,99.51,100.21,99.51,154,stock
2018-06-11,NGPL,99.93,98.69,99.93,98.69,432,stock
2018-06-12,NGPL,98.27,99.65,99.65,98.27,401,stock
2018-06-13,NGPL,99.38,98.55,99.38,98.55,1102,stock
2018-06-14,NGPL,98.27,100.62,100.9,98.27,581,stock
2018-06-17,NGPL,100.76,99.93,100.76,99.93,362,stock
2018-06-18,NGPL,99.51,99.51,99.51,99.1,32,stock
2018-06-19,NGPL,99.51,99.1,99.93,99.1,154,stock
2018-06-20,NGPL,99.1,98.82,99.1,98.82,25,stock
2018-06-21,NGPL,98.55,98.96,99.51,98.55,657,stock
2018-06-24,NGPL,98.55,99.38,99.38,98.41,143,stock
2018-06-25,NGPL,99.1,98.55,99.1,98.41,157,stock
2018-06-26,NGPL,98.13,98.13,98.55,98.13,56,stock
2018-06-27,NGPL,98.55,98.13,98.55,98.13,54,stock
2018-06-28,NGPL,98.55,98.96,98.96,98.55,44,stock
2018-07-01,NGPL,97.86,97.31,97.86,97.31,765,stock
2018-07-02,NGPL,97.17,97.86,97.86,97.17,385,stock
2018-07-03,NGPL,97.86,98.41,98.41,97.72,276,stock
2018-07-04,NGPL,98.55,98.13,98.55,98.13,111,stock
2018-07-05,NGPL,98.13,98.55,98.55,98.13,43,stock
2018-07-08,NGPL,98.69,98.27,98.69,97.86,351,stock
2018-07-09,NGPL,98.0,98.27,98.69,98.0,156,stock
2018-07-10,NGPL,97.86,98.27,98.27,97.86,819,stock
2018-07-11,NGPL,98.27,98.96,98.96,97.86,826,stock
2018-07-12,NGPL,98.55,98.55,98.55,97.72,156,stock
2018-07-15,NGPL,98.82,98.82,98.82,98.82,20,stock
2018-07-16,NGPL,99.24,97.58,99.24,97.58,739,stock
2018-07-17,NGPL,97.58,98.27,98.27,97.58,84,stock
2018-07-18,NGPL,97.86,97.58,97.86,97.17,1306,stock
2018-07-19,NGPL,97.17,97.58,97.72,97.17,93,stock
2018-07-22,NGPL,97.31,97.86,97.86,97.31,290,stock
2018-07-23,NGPL,97.17,98.13,98.13,97.17,282,stock
2018-07-24,NGPL,98.13,97.58,98.55,97.58,558,stock
2018-07-25,NGPL,97.58,97.72,97.72,97.17,108,stock
2018-07-26,NGPL,97.44,97.31,97.58,97.31,369,stock
2018-07-29,NGPL,97.17,97.31,97.31,97.17,54,stock
2018-07-30,NGPL,97.31,97.17,97.44,97.17,142,stock
2018-07-31,NGPL,97.58,97.44,97.58,97.17,214,stock
2018-08-01,NGPL,97.86,97.31,97.86,97.31,765,stock
2018-08-02,NGPL,97.17,97.86,97.86,97.17,385,stock
2018-08-05,NGPL,97.86,97.17,97.86,96.75,168,stock
2018-08-06,NGPL,97.17,97.31,97.58,97.17,160,stock
2018-08-07,NGPL,96.89,97.31,97.31,96.89,81,stock
2018-08-08,NGPL,97.03,97.31,97.31,97.03,290,stock
2018-08-09,NGPL,97.31,96.75,97.31,96.75,118,stock
2018-08-12,NGPL,96.48,96.34,96.48,96.34,2567,stock
2018-08-13,NGPL,96.34,96.89,97.03,95.51,4123,stock
2018-08-14,NGPL,96.89,97.58,97.58,96.48,258,stock
2018-08-15,NGPL,98.0,98.27,98.27,97.44,402,stock
2018-08-16,NGPL,97.86,97.44,98.27,97.44,476,stock
2018-08-19,NGPL,97.31,97.44,98.13,97.17,407,stock
2018-08-20,NGPL,97.17,97.17,97.44,97.17,251,stock
2018-08-21,NGPL,97.17,97.58,97.72,96.61,1789,stock
2018-08-22,NGPL,97.17,98.13,98.13,96.75,373,stock
2018-08-23,NGPL,97.72,98.13,98.13,96.89,253,stock
2018-08-26,NGPL,98.0,99.1,99.24,97.86,2920,stock
2018-08-28,NGPL,99.38,98.41,99.51,96.89,3013,stock
2018-08-29,NGPL,98.82,99.38,99.65,98.0,3182,stock
2018-08-30,NGPL,99.79,99.79,99.79,99.79,10,stock
2018-09-02,NGPL,99.38,99.38,99.38,99.38,10,stock
2018-09-03,NGPL,98.96,97.44,98.96,97.17,1912,stock
2018-09-04,NGPL,97.31,97.86,97.86,97.31,456,stock
2018-09-05,NGPL,98.0,97.86,98.27,97.86,211,stock
2018-09-06,NGPL,97.44,96.61,97.44,96.34,864,stock
2018-09-09,NGPL,96.34,95.65,96.34,95.37,2645,stock
2018-09-10,NGPL,95.79,95.23,95.79,95.1,495,stock
2018-09-11,NGPL,95.37,95.1,95.51,94.68,1476,stock
2018-09-12,NGPL,95.37,95.37,95.37,94.68,2642,stock
2018-09-13,NGPL,95.1,95.1,95.65,95.1,164,stock
2018-09-16,NGPL,94.82,95.37,95.65,94.82,299,stock
2018-09-17,NGPL,95.1,95.1,95.1,94.82,169,stock
2018-09-18,NGPL,94.82,95.37,95.37,94.54,946,stock
2018-09-20,NGPL,95.65,95.51,95.92,94.41,1092,stock
2018-09-23,NGPL,95.23,95.79,95.79,94.96,444,stock
2018-09-25,NGPL,95.79,96.2,96.2,95.51,317,stock
2018-09-26,NGPL,95.79,94.82,95.79,94.82,43,stock
2018-09-27,NGPL,94.82,95.51,95.79,94.54,797,stock
2018-09-30,NGPL,95.51,95.51,95.51,95.51,11,stock
2018-10-03,NGPL,95.79,95.79,95.79,95.79,119,stock
2018-10-04,NGPL,95.79,95.79,95.79,95.79,11,stock
2018-10-08,NGPL,95.79,95.23,95.79,94.68,581,stock
2018-10-09,NGPL,94.96,95.79,95.79,94.96,98,stock
2018-10-10,NGPL,95.37,95.23,95.37,95.1,942,stock
2018-10-11,NGPL,95.1,95.23,95.23,94.82,79,stock
2018-10-14,NGPL,94.96,94.82,95.1,94.68,185,stock
2018-10-15,NGPL,94.82,94.54,94.82,94.54,5011,stock
2018-10-21,NGPL,94.27,94.13,94.82,94.13,1068,stock
2018-10-22,NGPL,94.13,93.85,94.13,93.85,609,stock
2018-10-23,NGPL,93.72,94.13,94.13,93.72,532,stock
2018-10-24,NGPL,93.85,93.85,94.13,93.85,72,stock
2018-10-25,NGPL,93.58,93.85,93.85,93.3,437,stock
2018-10-28,NGPL,93.58,93.72,93.72,93.44,98,stock
2018-10-29,NGPL,93.44,93.16,93.72,93.16,467,stock
2018-10-30,NGPL,93.44,93.02,93.44,93.02,222,stock
2018-10-31,NGPL,93.02,93.58,93.58,93.02,44,stock
2018-11-01,NGPL,93.58,93.44,93.58,93.02,244,stock
2018-11-04,NGPL,93.3,93.02,93.3,93.02,521,stock
2018-11-05,NGPL,92.75,93.16,93.16,92.75,167,stock
2018-11-15,NGPL,92.89,93.02,93.16,92.75,221,stock
2018-11-18,NGPL,93.02,92.75,93.02,92.75,72,stock
2018-11-19,NGPL,92.75,92.75,92.75,92.47,772,stock
2018-11-20,NGPL,92.75,92.75,93.02,92.47,502,stock
2018-11-21,NGPL,92.75,92.2,92.75,92.06,860,stock
2018-11-22,NGPL,92.2,92.75,92.75,91.64,670,stock
2018-11-25,NGPL,92.75,93.85,93.85,92.75,310,stock
2018-11-26,NGPL,93.85,93.44,93.85,93.3,1246,stock
2018-11-27,NGPL,93.44,93.3,93.44,93.16,360,stock
2018-11-28,NGPL,93.3,93.85,93.85,93.3,510,stock
2018-11-29,NGPL,93.85,93.58,94.27,93.58,1755,stock
2018-12-02,NGPL,93.58,93.02,93.58,92.75,626,stock
2018-12-03,NGPL,93.02,93.3,93.3,92.75,693,stock
2018-12-04,NGPL,93.3,93.3,93.58,93.02,106,stock
2018-12-06,NGPL,93.02,92.89,93.44,92.89,581,stock
2018-12-09,NGPL,92.89,92.47,92.89,92.47,750,stock
2018-12-10,NGPL,92.47,93.16,93.16,92.2,261,stock
2018-12-11,NGPL,93.16,92.47,93.16,92.47,44,stock
2018-12-12,NGPL,92.47,92.47,92.47,92.47,11,stock
2018-12-13,NGPL,92.47,92.47,92.75,92.47,22,stock
2018-12-16,NGPL,92.47,93.02,93.02,92.33,113,stock
2018-12-17,NGPL,93.02,92.89,93.02,92.75,54,stock
2018-12-18,NGPL,92.89,92.06,92.89,92.06,504,stock
2018-12-19,NGPL,92.06,90.82,92.47,90.82,11024,stock
2018-12-20,NGPL,90.82,91.51,91.92,90.82,3602,stock
2018-12-23,NGPL,91.51,92.06,92.06,91.51,402,stock
2018-12-24,NGPL,92.06,91.64,92.06,91.64,599,stock
2018-12-25,NGPL,91.64,91.64,91.92,91.09,1349,stock
2018-12-26,NGPL,91.64,91.64,91.92,91.64,1669,stock
2018-12-27,NGPL,91.64,91.92,92.2,91.64,4386,stock
2018-12-30,NGPL,91.92,92.47,92.47,91.92,4280,stock
2018-12-31,NGPL,92.47,91.92,92.47,91.64,1972,stock
2019-01-01,NGPL,91.92,91.92,92.06,91.92,961,stock
2019-01-02,NGPL,91.92,91.92,92.06,91.78,69,stock
2019-01-03,NGPL,91.92,92.33,92.47,91.92,358,stock
2019-01-06,NGPL,92.33,92.06,92.33,92.06,353,stock
2019-01-07,NGPL,92.06,91.92,92.06,91.92,478,stock
2019-01-08,NGPL,91.92,92.61,93.02,91.78,2457,stock
2019-01-09,NGPL,92.61,93.16,93.44,92.61,2255,stock
2019-01-10,NGPL,93.16,93.44,93.44,92.61,1034,stock
2019-01-13,NGPL,93.44,93.44,93.44,93.16,3122,stock
2019-01-14,NGPL,93.44,93.3,93.58,93.16,203,stock
2019-01-15,NGPL,93.3,93.44,93.44,93.02,272,stock
2019-01-16,NGPL,93.44,93.3,93.99,93.3,1237,stock
2019-01-17,NGPL,93.3,93.3,93.58,93.02,150,stock
2019-01-20,NGPL,93.3,93.02,93.3,93.02,11,stock
2019-01-21,NGPL,93.02,93.16,93.3,93.02,829,stock
2019-01-22,NGPL,93.16,93.16,93.16,92.89,317,stock
2019-01-23,NGPL,93.16,92.75,93.3,92.75,498,stock
2019-01-24,NGPL,92.75,93.16,93.16,92.47,545,stock
2019-01-27,NGPL,93.16,92.89,93.44,92.89,1134,stock
2019-01-28,NGPL,92.89,93.16,93.16,92.33,2568,stock
2019-01-29,NGPL,93.16,92.61,93.16,92.61,1037,stock
2019-01-30,NGPL,92.61,92.89,93.16,92.2,501,stock
2019-01-31,NGPL,92.89,92.75,93.16,92.75,1983,stock
2019-02-03,NGPL,92.47,92.47,92.75,92.33,284,stock
2019-02-04,NGPL,92.33,92.33,92.61,92.33,662,stock
2019-02-05,NGPL,92.2,93.02,93.02,92.2,555,stock
2019-02-06,NGPL,92.75,92.33,93.02,92.2,57,stock
2019-02-07,NGPL,92.33,92.33,92.61,91.92,1391,stock
2019-02-10,NGPL,92.06,92.33,92.33,91.92,65,stock
2019-02-11,NGPL,92.06,92.33,92.61,92.06,440,stock
2019-02-12,NGPL,92.61,92.47,92.61,92.33,256,stock
2019-02-13,NGPL,92.33,92.47,92.61,92.33,279,stock
2019-02-14,NGPL,92.47,91.64,92.47,91.23,3912,stock
2019-02-17,NGPL,91.37,90.95,91.64,90.95,838,stock
2019-02-18,NGPL,90.95,90.95,91.09,90.82,567,stock
2019-02-19,NGPL,90.95,91.23,91.37,90.95,3595,stock
2019-02-20,NGPL,91.51,91.23,91.51,91.23,466,stock
2019-02-21,NGPL,91.09,91.23,91.37,91.09,55,stock
2019-02-24,NGPL,90.95,90.68,91.23,90.68,655,stock
2019-02-25,NGPL,90.54,90.68,90.68,90.4,714,stock
2019-02-26,NGPL,90.68,90.82,90.95,90.68,160,stock
2019-02-27,NGPL,90.82,91.37,91.37,90.54,839,stock
2019-03-03,NGPL,91.37,91.64,91.64,91.37,77,stock
2019-03-05,NGPL,91.51,91.23,91.64,91.09,1215,stock
2019-03-06,NGPL,90.95,90.95,91.23,90.82,1306,stock
2019-03-07,NGPL,90.68,90.82,91.09,90.68,1002,stock
2019-03-09,NGPL,90.82,90.82,90.82,90.54,173,stock
2019-03-10,NGPL,90.82,90.82,90.82,90.54,173,stock
2019-03-11,NGPL,91.09,92.2,92.2,90.82,51,stock
2019-03-12,NGPL,92.47,92.61,92.75,92.2,939,stock
2019-03-13,NGPL,92.33,91.92,92.61,91.78,1191,stock
2019-03-14,NGPL,92.06,93.02,93.02,91.92,5361,stock
2019-03-17,NGPL,92.75,92.2,92.75,92.2,828,stock
2019-03-18,NGPL,91.92,92.47,92.47,91.92,531,stock
2019-03-19,NGPL,92.2,92.2,92.89,92.2,1117,stock
2019-03-21,NGPL,92.06,92.2,92.75,92.06,685,stock
2019-03-24,NGPL,92.2,92.2,92.47,91.92,1285,stock
2019-03-25,NGPL,91.92,91.92,92.47,91.92,246,stock
2019-03-26,NGPL,92.33,92.06,92.33,91.78,80,stock
2019-03-27,NGPL,92.06,92.06,92.06,91.78,55,stock
2019-03-28,NGPL,91.78,92.61,92.61,91.64,6886,stock
2019-03-31,NGPL,92.61,92.33,92.61,92.33,358,stock
2019-04-01,NGPL,92.06,92.33,92.61,91.92,832,stock
2019-04-02,NGPL,92.2,91.92,92.33,91.64,1457,stock
2019-04-03,NGPL,91.64,92.06,92.33,91.64,1151,stock
2019-04-04,NGPL,91.78,92.2,92.2,91.51,628,stock
2019-04-07,NGPL,92.2,92.47,92.47,91.64,1348,stock
2019-04-08,NGPL,92.47,92.2,92.47,92.2,1200,stock
2019-04-09,NGPL,91.92,92.2,92.47,91.92,1303,stock
2019-04-10,NGPL,92.2,91.92,92.2,91.78,1125,stock
2019-04-11,NGPL,91.64,91.64,91.92,91.51,991,stock
2019-04-15,NGPL,91.64,91.64,91.64,91.51,143,stock
2019-04-16,NGPL,91.37,91.78,91.92,91.37,488,stock
2019-04-17,NGPL,91.78,91.92,91.92,91.51,154,stock
2019-04-18,NGPL,91.64,91.51,91.64,91.37,1034,stock
2019-04-21,NGPL,91.23,91.37,91.64,91.23,10666,stock
2019-04-22,NGPL,91.37,91.37,91.64,91.37,634,stock
2019-04-23,NGPL,91.09,91.23,91.51,91.09,1046,stock
2019-04-24,NGPL,91.09,91.64,91.78,90.95,288,stock
2019-04-25,NGPL,91.37,91.92,91.92,91.09,3016,stock
2019-04-28,NGPL,92.06,92.2,92.33,91.64,3396,stock
2019-04-29,NGPL,91.92,91.64,91.92,91.37,418,stock
2019-04-30,NGPL,91.37,91.92,92.47,91.23,824,stock
2019-05-02,NGPL,91.64,91.64,91.64,91.64,170,stock
2019-05-05,NGPL,91.37,90.82,91.92,90.82,1546,stock
2019-05-06,NGPL,91.09,91.51,91.51,90.95,129,stock
2019-05-07,NGPL,91.23,91.09,91.37,90.95,1121,stock
2019-05-08,NGPL,91.09,91.64,91.78,91.09,230,stock
2019-05-09,NGPL,91.37,91.23,91.37,91.23,256,stock
2019-05-12,NGPL,90.95,91.23,91.51,90.95,561,stock
2019-05-13,NGPL,91.09,91.09,91.51,91.09,188,stock
2019-05-14,NGPL,91.37,91.23,91.64,91.09,470,stock
2019-05-15,NGPL,90.95,91.23,91.64,90.95,627,stock
2019-05-16,NGPL,91.51,91.92,92.47,91.37,1249,stock
2019-05-19,NGPL,91.64,92.2,92.2,91.51,1259,stock
2019-05-20,NGPL,92.33,92.33,92.33,92.33,10,stock
2019-05-21,NGPL,92.06,92.89,92.89,92.06,2566,stock
2019-05-22,NGPL,92.61,93.3,93.72,91.78,11575,stock
2019-05-23,NGPL,93.02,92.33,93.02,91.92,1398,stock
2019-05-26,NGPL,92.06,91.92,92.2,91.78,154,stock
2019-05-27,NGPL,91.64,92.06,92.06,91.51,676,stock
2019-05-28,NGPL,91.78,92.06,92.33,91.64,551,stock
2019-05-29,NGPL,91.92,92.33,92.33,91.51,2716,stock
2019-05-30,NGPL,92.61,92.06,92.89,92.06,1042,stock
2019-06-02,NGPL,92.33,91.64,92.33,91.51,501,stock
2019-06-03,NGPL,91.78,91.64,91.92,91.37,1346,stock
2019-06-04,NGPL,91.92,91.78,92.2,91.64,1705,stock
2019-06-06,NGPL,91.51,91.23,91.78,91.23,220,stock
2019-06-10,NGPL,91.37,91.51,91.78,91.37,524,stock
2019-06-11,NGPL,91.23,92.61,92.61,91.23,76,stock
2019-06-12,NGPL,92.33,91.51,92.33,91.37,379,stock
2019-06-13,NGPL,91.37,91.64,91.78,90.95,1340,stock
2019-06-16,NGPL,91.37,91.09,91.64,91.09,522,stock
2019-06-17,NGPL,91.09,91.78,91.78,91.09,874,stock
2019-06-18,NGPL,91.64,91.51,91.78,91.51,382,stock
2019-06-19,NGPL,91.64,91.23,91.64,91.09,1103,stock
2019-06-20,NGPL,90.95,91.51,91.51,90.95,1421,stock
2019-06-23,NGPL,91.23,91.51,91.51,91.09,516,stock
2019-06-24,NGPL,91.23,91.23,91.23,91.23,110,stock
2019-06-25,NGPL,91.23,91.51,91.51,91.09,67,stock
2019-06-26,NGPL,91.23,91.23,91.37,91.09,267,stock
2019-06-27,NGPL,91.09,91.09,91.23,91.09,1719,stock
2019-06-30,NGPL,90.95,90.95,91.09,90.95,1689,stock
2019-07-01,NGPL,90.82,91.09,91.37,90.82,1411,stock
2019-07-02,NGPL,90.95,91.92,91.92,90.82,2040,stock
2019-07-03,NGPL,91.64,91.09,91.64,90.82,650,stock
2019-07-04,NGPL,91.37,91.09,91.37,90.82,710,stock
2019-07-07,NGPL,90.82,90.95,91.09,90.82,131,stock
2019-07-08,NGPL,90.95,91.09,91.37,90.82,1215,stock
2019-07-09,NGPL,91.09,91.37,91.37,90.95,364,stock
2019-07-10,NGPL,91.09,91.51,91.51,91.09,54,stock
2019-07-11,NGPL,91.23,91.09,91.23,90.95,292,stock
2019-07-14,NGPL,90.95,91.09,91.23,90.95,1152,stock
2019-07-15,NGPL,91.09,90.95,91.09,90.95,482,stock
2019-07-16,NGPL,90.95,91.09,91.23,90.95,151,stock
2019-07-17,NGPL,91.09,91.09,91.09,91.09,122,stock
2019-07-18,NGPL,91.09,91.37,91.37,91.09,43,stock
2019-07-21,NGPL,91.23,90.95,91.23,90.68,70,stock
2019-07-22,NGPL,90.95,91.09,91.23,90.95,306,stock
2019-07-23,NGPL,90.95,91.23,91.23,90.95,94,stock
2019-07-24,NGPL,91.23,91.09,91.37,91.09,309,stock
2019-07-25,NGPL,90.95,91.09,91.09,90.82,1179,stock
2019-07-28,NGPL,90.82,90.82,90.95,90.68,195,stock
2019-07-29,NGPL,90.68,90.95,91.23,90.68,437,stock
2019-07-30,NGPL,90.82,90.82,90.82,90.82,80,stock
2019-07-31,NGPL,90.95,90.82,91.09,90.82,137,stock
2019-08-01,NGPL,90.82,91.09,91.09,90.82,355,stock
2019-08-04,NGPL,91.09,90.95,91.09,90.82,768,stock
2019-08-05,NGPL,91.09,90.82,91.09,90.82,343,stock
2019-08-06,NGPL,90.68,90.82,90.95,90.68,833,stock
2019-08-07,NGPL,90.82,90.82,90.95,90.82,1474,stock
2019-08-08,NGPL,90.68,90.95,90.95,90.68,218,stock
2019-08-11,NGPL,90.68,90.68,90.95,90.54,2070,stock
2019-08-12,NGPL,90.68,90.68,90.82,90.68,643,stock
2019-08-13,NGPL,90.82,90.68,90.82,90.68,314,stock
2019-08-14,NGPL,90.54,90.68,90.68,90.54,90,stock
2019-08-15,NGPL,90.68,90.54,90.68,90.54,120,stock
2019-08-18,NGPL,90.4,90.54,90.54,90.4,65,stock
2019-08-19,NGPL,90.68,90.82,90.82,90.4,1105,stock
2019-08-20,NGPL,90.68,90.4,90.68,90.4,1023,stock
2019-08-21,NGPL,90.68,90.54,90.68,90.54,121,stock
2019-08-22,NGPL,90.4,90.95,90.95,90.4,953,stock
2019-08-25,NGPL,90.82,91.09,91.37,90.4,846,stock
2019-08-26,NGPL,90.82,90.68,91.09,90.54,1030,stock
2019-08-27,NGPL,90.4,90.95,90.95,90.12,954,stock
2019-08-28,NGPL,90.95,90.82,90.95,90.82,121,stock
2019-08-29,NGPL,90.54,90.54,90.68,90.54,493,stock
2019-09-01,NGPL,90.26,89.99,90.82,89.3,11524,stock
2019-09-02,NGPL,89.71,89.99,89.99,88.61,17591,stock
2019-09-03,NGPL,89.71,90.26,90.26,89.3,316,stock
2019-09-04,NGPL,89.99,89.99,89.99,89.99,100,stock
2019-09-05,NGPL,89.71,89.43,89.71,89.16,1581,stock
2019-09-08,NGPL,89.43,89.3,89.57,89.02,2271,stock
2019-09-09,NGPL,89.43,88.88,89.43,88.88,1399,stock
2019-09-10,NGPL,89.16,88.61,89.16,88.61,4556,stock
2019-09-11,NGPL,88.47,88.47,88.88,88.47,2134,stock
2019-09-12,NGPL,88.47,88.88,88.88,88.47,1089,stock
2019-09-15,NGPL,88.61,88.74,88.74,88.61,244,stock
2019-09-16,NGPL,88.61,88.74,88.88,88.61,1486,stock
2019-09-17,NGPL,88.88,89.71,89.71,88.88,168,stock
2019-09-18,NGPL,89.85,89.16,89.85,89.16,806,stock
2019-09-19,NGPL,88.88,88.88,89.43,88.61,5197,stock
2019-09-22,NGPL,88.61,88.74,88.88,88.61,99,stock
2019-09-23,NGPL,88.88,88.88,88.88,88.74,1047,stock
2019-09-24,NGPL,88.74,88.88,88.88,88.74,36,stock
2019-09-26,NGPL,88.74,88.61,88.74,88.61,1117,stock
2019-09-29,NGPL,88.74,88.74,88.74,88.61,1341,stock
2019-09-30,NGPL,88.74,88.88,88.88,88.74,3576,stock
2019-10-01,NGPL,88.88,89.16,89.16,88.88,1476,stock
2019-10-02,NGPL,89.43,88.61,89.43,88.61,3816,stock
2019-10-03,NGPL,88.74,89.02,89.02,88.74,2407,stock
2019-10-10,NGPL,88.74,88.74,88.74,88.74,77,stock
2019-10-14,NGPL,88.74,88.74,88.74,88.74,11,stock
2019-10-15,NGPL,88.88,88.74,88.88,88.61,296,stock
2019-10-16,NGPL,88.61,88.74,88.74,88.61,45,stock
2019-10-17,NGPL,88.88,89.16,89.16,88.88,111,stock
2019-10-20,NGPL,88.88,88.74,88.88,88.74,44,stock
2019-10-21,NGPL,88.74,88.61,88.74,88.61,300,stock
2019-10-22,NGPL,88.74,88.74,88.74,88.74,13,stock
2019-10-23,NGPL,88.61,88.61,88.74,88.61,58,stock
2019-10-24,NGPL,88.74,88.88,88.88,88.74,1677,stock
2019-10-31,NGPL,88.74,88.88,88.88,88.61,688,stock
2019-11-03,NGPL,88.61,88.74,88.74,88.61,544,stock
2019-11-04,NGPL,88.88,88.88,88.88,88.74,613,stock
2019-11-05,NGPL,88.74,88.74,88.74,88.74,11,stock
2019-11-06,NGPL,88.88,88.61,88.88,88.61,980,stock
2019-11-07,NGPL,88.74,88.74,88.74,88.74,545,stock
2019-11-10,NGPL,88.61,88.61,88.74,88.61,743,stock
2019-11-11,NGPL,88.61,89.43,89.43,88.61,1719,stock
2019-11-12,NGPL,89.16,89.16,89.43,88.61,355,stock
2019-11-13,NGPL,88.88,88.74,88.88,88.61,1095,stock
2019-11-14,NGPL,88.74,88.88,88.88,88.61,293,stock
2019-11-17,NGPL,88.88,88.61,89.02,88.61,2298,stock
2019-11-18,NGPL,88.61,88.61,88.61,88.61,44,stock
2019-11-19,NGPL,88.74,89.85,89.85,88.74,28039,stock
2019-11-20,NGPL,90.54,90.12,91.09,89.99,23775,stock
2019-11-21,NGPL,89.99,89.85,90.4,89.85,1005,stock
2019-11-24,NGPL,89.57,89.85,90.12,89.3,676,stock
2019-11-25,NGPL,89.71,89.99,90.12,89.71,4913,stock
2019-11-26,NGPL,89.71,89.71,89.85,89.71,391,stock
2019-11-27,NGPL,89.43,89.85,89.85,89.43,697,stock
2019-11-28,NGPL,89.71,89.99,89.99,89.57,3542,stock
2019-12-01,NGPL,89.85,89.43,89.85,89.43,7588,stock
2019-12-02,NGPL,89.3,89.57,89.85,89.3,786,stock
2019-12-03,NGPL,89.57,89.71,89.85,89.57,1333,stock
2019-12-04,NGPL,89.71,89.71,89.85,89.71,194,stock
2019-12-05,NGPL,89.99,89.99,90.26,89.71,4634,stock
2019-12-08,NGPL,89.85,90.12,90.26,89.85,1626,stock
2019-12-09,NGPL,90.4,90.54,90.82,90.12,7810,stock
2019-12-10,NGPL,90.26,90.4,90.54,90.12,9177,stock
2019-12-11,NGPL,90.54,90.54,90.68,90.26,2301,stock
2019-12-12,NGPL,90.4,90.82,90.95,90.26,7304,stock
2019-12-15,NGPL,91.09,90.4,91.09,90.4,7853,stock
2019-12-16,NGPL,90.68,90.26,90.82,90.26,2088,stock
2019-12-17,NGPL,90.54,90.68,90.68,90.4,153,stock
2019-12-18,NGPL,90.54,90.54,90.54,90.54,1122,stock
2019-12-19,NGPL,90.54,90.4,90.54,90.4,2544,stock
2019-12-22,NGPL,90.4,90.4,90.54,90.4,2259,stock
2019-12-23,NGPL,90.54,90.54,90.68,90.54,6907,stock
2019-12-24,NGPL,90.54,90.54,90.68,90.4,4790,stock
2019-12-25,NGPL,90.54,90.54,90.82,90.26,3465,stock
2019-12-26,NGPL,90.54,90.54,90.54,90.4,599,stock
2019-12-29,NGPL,90.54,90.4,90.54,90.12,1832,stock
2019-12-30,NGPL,90.12,90.12,90.26,90.12,1539,stock
2019-12-31,NGPL,90.4,90.12,90.4,89.99,1303,stock
2020-01-01,NGPL,89.99,89.99,90.26,89.99,1616,stock
2020-01-02,NGPL,90.12,89.99,90.4,89.99,588,stock
2020-01-05,NGPL,90.26,90.26,90.54,90.26,6003,stock
2020-01-06,NGPL,90.12,90.4,90.82,90.12,1435,stock
2020-01-07,NGPL,90.26,90.54,90.82,90.26,2415,stock
2020-01-08,NGPL,90.26,90.26,90.95,90.26,3243,stock
2020-01-09,NGPL,89.99,90.54,90.54,89.99,747,stock
2020-01-12,NGPL,90.54,90.54,90.82,90.54,2942,stock
2020-01-13,NGPL,90.68,91.37,91.64,90.68,25169,stock
2020-01-14,NGPL,91.64,90.95,91.64,90.95,8015,stock
2020-01-15,NGPL,91.23,91.23,92.33,91.23,5000,stock
2020-01-16,NGPL,91.23,91.64,91.78,91.09,10695,stock
2020-01-19,NGPL,91.37,91.51,91.92,91.37,8576,stock
2020-01-20,NGPL,91.51,91.37,91.78,91.37,11823,stock
2020-01-21,NGPL,90.95,91.37,91.51,90.95,6122,stock
2020-01-22,NGPL,91.51,91.23,91.64,90.68,3910,stock
2020-01-23,NGPL,91.23,90.95,91.23,90.68,3758,stock
2020-01-26,NGPL,90.68,90.68,90.82,90.4,4988,stock
2020-01-27,NGPL,90.68,91.09,91.09,90.68,888,stock
2020-01-28,NGPL,90.82,90.82,90.95,90.82,2821,stock
2020-01-29,NGPL,90.82,90.82,91.09,90.82,1202,stock
2020-01-30,NGPL,90.82,91.37,91.64,90.68,16196,stock
2020-02-02,NGPL,91.64,90.95,91.64,90.68,4898,stock
2020-02-03,NGPL,91.23,91.51,91.64,90.95,26812,stock
2020-02-04,NGPL,91.78,91.23,91.78,90.95,18702,stock
2020-02-05,NGPL,91.23,91.37,91.51,91.09,6055,stock
2020-02-06,NGPL,91.23,91.23,91.51,91.09,3338,stock
2020-02-09,NGPL,91.37,90.95,91.37,90.95,3869,stock
2020-02-10,NGPL,90.68,90.95,90.95,90.68,1338,stock
2020-02-11,NGPL,90.82,91.23,91.51,90.82,2105,stock
2020-02-12,NGPL,91.51,91.64,92.47,91.37,4518,stock
2020-02-13,NGPL,91.78,91.51,91.78,91.37,4338,stock
2020-02-16,NGPL,91.78,93.02,93.02,91.78,65214,stock
2020-02-17,NGPL,93.3,94.82,94.82,93.3,51759,stock
2020-02-18,NGPL,94.82,94.41,95.1,93.85,33122,stock
2020-02-19,NGPL,94.13,94.27,94.41,93.72,11491,stock
2020-02-20,NGPL,94.27,94.13,94.54,93.85,16125,stock
2020-02-23,NGPL,94.41,94.41,94.68,93.99,34493,stock
2020-02-24,NGPL,94.41,94.68,94.96,94.13,26590,stock
2020-02-25,NGPL,94.41,95.1,95.51,94.41,33954,stock
2020-02-26,NGPL,95.37,95.65,96.89,95.37,64391,stock
2020-02-27,NGPL,95.37,94.27,95.37,93.99,20223,stock
2020-03-01,NGPL,94.27,93.02,94.13,92.89,12293,stock
2020-03-02,NGPL,92.75,92.89,93.02,92.47,2608,stock
2020-03-03,NGPL,92.89,91.92,92.89,91.64,11810,stock
2020-03-04,NGPL,91.92,91.23,91.92,90.82,19976,stock
2020-03-05,NGPL,90.95,91.37,91.51,90.68,3170,stock
2020-03-10,NGPL,91.64,91.37,91.64,91.09,3383,stock
2020-03-11,NGPL,91.09,91.51,91.64,90.54,8819,stock
2020-03-12,NGPL,91.78,91.23,92.06,91.23,13278,stock
2020-03-15,NGPL,90.95,90.54,90.95,89.99,9812,stock
2020-03-16,NGPL,90.26,90.54,90.82,90.26,9088,stock
2020-03-17,NGPL,90.54,89.85,90.54,89.57,9914,stock
2020-03-18,NGPL,89.57,89.43,89.85,89.16,5390,stock
2020-03-19,NGPL,89.16,89.85,89.85,88.88,5059,stock
2020-03-22,NGPL,89.57,89.57,89.57,89.57,500,stock
2020-05-12,NGPL,89.3,89.16,89.3,89.16,550,stock
2020-05-13,NGPL,88.88,88.88,88.88,88.88,11,stock
2020-06-29,NGPL,88.74,89.57,89.16,88.61,1241,stock
2020-07-01,NGPL,89.57,89.57,89.57,89.57,11,stock
2020-07-02,NGPL,89.85,90.12,90.12,89.85,1078,stock
2020-07-05,NGPL,89.85,89.57,90.26,89.57,3194,stock
2020-07-06,NGPL,89.43,89.71,90.26,89.3,1418,stock
2020-07-07,NGPL,89.57,90.4,90.4,89.57,1581,stock
2020-07-08,NGPL,90.4,90.68,90.82,90.12,2239,stock
2020-07-09,NGPL,90.54,90.82,91.51,90.54,2609,stock
2020-07-12,NGPL,90.68,91.23,91.23,90.68,3121,stock
2020-07-13,NGPL,91.23,91.23,91.64,91.09,4027,stock
2020-07-14,NGPL,91.51,91.37,91.64,91.23,1881,stock
2020-07-15,NGPL,91.37,90.95,91.37,90.95,5898,stock
2020-07-16,NGPL,90.68,91.23,91.23,90.68,3830,stock
2020-07-19,NGPL,91.51,91.51,91.51,91.51,100,stock
2020-07-20,NGPL,91.64,91.51,91.92,91.51,7045,stock
2020-07-21,NGPL,91.51,91.78,92.06,91.23,6608,stock
2020-07-22,NGPL,91.51,91.78,91.92,91.23,5611,stock
2020-07-23,NGPL,91.64,91.78,92.06,91.64,1588,stock
2020-07-26,NGPL,91.51,91.37,91.78,91.23,2210,stock
2020-07-27,NGPL,91.23,91.64,91.64,90.68,8987,stock
2020-07-28,NGPL,91.37,91.51,91.51,91.09,4246,stock
2020-07-29,NGPL,91.23,91.23,91.64,91.09,2802,stock
2020-07-30,NGPL,91.37,91.78,91.78,91.37,3535,stock
2020-08-02,NGPL,91.51,90.95,91.51,90.95,6559,stock
2020-08-03,NGPL,91.23,90.95,91.64,90.95,4145,stock
2020-08-05,NGPL,90.95,90.95,91.37,90.82,4103,stock
2020-08-06,NGPL,90.68,90.95,91.09,90.68,2086,stock
2020-08-09,NGPL,90.68,90.95,90.95,90.68,3388,stock
2020-08-10,NGPL,90.95,91.51,91.51,90.95,5077,stock
2020-08-11,NGPL,91.78,91.23,91.78,91.23,2062,stock
2020-08-12,NGPL,91.23,91.64,91.64,91.23,1383,stock
2020-08-13,NGPL,91.37,91.23,91.37,90.95,2652,stock
2020-08-16,NGPL,91.09,91.37,91.37,91.09,2928,stock
2020-08-17,NGPL,91.37,90.95,91.37,90.95,8858,stock
2020-08-18,NGPL,90.95,91.37,91.37,90.95,1599,stock
2020-08-19,NGPL,91.09,91.23,91.23,91.09,573,stock
2020-08-20,NGPL,91.23,91.23,91.51,91.09,790,stock
2020-08-23,NGPL,91.37,91.09,91.37,91.09,1196,stock
2020-08-24,NGPL,90.95,91.23,91.37,90.95,7830,stock
2020-08-25,NGPL,91.09,91.51,91.51,91.09,2804,stock
2020-08-26,NGPL,91.23,91.64,91.78,91.09,9677,stock
2020-08-27,NGPL,91.37,91.37,91.64,91.23,3176,stock
2020-08-30,NGPL,91.37,91.92,92.06,91.09,2994,stock
2020-08-31,NGPL,91.92,93.02,93.3,91.64,17978,stock
2020-09-02,NGPL,92.89,94.82,94.82,92.89,23696,stock
2020-09-03,NGPL,95.79,93.72,96.2,93.72,28044,stock
2020-09-06,NGPL,93.99,94.13,94.82,93.99,18765,stock
2020-09-07,NGPL,94.41,94.27,94.82,94.27,12374,stock
2020-09-08,NGPL,94.27,94.68,94.68,94.27,9114,stock
2020-09-09,NGPL,95.65,94.27,95.65,94.27,3818,stock
2020-09-10,NGPL,94.27,94.13,94.27,93.58,9174,stock
2020-09-13,NGPL,93.85,93.99,94.68,93.72,25127,stock
2020-09-14,NGPL,94.13,95.1,95.79,93.72,192136,stock
2020-09-15,NGPL,95.37,94.96,95.92,93.99,36211,stock
2020-09-16,NGPL,95.1,96.89,96.89,94.68,45038,stock
2020-09-17,NGPL,97.86,98.96,98.96,97.72,48568,stock
2020-09-20,NGPL,99.93,97.17,99.93,96.61,96898,stock
2020-09-21,NGPL,96.75,97.86,98.13,95.92,66681,stock
2020-09-22,NGPL,97.44,96.89,97.86,96.34,44749,stock
2020-09-23,NGPL,97.31,98.82,98.96,96.89,74497,stock
2020-09-24,NGPL,99.93,100.62,101.17,99.1,81806,stock
2020-09-27,NGPL,101.03,99.93,101.86,98.96,82735,stock
2020-09-28,NGPL,100.21,99.1,100.21,98.82,26714,stock
2020-09-29,NGPL,99.51,100.62,100.62,98.69,70809,stock
2020-09-30,NGPL,101.03,99.79,101.03,99.65,68746,stock
2020-10-01,NGPL,100.76,99.38,100.9,99.24,44458,stock
2020-10-04,NGPL,98.96,99.1,99.51,98.41,23333,stock
2020-10-05,NGPL,99.1,99.93,100.62,98.82,40045,stock
2020-10-06,NGPL,99.51,102.41,102.41,99.1,200116,stock
2020-10-07,NGPL,102.55,105.04,105.04,102.55,115313,stock
2020-10-08,NGPL,106.42,103.52,106.83,103.52,76142,stock
2020-10-11,NGPL,104.07,102.69,104.62,102.0,97634,stock
2020-10-12,NGPL,102.55,102.55,103.38,101.86,39150,stock
2020-10-13,NGPL,102.97,101.86,102.97,101.03,30055,stock
2020-10-14,NGPL,102.28,100.9,102.28,100.21,27863,stock
2020-10-15,NGPL,101.31,101.31,102.28,100.48,14882,stock
2020-10-18,NGPL,101.72,101.03,101.72,100.48,10516,stock
2020-10-19,NGPL,100.62,101.72,102.41,100.62,23980,stock
2020-10-20,NGPL,101.31,103.66,104.35,101.31,48474,stock
2020-10-21,NGPL,104.07,102.83,104.07,102.55,35092,stock
2020-10-22,NGPL,102.41,103.1,103.8,102.28,54397,stock
2020-10-28,NGPL,103.52,102.41,103.52,102.0,20807,stock
2020-10-29,NGPL,102.0,102.97,103.38,102.0,13359,stock
2020-11-01,NGPL,102.41,103.93,104.76,102.0,58920,stock
2020-11-02,NGPL,103.66,103.52,103.8,103.24,27149,stock
2020-11-03,NGPL,103.24,103.93,104.35,103.24,33376,stock
2020-11-04,NGPL,104.07,104.35,104.35,103.8,29124,stock
2020-11-05,NGPL,104.49,104.76,104.9,103.8,72609,stock
2020-11-08,NGPL,105.04,106.14,106.14,104.9,91825,stock
2020-11-09,NGPL,106.7,105.59,106.83,105.59,57418,stock
2020-11-10,NGPL,106.0,105.73,106.42,105.18,42294,stock
2020-11-11,NGPL,105.59,105.45,106.14,105.18,21151,stock
2020-11-12,NGPL,105.87,104.62,105.87,104.62,33377,stock
2020-11-18,NGPL,105.18,103.52,105.18,102.97,37411,stock
2020-11-19,NGPL,102.97,104.9,105.04,102.97,30795,stock
2020-11-22,NGPL,104.35,105.45,105.87,103.8,47024,stock
2020-11-23,NGPL,104.49,106.28,106.42,104.49,116218,stock
2020-11-24,NGPL,106.42,109.32,109.32,106.42,164092,stock
2020-11-25,NGPL,110.98,112.63,112.63,110.98,44116,stock
2020-11-26,NGPL,112.63,110.42,114.01,110.15,115688,stock
2020-11-29,NGPL,110.42,111.25,112.22,109.59,128395,stock
2020-11-30,NGPL,111.94,111.11,112.91,110.01,116413,stock
2020-12-01,NGPL,110.98,110.15,111.11,109.46,90390,stock
2020-12-02,NGPL,109.59,109.59,111.25,109.59,48206,stock
2020-12-03,NGPL,108.9,109.46,110.29,108.35,35411,stock
2020-12-06,NGPL,109.04,107.11,109.04,106.7,28835,stock
2020-12-07,NGPL,107.52,109.18,109.32,107.11,34391,stock
2020-12-08,NGPL,108.77,109.18,110.01,108.49,35097,stock
2020-12-09,NGPL,108.9,108.21,110.29,108.21,23155,stock
2020-12-10,NGPL,107.66,109.18,110.29,107.11,25815,stock
2020-12-13,NGPL,108.9,109.32,110.29,108.35,14975,stock
2020-12-14,NGPL,108.77,109.32,110.01,107.66,10185,stock
2020-12-15,NGPL,108.9,108.49,109.46,108.49,8218,stock
2020-12-16,NGPL,109.04,109.18,109.32,107.94,26928,stock
2020-12-17,NGPL,109.18,109.04,109.59,108.49,36881,stock
2020-12-20,NGPL,109.04,107.66,109.18,106.97,42273,stock
2020-12-21,NGPL,107.11,108.77,108.77,106.56,31096,stock
2020-12-22,NGPL,110.42,110.42,111.11,108.9,113487,stock
2020-12-23,NGPL,112.08,109.59,112.08,109.32,46151,stock
2020-12-24,NGPL,109.59,109.04,109.73,108.35,9005,stock
2020-12-27,NGPL,108.63,108.49,109.18,108.08,9835,stock
2020-12-28,NGPL,107.94,108.21,109.04,107.39,5056,stock
2020-12-29,NGPL,107.8,108.21,108.35,107.52,27583,stock
2020-12-30,NGPL,107.58,107.73,108.19,107.12,5520,stock
2020-12-31,NGPL,107.88,107.58,108.79,107.58,6601,stock
2021-01-03,NGPL,108.19,108.03,108.19,106.97,9444,stock
2021-01-04,NGPL,107.73,107.88,108.64,107.58,5180,stock
2021-01-05,NGPL,107.58,108.64,109.86,107.58,18954,stock
2021-01-06,NGPL,108.19,108.03,109.4,108.03,13223,stock
2021-01-07,NGPL,108.19,107.58,108.49,107.58,13797,stock
2021-01-10,NGPL,107.88,109.1,109.1,107.28,11339,stock
2021-01-11,NGPL,108.49,108.49,108.79,108.19,6834,stock
2021-01-12,NGPL,110.16,108.79,110.16,108.03,6854,stock
2021-01-13,NGPL,109.4,108.79,110.01,108.49,17809,stock
2021-01-17,NGPL,107.73,108.64,109.55,107.73,6808,stock
2021-01-18,NGPL,110.31,108.95,110.31,108.49,14477,stock
2021-01-19,NGPL,109.25,109.25,109.4,108.34,15366,stock
2021-01-20,NGPL,109.4,111.53,111.68,108.95,42356,stock
2021-01-21,NGPL,112.14,111.83,113.81,111.53,52871,stock
2021-01-24,NGPL,112.44,111.38,112.44,110.77,7723,stock
2021-01-25,NGPL,110.77,110.77,112.44,110.16,39335,stock
2021-01-26,NGPL,110.16,110.92,111.53,110.16,10649,stock
2021-01-27,NGPL,110.92,110.92,111.53,110.62,8443,stock
2021-01-28,NGPL,110.77,109.71,111.07,109.71,16007,stock
2021-01-31,NGPL,110.77,109.55,110.77,109.55,10288,stock
2021-02-01,NGPL,109.55,109.71,111.38,109.55,11609,stock
2021-02-02,NGPL,109.25,109.71,110.46,109.25,10516,stock
2021-02-03,NGPL,110.01,110.62,111.53,109.55,39626,stock
2021-02-04,NGPL,110.01,113.5,113.96,110.01,148730,stock
2021-02-07,NGPL,115.33,111.68,115.33,111.68,117139,stock
2021-02-08,NGPL,113.5,112.59,113.81,112.29,31353,stock
2021-02-09,NGPL,112.59,111.68,113.96,111.22,10920,stock
2021-02-10,NGPL,113.65,111.22,113.65,111.22,23837,stock
2021-02-11,NGPL,110.92,110.92,111.98,110.92,24364,stock
2021-02-14,NGPL,111.53,110.92,112.74,110.31,11428,stock
2021-02-15,NGPL,110.92,112.29,113.2,110.92,23633,stock
2021-02-16,NGPL,110.46,110.77,111.68,110.46,38122,stock
2021-02-17,NGPL,110.46,110.92,112.59,110.46,17907,stock
2021-02-18,NGPL,111.38,111.83,111.83,110.46,13775,stock
2021-02-21,NGPL,111.98,111.68,112.59,110.46,26543,stock
2021-02-22,NGPL,112.14,111.38,112.29,110.77,46634,stock
2021-02-23,NGPL,109.71,111.22,111.98,109.71,19446,stock
2021-02-24,NGPL,111.83,110.92,112.29,110.77,9352,stock
2021-02-25,NGPL,111.22,110.62,111.22,110.31,24332,stock
2021-02-28,NGPL,110.01,109.4,110.77,109.25,16848,stock
2021-03-01,NGPL,108.95,110.16,110.62,108.95,5842,stock
2021-03-02,NGPL,109.55,108.79,110.01,108.64,8019,stock
2021-03-03,NGPL,108.19,108.49,108.95,108.03,11319,stock
2021-03-04,NGPL,109.1,109.4,109.71,109.1,2519,stock
2021-03-09,NGPL,108.49,109.71,111.07,108.49,15237,stock
2021-03-10,NGPL,109.71,110.62,111.38,109.71,25188,stock
2021-03-14,NGPL,110.16,110.46,110.46,108.95,8652,stock
2021-03-15,NGPL,109.86,110.01,110.46,109.25,4035,stock
2021-03-16,NGPL,109.4,109.86,110.31,109.4,2165,stock
2021-03-17,NGPL,111.53,109.86,111.53,109.71,7868,stock
2021-03-18,NGPL,110.01,110.16,110.62,110.01,9116,stock
2021-03-21,NGPL,111.83,110.77,111.83,109.86,14493,stock
2021-03-22,NGPL,110.16,110.46,110.77,110.01,7304,stock
2021-03-23,NGPL,110.46,110.92,111.53,110.01,28394,stock
2021-03-24,NGPL,112.59,111.53,112.59,110.77,38834,stock
2021-03-25,NGPL,109.71,110.77,112.14,109.71,12038,stock
2021-03-29,NGPL,110.31,110.62,110.77,110.16,5740,stock
2021-03-30,NGPL,111.22,111.07,111.38,110.62,9791,stock
2021-03-31,NGPL,110.77,110.62,111.38,110.62,10012,stock
2021-04-01,NGPL,111.07,111.83,111.83,110.77,34174,stock
2021-04-04,NGPL,111.53,111.83,111.83,111.07,16150,stock
2021-04-05,NGPL,111.83,112.74,112.9,111.38,30221,stock
2021-04-06,NGPL,112.74,115.02,116.09,112.14,94576,stock
2021-04-07,NGPL,114.87,113.35,115.78,113.2,64911,stock
2021-04-08,NGPL,114.11,113.2,115.63,112.9,22444,stock
2021-04-12,NGPL,113.81,112.74,113.81,111.98,36296,stock
2021-04-13,NGPL,112.74,112.74,113.81,112.14,12179,stock
2021-04-15,NGPL,112.74,112.59,113.81,112.29,28382,stock
2021-04-18,NGPL,112.29,113.2,114.57,112.29,30810,stock
2021-04-19,NGPL,113.2,112.29,113.2,111.98,21759,stock
2021-04-20,NGPL,112.29,112.9,113.2,111.98,29440,stock
2021-04-21,NGPL,114.72,113.65,115.33,113.2,92233,stock
2021-04-22,NGPL,113.81,113.65,114.11,112.9,15504,stock
2021-04-25,NGPL,112.9,111.53,113.05,111.38,25919,stock
2021-04-26,NGPL,111.07,111.53,112.9,110.16,24343,stock
2021-04-27,NGPL,113.35,112.59,113.35,109.86,27183,stock
2021-04-28,NGPL,111.98,112.74,113.5,111.68,24895,stock
2021-04-29,NGPL,112.74,112.9,113.05,111.68,24294,stock
2021-05-02,NGPL,112.9,113.5,114.11,112.59,57572,stock
2021-05-03,NGPL,114.26,117.3,117.3,114.26,345536,stock
2021-05-04,NGPL,119.27,118.82,120.49,116.09,105873,stock
2021-05-05,NGPL,118.21,122.92,122.92,117.45,88535,stock
2021-05-06,NGPL,123.68,118.82,123.68,118.52,243887,stock
2021-05-09,NGPL,120.95,117.91,120.95,117.45,71755,stock
2021-05-10,NGPL,118.67,118.06,118.67,117.45,46248,stock
2021-05-11,NGPL,120.19,120.03,120.79,118.06,105841,stock
2021-05-12,NGPL,117.91,122.46,122.92,117.91,168088,stock
2021-05-13,NGPL,120.34,123.22,125.05,120.34,105802,stock
2021-05-16,NGPL,125.5,122.16,125.5,121.71,74092,stock
2021-05-17,NGPL,122.92,124.74,125.2,122.16,156471,stock
2021-05-18,NGPL,125.2,128.08,129.6,125.2,142381,stock
2021-05-19,NGPL,129.91,124.44,129.91,124.29,124229,stock
2021-05-20,NGPL,124.44,124.44,126.57,123.68,83712,stock
2021-05-23,NGPL,123.68,126.41,126.72,122.92,67321,stock
2021-05-24,NGPL,126.72,128.39,130.21,125.81,145225,stock
2021-05-25,NGPL,130.82,131.27,132.34,127.63,113938,stock
2021-05-27,NGPL,132.03,135.83,136.89,132.03,169221,stock
2021-05-30,NGPL,137.35,134.16,139.17,132.95,194580,stock
2021-05-31,NGPL,135.22,130.06,136.14,129.45,125629,stock
2021-06-01,NGPL,131.27,129.91,131.73,128.39,72801,stock
2021-06-02,NGPL,129.76,133.4,131.73,128.39,75676,stock
2021-06-03,NGPL,133.55,131.27,135.83,130.97,76473,stock
2021-06-06,NGPL,134.01,130.06,134.01,128.84,61399,stock
2021-06-07,NGPL,130.21,132.95,133.1,130.21,76776,stock
2021-06-08,NGPL,133.1,134.92,135.98,132.79,142377,stock
2021-06-09,NGPL,135.83,139.32,139.63,134.62,227283,stock
2021-06-10,NGPL,140.54,145.7,145.7,140.39,264227,stock
2021-06-13,NGPL,149.2,152.69,152.69,146.46,284857,stock
2021-06-14,NGPL,154.21,160.44,160.44,151.78,306158,stock
2021-06-15,NGPL,162.11,158.46,162.11,155.43,123067,stock
2021-06-16,NGPL,154.36,153.75,157.1,150.26,139662,stock
2021-06-17,NGPL,153.75,151.02,153.91,148.13,176372,stock
2021-06-20,NGPL,151.02,145.86,151.02,145.7,86399,stock
2021-06-21,NGPL,147.22,141.91,147.22,138.87,96364,stock
2021-06-22,NGPL,142.67,148.59,148.59,139.17,68785,stock
2021-06-23,NGPL,152.24,155.27,155.27,144.19,71762,stock
2021-06-24,NGPL,155.27,151.02,155.27,148.13,84473,stock
2021-06-27,NGPL,149.65,148.74,152.39,148.74,55128,stock
2021-06-28,NGPL,150.11,148.74,150.72,147.22,39130,stock
2021-06-29,NGPL,149.5,145.55,150.11,144.19,21839,stock
2021-06-30,NGPL,144.19,144.19,147.98,141.45,40086,stock
2021-07-01,NGPL,147.53,144.64,147.53,142.67,52539,stock
2021-07-04,NGPL,146.01,144.94,146.46,143.27,112455,stock
2021-07-05,NGPL,146.31,144.19,146.31,142.67,24108,stock
2021-07-06,NGPL,147.53,143.73,147.53,142.21,28206,stock
2021-07-07,NGPL,144.64,142.06,145.1,142.06,7702,stock
2021-07-08,NGPL,140.84,142.51,143.27,140.84,23123,stock
2021-07-11,NGPL,143.73,147.53,147.98,142.97,137224,stock
2021-07-12,NGPL,147.98,147.53,149.5,146.31,76349,stock
2021-07-13,NGPL,146.16,149.96,150.72,146.16,48587,stock
2021-07-14,NGPL,151.17,154.21,156.94,149.35,191789,stock
2021-07-15,NGPL,155.73,161.65,161.81,155.73,285228,stock
2021-07-18,NGPL,163.32,170.31,170.31,163.32,268340,stock
2021-07-19,NGPL,171.53,171.07,177.75,168.18,219202,stock
2021-07-20,NGPL,172.98,170.92,172.98,168.49,121685,stock
2021-07-22,NGPL,172.74,180.5,180.5,169.0,510287,stock
2021-07-25,NGPL,182.6,191.04,191.04,182.6,62475,stock
2021-07-26,NGPL,193.35,202.63,202.63,193.35,469565,stock
2021-07-27,NGPL,204.18,211.02,214.36,200.42,201000,stock
2021-07-28,NGPL,213.6,211.93,217.55,209.04,168549,stock
2021-07-29,NGPL,212.99,209.2,213.3,206.77,199697,stock
2021-08-01,NGPL,209.2,222.38,222.61,208.74,324163,stock
2021-08-02,NGPL,225.31,226.06,226.97,218.13,239568,stock
2021-08-03,NGPL,223.05,233.04,237.92,217.09,441539,stock
2021-08-04,NGPL,233.04,224.54,233.5,223.93,170444,stock
2021-08-05,NGPL,224.54,222.23,226.97,217.98,219944,stock
2021-08-08,NGPL,225.14,236.93,236.93,225.14,468021,stock
2021-08-09,NGPL,240.17,253.11,253.11,240.17,109820,stock
2021-08-10,NGPL,256.66,265.7,270.91,256.66,256380,stock
2021-08-11,NGPL,267.98,277.24,277.24,255.07,221893,stock
2021-08-12,NGPL,281.28,279.22,281.28,269.19,91897,stock
2021-08-15,NGPL,279.22,267.98,279.22,260.86,86139,stock
2021-08-16,NGPL,271.84,259.62,287.27,257.04,390540,stock
2021-08-17,NGPL,263.32,256.44,270.87,256.44,183393,stock
2021-08-18,NGPL,260.05,265.7,270.11,257.35,255153,stock
2021-08-19,NGPL,261.9,248.99,263.42,246.64,340096,stock
2021-08-24,NGPL,245.51,234.56,248.99,231.68,155634,stock
2021-08-25,NGPL,231.37,232.89,243.83,220.21,139189,stock
2021-08-26,NGPL,234.56,237.3,242.16,231.52,121313,stock
2021-08-29,NGPL,240.53,231.68,250.21,230.01,96544,stock
2021-08-31,NGPL,234.71,230.76,234.71,228.64,70805,stock
2021-09-01,NGPL,233.65,228.33,234.71,226.97,73690,stock
2021-09-02,NGPL,231.37,222.26,231.37,218.77,237391,stock
2021-09-05,NGPL,222.22,211.6,222.22,207.55,67033,stock
2021-09-06,NGPL,211.6,225.25,225.25,206.49,102413,stock
2021-09-07,NGPL,228.18,218.52,228.18,218.16,49225,stock
2021-09-08,NGPL,218.52,214.88,220.89,213.6,22118,stock
2021-09-09,NGPL,217.06,217.25,219.07,213.78,65524,stock
2021-09-12,NGPL,220.09,230.92,231.46,219.07,127264,stock
2021-09-13,NGPL,234.03,230.01,240.21,228.18,103514,stock
2021-09-14,NGPL,230.02,225.63,233.1,225.18,26070,stock
2021-09-15,NGPL,228.64,220.89,228.64,220.71,59515,stock
2021-09-16,NGPL,220.89,215.06,220.89,211.78,57233,stock
2021-09-20,NGPL,215.06,206.31,215.79,202.66,67123,stock
2021-09-21,NGPL,204.49,207.4,213.42,193.19,154900,stock
2021-09-22,NGPL,209.96,207.4,215.06,207.4,84539,stock
2021-09-23,NGPL,210.05,205.05,213.6,202.12,71966,stock
2021-09-26,NGPL,205.42,203.58,207.95,202.97,119040,stock
2021-09-27,NGPL,206.13,202.66,211.4,199.93,67106,stock
2021-09-28,NGPL,204.31,197.01,205.22,197.01,64003,stock
2021-09-29,NGPL,199.38,202.3,207.95,192.64,42580,stock
2021-09-30,NGPL,204.82,196.1,204.82,196.1,23812,stock
2021-10-03,NGPL,196.83,192.28,197.71,190.82,84615,stock
2021-10-04,NGPL,193.37,185.15,193.37,185.15,54551,stock
2021-10-05,NGPL,187.17,187.17,191.18,184.44,28931,stock
2021-10-06,NGPL,189.36,185.53,191.18,185.53,32862,stock
2021-10-10,NGPL,187.74,186.26,191.89,185.17,38593,stock
2021-10-11,NGPL,187.17,185.55,191.55,184.07,29513,stock
2021-10-17,NGPL,185.9,186.99,189.91,184.44,9370,stock
2021-10-18,NGPL,184.82,182.61,186.26,181.16,39798,stock
2021-10-19,NGPL,184.07,179.35,184.07,175.87,19514,stock
2021-10-20,NGPL,181.43,180.43,185.71,180.43,15282,stock
2021-10-21,NGPL,180.79,179.33,184.44,179.15,11566,stock
2021-10-24,NGPL,179.52,184.44,186.62,179.33,19954,stock
2021-10-25,NGPL,186.62,193.73,194.28,186.08,36381,stock
2021-10-26,NGPL,196.1,205.6,205.6,195.92,110515,stock
2021-10-27,NGPL,208.21,209.23,213.6,201.95,114020,stock
2021-10-28,NGPL,209.96,218.16,219.07,206.55,68395,stock
2021-10-31,NGPL,218.12,228.18,232.19,218.12,112225,stock
2021-11-01,NGPL,230.01,221.62,233.83,219.07,75648,stock
2021-11-02,NGPL,222.9,221.26,224.36,217.98,83951,stock
2021-11-03,NGPL,224.17,222.17,229.82,220.89,63086,stock
2021-11-08,NGPL,225.1,221.89,228.37,219.98,51816,stock
2021-11-09,NGPL,219.98,212.69,220.35,209.97,118255,stock
2021-11-11,NGPL,209.94,207.22,213.6,205.4,52396,stock
2021-11-14,NGPL,207.22,215.06,220.44,202.79,90279,stock
2021-11-15,NGPL,217.85,215.24,223.43,210.59,165313,stock
2021-11-16,NGPL,212.45,215.61,217.79,212.45,57215,stock
2021-11-17,NGPL,212.8,217.98,221.22,212.8,67602,stock
2021-11-18,NGPL,215.13,213.97,217.79,211.78,77037,stock
2021-11-21,NGPL,213.97,211.05,216.55,210.87,45924,stock
2021-11-22,NGPL,211.05,211.41,213.77,210.68,37662,stock
2021-11-23,NGPL,211.41,208.13,211.78,205.95,50664,stock
2021-11-24,NGPL,206.02,208.13,213.6,201.9,124878,stock
2021-11-25,NGPL,210.67,205.58,210.67,205.58,39776,stock
2021-11-28,NGPL,203.58,196.29,206.49,192.53,165626,stock
2021-11-29,NGPL,196.29,196.29,200.66,193.92,56905,stock
2021-11-30,NGPL,198.11,198.11,199.02,194.64,37945,stock
2021-12-01,NGPL,200.48,197.38,202.43,195.74,53908,stock
2021-12-02,NGPL,199.75,196.29,199.75,195.56,38852,stock
2021-12-05,NGPL,196.29,193.0,196.29,191.18,71766,stock
2021-12-06,NGPL,190.82,195.37,197.2,188.08,58774,stock
2021-12-07,NGPL,197.74,191.73,199.57,191.18,33807,stock
2021-12-08,NGPL,190.11,188.08,193.55,187.54,25826,stock
2021-12-09,NGPL,187.17,184.44,189.18,182.25,82316,stock
2021-12-12,NGPL,185.35,180.43,185.35,178.97,60955,stock
2021-12-13,NGPL,178.33,173.5,180.25,171.68,102477,stock
2021-12-14,NGPL,175.32,183.34,183.34,175.14,38038,stock
2021-12-15,NGPL,185.35,186.99,193.92,181.16,93396,stock
2021-12-16,NGPL,186.26,182.25,186.26,181.36,46612,stock
2021-12-20,NGPL,180.12,178.06,182.25,177.15,29990,stock
2021-12-21,NGPL,180.12,182.25,182.61,178.97,29309,stock
2021-12-22,NGPL,184.26,188.08,188.08,182.27,51659,stock
2021-12-23,NGPL,190.27,189.72,194.1,184.8,70335,stock
2021-12-26,NGPL,189.72,188.27,192.0,186.99,77992,stock
2021-12-27,NGPL,187.35,183.16,189.18,183.16,56083,stock
2021-12-28,NGPL,182.43,182.07,184.26,178.99,45043,stock
2021-12-29,NGPL,184.07,182.8,186.26,180.08,25058,stock
2022-01-02,NGPL,184.8,186.26,186.61,180.65,130786,stock
2022-01-03,NGPL,187.17,185.35,188.43,185.35,32503,stock
2022-01-04,NGPL,184.07,189.72,190.82,183.89,105392,stock
2022-01-05,NGPL,191.67,191.55,195.56,189.18,93212,stock
2022-01-06,NGPL,191.18,192.64,193.37,188.87,40979,stock
2022-01-09,NGPL,194.83,201.57,202.66,194.59,153728,stock
2022-01-10,NGPL,204.09,202.66,206.86,200.48,103415,stock
2022-01-11,NGPL,200.84,201.75,206.67,200.84,106387,stock
2022-01-12,NGPL,201.75,204.49,208.13,200.3,247140,stock
2022-01-13,NGPL,207.08,214.51,215.24,204.49,183760,stock
2022-01-16,NGPL,217.3,213.6,219.98,209.04,268646,stock
2022-01-17,NGPL,215.42,214.15,215.61,209.96,140434,stock
2022-01-18,NGPL,216.34,209.77,216.34,208.13,89338,stock
2022-01-19,NGPL,211.78,205.95,211.78,205.58,114026,stock
2022-01-20,NGPL,207.59,209.59,210.32,204.49,94546,stock
2022-01-23,NGPL,211.76,207.95,212.14,206.36,84601,stock
2022-01-24,NGPL,206.84,200.3,207.77,199.2,145369,stock
2022-01-25,NGPL,200.3,199.93,204.27,197.62,79250,stock
2022-01-26,NGPL,199.93,197.4,203.21,196.65,59718,stock
2022-01-27,NGPL,199.57,198.11,202.04,196.65,43179,stock
2022-01-30,NGPL,200.57,207.22,207.4,200.57,97734,stock
2022-01-31,NGPL,209.04,204.67,209.77,204.49,39359,stock
2022-02-01,NGPL,204.49,207.77,208.68,204.31,89097,stock
2022-02-03,NGPL,209.96,207.22,212.42,206.31,129155,stock
2022-02-06,NGPL,205.58,203.58,207.4,202.66,64146,stock
2022-02-07,NGPL,202.66,204.31,206.13,201.75,33880,stock
2022-02-08,NGPL,206.86,202.66,211.78,201.21,80530,stock
2022-02-09,NGPL,200.66,201.39,203.58,200.3,42382,stock
2022-02-10,NGPL,202.3,198.2,202.66,198.2,44464,stock
2022-02-13,NGPL,195.74,192.46,197.2,191.91,101373,stock
2022-02-14,NGPL,193.55,195.37,196.27,191.73,78822,stock
2022-02-15,NGPL,196.29,201.21,201.75,195.74,70041,stock
2022-02-16,NGPL,201.75,197.74,203.48,197.58,45959,stock
2022-02-17,NGPL,199.02,196.49,199.02,196.1,49062,stock
2022-02-20,NGPL,194.06,196.47,201.21,192.09,51301,stock
2022-02-21,NGPL,196.47,199.02,200.48,195.56,65319,stock
2022-02-22,NGPL,200.66,199.2,202.3,199.2,54668,stock
2022-02-23,NGPL,200.3,197.74,201.39,197.2,30547,stock
2022-02-24,NGPL,197.2,194.48,198.11,194.28,41311,stock
2022-02-27,NGPL,194.46,195.74,198.65,192.64,40941,stock
2022-02-28,NGPL,198.11,191.55,200.48,191.36,66078,stock
2022-03-02,NGPL,191.73,184.44,191.73,183.53,76279,stock
2022-03-06,NGPL,184.44,184.97,188.81,183.71,49572,stock
2022-03-07,NGPL,186.26,185.71,187.17,184.44,50984,stock
2022-03-09,NGPL,185.71,182.61,186.26,182.25,29487,stock
2022-03-10,NGPL,184.44,187.72,187.72,182.61,46139,stock
2022-03-13,NGPL,189.54,190.36,190.82,187.9,54080,stock
2022-03-14,NGPL,190.29,190.27,191.55,188.45,11114,stock
2022-03-15,NGPL,190.29,187.72,191.0,187.17,31525,stock
2022-03-16,NGPL,188.45,186.02,189.72,185.37,25374,stock
2022-03-20,NGPL,188.08,187.68,189.18,186.08,29073,stock
2022-03-21,NGPL,187.35,196.32,197.74,187.35,84950,stock
2022-03-22,NGPL,197.2,193.37,198.98,192.64,50043,stock
2022-03-23,NGPL,195.19,192.46,195.19,191.55,26284,stock
2022-03-24,NGPL,192.46,189.72,192.64,188.99,31479,stock
2022-03-27,NGPL,189.72,186.44,192.46,186.26,58937,stock
2022-03-28,NGPL,186.44,188.99,190.27,186.26,81745,stock
2022-03-29,NGPL,190.98,188.08,190.98,187.17,13852,stock
2022-03-30,NGPL,188.27,190.49,191.55,187.35,28877,stock
2022-03-31,NGPL,192.37,188.99,192.37,187.72,39398,stock
2022-04-03,NGPL,188.81,187.39,189.18,187.17,38568,stock
2022-04-04,NGPL,188.27,187.54,188.27,186.81,44719,stock
2022-04-05,NGPL,187.54,185.46,187.54,183.53,75209,stock
2022-04-06,NGPL,187.17,184.26,187.17,182.65,28489,stock
2022-04-07,NGPL,185.35,184.44,186.08,182.43,35990,stock
2022-04-11,NGPL,186.62,184.44,187.54,182.98,61717,stock
2022-04-12,NGPL,186.06,182.98,186.06,182.52,24499,stock
2022-04-13,NGPL,181.7,184.16,185.53,181.7,22341,stock
2022-04-17,NGPL,185.35,182.43,186.06,182.07,41315,stock
2022-04-18,NGPL,183.53,178.24,183.53,178.06,47267,stock
2022-04-19,NGPL,176.2,178.42,179.88,175.32,30008,stock
2022-04-20,NGPL,176.69,175.32,178.6,174.41,55189,stock
2022-04-21,NGPL,174.05,173.52,177.15,171.5,33196,stock
2022-04-24,NGPL,175.31,181.68,181.7,174.07,62185,stock
2022-04-25,NGPL,182.6,179.33,183.34,178.99,34686,stock
2022-04-26,NGPL,181.34,176.96,181.34,176.42,18787,stock
2022-04-27,NGPL,176.24,181.7,183.09,176.24,46850,stock
2022-04-28,NGPL,181.7,182.61,184.98,181.7,60599,stock
2022-05-02,NGPL,182.61,177.33,182.61,176.96,39898,stock
2022-05-04,NGPL,178.24,178.42,179.88,176.05,46821,stock
2022-05-05,NGPL,179.88,179.15,183.16,176.89,70994,stock
2022-05-08,NGPL,181.23,182.8,183.34,177.33,33037,stock
2022-05-09,NGPL,184.26,180.06,184.44,179.15,24840,stock
2022-05-10,NGPL,182.05,190.56,190.56,180.79,162700,stock
2022-05-11,NGPL,192.86,197.93,201.57,192.86,129596,stock
2022-05-12,NGPL,199.93,193.55,199.93,193.37,112400,stock
2022-05-17,NGPL,191.18,186.62,191.73,185.9,56409,stock
2022-05-18,NGPL,184.44,189.91,191.91,182.61,53666,stock
2022-05-19,NGPL,189.91,187.17,191.53,186.44,28925,stock
2022-05-20,NGPL,188.98,186.62,189.72,185.75,17587,stock
2022-05-23,NGPL,186.62,183.34,186.62,182.63,42002,stock
2022-05-24,NGPL,184.07,185.26,186.42,182.61,30280,stock
2022-05-25,NGPL,185.17,185.17,187.35,184.8,17712,stock
2022-05-26,NGPL,186.08,184.8,187.17,184.07,20037,stock
2022-05-27,NGPL,185.37,184.26,186.24,182.8,25279,stock
2022-05-30,NGPL,186.42,181.34,186.42,181.34,41968,stock
2022-05-31,NGPL,181.7,180.79,182.78,179.24,31013,stock
2022-06-01,NGPL,179.7,179.88,183.16,179.7,19057,stock
2022-06-02,NGPL,181.7,180.25,181.89,179.41,15741,stock
2022-06-03,NGPL,178.24,178.79,182.34,178.06,18071,stock
2022-06-06,NGPL,178.97,178.6,181.89,178.6,14176,stock
2022-06-07,NGPL,177.88,174.78,180.06,174.43,38578,stock
2022-06-08,NGPL,173.5,178.97,180.59,173.5,33159,stock
2022-06-09,NGPL,180.79,176.24,181.05,176.24,32245,stock
2022-06-10,NGPL,176.24,176.24,178.06,174.78,21480,stock
2022-06-13,NGPL,178.24,176.78,178.24,176.18,12092,stock
2022-06-14,NGPL,176.78,173.68,177.88,173.5,17043,stock
2022-06-15,NGPL,171.86,170.77,173.65,169.78,24419,stock
2022-06-16,NGPL,169.31,171.13,174.59,168.4,17916,stock
2022-06-17,NGPL,171.13,171.68,172.12,170.77,5402,stock
2022-06-19,NGPL,169.86,168.22,171.75,168.05,17160,stock
2022-06-20,NGPL,166.57,163.66,167.12,163.48,33657,stock
2022-06-21,NGPL,161.89,166.92,168.03,161.89,22302,stock
2022-06-22,NGPL,165.3,164.75,166.57,164.02,14831,stock
2022-06-23,NGPL,164.39,166.03,168.03,160.83,61287,stock
2022-06-24,NGPL,167.83,170.95,175.12,166.03,121440,stock
2022-06-26,NGPL,172.86,180.43,180.54,172.86,146754,stock
2022-06-27,NGPL,182.52,175.32,184.66,174.59,89466,stock
2022-06-28,NGPL,175.51,171.31,175.51,170.22,66105,stock
2022-06-29,NGPL,171.31,173.5,174.41,168.94,102108,stock
2022-06-30,NGPL,175.32,173.68,176.96,171.68,104215,stock
2022-07-01,NGPL,174.23,170.95,174.96,170.58,62705,stock
2022-07-03,NGPL,172.77,167.85,172.86,161.36,436527,stock
2022-07-04,NGPL,170.22,179.83,179.83,170.22,14138,stock
2022-07-05,NGPL,182.43,193.0,193.0,182.43,232484,stock
2022-07-06,NGPL,195.83,188.54,195.83,184.48,172015,stock
2022-07-07,NGPL,191.27,188.08,194.92,186.72,52574,stock
2022-07-08,NGPL,188.54,184.21,188.54,183.98,37407,stock
2022-07-11,NGPL,182.16,175.32,182.16,174.41,49343,stock
2022-07-12,NGPL,176.24,178.06,179.88,173.09,55701,stock
2022-07-13,NGPL,178.06,185.76,185.76,175.46,77006,stock
2022-07-14,NGPL,188.08,185.35,192.64,184.44,43253,stock
2022-07-15,NGPL,185.35,183.07,187.17,182.61,22355,stock
2022-07-17,NGPL,185.76,183.53,190.77,182.16,29639,stock
2022-07-18,NGPL,184.89,184.44,185.35,181.7,21014,stock
2022-07-19,NGPL,185.35,183.07,186.21,183.07,40209,stock
2022-07-20,NGPL,184.44,181.7,184.44,180.75,28351,stock
2022-07-21,NGPL,181.7,179.74,182.52,179.42,28301,stock
2022-07-22,NGPL,179.88,178.38,180.79,177.15,23436,stock
2022-07-24,NGPL,179.88,182.16,184.44,177.65,55044,stock
2022-07-25,NGPL,183.07,188.31,188.9,180.79,125228,stock
2022-07-26,NGPL,187.17,184.44,190.77,179.06,64788,stock
2022-07-27,NGPL,184.44,186.21,186.26,179.88,37207,stock
2022-07-28,NGPL,188.54,186.21,191.73,183.07,104313,stock
2022-07-29,NGPL,186.21,184.85,187.17,183.98,31153,stock
2022-07-31,NGPL,187.17,185.35,187.17,184.44,71022,stock
2022-08-01,NGPL,187.63,188.99,190.32,182.61,138452,stock
2022-08-02,NGPL,188.99,186.72,190.36,185.8,38146,stock
2022-08-03,NGPL,189.5,188.99,192.64,186.26,91104,stock
2022-08-04,NGPL,191.73,185.3,191.73,182.89,74747,stock
2022-08-05,NGPL,182.61,182.16,185.8,181.25,41284,stock
2022-08-07,NGPL,182.16,182.07,185.8,181.48,32806,stock
2022-08-08,NGPL,184.44,180.43,184.71,179.42,43883,stock
2022-08-09,NGPL,180.79,175.51,181.48,175.46,59493,stock
2022-08-10,NGPL,176.69,174.87,177.88,173.5,44668,stock
2022-08-11,NGPL,177.1,172.86,177.6,172.86,31083,stock
2022-08-14,NGPL,174.87,171.72,174.87,169.4,43632,stock
2022-08-15,NGPL,174.18,175.46,175.46,170.86,53224,stock
2022-08-16,NGPL,178.01,173.0,180.34,173.0,50291,stock
2022-08-17,NGPL,175.32,172.13,175.32,171.68,24121,stock
2022-08-18,NGPL,174.41,176.24,178.51,172.41,33849,stock
2022-08-21,NGPL,178.51,174.18,179.79,173.96,24020,stock
2022-08-22,NGPL,172.59,172.95,175.32,172.59,18883,stock
2022-08-23,NGPL,175.41,173.96,177.6,170.49,32295,stock
2022-08-24,NGPL,175.32,173.96,176.24,173.05,28486,stock
2022-08-25,NGPL,176.24,171.36,176.69,171.31,23433,stock
2022-08-26,NGPL,170.77,170.08,170.77,169.58,14804,stock
2022-08-28,NGPL,168.99,166.67,173.05,166.67,30261,stock
2022-08-29,NGPL,166.21,168.94,169.04,165.8,12141,stock
2022-08-30,NGPL,171.36,167.12,171.36,166.21,24292,stock
2022-08-31,NGPL,164.84,163.11,167.17,163.02,19123,stock
2022-09-01,NGPL,162.56,163.48,165.3,160.97,26984,stock
2022-09-02,NGPL,162.11,163.48,169.4,162.11,6138,stock
2022-09-04,NGPL,165.75,164.62,167.99,163.48,6108,stock
2022-09-05,NGPL,163.48,163.57,166.21,163.48,6013,stock
2022-09-06,NGPL,165.75,161.2,165.75,160.74,14550,stock
2022-09-07,NGPL,161.2,159.6,161.2,158.74,11739,stock
2022-09-08,NGPL,157.87,161.2,163.66,157.55,13455,stock
2022-09-11,NGPL,159.19,158.24,161.2,157.23,15582,stock
2022-09-12,NGPL,156.05,155.27,160.29,154.13,30666,stock
2022-09-13,NGPL,157.42,155.27,157.55,154.95,22762,stock
2022-09-14,NGPL,157.32,162.47,162.88,157.32,31184,stock
2022-09-15,NGPL,163.48,156.64,165.75,155.96,22700,stock
2022-09-16,NGPL,156.64,156.19,156.64,152.81,14003,stock
2022-09-18,NGPL,154.41,150.58,156.96,150.31,29616,stock
2022-09-20,NGPL,148.53,146.16,152.63,145.98,16561,stock
2022-09-21,NGPL,147.98,146.16,151.99,145.98,16365,stock
2022-09-22,NGPL,147.98,145.7,149.81,145.25,7881,stock
2022-09-25,NGPL,145.7,143.88,146.62,143.74,11126,stock
2022-09-27,NGPL,145.7,144.84,147.07,142.97,13108,stock
2022-09-28,NGPL,145.7,144.34,146.71,142.92,6280,stock
2022-09-29,NGPL,145.25,144.79,146.16,143.43,7816,stock
2022-10-09,NGPL,146.16,147.98,149.76,146.16,7964,stock
2022-10-10,NGPL,149.99,147.94,151.99,144.79,12156,stock
2022-10-11,NGPL,147.53,144.34,147.94,142.51,14546,stock
2022-10-12,NGPL,146.16,144.16,146.16,142.92,9551,stock
2022-10-13,NGPL,144.79,143.93,145.7,143.93,8883,stock
2022-10-16,NGPL,145.66,142.97,145.66,142.56,7341,stock
2022-10-17,NGPL,144.79,143.43,145.25,143.02,4956,stock
2022-10-19,NGPL,145.2,142.06,145.2,141.15,10706,stock
2022-10-20,NGPL,142.06,140.69,142.06,138.87,8475,stock
2022-10-23,NGPL,142.51,142.97,143.43,140.69,10458,stock
2022-10-31,NGPL,143.43,143.15,143.84,142.51,3434,stock
2022-11-01,NGPL,143.43,147.98,148.35,143.43,11188,stock
2022-11-02,NGPL,149.35,147.07,149.99,145.7,14114,stock
2022-11-03,NGPL,147.07,146.62,148.89,145.7,5759,stock
2022-11-06,NGPL,147.98,150.26,150.26,146.16,12803,stock
2022-11-07,NGPL,150.26,149.81,152.54,149.81,19466,stock
2022-11-08,NGPL,147.98,147.07,151.63,146.66,8993,stock
2022-11-09,NGPL,146.16,144.79,147.98,144.34,11814,stock
2022-11-10,NGPL,146.62,143.43,146.62,142.88,14219,stock
2022-11-13,NGPL,143.06,141.47,143.11,139.32,27104,stock
2022-11-14,NGPL,139.6,136.59,139.6,132.13,409589,stock
2022-11-15,NGPL,138.37,134.68,138.37,134.31,95207,stock
2022-11-16,NGPL,135.0,137.96,139.23,134.31,136293,stock
2022-11-17,NGPL,138.87,142.06,142.88,138.41,224179,stock
2022-11-22,NGPL,142.06,143.43,147.07,142.06,229793,stock
2022-11-23,NGPL,142.51,144.79,145.7,142.06,146041,stock
2022-11-24,NGPL,144.79,145.7,146.16,143.47,85931,stock
2022-11-27,NGPL,146.62,147.53,148.44,145.39,143597,stock
2022-11-28,NGPL,149.35,147.98,150.9,147.12,147097,stock
2022-11-29,NGPL,147.98,148.44,149.49,146.66,80208,stock
2022-11-30,NGPL,147.53,147.16,148.44,146.62,34905,stock
2022-12-01,NGPL,149.03,146.62,149.08,146.16,74083,stock
2022-12-04,NGPL,147.98,146.62,149.81,146.16,63839,stock
2022-12-05,NGPL,145.7,144.34,148.44,143.88,82215,stock
2022-12-06,NGPL,146.16,142.97,146.16,142.51,81813,stock
2022-12-07,NGPL,143.43,141.56,145.25,141.56,57328,stock
2022-12-11,NGPL,141.15,139.78,142.06,139.78,73331,stock
2022-12-12,NGPL,138.87,142.74,142.97,138.87,79590,stock
2022-12-13,NGPL,142.74,142.51,143.84,141.6,34710,stock
2022-12-14,NGPL,143.88,141.38,143.88,141.15,48086,stock
2022-12-15,NGPL,142.88,140.24,142.88,140.05,50922,stock
2022-12-18,NGPL,140.24,138.41,140.69,138.0,73249,stock
2022-12-19,NGPL,139.32,140.69,140.69,138.87,33008,stock
2022-12-20,NGPL,140.74,140.69,142.33,140.24,32355,stock
2022-12-21,NGPL,142.06,140.65,142.42,139.78,28466,stock
2022-12-22,NGPL,140.24,140.69,142.01,139.51,35425,stock
2022-12-26,NGPL,142.06,147.07,147.53,141.6,100956,stock
2022-12-27,NGPL,148.89,147.98,151.63,147.57,193807,stock
2022-12-28,NGPL,148.03,146.62,149.35,145.25,150213,stock
2022-12-29,NGPL,147.98,151.17,152.08,145.7,177218,stock
2023-01-01,NGPL,153.22,151.63,155.5,150.49,212310,stock
2023-01-02,NGPL,153.45,156.64,157.78,149.58,231535,stock
2023-01-03,NGPL,158.01,155.27,158.46,154.91,145354,stock
2023-01-04,NGPL,154.82,161.61,162.11,154.82,188934,stock
2023-01-05,NGPL,163.48,165.71,168.03,159.83,303047,stock
2023-01-08,NGPL,168.03,177.42,177.47,163.48,526234,stock
2023-01-09,NGPL,179.97,188.99,189.45,177.6,560047,stock
2023-01-10,NGPL,191.27,191.73,202.03,183.98,655173,stock
2023-01-12,NGPL,194.6,188.08,202.66,187.17,532665,stock
2023-01-17,NGPL,186.72,191.27,192.64,184.94,335415,stock
2023-01-18,NGPL,194.01,188.99,196.24,188.4,243724,stock
2023-01-19,NGPL,188.99,188.08,191.73,186.76,117022,stock
2023-01-23,NGPL,190.73,185.35,192.18,185.3,204725,stock
2023-01-24,NGPL,184.48,186.72,188.54,182.61,229393,stock
2023-01-25,NGPL,187.63,187.85,189.91,186.72,118423,stock
2023-01-26,NGPL,190.54,187.17,190.63,186.26,108783,stock
2023-01-29,NGPL,186.72,184.48,188.49,183.53,168621,stock
2023-01-30,NGPL,184.48,179.33,186.26,178.51,205623,stock
2023-01-31,NGPL,178.97,179.88,184.85,174.41,208267,stock
2023-02-01,NGPL,179.88,179.97,182.61,178.1,115340,stock
2023-02-02,NGPL,182.16,177.6,182.16,176.69,107109,stock
2023-02-05,NGPL,178.97,178.15,180.79,175.55,115130,stock
2023-02-06,NGPL,176.24,178.51,180.79,175.55,81079,stock
2023-02-07,NGPL,178.06,191.0,191.27,178.06,362494,stock
2023-02-08,NGPL,193.82,188.77,196.47,188.13,282673,stock
2023-02-09,NGPL,188.99,192.14,193.1,188.08,169478,stock
2023-02-12,NGPL,189.45,182.61,189.45,181.79,373854,stock
2023-02-14,NGPL,179.93,180.11,182.16,177.6,267118,stock
2023-02-15,NGPL,179.42,179.52,183.75,179.01,124275,stock
2023-02-16,NGPL,179.88,176.24,182.07,176.24,152725,stock
2023-02-20,NGPL,175.32,173.5,177.6,171.68,139607,stock
2023-02-22,NGPL,175.99,182.34,183.77,175.66,150217,stock
2023-02-23,NGPL,182.34,179.05,182.82,177.57,153718,stock
2023-02-26,NGPL,177.8,180.91,181.38,172.03,157652,stock
2023-02-27,NGPL,183.53,179.05,184.96,174.8,104344,stock
2023-02-28,NGPL,179.05,179.28,184.06,179.0,54927,stock
2023-03-01,NGPL,179.81,177.09,179.81,176.61,57748,stock
2023-03-02,NGPL,176.13,174.7,177.57,174.08,51669,stock
2023-03-05,NGPL,175.66,171.84,176.61,171.84,75419,stock
2023-03-07,NGPL,173.27,173.75,176.95,171.93,68476,stock
2023-03-09,NGPL,175.75,181.38,181.38,175.75,75293,stock
2023-03-12,NGPL,183.77,178.52,186.16,177.66,124976,stock
2023-03-13,NGPL,176.61,176.95,179.47,176.61,48320,stock
2023-03-14,NGPL,179.43,178.04,179.9,175.66,59576,stock
2023-03-15,NGPL,180.43,178.42,180.43,175.66,58046,stock
2023-03-16,NGPL,176.85,179.09,179.95,176.85,33519,stock
2023-03-19,NGPL,177.09,179.47,181.43,177.09,56583,stock
2023-03-20,NGPL,181.38,181.38,182.34,179.47,57839,stock
2023-03-22,NGPL,183.77,179.0,183.77,179.0,46913,stock
2023-03-23,NGPL,177.57,179.0,179.95,177.09,49419,stock
2023-03-26,NGPL,179.0,176.61,179.47,176.13,56407,stock
2023-03-27,NGPL,176.61,181.38,181.62,174.75,65161,stock
2023-03-28,NGPL,182.34,180.43,184.49,179.95,98481,stock
2023-03-29,NGPL,181.38,179.95,181.38,179.0,39569,stock
2023-03-30,NGPL,181.81,179.05,183.77,179.0,35257,stock
2023-04-02,NGPL,179.05,176.71,186.16,176.66,53446,stock
2023-04-03,NGPL,177.8,175.18,178.52,174.46,64548,stock
2023-04-04,NGPL,175.18,176.13,177.71,174.32,44532,stock
2023-04-05,NGPL,176.95,175.66,176.95,174.7,27279,stock
2023-04-06,NGPL,178.04,173.27,178.19,173.27,46127,stock
2023-04-09,NGPL,171.84,171.03,174.22,170.88,72021,stock
2023-04-10,NGPL,171.03,172.32,173.75,171.03,28012,stock
2023-04-11,NGPL,174.7,174.27,175.13,172.32,33618,stock
2023-04-12,NGPL,176.56,181.62,181.86,174.99,100696,stock
2023-04-13,NGPL,183.29,178.52,185.2,178.09,69999,stock
2023-04-16,NGPL,178.52,177.76,179.9,176.61,33774,stock
2023-04-17,NGPL,177.09,176.13,179.0,174.75,36294,stock
2023-04-18,NGPL,176.13,174.7,176.61,173.99,38896,stock
2023-04-19,NGPL,176.61,174.22,179.0,173.79,31755,stock
2023-04-20,NGPL,175.66,173.27,176.61,171.84,74088,stock
2023-04-23,NGPL,172.36,171.41,173.75,170.93,43365,stock
2023-04-24,NGPL,173.84,172.65,181.43,172.12,33106,stock
2023-04-25,NGPL,172.79,173.27,177.66,170.98,21562,stock
2023-04-26,NGPL,173.27,172.79,175.18,171.36,57790,stock
2023-04-27,NGPL,173.7,171.65,173.75,171.26,31751,stock
2023-04-30,NGPL,169.98,168.97,172.08,168.54,46476,stock
2023-05-02,NGPL,170.88,167.3,171.36,167.3,23683,stock
2023-05-03,NGPL,167.06,165.87,168.97,164.73,36606,stock
2023-05-04,NGPL,164.68,166.21,167.54,164.2,23144,stock
2023-05-07,NGPL,166.21,161.1,166.21,161.1,63762,stock
2023-05-08,NGPL,162.29,158.0,162.29,156.85,58839,stock
2023-05-09,NGPL,156.56,160.86,163.25,156.56,34523,stock
2023-05-10,NGPL,162.29,160.38,162.67,159.67,13174,stock
2023-05-11,NGPL,160.38,159.9,161.34,159.43,22103,stock
2023-05-14,NGPL,161.34,159.38,161.34,157.66,25241,stock
2023-05-15,NGPL,158.0,158.57,161.15,156.47,20543,stock
2023-05-16,NGPL,159.9,159.0,161.34,158.57,14309,stock
2023-05-17,NGPL,159.43,161.15,162.29,159.43,21542,stock
2023-05-18,NGPL,163.39,167.59,169.45,161.38,63574,stock
2023-05-21,NGPL,169.88,167.54,172.36,167.06,78473,stock
2023-05-22,NGPL,169.21,168.97,170.84,164.77,33828,stock
2023-05-23,NGPL,170.88,171.36,172.74,169.5,55045,stock
2023-05-24,NGPL,173.22,170.88,173.7,168.93,56643,stock
2023-05-28,NGPL,172.74,172.55,172.74,168.45,153835,stock
2023-05-30,NGPL,172.55,164.73,172.55,164.73,98873,stock
2023-05-31,NGPL,163.72,163.25,169.45,162.77,63230,stock
2023-06-01,NGPL,163.72,165.16,168.02,161.91,54266,stock
2023-06-04,NGPL,167.49,168.97,172.32,165.16,58476,stock
2023-06-05,NGPL,171.36,166.11,171.84,165.2,56393,stock
2023-06-06,NGPL,164.92,170.36,170.41,164.73,65721,stock
2023-06-07,NGPL,170.41,170.41,171.84,168.97,85469,stock
2023-06-08,NGPL,168.54,167.54,169.93,167.54,53144,stock
2023-06-11,NGPL,169.93,168.97,171.84,168.11,71392,stock
2023-06-12,NGPL,171.36,169.45,173.75,167.78,70424,stock
2023-06-13,NGPL,167.06,171.89,173.75,167.06,173752,stock
2023-06-14,NGPL,172.32,175.66,179.95,172.32,296862,stock
2023-06-15,NGPL,177.33,175.18,178.04,173.79,108708,stock
2023-06-18,NGPL,177.09,179.47,181.15,174.22,176677,stock
2023-06-19,NGPL,179.95,177.47,180.43,174.7,94175,stock
2023-06-20,NGPL,178.04,172.32,180.43,171.69,130568,stock
2023-06-21,NGPL,174.7,169.4,174.7,168.97,96480,stock
2023-06-22,NGPL,168.02,167.92,171.36,166.16,87004,stock
2023-06-25,NGPL,168.5,170.88,175.99,165.63,153172,stock
2023-06-26,NGPL,172.79,168.26,174.7,168.02,108755,stock
2023-06-27,NGPL,168.97,169.93,171.36,167.06,119693,stock
2023-06-28,NGPL,171.36,167.54,172.27,166.83,99963,stock
2023-07-02,NGPL,165.73,162.77,168.45,162.29,121631,stock
2023-07-03,NGPL,164.3,161.34,165.16,160.86,99554,stock
2023-07-04,NGPL,163.25,162.53,163.72,161.34,59475,stock
2023-07-05,NGPL,162.29,159.76,162.29,159.67,45533,stock
2023-07-06,NGPL,159.19,158.0,161.29,156.09,71018,stock
2023-07-09,NGPL,159.43,157.04,159.43,157.04,58041,stock
2023-07-10,NGPL,154.89,156.09,160.67,154.89,55377,stock
2023-07-11,NGPL,158.0,154.18,158.0,153.94,58274,stock
2023-07-12,NGPL,152.32,161.81,162.63,152.32,92608,stock
2023-07-13,NGPL,164.06,161.81,166.92,161.34,117142,stock
2023-07-16,NGPL,163.15,159.38,163.15,158.95,62783,stock
2023-07-17,NGPL,161.58,160.91,161.81,158.95,36717,stock
2023-07-18,NGPL,162.29,159.57,163.72,159.43,58835,stock
2023-07-19,NGPL,160.86,158.23,161.48,157.95,60581,stock
2023-07-20,NGPL,158.47,157.52,160.67,155.8,89818,stock
2023-07-23,NGPL,158.95,160.0,162.0,158.47,40415,stock
2023-07-24,NGPL,162.24,163.25,167.49,159.09,132331,stock
2023-07-25,NGPL,165.54,166.11,169.36,161.81,268954,stock
2023-07-26,NGPL,167.54,162.86,167.54,162.86,49186,stock
2023-07-27,NGPL,164.68,161.34,166.11,160.29,64274,stock
2023-07-30,NGPL,162.77,157.8,162.77,157.23,59605,stock
2023-07-31,NGPL,157.52,158.9,160.86,156.56,60794,stock
2023-08-01,NGPL,159.9,155.13,160.05,154.65,64194,stock
2023-08-02,NGPL,155.18,155.99,156.52,152.98,39773,stock
2023-08-03,NGPL,156.09,155.61,157.52,153.7,33225,stock
2023-08-06,NGPL,154.18,152.22,156.09,151.26,46041,stock
2023-08-07,NGPL,153.22,152.32,153.22,149.69,53085,stock
2023-08-08,NGPL,153.56,149.55,153.56,149.55,40005,stock
2023-08-09,NGPL,149.83,152.27,155.94,146.54,55284,stock
2023-08-10,NGPL,153.22,153.22,154.32,150.84,35480,stock
2023-08-13,NGPL,153.27,151.31,154.13,149.4,25362,stock
2023-08-14,NGPL,153.37,150.12,157.09,150.07,51327,stock
2023-08-15,NGPL,149.88,147.73,150.79,147.06,37289,stock
2023-08-16,NGPL,145.82,146.3,147.78,145.16,33538,stock
2023-08-17,NGPL,147.16,145.54,147.68,145.11,32073,stock
2023-08-20,NGPL,145.58,143.68,145.92,143.63,30420,stock
2023-08-21,NGPL,143.68,141.77,145.58,141.77,41688,stock
2023-08-22,NGPL,142.72,145.58,146.49,141.77,27086,stock
2023-08-23,NGPL,146.16,147.02,147.97,145.11,35091,stock
2023-08-24,NGPL,146.54,145.58,150.93,145.11,50928,stock
2023-08-27,NGPL,145.58,144.15,147.02,143.63,34009,stock
2023-08-28,NGPL,145.11,143.2,146.06,141.29,41926,stock
2023-08-29,NGPL,144.63,143.68,144.63,142.39,14763,stock
2023-08-30,NGPL,143.2,142.72,144.15,142.24,24409,stock
2023-09-03,NGPL,143.68,139.86,144.58,138.95,52010,stock
2023-09-04,NGPL,139.38,140.1,140.81,137.47,45657,stock
2023-09-05,NGPL,140.72,139.14,140.81,138.42,19836,stock
2023-09-07,NGPL,138.42,136.52,138.42,136.42,26021,stock
2023-09-10,NGPL,137.71,138.42,140.33,137.28,26700,stock
2023-09-11,NGPL,137.47,142.72,143.44,137.47,48362,stock
2023-09-12,NGPL,140.91,140.33,143.2,139.57,32060,stock
2023-09-13,NGPL,141.29,147.02,147.02,139.47,59451,stock
2023-09-17,NGPL,146.54,144.63,148.97,143.44,44548,stock
2023-09-18,NGPL,144.15,145.11,147.02,142.72,14755,stock
2023-09-19,NGPL,146.06,149.88,150.36,144.15,45108,stock
2023-09-21,NGPL,151.31,157.52,160.1,149.88,180808,stock
2023-09-24,NGPL,156.09,155.61,160.86,153.79,81393,stock
2023-09-25,NGPL,153.51,153.7,157.52,152.98,41168,stock
2023-09-26,NGPL,155.8,156.09,158.95,155.61,62607,stock
2023-09-27,NGPL,158.23,153.7,160.43,152.74,66143,stock
2023-10-01,NGPL,152.03,149.4,153.7,148.97,47794,stock
2023-10-02,NGPL,148.02,150.45,152.74,147.97,55182,stock
2023-10-03,NGPL,148.5,149.02,152.46,148.4,35190,stock
2023-10-04,NGPL,151.03,151.22,152.74,150.55,41487,stock
2023-10-05,NGPL,150.36,149.88,152.12,149.88,24624,stock
2023-10-08,NGPL,147.97,147.49,151.74,146.78,46296,stock
2023-10-09,NGPL,147.49,146.54,149.88,145.82,35494,stock
2023-10-10,NGPL,147.97,143.68,148.45,143.44,40215,stock
2023-10-11,NGPL,143.44,144.15,147.49,141.77,27813,stock
2023-10-12,NGPL,144.39,143.34,145.54,143.2,26477,stock
2023-10-16,NGPL,143.2,142.05,144.15,142.0,26801,stock
2023-10-17,NGPL,143.91,143.25,147.26,143.25,19520,stock
2023-10-18,NGPL,145.11,145.11,146.06,144.63,16265,stock
2023-10-19,NGPL,145.58,144.15,145.87,144.01,11167,stock
2023-10-29,NGPL,145.11,142.72,145.11,142.24,13755,stock
2023-10-30,NGPL,141.34,144.11,144.15,141.29,12149,stock
2023-10-31,NGPL,146.01,142.24,146.01,141.29,15761,stock
2023-11-01,NGPL,140.81,141.29,144.06,140.81,10650,stock
2023-11-02,NGPL,143.15,140.62,143.2,139.86,21034,stock
2023-11-05,NGPL,140.62,140.48,141.29,139.43,9034,stock
2023-11-06,NGPL,142.2,140.33,142.72,140.33,21205,stock
2023-11-07,NGPL,142.15,142.24,144.63,141.29,15607,stock
2023-11-08,NGPL,140.81,142.63,143.2,140.81,4790,stock
2023-11-09,NGPL,142.24,141.77,143.68,141.29,14844,stock
2023-11-20,NGPL,143.2,141.77,144.2,141.29,9979,stock
2023-11-21,NGPL,142.29,139.38,143.58,138.52,13959,stock
2023-11-22,NGPL,138.42,140.81,142.48,138.42,9739,stock
2023-11-23,NGPL,140.81,140.81,142.67,139.52,14174,stock
2023-11-26,NGPL,140.38,144.63,145.16,140.38,42622,stock
2023-11-27,NGPL,144.15,146.06,147.97,143.68,45368,stock
2023-11-28,NGPL,146.49,145.11,146.54,143.2,29248,stock
2023-11-29,NGPL,145.11,144.96,147.02,143.48,18569,stock
2023-11-30,NGPL,143.05,142.53,146.54,142.24,27919,stock
2023-12-03,NGPL,141.77,141.29,143.2,140.38,18061,stock
2023-12-04,NGPL,142.72,141.77,142.96,140.33,16041,stock
2023-12-05,NGPL,140.81,141.77,142.91,140.81,10235,stock
2023-12-06,NGPL,140.81,141.29,142.63,140.81,13367,stock
2023-12-07,NGPL,142.72,141.15,142.72,141.0,23345,stock
2023-12-10,NGPL,143.01,150.36,150.45,143.01,510,stock
2023-12-11,NGPL,152.41,148.45,154.46,146.78,85062,stock
2023-12-12,NGPL,147.49,149.55,151.46,147.49,61306,stock
2023-12-13,NGPL,150.31,150.36,154.18,149.74,69217,stock
2023-12-14,NGPL,148.5,150.84,152.27,148.5,35949,stock
2023-12-17,NGPL,148.78,156.56,158.0,148.4,128070,stock
2023-12-18,NGPL,158.71,158.95,164.2,156.56,179536,stock
2023-12-19,NGPL,159.0,159.9,161.81,155.85,89316,stock
2023-12-20,NGPL,159.0,159.9,162.34,158.28,96603,stock
2023-12-21,NGPL,162.15,156.09,163.25,155.37,147891,stock
2023-12-24,NGPL,157.52,154.7,159.9,154.7,136029,stock
2023-12-27,NGPL,156.56,154.18,158.42,152.84,68642,stock
2023-12-28,NGPL,156.09,154.18,156.09,152.08,89450,stock
2024-01-01,NGPL,154.65,151.55,156.28,151.55,71665,stock
2024-01-02,NGPL,150.84,148.93,151.79,147.97,90872,stock
2024-01-03,NGPL,150.36,153.7,153.94,148.45,87926,stock
2024-01-04,NGPL,155.61,152.98,158.47,152.98,83908,stock
2024-01-07,NGPL,154.18,158.0,160.62,153.7,308245,stock
2024-01-08,NGPL,160.14,159.9,160.14,156.28,115778,stock
2024-01-09,NGPL,161.34,161.77,165.49,159.9,247239,stock
2024-01-10,NGPL,164.01,173.13,173.13,161.72,615491,stock
2024-01-11,NGPL,175.61,172.79,179.95,170.88,300153,stock
2024-01-14,NGPL,173.75,177.8,181.81,173.75,365559,stock
2024-01-16,NGPL,179.95,190.79,190.79,179.0,457173,stock
2024-01-17,NGPL,193.6,190.93,204.3,190.41,1074423,stock
2024-01-18,NGPL,193.79,201.38,204.3,186.16,749457,stock
2024-01-21,NGPL,202.86,198.09,205.92,196.71,555010,stock
2024-01-22,NGPL,195.23,203.82,209.31,195.23,949435,stock
2024-01-23,NGPL,200.95,201.19,208.59,200.72,352435,stock
2024-01-24,NGPL,203.82,200.48,204.3,199.52,405712,stock
2024-01-25,NGPL,202.39,204.73,207.4,200.14,599761,stock
2024-01-28,NGPL,201.91,212.89,215.27,201.91,690122,stock
2024-01-29,NGPL,215.75,211.46,216.18,209.55,689516,stock
2024-01-30,NGPL,214.32,219.57,221.86,210.98,625609,stock
2024-01-31,NGPL,221.96,211.03,221.96,211.03,693236,stock
2024-02-01,NGPL,210.98,208.11,212.36,206.21,441974,stock
2024-02-04,NGPL,208.11,210.26,211.46,205.25,350704,stock
2024-02-05,NGPL,213.51,212.41,214.7,211.12,447667,stock
2024-02-06,NGPL,211.46,210.02,214.32,209.59,164152,stock
2024-02-07,NGPL,211.93,209.07,212.41,207.16,194811,stock
2024-02-11,NGPL,214.51,208.83,214.51,208.45,150864,stock
2024-02-12,NGPL,210.26,211.69,212.27,207.68,158637,stock
2024-02-13,NGPL,208.45,207.68,210.98,206.68,199614,stock
2024-02-14,NGPL,209.59,209.26,210.02,205.25,194705,stock
2024-02-15,NGPL,209.55,208.35,219.38,208.07,239908,stock
2024-02-18,NGPL,208.35,202.72,208.4,202.72,213383,stock
2024-02-20,NGPL,202.39,199.76,205.73,199.52,187386,stock
2024-02-21,NGPL,201.91,199.47,202.86,198.0,123976,stock
2024-02-22,NGPL,200.48,195.23,200.48,193.32,201406,stock
2024-02-25,NGPL,195.7,192.36,198.57,191.89,271632,stock
2024-02-26,NGPL,195.13,195.18,197.18,192.41,119323,stock
2024-02-27,NGPL,197.57,194.27,198.09,194.22,74142,stock
2024-02-28,NGPL,195.7,190.93,196.66,190.45,127527,stock
2024-02-29,NGPL,190.93,186.16,192.84,184.73,175571,stock
2024-03-03,NGPL,184.25,186.11,189.45,181.38,114951,stock
2024-03-04,NGPL,188.83,199.52,199.9,188.83,31997,stock
2024-03-05,NGPL,200.48,193.32,201.43,190.93,281845,stock
2024-03-06,NGPL,190.5,194.27,197.66,190.5,173471,stock
2024-03-07,NGPL,197.18,194.75,199.52,193.32,86641,stock
2024-03-10,NGPL,195.7,194.13,198.04,192.84,59504,stock
2024-03-12,NGPL,195.7,197.52,198.47,194.27,164131,stock
2024-03-13,NGPL,197.61,200.57,204.39,195.7,309981,stock
2024-03-14,NGPL,200.95,198.57,202.86,197.61,102015,stock
2024-03-17,NGPL,196.66,196.23,199.43,195.75,75266,stock
2024-03-18,NGPL,195.23,196.04,198.04,195.23,58369,stock
2024-03-19,NGPL,199.0,195.7,199.05,194.18,82950,stock
2024-03-20,NGPL,197.61,193.27,197.61,192.84,66879,stock
2024-03-21,NGPL,193.79,190.93,195.23,190.45,74809,stock
2024-03-25,NGPL,190.93,189.02,192.84,188.54,54361,stock
2024-03-26,NGPL,190.93,197.14,197.52,188.59,127647,stock
2024-03-27,NGPL,198.09,192.84,198.09,192.51,55078,stock
2024-03-28,NGPL,192.6,192.6,195.23,190.93,59378,stock
2024-03-31,NGPL,191.17,191.41,194.7,190.98,50795,stock
2024-04-01,NGPL,190.93,190.45,192.36,189.5,54050,stock
2024-04-02,NGPL,192.79,189.02,192.79,188.93,44909,stock
2024-04-03,NGPL,190.69,189.02,190.93,188.54,54101,stock
2024-04-04,NGPL,190.45,189.07,190.64,188.54,40059,stock
2024-04-07,NGPL,191.89,190.88,191.89,189.02,53507,stock
2024-04-09,NGPL,193.7,196.66,196.9,192.36,161902,stock
2024-04-10,NGPL,199.62,198.57,201.19,197.14,256708,stock
2024-04-14,NGPL,199.52,206.21,206.68,197.28,318533,stock
2024-04-15,NGPL,207.64,203.34,212.74,203.1,527926,stock
2024-04-16,NGPL,205.25,198.09,205.25,198.0,102481,stock
2024-04-18,NGPL,197.61,196.71,198.09,194.27,113068,stock
2024-04-21,NGPL,196.18,199.76,203.34,193.84,68568,stock
2024-04-22,NGPL,200.91,195.7,201.91,195.56,79884,stock
2024-04-24,NGPL,197.14,198.33,202.39,192.94,115450,stock
2024-04-25,NGPL,197.18,197.14,199.52,196.18,63328,stock
2024-04-28,NGPL,200.0,198.19,200.95,196.71,82595,stock
2024-04-29,NGPL,200.0,197.18,200.0,197.14,52617,stock
2024-04-30,NGPL,195.75,200.43,201.1,195.7,123906,stock
2024-05-02,NGPL,200.0,196.04,201.91,195.89,79496,stock
2024-05-05,NGPL,198.95,193.22,198.95,192.27,117423,stock
2024-05-06,NGPL,193.79,193.32,195.66,192.36,54326,stock
2024-05-07,NGPL,191.93,192.36,196.18,190.93,59755,stock
2024-05-08,NGPL,195.23,192.08,195.23,190.93,41397,stock
2024-05-09,NGPL,192.36,190.12,193.27,190.12,89158,stock
2024-05-12,NGPL,190.93,191.17,193.32,190.45,47696,stock
2024-05-13,NGPL,190.45,191.41,192.84,190.21,58713,stock
2024-05-14,NGPL,192.36,195.61,195.7,192.17,77381,stock
2024-05-15,NGPL,196.18,192.36,196.66,191.55,47828,stock
2024-05-16,NGPL,191.22,191.79,194.27,190.98,57099,stock
2024-05-19,NGPL,194.65,193.08,194.75,190.88,73274,stock
2024-05-20,NGPL,193.46,194.27,197.61,193.08,113985,stock
2024-05-21,NGPL,195.7,196.04,198.62,193.32,165632,stock
2024-05-22,NGPL,196.09,194.03,198.09,193.79,59227,stock
2024-05-26,NGPL,195.66,192.32,195.66,191.41,59944,stock
2024-05-27,NGPL,192.84,193.22,194.27,191.6,36696,stock
2024-05-29,NGPL,195.7,192.27,197.14,190.93,63911,stock
2024-05-30,NGPL,191.46,195.23,200.48,190.93,495343,stock
2024-06-02,NGPL,195.7,194.8,197.61,194.75,63437,stock
2024-06-03,NGPL,194.75,194.8,195.7,193.32,80302,stock
2024-06-04,NGPL,195.47,194.22,196.18,193.79,51148,stock
2024-06-05,NGPL,193.79,192.36,195.7,191.41,45588,stock
2024-06-06,NGPL,192.46,190.98,194.27,190.93,85803,stock
2024-06-09,NGPL,192.36,191.17,193.32,190.93,76543,stock
2024-06-10,NGPL,190.93,191.89,194.75,190.45,129663,stock
2024-06-11,NGPL,193.32,196.66,200.0,192.6,254316,stock
2024-06-12,NGPL,197.14,197.37,198.57,194.65,91509,stock
2024-06-13,NGPL,197.14,195.23,197.57,193.79,184652,stock
2024-06-16,NGPL,196.18,198.57,204.77,195.7,474800,stock
2024-06-18,NGPL,200.48,198.09,202.86,196.18,193574,stock
2024-06-19,NGPL,200.43,198.09,200.48,197.61,53914,stock
2024-06-20,NGPL,198.09,195.7,198.62,195.08,108345,stock
2024-06-23,NGPL,197.61,196.66,200.95,196.23,141205,stock
2024-06-24,NGPL,196.71,195.66,200.0,194.27,81786,stock
2024-06-25,NGPL,197.37,194.27,197.52,193.94,63933,stock
2024-06-26,NGPL,194.75,194.75,198.04,193.37,93993,stock
2024-06-27,NGPL,193.79,193.37,195.75,191.93,93356,stock
2024-06-30,NGPL,194.27,192.36,194.75,191.41,42437,stock
2024-07-01,NGPL,192.36,193.32,194.32,192.36,46711,stock
2024-07-02,NGPL,196.23,196.56,201.91,194.75,154856,stock
2024-07-03,NGPL,199.52,194.75,199.52,193.32,73713,stock
2024-07-04,NGPL,197.33,195.7,198.09,194.75,82308,stock
2024-07-07,NGPL,198.09,196.23,198.57,195.08,167049,stock
2024-07-08,NGPL,198.09,198.09,199.19,196.28,142089,stock
2024-07-09,NGPL,199.52,203.58,205.25,196.71,408836,stock
2024-07-10,NGPL,206.68,204.77,208.35,203.82,266017,stock
2024-07-11,NGPL,207.88,202.39,207.88,201.91,132938,stock
2024-07-14,NGPL,205.25,204.3,209.55,202.86,276534,stock
2024-07-15,NGPL,207.4,210.5,213.84,203.34,524139,stock
2024-07-16,NGPL,213.37,224.3,224.34,213.37,600715,stock
2024-07-17,NGPL,227.68,222.43,229.12,218.62,519651,stock
2024-07-18,NGPL,222.91,225.78,232.46,219.71,805741,stock
2024-07-21,NGPL,229.31,226.73,231.03,222.0,479924,stock
2024-07-22,NGPL,227.21,228.64,230.31,222.48,433884,stock
2024-07-23,NGPL,231.03,237.76,241.53,227.21,510959,stock
2024-07-24,NGPL,238.62,234.22,241.53,230.36,429627,stock
2024-07-25,NGPL,234.22,233.94,234.84,230.55,253904,stock
2024-07-28,NGPL,237.61,237.23,238.66,228.31,445984,stock
2024-07-29,NGPL,237.23,248.21,253.94,236.42,891073,stock
2024-07-30,NGPL,248.21,258.71,263.01,246.78,557180,stock
2024-07-31,NGPL,259.19,255.37,264.92,252.51,560468,stock
2024-08-01,NGPL,255.37,250.12,256.09,247.26,787692,stock
2024-08-05,NGPL,249.64,258.23,261.91,244.2,675640,stock
2024-08-06,NGPL,262.15,246.78,262.15,245.87,607905,stock
2024-08-07,NGPL,249.16,263.96,264.44,244.39,757613,stock
2024-08-08,NGPL,263.96,272.03,278.76,263.96,715228,stock
2024-08-11,NGPL,272.08,273.65,279.62,269.69,761420,stock
2024-08-12,NGPL,278.14,280.67,285.25,274.99,606916,stock
2024-08-13,NGPL,283.53,273.03,283.53,269.69,420056,stock
2024-08-14,NGPL,276.85,277.33,278.42,269.69,356015,stock
2024-08-15,NGPL,281.62,286.49,300.24,277.8,743059,stock
2024-08-18,NGPL,291.17,287.4,293.56,281.62,1034586,stock
2024-08-21,NGPL,291.07,290.69,296.52,281.62,661122,stock
2024-08-22,NGPL,291.17,295.94,300.72,289.26,586643,stock
2024-08-25,NGPL,295.94,285.92,298.28,285.92,449287,stock
2024-08-27,NGPL,290.64,274.46,290.64,273.51,470443,stock
2024-08-28,NGPL,276.85,277.33,283.53,271.12,283617,stock
2024-08-29,NGPL,281.05,270.64,281.05,266.59,536196,stock
2024-09-01,NGPL,269.21,267.3,276.85,266.35,181373,stock
2024-09-02,NGPL,271.69,279.05,285.78,266.35,360134,stock
2024-09-03,NGPL,281.62,276.85,284.01,275.42,334211,stock
2024-09-04,NGPL,278.76,265.39,278.76,265.39,217039,stock
2024-09-05,NGPL,266.83,263.53,269.74,260.14,183072,stock
2024-09-08,NGPL,267.78,259.67,269.69,259.19,184395,stock
2024-09-09,NGPL,259.67,252.51,261.34,250.6,205006,stock
2024-09-10,NGPL,256.32,250.17,259.67,248.69,164890,stock
2024-09-11,NGPL,254.18,249.21,255.37,249.16,161318,stock
2024-09-12,NGPL,250.64,257.28,257.71,250.64,125121,stock
2024-09-15,NGPL,260.14,262.53,277.04,258.71,419500,stock
2024-09-16,NGPL,266.35,260.14,266.35,254.89,185664,stock
2024-09-18,NGPL,260.14,260.62,269.16,255.51,203392,stock
2024-09-22,NGPL,264.87,262.58,272.08,260.19,156016,stock
2024-09-23,NGPL,260.62,254.42,263.05,251.07,155262,stock
2024-09-24,NGPL,254.42,249.64,256.75,249.16,136747,stock
2024-09-25,NGPL,253.65,256.66,257.76,249.31,360890,stock
2024-09-26,NGPL,260.81,250.84,260.81,250.17,73430,stock
2024-09-29,NGPL,247.26,248.69,250.88,242.0,180212,stock
2024-09-30,NGPL,248.21,248.74,252.03,245.82,82484,stock
2024-10-01,NGPL,252.03,257.76,260.86,250.6,139277,stock
2024-10-02,NGPL,257.76,253.94,259.67,252.03,119213,stock
2024-10-06,NGPL,250.6,256.32,259.47,250.6,89292,stock
2024-10-07,NGPL,258.62,258.09,260.19,255.37,157411,stock
2024-10-08,NGPL,260.62,252.98,262.05,252.51,66805,stock
2024-10-09,NGPL,253.94,252.98,256.8,251.55,59576,stock
2024-10-15,NGPL,257.09,258.66,260.0,253.46,109082,stock
2024-10-16,NGPL,261.58,265.87,270.17,257.76,158641,stock
2024-10-17,NGPL,267.3,274.46,287.35,267.3,388816,stock
2024-10-20,NGPL,269.93,296.9,296.9,266.35,437690,stock
2024-10-21,NGPL,291.93,274.94,291.93,272.55,367598,stock
2024-10-22,NGPL,270.64,274.42,278.28,270.64,128617,stock
2024-10-23,NGPL,270.17,272.7,285.63,270.17,279471,stock
2024-10-24,NGPL,268.21,274.46,289.26,268.21,132469,stock
2024-10-27,NGPL,269.93,273.99,278.71,269.93,97503,stock
2024-10-28,NGPL,269.5,271.79,278.76,269.5,136625,stock
2024-10-29,NGPL,275.89,271.6,275.89,271.5,174986,stock
2024-10-30,NGPL,267.16,269.69,275.89,267.16,86883,stock
2024-11-05,NGPL,274.13,272.08,274.13,269.69,82088,stock
2024-11-06,NGPL,275.89,273.99,276.37,268.26,158323,stock
2024-11-10,NGPL,278.47,285.44,288.78,274.03,545525,stock
2024-11-11,NGPL,289.74,284.01,294.99,279.28,358779,stock
2024-11-12,NGPL,284.49,278.81,285.87,278.28,110363,stock
2024-11-13,NGPL,281.62,276.85,281.62,276.37,86507,stock
2024-11-14,NGPL,276.85,299.28,299.28,276.85,627011,stock
2024-11-17,NGPL,294.27,320.29,320.29,286.87,880133,stock
2024-11-19,NGPL,314.84,295.08,314.84,293.08,888319,stock
2024-11-20,NGPL,291.17,295.89,310.26,291.17,629983,stock
2024-11-21,NGPL,291.17,286.87,315.04,286.87,456131,stock
2024-11-24,NGPL,282.1,309.79,310.26,277.42,720813,stock
2024-11-25,NGPL,304.58,283.58,304.58,283.58,1077685,stock
2024-11-26,NGPL,283.58,278.28,285.44,272.55,688236,stock
2024-11-27,NGPL,276.85,278.28,283.48,276.85,351592,stock
2024-11-28,NGPL,282.86,274.46,282.86,273.22,425963,stock
2024-12-01,NGPL,274.94,275.89,278.76,272.08,508341,stock
2024-12-02,NGPL,280.19,275.89,280.19,274.89,1021017,stock
2024-12-03,NGPL,281.34,299.76,303.48,281.34,848076,stock
2024-12-04,NGPL,305.49,292.12,305.49,291.17,487883,stock
2024-12-05,NGPL,297.85,282.58,297.85,281.72,259577,stock
2024-12-08,NGPL,280.76,275.89,282.1,274.94,147742,stock
2024-12-09,NGPL,279.71,269.5,281.62,269.5,134828,stock
2024-12-10,NGPL,274.84,262.53,274.84,262.53,154343,stock
2024-12-11,NGPL,267.3,265.49,267.3,260.62,104782,stock
2024-12-12,NGPL,266.35,266.25,272.17,263.01,127387,stock
2024-12-16,NGPL,262.53,256.8,267.21,255.85,145838,stock
2024-12-17,NGPL,261.58,254.89,261.58,254.89,63642,stock
2024-12-18,NGPL,257.66,253.65,259.95,253.46,56843,stock
2024-12-19,NGPL,253.94,246.11,253.94,246.11,97478,stock
2024-12-22,NGPL,250.98,243.91,255.94,243.44,85088,stock
2024-12-23,NGPL,244.39,250.12,251.17,244.39,72298,stock
2024-12-24,NGPL,254.89,254.89,257.95,250.02,130523,stock
2024-12-26,NGPL,257.76,250.79,257.76,249.16,67464,stock
2024-12-29,NGPL,250.12,244.49,251.07,244.49,72699,stock
2024-12-31,NGPL,249.36,240.67,249.36,238.66,74778,stock
2025-01-01,NGPL,245.25,241.53,245.35,240.38,37355,stock
2025-01-02,NGPL,242.48,241.53,247.26,240.67,63652,stock
2025-01-05,NGPL,242.48,246.11,249.07,241.53,102242,stock
2025-01-06,NGPL,247.26,259.67,259.76,244.49,136195,stock
2025-01-07,NGPL,262.53,259.67,264.44,255.85,137462,stock
2025-01-08,NGPL,259.67,252.98,262.05,252.12,126062,stock
2025-01-09,NGPL,258.04,254.89,258.04,247.35,256267,stock
2025-01-12,NGPL,259.67,252.89,259.67,251.17,72419,stock
2025-01-13,NGPL,252.98,251.07,254.89,248.5,179445,stock
2025-01-15,NGPL,252.03,257.76,257.76,248.5,232338,stock
2025-01-16,NGPL,262.53,255.85,262.53,252.7,125470,stock
2025-01-19,NGPL,257.76,252.98,260.33,252.98,205242,stock
2025-01-20,NGPL,253.08,256.04,259.67,253.08,215061,stock
2025-01-21,NGPL,255.08,254.13,259.67,253.94,97622,stock
2025-01-22,NGPL,258.71,255.85,260.62,253.94,229798,stock
2025-01-23,NGPL,257.76,272.08,277.42,257.76,496865,stock
2025-01-26,NGPL,276.85,266.44,276.85,264.44,212377,stock
2025-01-27,NGPL,269.21,261.1,269.21,260.91,203273,stock
2025-01-28,NGPL,257.95,278.76,286.21,256.8,609167,stock
2025-02-02,NGPL,284.3,283.72,290.5,278.76,368814,stock
2025-02-03,NGPL,289.36,276.85,289.36,273.03,279743,stock
2025-02-04,NGPL,282.39,273.89,282.39,270.17,195275,stock
2025-02-05,NGPL,272.08,273.03,279.33,270.17,110208,stock
2025-02-06,NGPL,276.85,268.26,278.28,267.59,165278,stock
2025-02-09,NGPL,273.03,268.26,274.56,268.26,87679,stock
2025-02-10,NGPL,273.6,264.44,273.6,263.48,75008,stock
2025-02-11,NGPL,259.19,262.53,269.21,259.19,71176,stock
2025-02-12,NGPL,267.78,268.45,271.03,262.53,119411,stock
2025-02-13,NGPL,273.79,267.02,273.79,265.39,73862,stock
2025-02-16,NGPL,267.02,267.02,272.08,264.44,63474,stock
2025-02-17,NGPL,267.3,271.31,274.94,267.3,283995,stock
2025-02-18,NGPL,273.99,273.99,277.33,272.08,216508,stock
2025-02-20,NGPL,276.85,273.03,276.85,270.74,117456,stock
2025-02-23,NGPL,271.12,272.84,276.85,264.44,165785,stock
2025-02-24,NGPL,271.22,271.03,276.85,269.21,112807,stock
2025-02-25,NGPL,265.68,268.26,273.99,265.58,94232,stock
2025-02-27,NGPL,272.08,281.34,281.34,266.44,287919,stock
2025-03-02,NGPL,282.58,286.4,288.31,276.95,444360,stock
2025-03-03,NGPL,292.12,282.58,292.12,281.62,321772,stock
2025-03-04,NGPL,286.4,278.76,286.4,276.56,177210,stock
2025-03-05,NGPL,281.62,276.85,284.3,273.03,119003,stock
2025-03-06,NGPL,273.13,273.51,276.85,273.03,85975,stock
2025-03-09,NGPL,277.8,270.17,277.8,270.17,115199,stock
2025-03-10,NGPL,271.41,271.69,277.8,270.17,199677,stock
2025-03-11,NGPL,275.89,265.97,275.89,265.49,80205,stock
2025-03-12,NGPL,267.3,266.35,271.22,265.39,80059,stock
2025-03-16,NGPL,271.12,263.01,271.12,262.63,64290,stock
2025-03-17,NGPL,263.01,264.44,272.08,260.05,120134,stock
2025-03-18,NGPL,269.59,266.35,270.93,265.39,46060,stock
2025-03-19,NGPL,264.44,264.44,272.08,263.39,78855,stock
2025-03-20,NGPL,269.21,262.43,269.21,261.58,41713,stock
2025-03-23,NGPL,262.53,254.58,262.53,253.56,107733,stock
2025-03-24,NGPL,254.13,257.35,261.58,254.13,72620,stock
2025-03-25,NGPL,257.76,251.95,257.76,249.26,117400,stock
2025-03-26,NGPL,252.98,254.9,255.47,250.31,53702,stock
2025-03-27,NGPL,254.99,257.55,259.86,254.99,71094,stock
2025-03-30,NGPL,256.8,262.1,265.39,256.8,96109,stock
2025-04-01,NGPL,261.58,257.77,265.39,255.85,57758,stock
2025-04-02,NGPL,252.7,254.84,267.02,243.25,1019158,stock
2025-04-03,NGPL,252.98,252.98,261.58,252.03,581472,stock
2025-04-07,NGPL,247.92,254.43,258.71,247.92,483401,stock
2025-04-08,NGPL,257.76,253.28,257.76,250.31,231616,stock
2025-04-09,NGPL,253.94,261.79,263.48,253.08,618074,stock
2025-04-10,NGPL,262.53,275.47,277.52,262.53,932043,stock
2025-04-13,NGPL,274.94,273.26,283.53,272.08,480023,stock
2025-04-15,NGPL,273.13,280.07,285.73,273.13,899908,stock
2025-04-16,NGPL,285.44,300.97,305.49,275.51,1950806,stock
2025-04-17,NGPL,306.92,304.91,311.6,300.72,1185732,stock
2025-04-20,NGPL,305.49,311.68,317.42,296.9,1801764,stock
2025-04-21,NGPL,305.49,323.68,331.26,305.49,1590205,stock
2025-04-22,NGPL,328.4,311.14,330.02,310.26,1337203,stock
2025-04-23,NGPL,310.26,302.18,311.12,298.81,1293698,stock
2025-04-24,NGPL,296.9,325.03,326.49,296.9,2122436,stock
2025-04-27,NGPL,331.46,349.56,354.37,330.31,2381547,stock
2025-04-28,NGPL,356.47,339.75,358.0,335.56,1968139,stock
2025-04-29,NGPL,346.54,352.31,358.09,336.8,1698840,stock
2025-04-30,NGPL,358.95,352.06,367.54,349.5,1411393,stock
2025-05-04,NGPL,358.0,344.1,358.0,342.24,1512734,stock
2025-05-05,NGPL,345.58,350.71,354.56,338.04,1532680,stock
2025-05-06,NGPL,357.71,371.36,376.71,355.13,1747581,stock
2025-05-07,NGPL,378.04,372.43,378.04,367.64,1408975,stock
2025-05-08,NGPL,372.51,372.64,390.45,365.63,1980470,stock
2025-05-11,NGPL,372.32,364.63,379.86,362.86,1561871,stock
2025-05-13,NGPL,358.0,364.98,376.13,358.0,1372587,stock
2025-05-14,NGPL,358.0,351.9,371.36,349.4,1294471,stock
2025-05-15,NGPL,357.04,350.96,358.66,349.59,874840,stock
2025-05-18,NGPL,344.06,336.36,356.09,330.31,1120459,stock
2025-05-19,NGPL,329.64,342.87,347.49,329.64,763869,stock
2025-05-20,NGPL,336.04,358.98,360.86,336.04,1002423,stock
2025-05-21,NGPL,366.11,361.39,373.37,358.0,1519849,stock
2025-05-22,NGPL,355.13,362.67,376.99,355.13,1785347,stock
2025-05-25,NGPL,362.77,357.45,366.11,354.08,785069,stock
2025-05-26,NGPL,364.58,363.7,370.88,357.04,1489302,stock
2025-05-27,NGPL,361.53,370.0,374.32,360.86,1089683,stock
2025-05-28,NGPL,371.36,380.74,390.55,371.36,2631564,stock
2025-06-02,NGPL,388.35,372.11,388.35,369.45,2202677,stock
2025-06-03,NGPL,379.0,364.75,379.0,363.05,1043327,stock
2025-06-04,NGPL,367.54,363.34,371.36,361.62,588767,stock
2025-06-05,NGPL,356.09,377.93,380.91,356.09,1112259,stock
2025-06-08,NGPL,370.41,376.66,385.78,370.41,1547064,stock
2025-06-09,NGPL,371.36,376.06,382.82,371.36,883993,stock
2025-06-10,NGPL,378.04,372.05,384.53,370.41,1079427,stock
2025-06-11,NGPL,372.32,374.2,380.91,369.45,990383,stock
2025-06-12,NGPL,375.18,388.65,399.05,372.51,2659169,stock
2025-06-15,NGPL,391.41,406.48,409.74,389.02,2075197,stock
2025-06-16,NGPL,399.05,392.95,415.08,391.5,2151614,stock
2025-06-17,NGPL,400.76,392.41,400.76,384.44,1129508,stock
2025-06-18,NGPL,392.84,392.58,400.86,390.55,918055,stock
2025-06-19,NGPL,386.63,395.51,410.5,386.63,2027785,stock
2025-06-22,NGPL,396.18,384.53,402.86,381.96,1010034,stock
2025-06-23,NGPL,384.73,387.95,392.17,378.04,831481,stock
2025-06-24,NGPL,392.36,384.54,395.23,382.91,527959,stock
2025-06-25,NGPL,387.49,382.78,388.54,379.95,433317,stock
2025-06-26,NGPL,381.86,373.07,386.54,372.41,818138,stock
2025-06-29,NGPL,380.53,371.31,380.53,369.26,601317,stock
2025-06-30,NGPL,364.68,376.49,384.63,364.68,506730,stock
2025-07-01,NGPL,383.96,384.99,389.02,378.14,502134,stock
2025-07-02,NGPL,392.55,378.59,392.55,377.09,628782,stock
2025-07-03,NGPL,380.91,372.67,381.86,372.32,561622,stock
2025-07-06,NGPL,379.19,365.13,379.19,363.63,493479,stock
2025-07-07,NGPL,358.0,359.01,371.36,358.0,524633,stock
2025-07-08,NGPL,358.95,369.98,372.32,356.66,511059,stock
2025-07-09,NGPL,372.32,370.37,378.04,369.45,364050,stock
2025-07-10,NGPL,377.76,365.58,377.76,364.87,438988,stock
2025-07-13,NGPL,372.79,363.42,379.0,361.81,644668,stock
2025-07-14,NGPL,363.82,362.32,367.54,361.81,409692,stock
2025-07-15,NGPL,366.59,378.09,381.29,362.77,540023,stock
2025-07-16,NGPL,381.86,380.59,384.34,375.18,669291,stock
2025-07-17,NGPL,381.86,393.1,396.18,381.86,1005533,stock
2025-07-20,NGPL,396.18,392.58,402.86,389.59,1203383,stock
2025-07-21,NGPL,392.36,393.13,398.0,388.54,768074,stock
2025-07-22,NGPL,393.13,401.36,404.87,392.36,1109875,stock
2025-07-23,NGPL,409.36,400.69,409.36,397.14,959684,stock
2025-07-24,NGPL,408.69,425.82,427.4,400.95,1652546,stock
2025-07-27,NGPL,429.59,426.56,443.91,424.82,1955320,stock
2025-07-28,NGPL,427.68,427.55,431.5,417.18,1305194,stock
2025-07-29,NGPL,425.78,420.38,438.19,419.09,969650,stock
2025-07-30,NGPL,414.32,409.49,422.91,407.64,895904,stock
2025-07-31,NGPL,408.59,409.46,419.95,405.82,797852,stock
2025-08-03,NGPL,410.5,414.33,419.09,405.73,984533,stock
2025-08-04,NGPL,422.53,416.78,423.87,409.07,730512,stock
2025-08-05,NGPL,417.18,405.76,420.05,404.49,574667,stock
2025-08-06,NGPL,405.73,396.76,406.68,395.23,701588,stock
2025-08-07,NGPL,400.95,400.42,402.86,394.27,476783,stock
2025-08-11,NGPL,406.97,393.44,406.97,392.65,379861,stock
2025-08-12,NGPL,401.24,391.25,401.24,386.63,430596,stock
2025-08-13,NGPL,399.05,390.01,399.05,388.64,331323,stock
2025-08-14,NGPL,382.24,393.33,396.18,382.24,260403,stock
2025-08-17,NGPL,385.49,386.05,396.28,385.49,311336,stock
2025-08-18,NGPL,379.0,390.5,395.13,379.0,231987,stock
2025-08-19,NGPL,396.18,389.38,396.18,388.07,176652,stock
2025-08-20,NGPL,381.67,386.42,393.32,381.67,221693,stock
2025-08-21,NGPL,378.71,383.05,390.36,378.71,145608,stock
2025-08-24,NGPL,375.47,377.67,390.45,375.47,139284,stock
2025-08-25,NGPL,370.12,382.67,385.58,370.12,170125,stock
2025-08-26,NGPL,375.08,380.12,386.44,375.08,139834,stock
2025-08-27,NGPL,379.19,392.94,395.23,379.19,268504,stock
2025-08-28,NGPL,394.46,385.4,398.85,383.77,373453,stock
2025-08-31,NGPL,377.76,381.09,389.5,377.76,161051,stock
2025-09-01,NGPL,388.64,381.98,388.64,378.04,113408,stock
2025-09-02,NGPL,379.0,376.54,383.77,375.18,205560,stock
2025-09-03,NGPL,376.23,374.28,379.86,373.46,104864,stock
2025-09-04,NGPL,373.27,376.59,379.95,369.36,201580,stock
2025-09-07,NGPL,377.09,377.87,383.68,372.41,134444,stock
2025-09-08,NGPL,380.91,379.07,386.63,374.13,293209,stock
2025-09-18,NGPL,373.27,347.49,373.27,341.19,73519,stock
2025-09-21,NGPL,347.49,373.12,376.13,347.49,327992,stock
2025-09-23,NGPL,373.27,376.13,379.95,371.46,193147,stock
2025-09-24,NGPL,376.13,370.12,379.0,365.63,213473,stock
2025-09-25,NGPL,364.68,372.22,374.22,364.68,125426,stock
2025-09-28,NGPL,375.18,374.22,376.8,371.36,119788,stock
2025-10-07,NGPL,366.78,375.18,375.85,359.9,206561,stock
2025-10-08,NGPL,368.59,362.77,368.59,351.31,333945,stock
2025-10-09,NGPL,370.02,361.91,378.04,361.34,282577,stock
2025-10-12,NGPL,357.04,344.63,358.95,343.68,217446,stock
2025-10-13,NGPL,343.68,354.18,356.09,340.81,179215,stock
2025-10-14,NGPL,355.13,343.68,355.51,343.68,138587,stock
2025-10-15,NGPL,349.4,346.54,350.36,339.0,135406,stock
2025-10-16,NGPL,353.41,334.13,353.41,334.13,153146,stock
2025-10-19,NGPL,327.45,337.09,340.81,327.45,86514,stock
2025-10-26,NGPL,341.77,339.86,341.77,331.46,73676,stock
2025-10-28,NGPL,339.86,358.95,361.34,339.86,255731,stock
2025-10-29,NGPL,358.0,362.77,367.45,353.7,259015,stock
2025-10-30,NGPL,358.0,370.41,375.18,357.04,369374,stock
2025-11-02,NGPL,373.27,373.27,378.23,367.54,495502,stock
2025-11-03,NGPL,367.64,369.64,379.0,366.59,403121,stock
2025-11-04,NGPL,376.99,366.21,376.99,363.25,196638,stock
2025-11-05,NGPL,358.95,368.4,370.02,358.95,177137,stock
2025-11-06,NGPL,374.22,364.87,374.22,364.87,173339,stock
2025-11-09,NGPL,362.77,357.04,363.72,355.13,135990,stock
2025-11-10,NGPL,353.22,358.0,361.72,353.22,111771,stock
2025-11-11,NGPL,356.09,358.09,361.81,356.09,101722,stock
2025-11-12,NGPL,362.77,355.04,362.77,354.37,59508,stock
2025-11-13,NGPL,361.81,352.94,361.81,351.69,106032,stock
2025-11-16,NGPL,352.27,351.79,358.76,349.4,67508,stock
2025-11-17,NGPL,347.68,353.22,356.09,347.59,90392,stock
2025-11-18,NGPL,354.18,359.9,361.81,354.18,134012,stock
2025-11-19,NGPL,359.9,356.18,361.34,353.32,132883,stock
2025-11-20,NGPL,354.18,358.95,360.86,354.18,143311,stock
2025-11-23,NGPL,357.14,369.26,372.32,357.04,246188,stock
2025-11-24,NGPL,374.13,372.32,376.13,369.83,198712,stock
2025-11-25,NGPL,375.18,386.63,391.31,369.93,502430,stock
2025-11-26,NGPL,379.0,387.02,394.18,379.0,359347,stock
2025-11-27,NGPL,388.54,379.57,389.5,379.57,408061,stock
2025-11-30,NGPL,387.0,389.8,393.4,384.0,456206,stock
2025-12-01,NGPL,390.0,390.2,394.5,387.0,170806,stock
2025-12-02,NGPL,397.9,398.3,405.6,390.0,403438,stock
2025-12-03,NGPL,400.1,394.0,404.0,393.0,364406,stock
2025-12-07,NGPL,396.9,404.0,406.8,395.0,808531,stock
2025-12-08,NGPL,408.0,416.8,418.0,404.0,1348861,stock
2025-12-09,NGPL,425.1,409.5,425.1,408.5,768065,stock
2025-12-10,NGPL,417.6,402.6,417.6,401.5,421725,stock
2025-12-11,NGPL,400.2,402.0,409.0,400.0,469770,stock
2025-12-14,NGPL,401.0,394.2,405.9,394.0,473130,stock
2025-12-15,NGPL,386.4,399.3,401.5,386.4,357696,stock
2025-12-16,NGPL,391.4,398.0,431.0,391.4,494184,stock
2025-12-17,NGPL,400.0,396.7,402.0,395.1,288652,stock
2025-12-18,NGPL,396.0,392.3,397.3,392.1,275681,stock
2025-12-21,NGPL,385.0,393.0,395.0,385.0,220361,stock
2025-12-22,NGPL,390.1,389.6,393.0,388.0,150955,stock
2025-12-23,NGPL,381.9,389.0,392.9,381.9,154801,stock
2025-12-24,NGPL,394.0,387.5,394.0,387.1,188612,stock
2025-12-28,NGPL,395.2,399.9,400.0,390.2,233473,stock
2025-12-29,NGPL,401.0,398.0,404.0,395.1,302900,stock
2025-12-31,NGPL,400.0,398.9,404.9,398.0,279392,stock
2026-01-01,NGPL,391.0,396.9,406.0,391.0,143323,stock
2026-01-04,NGPL,395.0,393.0,397.0,390.0,212095,stock
2026-01-05,NGPL,396.6,396.9,398.0,390.4,212498,stock
2026-01-06,NGPL,399.9,395.2,401.0,393.4,229292,stock
2026-01-07,NGPL,398.2,393.5,398.3,391.3,143112,stock
2026-01-08,NGPL,395.0,392.0,395.0,391.2,239917,stock
2026-01-12,NGPL,392.0,389.0,395.0,388.5,234100,stock
2026-01-13,NGPL,381.3,400.0,404.4,381.3,590347,stock
2026-01-14,NGPL,403.0,397.0,407.0,397.0,243624,stock
2026-01-18,NGPL,397.0,403.4,408.9,397.0,430999,stock
2026-01-20,NGPL,396.0,409.0,416.2,396.0,599844,stock
2026-01-21,NGPL,400.9,406.5,424.5,400.9,471864,stock
2026-01-22,NGPL,410.9,408.0,411.0,405.6,253707,stock
2026-01-25,NGPL,400.0,415.0,418.0,400.0,518749,stock
2026-01-26,NGPL,415.0,421.0,423.9,410.1,783015,stock
2026-01-27,NGPL,420.0,419.0,435.2,415.0,918424,stock
2026-01-28,NGPL,419.0,420.0,424.0,413.4,463642,stock
2026-01-29,NGPL,423.0,430.0,439.4,420.0,1389420,stock
2026-02-01,NGPL,434.0,423.0,436.0,420.5,664723,stock
2026-02-02,NGPL,427.0,422.0,429.9,420.4,493270,stock
2026-02-03,NGPL,413.6,417.0,433.5,413.6,415126,stock
2026-02-04,NGPL,408.7,417.8,425.0,408.7,360688,stock
2026-02-05,NGPL,413.0,422.5,427.0,413.0,801489,stock
2026-02-08,NGPL,427.6,427.8,434.6,425.0,864010,stock
2026-02-09,NGPL,430.0,423.0,431.0,419.0,795997,stock
2026-02-10,NGPL,427.0,417.0,429.6,417.0,412554,stock
2026-02-11,NGPL,425.0,420.3,428.0,418.1,556443,stock
2026-02-12,NGPL,424.9,434.0,445.0,424.0,1622098,stock
2026-02-16,NGPL,441.0,437.0,444.0,435.0,1100808,stock
2026-02-17,NGPL,445.7,425.1,445.7,425.0,727380,stock
2026-02-22,NGPL,425.1,416.9,425.1,415.0,463187,stock
2026-02-23,NGPL,417.0,416.4,422.0,415.0,401739,stock
2026-02-24,NGPL,417.6,425.0,426.0,417.6,366922,stock
2026-02-25,NGPL,425.0,430.0,430.9,424.9,594107,stock
2026-02-26,NGPL,431.0,424.9,431.0,424.2,347021,stock
2026-03-01,NGPL,420.0,427.0,429.0,417.1,422360,stock
2026-03-03,NGPL,429.9,433.9,435.0,423.0,484087,stock
2026-03-09,NGPL,442.5,455.0,477.0,442.5,50610,stock
2026-03-10,NGPL,459.0,471.0,476.2,441.0,2409989,stock
2026-03-11,NGPL,471.0,460.0,479.2,459.0,882831,stock
2026-03-12,NGPL,460.0,460.0,468.7,454.0,838345,stock
2026-03-15,NGPL,460.0,457.0,465.9,454.0,749982,stock
2026-03-16,NGPL,466.0,446.5,466.0,446.0,538983,stock
2026-03-17,NGPL,437.6,459.0,459.0,437.6,587552,stock
2026-03-19,NGPL,459.0,474.0,478.0,459.0,1426082,stock
2026-03-22,NGPL,473.1,484.0,484.9,467.0,1533718,stock
2026-03-23,NGPL,484.0,489.0,493.0,477.0,1118245,stock
2026-03-24,NGPL,484.0,491.0,502.0,484.0,833393,stock
2026-03-25,NGPL,500.8,484.0,500.8,480.0,1082912,stock
2026-03-26,NGPL,484.0,486.1,489.0,477.1,854037,stock
2026-03-29,NGPL,494.0,467.0,494.0,467.0,1095223,stock
2026-03-30,NGPL,476.3,470.0,479.0,461.0,930562,stock
2026-03-31,NGPL,475.1,471.9,475.1,459.0,737774,stock
2026-04-01,NGPL,481.3,458.2,481.3,452.0,939756,stock
2026-04-02,NGPL,458.2,462.0,464.8,450.1,673745,stock
2026-04-05,NGPL,455.0,437.0,459.0,437.0,949330,stock
2026-04-06,NGPL,436.6,460.1,463.0,436.6,628289,stock
2026-04-07,NGPL,462.0,457.0,465.0,452.0,528717,stock
2026-04-08,NGPL,459.9,462.5,463.9,457.1,544353,stock
2026-04-09,NGPL,463.1,470.0,474.0,459.0,663357,stock
2026-04-10,NGPL,470.0,465.0,477.0,462.0,424821,stock
2026-04-13,NGPL,465.0,468.8,469.0,462.0,602653,stock
2026-04-15,NGPL,474.9,473.6,481.0,471.0,687662,stock
2026-04-16,NGPL,483.0,463.7,492.0,462.0,490571,stock
2026-04-17,NGPL,465.0,462.3,468.0,458.0,422787,stock
2026-04-20,NGPL,462.3,452.5,466.0,452.0,293719,stock
2026-04-21,NGPL,475.0,448.0,475.0,446.1,209435,stock
2026-04-22,NGPL,446.2,450.0,459.9,438.0,437184,stock
2026-04-23,NGPL,456.0,444.9,456.6,442.1,215922,stock
2026-04-24,NGPL,441.0,445.0,445.0,432.1,263519,stock
2026-04-27,NGPL,445.0,447.0,472.0,431.7,185875,stock
2026-04-28,NGPL,424.7,442.6,453.0,424.7,179957,stock
2026-04-29,NGPL,440.1,436.8,444.0,435.6,189434,stock
2026-04-30,NGPL,436.0,437.0,440.0,430.1,205103,stock
2026-05-04,NGPL,435.0,426.9,439.0,424.0,230324,stock
2026-05-05,NGPL,427.0,431.0,434.9,423.0,124262,stock
2026-05-06,NGPL,436.0,429.4,436.0,427.1,287810,stock
2026-05-07,NGPL,408.0,431.5,435.0,408.0,189083,stock
2026-05-08,NGPL,430.1,444.9,445.0,430.0,265612,stock
2026-05-11,NGPL,450.0,454.4,454.8,445.1,274260,stock
2026-05-12,NGPL,455.0,443.0,458.0,439.0,260848,stock
2026-05-13,NGPL,442.0,440.1,448.5,437.2,122201,stock
2026-05-14,NGPL,442.4,446.0,446.9,439.0,114349,stock
2026-05-15,NGPL,446.5,447.0,451.9,442.5,153485,stock
2026-05-18,NGPL,451.0,445.0,451.0,442.0,101986,stock
2026-05-19,NGPL,444.0,442.2,448.0,440.4,95324,stock
2026-05-20,NGPL,442.2,447.1,449.0,442.2,89484,stock
2026-05-21,NGPL,449.5,447.0,450.0,444.0,78739,stock
2026-05-22,NGPL,442.1,451.5,451.9,441.0,136672,stock
2026-05-25,NGPL,435.0,459.0,462.0,435.0,319573,stock
2026-05-26,NGPL,460.0,453.5,462.0,450.0,302816,stock
2026-05-27,NGPL,455.0,455.5,458.1,450.0,345642,stock
2026-06-01,NGPL,455.0,447.0,455.5,444.2,206497,stock
2026-06-02,NGPL,447.0,445.8,447.9,441.0,139294,stock
2026-06-03,NGPL,445.8,445.5,448.5,443.3,93169,stock
2026-06-04,NGPL,467.7,441.7,467.7,438.0,140797,stock
2026-06-05,NGPL,442.9,439.9,443.0,437.0,167326,stock
2026-06-08,NGPL,443.9,432.5,443.9,430.0,113737,stock
2026-06-09,NGPL,454.0,433.0,454.0,425.0,207057,stock
2026-06-10,NGPL,449.0,437.9,449.0,430.0,113472,stock
2026-06-11,NGPL,439.5,431.5,439.5,427.0,130103,stock
2026-06-12,NGPL,420.0,431.0,442.0,420.0,88157,stock
2026-06-15,NGPL,439.0,429.5,439.0,427.8,63887,stock
2026-06-16,NGPL,450.9,425.9,450.9,425.5,51445,stock
2026-06-17,NGPL,447.0,428.5,447.0,425.5,66331,stock
2026-06-18,NGPL,449.9,424.0,449.9,421.1,92554,stock
2026-06-19,NGPL,445.0,423.1,445.0,422.0,48788,stock
2026-06-22,NGPL,429.0,423.0,429.0,422.5,104124,stock
2026-06-23,NGPL,420.1,420.0,423.0,420.0,133657,stock
2026-06-24,NGPL,420.0,415.0,420.0,409.3,185220,stock
2026-06-25,NGPL,413.1,412.0,415.0,408.2,84647,stock
2026-06-26,NGPL,410.0,410.0,415.0,409.5,51286,stock
2026-06-29,NGPL,405.2,408.0,410.9,405.1,75939,stock
2026-06-30,NGPL,408.0,402.9,408.0,401.0,84495,stock
2026-07-01,NGPL,404.0,414.9,417.0,404.0,106621,stock
2026-07-02,NGPL,409.1,411.8,412.0,406.0,50388,stock
2026-07-03,NGPL,410.0,412.2,417.0,410.0,94433,stock
2026-07-06,NGPL,416.9,408.3,416.9,408.0,74380,stock
2026-07-07,NGPL,410.0,413.0,414.0,406.1,99920,stock
2026-07-08,NGPL,408.0,405.9,408.8,402.4,65121,stock
2026-07-09,NGPL,402.1,409.0,410.0,402.1,100458,stock
2026-07-10,NGPL,409.8,406.9,413.0,403.3,115383,stock
2026-07-13,NGPL,403.0,399.0,405.0,398.0,129307,stock
2026-07-14,NGPL,404.0,400.3,409.0,393.5,138225,stock
2026-07-15,NGPL,403.1,402.0,408.8,400.0,117905,stock
2026-07-16,NGPL,406.0,398.0,406.0,394.0,228603,stock
2026-07-17,NGPL,417.0,418.2,419.9,404.9,360263,stock
2026-07-20,NGPL,419.9,428.8,434.9,418.0,251112,stock
2026-07-21,NGPL,435.0,425.0,435.0,422.0,174734,stock
2026-07-22,NGPL,404.0,423.4,428.5,404.0,167493,stock
2026-07-23,NGPL,424.0,419.0,424.0,417.4,203489,stock
2026-07-24,NGPL,420.0,420.0,425.8,416.0,135494,stock
2026-07-27,NGPL,416.1,413.0,422.0,412.2,140559,stock
2026-07-28,NGPL,411.5,410.0,414.0,409.0,125424,stock
2026-07-29,NGPL,411.0,409.9,413.8,407.6,131658,stock
2026-07-30,NGPL,413.9,407.9,413.9,405.1,82194,stock
2026-07-31,NGPL,425.0,408.1,425.0,403.5,148643,stock
2026-08-03,NGPL,400.0,407.2,413.0,400.0,56271,stock
2026-08-04,NGPL,405.6,406.0,409.9,403.0,95593,stock
2026-08-05,NGPL,411.0,407.0,411.0,404.0,69796,stock
2026-08-06,NGPL,409.9,412.8,416.0,408.2,139627,stock
2026-08-07,NGPL,413.7,408.7,416.0,408.0,74059,stock
2026-08-10,NGPL,408.0,408.5,410.8,405.0,65637,stock
2026-08-11,NGPL,409.8,421.0,424.0,407.0,427557,stock
2026-08-12,NGPL,441.0,415.0,441.0,415.0,255946,stock
2026-08-13,NGPL,416.7,413.2,418.9,413.0,126937,stock
2026-08-14,NGPL,392.6,414.9,422.5,392.6,262237,stock
2026-08-17,NGPL,415.0,411.0,415.0,410.3,98091,stock
2026-08-18,NGPL,410.2,409.9,413.0,408.1,166725,stock
2026-08-19,NGPL,412.0,407.0,412.0,406.4,129970,stock
2026-08-20,NGPL,406.5,412.0,413.0,403.1,170242,stock
2026-08-21,NGPL,411.9,407.0,412.0,407.0,114342,stock
2026-08-24,NGPL,407.0,403.2,411.0,402.9,105732,stock
2026-08-25,NGPL,407.9,404.0,407.9,400.2,125020,stock
2026-08-26,NGPL,400.0,396.9,401.0,393.6,180724,stock
2026-08-27,NGPL,390.1,398.0,404.0,385.1,102967,stock
2026-08-31,NGPL,395.0,390.0,399.0,387.0,97306,stock
2026-09-01,NGPL,385.2,390.9,397.0,385.2,39216,stock
2026-09-02,NGPL,390.0,394.0,396.0,388.1,58392,stock
2026-09-03,NGPL,397.0,388.0,397.0,387.1,123903,stock
2026-09-07,NGPL,390.0,393.8,398.1,390.0,82826,stock
2026-09-09,NGPL,399.0,392.9,399.0,389.7,100075,stock
2026-09-10,NGPL,392.0,390.0,394.7,387.5,83445,stock
2026-09-11,NGPL,390.1,397.4,397.8,390.0,72583,stock
2026-09-14,NGPL,399.0,401.0,406.9,397.0,100338,stock
2026-09-15,NGPL,420.0,417.0,420.0,406.6,331950,stock
2026-09-16,NGPL,415.0,408.9,419.0,408.1,134142,stock
2026-09-17,NGPL,408.0,409.0,415.9,406.4,120338,stock
2026-09-18,NGPL,413.0,410.0,413.5,408.0,98550,stock
2026-09-22,NGPL,413.0,411.0,415.0,408.2,132714,stock
2026-09-23,NGPL,410.0,405.0,410.0,403.0,106852,stock
2026-09-24,NGPL,384.8,403.0,408.0,384.8,74040,stock
2026-09-28,NGPL,405.0,400.0,407.0,397.2,123861,stock
2026-09-29,NGPL,398.0,400.0,403.0,395.0,88866,stock
2026-09-30,NGPL,401.0,396.1,402.0,395.6,78402,stock
2026-10-01,NGPL,398.1,396.7,400.0,395.0,98514,stock
2026-10-02,NGPL,402.9,395.9,402.9,395.8,71907,stock
2026-10-05,NGPL,415.0,393.3,415.0,391.1,62417,stock
2026-10-06,NGPL,394.0,395.5,396.5,393.0,51058,stock
2026-10-07,NGPL,401.0,394.9,401.0,393.0,57386,stock
2026-10-08,NGPL,396.0,393.3,396.0,393.0,55658,stock
2026-10-09,NGPL,394.0,398.0,403.0,391.7,92523,stock
