time,symbol,open,close,high,low,volume,category
2012-01-12,NLICL,36.43,37.86,37.86,36.76,130,stock
2012-01-16,NLICL,37.86,38.24,38.24,38.24,20,stock
2012-02-02,NLICL,38.24,37.86,37.86,37.86,50,stock
2012-02-06,NLICL,37.86,35.83,37.47,35.83,444,stock
2012-02-07,NLICL,35.83,35.5,35.5,35.18,412,stock
2012-02-12,NLICL,35.5,35.23,35.5,35.23,198,stock
2012-02-14,NLICL,35.23,35.23,35.23,35.23,66,stock
2012-02-15,NLICL,35.23,35.5,35.5,35.5,571,stock
2012-02-16,NLICL,35.5,35.5,35.5,35.34,298,stock
2012-02-21,NLICL,35.5,35.5,35.5,35.5,269,stock
2012-02-26,NLICL,35.5,36.32,36.32,35.83,1261,stock
2012-02-27,NLICL,36.32,36.05,36.05,36.05,100,stock
2012-02-28,NLICL,36.05,35.72,36.05,35.72,139,stock
2012-02-29,NLICL,35.72,36.05,36.05,36.05,80,stock
2012-03-01,NLICL,36.05,36.32,36.32,36.32,50,stock
2012-03-05,NLICL,36.32,35.72,36.0,35.72,676,stock
2012-03-06,NLICL,35.72,35.5,35.72,35.5,1274,stock
2012-03-11,NLICL,35.5,35.5,35.5,35.5,620,stock
2012-03-12,NLICL,35.5,35.5,35.5,35.5,200,stock
2012-03-13,NLICL,35.5,35.5,35.5,35.5,1393,stock
2012-03-18,NLICL,35.5,34.85,35.61,34.85,665,stock
2012-03-19,NLICL,34.85,34.96,35.18,34.96,590,stock
2012-03-25,NLICL,34.96,34.63,34.63,34.63,176,stock
2012-03-27,NLICL,34.63,35.29,35.29,34.96,196,stock
2012-03-28,NLICL,35.29,35.5,35.5,35.5,1083,stock
2012-04-03,NLICL,35.5,35.5,35.5,35.5,185,stock
2012-04-04,NLICL,35.5,35.5,35.72,35.5,982,stock
2012-04-08,NLICL,35.5,35.18,35.18,35.18,54,stock
2012-04-11,NLICL,35.18,35.5,35.5,35.5,50,stock
2012-04-12,NLICL,35.5,35.78,35.78,35.78,50,stock
2012-04-18,NLICL,35.78,36.76,36.76,36.11,1545,stock
2012-04-19,NLICL,36.76,36.65,37.53,36.65,294,stock
2012-04-22,NLICL,36.65,37.03,37.03,37.03,117,stock
2012-04-24,NLICL,37.03,38.29,38.29,37.42,1707,stock
2012-04-26,NLICL,38.29,38.68,38.68,38.68,20,stock
2012-04-29,NLICL,38.68,39.06,39.06,39.06,22,stock
2012-04-30,NLICL,39.06,39.88,39.88,39.44,233,stock
2012-05-03,NLICL,39.88,41.41,41.41,40.97,22,stock
2012-05-07,NLICL,41.41,41.41,41.41,41.41,50000,stock
2012-05-13,NLICL,41.41,42.78,42.78,41.85,300,stock
2012-05-15,NLICL,42.78,43.76,43.76,43.27,200,stock
2012-05-16,NLICL,43.76,44.75,44.75,44.25,119,stock
2012-05-17,NLICL,44.75,46.33,46.33,45.24,433,stock
2012-05-20,NLICL,46.33,46.82,47.97,46.82,625,stock
2012-05-21,NLICL,46.82,47.32,47.32,47.32,58,stock
2012-06-07,NLICL,47.32,47.7,47.7,47.7,152,stock
2012-06-11,NLICL,47.7,48.08,48.08,48.08,36,stock
2012-07-11,NLICL,48.08,47.48,47.48,47.48,100,stock
2012-07-12,NLICL,47.48,46.39,46.93,46.39,76,stock
2012-07-16,NLICL,46.39,46.93,46.93,46.93,79,stock
2012-07-18,NLICL,46.93,45.84,46.39,45.84,518,stock
2012-07-19,NLICL,45.84,46.71,46.71,46.39,200,stock
2012-07-22,NLICL,46.71,43.82,46.17,43.82,3982,stock
2012-07-23,NLICL,43.82,44.03,44.03,42.07,16450,stock
2012-07-24,NLICL,44.03,43.54,43.54,43.54,50,stock
2012-07-26,NLICL,43.54,43.16,43.16,43.16,50,stock
2012-07-29,NLICL,43.16,43.16,43.16,42.67,792,stock
2012-07-30,NLICL,43.16,43.65,43.65,43.21,515,stock
2012-07-31,NLICL,51.51,44.12,44.12,44.12,132,stock
2012-08-01,NLICL,44.12,44.97,44.97,44.47,634,stock
2012-08-05,NLICL,44.97,45.25,45.47,45.25,179,stock
2012-09-02,NLICL,45.25,45.96,45.96,45.54,398,stock
2012-09-03,NLICL,45.96,45.89,45.89,45.89,132,stock
2012-09-04,NLICL,45.89,45.89,45.89,45.89,239,stock
2012-09-05,NLICL,45.89,46.96,46.96,45.68,4332,stock
2012-09-06,NLICL,46.96,48.1,48.1,46.39,1057,stock
2012-09-09,NLICL,48.1,50.87,51.08,48.67,4544,stock
2012-09-10,NLICL,50.87,51.01,51.51,50.3,1513,stock
2012-09-11,NLICL,51.01,51.23,51.23,50.44,6749,stock
2012-09-12,NLICL,51.23,50.87,51.44,50.23,8358,stock
2012-09-13,NLICL,50.87,52.65,52.65,51.51,311,stock
2012-09-16,NLICL,52.65,55.14,55.14,53.29,239,stock
2012-09-17,NLICL,55.14,55.85,55.92,55.14,748,stock
2012-09-18,NLICL,55.85,54.0,55.49,53.78,7401,stock
2012-09-19,NLICL,54.0,53.29,54.0,53.29,1313,stock
2012-09-20,NLICL,53.29,52.01,52.65,52.01,553,stock
2012-09-23,NLICL,52.01,53.29,53.29,52.65,87,stock
2012-09-24,NLICL,53.29,53.22,53.22,51.94,1719,stock
2012-09-25,NLICL,53.22,52.58,52.58,52.58,10,stock
2012-09-26,NLICL,52.58,52.22,52.22,51.44,1168,stock
2012-09-27,NLICL,52.22,53.07,53.07,52.29,2597,stock
2012-09-30,NLICL,53.07,53.71,53.71,53.71,66,stock
2012-10-01,NLICL,53.71,53.71,54.07,53.0,9373,stock
2012-10-02,NLICL,53.71,53.71,53.71,53.0,2058,stock
2012-10-03,NLICL,53.71,52.36,53.71,52.36,2530,stock
2012-10-04,NLICL,52.36,53.71,53.71,53.0,2089,stock
2012-10-07,NLICL,53.71,53.57,53.57,51.65,2102,stock
2012-10-08,NLICL,53.57,54.14,54.14,52.86,5070,stock
2012-10-09,NLICL,54.14,53.57,53.64,53.29,3389,stock
2012-10-10,NLICL,53.57,54.14,54.14,54.14,18,stock
2012-10-11,NLICL,54.14,54.21,54.21,54.21,18,stock
2012-10-18,NLICL,54.21,54.57,54.57,54.57,20,stock
2012-11-05,NLICL,54.57,53.86,53.86,53.86,1259,stock
2012-11-06,NLICL,53.86,54.57,54.57,54.57,18,stock
2012-11-11,NLICL,54.57,53.86,53.86,53.86,50,stock
2012-11-12,NLICL,53.86,53.86,53.86,53.86,1186,stock
2012-11-18,NLICL,53.86,54.07,54.07,54.07,22,stock
2012-11-25,NLICL,54.07,53.36,53.36,53.36,200,stock
2012-11-29,NLICL,53.36,53.0,53.0,53.0,99,stock
2012-12-04,NLICL,53.0,53.0,53.0,53.0,30,stock
2012-12-06,NLICL,53.0,51.58,53.0,51.58,1377,stock
2012-12-13,NLICL,51.58,51.23,51.23,51.23,26,stock
2012-12-16,NLICL,51.23,51.58,51.58,51.58,153,stock
2012-12-17,NLICL,51.58,51.94,51.94,51.15,5086,stock
2012-12-18,NLICL,51.94,51.58,51.58,51.58,66,stock
2012-12-19,NLICL,51.58,51.58,51.58,51.58,287,stock
2012-12-20,NLICL,51.58,51.58,52.22,51.58,351,stock
2012-12-23,NLICL,51.58,51.08,51.23,51.08,166,stock
2012-12-24,NLICL,51.08,52.01,52.01,51.72,1453,stock
2012-12-26,NLICL,52.01,52.58,52.58,52.01,149,stock
2012-12-27,NLICL,52.58,51.94,52.29,51.94,443,stock
2012-12-31,NLICL,51.94,52.58,52.58,51.94,532,stock
2013-01-01,NLICL,52.58,52.65,52.65,52.65,341,stock
2013-01-02,NLICL,52.65,52.08,53.29,52.08,1308,stock
2013-01-03,NLICL,52.08,54.78,54.78,52.58,1605,stock
2013-01-06,NLICL,54.78,53.36,54.07,53.36,98,stock
2013-01-07,NLICL,53.36,52.93,52.93,52.22,1212,stock
2013-01-08,NLICL,52.93,53.0,53.36,53.0,306,stock
2013-01-10,NLICL,53.0,53.71,53.71,53.36,582,stock
2013-01-13,NLICL,53.71,55.14,55.14,54.42,851,stock
2013-01-15,NLICL,55.14,55.49,55.49,55.49,3421,stock
2013-01-16,NLICL,55.49,55.49,55.49,55.49,1304,stock
2013-01-17,NLICL,55.49,54.28,54.78,54.28,1452,stock
2013-01-21,NLICL,54.28,54.99,54.99,54.99,64,stock
2013-01-22,NLICL,54.99,55.7,55.7,54.57,1776,stock
2013-01-23,NLICL,55.7,57.62,57.62,55.85,3791,stock
2013-01-24,NLICL,57.62,56.84,56.84,56.84,500,stock
2013-01-27,NLICL,56.84,57.27,57.27,57.27,620,stock
2013-01-28,NLICL,57.27,55.78,56.49,55.78,235,stock
2013-01-31,NLICL,55.78,56.49,56.49,56.49,15,stock
2013-02-05,NLICL,56.49,56.2,56.2,55.49,471,stock
2013-02-07,NLICL,56.2,56.2,56.2,55.85,619,stock
2013-02-10,NLICL,56.2,56.91,56.91,56.56,1566,stock
2013-02-12,NLICL,56.91,59.05,59.05,56.91,1634,stock
2013-02-14,NLICL,59.05,59.05,59.05,58.69,106,stock
2013-02-17,NLICL,59.05,60.61,60.61,59.83,277,stock
2013-02-19,NLICL,60.61,60.68,61.53,60.68,1457,stock
2013-02-20,NLICL,60.68,60.82,61.53,60.82,420,stock
2013-02-21,NLICL,60.82,62.03,62.96,61.18,5103,stock
2013-02-24,NLICL,62.03,62.81,62.88,61.25,2414,stock
2013-02-25,NLICL,62.81,63.81,63.81,62.96,2652,stock
2013-02-26,NLICL,63.81,64.38,65.66,63.45,2610,stock
2013-02-27,NLICL,64.38,64.16,64.16,64.16,296,stock
2013-02-28,NLICL,64.16,67.93,67.93,64.45,2492,stock
2013-03-03,NLICL,67.93,66.58,66.94,66.58,492,stock
2013-03-04,NLICL,66.58,64.8,65.94,64.8,4644,stock
2013-03-05,NLICL,64.8,64.02,64.52,63.45,4841,stock
2013-03-06,NLICL,64.02,64.02,64.02,64.02,412,stock
2013-03-07,NLICL,64.02,64.73,64.73,64.16,2757,stock
2013-03-11,NLICL,64.73,65.09,65.44,65.09,685,stock
2013-03-13,NLICL,65.09,64.73,66.01,64.02,1243,stock
2013-03-18,NLICL,76.55,63.84,63.84,63.84,27,stock
2013-03-19,NLICL,63.84,64.73,64.73,64.73,18,stock
2013-03-20,NLICL,64.73,67.49,67.49,65.62,56,stock
2013-03-21,NLICL,67.49,68.38,68.38,68.38,76,stock
2013-03-24,NLICL,68.38,67.66,67.66,67.66,150,stock
2013-04-02,NLICL,67.66,68.64,68.64,68.64,18,stock
2013-04-07,NLICL,68.64,67.66,67.66,67.66,103,stock
2013-04-08,NLICL,67.66,64.11,67.22,64.11,5167,stock
2013-04-09,NLICL,64.11,64.38,65.0,64.38,638,stock
2013-04-11,NLICL,64.38,67.04,67.04,65.27,777,stock
2013-04-15,NLICL,67.04,67.04,67.04,67.04,10000,stock
2013-04-16,NLICL,67.04,65.0,66.07,65.0,1192,stock
2013-04-17,NLICL,65.0,64.91,64.91,64.11,32700,stock
2013-04-18,NLICL,64.91,64.55,64.55,64.55,650,stock
2013-04-21,NLICL,64.55,65.44,65.44,65.0,200,stock
2013-04-22,NLICL,65.44,64.11,65.0,64.11,203,stock
2013-04-23,NLICL,64.11,64.11,64.11,64.11,3500,stock
2013-04-28,NLICL,64.11,64.11,64.2,64.11,197,stock
2013-04-30,NLICL,64.11,64.91,64.91,64.11,118,stock
2013-05-05,NLICL,64.91,65.8,65.8,65.8,33,stock
2013-05-08,NLICL,65.8,64.91,64.91,64.91,20,stock
2013-05-13,NLICL,64.91,62.78,64.91,62.07,11917,stock
2013-05-14,NLICL,62.78,62.33,62.78,62.33,418,stock
2013-05-16,NLICL,62.33,66.78,66.78,62.96,432,stock
2013-05-19,NLICL,66.78,65.8,66.33,65.8,2202,stock
2013-05-20,NLICL,65.8,64.64,64.91,63.75,5358,stock
2013-05-21,NLICL,64.64,64.64,64.64,62.87,12239,stock
2013-05-23,NLICL,64.64,65.35,65.35,63.75,331,stock
2013-05-26,NLICL,65.35,65.0,65.0,65.0,318,stock
2013-05-27,NLICL,65.0,66.24,67.31,65.44,763,stock
2013-05-28,NLICL,66.24,62.78,67.13,62.78,532,stock
2013-05-30,NLICL,62.78,64.64,64.64,61.89,264217,stock
2013-06-02,NLICL,64.64,67.84,69.0,65.53,2541,stock
2013-06-03,NLICL,67.84,68.11,68.11,66.87,3725,stock
2013-06-04,NLICL,68.11,68.11,68.11,68.11,446,stock
2013-06-05,NLICL,68.11,68.11,68.11,68.11,1410,stock
2013-06-09,NLICL,68.11,67.22,67.22,67.22,77,stock
2013-06-11,NLICL,67.22,69.0,69.0,68.11,2925,stock
2013-06-12,NLICL,69.0,67.22,68.82,67.22,770,stock
2013-06-13,NLICL,67.22,66.42,66.42,66.42,156,stock
2013-06-16,NLICL,66.42,66.33,66.33,65.53,135,stock
2013-06-18,NLICL,66.33,65.53,66.42,65.44,11448,stock
2013-06-19,NLICL,65.53,66.33,66.33,66.33,205,stock
2013-06-23,NLICL,66.33,66.33,67.31,66.33,7272,stock
2013-06-24,NLICL,66.33,66.15,66.78,66.15,15190,stock
2013-06-25,NLICL,66.15,68.91,68.91,66.95,1839,stock
2013-06-26,NLICL,68.91,68.55,69.89,68.55,1624,stock
2013-06-27,NLICL,68.55,66.33,67.58,66.33,944,stock
2013-06-30,NLICL,66.33,67.31,67.31,65.44,491,stock
2013-07-02,NLICL,67.31,68.64,68.64,67.66,417,stock
2013-07-03,NLICL,68.64,68.11,68.11,67.84,267,stock
2013-07-04,NLICL,68.11,68.55,68.55,68.11,10323,stock
2013-07-07,NLICL,68.55,67.58,69.53,67.58,237,stock
2013-07-08,NLICL,67.58,68.29,68.46,67.31,32097,stock
2013-07-09,NLICL,68.29,69.0,69.44,68.38,3044,stock
2013-07-10,NLICL,69.0,70.78,70.78,68.2,7553,stock
2013-07-11,NLICL,70.78,69.98,69.98,69.98,113,stock
2013-07-14,NLICL,69.98,69.89,69.89,69.89,94,stock
2013-07-15,NLICL,69.89,70.42,70.42,69.35,503,stock
2013-07-17,NLICL,70.42,71.13,71.22,70.78,890,stock
2013-07-18,NLICL,71.13,73.62,73.62,70.33,8120,stock
2013-07-21,NLICL,73.62,79.13,79.13,74.68,714,stock
2013-07-22,NLICL,79.13,85.26,85.26,79.66,7206,stock
2013-07-23,NLICL,85.26,82.24,86.33,82.24,2898,stock
2013-07-24,NLICL,82.24,79.84,81.44,78.77,2386,stock
2013-07-25,NLICL,79.84,80.37,80.64,78.33,6388,stock
2013-07-28,NLICL,80.37,86.59,86.59,79.66,13345,stock
2013-07-29,NLICL,86.59,87.3,87.93,86.33,10695,stock
2013-07-30,NLICL,87.3,88.19,88.19,84.55,3940,stock
2013-07-31,NLICL,88.19,88.1,90.41,88.1,10495,stock
2013-08-01,NLICL,88.1,88.55,89.44,87.48,2890,stock
2013-08-04,NLICL,88.55,88.55,89.44,88.1,1650,stock
2013-08-05,NLICL,88.55,86.33,87.21,86.33,441,stock
2013-08-06,NLICL,86.33,88.19,88.19,86.33,836,stock
2013-08-07,NLICL,88.19,88.55,89.44,88.55,1721,stock
2013-08-08,NLICL,88.55,88.55,88.64,88.46,3446,stock
2013-08-11,NLICL,88.55,88.55,88.55,88.1,2398,stock
2013-08-12,NLICL,88.55,87.39,88.55,87.21,6529,stock
2013-08-13,NLICL,87.39,89.97,89.97,87.39,28167,stock
2013-08-14,NLICL,89.97,90.32,90.86,88.55,19972,stock
2013-08-15,NLICL,90.32,95.66,97.26,91.21,8093,stock
2013-08-18,NLICL,95.66,103.48,103.48,97.17,4227,stock
2013-08-19,NLICL,103.48,103.56,110.41,98.41,30304,stock
2013-08-20,NLICL,103.56,101.08,104.01,101.08,6279,stock
2013-08-25,NLICL,101.08,99.3,100.1,99.3,1334,stock
2013-08-26,NLICL,99.3,99.57,99.57,97.97,3851,stock
2013-08-27,NLICL,99.57,99.48,99.66,99.21,2311,stock
2013-08-29,NLICL,99.48,98.77,98.77,97.88,945,stock
2013-09-01,NLICL,98.77,99.66,99.66,97.43,4051,stock
2013-09-02,NLICL,99.66,100.1,100.1,98.5,2648,stock
2013-09-03,NLICL,100.1,100.54,100.54,100.45,484,stock
2013-09-04,NLICL,100.54,100.99,100.99,100.99,53,stock
2013-09-05,NLICL,100.99,99.66,100.99,99.03,2290,stock
2013-09-08,NLICL,99.66,98.06,98.5,98.06,1149,stock
2013-09-09,NLICL,98.06,98.94,99.21,98.5,2100,stock
2013-09-10,NLICL,98.94,100.45,100.81,99.57,348,stock
2013-09-11,NLICL,100.45,103.21,104.9,100.1,4362,stock
2013-09-12,NLICL,103.21,104.01,104.01,101.61,3465,stock
2013-09-15,NLICL,104.01,102.77,104.45,102.32,5048,stock
2013-09-16,NLICL,102.77,105.88,106.32,102.77,2692,stock
2013-09-17,NLICL,105.88,110.59,110.59,107.21,12351,stock
2013-09-19,NLICL,110.59,112.18,114.32,112.1,6831,stock
2013-09-22,NLICL,112.18,110.76,113.96,110.76,1934,stock
2013-09-23,NLICL,110.76,107.21,109.07,106.5,2885,stock
2013-09-24,NLICL,107.21,109.43,109.43,107.3,2484,stock
2013-09-25,NLICL,109.43,108.99,109.87,108.99,1238,stock
2013-09-26,NLICL,108.99,109.34,109.43,108.27,2023,stock
2013-09-29,NLICL,109.34,108.54,109.43,107.65,11156,stock
2013-09-30,NLICL,108.54,107.65,110.14,107.65,2257,stock
2013-10-01,NLICL,107.65,108.99,109.43,108.1,1714,stock
2013-10-02,NLICL,108.99,108.27,109.07,108.1,937,stock
2013-10-03,NLICL,108.27,108.1,108.1,108.1,400,stock
2013-10-06,NLICL,108.1,107.65,109.43,107.65,3511,stock
2013-10-07,NLICL,107.65,108.99,109.43,107.21,5323,stock
2013-10-08,NLICL,108.99,112.54,112.54,108.99,754,stock
2013-10-09,NLICL,112.54,108.1,111.21,108.1,2605,stock
2013-10-10,NLICL,108.1,109.87,109.87,106.32,15083,stock
2013-10-17,NLICL,109.87,113.43,113.52,111.65,484,stock
2013-10-20,NLICL,113.43,115.65,115.65,114.32,3566,stock
2013-10-21,NLICL,115.65,115.65,118.05,115.21,11132,stock
2013-10-22,NLICL,115.65,117.87,117.87,114.76,5420,stock
2013-10-23,NLICL,117.87,117.43,118.05,115.92,2263,stock
2013-10-24,NLICL,117.43,117.43,121.87,117.43,3852,stock
2013-10-27,NLICL,117.43,119.2,120.54,117.43,10200,stock
2013-10-28,NLICL,119.2,118.94,118.94,118.32,1099,stock
2013-10-29,NLICL,118.94,117.87,118.76,117.87,989,stock
2013-10-30,NLICL,117.87,118.76,118.76,117.87,6941,stock
2013-10-31,NLICL,118.76,119.65,119.65,117.52,5244,stock
2013-11-06,NLICL,119.65,120.54,121.43,120.54,172,stock
2013-11-07,NLICL,120.54,119.2,119.2,118.32,429,stock
2013-11-10,NLICL,119.2,119.65,119.65,119.2,225,stock
2013-11-11,NLICL,119.65,123.74,123.74,118.76,10608,stock
2013-11-12,NLICL,123.74,124.54,126.67,124.54,696,stock
2013-11-13,NLICL,124.54,127.2,128.45,126.31,6721,stock
2013-11-14,NLICL,127.2,128.09,128.98,126.67,6862,stock
2013-11-21,NLICL,128.09,136.98,136.98,128.09,5034,stock
2013-11-24,NLICL,136.98,144.53,147.64,139.29,14352,stock
2013-11-25,NLICL,144.53,144.17,144.17,140.98,3515,stock
2013-11-26,NLICL,144.17,146.75,146.84,141.86,8085,stock
2013-11-27,NLICL,146.75,156.08,156.53,149.24,10399,stock
2013-11-28,NLICL,156.08,161.86,161.86,154.31,19809,stock
2013-12-01,NLICL,161.86,164.08,164.17,159.19,6922,stock
2013-12-02,NLICL,164.08,172.97,176.08,166.3,5362,stock
2013-12-03,NLICL,172.97,173.41,175.1,169.06,10110,stock
2013-12-04,NLICL,173.41,173.41,179.54,170.74,5036,stock
2013-12-05,NLICL,173.41,168.52,176.52,168.52,3177,stock
2013-12-08,NLICL,168.52,164.7,167.63,164.7,1100,stock
2013-12-09,NLICL,164.7,161.77,161.77,161.77,33,stock
2013-12-10,NLICL,161.77,164.08,164.08,164.08,20,stock
2013-12-11,NLICL,164.08,152.97,161.33,152.97,738,stock
2013-12-12,NLICL,152.97,149.86,152.53,146.31,6882,stock
2013-12-15,NLICL,149.86,152.71,152.71,148.08,5464,stock
2013-12-16,NLICL,152.71,155.19,158.04,152.53,3552,stock
2013-12-18,NLICL,155.19,160.61,160.61,157.86,420,stock
2013-12-19,NLICL,160.61,164.08,164.08,159.64,5627,stock
2013-12-22,NLICL,164.08,162.48,163.99,159.64,2133,stock
2013-12-23,NLICL,162.48,162.48,163.37,156.79,4847,stock
2013-12-24,NLICL,162.48,159.64,165.32,159.64,5258,stock
2013-12-26,NLICL,159.64,164.7,168.52,162.48,4504,stock
2013-12-29,NLICL,164.7,162.75,163.46,159.64,3162,stock
2013-12-31,NLICL,162.75,160.61,167.46,160.61,21221,stock
2014-01-01,NLICL,160.61,155.19,160.61,155.19,2320,stock
2014-01-02,NLICL,155.19,160.08,161.41,157.86,3103,stock
2014-01-05,NLICL,160.08,156.08,160.08,156.08,11001,stock
2014-01-06,NLICL,156.08,157.86,157.86,156.97,7501,stock
2014-01-07,NLICL,157.86,160.97,162.92,157.86,6218,stock
2014-01-08,NLICL,160.97,168.52,168.52,155.64,7822,stock
2014-01-09,NLICL,168.52,176.61,176.61,170.3,16035,stock
2014-01-12,NLICL,176.61,188.07,189.85,177.41,20515,stock
2014-01-13,NLICL,188.07,186.38,195.18,185.85,4549,stock
2014-01-14,NLICL,186.38,187.18,187.18,183.01,5695,stock
2014-01-16,NLICL,187.18,185.23,186.3,181.94,1418,stock
2014-01-19,NLICL,185.23,181.85,187.36,181.85,5451,stock
2014-01-20,NLICL,181.85,181.67,189.67,181.67,3900,stock
2014-01-21,NLICL,181.67,184.52,184.87,179.63,3161,stock
2014-01-22,NLICL,184.52,180.96,182.74,180.52,3611,stock
2014-01-23,NLICL,180.96,182.3,182.3,180.16,3375,stock
2014-01-26,NLICL,182.3,175.19,180.96,175.19,3347,stock
2014-01-27,NLICL,175.19,177.41,177.41,172.97,2562,stock
2014-01-28,NLICL,177.41,176.08,178.3,175.19,3586,stock
2014-01-29,NLICL,176.08,182.74,182.74,176.96,1814,stock
2014-02-02,NLICL,182.74,178.3,181.85,178.3,2848,stock
2014-02-03,NLICL,178.3,185.23,185.23,181.41,541,stock
2014-02-05,NLICL,185.23,181.85,184.07,181.85,5270,stock
2014-02-06,NLICL,181.85,192.07,192.96,181.85,6719,stock
2014-02-09,NLICL,192.07,190.29,192.52,188.61,2197,stock
2014-02-10,NLICL,190.29,191.63,200.51,190.74,2538,stock
2014-02-11,NLICL,191.63,190.74,195.09,190.74,5660,stock
2014-02-12,NLICL,190.74,204.07,206.29,192.96,10003,stock
2014-02-13,NLICL,204.07,208.51,213.13,207.62,5608,stock
2014-02-16,NLICL,208.51,207.62,208.51,206.29,6459,stock
2014-02-17,NLICL,207.62,216.51,216.86,204.07,6221,stock
2014-02-18,NLICL,216.51,224.42,228.5,212.95,3149,stock
2014-02-20,NLICL,224.42,234.28,244.94,228.5,10043,stock
2014-02-23,NLICL,234.28,234.28,239.79,230.73,8072,stock
2014-02-24,NLICL,234.28,228.06,238.55,226.46,5474,stock
2014-02-25,NLICL,228.06,224.51,230.73,217.75,5318,stock
2014-02-26,NLICL,224.51,226.37,228.59,218.37,3982,stock
2014-03-03,NLICL,226.37,221.84,222.2,216.51,21170,stock
2014-03-04,NLICL,221.84,214.29,217.75,209.93,4418,stock
2014-03-05,NLICL,214.29,219.62,225.75,217.4,5406,stock
2014-03-06,NLICL,219.62,219.09,219.09,213.49,1643,stock
2014-03-09,NLICL,219.09,213.93,215.09,211.18,1934,stock
2014-03-10,NLICL,213.93,219.09,219.09,212.95,2822,stock
2014-03-11,NLICL,219.09,212.95,215.98,212.15,6709,stock
2014-03-12,NLICL,212.95,212.95,218.82,211.18,1142,stock
2014-03-13,NLICL,212.95,215.62,217.31,212.95,1975,stock
2014-03-17,NLICL,215.62,204.6,212.07,204.51,1873,stock
2014-03-18,NLICL,204.6,201.85,203.18,197.94,2002,stock
2014-03-19,NLICL,201.85,212.86,212.86,204.07,1581,stock
2014-03-20,NLICL,212.86,216.51,221.84,212.95,5142,stock
2014-03-23,NLICL,216.51,212.95,214.73,212.95,5181,stock
2014-03-24,NLICL,212.95,225.57,225.93,215.18,3848,stock
2014-03-25,NLICL,225.57,223.44,223.97,220.95,1910,stock
2014-03-26,NLICL,223.44,224.06,224.68,223.62,2556,stock
2014-03-27,NLICL,224.06,220.51,222.02,220.51,806,stock
2014-03-31,NLICL,220.51,223.17,226.28,220.95,2804,stock
2014-04-01,NLICL,223.17,230.28,233.39,226.19,6437,stock
2014-04-02,NLICL,230.28,226.28,231.61,225.39,2078,stock
2014-04-03,NLICL,226.28,225.57,227.62,225.57,2801,stock
2014-04-06,NLICL,225.57,226.28,227.17,223.62,3494,stock
2014-04-07,NLICL,226.28,227.7,230.73,223.17,5879,stock
2014-04-09,NLICL,227.7,248.5,248.68,230.73,54417,stock
2014-04-10,NLICL,248.5,254.36,267.51,250.72,33424,stock
2014-04-13,NLICL,254.36,255.61,256.5,249.56,12975,stock
2014-04-15,NLICL,255.61,258.27,260.49,255.16,10361,stock
2014-04-16,NLICL,258.27,254.72,259.25,254.72,10228,stock
2014-04-17,NLICL,254.72,256.05,257.74,255.07,3933,stock
2014-04-20,NLICL,256.05,253.47,258.27,252.94,6551,stock
2014-04-21,NLICL,253.47,253.39,256.05,251.61,4078,stock
2014-04-22,NLICL,253.39,257.38,260.05,249.48,7101,stock
2014-04-23,NLICL,257.38,264.49,267.6,257.38,5262,stock
2014-04-27,NLICL,264.49,265.38,265.38,261.92,4550,stock
2014-04-28,NLICL,265.38,271.6,271.6,263.6,5612,stock
2014-04-29,NLICL,271.6,278.71,279.6,266.54,5038,stock
2014-04-30,NLICL,278.71,279.87,282.27,278.27,2922,stock
2014-05-04,NLICL,279.87,297.37,297.37,279.6,14711,stock
2014-05-05,NLICL,297.37,291.86,310.26,287.6,7031,stock
2014-05-06,NLICL,291.86,291.15,291.15,271.16,9459,stock
2014-05-07,NLICL,291.15,290.62,292.04,286.26,13177,stock
2014-05-08,NLICL,290.62,288.49,291.6,284.04,14654,stock
2014-05-11,NLICL,288.49,288.49,297.37,287.6,9249,stock
2014-05-12,NLICL,288.49,292.4,292.4,284.04,10973,stock
2014-05-13,NLICL,292.4,286.35,290.26,284.04,13257,stock
2014-05-15,NLICL,286.35,288.49,288.49,284.04,12596,stock
2014-05-18,NLICL,288.49,284.04,290.26,284.04,9871,stock
2014-05-19,NLICL,284.04,283.15,286.26,283.15,5116,stock
2014-05-20,NLICL,283.15,288.66,290.17,279.6,36756,stock
2014-05-21,NLICL,288.66,296.93,297.55,288.49,12459,stock
2014-05-22,NLICL,296.93,297.37,302.7,292.93,23746,stock
2014-05-25,NLICL,297.37,297.37,301.28,292.93,38987,stock
2014-05-26,NLICL,451.33,323.92,325.3,302.85,11624,stock
2014-05-27,NLICL,323.92,299.82,329.98,299.13,4643,stock
2014-05-28,NLICL,299.82,309.46,309.46,297.34,9832,stock
2014-06-01,NLICL,309.46,313.59,319.1,309.73,1449,stock
2014-06-02,NLICL,313.59,313.59,314.97,312.21,2745,stock
2014-06-03,NLICL,313.59,317.72,317.72,312.21,3189,stock
2014-06-04,NLICL,317.72,312.21,315.66,312.07,6604,stock
2014-06-05,NLICL,312.21,301.19,306.7,301.19,117,stock
2014-06-08,NLICL,301.19,312.07,312.07,306.57,1120,stock
2014-06-09,NLICL,312.07,305.33,317.03,305.33,292,stock
2014-06-10,NLICL,305.33,305.33,310.83,303.26,287,stock
2014-06-11,NLICL,305.33,301.19,306.7,301.19,424,stock
2014-06-12,NLICL,301.19,299.82,301.19,299.82,874,stock
2014-06-15,NLICL,299.82,312.21,312.21,305.33,1395,stock
2014-06-16,NLICL,312.21,302.57,307.39,302.57,782,stock
2014-06-17,NLICL,302.57,309.46,312.49,295.0,1856,stock
2014-06-18,NLICL,309.46,307.39,309.46,301.19,1722,stock
2014-06-23,NLICL,307.39,305.33,305.33,300.5,1461,stock
2014-06-24,NLICL,305.33,306.7,310.97,306.7,703,stock
2014-06-25,NLICL,306.7,317.86,317.86,306.7,2094,stock
2014-06-26,NLICL,317.86,314.28,323.78,310.83,945,stock
2014-06-29,NLICL,314.28,316.07,322.13,312.21,2852,stock
2014-06-30,NLICL,316.07,321.44,327.36,312.21,4360,stock
2014-07-01,NLICL,321.44,347.89,348.02,325.99,3702,stock
2014-07-02,NLICL,347.89,380.67,380.67,354.36,4249,stock
2014-07-03,NLICL,380.67,365.93,381.08,356.29,4969,stock
2014-07-06,NLICL,365.93,394.85,400.78,370.2,7257,stock
2014-07-07,NLICL,394.85,395.54,410.83,395.54,3533,stock
2014-07-08,NLICL,395.54,383.83,402.84,383.83,5864,stock
2014-07-09,NLICL,383.83,375.43,376.53,375.43,406,stock
2014-07-10,NLICL,375.43,370.06,375.57,367.31,2756,stock
2014-07-13,NLICL,370.06,368.55,376.95,368.0,2400,stock
2014-07-14,NLICL,368.55,362.21,369.37,359.73,3676,stock
2014-07-15,NLICL,362.21,368.68,370.75,360.42,15892,stock
2014-07-16,NLICL,368.68,375.57,382.87,375.43,656,stock
2014-07-17,NLICL,375.57,381.77,382.46,367.31,16202,stock
2014-07-20,NLICL,381.77,388.93,396.23,382.46,1797,stock
2014-07-21,NLICL,388.93,378.33,383.15,372.13,3077,stock
2014-07-22,NLICL,378.33,375.57,381.77,369.65,4777,stock
2014-07-23,NLICL,375.57,376.95,381.08,375.57,4109,stock
2014-07-24,NLICL,376.95,378.33,382.46,375.57,3188,stock
2014-07-27,NLICL,378.33,371.44,378.33,371.44,1683,stock
2014-07-28,NLICL,371.44,375.57,378.33,375.57,596,stock
2014-07-30,NLICL,375.57,368.96,370.06,368.68,2682,stock
2014-07-31,NLICL,368.96,368.96,370.75,365.93,2989,stock
2014-08-03,NLICL,368.96,365.24,370.75,364.69,3222,stock
2014-08-04,NLICL,365.24,354.08,364.55,354.08,2453,stock
2014-08-05,NLICL,354.08,361.11,366.62,355.05,1837,stock
2014-08-06,NLICL,361.11,363.17,365.1,360.42,4539,stock
2014-08-07,NLICL,363.17,367.31,367.31,356.43,2597,stock
2014-08-12,NLICL,367.31,362.49,362.49,360.42,2301,stock
2014-08-13,NLICL,362.49,361.8,364.55,356.29,1522,stock
2014-08-14,NLICL,361.8,368.68,368.68,361.52,1425,stock
2014-08-18,NLICL,368.68,356.98,361.8,354.91,5256,stock
2014-08-19,NLICL,356.98,358.35,365.93,354.91,1778,stock
2014-08-20,NLICL,358.35,348.71,356.29,348.71,3643,stock
2014-08-21,NLICL,348.71,330.12,342.1,321.17,9179,stock
2014-08-24,NLICL,330.12,318.69,327.36,318.69,1766,stock
2014-08-25,NLICL,318.69,292.93,312.76,290.17,784,stock
2014-08-26,NLICL,292.93,297.06,304.64,292.93,3704,stock
2014-08-27,NLICL,297.06,325.02,325.02,302.57,6548,stock
2014-08-28,NLICL,325.02,337.28,345.96,331.08,4345,stock
2014-08-31,NLICL,337.28,333.7,334.94,331.5,669,stock
2014-09-01,NLICL,333.7,320.48,327.5,313.59,1702,stock
2014-09-03,NLICL,320.48,313.59,327.23,309.46,1160,stock
2014-09-04,NLICL,313.59,306.7,308.77,304.09,1184,stock
2014-09-07,NLICL,306.7,287.42,300.92,283.29,2452,stock
2014-09-09,NLICL,287.42,313.59,313.59,292.79,1763,stock
2014-09-10,NLICL,313.59,301.19,312.21,295.82,1664,stock
2014-09-11,NLICL,301.19,299.82,299.82,290.86,1150,stock
2014-09-14,NLICL,299.82,292.93,297.06,292.93,2232,stock
2014-09-15,NLICL,292.93,303.95,303.95,292.93,926,stock
2014-09-16,NLICL,303.95,310.83,310.83,301.19,3329,stock
2014-09-17,NLICL,310.83,306.7,310.83,305.33,996,stock
2014-09-18,NLICL,306.7,306.7,306.7,306.7,102,stock
2014-09-21,NLICL,297.06,286.04,297.06,283.43,1587,stock
2014-09-22,NLICL,286.04,283.7,287.42,283.7,668,stock
2014-09-23,NLICL,283.7,297.06,299.82,288.93,507,stock
2014-09-24,NLICL,297.06,314.69,314.69,292.93,2281,stock
2014-09-28,NLICL,314.69,312.35,312.35,303.95,1942,stock
2014-09-29,NLICL,312.35,330.81,337.42,316.34,6164,stock
2014-09-30,NLICL,330.81,321.17,337.0,320.61,8485,stock
2014-10-08,NLICL,321.17,314.42,320.48,314.42,966,stock
2014-10-09,NLICL,314.42,319.1,319.1,309.46,1328,stock
2014-10-12,NLICL,319.1,318.41,318.41,312.21,5285,stock
2014-10-13,NLICL,318.41,321.03,321.03,310.97,3898,stock
2014-10-14,NLICL,321.03,320.75,323.23,315.93,8218,stock
2014-10-15,NLICL,320.75,335.63,337.69,323.23,8693,stock
2014-10-16,NLICL,335.63,333.42,340.45,330.12,7118,stock
2014-10-19,NLICL,333.42,335.63,339.35,334.25,3532,stock
2014-10-20,NLICL,335.63,332.18,338.38,331.91,3013,stock
2014-10-21,NLICL,332.18,332.73,334.53,330.12,3124,stock
2014-10-22,NLICL,332.73,344.86,344.86,332.87,5598,stock
2014-10-26,NLICL,344.86,347.33,348.99,342.51,2424,stock
2014-10-27,NLICL,347.33,356.98,356.98,348.02,5826,stock
2014-10-28,NLICL,356.98,353.81,354.63,343.89,2596,stock
2014-10-30,NLICL,353.81,348.02,350.09,348.02,3395,stock
2014-11-02,NLICL,348.02,344.3,353.26,344.3,2857,stock
2014-11-03,NLICL,344.3,337.69,337.97,328.05,2123,stock
2014-11-04,NLICL,337.69,330.12,331.5,324.2,2705,stock
2014-11-05,NLICL,330.12,332.87,338.38,331.22,2080,stock
2014-11-06,NLICL,332.87,330.94,333.15,329.7,4410,stock
2014-11-09,NLICL,330.94,329.15,333.97,329.15,1243,stock
2014-11-10,NLICL,329.15,328.74,328.74,323.23,710,stock
2014-11-11,NLICL,328.74,332.87,333.84,317.72,2102,stock
2014-11-12,NLICL,332.87,321.85,327.36,321.17,548,stock
2014-11-13,NLICL,321.85,320.48,322.54,317.03,4002,stock
2014-11-16,NLICL,320.48,313.59,315.66,313.59,1850,stock
2014-11-17,NLICL,313.59,301.33,307.8,296.51,1358,stock
2014-11-18,NLICL,301.33,298.44,308.77,290.17,6470,stock
2014-11-19,NLICL,298.44,306.84,308.22,301.19,1371,stock
2014-11-20,NLICL,306.84,310.83,313.18,306.7,3827,stock
2014-11-23,NLICL,310.83,319.65,326.54,313.59,2668,stock
2014-11-24,NLICL,319.65,313.87,317.03,312.21,620,stock
2014-11-25,NLICL,313.87,300.92,310.83,300.92,1008,stock
2014-11-30,NLICL,300.92,306.98,309.46,306.57,1260,stock
2014-12-01,NLICL,306.98,306.57,306.57,303.26,913,stock
2014-12-02,NLICL,306.57,306.43,306.43,300.92,1091,stock
2014-12-03,NLICL,306.43,308.36,310.83,306.01,7819,stock
2014-12-04,NLICL,308.36,303.81,310.83,303.81,3159,stock
2014-12-07,NLICL,303.81,304.22,308.36,301.19,3264,stock
2014-12-08,NLICL,304.22,302.02,305.33,301.19,2296,stock
2014-12-09,NLICL,302.02,299.82,301.19,293.62,5463,stock
2014-12-10,NLICL,299.82,300.09,308.08,299.82,2500,stock
2014-12-11,NLICL,300.09,306.01,306.01,295.0,1565,stock
2014-12-14,NLICL,306.01,320.06,320.06,308.08,4872,stock
2014-12-15,NLICL,320.06,320.2,326.54,306.7,1896,stock
2014-12-16,NLICL,320.2,315.52,317.72,314.28,2740,stock
2014-12-17,NLICL,315.52,312.21,317.03,312.21,3266,stock
2014-12-18,NLICL,312.21,313.59,313.59,311.52,1697,stock
2014-12-21,NLICL,313.59,312.9,312.9,312.9,200,stock
2014-12-22,NLICL,312.9,309.04,318.41,309.04,1477,stock
2014-12-23,NLICL,309.04,304.22,306.7,303.95,1917,stock
2014-12-24,NLICL,304.22,310.83,310.83,303.26,1861,stock
2014-12-28,NLICL,310.83,313.59,320.48,313.59,2379,stock
2014-12-29,NLICL,313.59,314.0,314.97,307.8,3165,stock
2014-12-31,NLICL,314.0,313.73,315.52,312.9,885,stock
2015-01-01,NLICL,313.73,318.0,318.96,316.76,2659,stock
2015-01-04,NLICL,318.0,326.4,327.36,317.72,4702,stock
2015-01-05,NLICL,326.4,328.05,334.25,323.92,6331,stock
2015-01-06,NLICL,328.05,325.99,330.12,322.54,5391,stock
2015-01-07,NLICL,325.99,332.87,334.94,324.61,8309,stock
2015-01-08,NLICL,332.87,341.14,345.27,333.56,5153,stock
2015-01-11,NLICL,341.14,352.43,352.43,341.14,12006,stock
2015-01-12,NLICL,352.43,347.33,348.02,339.9,5228,stock
2015-01-13,NLICL,347.33,354.91,354.91,347.33,8239,stock
2015-01-14,NLICL,354.91,354.91,359.04,354.22,10468,stock
2015-01-18,NLICL,354.91,354.91,358.22,354.91,3345,stock
2015-01-19,NLICL,354.91,358.35,372.82,355.6,10325,stock
2015-01-20,NLICL,358.35,348.02,359.73,345.27,5293,stock
2015-01-22,NLICL,348.02,352.02,353.53,347.33,5721,stock
2015-01-25,NLICL,352.02,354.91,355.6,346.1,3873,stock
2015-01-26,NLICL,354.91,352.98,355.6,350.09,4254,stock
2015-01-27,NLICL,352.98,349.26,352.57,348.3,5374,stock
2015-01-28,NLICL,349.26,352.84,354.22,350.78,2674,stock
2015-01-29,NLICL,352.84,355.19,355.19,351.05,2628,stock
2015-02-01,NLICL,355.19,353.53,354.22,353.53,856,stock
2015-02-02,NLICL,353.53,352.16,355.74,350.09,3437,stock
2015-02-03,NLICL,352.16,353.12,353.53,351.05,1249,stock
2015-02-04,NLICL,353.12,353.4,353.4,348.02,5107,stock
2015-02-05,NLICL,353.4,353.53,353.53,350.92,756,stock
2015-02-08,NLICL,353.53,354.91,354.91,348.02,5770,stock
2015-02-09,NLICL,354.91,354.77,355.6,352.16,4332,stock
2015-02-10,NLICL,354.77,353.4,354.77,353.4,378,stock
2015-02-11,NLICL,353.4,350.78,352.43,349.4,1796,stock
2015-02-12,NLICL,350.78,352.29,353.53,351.47,1768,stock
2015-02-15,NLICL,352.29,364.55,365.93,348.3,7860,stock
2015-02-16,NLICL,364.55,365.93,367.31,361.8,9634,stock
2015-02-19,NLICL,365.93,365.93,369.37,364.55,4574,stock
2015-02-22,NLICL,365.93,363.17,367.03,362.07,3996,stock
2015-02-23,NLICL,363.17,365.24,366.62,359.04,3877,stock
2015-02-24,NLICL,365.24,361.93,364.55,361.93,892,stock
2015-02-25,NLICL,361.93,364.41,364.55,361.8,1724,stock
2015-03-01,NLICL,362.07,365.24,367.31,363.86,3190,stock
2015-03-02,NLICL,365.24,368.55,368.55,368.0,1306,stock
2015-03-03,NLICL,368.55,356.98,367.17,356.84,9086,stock
2015-03-04,NLICL,356.98,354.77,360.42,354.63,5766,stock
2015-03-09,NLICL,354.77,354.22,356.98,350.09,3638,stock
2015-03-10,NLICL,354.22,352.16,356.29,348.02,7551,stock
2015-03-11,NLICL,352.16,348.99,350.09,346.65,2240,stock
2015-03-12,NLICL,348.99,343.89,348.99,342.51,2987,stock
2015-03-15,NLICL,343.89,337.0,342.51,337.0,1069,stock
2015-03-16,NLICL,337.0,332.46,337.69,330.94,8498,stock
2015-03-17,NLICL,332.46,334.94,335.77,331.5,11295,stock
2015-03-18,NLICL,334.94,334.25,334.94,331.5,2889,stock
2015-03-19,NLICL,334.25,336.32,337.42,334.25,5537,stock
2015-03-22,NLICL,336.32,331.5,338.38,331.5,1896,stock
2015-03-23,NLICL,331.5,326.81,328.74,326.54,1582,stock
2015-03-24,NLICL,326.81,324.75,326.81,324.75,803,stock
2015-03-25,NLICL,324.75,327.36,330.81,327.36,1035,stock
2015-03-26,NLICL,327.36,330.12,331.5,327.36,1305,stock
2015-03-29,NLICL,330.12,339.76,339.76,327.36,3590,stock
2015-03-30,NLICL,339.76,329.43,333.42,328.05,1184,stock
2015-03-31,NLICL,329.43,327.64,328.88,327.64,557,stock
2015-04-01,NLICL,327.64,327.36,330.12,326.4,2061,stock
2015-04-02,NLICL,327.36,328.74,328.74,328.74,30,stock
2015-04-05,NLICL,328.74,327.23,327.36,323.23,1426,stock
2015-04-06,NLICL,327.23,324.61,326.67,324.61,3416,stock
2015-04-07,NLICL,324.61,323.51,325.99,323.51,2216,stock
2015-04-08,NLICL,323.51,321.85,325.3,321.85,1940,stock
2015-04-09,NLICL,321.85,322.4,323.09,320.75,2183,stock
2015-04-12,NLICL,322.4,320.48,324.61,319.1,17287,stock
2015-04-13,NLICL,320.48,320.48,321.03,319.79,2327,stock
2015-04-15,NLICL,320.48,321.72,321.72,319.1,974,stock
2015-04-16,NLICL,321.72,324.61,324.61,318.13,1301,stock
2015-04-19,NLICL,324.61,320.48,323.51,320.48,8094,stock
2015-04-20,NLICL,320.48,320.48,321.85,319.24,1957,stock
2015-04-21,NLICL,320.48,313.87,323.92,313.87,4995,stock
2015-04-22,NLICL,313.87,313.87,319.1,313.87,2404,stock
2015-04-23,NLICL,313.59,320.61,320.61,313.45,9464,stock
2015-05-31,NLICL,320.6,330.81,330.81,326.51,132,stock
2015-06-01,NLICL,330.81,308.6,329.02,303.05,1801,stock
2015-06-02,NLICL,308.6,314.69,316.48,303.05,3583,stock
2015-06-03,NLICL,314.69,339.58,341.55,320.06,9651,stock
2015-06-04,NLICL,339.58,340.65,350.14,339.76,4096,stock
2015-06-07,NLICL,340.65,343.34,344.77,339.58,4352,stock
2015-06-08,NLICL,343.34,344.41,344.41,339.76,3246,stock
2015-06-09,NLICL,344.41,361.43,368.41,350.86,634,stock
2015-06-10,NLICL,361.43,354.98,357.67,354.98,382,stock
2015-06-11,NLICL,354.98,337.97,348.35,337.97,354,stock
2015-06-14,NLICL,337.97,325.43,336.18,325.43,1850,stock
2015-06-15,NLICL,325.43,324.54,328.66,324.54,2173,stock
2015-06-16,NLICL,324.54,324.54,325.43,324.54,500,stock
2015-06-18,NLICL,324.54,320.42,323.11,320.24,1767,stock
2015-06-21,NLICL,320.42,320.06,320.06,320.06,139,stock
2015-06-22,NLICL,321.85,321.85,329.02,321.85,1471,stock
2015-06-23,NLICL,327.94,332.6,339.76,327.94,3137,stock
2015-06-24,NLICL,334.39,332.6,334.39,330.81,1930,stock
2015-06-25,NLICL,332.6,329.02,333.49,329.02,3222,stock
2015-06-28,NLICL,334.39,350.5,350.5,334.39,9945,stock
2015-06-29,NLICL,355.87,357.67,363.04,354.08,18086,stock
2015-06-30,NLICL,357.67,360.53,362.14,353.19,5541,stock
2015-07-01,NLICL,367.33,354.98,367.33,353.73,10301,stock
2015-07-02,NLICL,352.29,349.43,353.19,348.71,3540,stock
2015-07-05,NLICL,349.43,345.67,352.11,344.24,2840,stock
2015-07-06,NLICL,343.7,343.52,344.77,343.34,2311,stock
2015-07-07,NLICL,344.06,340.83,344.06,339.76,2301,stock
2015-07-08,NLICL,343.52,343.34,343.52,343.34,550,stock
2015-07-09,NLICL,343.34,343.34,349.43,342.45,2481,stock
2015-07-12,NLICL,343.34,343.7,344.59,343.16,26015,stock
2015-07-13,NLICL,343.34,342.62,343.7,341.91,2314,stock
2015-07-14,NLICL,339.04,343.34,345.13,339.04,2135,stock
2015-07-15,NLICL,342.45,346.92,348.0,342.45,7684,stock
2015-07-16,NLICL,346.92,346.92,346.92,343.34,1998,stock
2015-07-22,NLICL,346.92,351.4,351.4,346.92,26076,stock
2015-07-23,NLICL,351.4,355.87,358.02,350.5,4787,stock
2015-07-26,NLICL,355.87,364.47,364.47,357.67,1250,stock
2015-07-27,NLICL,364.47,356.77,366.8,350.86,6497,stock
2015-07-28,NLICL,356.77,351.94,355.87,347.1,4543,stock
2015-07-29,NLICL,351.94,351.4,353.19,349.25,3139,stock
2015-07-30,NLICL,351.4,355.7,355.87,353.37,1292,stock
2015-08-02,NLICL,355.7,357.49,357.49,354.98,90,stock
2015-08-03,NLICL,357.49,357.31,357.31,353.19,3345,stock
2015-08-04,NLICL,357.31,361.07,361.43,357.49,10551,stock
2015-08-05,NLICL,361.07,368.41,368.41,358.56,9866,stock
2015-08-06,NLICL,371.99,378.26,386.13,374.68,12980,stock
2015-08-09,NLICL,378.26,391.33,395.27,385.42,3880,stock
2015-08-10,NLICL,391.33,402.43,402.43,391.15,6827,stock
2015-08-11,NLICL,402.43,393.3,402.43,391.69,3153,stock
2015-08-12,NLICL,393.3,395.45,395.45,389.9,3554,stock
2015-08-13,NLICL,393.48,398.85,399.74,393.48,6479,stock
2015-08-16,NLICL,398.85,396.16,398.85,393.48,2018,stock
2015-08-17,NLICL,393.48,397.06,397.06,379.87,6773,stock
2015-08-18,NLICL,389.9,397.24,397.24,389.9,8358,stock
2015-08-19,NLICL,397.06,397.06,397.06,391.69,4503,stock
2015-08-20,NLICL,404.58,398.85,405.11,397.24,6116,stock
2015-08-23,NLICL,391.33,401.53,403.32,382.73,4940,stock
2015-08-24,NLICL,409.05,407.8,416.75,406.91,7058,stock
2015-08-25,NLICL,401.53,407.8,409.59,401.53,6587,stock
2015-08-26,NLICL,407.8,408.7,411.38,402.43,7646,stock
2015-08-27,NLICL,411.38,428.21,429.29,411.2,29540,stock
2015-08-31,NLICL,436.27,469.22,469.22,436.27,26534,stock
2015-09-01,NLICL,469.22,458.83,488.56,452.56,13389,stock
2015-09-02,NLICL,450.77,445.4,454.0,433.94,10778,stock
2015-09-03,NLICL,450.77,429.11,450.77,427.14,6982,stock
2015-09-06,NLICL,421.05,434.66,447.19,414.96,4651,stock
2015-09-07,NLICL,439.14,431.44,440.93,427.5,12145,stock
2015-09-08,NLICL,431.08,432.51,441.82,431.08,4410,stock
2015-09-09,NLICL,432.87,430.9,433.76,429.29,11139,stock
2015-09-10,NLICL,429.29,426.6,429.29,424.99,5543,stock
2015-09-13,NLICL,427.14,435.55,435.55,423.92,10152,stock
2015-09-14,NLICL,430.36,430.9,438.6,429.29,14253,stock
2015-09-15,NLICL,439.14,447.01,447.37,424.81,27359,stock
2015-09-16,NLICL,438.6,438.24,448.98,430.18,10409,stock
2015-09-17,NLICL,443.43,436.45,442.72,436.45,13444,stock
2015-09-22,NLICL,429.47,416.04,434.66,416.04,4041,stock
2015-09-23,NLICL,423.92,429.29,431.97,423.92,6876,stock
2015-09-24,NLICL,432.87,429.29,432.87,426.6,5001,stock
2015-09-28,NLICL,421.23,420.16,424.27,411.38,9517,stock
2015-09-29,NLICL,419.44,423.92,423.92,418.54,7058,stock
2015-09-30,NLICL,429.11,430.18,432.69,429.11,1734,stock
2015-10-01,NLICL,422.13,424.27,424.63,421.23,4104,stock
2015-10-04,NLICL,426.6,428.75,433.76,426.24,4849,stock
2015-10-05,NLICL,428.39,434.66,434.66,427.5,3006,stock
2015-10-06,NLICL,429.29,426.6,429.29,424.81,954,stock
2015-10-07,NLICL,420.33,418.54,425.71,411.38,2606,stock
2015-10-08,NLICL,415.86,423.74,423.92,415.32,4745,stock
2015-10-11,NLICL,415.68,417.65,417.65,411.38,1774,stock
2015-10-14,NLICL,411.38,416.75,416.75,411.38,3571,stock
2015-10-15,NLICL,411.38,415.68,415.68,411.38,5471,stock
2015-10-18,NLICL,415.68,416.4,416.4,412.28,1176,stock
2015-10-19,NLICL,413.17,420.33,420.33,412.64,2725,stock
2015-10-25,NLICL,412.46,414.07,414.07,411.38,1114,stock
2015-10-27,NLICL,411.38,404.4,411.38,402.43,3504,stock
2015-10-28,NLICL,397.95,395.27,401.53,377.54,10881,stock
2015-10-29,NLICL,393.48,393.66,404.22,387.57,6194,stock
2015-11-01,NLICL,387.21,387.03,391.69,377.54,3189,stock
2015-11-02,NLICL,393.48,392.58,399.74,392.04,5138,stock
2015-11-03,NLICL,393.12,389.0,393.12,387.21,2186,stock
2015-11-04,NLICL,393.48,396.34,397.95,392.04,2130,stock
2015-11-05,NLICL,393.48,393.48,395.45,390.79,2750,stock
2015-11-08,NLICL,396.16,393.48,396.16,391.15,3816,stock
2015-11-09,NLICL,401.0,403.15,408.34,399.92,6428,stock
2015-11-10,NLICL,397.06,409.59,409.59,397.06,1536,stock
2015-11-15,NLICL,401.89,399.74,401.89,397.95,802,stock
2015-11-16,NLICL,397.95,398.85,398.85,393.48,4233,stock
2015-11-18,NLICL,400.46,399.74,402.43,397.95,2333,stock
2015-11-19,NLICL,393.48,399.21,399.21,393.48,4466,stock
2015-11-22,NLICL,391.69,388.1,391.69,387.57,3126,stock
2015-11-23,NLICL,380.94,388.1,391.69,380.76,4642,stock
2015-11-24,NLICL,382.73,384.7,389.72,382.73,2738,stock
2015-11-25,NLICL,377.36,386.31,386.31,377.36,2670,stock
2015-11-26,NLICL,384.52,379.69,386.31,379.15,7935,stock
2015-11-29,NLICL,380.05,374.14,380.05,373.96,14840,stock
2015-11-30,NLICL,380.94,380.94,385.78,376.82,5069,stock
2015-12-01,NLICL,380.94,395.27,395.98,385.42,3516,stock
2015-12-02,NLICL,387.75,387.75,387.75,380.94,431,stock
2015-12-03,NLICL,380.41,394.01,410.13,377.36,7582,stock
2015-12-04,NLICL,403.32,407.8,407.8,396.16,8552,stock
2015-12-07,NLICL,415.5,409.59,417.29,407.8,4786,stock
2015-12-08,NLICL,407.8,414.07,414.07,406.91,5914,stock
2015-12-09,NLICL,415.32,420.33,422.13,415.32,4055,stock
2015-12-10,NLICL,421.23,422.48,429.29,421.23,7134,stock
2015-12-13,NLICL,424.81,423.92,427.5,423.92,6864,stock
2015-12-14,NLICL,423.92,424.63,424.63,419.44,5112,stock
2015-12-15,NLICL,432.69,438.24,449.34,432.51,18941,stock
2015-12-16,NLICL,438.24,434.66,442.72,431.26,13874,stock
2015-12-17,NLICL,438.24,431.26,438.42,430.18,8979,stock
2015-12-20,NLICL,431.26,434.66,434.66,429.29,7467,stock
2015-12-21,NLICL,434.66,437.88,437.88,431.08,4393,stock
2015-12-22,NLICL,429.82,441.64,441.82,429.82,8607,stock
2015-12-23,NLICL,441.64,438.24,440.39,438.24,7805,stock
2015-12-24,NLICL,439.85,440.03,441.46,438.24,8185,stock
2015-12-25,NLICL,435.55,437.52,441.11,435.55,7788,stock
2015-12-28,NLICL,437.52,444.87,444.87,436.45,9993,stock
2015-12-29,NLICL,444.87,447.01,447.37,444.69,14058,stock
2015-12-31,NLICL,452.56,454.36,461.34,450.77,18106,stock
2016-01-03,NLICL,462.95,470.47,474.05,461.52,19013,stock
2016-01-04,NLICL,474.05,469.75,488.38,465.1,9181,stock
2016-01-05,NLICL,461.88,456.5,465.28,452.56,9638,stock
2016-01-06,NLICL,450.77,454.0,456.15,450.77,7645,stock
2016-01-07,NLICL,456.15,462.41,470.47,456.15,14692,stock
2016-01-10,NLICL,462.41,454.36,462.41,453.64,3585,stock
2016-01-11,NLICL,456.15,457.94,459.73,453.64,12107,stock
2016-01-12,NLICL,466.71,459.19,466.89,456.15,8946,stock
2016-01-13,NLICL,459.19,503.24,503.24,467.96,9762,stock
2016-01-14,NLICL,509.86,481.93,509.86,481.93,1400,stock
2016-01-17,NLICL,491.06,488.38,493.75,488.38,2023,stock
2016-01-18,NLICL,486.59,482.11,486.59,477.63,4290,stock
2016-01-19,NLICL,474.05,481.93,483.0,468.68,5358,stock
2016-01-20,NLICL,483.0,474.05,483.0,472.98,5351,stock
2016-01-21,NLICL,474.05,475.84,478.53,470.47,4444,stock
2016-01-24,NLICL,475.84,479.42,481.03,475.84,4758,stock
2016-01-25,NLICL,478.53,476.92,478.53,476.2,3851,stock
2016-01-26,NLICL,476.92,476.74,477.63,475.84,2240,stock
2016-01-27,NLICL,476.74,476.74,479.42,475.66,15483,stock
2016-01-28,NLICL,480.32,480.32,483.0,476.74,10057,stock
2016-01-31,NLICL,483.0,483.9,483.9,480.32,6824,stock
2016-02-01,NLICL,483.0,488.2,492.85,483.18,2992,stock
2016-02-02,NLICL,497.51,495.0,497.51,491.96,2896,stock
2016-02-03,NLICL,495.0,490.35,492.85,490.17,3459,stock
2016-02-04,NLICL,481.03,490.17,497.15,481.03,6926,stock
2016-02-07,NLICL,490.17,486.76,492.32,483.0,4951,stock
2016-02-08,NLICL,486.76,491.06,493.75,491.06,600,stock
2016-02-11,NLICL,491.06,483.9,486.94,481.21,4428,stock
2016-02-14,NLICL,490.7,482.29,490.7,482.11,4046,stock
2016-02-15,NLICL,478.53,482.11,485.69,474.95,4580,stock
2016-02-16,NLICL,482.11,487.48,487.48,483.36,4778,stock
2016-02-17,NLICL,487.48,495.54,500.73,486.59,5421,stock
2016-02-18,NLICL,495.54,497.33,499.12,495.54,6483,stock
2016-02-21,NLICL,500.91,494.64,500.91,493.75,2560,stock
2016-02-22,NLICL,494.64,501.63,502.7,491.96,13489,stock
2016-02-23,NLICL,502.7,491.96,501.81,489.27,1841,stock
2016-02-24,NLICL,490.17,491.96,491.96,486.76,2702,stock
2016-02-25,NLICL,487.48,493.57,493.75,487.48,3606,stock
2016-02-28,NLICL,493.57,486.59,491.06,485.69,1000,stock
2016-02-29,NLICL,486.59,490.17,491.6,486.59,4770,stock
2016-03-01,NLICL,490.17,489.27,490.17,487.48,2021,stock
2016-03-02,NLICL,490.17,490.17,493.75,490.17,2386,stock
2016-03-03,NLICL,490.17,490.17,492.85,486.59,1683,stock
2016-03-06,NLICL,491.06,486.23,491.06,485.69,4667,stock
2016-03-10,NLICL,495.54,500.01,505.03,473.51,19710,stock
2016-03-13,NLICL,508.07,506.28,508.07,498.4,11107,stock
2016-03-14,NLICL,515.95,500.19,515.95,500.01,5288,stock
2016-03-15,NLICL,491.96,497.33,499.12,491.96,720,stock
2016-03-16,NLICL,500.91,495.72,500.91,495.72,3296,stock
2016-03-17,NLICL,500.01,504.49,510.76,500.01,11778,stock
2016-03-20,NLICL,514.16,518.82,527.41,511.65,11505,stock
2016-03-21,NLICL,528.84,515.23,531.35,515.23,10410,stock
2016-03-23,NLICL,515.23,508.97,515.23,507.18,3038,stock
2016-03-24,NLICL,507.18,511.65,515.23,509.86,8331,stock
2016-03-27,NLICL,511.65,505.39,508.07,503.78,1734,stock
2016-03-28,NLICL,505.39,505.39,509.86,502.52,2456,stock
2016-03-29,NLICL,500.01,503.42,503.42,500.01,6106,stock
2016-03-30,NLICL,503.42,497.33,500.91,494.64,3936,stock
2016-03-31,NLICL,497.33,500.91,500.91,493.75,3121,stock
2016-04-03,NLICL,500.91,494.64,498.4,492.85,5414,stock
2016-04-04,NLICL,494.64,496.43,498.22,483.0,5332,stock
2016-04-05,NLICL,500.91,495.54,500.91,493.93,8982,stock
2016-04-06,NLICL,495.54,496.08,500.91,494.11,2886,stock
2016-04-10,NLICL,496.08,495.54,500.91,494.29,6261,stock
2016-04-11,NLICL,495.54,495.54,498.22,495.18,7612,stock
2016-04-12,NLICL,495.54,497.33,497.33,486.05,2894,stock
2016-04-14,NLICL,497.33,501.81,506.28,497.33,968,stock
2016-04-17,NLICL,500.01,499.3,500.91,499.12,6622,stock
2016-04-18,NLICL,499.3,500.73,508.79,497.51,5732,stock
2016-04-19,NLICL,500.73,500.91,509.86,499.12,3389,stock
2016-04-20,NLICL,500.91,499.12,500.55,498.76,1683,stock
2016-04-21,NLICL,499.12,500.91,504.85,499.12,6388,stock
2016-04-24,NLICL,500.91,497.33,500.91,495.54,3925,stock
2016-04-25,NLICL,497.33,499.3,501.27,497.33,3925,stock
2016-04-26,NLICL,499.3,499.12,501.81,497.33,3936,stock
2016-04-27,NLICL,499.12,497.33,497.33,496.43,5750,stock
2016-04-28,NLICL,497.33,495.54,499.12,491.96,9577,stock
2016-05-02,NLICL,495.54,520.61,520.61,495.54,3682,stock
2016-05-03,NLICL,520.61,509.86,522.22,507.89,5871,stock
2016-05-04,NLICL,509.86,504.49,509.86,500.91,3409,stock
2016-05-05,NLICL,504.49,509.86,509.86,494.82,4234,stock
2016-05-08,NLICL,509.86,503.6,506.28,500.91,5730,stock
2016-05-09,NLICL,506.28,510.04,517.03,505.39,9653,stock
2016-05-10,NLICL,517.74,513.44,517.74,511.65,9170,stock
2016-05-11,NLICL,513.44,517.38,518.99,513.44,3859,stock
2016-05-12,NLICL,517.92,528.66,532.24,517.92,7594,stock
2016-05-15,NLICL,531.35,526.52,532.07,525.98,6729,stock
2016-05-16,NLICL,526.52,527.23,529.02,522.4,7263,stock
2016-05-17,NLICL,532.24,551.05,551.94,531.35,13926,stock
2016-05-18,NLICL,551.05,556.95,560.89,545.67,51479,stock
2016-05-19,NLICL,556.95,554.63,567.16,554.63,32628,stock
2016-05-22,NLICL,554.63,559.1,560.89,554.63,22147,stock
2016-05-23,NLICL,559.1,571.64,575.93,558.21,21053,stock
2016-05-24,NLICL,571.64,573.43,582.38,568.24,15729,stock
2016-05-25,NLICL,573.43,564.48,579.69,554.63,8234,stock
2016-05-26,NLICL,564.48,568.95,572.35,550.15,9114,stock
2016-05-29,NLICL,568.95,564.48,565.37,558.03,7763,stock
2016-05-30,NLICL,564.48,558.21,564.48,553.73,5149,stock
2016-05-31,NLICL,558.21,554.99,560.89,554.99,7663,stock
2016-06-01,NLICL,554.99,550.51,556.42,550.15,3900,stock
2016-06-02,NLICL,550.51,547.46,553.73,540.48,4340,stock
2016-06-05,NLICL,547.46,533.32,547.46,529.92,13368,stock
2016-06-06,NLICL,533.32,543.88,549.26,536.72,3004,stock
2016-06-07,NLICL,543.88,553.55,565.37,543.88,4604,stock
2016-06-08,NLICL,553.55,563.58,563.58,553.55,7590,stock
2016-06-09,NLICL,574.5,593.12,604.23,567.16,35538,stock
2016-06-12,NLICL,593.12,581.49,597.6,572.53,14411,stock
2016-06-13,NLICL,581.49,574.32,588.65,561.43,7903,stock
2016-06-14,NLICL,575.4,582.38,592.23,575.4,4825,stock
2016-06-15,NLICL,590.44,606.55,608.34,585.96,17033,stock
2016-06-16,NLICL,608.16,634.31,655.79,615.51,25303,stock
2016-06-19,NLICL,634.31,613.72,631.44,595.81,14616,stock
2016-06-20,NLICL,613.72,601.18,608.34,594.02,6732,stock
2016-06-21,NLICL,601.18,633.41,635.2,608.34,23639,stock
2016-06-22,NLICL,644.16,640.57,644.16,626.25,28579,stock
2016-06-23,NLICL,640.57,662.06,678.35,650.6,39192,stock
2016-06-26,NLICL,662.06,660.63,676.74,659.37,8563,stock
2016-06-27,NLICL,660.63,640.57,669.22,640.57,6722,stock
2016-06-28,NLICL,640.57,644.16,651.32,608.34,18409,stock
2016-06-29,NLICL,644.16,649.35,654.9,642.36,6250,stock
2016-06-30,NLICL,649.35,642.36,661.88,640.57,4376,stock
2016-07-03,NLICL,642.36,632.7,645.95,632.7,19925,stock
2016-07-04,NLICL,632.7,636.99,640.57,629.83,9721,stock
2016-07-05,NLICL,636.99,635.2,640.57,627.14,2555,stock
2016-07-06,NLICL,632.52,632.34,633.41,626.25,8917,stock
2016-07-10,NLICL,632.34,626.25,640.57,626.25,5103,stock
2016-07-11,NLICL,626.25,612.82,630.73,612.82,2460,stock
2016-07-12,NLICL,612.82,610.13,613.36,586.86,5393,stock
2016-07-13,NLICL,610.13,599.39,605.66,590.44,4710,stock
2016-07-14,NLICL,599.39,608.34,626.25,599.39,5510,stock
2016-07-17,NLICL,608.34,608.34,620.16,603.87,7050,stock
2016-07-18,NLICL,608.34,645.95,645.95,600.47,10649,stock
2016-07-19,NLICL,645.95,631.62,653.11,617.3,14798,stock
2016-07-20,NLICL,626.25,608.34,631.62,608.34,4400,stock
2016-07-21,NLICL,608.34,626.25,632.16,619.09,7226,stock
2016-07-25,NLICL,626.25,630.91,644.16,626.25,10125,stock
2016-07-26,NLICL,630.91,652.93,652.93,633.59,21369,stock
2016-07-27,NLICL,652.93,658.48,662.06,644.33,16455,stock
2016-07-28,NLICL,658.48,654.9,660.27,645.77,8214,stock
2016-07-31,NLICL,654.9,642.54,647.74,642.19,11889,stock
2016-08-01,NLICL,642.54,636.1,638.78,630.73,5243,stock
2016-08-02,NLICL,636.1,627.14,636.99,624.64,6885,stock
2016-08-03,NLICL,627.14,626.25,632.52,619.45,15856,stock
2016-08-04,NLICL,626.25,607.45,626.25,599.57,4091,stock
2016-08-07,NLICL,607.45,599.57,617.3,599.39,5923,stock
2016-08-08,NLICL,599.57,572.53,592.23,572.53,9933,stock
2016-08-09,NLICL,583.63,615.51,615.51,583.63,945,stock
2016-08-10,NLICL,615.51,609.96,620.16,593.12,11468,stock
2016-08-11,NLICL,611.93,607.99,611.93,604.76,9415,stock
2016-08-14,NLICL,597.6,590.8,597.6,590.62,3409,stock
2016-08-15,NLICL,590.44,572.53,590.44,563.58,7840,stock
2016-08-16,NLICL,574.32,581.49,597.6,572.53,5533,stock
2016-08-17,NLICL,590.44,590.44,599.39,588.47,8155,stock
2016-08-21,NLICL,583.63,576.11,583.63,573.07,5376,stock
2016-08-22,NLICL,570.74,568.95,572.53,563.58,5956,stock
2016-08-23,NLICL,570.74,568.95,577.01,561.07,4716,stock
2016-08-24,NLICL,568.95,604.58,604.58,566.27,6926,stock
2016-08-28,NLICL,615.51,597.6,615.51,597.6,2852,stock
2016-08-29,NLICL,594.02,594.91,597.6,592.41,1525,stock
2016-08-30,NLICL,597.42,595.81,599.39,590.44,4047,stock
2016-08-31,NLICL,597.6,612.46,617.3,595.81,6938,stock
2016-09-01,NLICL,608.34,608.34,614.25,608.34,3372,stock
2016-09-04,NLICL,608.34,608.34,608.34,599.75,1602,stock
2016-09-05,NLICL,620.16,614.61,620.16,608.34,4922,stock
2016-09-06,NLICL,613.72,603.87,617.12,603.87,5329,stock
2016-09-07,NLICL,605.66,605.3,608.34,605.3,977,stock
2016-09-08,NLICL,608.34,609.96,609.96,603.33,8193,stock
2016-09-11,NLICL,617.3,606.91,617.3,606.91,7643,stock
2016-09-12,NLICL,596.71,608.16,608.16,596.71,1438,stock
2016-09-14,NLICL,606.55,602.97,606.55,602.97,1854,stock
2016-09-18,NLICL,602.97,599.39,602.97,598.32,3475,stock
2016-09-20,NLICL,602.79,626.25,626.25,602.79,10013,stock
2016-09-21,NLICL,617.3,617.3,619.09,608.34,2616,stock
2016-09-22,NLICL,624.46,624.46,629.47,624.46,19377,stock
2016-09-25,NLICL,624.46,624.46,629.47,624.46,19377,stock
2016-09-26,NLICL,628.94,624.46,630.73,620.88,4524,stock
2016-09-27,NLICL,626.25,620.88,630.73,619.09,8230,stock
2016-09-28,NLICL,617.3,614.79,622.31,610.13,35788,stock
2016-09-29,NLICL,615.51,606.55,615.51,605.3,4946,stock
2016-10-02,NLICL,610.13,614.97,615.51,609.24,4285,stock
2016-10-03,NLICL,626.79,615.51,626.25,612.82,8167,stock
2016-10-04,NLICL,617.3,625.35,635.02,617.3,2390,stock
2016-10-05,NLICL,621.77,625.89,626.25,617.3,1868,stock
2016-10-06,NLICL,629.83,625.18,629.83,624.1,3869,stock
2016-10-16,NLICL,624.46,625.89,625.89,618.19,1416,stock
2016-10-17,NLICL,613.89,617.3,620.34,613.89,1600,stock
2016-10-18,NLICL,617.12,617.12,617.3,617.12,464,stock
2016-10-19,NLICL,617.3,608.34,622.31,606.55,3062,stock
2016-10-20,NLICL,599.39,604.76,604.76,599.39,1570,stock
2016-10-23,NLICL,604.76,599.39,604.76,598.85,1471,stock
2016-10-24,NLICL,599.39,602.97,602.97,599.39,1723,stock
2016-10-25,NLICL,599.39,593.48,599.39,593.12,3265,stock
2016-10-26,NLICL,582.02,602.97,604.58,582.02,1681,stock
2016-10-27,NLICL,602.97,606.37,606.37,599.39,1000,stock
2016-11-03,NLICL,596.71,608.34,608.34,596.71,990,stock
2016-11-07,NLICL,608.34,602.08,608.34,596.71,2954,stock
2016-11-08,NLICL,601.18,593.48,601.18,592.41,5854,stock
2016-11-09,NLICL,590.44,583.28,594.91,581.49,10847,stock
2016-11-10,NLICL,586.14,586.86,592.23,583.63,4660,stock
2016-11-13,NLICL,592.23,599.39,608.34,586.5,3661,stock
2016-11-14,NLICL,599.39,610.13,612.82,599.39,20472,stock
2016-11-15,NLICL,617.3,620.7,622.67,611.93,11704,stock
2016-11-16,NLICL,632.7,654.9,680.86,632.7,62897,stock
2016-11-17,NLICL,654.36,628.94,654.36,621.77,36517,stock
2016-11-20,NLICL,623.03,621.77,635.02,599.39,33542,stock
2016-11-21,NLICL,626.25,624.46,626.97,609.24,16246,stock
2016-11-22,NLICL,617.3,622.49,628.76,610.13,20173,stock
2016-11-23,NLICL,620.88,597.6,620.88,597.6,39987,stock
2016-11-24,NLICL,597.53,552.6,608.7,542.13,7745,stock
2016-11-27,NLICL,543.53,508.61,543.53,499.3,11995,stock
2016-11-28,NLICL,498.83,522.58,536.54,463.45,10189,stock
2016-11-29,NLICL,512.57,529.56,532.59,474.62,11850,stock
2016-11-30,NLICL,529.56,557.49,563.31,529.56,13620,stock
2016-12-01,NLICL,558.66,552.84,566.8,552.84,11017,stock
2016-12-04,NLICL,543.53,535.38,545.85,532.12,4474,stock
2016-12-05,NLICL,529.56,523.74,539.8,523.74,3574,stock
2016-12-06,NLICL,523.74,533.05,533.05,513.96,3115,stock
2016-12-07,NLICL,533.05,541.2,543.06,523.04,2640,stock
2016-12-08,NLICL,535.38,536.54,537.71,527.93,4831,stock
2016-12-11,NLICL,532.12,524.9,532.12,523.97,3008,stock
2016-12-12,NLICL,520.48,516.76,520.48,505.82,2899,stock
2016-12-14,NLICL,517.92,538.64,538.87,517.92,1923,stock
2016-12-15,NLICL,538.87,544.46,544.46,538.87,5388,stock
2016-12-18,NLICL,534.21,549.11,550.51,530.02,3276,stock
2016-12-19,NLICL,543.53,540.97,543.53,535.38,3846,stock
2016-12-20,NLICL,541.2,531.89,541.2,531.89,2675,stock
2016-12-21,NLICL,523.74,517.92,523.74,514.43,2935,stock
2016-12-22,NLICL,517.92,515.59,529.56,514.89,1909,stock
2016-12-26,NLICL,508.61,483.0,508.61,483.0,5597,stock
2016-12-27,NLICL,478.35,476.25,483.7,465.55,5685,stock
2016-12-28,NLICL,485.1,483.0,487.66,477.65,1627,stock
2016-12-29,NLICL,485.33,486.73,510.7,483.0,4115,stock
2017-01-01,NLICL,485.33,495.81,501.63,485.33,3447,stock
2017-01-02,NLICL,492.32,500.46,503.49,489.06,4675,stock
2017-01-03,NLICL,491.85,486.5,494.64,483.0,5326,stock
2017-01-04,NLICL,491.15,487.66,491.15,486.5,2171,stock
2017-01-05,NLICL,488.82,487.66,488.82,481.84,1937,stock
2017-01-08,NLICL,487.66,481.84,487.66,479.51,2283,stock
2017-01-09,NLICL,486.5,483.0,487.66,483.0,2384,stock
2017-01-10,NLICL,492.32,492.32,496.97,491.15,5228,stock
2017-01-11,NLICL,500.46,492.32,500.46,492.32,2534,stock
2017-01-12,NLICL,494.64,492.32,496.97,492.32,2123,stock
2017-01-15,NLICL,494.64,495.81,495.81,494.64,150,stock
2017-01-16,NLICL,488.82,487.66,491.38,486.26,761,stock
2017-01-17,NLICL,485.33,483.0,487.66,478.35,3791,stock
2017-01-18,NLICL,483.0,488.82,488.82,483.0,1490,stock
2017-01-19,NLICL,489.29,484.17,489.29,484.17,1000,stock
2017-01-22,NLICL,484.17,493.48,493.48,484.17,1009,stock
2017-01-23,NLICL,492.32,489.99,494.64,489.99,737,stock
2017-01-24,NLICL,489.99,478.35,489.99,473.23,2999,stock
2017-01-25,NLICL,471.37,462.52,474.62,462.05,3969,stock
2017-01-26,NLICL,462.52,452.74,463.22,445.76,3542,stock
2017-01-30,NLICL,458.56,409.45,458.56,409.22,4046,stock
2017-01-31,NLICL,407.35,416.66,424.81,401.53,5730,stock
2017-02-01,NLICL,416.66,439.71,439.71,409.68,4158,stock
2017-02-02,NLICL,448.09,435.52,454.14,435.52,4140,stock
2017-02-05,NLICL,427.6,427.14,427.6,425.04,419,stock
2017-02-06,NLICL,417.83,425.98,428.3,411.08,1672,stock
2017-02-07,NLICL,430.63,436.45,436.45,425.98,4189,stock
2017-02-08,NLICL,435.29,423.18,435.29,420.39,6833,stock
2017-02-09,NLICL,423.65,402.23,423.65,401.53,7166,stock
2017-02-12,NLICL,397.11,389.66,406.19,389.43,4880,stock
2017-02-13,NLICL,382.91,401.53,401.53,376.39,2356,stock
2017-02-14,NLICL,401.53,396.88,401.53,389.9,1921,stock
2017-02-15,NLICL,404.33,425.98,425.98,399.21,35535,stock
2017-02-16,NLICL,431.79,432.73,443.43,417.83,11823,stock
2017-02-19,NLICL,436.45,444.6,447.16,427.14,9494,stock
2017-02-20,NLICL,452.98,452.74,466.71,438.78,7741,stock
2017-02-21,NLICL,461.12,436.45,469.97,431.33,9524,stock
2017-02-22,NLICL,436.45,429.47,439.94,428.07,4030,stock
2017-02-23,NLICL,430.86,431.56,438.78,430.63,2618,stock
2017-02-26,NLICL,429.47,427.14,431.1,427.14,1030,stock
2017-02-28,NLICL,418.99,412.01,418.99,403.86,4630,stock
2017-03-01,NLICL,419.69,420.16,420.16,408.52,3860,stock
2017-03-02,NLICL,420.16,425.51,427.14,420.16,2199,stock
2017-03-05,NLICL,433.66,442.27,449.72,429.47,11499,stock
2017-03-06,NLICL,443.43,442.27,450.65,436.45,24553,stock
2017-03-07,NLICL,434.12,436.45,444.6,429.7,6124,stock
2017-03-09,NLICL,442.04,438.78,443.43,436.68,3266,stock
2017-03-13,NLICL,445.76,442.27,449.25,439.94,2124,stock
2017-03-14,NLICL,449.02,438.78,449.02,436.45,6873,stock
2017-03-15,NLICL,444.6,437.85,450.42,437.85,11846,stock
2017-03-16,NLICL,432.96,446.92,449.95,432.96,39449,stock
2017-03-19,NLICL,446.92,466.71,467.87,452.28,22975,stock
2017-03-20,NLICL,475.56,503.95,506.28,474.86,37671,stock
2017-03-21,NLICL,494.64,519.32,519.32,483.0,56302,stock
2017-03-22,NLICL,518.15,508.84,523.74,506.28,19857,stock
2017-03-23,NLICL,518.62,509.08,518.62,496.97,21217,stock
2017-03-26,NLICL,516.76,518.39,531.65,511.4,21698,stock
2017-03-28,NLICL,518.39,552.84,561.91,524.9,17271,stock
2017-03-29,NLICL,552.84,543.06,574.25,543.29,23633,stock
2017-03-30,NLICL,543.06,558.66,561.68,534.45,9669,stock
2017-04-02,NLICL,569.36,612.66,612.66,569.36,56624,stock
2017-04-03,NLICL,624.53,599.39,645.95,593.57,32411,stock
2017-04-04,NLICL,604.05,594.74,613.36,581.0,14092,stock
2017-04-06,NLICL,594.74,600.55,606.37,588.92,13248,stock
2017-04-09,NLICL,599.39,593.57,599.39,591.24,6035,stock
2017-04-10,NLICL,594.97,593.57,601.72,584.73,8053,stock
2017-04-11,NLICL,599.39,593.57,604.98,591.24,11648,stock
2017-04-12,NLICL,604.98,590.08,608.7,590.08,11818,stock
2017-04-13,NLICL,578.67,592.41,599.39,578.67,8750,stock
2017-04-16,NLICL,587.75,571.23,587.75,571.23,11898,stock
2017-04-18,NLICL,560.29,552.84,570.76,549.81,7741,stock
2017-04-19,NLICL,552.84,574.95,574.95,544.69,4862,stock
2017-04-20,NLICL,585.89,595.9,608.24,580.77,30867,stock
2017-04-23,NLICL,607.31,613.36,630.82,599.39,19859,stock
2017-04-24,NLICL,611.03,599.39,612.19,599.39,12851,stock
2017-04-25,NLICL,602.88,595.2,602.88,594.74,4879,stock
2017-04-26,NLICL,599.39,598.93,604.05,597.06,6240,stock
2017-04-27,NLICL,597.06,594.5,597.06,590.31,6605,stock
2017-04-30,NLICL,587.75,583.56,590.31,580.77,2764,stock
2017-05-02,NLICL,576.11,586.59,597.06,576.11,8377,stock
2017-05-03,NLICL,599.16,587.75,602.88,585.66,3773,stock
2017-05-04,NLICL,587.75,584.49,588.92,584.26,5345,stock
2017-05-07,NLICL,577.74,578.44,584.49,577.74,8134,stock
2017-05-08,NLICL,576.11,583.8,586.36,576.11,2202,stock
2017-05-09,NLICL,583.8,586.59,588.92,585.42,1425,stock
2017-05-11,NLICL,586.59,579.84,593.57,576.11,2976,stock
2017-05-15,NLICL,588.92,585.42,588.92,580.77,3266,stock
2017-05-16,NLICL,590.08,581.93,590.08,581.93,1190,stock
2017-05-17,NLICL,593.11,584.03,593.11,578.44,2982,stock
2017-05-18,NLICL,584.03,583.1,583.1,576.58,7155,stock
2017-05-21,NLICL,585.42,576.11,587.75,576.11,8198,stock
2017-05-22,NLICL,574.02,578.21,578.44,572.62,1153,stock
2017-05-23,NLICL,570.29,577.28,579.84,570.29,4750,stock
2017-05-24,NLICL,577.28,576.11,576.11,571.46,4875,stock
2017-05-28,NLICL,575.88,576.11,580.77,571.46,1804,stock
2017-05-30,NLICL,576.11,571.46,576.11,566.8,6067,stock
2017-05-31,NLICL,571.46,572.62,573.79,562.15,1898,stock
2017-06-01,NLICL,574.95,573.79,575.88,572.62,1917,stock
2017-06-04,NLICL,584.73,573.79,584.73,569.13,3299,stock
2017-06-05,NLICL,573.79,573.55,574.48,571.46,1761,stock
2017-06-06,NLICL,584.26,584.49,584.49,576.11,2927,stock
2017-06-07,NLICL,594.97,567.97,594.97,567.73,3902,stock
2017-06-08,NLICL,565.64,570.29,576.11,565.17,2501,stock
2017-06-11,NLICL,570.29,559.82,572.62,558.19,7031,stock
2017-06-12,NLICL,564.48,560.75,566.8,560.52,1457,stock
2017-06-13,NLICL,559.82,559.82,565.64,557.49,2138,stock
2017-06-14,NLICL,570.53,562.15,570.53,562.15,812,stock
2017-06-15,NLICL,559.82,564.48,566.8,557.49,1862,stock
2017-06-18,NLICL,564.48,559.82,565.64,559.82,3200,stock
2017-06-19,NLICL,560.29,552.37,560.29,551.67,5175,stock
2017-06-20,NLICL,551.67,552.84,555.16,551.67,1285,stock
2017-06-21,NLICL,545.85,549.34,557.26,545.85,1667,stock
2017-06-22,NLICL,551.21,543.53,551.21,543.53,1739,stock
2017-06-25,NLICL,548.18,543.53,552.84,542.36,1939,stock
2017-06-27,NLICL,545.85,541.2,545.85,537.71,1431,stock
2017-06-28,NLICL,530.02,543.53,543.53,530.02,1394,stock
2017-07-02,NLICL,543.29,535.38,543.29,535.38,6039,stock
2017-07-03,NLICL,537.24,540.03,540.27,537.24,411,stock
2017-07-04,NLICL,538.87,540.03,540.03,538.4,600,stock
2017-07-05,NLICL,541.2,535.38,541.2,534.21,1826,stock
2017-07-06,NLICL,544.69,559.59,559.59,538.87,2219,stock
2017-07-09,NLICL,559.59,564.48,576.11,535.38,7255,stock
2017-07-10,NLICL,553.77,552.37,555.16,544.46,3810,stock
2017-07-11,NLICL,551.44,552.6,555.16,548.18,4743,stock
2017-07-12,NLICL,563.54,551.67,563.54,547.02,7792,stock
2017-07-13,NLICL,552.84,552.84,552.84,544.69,3132,stock
2017-07-16,NLICL,552.84,556.33,556.56,552.84,1044,stock
2017-07-17,NLICL,567.04,570.29,570.29,559.82,4700,stock
2017-07-18,NLICL,580.77,584.26,587.75,576.11,15095,stock
2017-07-19,NLICL,587.75,597.06,599.39,585.42,20248,stock
2017-07-20,NLICL,599.39,596.83,602.88,594.74,22053,stock
2017-07-23,NLICL,597.06,623.25,628.49,599.39,18728,stock
2017-07-24,NLICL,629.07,616.85,629.07,616.85,11371,stock
2017-07-25,NLICL,606.96,607.83,623.25,606.96,5948,stock
2017-07-26,NLICL,609.87,625.58,625.58,609.87,10003,stock
2017-07-27,NLICL,635.76,619.76,635.76,616.85,5487,stock
2017-07-30,NLICL,611.03,611.03,621.21,608.12,3982,stock
2017-07-31,NLICL,611.03,610.16,615.39,607.25,14513,stock
2017-08-01,NLICL,611.03,607.54,611.03,604.34,1574,stock
2017-08-02,NLICL,613.94,605.5,613.94,602.3,1179,stock
2017-08-03,NLICL,605.21,603.46,616.85,596.77,3607,stock
2017-08-06,NLICL,608.12,602.01,608.12,599.39,2951,stock
2017-08-07,NLICL,602.3,608.12,611.03,599.68,4634,stock
2017-08-09,NLICL,622.67,606.67,628.2,605.21,7400,stock
2017-08-10,NLICL,601.14,606.67,611.03,600.85,2922,stock
2017-08-13,NLICL,613.94,601.43,625.87,600.26,4252,stock
2017-08-15,NLICL,606.67,599.39,605.21,598.52,3820,stock
2017-08-16,NLICL,588.04,616.85,616.85,588.04,3615,stock
2017-08-17,NLICL,622.38,604.05,622.38,599.39,3296,stock
2017-08-20,NLICL,605.21,600.85,605.21,600.55,1207,stock
2017-08-21,NLICL,600.26,591.24,600.85,591.24,5628,stock
2017-08-22,NLICL,596.48,597.06,602.01,596.48,3889,stock
2017-08-23,NLICL,600.85,596.77,600.85,596.48,1322,stock
2017-08-24,NLICL,596.48,596.48,599.39,596.48,581,stock
2017-08-27,NLICL,596.48,599.1,600.85,597.94,3027,stock
2017-08-28,NLICL,599.39,592.12,599.39,590.95,10654,stock
2017-08-30,NLICL,589.5,588.63,592.7,587.75,7550,stock
2017-08-31,NLICL,587.75,580.77,587.46,579.02,1414,stock
2017-09-04,NLICL,580.48,573.79,583.97,573.5,3825,stock
2017-09-06,NLICL,576.11,574.66,579.02,571.75,5060,stock
2017-09-07,NLICL,576.11,570.29,576.11,567.38,2104,stock
2017-09-10,NLICL,560.11,556.62,563.02,554.0,2572,stock
2017-09-11,NLICL,547.31,558.66,564.18,547.31,1560,stock
2017-09-12,NLICL,548.47,555.46,555.75,548.47,3934,stock
2017-09-13,NLICL,554.29,560.11,560.11,542.65,3957,stock
2017-09-14,NLICL,560.11,556.04,563.02,553.42,1775,stock
2017-09-17,NLICL,555.75,555.46,561.57,541.78,2346,stock
2017-09-18,NLICL,554.29,548.47,554.29,548.47,1566,stock
2017-09-20,NLICL,554.29,548.47,554.29,544.11,408,stock
2017-09-24,NLICL,538.29,540.62,549.05,538.29,4230,stock
2017-09-25,NLICL,541.2,544.11,546.14,541.2,2659,stock
2017-09-26,NLICL,538.87,548.47,548.47,538.87,1541,stock
2017-10-03,NLICL,542.94,558.07,558.36,542.94,1325,stock
2017-10-04,NLICL,558.36,548.76,558.36,547.89,743,stock
2017-10-08,NLICL,537.42,549.93,549.93,531.89,1292,stock
2017-10-09,NLICL,541.2,540.03,544.11,540.03,1647,stock
2017-10-10,NLICL,533.92,535.67,536.83,533.92,706,stock
2017-10-11,NLICL,535.38,535.38,539.74,535.38,1037,stock
2017-10-12,NLICL,541.2,541.2,541.2,540.62,1092,stock
2017-10-15,NLICL,533.92,538.58,541.2,533.92,380,stock
2017-10-16,NLICL,542.65,547.02,549.93,542.65,560,stock
2017-10-17,NLICL,549.93,550.22,566.51,548.76,449,stock
2017-10-18,NLICL,541.2,551.67,551.67,541.2,963,stock
2017-10-22,NLICL,551.67,551.38,551.67,549.93,393,stock
2017-10-23,NLICL,551.38,557.49,558.95,549.93,1245,stock
2017-10-24,NLICL,557.49,552.84,557.49,552.84,692,stock
2017-10-25,NLICL,549.93,548.47,552.84,546.44,670,stock
2017-10-29,NLICL,542.94,548.18,548.18,541.2,150,stock
2017-10-30,NLICL,544.11,547.02,547.02,542.94,1361,stock
2017-10-31,NLICL,547.02,539.45,547.02,536.83,734,stock
2017-11-01,NLICL,544.11,532.76,544.11,529.56,740,stock
2017-11-02,NLICL,526.65,543.23,545.56,526.65,4494,stock
2017-11-05,NLICL,535.38,530.72,535.38,526.65,3860,stock
2017-11-06,NLICL,532.47,516.76,529.56,516.76,1754,stock
2017-11-07,NLICL,526.65,512.1,526.65,512.1,2159,stock
2017-11-08,NLICL,502.5,503.37,511.81,500.17,2993,stock
2017-11-09,NLICL,501.92,501.92,512.1,497.55,3475,stock
2017-11-12,NLICL,501.92,506.28,507.15,497.55,2411,stock
2017-11-13,NLICL,506.28,507.74,511.52,506.28,1696,stock
2017-11-14,NLICL,512.1,516.47,520.83,507.74,2849,stock
2017-11-15,NLICL,520.83,512.1,520.83,512.1,9124,stock
2017-11-16,NLICL,509.19,506.28,512.1,506.28,3775,stock
2017-11-19,NLICL,506.28,506.28,515.01,506.28,964,stock
2017-11-20,NLICL,503.37,497.26,504.25,497.26,3225,stock
2017-11-21,NLICL,492.02,497.55,504.25,492.02,2384,stock
2017-11-22,NLICL,500.75,505.41,505.41,496.1,955,stock
2017-11-23,NLICL,505.41,503.37,506.28,500.46,4343,stock
2017-11-26,NLICL,503.37,509.77,515.01,501.92,4677,stock
2017-11-27,NLICL,509.19,510.94,515.59,509.19,4370,stock
2017-11-28,NLICL,517.63,512.1,517.63,505.12,5495,stock
2017-11-29,NLICL,512.1,516.47,521.7,512.1,4101,stock
2017-11-30,NLICL,517.92,515.01,518.5,512.1,3332,stock
2017-12-04,NLICL,512.1,510.65,512.1,509.19,1220,stock
2017-12-05,NLICL,507.15,505.99,507.74,505.7,1508,stock
2017-12-06,NLICL,506.28,508.9,509.19,504.83,12126,stock
2017-12-10,NLICL,518.5,504.54,520.83,504.54,1768,stock
2017-12-11,NLICL,503.37,500.46,503.95,500.46,2378,stock
2017-12-12,NLICL,497.55,499.01,503.37,497.55,12874,stock
2017-12-13,NLICL,504.83,506.28,506.28,504.83,835,stock
2017-12-14,NLICL,506.28,505.99,505.99,505.99,12,stock
2017-12-17,NLICL,503.66,500.75,503.95,500.75,2335,stock
2017-12-18,NLICL,500.17,494.64,500.46,494.64,4322,stock
2017-12-19,NLICL,487.66,492.32,493.77,487.66,995,stock
2017-12-20,NLICL,485.33,487.95,493.19,485.33,1689,stock
2017-12-21,NLICL,483.0,487.08,488.82,483.0,1108,stock
2017-12-24,NLICL,488.82,483.59,491.44,482.42,2328,stock
2017-12-26,NLICL,474.57,478.64,481.55,474.28,3830,stock
2017-12-27,NLICL,477.19,474.28,483.0,472.82,1037,stock
2017-12-28,NLICL,462.93,468.46,474.28,462.93,2268,stock
2017-12-31,NLICL,468.46,462.64,468.46,456.24,3027,stock
2018-01-01,NLICL,465.55,475.73,475.73,465.55,855,stock
2018-01-02,NLICL,477.19,477.19,484.46,477.19,3095,stock
2018-01-03,NLICL,477.19,465.55,477.19,461.18,3115,stock
2018-01-04,NLICL,462.64,465.55,468.17,461.47,1272,stock
2018-01-07,NLICL,473.98,468.75,474.57,465.55,3961,stock
2018-01-08,NLICL,477.77,480.09,483.0,471.37,4992,stock
2018-01-09,NLICL,480.09,487.37,490.28,486.5,3661,stock
2018-01-10,NLICL,487.66,480.68,487.66,479.51,2188,stock
2018-01-14,NLICL,477.19,475.73,477.19,472.82,73,stock
2018-01-16,NLICL,475.73,460.31,475.73,459.73,14398,stock
2018-01-17,NLICL,460.6,459.73,469.04,456.82,3843,stock
2018-01-21,NLICL,462.64,456.82,462.64,456.82,1507,stock
2018-01-22,NLICL,456.82,456.82,457.98,453.91,2329,stock
2018-01-23,NLICL,448.09,444.01,449.54,444.01,2366,stock
2018-01-24,NLICL,445.18,450.71,450.71,441.98,1604,stock
2018-01-25,NLICL,448.09,452.45,452.45,446.92,1050,stock
2018-01-28,NLICL,459.73,459.73,462.64,455.65,3121,stock
2018-01-29,NLICL,459.73,458.85,459.73,454.2,2308,stock
2018-01-31,NLICL,459.73,462.64,462.64,458.27,1465,stock
2018-02-01,NLICL,468.46,461.18,468.46,461.18,940,stock
2018-02-04,NLICL,460.02,456.82,460.6,456.82,1035,stock
2018-02-05,NLICL,452.74,452.45,452.74,452.45,200,stock
2018-02-06,NLICL,453.33,451.0,453.62,448.09,572,stock
2018-02-07,NLICL,448.09,447.8,448.38,446.63,417,stock
2018-02-08,NLICL,448.09,448.67,453.91,448.09,579,stock
2018-02-11,NLICL,449.54,448.38,450.13,448.09,654,stock
2018-02-12,NLICL,448.96,438.2,448.96,438.2,895,stock
2018-02-14,NLICL,439.94,453.62,453.62,437.9,2991,stock
2018-02-15,NLICL,459.73,461.47,466.71,456.82,4307,stock
2018-02-18,NLICL,459.73,451.0,463.8,451.0,6217,stock
2018-02-20,NLICL,459.44,445.18,459.44,445.18,2285,stock
2018-02-21,NLICL,440.81,440.23,442.27,439.65,1929,stock
2018-02-22,NLICL,443.72,437.9,443.72,437.9,4231,stock
2018-02-25,NLICL,439.36,432.38,439.36,432.09,2298,stock
2018-02-26,NLICL,434.41,425.1,434.41,424.81,2339,stock
2018-02-27,NLICL,425.98,426.27,432.96,425.98,2368,stock
2018-02-28,NLICL,421.9,415.21,421.9,415.21,2616,stock
2018-03-04,NLICL,407.35,395.71,412.88,392.8,1953,stock
2018-03-06,NLICL,376.22,375.35,388.44,366.91,4328,stock
2018-03-07,NLICL,382.33,393.68,393.68,378.26,4304,stock
2018-03-11,NLICL,393.68,374.18,395.42,372.15,2764,stock
2018-03-12,NLICL,374.18,374.18,376.51,369.53,1476,stock
2018-03-13,NLICL,378.26,377.97,378.26,371.56,3861,stock
2018-03-14,NLICL,372.44,386.4,386.4,372.44,775,stock
2018-03-15,NLICL,381.75,382.33,382.62,378.26,1210,stock
2018-03-18,NLICL,377.97,369.53,378.26,368.36,3412,stock
2018-03-19,NLICL,375.06,363.71,375.93,360.8,2749,stock
2018-03-20,NLICL,359.34,354.98,360.22,353.82,2289,stock
2018-03-21,NLICL,349.16,349.16,349.45,337.52,4072,stock
2018-03-22,NLICL,342.76,337.81,350.32,334.61,5243,stock
2018-03-26,NLICL,331.41,311.33,331.41,309.01,5873,stock
2018-03-27,NLICL,308.42,328.5,335.19,302.02,5761,stock
2018-03-28,NLICL,334.61,331.41,340.43,317.15,3518,stock
2018-03-29,NLICL,330.25,334.61,337.52,325.88,2970,stock
2018-04-01,NLICL,331.7,325.01,331.7,322.97,4769,stock
2018-04-02,NLICL,322.97,324.14,324.72,319.19,2697,stock
2018-04-03,NLICL,318.9,324.43,325.3,318.61,1979,stock
2018-04-04,NLICL,325.88,331.41,332.87,324.72,6462,stock
2018-04-05,NLICL,336.07,341.59,341.59,325.88,6487,stock
2018-04-08,NLICL,348.0,361.96,368.95,337.52,14016,stock
2018-04-09,NLICL,366.62,355.85,369.53,353.23,14857,stock
2018-04-10,NLICL,347.41,350.61,362.25,346.25,4062,stock
2018-04-11,NLICL,344.21,355.85,355.85,340.43,2661,stock
2018-04-12,NLICL,352.65,368.65,372.73,352.65,12720,stock
2018-04-15,NLICL,369.53,373.31,376.51,356.14,4235,stock
2018-04-16,NLICL,369.53,389.9,399.5,366.62,13822,stock
2018-04-17,NLICL,389.9,412.01,416.08,395.71,16509,stock
2018-04-18,NLICL,407.35,410.26,418.12,401.53,12444,stock
2018-04-19,NLICL,410.26,409.97,418.99,395.71,10241,stock
2018-04-22,NLICL,409.97,434.99,434.99,415.21,15125,stock
2018-04-23,NLICL,443.14,444.6,460.02,433.54,25382,stock
2018-04-24,NLICL,437.03,439.36,450.71,435.87,6783,stock
2018-04-25,NLICL,432.09,439.36,442.27,431.21,5661,stock
2018-04-26,NLICL,439.36,425.39,440.81,424.81,6271,stock
2018-04-29,NLICL,433.54,424.81,433.54,422.19,5771,stock
2018-05-02,NLICL,424.81,430.63,430.63,416.08,10702,stock
2018-05-03,NLICL,438.78,436.16,446.63,430.34,7208,stock
2018-05-06,NLICL,444.31,430.63,444.31,430.63,4333,stock
2018-05-07,NLICL,425.39,427.72,430.63,425.39,20510,stock
2018-05-08,NLICL,430.63,428.88,434.7,426.56,11660,stock
2018-05-09,NLICL,428.88,434.7,434.7,430.63,2986,stock
2018-05-10,NLICL,434.7,429.18,434.99,429.18,2360,stock
2018-05-14,NLICL,429.18,423.36,432.96,423.36,2724,stock
2018-05-15,NLICL,431.21,416.66,439.07,416.66,2757,stock
2018-05-16,NLICL,420.45,422.77,428.01,418.99,3218,stock
2018-05-17,NLICL,430.63,420.74,430.63,420.74,4005,stock
2018-05-20,NLICL,428.59,430.63,444.6,428.59,8855,stock
2018-05-21,NLICL,432.09,429.47,432.09,423.36,12248,stock
2018-05-22,NLICL,428.3,427.72,428.3,425.1,897,stock
2018-05-23,NLICL,427.72,425.98,429.18,424.81,3181,stock
2018-05-24,NLICL,425.98,419.86,426.27,419.57,3313,stock
2018-05-27,NLICL,412.01,412.3,414.34,410.26,2242,stock
2018-05-28,NLICL,412.01,420.45,424.81,410.26,4367,stock
2018-05-29,NLICL,424.81,422.19,424.81,418.99,3025,stock
2018-05-30,NLICL,414.63,422.19,439.36,414.63,3005,stock
2018-05-31,NLICL,421.9,417.83,421.9,417.83,1150,stock
2018-06-03,NLICL,409.97,398.92,413.17,395.71,7255,stock
2018-06-04,NLICL,406.19,396.59,406.19,392.8,4502,stock
2018-06-06,NLICL,402.99,392.8,402.99,391.93,1503,stock
2018-06-07,NLICL,402.99,392.8,402.99,391.93,4828,stock
2018-06-10,NLICL,392.8,386.99,392.8,385.53,6325,stock
2018-06-11,NLICL,380.0,383.49,393.97,380.0,2185,stock
2018-06-12,NLICL,385.53,391.93,392.22,385.53,890,stock
2018-06-13,NLICL,394.26,395.13,395.13,388.44,637,stock
2018-06-14,NLICL,395.71,392.8,395.71,388.15,5243,stock
2018-06-17,NLICL,388.44,388.44,389.9,388.44,970,stock
2018-06-18,NLICL,382.91,387.86,387.86,381.17,3035,stock
2018-06-19,NLICL,381.17,381.17,381.46,378.26,1636,stock
2018-06-20,NLICL,378.26,379.71,381.17,378.26,1107,stock
2018-06-21,NLICL,374.76,377.97,382.62,374.18,4424,stock
2018-06-24,NLICL,376.8,376.8,381.46,376.8,700,stock
2018-06-25,NLICL,372.44,366.62,372.44,366.62,3414,stock
2018-06-26,NLICL,366.62,359.63,366.62,359.63,2896,stock
2018-06-27,NLICL,359.34,357.89,366.04,352.94,2560,stock
2018-06-28,NLICL,364.58,366.62,373.02,364.58,8151,stock
2018-07-01,NLICL,370.98,364.87,370.98,363.71,6269,stock
2018-07-02,NLICL,366.62,361.38,366.62,360.8,1012,stock
2018-07-03,NLICL,361.96,358.76,363.71,356.72,7905,stock
2018-07-04,NLICL,361.96,355.85,361.96,353.52,9752,stock
2018-07-05,NLICL,356.43,370.98,370.98,356.43,31533,stock
2018-07-08,NLICL,378.02,386.4,395.71,378.02,16896,stock
2018-07-09,NLICL,384.08,372.44,384.08,372.44,8674,stock
2018-07-10,NLICL,379.89,372.44,380.35,371.97,4558,stock
2018-07-11,NLICL,372.44,373.83,385.01,367.78,4780,stock
2018-07-12,NLICL,372.44,372.44,373.83,367.78,1650,stock
2018-07-15,NLICL,374.76,367.78,374.76,364.99,1530,stock
2018-07-16,NLICL,368.71,371.97,371.97,365.92,2286,stock
2018-07-17,NLICL,371.97,369.64,372.44,365.92,3595,stock
2018-07-18,NLICL,368.71,363.59,369.18,363.59,16769,stock
2018-07-19,NLICL,363.13,358.94,363.59,358.47,760,stock
2018-07-22,NLICL,358.47,353.35,358.47,351.95,2645,stock
2018-07-23,NLICL,353.82,357.54,357.54,353.82,520,stock
2018-07-24,NLICL,364.52,361.26,367.78,360.8,1353,stock
2018-07-25,NLICL,363.13,358.47,363.13,357.54,998,stock
2018-07-26,NLICL,358.47,353.82,358.47,351.49,3747,stock
2018-07-29,NLICL,353.82,356.14,357.07,353.82,5048,stock
2018-07-30,NLICL,352.42,360.8,361.73,351.95,1621,stock
2018-07-31,NLICL,354.75,360.8,361.73,354.75,1398,stock
2018-08-01,NLICL,360.8,357.54,360.8,356.14,1272,stock
2018-08-02,NLICL,356.14,354.75,358.47,354.28,1012,stock
2018-08-05,NLICL,361.26,354.75,361.26,354.75,170,stock
2018-08-06,NLICL,353.82,353.82,354.28,351.49,1737,stock
2018-08-07,NLICL,354.28,346.83,355.21,344.5,2467,stock
2018-08-08,NLICL,343.11,343.57,344.5,342.18,1240,stock
2018-08-09,NLICL,342.18,339.85,348.69,337.06,1199,stock
2018-08-12,NLICL,338.92,331.0,338.92,330.54,1178,stock
2018-08-13,NLICL,325.88,335.19,345.44,325.88,2075,stock
2018-08-14,NLICL,337.52,337.06,339.85,335.19,3501,stock
2018-08-15,NLICL,339.85,349.16,349.16,337.99,3690,stock
2018-08-16,NLICL,349.16,346.83,355.21,345.44,2297,stock
2018-08-19,NLICL,340.78,336.12,342.18,336.12,775,stock
2018-08-20,NLICL,333.8,331.0,334.26,331.0,1030,stock
2018-08-21,NLICL,337.52,330.54,337.52,330.54,340,stock
2018-08-22,NLICL,336.12,330.54,336.12,325.88,1459,stock
2018-08-23,NLICL,328.21,327.74,330.54,326.81,1249,stock
2018-08-26,NLICL,325.88,328.21,328.21,325.88,5646,stock
2018-08-28,NLICL,327.74,326.81,328.21,325.42,5975,stock
2018-08-29,NLICL,327.28,321.23,327.28,318.9,2475,stock
2018-08-30,NLICL,321.23,324.02,325.88,321.23,2269,stock
2018-09-02,NLICL,323.55,326.81,327.74,323.55,434,stock
2018-09-03,NLICL,330.54,334.73,339.85,328.21,2210,stock
2018-09-04,NLICL,331.0,330.54,337.52,328.68,1724,stock
2018-09-05,NLICL,332.87,335.19,342.18,332.87,3465,stock
2018-09-06,NLICL,341.71,331.93,342.18,331.93,5311,stock
2018-09-09,NLICL,328.21,328.21,328.68,327.74,1250,stock
2018-09-10,NLICL,325.88,325.88,326.35,324.49,905,stock
2018-09-11,NLICL,327.74,323.55,328.21,323.55,6655,stock
2018-09-12,NLICL,329.61,325.88,333.8,325.88,848,stock
2018-09-13,NLICL,325.88,324.95,327.74,323.55,1176,stock
2018-09-16,NLICL,327.74,330.54,332.87,327.74,4554,stock
2018-09-17,NLICL,331.93,338.45,351.02,331.93,2297,stock
2018-09-18,NLICL,336.59,341.25,341.25,336.12,2618,stock
2018-09-20,NLICL,337.99,332.87,337.99,332.4,2770,stock
2018-09-23,NLICL,330.54,332.87,332.87,327.74,758,stock
2018-09-25,NLICL,337.52,338.92,342.18,331.0,2829,stock
2018-09-26,NLICL,338.45,338.45,338.45,337.52,466,stock
2018-09-27,NLICL,335.19,333.33,335.19,332.4,1707,stock
2018-09-30,NLICL,332.4,331.93,334.26,327.28,2162,stock
2018-10-01,NLICL,331.93,326.35,331.93,325.88,4680,stock
2018-10-02,NLICL,326.35,326.35,326.81,325.42,2772,stock
2018-10-03,NLICL,326.81,321.23,328.21,321.23,3089,stock
2018-10-04,NLICL,323.55,323.55,326.81,319.36,2655,stock
2018-10-07,NLICL,321.23,318.43,322.16,318.43,1379,stock
2018-10-08,NLICL,318.9,312.85,324.02,310.99,4187,stock
2018-10-09,NLICL,311.92,315.17,315.17,309.59,1516,stock
2018-10-10,NLICL,312.85,314.24,314.24,311.92,1502,stock
2018-10-11,NLICL,315.17,314.24,318.9,314.24,1381,stock
2018-10-14,NLICL,314.24,315.17,315.17,314.24,530,stock
2018-10-15,NLICL,316.57,316.57,317.04,315.17,860,stock
2018-10-21,NLICL,322.62,322.62,322.62,322.16,209,stock
2018-10-22,NLICL,325.88,321.23,323.55,321.23,487,stock
2018-10-23,NLICL,322.16,321.69,324.02,321.69,2330,stock
2018-10-24,NLICL,323.55,323.55,324.02,322.16,2342,stock
2018-10-25,NLICL,317.5,325.88,325.88,317.5,2751,stock
2018-10-28,NLICL,322.62,323.55,323.55,319.36,5190,stock
2018-10-29,NLICL,321.23,323.55,323.55,321.23,7729,stock
2018-10-30,NLICL,323.55,323.55,325.88,319.36,4339,stock
2018-10-31,NLICL,317.04,323.55,324.49,316.57,1098,stock
2018-11-01,NLICL,322.62,325.88,326.81,321.69,7239,stock
2018-11-04,NLICL,328.21,322.16,328.21,322.16,3929,stock
2018-11-05,NLICL,325.88,325.88,325.88,324.95,6236,stock
2018-11-14,NLICL,317.97,314.24,317.97,314.24,100,stock
2018-11-15,NLICL,314.24,317.5,321.23,314.24,1295,stock
2018-11-18,NLICL,317.5,312.38,317.5,312.38,503,stock
2018-11-19,NLICL,312.38,307.73,312.38,307.26,750,stock
2018-11-20,NLICL,308.19,302.61,310.99,302.61,1654,stock
2018-11-21,NLICL,302.61,307.26,307.26,298.88,707,stock
2018-11-22,NLICL,307.26,304.93,307.26,304.93,700,stock
2018-11-25,NLICL,304.93,302.61,304.93,302.61,520,stock
2018-11-26,NLICL,302.61,292.83,302.61,292.36,3648,stock
2018-11-27,NLICL,292.83,294.23,300.28,292.83,6365,stock
2018-11-28,NLICL,294.23,297.48,297.48,293.29,4127,stock
2018-11-29,NLICL,295.95,291.9,295.95,290.97,424,stock
2018-12-02,NLICL,291.9,277.0,291.9,277.0,5210,stock
2018-12-03,NLICL,277.0,279.33,283.98,277.0,4311,stock
2018-12-04,NLICL,279.33,282.12,282.12,277.0,1291,stock
2018-12-06,NLICL,276.53,275.6,279.33,275.6,1175,stock
2018-12-09,NLICL,275.6,279.33,279.33,274.67,350,stock
2018-12-10,NLICL,279.33,288.64,288.64,279.33,1107,stock
2018-12-11,NLICL,288.64,286.31,290.97,283.98,1412,stock
2018-12-12,NLICL,286.31,287.71,287.71,285.85,250,stock
2018-12-13,NLICL,287.71,287.71,288.64,282.59,1410,stock
2018-12-16,NLICL,287.71,293.29,299.81,287.71,1552,stock
2018-12-17,NLICL,293.29,302.61,302.61,293.29,1755,stock
2018-12-18,NLICL,302.61,301.67,302.61,294.23,1867,stock
2018-12-19,NLICL,301.67,291.43,301.67,290.5,3066,stock
2018-12-20,NLICL,291.43,285.38,293.29,284.91,10231,stock
2018-12-23,NLICL,285.38,300.28,305.86,285.38,6798,stock
2018-12-24,NLICL,300.28,313.31,321.23,295.62,9540,stock
2018-12-25,NLICL,313.31,309.12,313.31,303.07,4511,stock
2018-12-26,NLICL,309.12,337.52,338.92,309.12,39068,stock
2018-12-27,NLICL,337.52,339.85,353.82,335.19,58146,stock
2018-12-30,NLICL,339.85,341.71,349.16,337.52,28564,stock
2018-12-31,NLICL,341.71,339.85,344.5,330.54,40038,stock
2019-01-01,NLICL,339.85,335.19,343.11,334.26,7653,stock
2019-01-02,NLICL,335.19,330.54,335.19,328.68,4872,stock
2019-01-03,NLICL,330.07,331.93,335.66,329.61,11823,stock
2019-01-06,NLICL,331.93,331.0,332.87,328.21,6584,stock
2019-01-07,NLICL,331.0,332.4,334.73,329.14,4071,stock
2019-01-08,NLICL,332.4,332.4,335.19,330.54,4643,stock
2019-01-09,NLICL,332.4,332.87,334.73,331.0,4906,stock
2019-01-10,NLICL,332.87,332.4,332.87,331.0,4345,stock
2019-01-13,NLICL,332.4,328.68,332.4,325.88,4924,stock
2019-01-14,NLICL,328.68,330.07,330.07,324.02,2346,stock
2019-01-15,NLICL,330.07,335.19,335.19,328.21,11918,stock
2019-01-16,NLICL,335.19,331.47,338.92,329.61,5846,stock
2019-01-17,NLICL,331.47,324.95,331.47,323.09,5294,stock
2019-01-20,NLICL,324.95,322.62,324.95,322.62,528,stock
2019-01-21,NLICL,322.62,318.9,321.69,317.04,2303,stock
2019-01-22,NLICL,318.9,319.83,321.23,314.24,1825,stock
2019-01-23,NLICL,319.83,323.55,323.55,316.11,2227,stock
2019-01-24,NLICL,323.55,321.23,324.49,318.43,2535,stock
2019-01-27,NLICL,321.23,316.57,321.23,315.64,7768,stock
2019-01-28,NLICL,316.57,316.57,320.76,316.57,3420,stock
2019-01-29,NLICL,316.57,315.64,318.9,314.71,2710,stock
2019-01-30,NLICL,315.64,316.57,316.57,312.38,2321,stock
2019-01-31,NLICL,316.57,314.24,318.9,314.24,2182,stock
2019-02-03,NLICL,314.24,311.92,314.24,311.92,2103,stock
2019-02-04,NLICL,311.92,307.26,312.85,306.8,4382,stock
2019-02-05,NLICL,308.66,308.66,309.12,304.93,4019,stock
2019-02-06,NLICL,307.26,304.47,308.66,304.47,1854,stock
2019-02-07,NLICL,302.14,306.33,307.26,302.14,270,stock
2019-02-10,NLICL,302.61,293.76,306.33,293.76,3331,stock
2019-02-11,NLICL,297.95,300.74,302.61,293.76,9263,stock
2019-02-12,NLICL,303.54,300.28,303.54,292.36,2061,stock
2019-02-13,NLICL,297.02,294.69,300.28,294.69,3994,stock
2019-02-14,NLICL,290.97,293.29,294.69,289.1,1613,stock
2019-02-17,NLICL,297.48,288.64,297.48,288.17,1550,stock
2019-02-18,NLICL,288.64,284.91,288.64,283.98,2930,stock
2019-02-19,NLICL,290.5,301.67,301.67,284.91,1984,stock
2019-02-20,NLICL,297.95,295.16,307.26,291.43,3675,stock
2019-02-21,NLICL,290.04,290.97,295.16,288.64,5118,stock
2019-02-24,NLICL,288.64,289.57,290.97,286.78,2527,stock
2019-02-25,NLICL,290.04,290.5,292.36,288.64,3024,stock
2019-02-26,NLICL,287.71,289.1,290.5,287.24,2179,stock
2019-02-27,NLICL,290.5,290.97,293.29,289.1,2028,stock
2019-03-03,NLICL,290.97,286.31,290.97,284.91,3578,stock
2019-03-05,NLICL,286.31,285.85,287.71,284.45,4842,stock
2019-03-06,NLICL,284.45,293.29,293.29,284.45,7667,stock
2019-03-07,NLICL,297.95,303.54,304.47,293.29,9479,stock
2019-03-09,NLICL,303.07,304.47,304.47,295.62,2957,stock
2019-03-10,NLICL,303.07,304.47,304.47,295.62,2957,stock
2019-03-11,NLICL,301.67,308.19,308.66,299.81,8278,stock
2019-03-12,NLICL,310.99,310.05,311.92,304.93,10302,stock
2019-03-13,NLICL,309.59,306.33,313.78,306.33,20096,stock
2019-03-14,NLICL,310.05,311.45,311.45,303.54,23817,stock
2019-03-17,NLICL,317.57,315.45,322.85,311.75,12201,stock
2019-03-18,NLICL,314.4,310.7,316.51,309.11,6200,stock
2019-03-19,NLICL,306.47,307.53,307.53,305.94,1551,stock
2019-03-21,NLICL,306.47,303.83,306.47,303.83,5950,stock
2019-03-24,NLICL,300.13,299.07,304.36,298.54,3493,stock
2019-03-25,NLICL,300.13,302.77,302.77,299.07,3008,stock
2019-03-26,NLICL,299.07,303.83,303.83,299.07,4887,stock
2019-03-27,NLICL,303.83,308.58,308.58,301.71,1656,stock
2019-03-28,NLICL,306.47,307.53,308.05,303.83,2495,stock
2019-03-31,NLICL,303.83,301.19,303.83,301.19,5854,stock
2019-04-01,NLICL,301.71,300.66,303.83,300.66,5646,stock
2019-04-02,NLICL,302.77,304.36,307.53,302.77,4107,stock
2019-04-03,NLICL,302.24,302.77,306.47,301.19,11376,stock
2019-04-04,NLICL,305.94,303.83,305.94,301.19,4823,stock
2019-04-07,NLICL,303.83,299.6,303.83,299.07,7782,stock
2019-04-08,NLICL,299.6,313.87,317.04,299.07,11797,stock
2019-04-09,NLICL,314.4,303.83,314.4,303.83,7035,stock
2019-04-10,NLICL,309.64,309.11,313.87,304.36,19726,stock
2019-04-11,NLICL,314.92,311.75,314.92,307.53,2539,stock
2019-04-15,NLICL,311.75,311.75,312.81,308.58,2642,stock
2019-04-16,NLICL,311.75,315.98,317.57,310.7,13231,stock
2019-04-17,NLICL,315.98,316.51,319.15,311.75,4153,stock
2019-04-18,NLICL,316.51,309.64,316.51,309.64,4703,stock
2019-04-21,NLICL,315.45,309.64,317.04,309.64,5501,stock
2019-04-22,NLICL,315.45,319.68,331.3,314.4,13388,stock
2019-04-23,NLICL,326.02,324.96,326.02,318.62,6021,stock
2019-04-24,NLICL,325.49,330.25,330.25,325.49,7273,stock
2019-04-25,NLICL,330.25,332.36,332.89,324.96,10370,stock
2019-04-28,NLICL,338.7,365.12,365.12,338.7,22240,stock
2019-04-29,NLICL,371.99,366.71,386.26,362.48,43701,stock
2019-04-30,NLICL,373.58,354.02,373.58,354.02,10825,stock
2019-05-02,NLICL,360.89,356.14,365.65,342.93,9855,stock
2019-05-05,NLICL,354.02,353.5,364.59,352.97,7937,stock
2019-05-06,NLICL,352.97,356.14,366.18,349.27,8339,stock
2019-05-07,NLICL,363.01,358.78,363.01,354.02,5786,stock
2019-05-08,NLICL,356.67,355.08,356.67,354.02,4135,stock
2019-05-09,NLICL,355.08,353.5,355.08,349.27,1162,stock
2019-05-12,NLICL,354.02,353.5,360.89,348.21,5604,stock
2019-05-13,NLICL,352.44,349.27,352.44,348.21,3365,stock
2019-05-14,NLICL,356.14,354.02,369.35,350.33,5728,stock
2019-05-15,NLICL,354.55,354.02,359.84,353.5,9935,stock
2019-05-16,NLICL,354.55,353.5,356.67,352.97,4733,stock
2019-05-19,NLICL,351.38,351.91,356.67,351.38,2625,stock
2019-05-20,NLICL,346.1,347.68,352.97,343.46,5835,stock
2019-05-21,NLICL,346.1,348.74,350.85,346.1,7007,stock
2019-05-22,NLICL,348.74,356.67,359.31,348.74,8874,stock
2019-05-23,NLICL,355.08,352.97,356.14,348.74,7660,stock
2019-05-26,NLICL,348.74,350.85,351.38,347.68,896,stock
2019-05-27,NLICL,348.21,347.68,350.33,343.99,6865,stock
2019-05-28,NLICL,343.99,345.04,350.85,343.46,4122,stock
2019-05-29,NLICL,351.38,348.74,351.38,341.34,5335,stock
2019-05-30,NLICL,355.61,343.46,362.48,340.81,14356,stock
2019-06-02,NLICL,346.63,339.23,346.63,337.64,2550,stock
2019-06-03,NLICL,332.89,336.06,339.76,332.89,4335,stock
2019-06-04,NLICL,340.81,340.81,340.81,329.72,7899,stock
2019-06-06,NLICL,338.17,332.89,338.17,328.66,1546,stock
2019-06-10,NLICL,332.89,329.19,332.89,328.66,3765,stock
2019-06-11,NLICL,335.53,332.36,335.53,328.66,12866,stock
2019-06-12,NLICL,328.66,332.36,332.89,327.61,8647,stock
2019-06-13,NLICL,330.25,332.89,333.95,330.25,2965,stock
2019-06-16,NLICL,328.66,329.19,330.25,326.02,6384,stock
2019-06-17,NLICL,327.61,331.3,331.3,327.61,7142,stock
2019-06-18,NLICL,332.89,326.02,332.89,326.02,1897,stock
2019-06-19,NLICL,327.61,327.08,329.19,325.49,1980,stock
2019-06-20,NLICL,327.08,331.3,331.3,325.49,1590,stock
2019-06-23,NLICL,324.96,327.08,331.3,324.96,5830,stock
2019-06-24,NLICL,324.96,324.43,324.96,322.32,2046,stock
2019-06-25,NLICL,322.32,323.38,323.91,322.32,2101,stock
2019-06-26,NLICL,322.32,318.62,322.32,316.51,6423,stock
2019-06-27,NLICL,317.57,316.51,318.09,316.51,3291,stock
2019-06-30,NLICL,317.04,317.04,324.96,314.92,1277,stock
2019-07-01,NLICL,317.57,313.87,317.57,310.7,3639,stock
2019-07-02,NLICL,310.17,315.98,315.98,309.64,6214,stock
2019-07-03,NLICL,312.28,319.68,319.68,312.28,4845,stock
2019-07-04,NLICL,319.15,314.92,319.15,314.92,4242,stock
2019-07-07,NLICL,317.04,315.98,317.04,314.4,3164,stock
2019-07-08,NLICL,311.75,306.47,312.28,306.47,2580,stock
2019-07-09,NLICL,306.47,306.47,311.75,305.41,3104,stock
2019-07-10,NLICL,305.94,302.24,306.47,302.24,13676,stock
2019-07-11,NLICL,302.77,302.24,306.47,300.13,4104,stock
2019-07-14,NLICL,303.3,304.88,306.47,301.71,2700,stock
2019-07-15,NLICL,299.07,311.75,311.75,304.88,1248,stock
2019-07-16,NLICL,327.08,309.11,327.08,301.71,22277,stock
2019-07-17,NLICL,309.11,313.87,313.87,307.0,3170,stock
2019-07-18,NLICL,317.57,319.68,321.79,317.04,8073,stock
2019-07-21,NLICL,317.04,317.04,318.62,314.92,3131,stock
2019-07-22,NLICL,311.22,319.68,319.68,311.22,12267,stock
2019-07-23,NLICL,314.92,324.96,324.96,312.28,3552,stock
2019-07-24,NLICL,318.62,318.09,318.62,313.34,4778,stock
2019-07-25,NLICL,311.75,313.34,317.57,311.75,2111,stock
2019-07-28,NLICL,307.53,305.41,307.53,301.71,2621,stock
2019-07-29,NLICL,306.47,304.88,306.47,304.36,6126,stock
2019-07-30,NLICL,309.11,306.47,311.75,306.47,2172,stock
2019-07-31,NLICL,303.83,310.7,311.75,302.24,2114,stock
2019-08-01,NLICL,311.75,314.4,314.4,308.05,2643,stock
2019-08-04,NLICL,314.92,306.47,314.92,306.47,1709,stock
2019-08-05,NLICL,306.47,303.83,306.47,303.83,3602,stock
2019-08-06,NLICL,302.77,302.77,304.88,301.71,1776,stock
2019-08-07,NLICL,308.58,306.47,314.4,301.71,3528,stock
2019-08-08,NLICL,301.71,305.41,305.41,301.71,3724,stock
2019-08-11,NLICL,302.24,301.19,302.24,298.54,4934,stock
2019-08-12,NLICL,300.13,301.19,301.19,298.54,5981,stock
2019-08-13,NLICL,299.6,304.88,304.88,298.01,2641,stock
2019-08-14,NLICL,300.66,300.66,303.83,294.84,5718,stock
2019-08-15,NLICL,301.19,300.66,302.24,296.43,2014,stock
2019-08-18,NLICL,296.43,291.67,296.43,291.67,3564,stock
2019-08-19,NLICL,290.62,301.71,301.71,290.62,4461,stock
2019-08-20,NLICL,295.9,290.62,295.9,290.62,2202,stock
2019-08-21,NLICL,290.62,290.62,290.62,290.09,2371,stock
2019-08-22,NLICL,296.43,293.26,296.43,290.62,4429,stock
2019-08-25,NLICL,293.26,293.26,294.32,291.67,35336,stock
2019-08-26,NLICL,293.26,289.56,293.26,289.03,8277,stock
2019-08-27,NLICL,290.62,294.84,294.84,290.62,2896,stock
2019-08-28,NLICL,294.84,289.56,294.84,289.03,1385,stock
2019-08-29,NLICL,289.56,290.09,290.62,286.92,3443,stock
2019-09-01,NLICL,286.92,282.16,286.92,282.16,4349,stock
2019-09-02,NLICL,278.46,274.24,278.46,268.42,6380,stock
2019-09-03,NLICL,268.95,290.62,290.62,264.73,6633,stock
2019-09-04,NLICL,295.9,287.98,295.9,279.52,5326,stock
2019-09-05,NLICL,285.86,286.92,286.92,283.22,3788,stock
2019-09-08,NLICL,282.69,267.37,282.69,262.08,11168,stock
2019-09-09,NLICL,271.6,266.31,271.6,263.14,4277,stock
2019-09-10,NLICL,264.2,265.78,265.78,261.56,3861,stock
2019-09-11,NLICL,264.2,261.56,264.2,256.8,6910,stock
2019-09-12,NLICL,259.97,255.74,259.97,249.93,2890,stock
2019-09-15,NLICL,253.63,260.5,260.5,243.06,3538,stock
2019-09-16,NLICL,255.74,242.01,255.74,240.42,5168,stock
2019-09-17,NLICL,246.76,249.93,250.99,244.65,5400,stock
2019-09-18,NLICL,254.69,262.08,268.42,252.04,8469,stock
2019-09-19,NLICL,258.39,258.91,266.31,253.63,10226,stock
2019-09-22,NLICL,254.16,250.99,254.16,244.65,3932,stock
2019-09-23,NLICL,248.35,256.27,262.61,248.35,628,stock
2019-09-24,NLICL,251.52,249.4,252.04,247.29,1376,stock
2019-09-26,NLICL,250.99,249.4,250.99,246.23,1813,stock
2019-09-29,NLICL,254.16,248.35,254.16,244.65,10808,stock
2019-09-30,NLICL,248.87,250.46,250.46,246.23,1955,stock
2019-10-01,NLICL,250.46,250.99,251.52,247.29,3184,stock
2019-10-02,NLICL,255.74,249.4,255.74,245.7,11665,stock
2019-10-03,NLICL,246.23,248.87,249.4,246.23,9290,stock
2019-10-10,NLICL,248.87,248.87,248.87,244.12,461,stock
2019-10-14,NLICL,248.87,244.12,248.87,240.95,9470,stock
2019-10-15,NLICL,245.7,242.53,245.7,240.42,12072,stock
2019-10-16,NLICL,239.36,236.19,240.42,236.19,6722,stock
2019-10-17,NLICL,240.42,237.78,240.42,235.14,1017,stock
2019-10-20,NLICL,235.14,237.78,237.78,235.14,1699,stock
2019-10-21,NLICL,233.02,240.42,252.57,233.02,4073,stock
2019-10-22,NLICL,240.42,239.36,245.18,237.78,3073,stock
2019-10-23,NLICL,235.14,240.42,240.95,235.14,6623,stock
2019-10-24,NLICL,242.53,240.42,248.35,240.42,8753,stock
2019-10-31,NLICL,236.14,232.89,236.68,232.89,3520,stock
2019-11-03,NLICL,233.43,228.02,233.97,228.02,6991,stock
2019-11-04,NLICL,228.02,231.27,231.27,228.02,1774,stock
2019-11-05,NLICL,228.02,233.43,234.52,226.93,1957,stock
2019-11-06,NLICL,236.14,236.14,236.14,236.14,10,stock
2019-11-07,NLICL,231.81,231.27,236.14,229.1,3016,stock
2019-11-10,NLICL,226.93,229.64,229.64,226.93,3341,stock
2019-11-11,NLICL,227.47,230.18,231.81,227.47,2605,stock
2019-11-12,NLICL,230.18,226.39,232.89,225.85,9897,stock
2019-11-13,NLICL,226.39,229.1,229.64,225.85,399,stock
2019-11-14,NLICL,229.1,228.56,230.18,225.85,2991,stock
2019-11-17,NLICL,226.39,226.93,226.93,226.39,125,stock
2019-11-18,NLICL,223.14,233.43,233.43,223.14,1054,stock
2019-11-19,NLICL,230.18,228.56,230.18,226.93,2376,stock
2019-11-20,NLICL,232.89,229.64,232.89,224.22,6108,stock
2019-11-21,NLICL,229.64,229.64,229.64,229.64,110,stock
2019-11-24,NLICL,226.39,226.93,226.93,220.43,2911,stock
2019-11-25,NLICL,222.6,226.39,226.93,220.97,2938,stock
2019-11-26,NLICL,224.77,226.39,227.47,223.68,5582,stock
2019-11-27,NLICL,228.56,231.27,231.27,227.47,3033,stock
2019-11-28,NLICL,228.56,226.93,230.18,226.93,1016,stock
2019-12-01,NLICL,226.39,227.47,227.47,224.77,865,stock
2019-12-02,NLICL,226.39,228.02,228.02,226.39,1322,stock
2019-12-03,NLICL,227.47,229.64,232.35,227.47,2750,stock
2019-12-04,NLICL,231.27,232.35,238.31,230.72,8605,stock
2019-12-05,NLICL,236.68,243.18,249.14,236.68,16119,stock
2019-12-08,NLICL,242.64,245.89,245.89,234.52,6696,stock
2019-12-09,NLICL,245.89,244.81,254.01,244.26,9359,stock
2019-12-10,NLICL,246.43,244.26,250.76,244.26,7065,stock
2019-12-11,NLICL,244.26,255.1,258.35,244.26,3037,stock
2019-12-12,NLICL,257.26,269.72,273.51,254.01,29044,stock
2019-12-15,NLICL,272.43,259.97,274.05,259.97,14086,stock
2019-12-16,NLICL,264.84,257.26,267.55,254.01,10117,stock
2019-12-17,NLICL,258.35,257.26,259.97,250.22,6202,stock
2019-12-18,NLICL,255.1,254.55,256.72,252.93,3693,stock
2019-12-19,NLICL,254.55,254.55,259.43,250.22,4323,stock
2019-12-22,NLICL,251.85,254.01,254.01,250.76,3147,stock
2019-12-23,NLICL,257.26,263.22,269.72,253.47,5803,stock
2019-12-24,NLICL,259.97,255.64,264.84,254.01,6763,stock
2019-12-25,NLICL,254.01,255.1,264.84,254.01,9789,stock
2019-12-26,NLICL,259.97,255.1,259.97,255.1,10147,stock
2019-12-29,NLICL,259.97,258.89,259.97,254.55,4112,stock
2019-12-30,NLICL,259.97,268.09,268.64,259.97,21449,stock
2019-12-31,NLICL,268.09,270.26,271.34,262.68,14800,stock
2020-01-01,NLICL,271.89,262.14,271.89,262.14,8700,stock
2020-01-02,NLICL,261.6,262.14,263.22,259.97,6326,stock
2020-01-05,NLICL,267.01,264.84,268.64,263.76,11553,stock
2020-01-06,NLICL,269.18,265.93,271.89,264.3,7591,stock
2020-01-07,NLICL,265.39,265.39,268.09,265.39,14640,stock
2020-01-08,NLICL,265.93,265.39,270.26,265.39,8847,stock
2020-01-09,NLICL,262.68,264.84,266.47,262.68,2728,stock
2020-01-12,NLICL,269.72,290.84,290.84,269.72,24992,stock
2020-01-13,NLICL,296.26,310.88,317.38,287.05,35253,stock
2020-01-14,NLICL,304.92,302.22,314.13,298.42,14524,stock
2020-01-15,NLICL,306.01,324.42,324.42,302.22,27196,stock
2020-01-16,NLICL,325.5,340.13,343.92,323.88,36353,stock
2020-01-19,NLICL,344.46,356.92,364.5,335.8,59301,stock
2020-01-20,NLICL,360.17,341.21,362.88,330.38,45443,stock
2020-01-21,NLICL,341.21,339.59,354.21,328.75,26534,stock
2020-01-22,NLICL,339.59,345.0,352.58,338.5,24195,stock
2020-01-23,NLICL,349.34,340.13,354.21,340.13,32519,stock
2020-01-26,NLICL,336.34,331.46,346.09,331.46,37263,stock
2020-01-27,NLICL,330.38,340.67,342.29,330.38,25625,stock
2020-01-28,NLICL,335.25,347.71,352.04,335.25,31463,stock
2020-01-29,NLICL,352.58,343.92,352.58,342.29,17469,stock
2020-01-30,NLICL,343.92,357.46,366.13,343.92,100850,stock
2020-02-02,NLICL,358.0,358.54,363.96,355.83,36044,stock
2020-02-03,NLICL,359.08,354.21,361.79,352.04,12463,stock
2020-02-04,NLICL,352.04,351.5,361.79,348.79,21197,stock
2020-02-05,NLICL,347.71,353.13,353.13,347.71,12446,stock
2020-02-06,NLICL,353.67,354.21,361.25,352.04,21250,stock
2020-02-09,NLICL,349.34,346.63,353.67,346.63,7261,stock
2020-02-10,NLICL,352.04,347.71,352.04,346.63,7038,stock
2020-02-11,NLICL,349.88,352.58,355.29,349.88,11632,stock
2020-02-12,NLICL,354.75,352.04,358.54,352.04,13812,stock
2020-02-13,NLICL,358.54,361.25,362.88,354.21,16617,stock
2020-02-16,NLICL,367.21,384.0,384.54,363.96,70989,stock
2020-02-17,NLICL,391.58,377.5,405.12,377.5,36092,stock
2020-02-18,NLICL,384.0,376.42,386.16,371.54,31955,stock
2020-02-19,NLICL,382.37,374.79,382.37,374.25,11793,stock
2020-02-20,NLICL,374.79,391.58,394.83,376.42,41613,stock
2020-02-23,NLICL,399.16,402.41,414.87,392.66,46050,stock
2020-02-24,NLICL,402.41,400.25,410.0,385.62,53075,stock
2020-02-25,NLICL,400.79,426.24,438.7,395.37,53403,stock
2020-02-26,NLICL,433.28,461.45,461.45,433.28,88797,stock
2020-02-27,NLICL,452.24,460.91,479.32,434.91,82316,stock
2020-03-01,NLICL,460.91,435.99,460.91,433.83,55321,stock
2020-03-02,NLICL,435.99,405.12,435.99,405.12,30118,stock
2020-03-03,NLICL,405.12,417.04,439.78,374.79,74302,stock
2020-03-04,NLICL,437.62,388.33,437.62,379.12,44440,stock
2020-03-05,NLICL,380.75,387.25,400.79,373.71,43413,stock
2020-03-10,NLICL,379.67,349.34,379.67,349.34,8886,stock
2020-03-11,NLICL,355.83,377.5,382.37,348.79,38121,stock
2020-03-12,NLICL,379.12,362.88,385.08,357.46,39122,stock
2020-03-15,NLICL,355.83,340.67,365.58,338.5,39938,stock
2020-03-16,NLICL,338.5,338.5,345.54,330.38,50791,stock
2020-03-17,NLICL,335.8,315.76,335.8,308.71,26019,stock
2020-03-18,NLICL,309.8,311.42,329.3,300.05,15525,stock
2020-03-19,NLICL,302.76,317.92,325.5,300.05,31025,stock
2020-03-22,NLICL,322.26,302.76,322.26,302.76,2907,stock
2020-05-12,NLICL,300.05,294.09,300.05,294.09,260,stock
2020-05-13,NLICL,288.68,285.43,288.68,285.43,20,stock
2020-06-29,NLICL,280.55,281.63,281.63,257.26,8531,stock
2020-06-30,NLICL,287.05,309.8,309.8,287.05,2030,stock
2020-07-01,NLICL,315.76,340.67,340.67,315.76,2608,stock
2020-07-02,NLICL,347.17,322.8,360.71,321.71,11065,stock
2020-07-05,NLICL,328.75,340.13,354.21,323.88,12230,stock
2020-07-06,NLICL,338.5,350.96,354.21,332.0,15832,stock
2020-07-07,NLICL,356.38,357.46,366.13,356.38,24200,stock
2020-07-08,NLICL,357.46,365.58,373.17,352.04,7926,stock
2020-07-09,NLICL,358.54,367.75,373.17,357.46,22225,stock
2020-07-12,NLICL,374.79,367.21,379.12,362.88,11491,stock
2020-07-13,NLICL,373.71,359.08,373.71,358.0,12851,stock
2020-07-14,NLICL,362.88,357.46,362.88,352.58,7926,stock
2020-07-15,NLICL,364.5,358.54,367.21,352.04,15337,stock
2020-07-16,NLICL,365.04,365.58,368.29,362.88,7795,stock
2020-07-19,NLICL,372.62,387.25,387.25,372.62,30,stock
2020-07-20,NLICL,406.2,381.83,414.33,375.87,31684,stock
2020-07-21,NLICL,381.83,373.17,387.25,373.17,18673,stock
2020-07-22,NLICL,380.21,366.67,387.25,363.96,11889,stock
2020-07-23,NLICL,366.67,371.0,375.87,366.13,9879,stock
2020-07-26,NLICL,376.42,389.96,396.45,376.42,55950,stock
2020-07-27,NLICL,389.96,387.79,398.08,384.54,32201,stock
2020-07-28,NLICL,385.08,386.16,396.45,384.54,11132,stock
2020-07-29,NLICL,380.75,375.33,381.29,372.08,31746,stock
2020-07-30,NLICL,373.71,378.04,384.54,369.92,19590,stock
2020-08-02,NLICL,371.0,359.08,374.25,359.08,31271,stock
2020-08-03,NLICL,357.46,363.96,368.83,354.75,13053,stock
2020-08-05,NLICL,357.46,358.0,362.33,352.58,17019,stock
2020-08-06,NLICL,350.96,355.83,355.83,343.92,17312,stock
2020-08-09,NLICL,353.67,362.88,364.5,345.54,14389,stock
2020-08-10,NLICL,362.88,375.33,376.96,362.88,25022,stock
2020-08-11,NLICL,378.58,376.42,379.12,371.0,30816,stock
2020-08-12,NLICL,375.87,376.42,384.54,371.0,12152,stock
2020-08-13,NLICL,376.42,373.71,379.12,371.0,21859,stock
2020-08-16,NLICL,374.25,362.33,375.33,361.25,30048,stock
2020-08-17,NLICL,362.33,361.79,369.37,359.08,19400,stock
2020-08-18,NLICL,360.17,364.5,365.04,358.54,24125,stock
2020-08-19,NLICL,357.46,362.33,363.96,357.46,10678,stock
2020-08-20,NLICL,360.17,362.33,363.42,358.54,3560,stock
2020-08-23,NLICL,361.79,371.0,371.0,358.0,24081,stock
2020-08-24,NLICL,376.42,376.96,380.21,373.17,36449,stock
2020-08-25,NLICL,381.29,391.04,392.66,376.42,55813,stock
2020-08-26,NLICL,394.29,389.96,401.87,387.79,46862,stock
2020-08-27,NLICL,389.96,388.87,393.75,382.91,22317,stock
2020-08-30,NLICL,388.87,396.45,396.45,382.37,19937,stock
2020-08-31,NLICL,401.33,415.41,418.66,397.54,134003,stock
2020-09-02,NLICL,422.45,420.83,435.99,420.29,209167,stock
2020-09-03,NLICL,433.28,421.91,433.28,412.7,69025,stock
2020-09-06,NLICL,442.49,417.58,442.49,411.62,56633,stock
2020-09-07,NLICL,417.58,411.08,417.58,406.2,24554,stock
2020-09-08,NLICL,407.29,412.16,417.04,404.58,21502,stock
2020-09-09,NLICL,411.62,422.45,426.24,408.91,39354,stock
2020-09-10,NLICL,427.87,429.49,432.74,420.29,55951,stock
2020-09-13,NLICL,433.28,434.37,444.12,430.58,74851,stock
2020-09-14,NLICL,437.62,424.08,437.62,421.91,50611,stock
2020-09-15,NLICL,430.58,422.45,430.58,417.04,41402,stock
2020-09-16,NLICL,422.45,422.45,426.78,415.41,41890,stock
2020-09-17,NLICL,419.74,427.87,430.58,417.04,78380,stock
2020-09-20,NLICL,448.99,425.7,448.99,424.08,32620,stock
2020-09-21,NLICL,420.29,422.45,428.41,420.29,27517,stock
2020-09-22,NLICL,429.49,419.74,430.58,415.95,23433,stock
2020-09-23,NLICL,406.2,419.74,422.45,406.2,15753,stock
2020-09-24,NLICL,419.74,415.95,419.74,415.95,20697,stock
2020-09-27,NLICL,419.74,412.7,422.99,412.7,32040,stock
2020-09-28,NLICL,412.7,411.62,414.33,411.08,19764,stock
2020-09-29,NLICL,413.79,414.33,416.49,407.83,32283,stock
2020-09-30,NLICL,411.62,410.0,413.79,409.45,9355,stock
2020-10-01,NLICL,417.04,417.58,423.54,410.0,41143,stock
2020-10-04,NLICL,420.29,419.2,420.83,415.41,32688,stock
2020-10-05,NLICL,421.37,418.66,423.54,418.12,32298,stock
2020-10-06,NLICL,418.66,416.49,420.29,416.49,7397,stock
2020-10-07,NLICL,413.24,419.2,419.2,413.24,29303,stock
2020-10-08,NLICL,417.04,417.58,419.2,414.33,22195,stock
2020-10-11,NLICL,417.04,411.62,417.58,411.62,29031,stock
2020-10-12,NLICL,411.62,408.91,412.16,408.37,33113,stock
2020-10-13,NLICL,408.91,408.91,411.08,404.58,23660,stock
2020-10-14,NLICL,414.33,407.29,414.33,406.2,20183,stock
2020-10-15,NLICL,427.33,405.66,427.33,401.87,19443,stock
2020-10-18,NLICL,403.5,404.04,408.91,401.87,7221,stock
2020-10-19,NLICL,404.58,402.41,408.91,402.41,15261,stock
2020-10-20,NLICL,402.41,401.87,410.0,400.79,15056,stock
2020-10-21,NLICL,401.87,406.2,406.2,401.87,12600,stock
2020-10-22,NLICL,406.2,408.91,410.0,401.87,25691,stock
2020-10-28,NLICL,388.87,418.66,425.16,388.87,19797,stock
2020-10-29,NLICL,418.66,420.83,426.78,417.58,19491,stock
2020-11-01,NLICL,419.74,420.83,422.45,419.2,14271,stock
2020-11-02,NLICL,419.74,424.08,428.41,419.74,31088,stock
2020-11-03,NLICL,421.37,422.45,430.58,420.29,16821,stock
2020-11-04,NLICL,422.45,421.91,422.99,414.33,19707,stock
2020-11-05,NLICL,421.91,417.04,421.91,415.95,15345,stock
2020-11-08,NLICL,414.33,418.66,419.2,412.7,22868,stock
2020-11-09,NLICL,419.74,419.74,424.62,417.04,29524,stock
2020-11-10,NLICL,422.99,441.95,447.91,422.99,206903,stock
2020-11-11,NLICL,449.53,440.87,452.24,438.7,79440,stock
2020-11-12,NLICL,441.41,433.28,441.41,431.12,56829,stock
2020-11-18,NLICL,438.7,446.82,450.62,435.99,102208,stock
2020-11-19,NLICL,451.16,491.24,491.24,451.16,207185,stock
2020-11-22,NLICL,500.98,473.36,509.65,468.49,116808,stock
2020-11-23,NLICL,475.53,467.95,477.15,463.61,53338,stock
2020-11-24,NLICL,470.65,486.9,493.4,467.95,215822,stock
2020-11-25,NLICL,492.86,492.86,505.86,490.15,70621,stock
2020-11-26,NLICL,500.98,490.15,501.53,482.03,98124,stock
2020-11-29,NLICL,500.98,528.07,529.69,493.4,220819,stock
2020-11-30,NLICL,524.82,553.52,563.27,524.82,156638,stock
2020-12-01,NLICL,547.56,565.44,569.23,541.06,151161,stock
2020-12-02,NLICL,565.44,595.77,612.01,565.44,182584,stock
2020-12-03,NLICL,625.55,579.52,644.51,574.1,241184,stock
2020-12-06,NLICL,550.81,522.65,567.6,522.11,158104,stock
2020-12-07,NLICL,522.65,546.48,549.73,509.11,131469,stock
2020-12-08,NLICL,556.77,546.48,557.31,529.15,95620,stock
2020-12-09,NLICL,535.65,526.44,536.19,519.94,89224,stock
2020-12-10,NLICL,528.07,536.19,541.61,517.77,103157,stock
2020-12-13,NLICL,530.77,538.9,541.61,527.52,77274,stock
2020-12-14,NLICL,549.19,591.43,592.52,545.4,398753,stock
2020-12-15,NLICL,620.68,589.81,620.68,584.93,184985,stock
2020-12-16,NLICL,589.81,576.81,589.81,575.18,87283,stock
2020-12-17,NLICL,577.35,563.27,584.93,558.39,234589,stock
2020-12-20,NLICL,552.44,531.86,565.98,528.61,162444,stock
2020-12-21,NLICL,505.32,540.52,545.94,505.32,100739,stock
2020-12-22,NLICL,550.81,579.52,590.35,538.9,160995,stock
2020-12-23,NLICL,607.68,621.22,634.76,594.14,401989,stock
2020-12-24,NLICL,652.09,609.85,652.09,603.89,188279,stock
2020-12-27,NLICL,609.85,587.1,619.6,586.02,159165,stock
2020-12-28,NLICL,584.93,587.64,600.1,577.35,66218,stock
2020-12-29,NLICL,599.02,592.52,606.6,587.1,107651,stock
2020-12-30,NLICL,565.98,593.06,604.43,565.98,75139,stock
2020-12-31,NLICL,603.35,595.77,604.43,593.06,98614,stock
2021-01-03,NLICL,606.6,623.39,635.84,601.18,140024,stock
2021-01-04,NLICL,628.8,621.76,633.68,602.26,142296,stock
2021-01-05,NLICL,622.85,614.72,623.93,610.39,57541,stock
2021-01-06,NLICL,622.85,613.64,622.85,609.85,36525,stock
2021-01-07,NLICL,616.89,612.01,622.85,603.35,92802,stock
2021-01-10,NLICL,620.14,603.89,620.14,603.35,50220,stock
2021-01-11,NLICL,611.47,622.85,629.89,606.6,157581,stock
2021-01-12,NLICL,591.97,639.09,647.76,591.97,127158,stock
2021-01-13,NLICL,644.51,633.68,647.22,627.72,121433,stock
2021-01-17,NLICL,646.41,640.45,658.92,640.45,76864,stock
2021-01-18,NLICL,652.36,638.07,652.96,638.07,67009,stock
2021-01-19,NLICL,640.45,637.47,645.81,625.55,69488,stock
2021-01-20,NLICL,640.45,637.47,643.43,633.3,70040,stock
2021-01-21,NLICL,643.43,691.09,691.09,643.43,191092,stock
2021-01-24,NLICL,714.92,735.77,748.28,696.45,200194,stock
2021-01-25,NLICL,744.71,713.13,744.71,713.13,144425,stock
2021-01-26,NLICL,713.13,705.39,719.68,693.47,118974,stock
2021-01-27,NLICL,705.39,726.83,731.6,691.68,206566,stock
2021-01-28,NLICL,732.79,720.88,747.09,710.75,158875,stock
2021-01-31,NLICL,726.24,702.41,729.81,691.09,235543,stock
2021-02-01,NLICL,736.96,738.15,738.15,691.09,249303,stock
2021-02-02,NLICL,750.66,772.71,774.5,738.75,202563,stock
2021-02-03,NLICL,786.41,753.05,795.35,750.66,113729,stock
2021-02-04,NLICL,750.66,756.62,761.98,735.77,112192,stock
2021-02-07,NLICL,767.35,803.69,805.48,747.69,178472,stock
2021-02-08,NLICL,813.22,798.92,840.63,786.41,136628,stock
2021-02-09,NLICL,798.92,776.28,804.28,769.73,75932,stock
2021-02-10,NLICL,786.41,767.35,786.41,762.58,68365,stock
2021-02-11,NLICL,771.52,759.01,779.86,756.62,69898,stock
2021-02-14,NLICL,759.01,747.69,762.58,738.75,65086,stock
2021-02-15,NLICL,759.6,787.6,791.18,756.62,158736,stock
2021-02-16,NLICL,797.13,782.84,807.26,774.5,122735,stock
2021-02-17,NLICL,774.5,773.3,780.45,771.52,53329,stock
2021-02-18,NLICL,738.75,767.94,787.6,738.75,50806,stock
2021-02-21,NLICL,767.94,754.24,767.94,753.64,67437,stock
2021-02-22,NLICL,754.24,741.13,754.24,734.58,93569,stock
2021-02-23,NLICL,729.81,750.66,750.66,717.3,118338,stock
2021-02-24,NLICL,750.66,749.47,771.52,742.32,60181,stock
2021-02-25,NLICL,749.47,732.79,756.62,729.81,38782,stock
2021-02-28,NLICL,732.79,711.34,741.13,710.15,90789,stock
2021-03-01,NLICL,708.37,738.75,738.75,698.83,68891,stock
2021-03-02,NLICL,738.75,711.34,738.75,703.6,80948,stock
2021-03-03,NLICL,725.05,701.22,725.05,686.32,101458,stock
2021-03-04,NLICL,714.32,723.86,726.24,705.39,74512,stock
2021-03-08,NLICL,737.56,706.58,737.56,704.2,33792,stock
2021-03-09,NLICL,698.24,688.71,714.92,684.53,33017,stock
2021-03-10,NLICL,689.9,688.71,694.07,683.34,44299,stock
2021-03-14,NLICL,686.92,669.04,699.43,658.32,69367,stock
2021-03-15,NLICL,669.04,662.49,685.13,658.32,36759,stock
2021-03-16,NLICL,674.41,668.45,674.41,657.73,29311,stock
2021-03-17,NLICL,680.96,672.02,680.96,660.11,23897,stock
2021-03-18,NLICL,672.62,679.17,683.94,670.83,23461,stock
2021-03-21,NLICL,645.21,705.39,710.75,645.21,70589,stock
2021-03-22,NLICL,708.96,694.07,714.92,685.13,32014,stock
2021-03-23,NLICL,682.75,691.09,697.05,673.22,21658,stock
2021-03-24,NLICL,688.71,694.07,701.22,688.71,23647,stock
2021-03-25,NLICL,703.0,685.13,703.0,682.15,84540,stock
2021-03-29,NLICL,651.17,682.15,697.64,651.17,22831,stock
2021-03-30,NLICL,682.15,693.47,694.07,682.15,27767,stock
2021-03-31,NLICL,697.05,703.0,711.94,692.28,43277,stock
2021-04-01,NLICL,703.6,694.07,716.11,694.07,43492,stock
2021-04-04,NLICL,700.02,697.05,707.17,694.07,60425,stock
2021-04-05,NLICL,731.6,697.05,731.6,694.66,52414,stock
2021-04-06,NLICL,672.62,694.07,708.96,672.62,34112,stock
2021-04-07,NLICL,697.05,688.11,701.81,685.13,36337,stock
2021-04-08,NLICL,722.07,687.51,722.07,685.73,38271,stock
2021-04-12,NLICL,690.49,689.3,701.22,689.3,47762,stock
2021-04-13,NLICL,700.62,687.51,700.62,685.13,38454,stock
2021-04-15,NLICL,708.96,690.49,708.96,688.11,48582,stock
2021-04-18,NLICL,692.88,676.79,695.26,676.79,50089,stock
2021-04-19,NLICL,676.79,668.45,683.94,666.07,36880,stock
2021-04-20,NLICL,664.28,669.04,678.58,662.49,27441,stock
2021-04-21,NLICL,668.45,660.7,678.58,655.34,35506,stock
2021-04-22,NLICL,655.34,664.28,670.83,647.6,27424,stock
2021-04-25,NLICL,658.32,643.43,667.26,642.24,45758,stock
2021-04-26,NLICL,643.43,626.15,649.38,624.36,47899,stock
2021-04-27,NLICL,625.55,656.53,656.53,625.55,32164,stock
2021-04-28,NLICL,656.53,643.43,660.11,642.24,28830,stock
2021-04-29,NLICL,611.26,660.7,661.9,611.26,43679,stock
2021-05-02,NLICL,666.07,690.49,692.28,661.3,45074,stock
2021-05-03,NLICL,694.07,683.34,714.32,679.17,51413,stock
2021-05-04,NLICL,687.51,681.56,688.11,676.19,18972,stock
2021-05-05,NLICL,677.98,681.56,691.09,677.39,18788,stock
2021-05-06,NLICL,679.17,669.64,687.51,666.66,118117,stock
2021-05-09,NLICL,663.09,663.09,669.64,660.7,28799,stock
2021-05-10,NLICL,663.09,668.45,670.24,663.09,18182,stock
2021-05-11,NLICL,667.85,679.17,685.13,667.85,25585,stock
2021-05-12,NLICL,685.13,676.79,685.13,673.22,27347,stock
2021-05-13,NLICL,676.79,677.39,682.15,675.6,35766,stock
2021-05-16,NLICL,685.13,705.98,710.75,685.13,91682,stock
2021-05-17,NLICL,705.98,703.0,716.71,698.24,85505,stock
2021-05-18,NLICL,703.0,750.66,762.58,703.0,254543,stock
2021-05-19,NLICL,774.5,762.58,785.22,751.26,351173,stock
2021-05-20,NLICL,772.71,767.94,782.84,765.56,188565,stock
2021-05-23,NLICL,767.94,771.52,779.26,745.3,288287,stock
2021-05-24,NLICL,779.26,761.39,786.41,757.81,136209,stock
2021-05-25,NLICL,762.58,770.32,795.35,756.62,214297,stock
2021-05-27,NLICL,756.62,759.6,769.13,741.73,138818,stock
2021-05-30,NLICL,722.07,769.73,784.62,722.07,167461,stock
2021-05-31,NLICL,731.6,751.26,783.43,731.6,146708,stock
2021-06-01,NLICL,788.79,744.11,788.79,733.98,88652,stock
2021-06-02,NLICL,744.11,767.94,770.32,744.71,92510,stock
2021-06-03,NLICL,776.88,757.81,780.45,753.64,127938,stock
2021-06-06,NLICL,726.83,751.86,770.32,726.83,73899,stock
2021-06-07,NLICL,751.86,750.66,768.54,748.28,82920,stock
2021-06-08,NLICL,753.64,772.71,774.5,749.47,135494,stock
2021-06-09,NLICL,773.9,765.56,801.9,762.58,160719,stock
2021-06-10,NLICL,777.47,769.73,777.47,750.66,162103,stock
2021-06-13,NLICL,774.5,758.41,780.45,756.62,96666,stock
2021-06-14,NLICL,762.58,771.52,773.3,760.2,93963,stock
2021-06-15,NLICL,798.33,764.37,798.33,763.77,93535,stock
2021-06-16,NLICL,798.33,750.66,798.33,748.28,68980,stock
2021-06-17,NLICL,759.6,755.43,768.54,751.26,75996,stock
2021-06-20,NLICL,756.62,735.77,763.77,732.79,80333,stock
2021-06-21,NLICL,736.96,713.73,742.32,711.34,70210,stock
2021-06-22,NLICL,726.83,732.79,735.17,708.96,48925,stock
2021-06-23,NLICL,738.75,707.17,738.75,700.02,61002,stock
2021-06-24,NLICL,707.17,699.43,716.71,697.05,45883,stock
2021-06-27,NLICL,688.71,697.64,710.75,688.11,27544,stock
2021-06-28,NLICL,708.96,698.83,710.15,698.83,35784,stock
2021-06-29,NLICL,700.62,686.92,701.22,685.13,25778,stock
2021-06-30,NLICL,685.13,686.92,691.09,673.22,37413,stock
2021-07-01,NLICL,674.41,691.68,701.22,674.41,14049,stock
2021-07-04,NLICL,708.96,692.28,708.96,687.51,10923,stock
2021-07-05,NLICL,691.09,685.13,691.09,683.34,20119,stock
2021-07-06,NLICL,685.13,686.92,691.09,683.34,18975,stock
2021-07-07,NLICL,698.24,683.94,698.24,682.15,13147,stock
2021-07-08,NLICL,682.15,685.13,694.07,680.36,28961,stock
2021-07-11,NLICL,719.09,699.43,719.09,691.09,22110,stock
2021-07-12,NLICL,713.13,686.92,713.13,685.73,24398,stock
2021-07-13,NLICL,720.88,689.3,720.88,685.73,17007,stock
2021-07-14,NLICL,703.0,686.32,716.71,685.13,28977,stock
2021-07-15,NLICL,693.47,685.73,696.45,685.13,18478,stock
2021-07-18,NLICL,692.28,729.81,729.81,691.09,33457,stock
2021-07-19,NLICL,737.56,730.41,750.07,728.62,46769,stock
2021-07-20,NLICL,732.79,723.86,741.13,720.28,16738,stock
2021-07-22,NLICL,738.33,735.83,752.45,732.79,54463,stock
2021-07-25,NLICL,738.75,736.96,742.92,732.79,31097,stock
2021-07-26,NLICL,736.96,735.77,748.88,735.77,45208,stock
2021-07-27,NLICL,735.77,759.6,762.58,725.05,63460,stock
2021-07-28,NLICL,770.92,766.15,773.84,759.6,73605,stock
2021-07-29,NLICL,768.54,761.39,779.26,759.6,63679,stock
2021-08-01,NLICL,770.86,754.24,770.86,750.66,40626,stock
2021-08-02,NLICL,748.28,750.07,762.58,748.28,38460,stock
2021-08-03,NLICL,750.66,753.64,761.98,746.02,42697,stock
2021-08-04,NLICL,753.64,748.28,757.81,746.49,46618,stock
2021-08-05,NLICL,744.71,746.49,756.62,744.71,33804,stock
2021-08-08,NLICL,746.49,740.54,750.66,739.4,40980,stock
2021-08-09,NLICL,754.84,746.49,754.84,735.77,34088,stock
2021-08-10,NLICL,750.66,749.47,753.05,739.4,48376,stock
2021-08-11,NLICL,756.03,747.86,757.81,747.75,43178,stock
2021-08-12,NLICL,747.86,745.9,753.64,738.75,40420,stock
2021-08-15,NLICL,731.0,735.77,745.3,726.83,39877,stock
2021-08-16,NLICL,741.13,724.57,741.13,723.91,32801,stock
2021-08-17,NLICL,726.83,708.96,729.81,705.98,64562,stock
2021-08-18,NLICL,722.07,728.62,732.79,708.96,71382,stock
2021-08-19,NLICL,742.92,748.28,764.37,735.47,110709,stock
2021-08-24,NLICL,756.62,744.11,762.58,741.55,61953,stock
2021-08-25,NLICL,733.39,720.88,738.75,716.83,50633,stock
2021-08-26,NLICL,721.47,716.11,736.37,712.54,62997,stock
2021-08-29,NLICL,717.3,703.6,717.9,700.62,32036,stock
2021-08-31,NLICL,692.4,685.13,703.0,682.21,57803,stock
2021-09-01,NLICL,694.07,677.98,704.2,677.39,22908,stock
2021-09-02,NLICL,691.09,658.92,691.09,657.13,45580,stock
2021-09-05,NLICL,658.32,637.47,660.7,610.66,48809,stock
2021-09-06,NLICL,637.47,674.41,674.41,637.47,27971,stock
2021-09-07,NLICL,679.17,651.83,679.17,643.43,34031,stock
2021-09-08,NLICL,640.45,625.49,646.41,624.78,40424,stock
2021-09-09,NLICL,634.49,629.72,647.0,625.55,48648,stock
2021-09-12,NLICL,631.51,659.51,659.51,626.15,48400,stock
2021-09-13,NLICL,666.66,652.36,668.45,649.38,35047,stock
2021-09-14,NLICL,664.87,641.64,664.87,640.45,16999,stock
2021-09-15,NLICL,638.07,633.18,639.26,630.32,18407,stock
2021-09-16,NLICL,633.18,614.83,633.18,610.72,32689,stock
2021-09-20,NLICL,616.62,595.17,624.96,591.0,48388,stock
2021-09-21,NLICL,592.79,600.53,616.02,586.83,43163,stock
2021-09-22,NLICL,608.28,625.55,630.32,607.09,28979,stock
2021-09-23,NLICL,625.55,613.64,642.83,607.68,27452,stock
2021-09-26,NLICL,617.81,597.55,617.81,595.77,23646,stock
2021-09-27,NLICL,588.62,571.94,595.17,567.17,50376,stock
2021-09-28,NLICL,566.57,561.21,589.21,558.23,38917,stock
2021-09-29,NLICL,571.94,580.28,582.6,551.14,28229,stock
2021-09-30,NLICL,583.85,568.12,583.85,568.12,10901,stock
2021-10-03,NLICL,577.3,560.02,577.3,558.23,18401,stock
2021-10-04,NLICL,565.98,556.5,565.98,552.27,16165,stock
2021-10-05,NLICL,560.02,568.9,569.55,554.66,13474,stock
2021-10-06,NLICL,577.89,582.66,586.23,571.94,21621,stock
2021-10-10,NLICL,593.98,577.48,594.28,572.77,16495,stock
2021-10-11,NLICL,580.28,566.57,580.28,554.06,29938,stock
2021-10-17,NLICL,566.57,573.19,578.49,569.02,7569,stock
2021-10-18,NLICL,566.57,555.25,572.53,554.06,12835,stock
2021-10-19,NLICL,552.87,535.0,552.87,527.91,25005,stock
2021-10-20,NLICL,545.13,552.87,560.02,545.13,9551,stock
2021-10-21,NLICL,554.06,546.32,565.14,542.15,9326,stock
2021-10-24,NLICL,545.13,549.95,554.06,541.55,7381,stock
2021-10-25,NLICL,560.62,571.94,574.79,554.06,15801,stock
2021-10-26,NLICL,577.89,590.52,600.95,574.91,24320,stock
2021-10-27,NLICL,590.52,610.66,617.81,579.08,29546,stock
2021-10-28,NLICL,615.13,604.7,616.02,593.38,15825,stock
2021-10-31,NLICL,604.7,618.4,623.77,596.96,18883,stock
2021-11-01,NLICL,619.6,609.47,620.19,599.94,18296,stock
2021-11-02,NLICL,597.55,622.58,635.32,596.36,26325,stock
2021-11-03,NLICL,630.92,627.94,637.47,622.58,20418,stock
2021-11-08,NLICL,633.3,623.77,635.09,619.6,14735,stock
2021-11-09,NLICL,613.64,595.77,616.02,589.81,25710,stock
2021-11-11,NLICL,589.81,579.08,598.15,574.91,11240,stock
2021-11-14,NLICL,583.85,576.88,588.62,574.91,7950,stock
2021-11-15,NLICL,588.02,598.63,599.76,580.87,27788,stock
2021-11-16,NLICL,604.7,619.6,624.36,595.77,31269,stock
2021-11-17,NLICL,628.53,605.3,634.49,605.3,24255,stock
2021-11-18,NLICL,617.39,595.77,617.39,595.71,22377,stock
2021-11-21,NLICL,598.74,595.47,606.49,588.02,10198,stock
2021-11-22,NLICL,595.77,592.85,601.13,592.85,10819,stock
2021-11-23,NLICL,582.12,588.62,595.77,582.06,13071,stock
2021-11-24,NLICL,576.94,588.02,592.79,565.98,12870,stock
2021-11-25,NLICL,592.79,575.51,592.79,555.55,24823,stock
2021-11-28,NLICL,569.02,549.89,573.19,542.15,64801,stock
2021-11-29,NLICL,560.02,539.17,564.79,537.38,34701,stock
2021-11-30,NLICL,549.95,539.17,560.02,532.08,28395,stock
2021-12-01,NLICL,549.89,539.17,549.89,539.17,9115,stock
2021-12-02,NLICL,549.24,530.23,549.24,528.44,23413,stock
2021-12-05,NLICL,525.47,522.55,536.19,520.88,16815,stock
2021-12-06,NLICL,532.61,530.23,541.55,515.34,20439,stock
2021-12-07,NLICL,536.19,518.32,546.91,517.72,12322,stock
2021-12-08,NLICL,523.08,506.4,524.27,505.21,14362,stock
2021-12-09,NLICL,498.66,501.63,505.81,497.46,12513,stock
2021-12-12,NLICL,502.89,476.61,502.89,476.61,24467,stock
2021-12-13,NLICL,467.68,472.38,479.0,464.7,17302,stock
2021-12-14,NLICL,476.55,494.6,502.23,469.46,11210,stock
2021-12-15,NLICL,504.02,488.53,513.55,484.66,16374,stock
2021-12-16,NLICL,478.76,477.8,485.55,470.06,19473,stock
2021-12-20,NLICL,476.61,473.04,481.97,468.27,8939,stock
2021-12-21,NLICL,481.97,484.36,491.51,473.04,5019,stock
2021-12-22,NLICL,488.53,505.81,511.7,485.55,22827,stock
2021-12-23,NLICL,505.81,515.34,521.29,500.44,29155,stock
2021-12-26,NLICL,525.47,566.87,566.87,525.47,59640,stock
2021-12-27,NLICL,578.19,554.66,595.77,554.66,97317,stock
2021-12-28,NLICL,543.58,552.87,558.23,543.58,18509,stock
2021-12-29,NLICL,560.02,562.7,564.19,543.34,16136,stock
2022-01-02,NLICL,554.12,580.87,582.06,553.47,37160,stock
2022-01-03,NLICL,589.81,586.83,598.74,579.08,55842,stock
2022-01-04,NLICL,587.42,592.79,595.77,582.06,53778,stock
2022-01-05,NLICL,593.98,582.06,601.13,579.08,34101,stock
2022-01-06,NLICL,582.06,583.85,586.83,573.72,15442,stock
2022-01-09,NLICL,595.53,602.91,602.91,585.04,53220,stock
2022-01-10,NLICL,613.64,643.43,647.6,594.57,155500,stock
2022-01-11,NLICL,637.47,669.64,675.0,635.09,99844,stock
2022-01-12,NLICL,681.56,646.41,681.56,643.43,73818,stock
2022-01-13,NLICL,638.07,659.51,668.45,637.47,82225,stock
2022-01-16,NLICL,659.51,671.37,683.34,664.28,91143,stock
2022-01-17,NLICL,679.17,677.39,691.68,667.26,98271,stock
2022-01-18,NLICL,688.11,678.04,694.07,675.0,61478,stock
2022-01-19,NLICL,679.17,671.43,685.13,667.85,46007,stock
2022-01-20,NLICL,663.74,692.28,694.07,663.68,84489,stock
2022-01-23,NLICL,694.07,694.01,702.41,682.75,75341,stock
2022-01-24,NLICL,683.76,667.26,685.13,660.11,94027,stock
2022-01-25,NLICL,676.19,667.26,676.79,655.34,80825,stock
2022-01-26,NLICL,680.6,667.26,680.6,647.0,72278,stock
2022-01-27,NLICL,680.6,673.81,694.07,672.92,175444,stock
2022-01-30,NLICL,687.28,687.51,699.43,679.23,101886,stock
2022-01-31,NLICL,688.11,673.27,688.11,673.22,42392,stock
2022-02-01,NLICL,672.62,673.22,676.19,669.7,52412,stock
2022-02-03,NLICL,683.94,664.28,683.94,664.28,42862,stock
2022-02-06,NLICL,664.28,663.68,675.6,662.49,38584,stock
2022-02-07,NLICL,672.62,672.62,672.62,663.09,26730,stock
2022-02-08,NLICL,685.13,666.07,686.02,660.7,39331,stock
2022-02-09,NLICL,656.0,660.17,668.45,655.4,18120,stock
2022-02-10,NLICL,656.71,662.49,670.24,655.34,31282,stock
2022-02-13,NLICL,649.27,636.28,649.27,623.77,45828,stock
2022-02-14,NLICL,647.6,636.87,648.61,634.49,28323,stock
2022-02-15,NLICL,644.02,648.19,649.38,634.49,23050,stock
2022-02-16,NLICL,648.19,645.81,658.32,640.45,16529,stock
2022-02-17,NLICL,651.71,639.85,651.71,635.21,24036,stock
2022-02-20,NLICL,628.53,633.42,648.19,627.34,26650,stock
2022-02-21,NLICL,640.45,640.45,644.02,631.51,20706,stock
2022-02-22,NLICL,640.45,643.43,651.17,639.26,14327,stock
2022-02-23,NLICL,646.41,637.47,646.41,637.47,10121,stock
2022-02-24,NLICL,628.53,619.6,636.28,616.62,39162,stock
2022-02-27,NLICL,625.55,628.53,636.22,616.62,14137,stock
2022-02-28,NLICL,639.85,620.79,639.85,615.43,19022,stock
2022-03-02,NLICL,620.79,607.68,623.17,601.9,45727,stock
2022-03-06,NLICL,607.68,590.56,609.71,585.96,20128,stock
2022-03-07,NLICL,591.98,580.64,592.69,574.97,10252,stock
2022-03-09,NLICL,592.2,556.46,592.2,553.06,22410,stock
2022-03-10,NLICL,552.99,560.86,562.21,545.97,15574,stock
2022-03-13,NLICL,572.06,591.98,592.69,566.25,44723,stock
2022-03-14,NLICL,603.82,597.02,603.82,574.97,19401,stock
2022-03-15,NLICL,597.65,613.32,616.09,587.37,41757,stock
2022-03-16,NLICL,608.29,615.38,621.76,608.29,36952,stock
2022-03-20,NLICL,620.13,608.29,620.13,607.58,22704,stock
2022-03-21,NLICL,604.03,611.98,615.38,603.33,9703,stock
2022-03-22,NLICL,620.34,624.74,628.14,613.25,33767,stock
2022-03-23,NLICL,624.74,616.8,624.74,612.26,16870,stock
2022-03-24,NLICL,616.8,638.14,650.12,616.8,54590,stock
2022-03-27,NLICL,650.9,611.2,666.42,610.42,81475,stock
2022-03-28,NLICL,608.29,599.07,611.48,594.11,18187,stock
2022-03-29,NLICL,607.58,594.82,607.58,584.89,11472,stock
2022-03-30,NLICL,585.81,599.78,602.62,585.6,11132,stock
2022-03-31,NLICL,609.07,588.44,609.07,587.73,5718,stock
2022-04-03,NLICL,582.77,582.77,595.53,581.35,12056,stock
2022-04-04,NLICL,574.26,577.8,587.02,573.62,14524,stock
2022-04-05,NLICL,572.2,561.57,572.2,555.83,32762,stock
2022-04-06,NLICL,553.98,561.43,565.04,550.86,12992,stock
2022-04-07,NLICL,560.08,563.62,577.8,560.08,20749,stock
2022-04-11,NLICL,574.26,551.57,574.97,545.9,16507,stock
2022-04-12,NLICL,562.21,538.81,562.21,538.81,9554,stock
2022-04-13,NLICL,529.66,545.19,550.15,529.66,6367,stock
2022-04-17,NLICL,555.83,535.27,555.83,533.35,9943,stock
2022-04-18,NLICL,528.18,526.05,537.82,526.05,5285,stock
2022-04-19,NLICL,526.76,531.72,537.96,518.25,9650,stock
2022-04-20,NLICL,540.87,521.23,540.94,521.23,6071,stock
2022-04-21,NLICL,521.44,521.8,524.63,513.29,11981,stock
2022-04-24,NLICL,525.34,549.37,549.44,525.34,12565,stock
2022-04-25,NLICL,549.44,542.36,557.95,529.59,10937,stock
2022-04-26,NLICL,533.14,538.1,544.48,528.18,5395,stock
2022-04-27,NLICL,529.59,533.14,535.27,524.63,5347,stock
2022-04-28,NLICL,543.77,524.63,543.77,524.63,4580,stock
2022-05-02,NLICL,518.96,514.0,518.96,509.03,9821,stock
2022-05-04,NLICL,506.91,509.03,523.92,506.91,8282,stock
2022-05-05,NLICL,501.24,506.62,507.55,499.82,8824,stock
2022-05-08,NLICL,501.94,517.83,517.83,496.56,6024,stock
2022-05-09,NLICL,510.45,517.54,527.11,509.03,4871,stock
2022-05-10,NLICL,527.47,519.67,527.47,510.45,5572,stock
2022-05-11,NLICL,521.09,519.6,527.82,509.03,13982,stock
2022-05-12,NLICL,529.59,514.0,531.51,513.29,12953,stock
2022-05-17,NLICL,504.92,496.2,504.92,492.73,13749,stock
2022-05-18,NLICL,487.06,484.93,489.18,475.0,26160,stock
2022-05-19,NLICL,484.93,475.07,490.6,475.0,6429,stock
2022-05-20,NLICL,475.0,474.29,481.38,468.34,7186,stock
2022-05-23,NLICL,467.84,458.7,482.09,455.15,18012,stock
2022-05-24,NLICL,451.68,457.99,466.43,450.9,6666,stock
2022-05-25,NLICL,466.5,459.41,475.0,457.99,13667,stock
2022-05-26,NLICL,460.82,467.91,470.04,460.82,5921,stock
2022-05-27,NLICL,471.46,467.84,475.0,457.28,21729,stock
2022-05-30,NLICL,475.0,445.94,475.0,445.94,25796,stock
2022-05-31,NLICL,440.97,442.32,448.7,436.01,9830,stock
2022-06-01,NLICL,442.32,443.1,448.77,437.43,6763,stock
2022-06-02,NLICL,443.1,434.59,445.87,434.59,5233,stock
2022-06-03,NLICL,435.3,423.25,435.3,418.29,11198,stock
2022-06-06,NLICL,418.29,416.87,431.05,411.91,10436,stock
2022-06-07,NLICL,423.25,407.58,425.16,407.01,8265,stock
2022-06-08,NLICL,415.45,425.38,428.21,408.36,9701,stock
2022-06-09,NLICL,425.38,419.0,433.88,418.57,11642,stock
2022-06-10,NLICL,411.2,416.16,418.29,407.79,4922,stock
2022-06-13,NLICL,418.29,404.11,418.29,402.69,19649,stock
2022-06-14,NLICL,397.73,397.73,401.27,389.93,21028,stock
2022-06-15,NLICL,405.53,390.64,405.53,380.71,33020,stock
2022-06-16,NLICL,397.02,393.47,399.85,391.91,11614,stock
2022-06-17,NLICL,399.15,396.31,399.15,391.35,6318,stock
2022-06-19,NLICL,395.6,385.67,396.95,385.67,4728,stock
2022-06-20,NLICL,378.59,370.93,379.29,370.93,19909,stock
2022-06-21,NLICL,375.75,382.13,389.93,368.66,28914,stock
2022-06-22,NLICL,374.54,377.1,377.17,368.66,17242,stock
2022-06-23,NLICL,369.65,363.77,369.65,360.15,30499,stock
2022-06-24,NLICL,362.28,361.57,375.75,353.84,19556,stock
2022-06-26,NLICL,362.28,383.55,386.38,362.28,17888,stock
2022-06-27,NLICL,380.71,380.71,397.02,375.75,27040,stock
2022-06-28,NLICL,382.84,387.16,404.04,368.66,44365,stock
2022-06-29,NLICL,386.38,414.74,414.74,386.38,33745,stock
2022-06-30,NLICL,407.65,434.59,436.01,407.65,37882,stock
2022-07-01,NLICL,434.59,424.67,434.59,416.87,25810,stock
2022-07-03,NLICL,424.67,425.38,431.76,416.87,17775,stock
2022-07-04,NLICL,433.88,425.38,453.66,416.94,49687,stock
2022-07-05,NLICL,433.88,416.87,433.88,413.32,27120,stock
2022-07-06,NLICL,425.16,432.47,433.6,406.94,27145,stock
2022-07-07,NLICL,441.12,419.7,444.52,419.7,24778,stock
2022-07-08,NLICL,428.07,408.57,428.07,403.68,13125,stock
2022-07-11,NLICL,401.27,388.51,401.27,379.29,28259,stock
2022-07-12,NLICL,384.97,388.51,397.73,382.13,23223,stock
2022-07-13,NLICL,394.89,397.02,400.56,387.8,47346,stock
2022-07-14,NLICL,399.85,404.11,405.53,391.35,20826,stock
2022-07-15,NLICL,410.49,409.07,410.49,397.02,16544,stock
2022-07-17,NLICL,400.92,405.03,410.49,393.62,13762,stock
2022-07-18,NLICL,404.11,413.32,413.32,399.15,8868,stock
2022-07-19,NLICL,420.34,418.29,423.25,412.62,19044,stock
2022-07-20,NLICL,415.45,418.29,420.63,411.2,9888,stock
2022-07-21,NLICL,411.34,407.79,421.12,407.79,11479,stock
2022-07-22,NLICL,407.79,404.11,410.49,397.02,20108,stock
2022-07-24,NLICL,403.4,422.54,422.54,402.34,17526,stock
2022-07-25,NLICL,428.85,435.87,436.72,421.83,24662,stock
2022-07-26,NLICL,428.28,419.92,437.43,419.92,27986,stock
2022-07-27,NLICL,425.31,421.83,428.92,412.12,17582,stock
2022-07-28,NLICL,430.2,425.38,438.85,417.58,21330,stock
2022-07-29,NLICL,425.38,425.38,428.71,418.29,10940,stock
2022-07-31,NLICL,427.5,467.06,467.91,422.54,102445,stock
2022-08-01,NLICL,476.28,460.68,478.48,454.44,60460,stock
2022-08-02,NLICL,457.28,461.53,464.37,450.19,21893,stock
2022-08-03,NLICL,454.44,453.74,463.66,453.74,38725,stock
2022-08-04,NLICL,445.37,439.56,454.59,439.56,27872,stock
2022-08-05,NLICL,439.56,433.88,448.35,431.76,17635,stock
2022-08-07,NLICL,441.75,435.3,441.75,431.05,21886,stock
2022-08-08,NLICL,442.39,435.23,443.81,427.57,17184,stock
2022-08-09,NLICL,427.5,416.94,439.56,416.94,28145,stock
2022-08-10,NLICL,410.91,418.29,423.96,410.91,11574,stock
2022-08-11,NLICL,421.76,411.2,424.67,409.99,10620,stock
2022-08-14,NLICL,404.82,400.56,418.22,399.85,15788,stock
2022-08-15,NLICL,397.02,421.12,421.83,397.02,23762,stock
2022-08-16,NLICL,421.12,409.71,428.21,402.97,20427,stock
2022-08-17,NLICL,410.49,405.53,413.25,404.11,8461,stock
2022-08-18,NLICL,405.53,414.03,418.29,404.11,6871,stock
2022-08-21,NLICL,421.76,414.74,421.83,411.2,20938,stock
2022-08-22,NLICL,419.7,414.39,420.41,412.62,10400,stock
2022-08-23,NLICL,416.16,409.78,418.29,409.07,8010,stock
2022-08-24,NLICL,417.93,412.62,417.93,409.07,10129,stock
2022-08-25,NLICL,417.51,404.82,417.51,401.98,12524,stock
2022-08-26,NLICL,401.34,399.5,407.65,399.5,4694,stock
2022-08-28,NLICL,397.02,390.64,406.87,389.08,25298,stock
2022-08-29,NLICL,385.75,394.11,402.69,385.75,9420,stock
2022-08-30,NLICL,397.16,393.47,405.03,392.76,6076,stock
2022-08-31,NLICL,393.47,386.53,398.44,386.53,10782,stock
2022-09-01,NLICL,386.53,389.93,400.49,380.71,19858,stock
2022-09-02,NLICL,397.02,386.38,397.02,385.75,6504,stock
2022-09-04,NLICL,393.47,395.6,397.73,388.51,5469,stock
2022-09-05,NLICL,396.31,395.6,398.44,390.64,9251,stock
2022-09-06,NLICL,401.98,387.09,401.98,386.74,4753,stock
2022-09-07,NLICL,389.93,386.38,393.47,384.33,5703,stock
2022-09-08,NLICL,392.06,386.38,393.47,384.26,3786,stock
2022-09-11,NLICL,387.09,389.22,393.76,385.6,5425,stock
2022-09-12,NLICL,394.18,382.84,394.18,376.6,13394,stock
2022-09-13,NLICL,390.5,395.6,398.44,387.09,30314,stock
2022-09-14,NLICL,398.44,410.49,410.49,397.73,17347,stock
2022-09-15,NLICL,410.49,393.47,410.49,389.93,30513,stock
2022-09-16,NLICL,389.93,387.8,394.89,382.91,13096,stock
2022-09-18,NLICL,395.39,380.0,395.39,378.59,13209,stock
2022-09-20,NLICL,380.0,375.75,380.0,372.2,23449,stock
2022-09-21,NLICL,382.84,382.13,386.81,375.75,7961,stock
2022-09-22,NLICL,384.26,380.71,386.31,378.59,8017,stock
2022-09-25,NLICL,382.84,379.29,382.84,375.75,3862,stock
2022-09-27,NLICL,380.07,382.84,386.38,379.29,9490,stock
2022-09-28,NLICL,387.8,386.38,387.8,382.84,8096,stock
2022-09-29,NLICL,389.93,387.8,390.64,382.84,10148,stock
2022-10-09,NLICL,395.53,394.89,397.02,387.8,8012,stock
2022-10-10,NLICL,393.47,386.38,395.6,382.84,10067,stock
2022-10-11,NLICL,381.56,380.71,381.56,378.59,17050,stock
2022-10-12,NLICL,387.8,384.97,393.4,383.55,6341,stock
2022-10-13,NLICL,391.98,388.44,391.98,382.84,13256,stock
2022-10-16,NLICL,383.55,382.84,386.38,382.13,6850,stock
2022-10-17,NLICL,382.84,384.26,389.79,379.29,6719,stock
2022-10-19,NLICL,386.38,380.0,386.38,378.66,5465,stock
2022-10-20,NLICL,384.89,380.5,384.89,377.88,7955,stock
2022-10-23,NLICL,382.84,381.49,385.67,380.71,3102,stock
2022-10-31,NLICL,388.51,385.04,388.51,382.84,3226,stock
2022-11-01,NLICL,391.35,400.56,400.56,387.09,10683,stock
2022-11-02,NLICL,401.98,402.69,408.29,393.69,15077,stock
2022-11-03,NLICL,407.65,411.91,413.32,401.98,21511,stock
2022-11-06,NLICL,412.62,424.67,425.38,405.6,16914,stock
2022-11-07,NLICL,419.0,423.96,428.92,416.87,19761,stock
2022-11-08,NLICL,418.29,425.31,431.05,415.66,12912,stock
2022-11-09,NLICL,425.31,407.72,425.31,407.72,23457,stock
2022-11-10,NLICL,414.74,403.4,415.45,397.87,19165,stock
2022-11-13,NLICL,396.66,406.16,411.2,396.66,8082,stock
2022-11-14,NLICL,398.58,410.49,414.03,398.58,20561,stock
2022-11-15,NLICL,418.22,411.2,418.22,407.65,10168,stock
2022-11-16,NLICL,418.29,417.58,418.29,411.27,11375,stock
2022-11-17,NLICL,423.96,424.67,430.34,418.29,37640,stock
2022-11-22,NLICL,431.76,425.38,434.24,425.38,17836,stock
2022-11-23,NLICL,433.1,425.23,433.1,423.96,57280,stock
2022-11-24,NLICL,426.4,419.07,431.3,416.62,11740,stock
2022-11-27,NLICL,427.14,427.14,427.22,414.18,20886,stock
2022-11-28,NLICL,433.66,422.25,433.66,419.07,9718,stock
2022-11-29,NLICL,416.62,420.7,426.89,407.65,29141,stock
2022-11-30,NLICL,419.88,415.81,420.7,412.3,14093,stock
2022-12-01,NLICL,412.54,418.99,427.3,409.94,31025,stock
2022-12-04,NLICL,422.33,423.96,428.04,419.88,26308,stock
2022-12-05,NLICL,419.88,417.03,421.51,414.58,9860,stock
2022-12-06,NLICL,411.73,416.62,417.44,409.28,5519,stock
2022-12-07,NLICL,420.7,411.73,420.7,410.91,5883,stock
2022-12-11,NLICL,414.91,407.65,414.91,407.65,11653,stock
2022-12-12,NLICL,406.84,411.73,414.99,404.15,13887,stock
2022-12-13,NLICL,411.73,407.65,411.73,404.64,7551,stock
2022-12-14,NLICL,408.47,409.28,411.73,407.65,16341,stock
2022-12-15,NLICL,403.66,404.64,409.85,403.58,10536,stock
2022-12-18,NLICL,405.21,404.07,407.65,401.13,6394,stock
2022-12-19,NLICL,404.07,405.94,406.84,403.58,3098,stock
2022-12-20,NLICL,407.65,410.02,410.1,406.84,14867,stock
2022-12-21,NLICL,402.03,409.28,409.28,402.03,7250,stock
2022-12-22,NLICL,408.47,405.21,409.28,403.66,3099,stock
2022-12-26,NLICL,407.65,420.7,421.51,407.65,13826,stock
2022-12-27,NLICL,428.04,440.26,448.42,421.59,55570,stock
2022-12-28,NLICL,440.35,440.18,443.53,432.11,13704,stock
2022-12-29,NLICL,436.19,464.64,464.72,432.27,35162,stock
2023-01-01,NLICL,464.72,476.95,487.55,464.72,77276,stock
2023-01-02,NLICL,467.5,481.03,485.11,461.46,24794,stock
2023-01-03,NLICL,476.95,469.7,488.2,468.8,26163,stock
2023-01-04,NLICL,466.44,492.44,493.26,466.44,28929,stock
2023-01-05,NLICL,493.26,506.3,509.57,488.37,66549,stock
2023-01-08,NLICL,515.93,538.1,550.33,501.49,91568,stock
2023-01-09,NLICL,538.18,556.04,562.56,538.1,69705,stock
2023-01-10,NLICL,565.82,547.89,574.79,531.58,81374,stock
2023-01-12,NLICL,558.48,526.69,569.65,525.87,68676,stock
2023-01-17,NLICL,535.66,539.73,539.73,517.72,49385,stock
2023-01-18,NLICL,538.1,529.95,548.7,525.06,17045,stock
2023-01-19,NLICL,534.02,524.24,538.92,519.35,17760,stock
2023-01-23,NLICL,534.02,512.83,534.02,512.83,13983,stock
2023-01-24,NLICL,513.64,507.12,513.64,499.21,20632,stock
2023-01-25,NLICL,516.33,521.06,533.13,497.34,36912,stock
2023-01-26,NLICL,530.76,532.39,539.65,522.61,41354,stock
2023-01-29,NLICL,523.51,525.06,537.2,521.8,29381,stock
2023-01-30,NLICL,518.53,503.86,521.8,503.04,28290,stock
2023-01-31,NLICL,505.49,501.41,515.27,498.97,28364,stock
2023-02-01,NLICL,499.13,506.3,512.01,498.97,18562,stock
2023-02-02,NLICL,512.01,497.34,516.09,493.26,16282,stock
2023-02-05,NLICL,488.37,495.71,507.12,488.37,11448,stock
2023-02-06,NLICL,504.67,499.78,504.67,490.81,4633,stock
2023-02-07,NLICL,497.34,522.61,522.61,493.26,44176,stock
2023-02-08,NLICL,517.72,516.9,533.21,516.09,34629,stock
2023-02-09,NLICL,521.8,521.8,527.5,512.83,15018,stock
2023-02-12,NLICL,511.6,509.57,517.72,502.31,22901,stock
2023-02-14,NLICL,509.57,504.59,509.57,500.92,21449,stock
2023-02-15,NLICL,502.23,495.71,507.94,494.56,31447,stock
2023-02-16,NLICL,495.71,482.74,495.71,482.74,24351,stock
2023-02-20,NLICL,476.95,475.32,481.03,472.06,25451,stock
2023-02-22,NLICL,469.62,482.5,489.18,469.62,18733,stock
2023-02-23,NLICL,476.95,474.51,477.77,468.8,20220,stock
2023-02-26,NLICL,465.13,472.55,474.83,456.57,31931,stock
2023-02-27,NLICL,474.51,467.99,476.14,460.65,27338,stock
2023-02-28,NLICL,463.09,476.95,477.77,463.09,23829,stock
2023-03-01,NLICL,472.88,469.62,475.32,468.8,12705,stock
2023-03-02,NLICL,469.62,464.72,469.62,460.73,10499,stock
2023-03-05,NLICL,473.69,461.46,473.69,450.05,23396,stock
2023-03-07,NLICL,461.38,458.2,467.17,456.57,12471,stock
2023-03-09,NLICL,467.33,472.06,472.88,462.28,15536,stock
2023-03-12,NLICL,481.03,464.81,481.03,464.72,14549,stock
2023-03-13,NLICL,463.91,459.75,464.72,457.39,10744,stock
2023-03-14,NLICL,456.57,458.2,461.46,452.58,28173,stock
2023-03-15,NLICL,456.57,450.05,460.65,447.6,23268,stock
2023-03-16,NLICL,448.42,453.39,456.57,448.42,15287,stock
2023-03-19,NLICL,462.28,454.86,462.28,452.49,18835,stock
2023-03-20,NLICL,460.65,460.65,460.65,454.13,16599,stock
2023-03-22,NLICL,469.62,456.98,469.62,456.98,11126,stock
2023-03-23,NLICL,456.82,449.48,456.82,448.42,5659,stock
2023-03-26,NLICL,458.2,447.6,458.2,444.34,6591,stock
2023-03-27,NLICL,448.42,458.12,459.02,444.34,21136,stock
2023-03-28,NLICL,459.02,459.83,463.09,456.57,12465,stock
2023-03-29,NLICL,453.31,460.65,462.28,453.31,10905,stock
2023-03-30,NLICL,468.72,458.28,468.8,458.28,6865,stock
2023-04-02,NLICL,458.28,455.67,463.91,450.95,12386,stock
2023-04-03,NLICL,456.57,448.42,456.9,446.95,11985,stock
2023-04-04,NLICL,444.34,446.79,451.68,441.08,9387,stock
2023-04-05,NLICL,446.79,454.13,455.67,442.47,6278,stock
2023-04-06,NLICL,459.83,456.49,463.09,449.31,10308,stock
2023-04-09,NLICL,449.23,447.19,456.57,442.79,15173,stock
2023-04-10,NLICL,446.79,452.41,455.67,446.79,4076,stock
2023-04-11,NLICL,445.97,459.02,460.65,445.97,4739,stock
2023-04-12,NLICL,467.99,481.03,481.03,467.17,15718,stock
2023-04-13,NLICL,484.29,476.14,487.55,472.88,22954,stock
2023-04-16,NLICL,485.11,482.66,494.48,472.88,36983,stock
2023-04-17,NLICL,485.11,473.37,490.0,473.37,14807,stock
2023-04-18,NLICL,481.85,475.65,481.85,468.8,6315,stock
2023-04-19,NLICL,468.8,477.36,482.66,468.8,4592,stock
2023-04-20,NLICL,483.48,474.51,486.49,474.51,8563,stock
2023-04-23,NLICL,465.54,463.09,467.99,461.46,11856,stock
2023-04-24,NLICL,459.83,472.88,476.95,459.83,8112,stock
2023-04-25,NLICL,466.44,476.95,480.21,466.44,6392,stock
2023-04-26,NLICL,483.48,473.69,484.21,472.88,4308,stock
2023-04-27,NLICL,466.35,473.04,477.77,466.35,12582,stock
2023-04-30,NLICL,472.88,470.27,476.95,468.47,7717,stock
2023-05-02,NLICL,464.72,468.8,472.88,464.72,6673,stock
2023-05-03,NLICL,468.8,466.35,470.35,464.64,7265,stock
2023-05-04,NLICL,474.51,468.96,475.65,460.65,7941,stock
2023-05-07,NLICL,464.72,466.76,469.62,463.83,10034,stock
2023-05-08,NLICL,467.17,461.46,467.17,461.22,13443,stock
2023-05-09,NLICL,461.46,466.35,468.56,461.46,8743,stock
2023-05-10,NLICL,462.28,466.35,468.8,462.28,6755,stock
2023-05-11,NLICL,460.65,466.35,469.62,460.65,4334,stock
2023-05-14,NLICL,466.35,463.09,467.17,462.52,5147,stock
2023-05-15,NLICL,463.09,463.17,465.46,459.83,6016,stock
2023-05-16,NLICL,464.72,466.35,469.62,461.06,5173,stock
2023-05-17,NLICL,467.25,470.68,474.51,467.25,5220,stock
2023-05-18,NLICL,471.33,485.11,486.74,470.43,20875,stock
2023-05-21,NLICL,494.08,485.92,496.52,483.48,31381,stock
2023-05-22,NLICL,481.85,488.37,493.18,481.03,41915,stock
2023-05-23,NLICL,493.26,511.2,513.48,491.63,43563,stock
2023-05-24,NLICL,521.39,529.79,529.95,509.57,121195,stock
2023-05-28,NLICL,528.32,528.32,540.38,523.92,58637,stock
2023-05-30,NLICL,528.32,507.19,528.32,506.48,30647,stock
2023-05-31,NLICL,497.15,488.69,506.3,488.69,39640,stock
2023-06-01,NLICL,489.13,493.1,496.88,484.29,19480,stock
2023-06-04,NLICL,502.78,513.88,516.87,493.1,16851,stock
2023-06-05,NLICL,519.51,508.95,523.92,501.9,33315,stock
2023-06-06,NLICL,515.11,519.42,519.42,500.14,49658,stock
2023-06-07,NLICL,519.51,516.17,532.54,515.11,63181,stock
2023-06-08,NLICL,510.71,524.8,530.08,510.71,23087,stock
2023-06-11,NLICL,532.72,529.2,537.12,528.32,34545,stock
2023-06-12,NLICL,539.76,528.32,545.93,525.68,55210,stock
2023-06-13,NLICL,538.8,535.54,544.17,528.05,69869,stock
2023-06-14,NLICL,539.76,540.65,553.85,534.48,107034,stock
2023-06-15,NLICL,551.21,549.45,551.21,534.48,60012,stock
2023-06-18,NLICL,560.28,585.55,587.31,548.57,94764,stock
2023-06-19,NLICL,597.0,574.11,597.0,563.54,81026,stock
2023-06-20,NLICL,580.27,553.85,581.15,548.66,46838,stock
2023-06-21,NLICL,562.66,543.37,563.54,543.29,52551,stock
2023-06-22,NLICL,554.21,558.26,567.06,548.57,49855,stock
2023-06-25,NLICL,560.9,597.0,598.67,560.9,121192,stock
2023-06-26,NLICL,607.48,584.58,609.77,581.15,61295,stock
2023-06-27,NLICL,596.12,580.71,600.52,577.63,51769,stock
2023-06-28,NLICL,578.51,591.72,607.57,574.11,86317,stock
2023-07-02,NLICL,595.24,583.17,607.48,581.24,90348,stock
2023-07-03,NLICL,583.17,572.34,588.99,571.46,53076,stock
2023-07-04,NLICL,583.79,570.58,583.79,568.91,25483,stock
2023-07-05,NLICL,572.34,553.85,576.75,553.41,32359,stock
2023-07-06,NLICL,546.81,561.78,563.54,544.34,32624,stock
2023-07-09,NLICL,563.8,567.94,574.11,561.78,67859,stock
2023-07-10,NLICL,578.51,577.63,589.95,574.99,46040,stock
2023-07-11,NLICL,573.22,573.22,580.27,570.58,22927,stock
2023-07-12,NLICL,576.75,580.27,585.46,574.99,51117,stock
2023-07-13,NLICL,582.03,569.7,588.99,568.82,23994,stock
2023-07-16,NLICL,563.54,567.94,586.26,563.54,25744,stock
2023-07-17,NLICL,568.82,584.67,585.55,567.94,20507,stock
2023-07-18,NLICL,592.6,582.82,595.24,581.15,42496,stock
2023-07-19,NLICL,576.04,576.75,589.95,574.99,15259,stock
2023-07-20,NLICL,576.84,575.07,584.5,568.82,16874,stock
2023-07-23,NLICL,575.43,584.67,589.95,573.31,21042,stock
2023-07-24,NLICL,573.22,578.24,583.79,573.22,27342,stock
2023-07-25,NLICL,572.26,566.09,574.72,560.9,33196,stock
2023-07-26,NLICL,558.26,559.58,569.35,558.26,16888,stock
2023-07-27,NLICL,559.14,549.01,560.9,548.39,29451,stock
2023-07-30,NLICL,546.81,539.76,548.83,538.09,21734,stock
2023-07-31,NLICL,550.33,540.65,550.33,538.88,13660,stock
2023-08-01,NLICL,541.53,531.93,545.93,531.93,9905,stock
2023-08-02,NLICL,528.41,536.24,536.24,523.47,13491,stock
2023-08-03,NLICL,536.24,538.0,545.93,536.24,12499,stock
2023-08-06,NLICL,541.53,527.0,544.17,523.92,18741,stock
2023-08-07,NLICL,517.93,527.44,537.12,517.93,12685,stock
2023-08-08,NLICL,528.32,519.51,528.32,513.79,12359,stock
2023-08-09,NLICL,511.68,532.72,534.31,507.19,33076,stock
2023-08-10,NLICL,532.72,528.41,538.88,526.56,18079,stock
2023-08-13,NLICL,529.2,538.88,538.88,528.32,14618,stock
2023-08-14,NLICL,538.88,540.56,546.81,537.12,16183,stock
2023-08-15,NLICL,541.53,530.26,541.53,530.17,10827,stock
2023-08-16,NLICL,530.08,525.5,531.75,520.39,16609,stock
2023-08-17,NLICL,528.41,528.14,534.48,526.56,15742,stock
2023-08-20,NLICL,526.56,517.75,532.72,515.2,40457,stock
2023-08-21,NLICL,513.35,514.23,527.88,509.91,18396,stock
2023-08-22,NLICL,512.64,517.75,526.29,512.47,11714,stock
2023-08-23,NLICL,526.56,534.39,535.36,524.8,9340,stock
2023-08-24,NLICL,532.72,523.03,537.56,522.15,20767,stock
2023-08-27,NLICL,525.68,519.51,525.68,516.87,5397,stock
2023-08-28,NLICL,517.75,519.51,522.15,513.44,8569,stock
2023-08-29,NLICL,525.68,516.69,525.68,515.2,10588,stock
2023-08-30,NLICL,516.87,519.51,523.03,515.11,7588,stock
2023-09-03,NLICL,528.32,505.42,528.32,501.9,13024,stock
2023-09-04,NLICL,508.15,506.83,515.99,504.54,14427,stock
2023-09-05,NLICL,508.07,506.3,510.53,503.66,3683,stock
2023-09-07,NLICL,513.35,497.5,513.35,497.5,9845,stock
2023-09-10,NLICL,498.38,502.08,508.33,498.38,3966,stock
2023-09-11,NLICL,494.07,518.37,518.37,494.07,7694,stock
2023-09-12,NLICL,518.46,515.99,523.92,510.71,38354,stock
2023-09-13,NLICL,510.8,533.25,533.25,510.71,13538,stock
2023-09-17,NLICL,532.72,513.35,538.88,510.8,12837,stock
2023-09-18,NLICL,504.54,515.99,518.63,503.84,2273,stock
2023-09-19,NLICL,515.11,519.51,521.27,513.35,3964,stock
2023-09-21,NLICL,520.39,524.71,530.78,520.39,14220,stock
2023-09-24,NLICL,528.32,520.39,528.32,516.87,3277,stock
2023-09-25,NLICL,519.51,516.87,529.2,513.35,9855,stock
2023-09-26,NLICL,517.75,516.87,521.27,515.11,7354,stock
2023-09-27,NLICL,516.43,508.07,516.43,506.57,7903,stock
2023-10-01,NLICL,501.9,499.26,510.62,498.38,12168,stock
2023-10-02,NLICL,492.22,500.41,506.3,491.34,15844,stock
2023-10-03,NLICL,499.26,499.35,502.69,499.26,7574,stock
2023-10-04,NLICL,505.42,500.23,506.22,499.52,7055,stock
2023-10-05,NLICL,501.9,493.1,501.9,493.1,9755,stock
2023-10-08,NLICL,493.1,480.86,493.1,479.89,18708,stock
2023-10-09,NLICL,480.77,473.72,480.77,471.26,13104,stock
2023-10-10,NLICL,483.15,470.2,483.15,462.54,13322,stock
2023-10-11,NLICL,479.54,471.08,479.54,462.37,14759,stock
2023-10-12,NLICL,471.08,469.23,478.13,466.42,16088,stock
2023-10-16,NLICL,475.49,464.13,475.49,464.04,7072,stock
2023-10-17,NLICL,466.68,467.56,475.49,466.68,7368,stock
2023-10-18,NLICL,475.49,483.41,485.0,471.08,10650,stock
2023-10-19,NLICL,479.89,480.15,489.57,479.89,3671,stock
2023-10-29,NLICL,482.53,472.84,482.53,471.96,2821,stock
2023-10-30,NLICL,468.44,475.49,475.49,466.68,9459,stock
2023-10-31,NLICL,471.26,470.2,474.25,469.32,2179,stock
2023-11-01,NLICL,466.77,469.32,478.13,465.18,10779,stock
2023-11-02,NLICL,471.52,476.81,477.25,471.08,6442,stock
2023-11-05,NLICL,468.0,477.34,477.34,468.0,5648,stock
2023-11-06,NLICL,477.25,478.13,482.53,477.25,4393,stock
2023-11-07,NLICL,481.65,476.37,481.65,475.49,2793,stock
2023-11-08,NLICL,479.89,476.37,482.53,475.49,2015,stock
2023-11-09,NLICL,477.25,475.49,486.76,473.9,1919,stock
2023-11-20,NLICL,477.25,484.29,488.69,477.25,5071,stock
2023-11-21,NLICL,482.53,478.13,482.53,471.96,4693,stock
2023-11-22,NLICL,469.76,479.01,479.89,469.5,18945,stock
2023-11-23,NLICL,472.84,489.22,496.62,472.05,12099,stock
2023-11-26,NLICL,484.29,513.35,515.11,484.29,18047,stock
2023-11-27,NLICL,523.56,504.81,523.56,504.81,16513,stock
2023-11-28,NLICL,505.42,504.54,508.07,501.11,6231,stock
2023-11-29,NLICL,507.1,494.59,507.1,494.59,4790,stock
2023-11-30,NLICL,493.1,484.38,496.62,484.38,7037,stock
2023-12-03,NLICL,493.1,483.41,493.1,476.37,5488,stock
2023-12-04,NLICL,486.05,493.1,500.14,486.05,6640,stock
2023-12-05,NLICL,493.1,494.86,498.38,488.69,4837,stock
2023-12-06,NLICL,486.93,493.1,495.74,485.17,5821,stock
2023-12-07,NLICL,493.01,501.81,510.71,486.05,12823,stock
2023-12-10,NLICL,511.76,528.41,538.88,511.76,2685,stock
2023-12-11,NLICL,538.97,523.03,549.45,521.27,37709,stock
2023-12-12,NLICL,532.72,546.81,552.09,530.96,37944,stock
2023-12-13,NLICL,549.54,545.05,552.36,537.12,32525,stock
2023-12-14,NLICL,545.05,541.53,545.84,538.0,9619,stock
2023-12-17,NLICL,534.22,540.56,545.05,530.08,21162,stock
2023-12-18,NLICL,534.48,548.92,554.82,534.48,46122,stock
2023-12-19,NLICL,550.33,567.94,572.34,539.85,41989,stock
2023-12-20,NLICL,559.14,572.34,585.55,559.14,43996,stock
2023-12-21,NLICL,564.42,553.85,572.34,550.33,43354,stock
2023-12-24,NLICL,544.17,547.69,554.73,542.41,26177,stock
2023-12-27,NLICL,558.26,543.29,558.26,539.76,15128,stock
2023-12-28,NLICL,533.6,538.88,546.81,533.6,28770,stock
2024-01-01,NLICL,539.76,535.36,545.05,532.72,17635,stock
2024-01-02,NLICL,532.72,523.03,532.72,520.39,29271,stock
2024-01-03,NLICL,520.48,523.92,530.08,520.39,12292,stock
2024-01-04,NLICL,528.32,522.51,529.2,517.75,62958,stock
2024-01-07,NLICL,522.51,512.03,523.03,510.71,16720,stock
2024-01-08,NLICL,501.81,532.63,537.12,501.81,56209,stock
2024-01-09,NLICL,541.53,530.96,548.57,525.68,26037,stock
2024-01-10,NLICL,541.53,531.84,544.17,531.84,14166,stock
2024-01-11,NLICL,529.64,528.32,530.96,522.15,15624,stock
2024-01-14,NLICL,535.36,530.87,535.36,524.8,15098,stock
2024-01-16,NLICL,537.12,540.47,541.53,530.08,33620,stock
2024-01-17,NLICL,551.21,536.24,556.49,534.48,46425,stock
2024-01-18,NLICL,533.6,534.48,542.23,530.17,18852,stock
2024-01-21,NLICL,531.84,535.36,537.12,528.32,14392,stock
2024-01-22,NLICL,545.05,527.44,545.84,523.03,10401,stock
2024-01-23,NLICL,519.6,515.99,527.44,515.11,13150,stock
2024-01-24,NLICL,526.29,510.71,547.43,510.71,18893,stock
2024-01-25,NLICL,507.71,512.12,519.51,504.9,20170,stock
2024-01-28,NLICL,511.59,514.23,522.68,511.59,6111,stock
2024-01-29,NLICL,524.27,515.99,524.27,515.11,11852,stock
2024-01-30,NLICL,518.02,520.39,523.92,517.93,14333,stock
2024-01-31,NLICL,523.21,515.11,528.32,513.35,10895,stock
2024-02-01,NLICL,510.8,508.95,515.99,508.95,7284,stock
2024-02-04,NLICL,499.44,507.19,511.59,499.44,24804,stock
2024-02-05,NLICL,501.99,503.05,509.83,501.99,5018,stock
2024-02-06,NLICL,513.08,515.11,515.11,507.71,6994,stock
2024-02-07,NLICL,523.92,517.93,523.92,515.29,11231,stock
2024-02-11,NLICL,515.11,515.11,522.95,507.19,15608,stock
2024-02-12,NLICL,515.11,519.51,519.51,510.71,8154,stock
2024-02-13,NLICL,524.8,508.95,524.8,506.3,11155,stock
2024-02-14,NLICL,513.35,509.3,513.35,508.51,3695,stock
2024-02-15,NLICL,506.92,508.95,514.23,506.92,7484,stock
2024-02-18,NLICL,508.95,500.93,508.95,500.14,7544,stock
2024-02-20,NLICL,493.1,497.41,519.51,493.1,11620,stock
2024-02-21,NLICL,505.42,499.96,505.42,495.74,6039,stock
2024-02-22,NLICL,506.3,488.69,506.3,484.56,14146,stock
2024-02-25,NLICL,488.87,486.76,498.64,479.18,25298,stock
2024-02-26,NLICL,493.1,493.1,493.54,488.69,4192,stock
2024-02-27,NLICL,501.81,497.5,501.9,492.22,12564,stock
2024-02-28,NLICL,493.18,497.5,498.38,488.69,7321,stock
2024-02-29,NLICL,489.66,485.17,493.1,483.41,7415,stock
2024-03-03,NLICL,483.59,485.08,491.25,471.08,21535,stock
2024-03-04,NLICL,494.77,513.0,513.0,493.1,1280,stock
2024-03-05,NLICL,502.78,493.18,508.07,481.65,21973,stock
2024-03-06,NLICL,497.5,491.34,497.5,466.86,27576,stock
2024-03-07,NLICL,500.14,491.34,500.14,487.02,4901,stock
2024-03-10,NLICL,495.74,497.5,506.3,494.86,12890,stock
2024-03-12,NLICL,507.45,515.99,526.29,501.9,37442,stock
2024-03-13,NLICL,515.11,514.23,532.72,512.47,16950,stock
2024-03-14,NLICL,511.59,502.52,516.87,501.9,14774,stock
2024-03-17,NLICL,512.47,501.9,512.47,499.52,8421,stock
2024-03-18,NLICL,501.9,501.02,506.3,496.62,4436,stock
2024-03-19,NLICL,496.62,501.02,506.74,496.62,4522,stock
2024-03-20,NLICL,500.23,497.41,501.9,493.1,9010,stock
2024-03-21,NLICL,501.9,496.18,505.42,493.1,7207,stock
2024-03-25,NLICL,496.62,493.36,499.26,488.87,10351,stock
2024-03-26,NLICL,490.1,496.44,503.22,490.1,18721,stock
2024-03-27,NLICL,504.46,490.01,504.46,488.69,6221,stock
2024-03-28,NLICL,488.78,490.46,494.86,488.69,9017,stock
2024-03-31,NLICL,493.1,484.64,493.1,484.29,9733,stock
2024-04-01,NLICL,482.53,486.93,493.1,475.49,9392,stock
2024-04-02,NLICL,484.29,492.22,493.1,482.62,10987,stock
2024-04-03,NLICL,490.46,490.37,495.74,484.29,11500,stock
2024-04-04,NLICL,484.29,486.58,491.34,484.29,7593,stock
2024-04-07,NLICL,486.05,493.98,496.62,486.05,10072,stock
2024-04-09,NLICL,501.9,506.04,506.3,493.27,11806,stock
2024-04-10,NLICL,503.66,499.26,506.22,498.38,10180,stock
2024-04-14,NLICL,493.1,488.69,502.78,487.02,7613,stock
2024-04-15,NLICL,494.86,483.41,494.86,483.41,5185,stock
2024-04-16,NLICL,483.85,484.29,486.05,483.41,4331,stock
2024-04-18,NLICL,476.45,478.48,482.53,476.45,8357,stock
2024-04-21,NLICL,479.89,485.17,486.05,475.57,14118,stock
2024-04-22,NLICL,485.17,482.09,488.69,477.25,6374,stock
2024-04-24,NLICL,475.49,479.89,483.41,475.49,1269,stock
2024-04-25,NLICL,479.89,480.77,484.29,475.75,5035,stock
2024-04-28,NLICL,479.89,484.03,484.03,472.14,7010,stock
2024-04-29,NLICL,483.41,480.77,483.41,475.49,6757,stock
2024-04-30,NLICL,481.65,477.25,488.69,474.61,15268,stock
2024-05-02,NLICL,477.25,476.37,493.1,475.49,27391,stock
2024-05-05,NLICL,478.22,465.01,479.89,462.28,29168,stock
2024-05-06,NLICL,474.25,464.04,474.25,462.28,15942,stock
2024-05-07,NLICL,471.0,464.3,471.0,463.16,4491,stock
2024-05-08,NLICL,462.28,467.56,471.96,459.02,5859,stock
2024-05-09,NLICL,469.41,470.03,475.49,468.44,19757,stock
2024-05-12,NLICL,479.36,474.69,479.89,469.5,8510,stock
2024-05-13,NLICL,484.12,479.01,484.12,473.72,4718,stock
2024-05-14,NLICL,478.13,483.41,484.29,474.87,10550,stock
2024-05-15,NLICL,484.29,479.89,490.98,475.49,9761,stock
2024-05-16,NLICL,486.84,484.2,486.84,473.11,6438,stock
2024-05-19,NLICL,493.8,508.95,511.5,480.77,39480,stock
2024-05-20,NLICL,516.87,501.9,517.75,499.26,15890,stock
2024-05-21,NLICL,501.99,504.54,506.3,501.11,13032,stock
2024-05-22,NLICL,496.62,499.17,503.66,494.95,12340,stock
2024-05-26,NLICL,490.54,491.95,499.17,489.57,11159,stock
2024-05-27,NLICL,496.62,493.18,501.02,491.42,7815,stock
2024-05-29,NLICL,497.5,486.76,497.5,481.83,7365,stock
2024-05-30,NLICL,478.57,478.13,487.64,477.16,9758,stock
2024-06-02,NLICL,486.93,483.85,486.93,480.15,4003,stock
2024-06-03,NLICL,491.34,480.77,491.34,478.22,12137,stock
2024-06-04,NLICL,475.49,482.0,490.46,475.49,10645,stock
2024-06-05,NLICL,486.93,479.98,486.93,477.42,3754,stock
2024-06-06,NLICL,477.51,479.89,482.53,476.54,4857,stock
2024-06-09,NLICL,477.25,479.01,484.29,475.49,10609,stock
2024-06-10,NLICL,484.29,480.68,484.29,478.13,14935,stock
2024-06-11,NLICL,481.12,495.74,495.74,477.42,18679,stock
2024-06-12,NLICL,494.86,494.77,503.57,488.69,19174,stock
2024-06-13,NLICL,497.5,485.17,497.5,484.29,9944,stock
2024-06-16,NLICL,481.65,487.81,489.57,479.89,12636,stock
2024-06-18,NLICL,496.18,483.5,496.18,481.83,10450,stock
2024-06-19,NLICL,491.34,484.2,491.34,477.25,3732,stock
2024-06-20,NLICL,493.1,479.27,493.1,477.69,11612,stock
2024-06-23,NLICL,475.49,479.89,479.89,473.02,13031,stock
2024-06-24,NLICL,479.89,474.61,483.41,473.72,12918,stock
2024-06-25,NLICL,476.37,482.53,483.41,475.49,7099,stock
2024-06-26,NLICL,490.01,476.37,490.01,474.08,7549,stock
2024-06-27,NLICL,472.84,468.09,472.84,467.56,9215,stock
2024-06-30,NLICL,469.41,468.44,471.08,468.0,15783,stock
2024-07-01,NLICL,468.44,469.76,471.96,464.92,12398,stock
2024-07-02,NLICL,479.1,479.01,507.19,472.05,9584,stock
2024-07-03,NLICL,475.49,479.89,482.44,471.52,19392,stock
2024-07-04,NLICL,488.69,487.73,491.34,481.39,15668,stock
2024-07-07,NLICL,488.69,488.08,495.74,486.23,24520,stock
2024-07-08,NLICL,493.1,489.57,493.1,486.05,20432,stock
2024-07-09,NLICL,490.46,492.22,493.98,482.62,14917,stock
2024-07-10,NLICL,495.74,494.15,499.17,490.54,25584,stock
2024-07-11,NLICL,496.62,511.59,515.99,496.27,51595,stock
2024-07-14,NLICL,521.8,536.95,540.65,520.39,57046,stock
2024-07-15,NLICL,547.6,523.92,547.6,519.6,56324,stock
2024-07-16,NLICL,523.92,537.12,538.8,517.75,53302,stock
2024-07-17,NLICL,546.81,546.1,550.15,537.12,91245,stock
2024-07-18,NLICL,550.33,554.73,564.42,544.17,65640,stock
2024-07-21,NLICL,565.83,557.38,572.34,547.95,60198,stock
2024-07-22,NLICL,557.38,551.74,557.38,543.73,43668,stock
2024-07-23,NLICL,554.73,580.27,594.36,554.73,114014,stock
2024-07-24,NLICL,591.72,572.34,603.6,568.82,75670,stock
2024-07-25,NLICL,561.78,576.75,581.15,561.78,74454,stock
2024-07-28,NLICL,588.28,599.64,613.73,572.34,96779,stock
2024-07-29,NLICL,611.09,607.57,611.97,598.76,125372,stock
2024-07-30,NLICL,599.64,607.57,613.73,594.53,57916,stock
2024-07-31,NLICL,619.01,616.37,630.46,614.61,60733,stock
2024-08-01,NLICL,622.53,634.16,661.28,609.41,149419,stock
2024-08-05,NLICL,642.79,660.4,669.2,632.66,124093,stock
2024-08-06,NLICL,660.4,618.13,669.11,618.13,119594,stock
2024-08-07,NLICL,617.25,646.31,646.31,617.25,140447,stock
2024-08-08,NLICL,659.16,639.19,659.16,631.96,67410,stock
2024-08-11,NLICL,641.03,652.93,656.59,636.63,78131,stock
2024-08-12,NLICL,665.93,693.22,693.22,654.76,156749,stock
2024-08-13,NLICL,700.55,677.66,710.71,669.41,103973,stock
2024-08-14,NLICL,686.81,676.74,686.81,663.0,52476,stock
2024-08-15,NLICL,676.74,668.5,680.4,662.55,103720,stock
2024-08-18,NLICL,681.87,656.59,695.42,655.31,75390,stock
2024-08-21,NLICL,659.34,646.52,659.34,642.86,39536,stock
2024-08-22,NLICL,654.76,644.78,654.76,642.22,47045,stock
2024-08-25,NLICL,657.6,631.04,657.6,630.95,55465,stock
2024-08-27,NLICL,620.88,605.59,630.95,598.9,69818,stock
2024-08-28,NLICL,617.67,602.56,629.95,597.99,28775,stock
2024-08-29,NLICL,613.55,585.16,613.55,583.33,34034,stock
2024-09-01,NLICL,593.41,577.84,594.32,576.01,33799,stock
2024-09-02,NLICL,582.42,604.4,612.64,577.2,31829,stock
2024-09-03,NLICL,615.38,613.64,619.96,604.4,32199,stock
2024-09-04,NLICL,613.64,586.08,613.64,586.08,27598,stock
2024-09-05,NLICL,582.42,585.16,597.8,576.92,14804,stock
2024-09-08,NLICL,592.49,575.09,594.32,573.26,18297,stock
2024-09-09,NLICL,569.6,560.44,574.18,559.52,24141,stock
2024-09-10,NLICL,567.77,558.61,567.77,554.03,20997,stock
2024-09-11,NLICL,558.88,549.45,560.44,548.53,15189,stock
2024-09-12,NLICL,558.61,560.62,565.93,549.45,22907,stock
2024-09-15,NLICL,565.93,547.44,575.09,547.44,40287,stock
2024-09-16,NLICL,552.2,543.04,554.03,537.55,26327,stock
2024-09-18,NLICL,544.87,543.86,549.45,534.8,13186,stock
2024-09-22,NLICL,554.67,543.96,558.61,535.71,20547,stock
2024-09-23,NLICL,554.76,531.14,554.76,529.76,19085,stock
2024-09-24,NLICL,521.98,525.64,549.45,517.4,20234,stock
2024-09-25,NLICL,521.98,531.14,531.14,521.15,15202,stock
2024-09-26,NLICL,540.2,526.56,543.96,524.73,8512,stock
2024-09-29,NLICL,526.56,522.89,526.56,517.58,6428,stock
2024-09-30,NLICL,532.97,532.97,553.11,514.65,20167,stock
2024-10-01,NLICL,540.29,558.61,558.61,531.14,23253,stock
2024-10-02,NLICL,569.6,555.86,578.75,546.7,11243,stock
2024-10-06,NLICL,566.76,567.77,569.6,546.06,13039,stock
2024-10-07,NLICL,569.6,572.34,576.74,567.77,12467,stock
2024-10-08,NLICL,563.19,563.19,571.43,558.61,8692,stock
2024-10-09,NLICL,558.61,563.19,565.93,552.38,10541,stock
2024-10-15,NLICL,572.34,567.67,572.34,562.27,6415,stock
2024-10-16,NLICL,578.94,579.49,581.23,567.77,17245,stock
2024-10-17,NLICL,591.03,583.33,595.24,574.45,13726,stock
2024-10-20,NLICL,576.92,566.21,583.33,566.21,13461,stock
2024-10-21,NLICL,560.44,551.47,565.02,550.82,19602,stock
2024-10-22,NLICL,561.36,558.61,561.36,551.37,10152,stock
2024-10-23,NLICL,558.61,554.95,567.67,549.45,9092,stock
2024-10-24,NLICL,548.08,564.1,566.85,548.08,13679,stock
2024-10-27,NLICL,563.19,558.61,564.1,553.21,4487,stock
2024-10-28,NLICL,569.78,554.12,571.43,550.64,8992,stock
2024-10-29,NLICL,552.2,561.08,571.43,543.96,14795,stock
2024-10-30,NLICL,563.19,565.02,567.77,559.52,15553,stock
2024-11-05,NLICL,559.52,566.85,567.77,557.78,20498,stock
2024-11-06,NLICL,565.11,567.77,576.92,565.11,9313,stock
2024-11-10,NLICL,577.84,578.75,578.75,565.84,31249,stock
2024-11-11,NLICL,584.25,590.48,599.82,579.67,51225,stock
2024-11-12,NLICL,594.32,587.91,604.4,587.91,37986,stock
2024-11-13,NLICL,586.08,581.5,587.91,581.5,16147,stock
2024-11-14,NLICL,581.5,574.18,587.91,573.72,19299,stock
2024-11-17,NLICL,585.16,576.83,585.16,573.08,16158,stock
2024-11-19,NLICL,569.96,568.22,578.75,565.02,16549,stock
2024-11-20,NLICL,565.93,554.95,568.68,554.95,23480,stock
2024-11-21,NLICL,554.03,554.03,573.26,549.63,25245,stock
2024-11-24,NLICL,554.03,549.45,556.78,546.15,18258,stock
2024-11-25,NLICL,549.45,554.95,557.69,546.7,5583,stock
2024-11-26,NLICL,566.03,562.27,566.03,552.2,5338,stock
2024-11-27,NLICL,573.35,568.04,573.35,554.95,20986,stock
2024-11-28,NLICL,566.21,563.0,569.6,556.78,14056,stock
2024-12-01,NLICL,574.18,557.69,574.18,554.21,15665,stock
2024-12-02,NLICL,553.11,555.31,563.19,553.11,12666,stock
2024-12-03,NLICL,551.37,553.94,560.35,544.78,25389,stock
2024-12-04,NLICL,564.93,548.53,564.93,544.23,19315,stock
2024-12-05,NLICL,544.96,549.45,554.03,544.87,16263,stock
2024-12-08,NLICL,553.94,553.11,581.5,538.46,19714,stock
2024-12-09,NLICL,562.27,547.62,562.27,538.46,19141,stock
2024-12-10,NLICL,547.62,538.46,549.45,533.06,9989,stock
2024-12-11,NLICL,539.47,544.87,547.53,532.05,11889,stock
2024-12-12,NLICL,553.57,543.04,553.57,537.55,9952,stock
2024-12-16,NLICL,543.04,535.71,543.04,531.14,9557,stock
2024-12-17,NLICL,534.8,531.14,537.09,526.56,9154,stock
2024-12-18,NLICL,539.19,532.05,539.19,528.39,6777,stock
2024-12-19,NLICL,529.3,528.39,531.14,524.73,6143,stock
2024-12-22,NLICL,538.46,521.89,538.46,517.4,12469,stock
2024-12-23,NLICL,521.98,521.98,525.55,516.48,5608,stock
2024-12-24,NLICL,531.04,523.99,531.04,523.9,7249,stock
2024-12-26,NLICL,523.99,519.32,525.55,519.23,16710,stock
2024-12-29,NLICL,519.23,514.65,519.23,514.47,22526,stock
2024-12-31,NLICL,515.57,521.98,522.8,509.16,16233,stock
2025-01-01,NLICL,531.04,524.73,535.71,521.06,8597,stock
2025-01-02,NLICL,526.56,526.56,531.14,520.33,6050,stock
2025-01-05,NLICL,526.56,526.56,533.88,522.99,6010,stock
2025-01-06,NLICL,521.98,534.16,537.55,521.98,13598,stock
2025-01-07,NLICL,527.56,538.19,542.12,527.56,10942,stock
2025-01-08,NLICL,544.87,535.71,544.87,533.97,28539,stock
2025-01-09,NLICL,532.23,532.51,538.37,532.23,10766,stock
2025-01-12,NLICL,543.13,531.04,543.13,530.68,6835,stock
2025-01-13,NLICL,528.21,552.01,552.01,526.83,14494,stock
2025-01-15,NLICL,549.45,540.11,549.45,534.8,8392,stock
2025-01-16,NLICL,529.76,539.38,561.36,529.58,13630,stock
2025-01-19,NLICL,530.31,531.14,540.84,530.31,13923,stock
2025-01-20,NLICL,541.76,529.67,541.76,525.92,10357,stock
2025-01-21,NLICL,531.14,537.55,540.29,525.92,17118,stock
2025-01-22,NLICL,547.89,561.36,566.85,532.33,63337,stock
2025-01-23,NLICL,569.6,550.55,570.33,550.55,31063,stock
2025-01-26,NLICL,540.29,549.45,566.76,530.22,28230,stock
2025-01-27,NLICL,552.75,539.47,552.75,538.92,12665,stock
2025-01-28,NLICL,550.18,541.39,558.61,529.49,25626,stock
2025-02-02,NLICL,543.86,558.61,558.61,543.77,29412,stock
2025-02-03,NLICL,560.44,555.86,565.02,552.2,37630,stock
2025-02-04,NLICL,546.7,547.62,556.78,545.79,27298,stock
2025-02-05,NLICL,543.04,550.27,552.84,543.04,15272,stock
2025-02-06,NLICL,544.96,549.45,553.11,544.96,17435,stock
2025-02-09,NLICL,559.43,542.49,559.43,540.75,14219,stock
2025-02-10,NLICL,537.18,539.38,549.36,532.05,18416,stock
2025-02-11,NLICL,549.45,539.38,560.44,536.63,11534,stock
2025-02-12,NLICL,550.09,544.87,551.28,539.1,15063,stock
2025-02-13,NLICL,544.87,543.5,548.53,541.58,9226,stock
2025-02-16,NLICL,536.81,546.7,547.44,536.81,7889,stock
2025-02-17,NLICL,549.45,545.88,549.45,544.87,19233,stock
2025-02-18,NLICL,546.25,551.19,554.03,546.25,15356,stock
2025-02-20,NLICL,552.93,556.59,560.44,546.7,40445,stock
2025-02-23,NLICL,545.51,553.21,557.6,545.51,22546,stock
2025-02-24,NLICL,558.61,553.66,563.19,553.11,30726,stock
2025-02-25,NLICL,546.79,562.27,579.21,546.79,29423,stock
2025-02-27,NLICL,573.44,568.22,573.44,560.44,21980,stock
2025-03-02,NLICL,576.92,600.73,601.47,572.34,72693,stock
2025-03-03,NLICL,602.56,637.82,660.81,597.07,231279,stock
2025-03-04,NLICL,641.03,633.79,675.82,626.47,102016,stock
2025-03-05,NLICL,640.11,612.64,649.27,609.25,52745,stock
2025-03-06,NLICL,618.04,606.14,647.44,600.82,52687,stock
2025-03-09,NLICL,618.22,602.56,618.22,599.82,61313,stock
2025-03-10,NLICL,607.14,597.99,608.97,595.33,28769,stock
2025-03-11,NLICL,609.8,588.74,621.79,583.33,26462,stock
2025-03-12,NLICL,600.46,588.74,600.46,578.75,20465,stock
2025-03-16,NLICL,595.24,589.74,599.73,584.62,27327,stock
2025-03-17,NLICL,601.28,584.25,601.28,583.33,14518,stock
2025-03-18,NLICL,595.15,585.16,595.88,584.07,24312,stock
2025-03-19,NLICL,593.32,585.16,593.32,582.6,24194,stock
2025-03-20,NLICL,595.24,585.34,595.24,581.5,23636,stock
2025-03-23,NLICL,574.45,574.0,585.16,571.25,45168,stock
2025-03-24,NLICL,575.55,581.5,585.16,563.28,20682,stock
2025-03-25,NLICL,580.49,568.52,581.5,564.1,17654,stock
2025-03-26,NLICL,579.58,574.34,579.67,569.6,10129,stock
2025-03-27,NLICL,585.81,587.91,597.07,577.75,51969,stock
2025-03-30,NLICL,586.08,594.7,599.82,586.08,34040,stock
2025-04-01,NLICL,597.99,591.85,606.5,582.88,79497,stock
2025-04-02,NLICL,603.66,588.35,603.66,586.08,26264,stock
2025-04-03,NLICL,595.15,579.17,595.15,576.92,26438,stock
2025-04-07,NLICL,590.66,570.92,590.66,569.69,89866,stock
2025-04-08,NLICL,581.5,572.38,593.13,563.92,11579,stock
2025-04-09,NLICL,583.79,576.58,595.24,572.71,19695,stock
2025-04-10,NLICL,569.6,570.85,587.91,568.68,19730,stock
2025-04-13,NLICL,576.92,572.14,582.23,570.79,16327,stock
2025-04-15,NLICL,583.24,576.45,583.24,573.26,8979,stock
2025-04-16,NLICL,583.15,578.77,583.33,574.18,23237,stock
2025-04-17,NLICL,589.74,586.36,589.74,573.26,49847,stock
2025-04-20,NLICL,594.32,584.98,594.32,582.51,28801,stock
2025-04-21,NLICL,595.05,578.32,595.05,573.35,47714,stock
2025-04-22,NLICL,581.5,571.06,581.5,567.86,16162,stock
2025-04-23,NLICL,570.51,569.8,576.92,567.77,10057,stock
2025-04-24,NLICL,569.78,570.19,579.49,568.68,8427,stock
2025-04-27,NLICL,560.44,566.67,593.22,560.44,25964,stock
2025-04-28,NLICL,567.77,568.17,575.73,566.76,17293,stock
2025-04-29,NLICL,578.75,568.21,578.75,564.1,10602,stock
2025-04-30,NLICL,569.6,559.99,572.34,558.61,23990,stock
2025-05-04,NLICL,559.52,557.87,571.43,553.57,26777,stock
2025-05-05,NLICL,558.61,558.19,564.93,557.78,27543,stock
2025-05-06,NLICL,552.29,556.86,563.19,552.29,8280,stock
2025-05-07,NLICL,558.61,567.86,569.6,552.66,8866,stock
2025-05-08,NLICL,566.85,567.83,568.68,565.29,21747,stock
2025-05-11,NLICL,567.86,560.85,575.0,559.52,9300,stock
2025-05-13,NLICL,554.12,561.23,565.02,554.12,5569,stock
2025-05-14,NLICL,566.85,569.85,571.43,564.1,22330,stock
2025-05-15,NLICL,576.01,571.62,576.01,560.71,20516,stock
2025-05-18,NLICL,572.34,571.46,572.34,564.38,27346,stock
2025-05-19,NLICL,581.41,578.86,581.5,568.22,14935,stock
2025-05-20,NLICL,584.25,584.06,585.81,567.77,16312,stock
2025-05-21,NLICL,595.24,580.4,595.7,578.75,19599,stock
2025-05-22,NLICL,591.39,577.92,591.39,572.34,8549,stock
2025-05-25,NLICL,587.82,581.22,587.91,576.92,24293,stock
2025-05-26,NLICL,592.67,582.1,604.4,581.5,16254,stock
2025-05-27,NLICL,576.92,582.36,582.42,573.44,10048,stock
2025-05-28,NLICL,573.44,583.3,584.89,573.44,8529,stock
2025-06-02,NLICL,594.78,582.71,594.78,581.5,45091,stock
2025-06-03,NLICL,589.74,571.08,589.74,570.05,30520,stock
2025-06-04,NLICL,568.86,575.42,581.5,567.86,33124,stock
2025-06-05,NLICL,576.92,575.04,576.92,566.35,15947,stock
2025-06-08,NLICL,564.52,572.23,575.48,564.52,14815,stock
2025-06-09,NLICL,572.12,572.21,575.96,567.31,8954,stock
2025-06-10,NLICL,562.6,575.63,577.88,562.6,12983,stock
2025-06-11,NLICL,581.73,570.88,581.73,570.19,16496,stock
2025-06-12,NLICL,570.19,566.77,576.92,562.6,45113,stock
2025-06-15,NLICL,569.23,559.38,569.23,558.65,28135,stock
2025-06-16,NLICL,557.69,568.9,603.56,551.06,15396,stock
2025-06-17,NLICL,579.81,567.57,579.81,559.9,3358,stock
2025-06-18,NLICL,558.65,562.5,574.04,558.65,7411,stock
2025-06-19,NLICL,564.42,562.55,568.27,558.65,15887,stock
2025-06-22,NLICL,551.35,547.08,561.54,540.38,51100,stock
2025-06-23,NLICL,537.5,541.15,557.69,537.5,30399,stock
2025-06-24,NLICL,535.58,548.14,562.5,529.81,18152,stock
2025-06-25,NLICL,554.81,554.07,554.81,545.67,9865,stock
2025-06-26,NLICL,553.85,554.21,561.54,551.25,16269,stock
2025-06-29,NLICL,564.13,557.13,564.13,548.08,12398,stock
2025-06-30,NLICL,562.5,562.81,567.31,555.77,7003,stock
2025-07-01,NLICL,562.81,563.74,570.19,561.54,13414,stock
2025-07-02,NLICL,575.0,577.71,582.6,563.56,23135,stock
2025-07-03,NLICL,586.54,594.52,604.81,567.4,76517,stock
2025-07-06,NLICL,586.54,595.56,610.58,586.54,58241,stock
2025-07-07,NLICL,599.04,595.85,605.77,594.23,50158,stock
2025-07-08,NLICL,595.19,595.31,600.96,589.42,53314,stock
2025-07-09,NLICL,605.67,596.29,605.67,594.33,22046,stock
2025-07-10,NLICL,607.69,596.4,608.17,596.15,50797,stock
2025-07-13,NLICL,607.69,595.31,608.27,594.32,64126,stock
2025-07-14,NLICL,600.0,590.94,600.0,589.62,27989,stock
2025-07-15,NLICL,596.15,590.33,596.15,586.54,39089,stock
2025-07-16,NLICL,599.04,599.6,610.58,581.73,57399,stock
2025-07-17,NLICL,610.1,618.51,624.71,608.65,23822,stock
2025-07-20,NLICL,628.85,639.79,664.42,623.08,126971,stock
2025-07-21,NLICL,640.38,636.14,651.92,627.88,33083,stock
2025-07-22,NLICL,639.42,650.55,657.69,636.35,74212,stock
2025-07-23,NLICL,662.5,646.81,663.46,634.62,56667,stock
2025-07-24,NLICL,634.62,641.89,647.12,634.62,35126,stock
2025-07-27,NLICL,635.58,635.5,645.19,632.69,57040,stock
2025-07-28,NLICL,625.0,632.55,634.62,625.0,31797,stock
2025-07-29,NLICL,639.42,630.22,644.52,628.85,41399,stock
2025-07-30,NLICL,642.79,622.19,655.58,621.15,38373,stock
2025-07-31,NLICL,611.63,629.62,634.13,611.63,27029,stock
2025-08-03,NLICL,621.15,616.88,632.69,610.58,39474,stock
2025-08-04,NLICL,620.0,623.81,626.92,608.65,25691,stock
2025-08-05,NLICL,635.58,607.22,635.58,605.77,39129,stock
2025-08-06,NLICL,604.81,607.31,615.38,604.81,17429,stock
2025-08-07,NLICL,605.77,613.88,617.31,605.77,6875,stock
2025-08-11,NLICL,607.69,607.14,613.46,604.81,26120,stock
2025-08-12,NLICL,607.69,596.13,607.69,593.27,22910,stock
2025-08-13,NLICL,594.23,591.29,600.0,585.58,13791,stock
2025-08-14,NLICL,600.96,591.88,600.96,588.46,6207,stock
2025-08-17,NLICL,591.35,577.04,601.83,574.04,34583,stock
2025-08-18,NLICL,567.5,583.21,590.29,567.5,9437,stock
2025-08-19,NLICL,586.54,582.75,589.42,577.88,13403,stock
2025-08-20,NLICL,582.69,583.62,594.13,578.85,7364,stock
2025-08-21,NLICL,594.23,577.68,594.23,576.92,15236,stock
2025-08-24,NLICL,588.94,578.64,595.19,571.15,3816,stock
2025-08-25,NLICL,587.5,580.61,589.33,579.13,7921,stock
2025-08-26,NLICL,578.85,579.97,583.56,578.17,5048,stock
2025-08-27,NLICL,579.23,591.97,593.75,579.04,16392,stock
2025-08-28,NLICL,595.19,578.42,595.19,576.44,31930,stock
2025-08-31,NLICL,572.69,568.69,575.0,567.02,26924,stock
2025-09-01,NLICL,580.0,570.4,591.35,558.85,9506,stock
2025-09-02,NLICL,581.73,571.94,581.73,568.27,12089,stock
2025-09-03,NLICL,571.94,568.74,576.92,568.27,3143,stock
2025-09-04,NLICL,567.4,565.45,615.19,563.94,10815,stock
2025-09-07,NLICL,554.23,564.03,611.63,554.23,7968,stock
2025-09-08,NLICL,552.79,557.46,605.77,552.79,17728,stock
2025-09-18,NLICL,546.35,528.85,546.35,524.9,1378,stock
2025-09-21,NLICL,528.85,556.4,581.73,518.27,18405,stock
2025-09-23,NLICL,548.08,572.12,593.27,548.08,22765,stock
2025-09-24,NLICL,568.27,567.31,575.0,567.31,5131,stock
2025-09-25,NLICL,557.79,576.92,591.83,557.79,3953,stock
2025-09-28,NLICL,572.12,576.83,579.71,562.5,16205,stock
2025-10-07,NLICL,567.31,564.52,575.0,564.52,5348,stock
2025-10-08,NLICL,562.5,555.77,566.35,549.04,28733,stock
2025-10-09,NLICL,566.83,563.46,611.35,558.65,11040,stock
2025-10-12,NLICL,567.31,550.67,567.31,546.25,15910,stock
2025-10-13,NLICL,561.54,560.58,563.46,533.65,29917,stock
2025-10-14,NLICL,560.58,557.69,562.21,550.96,12191,stock
2025-10-15,NLICL,557.69,557.69,559.62,552.88,10036,stock
2025-10-16,NLICL,568.27,555.77,568.27,549.13,12000,stock
2025-10-19,NLICL,555.77,557.5,557.69,552.88,3228,stock
2025-10-26,NLICL,552.88,567.31,567.31,549.13,2336,stock
2025-10-28,NLICL,576.92,581.73,588.17,568.27,15517,stock
2025-10-29,NLICL,580.77,576.83,593.27,568.75,13296,stock
2025-10-30,NLICL,568.27,588.37,598.08,568.27,14664,stock
2025-11-02,NLICL,596.92,612.5,614.42,585.58,77326,stock
2025-11-03,NLICL,614.04,603.85,615.38,597.69,32964,stock
2025-11-04,NLICL,600.96,591.54,600.96,591.35,13667,stock
2025-11-05,NLICL,585.58,592.21,595.1,583.37,10679,stock
2025-11-06,NLICL,590.58,580.96,598.08,580.38,26577,stock
2025-11-09,NLICL,586.54,576.92,588.46,576.92,12985,stock
2025-11-10,NLICL,574.04,586.54,591.35,574.04,20673,stock
2025-11-11,NLICL,575.58,589.42,589.42,575.58,5319,stock
2025-11-12,NLICL,595.19,579.81,595.19,569.9,37520,stock
2025-11-13,NLICL,585.38,572.6,585.58,571.15,14606,stock
2025-11-16,NLICL,576.92,573.08,576.92,572.12,6789,stock
2025-11-17,NLICL,572.12,578.75,579.81,567.4,8730,stock
2025-11-18,NLICL,578.85,581.63,586.54,578.85,16637,stock
2025-11-19,NLICL,590.29,578.75,590.29,574.62,4978,stock
2025-11-20,NLICL,574.13,575.96,584.62,574.13,12917,stock
2025-11-23,NLICL,586.54,594.23,594.23,576.92,87785,stock
2025-11-24,NLICL,603.85,619.04,619.23,593.27,135255,stock
2025-11-25,NLICL,607.31,605.77,619.23,601.92,49863,stock
2025-11-26,NLICL,617.88,600.0,617.88,587.4,73107,stock
2025-11-27,NLICL,596.25,601.44,610.58,596.25,34175,stock
2025-11-30,NLICL,592.5,605.67,615.29,592.5,42005,stock
2025-12-01,NLICL,594.42,599.52,604.81,594.33,19169,stock
2025-12-02,NLICL,610.48,588.94,611.35,586.35,18049,stock
2025-12-03,NLICL,595.58,583.37,595.58,582.88,26530,stock
2025-12-07,NLICL,591.35,579.23,606.83,577.02,13037,stock
2025-12-08,NLICL,577.88,583.65,588.08,577.02,9168,stock
2025-12-09,NLICL,586.54,584.13,590.87,582.69,8587,stock
2025-12-10,NLICL,594.13,585.77,594.13,582.88,11959,stock
2025-12-11,NLICL,586.54,588.27,590.38,581.73,18008,stock
2025-12-14,NLICL,588.46,586.15,592.21,583.65,23013,stock
2025-12-15,NLICL,583.75,589.42,591.15,581.83,11971,stock
2025-12-16,NLICL,586.54,592.21,592.21,586.54,9800,stock
2025-12-17,NLICL,589.42,591.35,598.08,589.04,12008,stock
2025-12-18,NLICL,594.52,583.65,594.52,583.65,20245,stock
2025-12-21,NLICL,583.65,581.73,586.54,572.31,9247,stock
2025-12-22,NLICL,583.65,579.42,583.65,576.92,13652,stock
2025-12-23,NLICL,577.02,577.02,581.73,573.27,17293,stock
2025-12-24,NLICL,577.02,579.81,581.73,576.92,7971,stock
2025-12-28,NLICL,580.77,595.19,595.19,580.77,29194,stock
2025-12-29,NLICL,591.35,586.54,591.35,585.58,52424,stock
2025-12-31,NLICL,587.02,581.73,590.38,581.73,41247,stock
2026-01-01,NLICL,582.0,578.0,589.8,573.1,10575,stock
2026-01-04,NLICL,583.0,577.7,583.0,573.0,7861,stock
2026-01-05,NLICL,585.9,583.7,585.9,574.4,8911,stock
2026-01-06,NLICL,580.0,578.0,583.7,577.1,9177,stock
2026-01-07,NLICL,580.0,579.3,582.5,575.0,12718,stock
2026-01-08,NLICL,570.0,584.9,584.9,569.1,14633,stock
2026-01-12,NLICL,584.0,583.5,594.7,577.0,50455,stock
2026-01-13,NLICL,583.0,575.5,594.5,575.0,6576,stock
2026-01-14,NLICL,586.0,577.0,586.0,574.0,9750,stock
2026-01-18,NLICL,584.0,584.0,584.9,577.0,15853,stock
2026-01-20,NLICL,589.0,594.1,610.0,585.9,41803,stock
2026-01-21,NLICL,604.9,599.0,614.0,594.0,27941,stock
2026-01-22,NLICL,591.0,596.0,599.9,590.1,17586,stock
2026-01-25,NLICL,607.0,604.0,607.9,584.1,26237,stock
2026-01-26,NLICL,595.0,599.9,604.0,595.0,21820,stock
2026-01-27,NLICL,600.0,594.0,605.9,587.2,15231,stock
2026-01-28,NLICL,595.0,588.2,600.0,584.0,10671,stock
2026-01-29,NLICL,584.2,590.5,597.0,584.2,13276,stock
2026-02-01,NLICL,582.0,585.3,591.0,580.0,16701,stock
2026-02-02,NLICL,595.9,586.5,597.0,582.0,13531,stock
2026-02-03,NLICL,586.5,584.4,589.0,584.0,21128,stock
2026-02-04,NLICL,595.59,588.0,596.0,579.3,3208,stock
2026-02-05,NLICL,584.0,595.0,595.0,580.1,12887,stock
2026-02-08,NLICL,585.1,587.0,595.0,585.1,10971,stock
2026-02-09,NLICL,580.3,584.4,585.0,580.0,16123,stock
2026-02-10,NLICL,580.1,576.0,595.0,575.0,19076,stock
2026-02-11,NLICL,587.0,579.0,596.9,576.5,23198,stock
2026-02-12,NLICL,574.1,585.0,587.6,574.1,15949,stock
2026-02-16,NLICL,578.0,579.9,587.9,577.1,11798,stock
2026-02-17,NLICL,578.1,569.0,580.0,569.0,65418,stock
2026-02-22,NLICL,568.2,565.0,570.0,560.2,12162,stock
2026-02-23,NLICL,563.0,569.0,577.8,557.2,5606,stock
2026-02-24,NLICL,570.0,571.0,571.0,565.1,6222,stock
2026-02-25,NLICL,567.1,576.0,590.0,565.0,22814,stock
2026-02-26,NLICL,576.0,579.1,581.4,570.6,5457,stock
2026-03-01,NLICL,568.0,588.0,588.9,568.0,8191,stock
2026-03-03,NLICL,599.7,590.0,599.7,581.3,11928,stock
2026-03-10,NLICL,601.0,614.9,617.0,600.0,66102,stock
2026-03-11,NLICL,627.1,614.0,627.1,602.4,21660,stock
2026-03-12,NLICL,615.0,612.0,619.0,607.0,22192,stock
2026-03-15,NLICL,605.1,610.0,614.0,605.1,21090,stock
2026-03-16,NLICL,603.0,610.0,610.0,602.0,15113,stock
2026-03-17,NLICL,606.0,608.6,609.9,602.0,15796,stock
2026-03-19,NLICL,620.0,620.0,631.0,589.0,71173,stock
2026-03-22,NLICL,620.0,632.0,637.5,620.0,58600,stock
2026-03-23,NLICL,638.0,625.2,638.9,620.0,38282,stock
2026-03-24,NLICL,630.0,624.0,630.0,618.0,38207,stock
2026-03-25,NLICL,636.0,618.0,636.0,600.0,102641,stock
2026-03-26,NLICL,611.0,614.0,617.0,607.0,33341,stock
2026-03-29,NLICL,614.0,604.9,618.0,601.1,46520,stock
2026-03-30,NLICL,595.0,598.0,610.0,595.0,35259,stock
2026-03-31,NLICL,600.0,605.0,606.6,595.0,18760,stock
2026-04-01,NLICL,601.1,594.5,605.0,589.0,30785,stock
2026-04-02,NLICL,587.1,590.0,596.9,585.1,18926,stock
2026-04-05,NLICL,585.0,580.0,587.0,576.0,32128,stock
2026-04-06,NLICL,581.1,598.4,598.4,581.1,10142,stock
2026-04-07,NLICL,599.0,588.0,602.0,587.1,12237,stock
2026-04-08,NLICL,599.0,594.0,599.0,585.0,22685,stock
2026-04-09,NLICL,587.0,596.0,603.0,587.0,15162,stock
2026-04-10,NLICL,597.0,595.0,598.5,590.3,12040,stock
2026-04-13,NLICL,595.0,594.0,618.9,593.1,9412,stock
2026-04-15,NLICL,603.0,595.8,603.0,594.2,13098,stock
2026-04-16,NLICL,593.5,594.9,599.0,588.0,8308,stock
2026-04-17,NLICL,595.0,593.7,597.0,582.0,13780,stock
2026-04-20,NLICL,593.7,585.5,595.0,585.1,3344,stock
2026-04-21,NLICL,614.7,588.0,614.7,579.1,5651,stock
2026-04-22,NLICL,558.6,583.5,612.0,558.6,25457,stock
2026-04-23,NLICL,588.0,586.0,588.0,581.1,3769,stock
2026-04-24,NLICL,581.0,580.0,582.0,575.3,13878,stock
2026-04-27,NLICL,571.0,584.0,623.8,571.0,20711,stock
2026-04-28,NLICL,584.0,590.0,599.0,579.1,13887,stock
2026-04-29,NLICL,591.9,588.0,591.9,578.0,5858,stock
2026-04-30,NLICL,575.1,587.0,596.9,575.0,8965,stock
2026-05-04,NLICL,590.0,582.4,590.0,577.5,4098,stock
2026-05-05,NLICL,580.2,575.0,583.0,570.5,19902,stock
2026-05-06,NLICL,575.0,576.0,580.0,573.5,7530,stock
2026-05-07,NLICL,572.2,577.7,580.0,571.3,4887,stock
2026-05-08,NLICL,580.0,581.1,592.0,580.0,9950,stock
2026-05-11,NLICL,578.4,586.0,595.0,578.4,2290,stock
2026-05-12,NLICL,590.0,590.0,595.8,585.0,7211,stock
2026-05-13,NLICL,588.0,585.0,588.9,583.0,5429,stock
2026-05-14,NLICL,588.0,587.7,590.0,585.0,5204,stock
2026-05-15,NLICL,593.0,589.8,593.0,584.1,7095,stock
2026-05-18,NLICL,589.0,589.0,590.0,580.4,2023,stock
2026-05-19,NLICL,596.4,587.0,596.4,583.0,3187,stock
2026-05-20,NLICL,590.0,588.2,591.9,583.2,6134,stock
2026-05-21,NLICL,599.4,589.8,599.4,583.0,3707,stock
2026-05-22,NLICL,596.0,591.0,596.0,585.0,3932,stock
2026-05-25,NLICL,595.8,594.0,595.8,586.2,5680,stock
2026-05-26,NLICL,586.0,591.0,599.5,586.0,8136,stock
2026-05-27,NLICL,591.0,594.0,597.9,585.2,20475,stock
2026-06-01,NLICL,564.3,588.7,599.9,564.3,16137,stock
2026-06-02,NLICL,588.0,591.0,595.0,588.0,12940,stock
2026-06-03,NLICL,590.0,599.0,612.0,580.0,24051,stock
2026-06-04,NLICL,600.0,594.9,603.0,588.1,17573,stock
2026-06-05,NLICL,585.3,595.0,595.0,585.1,4289,stock
2026-06-08,NLICL,600.0,592.8,606.0,585.0,6837,stock
2026-06-09,NLICL,586.2,588.0,590.0,585.1,6721,stock
2026-06-10,NLICL,586.2,588.2,590.0,583.5,4486,stock
2026-06-11,NLICL,588.1,582.6,590.9,580.2,10352,stock
2026-06-12,NLICL,580.2,581.7,589.0,580.2,2177,stock
2026-06-15,NLICL,581.2,581.5,588.0,578.2,11993,stock
2026-06-16,NLICL,576.6,579.9,581.0,576.6,3668,stock
2026-06-17,NLICL,577.0,579.0,592.0,571.2,13241,stock
2026-06-18,NLICL,578.0,580.0,587.6,574.1,1706,stock
2026-06-19,NLICL,576.2,583.0,584.0,576.2,9424,stock
2026-06-22,NLICL,583.0,580.0,586.0,580.0,16773,stock
2026-06-23,NLICL,579.0,573.5,584.0,573.5,22860,stock
2026-06-24,NLICL,577.2,572.9,577.2,572.5,5840,stock
2026-06-25,NLICL,573.2,566.0,573.2,565.0,7558,stock
2026-06-26,NLICL,565.5,567.1,575.0,565.5,11537,stock
2026-06-29,NLICL,569.0,570.0,573.0,565.2,13416,stock
2026-06-30,NLICL,567.0,574.0,574.0,560.1,7644,stock
2026-07-01,NLICL,565.0,583.0,588.0,565.0,3833,stock
2026-07-02,NLICL,590.0,594.3,599.0,560.0,8212,stock
2026-07-03,NLICL,594.3,573.0,612.0,572.6,18259,stock
2026-07-06,NLICL,590.0,572.0,607.5,571.0,24807,stock
2026-07-07,NLICL,574.0,576.1,579.9,572.0,7316,stock
2026-07-08,NLICL,571.0,577.0,578.0,571.0,7823,stock
2026-07-09,NLICL,573.7,570.2,575.0,570.2,15725,stock
2026-07-10,NLICL,580.0,573.0,622.0,568.1,74867,stock
2026-07-13,NLICL,582.0,570.0,582.0,568.0,46092,stock
2026-07-14,NLICL,570.0,571.0,572.0,567.0,7835,stock
2026-07-15,NLICL,579.0,580.0,580.0,570.0,8530,stock
2026-07-16,NLICL,609.0,579.0,622.0,570.0,68074,stock
2026-07-17,NLICL,565.1,588.0,590.5,565.1,15841,stock
2026-07-20,NLICL,585.0,590.0,595.0,585.0,9262,stock
2026-07-21,NLICL,590.0,594.0,596.0,580.0,11954,stock
2026-07-22,NLICL,594.0,589.0,594.0,580.5,2245,stock
2026-07-23,NLICL,580.6,583.0,590.0,577.0,6968,stock
2026-07-24,NLICL,583.0,588.0,600.0,580.0,76294,stock
2026-07-27,NLICL,588.0,581.3,605.0,581.3,31299,stock
2026-07-28,NLICL,584.5,578.0,585.0,577.0,2003,stock
2026-07-29,NLICL,606.9,580.0,606.9,579.1,5796,stock
2026-07-30,NLICL,584.5,570.0,608.0,570.0,33209,stock
2026-07-31,NLICL,587.0,560.1,587.0,560.1,52877,stock
2026-08-03,NLICL,566.0,572.0,579.0,564.0,36736,stock
2026-08-04,NLICL,565.0,571.3,579.9,565.0,15927,stock
2026-08-05,NLICL,572.0,570.0,572.0,569.5,12252,stock
2026-08-06,NLICL,562.0,570.0,575.0,562.0,7846,stock
2026-08-07,NLICL,570.0,562.0,570.0,562.0,16965,stock
2026-08-10,NLICL,563.0,567.0,568.0,561.0,8653,stock
2026-08-11,NLICL,568.0,567.0,569.0,565.0,10114,stock
2026-08-12,NLICL,569.5,565.0,569.9,564.0,7501,stock
2026-08-13,NLICL,567.7,568.0,568.9,566.0,2823,stock
2026-08-14,NLICL,566.0,575.0,612.0,566.0,12928,stock
2026-08-17,NLICL,580.0,576.0,609.0,566.5,64587,stock
2026-08-18,NLICL,576.0,568.0,576.0,568.0,10536,stock
2026-08-19,NLICL,565.0,565.1,572.8,562.0,5191,stock
2026-08-20,NLICL,560.09,563.0,575.0,560.09,14317,stock
2026-08-21,NLICL,563.0,562.0,570.0,560.09,14932,stock
2026-08-24,NLICL,562.0,562.8,562.8,560.0,4354,stock
2026-08-25,NLICL,562.9,563.9,566.0,560.0,11340,stock
2026-08-26,NLICL,560.0,560.0,560.5,551.4,5300,stock
2026-08-27,NLICL,553.1,566.9,566.9,543.4,5126,stock
2026-08-31,NLICL,555.0,538.4,564.9,538.4,12662,stock
2026-09-01,NLICL,554.5,547.3,554.5,545.1,8302,stock
2026-09-02,NLICL,553.0,551.7,553.0,547.2,9348,stock
2026-09-03,NLICL,553.0,550.0,560.9,550.0,5530,stock
2026-09-07,NLICL,550.3,550.3,555.1,550.0,5233,stock
2026-09-09,NLICL,546.3,550.2,557.4,546.0,6589,stock
2026-09-10,NLICL,551.0,558.0,560.0,545.0,4994,stock
2026-09-11,NLICL,551.0,558.0,558.0,546.2,7668,stock
2026-09-14,NLICL,565.0,565.0,568.0,558.0,3009,stock
2026-09-15,NLICL,590.0,578.9,590.0,557.8,45566,stock
2026-09-16,NLICL,579.5,568.0,579.9,564.0,14943,stock
2026-09-17,NLICL,578.0,578.9,579.0,568.1,16843,stock
2026-09-18,NLICL,575.0,582.0,587.0,573.3,46056,stock
2026-09-22,NLICL,580.9,582.0,585.0,580.0,22517,stock
2026-09-23,NLICL,580.1,572.0,584.5,570.0,16226,stock
2026-09-24,NLICL,570.0,581.4,584.8,565.1,15395,stock
2026-09-28,NLICL,579.0,572.2,585.0,572.2,9342,stock
2026-09-29,NLICL,568.8,566.0,568.8,560.1,13685,stock
2026-09-30,NLICL,562.0,568.0,575.4,560.0,18619,stock
2026-10-01,NLICL,552.1,569.9,575.0,552.1,4692,stock
2026-10-02,NLICL,569.0,564.0,569.0,555.0,5201,stock
2026-10-05,NLICL,560.3,564.0,568.0,560.3,4107,stock
2026-10-06,NLICL,564.0,567.0,580.0,562.0,13960,stock
