time,symbol,open,close,high,low,volume,category
2017-02-08,NMFBS,70.52,70.52,70.52,70.52,10,stock
2017-02-14,NMFBS,71.91,71.91,71.91,71.91,10,stock
2017-02-19,NMFBS,73.3,79.02,79.02,73.3,1000,stock
2017-02-23,NMFBS,80.55,83.62,83.62,80.55,40,stock
2017-03-14,NMFBS,85.29,85.29,85.29,85.29,10,stock
2017-03-20,NMFBS,86.96,86.96,86.96,86.96,10,stock
2017-03-21,NMFBS,88.63,91.98,90.31,88.63,30,stock
2017-04-09,NMFBS,91.98,91.98,91.98,91.98,19,stock
2017-04-11,NMFBS,94.76,94.76,94.76,94.76,29,stock
2017-04-13,NMFBS,96.58,96.58,96.58,96.58,10,stock
2017-05-02,NMFBS,98.39,98.39,98.39,98.39,10,stock
2017-05-18,NMFBS,98.39,103.27,103.27,103.27,20,stock
2017-05-22,NMFBS,105.22,113.58,113.58,105.22,70,stock
2017-05-24,NMFBS,113.58,120.27,120.27,115.81,30,stock
2017-05-30,NMFBS,122.64,127.38,127.38,122.64,30,stock
2017-06-06,NMFBS,129.88,129.88,129.88,129.88,40,stock
2017-06-08,NMFBS,129.88,129.88,129.88,129.88,10,stock
2017-06-12,NMFBS,136.29,138.94,138.94,136.29,29,stock
2017-06-13,NMFBS,141.59,144.38,144.38,141.59,20,stock
2017-06-14,NMFBS,147.16,147.16,147.16,147.16,10,stock
2017-06-15,NMFBS,147.16,155.94,155.94,147.16,58,stock
2017-06-20,NMFBS,159.01,165.28,165.28,159.01,30,stock
2017-06-21,NMFBS,168.49,171.83,171.83,168.49,30,stock
2017-06-27,NMFBS,180.33,180.33,180.33,180.33,10,stock
2017-07-03,NMFBS,183.82,187.44,187.44,183.82,39,stock
2017-07-04,NMFBS,191.06,194.83,191.06,191.06,39,stock
2017-07-05,NMFBS,194.83,198.59,198.59,194.83,20,stock
2017-07-06,NMFBS,202.49,202.49,202.49,202.49,10,stock
2017-07-10,NMFBS,206.53,210.57,210.57,206.53,20,stock
2017-07-12,NMFBS,214.75,218.93,218.93,214.75,30,stock
2017-07-13,NMFBS,229.8,238.86,238.86,229.8,50,stock
2017-07-16,NMFBS,243.6,248.34,248.34,243.6,20,stock
2017-07-17,NMFBS,253.22,268.55,268.55,253.22,140,stock
2017-07-19,NMFBS,273.84,273.84,273.84,273.84,10,stock
2017-07-20,NMFBS,279.28,279.28,279.28,279.28,20,stock
2017-07-25,NMFBS,284.85,290.43,290.43,284.85,20,stock
2017-07-26,NMFBS,296.14,301.99,301.99,296.14,30,stock
2017-07-27,NMFBS,307.99,320.39,320.39,307.99,30,stock
2017-07-30,NMFBS,326.66,352.3,352.3,326.66,123,stock
2017-07-31,NMFBS,359.27,387.42,387.42,359.27,80,stock
2017-08-01,NMFBS,406.79,426.16,426.16,406.79,152,stock
2017-08-02,NMFBS,434.66,468.67,468.67,434.66,1369,stock
2017-08-03,NMFBS,468.67,515.49,515.49,478.01,8523,stock
2017-08-06,NMFBS,525.67,537.23,537.23,508.66,11155,stock
2017-08-07,NMFBS,537.93,528.87,537.93,524.13,5405,stock
2017-08-09,NMFBS,529.57,524.13,530.27,522.6,3152,stock
2017-08-10,NMFBS,524.13,519.12,524.13,518.84,2559,stock
2017-08-13,NMFBS,529.43,498.91,529.29,496.26,1769,stock
2017-08-15,NMFBS,491.94,505.88,505.88,487.76,1928,stock
2017-08-16,NMFBS,505.88,510.06,514.94,496.4,1838,stock
2017-08-17,NMFBS,501.7,507.69,508.8,501.7,1551,stock
2017-08-20,NMFBS,501.7,501.84,506.57,501.7,2129,stock
2017-08-21,NMFBS,501.7,497.66,501.7,494.73,835,stock
2017-08-22,NMFBS,497.52,497.52,501.7,489.15,1476,stock
2017-08-23,NMFBS,489.43,496.82,497.52,489.43,542,stock
2017-08-24,NMFBS,496.82,498.91,501.0,489.29,1072,stock
2017-08-27,NMFBS,498.91,499.19,508.66,496.82,1155,stock
2017-08-28,NMFBS,489.85,506.57,506.57,489.85,1980,stock
2017-08-30,NMFBS,508.66,508.66,513.26,503.23,2153,stock
2017-08-31,NMFBS,508.66,504.34,508.66,502.53,658,stock
2017-09-04,NMFBS,502.39,503.37,505.88,501.0,1114,stock
2017-09-06,NMFBS,495.43,505.88,511.45,495.43,645,stock
2017-09-07,NMFBS,505.88,507.83,517.03,505.88,758,stock
2017-09-10,NMFBS,504.48,499.88,504.48,499.05,2231,stock
2017-09-11,NMFBS,490.55,508.39,510.06,490.55,1368,stock
2017-09-12,NMFBS,499.88,508.66,510.06,499.88,1675,stock
2017-09-13,NMFBS,514.24,499.33,514.24,499.19,1415,stock
2017-09-14,NMFBS,496.12,449.3,496.12,449.3,1914,stock
2017-09-17,NMFBS,440.38,454.31,457.1,431.6,3981,stock
2017-09-18,NMFBS,459.89,466.86,472.57,454.45,1253,stock
2017-09-20,NMFBS,469.64,460.03,469.64,450.83,253,stock
2017-09-24,NMFBS,454.31,462.68,462.68,454.31,256,stock
2017-09-25,NMFBS,462.68,466.86,466.86,458.08,233,stock
2017-09-26,NMFBS,466.86,466.86,466.86,466.72,62,stock
2017-10-03,NMFBS,466.86,466.86,466.86,462.68,259,stock
2017-10-04,NMFBS,464.07,466.16,468.25,464.07,317,stock
2017-10-08,NMFBS,460.59,453.62,460.59,452.92,551,stock
2017-10-09,NMFBS,453.62,453.62,456.4,452.92,644,stock
2017-10-10,NMFBS,452.92,448.74,452.92,448.74,195,stock
2017-10-11,NMFBS,446.79,449.02,454.87,446.09,580,stock
2017-10-12,NMFBS,449.02,444.84,449.02,444.7,1028,stock
2017-10-15,NMFBS,448.74,445.95,452.92,443.86,339,stock
2017-10-16,NMFBS,450.13,448.74,454.87,445.95,366,stock
2017-10-17,NMFBS,447.35,441.21,451.53,440.38,768,stock
2017-10-22,NMFBS,444.56,446.65,447.35,440.38,805,stock
2017-10-23,NMFBS,446.65,452.22,452.22,445.95,80,stock
2017-10-24,NMFBS,452.22,443.72,451.53,443.44,76,stock
2017-10-25,NMFBS,443.72,438.85,443.72,432.16,1809,stock
2017-10-29,NMFBS,435.5,434.11,436.2,434.11,332,stock
2017-10-30,NMFBS,425.75,423.79,427.84,423.65,2646,stock
2017-10-31,NMFBS,422.26,433.41,433.41,418.08,141,stock
2017-11-01,NMFBS,424.77,420.87,424.91,418.08,186,stock
2017-11-02,NMFBS,418.08,414.04,421.56,412.51,925,stock
2017-11-05,NMFBS,404.84,405.54,405.54,402.75,970,stock
2017-11-06,NMFBS,405.54,404.14,412.51,397.46,1621,stock
2017-11-07,NMFBS,404.14,397.87,404.14,397.87,379,stock
2017-11-08,NMFBS,399.96,399.96,402.75,392.3,726,stock
2017-11-09,NMFBS,400.66,402.61,409.44,400.66,638,stock
2017-11-12,NMFBS,402.61,404.14,404.14,401.36,115,stock
2017-11-13,NMFBS,397.73,402.05,403.87,397.73,315,stock
2017-11-14,NMFBS,402.75,415.29,418.08,402.75,230,stock
2017-11-15,NMFBS,415.29,414.6,418.08,414.6,441,stock
2017-11-16,NMFBS,408.33,410.0,410.14,408.33,379,stock
2017-11-19,NMFBS,410.0,409.86,409.86,401.91,272,stock
2017-11-20,NMFBS,411.11,399.96,411.11,399.96,120,stock
2017-11-21,NMFBS,392.3,395.36,404.14,392.3,117,stock
2017-11-22,NMFBS,395.36,397.59,398.57,394.39,147,stock
2017-11-23,NMFBS,397.59,405.54,405.54,390.35,150,stock
2017-11-26,NMFBS,405.54,411.11,411.11,405.54,69,stock
2017-11-27,NMFBS,411.11,408.33,417.94,408.33,274,stock
2017-11-28,NMFBS,416.41,419.47,420.87,408.33,2298,stock
2017-11-29,NMFBS,429.23,429.23,437.59,421.01,1513,stock
2017-11-30,NMFBS,428.95,438.15,444.0,423.79,3035,stock
2017-12-04,NMFBS,438.32,435.14,435.14,434.8,494,stock
2017-12-05,NMFBS,434.8,434.8,437.31,433.13,142,stock
2017-12-06,NMFBS,443.5,452.36,452.36,443.5,30,stock
2017-12-10,NMFBS,461.39,469.92,469.92,461.39,69,stock
2017-12-11,NMFBS,469.92,442.66,469.92,442.66,583,stock
2017-12-12,NMFBS,437.31,437.14,437.31,434.8,220,stock
2017-12-13,NMFBS,429.79,439.65,439.65,429.79,209,stock
2017-12-14,NMFBS,434.8,430.29,434.8,430.29,40,stock
2017-12-17,NMFBS,439.49,447.18,447.18,439.49,29,stock
2017-12-19,NMFBS,447.35,447.35,447.35,447.35,10,stock
2017-12-20,NMFBS,438.48,428.11,438.48,423.1,704,stock
2017-12-21,NMFBS,421.76,424.77,431.46,421.76,368,stock
2017-12-24,NMFBS,422.26,419.92,426.44,418.92,628,stock
2017-12-26,NMFBS,411.39,410.55,413.06,410.55,368,stock
2017-12-27,NMFBS,402.53,408.88,408.88,394.33,79,stock
2017-12-28,NMFBS,401.36,399.18,407.21,399.18,502,stock
2017-12-31,NMFBS,391.32,383.63,391.32,383.63,239,stock
2018-01-01,NMFBS,386.31,400.86,400.86,386.31,314,stock
2018-01-02,NMFBS,401.36,393.5,401.36,393.5,339,stock
2018-01-03,NMFBS,389.65,379.78,389.65,379.78,208,stock
2018-01-04,NMFBS,379.62,376.44,380.79,376.44,576,stock
2018-01-07,NMFBS,383.97,385.47,385.47,382.96,310,stock
2018-01-08,NMFBS,384.63,379.62,384.63,379.62,490,stock
2018-01-09,NMFBS,379.62,394.67,394.67,385.47,354,stock
2018-01-10,NMFBS,393.16,393.16,393.33,393.0,80,stock
2018-01-14,NMFBS,385.47,377.61,385.47,376.44,310,stock
2018-01-16,NMFBS,371.42,372.93,376.27,371.42,186,stock
2018-01-17,NMFBS,370.08,371.26,375.1,367.91,210,stock
2018-01-21,NMFBS,369.58,379.45,381.29,369.58,460,stock
2018-01-22,NMFBS,372.09,371.26,373.76,371.26,410,stock
2018-01-23,NMFBS,373.26,370.25,373.76,369.58,390,stock
2018-01-24,NMFBS,372.93,372.76,372.93,369.58,348,stock
2018-01-25,NMFBS,372.93,375.44,375.44,372.93,461,stock
2018-01-28,NMFBS,371.26,372.26,374.6,371.26,238,stock
2018-01-29,NMFBS,365.07,372.26,379.62,365.07,329,stock
2018-01-31,NMFBS,379.62,376.27,382.13,374.6,511,stock
2018-02-01,NMFBS,379.62,383.63,383.63,377.11,487,stock
2018-02-04,NMFBS,381.29,384.63,384.63,379.78,435,stock
2018-02-05,NMFBS,382.63,377.11,382.63,377.11,384,stock
2018-02-06,NMFBS,374.6,374.6,374.6,372.26,420,stock
2018-02-07,NMFBS,372.26,366.24,372.26,366.24,229,stock
2018-02-08,NMFBS,361.22,367.91,373.43,361.22,130,stock
2018-02-11,NMFBS,361.56,361.39,363.4,361.39,220,stock
2018-02-12,NMFBS,355.37,363.4,363.4,355.37,50,stock
2018-02-14,NMFBS,362.89,364.57,364.57,358.04,428,stock
2018-02-15,NMFBS,365.57,394.33,394.33,365.57,363,stock
2018-02-18,NMFBS,394.33,387.98,401.36,387.98,372,stock
2018-02-20,NMFBS,384.63,369.58,384.63,369.58,90,stock
2018-02-21,NMFBS,369.58,363.9,369.58,362.89,176,stock
2018-02-22,NMFBS,371.09,362.89,371.09,359.55,512,stock
2018-02-25,NMFBS,356.2,361.22,361.22,356.2,219,stock
2018-02-26,NMFBS,354.7,354.7,356.2,353.7,519,stock
2018-02-27,NMFBS,349.52,359.55,359.55,349.52,49,stock
2018-02-28,NMFBS,353.03,350.52,353.03,349.68,272,stock
2018-03-04,NMFBS,344.67,334.46,344.67,330.28,524,stock
2018-03-06,NMFBS,319.41,329.28,329.28,315.23,412,stock
2018-03-07,NMFBS,328.61,338.65,338.65,328.61,129,stock
2018-03-11,NMFBS,338.65,325.43,331.96,325.43,50,stock
2018-03-12,NMFBS,325.43,326.1,326.1,326.1,70,stock
2018-03-13,NMFBS,321.25,321.25,321.25,321.25,10,stock
2018-03-14,NMFBS,321.09,317.74,321.09,317.74,120,stock
2018-03-15,NMFBS,324.1,324.1,324.1,324.1,10,stock
2018-03-18,NMFBS,320.75,320.75,320.75,320.75,10,stock
2018-03-19,NMFBS,317.74,318.58,321.92,316.9,180,stock
2018-03-20,NMFBS,315.23,320.92,321.09,314.4,499,stock
2018-03-21,NMFBS,315.23,311.05,315.23,303.36,376,stock
2018-03-22,NMFBS,304.86,297.67,304.86,293.16,695,stock
2018-03-26,NMFBS,289.48,273.09,289.48,273.09,155,stock
2018-03-27,NMFBS,268.41,289.48,289.48,267.74,425,stock
2018-03-28,NMFBS,289.48,278.27,292.66,278.27,333,stock
2018-03-29,NMFBS,279.28,283.79,283.79,275.93,210,stock
2018-04-01,NMFBS,278.78,278.78,278.78,278.78,10,stock
2018-04-02,NMFBS,284.29,280.11,284.29,278.44,142,stock
2018-04-03,NMFBS,275.1,276.1,277.61,275.1,91,stock
2018-04-04,NMFBS,275.93,289.98,292.66,274.26,945,stock
2018-04-05,NMFBS,292.66,299.35,310.38,292.66,524,stock
2018-04-08,NMFBS,305.2,311.89,323.43,304.2,2114,stock
2018-04-09,NMFBS,318.08,331.12,331.12,305.2,5959,stock
2018-04-10,NMFBS,324.6,315.23,324.6,307.87,1395,stock
2018-04-11,NMFBS,309.05,316.07,316.07,306.03,3929,stock
2018-04-12,NMFBS,319.92,317.74,319.92,313.89,1018,stock
2018-04-15,NMFBS,317.74,324.1,324.1,311.55,390,stock
2018-04-16,NMFBS,330.45,341.15,354.36,324.43,726,stock
2018-04-17,NMFBS,344.5,370.25,370.25,338.14,1669,stock
2018-04-18,NMFBS,362.89,361.22,387.98,360.55,1443,stock
2018-04-19,NMFBS,367.74,370.75,370.92,353.36,1235,stock
2018-04-22,NMFBS,370.75,407.71,407.71,377.94,2428,stock
2018-04-23,NMFBS,407.71,394.67,418.08,393.33,1947,stock
2018-04-24,NMFBS,386.81,420.42,420.42,384.63,1004,stock
2018-04-25,NMFBS,412.06,404.03,414.4,404.03,806,stock
2018-04-26,NMFBS,404.7,382.46,407.88,375.1,755,stock
2018-04-29,NMFBS,381.29,382.46,388.65,366.24,1335,stock
2018-05-02,NMFBS,382.63,389.32,389.48,381.79,261,stock
2018-05-03,NMFBS,397.01,398.01,404.87,392.49,1671,stock
2018-05-06,NMFBS,398.01,400.35,404.7,394.67,1046,stock
2018-05-07,NMFBS,392.66,388.65,396.34,387.31,620,stock
2018-05-08,NMFBS,388.48,403.03,404.03,388.48,128,stock
2018-05-09,NMFBS,404.03,401.36,403.87,389.65,255,stock
2018-05-10,NMFBS,401.36,401.19,401.36,394.67,651,stock
2018-05-14,NMFBS,395.5,395.67,399.68,394.67,152,stock
2018-05-15,NMFBS,393.0,393.83,395.67,390.49,280,stock
2018-05-16,NMFBS,396.34,401.36,401.36,394.67,355,stock
2018-05-17,NMFBS,401.36,402.19,413.06,401.36,494,stock
2018-05-20,NMFBS,409.72,399.68,409.72,399.68,1236,stock
2018-05-21,NMFBS,398.85,417.91,417.91,395.5,985,stock
2018-05-22,NMFBS,410.05,418.92,421.43,407.04,829,stock
2018-05-23,NMFBS,414.74,433.97,438.15,414.74,1824,stock
2018-05-24,NMFBS,433.97,419.75,429.79,419.75,1893,stock
2018-05-27,NMFBS,413.06,408.05,413.06,404.87,475,stock
2018-05-28,NMFBS,408.05,434.8,434.8,408.05,953,stock
2018-05-29,NMFBS,442.5,424.77,442.5,418.08,816,stock
2018-05-30,NMFBS,416.41,419.92,432.63,411.56,405,stock
2018-05-31,NMFBS,418.08,417.75,419.75,412.23,889,stock
2018-06-03,NMFBS,409.72,398.18,410.55,398.01,1226,stock
2018-06-04,NMFBS,390.32,395.5,404.87,388.48,1445,stock
2018-06-06,NMFBS,403.36,395.34,409.72,403.36,425,stock
2018-06-07,NMFBS,396.34,389.65,396.34,385.64,1320,stock
2018-06-10,NMFBS,382.13,393.0,393.0,380.45,1013,stock
2018-06-11,NMFBS,385.3,385.3,400.86,385.3,609,stock
2018-06-12,NMFBS,381.29,382.96,389.65,379.28,565,stock
2018-06-13,NMFBS,386.31,384.47,386.31,381.29,329,stock
2018-06-14,NMFBS,384.63,387.14,389.65,376.94,277,stock
2018-06-17,NMFBS,384.63,383.8,384.63,379.95,201,stock
2018-06-18,NMFBS,376.44,377.11,384.63,373.6,122,stock
2018-06-19,NMFBS,379.62,379.62,379.62,379.62,14,stock
2018-06-20,NMFBS,376.44,376.94,378.78,376.44,298,stock
2018-06-21,NMFBS,376.94,377.94,384.47,376.77,148,stock
2018-06-24,NMFBS,374.6,376.27,381.12,373.76,574,stock
2018-06-25,NMFBS,376.27,377.78,377.78,370.42,106,stock
2018-06-26,NMFBS,370.42,359.05,372.93,359.05,1142,stock
2018-06-27,NMFBS,352.86,365.57,372.93,346.17,422,stock
2018-06-28,NMFBS,360.39,353.36,367.91,353.36,302,stock
2018-07-01,NMFBS,357.88,360.55,361.22,357.88,168,stock
2018-07-02,NMFBS,354.7,361.39,367.74,354.7,90,stock
2018-07-03,NMFBS,356.2,359.55,361.22,353.7,360,stock
2018-07-04,NMFBS,359.55,352.86,366.74,352.86,627,stock
2018-07-05,NMFBS,354.53,376.27,382.96,354.53,885,stock
2018-07-08,NMFBS,368.75,369.58,382.79,368.75,1190,stock
2018-07-09,NMFBS,363.73,372.76,372.76,363.06,222,stock
2018-07-10,NMFBS,372.93,367.07,376.27,363.9,1443,stock
2018-07-11,NMFBS,374.27,374.6,393.0,374.27,1434,stock
2018-07-12,NMFBS,367.07,354.87,367.07,353.86,317,stock
2018-07-15,NMFBS,356.2,361.89,362.89,355.87,119,stock
2018-07-16,NMFBS,364.57,370.25,370.25,364.57,113,stock
2018-07-17,NMFBS,371.26,362.89,371.26,359.88,1592,stock
2018-07-18,NMFBS,353.86,359.55,359.55,353.86,269,stock
2018-07-19,NMFBS,359.55,360.39,364.57,359.55,521,stock
2018-07-22,NMFBS,360.39,354.2,364.57,354.2,622,stock
2018-07-23,NMFBS,354.53,368.75,368.75,354.53,284,stock
2018-07-24,NMFBS,368.75,370.42,379.45,368.75,543,stock
2018-07-25,NMFBS,367.91,361.39,367.91,360.89,635,stock
2018-07-26,NMFBS,361.22,361.22,361.22,361.22,88,stock
2018-07-29,NMFBS,358.71,358.71,358.71,358.71,20,stock
2018-07-30,NMFBS,352.86,362.06,362.06,352.86,166,stock
2018-07-31,NMFBS,359.72,360.39,365.24,359.72,116,stock
2018-08-01,NMFBS,357.88,360.55,361.22,357.88,168,stock
2018-08-02,NMFBS,354.7,361.39,367.74,354.7,90,stock
2018-08-05,NMFBS,361.39,356.71,362.06,356.54,174,stock
2018-08-06,NMFBS,353.7,363.73,363.73,353.7,130,stock
2018-08-07,NMFBS,363.56,358.04,363.56,358.04,302,stock
2018-08-08,NMFBS,356.2,356.2,356.54,354.7,862,stock
2018-08-09,NMFBS,357.88,354.53,357.88,354.53,330,stock
2018-08-12,NMFBS,354.53,348.51,354.53,348.34,580,stock
2018-08-13,NMFBS,348.34,351.19,351.19,342.99,224,stock
2018-08-14,NMFBS,351.19,352.02,352.69,347.84,386,stock
2018-08-15,NMFBS,349.52,359.55,361.56,349.52,676,stock
2018-08-16,NMFBS,366.24,361.72,366.24,354.53,357,stock
2018-08-19,NMFBS,360.39,354.87,360.39,354.87,397,stock
2018-08-20,NMFBS,354.53,351.52,354.87,351.19,358,stock
2018-08-21,NMFBS,346.17,348.18,348.18,346.17,152,stock
2018-08-22,NMFBS,347.84,348.01,348.68,345.33,132,stock
2018-08-23,NMFBS,350.35,354.87,354.87,350.35,72,stock
2018-08-26,NMFBS,347.84,345.17,347.84,341.32,312,stock
2018-08-28,NMFBS,341.15,346.17,346.17,339.15,146,stock
2018-08-29,NMFBS,341.15,341.66,346.17,341.15,36,stock
2018-08-30,NMFBS,348.34,344.5,348.34,342.83,66,stock
2018-09-02,NMFBS,338.65,346.17,346.17,338.65,77,stock
2018-09-03,NMFBS,351.02,349.52,357.21,349.52,239,stock
2018-09-04,NMFBS,344.5,345.33,345.33,344.5,25,stock
2018-09-05,NMFBS,352.19,355.37,362.39,352.02,219,stock
2018-09-06,NMFBS,360.22,357.88,361.22,351.19,1540,stock
2018-09-09,NMFBS,352.19,352.36,355.37,352.19,225,stock
2018-09-10,NMFBS,349.68,349.52,349.68,349.52,362,stock
2018-09-11,NMFBS,351.19,362.89,362.89,351.19,355,stock
2018-09-12,NMFBS,362.89,362.73,362.89,355.7,64,stock
2018-09-13,NMFBS,357.88,365.9,372.09,357.88,351,stock
2018-09-16,NMFBS,358.71,367.91,367.91,357.04,167,stock
2018-09-17,NMFBS,360.72,370.42,375.27,360.72,186,stock
2018-09-18,NMFBS,368.41,372.09,372.09,366.57,190,stock
2018-09-20,NMFBS,376.27,371.26,376.27,366.24,379,stock
2018-09-23,NMFBS,378.61,367.91,378.61,359.72,1398,stock
2018-09-25,NMFBS,367.91,378.61,378.61,367.91,751,stock
2018-09-26,NMFBS,382.96,382.96,384.47,369.58,707,stock
2018-09-27,NMFBS,375.44,374.6,375.44,368.08,112,stock
2018-09-30,NMFBS,368.08,360.72,368.08,360.72,347,stock
2018-10-01,NMFBS,357.04,354.7,366.24,354.7,375,stock
2018-10-02,NMFBS,355.2,357.88,357.88,355.2,47,stock
2018-10-03,NMFBS,351.19,350.85,351.19,350.85,60,stock
2018-10-04,NMFBS,351.19,346.0,352.86,346.0,545,stock
2018-10-07,NMFBS,344.5,338.48,344.5,337.81,119,stock
2018-10-08,NMFBS,339.48,338.81,339.48,337.81,229,stock
2018-10-09,NMFBS,339.48,334.63,339.48,332.96,54,stock
2018-10-10,NMFBS,336.14,331.96,336.14,331.96,250,stock
2018-10-11,NMFBS,332.79,328.78,332.79,328.61,84,stock
2018-10-14,NMFBS,332.79,339.48,340.15,332.79,80,stock
2018-10-15,NMFBS,339.48,339.48,339.48,339.48,12,stock
2018-10-23,NMFBS,334.63,335.3,335.3,334.63,62,stock
2018-10-24,NMFBS,335.3,329.61,335.3,329.61,87,stock
2018-10-25,NMFBS,336.14,335.97,342.83,335.97,215,stock
2018-10-28,NMFBS,329.45,329.61,329.61,329.28,94,stock
2018-10-29,NMFBS,329.45,328.61,329.45,326.27,68,stock
2018-10-30,NMFBS,330.79,326.1,330.79,326.1,274,stock
2018-10-31,NMFBS,322.76,322.76,322.76,322.76,99,stock
2018-11-01,NMFBS,322.76,326.1,326.1,326.1,104,stock
2018-11-04,NMFBS,325.94,321.92,325.94,321.92,33,stock
2018-11-05,NMFBS,317.74,317.74,317.74,317.74,152,stock
2018-11-15,NMFBS,315.9,315.9,315.9,315.9,2,stock
2018-11-18,NMFBS,309.71,309.38,311.89,309.38,132,stock
2018-11-19,NMFBS,309.38,311.89,311.89,309.38,58,stock
2018-11-20,NMFBS,311.89,312.72,318.08,311.89,165,stock
2018-11-21,NMFBS,306.87,312.72,312.72,306.87,97,stock
2018-11-22,NMFBS,311.89,314.9,316.07,311.05,74,stock
2018-11-25,NMFBS,314.9,309.05,315.07,309.05,82,stock
2018-11-26,NMFBS,309.05,299.18,309.38,299.18,284,stock
2018-11-27,NMFBS,300.1,299.85,301.02,299.35,305,stock
2018-11-28,NMFBS,299.85,296.0,299.85,294.33,241,stock
2018-11-29,NMFBS,296.0,298.51,299.68,286.8,1169,stock
2018-12-03,NMFBS,296.84,291.61,296.84,286.39,105,stock
2018-12-04,NMFBS,291.61,291.61,292.66,291.61,81,stock
2018-12-06,NMFBS,288.68,282.2,288.68,282.2,305,stock
2018-12-09,NMFBS,282.2,271.75,282.2,271.75,24,stock
2018-12-10,NMFBS,271.75,277.19,277.19,271.75,10,stock
2018-12-11,NMFBS,277.19,279.28,279.28,273.84,46,stock
2018-12-12,NMFBS,279.28,284.71,284.71,279.28,26,stock
2018-12-13,NMFBS,284.71,288.27,288.27,284.71,12,stock
2018-12-16,NMFBS,288.27,298.93,298.93,288.27,40,stock
2018-12-17,NMFBS,298.93,308.33,308.33,298.93,159,stock
2018-12-18,NMFBS,308.33,302.06,308.33,302.06,55,stock
2018-12-19,NMFBS,302.06,292.03,302.06,292.03,104,stock
2018-12-20,NMFBS,292.03,293.7,297.67,292.03,160,stock
2018-12-23,NMFBS,293.7,307.29,307.29,293.7,267,stock
2018-12-24,NMFBS,307.29,313.56,313.56,303.11,359,stock
2018-12-25,NMFBS,313.56,313.35,313.56,307.29,195,stock
2018-12-26,NMFBS,313.35,329.24,329.24,313.35,1416,stock
2018-12-27,NMFBS,329.24,322.76,335.72,322.76,220,stock
2018-12-30,NMFBS,322.76,316.49,322.76,316.49,24,stock
2018-12-31,NMFBS,316.49,310.22,316.49,310.22,110,stock
2019-01-01,NMFBS,310.22,322.55,322.55,310.22,86,stock
2019-01-02,NMFBS,316.28,313.56,316.28,313.56,116,stock
2019-01-03,NMFBS,313.56,319.83,319.83,313.56,347,stock
2019-01-06,NMFBS,319.83,308.54,319.83,308.54,74,stock
2019-01-07,NMFBS,308.54,309.38,318.79,308.54,94,stock
2019-01-08,NMFBS,309.38,319.62,319.62,309.38,36,stock
2019-01-09,NMFBS,319.62,316.7,319.62,316.7,164,stock
2019-01-10,NMFBS,316.7,328.19,328.19,316.7,432,stock
2019-01-13,NMFBS,328.19,328.19,328.19,328.19,10,stock
2019-01-14,NMFBS,328.19,322.13,334.46,322.13,68,stock
2019-01-15,NMFBS,322.13,338.23,338.23,322.13,96,stock
2019-01-16,NMFBS,338.23,343.87,344.92,338.02,538,stock
2019-01-17,NMFBS,343.87,339.9,343.87,339.9,155,stock
2019-01-20,NMFBS,339.9,362.48,362.48,339.9,307,stock
2019-01-21,NMFBS,362.48,361.64,366.45,354.95,155,stock
2019-01-22,NMFBS,361.64,362.68,362.68,350.14,284,stock
2019-01-23,NMFBS,362.68,362.68,362.68,362.48,22,stock
2019-01-24,NMFBS,362.68,356.83,362.68,356.62,24,stock
2019-01-27,NMFBS,356.83,350.35,356.83,350.35,65,stock
2019-01-28,NMFBS,350.35,359.55,359.55,350.35,180,stock
2019-01-29,NMFBS,359.55,355.37,359.55,353.28,287,stock
2019-01-30,NMFBS,355.37,361.43,362.48,355.37,134,stock
2019-01-31,NMFBS,361.43,365.82,369.58,358.29,1149,stock
2019-02-03,NMFBS,373.14,360.8,373.14,359.76,566,stock
2019-02-04,NMFBS,356.83,350.35,360.8,349.31,603,stock
2019-02-05,NMFBS,350.14,354.32,354.95,347.22,412,stock
2019-02-06,NMFBS,354.32,344.92,354.32,333.42,260,stock
2019-02-07,NMFBS,338.02,344.71,344.92,338.02,32,stock
2019-02-10,NMFBS,347.01,345.54,351.19,344.71,567,stock
2019-02-11,NMFBS,345.54,349.1,349.1,343.87,71,stock
2019-02-12,NMFBS,348.05,350.14,350.14,348.05,381,stock
2019-02-13,NMFBS,346.17,349.1,350.14,346.17,168,stock
2019-02-14,NMFBS,342.2,346.59,349.1,340.11,207,stock
2019-02-17,NMFBS,346.59,339.9,346.59,339.9,38,stock
2019-02-18,NMFBS,341.15,345.96,347.84,339.9,118,stock
2019-02-19,NMFBS,344.92,358.5,359.34,344.92,147,stock
2019-02-20,NMFBS,351.4,344.5,358.5,344.5,132,stock
2019-02-21,NMFBS,342.41,342.2,344.5,342.2,136,stock
2019-02-24,NMFBS,341.78,337.18,342.2,337.18,469,stock
2019-02-25,NMFBS,330.49,334.46,337.18,334.46,25,stock
2019-02-26,NMFBS,328.19,334.46,334.46,328.19,22,stock
2019-02-27,NMFBS,336.55,334.46,343.24,334.46,322,stock
2019-03-03,NMFBS,328.19,334.46,339.69,328.19,252,stock
2019-03-05,NMFBS,334.46,334.88,340.94,334.46,76,stock
2019-03-06,NMFBS,334.88,341.57,341.57,334.88,192,stock
2019-03-07,NMFBS,341.57,351.81,351.81,340.74,192,stock
2019-03-09,NMFBS,345.96,345.96,351.81,345.96,10,stock
2019-03-10,NMFBS,345.96,345.96,351.81,345.96,10,stock
2019-03-11,NMFBS,348.05,352.65,355.16,346.17,264,stock
2019-03-12,NMFBS,353.28,353.28,353.28,352.65,12,stock
2019-03-13,NMFBS,353.28,350.14,353.28,350.14,22,stock
2019-03-14,NMFBS,340.11,345.96,345.96,340.11,65,stock
2019-03-17,NMFBS,352.86,342.2,352.86,342.2,251,stock
2019-03-18,NMFBS,338.65,339.06,340.74,338.65,155,stock
2019-03-19,NMFBS,335.09,335.09,335.09,335.09,12,stock
2019-03-21,NMFBS,334.46,336.55,336.55,326.94,296,stock
2019-03-24,NMFBS,335.3,332.37,335.51,332.37,201,stock
2019-03-25,NMFBS,334.46,338.65,338.65,330.28,584,stock
2019-03-26,NMFBS,334.46,342.41,342.41,334.46,70,stock
2019-03-27,NMFBS,342.41,330.49,349.1,330.49,337,stock
2019-03-28,NMFBS,334.46,336.55,336.97,328.19,1529,stock
2019-03-31,NMFBS,336.55,329.87,336.55,329.87,266,stock
2019-04-01,NMFBS,334.46,347.84,347.84,329.24,926,stock
2019-04-02,NMFBS,340.94,346.8,348.89,334.67,538,stock
2019-04-03,NMFBS,347.01,339.9,348.05,339.9,164,stock
2019-04-04,NMFBS,343.87,339.9,343.87,337.18,158,stock
2019-04-07,NMFBS,340.11,331.33,340.11,331.33,300,stock
2019-04-08,NMFBS,331.33,334.67,334.67,324.85,809,stock
2019-04-09,NMFBS,328.82,334.26,334.26,322.13,1468,stock
2019-04-10,NMFBS,334.26,328.19,334.26,327.78,53,stock
2019-04-11,NMFBS,329.24,326.94,329.24,326.94,348,stock
2019-04-15,NMFBS,321.92,331.12,331.12,324.01,221,stock
2019-04-16,NMFBS,328.19,338.65,340.74,331.12,277,stock
2019-04-17,NMFBS,338.65,334.46,334.46,332.58,43,stock
2019-04-18,NMFBS,332.79,344.71,344.71,332.79,1079,stock
2019-04-21,NMFBS,351.4,366.66,372.51,351.19,1584,stock
2019-04-22,NMFBS,363.73,364.78,380.66,356.62,934,stock
2019-04-23,NMFBS,357.67,358.5,374.18,350.77,699,stock
2019-04-24,NMFBS,363.73,376.27,376.27,356.62,509,stock
2019-04-25,NMFBS,376.27,352.23,376.27,348.26,816,stock
2019-04-28,NMFBS,357.46,378.15,380.45,357.46,745,stock
2019-04-29,NMFBS,372.51,363.73,377.94,363.73,396,stock
2019-04-30,NMFBS,369.79,363.52,369.79,355.37,746,stock
2019-05-02,NMFBS,359.55,355.58,359.55,355.37,264,stock
2019-05-05,NMFBS,356.2,350.14,362.68,349.52,359,stock
2019-05-06,NMFBS,350.14,361.22,361.64,338.85,476,stock
2019-05-07,NMFBS,361.22,355.37,365.82,354.95,199,stock
2019-05-08,NMFBS,355.37,360.59,360.59,351.19,341,stock
2019-05-09,NMFBS,355.37,348.26,355.37,348.26,387,stock
2019-05-12,NMFBS,353.07,353.49,365.19,346.17,184,stock
2019-05-13,NMFBS,348.26,353.28,355.37,348.26,152,stock
2019-05-14,NMFBS,349.1,356.0,363.1,344.92,531,stock
2019-05-15,NMFBS,355.37,351.19,355.37,349.1,181,stock
2019-05-16,NMFBS,345.13,344.92,345.13,344.92,500,stock
2019-05-19,NMFBS,344.92,344.92,344.92,344.92,15,stock
2019-05-20,NMFBS,344.92,340.74,345.96,340.74,70,stock
2019-05-21,NMFBS,336.55,334.88,336.55,334.88,280,stock
2019-05-22,NMFBS,334.46,334.88,336.55,332.37,260,stock
2019-05-23,NMFBS,328.4,334.26,334.26,328.4,107,stock
2019-05-26,NMFBS,327.78,328.4,330.28,327.78,84,stock
2019-05-27,NMFBS,326.1,331.75,331.75,325.27,514,stock
2019-05-28,NMFBS,338.02,326.1,331.75,324.43,339,stock
2019-05-29,NMFBS,324.01,339.06,339.06,324.01,168,stock
2019-05-30,NMFBS,345.75,321.92,352.44,321.92,1053,stock
2019-06-02,NMFBS,321.92,318.16,321.92,318.16,213,stock
2019-06-03,NMFBS,317.74,311.89,318.16,311.89,1018,stock
2019-06-04,NMFBS,308.75,319.83,319.83,308.75,703,stock
2019-06-06,NMFBS,313.56,313.56,313.56,311.47,88,stock
2019-06-11,NMFBS,309.59,313.56,313.56,308.96,172,stock
2019-06-12,NMFBS,307.5,306.87,307.5,301.23,293,stock
2019-06-13,NMFBS,306.87,308.96,311.47,305.2,986,stock
2019-06-16,NMFBS,302.9,290.57,302.9,288.48,1373,stock
2019-06-17,NMFBS,285.76,287.64,292.66,285.76,738,stock
2019-06-18,NMFBS,288.48,300.81,300.81,288.48,267,stock
2019-06-19,NMFBS,294.96,292.66,294.96,290.15,166,stock
2019-06-20,NMFBS,292.66,292.66,298.3,292.66,239,stock
2019-06-23,NMFBS,292.66,293.7,294.96,292.66,317,stock
2019-06-24,NMFBS,287.85,300.6,300.6,287.64,590,stock
2019-06-25,NMFBS,295.79,308.96,308.96,298.3,369,stock
2019-06-26,NMFBS,311.47,306.24,311.47,298.93,454,stock
2019-06-27,NMFBS,300.18,305.2,305.2,295.16,328,stock
2019-06-30,NMFBS,303.11,296.84,303.11,293.7,400,stock
2019-07-01,NMFBS,298.93,299.97,299.97,296.84,293,stock
2019-07-02,NMFBS,302.9,305.83,305.83,302.9,89,stock
2019-07-03,NMFBS,301.02,310.42,310.42,301.02,85,stock
2019-07-04,NMFBS,313.56,304.36,313.56,304.36,123,stock
2019-07-07,NMFBS,298.3,304.15,304.15,298.3,167,stock
2019-07-08,NMFBS,304.15,303.11,304.15,298.51,73,stock
2019-07-09,NMFBS,297.05,292.66,298.93,292.66,602,stock
2019-07-10,NMFBS,292.66,303.74,303.74,292.66,602,stock
2019-07-11,NMFBS,297.67,304.15,304.15,293.7,256,stock
2019-07-14,NMFBS,307.29,309.38,309.38,301.02,156,stock
2019-07-15,NMFBS,309.38,309.38,309.38,309.38,32,stock
2019-07-17,NMFBS,305.2,309.38,309.38,309.38,3,stock
2019-07-21,NMFBS,315.44,297.67,315.44,292.03,1170,stock
2019-07-22,NMFBS,297.67,308.33,308.33,297.67,638,stock
2019-07-23,NMFBS,314.4,326.1,332.58,313.56,482,stock
2019-07-24,NMFBS,332.58,330.07,332.58,320.88,331,stock
2019-07-25,NMFBS,323.59,313.35,323.59,307.29,1561,stock
2019-07-28,NMFBS,313.56,308.96,316.7,308.54,194,stock
2019-07-29,NMFBS,307.29,313.56,316.7,306.24,134,stock
2019-07-30,NMFBS,315.65,310.63,319.83,310.22,163,stock
2019-07-31,NMFBS,313.56,326.1,326.1,313.56,936,stock
2019-08-01,NMFBS,330.49,328.19,336.35,320.88,1160,stock
2019-08-04,NMFBS,334.67,322.97,334.67,322.97,905,stock
2019-08-05,NMFBS,322.55,317.11,322.97,313.56,1293,stock
2019-08-06,NMFBS,313.56,313.56,313.77,313.56,135,stock
2019-08-07,NMFBS,309.38,316.7,316.7,309.38,307,stock
2019-08-08,NMFBS,313.56,310.42,313.56,310.42,115,stock
2019-08-11,NMFBS,308.33,307.29,308.33,307.29,460,stock
2019-08-12,NMFBS,307.29,307.5,309.8,307.29,225,stock
2019-08-13,NMFBS,308.33,309.38,310.84,308.33,100,stock
2019-08-14,NMFBS,304.15,307.29,309.38,307.29,428,stock
2019-08-15,NMFBS,307.5,307.29,307.5,307.29,100,stock
2019-08-18,NMFBS,306.24,306.24,306.24,306.24,30,stock
2019-08-19,NMFBS,306.24,308.75,311.47,306.24,149,stock
2019-08-20,NMFBS,307.5,311.47,311.47,307.5,208,stock
2019-08-21,NMFBS,312.52,309.8,313.35,309.8,55,stock
2019-08-22,NMFBS,313.56,309.59,313.56,308.75,232,stock
2019-08-25,NMFBS,309.59,308.33,309.59,308.33,248,stock
2019-08-26,NMFBS,306.45,308.33,309.38,306.45,324,stock
2019-08-27,NMFBS,308.33,311.47,311.47,308.33,58,stock
2019-08-28,NMFBS,308.75,311.47,311.47,308.54,70,stock
2019-08-29,NMFBS,307.5,311.47,311.47,307.29,285,stock
2019-09-01,NMFBS,305.41,301.02,305.62,299.35,584,stock
2019-09-02,NMFBS,301.02,305.2,305.2,299.97,109,stock
2019-09-03,NMFBS,305.2,312.1,312.1,305.2,123,stock
2019-09-04,NMFBS,308.33,325.68,325.68,306.24,1192,stock
2019-09-05,NMFBS,319.2,345.13,345.13,313.56,1980,stock
2019-09-08,NMFBS,338.23,332.37,338.23,325.48,1243,stock
2019-09-09,NMFBS,326.94,329.24,329.24,324.64,675,stock
2019-09-10,NMFBS,325.06,321.71,328.19,321.71,463,stock
2019-09-11,NMFBS,327.78,324.01,327.98,322.13,115,stock
2019-09-12,NMFBS,324.01,325.06,326.1,319.83,1109,stock
2019-09-15,NMFBS,318.58,312.31,318.58,312.31,320,stock
2019-09-16,NMFBS,315.65,313.77,315.65,313.56,154,stock
2019-09-17,NMFBS,313.77,322.97,322.97,313.56,348,stock
2019-09-18,NMFBS,329.24,344.92,344.92,316.7,1213,stock
2019-09-19,NMFBS,351.61,364.78,376.27,342.83,10082,stock
2019-09-22,NMFBS,370.0,349.72,370.0,349.31,2399,stock
2019-09-23,NMFBS,350.14,352.23,355.37,344.08,823,stock
2019-09-24,NMFBS,352.23,347.01,352.23,345.75,173,stock
2019-09-26,NMFBS,352.23,352.23,352.23,348.26,1104,stock
2019-09-29,NMFBS,352.23,351.19,352.23,348.05,573,stock
2019-09-30,NMFBS,345.96,351.19,351.19,345.13,189,stock
2019-10-01,NMFBS,355.16,348.26,355.16,348.05,767,stock
2019-10-02,NMFBS,351.19,351.19,351.19,351.19,29,stock
2019-10-03,NMFBS,351.19,361.64,361.64,348.47,1026,stock
2019-10-10,NMFBS,367.7,365.82,367.7,360.39,229,stock
2019-10-14,NMFBS,367.91,357.88,367.91,351.61,315,stock
2019-10-15,NMFBS,357.46,357.25,357.46,351.19,535,stock
2019-10-16,NMFBS,355.37,355.37,355.37,355.37,20,stock
2019-10-17,NMFBS,355.37,355.37,355.37,352.44,115,stock
2019-10-20,NMFBS,355.58,353.28,355.58,350.35,397,stock
2019-10-21,NMFBS,354.32,351.19,354.32,351.19,100,stock
2019-10-22,NMFBS,349.72,354.53,356.41,350.14,286,stock
2019-10-23,NMFBS,355.37,359.55,359.55,353.49,567,stock
2019-10-24,NMFBS,352.44,365.61,365.61,353.49,428,stock
2019-10-31,NMFBS,372.09,359.55,372.09,359.55,119,stock
2019-11-03,NMFBS,359.97,355.58,359.97,355.37,826,stock
2019-11-04,NMFBS,355.37,353.49,355.37,351.19,170,stock
2019-11-05,NMFBS,357.46,357.46,364.57,357.46,136,stock
2019-11-06,NMFBS,357.46,357.46,357.46,357.46,97,stock
2019-11-07,NMFBS,355.37,353.28,355.37,353.28,698,stock
2019-11-10,NMFBS,353.28,355.37,355.58,352.23,76,stock
2019-11-11,NMFBS,355.37,367.91,367.91,353.28,686,stock
2019-11-12,NMFBS,374.81,361.64,374.81,353.28,35,stock
2019-11-13,NMFBS,356.41,358.5,361.64,355.37,1112,stock
2019-11-14,NMFBS,358.5,355.37,357.46,355.37,430,stock
2019-11-17,NMFBS,357.46,355.79,360.59,355.79,225,stock
2019-11-18,NMFBS,356.0,359.55,361.43,355.79,459,stock
2019-11-19,NMFBS,356.41,358.5,361.64,356.41,275,stock
2019-11-20,NMFBS,359.55,359.76,372.72,359.55,673,stock
2019-11-21,NMFBS,358.5,356.62,358.5,356.62,300,stock
2019-11-24,NMFBS,363.73,365.82,372.93,363.73,2261,stock
2019-11-25,NMFBS,365.19,372.09,372.72,364.36,784,stock
2019-11-26,NMFBS,373.14,374.18,376.27,372.09,822,stock
2019-11-27,NMFBS,377.94,376.69,377.94,375.23,1397,stock
2019-11-28,NMFBS,378.36,375.85,380.66,369.58,2818,stock
2019-12-01,NMFBS,375.85,376.27,378.36,373.14,5293,stock
2019-12-02,NMFBS,383.75,413.74,413.74,383.75,2675,stock
2019-12-03,NMFBS,413.74,431.67,434.96,407.89,2472,stock
2019-12-04,NMFBS,431.67,460.93,464.23,431.67,1654,stock
2019-12-05,NMFBS,468.25,466.42,482.88,457.28,1281,stock
2019-12-08,NMFBS,469.35,448.5,469.35,448.5,995,stock
2019-12-09,NMFBS,449.96,461.67,462.4,449.96,685,stock
2019-12-10,NMFBS,466.42,465.69,468.25,448.86,1271,stock
2019-12-11,NMFBS,470.08,474.83,478.13,461.3,1106,stock
2019-12-12,NMFBS,481.05,461.3,481.05,461.3,220,stock
2019-12-15,NMFBS,460.57,457.28,460.57,457.28,85,stock
2019-12-16,NMFBS,448.13,456.91,456.91,445.94,874,stock
2019-12-17,NMFBS,460.93,460.93,460.93,460.93,40,stock
2019-12-18,NMFBS,460.93,462.76,462.76,460.93,39,stock
2019-12-19,NMFBS,454.35,445.57,454.35,445.57,480,stock
2019-12-22,NMFBS,444.47,442.64,454.35,438.98,404,stock
2019-12-23,NMFBS,443.01,458.74,458.74,443.01,230,stock
2019-12-24,NMFBS,450.32,453.62,453.62,448.13,373,stock
2019-12-25,NMFBS,453.62,446.3,453.62,446.3,356,stock
2019-12-26,NMFBS,455.08,455.08,455.08,455.08,19,stock
2019-12-29,NMFBS,446.3,446.67,455.08,446.67,151,stock
2019-12-30,NMFBS,446.67,455.81,455.81,446.67,332,stock
2019-12-31,NMFBS,458.74,464.59,464.59,458.74,135,stock
2020-01-01,NMFBS,457.64,471.91,471.91,457.64,844,stock
2020-01-05,NMFBS,464.59,475.57,475.57,464.59,715,stock
2020-01-06,NMFBS,478.13,492.03,492.03,478.13,241,stock
2020-01-07,NMFBS,482.88,484.35,484.35,469.35,931,stock
2020-01-08,NMFBS,486.54,468.25,486.54,467.88,1563,stock
2020-01-09,NMFBS,477.4,485.81,486.91,476.3,1279,stock
2020-01-12,NMFBS,490.2,534.1,534.1,490.2,989,stock
2020-01-13,NMFBS,544.71,512.88,544.71,512.88,1668,stock
2020-01-14,NMFBS,502.64,505.93,511.05,490.2,599,stock
2020-01-15,NMFBS,498.25,512.15,512.15,498.25,414,stock
2020-01-16,NMFBS,522.39,574.34,574.34,512.15,577,stock
2020-01-19,NMFBS,574.7,583.12,585.68,573.61,2367,stock
2020-01-20,NMFBS,570.68,541.41,574.34,541.05,1038,stock
2020-01-21,NMFBS,541.41,563.0,563.0,541.41,487,stock
2020-01-22,NMFBS,552.39,567.02,567.02,531.17,727,stock
2020-01-23,NMFBS,578.0,574.34,578.0,556.41,674,stock
2020-01-26,NMFBS,563.0,583.12,583.12,563.0,423,stock
2020-01-27,NMFBS,581.65,605.8,605.8,571.41,1831,stock
2020-01-28,NMFBS,608.73,602.51,620.07,591.53,438,stock
2020-01-29,NMFBS,599.95,603.24,603.24,585.31,629,stock
2020-01-30,NMFBS,605.8,594.82,618.24,594.82,1746,stock
2020-02-02,NMFBS,585.68,585.68,599.95,583.48,1109,stock
2020-02-03,NMFBS,586.41,586.04,586.41,574.34,844,stock
2020-02-04,NMFBS,580.19,585.31,588.24,580.19,335,stock
2020-02-05,NMFBS,576.53,578.73,585.31,576.53,75,stock
2020-02-06,NMFBS,575.07,574.7,579.83,574.7,946,stock
2020-02-09,NMFBS,576.53,585.31,585.31,576.53,65,stock
2020-02-10,NMFBS,573.61,578.0,578.0,564.83,261,stock
2020-02-11,NMFBS,581.65,592.63,592.63,581.65,2700,stock
2020-02-12,NMFBS,604.34,603.6,616.41,589.34,2383,stock
2020-02-13,NMFBS,603.6,607.26,624.82,603.6,1464,stock
2020-02-16,NMFBS,619.33,616.04,620.07,595.92,627,stock
2020-02-17,NMFBS,627.38,629.94,638.36,616.41,1561,stock
2020-02-18,NMFBS,621.89,617.5,621.89,617.5,484,stock
2020-02-19,NMFBS,618.24,654.82,658.48,618.24,1644,stock
2020-02-20,NMFBS,654.82,688.84,693.96,658.48,1590,stock
2020-02-23,NMFBS,702.38,744.81,744.81,689.57,2882,stock
2020-02-24,NMFBS,744.81,742.62,774.08,724.32,1010,stock
2020-02-25,NMFBS,727.98,749.93,753.59,712.98,652,stock
2020-02-26,NMFBS,757.25,771.15,787.25,742.62,1210,stock
2020-02-27,NMFBS,755.78,764.56,764.56,713.35,1136,stock
2020-03-01,NMFBS,764.56,797.85,813.95,696.89,2785,stock
2020-03-02,NMFBS,782.12,720.67,782.12,718.11,510,stock
2020-03-03,NMFBS,720.67,706.03,706.4,648.97,2784,stock
2020-03-04,NMFBS,692.13,635.43,692.13,635.43,957,stock
2020-03-05,NMFBS,622.99,637.99,658.11,592.63,1813,stock
2020-03-10,NMFBS,637.99,625.55,637.99,625.55,24,stock
2020-03-11,NMFBS,627.02,614.58,634.33,603.6,2785,stock
2020-03-12,NMFBS,614.58,596.65,614.58,596.29,1403,stock
2020-03-15,NMFBS,585.68,567.02,585.68,567.02,2426,stock
2020-03-16,NMFBS,559.71,588.97,588.97,559.71,859,stock
2020-03-17,NMFBS,600.68,565.56,600.68,565.56,1031,stock
2020-03-18,NMFBS,567.02,574.34,574.34,554.58,308,stock
2020-03-19,NMFBS,563.0,578.36,578.36,552.02,368,stock
2020-07-01,NMFBS,567.02,555.68,567.02,555.68,39,stock
2020-07-02,NMFBS,545.07,544.71,545.07,544.71,80,stock
2020-07-05,NMFBS,541.41,503.37,541.41,502.27,1452,stock
2020-07-06,NMFBS,497.88,545.07,546.9,493.86,1354,stock
2020-07-07,NMFBS,543.24,557.14,558.24,543.24,2493,stock
2020-07-08,NMFBS,548.73,554.22,557.14,535.93,1202,stock
2020-07-09,NMFBS,553.12,550.19,553.12,543.24,430,stock
2020-07-12,NMFBS,559.71,574.34,574.34,552.75,1580,stock
2020-07-13,NMFBS,570.68,599.95,600.68,561.53,1394,stock
2020-07-14,NMFBS,629.94,610.55,629.94,596.29,1644,stock
2020-07-15,NMFBS,603.6,603.6,615.31,591.9,1413,stock
2020-07-16,NMFBS,591.9,634.33,634.33,591.9,1878,stock
2020-07-19,NMFBS,665.79,652.62,665.79,652.62,160,stock
2020-07-20,NMFBS,658.48,609.46,658.48,609.46,1837,stock
2020-07-21,NMFBS,598.12,592.63,609.09,578.0,2141,stock
2020-07-22,NMFBS,603.6,592.99,604.7,587.14,856,stock
2020-07-23,NMFBS,587.51,614.58,614.58,587.51,2196,stock
2020-07-26,NMFBS,626.65,624.82,627.02,608.36,1362,stock
2020-07-27,NMFBS,632.87,629.21,632.87,618.24,1393,stock
2020-07-28,NMFBS,616.77,619.7,627.75,612.75,772,stock
2020-07-29,NMFBS,607.63,601.77,607.99,575.44,2389,stock
2020-07-30,NMFBS,599.95,597.02,607.26,579.83,857,stock
2020-08-02,NMFBS,588.97,568.12,588.97,567.02,1549,stock
2020-08-03,NMFBS,576.17,563.36,576.17,557.14,1702,stock
2020-08-05,NMFBS,552.39,568.85,568.85,541.41,3316,stock
2020-08-06,NMFBS,563.0,572.87,576.17,559.71,971,stock
2020-08-09,NMFBS,561.9,584.22,584.22,561.9,1142,stock
2020-08-10,NMFBS,594.46,597.38,598.12,582.75,2140,stock
2020-08-11,NMFBS,592.63,586.41,592.63,582.39,517,stock
2020-08-12,NMFBS,587.14,585.31,588.97,581.65,1927,stock
2020-08-13,NMFBS,579.46,586.04,586.04,579.46,1403,stock
2020-08-16,NMFBS,574.34,558.97,574.34,541.41,2441,stock
2020-08-17,NMFBS,548.73,556.05,559.71,548.73,467,stock
2020-08-18,NMFBS,550.93,556.05,556.05,550.93,230,stock
2020-08-19,NMFBS,554.22,550.56,558.61,548.73,441,stock
2020-08-20,NMFBS,548.73,557.51,557.51,548.73,94,stock
2020-08-23,NMFBS,550.93,554.22,557.51,550.56,221,stock
2020-08-24,NMFBS,554.22,565.19,572.51,552.39,1995,stock
2020-08-25,NMFBS,565.19,564.83,572.51,559.71,553,stock
2020-08-26,NMFBS,564.83,580.19,586.78,564.83,1346,stock
2020-08-27,NMFBS,578.0,571.78,578.0,569.22,591,stock
2020-08-30,NMFBS,571.78,571.78,571.78,567.02,1533,stock
2020-08-31,NMFBS,563.36,569.95,569.95,563.36,767,stock
2020-09-02,NMFBS,572.51,570.68,580.92,569.22,453,stock
2020-09-03,NMFBS,570.68,571.05,576.53,570.68,3300,stock
2020-09-06,NMFBS,562.63,559.71,565.19,549.83,713,stock
2020-09-07,NMFBS,565.19,561.53,565.19,561.53,1479,stock
2020-09-08,NMFBS,557.88,560.44,565.19,554.58,895,stock
2020-09-09,NMFBS,558.24,568.48,579.09,558.24,1194,stock
2020-09-10,NMFBS,572.87,575.07,581.29,572.87,1455,stock
2020-09-13,NMFBS,586.41,578.0,586.41,575.07,825,stock
2020-09-14,NMFBS,578.0,580.19,584.95,578.0,1948,stock
2020-09-15,NMFBS,569.95,578.0,578.0,569.22,1266,stock
2020-09-16,NMFBS,568.85,579.46,579.46,568.85,2267,stock
2020-09-17,NMFBS,571.05,576.53,579.46,567.02,1328,stock
2020-09-20,NMFBS,572.51,570.68,572.51,567.39,172,stock
2020-09-21,NMFBS,567.02,556.05,567.02,556.05,2212,stock
2020-09-22,NMFBS,552.39,553.12,556.05,550.93,1444,stock
2020-09-23,NMFBS,559.71,553.12,559.71,548.73,999,stock
2020-09-24,NMFBS,543.97,564.09,564.09,543.97,1573,stock
2020-09-27,NMFBS,554.22,563.0,564.09,553.85,408,stock
2020-09-28,NMFBS,552.39,553.49,561.53,552.39,520,stock
2020-09-29,NMFBS,545.07,564.09,564.09,544.71,805,stock
2020-09-30,NMFBS,553.12,564.83,576.17,553.12,985,stock
2020-10-01,NMFBS,554.22,574.34,574.34,554.22,1440,stock
2020-10-04,NMFBS,572.51,570.31,572.51,559.34,711,stock
2020-10-05,NMFBS,567.02,556.05,567.02,554.95,295,stock
2020-10-06,NMFBS,552.75,553.12,561.17,552.75,882,stock
2020-10-07,NMFBS,550.93,571.78,583.12,550.19,840,stock
2020-10-08,NMFBS,563.36,567.02,571.05,552.39,1253,stock
2020-10-11,NMFBS,559.71,552.39,566.29,552.39,1354,stock
2020-10-12,NMFBS,556.05,559.71,561.53,552.39,645,stock
2020-10-13,NMFBS,552.75,552.39,557.88,552.02,735,stock
2020-10-14,NMFBS,548.73,549.46,552.39,548.73,518,stock
2020-10-15,NMFBS,548.73,554.22,554.22,548.36,119,stock
2020-10-18,NMFBS,554.22,548.36,554.22,548.36,598,stock
2020-10-19,NMFBS,557.88,557.88,557.88,557.88,10,stock
2020-10-20,NMFBS,548.73,561.53,568.85,548.73,735,stock
2020-10-21,NMFBS,564.83,555.68,565.19,553.12,174,stock
2020-10-22,NMFBS,550.56,567.02,577.63,550.56,444,stock
2020-10-28,NMFBS,567.02,577.63,577.63,567.02,526,stock
2020-10-29,NMFBS,566.29,578.0,579.83,566.29,830,stock
2020-11-01,NMFBS,567.02,584.58,587.14,567.02,840,stock
2020-11-02,NMFBS,592.63,588.6,592.63,580.92,1625,stock
2020-11-03,NMFBS,598.12,590.43,598.12,581.65,2818,stock
2020-11-04,NMFBS,581.65,588.6,588.97,581.65,607,stock
2020-11-05,NMFBS,588.97,603.6,603.6,588.97,3804,stock
2020-11-08,NMFBS,603.6,597.75,606.9,597.75,2447,stock
2020-11-09,NMFBS,592.63,597.38,610.92,592.63,860,stock
2020-11-10,NMFBS,597.38,599.95,599.95,594.46,986,stock
2020-11-11,NMFBS,607.63,612.75,621.53,607.63,5110,stock
2020-11-12,NMFBS,618.24,617.87,630.31,604.34,2204,stock
2020-11-18,NMFBS,609.09,621.53,625.55,605.8,2019,stock
2020-11-19,NMFBS,632.14,640.19,658.48,621.89,3164,stock
2020-11-22,NMFBS,640.19,646.77,652.99,615.68,2050,stock
2020-11-23,NMFBS,643.84,621.89,643.84,621.89,1107,stock
2020-11-24,NMFBS,621.89,676.77,677.13,616.77,3735,stock
2020-11-25,NMFBS,689.94,695.06,713.35,676.77,2938,stock
2020-11-26,NMFBS,721.76,680.43,731.27,676.04,3946,stock
2020-11-29,NMFBS,691.4,693.23,693.23,667.26,2419,stock
2020-11-30,NMFBS,691.4,695.06,701.64,667.99,5602,stock
2020-12-01,NMFBS,695.06,695.06,700.55,686.64,3756,stock
2020-12-02,NMFBS,729.81,715.18,729.81,651.53,6960,stock
2020-12-03,NMFBS,750.66,707.86,750.66,702.74,7406,stock
2020-12-06,NMFBS,693.96,667.62,693.96,667.62,1888,stock
2020-12-07,NMFBS,665.79,692.5,692.5,649.33,2039,stock
2020-12-08,NMFBS,692.5,688.47,696.89,687.74,1969,stock
2020-12-09,NMFBS,678.96,662.13,678.96,654.82,1497,stock
2020-12-10,NMFBS,672.38,655.55,672.38,654.82,2007,stock
2020-12-13,NMFBS,658.48,668.35,669.45,648.97,1720,stock
2020-12-14,NMFBS,676.77,734.93,734.93,676.77,7016,stock
2020-12-15,NMFBS,749.57,804.8,804.8,749.57,8161,stock
2020-12-16,NMFBS,819.44,832.24,834.07,771.88,7816,stock
2020-12-17,NMFBS,841.39,800.78,845.05,787.61,2923,stock
2020-12-20,NMFBS,785.05,734.2,815.78,732.01,6351,stock
2020-12-21,NMFBS,727.98,757.25,760.91,713.72,4494,stock
2020-12-22,NMFBS,768.22,801.88,829.31,768.22,6093,stock
2020-12-23,NMFBS,817.61,808.46,849.8,797.85,3976,stock
2020-12-24,NMFBS,796.03,795.29,796.03,777.0,1999,stock
2020-12-27,NMFBS,779.93,768.22,794.93,764.2,1863,stock
2020-12-28,NMFBS,731.64,765.3,775.9,731.64,2562,stock
2020-12-29,NMFBS,768.22,770.42,779.93,764.56,1707,stock
2020-12-30,NMFBS,771.88,811.76,812.85,768.22,4939,stock
2020-12-31,NMFBS,827.85,815.41,841.39,804.8,2605,stock
2021-01-03,NMFBS,831.14,889.68,892.97,831.14,8371,stock
2021-01-04,NMFBS,896.26,837.73,932.84,823.1,11184,stock
2021-01-05,NMFBS,837.73,816.15,837.73,808.46,6156,stock
2021-01-06,NMFBS,832.24,826.75,832.24,819.44,2379,stock
2021-01-07,NMFBS,842.85,841.39,843.22,826.02,3187,stock
2021-01-10,NMFBS,854.19,856.02,859.68,841.75,3369,stock
2021-01-11,NMFBS,859.68,862.97,863.34,841.75,3637,stock
2021-01-12,NMFBS,847.24,868.46,870.29,846.87,2085,stock
2021-01-13,NMFBS,857.85,882.36,882.36,852.73,3119,stock
2021-01-17,NMFBS,885.29,899.92,899.92,867.73,5550,stock
2021-01-18,NMFBS,907.23,902.84,909.06,885.29,1857,stock
2021-01-19,NMFBS,913.82,890.41,920.04,885.65,2506,stock
2021-01-20,NMFBS,906.87,914.19,914.19,875.04,4395,stock
2021-01-21,NMFBS,959.55,984.06,1005.27,896.26,6439,stock
2021-01-24,NMFBS,1003.45,987.35,1006.01,964.67,2766,stock
2021-01-25,NMFBS,967.96,987.71,990.64,959.18,5694,stock
2021-01-26,NMFBS,996.86,964.67,1006.01,964.67,2757,stock
2021-01-27,NMFBS,946.01,986.98,987.35,945.65,3374,stock
2021-01-28,NMFBS,1002.35,1002.71,1068.2,987.35,7453,stock
2021-01-31,NMFBS,991.37,973.08,995.03,965.77,3645,stock
2021-02-01,NMFBS,986.98,987.71,1016.61,973.45,4078,stock
2021-02-02,NMFBS,1007.47,1068.2,1068.2,1007.47,9575,stock
2021-02-03,NMFBS,1089.41,1093.44,1132.58,1066.37,7084,stock
2021-02-04,NMFBS,1071.85,1202.45,1202.45,1071.85,10934,stock
2021-02-07,NMFBS,1262.45,1207.21,1262.45,1184.16,6875,stock
2021-02-08,NMFBS,1159.65,1231.35,1231.35,1137.7,10310,stock
2021-02-11,NMFBS,1292.81,1205.38,1354.27,1169.16,20491,stock
2021-02-14,NMFBS,1205.38,1147.58,1205.38,1138.43,5955,stock
2021-02-15,NMFBS,1170.26,1225.5,1241.23,1170.26,14456,stock
2021-02-16,NMFBS,1243.79,1227.33,1249.28,1196.6,3940,stock
2021-02-17,NMFBS,1287.69,1264.64,1314.03,1221.84,10954,stock
2021-02-18,NMFBS,1280.37,1278.54,1315.12,1243.79,7821,stock
2021-02-21,NMFBS,1287.69,1252.93,1287.69,1243.79,5929,stock
2021-02-22,NMFBS,1252.93,1212.69,1258.42,1210.87,4548,stock
2021-02-23,NMFBS,1191.11,1226.6,1226.6,1172.82,6084,stock
2021-02-24,NMFBS,1251.11,1234.64,1262.08,1216.35,3609,stock
2021-02-25,NMFBS,1238.3,1216.35,1251.11,1207.57,13478,stock
2021-02-28,NMFBS,1239.4,1150.87,1239.4,1142.46,4799,stock
2021-03-01,NMFBS,1128.74,1158.84,1173.89,1107.49,2915,stock
2021-03-02,NMFBS,1150.87,1108.82,1150.87,1104.84,3304,stock
2021-03-03,NMFBS,1087.13,1088.9,1123.87,1067.65,6323,stock
2021-03-04,NMFBS,1106.61,1129.62,1151.31,1106.61,2599,stock
2021-03-08,NMFBS,1133.17,1114.57,1149.99,1108.82,1200,stock
2021-03-09,NMFBS,1093.77,1106.16,1114.57,1093.77,1298,stock
2021-03-10,NMFBS,1097.75,1112.36,1115.46,1088.9,2617,stock
2021-03-14,NMFBS,1095.54,1082.26,1099.97,1044.64,2470,stock
2021-03-15,NMFBS,1061.01,1073.41,1080.05,1061.01,1038,stock
2021-03-16,NMFBS,1073.41,1106.16,1106.16,1073.41,2890,stock
2021-03-17,NMFBS,1161.05,1150.87,1161.05,1084.47,2677,stock
2021-03-18,NMFBS,1208.41,1173.0,1208.41,1138.92,3396,stock
2021-03-21,NMFBS,1231.43,1242.94,1248.25,1185.4,5601,stock
2021-03-22,NMFBS,1304.91,1261.09,1304.91,1215.05,4475,stock
2021-03-23,NMFBS,1323.94,1301.37,1323.94,1223.91,5613,stock
2021-03-24,NMFBS,1336.78,1352.72,1371.75,1310.22,9827,stock
2021-03-25,NMFBS,1393.0,1345.63,1393.0,1327.93,7189,stock
2021-03-29,NMFBS,1372.19,1358.91,1372.19,1327.93,4652,stock
2021-03-30,NMFBS,1416.46,1396.54,1438.59,1372.63,6878,stock
2021-03-31,NMFBS,1451.87,1398.75,1460.72,1385.47,5141,stock
2021-04-01,NMFBS,1372.19,1381.05,1416.46,1367.77,5748,stock
2021-04-04,NMFBS,1438.59,1393.44,1438.59,1377.5,7166,stock
2021-04-05,NMFBS,1377.95,1367.77,1381.05,1367.77,6203,stock
2021-04-06,NMFBS,1368.21,1389.9,1394.32,1367.77,4200,stock
2021-04-07,NMFBS,1417.34,1404.51,1443.01,1365.55,2920,stock
2021-04-08,NMFBS,1378.83,1425.75,1460.72,1378.83,4803,stock
2021-04-12,NMFBS,1451.43,1481.97,1519.59,1434.16,7268,stock
2021-04-13,NMFBS,1504.98,1481.97,1520.48,1433.28,3229,stock
2021-04-15,NMFBS,1453.64,1429.74,1476.21,1423.54,3587,stock
2021-04-18,NMFBS,1458.06,1416.46,1458.06,1396.54,2117,stock
2021-04-19,NMFBS,1394.32,1394.32,1420.44,1393.0,3357,stock
2021-04-20,NMFBS,1394.32,1420.44,1449.21,1394.32,1995,stock
2021-04-21,NMFBS,1447.0,1394.32,1447.44,1369.09,8163,stock
2021-04-22,NMFBS,1372.19,1372.63,1416.46,1372.19,4915,stock
2021-04-25,NMFBS,1372.63,1371.75,1392.11,1347.85,5606,stock
2021-04-26,NMFBS,1346.52,1358.03,1398.75,1346.52,4056,stock
2021-04-27,NMFBS,1372.19,1416.46,1427.52,1350.06,3762,stock
2021-04-28,NMFBS,1455.85,1415.13,1482.85,1399.19,6504,stock
2021-04-29,NMFBS,1394.32,1443.01,1443.01,1394.32,3370,stock
2021-05-02,NMFBS,1443.01,1489.05,1489.49,1442.57,7062,stock
2021-05-03,NMFBS,1563.41,1637.78,1637.78,1552.35,37199,stock
2021-05-04,NMFBS,1719.67,1726.31,1781.64,1683.37,17147,stock
2021-05-05,NMFBS,1805.98,1681.16,1805.98,1666.55,9009,stock
2021-05-06,NMFBS,1670.53,1633.35,1670.53,1633.35,10677,stock
2021-05-09,NMFBS,1633.35,1597.94,1633.35,1597.94,7335,stock
2021-05-10,NMFBS,1575.81,1626.71,1637.78,1575.81,4652,stock
2021-05-11,NMFBS,1657.25,1704.17,1708.6,1657.25,9824,stock
2021-05-12,NMFBS,1717.45,1682.04,1726.31,1673.19,2795,stock
2021-05-13,NMFBS,1669.21,1668.76,1685.58,1666.55,4046,stock
2021-05-16,NMFBS,1670.98,1679.83,1690.01,1670.09,3136,stock
2021-05-17,NMFBS,1679.83,1672.75,1704.17,1664.34,4813,stock
2021-05-18,NMFBS,1672.75,1678.94,1679.83,1657.7,7288,stock
2021-05-19,NMFBS,1682.04,1672.75,1699.31,1660.8,3812,stock
2021-05-20,NMFBS,1655.93,1649.29,1659.91,1649.29,2642,stock
2021-05-23,NMFBS,1640.43,1659.91,1682.04,1639.99,7009,stock
2021-05-24,NMFBS,1662.12,1648.84,1682.04,1624.5,5261,stock
2021-05-25,NMFBS,1638.22,1631.58,1654.6,1622.29,2495,stock
2021-05-27,NMFBS,1550.13,1577.14,1628.92,1519.15,11626,stock
2021-05-30,NMFBS,1593.51,1579.35,1593.51,1574.04,2921,stock
2021-05-31,NMFBS,1576.25,1553.68,1580.68,1553.68,3229,stock
2021-06-01,NMFBS,1569.17,1550.13,1571.38,1540.4,4383,stock
2021-06-02,NMFBS,1550.13,1578.46,1579.79,1553.68,1690,stock
2021-06-03,NMFBS,1589.09,1624.5,1637.78,1589.09,5083,stock
2021-06-06,NMFBS,1646.63,1639.99,1656.81,1629.37,2786,stock
2021-06-07,NMFBS,1637.78,1627.15,1643.97,1627.15,891,stock
2021-06-08,NMFBS,1653.27,1626.71,1659.47,1563.86,5010,stock
2021-06-09,NMFBS,1636.89,1601.92,1637.78,1593.51,1744,stock
2021-06-10,NMFBS,1581.12,1623.17,1625.38,1580.68,3288,stock
2021-06-13,NMFBS,1655.48,1615.65,1655.48,1593.51,2475,stock
2021-06-14,NMFBS,1585.55,1593.51,1636.45,1585.55,2251,stock
2021-06-15,NMFBS,1589.09,1586.87,1593.51,1578.91,2628,stock
2021-06-16,NMFBS,1615.65,1602.37,1670.53,1588.2,7222,stock
2021-06-17,NMFBS,1682.48,1589.97,1682.48,1589.09,2567,stock
2021-06-20,NMFBS,1582.89,1571.82,1584.66,1564.74,3278,stock
2021-06-21,NMFBS,1571.82,1540.84,1593.51,1540.4,4424,stock
2021-06-22,NMFBS,1571.38,1566.95,1580.23,1543.05,3419,stock
2021-06-23,NMFBS,1584.66,1538.18,1584.66,1529.33,2926,stock
2021-06-24,NMFBS,1540.4,1527.12,1541.28,1527.12,2243,stock
2021-06-27,NMFBS,1513.84,1548.81,1548.81,1513.84,864,stock
2021-06-28,NMFBS,1578.02,1580.23,1601.92,1548.36,5211,stock
2021-06-29,NMFBS,1659.02,1575.81,1659.02,1571.38,5734,stock
2021-06-30,NMFBS,1575.81,1560.32,1607.24,1544.82,865,stock
2021-07-01,NMFBS,1582.45,1570.94,1584.66,1549.25,2511,stock
2021-07-04,NMFBS,1571.82,1564.74,1582.45,1535.97,2799,stock
2021-07-05,NMFBS,1564.74,1570.94,1582.45,1545.27,689,stock
2021-07-06,NMFBS,1570.94,1560.32,1571.38,1540.4,1348,stock
2021-07-07,NMFBS,1573.59,1560.32,1575.81,1547.04,1992,stock
2021-07-08,NMFBS,1560.32,1601.92,1601.92,1549.25,2140,stock
2021-07-11,NMFBS,1632.47,1612.99,1632.47,1580.23,5115,stock
2021-07-12,NMFBS,1637.34,1591.3,1644.86,1585.1,4149,stock
2021-07-13,NMFBS,1609.01,1602.37,1622.73,1591.3,3040,stock
2021-07-14,NMFBS,1602.37,1594.84,1602.37,1593.51,900,stock
2021-07-15,NMFBS,1594.84,1594.84,1608.56,1589.09,2570,stock
2021-07-18,NMFBS,1615.65,1659.91,1677.62,1615.65,4138,stock
2021-07-19,NMFBS,1659.91,1659.87,1681.16,1644.42,1606,stock
2021-07-20,NMFBS,1659.47,1639.99,1659.47,1622.29,1281,stock
2021-07-22,NMFBS,1639.99,1637.34,1646.63,1620.07,2273,stock
2021-07-25,NMFBS,1637.34,1668.32,1670.98,1637.34,3287,stock
2021-07-26,NMFBS,1668.76,1679.83,1699.75,1662.12,5055,stock
2021-07-27,NMFBS,1646.63,1629.37,1648.4,1613.34,8428,stock
2021-07-28,NMFBS,1615.65,1629.37,1657.7,1600.15,1549,stock
2021-07-29,NMFBS,1655.48,1633.35,1661.68,1611.66,2444,stock
2021-08-01,NMFBS,1621.4,1651.06,1653.71,1621.4,3602,stock
2021-08-02,NMFBS,1653.27,1670.98,1670.98,1638.71,3076,stock
2021-08-03,NMFBS,1682.04,1703.73,1704.4,1673.63,6059,stock
2021-08-04,NMFBS,1726.31,1668.76,1737.77,1668.76,5104,stock
2021-08-05,NMFBS,1668.76,1670.98,1699.75,1656.37,4650,stock
2021-08-08,NMFBS,1662.12,1627.6,1662.12,1623.17,3021,stock
2021-08-09,NMFBS,1628.92,1615.65,1659.91,1597.94,2512,stock
2021-08-10,NMFBS,1611.22,1635.12,1637.73,1611.22,1439,stock
2021-08-11,NMFBS,1609.01,1659.91,1659.91,1609.01,2342,stock
2021-08-12,NMFBS,1659.91,1636.89,1682.04,1596.79,3247,stock
2021-08-15,NMFBS,1668.76,1597.94,1668.76,1584.66,7662,stock
2021-08-16,NMFBS,1599.71,1566.95,1606.79,1566.95,3745,stock
2021-08-17,NMFBS,1598.29,1530.22,1598.29,1527.12,18148,stock
2021-08-18,NMFBS,1527.12,1533.76,1558.1,1500.56,6047,stock
2021-08-19,NMFBS,1549.25,1529.37,1549.25,1529.37,3662,stock
2021-08-24,NMFBS,1549.69,1505.69,1549.69,1500.56,5931,stock
2021-08-25,NMFBS,1496.13,1483.78,1513.84,1483.78,3247,stock
2021-08-26,NMFBS,1498.35,1469.57,1500.56,1460.72,4753,stock
2021-08-29,NMFBS,1474.0,1438.15,1491.71,1415.26,8944,stock
2021-08-31,NMFBS,1416.46,1398.75,1438.59,1393.88,7279,stock
2021-09-01,NMFBS,1426.19,1416.46,1454.08,1354.49,6605,stock
2021-09-02,NMFBS,1444.34,1398.75,1444.34,1372.19,2283,stock
2021-09-05,NMFBS,1372.19,1363.34,1394.32,1333.28,3759,stock
2021-09-06,NMFBS,1385.47,1412.03,1412.03,1358.91,4993,stock
2021-09-07,NMFBS,1416.46,1385.47,1416.46,1356.7,1928,stock
2021-09-08,NMFBS,1385.47,1332.35,1385.47,1323.5,5552,stock
2021-09-09,NMFBS,1359.0,1327.93,1359.0,1322.17,1894,stock
2021-09-12,NMFBS,1350.06,1328.37,1350.06,1310.22,6863,stock
2021-09-13,NMFBS,1328.37,1323.55,1381.49,1323.55,6072,stock
2021-09-14,NMFBS,1350.02,1347.85,1376.62,1311.11,3831,stock
2021-09-15,NMFBS,1372.19,1332.35,1372.19,1327.93,1592,stock
2021-09-16,NMFBS,1328.37,1288.09,1338.99,1275.25,5870,stock
2021-09-20,NMFBS,1305.8,1231.87,1305.8,1210.63,6198,stock
2021-09-21,NMFBS,1207.97,1223.91,1274.81,1186.28,4444,stock
2021-09-22,NMFBS,1248.39,1250.47,1296.9,1226.12,5297,stock
2021-09-23,NMFBS,1252.68,1239.4,1265.96,1217.27,6986,stock
2021-09-26,NMFBS,1217.53,1206.2,1227.89,1203.99,2256,stock
2021-09-27,NMFBS,1195.14,1173.0,1205.32,1159.72,3415,stock
2021-09-28,NMFBS,1195.14,1161.94,1195.14,1137.59,4895,stock
2021-09-29,NMFBS,1147.33,1195.14,1210.63,1141.58,3088,stock
2021-09-30,NMFBS,1210.63,1151.76,1210.63,1151.31,3636,stock
2021-10-03,NMFBS,1174.33,1144.23,1197.35,1106.61,5398,stock
2021-10-04,NMFBS,1128.74,1181.86,1195.09,1128.74,2748,stock
2021-10-05,NMFBS,1203.99,1237.19,1239.4,1203.99,6690,stock
2021-10-06,NMFBS,1259.32,1327.93,1345.63,1259.32,7521,stock
2021-10-10,NMFBS,1354.49,1323.5,1389.9,1312.44,6555,stock
2021-10-11,NMFBS,1323.5,1311.99,1323.5,1283.66,3623,stock
2021-10-17,NMFBS,1327.49,1311.55,1327.49,1287.65,1025,stock
2021-10-18,NMFBS,1288.09,1257.11,1288.09,1235.42,4227,stock
2021-10-19,NMFBS,1281.89,1217.27,1281.89,1192.92,4121,stock
2021-10-20,NMFBS,1241.61,1246.04,1289.86,1225.23,1429,stock
2021-10-21,NMFBS,1257.11,1262.86,1263.3,1219.48,2257,stock
2021-10-24,NMFBS,1288.09,1298.27,1316.82,1238.96,2817,stock
2021-10-25,NMFBS,1288.09,1327.49,1327.93,1279.28,4000,stock
2021-10-26,NMFBS,1342.98,1350.06,1403.18,1320.85,6866,stock
2021-10-27,NMFBS,1323.55,1371.31,1381.05,1323.5,5695,stock
2021-10-28,NMFBS,1371.31,1389.9,1393.88,1350.55,3248,stock
2021-10-31,NMFBS,1417.7,1438.59,1446.02,1395.25,6837,stock
2021-11-01,NMFBS,1460.28,1421.33,1460.72,1401.01,7663,stock
2021-11-02,NMFBS,1416.46,1423.54,1435.93,1399.64,5524,stock
2021-11-03,NMFBS,1445.23,1438.15,1460.72,1429.29,4042,stock
2021-11-08,NMFBS,1416.46,1460.72,1463.73,1416.46,8638,stock
2021-11-09,NMFBS,1438.15,1443.9,1458.51,1401.41,8547,stock
2021-11-11,NMFBS,1415.13,1407.6,1420.44,1387.68,8896,stock
2021-11-14,NMFBS,1381.49,1447.44,1451.82,1381.49,9456,stock
2021-11-15,NMFBS,1476.39,1505.43,1543.94,1476.21,14575,stock
2021-11-16,NMFBS,1505.43,1591.74,1597.94,1492.28,18255,stock
2021-11-17,NMFBS,1615.65,1588.56,1615.65,1569.17,8514,stock
2021-11-18,NMFBS,1620.29,1620.07,1715.68,1611.22,27421,stock
2021-11-21,NMFBS,1651.06,1566.95,1651.06,1549.25,11108,stock
2021-11-22,NMFBS,1566.95,1560.32,1580.23,1535.97,7006,stock
2021-11-23,NMFBS,1534.64,1531.1,1559.87,1513.84,3795,stock
2021-11-24,NMFBS,1503.21,1524.9,1533.76,1500.6,5566,stock
2021-11-25,NMFBS,1548.81,1509.46,1548.81,1505.87,2827,stock
2021-11-28,NMFBS,1504.98,1438.59,1504.98,1438.59,9608,stock
2021-11-29,NMFBS,1438.59,1416.01,1460.72,1405.83,7696,stock
2021-11-30,NMFBS,1438.59,1412.03,1438.59,1399.19,4372,stock
2021-12-01,NMFBS,1416.46,1405.39,1424.42,1403.18,6666,stock
2021-12-02,NMFBS,1407.6,1403.18,1420.88,1390.34,14870,stock
2021-12-05,NMFBS,1403.62,1379.72,1416.46,1379.72,5114,stock
2021-12-06,NMFBS,1372.19,1381.05,1393.88,1345.63,7887,stock
2021-12-07,NMFBS,1385.47,1366.97,1408.05,1366.88,4291,stock
2021-12-08,NMFBS,1345.63,1326.16,1358.91,1323.5,5664,stock
2021-12-09,NMFBS,1301.81,1323.5,1338.68,1284.99,6100,stock
2021-12-12,NMFBS,1323.5,1261.53,1323.5,1259.32,5591,stock
2021-12-13,NMFBS,1239.84,1215.05,1254.89,1193.36,8877,stock
2021-12-14,NMFBS,1238.96,1323.06,1336.34,1217.71,2435,stock
2021-12-15,NMFBS,1349.17,1300.48,1394.32,1277.91,5867,stock
2021-12-16,NMFBS,1274.81,1263.74,1279.24,1255.82,2232,stock
2021-12-20,NMFBS,1243.83,1263.74,1285.88,1239.4,3595,stock
2021-12-21,NMFBS,1289.02,1288.53,1290.3,1264.63,2065,stock
2021-12-22,NMFBS,1310.22,1377.06,1377.06,1305.8,8158,stock
2021-12-23,NMFBS,1377.06,1357.14,1400.96,1352.27,5588,stock
2021-12-26,NMFBS,1376.62,1407.16,1426.64,1371.31,8900,stock
2021-12-27,NMFBS,1431.51,1372.19,1431.51,1369.09,5875,stock
2021-12-28,NMFBS,1399.64,1384.59,1400.96,1369.09,4365,stock
2021-12-29,NMFBS,1387.68,1424.42,1429.69,1385.47,6019,stock
2022-01-02,NMFBS,1447.44,1511.62,1524.9,1438.59,11085,stock
2022-01-03,NMFBS,1541.72,1524.46,1541.72,1518.26,11192,stock
2022-01-04,NMFBS,1494.01,1544.82,1550.58,1482.85,12930,stock
2022-01-05,NMFBS,1558.99,1535.97,1562.53,1531.54,8592,stock
2022-01-06,NMFBS,1535.97,1593.29,1604.58,1534.2,28133,stock
2022-01-09,NMFBS,1615.65,1602.37,1626.71,1588.2,19531,stock
2022-01-10,NMFBS,1634.24,1620.07,1637.78,1604.58,44658,stock
2022-01-11,NMFBS,1652.43,1706.03,1765.52,1652.43,24572,stock
2022-01-12,NMFBS,1735.16,1673.25,1735.16,1673.19,10889,stock
2022-01-13,NMFBS,1660.8,1676.29,1691.78,1642.2,7620,stock
2022-01-16,NMFBS,1676.29,1685.89,1743.22,1666.99,14629,stock
2022-01-17,NMFBS,1693.08,1692.4,1715.33,1681.31,3962,stock
2022-01-18,NMFBS,1701.7,1663.89,1701.7,1654.6,5532,stock
2022-01-19,NMFBS,1673.19,1649.02,1674.43,1642.2,6062,stock
2022-01-20,NMFBS,1626.71,1664.51,1672.57,1626.71,4823,stock
2022-01-23,NMFBS,1673.19,1661.41,1691.16,1660.8,5105,stock
2022-01-24,NMFBS,1694.26,1605.02,1694.26,1598.89,9507,stock
2022-01-25,NMFBS,1605.02,1611.22,1654.6,1580.23,5837,stock
2022-01-26,NMFBS,1611.22,1593.25,1617.42,1586.43,2285,stock
2022-01-27,NMFBS,1611.22,1673.19,1681.37,1593.25,9460,stock
2022-01-30,NMFBS,1706.65,1690.48,1735.16,1673.19,4953,stock
2022-01-31,NMFBS,1716.57,1681.86,1724.25,1658.94,8485,stock
2022-02-01,NMFBS,1673.81,1676.29,1691.78,1664.51,3916,stock
2022-02-03,NMFBS,1679.39,1660.8,1703.55,1657.7,4689,stock
2022-02-06,NMFBS,1673.19,1630.12,1673.19,1628.57,2295,stock
2022-02-07,NMFBS,1636.01,1636.01,1640.35,1627.95,1204,stock
2022-02-08,NMFBS,1668.73,1626.71,1691.78,1624.85,2067,stock
2022-02-09,NMFBS,1623.61,1611.84,1623.61,1608.12,1966,stock
2022-02-10,NMFBS,1617.42,1601.3,1629.81,1578.99,7049,stock
2022-02-13,NMFBS,1598.83,1549.25,1598.83,1538.09,4767,stock
2022-02-14,NMFBS,1580.23,1530.66,1580.23,1521.98,5067,stock
2022-02-15,NMFBS,1530.66,1580.23,1580.23,1530.66,1878,stock
2022-02-16,NMFBS,1580.23,1572.8,1605.02,1564.74,3828,stock
2022-02-17,NMFBS,1579.61,1568.46,1580.23,1548.63,1256,stock
2022-02-20,NMFBS,1537.1,1549.25,1567.22,1499.67,3234,stock
2022-02-21,NMFBS,1549.25,1543.05,1549.25,1533.76,1454,stock
2022-02-22,NMFBS,1546.15,1549.25,1567.84,1539.95,1144,stock
2022-02-23,NMFBS,1549.25,1539.33,1555.45,1530.66,1121,stock
2022-02-24,NMFBS,1518.88,1513.31,1543.05,1509.59,3329,stock
2022-02-27,NMFBS,1499.67,1513.31,1527.56,1484.18,1134,stock
2022-02-28,NMFBS,1543.05,1492.05,1543.05,1488.52,2338,stock
2022-03-02,NMFBS,1492.24,1453.2,1492.24,1407.34,3300,stock
2022-03-06,NMFBS,1481.7,1473.03,1484.18,1453.82,1384,stock
2022-03-07,NMFBS,1468.69,1456.29,1487.28,1443.9,3152,stock
2022-03-09,NMFBS,1484.18,1450.1,1484.8,1428.41,1734,stock
2022-03-10,NMFBS,1468.69,1477.98,1477.98,1466.83,1407,stock
2022-03-13,NMFBS,1507.11,1530.66,1542.43,1487.28,1433,stock
2022-03-14,NMFBS,1533.76,1515.23,1543.05,1515.23,575,stock
2022-03-15,NMFBS,1531.28,1518.26,1531.28,1514.55,1851,stock
2022-03-16,NMFBS,1539.95,1515.17,1539.95,1489.76,797,stock
2022-03-20,NMFBS,1496.57,1497.81,1502.77,1496.57,641,stock
2022-03-21,NMFBS,1526.94,1502.77,1526.94,1492.86,847,stock
2022-03-22,NMFBS,1503.39,1503.39,1512.07,1503.39,889,stock
2022-03-23,NMFBS,1503.39,1491.0,1518.26,1471.79,3156,stock
2022-03-24,NMFBS,1491.62,1474.89,1491.62,1468.69,1137,stock
2022-03-27,NMFBS,1453.26,1465.59,1487.28,1450.41,1882,stock
2022-03-28,NMFBS,1447.0,1442.04,1465.59,1441.42,1849,stock
2022-03-29,NMFBS,1442.04,1443.9,1459.39,1429.65,607,stock
2022-03-30,NMFBS,1465.59,1462.49,1472.41,1447.62,729,stock
2022-03-31,NMFBS,1434.6,1433.99,1461.87,1425.31,4505,stock
2022-04-03,NMFBS,1424.07,1406.72,1425.19,1401.14,2987,stock
2022-04-04,NMFBS,1394.94,1383.17,1416.01,1363.34,7457,stock
2022-04-05,NMFBS,1375.73,1362.72,1375.73,1350.95,3614,stock
2022-04-06,NMFBS,1353.42,1333.66,1362.1,1301.37,5129,stock
2022-04-07,NMFBS,1308.19,1360.24,1360.3,1307.57,7026,stock
2022-04-11,NMFBS,1386.89,1326.78,1386.89,1324.36,6581,stock
2022-04-12,NMFBS,1307.57,1289.66,1308.19,1289.66,3658,stock
2022-04-13,NMFBS,1264.19,1316.86,1332.35,1264.19,2820,stock
2022-04-17,NMFBS,1318.1,1301.37,1329.26,1295.17,2899,stock
2022-04-18,NMFBS,1301.37,1293.93,1307.57,1279.68,2196,stock
2022-04-19,NMFBS,1276.58,1313.76,1318.72,1270.38,2798,stock
2022-04-20,NMFBS,1339.79,1293.31,1339.79,1276.58,2095,stock
2022-04-21,NMFBS,1268.22,1288.98,1288.98,1268.22,1928,stock
2022-04-24,NMFBS,1314.75,1345.37,1345.37,1289.6,2935,stock
2022-04-25,NMFBS,1332.35,1313.76,1359.0,1301.37,3027,stock
2022-04-26,NMFBS,1295.17,1313.76,1321.01,1295.17,1029,stock
2022-04-27,NMFBS,1295.17,1301.99,1316.86,1287.74,1221,stock
2022-04-28,NMFBS,1301.99,1298.27,1325.54,1295.17,1526,stock
2022-05-02,NMFBS,1323.62,1271.0,1323.62,1264.19,2893,stock
2022-05-04,NMFBS,1271.0,1239.4,1295.79,1233.2,2754,stock
2022-05-05,NMFBS,1239.4,1205.94,1240.02,1205.56,3646,stock
2022-05-08,NMFBS,1186.79,1220.81,1220.81,1184.87,2048,stock
2022-05-09,NMFBS,1220.81,1231.96,1237.54,1218.39,2260,stock
2022-05-10,NMFBS,1236.3,1257.99,1282.78,1208.41,4234,stock
2022-05-11,NMFBS,1270.38,1318.1,1320.58,1257.99,3227,stock
2022-05-12,NMFBS,1326.16,1270.38,1326.16,1267.29,4003,stock
2022-05-17,NMFBS,1267.29,1220.81,1267.29,1217.71,3018,stock
2022-05-18,NMFBS,1199.74,1232.58,1251.79,1199.74,1000,stock
2022-05-19,NMFBS,1232.58,1217.71,1251.17,1214.61,950,stock
2022-05-20,NMFBS,1241.26,1208.41,1241.26,1199.12,1467,stock
2022-05-23,NMFBS,1208.41,1194.78,1208.41,1184.25,1691,stock
2022-05-24,NMFBS,1205.32,1217.71,1228.86,1193.54,9470,stock
2022-05-25,NMFBS,1218.33,1232.58,1238.78,1218.33,491,stock
2022-05-26,NMFBS,1232.58,1221.43,1237.54,1208.41,1412,stock
2022-05-27,NMFBS,1233.2,1218.95,1233.2,1215.23,525,stock
2022-05-30,NMFBS,1238.78,1209.03,1238.78,1197.26,1336,stock
2022-05-31,NMFBS,1208.41,1187.34,1225.15,1186.72,2813,stock
2022-06-01,NMFBS,1184.87,1178.67,1210.89,1178.05,2465,stock
2022-06-02,NMFBS,1201.6,1163.18,1201.6,1163.18,2580,stock
2022-06-03,NMFBS,1163.18,1145.82,1163.18,1127.92,2926,stock
2022-06-06,NMFBS,1168.69,1169.99,1191.06,1145.21,2000,stock
2022-06-07,NMFBS,1153.26,1146.44,1171.85,1137.15,3358,stock
2022-06-08,NMFBS,1165.66,1197.26,1197.82,1149.54,1956,stock
2022-06-09,NMFBS,1217.71,1205.32,1220.81,1183.63,2997,stock
2022-06-10,NMFBS,1205.32,1183.63,1205.32,1165.04,1480,stock
2022-06-13,NMFBS,1168.13,1183.63,1191.06,1168.13,1655,stock
2022-06-14,NMFBS,1174.33,1173.71,1180.53,1165.04,2507,stock
2022-06-15,NMFBS,1177.43,1161.94,1177.43,1134.05,2762,stock
2022-06-16,NMFBS,1177.43,1158.22,1184.87,1158.22,1237,stock
2022-06-17,NMFBS,1146.44,1152.64,1171.23,1146.44,385,stock
2022-06-19,NMFBS,1146.44,1132.19,1146.44,1131.57,1620,stock
2022-06-20,NMFBS,1121.66,1093.77,1127.85,1093.77,3155,stock
2022-06-21,NMFBS,1081.38,1127.85,1144.59,1081.38,1583,stock
2022-06-22,NMFBS,1127.85,1109.26,1147.06,1106.16,1732,stock
2022-06-23,NMFBS,1112.36,1096.87,1112.36,1081.44,1889,stock
2022-06-24,NMFBS,1118.74,1110.5,1127.23,1087.57,2075,stock
2022-06-26,NMFBS,1132.69,1183.56,1196.02,1127.85,4289,stock
2022-06-27,NMFBS,1207.11,1165.04,1207.11,1165.04,3230,stock
2022-06-28,NMFBS,1188.27,1146.44,1188.27,1135.66,2605,stock
2022-06-29,NMFBS,1169.31,1196.02,1199.12,1155.74,1594,stock
2022-06-30,NMFBS,1218.95,1238.78,1238.78,1214.61,3423,stock
2022-07-01,NMFBS,1263.38,1238.78,1263.38,1236.3,1666,stock
2022-07-03,NMFBS,1245.6,1289.6,1289.6,1223.91,2902,stock
2022-07-04,NMFBS,1315.25,1270.38,1357.14,1263.57,7912,stock
2022-07-05,NMFBS,1295.11,1243.12,1295.11,1236.3,3014,stock
2022-07-06,NMFBS,1267.91,1251.79,1267.91,1214.61,2400,stock
2022-07-07,NMFBS,1276.83,1238.78,1288.98,1230.72,1997,stock
2022-07-08,NMFBS,1263.44,1208.41,1263.44,1208.41,1896,stock
2022-07-11,NMFBS,1189.82,1152.64,1189.82,1149.54,2997,stock
2022-07-12,NMFBS,1146.44,1170.61,1177.43,1140.87,1725,stock
2022-07-13,NMFBS,1192.92,1197.88,1202.22,1189.82,2599,stock
2022-07-14,NMFBS,1197.88,1199.18,1225.15,1192.92,1664,stock
2022-07-15,NMFBS,1189.82,1199.12,1199.12,1186.72,1422,stock
2022-07-17,NMFBS,1187.34,1226.88,1226.88,1186.72,1982,stock
2022-07-18,NMFBS,1230.72,1251.79,1254.89,1220.81,1694,stock
2022-07-19,NMFBS,1251.79,1273.48,1292.07,1248.69,2621,stock
2022-07-20,NMFBS,1283.4,1298.27,1313.76,1252.41,7517,stock
2022-07-21,NMFBS,1323.68,1331.61,1335.45,1301.37,7376,stock
2022-07-22,NMFBS,1344.75,1316.86,1344.75,1290.28,5792,stock
2022-07-24,NMFBS,1343.2,1369.54,1369.54,1316.86,4985,stock
2022-07-25,NMFBS,1394.32,1416.01,1419.11,1378.89,7240,stock
2022-07-26,NMFBS,1416.01,1384.41,1419.11,1366.44,8295,stock
2022-07-27,NMFBS,1389.99,1413.53,1413.53,1357.14,6780,stock
2022-07-28,NMFBS,1441.42,1481.08,1548.01,1441.42,15762,stock
2022-07-29,NMFBS,1481.08,1499.67,1510.7,1481.08,4907,stock
2022-07-31,NMFBS,1524.46,1488.7,1528.8,1487.9,5651,stock
2022-08-01,NMFBS,1505.87,1471.79,1508.35,1468.69,4498,stock
2022-08-02,NMFBS,1474.89,1524.46,1529.67,1459.39,6249,stock
2022-08-03,NMFBS,1554.83,1534.44,1598.83,1534.44,13092,stock
2022-08-04,NMFBS,1536.86,1513.93,1558.54,1505.87,8798,stock
2022-08-05,NMFBS,1487.28,1463.73,1508.97,1462.49,5891,stock
2022-08-07,NMFBS,1487.28,1484.18,1490.38,1465.65,5067,stock
2022-08-08,NMFBS,1512.07,1490.38,1529.42,1481.7,10677,stock
2022-08-09,NMFBS,1490.38,1458.77,1496.57,1456.91,7728,stock
2022-08-10,NMFBS,1432.13,1451.34,1474.89,1432.13,4942,stock
2022-08-11,NMFBS,1480.34,1429.65,1480.34,1429.65,7732,stock
2022-08-14,NMFBS,1434.6,1425.93,1447.0,1421.59,7094,stock
2022-08-15,NMFBS,1425.93,1471.79,1471.79,1419.11,4711,stock
2022-08-16,NMFBS,1479.97,1431.57,1489.14,1431.57,3339,stock
2022-08-17,NMFBS,1406.72,1440.8,1452.45,1406.72,3147,stock
2022-08-18,NMFBS,1455.67,1456.29,1469.31,1441.42,3318,stock
2022-08-21,NMFBS,1484.18,1437.7,1484.18,1435.84,2197,stock
2022-08-22,NMFBS,1437.7,1440.8,1447.0,1427.17,1341,stock
2022-08-23,NMFBS,1440.8,1430.58,1443.84,1425.31,2911,stock
2022-08-24,NMFBS,1455.67,1428.41,1456.29,1425.31,2848,stock
2022-08-25,NMFBS,1414.77,1419.11,1437.08,1414.77,2382,stock
2022-08-26,NMFBS,1419.11,1406.1,1419.11,1397.42,1092,stock
2022-08-28,NMFBS,1397.42,1378.83,1412.92,1378.83,3399,stock
2022-08-29,NMFBS,1379.45,1363.96,1379.45,1362.72,3315,stock
2022-08-30,NMFBS,1390.61,1363.34,1390.61,1350.95,1495,stock
2022-08-31,NMFBS,1363.34,1337.93,1363.34,1332.35,2390,stock
2022-09-01,NMFBS,1332.35,1332.35,1355.9,1315.0,1669,stock
2022-09-02,NMFBS,1355.28,1329.26,1355.9,1326.78,330,stock
2022-09-04,NMFBS,1350.95,1326.16,1350.95,1325.54,1730,stock
2022-09-05,NMFBS,1350.33,1326.16,1350.33,1319.96,1636,stock
2022-09-06,NMFBS,1352.68,1312.52,1352.68,1301.37,2164,stock
2022-09-07,NMFBS,1301.37,1300.75,1323.06,1295.17,1095,stock
2022-09-08,NMFBS,1319.28,1298.89,1319.96,1292.94,1604,stock
2022-09-11,NMFBS,1299.57,1295.23,1313.7,1295.23,1136,stock
2022-09-12,NMFBS,1295.23,1288.98,1301.37,1288.98,1161,stock
2022-09-13,NMFBS,1313.76,1301.37,1313.76,1288.98,1684,stock
2022-09-14,NMFBS,1324.92,1340.97,1350.95,1319.96,2316,stock
2022-09-15,NMFBS,1341.03,1301.37,1341.03,1293.56,3246,stock
2022-09-16,NMFBS,1276.58,1280.92,1297.03,1274.1,754,stock
2022-09-18,NMFBS,1255.51,1239.4,1282.78,1239.4,3376,stock
2022-09-20,NMFBS,1217.71,1201.6,1239.4,1195.4,3544,stock
2022-09-21,NMFBS,1225.15,1202.16,1225.58,1195.21,2354,stock
2022-09-22,NMFBS,1196.64,1177.43,1199.12,1177.43,2404,stock
2022-09-25,NMFBS,1156.98,1153.88,1171.17,1134.05,3547,stock
2022-09-27,NMFBS,1153.88,1173.09,1195.9,1141.49,1634,stock
2022-09-28,NMFBS,1196.02,1192.92,1208.41,1189.82,1154,stock
2022-09-29,NMFBS,1216.78,1233.2,1239.4,1216.78,1762,stock
2022-10-09,NMFBS,1251.55,1290.83,1290.83,1251.55,2539,stock
2022-10-10,NMFBS,1295.17,1271.62,1295.17,1271.0,1474,stock
2022-10-11,NMFBS,1267.29,1267.29,1270.38,1246.84,1370,stock
2022-10-12,NMFBS,1252.41,1239.4,1270.38,1239.4,3420,stock
2022-12-07,NMFBS,1264.19,1276.58,1339.79,1228.86,9808,stock
2022-12-11,NMFBS,1301.37,1256.75,1301.37,1245.6,4733,stock
2022-12-12,NMFBS,1233.26,1239.4,1251.79,1233.2,3508,stock
2022-12-13,NMFBS,1239.46,1239.4,1282.16,1236.3,1571,stock
2022-12-14,NMFBS,1238.78,1236.61,1250.55,1236.42,2551,stock
2022-12-15,NMFBS,1236.92,1221.43,1239.4,1217.71,2121,stock
2022-12-18,NMFBS,1221.43,1192.3,1221.43,1186.72,1892,stock
2022-12-19,NMFBS,1193.54,1177.43,1194.78,1170.92,1437,stock
2022-12-20,NMFBS,1180.53,1184.25,1204.08,1180.53,2655,stock
2022-12-21,NMFBS,1196.02,1186.72,1196.02,1174.33,1795,stock
2022-12-22,NMFBS,1202.22,1169.99,1208.41,1163.18,1608,stock
2022-12-26,NMFBS,1192.92,1196.64,1202.22,1178.05,3340,stock
2022-12-27,NMFBS,1218.33,1197.88,1231.28,1197.88,4789,stock
2022-12-28,NMFBS,1177.43,1187.96,1204.7,1177.43,2732,stock
2022-12-29,NMFBS,1187.96,1225.15,1225.15,1184.25,2287,stock
2023-01-01,NMFBS,1227.01,1239.4,1251.17,1212.75,4907,stock
2023-01-02,NMFBS,1248.63,1257.99,1270.38,1230.1,2806,stock
2023-01-03,NMFBS,1282.78,1250.55,1282.78,1239.4,6290,stock
2023-01-04,NMFBS,1269.76,1313.76,1319.34,1239.4,5316,stock
2023-01-05,NMFBS,1339.79,1381.31,1390.61,1332.35,12176,stock
2023-01-08,NMFBS,1354.66,1363.34,1400.52,1347.85,5488,stock
2023-01-09,NMFBS,1336.69,1363.34,1389.99,1336.69,4615,stock
2023-01-10,NMFBS,1363.34,1332.35,1383.79,1332.35,6659,stock
2023-01-12,NMFBS,1357.14,1316.86,1381.93,1316.86,6848,stock
2023-01-17,NMFBS,1331.11,1309.43,1332.35,1305.71,2702,stock
2023-01-18,NMFBS,1313.76,1313.76,1335.45,1302.61,2110,stock
2023-01-19,NMFBS,1324.3,1362.72,1365.2,1308.19,6150,stock
2023-01-23,NMFBS,1363.34,1363.34,1363.34,1363.34,146,stock
2023-01-25,NMFBS,1390.61,1452.58,1499.67,1390.61,27217,stock
2023-01-26,NMFBS,1481.58,1432.13,1481.58,1427.79,6890,stock
2023-01-29,NMFBS,1443.9,1418.49,1443.9,1412.92,8487,stock
2023-01-30,NMFBS,1434.54,1388.75,1434.54,1388.75,5360,stock
2023-01-31,NMFBS,1366.44,1381.31,1406.72,1360.24,4233,stock
2023-02-01,NMFBS,1378.83,1372.63,1381.31,1372.63,2021,stock
2023-02-02,NMFBS,1372.63,1354.73,1394.32,1354.73,3302,stock
2023-02-05,NMFBS,1351.01,1345.99,1363.34,1341.65,3506,stock
2023-02-06,NMFBS,1361.48,1357.14,1362.72,1347.85,1808,stock
2023-02-07,NMFBS,1363.34,1388.13,1394.26,1360.24,2901,stock
2023-02-08,NMFBS,1393.08,1399.9,1425.31,1378.83,3708,stock
2023-02-09,NMFBS,1417.25,1403.62,1417.25,1386.89,1542,stock
2023-02-12,NMFBS,1399.9,1366.44,1399.9,1366.44,3528,stock
2023-02-14,NMFBS,1391.16,1359.62,1391.16,1355.28,1893,stock
2023-02-15,NMFBS,1360.24,1347.85,1369.54,1341.65,2174,stock
2023-02-16,NMFBS,1334.21,1321.51,1346.67,1321.51,3503,stock
2023-02-20,NMFBS,1313.76,1311.9,1337.31,1301.37,3242,stock
2023-02-22,NMFBS,1319.96,1312.52,1337.62,1308.5,2328,stock
2023-02-23,NMFBS,1286.31,1181.27,1287.49,1181.27,14056,stock
2023-02-26,NMFBS,1157.66,1200.98,1211.51,1072.08,13752,stock
2023-02-27,NMFBS,1221.37,1202.22,1221.43,1163.18,4357,stock
2023-02-28,NMFBS,1202.22,1194.66,1205.87,1186.11,1211,stock
2023-03-01,NMFBS,1205.32,1146.44,1205.32,1140.5,4436,stock
2023-03-02,NMFBS,1123.52,1098.11,1123.52,1093.77,2920,stock
2023-03-05,NMFBS,1115.46,1078.28,1115.46,1076.42,5774,stock
2023-03-07,NMFBS,1078.9,1093.77,1121.66,1078.34,3028,stock
2023-03-09,NMFBS,1115.4,1117.94,1137.15,1109.26,2120,stock
2023-03-12,NMFBS,1116.08,1116.7,1124.75,1113.1,1456,stock
2023-03-13,NMFBS,1118.56,1104.3,1118.56,1079.58,2245,stock
2023-03-14,NMFBS,1084.47,1101.21,1106.16,1084.47,654,stock
2023-03-15,NMFBS,1090.67,1069.66,1090.67,1064.21,2324,stock
2023-03-16,NMFBS,1060.37,1059.69,1065.88,1057.21,1629,stock
2023-03-19,NMFBS,1080.76,1053.49,1080.76,1053.49,1251,stock
2023-03-20,NMFBS,1053.49,1047.42,1065.88,1047.42,1892,stock
2023-03-22,NMFBS,1047.48,1042.33,1053.49,1042.33,2621,stock
2023-03-23,NMFBS,1042.33,1034.9,1042.33,1029.32,1090,stock
2023-03-26,NMFBS,1028.76,951.24,1028.76,948.14,5517,stock
2023-03-27,NMFBS,932.21,856.12,932.21,856.12,3830,stock
2023-03-28,NMFBS,839.01,864.48,882.45,805.92,12305,stock
2023-03-29,NMFBS,867.58,871.92,874.4,852.09,1707,stock
2023-03-30,NMFBS,886.17,857.04,889.27,857.04,1026,stock
2023-04-02,NMFBS,857.04,826.06,873.59,826.06,2813,stock
2023-04-03,NMFBS,818.0,819.24,832.57,818.0,1369,stock
2023-04-04,NMFBS,806.23,818.0,820.48,805.61,969,stock
2023-04-05,NMFBS,818.0,824.2,824.2,805.61,1741,stock
2023-04-06,NMFBS,813.05,821.16,836.53,813.05,1287,stock
2023-04-09,NMFBS,827.3,819.86,836.59,808.83,1967,stock
2023-04-10,NMFBS,833.5,818.0,833.5,810.63,1898,stock
2023-04-11,NMFBS,830.4,821.1,831.02,813.73,1147,stock
2023-04-12,NMFBS,837.52,882.45,888.09,831.7,2458,stock
2023-04-13,NMFBS,884.93,897.88,907.86,864.85,4620,stock
2023-04-16,NMFBS,904.76,889.27,904.76,886.17,13294,stock
2023-04-17,NMFBS,907.0,878.28,924.31,878.28,3850,stock
2023-04-18,NMFBS,883.69,877.28,883.69,866.3,1769,stock
2023-04-19,NMFBS,893.67,890.11,893.67,880.13,896,stock
2023-04-20,NMFBS,877.28,873.71,877.28,873.71,632,stock
2023-04-23,NMFBS,870.15,858.11,870.22,853.76,988,stock
2023-04-24,NMFBS,843.85,862.31,863.88,843.85,488,stock
2023-04-25,NMFBS,855.19,862.31,872.29,855.19,973,stock
2023-04-26,NMFBS,855.19,855.9,859.46,855.19,619,stock
2023-04-27,NMFBS,855.9,858.04,862.31,848.06,1197,stock
2023-04-30,NMFBS,858.04,848.2,858.04,848.06,769,stock
2023-05-02,NMFBS,835.94,831.24,848.06,831.24,1962,stock
2023-05-03,NMFBS,847.35,831.67,847.35,828.89,729,stock
2023-05-04,NMFBS,831.67,834.52,840.15,819.55,528,stock
2023-05-07,NMFBS,834.52,828.1,838.08,825.25,435,stock
2023-05-08,NMFBS,811.78,811.0,828.67,808.86,1127,stock
2023-05-09,NMFBS,811.0,830.24,832.38,811.0,545,stock
2023-05-10,NMFBS,815.99,819.55,829.53,815.99,569,stock
2023-05-11,NMFBS,805.3,808.15,819.55,803.87,603,stock
2023-05-14,NMFBS,806.73,800.45,811.71,784.63,1503,stock
2023-05-15,NMFBS,816.42,802.45,816.42,801.74,1040,stock
2023-05-16,NMFBS,817.41,819.55,847.35,815.99,1318,stock
2023-05-17,NMFBS,806.01,818.13,831.31,806.01,474,stock
2023-05-18,NMFBS,833.73,830.96,841.65,817.41,1082,stock
2023-05-21,NMFBS,840.93,828.1,840.93,828.1,1342,stock
2023-05-22,NMFBS,830.24,830.46,840.86,826.68,514,stock
2023-05-23,NMFBS,845.92,887.26,887.26,840.93,3458,stock
2023-05-24,NMFBS,890.82,913.62,914.34,869.51,2152,stock
2023-05-28,NMFBS,905.78,870.37,918.54,870.37,4413,stock
2023-05-30,NMFBS,865.88,835.94,865.88,835.94,2570,stock
2023-05-31,NMFBS,848.77,819.55,852.33,819.55,2355,stock
2023-06-01,NMFBS,808.86,833.09,852.33,794.61,1851,stock
2023-06-04,NMFBS,833.09,851.62,851.91,833.09,1273,stock
2023-06-05,NMFBS,855.19,851.62,871.58,848.06,3827,stock
2023-06-06,NMFBS,857.32,870.86,876.57,848.06,2237,stock
2023-06-07,NMFBS,887.97,887.26,901.37,876.57,3241,stock
2023-06-08,NMFBS,886.54,901.51,908.63,886.54,1861,stock
2023-06-11,NMFBS,901.51,954.24,954.24,891.53,4170,stock
2023-06-12,NMFBS,954.24,942.49,954.96,936.43,2553,stock
2023-06-13,NMFBS,927.88,958.52,972.77,927.88,2789,stock
2023-06-14,NMFBS,958.52,997.72,1004.13,958.52,3846,stock
2023-06-15,NMFBS,979.9,990.59,997.72,962.08,4227,stock
2023-06-18,NMFBS,994.15,997.72,1004.84,978.47,2144,stock
2023-06-19,NMFBS,984.18,1002.71,1004.84,984.18,2912,stock
2023-06-20,NMFBS,1002.71,963.58,1011.97,963.51,3236,stock
2023-06-21,NMFBS,948.54,954.24,986.31,948.54,1870,stock
2023-06-22,NMFBS,972.77,957.81,972.77,951.39,2111,stock
2023-06-25,NMFBS,957.81,980.76,982.04,940.7,4659,stock
2023-06-26,NMFBS,996.29,999.21,1032.14,981.47,3435,stock
2023-06-27,NMFBS,1019.1,1098.84,1098.91,1019.1,5003,stock
2023-06-28,NMFBS,1120.29,1076.11,1121.01,1057.58,3821,stock
2023-07-02,NMFBS,1076.11,1033.42,1095.99,1033.35,2211,stock
2023-07-03,NMFBS,1034.06,1013.39,1047.6,1013.39,2616,stock
2023-07-04,NMFBS,1004.84,1022.66,1022.66,1004.84,1952,stock
2023-07-05,NMFBS,1019.1,1002.71,1019.1,997.72,4278,stock
2023-07-06,NMFBS,983.46,997.72,997.79,982.68,1683,stock
2023-07-09,NMFBS,1017.67,1001.28,1017.67,1000.57,965,stock
2023-07-10,NMFBS,1018.38,1001.28,1021.23,1000.21,2525,stock
2023-07-11,NMFBS,1001.28,979.9,1001.28,961.66,1856,stock
2023-07-12,NMFBS,997.72,964.22,999.14,964.22,1898,stock
2023-07-13,NMFBS,983.46,973.49,1002.71,973.49,1422,stock
2023-08-16,NMFBS,855.19,835.16,855.19,791.05,9379,stock
2023-08-17,NMFBS,826.68,818.56,832.38,818.56,2573,stock
2023-08-20,NMFBS,834.87,798.1,834.87,791.76,4848,stock
2023-08-21,NMFBS,794.61,794.61,801.74,791.05,1136,stock
2023-08-22,NMFBS,810.43,788.2,826.61,779.64,1550,stock
2023-08-23,NMFBS,791.05,825.04,825.04,783.92,14087,stock
2023-08-24,NMFBS,840.93,812.43,840.93,792.83,15345,stock
2023-08-27,NMFBS,796.75,812.43,823.83,790.55,4443,stock
2023-08-28,NMFBS,828.67,791.05,828.67,791.05,2577,stock
2023-08-29,NMFBS,806.87,794.61,806.87,790.33,2704,stock
2023-08-30,NMFBS,794.61,783.92,800.24,769.67,4479,stock
2023-09-03,NMFBS,783.21,763.97,794.61,755.41,3396,stock
2023-09-04,NMFBS,749.14,766.1,766.1,736.88,4655,stock
2023-09-05,NMFBS,751.85,775.37,775.37,748.29,1072,stock
2023-09-07,NMFBS,760.4,734.03,761.12,731.18,2753,stock
2023-09-10,NMFBS,734.03,753.99,757.91,734.03,5502,stock
2023-09-11,NMFBS,769.03,776.65,777.51,744.72,1668,stock
2023-09-12,NMFBS,769.67,760.4,783.85,741.87,2555,stock
2023-09-13,NMFBS,748.29,763.97,773.94,748.29,1890,stock
2023-09-17,NMFBS,753.35,753.06,754.7,738.31,3994,stock
2023-09-18,NMFBS,741.16,738.31,747.57,738.31,940,stock
2023-09-19,NMFBS,734.03,741.16,755.41,734.03,1359,stock
2023-09-21,NMFBS,755.98,752.99,791.05,752.99,3312,stock
2023-09-24,NMFBS,768.03,785.35,810.29,763.25,5328,stock
2023-09-25,NMFBS,774.01,783.14,794.54,761.83,4429,stock
2023-09-26,NMFBS,798.17,807.37,812.78,770.38,3262,stock
2023-09-27,NMFBS,815.99,794.61,815.99,784.63,3248,stock
2023-10-01,NMFBS,783.92,779.15,791.05,777.01,3649,stock
2023-10-02,NMFBS,780.36,782.49,791.05,776.79,2501,stock
2023-10-03,NMFBS,776.79,780.36,783.92,774.66,558,stock
2023-10-04,NMFBS,770.38,780.0,790.98,770.38,2467,stock
2023-10-05,NMFBS,786.06,780.36,786.06,779.64,2351,stock
2023-10-08,NMFBS,780.36,765.68,780.36,751.85,3509,stock
2023-10-09,NMFBS,750.57,751.85,760.33,750.43,4278,stock
2023-10-10,NMFBS,741.16,751.85,751.85,741.16,1324,stock
2023-10-11,NMFBS,741.87,762.54,762.54,741.87,2031,stock
2023-10-12,NMFBS,755.41,741.16,762.54,735.6,1427,stock
2023-10-16,NMFBS,735.53,736.24,748.29,734.03,1155,stock
2023-10-17,NMFBS,735.46,743.3,747.57,719.78,4680,stock
2023-10-18,NMFBS,755.41,737.6,755.41,719.35,4220,stock
2023-10-19,NMFBS,737.6,719.78,737.6,719.78,1692,stock
2023-10-29,NMFBS,726.91,708.38,726.91,705.74,3000,stock
2023-10-30,NMFBS,702.04,704.89,714.01,702.04,2585,stock
2023-10-31,NMFBS,704.1,708.81,718.93,694.91,2440,stock
2023-11-01,NMFBS,698.4,706.45,711.94,698.4,823,stock
2023-11-02,NMFBS,698.4,694.13,712.65,694.13,1321,stock
2023-11-05,NMFBS,699.11,711.94,711.94,691.28,4531,stock
2023-11-06,NMFBS,705.53,702.32,712.65,700.54,1928,stock
2023-11-07,NMFBS,712.65,698.47,712.65,698.47,1667,stock
2023-11-08,NMFBS,689.92,691.28,705.53,689.92,1286,stock
2023-11-09,NMFBS,691.28,705.1,705.1,691.28,101,stock
2023-11-20,NMFBS,704.82,682.72,705.53,677.73,1571,stock
2023-11-21,NMFBS,669.9,659.92,677.02,659.92,1365,stock
2023-11-22,NMFBS,648.52,652.08,661.34,642.1,6045,stock
2023-11-23,NMFBS,652.08,648.52,655.57,647.8,1632,stock
2023-11-26,NMFBS,659.21,672.03,672.03,654.22,915,stock
2023-11-27,NMFBS,669.9,657.78,669.9,649.94,4965,stock
2023-11-28,NMFBS,652.79,657.07,670.75,652.22,12988,stock
2023-11-29,NMFBS,657.07,667.76,683.29,655.64,1582,stock
2023-11-30,NMFBS,679.16,677.02,680.59,654.93,5129,stock
2023-12-03,NMFBS,687.71,673.46,688.42,667.04,14306,stock
2023-12-04,NMFBS,673.46,666.33,673.46,660.63,1706,stock
2023-12-05,NMFBS,656.35,645.67,665.62,644.95,1259,stock
2023-12-06,NMFBS,658.56,652.08,662.77,648.52,332,stock
2023-12-07,NMFBS,659.21,647.45,669.9,647.45,1268,stock
2023-12-10,NMFBS,660.35,660.35,660.35,660.35,10,stock
2023-12-11,NMFBS,673.39,694.84,707.24,673.39,4472,stock
2023-12-12,NMFBS,698.4,744.72,748.0,691.35,4925,stock
2023-12-13,NMFBS,759.62,758.98,769.67,726.91,3334,stock
2023-12-14,NMFBS,743.8,730.54,755.41,730.54,2759,stock
2023-12-17,NMFBS,715.93,733.32,734.03,715.93,2163,stock
2023-12-18,NMFBS,747.93,798.17,798.17,747.93,5124,stock
2023-12-19,NMFBS,813.14,798.89,825.18,784.7,3724,stock
2023-12-20,NMFBS,814.56,829.89,830.24,800.31,7329,stock
2023-12-21,NMFBS,813.35,819.55,844.5,796.18,5161,stock
2023-12-24,NMFBS,833.81,814.56,833.81,801.74,4135,stock
2023-12-27,NMFBS,801.74,798.17,821.69,785.35,5198,stock
2023-12-28,NMFBS,813.85,783.92,813.85,763.25,2169,stock
2024-01-01,NMFBS,783.92,758.98,798.17,756.84,3261,stock
2024-01-02,NMFBS,773.23,755.41,773.23,746.86,5148,stock
2024-01-03,NMFBS,741.94,752.56,762.54,741.94,1652,stock
2024-01-04,NMFBS,761.83,791.76,791.76,749.0,3811,stock
2024-01-07,NMFBS,798.17,769.67,805.3,756.13,6456,stock
2024-01-08,NMFBS,781.07,783.92,794.61,765.46,4469,stock
2024-01-09,NMFBS,768.95,794.61,799.6,756.13,3669,stock
2024-01-10,NMFBS,778.93,788.2,810.29,778.29,3253,stock
2024-01-11,NMFBS,788.91,781.78,791.05,773.94,1108,stock
2024-01-14,NMFBS,796.75,832.95,833.09,796.75,7165,stock
2024-01-16,NMFBS,844.42,865.88,865.88,831.1,8260,stock
2024-01-17,NMFBS,867.87,865.16,894.38,858.75,8429,stock
2024-01-18,NMFBS,865.16,861.6,869.44,848.06,5200,stock
2024-01-21,NMFBS,844.42,861.6,874.43,827.61,5528,stock
2024-01-22,NMFBS,844.42,843.0,847.35,828.89,5684,stock
2024-01-23,NMFBS,844.5,833.81,844.5,818.91,5510,stock
2024-01-24,NMFBS,830.24,833.81,840.93,830.24,1703,stock
2024-01-25,NMFBS,833.81,817.41,833.81,817.41,1641,stock
2024-01-28,NMFBS,801.74,833.73,833.73,801.74,3747,stock
2024-01-29,NMFBS,819.55,820.27,835.23,817.41,3567,stock
2024-01-30,NMFBS,820.27,815.99,823.12,806.73,1184,stock
2024-01-31,NMFBS,808.86,803.16,815.92,795.39,788,stock
2024-02-01,NMFBS,789.62,784.63,789.62,783.92,1620,stock
2024-02-04,NMFBS,770.38,797.39,797.46,770.38,612,stock
2024-02-05,NMFBS,794.61,791.76,794.61,766.89,1310,stock
2024-02-06,NMFBS,791.76,814.56,823.12,791.05,1935,stock
2024-02-07,NMFBS,814.56,805.3,814.56,799.6,2382,stock
2024-02-11,NMFBS,787.48,796.04,803.16,787.48,2330,stock
2024-02-12,NMFBS,804.59,784.63,804.59,784.63,790,stock
2024-02-13,NMFBS,787.48,788.2,801.74,778.22,2453,stock
2024-02-14,NMFBS,788.2,784.63,801.74,778.93,653,stock
2024-02-15,NMFBS,770.59,771.09,783.92,770.59,2800,stock
2024-02-18,NMFBS,769.67,759.05,774.16,758.98,1173,stock
2024-02-20,NMFBS,745.44,773.16,773.16,745.44,1038,stock
2024-02-21,NMFBS,758.26,754.77,769.67,754.7,1927,stock
2024-02-22,NMFBS,758.98,762.54,769.67,750.43,557,stock
2024-02-25,NMFBS,748.29,766.1,766.1,748.29,2313,stock
2024-02-26,NMFBS,755.41,770.52,770.52,740.45,1806,stock
2024-02-27,NMFBS,763.25,776.08,778.22,763.25,354,stock
2024-02-28,NMFBS,771.09,756.84,771.09,756.84,665,stock
2024-02-29,NMFBS,762.54,745.44,762.54,743.3,2249,stock
2024-03-03,NMFBS,745.44,744.01,748.0,731.9,895,stock
2024-03-05,NMFBS,758.83,758.34,773.94,757.55,3502,stock
2024-03-06,NMFBS,758.34,758.41,762.54,752.85,2283,stock
2024-03-07,NMFBS,773.52,763.97,773.52,758.26,2852,stock
2024-03-10,NMFBS,773.23,808.29,809.58,773.23,4925,stock
2024-03-12,NMFBS,815.99,869.44,877.21,812.43,25205,stock
2024-03-13,NMFBS,886.77,887.53,904.46,886.77,2194,stock
2024-03-14,NMFBS,885.62,858.8,885.62,856.5,3070,stock
2024-03-17,NMFBS,851.91,838.12,858.04,827.39,4778,stock
2024-03-18,NMFBS,827.47,848.08,852.67,827.47,2726,stock
2024-03-19,NMFBS,832.75,875.04,877.19,831.22,4909,stock
2024-03-20,NMFBS,888.68,901.7,913.2,875.73,8450,stock
2024-03-21,NMFBS,917.79,888.68,917.79,873.43,2909,stock
2024-03-25,NMFBS,887.15,864.93,887.15,854.44,2312,stock
2024-03-26,NMFBS,851.91,868.0,871.75,851.14,2267,stock
2024-03-27,NMFBS,854.59,873.36,873.36,838.65,3778,stock
2024-03-28,NMFBS,888.68,864.93,889.45,848.46,1159,stock
2024-03-31,NMFBS,848.08,842.71,864.93,831.3,2181,stock
2024-04-01,NMFBS,838.88,843.48,858.57,835.82,2303,stock
2024-04-02,NMFBS,843.48,854.97,861.87,842.71,2312,stock
2024-04-03,NMFBS,838.88,865.7,868.76,838.88,4303,stock
2024-04-04,NMFBS,865.7,881.79,892.51,855.74,5635,stock
2024-04-07,NMFBS,898.64,915.49,918.48,890.98,9368,stock
2024-04-09,NMFBS,933.04,887.3,933.04,887.22,3461,stock
2024-04-10,NMFBS,873.43,860.33,890.9,858.04,6247,stock
2024-04-14,NMFBS,877.5,892.51,892.51,854.21,4064,stock
2024-04-15,NMFBS,892.51,904.0,911.66,881.79,8987,stock
2024-04-16,NMFBS,904.0,880.25,904.0,873.36,1989,stock
2024-04-18,NMFBS,870.29,865.7,887.68,864.17,23507,stock
2024-04-21,NMFBS,865.7,874.89,874.89,854.59,1527,stock
2024-04-22,NMFBS,888.68,872.59,906.45,867.23,22139,stock
2024-04-24,NMFBS,881.02,878.72,896.34,878.72,1394,stock
2024-04-25,NMFBS,887.15,873.36,887.15,865.7,1459,stock
2024-04-28,NMFBS,858.11,891.67,892.51,858.11,7670,stock
2024-04-29,NMFBS,874.12,873.36,890.98,866.46,1962,stock
2024-04-30,NMFBS,860.33,881.02,888.68,860.33,4851,stock
2024-05-02,NMFBS,898.64,917.79,937.71,879.49,20332,stock
2024-05-05,NMFBS,911.66,934.65,968.36,911.66,13218,stock
2024-05-06,NMFBS,920.09,937.79,957.63,913.96,11720,stock
2024-05-07,NMFBS,934.8,957.63,967.59,934.8,8358,stock
2024-05-08,NMFBS,944.07,995.17,995.17,944.07,11050,stock
2024-05-09,NMFBS,976.02,974.48,995.48,950.73,4212,stock
2024-05-12,NMFBS,956.1,957.63,957.63,944.76,3032,stock
2024-05-13,NMFBS,956.86,982.14,982.91,949.97,2908,stock
2024-05-14,NMFBS,976.78,1011.26,1011.26,975.25,6488,stock
2024-05-15,NMFBS,1029.64,992.87,1029.64,990.34,9519,stock
2024-05-16,NMFBS,992.87,1022.67,1026.58,986.59,6262,stock
2024-05-19,NMFBS,1021.98,1026.58,1033.47,1006.66,4584,stock
2024-05-20,NMFBS,1034.16,1057.22,1064.88,1030.41,9634,stock
2024-05-21,NMFBS,1077.91,1080.21,1090.17,1035.77,5247,stock
2024-05-22,NMFBS,1076.38,1058.83,1098.59,1038.07,4016,stock
2024-05-26,NMFBS,1066.42,1015.24,1072.55,1015.16,5109,stock
2024-05-27,NMFBS,1011.26,1025.81,1026.58,1001.3,2650,stock
2024-05-29,NMFBS,1007.81,995.17,1027.57,989.12,1496,stock
2024-05-30,NMFBS,995.93,965.29,995.93,957.63,3811,stock
2024-06-02,NMFBS,954.72,946.14,954.72,946.14,1808,stock
2024-06-03,NMFBS,945.37,1003.37,1015.09,934.65,4909,stock
2024-06-04,NMFBS,1004.44,1041.9,1049.56,1004.44,7805,stock
2024-06-05,NMFBS,1041.9,1040.75,1042.36,1021.98,3081,stock
2024-06-06,NMFBS,1049.56,1049.56,1072.55,1035.77,10924,stock
2024-06-09,NMFBS,1069.86,1034.24,1085.88,1034.24,15925,stock
2024-06-10,NMFBS,1034.24,1049.56,1052.63,1015.93,10963,stock
2024-06-11,NMFBS,1049.56,1055.69,1064.88,1030.72,2573,stock
2024-06-12,NMFBS,1072.55,1060.29,1072.55,1038.91,9554,stock
2024-06-13,NMFBS,1071.01,1045.73,1079.44,1041.9,14751,stock
2024-06-16,NMFBS,1045.73,1045.73,1053.39,1026.73,10657,stock
2024-06-18,NMFBS,1025.05,1041.13,1046.34,1005.89,2013,stock
2024-06-19,NMFBS,1026.73,1025.81,1034.24,1022.75,1910,stock
2024-06-20,NMFBS,1018.92,1018.92,1038.07,1010.49,6584,stock
2024-06-23,NMFBS,1002.06,998.54,1025.81,998.54,3760,stock
2024-06-24,NMFBS,995.93,1004.44,1038.61,988.35,3734,stock
2024-06-25,NMFBS,1003.6,1002.91,1021.98,1002.91,6578,stock
2024-06-26,NMFBS,1018.0,1001.3,1018.0,988.27,1849,stock
2024-06-27,NMFBS,1012.79,991.34,1012.79,985.98,3257,stock
2024-06-30,NMFBS,991.34,972.57,992.1,972.57,8228,stock
2024-07-01,NMFBS,972.95,976.02,989.81,970.04,2611,stock
2024-07-02,NMFBS,995.48,999.77,1035.39,995.48,2613,stock
2024-07-03,NMFBS,995.93,1002.75,1002.83,983.75,4177,stock
2024-07-04,NMFBS,1007.43,991.41,1009.57,988.43,3958,stock
2024-07-07,NMFBS,1003.6,1041.9,1044.05,990.8,10426,stock
2024-07-08,NMFBS,1045.73,1038.07,1057.22,1031.18,5470,stock
2024-07-09,NMFBS,1023.59,1055.77,1064.81,1023.59,4291,stock
2024-07-10,NMFBS,1070.25,1083.35,1097.83,1070.25,12722,stock
2024-07-11,NMFBS,1095.53,1082.5,1095.53,1077.14,7823,stock
2024-07-14,NMFBS,1104.11,1087.1,1110.85,1077.37,6048,stock
2024-07-15,NMFBS,1103.19,1079.44,1103.19,1072.55,4626,stock
2024-07-16,NMFBS,1074.08,1126.17,1126.17,1072.55,9557,stock
2024-07-17,NMFBS,1133.83,1201.25,1213.51,1121.65,10542,stock
2024-07-18,NMFBS,1178.42,1225.31,1248.75,1178.42,11306,stock
2024-07-21,NMFBS,1248.75,1241.09,1267.9,1216.27,16083,stock
2024-07-22,NMFBS,1243.39,1225.77,1243.39,1196.19,7117,stock
2024-07-23,NMFBS,1201.25,1246.45,1248.75,1201.25,7220,stock
2024-07-24,NMFBS,1264.07,1228.83,1267.14,1211.21,12926,stock
2024-07-25,NMFBS,1244.92,1297.17,1297.17,1225.77,22160,stock
2024-07-28,NMFBS,1323.06,1323.06,1323.06,1225.77,12411,stock
2024-07-29,NMFBS,1302.38,1264.07,1302.38,1241.16,14831,stock
2024-07-30,NMFBS,1287.05,1262.62,1287.05,1223.47,8971,stock
2024-07-31,NMFBS,1242.62,1241.85,1263.31,1241.85,10113,stock
2024-08-01,NMFBS,1246.45,1261.01,1266.37,1217.34,10709,stock
2024-08-05,NMFBS,1275.56,1241.09,1275.56,1188.23,10706,stock
2024-08-06,NMFBS,1216.57,1168.31,1237.26,1168.31,9157,stock
2024-08-07,NMFBS,1189.76,1168.38,1221.94,1168.31,7188,stock
2024-08-08,NMFBS,1168.38,1233.43,1241.24,1152.99,17953,stock
2024-08-11,NMFBS,1258.1,1275.56,1279.39,1241.09,23195,stock
2024-08-12,NMFBS,1298.55,1256.41,1299.31,1254.11,12932,stock
2024-08-13,NMFBS,1241.85,1233.43,1267.9,1233.43,9934,stock
2024-08-14,NMFBS,1208.84,1196.65,1225.0,1187.46,10068,stock
2024-08-15,NMFBS,1218.1,1192.06,1241.09,1192.06,13114,stock
2024-08-18,NMFBS,1192.06,1221.94,1264.07,1179.8,19956,stock
2024-08-21,NMFBS,1199.72,1206.61,1215.04,1187.54,6827,stock
2024-08-22,NMFBS,1214.27,1202.02,1218.1,1182.86,7185,stock
2024-08-25,NMFBS,1225.77,1188.23,1247.98,1179.8,20486,stock
2024-08-27,NMFBS,1188.23,1164.55,1209.68,1164.55,7318,stock
2024-08-28,NMFBS,1187.84,1187.46,1187.84,1164.48,7407,stock
2024-08-29,NMFBS,1168.31,1150.69,1183.63,1133.99,11695,stock
2024-09-01,NMFBS,1130.08,1163.71,1196.73,1130.08,78283,stock
2024-09-02,NMFBS,1186.92,1187.38,1209.68,1163.33,2779,stock
2024-09-03,NMFBS,1166.09,1187.46,1194.36,1166.01,15997,stock
2024-09-04,NMFBS,1179.8,1173.67,1233.43,1164.48,83797,stock
2024-09-05,NMFBS,1166.01,1183.63,1205.85,1152.99,6084,stock
2024-09-08,NMFBS,1202.78,1179.8,1210.44,1162.95,11268,stock
2024-09-09,NMFBS,1168.31,1172.14,1174.44,1156.89,3418,stock
2024-09-10,NMFBS,1195.05,1149.08,1195.05,1134.6,4235,stock
2024-09-11,NMFBS,1160.65,1119.28,1160.65,1119.28,5306,stock
2024-09-12,NMFBS,1120.04,1116.98,1120.04,1100.89,5575,stock
2024-09-15,NMFBS,1116.98,1107.02,1116.98,1100.89,4868,stock
2024-09-16,NMFBS,1107.02,1081.74,1107.02,1066.42,2780,stock
2024-09-18,NMFBS,1061.05,1059.52,1076.38,1058.76,3182,stock
2024-09-22,NMFBS,1061.05,1066.42,1106.25,1046.5,1859,stock
2024-09-23,NMFBS,1046.5,1049.49,1064.12,1035.16,1378,stock
2024-09-24,NMFBS,1049.56,1033.47,1049.56,1018.92,3836,stock
2024-09-25,NMFBS,1033.47,1044.2,1044.2,1015.85,2744,stock
2024-09-26,NMFBS,1044.2,1011.33,1044.97,1011.33,1958,stock
2024-09-29,NMFBS,1000.53,1011.26,1026.58,995.93,1020,stock
2024-09-30,NMFBS,1007.43,1045.73,1064.81,1007.43,1665,stock
2024-10-01,NMFBS,1066.42,1084.8,1084.8,1046.5,2834,stock
2024-10-02,NMFBS,1068.71,1064.88,1087.87,1064.88,3209,stock
2024-10-06,NMFBS,1064.88,1093.23,1093.23,1054.24,1935,stock
2024-10-07,NMFBS,1114.68,1133.83,1136.9,1105.49,7275,stock
2024-10-08,NMFBS,1133.83,1128.47,1133.83,1111.62,1633,stock
2024-10-09,NMFBS,1124.64,1133.76,1146.86,1110.85,2123,stock
2024-10-15,NMFBS,1133.83,1149.16,1149.16,1122.42,5050,stock
2024-10-16,NMFBS,1166.7,1130.39,1166.7,1130.39,1396,stock
2024-10-17,NMFBS,1130.0,1124.64,1149.16,1124.64,3733,stock
2024-10-20,NMFBS,1103.96,1130.0,1132.68,1103.19,2251,stock
2024-10-21,NMFBS,1151.45,1110.85,1151.45,1087.1,8409,stock
2024-10-22,NMFBS,1110.85,1098.59,1110.85,1090.17,759,stock
2024-10-23,NMFBS,1084.8,1099.36,1103.96,1077.14,4296,stock
2024-10-24,NMFBS,1077.91,1097.06,1097.06,1057.22,1080,stock
2024-10-27,NMFBS,1075.61,1091.62,1097.06,1071.01,5376,stock
2024-10-28,NMFBS,1072.7,1101.66,1101.89,1072.55,4359,stock
2024-10-29,NMFBS,1122.34,1109.32,1122.34,1107.79,1634,stock
2024-10-30,NMFBS,1095.6,1100.51,1116.98,1095.6,2789,stock
2024-11-05,NMFBS,1122.34,1093.23,1122.34,1093.23,1605,stock
2024-11-06,NMFBS,1094.07,1105.41,1109.32,1094.0,497,stock
2024-11-10,NMFBS,1126.94,1125.41,1126.94,1104.8,3948,stock
2024-11-11,NMFBS,1112.38,1172.14,1186.69,1110.93,10791,stock
2024-11-12,NMFBS,1195.12,1149.31,1195.12,1149.31,2874,stock
2024-11-13,NMFBS,1172.14,1137.66,1172.14,1127.02,2749,stock
2024-11-14,NMFBS,1116.98,1170.61,1172.14,1116.98,10648,stock
2024-11-17,NMFBS,1193.59,1187.46,1193.97,1173.67,7339,stock
2024-11-19,NMFBS,1210.44,1181.33,1210.44,1180.87,12450,stock
2024-11-20,NMFBS,1181.33,1178.27,1193.59,1173.13,2136,stock
2024-11-21,NMFBS,1176.74,1178.27,1198.19,1176.74,8317,stock
2024-11-24,NMFBS,1173.06,1178.27,1188.23,1168.46,4025,stock
2024-11-25,NMFBS,1178.27,1181.26,1202.78,1178.27,6971,stock
2024-11-26,NMFBS,1181.33,1185.16,1201.48,1181.33,3037,stock
2024-11-27,NMFBS,1202.78,1231.89,1256.03,1191.29,10641,stock
2024-11-28,NMFBS,1218.1,1229.6,1244.92,1218.1,11099,stock
2024-12-01,NMFBS,1233.43,1216.57,1237.26,1206.69,4215,stock
2024-12-02,NMFBS,1218.1,1186.69,1235.73,1183.78,19988,stock
2024-12-03,NMFBS,1382.9,1359.0,1391.0,1355.0,2708,stock
2024-12-04,NMFBS,1359.0,1397.0,1482.0,1359.0,23686,stock
2024-12-05,NMFBS,1410.0,1370.0,1420.0,1369.1,8594,stock
2024-12-08,NMFBS,1370.0,1330.0,1370.0,1326.0,1309,stock
2024-12-09,NMFBS,1310.0,1330.0,1350.0,1306.2,4360,stock
2024-12-10,NMFBS,1312.1,1310.0,1356.6,1304.0,2182,stock
2024-12-11,NMFBS,1310.0,1305.0,1319.9,1302.0,2075,stock
2024-12-12,NMFBS,1331.0,1281.1,1331.0,1280.4,8851,stock
2024-12-16,NMFBS,1259.0,1237.0,1270.0,1230.4,3846,stock
2024-12-17,NMFBS,1230.0,1261.1,1328.0,1230.0,1376,stock
2024-12-18,NMFBS,1255.0,1255.0,1275.0,1250.0,1055,stock
2024-12-19,NMFBS,1255.0,1256.0,1259.0,1235.2,2580,stock
2024-12-22,NMFBS,1250.0,1235.0,1260.0,1225.0,1155,stock
2024-12-23,NMFBS,1259.0,1255.0,1259.0,1240.1,1655,stock
2024-12-24,NMFBS,1280.0,1241.0,1280.0,1240.2,1510,stock
2024-12-26,NMFBS,1260.0,1246.0,1282.0,1246.0,2170,stock
2024-12-29,NMFBS,1270.0,1265.0,1295.0,1250.1,2617,stock
2024-12-31,NMFBS,1240.0,1240.0,1258.0,1232.9,1935,stock
2025-01-01,NMFBS,1245.0,1238.0,1264.8,1231.0,1897,stock
2025-01-02,NMFBS,1240.0,1260.0,1260.0,1227.0,3020,stock
2025-01-05,NMFBS,1107.22,1091.55,1107.22,1087.09,494,stock
2025-01-06,NMFBS,1111.6,1102.84,1111.6,1094.09,2835,stock
2025-01-07,NMFBS,1124.73,1166.74,1213.13,1103.02,14642,stock
2025-01-08,NMFBS,1190.02,1221.01,1274.4,1190.02,8091,stock
2025-01-09,NMFBS,1221.01,1157.11,1221.01,1151.16,6300,stock
2025-01-12,NMFBS,1159.74,1163.24,1168.49,1143.81,1143,stock
2025-01-13,NMFBS,1164.11,1157.99,1215.75,1142.23,2796,stock
2025-01-15,NMFBS,1136.11,1147.48,1179.87,1136.11,1480,stock
2025-01-16,NMFBS,1155.36,1143.89,1155.36,1138.29,1543,stock
2025-01-19,NMFBS,1166.74,1146.61,1166.74,1143.54,281,stock
2025-01-20,NMFBS,1138.73,1125.6,1156.24,1124.38,1732,stock
2025-01-21,NMFBS,1121.23,1129.98,1141.36,1107.22,1830,stock
2025-01-22,NMFBS,1112.65,1136.98,1146.61,1112.65,913,stock
2025-01-23,NMFBS,1156.24,1132.6,1156.24,1121.23,2416,stock
2025-01-26,NMFBS,1122.19,1146.61,1151.68,1121.4,4653,stock
2025-01-27,NMFBS,1137.86,1133.48,1145.73,1123.85,7088,stock
2025-01-28,NMFBS,1120.35,1142.23,1142.76,1120.35,1566,stock
2025-02-02,NMFBS,1142.23,1179.96,1193.0,1142.23,9880,stock
2025-02-03,NMFBS,1203.5,1156.24,1203.5,1155.36,6227,stock
2025-02-04,NMFBS,1178.99,1145.3,1178.99,1142.67,3064,stock
2025-02-05,NMFBS,1155.36,1150.9,1167.61,1145.73,12232,stock
2025-02-06,NMFBS,1149.23,1132.43,1155.36,1132.25,3682,stock
2025-02-09,NMFBS,1133.48,1120.35,1138.73,1119.47,5001,stock
2025-02-10,NMFBS,1142.23,1124.73,1144.77,1120.35,9487,stock
2025-02-11,NMFBS,1124.73,1130.15,1145.73,1124.73,4637,stock
2025-02-12,NMFBS,1146.61,1137.86,1150.11,1130.42,4351,stock
2025-02-13,NMFBS,1137.86,1126.56,1137.86,1126.21,2924,stock
2025-02-16,NMFBS,1148.27,1137.86,1148.36,1127.35,4375,stock
2025-02-17,NMFBS,1137.86,1177.33,1214.88,1137.86,15709,stock
2025-02-18,NMFBS,1200.88,1194.75,1200.88,1174.62,7443,stock
2025-02-20,NMFBS,1199.12,1174.62,1215.75,1173.74,3455,stock
2025-02-23,NMFBS,1155.36,1164.11,1169.54,1146.61,8772,stock
2025-02-24,NMFBS,1146.61,1139.87,1159.74,1137.86,6718,stock
2025-02-25,NMFBS,1137.86,1137.94,1157.99,1137.86,4549,stock
2025-02-27,NMFBS,1146.61,1153.61,1164.99,1137.86,7057,stock
2025-03-02,NMFBS,1146.61,1153.61,1159.74,1140.48,7904,stock
2025-03-03,NMFBS,1156.24,1156.32,1172.78,1137.86,24177,stock
2025-03-04,NMFBS,1168.49,1161.93,1172.87,1145.12,20897,stock
2025-03-05,NMFBS,1171.99,1171.99,1190.37,1151.07,13319,stock
2025-03-06,NMFBS,1170.24,1175.93,1181.62,1164.11,8118,stock
2025-03-09,NMFBS,1155.36,1147.48,1171.99,1147.48,6451,stock
2025-03-10,NMFBS,1146.61,1130.59,1159.74,1126.65,7703,stock
2025-03-11,NMFBS,1129.98,1129.1,1129.98,1122.45,4301,stock
2025-03-12,NMFBS,1120.35,1130.42,1133.39,1111.6,4541,stock
2025-03-16,NMFBS,1129.1,1117.72,1137.86,1111.86,8074,stock
2025-03-17,NMFBS,1129.1,1116.85,1136.98,1116.85,5157,stock
2025-03-18,NMFBS,1116.85,1111.6,1117.72,1102.84,4575,stock
2025-03-19,NMFBS,1102.84,1107.22,1155.36,1094.18,21015,stock
2025-03-20,NMFBS,1118.6,1094.35,1120.35,1092.34,8447,stock
2025-03-23,NMFBS,1094.35,1067.25,1094.35,1065.21,6539,stock
2025-03-24,NMFBS,1067.83,1073.79,1076.5,1063.46,3221,stock
2025-03-25,NMFBS,1053.13,1046.75,1059.08,1045.95,4231,stock
2025-03-26,NMFBS,1037.2,1046.42,1050.33,1037.2,4022,stock
2025-03-27,NMFBS,1045.95,1075.61,1076.59,1045.95,3817,stock
2025-03-30,NMFBS,1085.34,1084.04,1088.84,1075.62,6749,stock
2025-04-01,NMFBS,1068.1,1071.33,1071.33,1062.93,1627,stock
2025-04-02,NMFBS,1067.83,1058.32,1071.33,1055.67,3931,stock
2025-04-03,NMFBS,1060.31,1051.15,1063.46,1049.45,5317,stock
2025-04-07,NMFBS,1045.95,1050.79,1054.7,1045.95,2133,stock
2025-04-08,NMFBS,1041.58,1042.7,1050.33,1032.82,2883,stock
2025-04-09,NMFBS,1063.54,1046.91,1063.54,1046.83,1891,stock
2025-04-10,NMFBS,1034.75,1048.28,1055.32,1034.66,1523,stock
2025-04-13,NMFBS,1045.08,1078.5,1092.52,1045.08,9091,stock
2025-04-15,NMFBS,1059.96,1071.33,1080.88,1059.96,3458,stock
2025-04-16,NMFBS,1065.3,1067.96,1076.59,1065.3,3163,stock
2025-04-17,NMFBS,1059.96,1073.25,1088.84,1059.08,4474,stock
2025-04-20,NMFBS,1057.33,1070.19,1078.34,1057.33,1163,stock
2025-04-21,NMFBS,1064.33,1073.45,1076.59,1064.07,2934,stock
2025-04-22,NMFBS,1072.21,1065.07,1075.71,1054.88,743,stock
2025-04-23,NMFBS,1049.45,1060.47,1067.83,1049.45,1191,stock
2025-04-24,NMFBS,1042.45,1055.05,1060.83,1041.58,3168,stock
2025-04-27,NMFBS,1042.45,1040.39,1050.33,1036.5,4518,stock
2025-04-28,NMFBS,1037.2,1030.14,1039.82,1024.07,4401,stock
2025-04-29,NMFBS,1022.32,1029.32,1035.45,1021.44,4390,stock
2025-04-30,NMFBS,1016.19,1028.53,1041.58,1016.19,12940,stock
2025-05-04,NMFBS,1028.45,1032.11,1036.32,1025.12,4081,stock
2025-05-05,NMFBS,1050.33,1034.88,1050.33,1030.2,13246,stock
2025-05-06,NMFBS,1042.45,1030.36,1049.45,1028.62,1074,stock
2025-05-07,NMFBS,1017.07,1040.09,1050.94,1017.07,2329,stock
2025-05-08,NMFBS,1034.57,1040.6,1092.69,1032.82,6083,stock
2025-05-11,NMFBS,1028.45,1049.27,1067.83,1028.45,5338,stock
2025-05-13,NMFBS,1069.58,1053.93,1102.84,1043.41,10239,stock
2025-05-14,NMFBS,1075.01,1066.48,1075.01,1059.08,3178,stock
2025-05-15,NMFBS,1051.2,1060.05,1066.08,1051.2,1374,stock
2025-05-18,NMFBS,1060.05,1070.91,1084.81,1060.04,3842,stock
2025-05-19,NMFBS,1089.72,1064.74,1090.15,1050.42,9476,stock
2025-05-20,NMFBS,1051.12,1077.65,1102.84,1051.12,1416,stock
2025-05-21,NMFBS,1099.08,1053.83,1120.35,1050.33,11366,stock
2025-05-22,NMFBS,1071.33,1080.68,1084.46,1055.58,3312,stock
2025-05-25,NMFBS,1098.03,1113.25,1120.35,1094.09,6597,stock
2025-05-26,NMFBS,1120.35,1083.59,1121.23,1082.8,9125,stock
2025-05-27,NMFBS,1083.59,1082.53,1093.13,1081.05,3423,stock
2025-05-28,NMFBS,1068.1,1085.45,1085.95,1068.1,1358,stock
2025-06-02,NMFBS,1092.34,1088.54,1093.22,1074.84,3965,stock
2025-06-03,NMFBS,1079.21,1070.28,1080.09,1067.83,2075,stock
2025-06-04,NMFBS,1072.21,1065.94,1076.59,1060.83,544,stock
2025-06-05,NMFBS,1085.34,1069.81,1085.34,1056.46,4277,stock
2025-06-08,NMFBS,1059.08,1070.78,1076.59,1057.33,3187,stock
2025-06-09,NMFBS,1056.46,1075.19,1076.24,1055.14,1194,stock
2025-06-10,NMFBS,1056.46,1078.99,1085.25,1056.46,2659,stock
2025-06-11,NMFBS,1079.21,1079.1,1093.13,1078.95,2259,stock
2025-06-12,NMFBS,1079.3,1078.49,1080.96,1078.34,6372,stock
2025-06-15,NMFBS,1078.49,1079.18,1093.13,1074.84,4331,stock
2025-06-16,NMFBS,1088.84,1083.73,1088.84,1070.46,3648,stock
2025-06-17,NMFBS,1084.46,1085.81,1098.47,1076.59,3979,stock
2025-06-18,NMFBS,1085.34,1074.19,1085.34,1067.83,4613,stock
2025-06-19,NMFBS,1080.09,1071.37,1080.09,1070.55,8813,stock
2025-06-22,NMFBS,1071.33,1058.67,1081.84,1056.54,5884,stock
2025-06-23,NMFBS,1051.2,1059.21,1066.96,1051.2,2947,stock
2025-06-24,NMFBS,1059.08,1055.15,1066.08,1054.88,4943,stock
2025-06-25,NMFBS,1055.15,1054.7,1059.08,1052.25,2961,stock
2025-06-26,NMFBS,1050.77,1054.43,1057.33,1050.77,2869,stock
2025-06-29,NMFBS,1054.7,1071.58,1091.47,1050.33,5222,stock
2025-06-30,NMFBS,1087.96,1083.56,1088.4,1076.67,6425,stock
2025-07-01,NMFBS,1097.59,1105.7,1111.51,1083.59,7119,stock
2025-07-02,NMFBS,1115.97,1114.57,1123.85,1107.22,9539,stock
2025-07-03,NMFBS,1105.47,1125.09,1129.1,1102.84,6529,stock
2025-07-06,NMFBS,1124.73,1117.97,1124.73,1115.97,7662,stock
2025-07-07,NMFBS,1100.04,1107.75,1132.6,1100.04,11017,stock
2025-07-08,NMFBS,1104.6,1105.63,1119.47,1099.34,5745,stock
2025-07-09,NMFBS,1111.6,1108.95,1111.6,1096.89,24997,stock
2025-07-10,NMFBS,1120.35,1130.78,1146.43,1119.47,22150,stock
2025-07-13,NMFBS,1153.35,1199.4,1207.88,1153.35,16004,stock
2025-07-14,NMFBS,1200.88,1200.55,1221.01,1181.62,21962,stock
2025-07-15,NMFBS,1199.12,1216.28,1222.58,1191.25,11262,stock
2025-07-16,NMFBS,1228.01,1225.43,1234.14,1212.25,52958,stock
2025-07-17,NMFBS,1230.63,1258.93,1277.9,1225.38,24426,stock
2025-07-20,NMFBS,1237.64,1264.06,1306.78,1234.14,25279,stock
2025-07-21,NMFBS,1264.77,1257.59,1276.15,1248.14,16136,stock
2025-07-22,NMFBS,1248.14,1291.54,1308.45,1248.14,17422,stock
2025-07-23,NMFBS,1312.91,1289.16,1316.41,1269.15,14816,stock
2025-07-24,NMFBS,1265.21,1267.68,1286.65,1264.77,7497,stock
2025-07-27,NMFBS,1273.52,1263.7,1292.78,1244.81,18465,stock
2025-07-28,NMFBS,1263.7,1255.8,1263.7,1239.47,7812,stock
2025-07-29,NMFBS,1280.53,1269.94,1298.91,1256.02,11241,stock
2025-07-30,NMFBS,1269.15,1224.89,1269.15,1216.63,17881,stock
2025-07-31,NMFBS,1241.14,1227.69,1241.14,1213.22,7785,stock
2025-08-03,NMFBS,1214.0,1198.87,1216.63,1194.75,12768,stock
2025-08-04,NMFBS,1194.75,1166.84,1203.41,1144.42,11706,stock
2025-08-05,NMFBS,1172.87,1188.55,1253.39,1163.24,10108,stock
2025-08-06,NMFBS,1212.25,1206.28,1212.25,1186.0,7124,stock
2025-08-07,NMFBS,1225.38,1211.99,1225.38,1201.75,6661,stock
2025-08-11,NMFBS,1229.76,1195.4,1229.76,1195.19,9931,stock
2025-08-12,NMFBS,1195.4,1173.28,1195.4,1168.49,2908,stock
2025-08-13,NMFBS,1195.62,1157.32,1195.62,1153.79,3988,stock
2025-08-14,NMFBS,1164.11,1148.88,1186.87,1142.41,8068,stock
2025-08-17,NMFBS,1151.86,1148.74,1171.03,1129.1,11077,stock
2025-08-18,NMFBS,1169.37,1147.63,1170.24,1134.35,5109,stock
2025-08-19,NMFBS,1159.74,1146.17,1159.74,1141.44,2872,stock
2025-08-20,NMFBS,1129.1,1152.09,1159.74,1129.1,2098,stock
2025-08-21,NMFBS,1148.36,1142.23,1150.98,1142.23,2414,stock
2025-08-24,NMFBS,1142.23,1137.35,1150.98,1129.1,6504,stock
2025-08-25,NMFBS,1160.09,1156.17,1178.12,1143.46,3927,stock
2025-08-26,NMFBS,1156.32,1128.46,1157.99,1126.39,9356,stock
2025-08-27,NMFBS,1128.46,1148.89,1149.76,1128.46,9387,stock
2025-08-28,NMFBS,1146.35,1128.03,1146.35,1126.48,10847,stock
2025-08-31,NMFBS,1120.79,1104.89,1133.48,1102.84,7430,stock
2025-09-01,NMFBS,1100.31,1109.9,1119.47,1100.31,4620,stock
2025-09-02,NMFBS,1104.77,1109.25,1115.1,1104.77,1698,stock
2025-09-03,NMFBS,1102.84,1101.09,1116.85,1100.22,2113,stock
2025-09-04,NMFBS,1101.09,1105.47,1113.35,1099.34,2887,stock
2025-09-07,NMFBS,1107.22,1105.71,1108.97,1096.72,1907,stock
2025-09-08,NMFBS,1102.93,1109.72,1122.98,1099.52,2508,stock
2025-09-18,NMFBS,1087.96,1131.73,1131.73,1087.96,1396,stock
2025-09-21,NMFBS,1109.15,1141.16,1146.52,1087.0,21173,stock
2025-09-23,NMFBS,1137.86,1133.04,1150.98,1129.54,2841,stock
2025-09-24,NMFBS,1134.35,1111.68,1142.23,1111.68,8682,stock
2025-09-25,NMFBS,1107.4,1103.02,1128.23,1089.72,6918,stock
2025-09-28,NMFBS,1107.22,1110.11,1120.35,1102.93,2697,stock
2025-10-07,NMFBS,1110.11,1076.59,1132.25,1074.84,6463,stock
2025-10-08,NMFBS,1096.72,1068.97,1096.72,1059.96,5822,stock
2025-10-09,NMFBS,1090.33,1085.34,1110.72,1072.21,4965,stock
2025-10-12,NMFBS,1065.21,1055.58,1076.59,1054.7,8713,stock
2025-10-13,NMFBS,1050.33,1064.33,1068.62,1038.95,1684,stock
2025-10-14,NMFBS,1064.33,1064.33,1066.08,1059.96,1627,stock
2025-10-15,NMFBS,1064.33,1064.33,1065.21,1052.08,1293,stock
2025-10-16,NMFBS,1066.08,1066.08,1067.83,1051.2,2804,stock
2025-10-19,NMFBS,1066.08,1070.46,1070.46,1048.58,686,stock
2025-10-26,NMFBS,1054.7,1059.08,1072.21,1054.7,731,stock
2025-10-28,NMFBS,1067.83,1076.59,1076.59,1061.79,869,stock
2025-10-29,NMFBS,1061.71,1077.46,1104.33,1061.71,1961,stock
2025-10-30,NMFBS,1068.8,1082.01,1094.09,1068.8,1312,stock
2025-11-02,NMFBS,1085.43,1111.51,1111.51,1076.59,1706,stock
2025-11-03,NMFBS,1111.6,1111.6,1124.73,1103.72,2466,stock
2025-11-04,NMFBS,1107.22,1103.89,1111.6,1103.89,697,stock
2025-11-05,NMFBS,1103.98,1105.21,1105.21,1094.97,2021,stock
2025-11-06,NMFBS,1111.6,1102.84,1111.6,1096.72,2100,stock
2025-11-09,NMFBS,1102.84,1101.09,1111.6,1101.09,1171,stock
2025-11-10,NMFBS,1120.26,1104.33,1122.98,1082.71,21358,stock
2025-11-11,NMFBS,1107.22,1094.97,1107.22,1085.34,813,stock
2025-11-12,NMFBS,1078.34,1094.97,1111.6,1078.34,2580,stock
2025-11-13,NMFBS,1115.97,1111.6,1137.86,1094.97,22470,stock
2025-11-16,NMFBS,1128.23,1115.1,1128.23,1106.35,2676,stock
2025-11-17,NMFBS,1115.1,1115.97,1115.97,1107.22,3322,stock
2025-11-18,NMFBS,1115.97,1124.73,1137.86,1099.34,741,stock
2025-11-19,NMFBS,1102.93,1128.23,1146.61,1102.93,11046,stock
2025-11-20,NMFBS,1107.22,1129.1,1129.1,1106.52,3283,stock
2025-11-23,NMFBS,1135.23,1146.61,1164.11,1135.23,10807,stock
2025-11-24,NMFBS,1164.99,1178.99,1178.99,1146.61,14090,stock
2025-11-25,NMFBS,1198.16,1177.07,1199.12,1164.11,8215,stock
2025-11-26,NMFBS,1164.99,1178.99,1199.12,1164.99,11828,stock
2025-11-27,NMFBS,1178.99,1183.28,1183.28,1172.87,4249,stock
2025-11-30,NMFBS,1168.58,1146.61,1177.24,1146.61,6541,stock
2025-12-01,NMFBS,1154.92,1162.36,1164.99,1137.86,2695,stock
2025-12-02,NMFBS,1155.36,1137.86,1164.11,1137.86,4301,stock
2025-12-03,NMFBS,1115.1,1129.28,1158.86,1115.1,1799,stock
2025-12-07,NMFBS,1129.28,1119.47,1129.28,1110.72,1540,stock
2025-12-08,NMFBS,1141.36,1124.73,1141.36,1119.56,1874,stock
2025-12-09,NMFBS,1120.53,1133.48,1169.37,1120.53,983,stock
2025-12-10,NMFBS,1115.97,1121.23,1137.86,1111.6,2874,stock
2025-12-11,NMFBS,1121.23,1120.35,1121.23,1118.6,2671,stock
2025-12-14,NMFBS,1108.1,1133.48,1133.48,1107.22,1589,stock
2025-12-15,NMFBS,1133.48,1120.35,1133.48,1110.81,10297,stock
2025-12-16,NMFBS,1120.35,1129.1,1129.1,1120.35,412,stock
2025-12-17,NMFBS,1150.98,1154.31,1155.27,1141.36,5274,stock
2025-12-18,NMFBS,1155.36,1137.86,1163.24,1133.48,7646,stock
2025-12-21,NMFBS,1137.86,1127.35,1150.98,1116.94,7801,stock
2025-12-22,NMFBS,1129.1,1115.97,1129.1,1108.97,2795,stock
2025-12-23,NMFBS,1115.97,1130.42,1133.48,1115.97,229,stock
2025-12-24,NMFBS,1114.22,1115.97,1130.85,1108.1,7531,stock
2025-12-28,NMFBS,1136.98,1146.61,1149.23,1120.35,3014,stock
2025-12-29,NMFBS,1131.9,1152.74,1164.11,1131.9,2392,stock
2025-12-31,NMFBS,1169.37,1154.57,1170.15,1151.07,3398,stock
2026-01-01,NMFBS,1143.02,1146.61,1154.4,1134.53,4193,stock
2026-01-04,NMFBS,1146.61,1146.61,1152.74,1141.36,3290,stock
2026-01-05,NMFBS,1163.24,1142.23,1163.24,1136.98,31925,stock
2026-01-06,NMFBS,1164.0,1150.1,1173.0,1150.1,6053,stock
2026-01-07,NMFBS,1154.0,1147.8,1158.0,1143.2,5298,stock
2026-01-08,NMFBS,1150.0,1136.9,1150.0,1111.0,9377,stock
2026-01-12,NMFBS,1125.0,1137.0,1140.0,1125.0,3780,stock
2026-01-13,NMFBS,1137.0,1115.0,1137.0,1094.0,8859,stock
2026-01-14,NMFBS,1129.0,1096.2,1129.0,1096.1,5930,stock
2026-01-18,NMFBS,1118.1,1092.0,1118.1,1086.0,11469,stock
2026-01-20,NMFBS,1113.8,1130.8,1136.0,1113.8,5115,stock
2026-01-21,NMFBS,1147.9,1131.0,1147.9,1125.2,2451,stock
2026-01-22,NMFBS,1143.5,1130.0,1143.5,1115.0,4149,stock
2026-01-25,NMFBS,1130.0,1135.0,1145.0,1120.0,6548,stock
2026-01-26,NMFBS,1148.0,1136.1,1150.0,1135.2,6885,stock
2026-01-27,NMFBS,1125.0,1117.2,1143.0,1113.5,5180,stock
2026-01-28,NMFBS,1117.2,1126.0,1131.8,1117.2,1093,stock
2026-01-29,NMFBS,1120.0,1105.1,1121.0,1103.2,3430,stock
2026-02-01,NMFBS,1106.0,1105.2,1111.0,1096.0,7226,stock
2026-02-02,NMFBS,1108.0,1107.0,1116.0,1105.0,4088,stock
2026-02-03,NMFBS,1125.0,1106.8,1125.0,1106.8,6700,stock
2026-02-04,NMFBS,1106.0,1106.3,1107.1,1106.0,1183,stock
2026-02-05,NMFBS,1110.0,1106.6,1125.0,1106.0,4453,stock
2026-02-08,NMFBS,1110.5,1111.0,1124.9,1110.0,1375,stock
2026-02-09,NMFBS,1116.0,1111.0,1124.9,1111.0,2691,stock
2026-02-10,NMFBS,1090.0,1110.0,1114.0,1090.0,2121,stock
2026-02-11,NMFBS,1115.9,1120.0,1126.8,1108.0,3140,stock
2026-02-12,NMFBS,1121.0,1114.0,1134.5,1114.0,3495,stock
2026-02-16,NMFBS,1110.0,1125.0,1130.0,1110.0,4565,stock
2026-02-17,NMFBS,1112.5,1119.0,1128.0,1112.5,3853,stock
2026-02-22,NMFBS,1100.0,1123.0,1125.0,1100.0,2286,stock
2026-02-23,NMFBS,1116.2,1122.2,1126.0,1116.2,1639,stock
2026-02-24,NMFBS,1108.8,1130.0,1135.0,1108.8,760,stock
2026-02-25,NMFBS,1130.0,1125.0,1130.0,1120.5,1631,stock
2026-02-26,NMFBS,1120.4,1122.7,1130.0,1120.3,1105,stock
2026-03-01,NMFBS,1122.69,1130.0,1130.0,1115.0,1537,stock
2026-03-03,NMFBS,1128.0,1145.0,1145.0,1126.0,2310,stock
2026-03-09,NMFBS,1167.9,1167.9,1167.9,1167.9,10,stock
2026-03-10,NMFBS,1191.2,1187.0,1214.9,1180.0,14402,stock
2026-03-11,NMFBS,1190.0,1183.0,1200.0,1181.0,8599,stock
2026-03-12,NMFBS,1180.0,1183.0,1198.0,1178.0,1348,stock
2026-03-15,NMFBS,1185.0,1185.0,1190.0,1183.0,3073,stock
2026-03-16,NMFBS,1177.5,1180.0,1185.0,1177.0,4709,stock
2026-03-17,NMFBS,1181.0,1185.0,1192.0,1175.1,3444,stock
2026-03-19,NMFBS,1190.0,1190.0,1197.0,1169.1,6481,stock
2026-03-22,NMFBS,1167.0,1215.0,1230.0,1167.0,22022,stock
2026-03-23,NMFBS,1208.5,1221.0,1230.0,1208.5,6974,stock
2026-03-24,NMFBS,1206.1,1207.0,1242.0,1202.0,6859,stock
2026-03-25,NMFBS,1200.0,1199.0,1208.8,1195.0,5247,stock
2026-03-26,NMFBS,1185.1,1205.0,1220.0,1185.1,4013,stock
2026-03-29,NMFBS,1205.0,1190.0,1206.0,1190.0,13587,stock
2026-03-30,NMFBS,1182.0,1180.0,1188.0,1172.0,10403,stock
2026-03-31,NMFBS,1203.0,1182.9,1225.0,1160.0,9702,stock
2026-04-01,NMFBS,1182.9,1165.0,1182.9,1163.0,8038,stock
2026-04-02,NMFBS,1162.19,1160.0,1183.0,1137.0,3072,stock
2026-04-05,NMFBS,1137.0,1114.0,1142.0,1114.0,8272,stock
2026-04-06,NMFBS,1115.2,1135.0,1155.0,1114.0,11682,stock
2026-04-07,NMFBS,1140.0,1137.0,1150.0,1122.1,4308,stock
2026-04-08,NMFBS,1126.0,1150.0,1155.0,1126.0,7382,stock
2026-04-09,NMFBS,1130.0,1150.3,1164.0,1130.0,5947,stock
2026-04-10,NMFBS,1151.0,1150.0,1164.0,1147.0,6038,stock
2026-04-13,NMFBS,1150.0,1146.0,1168.7,1146.0,3037,stock
2026-04-15,NMFBS,1168.0,1145.0,1170.0,1132.0,5978,stock
2026-04-16,NMFBS,1145.0,1147.0,1154.0,1131.0,4689,stock
2026-04-17,NMFBS,1131.1,1153.7,1153.7,1131.1,2154,stock
2026-04-20,NMFBS,1153.7,1125.0,1153.7,1122.3,2408,stock
2026-04-21,NMFBS,1116.1,1120.0,1125.0,1105.0,7980,stock
2026-04-22,NMFBS,1120.0,1100.0,1120.0,1100.0,9295,stock
2026-04-23,NMFBS,1100.0,1100.2,1120.0,1096.5,6528,stock
2026-04-24,NMFBS,1100.2,1098.2,1108.0,1090.0,7214,stock
2026-04-27,NMFBS,1098.2,1105.0,1117.0,1090.2,4853,stock
2026-04-28,NMFBS,1105.0,1109.9,1130.0,1105.0,1577,stock
2026-04-29,NMFBS,1109.0,1110.0,1110.0,1097.0,4752,stock
2026-04-30,NMFBS,1095.0,1097.1,1111.0,1090.0,2094,stock
2026-05-04,NMFBS,1051.9,1107.0,1110.0,1051.9,532,stock
2026-05-05,NMFBS,1090.1,1092.0,1095.0,1089.0,4065,stock
2026-05-06,NMFBS,1090.0,1092.0,1117.6,1088.0,2973,stock
2026-05-07,NMFBS,1092.0,1090.0,1104.0,1085.0,4323,stock
2026-05-08,NMFBS,1119.0,1106.9,1119.0,1083.0,2613,stock
2026-05-11,NMFBS,1120.0,1120.0,1130.0,1095.0,18801,stock
2026-05-12,NMFBS,1120.0,1115.0,1122.0,1106.0,10667,stock
2026-05-13,NMFBS,1115.0,1115.0,1122.0,1106.0,3622,stock
2026-05-14,NMFBS,1125.0,1120.0,1126.0,1110.0,2096,stock
2026-05-15,NMFBS,1120.0,1120.0,1124.9,1113.2,1435,stock
2026-05-18,NMFBS,1120.0,1130.0,1130.0,1118.0,1931,stock
2026-05-19,NMFBS,1118.0,1146.0,1147.0,1118.0,3964,stock
2026-05-20,NMFBS,1131.0,1140.2,1148.9,1131.0,2520,stock
2026-05-21,NMFBS,1141.0,1144.0,1144.0,1132.3,2391,stock
2026-05-22,NMFBS,1131.1,1140.0,1146.0,1124.0,5602,stock
2026-05-25,NMFBS,1117.0,1150.0,1155.0,1117.0,8343,stock
2026-05-26,NMFBS,1150.0,1140.2,1150.0,1139.8,7426,stock
2026-05-27,NMFBS,1155.0,1140.0,1155.0,1137.1,3403,stock
2026-06-01,NMFBS,1149.0,1136.0,1149.0,1130.0,3711,stock
2026-06-02,NMFBS,1133.0,1141.0,1141.0,1122.3,9325,stock
2026-06-03,NMFBS,1162.9,1145.0,1162.9,1132.2,2340,stock
2026-06-04,NMFBS,1134.1,1140.0,1147.0,1134.1,1060,stock
2026-06-05,NMFBS,1140.0,1146.0,1146.0,1136.0,6038,stock
2026-06-08,NMFBS,1146.0,1136.0,1146.0,1132.6,3963,stock
2026-06-09,NMFBS,1140.0,1130.2,1140.0,1130.0,9187,stock
2026-06-10,NMFBS,1125.2,1140.0,1141.0,1125.2,4059,stock
2026-06-11,NMFBS,1140.0,1138.0,1140.0,1126.3,1369,stock
2026-06-12,NMFBS,1135.0,1135.0,1138.8,1127.0,2796,stock
2026-06-15,NMFBS,1135.0,1134.3,1135.0,1122.1,2771,stock
2026-06-16,NMFBS,1137.0,1133.0,1140.0,1127.0,5709,stock
2026-06-17,NMFBS,1125.3,1130.0,1139.5,1121.0,1586,stock
2026-06-18,NMFBS,1130.0,1124.0,1135.0,1105.0,3395,stock
2026-06-19,NMFBS,1110.3,1120.1,1125.0,1110.3,9102,stock
2026-06-22,NMFBS,1117.0,1128.0,1139.5,1115.0,4591,stock
2026-06-23,NMFBS,1148.5,1126.0,1148.5,1121.0,5458,stock
2026-06-24,NMFBS,1130.0,1106.2,1130.0,1100.0,6881,stock
2026-06-25,NMFBS,1135.0,1115.0,1135.0,1106.1,2230,stock
2026-06-26,NMFBS,1115.0,1115.0,1125.0,1106.0,3526,stock
2026-06-29,NMFBS,1098.1,1115.0,1115.0,1098.0,1809,stock
2026-06-30,NMFBS,1101.2,1114.0,1115.0,1101.0,2620,stock
2026-07-01,NMFBS,1111.0,1120.1,1125.0,1111.0,785,stock
2026-07-02,NMFBS,1112.0,1116.0,1120.0,1112.0,2569,stock
2026-07-03,NMFBS,1116.0,1116.0,1125.0,1115.0,4895,stock
2026-07-06,NMFBS,1106.0,1119.0,1120.0,1105.3,1503,stock
2026-07-07,NMFBS,1119.0,1114.0,1119.0,1108.1,2844,stock
2026-07-08,NMFBS,1129.5,1110.1,1129.5,1107.5,3268,stock
2026-07-09,NMFBS,1108.0,1104.2,1110.5,1102.0,6014,stock
2026-07-10,NMFBS,1104.2,1106.1,1111.0,1104.2,4215,stock
2026-07-13,NMFBS,1110.0,1104.1,1110.0,1102.6,966,stock
2026-07-14,NMFBS,1100.0,1107.0,1109.9,1086.5,90,stock
2026-07-15,NMFBS,1145.0,1107.0,1153.0,1101.1,1724,stock
2026-07-16,NMFBS,1109.0,1102.0,1110.0,1101.0,1333,stock
2026-07-17,NMFBS,1105.1,1128.0,1129.7,1102.0,3343,stock
2026-07-20,NMFBS,1140.0,1139.0,1140.0,1130.0,4192,stock
2026-07-21,NMFBS,1140.0,1130.0,1140.0,1124.0,1814,stock
2026-07-22,NMFBS,1130.0,1130.0,1130.1,1121.3,2452,stock
2026-07-23,NMFBS,1125.0,1130.0,1140.0,1125.0,7064,stock
2026-07-24,NMFBS,1117.5,1131.0,1145.0,1117.5,1642,stock
2026-07-27,NMFBS,1131.0,1126.0,1150.0,1121.8,4027,stock
2026-07-28,NMFBS,1130.0,1125.0,1130.0,1120.0,1845,stock
2026-07-29,NMFBS,1120.0,1120.0,1130.0,1117.1,2307,stock
2026-07-30,NMFBS,1115.0,1116.0,1120.0,1115.0,1277,stock
2026-07-31,NMFBS,1116.0,1120.0,1125.0,1111.1,2463,stock
2026-08-03,NMFBS,1120.0,1113.4,1120.0,1113.0,4457,stock
2026-08-04,NMFBS,1113.4,1110.0,1119.9,1110.0,1425,stock
2026-08-05,NMFBS,1110.0,1107.8,1110.0,1102.1,1913,stock
2026-08-06,NMFBS,1105.1,1105.0,1115.0,1104.5,3282,stock
2026-08-07,NMFBS,1106.0,1101.4,1111.0,1101.3,7110,stock
2026-08-10,NMFBS,1098.0,1104.0,1104.5,1091.3,1058,stock
2026-08-11,NMFBS,1127.9,1104.0,1127.9,1100.0,1893,stock
2026-08-12,NMFBS,1101.0,1115.0,1125.0,1101.0,3265,stock
2026-08-13,NMFBS,1106.0,1108.8,1122.0,1106.0,2053,stock
2026-08-14,NMFBS,1125.0,1135.0,1136.0,1116.2,6426,stock
2026-08-17,NMFBS,1135.0,1128.5,1140.0,1128.1,3849,stock
2026-08-18,NMFBS,1128.5,1128.5,1128.5,1117.0,2833,stock
2026-08-19,NMFBS,1120.0,1120.0,1125.0,1116.2,688,stock
2026-08-20,NMFBS,1120.0,1118.0,1132.0,1105.0,5949,stock
2026-08-21,NMFBS,1125.0,1117.0,1129.0,1117.0,5971,stock
2026-08-24,NMFBS,1110.1,1116.0,1117.0,1102.6,3471,stock
2026-08-25,NMFBS,1116.0,1110.0,1116.0,1106.0,1542,stock
2026-08-26,NMFBS,1110.0,1110.0,1110.0,1101.3,2423,stock
2026-08-27,NMFBS,1082.0,1105.2,1117.5,1082.0,978,stock
2026-08-31,NMFBS,1105.2,1108.0,1110.0,1091.5,1645,stock
2026-09-01,NMFBS,1108.0,1100.0,1108.0,1095.1,3379,stock
2026-09-02,NMFBS,1100.0,1097.6,1110.0,1097.6,2582,stock
2026-09-03,NMFBS,1097.6,1112.0,1115.0,1097.6,1694,stock
2026-09-07,NMFBS,1120.0,1135.0,1138.9,1120.0,2127,stock
2026-09-09,NMFBS,1137.0,1130.0,1137.0,1121.0,3794,stock
2026-09-10,NMFBS,1120.0,1130.7,1135.0,1115.1,1508,stock
2026-09-11,NMFBS,1125.0,1125.0,1137.0,1121.0,2813,stock
2026-09-14,NMFBS,1125.0,1120.0,1136.0,1120.0,2227,stock
2026-09-15,NMFBS,1175.0,1150.9,1175.0,1140.0,15401,stock
2026-09-16,NMFBS,1151.4,1148.0,1161.0,1142.1,13433,stock
2026-09-17,NMFBS,1150.0,1179.0,1179.5,1145.3,12850,stock
2026-09-18,NMFBS,1180.0,1190.0,1190.0,1163.0,4567,stock
2026-09-22,NMFBS,1195.0,1190.0,1220.0,1186.5,4635,stock
2026-09-23,NMFBS,1206.0,1181.0,1220.0,1180.1,21461,stock
2026-09-24,NMFBS,1172.1,1200.0,1209.0,1172.1,9522,stock
2026-09-28,NMFBS,1220.0,1208.0,1235.0,1190.1,4774,stock
2026-09-29,NMFBS,1200.0,1196.0,1200.0,1190.1,2509,stock
2026-09-30,NMFBS,1195.0,1181.2,1195.0,1180.2,4737,stock
2026-10-01,NMFBS,1182.0,1195.0,1199.0,1182.0,4491,stock
2026-10-02,NMFBS,1198.9,1186.0,1200.0,1183.0,8183,stock
2026-10-05,NMFBS,1186.0,1178.0,1186.9,1165.0,8457,stock
2026-10-06,NMFBS,1168.0,1179.0,1188.0,1165.0,2559,stock
