time,symbol,open,close,high,low,volume,category
2012-01-31,PFL,78.6,73.85,77.24,73.85,300,stock
2012-02-07,PFL,73.85,67.75,72.83,67.75,200,stock
2012-02-08,PFL,67.75,66.73,66.73,66.73,3120,stock
2012-02-23,PFL,66.73,65.71,65.71,65.71,10,stock
2012-03-18,PFL,65.71,60.62,64.69,60.62,60,stock
2012-03-19,PFL,60.62,58.93,59.61,58.93,40,stock
2012-03-20,PFL,58.93,58.25,58.25,58.25,20,stock
2012-03-28,PFL,58.25,56.9,57.57,56.9,2000,stock
2012-03-29,PFL,56.9,53.5,56.22,53.5,1520,stock
2012-04-03,PFL,53.5,52.15,52.83,52.15,40,stock
2012-04-04,PFL,52.15,48.08,51.47,48.08,120,stock
2012-04-05,PFL,48.08,44.35,47.4,44.35,210,stock
2012-04-08,PFL,44.35,41.98,43.67,41.98,1063,stock
2012-04-09,PFL,41.98,42.32,42.32,42.32,60,stock
2012-04-10,PFL,42.32,43.67,43.67,42.32,1976,stock
2012-04-11,PFL,43.67,42.32,43.67,42.32,1200,stock
2012-04-15,PFL,42.32,45.03,45.03,42.65,180,stock
2012-04-17,PFL,45.03,45.71,45.71,45.71,130,stock
2012-04-19,PFL,45.71,47.06,47.06,46.38,140,stock
2012-04-22,PFL,47.06,49.1,49.1,47.74,100,stock
2012-04-26,PFL,49.1,50.45,50.45,49.77,212,stock
2012-04-29,PFL,50.45,51.81,51.81,50.45,740,stock
2012-04-30,PFL,51.81,52.49,52.49,52.49,355,stock
2012-05-08,PFL,52.49,52.49,52.49,52.49,182,stock
2012-05-17,PFL,52.49,53.17,53.17,53.17,20,stock
2012-05-24,PFL,53.17,51.81,52.49,51.81,282,stock
2012-07-02,PFL,51.81,51.13,51.81,51.13,100,stock
2012-11-07,PFL,51.13,50.45,50.45,50.45,26,stock
2012-11-20,PFL,50.45,47.74,49.77,47.74,310,stock
2012-11-28,PFL,47.74,45.71,47.06,45.71,462,stock
2012-11-29,PFL,45.71,45.37,45.37,45.03,502,stock
2013-01-28,PFL,45.37,44.01,44.69,44.01,256,stock
2013-02-20,PFL,44.01,42.99,43.33,42.65,9172,stock
2013-04-11,PFL,42.99,42.99,42.99,42.99,50,stock
2013-05-07,PFL,42.99,42.32,42.32,42.32,60,stock
2013-06-18,PFL,42.32,41.64,41.98,41.64,20,stock
2013-07-01,PFL,41.64,40.28,41.3,40.28,132,stock
2013-07-17,PFL,40.28,39.94,39.94,39.94,60,stock
2013-08-01,PFL,39.94,40.28,40.28,40.28,50,stock
2013-08-07,PFL,40.28,40.62,40.62,40.62,202,stock
2013-08-14,PFL,40.62,40.96,40.96,40.96,30,stock
2013-09-09,PFL,40.96,41.98,41.98,41.3,60,stock
2013-09-10,PFL,41.98,42.99,42.99,42.32,86,stock
2013-09-11,PFL,42.99,45.03,45.03,42.99,140,stock
2013-09-12,PFL,45.03,45.71,45.71,45.71,20,stock
2013-09-15,PFL,45.71,45.37,45.37,45.37,100,stock
2013-09-16,PFL,45.37,45.37,46.04,45.37,190,stock
2013-09-17,PFL,45.37,46.72,46.72,46.04,40,stock
2013-10-27,PFL,46.72,47.4,47.4,47.4,20,stock
2013-10-30,PFL,47.4,46.72,46.72,46.72,20,stock
2013-12-03,PFL,46.72,50.11,50.11,46.72,1984,stock
2013-12-04,PFL,50.11,52.15,52.15,50.79,471,stock
2013-12-05,PFL,52.15,52.83,52.83,52.15,3000,stock
2013-12-08,PFL,52.83,51.47,52.15,51.47,2500,stock
2013-12-10,PFL,51.47,50.11,50.79,50.11,312,stock
2014-01-05,PFL,50.11,49.44,49.44,49.44,500,stock
2014-01-09,PFL,49.44,48.76,48.76,48.76,52,stock
2014-01-14,PFL,48.76,48.08,48.08,48.08,100,stock
2014-01-16,PFL,48.08,47.4,47.4,47.4,240,stock
2014-01-20,PFL,47.4,46.72,46.72,46.72,602,stock
2014-01-23,PFL,46.72,47.06,47.06,46.38,12227,stock
2014-02-02,PFL,47.06,48.76,48.76,47.06,1800,stock
2014-02-04,PFL,48.76,49.44,49.44,49.44,150,stock
2014-02-05,PFL,49.44,53.17,53.17,50.11,90,stock
2014-02-06,PFL,53.17,57.57,57.57,53.84,1110,stock
2014-02-09,PFL,57.57,62.32,62.32,58.25,6395,stock
2014-02-10,PFL,62.32,66.73,67.41,63.34,940,stock
2014-02-11,PFL,66.73,72.49,72.49,67.75,864,stock
2014-02-12,PFL,72.49,77.58,77.58,73.51,200,stock
2014-02-13,PFL,77.58,76.22,76.22,76.22,100,stock
2014-02-16,PFL,76.22,75.2,75.2,75.2,40,stock
2014-02-17,PFL,75.2,73.17,74.19,73.17,80,stock
2014-02-18,PFL,73.17,72.15,73.17,72.15,100,stock
2014-02-20,PFL,72.15,73.17,73.17,73.17,20,stock
2014-02-25,PFL,73.17,68.76,71.81,68.76,671,stock
2014-02-26,PFL,68.76,65.71,67.75,65.71,1460,stock
2014-03-03,PFL,65.71,63.68,64.69,62.66,3681,stock
2014-03-04,PFL,63.68,62.66,62.66,62.66,30,stock
2014-03-05,PFL,62.66,64.02,64.69,62.32,1579,stock
2014-03-06,PFL,64.02,63.0,63.0,63.0,100,stock
2014-03-10,PFL,63.0,63.0,63.0,61.98,2065,stock
2014-03-11,PFL,63.0,63.68,64.69,63.68,1173,stock
2014-03-12,PFL,63.68,63.0,63.0,63.0,20,stock
2014-03-17,PFL,63.0,60.96,61.98,60.96,1469,stock
2014-03-23,PFL,60.96,59.95,59.95,59.95,4860,stock
2014-03-24,PFL,59.95,61.98,61.98,60.96,1060,stock
2014-03-25,PFL,61.98,67.07,67.07,63.0,620,stock
2014-03-26,PFL,67.07,72.83,72.83,68.08,120,stock
2014-03-27,PFL,72.83,73.85,73.85,72.83,60,stock
2014-03-31,PFL,73.85,74.87,74.87,74.87,336,stock
2014-04-01,PFL,74.87,73.85,73.85,73.85,40,stock
2014-04-02,PFL,73.85,72.83,72.83,72.83,312,stock
2014-04-06,PFL,72.83,71.81,71.81,71.81,200,stock
2014-04-07,PFL,71.81,70.8,70.8,70.8,200,stock
2014-04-09,PFL,70.8,68.76,69.78,68.76,512,stock
2014-04-10,PFL,68.76,71.81,71.81,67.75,5326,stock
2014-04-15,PFL,71.81,73.85,73.85,72.83,126,stock
2014-04-16,PFL,73.85,75.88,75.88,74.87,60,stock
2014-04-17,PFL,75.88,72.83,74.87,72.83,560,stock
2014-04-21,PFL,72.83,70.8,71.81,70.8,400,stock
2014-04-22,PFL,70.8,69.78,69.78,69.78,324,stock
2014-04-23,PFL,69.78,69.1,69.44,68.76,1804,stock
2014-04-27,PFL,69.1,71.14,71.14,70.12,3100,stock
2014-04-30,PFL,71.14,72.15,72.15,72.15,500,stock
2014-05-06,PFL,72.15,78.26,78.26,73.17,1038,stock
2014-05-07,PFL,78.26,80.97,80.97,79.61,980,stock
2014-05-08,PFL,80.97,83.34,83.34,81.99,2536,stock
2014-05-11,PFL,83.34,85.04,86.05,84.7,4166,stock
2014-05-13,PFL,85.04,92.5,92.5,86.39,1728,stock
2014-05-20,PFL,92.5,91.14,91.14,91.14,60,stock
2014-05-21,PFL,91.14,92.5,92.5,92.5,395,stock
2014-05-25,PFL,92.5,93.85,93.85,93.85,50,stock
2014-05-28,PFL,93.85,93.85,93.85,93.85,2660,stock
2014-06-02,PFL,93.85,92.16,93.85,92.16,3046,stock
2014-06-03,PFL,92.16,89.78,90.8,89.78,180,stock
2014-06-05,PFL,89.78,88.43,89.78,88.43,1020,stock
2014-06-08,PFL,88.43,87.07,87.07,87.07,1000,stock
2014-06-16,PFL,87.07,89.78,89.78,88.43,40,stock
2014-06-18,PFL,89.78,87.07,88.43,87.07,600,stock
2014-06-19,PFL,87.07,83.0,85.72,81.65,18975,stock
2014-06-25,PFL,83.0,82.33,82.33,82.33,40,stock
2014-06-30,PFL,82.33,82.33,83.68,82.33,1240,stock
2014-07-01,PFL,82.33,81.99,81.99,81.99,756,stock
2014-07-02,PFL,81.99,82.33,82.33,82.33,200,stock
2014-07-03,PFL,82.33,80.97,80.97,80.97,1000,stock
2014-07-06,PFL,80.97,82.33,82.33,82.33,198,stock
2014-07-07,PFL,82.33,81.31,82.33,79.95,2180,stock
2014-07-08,PFL,81.31,82.33,82.33,82.33,966,stock
2014-07-10,PFL,82.33,81.65,81.65,80.29,1512,stock
2014-07-21,PFL,81.65,84.36,85.72,83.0,470,stock
2014-07-22,PFL,84.36,89.78,89.78,81.65,1355,stock
2014-07-23,PFL,89.78,97.58,97.58,91.14,1212,stock
2014-07-24,PFL,97.58,104.03,104.36,99.28,5700,stock
2014-07-27,PFL,104.03,105.72,105.72,105.72,100,stock
2014-07-30,PFL,105.72,110.47,112.5,107.42,1599,stock
2014-08-03,PFL,110.47,109.11,111.82,109.11,4076,stock
2014-08-04,PFL,109.11,107.42,107.42,107.42,69,stock
2014-08-05,PFL,107.42,105.72,105.72,105.72,100,stock
2014-08-06,PFL,105.72,105.72,105.72,105.72,2500,stock
2014-08-07,PFL,105.72,104.03,104.03,104.03,490,stock
2014-08-13,PFL,104.03,105.72,105.72,105.72,20,stock
2014-08-14,PFL,105.72,104.03,104.03,104.03,100,stock
2014-08-19,PFL,104.03,100.63,102.33,100.63,20487,stock
2014-08-25,PFL,100.63,98.94,98.94,98.94,30,stock
2014-08-26,PFL,98.94,100.63,100.63,100.63,100,stock
2014-09-09,PFL,100.63,100.63,100.63,100.63,1000,stock
2014-09-10,PFL,100.63,98.94,98.94,98.94,1130,stock
2014-09-30,PFL,98.94,95.55,97.24,95.55,1258,stock
2014-10-13,PFL,95.55,95.55,95.55,95.55,810,stock
2014-10-21,PFL,95.55,89.78,95.55,89.78,574,stock
2014-10-22,PFL,89.78,88.43,88.43,88.43,720,stock
2014-10-28,PFL,88.43,89.78,89.78,89.78,150,stock
2014-10-30,PFL,89.78,90.46,91.14,89.11,8270,stock
2014-11-13,PFL,90.31,88.88,88.88,88.88,20,stock
2014-11-23,PFL,88.88,80.97,87.44,80.97,981,stock
2014-11-24,PFL,80.97,79.17,80.97,73.78,116265,stock
2015-01-04,PFL,79.17,80.25,80.25,80.25,50,stock
2015-01-06,PFL,80.25,81.33,81.33,81.33,50,stock
2015-01-12,PFL,81.33,82.77,82.77,82.77,50,stock
2015-01-13,PFL,82.77,84.2,84.2,84.2,50,stock
2015-01-20,PFL,84.2,85.64,85.64,85.64,100,stock
2015-01-27,PFL,85.64,87.08,87.08,87.08,50,stock
2015-02-04,PFL,87.08,88.52,88.52,88.52,50,stock
2015-02-05,PFL,88.52,87.08,87.08,87.08,100,stock
2015-02-11,PFL,87.08,91.03,91.03,88.16,2998,stock
2015-02-12,PFL,91.03,98.22,98.22,92.47,684,stock
2015-02-15,PFL,98.22,106.85,106.85,99.66,500,stock
2015-02-16,PFL,106.85,106.85,108.64,106.85,1937,stock
2015-02-19,PFL,106.85,105.05,106.85,105.05,396,stock
2015-02-22,PFL,105.05,105.05,105.05,105.05,216,stock
2015-03-19,PFL,105.05,106.85,106.85,106.85,50,stock
2015-03-31,PFL,106.85,108.64,108.64,108.64,4630,stock
2015-04-02,PFL,108.64,110.44,110.44,110.44,50,stock
2015-04-05,PFL,110.44,112.96,114.03,112.24,412,stock
2015-04-08,PFL,112.96,112.96,112.96,112.96,15,stock
2015-04-09,PFL,112.96,113.32,113.32,113.32,216,stock
2015-04-12,PFL,113.32,111.52,111.52,111.52,1552,stock
2015-04-16,PFL,111.52,115.11,115.11,113.32,1282,stock
2015-05-26,PFL,115.11,115.11,115.11,113.32,260,stock
2015-05-27,PFL,115.11,114.75,116.91,114.75,436,stock
2015-06-02,PFL,114.75,116.55,116.55,116.55,216,stock
2015-06-03,PFL,116.55,120.5,120.5,118.35,1010,stock
2015-06-04,PFL,120.5,121.58,122.66,120.5,4994,stock
2015-06-07,PFL,121.58,120.86,120.86,120.5,130,stock
2015-06-08,PFL,120.86,122.3,122.3,122.3,60,stock
2015-06-09,PFL,122.3,127.69,130.21,124.46,2171,stock
2015-06-10,PFL,127.69,129.49,129.49,129.49,37,stock
2015-06-14,PFL,129.49,121.22,127.69,121.22,2770,stock
2015-06-15,PFL,121.22,115.47,119.43,115.47,2072,stock
2015-06-16,PFL,115.47,115.47,115.47,113.68,935,stock
2015-06-17,PFL,115.47,114.03,114.03,113.68,1935,stock
2015-06-22,PFL,115.83,117.63,117.63,115.83,500,stock
2015-06-24,PFL,115.83,117.63,117.63,115.83,55,stock
2015-07-05,PFL,116.91,116.91,116.91,116.91,220,stock
2015-07-06,PFL,119.07,119.07,119.07,119.07,180,stock
2015-07-07,PFL,116.91,116.91,116.91,116.91,232,stock
2015-07-08,PFL,116.91,116.91,116.91,116.91,643,stock
2015-07-09,PFL,119.07,116.91,119.07,116.91,144,stock
2015-07-13,PFL,117.27,117.27,117.27,117.27,10,stock
2015-07-15,PFL,119.43,128.05,128.05,119.43,7671,stock
2015-07-16,PFL,128.05,130.57,131.29,130.21,2492,stock
2015-07-22,PFL,132.72,132.72,132.72,131.29,2991,stock
2015-07-23,PFL,132.72,137.4,137.4,134.88,1132,stock
2015-07-26,PFL,137.4,139.91,139.91,139.91,25,stock
2015-07-27,PFL,139.91,143.51,144.94,142.07,7225,stock
2015-07-28,PFL,143.51,137.04,142.07,137.04,1495,stock
2015-07-29,PFL,137.04,136.32,136.68,134.16,1282,stock
2015-07-30,PFL,136.32,142.07,142.07,138.83,1466,stock
2015-08-03,PFL,142.07,139.55,139.55,139.55,673,stock
2015-08-04,PFL,139.55,137.4,137.4,136.68,845,stock
2015-08-05,PFL,137.4,139.91,139.91,139.91,315,stock
2015-08-06,PFL,139.91,140.99,140.99,138.47,1570,stock
2015-08-10,PFL,140.99,142.07,142.07,140.27,1585,stock
2015-08-11,PFL,142.07,139.91,149.62,139.55,6466,stock
2015-08-12,PFL,139.91,140.63,140.63,139.91,2875,stock
2015-08-13,PFL,141.35,140.63,141.35,140.63,2047,stock
2015-08-16,PFL,140.63,138.47,140.63,138.47,320,stock
2015-08-17,PFL,140.99,140.99,140.99,140.99,500,stock
2015-08-18,PFL,142.07,139.91,142.07,138.47,1331,stock
2015-08-19,PFL,140.99,149.98,152.85,140.99,15933,stock
2015-08-20,PFL,152.49,155.01,159.32,152.49,6456,stock
2015-08-23,PFL,156.45,155.37,157.88,155.01,1148,stock
2015-08-24,PFL,158.24,152.85,158.24,152.85,740,stock
2015-08-25,PFL,152.85,152.85,154.65,152.85,1592,stock
2015-08-26,PFL,155.73,152.85,155.73,152.85,1986,stock
2015-08-27,PFL,153.21,153.21,153.21,152.13,1448,stock
2015-08-31,PFL,155.73,153.57,156.09,152.85,18652,stock
2015-09-01,PFL,153.57,154.65,154.65,152.85,3656,stock
2015-09-02,PFL,155.73,155.73,157.52,155.01,1710,stock
2015-09-03,PFL,156.45,154.29,157.16,154.29,3675,stock
2015-09-06,PFL,155.01,153.57,155.01,153.57,1412,stock
2015-09-07,PFL,155.01,160.04,160.4,154.65,10927,stock
2015-09-08,PFL,162.91,166.51,170.1,161.84,16315,stock
2015-09-09,PFL,167.23,167.95,167.95,165.43,15320,stock
2015-09-10,PFL,167.23,166.51,167.95,163.99,1286,stock
2015-09-13,PFL,163.63,166.15,166.15,163.63,1200,stock
2015-09-14,PFL,169.02,164.35,169.02,163.63,8422,stock
2015-09-15,PFL,165.07,163.99,165.07,162.2,1710,stock
2015-09-16,PFL,166.87,166.15,167.23,165.79,4722,stock
2015-09-17,PFL,167.23,167.95,169.38,166.87,5234,stock
2015-09-22,PFL,165.07,162.91,165.07,162.55,3539,stock
2015-09-23,PFL,165.79,163.63,168.31,163.63,4713,stock
2015-09-24,PFL,163.63,162.55,164.35,161.84,1686,stock
2015-09-28,PFL,159.68,159.68,159.68,159.68,500,stock
2015-09-30,PFL,160.4,158.24,160.4,158.24,2100,stock
2015-10-01,PFL,158.24,162.91,162.91,158.24,69212,stock
2015-10-04,PFL,165.79,164.71,168.66,161.84,7880,stock
2015-10-05,PFL,163.63,161.48,163.63,161.48,1968,stock
2015-10-06,PFL,158.6,155.73,162.91,155.73,16739,stock
2015-10-07,PFL,158.6,169.02,170.1,158.6,41186,stock
2015-10-08,PFL,171.18,165.43,171.54,165.43,22885,stock
2015-10-11,PFL,166.51,165.07,167.23,164.71,9972,stock
2015-10-14,PFL,166.15,162.2,166.15,162.2,6500,stock
2015-10-15,PFL,163.63,162.91,166.51,159.68,6720,stock
2015-10-18,PFL,160.4,160.04,163.63,157.16,18666,stock
2015-10-19,PFL,162.91,158.6,163.27,155.37,30125,stock
2015-10-27,PFL,155.86,155.86,155.86,155.86,40,stock
2015-11-22,PFL,158.53,155.86,158.53,155.86,1024,stock
2015-11-26,PFL,153.19,153.19,153.19,153.19,100,stock
2015-11-29,PFL,153.19,153.19,153.19,153.19,162,stock
2015-12-14,PFL,153.19,153.19,153.19,153.19,60,stock
2015-12-16,PFL,155.86,158.53,158.53,155.86,120,stock
2015-12-22,PFL,161.2,158.53,161.2,158.53,402,stock
2015-12-23,PFL,158.53,158.53,158.53,158.53,200,stock
2015-12-31,PFL,161.2,159.6,161.2,158.53,940,stock
2016-01-03,PFL,162.27,163.33,164.93,162.27,570,stock
2016-01-04,PFL,163.33,163.87,164.93,161.2,1616,stock
2016-01-05,PFL,161.2,158.53,161.2,158.53,900,stock
2016-01-06,PFL,155.86,155.86,155.86,155.86,954,stock
2016-01-07,PFL,155.86,155.86,155.86,155.86,200,stock
2016-01-12,PFL,155.86,155.86,155.86,155.86,300,stock
2016-01-13,PFL,155.86,153.19,153.19,153.19,500,stock
2016-01-14,PFL,155.33,155.33,155.33,155.33,40,stock
2016-02-25,PFL,153.19,163.87,163.87,153.19,20040,stock
2016-03-01,PFL,166.54,179.34,179.34,166.54,60,stock
2016-03-02,PFL,182.55,195.89,195.89,182.55,2991,stock
2016-03-03,PFL,199.63,211.9,212.97,199.63,4980,stock
2016-03-06,PFL,209.23,195.89,209.23,192.69,16086,stock
2016-03-10,PFL,198.56,186.82,201.23,186.28,3750,stock
2016-03-13,PFL,188.42,189.49,192.69,183.08,2630,stock
2016-03-14,PFL,188.95,186.28,188.95,186.28,1556,stock
2016-03-16,PFL,185.22,187.35,187.35,185.22,833,stock
2016-03-17,PFL,190.55,187.35,190.55,187.35,300,stock
2016-03-20,PFL,185.22,183.61,185.22,183.61,2696,stock
2016-03-21,PFL,185.22,186.82,186.82,183.61,1052,stock
2016-03-23,PFL,185.22,185.22,185.22,185.22,200,stock
2016-03-24,PFL,185.22,185.22,185.22,185.22,200,stock
2016-03-27,PFL,185.22,188.42,188.42,188.42,1000,stock
2016-03-28,PFL,188.42,187.88,187.88,187.88,100,stock
2016-04-04,PFL,187.88,184.68,184.68,184.68,100,stock
2016-04-05,PFL,187.88,182.55,187.88,182.55,1087,stock
2016-04-06,PFL,182.55,179.88,183.08,179.88,1867,stock
2016-04-10,PFL,179.88,178.81,178.81,178.81,300,stock
2016-04-11,PFL,178.81,176.68,178.81,176.68,1350,stock
2016-04-12,PFL,176.68,175.08,175.61,175.08,220,stock
2016-04-14,PFL,175.08,173.47,175.08,171.87,2200,stock
2016-04-17,PFL,178.81,182.01,182.01,176.68,2100,stock
2016-04-18,PFL,182.01,180.41,185.22,179.88,4300,stock
2016-04-19,PFL,180.41,184.15,184.15,180.95,1640,stock
2016-04-20,PFL,184.15,185.22,187.88,184.15,630,stock
2016-04-21,PFL,185.22,182.01,182.55,182.01,400,stock
2016-04-24,PFL,182.01,185.22,185.22,182.55,1060,stock
2016-04-25,PFL,185.22,175.61,182.01,175.61,1700,stock
2016-04-26,PFL,175.61,180.95,183.08,177.74,8144,stock
2016-04-27,PFL,180.95,174.54,179.88,173.47,2070,stock
2016-04-28,PFL,174.54,175.61,180.95,174.54,8950,stock
2016-05-02,PFL,175.61,175.08,175.61,174.54,1250,stock
2016-05-03,PFL,175.08,171.87,173.47,171.87,5644,stock
2016-05-04,PFL,171.87,174.54,174.54,171.34,1700,stock
2016-05-05,PFL,174.54,175.61,175.61,174.54,572,stock
2016-05-08,PFL,175.61,174.54,174.54,174.54,1000,stock
2016-05-09,PFL,172.41,176.68,176.68,171.87,1849,stock
2016-05-10,PFL,173.47,173.47,173.47,171.87,340,stock
2016-05-11,PFL,173.47,173.47,176.68,173.47,336,stock
2016-05-12,PFL,173.47,173.47,173.47,173.47,100,stock
2016-05-15,PFL,172.41,171.87,172.41,171.87,700,stock
2016-05-16,PFL,171.87,169.2,169.2,169.2,1035,stock
2016-05-17,PFL,172.41,169.2,172.41,169.2,2530,stock
2016-05-19,PFL,172.41,174.54,174.54,172.41,1500,stock
2016-05-22,PFL,174.54,170.27,174.54,170.27,1831,stock
2016-05-24,PFL,170.27,171.87,174.01,170.27,4173,stock
2016-05-25,PFL,171.87,174.54,174.54,174.54,1600,stock
2016-05-26,PFL,174.54,171.34,171.34,171.34,200,stock
2016-05-29,PFL,171.34,171.87,171.87,169.2,2010,stock
2016-05-30,PFL,171.87,174.54,174.54,174.54,100,stock
2016-05-31,PFL,174.54,168.14,171.87,168.14,2738,stock
2016-06-01,PFL,168.14,169.2,171.87,169.2,2400,stock
2016-06-02,PFL,169.2,168.14,168.14,168.14,1000,stock
2016-06-05,PFL,168.14,167.07,167.07,167.07,100,stock
2016-06-06,PFL,167.07,172.41,172.41,169.2,900,stock
2016-06-07,PFL,170.27,171.87,173.47,170.27,1157,stock
2016-06-08,PFL,171.87,172.41,172.41,169.74,950,stock
2016-06-09,PFL,175.61,175.61,175.61,175.61,20,stock
2016-06-12,PFL,175.61,174.54,177.21,174.01,550,stock
2016-06-13,PFL,174.54,171.87,171.87,171.34,1900,stock
2016-06-14,PFL,171.87,172.41,173.47,171.87,1406,stock
2016-06-15,PFL,168.67,169.2,169.2,168.67,590,stock
2016-06-16,PFL,169.2,169.2,172.41,169.2,400,stock
2016-06-19,PFL,169.2,172.94,175.61,172.41,7575,stock
2016-06-20,PFL,172.94,172.94,174.54,172.94,388,stock
2016-06-21,PFL,172.94,174.54,176.14,174.54,200,stock
2016-06-22,PFL,177.21,186.82,190.55,177.21,2470,stock
2016-06-23,PFL,186.82,186.82,193.22,186.82,1450,stock
2016-06-26,PFL,186.82,187.35,190.55,187.35,1186,stock
2016-06-27,PFL,187.35,185.22,187.88,184.15,728,stock
2016-06-28,PFL,185.22,182.55,182.55,179.34,920,stock
2016-06-29,PFL,182.55,182.55,184.68,179.34,2600,stock
2016-06-30,PFL,182.55,185.75,185.75,179.88,5331,stock
2016-07-03,PFL,185.75,188.42,188.42,182.01,8773,stock
2016-07-04,PFL,188.42,182.55,188.42,182.55,1118,stock
2016-07-05,PFL,179.34,185.22,185.22,179.34,1825,stock
2016-07-06,PFL,187.88,202.83,202.83,187.88,27227,stock
2016-07-10,PFL,202.83,204.96,216.17,202.83,11723,stock
2016-07-11,PFL,204.96,200.69,208.7,196.42,8189,stock
2016-07-12,PFL,200.69,191.62,201.23,191.62,6680,stock
2016-07-13,PFL,191.62,195.89,203.36,190.55,7861,stock
2016-07-14,PFL,199.63,197.49,206.56,197.49,9759,stock
2016-07-17,PFL,197.49,199.09,199.09,190.55,2389,stock
2016-07-18,PFL,199.09,195.36,195.89,195.36,1084,stock
2016-07-19,PFL,195.36,211.9,213.5,195.36,22238,stock
2016-07-20,PFL,215.64,206.03,215.64,206.03,12609,stock
2016-07-21,PFL,206.03,211.37,216.71,205.5,13085,stock
2016-07-25,PFL,211.37,231.12,231.12,208.7,35813,stock
2016-07-26,PFL,231.12,253.0,253.0,235.39,39811,stock
2016-07-27,PFL,253.0,254.07,259.4,228.98,65575,stock
2016-07-28,PFL,254.07,250.33,258.87,249.26,41644,stock
2016-07-31,PFL,250.33,240.19,249.26,235.92,10087,stock
2016-08-01,PFL,240.19,241.26,249.8,235.92,8626,stock
2016-08-02,PFL,241.26,242.32,247.13,233.25,6029,stock
2016-08-03,PFL,242.32,240.72,250.86,233.25,1979,stock
2016-08-04,PFL,240.72,225.25,240.72,225.25,4329,stock
2016-08-07,PFL,225.25,227.91,246.06,226.31,7657,stock
2016-08-08,PFL,227.91,213.5,224.71,213.5,7116,stock
2016-08-09,PFL,217.24,217.24,217.24,217.24,10,stock
2016-08-10,PFL,220.98,220.98,230.05,220.98,10459,stock
2016-08-11,PFL,219.91,227.91,228.98,217.24,2792,stock
2016-08-14,PFL,223.64,222.58,225.25,219.37,3097,stock
2016-08-15,PFL,222.58,211.9,226.85,209.77,1692,stock
2016-08-16,PFL,211.9,219.37,219.37,211.9,1260,stock
2016-08-17,PFL,217.24,219.37,219.37,215.64,839,stock
2016-08-21,PFL,222.58,222.58,222.58,222.58,127,stock
2016-08-22,PFL,219.91,216.17,219.91,216.17,120,stock
2016-08-23,PFL,217.24,216.17,219.91,216.17,450,stock
2016-08-24,PFL,212.97,207.1,212.97,206.56,2848,stock
2016-08-28,PFL,209.77,210.83,210.83,209.23,350,stock
2016-08-29,PFL,206.56,208.17,208.17,201.76,1677,stock
2016-08-30,PFL,211.9,222.58,227.91,211.9,7574,stock
2016-08-31,PFL,225.25,218.31,225.25,218.31,2400,stock
2016-09-01,PFL,218.31,212.97,218.31,211.9,4299,stock
2016-09-04,PFL,211.9,219.91,219.91,209.23,2772,stock
2016-09-05,PFL,217.77,222.04,223.64,217.77,2181,stock
2016-09-06,PFL,225.78,219.91,225.78,219.37,5074,stock
2016-09-07,PFL,216.17,221.51,221.51,216.17,2350,stock
2016-09-08,PFL,218.84,217.24,218.84,217.24,1670,stock
2016-09-11,PFL,217.77,219.91,222.58,214.04,7058,stock
2016-09-12,PFL,222.04,218.31,222.04,218.31,1047,stock
2016-09-14,PFL,216.17,217.24,218.31,214.57,1370,stock
2016-09-18,PFL,220.98,211.9,220.98,211.9,2180,stock
2016-09-20,PFL,208.17,209.23,209.23,201.23,11957,stock
2016-09-21,PFL,212.97,215.64,220.44,212.97,2994,stock
2016-09-22,PFL,211.9,227.91,227.91,211.9,5013,stock
2016-09-25,PFL,211.9,227.91,227.91,211.9,5013,stock
2016-09-26,PFL,230.58,218.31,234.85,216.17,1654,stock
2016-09-27,PFL,213.5,213.5,213.5,213.5,50,stock
2016-09-28,PFL,217.24,214.57,220.98,214.57,474,stock
2016-09-29,PFL,218.31,218.31,225.78,218.31,527,stock
2016-10-02,PFL,219.91,219.91,219.91,219.91,115,stock
2016-10-05,PFL,219.9,216.26,221.11,216.26,1100,stock
2016-10-06,PFL,219.9,219.9,219.9,219.9,10,stock
2016-10-20,PFL,216.26,216.26,216.26,216.26,520,stock
2016-10-23,PFL,212.63,207.18,212.63,206.57,5820,stock
2016-10-24,PFL,204.15,196.88,204.15,196.88,1480,stock
2016-10-25,PFL,196.88,192.03,196.88,190.82,858,stock
2016-10-26,PFL,189.0,188.4,190.21,188.4,1565,stock
2016-10-27,PFL,190.82,190.82,190.82,190.82,200,stock
2016-11-03,PFL,194.45,201.12,201.12,193.85,220,stock
2016-11-13,PFL,204.75,204.75,204.75,204.75,710,stock
2016-11-23,PFL,201.12,193.85,201.12,193.85,30,stock
2016-11-24,PFL,190.82,187.19,193.85,187.19,350,stock
2016-11-28,PFL,184.16,184.16,184.76,182.94,1741,stock
2016-11-29,PFL,181.73,181.73,181.73,181.73,210,stock
2016-11-30,PFL,178.7,194.45,194.45,175.68,1295,stock
2016-12-04,PFL,190.82,189.61,190.82,189.61,110,stock
2016-12-05,PFL,186.58,177.49,186.58,177.49,600,stock
2016-12-06,PFL,174.46,174.46,174.46,174.46,550,stock
2016-12-07,PFL,177.49,161.14,179.31,161.14,4310,stock
2016-12-08,PFL,160.53,172.65,172.65,160.53,282,stock
2016-12-11,PFL,169.62,156.9,169.62,156.9,6150,stock
2016-12-12,PFL,159.32,161.14,164.77,159.32,1340,stock
2016-12-15,PFL,160.53,166.59,166.59,160.53,958,stock
2016-12-18,PFL,169.62,170.22,172.65,169.62,1460,stock
2016-12-19,PFL,166.59,160.53,167.19,157.5,2590,stock
2016-12-20,PFL,160.53,160.53,166.59,160.53,3063,stock
2016-12-21,PFL,160.53,160.53,163.56,160.53,660,stock
2016-12-22,PFL,159.32,157.5,159.32,157.5,932,stock
2016-12-26,PFL,155.08,150.84,155.08,150.84,440,stock
2016-12-27,PFL,153.26,155.68,155.68,153.26,220,stock
2016-12-28,PFL,153.26,153.26,153.26,150.84,943,stock
2016-12-29,PFL,150.84,155.68,155.68,150.84,40,stock
2017-01-01,PFL,156.9,156.29,158.11,155.68,560,stock
2017-01-02,PFL,158.11,160.53,160.53,155.68,433,stock
2017-01-03,PFL,157.5,157.5,157.5,157.5,700,stock
2017-01-04,PFL,155.68,152.66,155.68,152.66,590,stock
2017-01-05,PFL,150.23,153.26,153.87,150.23,1811,stock
2017-01-08,PFL,151.44,146.6,151.44,146.6,1000,stock
2017-01-09,PFL,146.6,145.39,146.6,145.39,210,stock
2017-01-10,PFL,147.81,157.5,157.5,147.81,1420,stock
2017-01-11,PFL,159.93,159.93,159.93,159.32,863,stock
2017-01-12,PFL,157.5,156.9,157.5,150.23,3220,stock
2017-01-15,PFL,156.9,156.9,156.9,156.9,200,stock
2017-01-16,PFL,154.47,154.47,154.47,154.47,200,stock
2017-01-17,PFL,152.66,152.66,152.66,152.05,300,stock
2017-01-18,PFL,152.05,149.02,152.05,148.42,1412,stock
2017-01-19,PFL,149.63,149.63,149.63,149.63,200,stock
2017-01-22,PFL,152.05,154.47,154.47,152.05,210,stock
2017-01-23,PFL,156.9,156.9,156.9,156.9,10,stock
2017-01-24,PFL,154.47,146.6,154.47,146.6,1800,stock
2017-01-25,PFL,144.18,142.96,145.99,142.36,934,stock
2017-01-26,PFL,141.15,142.96,145.39,141.15,1111,stock
2017-01-30,PFL,141.15,138.72,141.15,138.72,1250,stock
2017-01-31,PFL,141.15,141.15,141.15,141.15,170,stock
2017-02-01,PFL,143.57,148.42,148.42,143.57,560,stock
2017-02-02,PFL,145.99,139.93,145.99,138.72,3591,stock
2017-02-07,PFL,142.36,142.36,142.36,142.36,130,stock
2017-02-08,PFL,142.36,139.93,142.36,139.93,2398,stock
2017-02-09,PFL,137.51,137.51,138.12,137.51,500,stock
2017-02-12,PFL,136.91,135.09,136.91,135.09,150,stock
2017-02-13,PFL,132.67,127.82,132.67,127.82,1400,stock
2017-02-14,PFL,126.0,127.82,127.82,126.0,709,stock
2017-02-15,PFL,127.21,139.33,139.33,127.21,943,stock
2017-02-16,PFL,141.75,142.36,144.18,141.75,900,stock
2017-02-21,PFL,139.93,136.3,139.93,133.27,1435,stock
2017-02-22,PFL,136.3,137.51,138.72,136.3,623,stock
2017-02-28,PFL,141.15,141.15,141.15,141.15,10,stock
2017-03-01,PFL,138.72,139.93,139.93,138.72,99,stock
2017-03-02,PFL,137.51,136.3,137.51,136.3,280,stock
2017-03-05,PFL,138.72,147.2,147.2,138.72,140,stock
2017-03-06,PFL,148.42,144.78,148.42,144.78,2000,stock
2017-03-07,PFL,142.36,141.15,144.78,137.51,2508,stock
2017-03-09,PFL,139.93,140.54,142.96,139.93,720,stock
2017-03-13,PFL,142.96,145.39,145.39,142.96,750,stock
2017-03-14,PFL,142.96,142.96,142.96,142.96,202,stock
2017-03-15,PFL,144.78,144.78,144.78,144.78,13,stock
2017-03-19,PFL,144.78,142.36,142.36,142.36,477,stock
2017-03-20,PFL,141.75,149.02,149.02,141.75,733,stock
2017-03-21,PFL,151.44,153.87,153.87,150.84,1487,stock
2017-03-22,PFL,156.29,151.44,156.29,151.44,2653,stock
2017-03-23,PFL,149.02,145.39,149.02,145.39,900,stock
2017-03-26,PFL,147.81,157.5,157.5,146.6,924,stock
2017-03-28,PFL,157.5,172.04,172.04,159.93,1992,stock
2017-03-29,PFL,172.04,169.62,175.07,169.01,7734,stock
2017-03-30,PFL,169.62,166.59,171.44,166.59,691,stock
2017-04-02,PFL,169.62,175.68,175.68,169.62,1405,stock
2017-04-03,PFL,178.7,172.65,181.73,172.65,5600,stock
2017-04-04,PFL,169.62,178.7,178.7,166.59,930,stock
2017-04-06,PFL,178.7,175.68,178.7,175.68,300,stock
2017-04-10,PFL,172.65,172.65,172.65,172.65,43,stock
2017-04-11,PFL,175.68,176.28,176.28,172.65,4084,stock
2017-04-12,PFL,179.31,179.92,192.64,178.7,14430,stock
2017-04-13,PFL,178.7,176.89,184.76,175.68,9877,stock
2017-04-16,PFL,173.86,174.46,180.52,171.44,2113,stock
2017-04-19,PFL,174.46,181.73,184.76,175.68,898,stock
2017-04-20,PFL,181.73,179.31,184.76,179.31,1085,stock
2017-04-23,PFL,182.34,179.31,183.55,179.31,3393,stock
2017-04-24,PFL,178.7,176.28,179.31,175.68,2601,stock
2017-04-25,PFL,172.65,164.17,172.65,164.17,7950,stock
2017-04-26,PFL,167.19,173.86,173.86,167.19,663,stock
2017-04-27,PFL,170.83,175.68,175.68,170.83,3319,stock
2017-04-30,PFL,172.65,172.04,172.65,169.62,2085,stock
2017-05-03,PFL,169.62,167.19,170.22,164.17,9016,stock
2017-05-04,PFL,167.8,164.77,167.8,164.77,1500,stock
2017-05-07,PFL,161.74,164.77,164.77,159.32,3500,stock
2017-05-08,PFL,166.59,166.59,166.59,166.59,500,stock
2017-05-09,PFL,166.59,169.62,169.62,166.59,1233,stock
2017-05-11,PFL,169.62,171.44,172.65,169.62,3986,stock
2017-05-15,PFL,168.41,168.41,168.41,168.41,300,stock
2017-05-16,PFL,168.41,166.59,168.41,165.98,2216,stock
2017-05-17,PFL,165.98,167.19,169.62,160.53,6800,stock
2017-05-18,PFL,167.19,166.59,166.59,164.17,289,stock
2017-05-21,PFL,163.56,161.14,163.56,160.53,1532,stock
2017-05-22,PFL,163.56,166.59,170.83,161.74,1399,stock
2017-05-23,PFL,169.62,172.04,175.68,169.62,450,stock
2017-05-24,PFL,172.04,169.62,172.65,169.62,213,stock
2017-05-28,PFL,172.65,167.19,172.65,166.59,753,stock
2017-05-31,PFL,167.19,170.83,170.83,161.14,1249,stock
2017-06-01,PFL,173.25,169.62,173.86,167.8,778,stock
2017-06-05,PFL,172.04,172.04,172.04,172.04,150,stock
2017-06-06,PFL,169.01,172.04,172.04,165.98,861,stock
2017-06-07,PFL,169.62,165.98,169.62,165.98,937,stock
2017-06-08,PFL,162.95,161.74,163.56,161.74,766,stock
2017-06-11,PFL,159.32,158.71,159.32,158.71,812,stock
2017-06-12,PFL,161.14,161.14,161.14,161.14,50,stock
2017-06-13,PFL,158.11,161.74,161.74,158.11,530,stock
2017-06-15,PFL,160.53,160.53,161.74,160.53,2150,stock
2017-06-20,PFL,157.5,155.08,157.5,154.47,1415,stock
2017-06-21,PFL,154.47,156.9,156.9,154.47,755,stock
2017-06-22,PFL,154.47,156.9,159.32,150.84,2665,stock
2017-06-25,PFL,159.32,156.9,159.32,154.47,375,stock
2017-06-27,PFL,155.08,154.47,155.08,152.05,2800,stock
2017-07-02,PFL,156.9,169.01,169.01,156.9,15504,stock
2017-07-03,PFL,165.98,159.93,169.01,159.93,2215,stock
2017-07-04,PFL,162.35,161.74,162.35,161.74,560,stock
2017-07-05,PFL,162.95,159.93,162.95,157.5,1298,stock
2017-07-06,PFL,159.93,162.35,162.35,159.32,1195,stock
2017-07-09,PFL,162.35,159.32,159.93,159.32,400,stock
2017-07-10,PFL,160.53,157.5,160.53,157.5,213,stock
2017-07-11,PFL,155.08,158.11,159.32,155.08,5013,stock
2017-07-12,PFL,160.53,161.14,161.14,160.53,200,stock
2017-07-13,PFL,158.11,154.47,158.11,153.87,4007,stock
2017-07-16,PFL,156.29,161.14,161.14,153.87,916,stock
2017-07-17,PFL,158.11,163.56,163.56,158.11,3125,stock
2017-07-18,PFL,166.59,169.62,169.62,166.59,150,stock
2017-07-19,PFL,172.65,162.35,172.04,162.35,660,stock
2017-07-20,PFL,165.38,161.74,165.38,159.32,1914,stock
2017-07-23,PFL,163.56,164.17,164.17,163.56,1331,stock
2017-07-24,PFL,162.35,163.56,163.56,158.11,8995,stock
2017-07-25,PFL,160.53,162.95,163.56,160.53,1310,stock
2017-07-26,PFL,160.53,158.11,160.53,158.11,1581,stock
2017-07-27,PFL,156.9,163.56,163.56,156.9,2347,stock
2017-07-30,PFL,160.53,159.32,160.53,157.5,2414,stock
2017-07-31,PFL,161.74,163.56,164.77,160.53,3350,stock
2017-08-01,PFL,165.38,168.41,171.44,159.32,6597,stock
2017-08-02,PFL,170.83,168.41,170.83,165.38,15465,stock
2017-08-03,PFL,168.41,165.38,168.41,162.35,2412,stock
2017-08-06,PFL,162.95,162.95,168.41,162.35,1671,stock
2017-08-07,PFL,165.38,159.32,165.38,158.11,5223,stock
2017-08-09,PFL,160.53,161.14,161.14,158.71,2807,stock
2017-08-10,PFL,164.17,161.74,164.17,161.74,110,stock
2017-08-13,PFL,164.17,159.93,164.17,159.32,4690,stock
2017-08-15,PFL,161.74,160.53,161.74,159.32,1434,stock
2017-08-16,PFL,162.95,160.53,163.56,160.53,3030,stock
2017-08-17,PFL,162.95,165.98,166.59,159.32,3369,stock
2017-08-20,PFL,162.95,162.35,163.56,162.35,600,stock
2017-08-21,PFL,160.53,161.14,161.14,160.53,267,stock
2017-08-22,PFL,160.53,159.93,160.53,159.93,300,stock
2017-08-23,PFL,158.11,158.11,158.11,158.11,510,stock
2017-08-24,PFL,158.11,159.32,159.32,156.9,2173,stock
2017-08-28,PFL,157.5,156.9,157.5,156.9,200,stock
2017-08-30,PFL,156.9,156.9,156.9,153.26,607,stock
2017-08-31,PFL,156.9,152.05,154.47,152.05,1777,stock
2017-09-04,PFL,150.84,150.84,150.84,150.84,222,stock
2017-09-06,PFL,153.26,152.05,152.66,152.05,1167,stock
2017-09-07,PFL,150.84,154.47,154.47,150.84,1460,stock
2017-09-11,PFL,152.05,152.05,152.05,152.05,60,stock
2017-09-17,PFL,150.23,150.23,154.47,149.63,2081,stock
2017-09-18,PFL,150.84,150.23,150.84,150.23,543,stock
2017-09-20,PFL,152.66,152.66,152.66,152.66,120,stock
2017-09-25,PFL,150.23,152.66,152.66,150.23,660,stock
2017-09-26,PFL,150.23,148.42,150.23,148.42,91,stock
2017-10-03,PFL,148.42,148.42,148.42,147.81,930,stock
2017-10-04,PFL,148.42,148.42,148.42,148.42,717,stock
2017-10-08,PFL,145.99,143.57,145.99,143.57,450,stock
2017-10-09,PFL,143.57,143.57,146.6,143.57,420,stock
2017-10-10,PFL,143.57,142.96,145.99,142.96,2077,stock
2017-10-11,PFL,144.18,144.18,144.78,144.18,199,stock
2017-10-12,PFL,146.6,145.99,146.6,143.57,520,stock
2017-10-15,PFL,144.78,145.39,145.39,144.78,273,stock
2017-10-16,PFL,144.78,149.63,149.63,144.78,2464,stock
2017-10-17,PFL,150.23,147.81,152.66,145.99,2512,stock
2017-10-18,PFL,150.23,149.63,150.23,144.18,3838,stock
2017-10-22,PFL,149.63,150.84,150.84,148.42,1970,stock
2017-10-23,PFL,150.84,152.66,152.66,149.02,130,stock
2017-10-24,PFL,152.66,150.23,155.08,150.23,250,stock
2017-10-25,PFL,150.23,147.2,150.23,147.2,768,stock
2017-10-29,PFL,147.2,147.2,147.2,144.78,1184,stock
2017-10-30,PFL,144.78,143.57,145.39,143.57,1388,stock
2017-10-31,PFL,141.15,144.78,145.99,141.15,1080,stock
2017-11-01,PFL,145.39,144.18,146.6,142.96,2615,stock
2017-11-02,PFL,142.36,144.78,145.39,142.36,976,stock
2017-11-05,PFL,142.96,142.96,143.57,142.96,280,stock
2017-11-06,PFL,142.96,141.15,144.18,141.15,1918,stock
2017-11-07,PFL,140.54,141.75,142.36,140.54,730,stock
2017-11-08,PFL,141.15,139.93,141.15,139.33,480,stock
2017-11-09,PFL,142.36,140.54,142.96,139.93,980,stock
2017-11-12,PFL,140.54,138.12,139.93,137.51,1549,stock
2017-11-13,PFL,140.54,141.15,141.75,140.54,1329,stock
2017-11-14,PFL,143.57,142.36,143.57,139.33,3566,stock
2017-11-15,PFL,140.54,140.54,144.18,139.93,617,stock
2017-11-16,PFL,139.33,141.75,142.36,139.33,1065,stock
2017-11-19,PFL,141.75,139.33,139.93,138.12,230,stock
2017-11-20,PFL,140.54,138.72,140.54,137.51,307,stock
2017-11-21,PFL,136.91,139.33,139.33,136.91,379,stock
2017-11-22,PFL,138.12,142.36,142.36,137.51,591,stock
2017-11-23,PFL,142.36,140.54,142.36,140.54,170,stock
2017-11-26,PFL,140.54,140.54,140.54,136.3,4026,stock
2017-11-27,PFL,138.72,138.12,139.93,135.69,9526,stock
2017-11-28,PFL,140.54,140.54,140.54,138.12,223,stock
2017-11-29,PFL,142.96,139.33,145.39,139.33,1400,stock
2017-11-30,PFL,139.33,139.93,140.54,136.91,657,stock
2017-12-04,PFL,140.54,138.72,140.54,138.12,270,stock
2017-12-05,PFL,140.54,137.51,140.54,137.51,153,stock
2017-12-06,PFL,139.33,138.72,140.54,136.3,4754,stock
2017-12-10,PFL,138.72,138.12,138.72,138.12,120,stock
2017-12-11,PFL,135.69,138.72,138.72,135.69,379,stock
2017-12-12,PFL,136.3,136.91,138.72,136.3,890,stock
2017-12-13,PFL,136.3,138.72,138.72,136.3,170,stock
2017-12-14,PFL,136.3,136.3,136.3,136.3,250,stock
2017-12-17,PFL,136.3,136.3,136.3,134.48,780,stock
2017-12-18,PFL,136.3,136.3,136.91,133.88,3851,stock
2017-12-19,PFL,135.09,135.09,135.09,135.09,110,stock
2017-12-20,PFL,133.88,134.48,135.09,133.88,345,stock
2017-12-21,PFL,133.27,133.27,133.27,132.67,1529,stock
2017-12-24,PFL,135.69,130.24,135.69,128.42,7740,stock
2017-12-26,PFL,128.42,127.21,128.42,126.61,3508,stock
2017-12-27,PFL,125.4,126.0,129.64,121.76,3796,stock
2017-12-28,PFL,124.79,122.97,124.79,122.97,2427,stock
2017-12-31,PFL,123.31,129.58,129.58,119.13,180,stock
2018-01-01,PFL,129.58,128.18,129.58,124.0,620,stock
2018-01-02,PFL,130.27,127.49,130.27,126.09,220,stock
2018-01-03,PFL,126.09,123.31,126.09,121.91,375,stock
2018-01-04,PFL,123.31,126.79,126.79,123.31,166,stock
2018-01-07,PFL,128.88,124.7,128.88,122.61,980,stock
2018-01-08,PFL,126.09,126.09,126.09,122.61,1668,stock
2018-01-09,PFL,126.09,123.31,124.0,121.91,660,stock
2018-01-10,PFL,123.31,121.91,124.0,121.91,935,stock
2018-01-14,PFL,120.52,123.31,123.31,118.43,1870,stock
2018-01-16,PFL,122.61,118.43,122.61,117.73,810,stock
2018-01-17,PFL,118.43,118.43,118.43,117.04,831,stock
2018-01-21,PFL,116.34,118.43,118.43,116.34,3141,stock
2018-01-22,PFL,116.34,114.95,116.34,114.95,675,stock
2018-01-23,PFL,114.25,115.64,115.64,112.86,980,stock
2018-01-24,PFL,117.73,114.25,118.43,112.86,1330,stock
2018-01-25,PFL,114.95,114.95,114.95,113.55,380,stock
2018-01-28,PFL,116.34,114.95,117.04,112.86,652,stock
2018-01-29,PFL,112.86,112.86,114.25,112.86,1090,stock
2018-01-31,PFL,111.46,114.95,114.95,111.46,597,stock
2018-02-01,PFL,114.95,112.86,114.95,112.86,660,stock
2018-02-04,PFL,111.46,113.55,115.64,111.46,650,stock
2018-02-05,PFL,112.86,114.25,114.25,111.46,1920,stock
2018-02-06,PFL,113.55,114.25,114.95,112.86,2575,stock
2018-02-07,PFL,116.34,116.34,116.34,115.64,1745,stock
2018-02-08,PFL,114.25,114.95,116.34,114.25,1100,stock
2018-02-11,PFL,117.04,114.95,117.04,112.86,460,stock
2018-02-14,PFL,114.25,112.86,114.25,112.16,787,stock
2018-02-15,PFL,114.95,114.95,118.43,114.95,881,stock
2018-02-18,PFL,114.95,112.86,117.04,112.86,2150,stock
2018-02-20,PFL,112.16,112.86,112.86,111.46,1265,stock
2018-02-21,PFL,112.16,112.86,112.86,111.46,320,stock
2018-02-22,PFL,111.46,114.95,114.95,111.46,3485,stock
2018-02-25,PFL,114.95,112.86,114.95,112.86,1350,stock
2018-02-26,PFL,110.77,112.86,112.86,110.77,627,stock
2018-02-27,PFL,110.77,113.55,113.55,110.77,80,stock
2018-02-28,PFL,113.55,109.37,113.55,109.37,885,stock
2018-03-04,PFL,107.28,106.59,107.28,105.19,160,stock
2018-03-05,PFL,105.89,106.59,107.98,105.89,530,stock
2018-03-06,PFL,106.59,109.37,109.37,105.89,1780,stock
2018-03-07,PFL,109.37,110.77,110.77,109.37,550,stock
2018-03-11,PFL,110.77,105.89,110.07,105.89,210,stock
2018-03-12,PFL,105.89,107.98,107.98,103.8,866,stock
2018-03-13,PFL,107.28,107.98,107.98,105.89,822,stock
2018-03-15,PFL,110.07,110.07,110.07,110.07,50,stock
2018-03-18,PFL,107.98,107.28,110.07,107.28,1755,stock
2018-03-19,PFL,109.37,107.98,109.37,107.98,290,stock
2018-03-20,PFL,107.28,104.5,107.28,103.1,590,stock
2018-03-21,PFL,104.5,102.41,104.5,102.41,2630,stock
2018-03-22,PFL,102.41,102.41,102.41,101.01,1780,stock
2018-03-26,PFL,101.01,97.53,101.71,96.83,1520,stock
2018-03-27,PFL,96.14,97.53,97.53,93.35,1060,stock
2018-03-28,PFL,96.14,97.53,98.92,96.14,943,stock
2018-03-29,PFL,96.14,98.92,98.92,96.14,295,stock
2018-04-01,PFL,97.53,95.44,97.53,95.44,585,stock
2018-04-02,PFL,96.14,98.92,98.92,96.14,810,stock
2018-04-03,PFL,99.62,101.01,101.01,99.62,550,stock
2018-04-04,PFL,101.01,103.8,103.8,100.32,2240,stock
2018-04-05,PFL,102.41,100.32,104.5,99.62,3970,stock
2018-04-08,PFL,101.71,104.5,106.59,101.71,2320,stock
2018-04-09,PFL,106.59,106.59,108.68,106.59,1864,stock
2018-04-10,PFL,104.5,103.8,104.5,102.41,1210,stock
2018-04-11,PFL,103.8,104.5,105.19,103.1,150,stock
2018-04-12,PFL,104.5,102.41,104.5,101.01,770,stock
2018-04-15,PFL,101.01,101.01,101.71,100.32,620,stock
2018-04-16,PFL,102.41,105.19,105.19,102.41,185,stock
2018-04-17,PFL,105.19,111.46,111.46,103.1,980,stock
2018-04-18,PFL,113.55,113.55,115.64,111.46,2300,stock
2018-04-19,PFL,112.86,115.64,117.73,109.37,4060,stock
2018-04-22,PFL,115.64,124.7,124.7,117.73,4132,stock
2018-04-23,PFL,126.79,118.43,128.18,116.34,4219,stock
2018-04-24,PFL,117.04,114.95,117.04,110.77,1170,stock
2018-04-25,PFL,112.86,119.13,119.13,111.46,550,stock
2018-04-26,PFL,117.04,112.86,117.04,110.77,5628,stock
2018-04-29,PFL,110.77,112.86,114.95,108.68,2568,stock
2018-05-02,PFL,112.86,110.07,110.77,108.68,1901,stock
2018-05-03,PFL,112.16,111.46,112.16,107.98,1870,stock
2018-05-06,PFL,111.46,109.37,113.55,109.37,990,stock
2018-05-07,PFL,110.77,107.98,111.46,107.98,400,stock
2018-05-08,PFL,108.68,110.77,110.77,108.68,1078,stock
2018-05-09,PFL,110.77,110.07,112.16,109.37,300,stock
2018-05-10,PFL,110.07,108.68,111.46,107.98,713,stock
2018-05-14,PFL,106.59,107.28,108.68,106.59,144,stock
2018-05-15,PFL,106.59,106.59,106.59,106.59,220,stock
2018-05-16,PFL,107.28,108.68,108.68,107.28,1063,stock
2018-05-20,PFL,110.77,106.59,112.86,105.89,2600,stock
2018-05-21,PFL,105.19,108.68,110.07,105.19,755,stock
2018-05-22,PFL,106.59,110.07,110.77,106.59,460,stock
2018-05-23,PFL,107.98,111.46,111.46,107.98,480,stock
2018-05-24,PFL,110.77,108.68,111.46,108.68,825,stock
2018-05-27,PFL,106.59,106.59,107.28,103.8,4859,stock
2018-05-28,PFL,106.59,107.98,108.68,104.5,2820,stock
2018-05-29,PFL,110.07,108.68,110.07,107.98,634,stock
2018-05-30,PFL,107.98,107.28,110.07,107.28,4611,stock
2018-05-31,PFL,107.28,105.89,107.98,105.89,862,stock
2018-06-03,PFL,105.89,105.89,107.28,104.5,2108,stock
2018-06-04,PFL,105.89,103.8,105.89,103.8,3200,stock
2018-06-06,PFL,105.89,102.41,106.59,102.41,2040,stock
2018-06-07,PFL,105.89,102.41,106.59,102.41,5807,stock
2018-06-10,PFL,102.57,100.31,101.82,99.55,2255,stock
2018-06-11,PFL,98.04,102.57,102.57,98.04,833,stock
2018-06-12,PFL,101.06,100.31,101.82,99.55,4327,stock
2018-06-13,PFL,99.55,101.06,101.06,99.55,237,stock
2018-06-14,PFL,101.82,101.82,101.82,101.82,100,stock
2018-06-17,PFL,100.31,99.55,102.57,99.55,751,stock
2018-06-18,PFL,99.55,100.31,100.31,98.8,164,stock
2018-06-19,PFL,101.82,101.06,103.32,101.06,636,stock
2018-06-20,PFL,102.57,101.06,104.08,101.06,1393,stock
2018-06-21,PFL,101.06,99.55,101.06,99.55,586,stock
2018-06-24,PFL,98.04,99.55,99.55,98.04,1270,stock
2018-06-25,PFL,98.8,99.55,101.82,98.8,888,stock
2018-06-26,PFL,98.8,99.55,99.55,98.8,2415,stock
2018-06-27,PFL,98.8,100.31,101.06,98.8,305,stock
2018-06-28,PFL,101.82,101.82,101.82,100.31,821,stock
2018-07-01,PFL,100.31,100.31,100.31,98.8,2625,stock
2018-07-02,PFL,101.82,104.83,104.83,101.82,48,stock
2018-07-03,PFL,100.31,101.82,101.82,99.55,1276,stock
2018-07-04,PFL,101.82,99.55,101.82,99.55,1755,stock
2018-07-05,PFL,99.55,103.32,103.32,99.55,1436,stock
2018-07-08,PFL,103.32,101.82,105.59,101.82,3966,stock
2018-07-09,PFL,101.82,101.82,102.57,100.31,738,stock
2018-07-10,PFL,101.06,101.06,101.82,100.31,489,stock
2018-07-11,PFL,99.55,100.31,100.31,99.55,718,stock
2018-07-12,PFL,100.31,101.82,103.32,99.55,885,stock
2018-07-15,PFL,101.06,102.57,102.57,101.06,1114,stock
2018-07-16,PFL,101.06,101.82,101.82,101.06,160,stock
2018-07-18,PFL,103.32,101.82,103.32,101.82,1589,stock
2018-07-19,PFL,100.31,104.08,104.08,100.31,2756,stock
2018-07-22,PFL,102.57,104.08,104.08,102.57,166,stock
2018-07-23,PFL,103.32,104.83,105.59,102.57,3756,stock
2018-07-24,PFL,105.59,104.83,105.59,102.57,3118,stock
2018-07-25,PFL,106.34,103.32,106.34,103.32,2924,stock
2018-07-26,PFL,103.32,103.32,104.83,103.32,5396,stock
2018-07-29,PFL,102.57,102.57,103.32,102.57,1210,stock
2018-07-30,PFL,102.57,101.82,103.32,101.82,206,stock
2018-07-31,PFL,101.06,104.83,104.83,101.06,1118,stock
2018-08-01,PFL,106.34,104.08,106.34,103.32,2625,stock
2018-08-02,PFL,101.82,104.83,104.83,101.82,2040,stock
2018-08-05,PFL,103.32,103.32,104.83,102.57,933,stock
2018-08-06,PFL,104.83,103.32,104.83,103.32,422,stock
2018-08-07,PFL,101.82,101.82,104.08,101.82,376,stock
2018-08-08,PFL,102.57,104.08,107.09,102.57,3192,stock
2018-08-09,PFL,105.59,104.83,105.59,104.83,72,stock
2018-08-12,PFL,103.32,104.08,104.08,103.32,2388,stock
2018-08-13,PFL,104.83,104.08,104.83,103.32,522,stock
2018-08-14,PFL,105.59,110.11,110.11,105.59,4208,stock
2018-08-15,PFL,111.62,110.87,117.65,109.36,2525,stock
2018-08-16,PFL,110.87,110.11,113.13,110.11,2112,stock
2018-08-19,PFL,111.62,108.6,111.62,108.6,1677,stock
2018-08-20,PFL,107.09,108.6,110.11,107.09,950,stock
2018-08-21,PFL,107.85,109.36,110.11,107.85,936,stock
2018-08-22,PFL,107.85,110.11,110.11,107.85,288,stock
2018-08-23,PFL,110.11,109.36,110.11,108.6,146,stock
2018-08-26,PFL,108.6,108.6,109.36,108.6,236,stock
2018-08-28,PFL,107.09,107.09,107.09,107.09,168,stock
2018-08-29,PFL,105.59,108.6,108.6,105.59,97,stock
2018-08-30,PFL,108.6,107.09,108.6,107.09,70,stock
2018-09-02,PFL,105.59,108.6,108.6,105.59,115,stock
2018-09-03,PFL,108.6,110.11,111.62,108.6,924,stock
2018-09-04,PFL,108.6,111.62,111.62,108.6,147,stock
2018-09-05,PFL,113.13,112.37,113.13,110.87,308,stock
2018-09-06,PFL,111.62,110.87,112.37,110.87,665,stock
2018-09-09,PFL,112.37,110.87,112.37,110.87,530,stock
2018-09-10,PFL,110.87,111.62,113.13,110.87,2492,stock
2018-09-11,PFL,110.87,111.62,111.62,110.87,2322,stock
2018-09-12,PFL,110.87,113.88,113.88,110.87,1558,stock
2018-09-13,PFL,114.64,112.37,116.14,110.87,2796,stock
2018-09-16,PFL,110.87,112.37,113.88,110.87,14154,stock
2018-09-17,PFL,113.13,111.62,113.13,111.62,4327,stock
2018-09-18,PFL,110.11,113.13,113.13,110.11,4730,stock
2018-09-20,PFL,111.62,113.13,113.13,111.62,1559,stock
2018-09-23,PFL,113.13,113.88,115.39,113.13,1861,stock
2018-09-25,PFL,113.13,115.39,116.14,111.62,3037,stock
2018-09-26,PFL,114.64,115.39,115.39,113.13,1373,stock
2018-09-27,PFL,113.13,115.39,116.9,113.13,2232,stock
2018-09-30,PFL,113.13,113.88,114.64,112.37,296,stock
2018-10-01,PFL,111.62,114.64,115.39,111.62,1091,stock
2018-10-02,PFL,114.64,115.39,115.39,113.88,1023,stock
2018-10-03,PFL,113.13,113.13,113.88,113.13,3742,stock
2018-10-04,PFL,110.87,110.87,110.87,109.36,396,stock
2018-10-07,PFL,111.62,110.11,112.37,109.36,3202,stock
2018-10-08,PFL,110.87,110.87,112.37,110.87,351,stock
2018-10-09,PFL,110.11,115.39,115.39,110.11,816,stock
2018-10-10,PFL,113.13,113.88,114.64,113.13,303,stock
2018-10-11,PFL,113.13,113.13,113.13,111.62,151,stock
2018-10-14,PFL,113.13,113.13,113.13,113.13,58,stock
2018-10-15,PFL,115.39,116.9,119.92,115.39,4677,stock
2018-10-21,PFL,116.14,118.41,118.41,116.14,1098,stock
2018-10-22,PFL,118.41,120.67,120.67,118.41,2278,stock
2018-10-23,PFL,122.93,120.67,122.93,118.41,2264,stock
2018-10-24,PFL,118.41,119.92,119.92,118.41,1021,stock
2018-10-25,PFL,121.42,119.16,121.42,117.65,5533,stock
2018-10-28,PFL,120.67,118.41,120.67,116.14,10859,stock
2018-10-29,PFL,118.78,111.66,116.41,110.87,974,stock
2018-10-30,PFL,110.87,110.07,112.45,110.07,737,stock
2018-10-31,PFL,110.07,110.07,110.07,107.7,1824,stock
2018-11-01,PFL,108.49,110.07,110.07,108.49,128,stock
2018-11-04,PFL,108.49,109.28,109.28,108.49,680,stock
2018-11-05,PFL,107.7,110.07,110.07,107.7,743,stock
2018-11-14,PFL,110.87,110.87,111.66,110.87,497,stock
2018-11-15,PFL,110.87,109.28,111.66,109.28,391,stock
2018-11-18,PFL,109.28,107.7,110.07,107.7,435,stock
2018-11-19,PFL,107.7,106.91,107.7,106.91,594,stock
2018-11-20,PFL,106.91,104.53,106.91,104.53,1838,stock
2018-11-21,PFL,104.53,106.11,106.11,104.53,204,stock
2018-11-22,PFL,106.11,105.32,107.7,104.53,3230,stock
2018-11-25,PFL,105.32,105.32,106.91,105.32,1020,stock
2018-11-26,PFL,105.32,106.11,106.91,104.53,882,stock
2018-11-27,PFL,106.11,105.32,106.11,105.32,1220,stock
2018-11-28,PFL,105.32,104.53,106.91,104.53,1095,stock
2018-11-29,PFL,104.53,105.32,106.11,104.53,1153,stock
2018-12-02,PFL,105.32,104.53,105.32,104.53,844,stock
2018-12-03,PFL,104.53,103.74,105.32,102.95,34171,stock
2018-12-04,PFL,103.74,104.53,104.53,102.95,111,stock
2018-12-06,PFL,101.36,105.32,106.11,101.36,2588,stock
2018-12-09,PFL,105.32,104.53,105.32,103.74,278,stock
2018-12-10,PFL,104.53,106.91,106.91,103.74,926,stock
2018-12-11,PFL,106.91,105.32,108.49,105.32,3574,stock
2018-12-12,PFL,105.32,104.53,105.32,103.74,493,stock
2018-12-13,PFL,104.53,106.11,107.7,103.74,323,stock
2018-12-16,PFL,106.11,108.49,108.49,105.32,802,stock
2018-12-17,PFL,108.49,106.11,108.49,106.11,74,stock
2018-12-18,PFL,106.11,106.91,106.91,104.53,2206,stock
2018-12-19,PFL,106.91,105.32,106.91,104.53,375,stock
2018-12-20,PFL,105.32,106.11,106.91,105.32,324,stock
2018-12-23,PFL,106.11,109.28,109.28,106.11,2635,stock
2018-12-24,PFL,109.28,106.91,110.87,106.11,556,stock
2018-12-25,PFL,106.91,107.7,108.49,106.11,1469,stock
2018-12-26,PFL,107.7,110.87,113.24,107.7,3888,stock
2018-12-27,PFL,110.87,109.28,110.87,109.28,624,stock
2018-12-30,PFL,109.28,107.7,109.28,107.7,650,stock
2018-12-31,PFL,107.7,107.7,108.49,106.91,523,stock
2019-01-01,PFL,107.7,110.07,110.07,107.7,130,stock
2019-01-02,PFL,110.07,107.7,110.07,106.91,151,stock
2019-01-03,PFL,107.7,108.49,108.49,106.91,444,stock
2019-01-06,PFL,108.49,107.7,108.49,106.91,853,stock
2019-01-07,PFL,107.7,105.32,107.7,105.32,1450,stock
2019-01-08,PFL,105.32,106.91,108.49,105.32,1117,stock
2019-01-09,PFL,106.91,106.11,106.91,106.11,1881,stock
2019-01-10,PFL,106.11,106.91,106.91,106.11,1841,stock
2019-01-13,PFL,106.91,107.7,107.7,106.91,140,stock
2019-01-14,PFL,107.7,109.28,109.28,107.7,267,stock
2019-01-15,PFL,109.28,107.7,110.87,106.91,2579,stock
2019-01-16,PFL,107.7,105.32,109.28,105.32,1838,stock
2019-01-17,PFL,105.32,105.32,108.49,105.32,506,stock
2019-01-20,PFL,105.32,105.32,106.11,105.32,74,stock
2019-01-21,PFL,105.32,107.7,107.7,106.11,107,stock
2019-01-22,PFL,107.7,105.32,107.7,104.53,6974,stock
2019-01-23,PFL,105.32,105.32,105.32,102.95,5345,stock
2019-01-24,PFL,105.32,105.32,107.7,105.32,618,stock
2019-01-27,PFL,105.32,105.32,105.32,102.95,5443,stock
2019-01-28,PFL,105.32,104.53,105.32,103.74,1425,stock
2019-01-29,PFL,104.53,106.11,106.11,104.53,359,stock
2019-01-30,PFL,106.11,105.32,106.91,102.95,1136,stock
2019-01-31,PFL,105.32,105.32,105.32,104.53,227,stock
2019-02-03,PFL,103.74,104.53,105.32,103.74,126,stock
2019-02-04,PFL,104.53,103.74,104.53,103.74,1370,stock
2019-02-05,PFL,102.95,103.74,104.53,102.95,1933,stock
2019-02-06,PFL,103.74,102.95,103.74,102.15,1829,stock
2019-02-07,PFL,102.95,104.53,104.53,102.15,2351,stock
2019-02-10,PFL,102.95,104.53,104.53,102.95,990,stock
2019-02-11,PFL,103.74,102.95,104.53,102.15,1176,stock
2019-02-12,PFL,102.15,102.95,104.53,102.15,379,stock
2019-02-13,PFL,102.15,102.15,102.95,102.15,1758,stock
2019-02-14,PFL,101.36,101.36,102.95,100.57,2087,stock
2019-02-17,PFL,101.36,101.36,102.95,101.36,448,stock
2019-02-18,PFL,100.57,101.36,101.36,100.57,3233,stock
2019-02-19,PFL,101.36,102.15,102.15,100.57,1085,stock
2019-02-20,PFL,102.15,99.78,102.15,99.78,8281,stock
2019-02-21,PFL,100.57,100.57,101.36,99.78,1721,stock
2019-02-24,PFL,99.78,100.57,100.57,99.78,6392,stock
2019-02-25,PFL,99.78,101.36,101.36,99.78,2253,stock
2019-02-26,PFL,102.95,101.36,104.53,101.36,197,stock
2019-02-27,PFL,100.57,100.57,101.36,100.57,141,stock
2019-03-03,PFL,100.57,102.15,102.15,100.57,195,stock
2019-03-05,PFL,102.95,102.15,102.95,102.15,1528,stock
2019-03-06,PFL,101.36,102.15,102.15,100.57,328,stock
2019-03-07,PFL,102.15,102.95,104.53,102.15,517,stock
2019-03-09,PFL,102.15,102.15,102.95,102.15,39,stock
2019-03-10,PFL,102.15,102.15,102.95,102.15,39,stock
2019-03-11,PFL,101.36,103.74,103.74,101.36,1332,stock
2019-03-12,PFL,102.95,106.11,106.11,102.95,3828,stock
2019-03-13,PFL,104.53,103.74,106.11,102.95,1393,stock
2019-03-14,PFL,102.95,104.53,104.53,102.15,333,stock
2019-03-17,PFL,105.32,102.95,106.11,101.36,2258,stock
2019-03-18,PFL,102.95,106.11,106.11,102.95,1097,stock
2019-03-19,PFL,106.11,103.74,106.11,103.74,652,stock
2019-03-21,PFL,102.15,102.15,102.95,102.15,113,stock
2019-03-24,PFL,102.15,103.74,103.74,100.57,470,stock
2019-03-25,PFL,102.15,102.95,104.53,102.15,1535,stock
2019-03-26,PFL,102.95,106.11,106.11,102.95,1123,stock
2019-03-27,PFL,106.11,103.74,105.32,102.95,828,stock
2019-03-28,PFL,102.95,102.15,104.53,102.15,4006,stock
2019-03-31,PFL,103.74,103.74,103.74,103.74,109,stock
2019-04-01,PFL,104.53,102.15,104.53,101.36,2401,stock
2019-04-02,PFL,102.95,106.91,106.91,102.95,3127,stock
2019-04-03,PFL,105.32,105.32,105.32,105.32,20,stock
2019-04-04,PFL,104.53,103.74,105.32,102.95,1103,stock
2019-04-07,PFL,102.15,103.74,103.74,102.15,1920,stock
2019-04-08,PFL,103.74,107.7,107.7,103.74,1784,stock
2019-04-09,PFL,106.11,106.91,106.91,103.74,1487,stock
2019-04-10,PFL,105.32,106.11,106.11,103.74,274,stock
2019-04-11,PFL,104.53,105.32,105.32,104.53,382,stock
2019-04-15,PFL,103.74,103.74,105.32,102.95,701,stock
2019-04-16,PFL,102.95,108.49,108.49,102.95,1842,stock
2019-04-17,PFL,108.49,106.91,109.28,106.91,1748,stock
2019-04-18,PFL,107.7,106.91,107.7,106.11,2334,stock
2019-04-21,PFL,106.11,110.07,110.07,106.11,1437,stock
2019-04-22,PFL,108.49,106.91,110.07,106.91,1857,stock
2019-04-23,PFL,106.11,106.11,106.11,104.53,612,stock
2019-04-24,PFL,104.53,108.49,108.49,104.53,1445,stock
2019-04-25,PFL,109.28,111.66,111.66,109.28,3831,stock
2019-04-28,PFL,110.87,110.87,115.62,109.28,6380,stock
2019-04-29,PFL,110.07,107.7,110.07,107.7,1238,stock
2019-04-30,PFL,106.91,109.28,109.28,105.32,1447,stock
2019-05-02,PFL,108.49,106.11,108.49,106.11,799,stock
2019-05-05,PFL,104.53,106.11,106.11,104.53,1751,stock
2019-05-06,PFL,106.11,108.49,108.49,105.32,802,stock
2019-05-07,PFL,108.49,106.91,108.49,106.11,702,stock
2019-05-08,PFL,106.11,106.91,107.7,106.11,1355,stock
2019-05-09,PFL,106.91,106.91,106.91,106.11,2245,stock
2019-05-12,PFL,106.91,105.32,107.7,105.32,5480,stock
2019-05-13,PFL,104.53,105.32,106.91,104.53,865,stock
2019-05-14,PFL,105.32,109.28,112.45,104.53,3950,stock
2019-05-15,PFL,110.07,108.49,110.07,106.11,2711,stock
2019-05-16,PFL,109.28,108.49,111.66,106.91,552,stock
2019-05-19,PFL,110.07,110.87,111.66,108.49,10069,stock
2019-05-20,PFL,109.28,110.07,110.07,106.91,7922,stock
2019-05-21,PFL,108.49,115.62,115.62,107.7,5734,stock
2019-05-22,PFL,114.03,112.45,114.03,110.87,2240,stock
2019-05-23,PFL,114.03,110.87,115.62,109.28,2387,stock
2019-05-26,PFL,109.28,110.87,110.87,108.49,1440,stock
2019-05-27,PFL,110.87,108.49,110.87,108.49,1817,stock
2019-05-28,PFL,109.28,107.7,109.28,106.91,5191,stock
2019-05-29,PFL,107.7,110.07,113.24,107.7,2827,stock
2019-05-30,PFL,110.87,112.45,114.03,108.49,7537,stock
2019-06-02,PFL,110.87,109.28,110.87,109.28,477,stock
2019-06-03,PFL,107.7,108.49,110.07,106.91,801,stock
2019-06-04,PFL,108.49,109.28,110.87,108.49,1884,stock
2019-06-06,PFL,107.7,111.66,113.24,107.7,2708,stock
2019-06-10,PFL,111.66,109.28,113.24,108.49,9451,stock
2019-06-11,PFL,110.87,110.07,111.66,106.91,2607,stock
2019-06-12,PFL,108.49,110.07,111.66,108.49,951,stock
2019-06-13,PFL,109.28,109.28,110.07,109.28,451,stock
2019-06-16,PFL,109.28,109.28,110.87,108.49,3777,stock
2019-06-17,PFL,110.87,110.07,111.66,108.49,5153,stock
2019-06-18,PFL,110.87,109.28,110.87,109.28,709,stock
2019-06-19,PFL,107.7,108.49,109.28,107.7,464,stock
2019-06-20,PFL,110.07,108.49,110.87,108.49,643,stock
2019-06-23,PFL,108.49,109.28,110.07,107.7,1500,stock
2019-06-24,PFL,108.49,110.07,110.07,108.49,153,stock
2019-06-25,PFL,108.49,109.28,110.07,108.49,1703,stock
2019-06-26,PFL,108.49,109.28,109.28,108.49,1681,stock
2019-06-27,PFL,108.49,110.07,111.66,108.49,880,stock
2019-06-30,PFL,110.07,109.28,110.87,109.28,158,stock
2019-07-01,PFL,110.07,108.49,110.07,108.49,24,stock
2019-07-02,PFL,107.7,109.28,111.66,107.7,1877,stock
2019-07-03,PFL,107.7,110.87,110.87,107.7,3837,stock
2019-07-04,PFL,109.28,110.07,110.87,109.28,738,stock
2019-07-07,PFL,109.28,110.07,110.07,109.28,2385,stock
2019-07-08,PFL,108.49,110.07,111.66,108.49,1523,stock
2019-07-09,PFL,108.49,112.45,112.45,108.49,416,stock
2019-07-10,PFL,112.45,111.66,114.03,110.87,683,stock
2019-07-11,PFL,110.87,110.87,110.87,109.28,2621,stock
2019-07-14,PFL,110.87,109.28,110.87,109.28,194,stock
2019-07-15,PFL,109.28,109.28,109.28,109.28,81,stock
2019-07-16,PFL,108.49,109.28,109.28,108.49,39,stock
2019-07-17,PFL,110.87,112.45,112.45,110.87,1542,stock
2019-07-18,PFL,112.45,112.45,114.03,112.45,1202,stock
2019-07-21,PFL,110.87,110.87,112.45,110.87,430,stock
2019-07-22,PFL,112.45,112.45,112.45,112.45,858,stock
2019-07-23,PFL,110.87,112.45,112.45,110.87,161,stock
2019-07-24,PFL,110.87,113.24,114.03,110.87,498,stock
2019-07-25,PFL,111.66,110.87,113.24,110.87,4747,stock
2019-07-28,PFL,109.28,110.87,110.87,107.7,317,stock
2019-07-29,PFL,110.87,111.66,111.66,110.87,59,stock
2019-07-30,PFL,111.66,108.49,111.66,108.49,5014,stock
2019-07-31,PFL,109.28,112.45,112.45,109.28,3069,stock
2019-08-01,PFL,110.87,108.49,110.87,108.49,1493,stock
2019-08-04,PFL,108.49,110.87,110.87,108.49,2550,stock
2019-08-05,PFL,109.28,108.49,109.28,108.49,602,stock
2019-08-06,PFL,107.7,109.28,109.28,107.7,368,stock
2019-08-07,PFL,107.7,108.49,109.28,107.7,86,stock
2019-08-08,PFL,108.49,108.49,109.28,107.7,775,stock
2019-08-11,PFL,109.28,107.7,109.28,107.7,126,stock
2019-08-12,PFL,107.7,108.49,109.28,107.7,284,stock
2019-08-13,PFL,106.91,105.32,109.28,105.32,6671,stock
2019-08-14,PFL,106.11,106.91,107.7,105.32,11054,stock
2019-08-15,PFL,105.32,106.91,106.91,105.32,9725,stock
2019-08-18,PFL,105.32,106.11,106.91,105.32,1432,stock
2019-08-19,PFL,106.11,106.11,106.11,105.32,375,stock
2019-08-20,PFL,104.53,106.91,106.91,104.53,343,stock
2019-08-21,PFL,106.91,106.11,106.91,105.32,2584,stock
2019-08-22,PFL,105.32,107.7,107.7,105.32,518,stock
2019-08-25,PFL,107.7,106.11,107.7,106.11,36,stock
2019-08-26,PFL,106.11,104.53,106.11,104.53,479,stock
2019-08-27,PFL,103.74,105.32,106.11,103.74,607,stock
2019-08-28,PFL,104.53,106.91,106.91,104.53,215,stock
2019-08-29,PFL,105.32,106.91,106.91,105.32,2050,stock
2019-09-01,PFL,106.91,107.7,107.7,104.53,1796,stock
2019-09-02,PFL,107.7,105.32,107.7,104.53,3901,stock
2019-09-03,PFL,103.74,107.7,107.7,103.74,343,stock
2019-09-04,PFL,108.49,106.11,108.49,106.11,274,stock
2019-09-05,PFL,105.32,106.11,107.7,105.32,999,stock
2019-09-08,PFL,105.32,106.91,107.7,105.32,517,stock
2019-09-09,PFL,105.32,105.32,106.91,103.74,2047,stock
2019-09-10,PFL,104.53,106.91,106.91,104.53,496,stock
2019-09-11,PFL,107.7,106.11,107.7,106.11,1854,stock
2019-09-12,PFL,104.53,105.32,106.11,104.53,1678,stock
2019-09-15,PFL,104.53,104.53,105.32,104.53,1141,stock
2019-09-16,PFL,102.95,103.74,105.32,102.95,3400,stock
2019-09-17,PFL,102.95,105.32,109.28,102.95,275,stock
2019-09-18,PFL,106.91,105.32,106.91,103.74,1764,stock
2019-09-19,PFL,105.32,105.32,105.32,105.32,95,stock
2019-09-22,PFL,105.32,105.32,106.11,105.32,995,stock
2019-09-23,PFL,104.53,106.11,106.11,104.53,228,stock
2019-09-24,PFL,104.53,104.53,104.53,104.53,141,stock
2019-09-26,PFL,103.74,105.32,105.32,103.74,1513,stock
2019-09-30,PFL,103.74,103.74,103.74,103.74,237,stock
2019-10-01,PFL,103.74,106.91,106.91,102.95,606,stock
2019-10-02,PFL,106.11,105.32,106.11,105.32,224,stock
2019-10-03,PFL,106.11,106.91,106.91,106.11,36,stock
2019-10-10,PFL,108.49,108.49,108.49,108.49,110,stock
2019-10-14,PFL,106.91,105.32,106.91,105.32,400,stock
2019-10-15,PFL,105.32,105.32,106.11,105.32,1285,stock
2019-10-16,PFL,104.53,106.11,106.91,104.53,2876,stock
2019-10-17,PFL,106.11,106.91,106.91,106.11,693,stock
2019-10-20,PFL,105.32,106.11,106.91,105.32,235,stock
2019-10-21,PFL,104.53,106.11,106.11,104.53,1723,stock
2019-10-22,PFL,105.32,105.32,105.32,105.32,52,stock
2019-10-23,PFL,106.91,106.11,106.91,106.11,420,stock
2019-10-24,PFL,106.11,106.91,106.91,106.11,1122,stock
2019-10-31,PFL,108.49,105.32,108.49,105.32,735,stock
2019-11-03,PFL,104.53,104.53,105.32,104.53,308,stock
2019-11-04,PFL,104.53,106.11,106.11,102.95,1615,stock
2019-11-05,PFL,107.7,106.11,107.7,106.11,948,stock
2019-11-06,PFL,105.32,105.32,106.91,105.32,245,stock
2019-11-07,PFL,105.32,105.32,106.91,105.32,114,stock
2019-11-10,PFL,105.32,105.32,106.91,105.32,583,stock
2019-11-11,PFL,104.53,104.53,105.32,104.53,617,stock
2019-11-12,PFL,104.53,105.32,106.11,104.53,275,stock
2019-11-13,PFL,106.91,106.91,107.7,106.11,618,stock
2019-11-14,PFL,106.91,106.91,107.7,106.11,497,stock
2019-11-17,PFL,106.91,106.91,110.07,106.91,744,stock
2019-11-18,PFL,107.7,106.91,107.7,106.91,217,stock
2019-11-19,PFL,106.91,106.91,107.7,106.91,402,stock
2019-11-20,PFL,108.49,106.91,108.49,106.91,791,stock
2019-11-21,PFL,106.11,106.91,106.91,105.32,1038,stock
2019-11-24,PFL,106.91,106.91,106.91,106.91,511,stock
2019-11-25,PFL,106.91,106.91,106.91,105.32,596,stock
2019-11-26,PFL,106.91,108.49,108.49,106.91,416,stock
2019-11-27,PFL,106.91,108.49,108.49,106.91,336,stock
2019-11-28,PFL,107.7,106.91,108.49,106.91,1009,stock
2019-12-01,PFL,108.49,111.66,114.82,108.49,9104,stock
2019-12-02,PFL,112.45,110.07,113.24,110.07,28743,stock
2019-12-03,PFL,109.28,110.87,111.66,109.28,496,stock
2019-12-04,PFL,110.87,111.66,112.45,110.87,1800,stock
2019-12-05,PFL,112.45,112.45,113.24,111.66,1243,stock
2019-12-08,PFL,110.87,112.45,112.45,110.87,665,stock
2019-12-09,PFL,112.45,113.24,113.24,111.66,2130,stock
2019-12-10,PFL,112.45,113.24,114.03,112.45,1662,stock
2019-12-11,PFL,114.03,114.03,114.03,112.45,291,stock
2019-12-12,PFL,115.62,115.62,117.2,114.03,6073,stock
2019-12-15,PFL,114.82,117.2,117.2,114.82,1564,stock
2019-12-16,PFL,116.41,114.82,117.99,114.82,1680,stock
2019-12-17,PFL,114.82,114.82,115.62,114.82,1486,stock
2019-12-18,PFL,116.41,114.03,116.41,114.03,1580,stock
2019-12-19,PFL,115.62,116.41,116.41,114.82,3707,stock
2019-12-22,PFL,114.39,112.69,114.39,112.69,80,stock
2019-12-23,PFL,111.0,112.69,112.69,110.15,1523,stock
2019-12-24,PFL,111.0,111.0,111.0,111.0,48,stock
2019-12-25,PFL,111.85,112.69,112.69,110.15,247,stock
2019-12-26,PFL,111.85,111.0,111.85,111.0,664,stock
2019-12-29,PFL,111.0,109.31,112.69,109.31,461,stock
2019-12-30,PFL,111.0,109.31,111.0,109.31,1344,stock
2019-12-31,PFL,109.31,110.15,111.85,109.31,2668,stock
2020-01-01,PFL,109.31,112.69,112.69,109.31,465,stock
2020-01-02,PFL,111.0,112.69,112.69,110.15,1559,stock
2020-01-05,PFL,111.0,113.54,114.39,109.31,3237,stock
2020-01-06,PFL,112.69,114.39,114.39,111.85,3089,stock
2020-01-07,PFL,113.54,113.54,114.39,113.54,2006,stock
2020-01-08,PFL,113.54,116.08,116.08,113.54,8076,stock
2020-01-09,PFL,116.08,115.24,119.47,115.24,4062,stock
2020-01-12,PFL,115.24,121.17,121.17,114.39,2817,stock
2020-01-13,PFL,122.86,125.4,126.25,119.47,8586,stock
2020-01-14,PFL,127.1,123.71,127.1,120.32,6079,stock
2020-01-15,PFL,124.56,123.71,127.1,122.86,5292,stock
2020-01-16,PFL,123.71,135.57,135.57,123.71,16649,stock
2020-01-19,PFL,138.11,146.59,149.13,138.11,25424,stock
2020-01-20,PFL,144.05,132.18,145.74,132.18,13997,stock
2020-01-21,PFL,132.18,132.18,142.35,131.34,9765,stock
2020-01-22,PFL,131.34,133.88,138.11,131.34,2903,stock
2020-01-23,PFL,133.88,134.73,134.73,132.18,859,stock
2020-01-26,PFL,132.18,131.34,133.03,129.64,8916,stock
2020-01-27,PFL,128.79,135.57,136.42,128.79,6541,stock
2020-01-28,PFL,133.88,132.18,138.11,132.18,8734,stock
2020-01-29,PFL,130.49,134.73,135.57,129.64,17738,stock
2020-01-30,PFL,135.57,136.42,136.42,131.34,9388,stock
2020-02-02,PFL,138.96,136.42,141.5,133.88,4706,stock
2020-02-03,PFL,135.57,133.03,135.57,133.03,4141,stock
2020-02-04,PFL,131.34,133.03,138.11,131.34,3415,stock
2020-02-05,PFL,132.18,135.57,135.57,131.34,1593,stock
2020-02-06,PFL,133.88,134.73,135.57,133.88,1990,stock
2020-02-09,PFL,132.18,135.57,135.57,132.18,733,stock
2020-02-10,PFL,133.03,133.03,134.73,133.03,157,stock
2020-02-11,PFL,135.57,136.42,138.11,133.03,1591,stock
2020-02-12,PFL,133.88,133.03,134.73,133.03,1050,stock
2020-02-13,PFL,131.34,133.03,133.03,131.34,1509,stock
2020-02-16,PFL,133.03,133.03,136.42,133.03,782,stock
2020-02-17,PFL,132.18,136.42,136.42,132.18,2503,stock
2020-02-18,PFL,138.11,135.57,138.11,133.88,3649,stock
2020-02-19,PFL,134.73,134.73,135.57,133.03,2636,stock
2020-02-20,PFL,134.73,136.42,136.42,133.88,2151,stock
2020-02-23,PFL,133.88,145.74,147.44,133.88,10808,stock
2020-02-24,PFL,145.74,138.96,144.05,138.96,5923,stock
2020-02-25,PFL,138.96,144.89,144.89,138.96,6989,stock
2020-02-26,PFL,143.2,143.2,146.59,140.66,9251,stock
2020-02-27,PFL,141.5,144.05,144.05,141.5,8885,stock
2020-03-01,PFL,144.05,148.28,150.82,144.05,32481,stock
2020-03-02,PFL,145.74,141.5,145.74,140.66,5263,stock
2020-03-03,PFL,141.5,143.2,144.89,138.96,7365,stock
2020-03-04,PFL,140.66,135.57,143.2,135.57,11471,stock
2020-03-05,PFL,136.42,138.96,142.35,135.57,7390,stock
2020-03-10,PFL,136.42,131.34,136.42,131.34,1716,stock
2020-03-11,PFL,129.64,140.66,140.66,129.64,3547,stock
2020-03-12,PFL,138.11,134.73,139.81,133.03,10030,stock
2020-03-15,PFL,133.88,128.79,134.73,128.79,11757,stock
2020-03-16,PFL,127.1,133.03,137.27,127.1,6841,stock
2020-03-17,PFL,131.34,127.1,132.18,127.1,6405,stock
2020-03-18,PFL,126.25,127.1,131.34,125.4,3171,stock
2020-03-19,PFL,125.4,127.1,128.79,123.71,7428,stock
2020-03-22,PFL,129.64,129.64,129.64,129.64,17,stock
2020-05-13,PFL,127.1,127.1,127.1,127.1,10,stock
2020-06-29,PFL,124.56,122.86,124.56,122.86,91,stock
2020-06-30,PFL,121.17,122.86,122.86,121.17,69,stock
2020-07-02,PFL,124.56,122.86,124.56,122.86,678,stock
2020-07-05,PFL,122.02,121.17,122.86,121.17,2171,stock
2020-07-06,PFL,122.02,123.71,123.71,117.78,2731,stock
2020-07-07,PFL,125.4,133.03,135.57,124.56,3552,stock
2020-07-08,PFL,131.34,126.25,131.34,123.71,4252,stock
2020-07-09,PFL,127.1,123.71,127.1,123.71,1839,stock
2020-07-12,PFL,122.02,124.56,127.1,120.32,4911,stock
2020-07-13,PFL,123.71,122.86,130.49,122.02,1889,stock
2020-07-14,PFL,121.17,122.86,124.56,121.17,4816,stock
2020-07-15,PFL,123.71,123.71,124.56,121.17,657,stock
2020-07-16,PFL,122.02,134.73,134.73,122.02,4786,stock
2020-07-20,PFL,140.66,133.88,140.66,133.88,8369,stock
2020-07-21,PFL,133.88,130.49,142.35,130.49,6218,stock
2020-07-22,PFL,130.49,126.25,130.49,126.25,2065,stock
2020-07-23,PFL,124.56,127.1,129.64,123.71,1485,stock
2020-07-26,PFL,129.64,129.64,129.64,125.4,2397,stock
2020-07-27,PFL,127.1,134.73,140.66,126.25,1810,stock
2020-07-28,PFL,132.18,127.95,134.73,127.1,6656,stock
2020-07-29,PFL,133.88,127.1,133.88,126.25,6810,stock
2020-07-30,PFL,125.4,127.1,129.64,125.4,9074,stock
2020-08-02,PFL,125.4,127.1,127.95,123.71,4711,stock
2020-08-03,PFL,124.56,127.1,129.64,124.56,1919,stock
2020-08-05,PFL,127.1,125.4,127.95,124.56,2618,stock
2020-08-06,PFL,123.71,124.56,124.56,122.86,974,stock
2020-08-09,PFL,122.86,127.95,127.95,122.86,933,stock
2020-08-10,PFL,127.95,129.64,130.49,126.25,5688,stock
2020-08-11,PFL,130.49,132.18,137.27,124.56,2555,stock
2020-08-12,PFL,129.64,127.1,129.64,126.25,1402,stock
2020-08-13,PFL,124.56,126.25,127.95,124.56,1493,stock
2020-08-16,PFL,124.56,124.56,124.56,122.86,2507,stock
2020-08-17,PFL,122.86,124.56,125.4,122.86,2268,stock
2020-08-18,PFL,122.86,124.56,127.95,122.86,717,stock
2020-08-19,PFL,122.86,122.02,122.86,121.17,2528,stock
2020-08-20,PFL,121.17,122.02,123.71,121.17,8362,stock
2020-08-23,PFL,123.71,126.25,126.25,122.86,998,stock
2020-08-24,PFL,124.56,129.64,129.64,122.86,1387,stock
2020-08-25,PFL,127.1,126.25,127.1,124.56,775,stock
2020-08-26,PFL,124.56,127.1,127.1,122.86,1865,stock
2020-08-27,PFL,124.56,126.25,126.25,124.56,1312,stock
2020-08-30,PFL,126.25,125.4,126.25,124.56,497,stock
2020-08-31,PFL,124.56,125.4,127.1,123.71,13017,stock
2020-09-02,PFL,124.56,126.25,127.95,124.56,5016,stock
2020-09-03,PFL,124.56,126.25,126.25,124.56,4937,stock
2020-09-06,PFL,132.18,126.25,132.18,124.56,703,stock
2020-09-07,PFL,125.4,127.95,127.95,124.56,2846,stock
2020-09-08,PFL,130.49,124.56,130.49,123.71,1915,stock
2020-09-09,PFL,123.71,127.95,127.95,123.71,1747,stock
2020-09-10,PFL,125.4,125.4,130.49,124.56,710,stock
2020-09-13,PFL,123.71,124.56,126.25,123.71,2490,stock
2020-09-14,PFL,124.56,127.1,131.34,123.71,6727,stock
2020-09-15,PFL,127.95,125.4,127.95,124.56,2982,stock
2020-09-16,PFL,125.4,126.25,127.1,124.56,4244,stock
2020-09-17,PFL,127.1,138.11,138.11,127.1,39843,stock
2020-09-20,PFL,140.66,142.35,150.82,140.66,28245,stock
2020-09-21,PFL,144.89,138.11,144.89,134.73,15131,stock
2020-09-22,PFL,138.11,133.03,140.66,130.49,8689,stock
2020-09-23,PFL,133.03,138.11,138.11,131.34,9986,stock
2020-09-24,PFL,135.57,138.11,141.5,135.57,4609,stock
2020-09-27,PFL,138.96,141.5,143.2,138.11,7881,stock
2020-09-28,PFL,138.96,140.66,144.05,138.96,15286,stock
2020-09-29,PFL,142.35,141.5,145.74,139.81,15411,stock
2020-09-30,PFL,139.81,152.52,153.37,139.81,19412,stock
2020-10-01,PFL,152.52,147.44,155.06,144.05,12941,stock
2020-10-04,PFL,144.89,148.28,155.06,144.89,18241,stock
2020-10-05,PFL,145.74,146.59,149.98,143.2,16389,stock
2020-10-06,PFL,144.89,157.6,157.6,140.66,13762,stock
2020-10-07,PFL,162.69,172.86,172.86,152.52,47298,stock
2020-10-08,PFL,177.94,171.16,181.33,162.69,39019,stock
2020-10-11,PFL,172.01,173.7,174.55,164.38,34277,stock
2020-10-12,PFL,170.31,167.77,170.31,165.23,19240,stock
2020-10-13,PFL,169.47,158.45,169.47,157.6,20757,stock
2020-10-14,PFL,155.91,154.21,158.45,149.98,11883,stock
2020-10-15,PFL,151.67,151.67,157.6,149.98,12885,stock
2020-10-18,PFL,149.98,155.06,155.06,144.05,9999,stock
2020-10-19,PFL,152.52,159.3,159.3,152.52,3818,stock
2020-10-20,PFL,160.15,160.15,161.84,156.76,4996,stock
2020-10-21,PFL,157.6,159.3,160.99,157.6,2396,stock
2020-10-22,PFL,157.6,160.99,165.23,156.76,10691,stock
2020-10-28,PFL,160.99,164.38,164.38,160.99,9193,stock
2020-10-29,PFL,172.01,160.99,172.01,159.3,11274,stock
2020-11-01,PFL,158.45,162.69,162.69,155.91,9574,stock
2020-11-02,PFL,160.99,161.84,162.69,159.3,8620,stock
2020-11-03,PFL,159.3,163.53,165.23,159.3,9647,stock
2020-11-04,PFL,160.99,160.99,160.99,159.3,3888,stock
2020-11-05,PFL,158.45,159.3,160.99,157.6,3400,stock
2020-11-08,PFL,158.45,161.84,163.53,158.45,14049,stock
2020-11-09,PFL,160.99,165.23,165.23,160.99,20042,stock
2020-11-10,PFL,172.86,165.23,172.86,161.84,21628,stock
2020-11-11,PFL,172.86,166.92,172.86,163.53,5199,stock
2020-11-12,PFL,164.38,164.38,169.47,164.38,9225,stock
2020-11-18,PFL,161.84,173.7,173.7,160.15,20710,stock
2020-11-19,PFL,170.31,181.33,183.02,166.08,30719,stock
2020-11-22,PFL,189.8,170.31,189.8,167.77,15444,stock
2020-11-23,PFL,172.86,169.47,173.7,166.92,16046,stock
2020-11-24,PFL,166.08,183.02,183.02,163.53,31954,stock
2020-11-25,PFL,177.94,180.48,183.87,175.4,30330,stock
2020-11-26,PFL,179.63,183.02,184.72,172.86,22749,stock
2020-11-29,PFL,182.18,178.79,183.02,172.86,13575,stock
2020-11-30,PFL,182.18,172.86,184.72,172.01,21434,stock
2020-12-01,PFL,169.47,168.62,175.4,166.08,11596,stock
2020-12-02,PFL,169.47,167.77,171.16,166.08,11026,stock
2020-12-03,PFL,167.77,167.77,172.01,166.92,8553,stock
2020-12-06,PFL,165.23,160.15,174.55,160.15,7931,stock
2020-12-07,PFL,160.99,170.31,170.31,159.3,7812,stock
2020-12-08,PFL,166.92,165.23,168.62,164.38,7970,stock
2020-12-09,PFL,164.38,160.15,164.38,157.6,7935,stock
2020-12-10,PFL,160.15,167.77,167.77,158.45,2602,stock
2020-12-13,PFL,165.23,167.77,167.77,162.69,2725,stock
2020-12-14,PFL,165.23,165.23,170.31,162.69,6117,stock
2020-12-15,PFL,163.53,164.38,166.08,160.99,6945,stock
2020-12-16,PFL,164.38,163.53,166.92,160.99,5247,stock
2020-12-17,PFL,161.84,163.53,164.38,160.15,2614,stock
2020-12-20,PFL,160.99,152.52,161.84,151.67,11219,stock
2020-12-21,PFL,149.98,149.98,154.21,142.35,7739,stock
2020-12-22,PFL,152.52,155.06,161.84,149.98,7975,stock
2020-12-23,PFL,157.6,153.37,157.6,149.13,5731,stock
2020-12-24,PFL,152.52,152.52,152.52,149.13,2879,stock
2020-12-27,PFL,149.98,152.52,152.52,147.44,5016,stock
2020-12-28,PFL,149.98,150.82,150.82,148.28,2030,stock
2020-12-29,PFL,148.28,149.98,151.67,148.28,2285,stock
2020-12-30,PFL,149.98,147.44,149.98,144.89,3550,stock
2020-12-31,PFL,145.74,148.28,152.52,145.74,8540,stock
2021-01-03,PFL,145.91,153.03,157.48,145.91,5937,stock
2021-01-04,PFL,151.25,152.14,155.7,151.25,2258,stock
2021-01-05,PFL,149.47,153.03,155.7,149.47,1202,stock
2021-01-06,PFL,151.25,157.48,160.15,150.36,7774,stock
2021-01-07,PFL,160.15,166.37,169.93,160.15,24512,stock
2021-01-10,PFL,166.37,166.37,169.04,160.15,5939,stock
2021-01-11,PFL,169.04,169.04,170.82,167.26,11563,stock
2021-01-12,PFL,166.37,176.16,176.16,166.37,44920,stock
2021-01-13,PFL,177.05,185.95,187.73,177.05,38852,stock
2021-01-17,PFL,189.51,193.06,193.95,185.95,47206,stock
2021-01-18,PFL,196.62,193.95,202.85,185.95,47344,stock
2021-01-19,PFL,195.73,190.39,195.73,186.84,26437,stock
2021-01-20,PFL,191.28,201.96,209.08,191.28,42709,stock
2021-01-21,PFL,205.52,213.53,213.53,195.73,40033,stock
2021-01-24,PFL,217.09,234.88,234.88,217.09,100575,stock
2021-01-25,PFL,234.88,244.67,257.12,230.43,59298,stock
2021-01-26,PFL,240.22,265.13,268.69,235.77,92523,stock
2021-01-27,PFL,265.13,246.45,269.58,244.67,47803,stock
2021-01-28,PFL,250.89,238.44,250.89,226.87,82508,stock
2021-01-31,PFL,240.22,223.31,244.67,220.64,37796,stock
2021-02-01,PFL,224.2,245.56,245.56,221.53,38854,stock
2021-02-02,PFL,233.99,259.79,260.68,233.99,53043,stock
2021-02-03,PFL,272.25,239.33,272.25,235.77,52267,stock
2021-02-04,PFL,240.22,234.88,247.34,230.43,23193,stock
2021-02-07,PFL,232.21,239.33,243.78,229.54,31594,stock
2021-02-08,PFL,235.77,242.0,246.45,235.77,59194,stock
2021-02-09,PFL,242.0,239.33,259.79,237.55,32802,stock
2021-02-10,PFL,249.11,256.23,259.79,240.22,49848,stock
2021-02-11,PFL,251.78,252.67,256.23,247.34,31830,stock
2021-02-14,PFL,251.78,249.11,252.67,244.67,23156,stock
2021-02-15,PFL,261.57,266.02,266.91,243.78,57354,stock
2021-02-16,PFL,266.91,256.23,267.8,249.11,24405,stock
2021-02-17,PFL,254.45,257.12,257.12,244.67,22608,stock
2021-02-18,PFL,252.67,257.12,257.12,250.0,22565,stock
2021-02-21,PFL,252.67,253.56,253.56,249.11,8558,stock
2021-02-22,PFL,250.89,246.45,252.67,243.78,18343,stock
2021-02-23,PFL,242.0,242.0,244.67,237.55,9580,stock
2021-02-24,PFL,244.67,242.0,251.78,240.22,24034,stock
2021-02-25,PFL,242.0,237.55,244.67,236.66,11889,stock
2021-02-28,PFL,233.99,232.21,237.55,231.32,14294,stock
2021-03-01,PFL,227.76,234.88,236.66,222.42,22588,stock
2021-03-02,PFL,234.88,230.43,239.33,222.42,9760,stock
2021-03-03,PFL,225.98,231.32,231.32,222.42,6757,stock
2021-03-04,PFL,226.87,242.89,242.89,222.42,19743,stock
2021-03-08,PFL,238.44,251.78,256.23,233.99,15571,stock
2021-03-09,PFL,248.23,242.89,249.11,235.77,7061,stock
2021-03-10,PFL,242.89,240.22,242.89,233.99,4155,stock
2021-03-14,PFL,243.78,233.99,243.78,231.32,5207,stock
2021-03-15,PFL,237.55,231.32,237.55,221.53,11656,stock
2021-03-16,PFL,226.87,225.09,231.32,219.75,13893,stock
2021-03-17,PFL,221.53,221.53,228.65,217.98,31840,stock
2021-03-18,PFL,232.21,227.76,232.21,222.42,14694,stock
2021-03-21,PFL,226.87,227.76,235.77,225.98,16302,stock
2021-03-22,PFL,231.32,227.76,235.77,224.2,9383,stock
2021-03-23,PFL,225.98,227.76,231.32,224.2,5409,stock
2021-03-24,PFL,225.09,234.88,240.22,225.09,13721,stock
2021-03-25,PFL,235.77,229.54,235.77,229.54,7356,stock
2021-03-29,PFL,229.54,233.1,233.99,226.87,4886,stock
2021-03-30,PFL,231.32,233.99,236.66,231.32,5229,stock
2021-03-31,PFL,231.32,236.66,237.55,231.32,12938,stock
2021-04-01,PFL,237.55,238.44,242.89,234.88,55961,stock
2021-04-04,PFL,242.0,258.01,259.79,242.0,126288,stock
2021-04-05,PFL,266.91,257.12,266.91,252.67,74425,stock
2021-04-06,PFL,253.56,271.36,274.03,253.56,137504,stock
2021-04-07,PFL,276.7,266.91,276.7,262.46,91593,stock
2021-04-08,PFL,266.91,283.81,286.48,263.35,97228,stock
2021-04-12,PFL,287.37,280.25,287.37,272.25,69531,stock
2021-04-13,PFL,284.7,277.59,284.7,271.36,61746,stock
2021-04-15,PFL,281.14,275.81,282.92,270.47,57857,stock
2021-04-18,PFL,271.36,271.36,281.14,267.8,61760,stock
2021-04-19,PFL,271.36,277.59,285.59,266.02,80165,stock
2021-04-20,PFL,275.81,275.81,277.59,273.14,23754,stock
2021-04-21,PFL,279.36,271.36,279.36,271.36,12767,stock
2021-04-22,PFL,266.91,272.25,273.14,266.91,18471,stock
2021-04-25,PFL,267.8,262.46,282.92,249.11,75732,stock
2021-04-26,PFL,258.01,264.24,264.24,251.78,28965,stock
2021-04-27,PFL,271.36,274.92,274.92,254.45,32598,stock
2021-04-28,PFL,275.81,258.01,275.81,257.12,43143,stock
2021-04-29,PFL,258.01,258.01,261.57,254.45,12380,stock
2021-05-02,PFL,254.45,261.57,266.02,254.45,22612,stock
2021-05-03,PFL,264.24,259.79,264.24,254.45,14430,stock
2021-05-04,PFL,272.25,258.01,272.25,253.56,8140,stock
2021-05-05,PFL,258.01,260.68,261.57,256.23,22004,stock
2021-05-06,PFL,260.68,257.12,261.57,253.56,11371,stock
2021-05-09,PFL,255.34,250.89,258.9,247.34,23283,stock
2021-05-10,PFL,250.0,250.89,251.78,247.34,16134,stock
2021-05-11,PFL,251.78,259.79,261.57,251.78,25034,stock
2021-05-12,PFL,260.68,262.46,265.13,258.01,36661,stock
2021-05-13,PFL,266.02,275.81,288.26,265.13,91911,stock
2021-05-16,PFL,275.81,274.03,284.7,273.14,49540,stock
2021-05-17,PFL,274.92,271.36,275.81,269.58,30535,stock
2021-05-18,PFL,272.25,292.71,298.05,272.25,191283,stock
2021-05-19,PFL,306.94,290.04,306.94,284.7,80252,stock
2021-05-20,PFL,284.7,302.5,314.06,283.81,96025,stock
2021-05-23,PFL,302.5,331.86,331.86,289.15,153947,stock
2021-05-24,PFL,347.87,320.29,347.87,312.28,108043,stock
2021-05-25,PFL,316.73,322.07,323.85,314.06,71165,stock
2021-05-27,PFL,318.51,330.97,333.64,306.94,114394,stock
2021-05-30,PFL,337.19,353.21,363.89,322.96,150543,stock
2021-05-31,PFL,355.88,346.98,363.0,338.97,178562,stock
2021-06-01,PFL,352.32,347.87,353.21,335.42,57048,stock
2021-06-02,PFL,351.43,382.57,382.57,341.64,166629,stock
2021-06-03,PFL,401.25,400.36,420.83,395.91,265007,stock
2021-06-06,PFL,400.36,435.95,440.4,379.01,205668,stock
2021-06-07,PFL,444.85,479.55,479.55,440.4,206102,stock
2021-06-08,PFL,502.68,526.7,526.7,502.68,26314,stock
2021-06-09,PFL,552.5,577.41,579.19,514.24,300490,stock
2021-06-10,PFL,578.3,634.35,634.35,556.06,173628,stock
2021-06-13,PFL,622.79,693.96,696.63,610.33,115640,stock
2021-06-14,PFL,693.96,672.61,726.88,657.49,120389,stock
2021-06-15,PFL,662.82,640.58,667.27,631.68,131195,stock
2021-06-16,PFL,608.55,578.3,648.59,576.52,147419,stock
2021-06-17,PFL,578.3,604.1,631.68,570.29,101927,stock
2021-06-20,PFL,615.67,576.52,618.34,564.96,76323,stock
2021-06-21,PFL,576.52,523.14,592.54,523.14,82697,stock
2021-06-22,PFL,527.59,568.52,574.74,526.7,76825,stock
2021-06-23,PFL,573.85,553.39,584.53,542.71,35103,stock
2021-06-24,PFL,560.51,548.94,560.51,533.82,26247,stock
2021-06-27,PFL,558.73,533.82,558.73,529.37,29963,stock
2021-06-28,PFL,507.13,519.58,561.4,507.13,30189,stock
2021-06-29,PFL,533.82,489.33,533.82,469.76,77509,stock
2021-06-30,PFL,499.12,538.27,538.27,459.97,74981,stock
2021-07-01,PFL,547.16,557.84,564.96,535.6,79526,stock
2021-07-04,PFL,568.52,532.93,573.85,524.92,92333,stock
2021-07-05,PFL,533.82,515.13,542.71,512.46,30088,stock
2021-07-06,PFL,508.91,517.8,547.16,508.91,15256,stock
2021-07-07,PFL,508.02,507.13,524.92,500.01,15716,stock
2021-07-08,PFL,507.13,527.59,529.37,507.13,18804,stock
2021-07-11,PFL,533.82,579.19,580.08,533.82,118650,stock
2021-07-12,PFL,590.76,572.96,613.0,550.72,96433,stock
2021-07-13,PFL,572.96,584.53,596.1,562.29,73586,stock
2021-07-14,PFL,584.53,582.75,598.77,573.85,46506,stock
2021-07-15,PFL,573.85,596.1,640.58,573.85,169917,stock
2021-07-18,PFL,608.02,605.88,620.12,601.43,57280,stock
2021-07-19,PFL,613.89,597.79,622.79,588.98,52903,stock
2021-07-20,PFL,586.31,580.97,596.01,574.65,79909,stock
2021-07-22,PFL,582.75,638.8,638.8,572.96,88197,stock
2021-07-25,PFL,631.68,683.29,683.29,601.43,322123,stock
2021-07-26,PFL,683.29,647.79,696.9,637.02,296768,stock
2021-07-27,PFL,645.03,667.27,677.86,635.24,70758,stock
2021-07-28,PFL,675.9,658.37,685.07,631.68,194982,stock
2021-07-29,PFL,662.82,646.81,667.27,645.21,95864,stock
2021-08-01,PFL,651.26,655.71,690.4,640.14,81712,stock
2021-08-02,PFL,649.48,685.07,689.07,645.92,144904,stock
2021-08-03,PFL,685.07,712.74,712.74,656.6,132661,stock
2021-08-04,PFL,698.5,680.62,699.3,670.92,262588,stock
2021-08-05,PFL,689.51,663.71,689.51,661.93,227156,stock
2021-08-08,PFL,667.27,667.27,689.43,658.29,154530,stock
2021-08-09,PFL,672.61,678.39,682.4,658.37,140049,stock
2021-08-10,PFL,691.29,740.23,745.56,685.07,329730,stock
2021-08-11,PFL,755.0,726.08,770.03,725.1,137462,stock
2021-08-12,PFL,731.33,727.77,745.56,716.2,137347,stock
2021-08-15,PFL,727.77,705.53,734.0,677.06,159816,stock
2021-08-16,PFL,705.53,694.85,718.87,692.18,94563,stock
2021-08-17,PFL,707.31,703.75,716.2,690.4,92012,stock
2021-08-18,PFL,717.81,759.8,771.37,716.2,240132,stock
2021-08-19,PFL,774.04,770.48,818.52,747.43,188649,stock
2021-08-24,PFL,770.48,739.34,771.37,734.89,72659,stock
2021-08-25,PFL,751.7,707.31,751.7,702.95,61900,stock
2021-08-26,PFL,693.96,744.68,765.05,693.96,80743,stock
2021-08-29,PFL,758.02,751.79,782.93,731.33,157293,stock
2021-08-31,PFL,751.79,720.65,751.79,719.76,83215,stock
2021-09-01,PFL,729.55,703.04,734.89,698.41,56544,stock
2021-09-02,PFL,711.76,684.18,716.2,667.27,48856,stock
2021-09-05,PFL,670.56,623.68,670.56,615.76,79045,stock
2021-09-06,PFL,611.22,685.07,686.04,588.09,69271,stock
2021-09-07,PFL,698.77,667.89,700.19,653.93,32514,stock
2021-09-08,PFL,665.49,636.13,666.38,633.02,37372,stock
2021-09-09,PFL,636.13,629.01,649.48,619.05,37914,stock
2021-09-12,PFL,640.58,661.04,668.16,640.58,49528,stock
2021-09-13,PFL,673.5,662.82,687.73,658.37,41413,stock
2021-09-14,PFL,650.37,655.71,689.51,649.57,12795,stock
2021-09-15,PFL,649.48,641.47,658.37,630.79,22010,stock
2021-09-16,PFL,632.57,606.77,644.14,599.92,58362,stock
2021-09-20,PFL,618.87,546.1,618.87,546.1,56691,stock
2021-09-21,PFL,535.6,536.22,578.3,492.0,46027,stock
2021-09-22,PFL,546.27,583.64,588.09,546.27,31104,stock
2021-09-23,PFL,595.3,594.32,616.56,590.76,28619,stock
2021-09-26,PFL,594.32,556.06,594.32,548.05,24057,stock
2021-09-27,PFL,546.27,516.02,546.27,516.02,37856,stock
2021-09-28,PFL,505.7,471.54,534.71,468.87,33814,stock
2021-09-29,PFL,480.44,498.23,511.57,443.07,35410,stock
2021-09-30,PFL,508.02,491.11,520.38,484.88,18292,stock
2021-10-03,PFL,491.11,462.64,491.11,462.64,17728,stock
2021-10-04,PFL,453.74,444.94,470.65,444.85,27115,stock
2021-10-05,PFL,453.83,459.08,467.36,453.74,14286,stock
2021-10-06,PFL,467.09,500.01,504.46,467.09,18377,stock
2021-10-10,PFL,509.97,524.92,542.71,509.97,34633,stock
2021-10-11,PFL,524.92,524.03,524.92,491.11,15304,stock
2021-10-17,PFL,534.26,524.92,534.26,513.0,6194,stock
2021-10-18,PFL,516.02,502.68,532.93,492.62,6963,stock
2021-10-19,PFL,492.62,462.64,501.79,456.41,20763,stock
2021-10-20,PFL,471.89,490.22,493.78,471.89,12976,stock
2021-10-21,PFL,499.12,475.99,502.68,473.32,13207,stock
2021-10-24,PFL,475.99,492.89,496.45,475.99,9750,stock
2021-10-25,PFL,502.68,530.26,536.49,501.79,20872,stock
2021-10-26,PFL,533.82,569.41,570.12,533.82,23992,stock
2021-10-27,PFL,569.41,566.74,597.88,551.61,39160,stock
2021-10-28,PFL,556.06,564.96,572.96,545.38,23327,stock
2021-10-31,PFL,564.96,582.75,587.2,551.61,37532,stock
2021-11-01,PFL,594.32,571.18,600.54,571.18,20377,stock
2021-11-02,PFL,571.18,578.3,580.97,556.06,14302,stock
2021-11-03,PFL,578.3,595.21,612.56,578.3,41211,stock
2021-11-08,PFL,607.04,596.1,607.04,592.54,16197,stock
2021-11-09,PFL,602.32,574.74,602.32,566.74,33293,stock
2021-11-11,PFL,563.27,546.72,567.63,540.93,35311,stock
2021-11-14,PFL,538.27,547.16,558.11,536.49,16176,stock
2021-11-15,PFL,558.11,565.85,569.41,556.06,15703,stock
2021-11-16,PFL,576.52,575.63,581.86,556.95,18933,stock
2021-11-17,PFL,578.3,567.63,587.2,567.63,17805,stock
2021-11-18,PFL,561.4,559.62,578.3,556.95,15284,stock
2021-11-21,PFL,564.07,553.39,564.07,545.38,13972,stock
2021-11-22,PFL,551.61,548.05,560.51,547.16,10685,stock
2021-11-23,PFL,548.05,524.03,556.06,512.46,29055,stock
2021-11-24,PFL,514.24,530.7,558.73,505.35,22090,stock
2021-11-25,PFL,540.05,526.7,540.05,526.7,8471,stock
2021-11-28,PFL,520.47,501.79,524.92,498.23,17143,stock
2021-11-29,PFL,510.69,496.45,511.57,489.33,12950,stock
2021-11-30,PFL,498.23,502.68,502.68,493.87,10574,stock
2021-12-01,PFL,511.57,501.79,511.57,498.23,9995,stock
2021-12-02,PFL,501.79,483.1,507.13,472.43,10238,stock
2021-12-05,PFL,475.1,453.74,475.99,444.85,27076,stock
2021-12-06,PFL,444.67,467.09,469.76,429.72,25851,stock
2021-12-07,PFL,476.43,444.85,484.8,444.85,9615,stock
2021-12-08,PFL,449.3,435.95,453.74,424.38,15114,stock
2021-12-09,PFL,443.07,431.5,444.67,427.05,13703,stock
2021-12-12,PFL,435.95,399.47,439.51,399.47,24371,stock
2021-12-13,PFL,391.56,367.44,391.56,359.53,23472,stock
2021-12-14,PFL,367.44,402.14,402.14,367.44,11519,stock
2021-12-15,PFL,410.15,420.83,442.18,386.31,31201,stock
2021-12-16,PFL,427.05,400.36,427.05,396.8,12046,stock
2021-12-20,PFL,401.25,386.13,401.25,379.99,9040,stock
2021-12-21,PFL,391.47,398.58,398.58,391.47,7556,stock
2021-12-22,PFL,405.7,411.04,417.45,405.7,15089,stock
2021-12-23,PFL,419.05,404.81,419.05,404.81,17836,stock
2021-12-26,PFL,405.7,395.91,412.82,395.91,15427,stock
2021-12-27,PFL,403.03,382.57,411.04,382.57,16821,stock
2021-12-28,PFL,381.68,395.91,410.15,373.67,11635,stock
2021-12-29,PFL,390.58,391.47,403.74,380.34,7080,stock
2022-01-02,PFL,388.0,395.91,395.91,387.11,7887,stock
2022-01-03,PFL,396.8,395.02,403.03,392.36,11990,stock
2022-01-04,PFL,402.14,423.5,425.27,396.09,36603,stock
2022-01-05,PFL,431.92,434.62,449.23,427.02,25358,stock
2022-01-06,PFL,427.88,450.0,458.65,425.96,15341,stock
2022-01-09,PFL,458.65,482.69,483.65,453.85,32094,stock
2022-01-10,PFL,492.31,500.96,508.65,490.38,31082,stock
2022-01-11,PFL,509.62,551.06,551.06,500.0,37149,stock
2022-01-12,PFL,562.02,538.46,578.65,533.65,75024,stock
2022-01-13,PFL,547.12,569.81,569.81,537.5,37918,stock
2022-01-16,PFL,569.81,575.0,600.0,562.6,41979,stock
2022-01-17,PFL,575.0,576.35,585.58,561.54,36181,stock
2022-01-18,PFL,568.27,553.85,580.77,551.15,22989,stock
2022-01-19,PFL,545.29,538.46,564.9,538.46,25349,stock
2022-01-20,PFL,531.73,562.5,562.5,529.81,29281,stock
2022-01-23,PFL,551.25,553.85,563.46,544.33,26926,stock
2022-01-24,PFL,543.27,523.08,543.27,510.58,46360,stock
2022-01-25,PFL,524.04,566.25,566.25,509.62,51633,stock
2022-01-26,PFL,555.0,534.62,587.5,527.88,89775,stock
2022-01-27,PFL,545.19,562.4,564.33,543.27,73770,stock
2022-01-30,PFL,572.12,596.15,596.15,567.31,104480,stock
2022-01-31,PFL,605.77,591.25,605.77,576.92,62940,stock
2022-02-01,PFL,579.81,591.25,600.96,579.81,42809,stock
2022-02-03,PFL,596.15,573.08,596.15,573.08,76668,stock
2022-02-06,PFL,565.38,554.9,572.12,554.9,27683,stock
2022-02-07,PFL,549.04,557.69,565.38,548.08,12291,stock
2022-02-08,PFL,568.85,553.85,579.81,552.88,27051,stock
2022-02-09,PFL,547.21,552.4,552.4,543.46,11934,stock
2022-02-10,PFL,552.88,550.0,557.69,538.46,10548,stock
2022-02-13,PFL,539.42,515.38,539.42,509.9,29318,stock
2022-02-14,PFL,512.5,519.13,531.73,502.4,15007,stock
2022-02-15,PFL,518.27,533.65,533.65,518.27,9074,stock
2022-02-16,PFL,533.65,519.42,539.42,519.42,11138,stock
2022-02-17,PFL,529.81,524.04,529.81,510.58,8795,stock
2022-02-20,PFL,513.56,505.77,514.42,498.08,14335,stock
2022-02-21,PFL,509.62,509.62,515.38,500.0,7303,stock
2022-02-22,PFL,519.23,522.12,528.75,513.46,9401,stock
2022-02-23,PFL,532.5,516.35,532.5,515.38,3733,stock
2022-02-24,PFL,511.73,501.92,519.23,499.04,17229,stock
2022-02-27,PFL,501.92,494.23,503.85,489.42,11251,stock
2022-02-28,PFL,503.85,490.38,504.04,488.46,9903,stock
2022-03-02,PFL,490.38,471.15,490.38,466.35,12838,stock
2022-03-06,PFL,480.58,460.58,480.77,451.92,16187,stock
2022-03-07,PFL,469.71,459.62,474.9,457.79,4346,stock
2022-03-09,PFL,456.73,438.56,456.73,436.54,8647,stock
2022-03-10,PFL,437.5,470.19,473.08,432.69,11092,stock
2022-03-13,PFL,479.52,500.0,500.96,479.52,15701,stock
2022-03-14,PFL,501.92,500.0,505.77,490.38,3311,stock
2022-03-15,PFL,500.0,497.12,501.92,490.38,7971,stock
2022-03-16,PFL,505.77,488.46,505.77,482.69,4875,stock
2022-03-20,PFL,490.38,481.73,490.38,478.85,4632,stock
2022-03-21,PFL,477.88,498.08,498.08,476.92,7995,stock
2022-03-22,PFL,504.81,496.63,513.46,495.19,7157,stock
2022-03-23,PFL,490.38,486.54,495.19,485.58,5364,stock
2022-03-24,PFL,486.54,476.83,486.54,476.83,10530,stock
2022-03-27,PFL,476.92,465.38,476.92,456.73,7909,stock
2022-03-28,PFL,456.73,451.92,471.15,451.92,5555,stock
2022-03-29,PFL,460.38,451.92,469.42,440.38,6651,stock
2022-03-30,PFL,456.73,471.15,480.77,443.37,9463,stock
2022-03-31,PFL,473.08,455.77,473.08,455.38,7623,stock
2022-04-03,PFL,455.77,442.31,457.69,442.31,4634,stock
2022-04-04,PFL,440.38,442.31,449.04,436.54,6715,stock
2022-04-05,PFL,437.5,427.98,438.46,423.08,11755,stock
2022-04-06,PFL,424.04,417.31,435.58,417.31,7420,stock
2022-04-07,PFL,425.58,427.88,433.65,417.31,8330,stock
2022-04-11,PFL,435.58,415.48,445.1,415.48,11040,stock
2022-04-12,PFL,410.96,403.37,413.46,401.44,5578,stock
2022-04-13,PFL,396.54,403.85,411.35,388.46,7317,stock
2022-04-17,PFL,411.54,396.06,418.27,395.87,4118,stock
2022-04-18,PFL,389.42,379.81,394.23,379.81,9762,stock
2022-04-19,PFL,384.62,382.69,389.42,364.42,6099,stock
2022-04-20,PFL,384.62,365.38,384.62,358.37,8251,stock
2022-04-21,PFL,365.38,365.38,368.27,346.15,10101,stock
2022-04-24,PFL,372.69,401.83,401.92,360.58,12066,stock
2022-04-25,PFL,408.46,389.42,411.54,384.62,12172,stock
2022-04-26,PFL,385.58,387.5,400.96,380.77,7083,stock
2022-04-27,PFL,380.96,387.5,391.35,380.96,3737,stock
2022-04-28,PFL,394.23,384.62,400.87,381.73,6560,stock
2022-05-02,PFL,377.12,373.08,377.88,367.31,6372,stock
2022-05-04,PFL,366.35,362.02,379.81,362.02,3195,stock
2022-05-05,PFL,362.02,355.77,368.27,341.35,7919,stock
2022-05-08,PFL,349.04,370.19,377.4,342.31,7278,stock
2022-05-09,PFL,375.0,370.19,387.4,365.38,6141,stock
2022-05-10,PFL,367.31,386.54,388.46,367.31,7407,stock
2022-05-11,PFL,384.62,403.85,405.77,384.62,11898,stock
2022-05-12,PFL,403.85,401.92,422.12,395.77,9040,stock
2022-05-17,PFL,393.94,376.92,399.04,370.19,6235,stock
2022-05-18,PFL,369.42,388.37,389.42,362.5,4093,stock
2022-05-19,PFL,380.87,375.0,384.62,374.04,2835,stock
2022-05-20,PFL,381.73,365.38,381.73,365.38,5433,stock
2022-05-23,PFL,358.08,359.62,372.12,355.77,4477,stock
2022-05-24,PFL,353.94,360.87,373.08,352.6,3396,stock
2022-05-25,PFL,368.08,366.35,375.38,365.38,3048,stock
2022-05-26,PFL,365.87,367.31,367.79,365.38,1400,stock
2022-05-27,PFL,367.31,365.38,370.19,359.62,3661,stock
2022-05-30,PFL,358.65,359.62,360.58,350.96,5804,stock
2022-05-31,PFL,353.85,353.37,356.73,352.5,2234,stock
2022-06-01,PFL,355.77,350.96,359.62,350.96,4421,stock
2022-06-02,PFL,357.69,352.79,360.58,346.15,4718,stock
2022-06-03,PFL,352.79,344.23,358.65,342.31,5131,stock
2022-06-06,PFL,344.23,340.38,352.88,337.5,5491,stock
2022-06-07,PFL,334.62,328.85,336.54,324.04,8938,stock
2022-06-08,PFL,323.08,348.08,350.96,323.08,5342,stock
2022-06-09,PFL,348.08,339.42,355.77,339.23,5444,stock
2022-06-10,PFL,332.79,340.38,341.35,330.77,1713,stock
2022-06-13,PFL,340.38,334.71,346.15,333.75,1706,stock
2022-06-14,PFL,336.35,331.73,336.35,326.92,1942,stock
2022-06-15,PFL,325.1,323.08,330.77,320.19,6299,stock
2022-06-16,PFL,327.88,326.92,337.31,324.04,1358,stock
2022-06-17,PFL,326.92,322.12,331.73,321.15,1110,stock
2022-06-19,PFL,316.35,312.5,320.19,310.58,5522,stock
2022-06-20,PFL,306.35,298.08,306.73,292.31,9565,stock
2022-06-21,PFL,298.08,307.69,309.9,293.27,4971,stock
2022-06-22,PFL,301.92,296.25,307.21,296.15,4401,stock
2022-06-23,PFL,290.38,285.58,290.38,280.77,4310,stock
2022-06-24,PFL,280.0,298.27,302.02,278.85,3144,stock
2022-06-26,PFL,299.04,327.88,328.08,299.04,24835,stock
2022-06-27,PFL,334.42,320.58,354.81,312.79,14951,stock
2022-06-28,PFL,317.31,314.23,323.08,307.88,5469,stock
2022-06-29,PFL,320.48,327.88,331.73,314.42,10010,stock
2022-06-30,PFL,334.42,348.08,349.04,327.88,16081,stock
2022-07-01,PFL,354.81,350.0,357.69,344.04,6990,stock
2022-07-03,PFL,350.96,365.38,367.31,344.23,11370,stock
2022-07-04,PFL,372.69,365.38,395.19,351.92,30967,stock
2022-07-05,PFL,360.58,347.12,374.62,346.15,19015,stock
2022-07-06,PFL,347.12,355.77,365.38,336.54,11432,stock
2022-07-07,PFL,362.88,353.85,376.54,346.25,10676,stock
2022-07-08,PFL,353.85,345.19,353.85,341.35,7286,stock
2022-07-11,PFL,338.46,314.42,338.46,313.46,15552,stock
2022-07-12,PFL,320.67,320.19,331.73,307.69,10068,stock
2022-07-13,PFL,324.04,342.31,346.15,324.04,9026,stock
2022-07-14,PFL,349.13,349.04,354.62,335.58,8032,stock
2022-07-15,PFL,349.9,340.38,349.9,339.42,4504,stock
2022-07-17,PFL,347.12,341.83,350.0,341.35,5680,stock
2022-07-18,PFL,348.08,345.19,349.04,339.52,9291,stock
2022-07-19,PFL,348.08,360.58,362.5,347.12,25354,stock
2022-07-20,PFL,360.58,371.25,377.88,355.77,13106,stock
2022-07-21,PFL,365.38,365.38,375.0,362.5,6105,stock
2022-07-22,PFL,365.38,355.67,365.38,350.96,9340,stock
2022-07-24,PFL,360.58,377.88,378.37,351.06,21071,stock
2022-07-25,PFL,385.38,414.42,415.38,382.69,32898,stock
2022-07-26,PFL,421.15,393.27,422.69,393.27,41351,stock
2022-07-27,PFL,400.96,415.38,415.38,386.63,35283,stock
2022-07-28,PFL,423.08,434.62,451.63,408.75,48516,stock
2022-07-29,PFL,443.27,439.42,448.08,426.44,24574,stock
2022-07-31,PFL,448.17,432.69,451.92,431.63,38376,stock
2022-08-01,PFL,424.04,428.85,440.38,408.75,32363,stock
2022-08-02,PFL,427.88,439.42,450.0,423.27,21450,stock
2022-08-03,PFL,447.12,437.69,451.92,437.5,14440,stock
2022-08-04,PFL,428.94,424.04,441.35,423.08,23338,stock
2022-08-05,PFL,432.4,410.58,432.4,403.85,15015,stock
2022-08-07,PFL,408.65,408.65,418.27,400.48,19561,stock
2022-08-08,PFL,416.83,398.27,416.83,398.17,7444,stock
2022-08-09,PFL,390.48,376.15,405.77,375.0,25558,stock
2022-08-10,PFL,383.65,376.83,388.46,370.19,17111,stock
2022-08-11,PFL,375.0,375.96,391.92,374.04,8959,stock
2022-08-14,PFL,369.23,361.54,378.85,360.58,9733,stock
2022-08-15,PFL,368.75,389.42,389.42,365.38,17559,stock
2022-08-16,PFL,392.31,375.0,399.71,373.08,21427,stock
2022-08-17,PFL,368.27,379.81,388.08,368.27,7138,stock
2022-08-18,PFL,382.69,390.38,393.27,375.96,14986,stock
2022-08-21,PFL,398.08,382.69,407.6,382.6,15683,stock
2022-08-22,PFL,375.96,379.81,389.42,375.96,5494,stock
2022-08-23,PFL,373.37,381.25,385.58,373.37,4568,stock
2022-08-24,PFL,376.06,380.77,388.85,376.06,8474,stock
2022-08-25,PFL,376.15,375.0,385.58,375.0,5947,stock
2022-08-26,PFL,374.23,365.38,374.23,363.46,9676,stock
2022-08-28,PFL,358.17,353.85,368.75,350.96,15886,stock
2022-08-29,PFL,350.0,352.98,360.58,350.0,9526,stock
2022-08-30,PFL,360.0,350.0,362.5,350.0,4229,stock
2022-08-31,PFL,346.35,342.31,355.77,334.62,7565,stock
2022-09-01,PFL,336.54,348.08,352.88,334.71,9439,stock
2022-09-02,PFL,341.15,349.04,361.54,341.15,2265,stock
2022-09-04,PFL,353.85,359.62,361.54,353.85,8021,stock
2022-09-05,PFL,366.25,355.77,366.25,352.5,3891,stock
2022-09-06,PFL,350.0,342.5,350.1,342.4,5974,stock
2022-09-07,PFL,337.6,344.13,344.23,337.5,3807,stock
2022-09-08,PFL,338.56,347.12,353.75,338.46,3145,stock
2022-09-11,PFL,350.96,345.19,350.96,341.54,1458,stock
2022-09-12,PFL,338.46,338.46,345.19,338.46,2940,stock
2022-09-13,PFL,345.19,350.0,351.92,343.27,5461,stock
2022-09-14,PFL,355.77,369.23,370.1,351.06,20899,stock
2022-09-15,PFL,370.19,347.12,376.54,347.12,18090,stock
2022-09-16,PFL,341.35,342.31,342.31,333.65,4629,stock
2022-09-18,PFL,336.54,329.9,341.35,329.9,7690,stock
2022-09-20,PFL,323.37,317.31,326.92,309.23,8691,stock
2022-09-21,PFL,312.5,325.87,337.12,312.5,7490,stock
2022-09-22,PFL,319.42,320.96,322.12,317.4,3306,stock
2022-09-25,PFL,317.31,311.54,320.19,311.54,7009,stock
2022-09-27,PFL,315.38,315.38,324.04,311.54,3909,stock
2022-09-28,PFL,315.38,312.5,316.35,309.9,1652,stock
2022-09-29,PFL,306.44,321.15,321.15,306.25,2291,stock
2022-10-09,PFL,326.92,331.63,332.69,325.96,3146,stock
2022-10-10,PFL,331.73,317.31,331.73,317.31,4448,stock
2022-10-11,PFL,310.96,318.27,323.08,309.62,1866,stock
2022-10-12,PFL,312.69,325.96,328.85,312.69,4143,stock
2022-10-13,PFL,325.96,327.88,334.42,322.31,2497,stock
2022-10-16,PFL,328.85,323.08,331.73,316.63,2791,stock
2022-10-17,PFL,317.31,317.31,321.15,314.42,1650,stock
2022-10-19,PFL,312.5,304.81,312.5,304.81,4110,stock
2022-10-20,PFL,300.0,304.52,310.58,295.19,4097,stock
2022-10-23,PFL,307.69,302.88,308.65,302.88,2680,stock
2022-10-31,PFL,296.92,304.81,311.54,296.92,4419,stock
2022-11-01,PFL,304.81,326.92,326.92,304.81,8429,stock
2022-11-02,PFL,326.92,325.0,335.87,322.12,6443,stock
2022-11-03,PFL,318.56,322.12,336.54,312.88,5352,stock
2022-11-06,PFL,327.88,331.73,333.17,322.12,7443,stock
2022-11-07,PFL,336.54,336.54,346.15,331.73,8941,stock
2022-11-08,PFL,329.9,336.54,342.31,329.9,3210,stock
2022-11-09,PFL,330.29,324.04,336.54,317.31,7128,stock
2022-11-10,PFL,317.6,312.5,323.94,312.5,6158,stock
2022-11-13,PFL,318.27,307.69,318.27,307.69,3074,stock
2022-11-14,PFL,302.02,313.46,325.0,302.02,2623,stock
2022-11-15,PFL,312.5,309.62,328.85,308.75,5426,stock
2022-11-16,PFL,304.13,320.0,322.12,304.13,3503,stock
2022-11-17,PFL,314.42,330.77,336.83,314.42,8739,stock
2022-11-22,PFL,337.21,328.85,343.94,323.37,5571,stock
2022-11-23,PFL,324.04,330.77,330.77,321.25,4489,stock
2022-11-24,PFL,335.29,343.27,348.17,322.12,14727,stock
2022-11-27,PFL,337.31,353.85,353.85,333.65,9510,stock
2022-11-28,PFL,355.77,345.19,359.52,343.37,11603,stock
2022-11-29,PFL,338.37,349.71,350.67,335.1,4543,stock
2022-11-30,PFL,342.79,342.31,345.19,338.56,3511,stock
2022-12-01,PFL,340.38,339.42,346.15,335.67,4579,stock
2022-12-04,PFL,341.35,329.81,344.23,327.98,15406,stock
2022-12-05,PFL,331.73,324.9,336.54,322.12,5009,stock
2022-12-06,PFL,319.04,326.54,327.5,319.04,4466,stock
2022-12-07,PFL,320.1,321.92,322.12,318.37,1845,stock
2022-12-11,PFL,315.67,317.31,319.23,313.56,5156,stock
2022-12-12,PFL,319.23,321.63,322.12,316.35,5909,stock
2022-12-13,PFL,321.63,318.27,323.08,317.31,2435,stock
2022-12-14,PFL,313.46,318.27,324.04,313.46,1450,stock
2022-12-15,PFL,323.08,315.58,324.62,315.48,2458,stock
2022-12-18,PFL,312.5,310.58,312.98,306.35,4428,stock
2022-12-19,PFL,307.69,308.75,313.85,307.69,2283,stock
2022-12-20,PFL,302.88,306.25,309.62,302.6,3759,stock
2022-12-21,PFL,306.73,307.69,311.54,302.21,1957,stock
2022-12-22,PFL,302.88,307.69,312.5,302.88,2817,stock
2022-12-26,PFL,313.75,326.54,326.54,313.75,8851,stock
2022-12-27,PFL,332.88,340.38,349.04,331.73,20596,stock
2022-12-28,PFL,335.58,336.54,351.92,333.65,9730,stock
2022-12-29,PFL,338.94,363.46,368.27,331.73,40167,stock
2023-01-01,PFL,370.67,370.19,391.06,357.21,51841,stock
2023-01-02,PFL,369.23,373.08,377.88,364.42,16958,stock
2023-01-03,PFL,374.0,371.0,387.5,371.0,11473,stock
2023-01-04,PFL,375.0,393.0,393.0,365.0,13902,stock
2023-01-05,PFL,400.0,397.0,410.0,390.0,34104,stock
2023-01-08,PFL,397.0,402.0,413.0,391.1,15764,stock
2023-01-09,PFL,409.0,425.0,425.0,394.0,28060,stock
2023-01-10,PFL,433.5,398.0,435.0,390.0,52867,stock
2023-01-12,PFL,405.9,386.0,418.0,382.0,34725,stock
2023-01-17,PFL,393.7,395.1,404.0,378.5,20046,stock
2023-01-18,PFL,403.0,387.0,410.0,385.1,15389,stock
2023-01-19,PFL,380.0,408.0,408.0,380.0,9550,stock
2023-01-23,PFL,400.0,415.0,425.0,392.0,82017,stock
2023-01-24,PFL,415.0,438.0,445.0,410.1,42439,stock
2023-01-25,PFL,430.0,430.0,441.0,428.2,21467,stock
2023-01-26,PFL,438.6,417.2,446.0,411.6,14112,stock
2023-01-29,PFL,419.0,412.6,425.0,410.0,30234,stock
2023-01-30,PFL,406.5,395.0,410.0,394.0,24474,stock
2023-01-31,PFL,391.0,393.6,420.0,391.0,12843,stock
2023-02-01,PFL,400.0,399.9,405.0,397.0,11454,stock
2023-02-02,PFL,393.0,392.0,404.9,392.0,8063,stock
2023-02-05,PFL,395.0,425.3,431.2,395.0,91947,stock
2023-02-06,PFL,425.2,436.1,445.0,417.0,49317,stock
2023-02-07,PFL,430.0,439.9,453.6,430.0,78194,stock
2023-02-08,PFL,439.9,418.0,441.0,416.6,75652,stock
2023-02-09,PFL,419.8,424.0,433.8,417.0,17367,stock
2023-02-12,PFL,416.1,408.0,416.5,405.8,20566,stock
2023-02-14,PFL,408.0,400.0,411.0,395.0,33459,stock
2023-02-15,PFL,400.0,396.4,414.0,392.0,18402,stock
2023-02-16,PFL,398.0,392.0,402.9,390.0,7325,stock
2023-02-20,PFL,386.0,377.0,394.0,373.0,21190,stock
2023-02-22,PFL,384.5,389.0,400.0,383.5,13873,stock
2023-02-23,PFL,383.0,380.5,389.6,376.0,12675,stock
2023-02-26,PFL,374.0,384.0,385.0,363.0,12583,stock
2023-02-27,PFL,391.0,383.1,391.0,367.0,19484,stock
2023-02-28,PFL,380.0,377.0,388.0,376.0,7509,stock
2023-03-01,PFL,379.5,378.0,385.0,378.0,6096,stock
2023-03-02,PFL,373.0,370.0,377.9,370.0,6895,stock
2023-03-05,PFL,375.0,365.3,375.0,365.0,6837,stock
2023-03-07,PFL,361.1,373.0,378.0,361.1,5710,stock
2023-03-09,PFL,380.4,385.0,388.0,378.0,7104,stock
2023-03-12,PFL,392.6,382.0,393.8,378.0,12461,stock
2023-03-13,PFL,375.1,378.2,383.0,375.1,3150,stock
2023-03-14,PFL,375.0,376.0,384.5,375.0,3225,stock
2023-03-15,PFL,372.0,378.0,378.7,372.0,3045,stock
2023-03-16,PFL,382.0,380.0,382.0,373.3,4415,stock
2023-03-19,PFL,373.0,373.1,379.9,373.0,2440,stock
2023-03-20,PFL,380.0,380.1,387.0,377.3,5110,stock
2023-03-22,PFL,383.0,376.0,383.0,372.6,3018,stock
2023-03-23,PFL,370.3,371.0,373.5,370.3,4320,stock
2023-03-26,PFL,370.0,368.9,373.0,363.1,9090,stock
2023-03-27,PFL,370.0,373.3,373.3,361.6,4373,stock
2023-03-28,PFL,379.9,370.0,380.0,369.0,4959,stock
2023-03-29,PFL,373.0,369.0,373.0,363.1,5354,stock
2023-03-30,PFL,372.0,362.0,375.0,361.0,5613,stock
2023-04-02,PFL,362.0,359.0,369.2,358.0,2029,stock
2023-04-03,PFL,356.0,359.0,362.0,354.0,2493,stock
2023-04-04,PFL,352.2,351.0,359.0,351.0,3934,stock
2023-04-05,PFL,355.0,356.9,356.9,351.1,4953,stock
2023-04-06,PFL,355.1,353.9,355.1,350.0,5472,stock
2023-04-09,PFL,350.0,343.0,350.0,336.0,9661,stock
2023-04-10,PFL,343.0,337.0,345.5,337.0,4085,stock
2023-04-11,PFL,335.0,348.8,348.8,335.0,5029,stock
2023-04-12,PFL,355.0,378.5,378.5,355.0,9626,stock
2023-04-13,PFL,380.0,370.0,380.0,366.0,5880,stock
2023-04-16,PFL,363.2,368.5,376.9,363.2,4147,stock
2023-04-17,PFL,363.5,361.0,364.9,360.0,6980,stock
2023-04-18,PFL,357.1,361.0,364.0,355.0,4666,stock
2023-04-19,PFL,365.0,370.0,370.0,357.0,5152,stock
2023-04-20,PFL,363.0,361.0,368.9,356.0,4449,stock
2023-04-23,PFL,353.8,349.0,360.0,348.0,4606,stock
2023-04-24,PFL,345.0,349.0,350.0,344.0,3536,stock
2023-04-25,PFL,349.0,354.0,355.9,349.0,3469,stock
2023-04-26,PFL,347.2,355.0,359.7,347.2,3507,stock
2023-04-27,PFL,348.1,351.0,353.0,348.0,1441,stock
2023-04-30,PFL,351.0,345.0,355.0,340.0,6684,stock
2023-05-02,PFL,351.9,342.0,351.9,340.0,3317,stock
2023-05-03,PFL,335.2,339.0,341.5,335.2,2324,stock
2023-05-04,PFL,341.0,345.0,346.0,339.0,2288,stock
2023-05-07,PFL,343.0,342.9,345.0,335.0,3653,stock
2023-05-08,PFL,336.1,341.0,343.0,330.2,3058,stock
2023-05-09,PFL,336.0,342.0,348.0,336.0,1662,stock
2023-05-10,PFL,339.0,346.0,346.0,336.0,2197,stock
2023-05-11,PFL,341.3,343.0,343.0,335.5,2377,stock
2023-05-14,PFL,349.8,336.3,349.8,333.4,2925,stock
2023-05-15,PFL,335.1,343.0,343.0,329.8,4007,stock
2023-05-16,PFL,337.5,338.5,347.5,334.0,1074,stock
2023-05-17,PFL,340.0,349.5,349.5,338.0,4051,stock
2023-05-18,PFL,356.4,357.0,357.5,347.0,3652,stock
2023-05-21,PFL,364.0,379.0,384.0,352.0,37602,stock
2023-05-22,PFL,375.0,377.0,383.9,366.0,6164,stock
2023-05-23,PFL,370.2,397.8,397.8,370.2,27776,stock
2023-05-24,PFL,390.0,386.1,390.0,378.0,37046,stock
2023-05-28,PFL,386.0,373.0,388.9,367.0,11878,stock
2023-05-30,PFL,380.0,355.0,380.4,351.9,11299,stock
2023-05-31,PFL,350.0,348.0,360.9,341.0,8096,stock
2023-06-01,PFL,354.9,348.9,354.9,341.1,4527,stock
2023-06-04,PFL,355.8,362.0,370.1,352.0,7021,stock
2023-06-05,PFL,356.3,360.0,375.0,356.1,11522,stock
2023-06-06,PFL,355.8,369.0,369.0,355.0,5821,stock
2023-06-07,PFL,370.0,365.0,370.0,360.0,11781,stock
2023-06-08,PFL,365.0,370.0,370.0,357.8,12918,stock
2023-06-11,PFL,373.9,391.6,392.3,367.0,43791,stock
2023-06-12,PFL,398.0,383.0,398.0,379.0,14987,stock
2023-06-13,PFL,380.0,390.0,394.9,380.0,17378,stock
2023-06-14,PFL,394.0,380.2,400.0,380.0,38707,stock
2023-06-15,PFL,380.0,380.4,392.0,373.2,11557,stock
2023-06-18,PFL,388.0,388.0,393.0,378.3,17893,stock
2023-06-19,PFL,388.0,403.0,410.0,388.0,48381,stock
2023-06-20,PFL,410.0,389.1,410.0,387.0,29451,stock
2023-06-21,PFL,383.0,380.0,395.0,380.0,12637,stock
2023-06-22,PFL,380.0,378.0,394.7,376.2,17553,stock
2023-06-25,PFL,385.0,396.5,401.8,382.0,18685,stock
2023-06-26,PFL,404.0,404.0,412.0,400.0,36455,stock
2023-06-27,PFL,411.0,414.2,420.0,404.0,45746,stock
2023-06-28,PFL,420.0,401.0,420.0,396.0,20990,stock
2023-07-02,PFL,396.0,386.0,406.0,385.5,26889,stock
2023-07-03,PFL,390.0,384.0,397.0,380.4,15105,stock
2023-07-04,PFL,390.0,389.0,390.0,379.2,7804,stock
2023-07-05,PFL,383.3,386.0,401.0,383.2,21894,stock
2023-07-06,PFL,393.7,392.0,400.0,385.2,19297,stock
2023-07-09,PFL,399.8,396.0,404.0,392.0,12135,stock
2023-07-10,PFL,390.1,408.0,409.0,390.1,36299,stock
2023-07-11,PFL,406.0,420.0,426.0,403.0,40349,stock
2023-07-12,PFL,425.0,412.0,426.0,405.1,28732,stock
2023-07-13,PFL,405.0,399.0,415.0,398.0,23978,stock
2023-07-16,PFL,395.1,398.0,411.0,394.0,6272,stock
2023-07-17,PFL,391.0,409.0,412.8,391.0,16461,stock
2023-07-18,PFL,414.0,411.0,419.0,408.0,25251,stock
2023-07-19,PFL,406.0,410.0,414.0,404.0,8569,stock
2023-07-20,PFL,409.8,405.0,413.0,402.0,13738,stock
2023-07-23,PFL,405.0,415.0,415.1,401.3,16098,stock
2023-07-24,PFL,410.0,399.3,414.9,399.3,15753,stock
2023-07-25,PFL,397.0,395.0,404.0,392.1,13606,stock
2023-07-26,PFL,391.4,392.5,402.9,391.4,9300,stock
2023-07-27,PFL,394.0,386.0,400.0,385.0,15864,stock
2023-07-30,PFL,386.0,379.0,393.0,374.4,12667,stock
2023-07-31,PFL,386.5,379.0,387.0,374.0,5266,stock
2023-08-01,PFL,386.0,376.5,386.0,370.0,4288,stock
2023-08-02,PFL,384.0,379.0,384.0,374.0,5707,stock
2023-08-03,PFL,385.9,372.0,385.9,372.0,4369,stock
2023-08-06,PFL,370.0,360.0,374.0,353.0,13800,stock
2023-08-07,PFL,366.0,360.0,366.0,354.2,11237,stock
2023-08-08,PFL,367.1,357.4,367.2,357.0,8691,stock
2023-08-09,PFL,356.4,363.0,363.0,351.0,8001,stock
2023-08-10,PFL,368.0,366.0,370.0,360.0,5748,stock
2023-08-13,PFL,367.0,372.9,374.0,365.2,9466,stock
2023-08-14,PFL,374.9,373.0,379.9,370.0,5452,stock
2023-08-15,PFL,365.6,365.0,370.0,363.0,4381,stock
2023-08-16,PFL,358.0,358.9,364.0,355.2,2903,stock
2023-08-17,PFL,355.0,362.0,366.8,355.0,4325,stock
2023-08-20,PFL,357.0,355.0,362.0,354.0,3536,stock
2023-08-21,PFL,348.0,346.5,361.0,346.5,6566,stock
2023-08-22,PFL,346.5,356.0,362.5,340.3,2020,stock
2023-08-23,PFL,363.0,368.0,369.0,356.1,2018,stock
2023-08-24,PFL,363.0,354.2,363.0,354.1,3875,stock
2023-08-27,PFL,350.0,347.2,354.9,347.2,6598,stock
2023-08-28,PFL,347.0,353.0,360.0,345.0,1959,stock
2023-08-29,PFL,346.0,350.1,354.0,346.0,2086,stock
2023-08-30,PFL,357.1,350.5,364.0,348.0,2398,stock
2023-09-03,PFL,346.0,346.0,346.0,344.0,4171,stock
2023-09-04,PFL,349.0,345.0,349.0,341.4,4428,stock
2023-09-05,PFL,340.0,345.0,347.0,338.1,2601,stock
2023-09-07,PFL,345.0,340.0,345.0,338.1,6048,stock
2023-09-10,PFL,340.0,348.9,350.0,340.0,3812,stock
2023-09-11,PFL,349.0,355.0,359.0,348.0,1746,stock
2023-09-12,PFL,350.0,347.0,350.0,346.0,1434,stock
2023-09-13,PFL,345.0,357.0,358.0,345.0,3424,stock
2023-09-17,PFL,355.0,344.1,355.0,344.0,4566,stock
2023-09-18,PFL,350.9,347.0,350.9,344.0,544,stock
2023-09-19,PFL,341.0,351.0,351.5,341.0,2436,stock
2023-09-21,PFL,358.0,369.0,373.0,358.0,5583,stock
2023-09-24,PFL,362.0,355.3,375.0,355.1,5853,stock
2023-09-25,PFL,350.0,353.0,360.0,350.0,1489,stock
2023-09-26,PFL,360.0,359.9,367.0,354.2,6957,stock
2023-09-27,PFL,363.9,359.9,364.0,350.1,4601,stock
2023-10-01,PFL,352.8,354.9,355.1,350.0,3213,stock
2023-10-02,PFL,349.0,358.1,362.0,349.0,4597,stock
2023-10-03,PFL,358.1,358.0,360.0,353.1,3240,stock
2023-10-04,PFL,360.0,358.1,364.2,357.0,3086,stock
2023-10-05,PFL,358.1,353.4,358.1,352.8,2407,stock
2023-10-08,PFL,349.0,345.0,352.0,342.1,12292,stock
2023-10-09,PFL,345.1,342.0,350.0,342.0,3719,stock
2023-10-10,PFL,338.0,343.9,346.8,338.0,3682,stock
2023-10-11,PFL,342.2,342.0,346.0,340.5,2623,stock
2023-10-12,PFL,346.0,341.5,349.0,339.2,2688,stock
2023-10-16,PFL,342.0,335.3,343.0,335.0,2192,stock
2023-10-17,PFL,342.0,338.0,345.0,337.0,2435,stock
2023-10-18,PFL,332.1,343.0,346.1,332.1,2114,stock
2023-10-19,PFL,344.0,344.0,344.0,340.0,1270,stock
2023-10-29,PFL,338.0,339.0,339.0,335.1,943,stock
2023-10-30,PFL,339.0,344.8,344.8,339.0,773,stock
2023-10-31,PFL,343.0,338.0,343.0,338.0,955,stock
2023-11-01,PFL,335.1,341.0,342.0,335.0,2418,stock
2023-11-02,PFL,337.1,337.1,340.0,337.1,355,stock
2023-11-05,PFL,330.4,330.0,332.0,328.0,4756,stock
2023-11-06,PFL,325.1,333.1,340.0,325.1,2139,stock
2023-11-07,PFL,339.0,331.0,345.0,331.0,3698,stock
2023-11-08,PFL,330.0,338.0,343.0,330.0,844,stock
2023-11-09,PFL,331.5,335.0,337.0,328.3,4397,stock
2023-11-20,PFL,335.0,338.0,339.3,333.0,1948,stock
2023-11-21,PFL,338.0,325.1,338.0,325.0,2974,stock
2023-11-22,PFL,326.0,326.0,336.0,320.2,2456,stock
2023-11-23,PFL,332.5,327.0,339.1,327.0,1718,stock
2023-11-26,PFL,327.0,340.0,340.0,327.0,6584,stock
2023-11-27,PFL,345.0,333.5,345.0,333.2,4025,stock
2023-11-28,PFL,335.0,333.2,336.0,333.1,1248,stock
2023-11-29,PFL,336.0,336.0,336.0,332.0,2461,stock
2023-11-30,PFL,330.5,331.0,337.0,330.5,2296,stock
2023-12-03,PFL,326.0,337.0,337.6,325.2,2302,stock
2023-12-04,PFL,330.4,332.5,336.0,330.3,2243,stock
2023-12-05,PFL,330.1,327.6,330.1,327.1,2098,stock
2023-12-06,PFL,327.5,328.0,333.5,327.0,3653,stock
2023-12-07,PFL,332.0,330.0,336.0,327.0,4589,stock
2023-12-10,PFL,336.6,343.0,343.0,336.6,1110,stock
2023-12-11,PFL,349.8,344.6,362.0,344.0,10280,stock
2023-12-12,PFL,349.0,359.5,365.5,343.5,14639,stock
2023-12-13,PFL,363.0,360.0,370.0,349.0,8636,stock
2023-12-14,PFL,353.0,362.0,365.8,352.8,13059,stock
2023-12-17,PFL,354.8,365.5,366.3,350.0,25946,stock
2023-12-18,PFL,372.7,370.9,380.0,363.0,34409,stock
2023-12-19,PFL,377.0,373.0,377.0,365.0,9194,stock
2023-12-20,PFL,370.0,373.1,380.0,367.6,17578,stock
2023-12-21,PFL,365.7,360.3,370.0,356.0,26538,stock
2023-12-24,PFL,365.0,354.5,365.0,350.0,18130,stock
2023-12-27,PFL,356.1,358.0,361.5,351.0,14511,stock
2023-12-28,PFL,361.0,354.8,364.9,350.0,7852,stock
2024-01-01,PFL,353.0,354.0,364.0,350.0,5885,stock
2024-01-02,PFL,353.0,345.0,354.0,343.2,7225,stock
2024-01-03,PFL,340.0,360.0,363.1,340.0,19693,stock
2024-01-04,PFL,357.0,360.0,370.9,357.0,20596,stock
2024-01-07,PFL,355.1,360.0,365.0,355.1,16101,stock
2024-01-08,PFL,365.0,370.0,370.0,360.0,10164,stock
2024-01-09,PFL,374.5,387.0,389.0,373.1,31042,stock
2024-01-10,PFL,394.6,380.0,400.0,380.0,14985,stock
2024-01-11,PFL,387.6,374.2,387.6,373.0,8750,stock
2024-01-14,PFL,381.6,380.0,385.0,377.0,9559,stock
2024-01-16,PFL,385.0,390.0,393.0,379.0,26917,stock
2024-01-17,PFL,396.5,377.0,404.0,377.0,28568,stock
2024-01-18,PFL,369.6,370.0,384.5,368.0,14457,stock
2024-01-21,PFL,370.5,370.0,385.0,364.0,23717,stock
2024-01-22,PFL,363.0,363.0,376.0,363.0,9204,stock
2024-01-23,PFL,357.3,368.0,371.0,357.3,17749,stock
2024-01-24,PFL,362.6,363.0,375.0,362.6,5025,stock
2024-01-25,PFL,356.8,364.9,365.0,356.8,9090,stock
2024-01-28,PFL,360.0,373.0,375.0,360.0,4045,stock
2024-01-29,PFL,378.0,369.9,378.0,365.7,2950,stock
2024-01-30,PFL,362.6,367.9,371.0,362.6,6733,stock
2024-01-31,PFL,365.1,361.0,372.4,360.6,7714,stock
2024-02-01,PFL,365.0,364.9,370.0,356.0,7733,stock
2024-02-04,PFL,357.7,368.5,371.0,356.2,4251,stock
2024-02-05,PFL,363.0,370.0,370.0,363.0,4011,stock
2024-02-06,PFL,363.0,369.0,370.9,363.0,4667,stock
2024-02-07,PFL,375.0,367.5,376.0,367.5,5228,stock
2024-02-11,PFL,369.0,367.2,374.0,367.2,4589,stock
2024-02-12,PFL,366.1,372.0,372.0,364.0,5251,stock
2024-02-13,PFL,368.1,366.0,372.0,366.0,12243,stock
2024-02-14,PFL,373.0,390.2,399.9,370.0,80981,stock
2024-02-15,PFL,395.0,383.0,397.0,376.0,10394,stock
2024-02-18,PFL,375.4,369.1,375.4,368.0,7340,stock
2024-02-20,PFL,369.0,370.0,379.0,363.0,14116,stock
2024-02-21,PFL,370.0,365.0,372.5,362.0,6482,stock
2024-02-22,PFL,365.1,365.3,383.0,363.0,15116,stock
2024-02-25,PFL,372.0,366.9,379.0,360.0,10104,stock
2024-02-26,PFL,370.0,367.4,371.9,359.9,9970,stock
2024-02-27,PFL,374.7,366.0,374.7,360.1,3103,stock
2024-02-28,PFL,370.0,365.0,370.0,360.1,7585,stock
2024-02-29,PFL,360.5,354.0,368.0,342.1,13326,stock
2024-03-03,PFL,354.0,352.0,356.0,347.0,9659,stock
2024-03-04,PFL,359.0,373.4,373.4,359.0,30,stock
2024-03-05,PFL,380.8,358.1,380.8,358.1,8627,stock
2024-03-06,PFL,365.2,365.8,369.9,353.4,8356,stock
2024-03-07,PFL,373.1,364.0,376.7,363.6,5524,stock
2024-03-10,PFL,370.0,367.1,370.0,365.4,7154,stock
2024-03-12,PFL,368.0,379.8,379.8,368.0,9326,stock
2024-03-13,PFL,386.0,385.5,390.0,376.0,24829,stock
2024-03-14,PFL,390.0,386.0,400.0,382.2,58764,stock
2024-03-17,PFL,385.1,389.0,396.0,383.5,34369,stock
2024-03-18,PFL,387.0,398.0,404.6,387.0,35111,stock
2024-03-19,PFL,405.9,405.9,415.0,400.0,70145,stock
2024-03-20,PFL,413.0,397.0,413.0,395.0,33234,stock
2024-03-21,PFL,395.0,412.0,425.0,393.0,79550,stock
2024-03-25,PFL,412.0,402.1,412.0,397.0,36476,stock
2024-03-26,PFL,400.0,404.0,409.9,399.0,12823,stock
2024-03-27,PFL,401.0,396.1,408.0,396.1,14209,stock
2024-03-28,PFL,388.2,402.0,408.0,388.2,18602,stock
2024-03-31,PFL,400.0,396.0,402.0,396.0,16474,stock
2024-04-01,PFL,393.1,394.9,396.9,390.1,9968,stock
2024-04-02,PFL,396.0,395.0,398.0,390.0,11681,stock
2024-04-03,PFL,395.0,390.0,400.9,385.2,8202,stock
2024-04-04,PFL,395.0,393.0,401.0,387.4,25107,stock
2024-04-07,PFL,400.8,432.3,432.3,395.0,122648,stock
2024-04-09,PFL,440.9,475.5,475.5,440.0,224467,stock
2024-04-10,PFL,475.0,507.0,518.0,475.0,193116,stock
2024-04-14,PFL,500.0,546.0,552.0,500.0,209224,stock
2024-04-15,PFL,556.9,525.0,568.0,522.0,117502,stock
2024-04-16,PFL,528.0,489.6,528.0,489.1,133223,stock
2024-04-18,PFL,501.1,520.0,524.7,501.0,150370,stock
2024-04-21,PFL,520.0,518.0,545.0,500.0,129061,stock
2024-04-22,PFL,520.0,514.0,531.5,513.0,69304,stock
2024-04-24,PFL,518.0,565.4,565.4,512.0,266815,stock
2024-04-25,PFL,576.7,610.0,610.9,573.3,190838,stock
2024-04-28,PFL,597.9,665.0,670.0,587.0,210019,stock
2024-04-29,PFL,651.7,731.5,731.5,638.0,267765,stock
2024-04-30,PFL,716.9,679.0,795.0,664.0,241759,stock
2024-05-02,PFL,692.5,734.0,740.0,670.0,311191,stock
2024-05-05,PFL,719.4,736.0,747.0,665.0,170210,stock
2024-05-06,PFL,721.3,662.4,721.3,662.4,147420,stock
2024-05-07,PFL,649.2,651.0,682.0,612.0,129971,stock
2024-05-08,PFL,638.0,651.0,654.8,626.0,77745,stock
2024-05-09,PFL,651.0,665.0,665.0,638.0,147995,stock
2024-05-12,PFL,678.3,656.0,678.3,640.0,121343,stock
2024-05-13,PFL,645.0,665.0,667.3,645.0,103815,stock
2024-05-14,PFL,651.7,667.0,673.0,647.0,92375,stock
2024-05-15,PFL,653.7,668.0,670.0,653.7,103850,stock
2024-05-16,PFL,654.7,647.3,680.3,645.0,179303,stock
2024-05-19,PFL,650.0,675.0,684.0,650.0,160299,stock
2024-05-20,PFL,688.0,693.6,715.0,660.9,292099,stock
2024-05-21,PFL,682.0,711.0,738.0,682.0,348890,stock
2024-05-22,PFL,711.0,690.0,768.0,677.0,306400,stock
2024-05-26,PFL,690.0,655.0,690.0,655.0,72648,stock
2024-05-27,PFL,641.9,710.0,718.0,641.9,277756,stock
2024-05-29,PFL,695.8,768.0,781.0,656.0,287963,stock
2024-05-30,PFL,752.7,691.2,752.7,691.2,78021,stock
2024-06-02,PFL,677.4,655.0,677.4,626.0,285115,stock
2024-06-03,PFL,655.0,656.9,673.2,639.0,213418,stock
2024-06-04,PFL,645.0,647.9,654.0,636.0,124048,stock
2024-06-05,PFL,640.0,646.8,678.0,628.0,189508,stock
2024-06-06,PFL,646.8,613.7,646.8,596.0,229730,stock
2024-06-09,PFL,601.5,570.0,607.0,569.0,212294,stock
2024-06-10,PFL,572.0,604.7,606.0,558.59,139729,stock
2024-06-11,PFL,592.7,617.9,625.0,592.7,77988,stock
2024-06-12,PFL,618.0,592.0,618.0,590.0,111615,stock
2024-06-13,PFL,580.2,599.0,621.0,580.2,137696,stock
2024-06-16,PFL,599.0,592.0,609.0,590.0,92060,stock
2024-06-18,PFL,580.2,595.0,605.0,580.2,93591,stock
2024-06-19,PFL,606.9,605.0,616.9,590.1,106499,stock
2024-06-20,PFL,605.0,619.8,626.0,596.0,144566,stock
2024-06-23,PFL,632.1,662.9,663.0,627.0,265347,stock
2024-06-24,PFL,649.7,678.0,708.9,640.0,238935,stock
2024-06-25,PFL,664.5,657.0,695.0,657.0,141461,stock
2024-06-26,PFL,657.0,642.0,672.0,641.2,134874,stock
2024-06-27,PFL,629.2,621.0,665.0,620.0,139587,stock
2024-06-30,PFL,608.6,603.0,632.0,603.0,88892,stock
2024-07-01,PFL,603.0,598.0,614.8,595.0,91604,stock
2024-07-02,PFL,609.9,600.9,645.6,598.0,62859,stock
2024-07-03,PFL,588.9,614.5,625.0,588.9,142092,stock
2024-07-04,PFL,615.0,605.0,623.0,605.0,79414,stock
2024-07-07,PFL,617.1,599.0,617.1,595.0,68882,stock
2024-07-08,PFL,592.1,593.1,607.0,592.1,43173,stock
2024-07-09,PFL,604.9,592.0,606.0,590.1,43031,stock
2024-07-10,PFL,600.0,594.0,600.0,592.0,41137,stock
2024-07-11,PFL,600.0,598.0,610.0,597.0,66766,stock
2024-07-14,PFL,609.9,602.0,622.0,600.0,65732,stock
2024-07-15,PFL,607.0,592.0,612.0,590.0,75609,stock
2024-07-16,PFL,601.0,606.0,608.5,592.3,68845,stock
2024-07-17,PFL,608.0,639.0,643.0,607.0,171856,stock
2024-07-18,PFL,651.7,629.0,651.7,625.2,115936,stock
2024-07-21,PFL,631.0,627.0,642.0,620.0,89797,stock
2024-07-22,PFL,634.0,630.6,640.0,621.0,101281,stock
2024-07-23,PFL,631.0,644.0,645.0,628.2,123908,stock
2024-07-24,PFL,649.0,632.1,656.8,632.1,111625,stock
2024-07-25,PFL,632.1,626.1,640.0,626.1,87266,stock
2024-07-28,PFL,638.6,625.0,645.9,617.0,83350,stock
2024-07-29,PFL,625.0,624.0,636.8,617.0,124927,stock
2024-07-30,PFL,625.0,640.0,649.9,624.1,163148,stock
2024-07-31,PFL,651.9,701.9,704.0,650.0,309263,stock
2024-08-01,PFL,715.0,675.6,734.0,675.0,218865,stock
2024-08-05,PFL,676.0,662.8,687.0,657.0,169316,stock
2024-08-06,PFL,650.0,619.0,665.0,615.0,168353,stock
2024-08-07,PFL,610.0,649.0,664.0,610.0,118331,stock
2024-08-08,PFL,661.9,629.9,670.0,625.0,88787,stock
2024-08-11,PFL,642.4,634.0,650.0,615.0,91036,stock
2024-08-12,PFL,645.0,655.0,669.0,641.0,129662,stock
2024-08-13,PFL,664.9,670.0,692.0,655.0,171430,stock
2024-08-14,PFL,683.4,720.0,722.0,680.0,279583,stock
2024-08-15,PFL,730.0,700.0,759.0,695.8,184893,stock
2024-08-18,PFL,686.0,665.2,710.0,660.0,171271,stock
2024-08-21,PFL,660.0,709.0,715.0,660.0,211819,stock
2024-08-22,PFL,723.1,718.0,755.0,715.1,190047,stock
2024-08-25,PFL,718.0,684.0,719.1,680.3,123738,stock
2024-08-27,PFL,677.0,660.1,706.5,660.0,105522,stock
2024-08-28,PFL,673.0,660.0,688.0,647.0,57229,stock
2024-08-29,PFL,673.0,644.0,673.0,642.0,57489,stock
2024-09-01,PFL,646.0,620.0,660.0,619.0,61500,stock
2024-09-02,PFL,632.4,667.0,679.7,620.0,112268,stock
2024-09-03,PFL,680.3,661.0,687.0,660.0,72990,stock
2024-09-04,PFL,673.8,630.2,674.0,630.1,70028,stock
2024-09-05,PFL,625.0,638.0,646.5,625.0,44119,stock
2024-09-08,PFL,650.0,630.3,650.7,630.3,31474,stock
2024-09-09,PFL,622.3,615.0,640.0,615.0,33699,stock
2024-09-10,PFL,620.0,610.0,632.9,609.0,35631,stock
2024-09-11,PFL,622.0,605.0,626.0,602.0,32094,stock
2024-09-12,PFL,609.0,626.0,631.3,602.1,41040,stock
2024-09-15,PFL,637.0,607.0,638.0,606.0,62297,stock
2024-09-16,PFL,605.0,580.5,613.9,579.0,47075,stock
2024-09-18,PFL,580.5,584.0,584.0,568.4,42557,stock
2024-09-22,PFL,573.9,590.0,608.6,573.9,31155,stock
2024-09-23,PFL,580.1,568.0,597.8,537.1,45783,stock
2024-09-24,PFL,565.0,530.0,572.0,518.0,44124,stock
2024-09-25,PFL,525.0,544.9,551.0,508.0,17336,stock
2024-09-26,PFL,552.0,565.0,565.0,512.0,38966,stock
2024-09-29,PFL,554.0,553.8,554.0,526.6,33972,stock
2024-09-30,PFL,564.8,564.0,564.8,520.0,22958,stock
2024-10-01,PFL,569.0,619.9,620.0,566.9,66278,stock
2024-10-02,PFL,632.2,637.5,637.5,596.0,74983,stock
2024-10-06,PFL,637.5,665.0,665.0,615.1,54311,stock
2024-10-07,PFL,665.0,640.0,675.0,640.0,40642,stock
2024-10-08,PFL,637.0,620.0,643.0,619.0,10222,stock
2024-10-09,PFL,617.0,620.0,632.0,610.0,16936,stock
2024-10-15,PFL,620.1,643.0,649.9,620.1,20922,stock
2024-10-16,PFL,653.8,645.0,655.5,633.2,30968,stock
2024-10-17,PFL,650.0,672.2,709.0,632.0,158193,stock
2024-10-20,PFL,660.0,650.1,683.0,635.0,77168,stock
2024-10-21,PFL,650.1,630.0,662.0,628.0,37863,stock
2024-10-22,PFL,621.8,653.0,663.0,621.8,34719,stock
2024-10-23,PFL,666.0,652.0,670.1,638.0,58132,stock
2024-10-24,PFL,657.5,643.0,660.0,640.0,29162,stock
2024-10-27,PFL,655.0,645.8,655.0,634.0,34753,stock
2024-10-28,PFL,657.9,669.0,670.0,638.0,53229,stock
2024-10-29,PFL,681.0,669.0,688.0,655.0,75472,stock
2024-10-30,PFL,670.0,660.0,675.8,645.1,41926,stock
2024-11-05,PFL,667.0,656.9,672.0,652.1,12846,stock
2024-11-06,PFL,668.6,655.0,668.6,648.8,35223,stock
2024-11-10,PFL,655.0,674.0,677.9,652.0,61153,stock
2024-11-11,PFL,683.0,669.0,688.6,661.1,69185,stock
2024-11-12,PFL,669.0,692.4,713.9,664.2,136089,stock
2024-11-13,PFL,699.0,761.6,761.6,699.0,346450,stock
2024-11-14,PFL,761.0,765.0,794.0,761.0,127964,stock
2024-11-17,PFL,780.3,743.0,780.3,735.0,214628,stock
2024-11-19,PFL,745.0,773.0,794.9,745.0,322179,stock
2024-11-20,PFL,788.4,770.0,788.4,763.0,94242,stock
2024-11-21,PFL,770.0,736.0,779.0,730.0,128875,stock
2024-11-24,PFL,737.0,730.0,756.0,722.0,100896,stock
2024-11-25,PFL,744.6,740.0,750.0,730.0,138230,stock
2024-11-26,PFL,740.0,744.0,760.0,731.0,148865,stock
2024-11-27,PFL,758.8,734.0,758.8,730.0,132211,stock
2024-11-28,PFL,743.9,712.0,743.9,710.1,130423,stock
2024-12-01,PFL,710.0,716.0,725.0,697.8,84039,stock
2024-12-02,PFL,716.0,692.0,724.0,691.0,97882,stock
2024-12-03,PFL,695.0,705.0,727.2,695.0,71513,stock
2024-12-04,PFL,719.0,695.1,719.0,691.1,72748,stock
2024-12-05,PFL,696.0,669.0,700.0,662.0,82112,stock
2024-12-08,PFL,665.0,650.1,678.0,650.0,55974,stock
2024-12-09,PFL,645.1,674.0,674.0,645.1,87952,stock
2024-12-10,PFL,674.0,667.9,680.0,661.0,22240,stock
2024-12-11,PFL,666.0,683.0,690.0,658.0,56467,stock
2024-12-12,PFL,670.0,657.0,710.0,656.6,52232,stock
2024-12-16,PFL,644.0,620.0,649.0,618.0,52833,stock
2024-12-17,PFL,607.6,623.9,633.0,607.6,73220,stock
2024-12-18,PFL,635.0,649.0,650.0,626.1,53199,stock
2024-12-19,PFL,643.0,630.0,645.0,624.0,30540,stock
2024-12-22,PFL,619.0,619.8,629.0,611.0,23069,stock
2024-12-23,PFL,629.6,623.8,632.1,615.0,34682,stock
2024-12-24,PFL,618.0,631.0,650.0,618.0,63461,stock
2024-12-26,PFL,630.0,618.0,630.0,613.0,41316,stock
2024-12-29,PFL,609.0,577.0,610.0,572.0,70735,stock
2024-12-31,PFL,565.5,519.3,565.5,519.3,42454,stock
2025-01-01,PFL,519.3,538.9,550.0,489.1,103354,stock
2025-01-02,PFL,535.0,522.0,538.0,518.5,55081,stock
2025-01-05,PFL,522.0,515.1,532.1,515.0,60519,stock
2025-01-06,PFL,520.0,522.9,525.0,512.5,42387,stock
2025-01-07,PFL,530.0,557.0,563.0,525.0,53258,stock
2025-01-08,PFL,557.1,582.6,600.0,555.0,94443,stock
2025-01-09,PFL,582.6,550.0,582.6,540.2,135584,stock
2025-01-12,PFL,550.0,522.0,550.0,515.0,80209,stock
2025-01-13,PFL,515.0,529.0,532.0,512.0,63055,stock
2025-01-15,PFL,518.5,481.1,518.5,476.1,234021,stock
2025-01-16,PFL,471.5,433.0,471.5,433.0,257966,stock
2025-01-19,PFL,424.4,436.0,450.4,389.7,338940,stock
2025-01-20,PFL,427.3,423.3,437.0,404.0,157265,stock
2025-01-21,PFL,431.7,402.0,431.7,400.0,74905,stock
2025-01-22,PFL,394.0,398.9,407.4,386.2,114955,stock
2025-01-23,PFL,398.9,376.0,405.0,375.0,208827,stock
2025-01-26,PFL,376.0,362.1,380.0,344.0,180155,stock
2025-01-27,PFL,363.0,384.0,386.0,339.9,129750,stock
2025-01-28,PFL,388.0,392.1,396.6,374.0,103787,stock
2025-02-02,PFL,399.9,379.8,399.9,374.4,154693,stock
2025-02-03,PFL,387.0,376.0,387.0,375.0,92038,stock
2025-02-04,PFL,376.0,367.0,388.0,365.6,53026,stock
2025-02-05,PFL,367.0,403.0,403.7,364.0,140662,stock
2025-02-06,PFL,411.0,412.0,431.0,400.0,176212,stock
2025-02-09,PFL,420.2,412.0,425.0,400.0,102317,stock
2025-02-10,PFL,418.0,402.0,423.3,402.0,58370,stock
2025-02-11,PFL,400.0,399.0,410.0,397.0,43010,stock
2025-02-12,PFL,405.0,402.7,417.0,395.2,115905,stock
2025-02-13,PFL,410.0,442.9,442.9,410.0,211366,stock
2025-02-16,PFL,451.7,487.1,487.1,451.7,216607,stock
2025-02-17,PFL,496.8,475.0,520.0,466.0,300974,stock
2025-02-18,PFL,475.0,466.0,489.0,462.7,117303,stock
2025-02-20,PFL,466.0,463.0,489.0,450.8,142869,stock
2025-02-23,PFL,472.2,464.0,478.0,449.0,72902,stock
2025-02-24,PFL,470.7,454.0,470.7,452.0,47447,stock
2025-02-25,PFL,463.0,454.0,463.0,450.8,45254,stock
2025-02-27,PFL,455.0,456.0,468.9,452.0,40058,stock
2025-03-02,PFL,463.0,498.0,499.4,463.0,159287,stock
2025-03-03,PFL,507.0,487.0,518.0,483.0,109590,stock
2025-03-04,PFL,496.0,479.0,501.0,479.0,73268,stock
2025-03-05,PFL,487.9,471.0,487.9,465.0,48698,stock
2025-03-06,PFL,477.9,470.0,480.0,465.6,42666,stock
2025-03-09,PFL,470.0,466.0,475.0,461.0,26462,stock
2025-03-10,PFL,469.9,459.0,470.0,458.0,35419,stock
2025-03-11,PFL,464.0,450.5,465.0,450.0,48442,stock
2025-03-12,PFL,459.0,453.1,461.0,448.9,37828,stock
2025-03-16,PFL,462.0,458.0,498.0,455.0,90426,stock
2025-03-17,PFL,462.8,452.0,462.8,450.0,23899,stock
2025-03-18,PFL,458.9,453.9,458.9,450.0,19616,stock
2025-03-19,PFL,460.0,436.9,460.0,435.0,35114,stock
2025-03-20,PFL,436.0,423.35,441.8,422.5,41880,stock
2025-03-23,PFL,424.0,407.57,424.0,405.8,48619,stock
2025-03-24,PFL,415.7,439.02,444.0,400.0,79357,stock
2025-03-25,PFL,439.0,420.69,440.0,417.3,25956,stock
2025-03-26,PFL,427.0,430.78,435.5,425.0,29476,stock
2025-03-27,PFL,431.0,435.15,438.9,428.1,29521,stock
2025-03-30,PFL,430.0,440.32,448.9,428.0,40400,stock
2025-04-01,PFL,440.0,431.5,443.0,426.4,26625,stock
2025-04-02,PFL,440.1,441.04,451.8,425.0,43573,stock
2025-04-03,PFL,445.0,434.63,449.5,432.0,20788,stock
2025-04-07,PFL,443.0,423.22,443.0,423.0,25345,stock
2025-04-08,PFL,431.6,424.46,431.6,415.0,21487,stock
2025-04-09,PFL,430.0,423.37,432.0,423.0,13827,stock
2025-04-10,PFL,427.9,417.79,427.9,416.0,23266,stock
2025-04-13,PFL,415.0,415.15,420.9,411.5,21691,stock
2025-04-15,PFL,420.0,419.71,424.8,413.0,17487,stock
2025-04-16,PFL,425.0,418.1,425.0,416.0,13732,stock
2025-04-17,PFL,418.0,422.3,424.3,416.0,27133,stock
2025-04-20,PFL,417.0,419.83,433.0,415.1,13705,stock
2025-04-21,PFL,418.1,417.59,424.5,417.0,20340,stock
2025-04-22,PFL,418.0,414.67,422.6,414.0,22199,stock
2025-04-23,PFL,413.0,410.25,417.0,407.0,18015,stock
2025-04-24,PFL,405.0,408.0,413.0,392.0,48301,stock
2025-04-27,PFL,413.0,397.09,414.0,394.0,57494,stock
2025-04-28,PFL,400.0,405.13,416.0,398.0,41168,stock
2025-04-29,PFL,401.0,399.36,413.2,398.0,20941,stock
2025-04-30,PFL,405.0,395.41,405.0,394.1,29116,stock
2025-05-04,PFL,402.0,391.63,402.0,390.2,18410,stock
2025-05-05,PFL,394.0,390.19,398.8,390.0,18749,stock
2025-05-06,PFL,395.0,391.27,395.0,390.0,16376,stock
2025-05-07,PFL,391.0,421.36,422.0,387.0,48982,stock
2025-05-08,PFL,425.0,431.5,444.7,407.0,66118,stock
2025-05-11,PFL,432.0,418.51,437.9,417.0,25345,stock
2025-05-13,PFL,418.0,411.03,424.0,406.7,23018,stock
2025-05-14,PFL,417.0,411.2,419.2,409.0,21816,stock
2025-05-15,PFL,416.9,409.36,417.0,407.7,13005,stock
2025-05-18,PFL,415.0,406.91,417.0,404.5,13267,stock
2025-05-19,PFL,415.0,411.01,419.0,410.0,13689,stock
2025-05-20,PFL,411.0,420.32,423.0,405.0,19324,stock
2025-05-21,PFL,428.7,414.89,445.0,414.0,35149,stock
2025-05-22,PFL,420.0,413.8,420.0,413.0,11730,stock
2025-05-25,PFL,420.0,408.27,422.0,406.0,13303,stock
2025-05-26,PFL,416.4,412.24,425.0,412.0,14290,stock
2025-05-27,PFL,410.0,408.37,420.0,405.0,12289,stock
2025-05-28,PFL,406.0,411.07,412.0,406.0,14157,stock
2025-06-02,PFL,411.0,413.06,417.9,411.0,19720,stock
2025-06-03,PFL,415.0,406.72,415.0,405.5,15547,stock
2025-06-04,PFL,405.3,406.17,423.0,405.3,9602,stock
2025-06-05,PFL,412.0,405.66,412.0,400.0,17978,stock
2025-06-08,PFL,405.0,399.31,413.0,397.0,17797,stock
2025-06-09,PFL,399.4,403.04,409.7,395.1,26198,stock
2025-06-10,PFL,410.8,422.96,427.0,400.0,64885,stock
2025-06-11,PFL,418.2,414.14,423.0,412.5,19121,stock
2025-06-12,PFL,407.0,412.51,423.0,407.0,23650,stock
2025-06-15,PFL,412.0,408.25,419.9,406.3,21775,stock
2025-06-16,PFL,412.0,408.17,412.0,403.0,28502,stock
2025-06-17,PFL,408.9,402.78,409.0,400.2,21600,stock
2025-06-18,PFL,394.8,404.79,409.9,394.8,17864,stock
2025-06-19,PFL,410.0,401.47,410.0,398.0,35304,stock
2025-06-22,PFL,393.9,397.88,409.7,393.9,12931,stock
2025-06-23,PFL,402.5,401.37,405.0,397.0,12518,stock
2025-06-24,PFL,407.0,399.24,407.0,397.0,12891,stock
2025-06-25,PFL,402.0,395.28,402.0,394.0,14867,stock
2025-06-26,PFL,397.0,396.64,402.0,396.0,11509,stock
2025-06-29,PFL,396.0,402.19,404.0,391.0,11037,stock
2025-06-30,PFL,394.2,396.04,406.0,394.2,15070,stock
2025-07-01,PFL,402.0,401.95,403.5,398.0,13160,stock
2025-07-02,PFL,405.8,409.31,416.1,405.0,20959,stock
2025-07-03,PFL,411.0,426.87,435.0,409.0,102041,stock
2025-07-06,PFL,435.0,436.27,452.5,423.0,144021,stock
2025-07-07,PFL,439.0,419.73,439.0,417.5,36842,stock
2025-07-08,PFL,419.0,422.97,432.0,417.5,23805,stock
2025-07-09,PFL,429.0,419.59,429.0,418.0,18930,stock
2025-07-10,PFL,425.8,419.22,427.8,418.0,33468,stock
2025-07-13,PFL,427.6,427.42,442.0,425.0,39004,stock
2025-07-14,PFL,428.0,418.13,428.8,418.0,19236,stock
2025-07-15,PFL,420.0,432.18,435.0,420.0,56695,stock
2025-07-16,PFL,438.0,431.44,440.0,429.8,32324,stock
2025-07-17,PFL,437.0,443.27,446.0,435.3,72969,stock
2025-07-20,PFL,444.0,437.35,475.5,430.0,306987,stock
2025-07-21,PFL,437.0,429.18,450.0,426.0,74116,stock
2025-07-22,PFL,430.0,438.13,445.0,429.0,66640,stock
2025-07-23,PFL,439.0,454.16,460.0,435.0,96863,stock
2025-07-24,PFL,458.0,444.33,460.9,441.1,50177,stock
2025-07-27,PFL,453.2,434.06,453.2,432.0,74605,stock
2025-07-28,PFL,440.0,444.91,446.8,429.0,47937,stock
2025-07-29,PFL,450.0,439.86,452.0,438.0,45837,stock
2025-07-30,PFL,448.0,431.48,448.0,430.5,30426,stock
2025-07-31,PFL,431.48,431.89,448.6,426.0,53242,stock
2025-08-03,PFL,438.0,428.44,440.5,427.0,33717,stock
2025-08-04,PFL,435.0,424.95,435.0,421.0,20014,stock
2025-08-05,PFL,430.0,418.03,430.0,416.5,14180,stock
2025-08-06,PFL,418.0,417.27,424.0,417.0,13365,stock
2025-08-07,PFL,422.0,419.86,425.0,416.7,15099,stock
2025-08-11,PFL,420.0,415.61,425.0,415.0,14172,stock
2025-08-12,PFL,410.0,412.22,420.0,410.0,14307,stock
2025-08-13,PFL,418.0,413.5,419.2,411.0,11173,stock
2025-08-14,PFL,417.0,411.14,417.0,410.1,7895,stock
2025-08-17,PFL,417.0,407.28,417.0,405.0,17457,stock
2025-08-18,PFL,412.9,407.91,412.9,405.1,6063,stock
2025-08-19,PFL,413.7,408.05,413.7,407.0,8601,stock
2025-08-20,PFL,408.0,403.98,411.0,401.0,14776,stock
2025-08-21,PFL,403.0,401.23,405.9,396.0,27221,stock
2025-08-24,PFL,401.0,398.83,404.9,398.0,10012,stock
2025-08-25,PFL,399.0,406.25,408.0,399.0,10942,stock
2025-08-26,PFL,411.9,403.57,411.9,401.1,3887,stock
2025-08-27,PFL,407.0,410.56,423.0,404.0,12749,stock
2025-08-28,PFL,415.9,401.55,415.9,400.0,12571,stock
2025-08-31,PFL,407.0,402.53,407.0,400.1,8436,stock
2025-09-01,PFL,406.0,402.05,406.0,400.0,4656,stock
2025-09-02,PFL,408.0,398.38,408.0,398.0,12430,stock
2025-09-03,PFL,403.0,394.65,403.0,394.0,10406,stock
2025-09-04,PFL,400.0,387.39,400.0,387.0,12743,stock
2025-09-07,PFL,393.0,391.45,393.8,386.1,8971,stock
2025-09-08,PFL,397.0,393.0,397.0,390.0,11908,stock
2025-09-18,PFL,388.0,385.0,388.0,384.0,560,stock
2025-09-21,PFL,385.0,399.75,410.9,375.0,26605,stock
2025-09-23,PFL,400.0,405.0,410.0,397.0,14919,stock
2025-09-24,PFL,406.0,400.0,409.0,398.6,4136,stock
2025-09-25,PFL,400.0,395.1,408.0,395.1,7039,stock
2025-09-28,PFL,401.0,401.0,403.0,395.0,4140,stock
2025-10-07,PFL,401.0,395.0,401.0,392.0,4216,stock
2025-10-08,PFL,401.0,382.1,401.0,379.3,10881,stock
2025-10-09,PFL,389.7,389.0,404.9,382.0,11566,stock
2025-10-12,PFL,383.0,372.0,383.2,365.0,22220,stock
2025-10-13,PFL,365.3,380.1,383.4,365.0,4691,stock
2025-10-14,PFL,384.9,372.5,384.9,370.2,7507,stock
2025-10-15,PFL,368.0,369.0,373.9,367.0,3966,stock
2025-10-16,PFL,373.9,367.0,373.9,365.5,7122,stock
2025-10-19,PFL,372.0,372.0,373.0,368.5,1759,stock
2025-10-26,PFL,365.0,370.0,372.0,365.0,4529,stock
2025-10-28,PFL,373.5,381.0,381.0,370.1,7020,stock
2025-10-29,PFL,385.9,373.0,386.0,373.0,6088,stock
2025-10-30,PFL,373.0,387.0,396.0,370.8,7801,stock
2025-11-02,PFL,389.9,405.0,411.0,385.0,18988,stock
2025-11-03,PFL,401.0,403.0,412.8,397.2,13608,stock
2025-11-04,PFL,403.9,388.7,404.0,388.7,7598,stock
2025-11-05,PFL,394.5,397.0,404.0,381.2,8346,stock
2025-11-06,PFL,404.0,393.0,405.0,393.0,29936,stock
2025-11-09,PFL,397.0,390.0,397.0,387.0,3479,stock
2025-11-10,PFL,394.0,391.0,397.8,383.0,4942,stock
2025-11-11,PFL,396.0,385.5,396.0,379.0,12605,stock
2025-11-12,PFL,380.0,380.0,383.0,380.0,10776,stock
2025-11-13,PFL,380.0,380.0,383.0,378.0,3765,stock
2025-11-16,PFL,383.9,374.9,383.9,373.0,10605,stock
2025-11-17,PFL,378.0,376.0,380.0,373.0,7310,stock
2025-11-18,PFL,381.0,380.0,388.6,378.1,7794,stock
2025-11-19,PFL,384.9,377.5,384.9,377.5,5230,stock
2025-11-20,PFL,374.0,374.0,381.4,374.0,5537,stock
2025-11-23,PFL,378.0,382.3,386.0,378.0,10050,stock
2025-11-24,PFL,387.0,388.0,388.3,382.0,8763,stock
2025-11-25,PFL,386.0,385.0,388.0,384.0,3568,stock
2025-11-26,PFL,388.0,388.0,388.0,382.0,6193,stock
2025-11-27,PFL,388.0,384.0,388.6,380.0,11145,stock
2025-11-30,PFL,385.0,379.0,387.0,376.0,15943,stock
2025-12-01,PFL,383.0,380.0,384.0,376.0,7763,stock
2025-12-02,PFL,376.2,370.5,383.0,369.1,13140,stock
2025-12-03,PFL,376.0,378.0,391.0,374.0,12821,stock
2025-12-07,PFL,380.0,377.0,383.0,374.1,6803,stock
2025-12-08,PFL,374.0,375.0,379.5,370.0,9009,stock
2025-12-09,PFL,379.0,374.9,379.0,372.1,4471,stock
2025-12-10,PFL,378.0,373.0,378.0,370.0,4996,stock
2025-12-11,PFL,377.0,367.0,377.0,367.0,11668,stock
2025-12-14,PFL,371.0,366.0,372.0,365.0,8329,stock
2025-12-15,PFL,363.3,368.0,371.0,363.3,3933,stock
2025-12-16,PFL,370.0,373.0,377.0,370.0,5270,stock
2025-12-17,PFL,377.0,377.0,377.0,373.0,4542,stock
2025-12-18,PFL,372.6,371.0,375.0,369.0,3005,stock
2025-12-21,PFL,363.9,366.5,372.0,363.7,4855,stock
2025-12-22,PFL,373.8,365.0,373.8,363.5,8396,stock
2025-12-23,PFL,370.0,355.2,370.0,355.2,14630,stock
2025-12-24,PFL,360.0,358.0,364.9,356.1,3224,stock
2025-12-28,PFL,363.0,364.0,365.0,359.0,6718,stock
2025-12-29,PFL,369.0,364.0,369.0,362.1,6204,stock
2025-12-31,PFL,368.9,364.0,368.9,361.6,5653,stock
2026-01-01,PFL,364.0,360.0,364.0,357.0,6228,stock
2026-01-04,PFL,360.0,359.8,364.0,356.9,4453,stock
2026-01-05,PFL,360.0,355.0,363.0,354.0,28825,stock
2026-01-06,PFL,355.0,363.0,365.0,355.0,20422,stock
2026-01-07,PFL,365.9,365.0,370.0,358.0,14169,stock
2026-01-08,PFL,368.0,360.1,368.0,355.8,18518,stock
2026-01-12,PFL,367.0,357.9,367.0,356.1,6389,stock
2026-01-13,PFL,363.8,355.2,363.8,352.8,12061,stock
2026-01-14,PFL,355.0,359.9,366.0,355.0,12549,stock
2026-01-18,PFL,365.0,379.0,383.0,360.0,37934,stock
2026-01-20,PFL,384.0,384.0,395.0,374.4,34828,stock
2026-01-21,PFL,384.0,377.0,391.0,373.1,21465,stock
2026-01-22,PFL,382.0,386.0,387.0,375.0,12862,stock
2026-01-25,PFL,389.0,400.0,405.0,381.1,78677,stock
2026-01-26,PFL,403.9,394.0,403.9,387.1,31703,stock
2026-01-27,PFL,400.0,383.0,400.0,381.0,23035,stock
2026-01-28,PFL,378.0,376.0,385.5,372.0,32401,stock
2026-01-29,PFL,368.5,375.5,390.9,368.5,30254,stock
2026-02-01,PFL,383.0,385.0,392.6,380.5,79808,stock
2026-02-02,PFL,391.0,385.0,392.0,384.0,34213,stock
2026-02-03,PFL,390.0,382.0,390.0,380.1,14580,stock
2026-02-04,PFL,389.0,384.0,389.0,378.0,15995,stock
2026-02-05,PFL,384.9,385.0,389.0,377.0,13392,stock
2026-02-08,PFL,377.5,383.7,391.0,377.5,18089,stock
2026-02-09,PFL,388.9,379.0,388.9,367.5,21102,stock
2026-02-10,PFL,372.0,375.0,382.0,371.5,10059,stock
2026-02-11,PFL,380.0,375.0,380.0,373.0,11245,stock
2026-02-12,PFL,382.0,377.9,382.0,370.0,28197,stock
2026-02-16,PFL,383.0,379.0,384.5,375.0,13229,stock
2026-02-17,PFL,383.8,372.0,383.8,371.0,10781,stock
2026-02-22,PFL,370.0,367.0,375.0,365.1,16641,stock
2026-02-23,PFL,372.0,371.0,374.0,368.0,10026,stock
2026-02-24,PFL,371.0,370.0,376.0,368.0,6922,stock
2026-02-25,PFL,374.5,370.3,375.0,368.0,12663,stock
2026-02-26,PFL,370.3,380.0,385.2,368.0,10181,stock
2026-03-01,PFL,375.0,384.0,387.0,373.0,21925,stock
2026-03-03,PFL,384.0,388.0,388.3,384.0,10264,stock
2026-03-09,PFL,395.7,403.6,403.6,395.7,898,stock
2026-03-10,PFL,411.6,408.2,427.0,401.0,81331,stock
2026-03-11,PFL,410.0,399.0,410.0,396.5,37974,stock
2026-03-12,PFL,396.0,403.0,404.9,396.0,30123,stock
2026-03-15,PFL,411.0,406.5,415.0,404.0,26654,stock
2026-03-16,PFL,404.5,398.3,406.0,395.0,18761,stock
2026-03-17,PFL,395.7,398.0,402.5,390.4,19698,stock
2026-03-19,PFL,405.0,409.9,411.0,398.0,45393,stock
2026-03-22,PFL,409.9,436.0,436.4,409.9,113179,stock
2026-03-23,PFL,436.1,435.0,443.0,429.6,66775,stock
2026-03-24,PFL,439.0,435.0,439.0,428.0,33715,stock
2026-03-25,PFL,441.0,429.0,441.0,426.0,29825,stock
2026-03-26,PFL,424.6,426.0,427.0,422.0,15800,stock
2026-03-29,PFL,426.0,405.0,426.0,405.0,38097,stock
2026-03-30,PFL,411.0,395.2,413.2,392.0,28220,stock
2026-03-31,PFL,401.0,408.9,413.1,381.0,38663,stock
2026-04-01,PFL,406.0,395.0,409.0,393.3,18463,stock
2026-04-02,PFL,391.0,392.2,400.0,385.0,14353,stock
2026-04-05,PFL,386.0,369.0,390.0,365.0,29162,stock
2026-04-06,PFL,368.0,386.4,392.0,368.0,30469,stock
2026-04-07,PFL,393.0,387.0,394.0,385.0,17021,stock
2026-04-08,PFL,390.0,395.0,395.0,388.0,11823,stock
2026-04-09,PFL,391.0,398.0,400.0,388.4,20529,stock
2026-04-10,PFL,402.0,396.0,402.0,390.0,7887,stock
2026-04-13,PFL,395.5,393.0,400.0,390.5,6602,stock
2026-04-15,PFL,399.0,397.0,399.0,392.0,10430,stock
2026-04-16,PFL,390.1,386.1,394.9,384.0,14971,stock
2026-04-17,PFL,393.8,385.0,393.8,383.2,4884,stock
2026-04-20,PFL,385.0,389.0,390.9,385.0,5181,stock
2026-04-21,PFL,385.0,384.0,389.0,381.0,5157,stock
2026-04-22,PFL,377.5,385.9,386.0,375.0,8830,stock
2026-04-23,PFL,390.0,384.0,390.0,380.0,4303,stock
2026-04-24,PFL,384.0,381.2,387.0,379.0,3345,stock
2026-04-27,PFL,381.2,382.0,385.0,382.0,5451,stock
2026-04-28,PFL,382.0,380.8,385.0,378.1,6069,stock
2026-04-29,PFL,374.0,378.0,380.0,374.0,5683,stock
2026-04-30,PFL,378.0,379.9,379.9,372.0,6375,stock
2026-05-04,PFL,374.0,379.0,386.0,373.1,4414,stock
2026-05-05,PFL,384.0,378.1,384.0,376.0,7495,stock
2026-05-06,PFL,382.9,377.0,382.9,376.0,5695,stock
2026-05-07,PFL,375.5,373.0,377.0,373.0,5148,stock
2026-05-08,PFL,376.0,374.0,378.0,371.0,7050,stock
2026-05-11,PFL,379.0,382.7,383.4,379.0,2068,stock
2026-05-12,PFL,387.9,378.0,387.9,368.7,9027,stock
2026-05-13,PFL,372.0,368.8,372.0,368.0,9723,stock
2026-05-14,PFL,363.0,367.0,369.8,363.0,5340,stock
2026-05-15,PFL,372.9,369.0,372.9,362.0,3517,stock
2026-05-18,PFL,374.0,366.0,374.0,365.0,3693,stock
2026-05-19,PFL,366.0,369.8,370.0,362.5,6196,stock
2026-05-20,PFL,373.9,376.9,377.9,363.4,5886,stock
2026-05-21,PFL,382.0,375.0,382.0,370.0,1586,stock
2026-05-22,PFL,367.0,375.0,375.0,367.0,3621,stock
2026-05-25,PFL,379.0,380.0,380.0,370.0,4238,stock
2026-05-26,PFL,386.9,378.0,386.9,375.0,2310,stock
2026-05-27,PFL,382.9,376.5,382.9,376.0,3344,stock
2026-06-01,PFL,380.1,369.0,380.1,365.0,4840,stock
2026-06-02,PFL,375.0,386.0,387.0,375.0,17933,stock
2026-06-03,PFL,390.9,384.0,391.9,380.0,6647,stock
2026-06-04,PFL,387.8,374.0,387.8,373.0,7800,stock
2026-06-05,PFL,374.0,390.0,392.0,370.0,26462,stock
2026-06-08,PFL,392.0,386.9,395.0,384.0,13425,stock
2026-06-09,PFL,393.0,383.0,393.0,372.0,7596,stock
2026-06-10,PFL,363.9,385.0,389.3,363.9,4832,stock
2026-06-11,PFL,385.0,378.0,385.0,375.0,4818,stock
2026-06-12,PFL,373.0,379.8,381.9,373.0,4024,stock
2026-06-15,PFL,398.0,379.4,398.0,372.0,6700,stock
2026-06-16,PFL,374.3,374.0,378.2,371.6,3107,stock
2026-06-17,PFL,373.0,375.0,375.1,373.0,2520,stock
2026-06-18,PFL,374.0,373.9,375.0,370.0,3251,stock
2026-06-19,PFL,366.0,370.0,377.0,365.3,7118,stock
2026-06-22,PFL,366.0,373.0,376.9,366.0,2903,stock
2026-06-23,PFL,355.5,368.0,377.0,355.5,3606,stock
2026-06-24,PFL,366.1,365.0,370.0,359.0,7337,stock
2026-06-25,PFL,361.0,364.0,370.0,361.0,1484,stock
2026-06-26,PFL,364.0,366.0,376.9,362.7,5346,stock
2026-06-29,PFL,367.0,365.0,370.8,355.2,3665,stock
2026-06-30,PFL,365.0,363.7,365.0,356.0,4839,stock
2026-07-01,PFL,369.8,360.0,369.9,358.8,7048,stock
2026-07-02,PFL,351.6,364.9,364.9,351.6,3357,stock
2026-07-03,PFL,365.0,360.0,365.0,360.0,8158,stock
2026-07-06,PFL,360.0,362.0,366.0,359.0,8394,stock
2026-07-07,PFL,362.0,366.0,366.6,361.0,3451,stock
2026-07-08,PFL,364.0,364.0,365.0,358.0,6597,stock
2026-07-09,PFL,358.0,364.0,364.9,355.2,4397,stock
2026-09-16,PFL,374.1,373.0,386.0,372.0,33240,stock
2026-09-17,PFL,380.0,374.9,380.0,370.0,7544,stock
2026-09-18,PFL,374.5,370.0,375.0,364.0,8228,stock
2026-09-22,PFL,370.0,360.0,380.0,360.0,15983,stock
2026-09-23,PFL,365.0,355.4,368.0,355.0,15258,stock
2026-09-24,PFL,360.0,351.0,365.0,351.0,15313,stock
2026-09-28,PFL,351.1,346.0,353.9,345.2,11207,stock
2026-09-29,PFL,344.1,341.9,345.0,339.6,11633,stock
2026-09-30,PFL,337.0,336.5,343.0,335.0,12999,stock
2026-10-01,PFL,337.0,339.0,340.5,336.0,10152,stock
2026-10-02,PFL,340.0,338.0,344.0,338.0,8762,stock
2026-10-05,PFL,336.0,326.8,338.0,325.0,20904,stock
2026-10-06,PFL,330.0,324.0,334.0,321.0,13162,stock
2026-10-07,PFL,325.0,327.0,332.0,324.0,9498,stock
2026-10-08,PFL,326.0,328.0,328.0,320.0,10155,stock
2026-10-09,PFL,334.8,327.0,334.8,326.0,7758,stock
