time,symbol,open,close,high,low,volume,category
2012-01-01,SCB,230.48,233.06,235.64,230.48,1155,stock
2012-01-02,SCB,233.06,239.08,240.8,237.7,455,stock
2012-01-03,SCB,239.08,239.08,245.44,239.08,1351,stock
2012-01-04,SCB,239.08,236.5,238.22,232.02,657,stock
2012-01-05,SCB,236.5,238.04,238.04,232.2,1204,stock
2012-01-08,SCB,238.04,231.17,233.92,227.9,2337,stock
2012-01-09,SCB,231.17,229.45,233.92,223.6,2110,stock
2012-01-10,SCB,229.45,232.54,236.5,223.6,1520,stock
2012-01-11,SCB,232.54,240.62,240.62,224.46,904,stock
2012-01-12,SCB,240.62,242.52,242.52,230.48,437,stock
2012-01-16,SCB,242.52,235.64,238.56,230.65,960,stock
2012-01-17,SCB,235.64,240.28,240.28,235.64,100,stock
2012-01-18,SCB,240.28,231.85,235.64,230.99,212,stock
2012-01-22,SCB,232.2,230.48,232.2,229.1,1022,stock
2012-01-23,SCB,230.48,228.76,232.2,227.04,1716,stock
2012-01-25,SCB,228.76,231.34,231.34,226.18,637,stock
2012-01-26,SCB,231.34,228.76,228.76,223.94,1732,stock
2012-01-29,SCB,228.76,227.38,227.38,227.04,578,stock
2012-01-31,SCB,227.38,229.79,229.79,224.97,1887,stock
2012-02-01,SCB,229.79,227.9,227.9,227.9,36,stock
2012-02-02,SCB,227.9,227.9,227.9,225.32,643,stock
2012-02-05,SCB,227.9,230.13,230.13,227.9,75,stock
2012-02-06,SCB,230.13,231.17,231.17,228.76,379,stock
2012-02-07,SCB,231.17,231.34,231.34,230.13,420,stock
2012-02-08,SCB,231.34,231.34,231.34,230.48,200,stock
2012-02-09,SCB,231.34,227.73,231.17,227.04,1695,stock
2012-02-12,SCB,227.73,229.1,229.1,227.38,2039,stock
2012-02-13,SCB,229.1,228.93,231.17,227.9,575,stock
2012-02-14,SCB,228.93,229.62,229.79,228.93,571,stock
2012-02-15,SCB,229.62,232.2,232.2,231.34,61,stock
2012-02-16,SCB,232.2,228.93,231.34,228.76,5547,stock
2012-02-21,SCB,228.93,229.27,229.62,227.9,908,stock
2012-02-23,SCB,229.27,230.48,230.48,229.45,112,stock
2012-02-26,SCB,230.48,232.54,234.78,231.34,202,stock
2012-02-27,SCB,232.54,231.34,232.2,230.48,1113,stock
2012-02-28,SCB,231.34,233.92,233.92,232.2,639,stock
2012-02-29,SCB,233.92,234.95,236.5,233.92,213,stock
2012-03-01,SCB,234.95,240.45,240.45,235.29,924,stock
2012-03-04,SCB,240.45,238.04,239.94,237.36,186,stock
2012-03-05,SCB,238.04,235.64,240.11,235.64,710,stock
2012-03-06,SCB,235.64,237.87,237.87,235.64,220,stock
2012-03-11,SCB,237.87,236.5,236.5,235.29,421,stock
2012-03-12,SCB,236.5,236.5,236.5,236.5,50,stock
2012-03-13,SCB,236.5,237.36,238.73,236.5,390,stock
2012-03-14,SCB,237.36,237.18,237.18,234.78,736,stock
2012-03-15,SCB,237.18,232.54,236.5,232.54,919,stock
2012-03-18,SCB,232.54,235.29,235.98,233.92,603,stock
2012-03-19,SCB,235.29,236.5,236.5,232.2,220,stock
2012-03-20,SCB,236.5,233.92,236.5,233.92,323,stock
2012-03-21,SCB,233.92,238.56,238.56,233.06,639,stock
2012-03-25,SCB,238.56,237.01,237.36,232.37,858,stock
2012-03-26,SCB,237.01,236.84,236.84,230.48,1414,stock
2012-03-27,SCB,236.84,236.84,241.48,232.2,310,stock
2012-03-28,SCB,236.84,233.92,233.92,232.2,212,stock
2012-03-29,SCB,233.92,237.7,237.7,230.82,212,stock
2012-04-01,SCB,237.7,232.2,233.23,230.13,327,stock
2012-04-02,SCB,232.2,237.7,237.7,231.85,564,stock
2012-04-03,SCB,237.7,232.2,233.92,232.2,938,stock
2012-04-04,SCB,232.2,236.84,236.84,232.2,951,stock
2012-04-05,SCB,236.84,235.81,235.81,231.34,150,stock
2012-04-08,SCB,235.81,236.84,236.84,234.78,609,stock
2012-04-09,SCB,236.84,237.36,237.36,236.5,318,stock
2012-04-10,SCB,237.36,240.62,240.62,238.73,656,stock
2012-04-11,SCB,240.62,244.92,245.96,240.8,1858,stock
2012-04-12,SCB,244.92,249.4,250.26,240.8,1560,stock
2012-04-15,SCB,249.4,271.93,271.93,254.38,535,stock
2012-04-16,SCB,271.93,293.94,293.94,277.26,350,stock
2012-04-17,SCB,293.94,272.62,317.85,272.62,2734,stock
2012-04-18,SCB,272.62,290.68,299.28,268.32,1282,stock
2012-04-19,SCB,290.68,295.84,299.28,285.52,2261,stock
2012-04-22,SCB,295.84,309.6,310.28,300.82,2364,stock
2012-04-24,SCB,309.6,340.56,340.56,315.79,1191,stock
2012-04-25,SCB,340.56,374.61,374.61,347.26,2301,stock
2012-04-26,SCB,374.61,378.4,391.98,338.49,5867,stock
2012-04-29,SCB,378.4,377.19,380.98,363.26,2982,stock
2012-04-30,SCB,377.19,350.36,374.96,350.02,3263,stock
2012-05-02,SCB,350.36,317.34,343.48,315.44,1101,stock
2012-05-03,SCB,317.34,336.43,336.43,323.53,532,stock
2012-05-07,SCB,336.43,356.72,356.72,343.14,669,stock
2012-05-08,SCB,356.72,378.4,378.4,354.32,3667,stock
2012-05-09,SCB,378.4,361.2,380.12,354.49,6406,stock
2012-05-10,SCB,361.2,352.6,359.65,337.12,3831,stock
2012-05-13,SCB,352.6,327.14,345.54,326.8,1623,stock
2012-05-14,SCB,327.14,299.28,323.36,294.46,2897,stock
2012-05-15,SCB,299.28,329.2,329.2,305.12,913,stock
2012-05-16,SCB,329.2,342.45,342.45,335.74,30,stock
2012-05-17,SCB,342.45,352.6,376.68,344.0,5152,stock
2012-05-20,SCB,352.6,343.14,348.3,337.12,1391,stock
2012-05-21,SCB,343.14,345.72,353.97,344.0,1681,stock
2012-05-22,SCB,345.72,339.7,343.82,337.12,1365,stock
2012-05-23,SCB,339.7,320.43,332.99,319.92,679,stock
2012-05-24,SCB,320.43,328.86,342.28,311.83,2004,stock
2012-05-27,SCB,328.86,341.93,347.44,329.38,2131,stock
2012-05-29,SCB,341.93,322.15,335.22,322.15,30,stock
2012-05-30,SCB,322.15,289.99,315.79,289.99,860,stock
2012-05-31,SCB,289.99,286.03,289.82,261.09,2945,stock
2012-06-03,SCB,286.03,314.58,314.58,291.71,1155,stock
2012-06-04,SCB,314.58,306.16,312.35,293.26,1566,stock
2012-06-05,SCB,306.16,297.56,301.68,293.26,1870,stock
2012-06-06,SCB,297.56,297.56,297.56,292.74,1406,stock
2012-06-07,SCB,297.56,299.28,306.16,292.4,1457,stock
2012-06-10,SCB,299.28,292.4,293.43,292.4,259,stock
2012-06-11,SCB,292.4,292.4,304.09,292.4,1726,stock
2012-06-12,SCB,292.4,294.12,294.29,292.05,1479,stock
2012-06-13,SCB,294.12,295.84,299.28,293.26,316,stock
2012-06-14,SCB,295.84,292.4,297.21,291.54,1463,stock
2012-06-17,SCB,292.4,293.94,293.94,289.3,698,stock
2012-06-18,SCB,293.94,293.26,294.8,292.22,1101,stock
2012-06-19,SCB,293.26,292.22,292.91,290.85,341,stock
2012-06-20,SCB,292.22,294.12,296.35,289.82,2270,stock
2012-06-21,SCB,294.12,294.98,294.98,291.54,1687,stock
2012-06-25,SCB,294.98,306.84,306.84,291.71,472,stock
2012-06-26,SCB,306.84,296.7,300.82,295.15,500,stock
2012-06-27,SCB,296.7,303.06,303.4,297.21,895,stock
2012-06-28,SCB,303.06,302.72,309.6,301.0,1478,stock
2012-07-01,SCB,302.72,303.75,305.3,301.68,469,stock
2012-07-02,SCB,303.75,296.52,303.58,296.52,961,stock
2012-07-03,SCB,296.52,295.66,297.56,291.88,8194,stock
2012-07-04,SCB,295.66,299.28,303.58,297.56,2013,stock
2012-07-05,SCB,299.28,300.48,301.34,294.46,1478,stock
2012-07-08,SCB,300.48,296.7,301.0,295.84,825,stock
2012-07-09,SCB,296.7,302.72,304.44,296.7,601,stock
2012-07-10,SCB,302.72,307.53,308.56,306.33,1387,stock
2012-07-11,SCB,307.53,305.3,307.88,305.3,1039,stock
2012-07-12,SCB,305.3,310.11,310.11,303.92,877,stock
2012-07-15,SCB,310.11,309.42,311.32,305.47,2070,stock
2012-07-16,SCB,309.42,306.33,307.53,306.16,293,stock
2012-07-17,SCB,306.33,307.88,307.88,306.16,436,stock
2012-07-18,SCB,307.88,309.6,309.6,304.44,1728,stock
2012-07-19,SCB,309.6,311.32,319.92,311.32,1702,stock
2012-07-22,SCB,311.32,318.54,319.23,310.46,1609,stock
2012-07-23,SCB,318.54,323.53,326.8,322.5,807,stock
2012-07-24,SCB,323.53,320.78,331.1,318.2,1380,stock
2012-07-25,SCB,320.78,325.08,330.92,323.01,1434,stock
2012-07-26,SCB,325.08,318.54,320.6,317.34,995,stock
2012-07-29,SCB,318.54,316.48,318.88,315.96,589,stock
2012-07-30,SCB,316.48,314.93,314.93,314.93,15,stock
2012-07-31,SCB,314.93,318.2,318.2,313.9,1723,stock
2012-08-01,SCB,318.2,316.48,318.54,314.76,590,stock
2012-08-05,SCB,316.48,316.48,319.92,316.48,891,stock
2012-08-06,SCB,316.48,321.46,321.64,319.06,558,stock
2012-08-07,SCB,321.46,321.98,323.01,319.92,854,stock
2012-08-08,SCB,321.98,315.96,320.78,315.96,687,stock
2012-08-12,SCB,315.96,314.76,315.79,313.38,2010,stock
2012-08-13,SCB,314.76,314.76,314.76,313.04,422,stock
2012-08-14,SCB,314.76,313.04,313.21,311.66,1177,stock
2012-08-15,SCB,313.04,301.34,307.88,301.34,726,stock
2012-08-16,SCB,301.34,319.23,319.23,300.14,1062,stock
2012-08-19,SCB,319.23,305.47,312.86,304.61,261,stock
2012-08-21,SCB,305.47,304.78,305.81,299.45,5003,stock
2012-08-22,SCB,304.78,305.3,305.3,302.03,558,stock
2012-08-23,SCB,305.3,306.16,306.16,303.58,318,stock
2012-08-26,SCB,306.16,301.86,306.16,300.14,882,stock
2012-08-27,SCB,301.86,302.89,304.44,301.34,614,stock
2012-08-28,SCB,302.89,300.14,302.72,300.14,844,stock
2012-08-29,SCB,300.14,303.4,305.98,300.14,823,stock
2012-08-30,SCB,303.4,299.28,301.86,299.28,2074,stock
2012-09-02,SCB,299.28,309.6,310.8,304.26,523,stock
2012-09-03,SCB,309.6,307.88,309.6,304.61,1330,stock
2012-09-04,SCB,307.88,304.61,307.7,301.86,1083,stock
2012-09-05,SCB,304.61,303.75,303.75,303.75,403,stock
2012-09-06,SCB,303.75,306.16,307.02,302.72,479,stock
2012-09-09,SCB,306.16,301.0,302.72,301.0,269,stock
2012-09-10,SCB,301.0,299.62,302.03,299.62,207,stock
2012-09-11,SCB,299.62,311.32,316.48,301.17,1956,stock
2012-09-12,SCB,311.32,309.6,317.51,307.88,998,stock
2012-09-13,SCB,309.6,314.58,318.2,309.6,5011,stock
2012-09-16,SCB,314.58,316.48,316.48,312.69,1321,stock
2012-09-17,SCB,316.48,310.8,315.62,310.28,694,stock
2012-09-18,SCB,310.8,311.14,313.9,309.6,1930,stock
2012-09-19,SCB,311.14,307.88,309.6,307.88,347,stock
2012-09-20,SCB,307.88,303.4,307.88,299.28,1235,stock
2012-09-23,SCB,303.4,300.14,303.06,297.56,647,stock
2012-09-24,SCB,300.14,294.29,298.42,294.29,965,stock
2012-09-25,SCB,294.29,294.12,294.12,288.44,1068,stock
2012-09-26,SCB,294.12,293.43,295.66,293.43,1075,stock
2012-09-27,SCB,293.43,294.98,295.84,292.4,340,stock
2012-09-30,SCB,294.98,292.91,296.7,292.4,1021,stock
2012-10-01,SCB,292.91,293.26,297.9,292.4,1538,stock
2012-10-02,SCB,293.26,294.12,295.84,293.26,440,stock
2012-10-03,SCB,294.12,293.77,295.15,290.68,1259,stock
2012-10-04,SCB,293.77,292.4,294.63,292.4,1129,stock
2012-10-07,SCB,292.4,300.82,300.82,292.4,212,stock
2012-10-08,SCB,300.82,299.28,301.17,295.49,816,stock
2012-10-09,SCB,299.28,295.49,296.01,294.98,600,stock
2012-10-10,SCB,295.49,296.52,299.28,294.98,430,stock
2012-10-11,SCB,296.52,296.7,296.7,296.01,262,stock
2012-10-14,SCB,296.7,298.42,298.42,295.84,354,stock
2012-10-15,SCB,298.42,301.86,301.86,301.0,82,stock
2012-10-17,SCB,301.86,307.7,307.7,302.72,169,stock
2012-10-18,SCB,307.7,304.44,304.44,301.86,270,stock
2012-10-30,SCB,304.44,312.35,314.76,307.02,758,stock
2012-10-31,SCB,312.35,316.65,318.2,313.72,1542,stock
2012-11-01,SCB,316.65,313.04,314.93,311.66,454,stock
2012-11-04,SCB,313.04,320.78,321.81,313.04,2766,stock
2012-11-05,SCB,320.78,327.48,329.38,321.64,3766,stock
2012-11-06,SCB,327.48,344.0,344.0,333.68,2606,stock
2012-11-07,SCB,344.0,366.36,366.36,346.4,4941,stock
2012-11-08,SCB,366.36,374.96,376.68,356.9,7281,stock
2012-11-11,SCB,431.2,381.75,395.59,377.79,2126,stock
2012-11-12,SCB,381.75,385.71,389.07,381.75,1499,stock
2012-11-18,SCB,385.71,400.14,400.14,390.65,1513,stock
2012-11-20,SCB,400.14,403.51,413.4,403.51,1985,stock
2012-11-21,SCB,403.51,399.16,405.48,397.57,2606,stock
2012-11-22,SCB,399.16,397.18,398.56,385.31,968,stock
2012-11-25,SCB,397.18,396.19,399.75,389.66,1006,stock
2012-11-26,SCB,396.19,390.06,390.65,387.68,10746,stock
2012-11-27,SCB,390.06,391.24,391.24,382.74,161,stock
2012-11-28,SCB,391.24,381.75,391.64,375.82,818,stock
2012-11-29,SCB,381.75,377.79,378.19,375.82,709,stock
2012-12-02,SCB,377.79,376.8,376.8,375.82,404,stock
2012-12-03,SCB,376.8,380.76,380.76,374.83,686,stock
2012-12-04,SCB,380.76,381.75,386.1,378.78,430,stock
2012-12-05,SCB,381.75,394.41,394.41,389.27,3804,stock
2012-12-06,SCB,394.41,391.64,394.21,386.69,1461,stock
2012-12-09,SCB,391.64,384.72,385.71,378.78,980,stock
2012-12-10,SCB,384.72,384.72,384.72,384.72,35,stock
2012-12-11,SCB,384.72,385.71,387.29,382.74,495,stock
2012-12-13,SCB,385.71,391.24,391.24,379.97,125,stock
2012-12-16,SCB,391.24,404.5,417.15,393.62,3502,stock
2012-12-17,SCB,404.5,408.45,415.18,407.26,4062,stock
2012-12-18,SCB,408.45,400.34,405.48,395.59,674,stock
2012-12-19,SCB,400.34,401.53,405.29,392.63,1741,stock
2012-12-20,SCB,401.53,395.59,405.48,395.59,1495,stock
2012-12-23,SCB,395.59,398.36,405.48,395.59,3097,stock
2012-12-24,SCB,398.36,399.55,415.37,395.59,2275,stock
2012-12-26,SCB,399.55,419.33,419.33,402.52,5188,stock
2012-12-27,SCB,419.33,421.31,423.48,415.37,5832,stock
2012-12-31,SCB,421.31,418.34,424.28,407.66,2438,stock
2013-01-01,SCB,418.34,416.36,425.46,414.39,1609,stock
2013-01-02,SCB,416.36,411.62,419.33,395.59,3375,stock
2013-01-03,SCB,411.62,415.57,417.35,412.41,896,stock
2013-01-06,SCB,415.57,412.21,415.37,407.26,1233,stock
2013-01-07,SCB,412.21,406.67,413.79,406.28,772,stock
2013-01-08,SCB,406.67,405.48,405.48,403.31,116,stock
2013-01-09,SCB,405.48,405.48,413.4,405.48,410,stock
2013-01-10,SCB,405.48,405.29,405.29,395.59,2181,stock
2013-01-13,SCB,405.29,408.45,408.45,399.55,781,stock
2013-01-15,SCB,408.45,406.08,406.08,396.39,1500,stock
2013-01-16,SCB,406.08,403.51,412.21,399.16,1802,stock
2013-01-17,SCB,403.51,396.58,399.35,395.59,2209,stock
2013-01-20,SCB,396.58,379.57,395.59,375.82,1440,stock
2013-01-21,SCB,379.57,385.71,387.09,379.57,368,stock
2013-01-22,SCB,385.71,389.27,394.61,381.75,3946,stock
2013-01-23,SCB,389.27,386.69,390.65,386.69,357,stock
2013-01-24,SCB,386.69,384.72,389.66,383.73,962,stock
2013-01-27,SCB,384.72,391.64,391.64,379.77,804,stock
2013-01-28,SCB,391.64,391.64,391.64,389.66,1965,stock
2013-01-30,SCB,391.64,391.44,399.35,387.68,2329,stock
2013-01-31,SCB,391.44,389.66,389.66,383.73,3532,stock
2013-02-03,SCB,389.66,391.44,391.44,383.53,1269,stock
2013-02-04,SCB,391.44,385.71,386.69,383.73,1222,stock
2013-02-05,SCB,385.71,386.89,386.89,383.73,850,stock
2013-02-06,SCB,386.89,383.73,385.71,383.73,681,stock
2013-02-07,SCB,383.73,383.53,383.73,383.53,125,stock
2013-02-10,SCB,383.53,376.8,385.71,373.84,1156,stock
2013-02-12,SCB,376.8,387.68,392.03,377.79,3167,stock
2013-02-13,SCB,387.68,381.75,383.73,379.77,1320,stock
2013-02-14,SCB,381.75,386.1,386.5,381.75,2081,stock
2013-02-17,SCB,386.1,401.53,401.53,393.81,27,stock
2013-02-19,SCB,401.53,396.19,410.43,395.59,3862,stock
2013-02-20,SCB,396.19,383.73,388.87,381.75,1564,stock
2013-02-21,SCB,383.73,393.02,393.42,385.71,1383,stock
2013-02-24,SCB,393.02,385.31,385.71,384.72,582,stock
2013-02-25,SCB,385.31,389.46,396.58,381.95,1820,stock
2013-02-26,SCB,389.46,387.88,397.18,387.88,1634,stock
2013-02-27,SCB,387.88,381.75,385.71,379.77,1352,stock
2013-02-28,SCB,381.75,383.33,383.73,378.78,1573,stock
2013-03-03,SCB,383.33,380.76,387.68,380.76,442,stock
2013-03-04,SCB,380.76,381.75,383.92,377.99,843,stock
2013-03-05,SCB,381.75,379.57,382.74,377.79,964,stock
2013-03-06,SCB,379.57,377.79,381.75,375.82,947,stock
2013-03-07,SCB,377.79,377.6,378.78,376.8,1038,stock
2013-03-11,SCB,377.6,380.76,382.74,377.0,1470,stock
2013-03-13,SCB,380.76,380.36,385.31,377.79,994,stock
2013-03-14,SCB,380.36,376.8,387.88,375.82,2155,stock
2013-03-17,SCB,376.8,377.2,377.79,375.82,796,stock
2013-03-18,SCB,377.2,373.84,376.8,369.88,930,stock
2013-03-19,SCB,373.84,372.85,375.82,365.93,1542,stock
2013-03-20,SCB,372.85,366.52,372.85,365.13,2114,stock
2013-03-21,SCB,366.52,368.89,373.44,365.93,436,stock
2013-03-24,SCB,368.89,369.88,369.88,361.97,1042,stock
2013-03-25,SCB,369.88,367.71,367.71,359.99,1410,stock
2013-03-27,SCB,367.71,363.35,367.71,360.39,1131,stock
2013-03-28,SCB,363.35,369.68,369.68,356.04,2312,stock
2013-03-31,SCB,369.68,361.97,371.86,355.05,534,stock
2013-04-01,SCB,361.97,361.97,361.97,354.85,1718,stock
2013-04-02,SCB,361.97,364.94,364.94,357.02,1193,stock
2013-04-03,SCB,364.94,366.91,372.06,362.76,441,stock
2013-04-04,SCB,366.91,357.02,363.35,356.04,1690,stock
2013-04-07,SCB,357.02,358.01,358.01,356.04,85,stock
2013-04-08,SCB,358.01,359.0,359.99,356.43,734,stock
2013-04-09,SCB,359.0,357.22,361.97,357.02,1788,stock
2013-04-11,SCB,357.22,371.27,371.27,359.99,917,stock
2013-04-15,SCB,371.27,363.75,378.58,363.75,114,stock
2013-04-16,SCB,363.75,361.57,361.97,357.62,1489,stock
2013-04-17,SCB,361.57,359.6,362.76,359.6,1943,stock
2013-04-18,SCB,359.6,359.99,360.19,357.82,2177,stock
2013-04-21,SCB,359.99,357.02,359.99,354.06,1175,stock
2013-04-22,SCB,357.02,356.83,358.01,350.5,3113,stock
2013-04-23,SCB,356.83,360.98,364.15,357.02,769,stock
2013-04-25,SCB,360.98,356.04,360.98,356.04,5900,stock
2013-04-28,SCB,356.04,356.04,359.0,356.04,1284,stock
2013-04-29,SCB,356.04,359.0,360.98,356.04,1608,stock
2013-04-30,SCB,359.0,360.98,360.98,357.82,1681,stock
2013-05-02,SCB,360.98,356.04,358.01,354.06,1892,stock
2013-05-05,SCB,356.04,350.1,357.82,348.12,1280,stock
2013-05-06,SCB,350.1,341.2,346.15,340.41,921,stock
2013-05-07,SCB,341.2,342.59,346.15,337.24,1748,stock
2013-05-08,SCB,342.59,342.19,342.19,341.2,139,stock
2013-05-09,SCB,342.19,348.12,348.12,342.19,384,stock
2013-05-12,SCB,348.12,348.12,348.12,341.6,1687,stock
2013-05-13,SCB,348.12,345.16,350.1,342.19,775,stock
2013-05-14,SCB,345.16,346.15,346.15,345.16,812,stock
2013-05-15,SCB,346.15,345.55,351.09,344.17,194,stock
2013-05-16,SCB,345.55,347.13,351.09,345.16,309,stock
2013-05-19,SCB,347.13,353.07,353.07,349.11,3226,stock
2013-05-20,SCB,353.07,359.0,361.97,349.11,4646,stock
2013-05-21,SCB,359.0,360.78,363.75,356.04,1410,stock
2013-05-22,SCB,360.78,359.0,359.0,356.04,1776,stock
2013-05-23,SCB,359.0,356.04,357.02,354.06,1260,stock
2013-05-26,SCB,356.04,358.61,358.61,356.04,1127,stock
2013-05-27,SCB,358.61,358.01,359.79,358.01,6450,stock
2013-05-28,SCB,358.01,358.01,359.99,358.01,513,stock
2013-05-30,SCB,358.01,356.04,357.62,352.08,1723,stock
2013-06-02,SCB,356.04,356.04,356.43,356.04,2532,stock
2013-06-03,SCB,356.04,359.0,359.0,356.04,224,stock
2013-06-04,SCB,359.0,356.04,356.04,356.04,788,stock
2013-06-05,SCB,356.04,356.04,356.23,352.08,887,stock
2013-06-06,SCB,356.04,358.01,358.01,352.08,3034,stock
2013-06-09,SCB,358.01,359.6,359.6,356.83,524,stock
2013-06-10,SCB,359.6,356.23,358.8,356.04,353,stock
2013-06-11,SCB,356.23,357.22,358.8,356.04,189,stock
2013-06-12,SCB,357.22,357.82,357.82,356.04,945,stock
2013-06-13,SCB,357.82,356.23,358.01,356.04,678,stock
2013-06-16,SCB,356.23,356.04,358.01,356.04,2606,stock
2013-06-17,SCB,356.04,356.23,356.23,355.84,681,stock
2013-06-18,SCB,356.23,358.01,370.28,356.04,6546,stock
2013-06-19,SCB,358.01,356.04,359.99,356.04,257,stock
2013-06-20,SCB,356.04,356.43,357.62,353.86,2427,stock
2013-06-23,SCB,356.43,356.04,358.41,356.04,691,stock
2013-06-24,SCB,356.04,358.21,358.21,356.23,198,stock
2013-06-25,SCB,358.21,358.01,363.16,357.02,1303,stock
2013-06-26,SCB,358.01,359.99,361.97,358.01,603,stock
2013-06-27,SCB,359.99,358.01,358.01,357.02,207,stock
2013-06-30,SCB,358.01,356.23,356.83,356.04,592,stock
2013-07-01,SCB,356.23,360.98,360.98,350.3,260,stock
2013-07-02,SCB,360.98,361.18,361.18,356.04,277,stock
2013-07-03,SCB,361.18,356.63,357.82,356.04,255,stock
2013-07-04,SCB,356.63,355.05,357.02,354.06,2311,stock
2013-07-07,SCB,355.05,356.23,357.22,355.84,2293,stock
2013-07-08,SCB,356.23,356.04,356.83,352.08,1477,stock
2013-07-09,SCB,356.04,357.02,359.0,356.04,2812,stock
2013-07-10,SCB,357.02,359.4,360.98,356.04,1529,stock
2013-07-11,SCB,359.4,365.93,365.93,356.04,2227,stock
2013-07-14,SCB,365.93,360.58,361.77,358.61,973,stock
2013-07-15,SCB,360.58,359.99,363.35,359.99,276,stock
2013-07-16,SCB,359.99,360.98,360.98,359.79,329,stock
2013-07-17,SCB,360.98,360.98,360.98,360.98,30,stock
2013-07-18,SCB,360.98,365.93,366.72,359.0,1496,stock
2013-07-21,SCB,365.93,381.55,382.94,365.93,4022,stock
2013-07-22,SCB,381.55,386.69,391.44,381.75,2037,stock
2013-07-23,SCB,386.69,386.69,386.69,382.34,777,stock
2013-07-24,SCB,386.69,383.73,385.51,381.75,353,stock
2013-07-25,SCB,383.73,381.75,382.74,381.75,1035,stock
2013-07-28,SCB,381.75,383.73,383.73,379.77,337,stock
2013-07-29,SCB,383.73,385.51,386.1,381.75,563,stock
2013-07-30,SCB,385.51,387.49,387.68,384.72,803,stock
2013-07-31,SCB,387.49,383.73,387.68,381.75,3674,stock
2013-08-01,SCB,383.73,381.16,388.08,378.78,2240,stock
2013-08-04,SCB,381.16,376.8,387.68,376.8,3867,stock
2013-08-05,SCB,376.8,378.19,378.98,377.79,706,stock
2013-08-06,SCB,378.19,375.82,381.55,375.82,2640,stock
2013-08-07,SCB,375.82,379.77,379.77,378.78,257,stock
2013-08-08,SCB,379.77,375.82,382.74,375.82,741,stock
2013-08-11,SCB,375.82,370.87,375.82,370.87,1909,stock
2013-08-12,SCB,370.87,370.87,376.8,368.89,995,stock
2013-08-13,SCB,370.87,369.88,376.01,369.88,609,stock
2013-08-14,SCB,369.88,365.93,375.82,365.93,1534,stock
2013-08-15,SCB,365.93,363.95,369.88,360.98,557,stock
2013-08-18,SCB,363.95,362.96,364.94,356.04,596,stock
2013-08-19,SCB,362.96,363.95,363.95,360.19,1211,stock
2013-08-20,SCB,363.95,362.96,365.93,361.97,1024,stock
2013-08-25,SCB,362.96,363.95,369.88,359.0,737,stock
2013-08-26,SCB,363.95,360.98,365.93,360.98,839,stock
2013-08-27,SCB,360.98,362.96,364.94,359.99,932,stock
2013-08-29,SCB,362.96,361.18,368.1,361.18,1022,stock
2013-09-01,SCB,361.18,363.95,364.94,360.98,1952,stock
2013-09-02,SCB,363.95,363.95,365.53,361.38,884,stock
2013-09-03,SCB,363.95,362.96,365.53,359.99,1193,stock
2013-09-04,SCB,362.96,361.97,362.96,361.97,1308,stock
2013-09-05,SCB,361.97,361.97,361.97,359.99,1006,stock
2013-09-08,SCB,361.97,373.84,375.82,357.02,1646,stock
2013-09-09,SCB,373.84,369.88,373.84,369.88,1079,stock
2013-09-10,SCB,369.88,363.95,369.88,363.95,532,stock
2013-09-11,SCB,363.95,365.73,365.93,363.95,543,stock
2013-09-12,SCB,365.73,362.96,366.52,362.96,679,stock
2013-09-15,SCB,362.96,362.96,367.9,359.0,1875,stock
2013-09-16,SCB,362.96,364.74,365.93,358.01,855,stock
2013-09-17,SCB,364.74,361.97,363.95,357.02,1398,stock
2013-09-19,SCB,361.97,355.05,360.98,349.11,1129,stock
2013-09-22,SCB,355.05,344.17,356.04,344.17,1398,stock
2013-09-23,SCB,344.17,339.22,342.19,338.23,1020,stock
2013-09-24,SCB,339.22,343.18,344.17,336.26,1439,stock
2013-09-25,SCB,343.18,339.22,343.38,338.23,1127,stock
2013-09-26,SCB,339.22,340.61,343.57,340.21,615,stock
2013-09-29,SCB,340.61,335.27,340.61,334.28,1313,stock
2013-09-30,SCB,335.27,329.53,336.26,329.53,1172,stock
2013-10-01,SCB,329.53,332.7,339.42,324.39,532,stock
2013-10-02,SCB,332.7,335.27,339.22,332.7,861,stock
2013-10-03,SCB,335.27,332.5,339.62,331.31,3047,stock
2013-10-06,SCB,332.5,335.27,336.26,330.32,2553,stock
2013-10-07,SCB,335.27,336.26,338.83,336.26,2103,stock
2013-10-08,SCB,336.26,341.2,341.2,340.21,207,stock
2013-10-09,SCB,341.2,347.93,347.93,338.23,1127,stock
2013-10-10,SCB,347.93,348.12,354.65,348.12,124,stock
2013-10-17,SCB,348.12,352.08,352.08,348.12,220,stock
2013-10-20,SCB,352.08,356.04,356.43,346.15,2441,stock
2013-10-21,SCB,356.04,359.0,367.9,356.23,974,stock
2013-10-22,SCB,359.0,357.02,358.01,356.04,489,stock
2013-10-23,SCB,357.02,356.04,359.99,356.04,506,stock
2013-10-24,SCB,356.04,354.06,356.83,347.13,1741,stock
2013-10-27,SCB,354.06,364.15,364.15,352.67,3949,stock
2013-10-28,SCB,364.15,355.05,357.02,354.06,1409,stock
2013-10-29,SCB,355.05,354.06,359.99,354.06,5768,stock
2013-10-30,SCB,389.46,359.0,362.7,359.0,454,stock
2013-10-31,SCB,359.0,354.0,363.35,353.78,532,stock
2013-11-06,SCB,354.0,352.48,352.48,351.82,64,stock
2013-11-07,SCB,352.48,353.56,354.65,351.17,1263,stock
2013-11-10,SCB,353.56,354.65,354.65,348.34,606,stock
2013-11-11,SCB,354.65,361.4,367.71,359.0,479,stock
2013-11-12,SCB,361.4,363.35,371.62,363.35,2026,stock
2013-11-13,SCB,363.35,369.66,369.88,365.53,576,stock
2013-11-14,SCB,369.66,362.92,364.44,362.48,896,stock
2013-11-21,SCB,362.92,391.64,391.64,370.1,113,stock
2013-11-24,SCB,391.64,413.4,430.8,399.47,2886,stock
2013-11-25,SCB,413.4,413.18,415.57,405.78,2385,stock
2013-11-26,SCB,413.18,413.4,413.4,406.87,997,stock
2013-11-27,SCB,413.4,406.87,406.87,402.52,356,stock
2013-11-28,SCB,406.87,394.9,402.74,394.9,221,stock
2013-12-01,SCB,394.9,395.99,402.3,394.03,907,stock
2013-12-02,SCB,395.99,391.64,391.64,385.33,779,stock
2013-12-03,SCB,391.64,389.46,391.64,387.29,1379,stock
2013-12-04,SCB,389.46,406.0,413.4,395.99,3025,stock
2013-12-05,SCB,406.0,413.4,429.93,409.05,4207,stock
2013-12-08,SCB,413.4,409.05,413.18,409.05,2551,stock
2013-12-09,SCB,409.05,409.05,409.05,405.78,966,stock
2013-12-10,SCB,409.05,407.96,409.05,403.61,2048,stock
2013-12-11,SCB,407.96,413.18,416.01,406.87,2848,stock
2013-12-12,SCB,413.18,413.83,415.35,410.13,1413,stock
2013-12-15,SCB,413.83,417.75,417.75,409.26,6108,stock
2013-12-16,SCB,417.75,435.37,437.11,418.84,1960,stock
2013-12-18,SCB,435.37,471.71,471.71,428.63,1944,stock
2013-12-19,SCB,471.71,461.7,473.23,439.51,6130,stock
2013-12-22,SCB,461.7,452.56,460.18,452.56,3839,stock
2013-12-23,SCB,452.56,436.24,443.86,435.15,1939,stock
2013-12-24,SCB,436.24,441.68,453.43,434.07,3821,stock
2013-12-26,SCB,441.68,457.35,463.44,450.38,5123,stock
2013-12-29,SCB,457.35,451.47,454.74,440.59,1558,stock
2013-12-31,SCB,451.47,440.59,454.74,438.42,1706,stock
2014-01-01,SCB,440.59,428.63,439.51,428.63,930,stock
2014-01-02,SCB,428.63,438.42,438.42,424.28,2139,stock
2014-01-05,SCB,438.42,435.15,438.42,435.15,750,stock
2014-01-06,SCB,435.15,434.28,435.81,434.07,907,stock
2014-01-07,SCB,434.28,432.98,435.15,426.45,1438,stock
2014-01-08,SCB,432.98,435.15,439.51,435.15,1334,stock
2014-01-09,SCB,435.15,432.98,438.42,430.8,559,stock
2014-01-12,SCB,432.98,435.37,437.33,429.71,385,stock
2014-01-13,SCB,435.37,426.45,437.77,426.45,793,stock
2014-01-14,SCB,426.45,424.49,426.67,424.28,1036,stock
2014-01-16,SCB,424.49,425.15,430.8,424.28,3531,stock
2014-01-19,SCB,425.15,429.71,432.98,425.8,2359,stock
2014-01-20,SCB,429.71,424.28,429.71,424.28,3366,stock
2014-01-21,SCB,424.28,425.36,429.71,424.28,4879,stock
2014-01-22,SCB,425.36,424.93,425.36,422.1,3884,stock
2014-01-23,SCB,424.93,432.98,436.02,424.28,4782,stock
2014-01-26,SCB,432.98,425.15,428.63,424.71,2139,stock
2014-01-27,SCB,425.15,424.71,428.63,424.28,2652,stock
2014-01-28,SCB,424.71,424.28,426.45,424.28,2009,stock
2014-01-29,SCB,424.28,425.58,426.45,424.28,1848,stock
2014-02-02,SCB,425.58,424.28,426.67,424.28,3499,stock
2014-02-03,SCB,424.28,414.92,423.19,413.83,3440,stock
2014-02-04,SCB,414.92,422.32,422.32,411.22,709,stock
2014-02-05,SCB,422.32,422.1,423.19,419.92,2072,stock
2014-02-06,SCB,422.1,422.32,429.93,422.1,1074,stock
2014-02-09,SCB,422.32,419.92,423.19,419.92,2441,stock
2014-02-10,SCB,419.92,429.71,439.51,426.89,1547,stock
2014-02-11,SCB,429.71,426.45,430.8,422.1,3381,stock
2014-02-12,SCB,426.45,422.1,425.36,422.1,1394,stock
2014-02-13,SCB,422.1,424.28,426.02,419.92,1134,stock
2014-02-16,SCB,424.28,419.71,419.92,411.66,916,stock
2014-02-17,SCB,419.71,421.01,425.36,419.71,2018,stock
2014-02-18,SCB,421.01,424.49,425.36,420.36,2771,stock
2014-02-20,SCB,424.49,418.84,424.28,416.01,661,stock
2014-02-23,SCB,418.84,420.36,428.19,419.92,2299,stock
2014-02-24,SCB,420.36,419.92,424.49,419.92,8412,stock
2014-02-25,SCB,419.92,422.1,423.19,419.92,1743,stock
2014-02-26,SCB,422.1,417.53,426.45,416.66,1191,stock
2014-03-03,SCB,417.53,413.4,423.41,412.53,2073,stock
2014-03-04,SCB,413.4,402.52,413.4,398.82,957,stock
2014-03-05,SCB,402.52,405.78,411.66,391.64,4205,stock
2014-03-06,SCB,405.78,405.78,407.96,399.25,1268,stock
2014-03-09,SCB,405.78,401.65,405.78,399.25,748,stock
2014-03-10,SCB,401.65,396.43,396.43,391.64,946,stock
2014-03-11,SCB,396.43,393.81,397.95,392.73,1726,stock
2014-03-12,SCB,393.81,387.5,393.81,387.5,1677,stock
2014-03-13,SCB,387.5,390.55,393.81,389.46,551,stock
2014-03-17,SCB,390.55,380.76,388.38,379.67,461,stock
2014-03-18,SCB,380.76,368.14,375.32,368.14,1252,stock
2014-03-19,SCB,368.14,377.5,377.5,373.14,196,stock
2014-03-20,SCB,377.5,389.46,389.46,378.58,361,stock
2014-03-23,SCB,389.46,391.64,391.64,382.94,644,stock
2014-03-24,SCB,391.64,389.68,391.64,389.46,404,stock
2014-03-25,SCB,389.68,389.68,391.64,386.63,694,stock
2014-03-26,SCB,389.68,382.94,390.55,379.67,1425,stock
2014-03-27,SCB,382.94,382.94,390.55,378.58,1289,stock
2014-03-31,SCB,382.94,382.94,383.81,380.76,1918,stock
2014-04-01,SCB,382.94,386.2,386.2,380.76,1933,stock
2014-04-02,SCB,386.2,387.29,387.29,381.85,1206,stock
2014-04-03,SCB,387.29,385.33,388.59,385.11,2291,stock
2014-04-06,SCB,385.33,380.76,385.33,378.58,1479,stock
2014-04-07,SCB,380.76,379.24,381.85,374.67,2041,stock
2014-04-09,SCB,379.24,380.32,380.32,378.58,1625,stock
2014-04-10,SCB,380.32,391.64,391.86,378.58,4479,stock
2014-04-13,SCB,391.64,395.56,396.86,391.64,1821,stock
2014-04-15,SCB,395.56,392.73,398.17,391.64,1755,stock
2014-04-16,SCB,392.73,387.29,389.46,387.29,956,stock
2014-04-17,SCB,387.29,382.5,386.2,381.85,1920,stock
2014-04-20,SCB,382.5,386.2,386.2,382.94,523,stock
2014-04-21,SCB,386.2,390.55,390.55,380.76,2658,stock
2014-04-22,SCB,390.55,390.55,393.81,387.29,716,stock
2014-04-23,SCB,390.55,392.73,394.9,390.55,1531,stock
2014-04-27,SCB,392.73,390.55,391.64,387.29,944,stock
2014-04-28,SCB,390.55,380.76,390.33,380.76,965,stock
2014-04-29,SCB,380.76,380.98,386.2,379.24,1148,stock
2014-04-30,SCB,380.98,391.42,395.99,388.38,549,stock
2014-05-04,SCB,391.42,390.55,391.64,390.55,65,stock
2014-05-05,SCB,390.55,391.64,391.64,391.42,609,stock
2014-05-06,SCB,391.64,396.21,402.52,393.81,2229,stock
2014-05-07,SCB,396.21,394.47,402.52,391.64,2990,stock
2014-05-08,SCB,394.47,393.81,394.9,386.63,2110,stock
2014-05-11,SCB,393.81,392.51,401.43,389.46,2179,stock
2014-05-12,SCB,392.51,386.2,393.81,386.2,702,stock
2014-05-13,SCB,386.2,391.42,391.64,382.94,5902,stock
2014-05-15,SCB,391.42,390.99,393.81,389.46,2565,stock
2014-05-18,SCB,390.99,391.42,392.73,389.68,1368,stock
2014-05-19,SCB,391.42,385.55,391.42,382.94,787,stock
2014-05-20,SCB,385.55,387.94,388.59,382.94,638,stock
2014-05-21,SCB,387.94,385.11,386.2,382.94,1439,stock
2014-05-22,SCB,385.11,386.2,386.2,382.94,2100,stock
2014-05-25,SCB,386.2,391.64,393.81,385.98,2835,stock
2014-05-26,SCB,391.64,392.51,393.38,390.77,1223,stock
2014-05-27,SCB,392.51,384.02,391.64,384.02,1764,stock
2014-05-28,SCB,384.02,389.46,389.46,383.81,1157,stock
2014-06-01,SCB,389.46,389.46,392.73,387.29,1757,stock
2014-06-02,SCB,389.46,398.82,400.56,391.64,4299,stock
2014-06-03,SCB,398.82,409.05,412.74,398.17,3834,stock
2014-06-04,SCB,409.05,413.61,413.61,405.78,2009,stock
2014-06-05,SCB,413.61,418.62,418.62,413.4,3451,stock
2014-06-08,SCB,418.62,429.71,434.94,415.57,11030,stock
2014-06-09,SCB,429.71,432.98,438.2,429.71,6062,stock
2014-06-10,SCB,432.98,434.07,437.11,432.98,6384,stock
2014-06-11,SCB,434.07,434.07,439.94,434.07,7147,stock
2014-06-12,SCB,434.07,469.97,469.97,437.11,12425,stock
2014-06-15,SCB,469.97,516.96,516.96,478.67,13313,stock
2014-06-16,SCB,516.96,565.27,565.27,522.19,24239,stock
2014-06-17,SCB,565.27,539.59,565.7,524.36,20095,stock
2014-06-18,SCB,539.59,528.93,549.38,528.93,8749,stock
2014-06-19,SCB,528.93,532.63,532.63,518.92,10783,stock
2014-06-23,SCB,532.63,517.62,533.06,512.39,1753,stock
2014-06-24,SCB,517.62,525.45,535.68,511.31,4177,stock
2014-06-25,SCB,525.45,536.33,536.33,522.19,7769,stock
2014-06-26,SCB,536.33,543.94,543.94,529.15,6189,stock
2014-06-29,SCB,543.94,542.2,546.12,542.2,4945,stock
2014-06-30,SCB,542.2,543.51,543.94,538.94,1613,stock
2014-07-01,SCB,543.51,535.24,543.94,535.24,1508,stock
2014-07-02,SCB,535.24,541.77,543.94,536.33,2203,stock
2014-07-03,SCB,541.77,541.33,543.51,531.98,2875,stock
2014-07-06,SCB,541.33,541.33,546.12,537.42,3076,stock
2014-07-07,SCB,541.33,541.77,546.12,539.59,4362,stock
2014-07-08,SCB,541.77,551.56,557.0,543.94,5018,stock
2014-07-09,SCB,551.56,576.8,582.02,554.82,4933,stock
2014-07-10,SCB,576.8,595.07,595.07,568.09,8791,stock
2014-07-13,SCB,595.07,602.69,630.97,587.46,11426,stock
2014-07-14,SCB,602.69,607.26,608.13,589.63,4243,stock
2014-07-15,SCB,607.26,603.78,609.0,601.6,5364,stock
2014-07-16,SCB,603.78,609.0,615.74,598.34,8189,stock
2014-07-17,SCB,609.0,634.67,634.67,607.04,7689,stock
2014-07-20,SCB,634.67,657.74,673.18,641.85,8254,stock
2014-07-21,SCB,657.74,651.64,654.91,641.42,6358,stock
2014-07-22,SCB,651.64,646.2,652.51,635.54,6116,stock
2014-07-23,SCB,646.2,648.38,652.73,644.25,2944,stock
2014-07-24,SCB,648.38,641.85,648.38,628.8,2417,stock
2014-07-27,SCB,641.85,635.33,648.38,633.15,901,stock
2014-07-28,SCB,635.33,623.36,630.97,617.92,1007,stock
2014-07-30,SCB,623.36,615.74,625.53,613.57,1254,stock
2014-07-31,SCB,615.74,609.22,615.31,607.04,4553,stock
2014-08-03,SCB,609.22,594.42,610.3,594.42,3795,stock
2014-08-04,SCB,594.42,587.46,598.34,587.46,5731,stock
2014-08-05,SCB,587.46,588.55,603.78,587.46,2009,stock
2014-08-06,SCB,588.55,592.9,592.9,585.28,1651,stock
2014-08-07,SCB,592.9,586.59,587.46,577.01,3139,stock
2014-08-12,SCB,586.59,572.23,590.72,570.05,1616,stock
2014-08-13,SCB,572.23,565.7,583.32,546.12,5041,stock
2014-08-14,SCB,565.7,587.68,587.68,576.58,1253,stock
2014-08-18,SCB,587.68,567.88,589.63,565.7,2739,stock
2014-08-19,SCB,567.88,563.74,576.58,561.35,2723,stock
2014-08-20,SCB,563.74,548.29,566.79,543.73,3451,stock
2014-08-21,SCB,548.29,590.72,590.72,522.19,2841,stock
2014-08-24,SCB,590.72,555.69,587.46,554.82,3977,stock
2014-08-25,SCB,555.69,532.63,566.57,522.19,3606,stock
2014-08-26,SCB,532.63,499.99,541.33,498.25,6046,stock
2014-08-27,SCB,499.99,524.36,528.71,509.78,2923,stock
2014-08-28,SCB,524.36,543.94,543.94,531.98,3818,stock
2014-08-31,SCB,543.94,528.71,554.82,522.19,4936,stock
2014-09-01,SCB,528.71,506.95,529.8,476.06,3059,stock
2014-09-03,SCB,506.95,508.04,526.54,506.95,2862,stock
2014-09-04,SCB,508.04,500.43,506.95,491.72,1775,stock
2014-09-07,SCB,500.43,461.26,491.72,461.26,1372,stock
2014-09-09,SCB,461.26,500.21,500.21,456.91,2873,stock
2014-09-10,SCB,500.21,490.64,517.83,489.55,4411,stock
2014-09-11,SCB,490.64,497.16,497.16,481.28,2674,stock
2014-09-15,SCB,483.24,489.77,509.13,489.55,4385,stock
2014-09-16,SCB,489.77,499.34,499.34,487.37,2790,stock
2014-09-17,SCB,499.34,496.08,500.43,491.72,2396,stock
2014-09-21,SCB,493.9,480.85,485.2,467.79,946,stock
2014-09-22,SCB,480.85,469.97,480.85,468.01,623,stock
2014-09-23,SCB,469.97,479.76,485.2,475.41,1236,stock
2014-09-24,SCB,479.76,498.25,498.9,479.76,1237,stock
2014-09-28,SCB,498.25,448.43,489.55,448.43,2685,stock
2014-09-29,SCB,448.43,456.69,456.91,435.15,5523,stock
2014-09-30,SCB,456.69,455.82,465.62,454.74,3329,stock
2014-10-08,SCB,455.82,454.74,456.91,447.12,583,stock
2014-10-09,SCB,454.74,459.96,459.96,450.38,740,stock
2014-10-12,SCB,459.96,449.3,460.39,449.3,341,stock
2014-10-13,SCB,449.3,449.95,458.22,449.3,768,stock
2014-10-14,SCB,449.95,456.91,458.65,452.56,1124,stock
2014-10-15,SCB,456.91,451.47,459.09,450.38,2338,stock
2014-10-16,SCB,451.47,455.82,459.09,452.13,2374,stock
2014-10-19,SCB,455.82,457.78,468.88,456.91,1127,stock
2014-10-20,SCB,457.78,456.91,466.05,452.56,1743,stock
2014-10-21,SCB,456.91,461.26,463.22,456.91,1961,stock
2014-10-22,SCB,461.26,460.83,460.83,456.91,2332,stock
2014-10-26,SCB,460.83,462.35,476.49,462.35,274,stock
2014-10-27,SCB,462.35,456.48,463.44,456.48,1908,stock
2014-10-28,SCB,456.48,462.57,467.57,456.26,6816,stock
2014-10-30,SCB,462.57,465.62,469.75,461.26,20195,stock
2014-11-02,SCB,465.51,466.22,466.22,449.95,1984,stock
2014-11-03,SCB,466.22,445.16,457.13,443.01,1806,stock
2014-11-04,SCB,445.16,430.8,436.31,427.45,1365,stock
2014-11-05,SCB,430.8,440.85,440.85,437.98,444,stock
2014-11-06,SCB,440.85,438.7,439.18,433.2,1479,stock
2014-11-09,SCB,438.7,433.2,437.98,426.02,1376,stock
2014-11-10,SCB,433.2,424.82,426.02,419.08,564,stock
2014-11-11,SCB,424.82,424.82,433.2,424.82,439,stock
2014-11-12,SCB,424.82,428.41,440.38,428.41,1000,stock
2014-11-13,SCB,428.41,426.02,435.59,424.82,1164,stock
2014-11-16,SCB,426.02,421.47,432.0,418.84,449,stock
2014-11-17,SCB,421.47,413.57,415.25,413.33,529,stock
2014-11-18,SCB,413.57,411.42,412.85,396.58,2352,stock
2014-11-19,SCB,411.42,415.25,416.44,409.26,2191,stock
2014-11-20,SCB,415.25,414.05,421.23,414.05,2954,stock
2014-11-23,SCB,414.05,414.05,422.19,414.05,1146,stock
2014-11-24,SCB,414.05,410.7,418.84,406.87,5636,stock
2014-11-25,SCB,410.7,418.84,418.84,410.7,457,stock
2014-11-30,SCB,418.84,422.43,422.43,418.84,482,stock
2014-12-01,SCB,422.43,428.17,428.17,419.79,2393,stock
2014-12-02,SCB,428.17,414.05,428.17,414.05,422,stock
2014-12-03,SCB,414.05,421.47,423.62,421.23,613,stock
2014-12-04,SCB,421.47,425.78,432.0,423.14,4025,stock
2014-12-07,SCB,425.78,421.23,423.62,419.08,264,stock
2014-12-08,SCB,421.23,423.62,423.62,418.84,990,stock
2014-12-09,SCB,423.62,422.43,422.43,422.43,60,stock
2014-12-10,SCB,422.43,430.32,430.8,418.84,2008,stock
2014-12-11,SCB,430.32,442.53,442.53,433.2,1026,stock
2014-12-14,SCB,442.53,460.0,460.0,451.15,2363,stock
2014-12-15,SCB,460.0,473.64,478.43,458.81,2437,stock
2014-12-16,SCB,473.64,476.28,476.28,457.85,2800,stock
2014-12-17,SCB,476.28,457.37,469.1,457.37,723,stock
2014-12-18,SCB,457.37,459.52,465.51,454.74,845,stock
2014-12-21,SCB,459.52,459.52,459.52,459.52,112,stock
2014-12-22,SCB,459.52,454.74,454.74,454.74,216,stock
2014-12-23,SCB,454.74,445.4,449.47,445.4,179,stock
2014-12-24,SCB,445.4,456.17,456.17,443.25,1169,stock
2014-12-28,SCB,456.17,461.92,464.79,459.52,1357,stock
2014-12-29,SCB,461.92,467.9,472.69,466.7,556,stock
2014-12-31,SCB,467.9,459.52,467.9,459.52,223,stock
2015-01-01,SCB,459.52,458.33,458.33,458.33,79,stock
2015-01-04,SCB,458.33,464.07,464.31,459.52,1946,stock
2015-01-05,SCB,464.07,466.46,467.9,464.07,2540,stock
2015-01-06,SCB,466.46,455.45,466.7,454.74,1312,stock
2015-01-07,SCB,455.45,460.72,464.55,455.45,1092,stock
2015-01-08,SCB,460.72,465.51,465.75,464.31,249,stock
2015-01-11,SCB,465.51,465.51,470.53,463.11,1221,stock
2015-01-12,SCB,465.51,459.76,465.51,457.61,801,stock
2015-01-13,SCB,459.76,458.33,464.31,456.17,887,stock
2015-01-14,SCB,458.33,459.52,466.94,457.61,2068,stock
2015-01-18,SCB,459.52,437.98,465.99,437.98,108586,stock
2015-01-19,SCB,437.98,481.78,481.78,430.8,141574,stock
2015-01-20,SCB,481.78,493.03,493.03,472.21,1538,stock
2015-01-22,SCB,493.03,482.26,490.4,474.84,1695,stock
2015-01-25,SCB,482.26,488.96,491.83,478.67,1389,stock
2015-01-26,SCB,488.96,490.64,496.62,490.64,1382,stock
2015-01-27,SCB,490.64,497.82,498.06,490.64,1144,stock
2015-01-28,SCB,497.82,502.84,510.98,502.6,2684,stock
2015-01-29,SCB,502.84,507.39,519.36,502.6,2119,stock
2015-02-01,SCB,507.39,514.57,514.57,508.11,1477,stock
2015-02-02,SCB,514.57,514.57,519.36,514.57,910,stock
2015-02-03,SCB,514.57,514.57,516.96,513.37,1676,stock
2015-02-04,SCB,514.57,521.27,522.95,519.36,1232,stock
2015-02-05,SCB,521.27,515.77,518.16,510.98,1332,stock
2015-02-08,SCB,515.77,507.63,514.09,507.63,1085,stock
2015-02-09,SCB,507.63,502.6,507.39,502.6,1550,stock
2015-02-10,SCB,502.6,497.82,502.6,491.83,2002,stock
2015-02-11,SCB,497.82,496.62,496.62,493.27,361,stock
2015-02-12,SCB,496.62,490.64,496.62,486.81,1053,stock
2015-02-15,SCB,490.64,498.06,498.06,488.24,1447,stock
2015-02-16,SCB,498.06,495.42,495.42,495.42,65,stock
2015-02-19,SCB,495.42,488.24,489.44,485.85,357,stock
2015-02-22,SCB,488.24,476.28,483.46,476.28,1349,stock
2015-02-23,SCB,476.28,489.44,489.44,475.08,1555,stock
2015-02-24,SCB,489.44,476.28,479.87,476.28,1853,stock
2015-02-25,SCB,476.28,478.67,478.67,478.67,48,stock
2015-02-26,SCB,478.67,478.67,478.67,478.67,30,stock
2015-03-01,SCB,481.3,478.67,478.67,478.67,55,stock
2015-03-02,SCB,478.67,485.85,485.85,478.67,733,stock
2015-03-03,SCB,485.85,478.67,483.46,478.67,350,stock
2015-03-04,SCB,478.67,479.87,483.22,479.15,1236,stock
2015-03-09,SCB,479.87,490.64,497.82,486.33,3468,stock
2015-03-10,SCB,490.64,491.83,491.83,485.85,1027,stock
2015-03-11,SCB,491.83,494.23,494.94,488.24,1095,stock
2015-03-12,SCB,494.23,484.65,485.85,484.41,460,stock
2015-03-15,SCB,484.65,481.06,481.06,476.28,358,stock
2015-03-16,SCB,481.06,466.7,472.69,463.59,673,stock
2015-03-17,SCB,466.7,467.9,473.88,458.33,3701,stock
2015-03-18,SCB,467.9,463.83,464.31,459.52,1635,stock
2015-03-19,SCB,463.83,469.1,472.69,466.7,1626,stock
2015-03-22,SCB,469.1,464.55,471.49,461.92,1771,stock
2015-03-23,SCB,464.55,461.68,461.68,458.57,1223,stock
2015-03-24,SCB,461.68,461.92,462.4,458.33,681,stock
2015-03-25,SCB,461.92,459.52,460.72,458.09,1946,stock
2015-03-26,SCB,459.52,461.92,465.51,457.13,869,stock
2015-03-29,SCB,461.92,463.11,463.11,454.74,285,stock
2015-03-30,SCB,463.11,465.51,465.51,457.13,546,stock
2015-03-31,SCB,465.51,463.83,464.31,459.52,1541,stock
2015-04-01,SCB,463.83,464.07,464.07,457.13,680,stock
2015-04-02,SCB,464.07,465.03,465.27,458.81,2030,stock
2015-04-05,SCB,465.03,461.92,463.11,459.52,146,stock
2015-04-06,SCB,461.92,467.9,467.9,449.95,851,stock
2015-04-07,SCB,467.9,457.61,460.72,454.74,1328,stock
2015-04-08,SCB,457.61,465.27,467.18,460.24,208,stock
2015-04-09,SCB,465.27,464.31,470.29,463.11,1173,stock
2015-04-12,SCB,464.31,476.28,476.28,466.94,1444,stock
2015-04-13,SCB,476.28,468.86,469.1,459.76,391,stock
2015-04-15,SCB,468.86,463.11,463.11,458.33,2057,stock
2015-04-16,SCB,463.11,473.88,473.88,454.02,25054,stock
2015-04-19,SCB,473.88,470.05,470.29,459.76,322,stock
2015-04-20,SCB,470.05,473.88,473.88,473.88,35,stock
2015-04-21,SCB,473.88,478.43,482.26,469.1,1185,stock
2015-04-22,SCB,478.43,471.49,472.69,471.49,463,stock
2015-04-23,SCB,471.25,470.29,471.25,464.55,903,stock
2015-05-26,SCB,470.29,423.38,460.96,423.38,229,stock
2015-05-27,SCB,423.38,392.51,415.01,392.51,4098,stock
2015-05-28,SCB,392.51,404.24,404.24,392.27,1312,stock
2015-05-31,SCB,404.24,437.74,442.77,409.26,1038,stock
2015-06-01,SCB,437.74,436.79,446.12,429.61,6131,stock
2015-06-02,SCB,440.38,442.77,442.77,433.91,2771,stock
2015-06-03,SCB,442.77,452.34,460.96,440.38,3913,stock
2015-06-04,SCB,452.34,454.74,454.74,443.49,1527,stock
2015-06-07,SCB,454.74,458.33,458.33,447.56,1411,stock
2015-06-08,SCB,458.33,460.48,466.7,454.74,2497,stock
2015-06-09,SCB,460.48,478.67,488.48,469.58,3008,stock
2015-06-10,SCB,478.67,478.43,478.67,473.64,733,stock
2015-06-11,SCB,478.43,466.7,470.53,458.33,1368,stock
2015-06-14,SCB,466.7,455.21,467.9,454.98,905,stock
2015-06-15,SCB,455.21,457.13,463.11,452.34,628,stock
2015-06-16,SCB,457.13,455.93,457.13,455.93,134,stock
2015-06-17,SCB,455.93,454.5,457.13,454.5,972,stock
2015-06-18,SCB,454.5,448.75,454.74,448.75,476,stock
2015-06-21,SCB,448.75,449.95,455.93,446.36,807,stock
2015-06-22,SCB,451.15,452.1,452.82,448.75,756,stock
2015-06-23,SCB,451.15,449.71,451.62,448.75,2352,stock
2015-06-24,SCB,449.95,451.15,452.34,448.75,592,stock
2015-06-25,SCB,451.15,451.15,457.13,449.95,1270,stock
2015-06-28,SCB,451.15,454.74,454.74,449.95,1561,stock
2015-06-29,SCB,454.74,458.33,458.33,452.34,1501,stock
2015-06-30,SCB,465.51,473.17,473.17,464.07,237,stock
2015-07-01,SCB,464.31,460.72,464.31,454.74,1450,stock
2015-07-02,SCB,457.13,454.74,458.33,453.78,1668,stock
2015-07-05,SCB,457.61,454.74,457.61,454.74,664,stock
2015-07-06,SCB,453.54,455.69,455.69,452.34,768,stock
2015-07-07,SCB,448.99,460.48,461.92,448.99,1263,stock
2015-07-08,SCB,463.11,457.37,463.11,457.37,1067,stock
2015-07-09,SCB,454.74,460.72,461.44,454.74,1294,stock
2015-07-12,SCB,464.31,465.27,465.27,452.34,3215,stock
2015-07-13,SCB,466.46,458.33,466.46,457.13,375,stock
2015-07-14,SCB,460.48,459.52,460.48,457.37,504,stock
2015-07-15,SCB,459.52,461.44,461.44,457.13,640,stock
2015-07-16,SCB,461.44,465.03,465.03,461.92,596,stock
2015-07-22,SCB,460.96,469.1,469.34,460.96,754,stock
2015-07-23,SCB,469.1,516.01,516.01,473.88,4806,stock
2015-07-26,SCB,516.01,526.3,526.3,526.3,21,stock
2015-07-27,SCB,526.3,572.01,578.71,527.97,26161,stock
2015-07-28,SCB,572.01,550.71,571.77,544.49,8939,stock
2015-07-29,SCB,550.71,549.27,551.67,540.9,5289,stock
2015-07-30,SCB,549.27,557.65,569.62,546.88,4608,stock
2015-08-02,SCB,557.65,562.44,562.44,557.65,3001,stock
2015-08-03,SCB,562.44,561.0,561.48,556.69,4396,stock
2015-08-04,SCB,561.0,559.57,562.44,555.26,5293,stock
2015-08-05,SCB,559.57,555.26,555.26,542.09,3982,stock
2015-08-06,SCB,555.26,557.17,561.24,550.47,6300,stock
2015-08-09,SCB,557.17,598.34,612.7,568.18,7467,stock
2015-08-10,SCB,598.34,641.42,647.64,610.3,1821,stock
2015-08-11,SCB,641.42,630.65,646.2,622.27,3335,stock
2015-08-12,SCB,633.04,629.45,634.24,619.88,3873,stock
2015-08-13,SCB,635.43,653.38,655.78,635.43,4922,stock
2015-08-16,SCB,658.17,694.07,696.94,658.17,5844,stock
2015-08-17,SCB,710.35,719.2,745.53,698.86,6956,stock
2015-08-18,SCB,733.56,710.82,733.56,698.86,7087,stock
2015-08-19,SCB,715.61,716.81,718.0,715.61,7133,stock
2015-08-20,SCB,730.93,717.77,753.9,713.22,2225,stock
2015-08-23,SCB,704.84,703.88,713.22,694.07,7258,stock
2015-08-24,SCB,715.61,694.07,719.2,694.07,3405,stock
2015-08-25,SCB,680.43,691.68,691.68,667.74,2990,stock
2015-08-26,SCB,686.89,685.93,689.28,685.69,2172,stock
2015-08-27,SCB,699.58,692.16,694.07,685.93,3696,stock
2015-08-31,SCB,682.1,699.34,706.04,679.71,5852,stock
2015-09-01,SCB,699.34,682.82,696.94,682.1,2211,stock
2015-09-02,SCB,682.82,670.14,684.5,663.44,2195,stock
2015-09-03,SCB,658.17,670.14,670.14,646.2,4402,stock
2015-09-06,SCB,670.14,664.15,671.1,644.05,4707,stock
2015-09-07,SCB,670.14,670.14,684.5,669.9,2629,stock
2015-09-08,SCB,670.14,668.94,672.53,667.74,4368,stock
2015-09-09,SCB,682.1,670.14,682.1,658.65,3444,stock
2015-09-10,SCB,660.8,668.94,670.14,660.8,1305,stock
2015-09-13,SCB,655.78,669.66,670.86,655.78,1859,stock
2015-09-14,SCB,682.82,682.1,689.28,670.14,2703,stock
2015-09-15,SCB,684.5,687.61,691.2,684.02,3358,stock
2015-09-16,SCB,684.5,682.34,692.87,680.91,6343,stock
2015-09-17,SCB,682.1,679.71,684.5,671.33,4528,stock
2015-09-22,SCB,679.71,646.68,679.71,646.68,5939,stock
2015-09-23,SCB,659.61,672.77,676.12,659.37,2143,stock
2015-09-24,SCB,670.14,668.94,670.14,664.15,4729,stock
2015-09-28,SCB,655.78,653.38,656.97,646.2,2681,stock
2015-09-29,SCB,648.6,660.56,660.56,648.6,2186,stock
2015-09-30,SCB,660.56,674.92,689.52,660.56,5578,stock
2015-10-01,SCB,679.71,673.73,685.69,669.66,3294,stock
2015-10-04,SCB,687.13,688.09,694.07,684.74,4894,stock
2015-10-05,SCB,674.45,682.1,683.54,667.74,2818,stock
2015-10-06,SCB,676.12,672.05,677.32,670.14,6887,stock
2015-10-07,SCB,670.14,669.66,670.14,658.17,5142,stock
2015-10-08,SCB,662.96,673.01,673.01,660.56,3307,stock
2015-10-11,SCB,660.56,660.56,665.35,658.41,5002,stock
2015-10-14,SCB,658.17,650.99,658.17,650.99,3866,stock
2015-10-15,SCB,646.2,646.2,654.58,633.28,2191,stock
2015-10-18,SCB,635.43,622.51,635.43,620.12,2455,stock
2015-10-19,SCB,622.75,634.96,636.63,622.75,1579,stock
2015-10-25,SCB,625.86,623.47,625.86,620.36,1327,stock
2015-10-27,SCB,611.02,599.06,611.02,598.34,1056,stock
2015-10-28,SCB,588.76,595.7,595.7,562.44,5224,stock
2015-10-29,SCB,595.7,595.94,607.43,591.16,2299,stock
2015-11-01,SCB,593.55,603.12,605.52,593.55,4581,stock
2015-11-02,SCB,607.91,599.53,610.3,598.34,1818,stock
2015-11-03,SCB,598.58,600.49,600.97,592.35,1945,stock
2015-11-04,SCB,598.34,600.97,603.12,598.34,2382,stock
2015-11-05,SCB,607.91,601.93,607.91,598.34,678,stock
2015-11-08,SCB,601.69,600.01,601.93,599.29,1864,stock
2015-11-09,SCB,611.26,615.09,615.09,607.91,1451,stock
2015-11-10,SCB,605.52,619.88,619.88,605.52,2230,stock
2015-11-15,SCB,619.88,605.52,619.88,599.53,1544,stock
2015-11-16,SCB,610.3,606.47,610.3,603.12,614,stock
2015-11-18,SCB,610.3,612.7,618.68,610.3,932,stock
2015-11-19,SCB,600.73,606.47,606.71,600.73,1874,stock
2015-11-22,SCB,599.53,596.42,600.25,592.35,5613,stock
2015-11-23,SCB,586.37,586.37,586.37,574.64,903,stock
2015-11-24,SCB,586.37,598.34,601.93,586.37,323,stock
2015-11-25,SCB,595.94,581.82,595.94,581.82,2121,stock
2015-11-26,SCB,574.4,574.4,575.6,568.42,4613,stock
2015-11-29,SCB,574.64,555.5,574.64,555.26,1824,stock
2015-11-30,SCB,566.51,568.42,569.38,562.44,987,stock
2015-12-01,SCB,568.42,589.96,589.96,568.42,1152,stock
2015-12-02,SCB,588.76,581.58,588.76,581.58,1560,stock
2015-12-03,SCB,574.4,589.24,595.47,574.4,3612,stock
2015-12-04,SCB,598.34,641.42,641.42,598.34,5369,stock
2015-12-07,SCB,643.81,609.83,658.17,609.83,9003,stock
2015-12-08,SCB,586.13,566.03,597.86,549.03,7482,stock
2015-12-09,SCB,567.22,582.78,584.22,567.22,2507,stock
2015-12-10,SCB,588.76,586.37,589.0,581.58,2189,stock
2015-12-13,SCB,589.96,592.35,593.55,589.96,1085,stock
2015-12-14,SCB,604.08,592.35,604.08,586.85,1702,stock
2015-12-15,SCB,591.16,577.04,591.16,574.4,2110,stock
2015-12-16,SCB,582.78,580.39,587.57,580.39,4937,stock
2015-12-17,SCB,574.4,574.16,574.4,572.01,1047,stock
2015-12-20,SCB,574.4,577.28,580.39,575.6,684,stock
2015-12-21,SCB,577.28,583.74,583.74,577.04,3817,stock
2015-12-22,SCB,586.37,589.96,593.55,586.37,1698,stock
2015-12-23,SCB,589.96,603.12,604.32,582.78,2795,stock
2015-12-24,SCB,600.73,600.73,601.93,598.58,1113,stock
2015-12-25,SCB,599.06,597.14,600.49,597.14,910,stock
2015-12-28,SCB,597.14,588.76,598.34,588.76,513,stock
2015-12-29,SCB,588.76,622.27,625.86,598.34,5915,stock
2015-12-31,SCB,610.78,633.04,642.61,610.78,1924,stock
2016-01-03,SCB,625.86,629.45,635.43,625.86,2378,stock
2016-01-04,SCB,629.45,611.5,619.88,610.3,805,stock
2016-01-05,SCB,610.06,613.89,613.89,610.06,1097,stock
2016-01-06,SCB,610.3,614.13,617.48,610.3,786,stock
2016-01-07,SCB,614.13,619.88,622.27,614.13,1419,stock
2016-01-10,SCB,619.88,624.66,628.25,609.11,3215,stock
2016-01-11,SCB,619.88,617.48,622.27,616.29,2034,stock
2016-01-12,SCB,622.27,621.55,623.47,621.07,1892,stock
2016-01-13,SCB,621.31,627.06,627.06,618.68,2249,stock
2016-01-14,SCB,628.25,640.22,643.81,628.25,3450,stock
2016-01-17,SCB,646.2,646.2,652.91,640.22,2209,stock
2016-01-18,SCB,646.2,643.09,649.79,640.94,2595,stock
2016-01-19,SCB,634.48,639.02,640.22,633.04,1428,stock
2016-01-20,SCB,634.24,633.04,639.26,633.04,4939,stock
2016-01-21,SCB,633.04,633.04,633.04,622.27,1731,stock
2016-01-24,SCB,633.04,633.28,636.63,622.27,1389,stock
2016-01-25,SCB,645.01,634.24,645.01,634.24,2357,stock
2016-01-26,SCB,634.24,635.43,636.63,632.08,3463,stock
2016-01-27,SCB,635.43,636.63,639.02,630.65,1417,stock
2016-01-28,SCB,631.84,634.24,634.24,631.84,3019,stock
2016-01-31,SCB,639.02,636.63,639.02,635.19,1370,stock
2016-02-01,SCB,636.63,649.79,649.79,639.02,4792,stock
2016-02-02,SCB,657.69,649.79,658.17,645.01,2634,stock
2016-02-03,SCB,649.79,648.84,653.38,643.81,1322,stock
2016-02-04,SCB,658.17,655.78,658.17,646.2,3666,stock
2016-02-07,SCB,654.58,660.56,667.74,658.65,2938,stock
2016-02-08,SCB,660.56,659.37,664.15,658.41,4865,stock
2016-02-11,SCB,659.37,646.2,657.21,643.33,3133,stock
2016-02-14,SCB,655.78,642.85,655.78,642.61,523,stock
2016-02-15,SCB,642.61,643.81,643.81,629.69,779,stock
2016-02-16,SCB,643.81,641.42,643.33,639.02,270,stock
2016-02-17,SCB,641.42,643.81,648.84,628.73,4028,stock
2016-02-18,SCB,643.81,638.78,641.18,631.13,2574,stock
2016-02-21,SCB,636.63,639.02,646.2,636.63,4522,stock
2016-02-22,SCB,636.63,682.1,695.75,634.24,11549,stock
2016-02-23,SCB,682.1,673.73,703.64,670.38,8129,stock
2016-02-24,SCB,677.32,671.33,677.32,668.94,8212,stock
2016-02-25,SCB,667.74,670.14,672.53,658.17,6556,stock
2016-02-28,SCB,670.14,670.14,674.92,667.74,5948,stock
2016-02-29,SCB,670.14,674.92,674.92,670.14,2548,stock
2016-03-01,SCB,673.73,670.62,673.73,670.14,2556,stock
2016-03-02,SCB,672.53,672.53,672.53,666.55,2177,stock
2016-03-03,SCB,673.73,670.14,673.73,666.55,977,stock
2016-03-06,SCB,674.92,678.51,682.1,674.92,1536,stock
2016-03-10,SCB,691.92,674.92,694.07,670.14,1043,stock
2016-03-13,SCB,673.73,674.92,676.12,672.77,2679,stock
2016-03-14,SCB,674.92,670.38,675.16,670.14,2869,stock
2016-03-15,SCB,671.1,673.73,673.73,670.14,5161,stock
2016-03-16,SCB,684.5,686.89,689.28,681.87,5387,stock
2016-03-17,SCB,682.1,689.76,691.68,682.1,4543,stock
2016-03-20,SCB,691.68,690.72,694.07,685.69,3898,stock
2016-03-21,SCB,694.07,694.07,702.45,690.48,4793,stock
2016-03-23,SCB,691.68,697.66,697.66,691.68,5319,stock
2016-03-24,SCB,697.66,710.82,718.0,705.56,9480,stock
2016-03-27,SCB,710.82,721.36,724.95,716.09,13398,stock
2016-03-28,SCB,721.36,722.79,727.58,716.81,6286,stock
2016-03-29,SCB,718.0,717.29,720.4,714.41,6662,stock
2016-03-30,SCB,717.29,719.2,722.79,713.22,7489,stock
2016-03-31,SCB,719.2,722.31,722.79,715.61,6159,stock
2016-04-03,SCB,722.31,738.35,781.43,721.59,12466,stock
2016-04-04,SCB,738.35,736.43,739.54,729.97,6704,stock
2016-04-05,SCB,749.12,744.33,749.12,741.94,5964,stock
2016-04-06,SCB,744.33,750.31,756.78,749.12,7013,stock
2016-04-10,SCB,750.31,757.49,759.17,753.9,3404,stock
2016-04-11,SCB,757.49,763.48,768.27,761.08,4514,stock
2016-04-12,SCB,763.48,765.39,765.87,763.48,2725,stock
2016-04-14,SCB,765.39,776.64,779.04,764.68,8828,stock
2016-04-17,SCB,789.81,784.78,804.17,773.05,15205,stock
2016-04-18,SCB,784.78,805.12,805.36,789.57,9918,stock
2016-04-19,SCB,805.12,808.71,820.92,801.77,8785,stock
2016-04-20,SCB,808.71,799.38,818.53,799.38,19805,stock
2016-04-21,SCB,799.38,807.52,815.17,782.63,20915,stock
2016-04-24,SCB,807.52,832.89,832.89,811.35,19903,stock
2016-04-25,SCB,832.89,834.8,837.91,832.89,14145,stock
2016-04-26,SCB,834.8,832.41,837.67,831.93,13290,stock
2016-04-27,SCB,832.41,837.67,838.15,825.94,18159,stock
2016-04-28,SCB,837.67,860.41,861.61,840.3,49736,stock
2016-05-02,SCB,860.41,921.44,927.42,877.46,19524,stock
2016-05-03,SCB,921.44,928.92,937.3,927.42,10935,stock
2016-05-04,SCB,928.92,925.93,928.92,910.97,3516,stock
2016-05-05,SCB,925.93,915.76,922.94,897.51,8708,stock
2016-05-08,SCB,915.76,912.46,916.95,906.48,4971,stock
2016-05-09,SCB,910.97,909.77,912.46,907.38,4092,stock
2016-05-10,SCB,909.77,903.49,909.77,901.99,5366,stock
2016-05-11,SCB,903.49,885.54,897.21,874.47,8280,stock
2016-05-12,SCB,867.89,878.06,887.03,867.89,3847,stock
2016-05-15,SCB,867.29,857.12,867.29,851.43,6609,stock
2016-05-16,SCB,857.12,846.65,855.02,844.25,5172,stock
2016-05-17,SCB,846.65,867.59,867.59,846.65,1558,stock
2016-05-18,SCB,867.59,877.16,885.54,867.59,3148,stock
2016-05-19,SCB,877.16,880.15,887.93,879.56,3387,stock
2016-05-22,SCB,880.15,881.95,882.55,873.57,2271,stock
2016-05-23,SCB,881.95,884.64,891.52,882.55,4443,stock
2016-05-24,SCB,884.64,904.99,910.07,885.54,13042,stock
2016-05-25,SCB,904.99,882.55,901.99,879.85,4755,stock
2016-05-26,SCB,882.55,882.55,885.54,865.2,6010,stock
2016-05-29,SCB,882.55,872.08,882.55,867.59,1511,stock
2016-05-30,SCB,872.08,870.58,873.57,867.59,8189,stock
2016-05-31,SCB,870.58,871.18,875.07,867.59,4587,stock
2016-06-01,SCB,871.18,870.58,872.08,864.6,4067,stock
2016-06-02,SCB,870.58,867.59,872.08,864.6,3186,stock
2016-06-05,SCB,867.59,848.14,867.59,848.14,8374,stock
2016-06-06,SCB,848.14,860.11,866.09,856.22,2878,stock
2016-06-07,SCB,876.56,868.79,876.56,867.59,2524,stock
2016-06-08,SCB,868.79,873.57,875.07,866.09,3768,stock
2016-06-09,SCB,870.58,882.55,885.54,870.58,6951,stock
2016-06-12,SCB,882.55,970.8,970.8,897.51,26138,stock
2016-06-13,SCB,970.8,1014.18,1067.73,989.95,20537,stock
2016-06-14,SCB,1029.14,1017.17,1029.14,987.26,23281,stock
2016-06-15,SCB,1011.19,1002.21,1011.19,1000.72,4576,stock
2016-06-16,SCB,1002.21,998.03,1005.21,987.26,6778,stock
2016-06-19,SCB,998.03,997.73,1008.2,978.28,5658,stock
2016-06-20,SCB,997.73,987.26,1002.21,973.2,3742,stock
2016-06-21,SCB,987.26,987.26,989.95,981.27,4870,stock
2016-06-22,SCB,1007.0,1005.21,1026.15,993.24,4821,stock
2016-06-23,SCB,1005.21,1099.44,1105.43,1005.21,21284,stock
2016-06-26,SCB,1099.44,1127.87,1148.81,1100.34,18238,stock
2016-06-27,SCB,1127.87,1135.34,1148.81,1129.36,7640,stock
2016-06-28,SCB,1135.34,1129.96,1148.21,1124.87,6434,stock
2016-06-29,SCB,1129.96,1103.93,1121.88,1103.93,2355,stock
2016-06-30,SCB,1103.93,1101.54,1101.54,1082.99,7194,stock
2016-07-03,SCB,1101.54,1077.01,1101.54,1061.75,5091,stock
2016-07-04,SCB,1077.01,1071.02,1091.97,1070.72,4169,stock
2016-07-05,SCB,1062.05,1071.92,1072.22,1054.57,8616,stock
2016-07-06,SCB,1077.01,1071.02,1080.0,1065.64,3470,stock
2016-07-10,SCB,1071.02,1073.42,1091.97,1063.54,8473,stock
2016-07-11,SCB,1073.42,1050.08,1077.01,1050.08,2412,stock
2016-07-12,SCB,1050.08,1039.61,1053.07,993.24,4117,stock
2016-07-13,SCB,1039.61,1035.12,1039.61,1019.87,4086,stock
2016-07-14,SCB,1044.1,1077.01,1085.98,1044.1,5027,stock
2016-07-17,SCB,1077.01,1080.6,1091.97,1062.05,5088,stock
2016-07-18,SCB,1080.6,1085.68,1102.44,1077.01,4777,stock
2016-07-19,SCB,1107.22,1099.44,1107.22,1091.97,8043,stock
2016-07-20,SCB,1106.92,1094.96,1106.92,1077.01,3369,stock
2016-07-21,SCB,1094.96,1088.97,1100.94,1077.01,2305,stock
2016-07-25,SCB,1088.97,1087.48,1097.65,1085.98,4127,stock
2016-07-26,SCB,1087.48,1097.95,1109.02,1065.94,4469,stock
2016-07-27,SCB,1097.95,1129.66,1136.84,1114.4,12121,stock
2016-07-28,SCB,1129.66,1144.32,1154.79,1130.86,13635,stock
2016-07-31,SCB,1144.32,1130.86,1138.34,1130.86,4994,stock
2016-08-01,SCB,1130.86,1121.88,1136.84,1099.44,4237,stock
2016-08-02,SCB,1121.88,1099.44,1121.88,1091.97,4719,stock
2016-08-03,SCB,1099.44,1091.97,1102.44,1078.5,2614,stock
2016-08-04,SCB,1091.97,1068.33,1100.94,1048.89,9571,stock
2016-08-07,SCB,1068.33,1066.54,1109.32,1063.54,7646,stock
2016-08-08,SCB,1066.54,996.83,1047.09,996.83,4810,stock
2016-08-09,SCB,1016.58,1061.15,1061.15,1016.58,860,stock
2016-08-10,SCB,1082.09,1066.24,1087.48,1026.15,8208,stock
2016-08-11,SCB,1087.78,1062.05,1087.78,1056.07,1379,stock
2016-08-14,SCB,1053.07,1017.17,1053.07,1006.1,3653,stock
2016-08-15,SCB,997.13,972.3,1003.41,957.34,4293,stock
2016-08-16,SCB,957.34,985.76,986.96,940.89,3154,stock
2016-08-17,SCB,987.26,1000.72,1005.21,987.26,4656,stock
2016-08-21,SCB,999.22,987.85,1001.62,987.85,1341,stock
2016-08-22,SCB,969.31,961.83,975.29,957.34,2513,stock
2016-08-23,SCB,972.3,957.34,975.29,940.89,4772,stock
2016-08-24,SCB,976.49,1053.07,1053.07,976.49,3692,stock
2016-08-28,SCB,1074.02,1105.43,1158.38,1074.02,28438,stock
2016-08-29,SCB,1103.93,1099.15,1115.9,1094.96,9137,stock
2016-08-30,SCB,1103.93,1095.56,1114.4,1094.96,8442,stock
2016-08-31,SCB,1088.97,1099.44,1103.63,1088.97,4395,stock
2016-09-01,SCB,1102.44,1121.88,1121.88,1099.74,10817,stock
2016-09-04,SCB,1133.55,1133.85,1144.32,1121.88,4945,stock
2016-09-05,SCB,1137.14,1154.79,1166.76,1135.34,10074,stock
2016-09-06,SCB,1166.76,1165.26,1182.31,1136.84,9247,stock
2016-09-07,SCB,1163.77,1130.86,1163.77,1128.16,6388,stock
2016-09-08,SCB,1130.86,1130.86,1166.76,1128.46,4723,stock
2016-09-11,SCB,1136.84,1136.84,1144.32,1136.84,4560,stock
2016-09-12,SCB,1138.34,1137.14,1139.83,1133.85,5253,stock
2016-09-14,SCB,1138.64,1133.85,1139.83,1131.16,2408,stock
2016-09-18,SCB,1136.84,1121.88,1136.84,1121.88,3821,stock
2016-09-20,SCB,1114.4,1100.94,1121.88,1100.94,3147,stock
2016-09-21,SCB,1091.97,1091.97,1091.97,1071.02,3886,stock
2016-09-22,SCB,1082.99,1075.51,1082.99,1074.02,3877,stock
2016-09-25,SCB,1082.99,1075.51,1082.99,1074.02,3877,stock
2016-09-26,SCB,1080.0,1103.93,1103.93,1080.0,1914,stock
2016-09-27,SCB,1103.93,1109.92,1109.92,1100.94,3281,stock
2016-09-28,SCB,1109.92,1102.44,1109.92,1102.44,1091,stock
2016-09-29,SCB,1093.46,1103.33,1106.33,1078.5,1915,stock
2016-10-02,SCB,1102.44,1098.55,1106.92,1097.95,973,stock
2016-10-03,SCB,1120.39,1111.41,1132.05,1109.92,895,stock
2016-10-04,SCB,1121.88,1124.87,1130.86,1121.88,986,stock
2016-10-05,SCB,1133.85,1118.89,1133.85,1118.89,2303,stock
2016-10-06,SCB,1136.84,1124.87,1139.83,1124.87,2122,stock
2016-10-16,SCB,1130.86,1106.92,1130.86,1091.97,1921,stock
2016-10-17,SCB,1087.48,1093.46,1097.95,1087.48,3627,stock
2016-10-18,SCB,1091.97,1106.92,1106.92,1085.98,2637,stock
2016-10-19,SCB,1105.43,1097.95,1105.43,1092.26,1752,stock
2016-10-20,SCB,1119.79,1104.83,1164.66,1098.25,15564,stock
2016-10-23,SCB,1104.83,1068.03,1104.83,1060.55,12851,stock
2016-10-24,SCB,1046.79,1051.58,1080.0,1026.15,30844,stock
2016-10-25,SCB,1047.09,1037.52,1047.09,1032.13,18877,stock
2016-10-26,SCB,1020.17,1028.54,1041.11,1020.17,8919,stock
2016-10-27,SCB,1029.14,1024.65,1034.82,1024.65,7858,stock
2016-11-03,SCB,1029.14,1041.11,1044.1,1029.14,1510,stock
2016-11-07,SCB,1032.13,1018.67,1032.13,1017.17,2621,stock
2016-11-08,SCB,1002.21,988.75,1002.21,984.26,5452,stock
2016-11-09,SCB,969.61,969.31,989.95,966.31,5139,stock
2016-11-10,SCB,988.45,964.82,988.45,958.84,2840,stock
2016-11-13,SCB,957.34,957.34,972.3,957.34,9073,stock
2016-11-14,SCB,963.32,961.23,973.79,959.73,6173,stock
2016-11-15,SCB,961.83,948.07,961.83,946.87,6987,stock
2016-11-16,SCB,960.33,940.29,960.33,921.44,10667,stock
2016-11-17,SCB,927.72,918.45,931.91,918.45,11409,stock
2016-11-20,SCB,915.16,879.56,916.95,865.49,9143,stock
2016-11-21,SCB,876.56,874.77,891.52,853.23,6559,stock
2016-11-22,SCB,875.07,864.6,879.56,837.67,4845,stock
2016-11-23,SCB,864.6,830.49,864.6,823.01,6890,stock
2016-11-24,SCB,831.69,849.64,884.34,831.69,7317,stock
2016-11-27,SCB,838.27,817.63,849.64,800.58,6042,stock
2016-11-28,SCB,801.47,839.47,852.63,777.84,7217,stock
2016-11-29,SCB,846.65,858.61,869.68,823.61,11007,stock
2016-11-30,SCB,867.29,912.46,912.46,858.61,7720,stock
2016-12-01,SCB,930.41,885.54,930.41,885.54,6279,stock
2016-12-04,SCB,887.03,870.58,887.03,867.59,5348,stock
2016-12-05,SCB,867.59,864.0,867.59,855.62,4942,stock
2016-12-06,SCB,864.6,858.61,865.49,855.62,18542,stock
2016-12-07,SCB,858.79,846.43,877.54,843.63,4463,stock
2016-12-08,SCB,837.65,839.65,841.64,831.67,4126,stock
2016-12-11,SCB,837.65,817.71,837.65,817.71,4366,stock
2016-12-12,SCB,817.71,803.35,817.71,797.76,3347,stock
2016-12-14,SCB,797.76,805.34,807.74,794.57,3016,stock
2016-12-15,SCB,805.74,833.66,834.06,799.76,1638,stock
2016-12-18,SCB,821.7,833.66,841.64,801.75,2170,stock
2016-12-19,SCB,821.7,811.72,827.28,805.74,3449,stock
2016-12-20,SCB,809.73,785.8,809.73,780.21,7287,stock
2016-12-21,SCB,783.8,771.84,789.39,771.84,4795,stock
2016-12-22,SCB,773.83,796.57,796.57,773.03,4334,stock
2016-12-26,SCB,791.78,766.65,791.78,757.87,5883,stock
2016-12-27,SCB,755.88,747.11,757.87,738.73,2286,stock
2016-12-28,SCB,734.74,739.13,755.88,729.95,2944,stock
2016-12-29,SCB,753.89,754.28,761.86,748.3,4252,stock
2017-01-01,SCB,763.86,773.83,778.62,763.86,4231,stock
2017-01-02,SCB,781.81,779.02,782.61,768.25,5496,stock
2017-01-03,SCB,785.8,767.85,785.8,767.85,4914,stock
2017-01-04,SCB,759.87,767.85,773.83,757.87,1832,stock
2017-01-05,SCB,757.87,762.66,769.84,757.87,3754,stock
2017-01-08,SCB,757.87,755.88,759.87,745.91,3150,stock
2017-01-09,SCB,765.85,763.86,770.64,757.87,1874,stock
2017-01-10,SCB,767.85,778.62,785.8,767.85,1216,stock
2017-01-11,SCB,781.81,788.19,803.75,781.81,5704,stock
2017-01-12,SCB,785.8,796.97,796.97,785.8,4321,stock
2017-01-15,SCB,812.52,876.34,876.34,812.52,20893,stock
2017-01-16,SCB,893.49,901.47,929.79,893.49,25348,stock
2017-01-17,SCB,901.47,881.53,901.47,871.56,8267,stock
2017-01-18,SCB,877.54,875.54,878.34,870.76,5845,stock
2017-01-19,SCB,873.55,869.96,897.48,869.56,3002,stock
2017-01-22,SCB,869.56,877.54,881.13,869.56,3988,stock
2017-01-23,SCB,873.55,877.54,881.53,873.55,3930,stock
2017-01-24,SCB,879.53,853.61,879.53,852.41,2829,stock
2017-01-25,SCB,837.65,817.71,837.65,817.71,3342,stock
2017-01-26,SCB,803.75,805.74,809.73,781.81,5670,stock
2017-01-30,SCB,793.77,742.72,793.77,742.72,4531,stock
2017-01-31,SCB,727.96,769.84,769.84,727.56,4649,stock
2017-02-01,SCB,785.0,821.7,824.89,777.82,6640,stock
2017-02-02,SCB,823.69,833.66,859.59,821.7,4561,stock
2017-02-05,SCB,819.7,820.9,821.3,797.76,4142,stock
2017-02-06,SCB,813.72,818.11,819.7,807.74,3312,stock
2017-02-07,SCB,817.71,815.31,817.71,801.75,1686,stock
2017-02-08,SCB,813.72,784.6,813.72,784.6,8181,stock
2017-02-09,SCB,789.79,761.07,789.79,761.07,7592,stock
2017-02-12,SCB,755.88,717.99,755.88,716.39,11024,stock
2017-02-13,SCB,718.39,745.91,747.9,699.64,7333,stock
2017-02-14,SCB,737.93,741.92,753.89,721.98,6646,stock
2017-02-15,SCB,753.89,767.45,767.45,743.91,4273,stock
2017-02-16,SCB,777.02,789.79,797.76,771.84,5749,stock
2017-02-19,SCB,790.58,797.76,799.76,775.03,7105,stock
2017-02-20,SCB,801.75,798.96,812.92,798.16,6256,stock
2017-02-21,SCB,814.91,796.97,814.91,781.81,4904,stock
2017-02-22,SCB,797.36,788.19,797.36,785.8,2936,stock
2017-02-23,SCB,785.8,782.21,790.98,777.82,1720,stock
2017-02-26,SCB,787.79,787.79,789.79,783.8,2588,stock
2017-02-28,SCB,777.82,773.03,781.81,757.87,2143,stock
2017-03-01,SCB,781.81,777.82,782.21,777.82,370,stock
2017-03-02,SCB,790.18,783.8,804.54,781.81,3982,stock
2017-03-05,SCB,779.81,793.77,798.16,779.81,2829,stock
2017-03-06,SCB,794.17,798.96,805.74,791.78,5348,stock
2017-03-07,SCB,785.8,789.79,800.95,785.8,2255,stock
2017-03-09,SCB,789.79,797.76,797.76,789.79,4106,stock
2017-03-13,SCB,797.76,799.76,800.16,790.18,4167,stock
2017-03-14,SCB,793.77,767.85,793.77,767.85,4546,stock
2017-03-15,SCB,765.85,785.4,785.4,762.26,4836,stock
2017-03-16,SCB,777.82,785.8,785.8,776.22,5178,stock
2017-03-19,SCB,785.8,794.57,796.97,791.78,4513,stock
2017-03-20,SCB,795.77,810.53,813.72,795.77,7527,stock
2017-03-21,SCB,810.53,817.71,817.71,795.77,6174,stock
2017-03-22,SCB,834.06,829.67,871.16,817.71,9180,stock
2017-03-23,SCB,835.66,828.08,835.66,819.7,3670,stock
2017-03-26,SCB,829.67,852.81,859.59,829.67,8785,stock
2017-03-28,SCB,852.81,896.69,901.07,857.99,8812,stock
2017-03-29,SCB,896.69,897.48,932.19,877.54,16916,stock
2017-03-30,SCB,897.48,887.51,905.46,877.54,8195,stock
2017-04-02,SCB,897.48,913.44,915.43,887.51,12677,stock
2017-04-03,SCB,931.39,921.42,1000.0,905.86,14451,stock
2017-04-04,SCB,917.43,917.43,929.39,911.44,6525,stock
2017-04-06,SCB,917.43,917.43,921.42,905.46,6175,stock
2017-04-09,SCB,935.78,916.63,935.78,907.46,6087,stock
2017-04-10,SCB,921.42,919.42,931.39,915.43,14531,stock
2017-04-11,SCB,937.77,938.97,940.96,921.42,21994,stock
2017-04-12,SCB,939.37,936.57,952.93,936.57,14925,stock
2017-04-13,SCB,925.41,937.37,937.37,921.42,8346,stock
2017-04-16,SCB,937.77,902.67,937.77,901.87,7148,stock
2017-04-18,SCB,885.52,874.35,893.49,871.56,8714,stock
2017-04-19,SCB,874.35,901.47,901.47,870.36,4283,stock
2017-04-20,SCB,903.47,897.48,927.4,897.48,5450,stock
2017-04-23,SCB,915.43,913.84,953.33,901.47,5524,stock
2017-04-24,SCB,909.45,909.45,917.43,903.47,3260,stock
2017-04-25,SCB,909.45,907.46,917.03,897.48,3323,stock
2017-04-26,SCB,907.46,897.48,907.46,889.51,2793,stock
2017-04-27,SCB,901.47,903.07,907.46,882.33,4230,stock
2017-04-30,SCB,901.47,891.1,927.4,881.53,5629,stock
2017-05-02,SCB,889.51,909.45,909.45,887.11,10203,stock
2017-05-03,SCB,913.44,919.02,925.41,913.44,14947,stock
2017-05-04,SCB,923.41,917.43,931.39,917.43,10060,stock
2017-05-07,SCB,921.42,902.27,921.42,901.47,3219,stock
2017-05-08,SCB,909.45,909.45,915.03,905.46,4544,stock
2017-05-09,SCB,909.45,912.24,917.03,909.45,5146,stock
2017-05-11,SCB,921.42,920.62,921.42,915.43,8991,stock
2017-05-15,SCB,921.42,933.38,941.36,921.42,9505,stock
2017-05-16,SCB,939.37,927.4,941.36,921.42,8217,stock
2017-05-17,SCB,927.4,919.42,929.39,917.43,3232,stock
2017-05-18,SCB,918.23,917.43,925.01,915.83,10410,stock
2017-05-21,SCB,917.43,913.44,925.41,913.44,5745,stock
2017-05-22,SCB,913.44,877.94,913.44,867.57,6016,stock
2017-05-23,SCB,871.56,860.79,885.52,828.08,28319,stock
2017-05-24,SCB,860.79,875.94,879.53,846.03,15614,stock
2017-05-28,SCB,875.94,877.54,881.53,857.99,19174,stock
2017-05-30,SCB,877.54,873.55,879.53,862.38,22158,stock
2017-05-31,SCB,873.55,873.55,890.7,853.61,24979,stock
2017-06-01,SCB,873.55,873.55,879.53,869.56,15934,stock
2017-06-04,SCB,871.56,874.75,881.53,867.97,18960,stock
2017-06-05,SCB,873.55,875.54,878.34,872.75,27417,stock
2017-06-06,SCB,881.53,902.67,905.46,877.54,30731,stock
2017-06-07,SCB,907.46,917.03,922.21,906.66,41007,stock
2017-06-08,SCB,917.43,916.63,917.83,910.25,16000,stock
2017-06-11,SCB,917.43,912.24,920.62,907.85,32888,stock
2017-06-12,SCB,907.46,904.26,915.43,898.28,15079,stock
2017-06-13,SCB,905.46,911.84,915.83,893.89,17383,stock
2017-06-14,SCB,917.43,913.44,917.43,908.25,16010,stock
2017-06-15,SCB,917.43,912.24,923.41,904.66,22588,stock
2017-06-18,SCB,912.24,911.05,917.03,909.45,11439,stock
2017-06-19,SCB,911.05,903.07,913.44,893.49,11352,stock
2017-06-20,SCB,901.47,905.06,905.46,893.49,11967,stock
2017-06-21,SCB,903.47,907.06,913.84,901.47,9595,stock
2017-06-22,SCB,911.44,907.46,911.44,905.06,12332,stock
2017-06-25,SCB,907.46,911.44,911.84,907.46,15381,stock
2017-06-27,SCB,913.44,916.63,923.41,913.44,17304,stock
2017-06-28,SCB,913.44,915.43,917.43,912.64,7858,stock
2017-07-02,SCB,897.48,908.25,913.44,897.48,14601,stock
2017-07-03,SCB,905.46,909.05,911.44,905.46,8844,stock
2017-07-04,SCB,911.44,909.85,911.84,907.85,11026,stock
2017-07-05,SCB,909.45,909.85,911.05,908.65,8634,stock
2017-07-06,SCB,905.46,921.02,922.21,905.46,10955,stock
2017-07-09,SCB,921.02,925.41,939.37,901.87,16598,stock
2017-07-10,SCB,917.43,915.43,921.42,911.84,6788,stock
2017-07-11,SCB,913.44,917.43,918.62,912.64,7628,stock
2017-07-12,SCB,903.47,919.02,919.42,903.47,8054,stock
2017-07-13,SCB,919.42,915.43,919.82,913.44,11218,stock
2017-07-16,SCB,918.62,917.03,919.02,915.43,8422,stock
2017-07-17,SCB,916.63,919.82,921.02,915.83,7422,stock
2017-07-18,SCB,923.41,933.38,933.38,919.42,12660,stock
2017-07-19,SCB,933.78,941.76,945.35,933.38,12300,stock
2017-07-20,SCB,945.35,944.15,946.94,942.16,8041,stock
2017-07-23,SCB,944.15,941.36,956.92,938.17,7984,stock
2017-07-24,SCB,951.33,934.18,952.93,922.61,6668,stock
2017-07-25,SCB,934.18,935.38,939.37,929.39,4600,stock
2017-07-26,SCB,949.34,930.99,949.34,925.41,7611,stock
2017-07-27,SCB,930.99,931.39,935.78,929.39,8708,stock
2017-07-30,SCB,931.39,932.19,933.38,925.41,8108,stock
2017-07-31,SCB,931.79,929.0,933.38,925.41,12180,stock
2017-08-01,SCB,927.4,931.79,931.79,927.4,7445,stock
2017-08-02,SCB,931.79,930.99,937.37,927.8,7133,stock
2017-08-03,SCB,931.39,929.0,932.19,925.8,7552,stock
2017-08-06,SCB,929.39,934.98,943.35,923.41,13588,stock
2017-08-07,SCB,941.36,933.38,937.37,930.59,15457,stock
2017-08-09,SCB,933.38,929.39,936.57,925.8,13082,stock
2017-08-10,SCB,929.39,926.2,929.39,923.41,19842,stock
2017-08-13,SCB,933.38,925.41,932.98,922.61,13150,stock
2017-08-15,SCB,933.38,913.44,933.38,909.85,16359,stock
2017-08-16,SCB,917.43,911.44,923.81,905.46,12735,stock
2017-08-17,SCB,912.64,911.84,913.44,909.45,8619,stock
2017-08-20,SCB,912.64,907.46,913.44,906.26,7773,stock
2017-08-21,SCB,909.05,893.49,909.05,892.7,6123,stock
2017-08-22,SCB,887.51,893.89,897.48,885.52,9702,stock
2017-08-23,SCB,894.29,894.29,899.48,889.51,8384,stock
2017-08-24,SCB,894.29,899.48,901.47,886.31,4967,stock
2017-08-27,SCB,899.48,906.26,906.26,897.48,11951,stock
2017-08-28,SCB,909.45,909.45,917.03,907.46,10666,stock
2017-08-30,SCB,909.45,903.87,913.44,898.68,10135,stock
2017-08-31,SCB,903.87,893.89,903.87,889.9,5627,stock
2017-09-04,SCB,893.49,877.94,894.69,876.34,13038,stock
2017-09-06,SCB,895.49,888.31,916.23,881.93,10726,stock
2017-09-07,SCB,889.51,883.52,901.47,883.52,8129,stock
2017-09-10,SCB,885.52,877.54,885.92,869.96,13872,stock
2017-09-11,SCB,873.55,856.8,877.14,840.44,10678,stock
2017-09-12,SCB,857.6,845.63,857.6,838.85,7992,stock
2017-09-13,SCB,839.65,824.89,845.63,821.7,9229,stock
2017-09-14,SCB,837.65,837.65,837.65,816.11,9916,stock
2017-09-17,SCB,849.62,847.22,849.62,829.67,6915,stock
2017-09-18,SCB,849.62,852.81,852.81,837.65,7669,stock
2017-09-20,SCB,847.62,853.61,853.61,845.63,6809,stock
2017-09-24,SCB,853.61,864.38,865.17,853.61,3892,stock
2017-09-25,SCB,864.38,872.35,875.54,864.38,2791,stock
2017-09-26,SCB,873.95,875.15,876.34,872.35,5059,stock
2017-10-03,SCB,869.96,879.53,887.51,869.96,1222,stock
2017-10-04,SCB,877.54,879.53,885.12,865.57,5627,stock
2017-10-08,SCB,863.58,853.61,863.58,845.63,6334,stock
2017-10-09,SCB,859.59,837.65,859.59,828.88,6640,stock
2017-10-10,SCB,841.64,834.06,841.64,826.48,5938,stock
2017-10-11,SCB,835.66,837.25,845.63,827.68,5125,stock
2017-10-12,SCB,845.63,840.44,845.63,833.66,6728,stock
2017-10-15,SCB,840.84,844.03,845.63,834.06,2761,stock
2017-10-16,SCB,847.62,867.57,869.56,847.62,3566,stock
2017-10-17,SCB,865.97,871.56,872.75,857.6,7211,stock
2017-10-18,SCB,867.57,868.76,869.56,863.58,2756,stock
2017-10-22,SCB,861.58,867.57,877.54,861.58,2161,stock
2017-10-23,SCB,867.57,861.58,869.56,854.01,3977,stock
2017-10-24,SCB,861.58,850.02,861.58,850.02,7034,stock
2017-10-25,SCB,845.63,847.62,851.61,844.43,5908,stock
2017-10-29,SCB,845.63,849.62,851.61,843.63,4146,stock
2017-10-30,SCB,845.63,843.63,849.62,843.63,6724,stock
2017-10-31,SCB,843.63,843.24,845.63,837.65,4812,stock
2017-11-01,SCB,838.45,831.67,840.84,830.07,6109,stock
2017-11-02,SCB,829.67,833.66,836.45,827.68,8334,stock
2017-11-05,SCB,833.66,819.7,833.66,815.71,11366,stock
2017-11-06,SCB,819.7,804.15,817.71,794.17,9929,stock
2017-11-07,SCB,813.72,799.76,813.72,798.56,7008,stock
2017-11-08,SCB,799.76,791.78,800.16,788.59,16234,stock
2017-11-09,SCB,786.99,787.79,793.77,780.21,13053,stock
2017-11-12,SCB,791.78,799.76,801.75,791.78,10485,stock
2017-11-13,SCB,799.76,805.74,805.74,793.77,11465,stock
2017-11-14,SCB,805.74,817.71,817.71,804.54,16070,stock
2017-11-15,SCB,821.7,818.5,837.25,817.71,10397,stock
2017-11-16,SCB,817.71,806.54,817.71,806.14,4679,stock
2017-11-19,SCB,806.54,811.72,815.71,805.74,9408,stock
2017-11-20,SCB,803.75,805.74,809.73,803.75,8845,stock
2017-11-21,SCB,801.75,814.12,817.31,801.75,4393,stock
2017-11-22,SCB,813.72,816.91,821.3,812.92,3890,stock
2017-11-23,SCB,816.91,821.7,824.09,818.5,6461,stock
2017-11-26,SCB,821.7,843.63,865.57,836.45,32407,stock
2017-11-27,SCB,853.61,841.24,853.21,831.67,21773,stock
2017-11-28,SCB,841.64,843.24,843.63,837.65,9828,stock
2017-11-29,SCB,845.63,844.83,846.83,841.24,18543,stock
2017-11-30,SCB,845.63,845.63,845.63,840.44,9125,stock
2017-12-04,SCB,846.43,843.24,846.43,838.05,6131,stock
2017-12-05,SCB,840.04,843.63,845.63,835.26,5423,stock
2017-12-06,SCB,840.44,845.63,845.63,840.44,5869,stock
2017-12-10,SCB,862.38,876.34,917.03,862.38,120589,stock
2017-12-11,SCB,891.5,874.35,891.5,862.78,27627,stock
2017-12-12,SCB,887.51,869.56,887.51,867.57,18094,stock
2017-12-13,SCB,867.57,869.96,873.95,863.58,17060,stock
2017-12-14,SCB,873.55,867.97,875.54,867.57,10597,stock
2017-12-17,SCB,872.35,868.37,873.55,861.98,14568,stock
2017-12-18,SCB,865.57,859.59,866.77,857.6,14781,stock
2017-12-19,SCB,859.59,840.04,859.59,839.25,9884,stock
2017-12-20,SCB,839.65,842.84,843.63,830.07,13642,stock
2017-12-21,SCB,844.83,832.07,846.03,831.67,18016,stock
2017-12-24,SCB,835.66,828.48,838.85,827.68,40391,stock
2017-12-26,SCB,828.48,801.75,828.48,801.75,40946,stock
2017-12-27,SCB,799.76,779.81,799.76,777.42,54654,stock
2017-12-28,SCB,779.81,770.64,781.81,755.88,118362,stock
2017-12-31,SCB,757.87,771.44,771.44,716.39,21302,stock
2018-01-01,SCB,781.01,824.09,829.67,781.01,28711,stock
2018-01-02,SCB,832.86,861.58,875.15,832.86,60993,stock
2018-01-03,SCB,861.58,838.45,872.75,837.65,36459,stock
2018-01-04,SCB,838.45,848.82,852.01,838.45,18644,stock
2018-01-07,SCB,849.62,843.24,849.62,837.65,13864,stock
2018-01-08,SCB,857.6,852.01,857.6,848.02,13841,stock
2018-01-09,SCB,852.01,851.21,859.99,848.82,17113,stock
2018-01-10,SCB,849.62,840.04,851.21,837.65,14182,stock
2018-01-14,SCB,841.64,828.08,841.64,825.68,12977,stock
2018-01-16,SCB,821.7,808.13,824.09,801.75,11604,stock
2018-01-17,SCB,808.13,804.15,808.13,796.97,13349,stock
2018-01-21,SCB,793.77,797.76,808.13,793.77,15026,stock
2018-01-22,SCB,813.72,800.16,813.72,799.36,6203,stock
2018-01-23,SCB,797.76,799.36,805.74,796.17,6459,stock
2018-01-24,SCB,805.74,800.16,805.74,796.17,9386,stock
2018-01-25,SCB,800.16,799.36,804.15,796.17,5513,stock
2018-01-28,SCB,800.16,793.77,800.95,793.77,10365,stock
2018-01-29,SCB,793.77,796.17,796.17,785.8,7220,stock
2018-01-31,SCB,797.76,791.38,800.95,789.79,8280,stock
2018-02-01,SCB,788.19,795.37,800.95,788.19,5301,stock
2018-02-04,SCB,797.76,799.36,805.74,797.76,7248,stock
2018-02-05,SCB,803.35,796.97,805.74,796.17,5899,stock
2018-02-06,SCB,798.56,794.57,799.36,793.77,7667,stock
2018-02-07,SCB,794.57,788.19,794.57,787.39,3716,stock
2018-02-08,SCB,796.97,795.37,796.97,790.58,4849,stock
2018-02-11,SCB,796.17,790.58,800.95,790.58,3812,stock
2018-02-12,SCB,797.76,792.98,797.76,789.79,4000,stock
2018-02-14,SCB,796.17,789.79,796.17,780.21,4703,stock
2018-02-15,SCB,791.38,793.77,804.15,791.38,11051,stock
2018-02-18,SCB,793.77,796.97,837.65,793.77,15350,stock
2018-02-20,SCB,807.34,796.97,807.34,793.77,5366,stock
2018-02-21,SCB,794.57,779.41,794.57,779.41,9114,stock
2018-02-22,SCB,781.81,781.81,785.0,780.21,4169,stock
2018-02-25,SCB,781.81,769.84,781.81,769.84,9148,stock
2018-02-26,SCB,777.02,757.08,777.02,749.9,8870,stock
2018-02-27,SCB,753.89,756.28,764.26,750.7,9352,stock
2018-02-28,SCB,757.87,749.9,761.07,742.72,9650,stock
2018-03-04,SCB,745.91,717.99,745.91,710.01,10099,stock
2018-03-05,SCB,721.98,708.41,722.77,698.04,22167,stock
2018-03-06,SCB,708.41,708.41,717.99,694.05,13892,stock
2018-03-07,SCB,714.0,717.99,721.18,712.4,20416,stock
2018-03-11,SCB,717.99,713.2,725.96,706.02,11396,stock
2018-03-12,SCB,713.2,700.44,717.99,698.04,11726,stock
2018-03-13,SCB,714.0,710.01,717.99,702.03,4574,stock
2018-03-14,SCB,710.01,713.2,716.39,706.02,3880,stock
2018-03-15,SCB,714.0,713.2,718.78,713.2,4524,stock
2018-03-18,SCB,714.0,712.4,714.0,707.62,3684,stock
2018-03-19,SCB,712.4,712.4,717.99,712.4,6771,stock
2018-03-20,SCB,712.4,702.03,712.4,702.03,7391,stock
2018-03-21,SCB,706.02,698.04,706.82,694.05,5435,stock
2018-03-22,SCB,694.05,691.66,696.45,683.68,5547,stock
2018-03-26,SCB,682.89,662.14,686.08,662.14,6991,stock
2018-03-27,SCB,662.14,695.65,702.03,619.06,9284,stock
2018-03-28,SCB,708.41,689.27,714.0,654.17,20671,stock
2018-03-29,SCB,694.05,690.07,698.04,689.27,11314,stock
2018-04-01,SCB,686.08,658.95,694.05,630.23,20742,stock
2018-04-02,SCB,654.17,654.17,662.94,635.02,15085,stock
2018-04-03,SCB,654.17,654.17,657.36,647.78,13327,stock
2018-04-04,SCB,658.15,667.73,669.32,654.17,12146,stock
2018-04-05,SCB,677.3,676.5,679.69,668.53,21550,stock
2018-04-08,SCB,678.1,702.03,702.83,678.1,27522,stock
2018-04-09,SCB,710.01,708.41,723.57,698.04,25892,stock
2018-04-10,SCB,708.41,686.87,708.41,680.49,10917,stock
2018-04-11,SCB,686.87,685.28,688.47,678.1,9939,stock
2018-04-12,SCB,690.07,682.09,694.05,682.09,13299,stock
2018-04-15,SCB,682.09,678.1,685.28,662.14,8569,stock
2018-04-16,SCB,666.93,674.11,691.66,666.93,13734,stock
2018-04-17,SCB,674.11,679.69,690.07,678.1,12628,stock
2018-04-18,SCB,686.08,708.41,717.19,674.11,21829,stock
2018-04-19,SCB,708.41,710.81,715.59,686.08,19648,stock
2018-04-22,SCB,710.01,717.99,719.58,702.03,21001,stock
2018-04-23,SCB,721.18,698.04,725.96,698.04,21063,stock
2018-04-24,SCB,706.82,683.68,706.82,682.09,14031,stock
2018-04-25,SCB,683.68,687.67,693.26,678.9,11791,stock
2018-04-26,SCB,684.48,673.31,690.86,668.53,19818,stock
2018-04-29,SCB,671.72,672.51,677.3,660.55,7314,stock
2018-05-02,SCB,672.51,666.13,674.11,660.55,9031,stock
2018-05-03,SCB,670.12,666.93,675.71,666.13,9730,stock
2018-05-06,SCB,654.17,666.13,670.12,654.17,7949,stock
2018-05-07,SCB,662.14,658.95,662.94,655.76,11942,stock
2018-05-08,SCB,658.95,662.14,669.32,658.15,9430,stock
2018-05-09,SCB,662.14,660.55,664.54,655.76,6500,stock
2018-05-10,SCB,660.55,658.15,662.14,656.56,6840,stock
2018-05-14,SCB,658.15,657.36,661.35,654.17,11884,stock
2018-05-15,SCB,654.17,655.76,658.95,653.37,4822,stock
2018-05-16,SCB,650.97,651.77,658.15,650.18,9163,stock
2018-05-17,SCB,654.17,651.77,662.94,649.38,7883,stock
2018-05-20,SCB,658.15,650.97,658.95,646.19,7347,stock
2018-05-21,SCB,651.77,650.18,653.37,647.78,4092,stock
2018-05-22,SCB,649.38,648.58,651.77,646.19,5513,stock
2018-05-23,SCB,644.59,646.19,658.15,638.21,3542,stock
2018-05-24,SCB,646.19,643.0,648.58,642.2,6998,stock
2018-05-27,SCB,643.0,638.21,646.19,630.23,8147,stock
2018-05-28,SCB,638.21,651.77,662.14,636.61,12843,stock
2018-05-29,SCB,646.99,654.96,658.15,642.2,5855,stock
2018-05-30,SCB,646.19,650.18,654.17,646.19,2830,stock
2018-05-31,SCB,654.17,642.2,654.17,640.6,5122,stock
2018-06-03,SCB,631.03,629.44,638.21,625.45,5107,stock
2018-06-04,SCB,637.41,631.83,637.41,625.45,7736,stock
2018-06-06,SCB,646.19,622.26,646.19,621.46,8081,stock
2018-06-07,SCB,646.19,622.26,646.19,621.46,8081,stock
2018-06-10,SCB,622.26,614.28,626.24,602.31,9562,stock
2018-06-11,SCB,614.28,618.27,626.24,610.29,4618,stock
2018-06-12,SCB,618.27,617.47,625.45,611.88,7473,stock
2018-06-13,SCB,617.47,618.27,618.27,611.09,4151,stock
2018-06-14,SCB,622.26,615.87,628.64,614.28,8300,stock
2018-06-17,SCB,614.28,616.67,616.67,603.11,2307,stock
2018-06-18,SCB,610.29,614.28,615.87,606.3,6099,stock
2018-06-19,SCB,613.48,607.9,614.28,606.3,4920,stock
2018-06-20,SCB,598.32,602.31,613.48,598.32,3494,stock
2018-06-21,SCB,602.31,601.51,607.1,599.12,3266,stock
2018-06-24,SCB,610.29,599.92,610.29,598.32,7640,stock
2018-06-25,SCB,590.34,595.93,603.11,590.34,6687,stock
2018-06-26,SCB,595.93,583.16,597.52,582.37,9338,stock
2018-06-27,SCB,590.34,591.14,592.74,582.37,4796,stock
2018-06-28,SCB,594.33,587.15,594.33,582.37,9462,stock
2018-07-01,SCB,587.95,581.57,587.95,578.38,5504,stock
2018-07-02,SCB,577.58,580.77,583.16,574.39,3846,stock
2018-07-03,SCB,580.77,578.38,580.77,569.6,5673,stock
2018-07-04,SCB,575.98,579.18,581.57,572.0,9143,stock
2018-07-05,SCB,579.18,595.13,599.92,579.18,6235,stock
2018-07-08,SCB,606.3,612.68,626.24,605.5,8383,stock
2018-07-09,SCB,614.28,599.12,614.28,595.13,4165,stock
2018-07-10,SCB,599.12,606.3,606.3,594.33,4598,stock
2018-07-11,SCB,606.3,604.7,614.28,603.91,3859,stock
2018-07-12,SCB,615.87,591.14,614.28,586.36,7374,stock
2018-07-15,SCB,591.14,602.31,603.91,590.34,4983,stock
2018-07-16,SCB,602.31,601.51,606.3,595.93,3877,stock
2018-07-17,SCB,601.51,600.72,602.31,596.73,3427,stock
2018-07-18,SCB,600.72,601.51,601.51,597.52,4026,stock
2018-07-19,SCB,594.33,596.73,598.32,593.54,4273,stock
2018-07-22,SCB,599.92,595.93,599.92,595.13,3044,stock
2018-07-23,SCB,597.52,596.73,598.32,594.33,2043,stock
2018-07-24,SCB,598.32,603.91,606.3,598.32,4466,stock
2018-07-25,SCB,603.91,604.7,606.3,598.32,2642,stock
2018-07-26,SCB,597.52,599.92,605.5,597.52,3856,stock
2018-07-29,SCB,598.32,599.92,603.11,598.32,4100,stock
2018-07-30,SCB,606.3,599.92,606.3,598.32,7622,stock
2018-07-31,SCB,599.92,597.52,602.31,595.13,7607,stock
2018-08-01,SCB,598.32,595.13,598.32,591.94,6595,stock
2018-08-02,SCB,592.74,595.93,596.73,590.34,2531,stock
2018-08-05,SCB,594.33,582.37,597.52,579.18,5653,stock
2018-08-06,SCB,583.16,586.36,589.55,581.57,6009,stock
2018-08-07,SCB,575.19,586.36,589.55,575.19,6846,stock
2018-08-08,SCB,587.15,581.57,593.54,581.57,5366,stock
2018-08-09,SCB,582.37,581.57,590.34,579.97,3976,stock
2018-08-12,SCB,582.37,582.37,584.76,579.18,5457,stock
2018-08-13,SCB,582.37,579.18,585.56,578.38,5630,stock
2018-08-14,SCB,574.39,579.18,584.76,574.39,8772,stock
2018-08-15,SCB,577.58,602.31,602.31,577.58,8058,stock
2018-08-16,SCB,606.3,593.54,611.09,591.94,7111,stock
2018-08-19,SCB,593.54,580.77,594.33,579.18,4494,stock
2018-08-20,SCB,578.38,582.37,586.36,578.38,5404,stock
2018-08-21,SCB,582.37,579.18,582.37,574.39,4060,stock
2018-08-22,SCB,575.98,580.77,580.77,575.98,3318,stock
2018-08-23,SCB,581.57,578.38,582.37,576.78,3058,stock
2018-08-26,SCB,579.18,573.59,580.77,573.59,5749,stock
2018-08-28,SCB,570.4,568.81,574.39,566.41,9638,stock
2018-08-29,SCB,573.59,567.21,573.59,563.22,5590,stock
2018-08-30,SCB,575.19,570.4,575.19,564.02,6503,stock
2018-09-02,SCB,572.0,564.82,572.0,564.82,8085,stock
2018-09-03,SCB,566.41,565.61,574.39,565.61,8886,stock
2018-09-04,SCB,567.21,566.41,569.6,564.82,7895,stock
2018-09-05,SCB,570.4,572.0,574.39,568.01,6501,stock
2018-09-06,SCB,574.39,572.0,584.76,571.2,8176,stock
2018-09-09,SCB,572.0,575.98,575.98,570.4,7304,stock
2018-09-10,SCB,576.78,570.4,576.78,570.4,7660,stock
2018-09-11,SCB,571.2,570.4,571.2,566.41,8029,stock
2018-09-12,SCB,568.01,572.0,572.0,567.21,4873,stock
2018-09-13,SCB,568.81,570.4,574.39,568.81,7739,stock
2018-09-16,SCB,575.98,574.39,575.98,558.43,11172,stock
2018-09-17,SCB,575.98,571.2,581.57,571.2,4366,stock
2018-09-18,SCB,582.37,574.39,582.37,571.2,3859,stock
2018-09-20,SCB,574.39,568.01,574.39,564.02,8302,stock
2018-09-23,SCB,566.41,565.61,569.6,565.61,7325,stock
2018-09-25,SCB,568.81,564.02,573.59,562.42,14146,stock
2018-09-26,SCB,566.41,564.82,570.4,564.82,7884,stock
2018-09-27,SCB,564.02,566.41,566.41,560.03,11446,stock
2018-09-30,SCB,562.42,558.43,565.61,558.43,12333,stock
2018-10-01,SCB,562.42,555.24,565.61,552.05,9853,stock
2018-10-02,SCB,556.84,551.25,558.43,550.46,10074,stock
2018-10-03,SCB,551.25,551.25,558.43,550.46,6082,stock
2018-10-04,SCB,551.25,550.46,553.65,549.66,6988,stock
2018-10-07,SCB,549.66,550.46,550.46,543.28,5480,stock
2018-10-08,SCB,550.46,550.46,552.85,550.46,5429,stock
2018-10-09,SCB,550.46,548.86,551.25,547.27,3268,stock
2018-10-10,SCB,546.47,552.05,552.05,546.47,3772,stock
2018-10-11,SCB,550.46,558.43,558.43,550.46,6717,stock
2018-10-14,SCB,560.03,564.02,564.82,557.64,3086,stock
2018-10-15,SCB,570.4,564.82,570.4,562.42,2160,stock
2018-10-21,SCB,562.42,566.41,568.81,562.42,1253,stock
2018-10-22,SCB,562.42,566.41,566.41,560.83,1153,stock
2018-10-23,SCB,564.82,565.61,567.21,562.42,1437,stock
2018-10-24,SCB,566.41,564.82,567.21,562.42,2532,stock
2018-10-25,SCB,569.6,558.43,569.6,558.43,3367,stock
2018-10-28,SCB,550.46,554.45,556.04,550.46,2823,stock
2018-10-29,SCB,547.27,548.86,552.85,547.27,3630,stock
2018-10-30,SCB,548.86,550.46,553.65,548.06,1794,stock
2018-10-31,SCB,551.25,551.25,552.85,550.46,2068,stock
2018-11-01,SCB,551.25,551.25,554.45,551.25,3137,stock
2018-11-04,SCB,546.47,539.29,550.46,534.5,4675,stock
2018-11-05,SCB,548.86,546.47,548.86,538.49,1865,stock
2018-11-14,SCB,498.6,498.6,501.0,496.21,6337,stock
2018-11-15,SCB,498.6,501.79,501.79,496.21,9575,stock
2018-11-18,SCB,498.6,490.62,498.6,489.03,4750,stock
2018-11-19,SCB,490.62,485.84,490.62,482.65,5670,stock
2018-11-20,SCB,485.84,483.44,488.23,483.44,4236,stock
2018-11-21,SCB,483.44,477.86,483.44,475.47,7184,stock
2018-11-22,SCB,477.86,476.26,477.86,469.08,8692,stock
2018-11-25,SCB,476.26,466.69,485.04,466.69,8119,stock
2018-11-26,SCB,468.73,462.7,469.08,460.31,10004,stock
2018-11-27,SCB,463.76,457.12,470.68,457.12,11710,stock
2018-11-28,SCB,459.14,459.51,464.3,457.12,3491,stock
2018-11-29,SCB,459.38,454.72,461.11,454.72,4919,stock
2018-12-02,SCB,455.68,446.75,455.68,446.75,14201,stock
2018-12-03,SCB,446.75,439.57,449.94,438.77,15005,stock
2018-12-04,SCB,438.77,446.75,446.75,438.77,11761,stock
2018-12-06,SCB,441.96,450.74,453.13,438.77,4894,stock
2018-12-09,SCB,450.74,465.1,465.1,450.74,5205,stock
2018-12-10,SCB,465.1,477.06,478.66,464.3,12924,stock
2018-12-11,SCB,477.06,477.86,482.65,474.67,8512,stock
2018-12-12,SCB,477.86,488.23,489.03,477.86,8137,stock
2018-12-13,SCB,488.23,493.82,494.61,486.64,5019,stock
2018-12-16,SCB,493.82,501.79,507.38,493.82,9518,stock
2018-12-17,SCB,501.79,501.79,502.59,493.02,5185,stock
2018-12-18,SCB,501.79,489.83,501.79,489.03,8781,stock
2018-12-19,SCB,489.83,483.44,491.42,482.65,7647,stock
2018-12-20,SCB,483.44,489.03,493.02,483.44,2236,stock
2018-12-23,SCB,489.03,498.6,501.0,489.03,6527,stock
2018-12-24,SCB,498.6,493.82,508.18,493.82,4227,stock
2018-12-25,SCB,493.82,495.41,497.8,490.62,1330,stock
2018-12-26,SCB,495.41,497.01,500.2,490.62,4526,stock
2018-12-27,SCB,497.01,497.01,506.58,493.02,6195,stock
2018-12-30,SCB,497.01,497.01,501.0,496.21,2464,stock
2018-12-31,SCB,497.01,490.62,506.58,490.62,6560,stock
2019-01-01,SCB,490.62,495.41,498.6,490.62,5222,stock
2019-01-02,SCB,495.41,490.62,497.01,490.62,3265,stock
2019-01-03,SCB,490.62,483.44,491.42,483.44,7471,stock
2019-01-06,SCB,483.44,478.66,485.84,475.47,3683,stock
2019-01-08,SCB,478.66,481.05,485.04,478.66,2777,stock
2019-01-09,SCB,481.05,482.65,486.64,476.26,4415,stock
2019-01-10,SCB,482.65,485.04,486.64,480.25,12060,stock
2019-01-13,SCB,485.04,469.88,485.04,467.49,6026,stock
2019-01-14,SCB,469.88,470.68,473.07,466.69,2299,stock
2019-01-15,SCB,470.68,472.28,472.28,468.29,1839,stock
2019-01-16,SCB,472.28,473.87,477.86,470.68,2390,stock
2019-01-17,SCB,473.87,469.88,477.86,469.88,5909,stock
2019-01-20,SCB,469.88,458.71,470.68,458.71,3606,stock
2019-01-21,SCB,458.71,455.52,467.49,449.14,5777,stock
2019-01-22,SCB,455.52,456.32,462.7,450.74,3694,stock
2019-01-23,SCB,458.71,454.72,459.51,450.74,11499,stock
2019-01-24,SCB,454.72,452.33,457.12,446.75,5178,stock
2019-01-27,SCB,452.33,450.74,453.13,446.75,4985,stock
2019-01-28,SCB,450.74,449.94,453.93,447.55,3900,stock
2019-01-29,SCB,449.94,449.14,452.33,448.34,5320,stock
2019-01-30,SCB,449.14,448.34,450.74,448.34,4396,stock
2019-01-31,SCB,448.34,450.74,456.32,448.34,2462,stock
2019-02-03,SCB,453.13,449.94,453.93,449.94,3165,stock
2019-02-04,SCB,443.56,444.35,449.94,442.76,5934,stock
2019-02-05,SCB,439.57,443.56,454.72,438.77,4021,stock
2019-02-06,SCB,442.76,443.56,446.75,441.16,3455,stock
2019-02-07,SCB,447.55,443.56,447.55,442.76,2152,stock
2019-02-10,SCB,444.35,438.77,445.15,438.77,3855,stock
2019-02-11,SCB,441.96,439.57,442.76,434.78,4352,stock
2019-02-12,SCB,438.77,436.38,439.57,436.38,4004,stock
2019-02-13,SCB,440.37,432.39,442.76,431.59,4235,stock
2019-02-14,SCB,433.19,427.6,433.98,423.61,6255,stock
2019-02-17,SCB,428.4,427.6,432.39,421.22,6723,stock
2019-02-18,SCB,428.4,421.22,428.4,420.42,5840,stock
2019-02-19,SCB,422.81,426.01,430.79,421.22,1919,stock
2019-02-20,SCB,430.79,426.01,430.79,422.81,2409,stock
2019-02-21,SCB,429.99,426.01,430.79,426.01,7405,stock
2019-02-24,SCB,426.01,420.42,426.01,418.83,6349,stock
2019-02-25,SCB,420.42,418.83,422.02,415.63,7089,stock
2019-02-26,SCB,426.01,422.81,426.01,418.03,2402,stock
2019-02-27,SCB,418.83,422.81,426.01,418.83,2368,stock
2019-03-03,SCB,415.63,418.83,423.61,415.63,5559,stock
2019-03-05,SCB,418.03,421.22,422.81,414.84,7650,stock
2019-03-06,SCB,421.22,424.41,424.41,421.22,5029,stock
2019-03-07,SCB,426.8,425.21,427.6,422.81,6406,stock
2019-03-09,SCB,422.81,426.8,426.8,421.22,244,stock
2019-03-10,SCB,422.81,426.8,426.8,421.22,244,stock
2019-03-11,SCB,426.8,430.79,431.59,426.8,9615,stock
2019-03-12,SCB,432.39,451.53,451.53,430.79,13279,stock
2019-03-13,SCB,454.72,449.94,456.32,448.34,8800,stock
2019-03-14,SCB,459.51,457.92,459.51,446.75,6842,stock
2019-03-17,SCB,458.71,465.1,471.48,458.71,11221,stock
2019-03-18,SCB,465.1,465.1,468.29,464.3,6976,stock
2019-03-19,SCB,462.7,460.31,470.68,460.31,5041,stock
2019-03-21,SCB,460.31,455.52,462.7,452.33,6187,stock
2019-03-24,SCB,455.52,445.15,455.52,442.76,5624,stock
2019-03-25,SCB,442.76,453.13,456.32,440.37,6320,stock
2019-03-26,SCB,454.72,449.94,454.72,446.75,2659,stock
2019-03-27,SCB,449.94,454.72,457.92,442.76,3764,stock
2019-03-28,SCB,449.14,453.13,457.92,449.14,4230,stock
2019-03-31,SCB,461.9,450.74,461.9,450.74,7189,stock
2019-04-01,SCB,444.35,452.33,453.93,444.35,7755,stock
2019-04-02,SCB,452.33,465.1,465.89,452.33,18598,stock
2019-04-03,SCB,462.7,461.9,471.48,455.52,7791,stock
2019-04-04,SCB,458.71,457.92,462.7,453.93,4073,stock
2019-04-07,SCB,465.89,466.69,466.69,457.12,8125,stock
2019-04-08,SCB,466.69,472.28,480.25,468.29,7535,stock
2019-04-09,SCB,472.28,472.28,477.86,466.69,7624,stock
2019-04-10,SCB,472.28,470.68,476.26,465.89,3391,stock
2019-04-11,SCB,472.28,471.48,473.87,470.68,4175,stock
2019-04-15,SCB,466.69,468.29,469.08,462.7,2164,stock
2019-04-16,SCB,465.89,474.67,476.26,465.89,4704,stock
2019-04-17,SCB,474.67,478.66,486.64,476.26,4817,stock
2019-04-18,SCB,479.46,495.41,498.6,477.06,7571,stock
2019-04-21,SCB,496.21,544.87,544.87,495.41,14140,stock
2019-04-22,SCB,555.24,566.41,591.14,555.24,52924,stock
2019-04-23,SCB,567.21,579.97,586.36,556.04,25602,stock
2019-04-24,SCB,574.39,575.98,583.96,574.39,17286,stock
2019-04-25,SCB,575.98,576.78,586.36,575.98,16914,stock
2019-04-28,SCB,587.95,576.78,602.31,575.19,16855,stock
2019-04-29,SCB,576.78,574.39,576.78,558.43,13637,stock
2019-04-30,SCB,585.56,562.42,585.56,558.43,7935,stock
2019-05-02,SCB,566.41,550.46,566.41,546.47,10941,stock
2019-05-05,SCB,550.46,547.27,552.85,545.67,12949,stock
2019-05-06,SCB,550.46,566.41,566.41,537.69,20390,stock
2019-05-07,SCB,566.41,565.61,577.58,560.03,17873,stock
2019-05-08,SCB,565.61,561.63,566.41,555.24,5945,stock
2019-05-09,SCB,566.41,550.46,566.41,547.27,8193,stock
2019-05-12,SCB,550.46,549.66,558.43,546.47,5656,stock
2019-05-13,SCB,557.64,551.25,557.64,550.46,6791,stock
2019-05-14,SCB,550.46,557.64,562.42,542.48,7659,stock
2019-05-15,SCB,557.64,554.45,566.41,550.46,9835,stock
2019-05-16,SCB,554.45,549.66,554.45,547.27,9831,stock
2019-05-19,SCB,551.25,550.46,558.43,543.28,7010,stock
2019-05-20,SCB,552.05,549.66,552.05,543.28,4787,stock
2019-05-21,SCB,557.64,550.46,557.64,545.67,4375,stock
2019-05-22,SCB,550.46,548.06,554.45,547.27,4797,stock
2019-05-23,SCB,545.67,546.47,547.27,540.88,13815,stock
2019-05-26,SCB,542.48,542.48,542.48,536.89,3801,stock
2019-05-27,SCB,536.1,540.09,542.48,535.3,2965,stock
2019-05-28,SCB,540.09,542.48,542.48,534.5,5844,stock
2019-05-29,SCB,542.48,540.88,544.87,538.49,4549,stock
2019-05-30,SCB,551.25,560.83,570.4,551.25,17827,stock
2019-06-02,SCB,560.03,552.05,560.03,539.29,7134,stock
2019-06-03,SCB,550.46,545.67,550.46,544.07,6616,stock
2019-06-04,SCB,549.66,541.68,550.46,537.69,4823,stock
2019-06-06,SCB,534.5,536.89,540.09,532.11,4306,stock
2019-06-10,SCB,532.91,538.49,542.48,532.11,7665,stock
2019-06-11,SCB,536.89,536.1,539.29,535.3,4245,stock
2019-06-12,SCB,536.89,533.7,537.69,526.52,11752,stock
2019-06-13,SCB,534.5,525.73,534.5,525.73,8870,stock
2019-06-16,SCB,525.73,527.32,528.92,524.13,3927,stock
2019-06-17,SCB,527.32,530.51,533.7,524.93,4405,stock
2019-06-18,SCB,530.51,530.51,540.09,527.32,5108,stock
2019-06-19,SCB,534.5,527.32,534.5,526.52,3211,stock
2019-06-20,SCB,528.12,530.51,532.11,528.12,1949,stock
2019-06-23,SCB,534.5,527.32,534.5,522.53,5040,stock
2019-06-24,SCB,526.52,530.51,530.51,522.53,6963,stock
2019-06-25,SCB,528.92,529.71,530.51,526.52,3499,stock
2019-06-26,SCB,524.13,527.32,532.11,522.53,1844,stock
2019-06-27,SCB,526.52,529.71,531.31,526.52,6617,stock
2019-06-30,SCB,537.69,524.13,537.69,523.33,7343,stock
2019-07-01,SCB,526.52,521.74,526.52,518.55,5154,stock
2019-07-02,SCB,519.34,521.74,522.53,518.55,38037,stock
2019-07-03,SCB,532.11,533.7,538.49,525.73,9379,stock
2019-07-04,SCB,538.49,530.51,538.49,528.12,12296,stock
2019-07-07,SCB,530.51,527.32,530.51,525.73,6786,stock
2019-07-08,SCB,526.52,522.53,526.52,520.94,3927,stock
2019-07-09,SCB,522.53,526.52,527.32,518.55,5159,stock
2019-07-10,SCB,523.33,533.7,535.3,520.94,5279,stock
2019-07-11,SCB,526.52,533.7,535.3,526.52,7964,stock
2019-07-14,SCB,530.51,533.7,534.5,528.92,2348,stock
2019-07-15,SCB,534.5,536.89,546.47,530.51,12382,stock
2019-07-16,SCB,563.22,544.07,563.22,534.5,2826,stock
2019-07-17,SCB,539.29,548.86,548.86,539.29,9002,stock
2019-07-18,SCB,556.84,540.88,556.84,540.09,5495,stock
2019-07-21,SCB,540.88,537.69,540.88,534.5,3992,stock
2019-07-22,SCB,537.69,541.68,544.07,537.69,4173,stock
2019-07-23,SCB,541.68,540.09,548.06,537.69,5153,stock
2019-07-24,SCB,542.48,542.48,547.27,538.49,7120,stock
2019-07-25,SCB,538.49,536.1,542.48,534.5,4605,stock
2019-07-28,SCB,526.52,533.7,534.5,526.52,2190,stock
2019-07-29,SCB,526.52,529.71,531.31,526.52,2955,stock
2019-07-30,SCB,531.31,531.31,533.7,528.92,1650,stock
2019-07-31,SCB,533.7,534.5,536.89,532.11,2993,stock
2019-08-01,SCB,534.5,532.11,534.5,530.51,12692,stock
2019-08-04,SCB,534.5,528.12,534.5,528.12,2753,stock
2019-08-05,SCB,528.92,529.71,530.51,524.93,3672,stock
2019-08-06,SCB,534.5,522.53,534.5,518.55,6048,stock
2019-08-07,SCB,518.55,519.34,524.93,515.35,19707,stock
2019-08-08,SCB,515.35,518.55,521.74,515.35,4169,stock
2019-08-11,SCB,512.96,520.14,524.93,505.78,11730,stock
2019-08-12,SCB,514.56,518.55,522.53,514.56,3503,stock
2019-08-13,SCB,518.55,522.53,522.53,514.56,6080,stock
2019-08-14,SCB,514.56,515.35,519.34,514.56,2066,stock
2019-08-15,SCB,515.35,518.55,518.55,510.57,2832,stock
2019-08-18,SCB,520.94,510.57,522.53,509.77,6325,stock
2019-08-19,SCB,516.15,512.16,519.34,508.97,3571,stock
2019-08-20,SCB,512.16,510.57,512.16,508.18,3444,stock
2019-08-21,SCB,510.57,505.78,510.57,504.98,7681,stock
2019-08-22,SCB,503.39,508.97,514.56,503.39,7499,stock
2019-08-25,SCB,510.57,505.78,510.57,502.59,5168,stock
2019-08-26,SCB,502.59,498.6,505.78,496.21,7093,stock
2019-08-27,SCB,502.59,503.39,506.58,499.4,3490,stock
2019-08-28,SCB,504.19,496.21,504.98,494.61,7340,stock
2019-08-29,SCB,496.21,498.6,502.59,492.22,6037,stock
2019-09-01,SCB,495.41,492.22,496.21,490.62,5397,stock
2019-09-02,SCB,490.62,489.03,490.62,480.25,7256,stock
2019-09-03,SCB,486.64,496.21,496.21,478.66,8738,stock
2019-09-04,SCB,497.01,496.21,506.58,494.61,3326,stock
2019-09-05,SCB,494.61,496.21,499.4,490.62,4894,stock
2019-09-08,SCB,487.43,486.64,489.83,484.24,10644,stock
2019-09-09,SCB,486.64,478.66,486.64,474.67,7318,stock
2019-09-10,SCB,471.48,469.08,479.46,469.08,6395,stock
2019-09-11,SCB,470.68,469.08,473.87,469.08,7023,stock
2019-09-12,SCB,470.68,469.08,470.68,465.89,3735,stock
2019-09-15,SCB,462.7,444.35,466.69,438.77,12469,stock
2019-09-16,SCB,439.57,445.15,446.75,434.78,5491,stock
2019-09-17,SCB,451.53,454.72,458.71,439.57,7538,stock
2019-09-18,SCB,463.5,456.32,472.28,445.95,12704,stock
2019-09-19,SCB,458.71,446.75,461.11,446.75,8008,stock
2019-09-22,SCB,441.16,442.76,452.33,438.77,11079,stock
2019-09-23,SCB,442.76,447.55,456.32,440.37,6871,stock
2019-09-24,SCB,447.55,448.34,449.14,444.35,8097,stock
2019-09-26,SCB,445.95,443.56,446.75,442.76,4052,stock
2019-09-29,SCB,444.35,439.57,444.35,439.57,5985,stock
2019-09-30,SCB,442.76,453.93,454.72,442.76,3369,stock
2019-10-01,SCB,453.93,461.11,465.1,450.74,7688,stock
2019-10-02,SCB,462.7,455.52,465.1,455.52,4996,stock
2019-10-03,SCB,456.32,462.7,467.49,456.32,7660,stock
2019-10-10,SCB,470.68,468.29,470.68,466.69,1274,stock
2019-10-14,SCB,466.69,454.72,468.29,450.74,5359,stock
2019-10-15,SCB,450.74,459.51,459.51,446.75,4100,stock
2019-10-16,SCB,461.11,454.72,461.11,454.72,3309,stock
2019-10-17,SCB,454.72,457.12,458.71,454.72,5965,stock
2019-10-20,SCB,454.72,450.74,454.72,448.34,3722,stock
2019-10-21,SCB,450.74,438.77,450.74,431.59,7033,stock
2019-10-22,SCB,438.77,444.35,447.55,429.99,4454,stock
2019-10-23,SCB,442.76,452.33,452.33,440.37,9072,stock
2019-10-24,SCB,450.74,451.53,454.72,441.96,3977,stock
2019-10-31,SCB,451.53,452.33,458.71,442.76,4771,stock
2019-11-03,SCB,452.33,445.15,452.33,443.56,2403,stock
2019-11-04,SCB,438.77,445.15,445.95,438.77,4573,stock
2019-11-05,SCB,445.15,449.14,449.14,442.76,3212,stock
2019-11-06,SCB,449.14,444.35,449.94,442.76,2092,stock
2019-11-07,SCB,442.76,443.56,445.15,442.76,1741,stock
2019-11-10,SCB,441.96,438.77,443.56,438.77,5901,stock
2019-11-11,SCB,439.57,441.96,442.76,439.57,3241,stock
2019-11-12,SCB,442.76,437.97,442.76,433.98,4361,stock
2019-11-13,SCB,438.77,437.17,438.77,435.58,2838,stock
2019-11-14,SCB,437.17,437.97,438.77,434.78,3440,stock
2019-11-17,SCB,434.78,438.77,439.57,433.19,5689,stock
2019-11-18,SCB,434.78,441.16,445.15,434.78,2330,stock
2019-11-19,SCB,434.78,437.17,442.76,434.78,9745,stock
2019-11-20,SCB,437.17,438.77,439.57,435.58,3906,stock
2019-11-21,SCB,438.77,438.77,442.76,436.38,5236,stock
2019-11-24,SCB,438.77,442.76,443.56,437.97,18279,stock
2019-11-25,SCB,433.98,418.83,433.98,415.63,10085,stock
2019-11-26,SCB,418.83,418.83,419.62,415.63,6593,stock
2019-11-27,SCB,417.23,421.22,422.02,416.43,3206,stock
2019-11-28,SCB,418.83,417.23,422.02,417.23,10085,stock
2019-12-01,SCB,418.83,418.83,420.42,418.83,6052,stock
2019-12-02,SCB,418.83,418.83,420.42,418.83,3064,stock
2019-12-03,SCB,418.83,419.62,422.02,418.83,2866,stock
2019-12-04,SCB,418.83,419.62,422.02,418.83,3036,stock
2019-12-05,SCB,420.42,420.42,422.81,419.62,3759,stock
2019-12-08,SCB,422.81,419.62,422.81,419.62,2370,stock
2019-12-09,SCB,421.22,423.61,432.39,418.83,6560,stock
2019-12-10,SCB,431.59,428.4,431.59,424.41,3106,stock
2019-12-11,SCB,430.79,427.6,431.59,427.6,4140,stock
2019-12-12,SCB,426.8,429.2,430.79,426.8,4459,stock
2019-12-15,SCB,430.79,437.17,442.76,426.8,6090,stock
2019-12-16,SCB,434.78,429.2,438.77,427.6,4616,stock
2019-12-17,SCB,429.2,429.2,429.2,426.8,2469,stock
2019-12-18,SCB,429.2,426.8,429.2,426.8,1770,stock
2019-12-19,SCB,426.8,426.8,427.6,424.41,4273,stock
2019-12-22,SCB,426.8,421.22,426.8,421.22,4526,stock
2019-12-23,SCB,422.81,423.61,426.01,422.02,5099,stock
2019-12-24,SCB,429.2,426.8,431.59,423.61,2423,stock
2019-12-25,SCB,426.8,424.41,427.6,424.41,1544,stock
2019-12-26,SCB,422.81,424.41,426.8,422.81,5762,stock
2019-12-29,SCB,424.41,421.22,424.41,418.83,4128,stock
2019-12-30,SCB,422.02,426.8,426.8,421.22,3095,stock
2019-12-31,SCB,427.6,422.81,427.6,422.81,6075,stock
2020-01-01,SCB,422.81,426.01,426.01,422.81,5560,stock
2020-01-02,SCB,422.81,429.2,429.99,422.02,6666,stock
2020-01-05,SCB,428.4,437.17,441.16,428.4,15207,stock
2020-01-06,SCB,438.77,452.33,453.13,437.17,19081,stock
2020-01-07,SCB,454.72,461.9,461.9,453.13,13156,stock
2020-01-08,SCB,462.7,457.12,465.1,454.72,12690,stock
2020-01-09,SCB,450.74,450.74,457.92,450.74,7416,stock
2020-01-12,SCB,450.74,457.12,466.69,450.74,14279,stock
2020-01-13,SCB,465.1,470.68,483.44,464.3,15426,stock
2020-01-14,SCB,470.68,467.49,474.67,464.3,10002,stock
2020-01-15,SCB,475.47,480.25,480.25,467.49,7243,stock
2020-01-16,SCB,481.05,506.58,507.38,481.05,15793,stock
2020-01-19,SCB,510.57,514.56,516.15,506.58,15165,stock
2020-01-20,SCB,524.13,512.16,529.71,506.58,17385,stock
2020-01-21,SCB,506.58,503.39,510.57,497.01,13015,stock
2020-01-22,SCB,502.59,489.03,503.39,489.03,9630,stock
2020-01-23,SCB,489.03,486.64,493.02,479.46,14216,stock
2020-01-26,SCB,478.66,476.26,483.44,471.48,18140,stock
2020-01-27,SCB,473.07,481.85,481.85,470.68,15218,stock
2020-01-28,SCB,482.65,485.84,489.03,482.65,8174,stock
2020-01-29,SCB,481.05,479.46,484.24,479.46,4821,stock
2020-01-30,SCB,479.46,485.84,489.83,477.86,10970,stock
2020-02-02,SCB,487.43,501.0,502.59,487.43,19747,stock
2020-02-03,SCB,502.59,498.6,506.58,497.01,12262,stock
2020-02-04,SCB,498.6,487.43,502.59,486.64,8464,stock
2020-02-05,SCB,483.44,490.62,493.02,482.65,6666,stock
2020-02-06,SCB,494.61,488.23,494.61,487.43,8066,stock
2020-02-09,SCB,482.65,484.24,488.23,482.65,9046,stock
2020-02-10,SCB,485.84,485.04,488.23,480.25,5730,stock
2020-02-11,SCB,492.22,489.03,492.22,483.44,12262,stock
2020-02-12,SCB,491.42,487.43,491.42,486.64,9020,stock
2020-02-13,SCB,486.64,485.84,488.23,484.24,9719,stock
2020-02-16,SCB,482.65,486.64,486.64,478.66,11725,stock
2020-02-17,SCB,488.23,518.55,519.34,488.23,44902,stock
2020-02-18,SCB,526.52,520.14,534.5,513.76,37133,stock
2020-02-19,SCB,526.52,518.55,526.52,510.57,9222,stock
2020-02-20,SCB,518.55,524.93,525.73,512.96,16101,stock
2020-02-23,SCB,534.5,570.4,575.98,526.52,39731,stock
2020-02-24,SCB,570.4,571.2,591.14,564.02,52974,stock
2020-02-25,SCB,570.4,578.38,580.77,558.43,26976,stock
2020-02-26,SCB,574.39,614.28,614.28,574.39,50971,stock
2020-02-27,SCB,614.28,667.73,669.32,586.36,85420,stock
2020-03-01,SCB,667.73,649.38,678.1,645.39,95777,stock
2020-03-02,SCB,637.41,586.36,637.41,586.36,48522,stock
2020-03-03,SCB,586.36,594.33,608.69,554.45,74032,stock
2020-03-04,SCB,590.34,568.01,604.7,553.65,46641,stock
2020-03-05,SCB,556.84,558.43,572.79,518.55,34842,stock
2020-03-10,SCB,547.27,504.19,547.27,502.59,20941,stock
2020-03-11,SCB,510.57,550.46,553.65,506.58,37859,stock
2020-03-12,SCB,550.46,532.11,560.83,524.13,41208,stock
2020-03-15,SCB,521.74,500.2,531.31,500.2,38985,stock
2020-03-16,SCB,500.2,501.0,515.35,493.02,28891,stock
2020-03-17,SCB,495.41,485.04,498.6,477.06,24876,stock
2020-03-18,SCB,477.06,477.06,488.23,469.08,21243,stock
2020-03-19,SCB,466.69,481.85,486.64,448.34,30135,stock
2020-03-22,SCB,474.67,470.68,474.67,465.1,4563,stock
2020-05-12,SCB,461.9,457.12,461.9,457.12,301,stock
2020-05-13,SCB,448.34,443.56,448.34,443.56,110,stock
2020-06-29,SCB,434.78,426.8,434.78,402.87,7561,stock
2020-06-30,SCB,428.4,469.08,469.08,428.4,4365,stock
2020-07-01,SCB,477.86,515.35,515.35,477.86,1500,stock
2020-07-02,SCB,524.93,470.68,554.45,470.68,5441,stock
2020-07-05,SCB,478.66,472.28,478.66,456.32,15274,stock
2020-07-06,SCB,470.68,481.85,483.44,462.7,9911,stock
2020-07-07,SCB,491.42,498.6,504.19,491.42,16776,stock
2020-07-08,SCB,500.2,483.44,507.38,480.25,14568,stock
2020-07-09,SCB,483.44,488.23,502.59,482.65,13740,stock
2020-07-12,SCB,490.62,495.41,498.6,490.62,9497,stock
2020-07-13,SCB,495.41,498.6,502.59,493.02,11086,stock
2020-07-14,SCB,496.21,497.8,500.2,493.02,6367,stock
2020-07-15,SCB,497.8,514.56,514.56,492.22,15797,stock
2020-07-16,SCB,521.74,522.53,526.52,512.96,16406,stock
2020-07-19,SCB,532.91,553.65,553.65,532.91,30,stock
2020-07-20,SCB,578.38,558.43,601.51,543.28,51322,stock
2020-07-21,SCB,558.43,546.47,566.41,535.3,25907,stock
2020-07-22,SCB,550.46,539.29,554.45,536.1,12855,stock
2020-07-23,SCB,535.3,548.86,550.46,530.51,16658,stock
2020-07-26,SCB,558.43,557.64,558.43,542.48,19061,stock
2020-07-27,SCB,554.45,554.45,562.42,552.85,29449,stock
2020-07-28,SCB,558.43,549.66,558.43,544.87,15042,stock
2020-07-29,SCB,540.09,538.49,546.47,536.89,21038,stock
2020-07-30,SCB,538.49,544.07,545.67,534.5,14264,stock
2020-08-02,SCB,542.48,524.13,542.48,520.14,25539,stock
2020-08-03,SCB,518.55,524.13,532.91,508.18,21265,stock
2020-08-05,SCB,518.55,510.57,518.55,502.59,22930,stock
2020-08-06,SCB,516.95,512.96,516.95,502.59,9301,stock
2020-08-09,SCB,503.39,513.76,513.76,494.61,11509,stock
2020-08-10,SCB,523.33,528.12,528.12,506.58,16245,stock
2020-08-11,SCB,530.51,526.52,536.1,522.53,14386,stock
2020-08-12,SCB,536.89,528.12,536.89,516.15,8504,stock
2020-08-13,SCB,519.34,520.94,524.13,519.34,11501,stock
2020-08-16,SCB,510.57,511.37,515.35,503.39,16909,stock
2020-08-17,SCB,512.16,510.57,512.16,507.38,6519,stock
2020-08-18,SCB,519.34,513.76,519.34,510.57,7550,stock
2020-08-19,SCB,504.98,506.58,510.57,504.19,6583,stock
2020-08-20,SCB,502.59,509.77,510.57,502.59,1981,stock
2020-08-23,SCB,513.76,510.57,513.76,504.19,6578,stock
2020-08-24,SCB,520.14,515.35,527.32,510.57,8530,stock
2020-08-25,SCB,524.13,516.95,524.13,513.76,7280,stock
2020-08-26,SCB,525.73,530.51,536.1,518.55,26930,stock
2020-08-27,SCB,538.49,527.32,538.49,521.74,11387,stock
2020-08-30,SCB,527.32,524.93,526.52,503.39,7817,stock
2020-08-31,SCB,532.91,525.73,533.7,522.53,19625,stock
2020-09-02,SCB,531.31,532.91,538.49,530.51,31605,stock
2020-09-03,SCB,534.5,534.5,534.5,527.32,27508,stock
2020-09-06,SCB,544.87,526.52,546.47,525.73,22274,stock
2020-09-07,SCB,526.52,524.93,528.12,518.55,19020,stock
2020-09-08,SCB,519.34,520.94,523.33,515.35,13437,stock
2020-09-09,SCB,518.55,522.53,522.53,514.56,19920,stock
2020-09-10,SCB,522.53,526.52,532.11,518.55,10064,stock
2020-09-13,SCB,520.14,523.33,524.93,517.75,21997,stock
2020-09-14,SCB,526.52,531.31,536.89,525.73,27184,stock
2020-09-15,SCB,538.49,529.71,538.49,524.13,12306,stock
2020-09-16,SCB,523.33,525.73,530.51,522.53,8386,stock
2020-09-17,SCB,522.53,534.5,535.3,522.53,17335,stock
2020-09-20,SCB,535.3,539.29,554.45,535.3,31429,stock
2020-09-21,SCB,543.28,535.3,544.07,535.3,13734,stock
2020-09-22,SCB,526.52,530.51,536.1,528.92,17985,stock
2020-09-23,SCB,540.88,528.92,540.88,522.53,8052,stock
2020-09-24,SCB,526.52,529.71,530.51,526.52,10537,stock
2020-09-27,SCB,530.51,532.91,534.5,528.12,11519,stock
2020-09-28,SCB,526.52,529.71,536.1,526.52,12121,stock
2020-09-29,SCB,530.51,526.52,530.51,526.52,6094,stock
2020-09-30,SCB,506.58,522.53,536.1,506.58,7805,stock
2020-10-01,SCB,524.13,528.12,532.91,524.13,9365,stock
2020-10-04,SCB,529.71,533.7,537.69,529.71,13942,stock
2020-10-05,SCB,538.49,531.31,542.48,529.71,19381,stock
2020-10-06,SCB,531.31,531.31,534.5,528.92,8780,stock
2020-10-07,SCB,533.7,530.51,533.7,528.92,10959,stock
2020-10-08,SCB,533.7,527.32,533.7,526.52,25543,stock
2020-10-11,SCB,524.13,525.73,527.32,522.53,17619,stock
2020-10-12,SCB,525.73,522.53,526.52,517.75,17890,stock
2020-10-13,SCB,524.93,520.94,524.93,518.55,20272,stock
2020-10-14,SCB,518.55,524.13,524.13,518.55,11336,stock
2020-10-15,SCB,530.51,524.93,530.51,520.14,9350,stock
2020-10-18,SCB,524.93,520.14,524.93,518.55,13508,stock
2020-10-19,SCB,530.51,523.33,530.51,509.77,7075,stock
2020-10-20,SCB,526.52,526.52,528.92,522.53,9154,stock
2020-10-21,SCB,524.93,531.31,532.11,524.13,10526,stock
2020-10-22,SCB,530.51,532.91,534.5,524.93,20245,stock
2020-10-28,SCB,535.3,549.66,549.66,532.11,28361,stock
2020-10-29,SCB,554.45,544.87,566.41,543.28,28987,stock
2020-11-01,SCB,534.5,523.33,534.5,504.98,89195,stock
2020-11-02,SCB,548.86,519.34,548.86,516.95,24578,stock
2020-11-03,SCB,521.74,516.15,521.74,515.35,21681,stock
2020-11-04,SCB,516.15,515.35,520.14,513.76,17309,stock
2020-11-05,SCB,514.56,507.38,514.56,506.58,44695,stock
2020-11-08,SCB,509.77,503.39,510.57,502.59,24156,stock
2020-11-09,SCB,502.59,497.01,502.59,495.41,38131,stock
2020-11-10,SCB,497.8,501.79,504.98,497.8,22741,stock
2020-11-11,SCB,504.19,503.39,508.18,500.2,42148,stock
2020-11-12,SCB,507.38,513.76,513.76,502.59,29454,stock
2020-11-18,SCB,506.58,504.98,510.57,501.0,26437,stock
2020-11-19,SCB,503.39,504.98,505.78,500.2,38015,stock
2020-11-22,SCB,504.19,502.59,512.96,501.0,55727,stock
2020-11-23,SCB,504.19,502.59,508.18,501.79,24028,stock
2020-11-24,SCB,502.59,501.79,504.98,500.2,39905,stock
2020-11-25,SCB,505.78,507.38,508.97,501.0,36233,stock
2020-11-26,SCB,510.57,528.12,536.89,510.57,92425,stock
2020-11-29,SCB,554.45,557.64,560.83,536.1,116075,stock
2020-11-30,SCB,580.77,545.67,582.37,543.28,79939,stock
2020-12-01,SCB,538.49,532.91,544.07,528.92,38097,stock
2020-12-02,SCB,534.5,535.3,538.49,526.52,42721,stock
2020-12-03,SCB,542.48,531.31,558.43,528.92,38632,stock
2020-12-06,SCB,528.92,509.77,528.92,509.77,42758,stock
2020-12-07,SCB,509.77,522.53,522.53,506.58,35824,stock
2020-12-08,SCB,526.52,520.14,530.51,516.15,40145,stock
2020-12-09,SCB,511.37,510.57,516.15,509.77,25173,stock
2020-12-10,SCB,508.18,514.56,516.15,505.78,25035,stock
2020-12-13,SCB,514.56,531.31,533.7,512.16,30787,stock
2020-12-14,SCB,531.31,532.11,535.3,523.33,29738,stock
2020-12-15,SCB,522.53,525.73,542.48,522.53,29663,stock
2020-12-16,SCB,526.52,527.32,532.11,520.94,32255,stock
2020-12-17,SCB,536.1,528.12,536.1,522.53,44307,stock
2020-12-20,SCB,528.12,514.56,530.51,508.97,40311,stock
2020-12-21,SCB,518.55,505.78,518.55,489.83,62424,stock
2020-12-22,SCB,505.78,518.55,523.33,505.78,42181,stock
2020-12-23,SCB,508.18,522.53,526.52,518.55,77891,stock
2020-12-24,SCB,529.24,533.5,535.21,524.97,40534,stock
2020-12-27,SCB,533.5,519.85,533.5,518.99,24295,stock
2020-12-28,SCB,518.14,521.55,528.38,513.02,23652,stock
2020-12-29,SCB,533.5,516.43,533.5,513.87,15201,stock
2020-12-30,SCB,520.7,524.97,526.68,512.16,31936,stock
2020-12-31,SCB,529.24,549.72,576.18,529.24,84143,stock
2021-01-03,SCB,577.04,571.92,577.04,565.94,82127,stock
2021-01-04,SCB,598.38,561.67,598.38,554.84,64305,stock
2021-01-05,SCB,562.53,557.41,567.65,551.43,26463,stock
2021-01-06,SCB,563.38,553.99,563.38,550.58,31677,stock
2021-01-07,SCB,581.31,556.55,581.31,553.14,28003,stock
2021-01-10,SCB,583.87,565.94,583.87,550.58,43651,stock
2021-01-11,SCB,594.11,563.38,594.11,561.67,32465,stock
2021-01-12,SCB,565.09,565.09,567.65,558.26,37843,stock
2021-01-13,SCB,567.65,571.06,575.33,565.09,44884,stock
2021-01-17,SCB,571.06,578.75,580.45,564.23,76706,stock
2021-01-18,SCB,588.99,577.04,588.99,572.77,58492,stock
2021-01-19,SCB,588.13,565.94,588.13,563.38,58437,stock
2021-01-20,SCB,559.97,566.79,571.92,558.26,39825,stock
2021-01-21,SCB,566.79,559.97,571.06,559.97,52455,stock
2021-01-24,SCB,569.36,563.38,580.45,560.82,55108,stock
2021-01-25,SCB,573.62,559.97,574.48,556.55,56110,stock
2021-01-26,SCB,559.97,567.65,570.21,559.97,56537,stock
2021-01-27,SCB,571.06,560.82,571.06,559.97,48317,stock
2021-01-28,SCB,588.13,547.16,588.13,542.04,76443,stock
2021-01-31,SCB,546.31,536.06,546.31,534.36,40477,stock
2021-02-01,SCB,537.77,536.06,548.02,533.5,28168,stock
2021-02-02,SCB,562.53,537.77,562.53,536.92,40784,stock
2021-02-03,SCB,542.04,537.77,542.89,536.92,37143,stock
2021-02-04,SCB,533.5,534.36,537.77,532.65,55552,stock
2021-02-07,SCB,534.36,530.09,536.06,529.24,54333,stock
2021-02-08,SCB,533.5,537.77,539.48,533.5,39795,stock
2021-02-09,SCB,547.16,537.77,547.16,536.06,26983,stock
2021-02-10,SCB,534.36,534.36,536.92,529.24,47760,stock
2021-02-11,SCB,535.21,535.21,542.89,533.5,33198,stock
2021-02-14,SCB,535.21,530.94,542.04,530.94,30185,stock
2021-02-15,SCB,537.77,547.16,578.75,530.94,72825,stock
2021-02-16,SCB,559.11,543.75,559.11,540.33,47476,stock
2021-02-17,SCB,553.99,542.04,553.99,537.77,55827,stock
2021-02-18,SCB,551.43,549.72,553.99,543.75,79886,stock
2021-02-21,SCB,559.11,556.55,559.97,546.31,71716,stock
2021-02-22,SCB,554.84,548.02,556.55,541.19,42112,stock
2021-02-23,SCB,542.04,538.63,543.75,529.24,37155,stock
2021-02-24,SCB,546.31,539.48,546.31,534.36,28665,stock
2021-02-25,SCB,537.77,534.36,541.19,533.5,24109,stock
2021-02-28,SCB,530.09,527.53,534.36,525.82,39613,stock
2021-03-01,SCB,536.92,525.82,536.92,520.7,48763,stock
2021-03-02,SCB,525.82,519.85,535.21,518.99,50674,stock
2021-03-03,SCB,516.43,511.31,519.85,510.46,44707,stock
2021-03-04,SCB,512.16,518.99,522.41,512.16,25050,stock
2021-03-08,SCB,529.24,518.14,529.24,516.43,22160,stock
2021-03-09,SCB,516.43,515.58,519.85,513.02,27053,stock
2021-03-10,SCB,513.02,511.31,514.72,510.46,25719,stock
2021-03-14,SCB,512.16,502.77,512.16,499.36,40975,stock
2021-03-15,SCB,527.53,498.51,527.53,495.09,24732,stock
2021-03-16,SCB,500.21,501.92,512.16,499.36,18133,stock
2021-03-17,SCB,507.9,506.19,509.6,503.63,8316,stock
2021-03-18,SCB,510.46,509.6,512.16,507.9,12780,stock
2021-03-21,SCB,508.75,516.43,518.14,506.19,27834,stock
2021-03-22,SCB,525.82,513.02,525.82,512.16,20786,stock
2021-03-23,SCB,513.02,512.16,514.72,507.9,22773,stock
2021-03-24,SCB,516.43,512.16,520.7,511.31,22330,stock
2021-03-25,SCB,512.16,508.75,513.87,508.75,52873,stock
2021-03-29,SCB,512.16,508.75,513.87,508.75,16943,stock
2021-03-30,SCB,508.75,509.6,512.16,507.9,21573,stock
2021-03-31,SCB,484.85,513.02,516.43,484.85,21617,stock
2021-04-01,SCB,511.31,529.24,529.24,509.6,73320,stock
2021-04-04,SCB,529.24,523.26,529.24,518.14,33319,stock
2021-04-05,SCB,524.97,514.72,529.24,514.72,32110,stock
2021-04-06,SCB,489.97,513.02,517.29,489.97,27723,stock
2021-04-07,SCB,512.16,513.87,517.29,512.16,26017,stock
2021-04-08,SCB,513.87,513.02,516.43,512.16,27362,stock
2021-04-12,SCB,516.43,513.02,516.43,510.46,29378,stock
2021-04-13,SCB,513.02,518.99,521.55,512.16,39641,stock
2021-04-15,SCB,529.24,518.99,529.24,518.14,58882,stock
2021-04-18,SCB,526.68,518.99,527.53,517.29,40656,stock
2021-04-19,SCB,534.36,515.58,534.36,513.87,30912,stock
2021-04-20,SCB,520.7,513.02,520.7,510.46,30795,stock
2021-04-21,SCB,512.16,511.31,516.43,509.6,31692,stock
2021-04-22,SCB,512.16,512.16,513.02,507.04,29697,stock
2021-04-25,SCB,518.99,504.48,518.99,503.63,31940,stock
2021-04-26,SCB,495.95,495.09,504.48,488.26,28369,stock
2021-04-27,SCB,495.09,504.48,505.34,486.56,29716,stock
2021-04-28,SCB,495.09,496.8,499.36,495.09,19739,stock
2021-04-29,SCB,496.8,495.09,496.8,490.82,23264,stock
2021-05-02,SCB,495.95,495.95,501.92,492.53,22069,stock
2021-05-03,SCB,471.19,496.8,508.75,471.19,23426,stock
2021-05-04,SCB,496.8,495.09,498.51,493.38,18457,stock
2021-05-05,SCB,495.09,492.53,499.36,491.68,15351,stock
2021-05-06,SCB,490.82,489.97,493.38,487.41,18266,stock
2021-05-09,SCB,491.68,490.82,495.09,487.41,19256,stock
2021-05-10,SCB,489.12,492.53,493.38,486.56,9768,stock
2021-05-11,SCB,492.53,496.8,499.36,492.53,17540,stock
2021-05-12,SCB,495.95,493.38,495.95,492.53,12474,stock
2021-05-13,SCB,491.68,491.68,502.77,490.82,21034,stock
2021-05-16,SCB,499.36,495.95,499.36,492.53,31215,stock
2021-05-17,SCB,499.36,498.51,503.63,495.09,26903,stock
2021-05-18,SCB,523.26,507.04,523.26,495.09,23987,stock
2021-05-19,SCB,503.63,511.31,521.55,503.63,55451,stock
2021-05-20,SCB,511.31,511.31,518.14,509.6,26609,stock
2021-05-23,SCB,536.06,516.43,536.06,503.63,60386,stock
2021-05-24,SCB,519.85,520.7,526.68,517.29,71147,stock
2021-05-25,SCB,518.14,514.72,520.7,513.87,27161,stock
2021-05-27,SCB,508.75,512.16,513.87,506.19,24619,stock
2021-05-30,SCB,520.7,509.6,522.41,508.75,53118,stock
2021-05-31,SCB,512.16,505.34,513.02,504.48,43984,stock
2021-06-01,SCB,520.7,506.19,520.7,501.07,31823,stock
2021-06-02,SCB,506.19,504.48,511.31,500.21,23789,stock
2021-06-03,SCB,504.48,509.6,512.16,504.48,56331,stock
2021-06-06,SCB,518.99,521.55,527.53,514.72,93685,stock
2021-06-07,SCB,546.31,516.43,546.31,516.43,52104,stock
2021-06-08,SCB,513.02,513.87,519.85,512.16,55541,stock
2021-06-09,SCB,524.97,513.87,524.97,512.16,27458,stock
2021-06-10,SCB,524.11,509.6,524.11,501.92,47975,stock
2021-06-13,SCB,500.21,509.6,515.58,498.51,32668,stock
2021-06-14,SCB,512.16,522.41,526.68,509.6,132482,stock
2021-06-15,SCB,522.41,522.41,533.5,520.7,84570,stock
2021-06-16,SCB,546.31,517.29,546.31,514.72,35364,stock
2021-06-17,SCB,521.55,515.58,527.53,515.58,19532,stock
2021-06-20,SCB,515.58,507.9,518.14,503.63,97342,stock
2021-06-21,SCB,483.14,501.07,516.43,483.14,35940,stock
2021-06-22,SCB,498.51,507.04,508.75,498.51,31093,stock
2021-06-23,SCB,505.34,507.04,508.75,503.63,30215,stock
2021-06-24,SCB,502.77,501.07,511.31,500.21,27607,stock
2021-06-27,SCB,476.31,513.87,526.68,476.31,46767,stock
2021-06-28,SCB,512.16,510.46,517.29,508.75,11039,stock
2021-06-29,SCB,507.04,504.48,512.16,503.63,25741,stock
2021-06-30,SCB,504.48,503.63,507.04,500.21,21140,stock
2021-07-01,SCB,512.16,502.77,512.16,501.92,18335,stock
2021-07-04,SCB,502.77,504.48,507.9,499.36,22739,stock
2021-07-05,SCB,504.48,505.34,509.6,499.36,33479,stock
2021-07-06,SCB,507.9,518.99,518.99,499.36,42858,stock
2021-07-07,SCB,512.16,509.6,516.43,507.9,20713,stock
2021-07-08,SCB,503.63,504.48,506.19,502.77,25948,stock
2021-07-11,SCB,509.6,507.04,509.6,504.48,32005,stock
2021-07-12,SCB,512.16,503.63,512.16,499.36,39569,stock
2021-07-13,SCB,512.16,504.48,512.16,502.77,12623,stock
2021-07-14,SCB,506.19,503.63,506.19,502.77,5977,stock
2021-07-15,SCB,510.46,503.63,510.46,502.77,11307,stock
2021-07-18,SCB,494.24,513.36,517.29,494.24,51457,stock
2021-07-19,SCB,523.6,514.72,524.97,510.46,38430,stock
2021-07-20,SCB,512.16,513.02,517.29,512.16,22197,stock
2021-07-22,SCB,512.16,516.43,520.7,511.48,75851,stock
2021-07-25,SCB,521.55,526.68,529.24,518.14,121448,stock
2021-07-26,SCB,537.17,521.55,537.17,520.7,48893,stock
2021-07-27,SCB,520.7,518.22,522.41,510.8,57500,stock
2021-07-28,SCB,518.14,515.58,519.08,513.02,31653,stock
2021-07-29,SCB,518.14,513.02,518.14,511.31,38017,stock
2021-08-01,SCB,512.59,510.46,520.7,510.46,38293,stock
2021-08-02,SCB,500.38,513.87,513.87,500.38,33094,stock
2021-08-03,SCB,524.11,511.31,524.11,505.41,19384,stock
2021-08-04,SCB,508.75,510.46,512.16,507.04,37657,stock
2021-08-05,SCB,510.46,507.98,512.16,507.9,30430,stock
2021-08-08,SCB,518.14,508.75,518.14,507.97,22278,stock
2021-08-09,SCB,508.75,507.04,516.43,506.27,26946,stock
2021-08-10,SCB,516.43,512.25,516.43,506.19,44666,stock
2021-08-11,SCB,512.25,508.75,515.58,507.9,32136,stock
2021-08-12,SCB,508.75,509.6,512.16,499.36,34165,stock
2021-08-15,SCB,516.43,502.77,516.43,501.92,33334,stock
2021-08-16,SCB,502.94,498.51,503.63,496.8,66198,stock
2021-08-17,SCB,499.36,494.24,501.07,493.47,47221,stock
2021-08-18,SCB,491.68,495.95,499.36,486.56,63097,stock
2021-08-19,SCB,503.54,492.53,503.54,486.56,29216,stock
2021-08-24,SCB,492.53,486.98,501.84,486.56,41895,stock
2021-08-25,SCB,486.98,486.56,491.68,485.7,30641,stock
2021-08-26,SCB,486.56,485.7,495.09,483.14,25534,stock
2021-08-29,SCB,491.68,482.46,494.24,482.29,23851,stock
2021-08-31,SCB,483.14,477.17,483.14,473.5,47785,stock
2021-09-01,SCB,477.25,477.93,481.43,475.46,26719,stock
2021-09-02,SCB,473.75,476.31,482.29,473.75,35658,stock
2021-09-05,SCB,476.31,465.22,478.02,457.53,39728,stock
2021-09-06,SCB,465.22,476.31,482.29,464.36,26993,stock
2021-09-07,SCB,478.02,474.01,484.42,472.13,13192,stock
2021-09-08,SCB,469.48,467.78,473.75,465.22,25209,stock
2021-09-09,SCB,471.19,467.35,471.19,463.51,15818,stock
2021-09-12,SCB,467.35,469.48,472.9,465.22,28512,stock
2021-09-13,SCB,469.48,469.48,478.87,467.78,21378,stock
2021-09-14,SCB,476.31,471.19,488.52,469.48,19091,stock
2021-09-15,SCB,466.07,466.07,471.19,466.07,14287,stock
2021-09-16,SCB,460.95,459.24,465.22,458.39,19453,stock
2021-09-20,SCB,460.09,450.7,466.07,450.7,26080,stock
2021-09-21,SCB,448.14,452.41,460.95,439.61,17396,stock
2021-09-22,SCB,460.95,460.35,478.02,460.26,12744,stock
2021-09-23,SCB,469.48,469.48,480.58,465.22,15761,stock
2021-09-26,SCB,478.02,461.97,478.87,461.12,9910,stock
2021-09-27,SCB,463.51,454.55,463.51,453.27,9390,stock
2021-09-28,SCB,450.7,450.7,459.24,443.02,22257,stock
2021-09-29,SCB,441.74,449.85,451.13,441.74,15656,stock
2021-09-30,SCB,451.13,450.7,460.09,447.29,8533,stock
2021-10-03,SCB,456.68,447.12,456.68,442.17,12868,stock
2021-10-04,SCB,452.41,445.58,452.41,439.61,7408,stock
2021-10-05,SCB,446.44,445.58,454.46,443.02,13401,stock
2021-10-06,SCB,454.46,458.3,469.48,454.46,23461,stock
2021-10-10,SCB,466.92,458.39,466.92,457.53,7862,stock
2021-10-11,SCB,460.95,456.68,460.95,456.68,7064,stock
2021-10-17,SCB,456.68,454.97,460.95,452.41,2966,stock
2021-10-18,SCB,455.83,453.27,455.83,452.41,9758,stock
2021-10-19,SCB,452.41,443.88,452.41,439.61,16019,stock
2021-10-20,SCB,444.73,449.85,453.27,444.73,3047,stock
2021-10-21,SCB,450.7,447.29,452.41,443.88,4576,stock
2021-10-24,SCB,443.88,453.18,453.27,443.88,8912,stock
2021-10-25,SCB,460.78,455.74,460.78,449.0,8884,stock
2021-10-26,SCB,454.97,459.24,478.87,452.5,20015,stock
2021-10-27,SCB,461.8,459.24,465.22,456.76,7377,stock
2021-10-28,SCB,459.24,454.97,459.24,453.27,7724,stock
2021-10-31,SCB,448.14,453.27,456.68,448.14,23387,stock
2021-11-01,SCB,454.12,456.17,456.68,449.94,13345,stock
2021-11-02,SCB,456.68,459.24,462.65,452.41,11329,stock
2021-11-03,SCB,466.92,458.39,466.92,457.62,14381,stock
2021-11-08,SCB,467.52,456.68,476.31,452.41,7622,stock
2021-11-09,SCB,465.22,455.83,465.22,451.64,9439,stock
2021-11-11,SCB,459.24,448.14,459.24,443.88,7607,stock
2021-11-14,SCB,447.38,442.17,447.38,439.18,22521,stock
2021-11-15,SCB,433.46,443.88,448.14,433.46,9612,stock
2021-11-16,SCB,443.88,450.7,452.41,442.34,11875,stock
2021-11-17,SCB,456.68,448.14,456.68,448.14,12407,stock
2021-11-18,SCB,452.41,443.88,456.68,441.31,9848,stock
2021-11-21,SCB,452.41,448.14,452.41,443.88,11567,stock
2021-11-22,SCB,451.56,449.85,452.41,447.29,11595,stock
2021-11-23,SCB,448.14,448.14,449.85,446.52,13563,stock
2021-11-24,SCB,445.58,446.78,450.7,445.58,21727,stock
2021-11-25,SCB,444.73,456.76,457.11,443.88,36086,stock
2022-11-22,SCB,407.51,412.21,413.15,405.82,46364,stock
2022-11-23,SCB,406.57,392.49,406.57,389.67,11493,stock
2022-11-24,SCB,396.24,392.77,398.12,386.85,8821,stock
2022-11-27,SCB,389.67,386.2,390.61,385.92,10915,stock
2022-11-28,SCB,393.9,382.16,393.99,380.28,13907,stock
2022-11-29,SCB,384.04,383.1,386.85,380.75,7670,stock
2022-11-30,SCB,381.22,383.1,385.82,381.22,7218,stock
2022-12-01,SCB,380.28,385.73,386.85,380.28,8993,stock
2022-12-04,SCB,381.22,386.95,391.46,381.22,5021,stock
2022-12-05,SCB,384.98,384.04,391.55,384.04,4768,stock
2022-12-06,SCB,384.04,381.69,386.85,381.22,4382,stock
2022-12-07,SCB,382.16,378.12,382.25,376.71,7278,stock
2022-12-11,SCB,373.71,378.22,379.34,371.83,9534,stock
2022-12-12,SCB,380.28,377.46,380.28,375.59,10687,stock
2022-12-13,SCB,377.46,378.59,380.28,375.59,4010,stock
2022-12-14,SCB,377.46,375.59,378.59,373.71,7463,stock
2022-12-15,SCB,374.18,375.59,380.28,374.18,6707,stock
2022-12-18,SCB,370.89,373.43,374.65,369.95,12685,stock
2022-12-19,SCB,369.01,374.46,374.65,368.08,6604,stock
2022-12-20,SCB,371.83,377.93,380.28,371.83,6828,stock
2022-12-21,SCB,375.59,380.19,383.0,375.59,4495,stock
2022-12-22,SCB,375.59,380.0,383.1,375.59,9832,stock
2022-12-26,SCB,386.85,387.7,387.7,379.34,9846,stock
2022-12-27,SCB,390.61,397.18,398.12,389.67,49025,stock
2022-12-28,SCB,399.06,394.18,399.06,389.3,5023,stock
2022-12-29,SCB,388.83,407.51,413.15,388.83,18258,stock
2023-01-01,SCB,415.02,410.42,434.65,408.45,23398,stock
2023-01-02,SCB,404.69,413.43,418.78,404.69,10471,stock
2023-01-03,SCB,407.51,419.72,430.99,407.51,24127,stock
2023-01-04,SCB,427.14,433.8,440.56,417.0,35270,stock
2023-01-05,SCB,433.8,435.68,445.35,426.29,21396,stock
2023-01-08,SCB,441.31,430.61,441.31,428.17,20591,stock
2023-01-09,SCB,430.05,446.01,446.01,424.51,33999,stock
2023-01-10,SCB,443.19,440.38,459.15,438.59,43970,stock
2023-01-12,SCB,448.83,434.74,456.34,428.45,32221,stock
2023-01-17,SCB,431.92,431.92,432.86,419.72,17078,stock
2023-01-18,SCB,432.86,425.35,436.62,424.51,31118,stock
2023-01-19,SCB,422.54,431.83,436.62,419.72,51457,stock
2023-01-23,SCB,440.38,474.93,474.93,440.38,172003,stock
2023-01-24,SCB,484.41,478.97,502.35,474.18,125474,stock
2023-01-25,SCB,478.87,474.18,479.81,469.48,81904,stock
2023-01-26,SCB,480.75,472.3,480.75,469.48,24592,stock
2023-01-29,SCB,476.06,469.48,478.87,466.67,40164,stock
2023-01-30,SCB,469.48,470.42,475.21,462.07,41513,stock
2023-01-31,SCB,467.61,462.91,470.42,462.91,36946,stock
2023-02-01,SCB,464.79,482.63,487.79,458.22,80016,stock
2023-02-02,SCB,485.45,480.75,514.55,477.18,194615,stock
2023-02-05,SCB,481.69,483.76,489.2,478.97,52920,stock
2023-02-06,SCB,483.57,497.65,497.93,481.88,64467,stock
2023-02-07,SCB,497.65,511.74,519.25,489.39,90383,stock
2023-02-08,SCB,511.74,507.04,521.13,502.35,117207,stock
2023-02-09,SCB,507.04,512.68,516.43,499.06,90008,stock
2023-02-12,SCB,502.44,499.53,508.92,496.62,61835,stock
2023-02-14,SCB,491.17,494.55,499.53,491.17,45017,stock
2023-02-15,SCB,494.84,489.39,502.35,488.26,52544,stock
2023-02-16,SCB,488.26,489.77,495.68,486.85,21682,stock
2023-02-20,SCB,496.71,478.87,496.71,478.87,41073,stock
2023-02-22,SCB,477.18,483.57,489.2,477.18,38251,stock
2023-02-23,SCB,480.75,488.26,488.26,477.93,50616,stock
2023-02-26,SCB,478.87,491.08,491.83,470.42,34471,stock
2023-02-27,SCB,496.71,490.14,496.71,482.63,22544,stock
2023-02-28,SCB,486.38,491.17,496.71,485.45,18048,stock
2023-03-01,SCB,497.56,488.26,499.53,484.51,36858,stock
2023-03-02,SCB,489.2,483.57,489.2,480.47,13472,stock
2023-03-05,SCB,492.86,475.12,492.96,470.42,29703,stock
2023-03-07,SCB,474.18,482.63,483.85,474.18,16320,stock
2023-03-09,SCB,488.26,487.32,491.08,479.91,14883,stock
2023-03-12,SCB,494.84,484.98,494.84,481.88,13977,stock
2023-03-13,SCB,478.87,477.09,484.51,475.77,17107,stock
2023-03-14,SCB,477.0,483.57,484.51,477.0,24407,stock
2023-03-15,SCB,483.57,483.57,484.41,474.37,13994,stock
2023-03-16,SCB,484.41,480.75,484.51,477.0,18469,stock
2023-03-19,SCB,475.12,481.69,487.32,475.12,13630,stock
2023-03-20,SCB,489.2,487.23,489.2,481.88,25638,stock
2023-03-22,SCB,493.43,482.63,493.43,482.63,12624,stock
2023-03-23,SCB,478.87,479.81,484.51,473.24,23602,stock
2023-03-26,SCB,479.81,470.52,483.57,468.54,25609,stock
2023-03-27,SCB,476.06,473.05,476.06,464.79,19570,stock
2023-03-28,SCB,481.5,474.18,481.5,473.15,19158,stock
2023-03-29,SCB,477.0,478.4,486.38,470.42,20182,stock
2023-03-30,SCB,486.1,480.66,486.1,475.12,28092,stock
2023-04-02,SCB,480.66,473.43,480.75,472.3,24387,stock
2023-04-03,SCB,473.43,470.89,473.62,466.67,19080,stock
2023-04-04,SCB,464.79,471.36,472.3,464.79,21444,stock
2023-04-05,SCB,475.12,472.39,475.12,465.82,15760,stock
2023-04-06,SCB,480.75,474.18,480.75,471.36,14771,stock
2023-04-09,SCB,469.48,465.73,477.93,465.73,20499,stock
2023-04-10,SCB,465.73,469.3,470.42,465.73,10996,stock
2023-04-11,SCB,474.18,473.99,475.12,468.54,13011,stock
2023-04-12,SCB,480.75,491.08,496.71,480.75,40148,stock
2023-04-13,SCB,489.2,492.68,498.59,484.51,31745,stock
2023-04-16,SCB,497.65,506.2,516.43,488.36,37011,stock
2023-04-17,SCB,515.4,506.95,515.4,502.35,31252,stock
2023-04-18,SCB,502.35,503.29,506.1,491.08,34305,stock
2023-04-19,SCB,502.35,506.01,511.74,493.24,15618,stock
2023-04-20,SCB,510.8,497.65,515.49,496.71,62195,stock
2023-04-23,SCB,493.99,488.26,501.41,488.26,22855,stock
2023-04-24,SCB,488.26,493.9,495.77,488.26,11886,stock
2023-04-25,SCB,495.77,498.59,502.35,492.49,15433,stock
2023-04-26,SCB,498.59,492.02,506.01,492.02,17604,stock
2023-04-27,SCB,492.96,502.35,502.35,491.27,56724,stock
2023-04-30,SCB,507.04,494.84,507.04,493.9,17839,stock
2023-05-02,SCB,499.53,496.53,500.47,493.9,23894,stock
2023-05-03,SCB,493.9,499.62,505.16,493.9,21292,stock
2023-05-04,SCB,505.16,497.65,505.16,494.84,8977,stock
2023-05-07,SCB,499.53,493.52,499.53,492.96,17634,stock
2023-05-08,SCB,492.96,490.23,500.38,490.23,14529,stock
2023-05-09,SCB,499.53,492.96,499.53,490.23,8707,stock
2023-05-10,SCB,496.71,496.71,499.53,491.08,16178,stock
2023-05-11,SCB,493.9,495.59,496.71,492.96,7782,stock
2023-05-14,SCB,493.15,492.02,497.65,486.67,23078,stock
2023-05-15,SCB,484.51,487.32,491.08,484.51,13674,stock
2023-05-16,SCB,486.38,488.17,491.08,486.38,8517,stock
2023-05-17,SCB,489.2,492.02,494.55,486.38,6759,stock
2023-05-18,SCB,497.65,502.16,503.76,491.08,24467,stock
2023-05-21,SCB,502.16,502.82,510.7,500.47,30679,stock
2023-05-22,SCB,506.95,507.04,507.04,493.9,27648,stock
2023-05-23,SCB,510.8,516.43,521.13,505.16,66678,stock
2023-05-24,SCB,516.43,514.65,521.13,512.68,27082,stock
2023-05-28,SCB,517.37,509.77,517.37,505.16,33774,stock
2023-05-30,SCB,500.47,487.32,507.04,487.32,76591,stock
2023-05-31,SCB,477.65,473.33,488.26,468.54,128139,stock
2023-06-01,SCB,478.87,478.87,483.57,473.24,51305,stock
2023-06-04,SCB,488.45,486.76,508.17,480.75,45187,stock
2023-06-05,SCB,494.84,486.76,494.84,479.81,26886,stock
2023-06-06,SCB,480.09,487.32,489.95,480.09,17648,stock
2023-06-07,SCB,488.26,481.5,491.08,481.31,24282,stock
2023-06-08,SCB,489.2,483.57,489.2,481.69,25486,stock
2023-06-11,SCB,490.14,485.45,490.14,482.63,59574,stock
2023-06-12,SCB,492.96,483.57,492.96,482.63,26024,stock
2023-06-13,SCB,481.78,485.73,488.26,481.78,28207,stock
2023-06-14,SCB,495.4,492.96,505.26,485.45,57128,stock
2023-06-15,SCB,492.96,492.86,497.65,491.08,37740,stock
2023-06-18,SCB,492.96,488.26,495.77,488.26,47726,stock
2023-06-19,SCB,490.14,487.32,494.84,486.67,28239,stock
2023-06-20,SCB,488.26,491.46,496.71,488.26,20350,stock
2023-06-21,SCB,489.2,486.38,492.96,485.45,18771,stock
2023-06-22,SCB,486.38,482.63,488.26,480.85,21675,stock
2023-06-25,SCB,482.63,491.08,499.53,478.87,55171,stock
2023-06-26,SCB,493.52,497.65,503.1,492.96,69978,stock
2023-06-27,SCB,503.29,516.34,533.43,502.35,107396,stock
2023-06-28,SCB,522.91,507.04,537.09,504.32,38653,stock
2023-07-02,SCB,507.7,488.26,515.49,486.38,58877,stock
2023-07-03,SCB,486.38,488.26,497.56,484.6,26918,stock
2023-07-04,SCB,488.26,491.92,497.65,487.42,17289,stock
2023-07-05,SCB,492.96,485.07,500.47,484.98,22726,stock
2023-07-06,SCB,485.45,484.51,487.32,480.75,20991,stock
2023-07-09,SCB,488.26,484.98,498.59,484.51,18651,stock
2023-07-10,SCB,493.9,491.08,499.44,487.32,39991,stock
2023-07-11,SCB,486.38,486.95,492.96,485.45,29885,stock
2023-07-12,SCB,488.26,496.71,497.65,487.23,18969,stock
2023-07-13,SCB,506.1,496.71,506.1,495.87,13008,stock
2023-07-16,SCB,506.48,497.75,507.04,493.9,20851,stock
2023-07-17,SCB,500.47,512.68,513.62,499.62,23601,stock
2023-07-18,SCB,522.07,512.68,522.07,510.8,42503,stock
2023-07-19,SCB,511.74,527.7,530.52,511.74,82291,stock
2023-07-20,SCB,530.42,528.64,535.21,523.0,43884,stock
2023-07-23,SCB,534.27,544.6,544.6,525.82,85261,stock
2023-07-24,SCB,544.6,525.82,544.79,524.51,131933,stock
2023-07-25,SCB,522.07,514.55,525.82,510.8,37250,stock
2023-07-26,SCB,524.79,511.64,524.79,506.1,52990,stock
2023-07-27,SCB,516.43,507.04,519.72,503.29,41835,stock
2023-07-30,SCB,507.61,507.04,509.86,504.23,31772,stock
2023-07-31,SCB,512.68,511.92,516.43,506.1,15813,stock
2023-08-01,SCB,522.16,512.68,522.16,507.04,24346,stock
2023-08-02,SCB,507.98,533.33,533.33,507.98,41938,stock
2023-08-03,SCB,533.33,525.82,535.21,524.88,44425,stock
2023-08-06,SCB,536.34,522.72,546.48,522.72,115784,stock
2023-08-07,SCB,525.82,521.22,527.7,520.19,69251,stock
2023-08-08,SCB,525.82,520.94,525.82,512.68,29006,stock
2023-08-09,SCB,521.03,524.88,524.88,514.08,31521,stock
2023-08-10,SCB,526.29,525.82,526.29,519.34,25072,stock
2023-08-13,SCB,525.82,529.48,530.52,521.41,29941,stock
2023-08-14,SCB,530.99,535.21,538.97,521.22,94628,stock
2023-08-15,SCB,545.92,529.58,545.92,529.58,65049,stock
2023-08-16,SCB,534.27,528.36,534.27,525.82,17606,stock
2023-08-17,SCB,531.46,527.7,535.21,527.42,21472,stock
2023-08-20,SCB,530.52,527.7,533.33,522.07,18438,stock
2023-08-21,SCB,522.07,528.64,531.46,522.07,15357,stock
2023-08-22,SCB,531.46,529.58,531.92,523.0,13603,stock
2023-08-23,SCB,530.52,531.74,534.27,527.7,19616,stock
2023-08-24,SCB,530.52,525.82,533.24,525.82,14184,stock
2023-08-27,SCB,521.13,518.59,525.82,518.59,22976,stock
2023-08-28,SCB,524.88,523.0,527.61,518.4,12948,stock
2023-08-29,SCB,524.88,521.13,527.7,521.13,30865,stock
2023-08-30,SCB,529.3,525.82,530.52,521.13,14437,stock
2023-09-03,SCB,529.58,522.25,529.58,521.13,9949,stock
2023-09-04,SCB,525.82,520.19,529.58,516.53,13769,stock
2023-09-05,SCB,520.19,523.0,525.82,518.31,13002,stock
2023-09-07,SCB,523.0,519.91,523.0,517.56,16156,stock
2023-09-10,SCB,519.25,519.25,525.82,517.46,7854,stock
2023-09-11,SCB,519.25,528.64,529.58,518.31,16293,stock
2023-09-12,SCB,534.27,527.7,534.93,526.01,19040,stock
2023-09-13,SCB,538.03,532.39,538.03,527.89,8412,stock
2023-09-17,SCB,525.82,524.88,535.12,522.35,19543,stock
2023-09-18,SCB,525.82,523.19,525.82,516.43,11610,stock
2023-09-19,SCB,521.13,521.41,525.63,518.31,13310,stock
2023-09-21,SCB,530.52,521.13,530.52,521.03,19299,stock
2023-09-24,SCB,524.88,520.19,524.88,517.56,15785,stock
2023-09-25,SCB,520.19,519.34,521.13,516.43,8860,stock
2023-09-26,SCB,522.07,516.43,522.07,513.15,16621,stock
2023-09-27,SCB,516.43,511.74,519.25,507.04,32227,stock
2023-10-01,SCB,511.74,503.29,515.49,501.41,31810,stock
2023-10-02,SCB,507.04,509.86,511.74,502.35,16780,stock
2023-10-03,SCB,514.46,503.29,514.46,503.29,9727,stock
2023-10-04,SCB,503.29,506.1,509.86,499.53,17377,stock
2023-10-05,SCB,507.04,502.35,507.04,499.53,9005,stock
2023-10-08,SCB,505.16,488.36,510.7,488.36,23949,stock
2023-10-09,SCB,487.14,484.04,494.84,483.57,21233,stock
2023-10-10,SCB,485.45,484.51,492.02,481.6,11131,stock
2023-10-11,SCB,479.81,486.29,490.14,479.81,11289,stock
2023-10-12,SCB,484.51,481.69,492.02,481.69,16784,stock
2023-10-16,SCB,482.63,481.6,488.92,478.87,12504,stock
2023-10-17,SCB,491.08,484.69,492.96,484.23,8567,stock
2023-10-18,SCB,488.26,498.59,502.25,487.32,13663,stock
2023-10-19,SCB,494.84,503.29,505.73,493.9,13422,stock
2023-10-29,SCB,506.1,493.52,506.85,493.52,5789,stock
2023-10-30,SCB,488.26,493.24,496.62,486.94,5931,stock
2023-10-31,SCB,488.26,483.57,504.13,480.56,32015,stock
2023-11-01,SCB,483.57,483.94,489.2,480.85,6468,stock
2023-11-02,SCB,488.26,485.45,488.26,484.51,6975,stock
2023-11-05,SCB,485.45,484.51,492.02,482.63,16516,stock
2023-11-06,SCB,488.26,489.67,490.61,486.38,5514,stock
2023-11-07,SCB,497.65,490.14,497.65,487.7,6830,stock
2023-11-08,SCB,497.65,492.96,497.65,491.08,3671,stock
2023-11-09,SCB,495.77,491.36,495.77,488.45,6319,stock
2023-11-20,SCB,494.84,505.92,507.04,494.84,20498,stock
2023-11-21,SCB,505.16,503.29,505.16,499.53,18365,stock
2023-11-22,SCB,504.23,506.1,506.1,497.65,41166,stock
2023-11-23,SCB,496.71,492.86,496.71,484.51,23655,stock
2023-11-26,SCB,491.08,491.17,492.96,488.26,25836,stock
2023-11-27,SCB,488.26,492.96,493.9,488.26,11448,stock
2023-11-28,SCB,502.35,492.96,502.35,491.08,7030,stock
2023-11-29,SCB,492.02,491.08,492.96,488.73,5848,stock
2023-11-30,SCB,491.08,486.38,491.08,483.57,9641,stock
2023-12-03,SCB,492.77,484.41,492.77,480.75,5144,stock
2023-12-04,SCB,489.2,476.24,492.02,476.06,17574,stock
2023-12-05,SCB,475.96,476.06,478.78,473.24,9087,stock
2023-12-06,SCB,485.45,475.96,485.45,468.54,14724,stock
2023-12-07,SCB,470.7,479.72,482.35,470.7,8880,stock
2023-12-10,SCB,489.3,497.65,498.59,489.3,710,stock
2023-12-11,SCB,507.04,494.84,507.61,488.36,45382,stock
2023-12-12,SCB,497.65,501.22,501.88,495.59,36572,stock
2023-12-13,SCB,511.17,505.07,511.17,501.03,42334,stock
2023-12-14,SCB,505.16,495.77,513.62,485.45,49330,stock
2023-12-17,SCB,485.92,486.38,489.39,476.06,41115,stock
2023-12-18,SCB,487.32,489.2,495.77,483.66,29770,stock
2023-12-19,SCB,486.48,498.59,501.41,486.48,29255,stock
2023-12-20,SCB,508.54,494.93,515.49,494.84,24345,stock
2023-12-21,SCB,494.93,496.62,497.65,485.92,24591,stock
2023-12-24,SCB,497.65,487.14,497.65,487.04,16778,stock
2023-12-27,SCB,486.38,481.22,492.02,477.93,14463,stock
2023-12-28,SCB,482.63,482.63,488.17,480.75,22197,stock
2024-01-01,SCB,490.99,484.51,501.41,483.57,11911,stock
2024-01-02,SCB,483.57,480.47,486.29,479.81,12303,stock
2024-01-03,SCB,480.85,485.45,485.45,480.28,12768,stock
2024-01-04,SCB,488.26,484.51,488.26,483.57,11964,stock
2024-01-07,SCB,483.57,477.0,492.02,477.0,28156,stock
2024-01-08,SCB,477.46,482.63,484.51,477.46,34843,stock
2024-01-09,SCB,480.85,487.32,490.14,480.85,12972,stock
2024-01-10,SCB,488.36,495.31,498.12,488.36,21046,stock
2024-01-11,SCB,497.65,495.77,498.31,492.02,25008,stock
2024-01-14,SCB,498.59,493.9,498.59,488.83,17388,stock
2024-01-16,SCB,493.9,497.18,499.53,490.23,10890,stock
2024-01-17,SCB,506.95,507.98,517.0,502.35,37096,stock
2024-01-18,SCB,498.59,510.8,510.8,498.59,28109,stock
2024-01-21,SCB,510.8,502.35,516.24,502.35,39781,stock
2024-01-22,SCB,499.53,498.59,507.04,497.65,24965,stock
2024-01-23,SCB,490.23,495.77,499.53,490.23,7335,stock
2024-01-24,SCB,502.35,498.69,502.35,495.77,23280,stock
2024-01-25,SCB,498.78,505.16,507.04,498.78,21207,stock
2024-01-28,SCB,508.92,507.04,509.39,502.35,24973,stock
2024-01-29,SCB,497.75,507.04,508.92,497.65,18848,stock
2024-01-30,SCB,511.74,507.04,511.74,504.69,11421,stock
2024-01-31,SCB,507.04,504.23,507.98,504.23,27810,stock
2024-02-01,SCB,497.65,494.18,505.16,494.18,16041,stock
2024-02-04,SCB,494.84,499.53,501.88,494.37,16823,stock
2024-02-05,SCB,500.38,502.44,506.01,500.38,19864,stock
2024-02-06,SCB,512.49,502.44,512.49,496.15,11477,stock
2024-02-07,SCB,509.86,503.29,511.74,497.65,10024,stock
2024-02-11,SCB,505.16,499.62,506.85,497.65,10645,stock
2024-02-12,SCB,497.65,501.41,502.25,497.65,6285,stock
2024-02-13,SCB,503.29,497.75,503.29,497.65,7931,stock
2024-02-14,SCB,495.77,495.96,498.59,493.9,7459,stock
2024-02-15,SCB,493.05,495.59,496.71,491.08,10142,stock
2024-02-18,SCB,495.77,493.9,497.65,490.23,10090,stock
2024-02-20,SCB,488.36,491.92,497.65,487.42,10811,stock
2024-02-21,SCB,487.32,489.2,492.49,487.32,8644,stock
2024-02-22,SCB,486.85,481.78,488.26,481.78,13942,stock
2024-02-25,SCB,483.47,478.87,484.51,477.93,15838,stock
2024-02-26,SCB,481.69,477.93,481.69,473.71,10427,stock
2024-02-27,SCB,480.75,477.93,480.75,473.71,14713,stock
2024-02-28,SCB,472.49,477.0,477.0,469.48,18177,stock
2024-02-29,SCB,469.58,474.18,476.71,469.58,8226,stock
2024-03-03,SCB,474.18,472.3,476.06,467.04,17764,stock
2024-03-04,SCB,478.87,492.96,492.96,478.87,225,stock
2024-03-05,SCB,492.96,486.01,497.65,483.0,9514,stock
2024-03-06,SCB,477.28,487.32,492.21,477.0,7914,stock
2024-03-07,SCB,487.32,489.2,495.77,486.38,4949,stock
2024-03-10,SCB,496.24,489.48,496.71,486.85,5082,stock
2024-03-12,SCB,492.96,506.67,507.04,488.64,30695,stock
2024-03-13,SCB,496.81,503.29,507.04,496.81,14465,stock
2024-03-14,SCB,498.59,493.9,506.1,490.14,7900,stock
2024-03-17,SCB,489.2,495.77,497.65,485.45,5997,stock
2024-03-18,SCB,491.08,494.84,495.77,491.08,11176,stock
2024-03-19,SCB,485.45,491.08,502.35,485.45,6893,stock
2024-03-20,SCB,497.65,492.02,497.65,488.73,6879,stock
2024-03-21,SCB,489.2,488.26,493.9,488.26,6389,stock
2024-03-25,SCB,488.26,488.26,489.2,479.91,7645,stock
2024-03-26,SCB,496.71,492.96,496.71,485.45,7655,stock
2024-03-27,SCB,488.26,490.14,491.92,487.42,15432,stock
2024-03-28,SCB,483.66,487.32,492.02,483.66,16744,stock
2024-03-31,SCB,481.69,478.87,490.14,478.87,13366,stock
2024-04-01,SCB,479.81,482.35,483.57,477.0,7194,stock
2024-04-02,SCB,482.16,482.25,485.45,480.85,5907,stock
2024-04-03,SCB,480.75,483.57,484.51,480.75,9763,stock
2024-04-04,SCB,480.0,483.47,491.83,480.0,9348,stock
2024-04-07,SCB,483.47,483.76,487.32,478.87,8105,stock
2024-04-09,SCB,485.45,488.08,490.61,484.51,14473,stock
2024-04-10,SCB,497.75,492.86,497.75,485.45,6900,stock
2024-04-14,SCB,496.71,492.96,496.71,487.32,15270,stock
2024-04-15,SCB,490.14,484.51,492.96,483.66,9830,stock
2024-04-16,SCB,484.51,486.76,490.14,484.51,5844,stock
2024-04-18,SCB,486.38,484.41,487.32,483.57,7793,stock
2024-04-21,SCB,482.91,485.82,488.26,482.91,12086,stock
2024-04-22,SCB,485.45,486.38,492.02,483.57,11787,stock
2024-04-24,SCB,492.02,487.32,497.65,485.54,5026,stock
2024-04-25,SCB,482.63,485.45,492.86,482.63,5327,stock
2024-04-28,SCB,485.45,492.02,492.02,485.45,9850,stock
2024-04-29,SCB,494.84,492.02,495.77,487.79,7126,stock
2024-04-30,SCB,501.78,490.42,501.78,485.54,10327,stock
2024-05-02,SCB,500.19,489.2,500.19,484.6,9683,stock
2024-05-05,SCB,482.54,484.79,488.26,482.54,7808,stock
2024-05-06,SCB,483.57,482.16,486.29,480.75,12355,stock
2024-05-07,SCB,483.57,483.19,485.26,479.81,10800,stock
2024-05-08,SCB,481.69,482.63,490.05,481.69,4083,stock
2024-05-09,SCB,491.08,483.57,491.08,480.75,9670,stock
2024-05-12,SCB,483.57,491.55,491.55,481.69,21057,stock
2024-05-13,SCB,484.6,507.23,527.7,484.6,67579,stock
2024-05-14,SCB,503.29,510.8,522.91,503.29,39921,stock
2024-05-15,SCB,519.25,511.74,551.17,508.92,19151,stock
2024-05-16,SCB,502.35,514.46,520.19,502.35,33420,stock
2024-05-19,SCB,524.69,523.0,528.54,511.74,72078,stock
2024-05-20,SCB,533.33,541.5,574.65,525.82,89589,stock
2024-05-21,SCB,552.11,549.2,552.11,532.39,53592,stock
2024-05-22,SCB,538.97,561.5,570.8,538.97,138782,stock
2024-05-26,SCB,569.95,552.11,569.95,545.54,77018,stock
2024-05-27,SCB,558.69,552.02,558.69,544.6,34144,stock
2024-05-29,SCB,563.0,525.82,573.71,525.45,55901,stock
2024-05-30,SCB,531.46,530.52,546.48,525.82,44008,stock
2024-06-02,SCB,541.03,533.33,541.03,530.52,17762,stock
2024-06-03,SCB,543.85,531.46,543.85,529.58,19735,stock
2024-06-04,SCB,539.91,532.39,539.91,531.55,10296,stock
2024-06-05,SCB,538.03,525.82,541.78,524.88,15276,stock
2024-06-06,SCB,524.13,526.2,535.02,523.94,21686,stock
2024-06-09,SCB,536.71,528.54,536.71,526.01,15312,stock
2024-06-10,SCB,539.06,531.92,539.06,523.94,11500,stock
2024-06-11,SCB,542.54,532.68,542.54,526.76,16901,stock
2024-06-12,SCB,541.78,532.39,541.78,530.52,25616,stock
2024-06-13,SCB,534.74,527.7,534.74,523.94,18340,stock
2024-06-16,SCB,527.7,527.7,530.52,525.92,6515,stock
2024-06-18,SCB,527.7,527.23,530.52,524.88,16349,stock
2024-06-19,SCB,527.7,530.42,530.52,524.88,29253,stock
2024-06-20,SCB,540.94,529.58,540.94,525.82,6725,stock
2024-06-23,SCB,528.64,526.76,531.46,525.82,8463,stock
2024-06-24,SCB,526.76,526.2,530.52,525.92,5375,stock
2024-06-25,SCB,530.52,525.82,530.52,523.0,16267,stock
2024-06-26,SCB,525.82,525.82,527.7,515.49,25740,stock
2024-06-27,SCB,521.13,525.82,526.67,521.13,18136,stock
2024-06-30,SCB,527.23,525.82,527.23,518.5,9592,stock
2024-07-01,SCB,525.82,527.61,527.7,519.34,12616,stock
2024-07-02,SCB,538.03,538.97,559.25,532.39,31533,stock
2024-07-03,SCB,535.21,542.54,542.54,528.64,20147,stock
2024-07-04,SCB,546.48,548.36,549.3,540.85,20747,stock
2024-07-07,SCB,548.36,546.01,552.96,543.1,21334,stock
2024-07-08,SCB,546.48,545.16,553.99,542.82,8745,stock
2024-07-09,SCB,544.6,548.17,548.36,542.72,13091,stock
2024-07-10,SCB,548.36,551.17,553.99,548.36,29340,stock
2024-07-11,SCB,553.99,552.11,558.69,548.64,44142,stock
2024-07-14,SCB,553.99,567.61,567.89,553.05,71564,stock
2024-07-15,SCB,574.55,565.26,574.65,560.56,79450,stock
2024-07-16,SCB,563.38,577.46,580.28,557.75,47923,stock
2024-07-17,SCB,584.98,598.59,598.59,580.28,139752,stock
2024-07-18,SCB,602.35,619.72,630.99,599.06,114822,stock
2024-07-21,SCB,628.17,620.66,630.99,611.27,119452,stock
2024-07-22,SCB,620.66,613.15,621.6,608.26,86936,stock
2024-07-23,SCB,613.15,619.62,619.72,606.67,63847,stock
2024-07-24,SCB,623.47,606.57,631.83,603.76,103522,stock
2024-07-25,SCB,616.81,622.54,624.41,599.06,124380,stock
2024-07-28,SCB,634.93,674.18,683.57,634.93,214442,stock
2024-07-29,SCB,687.61,653.52,687.61,652.11,187034,stock
2024-07-30,SCB,653.52,641.31,653.52,621.41,127427,stock
2024-07-31,SCB,647.89,646.1,661.97,638.59,186116,stock
2024-08-01,SCB,646.01,649.77,658.22,644.32,85954,stock
2024-08-05,SCB,662.72,661.97,675.21,649.77,219032,stock
2024-08-06,SCB,661.97,642.25,670.42,638.5,159776,stock
2024-08-07,SCB,642.25,653.52,662.91,630.99,96894,stock
2024-08-08,SCB,662.07,656.34,662.07,647.89,116445,stock
2024-08-11,SCB,668.54,663.85,668.54,652.58,101862,stock
2024-08-12,SCB,667.61,666.76,675.77,661.13,103692,stock
2024-08-13,SCB,668.54,657.56,670.42,655.4,107990,stock
2024-08-14,SCB,665.73,660.85,665.73,655.4,63442,stock
2024-08-15,SCB,673.99,670.42,676.06,661.03,169191,stock
2024-08-18,SCB,680.75,676.71,686.38,671.64,180607,stock
2024-08-21,SCB,677.0,713.52,719.25,676.15,214586,stock
2024-08-22,SCB,713.52,717.37,741.78,713.52,95983,stock
2024-08-25,SCB,723.0,692.3,723.0,691.08,116510,stock
2024-08-27,SCB,685.45,671.36,690.14,664.79,137755,stock
2024-08-28,SCB,684.51,685.45,694.84,671.46,118529,stock
2024-08-29,SCB,677.0,668.54,686.38,666.67,61660,stock
2024-09-01,SCB,668.73,662.07,681.69,660.85,69139,stock
2024-09-02,SCB,663.85,684.13,685.45,662.91,76231,stock
2024-09-03,SCB,692.02,676.06,692.02,675.02,57873,stock
2024-09-04,SCB,689.58,664.79,689.58,662.91,35741,stock
2024-09-05,SCB,659.81,655.4,666.67,653.43,46719,stock
2024-09-08,SCB,657.28,647.89,667.61,646.95,44856,stock
2024-09-09,SCB,647.89,630.99,652.49,629.39,66193,stock
2024-09-10,SCB,643.19,635.68,643.19,632.86,38474,stock
2024-09-11,SCB,643.19,633.9,644.13,633.8,17698,stock
2024-09-12,SCB,643.19,642.07,643.19,630.99,29278,stock
2024-09-15,SCB,643.19,637.56,657.09,636.62,42701,stock
2024-09-16,SCB,633.8,631.92,637.56,631.17,17727,stock
2024-09-18,SCB,630.99,638.5,643.19,620.66,43154,stock
2024-09-22,SCB,651.27,663.85,663.85,638.5,25074,stock
2024-09-23,SCB,677.09,643.19,677.09,643.19,27899,stock
2024-09-24,SCB,641.31,635.68,655.31,634.74,22915,stock
2024-09-25,SCB,631.17,643.19,648.36,624.6,29451,stock
2024-09-26,SCB,655.4,638.5,655.96,630.52,35791,stock
2024-09-29,SCB,629.11,637.56,639.44,625.35,37334,stock
2024-09-30,SCB,643.1,639.34,643.19,631.92,21518,stock
2024-10-01,SCB,646.85,648.26,654.46,640.85,28259,stock
2024-10-02,SCB,657.28,646.01,660.85,641.69,23208,stock
2024-10-06,SCB,651.64,649.95,656.34,644.6,34057,stock
2024-10-07,SCB,660.09,653.52,666.67,652.49,44011,stock
2024-10-08,SCB,653.62,653.62,661.97,649.86,25902,stock
2024-10-09,SCB,663.76,657.28,663.76,649.01,28344,stock
2024-10-15,SCB,657.28,659.15,670.42,648.83,13687,stock
2024-10-16,SCB,667.61,665.73,667.61,658.22,14394,stock
2024-10-17,SCB,666.67,666.67,671.36,663.85,22079,stock
2024-10-20,SCB,657.28,660.38,666.29,652.58,25045,stock
2024-10-21,SCB,664.79,649.77,664.79,649.77,22530,stock
2024-10-22,SCB,646.2,645.54,655.4,643.19,24363,stock
2024-10-23,SCB,657.28,648.92,670.42,647.89,59792,stock
2024-10-24,SCB,661.03,649.77,661.03,648.83,10568,stock
2024-10-27,SCB,659.15,657.18,659.15,647.89,27021,stock
2024-10-28,SCB,647.98,652.68,659.15,647.98,26802,stock
2024-10-29,SCB,658.22,656.34,660.56,653.62,25357,stock
2024-10-30,SCB,669.39,693.43,718.31,669.39,213474,stock
2024-11-05,SCB,702.35,691.08,706.1,690.14,44235,stock
2024-11-06,SCB,691.08,695.77,696.06,689.2,42928,stock
2024-11-10,SCB,696.71,700.94,701.41,693.9,79420,stock
2024-11-11,SCB,708.92,708.92,712.21,701.6,62474,stock
2024-11-12,SCB,714.55,705.92,718.22,702.35,60731,stock
2024-11-13,SCB,705.92,704.79,713.62,703.29,51884,stock
2024-11-14,SCB,704.79,704.23,707.04,702.35,50746,stock
2024-11-17,SCB,718.31,700.75,718.31,700.56,38390,stock
2024-11-19,SCB,704.23,707.89,708.92,702.35,115641,stock
2024-11-20,SCB,709.01,716.43,717.37,703.76,101465,stock
2024-11-21,SCB,705.63,713.62,721.13,705.63,48261,stock
2024-11-24,SCB,722.07,715.49,722.07,709.86,45323,stock
2024-11-25,SCB,717.37,717.37,718.31,713.71,65432,stock
2024-11-26,SCB,731.64,713.62,731.64,709.86,164621,stock
2024-11-27,SCB,713.6,696.0,715.0,692.0,70585,stock
2024-11-28,SCB,685.0,682.0,696.0,681.0,68389,stock
2024-12-01,SCB,675.0,669.0,679.0,666.3,48082,stock
2024-12-02,SCB,670.0,664.0,675.0,663.0,21131,stock
2024-12-03,SCB,677.0,662.0,677.0,660.0,24288,stock
2024-12-04,SCB,675.2,660.0,675.2,657.0,38999,stock
2024-12-05,SCB,654.0,650.5,658.9,650.0,34860,stock
2024-12-08,SCB,662.0,641.0,662.0,638.0,25890,stock
2024-12-09,SCB,649.8,644.0,649.8,630.1,26921,stock
2024-12-10,SCB,655.0,662.0,669.0,650.0,34954,stock
2024-12-11,SCB,661.0,692.0,692.0,653.0,44286,stock
2024-12-12,SCB,705.8,674.0,705.8,672.0,40840,stock
2024-12-16,SCB,680.0,675.0,680.0,665.0,25953,stock
2024-12-17,SCB,668.0,672.0,680.0,666.0,28147,stock
2024-12-18,SCB,679.9,668.5,679.9,665.0,28791,stock
2024-12-19,SCB,666.0,667.0,673.0,662.0,27177,stock
2024-12-22,SCB,680.0,665.0,680.0,665.0,62141,stock
2024-12-23,SCB,678.3,668.0,678.3,659.3,49499,stock
2024-12-24,SCB,665.0,666.0,675.0,660.0,11079,stock
2024-12-26,SCB,666.0,673.9,680.0,662.0,23840,stock
2024-12-29,SCB,675.0,672.0,675.0,670.0,10541,stock
2024-12-31,SCB,685.4,670.0,685.4,667.0,21235,stock
2025-01-01,SCB,670.1,669.9,672.0,667.1,7549,stock
2025-01-02,SCB,666.0,671.0,674.0,666.0,12591,stock
2025-01-05,SCB,671.0,671.0,673.0,668.6,17436,stock
2025-01-06,SCB,668.1,679.0,679.7,668.0,20096,stock
2025-01-07,SCB,692.5,682.0,692.5,675.0,16617,stock
2025-01-08,SCB,687.0,682.0,689.0,677.0,19627,stock
2025-01-09,SCB,681.1,677.0,688.0,676.1,17610,stock
2025-01-12,SCB,677.0,671.1,677.0,666.0,6808,stock
2025-01-13,SCB,675.0,670.3,675.0,667.2,7827,stock
2025-01-15,SCB,665.0,669.4,678.0,665.0,12296,stock
2025-01-16,SCB,667.0,667.5,672.0,666.7,11342,stock
2025-01-19,SCB,654.2,674.0,685.0,654.2,8281,stock
2025-01-20,SCB,674.0,675.0,678.0,674.0,18591,stock
2025-01-21,SCB,673.3,680.0,680.0,673.3,18174,stock
2025-01-22,SCB,680.0,681.0,695.6,676.0,33037,stock
2025-01-23,SCB,694.0,675.0,694.0,675.0,14420,stock
2025-01-26,SCB,668.0,677.3,685.0,668.0,16798,stock
2025-01-27,SCB,671.1,672.0,679.9,667.6,22825,stock
2025-01-28,SCB,667.1,670.0,680.0,667.1,18528,stock
2025-02-02,SCB,670.0,677.0,680.0,670.0,20157,stock
2025-02-03,SCB,682.0,679.8,688.0,677.3,15751,stock
2025-02-04,SCB,689.0,683.9,689.0,680.5,16979,stock
2025-02-05,SCB,695.0,680.0,695.0,679.2,18012,stock
2025-02-06,SCB,688.0,678.2,688.0,678.0,12426,stock
2025-02-09,SCB,665.0,675.0,691.8,665.0,8297,stock
2025-02-10,SCB,667.0,673.0,679.9,667.0,19389,stock
2025-02-11,SCB,672.0,670.0,674.5,670.0,21936,stock
2025-02-12,SCB,669.0,668.0,677.9,663.0,30638,stock
2025-02-13,SCB,672.0,658.0,672.0,654.6,41230,stock
2025-02-16,SCB,658.0,663.0,665.0,655.0,17882,stock
2025-02-17,SCB,665.0,666.0,670.9,655.2,42904,stock
2025-02-18,SCB,669.0,666.6,671.0,663.1,46889,stock
2025-02-20,SCB,654.0,666.1,668.0,654.0,32614,stock
2025-02-23,SCB,652.8,663.0,670.0,652.8,62200,stock
2025-02-24,SCB,670.0,664.9,670.0,660.3,23683,stock
2025-02-25,SCB,675.0,663.9,675.0,659.1,41734,stock
2025-02-27,SCB,677.1,672.3,689.0,670.0,34706,stock
2025-03-02,SCB,672.0,683.0,683.0,670.0,56955,stock
2025-03-03,SCB,680.1,677.1,689.0,677.0,51748,stock
2025-03-04,SCB,677.0,665.0,678.0,665.0,37008,stock
2025-03-05,SCB,664.0,663.0,669.0,659.1,34311,stock
2025-03-06,SCB,660.0,662.0,665.9,655.0,37987,stock
2025-03-09,SCB,650.0,655.2,663.0,650.0,56771,stock
2025-03-10,SCB,655.0,656.0,666.0,655.0,38917,stock
2025-03-11,SCB,652.0,659.0,662.0,652.0,6490,stock
2025-03-12,SCB,659.0,657.1,660.0,655.2,12924,stock
2025-03-16,SCB,661.0,653.0,663.5,650.0,34978,stock
2025-03-17,SCB,662.0,653.0,662.0,653.0,11963,stock
2025-03-18,SCB,666.0,654.9,666.0,650.0,16220,stock
2025-03-19,SCB,660.0,649.9,660.0,647.0,30854,stock
2025-03-20,SCB,646.1,641.41,650.0,640.0,27304,stock
2025-03-23,SCB,650.0,630.22,650.0,630.0,24034,stock
2025-03-24,SCB,630.0,631.02,634.0,620.1,22792,stock
2025-03-25,SCB,630.0,626.01,631.0,622.2,17121,stock
2025-03-26,SCB,626.0,629.44,637.5,623.1,12014,stock
2025-03-27,SCB,642.0,630.41,642.0,625.1,30032,stock
2025-03-30,SCB,639.0,634.4,639.9,633.0,23762,stock
2025-04-01,SCB,635.0,630.46,636.0,629.1,12942,stock
2025-04-02,SCB,643.0,633.72,643.0,630.0,14920,stock
2025-04-03,SCB,643.0,635.7,643.0,630.2,18730,stock
2025-04-07,SCB,648.4,635.34,648.4,635.0,13561,stock
2025-04-08,SCB,635.0,635.4,638.9,632.0,9729,stock
2025-04-09,SCB,648.0,633.51,648.0,632.0,16297,stock
2025-04-10,SCB,640.0,631.09,643.0,630.0,29316,stock
2025-04-13,SCB,632.0,629.46,635.0,628.0,12467,stock
2025-04-15,SCB,642.0,631.07,642.0,630.0,12467,stock
2025-04-16,SCB,643.0,634.32,643.0,632.1,13474,stock
2025-04-17,SCB,642.0,635.87,642.0,630.1,20881,stock
2025-04-20,SCB,636.0,630.07,636.0,622.3,32096,stock
2025-04-21,SCB,630.0,633.01,639.0,625.5,15962,stock
2025-04-22,SCB,635.0,627.51,635.0,626.2,10714,stock
2025-04-23,SCB,637.9,620.1,637.9,609.1,33745,stock
2025-04-24,SCB,615.0,617.21,624.0,612.0,18940,stock
2025-04-27,SCB,617.21,613.3,630.0,610.0,62465,stock
2025-04-28,SCB,610.2,613.53,615.0,610.2,11379,stock
2025-04-29,SCB,611.0,608.36,625.0,608.0,19648,stock
2025-04-30,SCB,608.36,601.42,612.0,600.0,26084,stock
2025-05-04,SCB,603.2,603.63,606.8,603.0,17590,stock
2025-05-05,SCB,601.0,602.09,605.0,600.0,13041,stock
2025-05-06,SCB,602.5,600.24,603.0,597.1,11897,stock
2025-05-07,SCB,600.0,612.13,614.8,600.0,10427,stock
2025-05-08,SCB,602.0,607.56,610.9,602.0,13787,stock
2025-05-11,SCB,607.0,605.59,609.0,603.1,8913,stock
2025-05-13,SCB,607.0,603.09,610.0,600.0,16124,stock
2025-05-14,SCB,603.09,602.14,605.0,601.0,9926,stock
2025-05-15,SCB,603.0,602.7,607.0,600.0,13691,stock
2025-05-18,SCB,602.7,602.09,606.0,600.0,13367,stock
2025-05-19,SCB,602.09,603.24,610.0,600.1,9746,stock
2025-05-20,SCB,609.0,608.71,611.0,600.0,12273,stock
2025-05-21,SCB,620.8,612.15,633.2,611.5,19399,stock
2025-05-22,SCB,618.0,623.7,626.0,608.0,29386,stock
2025-05-25,SCB,621.0,622.43,636.1,620.0,13129,stock
2025-05-26,SCB,634.8,627.09,634.8,625.0,22352,stock
2025-05-27,SCB,630.0,627.36,632.9,621.0,9510,stock
2025-05-28,SCB,637.0,628.67,637.0,621.3,13649,stock
2025-06-02,SCB,640.0,630.36,642.0,630.0,22770,stock
2025-06-03,SCB,638.0,624.57,638.0,624.0,20833,stock
2025-06-04,SCB,625.0,619.6,635.0,618.0,13396,stock
2025-06-05,SCB,630.0,609.19,630.0,608.1,19291,stock
2025-06-08,SCB,605.0,606.52,614.0,605.0,14672,stock
2025-06-09,SCB,612.0,612.85,615.0,605.0,10269,stock
2025-06-10,SCB,618.0,611.96,622.0,610.0,9761,stock
2025-06-11,SCB,623.8,615.0,623.9,612.1,11336,stock
2025-06-12,SCB,625.0,609.44,625.0,609.0,14922,stock
2025-06-15,SCB,608.0,610.33,612.0,608.0,29064,stock
2025-06-16,SCB,610.5,612.56,615.0,610.0,11266,stock
2025-06-17,SCB,613.0,613.42,614.0,610.1,8138,stock
2025-06-18,SCB,613.42,614.72,618.0,609.3,7312,stock
2025-06-19,SCB,610.0,612.88,614.9,610.0,12495,stock
2025-06-22,SCB,613.0,610.01,613.0,609.1,20313,stock
2025-06-23,SCB,610.0,612.7,615.0,610.0,7393,stock
2025-06-24,SCB,612.2,611.67,617.0,611.0,12089,stock
2025-06-25,SCB,610.0,612.54,619.5,610.0,5919,stock
2025-06-26,SCB,610.0,612.87,615.0,610.0,8281,stock
2025-06-29,SCB,619.0,615.12,619.0,612.0,9551,stock
2025-06-30,SCB,615.0,618.08,621.0,612.0,10495,stock
2025-07-01,SCB,618.0,618.03,620.0,615.4,7481,stock
2025-07-02,SCB,616.2,624.74,628.0,616.2,11082,stock
2025-07-03,SCB,620.5,643.1,674.0,620.5,37435,stock
2025-07-06,SCB,643.1,642.75,645.0,633.0,25931,stock
2025-07-07,SCB,642.0,638.26,648.0,635.0,22129,stock
2025-07-08,SCB,635.1,635.82,640.0,631.0,18997,stock
2025-07-09,SCB,644.0,643.08,644.0,636.2,35636,stock
2025-07-10,SCB,643.0,655.57,657.0,643.0,56467,stock
2025-07-13,SCB,642.5,667.0,679.9,642.5,70142,stock
2025-07-14,SCB,674.0,655.11,677.0,653.0,21829,stock
2025-07-15,SCB,662.8,648.44,662.8,645.0,52557,stock
2025-07-16,SCB,661.4,656.1,667.0,653.0,110187,stock
2025-07-17,SCB,661.0,668.39,670.3,650.1,54394,stock
2025-07-20,SCB,681.7,670.17,681.7,667.0,52292,stock
2025-07-21,SCB,670.2,664.39,670.2,660.0,25207,stock
2025-07-22,SCB,670.0,674.61,677.0,665.0,67646,stock
2025-07-23,SCB,675.0,670.09,675.0,661.2,54717,stock
2025-07-24,SCB,668.1,670.91,672.0,665.0,24626,stock
2025-07-27,SCB,670.0,666.72,674.8,665.0,34558,stock
2025-07-28,SCB,660.1,661.91,664.0,657.0,42716,stock
2025-07-29,SCB,666.0,665.98,675.0,662.0,40515,stock
2025-07-30,SCB,673.0,660.12,679.0,659.0,26079,stock
2025-07-31,SCB,660.0,650.71,660.0,650.2,29239,stock
2025-08-03,SCB,650.0,637.64,650.0,637.2,51219,stock
2025-08-04,SCB,649.0,657.74,701.0,634.4,59656,stock
2025-08-05,SCB,670.0,645.52,680.0,644.0,65370,stock
2025-08-06,SCB,648.0,643.09,650.0,638.0,40792,stock
2025-08-07,SCB,646.3,643.93,647.0,638.3,13098,stock
2025-08-11,SCB,656.7,647.13,669.7,645.5,21700,stock
2025-08-12,SCB,658.0,639.98,658.0,630.5,27289,stock
2025-08-13,SCB,640.0,639.32,641.0,635.1,15501,stock
2025-08-14,SCB,639.0,637.46,640.0,635.0,12418,stock
2025-08-17,SCB,638.0,628.26,639.8,624.0,41677,stock
2025-08-18,SCB,625.0,624.57,628.0,619.0,28522,stock
2025-08-19,SCB,634.8,629.28,634.8,625.5,8775,stock
2025-08-20,SCB,630.0,627.42,631.0,626.0,10590,stock
2025-08-21,SCB,629.0,626.12,629.0,624.0,12319,stock
2025-08-24,SCB,624.0,625.35,627.5,623.3,15149,stock
2025-08-25,SCB,620.2,622.83,626.9,620.2,13483,stock
2025-08-26,SCB,633.0,626.45,633.0,623.0,8993,stock
2025-08-27,SCB,634.0,631.31,634.0,625.6,8359,stock
2025-08-28,SCB,623.0,630.26,634.7,623.0,13295,stock
2025-08-31,SCB,628.0,634.1,635.0,619.0,21876,stock
2025-09-01,SCB,625.0,659.97,681.0,625.0,106420,stock
2025-09-02,SCB,670.0,661.75,679.3,657.0,119242,stock
2025-09-03,SCB,668.8,654.46,668.8,653.0,20734,stock
2025-09-04,SCB,650.0,651.75,659.9,642.0,24639,stock
2025-09-07,SCB,659.0,642.44,659.0,637.0,23683,stock
2025-09-08,SCB,630.1,631.7,640.0,630.0,12381,stock
2025-09-18,SCB,619.1,607.0,619.1,605.0,2917,stock
2025-09-21,SCB,594.9,618.27,627.0,594.9,74579,stock
2025-09-23,SCB,629.5,634.0,635.0,620.1,16046,stock
2025-09-24,SCB,634.0,632.0,638.9,625.8,15152,stock
2025-09-25,SCB,628.5,624.1,633.0,620.0,28886,stock
2025-09-28,SCB,636.0,630.0,636.0,626.0,5718,stock
2025-10-07,SCB,639.5,625.0,639.5,618.3,43949,stock
2025-10-08,SCB,620.0,620.0,623.0,610.0,19576,stock
2025-10-09,SCB,632.4,625.3,647.0,625.3,30979,stock
2025-10-12,SCB,616.1,617.0,628.0,609.0,40272,stock
2025-10-13,SCB,629.3,615.3,629.3,610.0,20047,stock
2025-10-14,SCB,625.0,614.2,625.0,612.5,9633,stock
2025-10-15,SCB,625.8,615.0,625.8,610.1,15650,stock
2025-10-16,SCB,625.0,613.0,625.0,603.0,24469,stock
2025-10-19,SCB,615.0,629.0,635.5,614.0,89818,stock
2025-10-26,SCB,629.0,627.0,629.0,620.0,14318,stock
2025-10-28,SCB,629.5,632.5,635.2,629.0,19279,stock
2025-10-29,SCB,630.0,632.5,637.0,630.0,19531,stock
2025-10-30,SCB,630.0,636.0,638.9,627.1,26451,stock
2025-11-02,SCB,648.7,638.0,648.7,630.3,15940,stock
2025-11-03,SCB,639.0,643.0,647.0,632.2,23579,stock
2025-11-04,SCB,637.5,637.0,644.0,635.2,15878,stock
2025-11-05,SCB,635.0,641.8,643.0,635.0,17725,stock
2025-11-06,SCB,634.1,638.0,645.0,634.1,35160,stock
2025-11-09,SCB,644.0,636.0,644.0,634.5,29856,stock
2025-11-10,SCB,641.0,639.8,641.0,635.1,27302,stock
2025-11-11,SCB,645.0,641.0,645.0,637.0,18611,stock
2025-11-12,SCB,642.0,639.0,642.0,635.0,16743,stock
2025-11-13,SCB,635.0,637.0,639.1,635.0,10261,stock
2025-11-16,SCB,635.1,632.1,640.0,630.1,10837,stock
2025-11-17,SCB,632.0,636.0,640.0,631.1,13316,stock
2025-11-18,SCB,633.0,636.2,639.5,633.0,10579,stock
2025-11-19,SCB,637.0,636.9,639.9,633.5,11815,stock
2025-11-20,SCB,643.0,637.0,643.0,633.0,9825,stock
2025-11-23,SCB,637.1,641.0,643.0,637.1,25737,stock
2025-11-24,SCB,645.0,646.0,648.8,643.0,42052,stock
2025-11-25,SCB,648.5,649.0,650.0,643.0,33381,stock
2025-11-26,SCB,650.0,655.0,656.0,648.1,55079,stock
2025-11-27,SCB,657.0,660.0,661.8,656.0,59896,stock
2025-11-30,SCB,664.9,665.0,669.0,660.4,47892,stock
2025-12-01,SCB,663.0,665.8,666.9,657.0,110362,stock
2025-12-02,SCB,652.5,640.0,652.5,635.0,48374,stock
2025-12-03,SCB,640.0,631.0,641.0,627.4,24352,stock
2025-12-07,SCB,630.0,623.0,630.0,621.4,33143,stock
2025-12-08,SCB,625.0,621.0,626.0,619.0,17924,stock
2025-12-09,SCB,625.0,622.0,625.1,620.0,11221,stock
2025-12-10,SCB,623.0,623.0,625.0,620.1,22235,stock
2025-12-11,SCB,624.7,622.0,625.0,621.1,27364,stock
2025-12-14,SCB,629.9,623.9,630.0,622.1,14221,stock
2025-12-15,SCB,623.9,625.1,628.0,623.0,22027,stock
2025-12-16,SCB,622.1,625.0,630.0,622.1,18432,stock
2025-12-17,SCB,629.0,628.0,629.8,625.0,14270,stock
2025-12-18,SCB,625.0,625.4,628.0,621.0,8156,stock
2025-12-21,SCB,625.0,627.0,629.8,624.0,14748,stock
2025-12-22,SCB,622.2,623.2,631.0,614.5,31480,stock
2025-12-23,SCB,623.0,626.0,634.0,622.0,7226,stock
2025-12-24,SCB,625.0,624.8,630.0,623.0,17735,stock
2025-12-28,SCB,622.0,629.0,630.0,622.0,15592,stock
2025-12-29,SCB,631.0,626.5,634.9,626.2,8987,stock
2025-12-31,SCB,630.0,631.0,634.0,624.1,12802,stock
2026-01-01,SCB,638.0,632.0,638.0,627.1,24484,stock
2026-01-04,SCB,627.0,632.0,633.0,627.0,15776,stock
2026-01-05,SCB,636.0,631.9,636.0,628.2,19360,stock
2026-01-06,SCB,639.9,635.0,639.9,628.4,54373,stock
2026-01-07,SCB,635.0,638.0,641.9,630.2,45060,stock
2026-01-08,SCB,638.9,640.0,642.4,638.0,25322,stock
2026-01-12,SCB,641.8,636.0,641.9,636.0,12219,stock
2026-01-13,SCB,642.7,633.1,699.0,625.0,15863,stock
2026-01-14,SCB,633.1,631.4,639.9,630.1,14973,stock
2026-01-18,SCB,632.5,633.1,636.0,631.4,11893,stock
2026-01-20,SCB,630.0,640.6,642.0,630.0,20233,stock
2026-01-21,SCB,638.0,638.0,642.0,636.0,20013,stock
2026-01-22,SCB,634.6,631.0,642.5,628.0,54460,stock
2026-01-25,SCB,631.5,637.2,642.0,631.5,17448,stock
2026-01-26,SCB,635.0,635.0,640.0,632.1,24899,stock
2026-01-27,SCB,635.0,633.2,640.0,630.2,18551,stock
2026-01-28,SCB,633.0,634.7,639.0,630.1,15258,stock
2026-01-29,SCB,628.1,630.0,633.0,628.1,39369,stock
2026-02-01,SCB,630.0,631.5,633.9,628.1,22323,stock
2026-02-02,SCB,635.0,631.5,635.0,629.5,35979,stock
2026-02-03,SCB,631.5,633.0,634.5,631.1,28318,stock
2026-02-04,SCB,621.0,631.0,635.0,621.0,11041,stock
2026-02-05,SCB,628.1,639.9,640.0,628.1,27507,stock
2026-02-08,SCB,639.9,638.0,640.8,633.3,27351,stock
2026-02-09,SCB,641.0,635.1,641.0,633.0,12711,stock
2026-02-10,SCB,635.0,638.0,638.0,632.1,16846,stock
2026-02-11,SCB,642.0,640.0,645.0,632.1,15782,stock
2026-02-12,SCB,639.0,637.6,641.0,636.2,18299,stock
2026-02-16,SCB,640.0,640.0,640.0,636.0,33111,stock
2026-02-17,SCB,640.0,640.8,640.8,629.2,50691,stock
2026-02-22,SCB,653.6,637.0,653.6,630.0,16872,stock
2026-02-23,SCB,637.0,640.0,641.0,634.1,18763,stock
2026-02-24,SCB,640.0,648.0,648.0,638.0,21552,stock
2026-02-25,SCB,649.9,642.2,649.9,638.9,14223,stock
2026-02-26,SCB,643.1,647.1,652.0,643.0,24303,stock
2026-03-01,SCB,647.0,647.2,651.0,641.1,14211,stock
2026-03-03,SCB,647.2,650.0,652.0,642.1,9794,stock
2026-03-09,SCB,663.0,698.7,698.7,663.0,460,stock
2026-03-10,SCB,712.0,685.0,712.6,653.3,82493,stock
2026-03-11,SCB,698.1,665.0,698.1,665.0,12196,stock
2026-03-12,SCB,665.0,668.0,669.0,660.1,21163,stock
2026-03-15,SCB,675.0,667.0,675.0,663.0,13467,stock
2026-03-16,SCB,653.7,658.0,669.0,653.7,20686,stock
2026-03-17,SCB,664.0,663.0,664.9,655.0,9078,stock
2026-03-19,SCB,670.0,667.4,673.0,663.8,40079,stock
2026-03-22,SCB,670.0,673.0,679.0,662.5,38779,stock
2026-03-23,SCB,684.0,679.0,684.0,673.0,29479,stock
2026-03-24,SCB,683.9,680.0,683.9,679.0,35672,stock
2026-03-25,SCB,693.6,678.9,693.6,676.0,26166,stock
2026-03-26,SCB,673.0,677.0,679.0,670.0,14816,stock
2026-03-29,SCB,680.0,669.0,680.0,663.5,38887,stock
2026-03-30,SCB,656.1,655.0,679.0,654.0,18093,stock
2026-03-31,SCB,651.0,659.0,660.0,646.3,17316,stock
2026-04-01,SCB,660.0,650.0,660.0,648.0,24372,stock
2026-04-02,SCB,646.1,653.5,653.9,645.0,21410,stock
2026-04-05,SCB,650.0,640.3,650.0,637.3,36523,stock
2026-04-06,SCB,640.0,642.0,655.0,639.0,18284,stock
2026-04-07,SCB,642.3,648.0,653.8,642.1,11479,stock
2026-04-08,SCB,650.0,649.0,653.5,645.0,12367,stock
2026-04-09,SCB,651.9,655.0,658.0,641.7,27670,stock
2026-04-10,SCB,650.0,655.5,656.0,649.0,24520,stock
2026-04-13,SCB,655.0,651.0,657.6,648.0,8316,stock
2026-04-15,SCB,655.0,658.9,659.0,651.0,10631,stock
2026-04-16,SCB,655.0,660.0,660.0,650.3,11086,stock
2026-04-17,SCB,659.9,658.9,659.9,652.1,12279,stock
2026-04-20,SCB,665.1,654.0,665.1,651.0,10777,stock
2026-04-21,SCB,658.0,652.5,658.0,651.0,10277,stock
2026-04-22,SCB,650.0,648.0,650.0,634.1,7133,stock
2026-04-23,SCB,654.0,646.0,654.0,643.2,12008,stock
2026-04-24,SCB,635.2,650.0,650.0,635.2,7573,stock
2026-04-27,SCB,650.0,647.5,664.9,645.0,6877,stock
2026-04-28,SCB,647.5,643.0,649.5,642.0,5780,stock
2026-04-29,SCB,640.1,639.4,640.1,638.3,7418,stock
2026-04-30,SCB,639.0,639.0,640.4,635.0,14186,stock
2026-05-04,SCB,639.0,641.0,647.4,634.2,11750,stock
2026-05-05,SCB,627.0,637.5,642.0,626.0,3039,stock
2026-05-06,SCB,636.1,640.9,641.5,636.1,5579,stock
2026-05-07,SCB,636.1,642.0,644.6,636.1,2840,stock
2026-05-08,SCB,649.9,645.2,649.9,642.0,4125,stock
2026-05-11,SCB,650.0,645.2,650.0,644.0,6891,stock
2026-05-12,SCB,646.1,647.0,650.0,641.3,9392,stock
2026-05-13,SCB,642.0,645.9,646.0,640.09,4877,stock
2026-05-14,SCB,645.9,647.0,647.0,643.0,8884,stock
2026-05-15,SCB,654.0,649.0,654.0,642.0,2415,stock
2026-05-18,SCB,680.0,647.0,680.0,640.09,3008,stock
2026-05-19,SCB,664.9,642.5,664.9,640.2,9723,stock
2026-05-20,SCB,655.0,653.5,655.0,637.0,24929,stock
2026-05-21,SCB,653.5,650.0,659.9,642.0,4495,stock
2026-05-22,SCB,653.5,653.2,660.0,648.0,5706,stock
2026-05-25,SCB,664.3,659.9,664.3,653.1,16845,stock
2026-05-26,SCB,664.8,659.8,664.8,655.1,12930,stock
2026-05-27,SCB,664.9,658.9,664.9,655.0,7085,stock
2026-06-01,SCB,658.0,656.0,661.0,642.0,7325,stock
2026-06-02,SCB,663.9,656.0,663.9,651.0,8914,stock
2026-06-03,SCB,656.0,657.0,660.0,652.0,7361,stock
2026-06-04,SCB,663.0,658.5,663.0,643.6,15797,stock
2026-06-05,SCB,655.1,657.1,662.0,653.2,8064,stock
2026-06-08,SCB,650.6,653.0,664.9,650.6,6816,stock
2026-06-09,SCB,653.0,655.0,660.0,649.0,10104,stock
2026-06-10,SCB,655.0,658.0,660.0,650.0,3081,stock
2026-06-11,SCB,659.0,650.0,660.0,648.2,6996,stock
2026-06-12,SCB,651.0,649.1,655.0,648.3,2434,stock
2026-06-15,SCB,650.0,650.0,659.9,645.1,2646,stock
2026-06-16,SCB,655.0,650.0,655.0,648.5,2142,stock
2026-06-17,SCB,655.0,647.0,655.0,647.0,7445,stock
2026-06-18,SCB,615.0,648.8,655.0,615.0,6832,stock
2026-06-19,SCB,648.7,649.1,650.0,646.1,12222,stock
2026-06-22,SCB,655.0,646.2,655.0,645.2,3446,stock
2026-06-23,SCB,646.2,645.5,646.2,645.0,3759,stock
2026-06-24,SCB,644.3,640.1,644.3,639.5,46033,stock
2026-06-25,SCB,649.9,641.5,649.9,632.8,1610,stock
2026-06-26,SCB,659.0,641.8,659.0,640.1,6161,stock
2026-06-29,SCB,654.0,641.0,654.0,640.09,6638,stock
2026-06-30,SCB,641.0,641.0,650.0,640.0,14142,stock
2026-07-01,SCB,650.0,641.0,650.0,640.0,21494,stock
2026-07-02,SCB,645.0,647.0,649.8,640.4,13552,stock
2026-07-03,SCB,647.0,648.0,650.0,645.0,6192,stock
2026-07-06,SCB,645.0,641.0,648.0,640.0,6074,stock
2026-07-07,SCB,649.9,646.0,649.9,640.0,20745,stock
2026-07-08,SCB,642.0,640.0,649.7,640.0,11710,stock
2026-07-09,SCB,645.0,642.0,648.0,638.0,14689,stock
2026-07-10,SCB,650.0,638.0,650.0,635.2,18019,stock
2026-07-13,SCB,638.0,637.0,639.1,635.0,20869,stock
2026-07-14,SCB,635.0,635.5,639.0,634.0,22831,stock
2026-07-15,SCB,649.0,643.5,649.0,636.0,7822,stock
2026-07-16,SCB,639.0,666.1,668.0,639.0,14522,stock
2026-07-17,SCB,664.5,662.9,664.5,656.2,7453,stock
2026-07-20,SCB,664.0,665.0,665.0,659.1,4716,stock
2026-07-21,SCB,665.0,663.9,670.0,660.0,8964,stock
2026-07-22,SCB,661.0,658.1,661.0,644.0,3467,stock
2026-07-23,SCB,625.2,655.2,670.0,625.2,1974,stock
2026-07-24,SCB,655.09,651.0,660.0,651.0,17211,stock
2026-07-27,SCB,618.5,654.0,662.0,618.5,17457,stock
2026-07-28,SCB,656.0,655.0,660.0,650.0,5553,stock
2026-07-29,SCB,650.1,657.0,659.0,641.0,12523,stock
2026-07-30,SCB,660.8,652.0,660.8,650.3,3198,stock
2026-07-31,SCB,657.9,651.0,657.9,645.2,10797,stock
2026-08-03,SCB,618.5,651.0,665.0,618.5,17434,stock
2026-08-04,SCB,665.0,652.6,665.0,646.1,19934,stock
2026-08-05,SCB,662.0,655.9,662.0,650.1,8907,stock
2026-08-06,SCB,625.0,654.0,665.0,625.0,15658,stock
2026-08-07,SCB,663.9,648.0,663.9,647.0,8192,stock
2026-08-10,SCB,648.1,643.2,658.0,643.2,7703,stock
2026-08-11,SCB,653.0,649.3,653.0,642.0,12584,stock
2026-08-12,SCB,650.0,650.0,654.0,646.0,4802,stock
2026-08-13,SCB,650.0,658.0,659.9,646.0,8897,stock
2026-08-14,SCB,655.0,659.9,659.9,654.0,5995,stock
2026-08-17,SCB,659.9,649.0,659.9,644.0,7753,stock
2026-08-18,SCB,660.0,650.0,660.0,646.2,5419,stock
2026-08-19,SCB,661.0,650.0,661.0,645.1,6223,stock
2026-08-20,SCB,654.0,650.0,654.0,647.0,5957,stock
2026-08-21,SCB,651.0,650.0,655.0,648.0,2936,stock
2026-08-24,SCB,652.0,648.5,655.0,648.1,3942,stock
2026-08-25,SCB,648.0,651.0,653.0,642.2,6371,stock
2026-08-26,SCB,646.0,644.0,651.0,642.0,4572,stock
2026-08-27,SCB,644.0,645.0,650.0,640.7,8398,stock
2026-08-31,SCB,650.0,642.3,654.9,641.1,10921,stock
2026-09-01,SCB,645.0,647.0,650.0,641.1,6507,stock
2026-09-02,SCB,654.7,645.1,654.7,643.0,4028,stock
2026-09-03,SCB,645.1,645.5,651.0,644.0,19963,stock
2026-09-07,SCB,660.0,649.1,660.0,647.0,6334,stock
2026-09-09,SCB,649.0,651.1,654.9,649.0,9478,stock
2026-09-10,SCB,652.0,645.1,654.9,644.0,14578,stock
2026-09-11,SCB,647.1,648.0,652.0,645.0,10449,stock
2026-09-14,SCB,655.0,650.0,655.0,645.0,10522,stock
2026-09-15,SCB,682.0,653.0,682.0,651.0,10110,stock
2026-09-16,SCB,655.0,650.1,657.0,650.1,6942,stock
2026-09-17,SCB,651.2,655.0,656.0,651.2,20223,stock
2026-09-18,SCB,655.1,657.0,660.0,655.1,11505,stock
2026-09-22,SCB,660.0,657.0,661.0,656.6,16227,stock
2026-09-23,SCB,689.8,655.2,689.8,651.0,12907,stock
2026-09-24,SCB,655.0,657.2,660.0,655.0,7152,stock
2026-09-28,SCB,656.0,660.0,662.0,655.0,12744,stock
2026-09-29,SCB,664.6,661.0,664.6,659.6,9185,stock
2026-09-30,SCB,628.0,659.0,664.9,628.0,8041,stock
2026-10-01,SCB,659.0,661.0,663.0,657.1,6880,stock
2026-10-02,SCB,661.0,663.0,664.5,659.0,9576,stock
2026-10-05,SCB,664.0,659.0,664.0,656.0,17323,stock
2026-10-06,SCB,660.0,663.0,663.6,658.0,9844,stock
2026-10-07,SCB,657.6,662.0,662.0,650.0,36731,stock
2026-10-08,SCB,662.0,660.0,664.5,652.0,20902,stock
2026-10-09,SCB,662.0,665.9,665.9,660.1,32792,stock
