time,symbol,open,close,high,low,volume,category
2012-01-01,ADBL,115.0,114.0,115.0,113.0,1111,stock
2012-01-02,ADBL,114.0,118.0,118.0,115.0,551,stock
2012-01-03,ADBL,118.0,115.0,116.0,114.0,490,stock
2012-01-04,ADBL,115.0,114.0,115.0,113.0,3220,stock
2012-01-05,ADBL,114.0,113.0,114.0,112.0,775,stock
2012-01-08,ADBL,113.0,114.0,115.0,113.0,3240,stock
2012-01-09,ADBL,114.0,111.0,113.0,111.0,1710,stock
2012-01-10,ADBL,111.0,112.0,114.0,112.0,549,stock
2012-01-11,ADBL,112.0,112.0,112.0,111.0,2477,stock
2012-01-12,ADBL,112.0,112.0,112.0,110.0,3102,stock
2012-01-16,ADBL,112.0,111.0,112.0,111.0,1049,stock
2012-01-17,ADBL,111.0,113.0,114.0,110.0,866,stock
2012-01-18,ADBL,118.0,117.0,117.0,115.0,411,stock
2012-01-22,ADBL,117.0,117.0,118.0,115.0,4484,stock
2012-01-23,ADBL,117.0,112.0,115.0,111.0,1650,stock
2012-01-25,ADBL,112.0,114.0,114.0,111.0,1170,stock
2012-01-26,ADBL,114.0,112.0,114.0,110.0,1060,stock
2012-01-29,ADBL,112.0,112.0,114.0,111.0,4200,stock
2012-01-31,ADBL,112.0,110.0,114.0,110.0,2291,stock
2012-02-01,ADBL,110.0,111.0,113.0,110.0,1833,stock
2012-02-02,ADBL,111.0,111.0,113.0,111.0,3946,stock
2012-02-05,ADBL,111.0,110.0,111.0,109.0,1611,stock
2012-02-06,ADBL,110.0,111.0,111.0,110.0,992,stock
2012-02-07,ADBL,111.0,110.0,110.0,107.0,2091,stock
2012-02-08,ADBL,110.0,110.0,110.0,109.0,386,stock
2012-02-09,ADBL,110.0,109.0,110.0,109.0,920,stock
2012-02-12,ADBL,109.0,109.0,109.0,108.0,1309,stock
2012-02-13,ADBL,109.0,108.0,111.0,107.0,1992,stock
2012-02-14,ADBL,108.0,109.0,110.0,107.0,1961,stock
2012-02-15,ADBL,109.0,111.0,111.0,110.0,276,stock
2012-02-16,ADBL,111.0,108.0,109.0,107.0,550,stock
2012-02-21,ADBL,108.0,109.0,109.0,108.0,631,stock
2012-02-23,ADBL,109.0,109.0,109.0,107.0,1230,stock
2012-02-26,ADBL,109.0,107.0,109.0,105.0,2747,stock
2012-02-27,ADBL,107.0,108.0,109.0,107.0,1285,stock
2012-02-28,ADBL,108.0,109.0,110.0,107.0,2204,stock
2012-02-29,ADBL,109.0,108.0,109.0,108.0,1030,stock
2012-03-01,ADBL,108.0,108.0,109.0,107.0,2300,stock
2012-03-04,ADBL,108.0,109.0,109.0,104.0,1451,stock
2012-03-05,ADBL,109.0,107.0,109.0,107.0,460,stock
2012-03-06,ADBL,107.0,105.0,107.0,105.0,2124,stock
2012-03-11,ADBL,105.0,106.0,106.0,105.0,754,stock
2012-03-12,ADBL,106.0,106.0,107.0,102.0,1022,stock
2012-03-13,ADBL,106.0,104.0,106.0,104.0,1321,stock
2012-03-14,ADBL,104.0,103.0,105.0,103.0,793,stock
2012-03-15,ADBL,103.0,103.0,103.0,101.0,842,stock
2012-03-18,ADBL,103.0,103.0,103.0,101.0,1003,stock
2012-03-19,ADBL,103.0,102.0,105.0,102.0,311,stock
2012-03-20,ADBL,102.0,101.0,103.0,101.0,4107,stock
2012-03-21,ADBL,101.0,104.0,106.0,101.0,1257,stock
2012-03-25,ADBL,104.0,106.0,106.0,102.0,920,stock
2012-03-26,ADBL,106.0,107.0,107.0,103.0,2082,stock
2012-03-27,ADBL,107.0,103.0,105.0,102.0,270,stock
2012-03-28,ADBL,103.0,106.0,106.0,104.0,1615,stock
2012-03-29,ADBL,106.0,105.0,108.0,105.0,1395,stock
2012-04-01,ADBL,105.0,106.0,106.0,105.0,1762,stock
2012-04-02,ADBL,106.0,105.0,106.0,104.0,1275,stock
2012-04-03,ADBL,105.0,106.0,106.0,106.0,680,stock
2012-04-04,ADBL,106.0,105.0,106.0,105.0,3550,stock
2012-04-05,ADBL,105.0,106.0,106.0,105.0,680,stock
2012-04-08,ADBL,106.0,106.0,106.0,105.0,1051,stock
2012-04-09,ADBL,106.0,106.0,107.0,105.0,921,stock
2012-04-10,ADBL,106.0,106.0,106.0,104.0,1313,stock
2012-04-11,ADBL,106.0,107.0,110.0,107.0,2180,stock
2012-04-12,ADBL,107.0,114.0,114.0,108.0,683,stock
2012-04-15,ADBL,114.0,123.0,124.0,116.0,2514,stock
2012-04-16,ADBL,123.0,135.0,135.0,125.0,833,stock
2012-04-17,ADBL,135.0,130.0,133.0,130.0,1789,stock
2012-04-18,ADBL,130.0,124.0,128.0,120.0,3301,stock
2012-04-19,ADBL,124.0,122.0,128.0,120.0,4668,stock
2012-04-22,ADBL,122.0,123.0,124.0,122.0,1560,stock
2012-04-24,ADBL,123.0,129.0,129.0,125.0,100,stock
2012-04-25,ADBL,129.0,135.0,135.0,135.0,70,stock
2012-04-26,ADBL,135.0,148.0,148.0,137.0,8831,stock
2012-04-29,ADBL,148.0,150.0,159.0,141.0,8923,stock
2012-04-30,ADBL,150.0,140.0,153.0,135.0,5694,stock
2012-05-02,ADBL,140.0,128.0,140.0,128.0,980,stock
2012-05-03,ADBL,128.0,132.0,132.0,130.0,241,stock
2012-05-07,ADBL,132.0,134.0,134.0,134.0,183,stock
2012-05-08,ADBL,134.0,142.0,142.0,136.0,2332,stock
2012-05-09,ADBL,142.0,142.0,148.0,133.0,7062,stock
2012-05-10,ADBL,142.0,139.0,142.0,129.0,11243,stock
2012-05-13,ADBL,139.0,132.0,137.0,130.0,3133,stock
2012-05-14,ADBL,132.0,125.0,130.0,121.0,5092,stock
2012-05-15,ADBL,125.0,137.0,137.0,127.0,696,stock
2012-05-16,ADBL,137.0,139.0,139.0,139.0,150,stock
2012-05-17,ADBL,139.0,141.0,147.0,141.0,6469,stock
2012-05-20,ADBL,141.0,139.0,142.0,134.0,6548,stock
2012-05-21,ADBL,139.0,139.0,145.0,138.0,3222,stock
2012-05-22,ADBL,139.0,143.0,143.0,133.0,8963,stock
2012-05-23,ADBL,143.0,133.0,141.0,133.0,905,stock
2012-05-24,ADBL,133.0,143.0,143.0,133.0,7754,stock
2012-05-27,ADBL,143.0,148.0,153.0,140.0,6836,stock
2012-05-29,ADBL,148.0,134.0,146.0,134.0,3959,stock
2012-05-30,ADBL,134.0,121.0,132.0,121.0,4480,stock
2012-05-31,ADBL,121.0,128.0,128.0,119.0,1231,stock
2012-06-03,ADBL,128.0,140.0,140.0,125.0,1647,stock
2012-06-04,ADBL,140.0,133.0,141.0,130.0,3705,stock
2012-06-05,ADBL,133.0,133.0,135.0,131.0,2968,stock
2012-06-06,ADBL,133.0,126.0,131.0,125.0,1331,stock
2012-06-07,ADBL,126.0,131.0,134.0,122.0,2120,stock
2012-06-10,ADBL,131.0,138.0,140.0,133.0,8139,stock
2012-06-11,ADBL,138.0,140.0,142.0,136.0,4583,stock
2012-06-12,ADBL,140.0,140.0,142.0,139.0,4983,stock
2012-06-13,ADBL,140.0,141.0,146.0,138.0,8518,stock
2012-06-14,ADBL,141.0,136.0,139.0,133.0,1912,stock
2012-06-17,ADBL,136.0,134.0,136.0,128.0,2426,stock
2012-06-18,ADBL,134.0,133.0,133.0,130.0,2589,stock
2012-06-19,ADBL,133.0,132.0,133.0,131.0,1549,stock
2012-06-20,ADBL,132.0,134.0,136.0,132.0,1361,stock
2012-06-21,ADBL,134.0,136.0,137.0,135.0,1170,stock
2012-06-25,ADBL,136.0,140.0,140.0,133.0,1760,stock
2012-06-26,ADBL,140.0,136.0,138.0,134.0,2036,stock
2012-06-27,ADBL,136.0,140.0,140.0,132.0,2422,stock
2012-06-28,ADBL,140.0,140.0,142.0,139.0,2876,stock
2012-07-01,ADBL,140.0,142.0,142.0,140.0,3643,stock
2012-07-02,ADBL,142.0,141.0,145.0,140.0,3256,stock
2012-07-03,ADBL,141.0,141.0,141.0,140.0,880,stock
2012-07-04,ADBL,141.0,146.0,146.0,140.0,3868,stock
2012-07-05,ADBL,146.0,145.0,145.0,142.0,3056,stock
2012-07-08,ADBL,145.0,144.0,148.0,143.0,2338,stock
2012-07-09,ADBL,144.0,148.0,150.0,144.0,3893,stock
2012-07-10,ADBL,148.0,150.0,153.0,148.0,3747,stock
2012-07-11,ADBL,150.0,152.0,152.0,148.0,3631,stock
2012-07-12,ADBL,152.0,151.0,156.0,149.0,3977,stock
2012-07-15,ADBL,151.0,156.0,156.0,151.0,1722,stock
2012-07-16,ADBL,156.0,162.0,162.0,150.0,12898,stock
2012-07-17,ADBL,162.0,171.0,175.0,161.0,12061,stock
2012-07-18,ADBL,171.0,186.0,186.0,170.0,8985,stock
2012-07-19,ADBL,186.0,198.0,198.0,176.0,21519,stock
2012-07-22,ADBL,198.0,192.0,200.0,187.0,19689,stock
2012-07-23,ADBL,192.0,190.0,198.0,189.0,13375,stock
2012-07-24,ADBL,190.0,190.0,190.0,181.0,7364,stock
2012-07-25,ADBL,190.0,184.0,187.0,181.0,10548,stock
2012-07-26,ADBL,184.0,177.0,181.0,175.0,4910,stock
2012-07-29,ADBL,177.0,166.0,174.0,161.0,4932,stock
2012-07-30,ADBL,166.0,171.0,172.0,163.0,7450,stock
2012-07-31,ADBL,171.0,176.0,182.0,168.0,4757,stock
2012-08-01,ADBL,176.0,180.0,182.0,174.0,6479,stock
2012-08-05,ADBL,180.0,181.0,184.0,178.0,4178,stock
2012-08-06,ADBL,181.0,181.0,183.0,180.0,5741,stock
2012-08-07,ADBL,181.0,176.0,184.0,174.0,4255,stock
2012-08-08,ADBL,176.0,179.0,179.0,170.0,6744,stock
2012-08-12,ADBL,179.0,171.0,179.0,167.0,3111,stock
2012-08-13,ADBL,171.0,168.0,168.0,160.0,3464,stock
2012-08-14,ADBL,168.0,166.0,168.0,165.0,1990,stock
2012-08-15,ADBL,166.0,163.0,166.0,161.0,4533,stock
2012-08-16,ADBL,163.0,170.0,176.0,166.0,5649,stock
2012-08-19,ADBL,170.0,173.0,175.0,170.0,5601,stock
2012-08-21,ADBL,173.0,166.0,175.0,164.0,5218,stock
2012-08-22,ADBL,166.0,165.0,167.0,161.0,4219,stock
2012-08-23,ADBL,165.0,165.0,167.0,162.0,3162,stock
2012-08-26,ADBL,165.0,173.0,174.0,165.0,10162,stock
2012-08-27,ADBL,173.0,175.0,177.0,174.0,3340,stock
2012-08-28,ADBL,175.0,177.0,180.0,173.0,7405,stock
2012-08-29,ADBL,177.0,176.0,176.0,173.0,6758,stock
2012-08-30,ADBL,176.0,171.0,173.0,170.0,1905,stock
2012-09-02,ADBL,171.0,171.0,172.0,170.0,2866,stock
2012-09-03,ADBL,171.0,171.0,175.0,171.0,4178,stock
2012-09-04,ADBL,171.0,170.0,170.0,168.0,5642,stock
2012-09-05,ADBL,170.0,170.0,172.0,170.0,2370,stock
2012-09-06,ADBL,170.0,170.0,171.0,170.0,7102,stock
2012-09-09,ADBL,170.0,171.0,172.0,170.0,5013,stock
2012-09-10,ADBL,171.0,172.0,172.0,166.0,5097,stock
2012-09-11,ADBL,172.0,172.0,172.0,170.0,1662,stock
2012-09-12,ADBL,172.0,171.0,172.0,171.0,3222,stock
2012-09-13,ADBL,171.0,173.0,173.0,171.0,2968,stock
2012-09-16,ADBL,173.0,175.0,175.0,172.0,3274,stock
2012-09-17,ADBL,175.0,177.0,177.0,173.0,3239,stock
2012-09-18,ADBL,177.0,180.0,183.0,175.0,2338,stock
2012-09-19,ADBL,180.0,182.0,182.0,177.0,10568,stock
2012-09-20,ADBL,182.0,180.0,181.0,179.0,8013,stock
2012-09-23,ADBL,180.0,180.0,182.0,177.0,7991,stock
2012-09-24,ADBL,180.0,177.0,180.0,177.0,160,stock
2012-09-25,ADBL,177.0,175.0,176.0,172.0,4295,stock
2012-09-26,ADBL,175.0,177.0,177.0,172.0,6587,stock
2012-09-27,ADBL,177.0,174.0,174.0,173.0,1695,stock
2012-09-30,ADBL,174.0,175.0,175.0,173.0,5747,stock
2012-10-01,ADBL,175.0,175.0,176.0,173.0,4962,stock
2012-10-02,ADBL,175.0,175.0,176.0,175.0,2888,stock
2012-10-03,ADBL,175.0,176.0,176.0,172.0,2684,stock
2012-10-04,ADBL,176.0,175.0,177.0,175.0,2620,stock
2012-10-07,ADBL,175.0,175.0,178.0,175.0,3211,stock
2012-10-08,ADBL,175.0,175.0,176.0,175.0,3157,stock
2012-10-09,ADBL,175.0,175.0,176.0,175.0,5229,stock
2012-10-10,ADBL,175.0,176.0,181.0,175.0,3367,stock
2012-10-11,ADBL,176.0,175.0,177.0,175.0,7164,stock
2012-10-14,ADBL,175.0,177.0,178.0,175.0,3698,stock
2012-10-15,ADBL,177.0,176.0,177.0,175.0,2449,stock
2012-10-17,ADBL,176.0,178.0,178.0,178.0,517,stock
2012-10-18,ADBL,178.0,178.0,179.0,176.0,1405,stock
2012-10-30,ADBL,178.0,183.0,183.0,176.0,1294,stock
2012-10-31,ADBL,183.0,182.0,189.0,180.0,2858,stock
2012-11-01,ADBL,182.0,182.0,182.0,180.0,2402,stock
2012-11-04,ADBL,182.0,186.0,190.0,179.0,3923,stock
2012-11-05,ADBL,186.0,188.0,191.0,180.0,2610,stock
2012-11-06,ADBL,188.0,188.0,190.0,187.0,3708,stock
2012-11-07,ADBL,188.0,195.0,199.0,184.0,4246,stock
2012-11-08,ADBL,195.0,194.0,201.0,194.0,3508,stock
2012-11-11,ADBL,194.0,194.0,200.0,191.0,2797,stock
2012-11-12,ADBL,194.0,196.0,196.0,192.0,3161,stock
2012-11-18,ADBL,196.0,202.0,209.0,195.0,4897,stock
2012-11-20,ADBL,202.0,204.0,210.0,199.0,3585,stock
2012-11-21,ADBL,204.0,205.0,208.0,200.0,7505,stock
2012-11-22,ADBL,205.0,205.0,206.0,200.0,12951,stock
2012-11-25,ADBL,205.0,211.0,216.0,206.0,7730,stock
2012-11-26,ADBL,211.0,208.0,209.0,203.0,59247,stock
2012-11-27,ADBL,208.0,203.0,209.0,203.0,3234,stock
2012-11-28,ADBL,203.0,208.0,211.0,200.0,5510,stock
2012-11-29,ADBL,208.0,207.0,208.0,206.0,2261,stock
2012-12-02,ADBL,207.0,201.0,207.0,200.0,4800,stock
2012-12-03,ADBL,201.0,203.0,206.0,200.0,4633,stock
2012-12-04,ADBL,203.0,204.0,210.0,203.0,3519,stock
2012-12-05,ADBL,204.0,208.0,212.0,205.0,5953,stock
2012-12-06,ADBL,208.0,206.0,208.0,206.0,1830,stock
2012-12-09,ADBL,206.0,204.0,205.0,200.0,5198,stock
2012-12-10,ADBL,204.0,201.0,202.0,200.0,4919,stock
2012-12-11,ADBL,201.0,205.0,205.0,201.0,3414,stock
2012-12-13,ADBL,205.0,208.0,208.0,204.0,3290,stock
2012-12-16,ADBL,208.0,215.0,224.0,207.0,5244,stock
2012-12-17,ADBL,215.0,218.0,220.0,215.0,6656,stock
2012-12-18,ADBL,218.0,215.0,216.0,203.0,5273,stock
2012-12-19,ADBL,215.0,216.0,218.0,211.0,8116,stock
2012-12-20,ADBL,216.0,209.0,218.0,209.0,5727,stock
2012-12-23,ADBL,209.0,213.0,217.0,205.0,7171,stock
2012-12-24,ADBL,213.0,228.0,230.0,213.0,3500,stock
2012-12-26,ADBL,228.0,238.0,240.0,228.0,6219,stock
2012-12-27,ADBL,238.0,250.0,255.0,231.0,4877,stock
2012-12-31,ADBL,250.0,240.0,249.0,233.0,14630,stock
2013-01-01,ADBL,240.0,238.0,241.0,233.0,7961,stock
2013-01-02,ADBL,238.0,242.0,242.0,233.0,5628,stock
2013-01-03,ADBL,242.0,246.0,250.0,235.0,10342,stock
2013-01-06,ADBL,246.0,241.0,245.0,238.0,6384,stock
2013-01-07,ADBL,241.0,241.0,241.0,237.0,6744,stock
2013-01-08,ADBL,241.0,239.0,244.0,234.0,7156,stock
2013-01-09,ADBL,239.0,238.0,240.0,233.0,3658,stock
2013-01-10,ADBL,238.0,243.0,243.0,234.0,3936,stock
2013-01-13,ADBL,243.0,240.0,241.0,235.0,5314,stock
2013-01-15,ADBL,240.0,264.0,264.0,240.0,14770,stock
2013-01-16,ADBL,264.0,270.0,287.0,252.0,19323,stock
2013-01-17,ADBL,270.0,254.0,271.0,250.0,5818,stock
2013-01-20,ADBL,254.0,247.0,251.0,242.0,2655,stock
2013-01-21,ADBL,247.0,251.0,255.0,244.0,6088,stock
2013-01-22,ADBL,251.0,261.0,265.0,250.0,7109,stock
2013-01-23,ADBL,261.0,260.0,262.0,257.0,4532,stock
2013-01-24,ADBL,260.0,252.0,260.0,252.0,4722,stock
2013-01-27,ADBL,252.0,250.0,253.0,241.0,3268,stock
2013-01-28,ADBL,250.0,243.0,249.0,242.0,6464,stock
2013-01-30,ADBL,243.0,242.0,243.0,240.0,5603,stock
2013-01-31,ADBL,242.0,236.0,246.0,233.0,2997,stock
2013-02-03,ADBL,236.0,241.0,248.0,236.0,4519,stock
2013-02-04,ADBL,241.0,242.0,242.0,236.0,2909,stock
2013-02-05,ADBL,242.0,242.0,243.0,240.0,2382,stock
2013-02-06,ADBL,242.0,238.0,242.0,236.0,2204,stock
2013-02-07,ADBL,238.0,240.0,240.0,237.0,2011,stock
2013-02-10,ADBL,240.0,244.0,244.0,238.0,4273,stock
2013-02-12,ADBL,244.0,250.0,255.0,244.0,1951,stock
2013-02-13,ADBL,250.0,245.0,255.0,242.0,1862,stock
2013-02-14,ADBL,245.0,251.0,253.0,245.0,4871,stock
2013-02-17,ADBL,251.0,276.0,276.0,256.0,450,stock
2013-02-19,ADBL,276.0,260.0,281.0,257.0,6905,stock
2013-02-20,ADBL,260.0,250.0,255.0,250.0,5135,stock
2013-02-21,ADBL,250.0,250.0,255.0,244.0,3237,stock
2013-02-24,ADBL,250.0,250.0,251.0,244.0,2131,stock
2013-02-25,ADBL,250.0,255.0,255.0,246.0,2352,stock
2013-02-26,ADBL,255.0,250.0,260.0,245.0,2202,stock
2013-02-27,ADBL,250.0,250.0,250.0,245.0,3682,stock
2013-02-28,ADBL,250.0,250.0,252.0,249.0,9283,stock
2013-03-03,ADBL,250.0,250.0,255.0,248.0,7283,stock
2013-03-04,ADBL,250.0,250.0,255.0,250.0,2021,stock
2013-03-05,ADBL,250.0,252.0,254.0,249.0,1333,stock
2013-03-06,ADBL,252.0,256.0,257.0,250.0,5661,stock
2013-03-07,ADBL,256.0,260.0,266.0,252.0,8671,stock
2013-03-11,ADBL,260.0,260.0,263.0,257.0,5405,stock
2013-03-13,ADBL,260.0,270.0,275.0,259.0,5687,stock
2013-03-14,ADBL,270.0,265.0,275.0,262.0,9300,stock
2013-03-17,ADBL,265.0,260.0,265.0,255.0,5629,stock
2013-03-18,ADBL,260.0,256.0,257.0,252.0,4336,stock
2013-03-19,ADBL,256.0,260.0,261.0,255.0,5473,stock
2013-03-20,ADBL,260.0,253.0,256.0,252.0,1903,stock
2013-03-21,ADBL,253.0,250.0,252.0,245.0,3174,stock
2013-03-24,ADBL,250.0,245.0,247.0,242.0,2999,stock
2013-03-25,ADBL,245.0,248.0,250.0,241.0,3862,stock
2013-03-27,ADBL,248.0,247.0,249.0,245.0,2307,stock
2013-03-28,ADBL,247.0,246.0,248.0,243.0,3297,stock
2013-03-31,ADBL,246.0,240.0,246.0,238.0,7670,stock
2013-04-01,ADBL,240.0,242.0,245.0,235.0,6103,stock
2013-04-02,ADBL,242.0,246.0,246.0,241.0,5576,stock
2013-04-03,ADBL,246.0,245.0,250.0,245.0,3462,stock
2013-04-04,ADBL,245.0,244.0,245.0,242.0,1588,stock
2013-04-07,ADBL,244.0,246.0,246.0,244.0,2378,stock
2013-04-08,ADBL,246.0,244.0,248.0,244.0,1805,stock
2013-04-09,ADBL,244.0,245.0,247.0,243.0,2150,stock
2013-04-11,ADBL,245.0,245.0,247.0,245.0,2923,stock
2013-04-15,ADBL,245.0,241.0,245.0,240.0,1467,stock
2013-04-16,ADBL,241.0,241.0,244.0,240.0,2711,stock
2013-04-17,ADBL,241.0,243.0,246.0,238.0,2336,stock
2013-04-18,ADBL,243.0,240.0,243.0,240.0,2324,stock
2013-04-21,ADBL,240.0,235.0,238.0,235.0,3138,stock
2013-04-22,ADBL,235.0,235.0,235.0,227.0,3428,stock
2013-04-23,ADBL,235.0,238.0,239.0,235.0,2531,stock
2013-04-25,ADBL,238.0,230.0,234.0,225.0,1360,stock
2013-04-28,ADBL,230.0,226.0,229.0,226.0,1623,stock
2013-04-29,ADBL,226.0,227.0,232.0,226.0,2263,stock
2013-04-30,ADBL,227.0,230.0,230.0,225.0,3425,stock
2013-05-02,ADBL,230.0,221.0,230.0,218.0,2410,stock
2013-05-05,ADBL,221.0,211.0,227.0,211.0,2917,stock
2013-05-06,ADBL,211.0,203.0,207.0,201.0,2272,stock
2013-05-07,ADBL,203.0,215.0,218.0,203.0,1989,stock
2013-05-08,ADBL,215.0,215.0,217.0,212.0,1152,stock
2013-05-09,ADBL,215.0,210.0,212.0,207.0,480,stock
2013-05-12,ADBL,210.0,216.0,220.0,210.0,2755,stock
2013-05-13,ADBL,216.0,221.0,221.0,217.0,1666,stock
2013-05-14,ADBL,221.0,222.0,223.0,219.0,2285,stock
2013-05-15,ADBL,222.0,234.0,234.0,220.0,1507,stock
2013-05-16,ADBL,234.0,232.0,232.0,230.0,862,stock
2013-05-19,ADBL,232.0,222.0,228.0,222.0,1205,stock
2013-05-20,ADBL,222.0,223.0,226.0,218.0,1461,stock
2013-05-21,ADBL,223.0,235.0,239.0,225.0,8468,stock
2013-05-22,ADBL,235.0,232.0,239.0,230.0,2936,stock
2013-05-23,ADBL,232.0,218.0,228.0,218.0,2170,stock
2013-05-26,ADBL,218.0,221.0,224.0,217.0,2433,stock
2013-05-27,ADBL,221.0,225.0,228.0,220.0,1307,stock
2013-05-28,ADBL,225.0,225.0,231.0,222.0,1841,stock
2013-05-30,ADBL,225.0,226.0,228.0,224.0,3965,stock
2013-06-02,ADBL,226.0,223.0,230.0,222.0,2959,stock
2013-06-03,ADBL,223.0,225.0,225.0,222.0,2001,stock
2013-06-04,ADBL,225.0,225.0,230.0,224.0,5887,stock
2013-06-05,ADBL,225.0,225.0,226.0,223.0,3773,stock
2013-06-06,ADBL,225.0,221.0,229.0,220.0,5457,stock
2013-06-09,ADBL,221.0,220.0,223.0,218.0,1275,stock
2013-06-10,ADBL,220.0,215.0,221.0,214.0,1674,stock
2013-06-11,ADBL,215.0,213.0,217.0,213.0,4959,stock
2013-06-12,ADBL,213.0,213.0,215.0,209.0,938,stock
2013-06-13,ADBL,213.0,206.0,210.0,205.0,2734,stock
2013-06-16,ADBL,206.0,205.0,214.0,205.0,3116,stock
2013-06-17,ADBL,205.0,206.0,206.0,201.0,3177,stock
2013-06-18,ADBL,206.0,203.0,205.0,202.0,3775,stock
2013-06-19,ADBL,203.0,204.0,204.0,200.0,2193,stock
2013-06-20,ADBL,204.0,202.0,204.0,200.0,2914,stock
2013-06-23,ADBL,202.0,202.0,205.0,200.0,3944,stock
2013-06-24,ADBL,202.0,204.0,204.0,200.0,2863,stock
2013-06-25,ADBL,204.0,212.0,212.0,201.0,1591,stock
2013-06-26,ADBL,212.0,210.0,214.0,209.0,2267,stock
2013-06-27,ADBL,210.0,204.0,209.0,202.0,2462,stock
2013-06-30,ADBL,204.0,204.0,204.0,200.0,4074,stock
2013-07-01,ADBL,204.0,204.0,204.0,201.0,8440,stock
2013-07-02,ADBL,204.0,214.0,214.0,202.0,6663,stock
2013-07-03,ADBL,214.0,217.0,223.0,214.0,8503,stock
2013-07-04,ADBL,217.0,216.0,218.0,212.0,2654,stock
2013-07-07,ADBL,216.0,212.0,213.0,208.0,1944,stock
2013-07-08,ADBL,212.0,213.0,213.0,210.0,1314,stock
2013-07-09,ADBL,213.0,216.0,216.0,212.0,4180,stock
2013-07-10,ADBL,216.0,215.0,217.0,215.0,906,stock
2013-07-11,ADBL,215.0,211.0,217.0,210.0,1952,stock
2013-07-14,ADBL,211.0,213.0,213.0,211.0,849,stock
2013-07-15,ADBL,213.0,212.0,216.0,211.0,520,stock
2013-07-16,ADBL,212.0,212.0,213.0,208.0,1405,stock
2013-07-17,ADBL,212.0,218.0,218.0,209.0,833,stock
2013-07-18,ADBL,218.0,215.0,218.0,211.0,3565,stock
2013-07-21,ADBL,215.0,220.0,222.0,211.0,1576,stock
2013-07-22,ADBL,220.0,219.0,219.0,213.0,3960,stock
2013-07-23,ADBL,219.0,220.0,220.0,215.0,2380,stock
2013-07-24,ADBL,220.0,220.0,220.0,216.0,3875,stock
2013-07-25,ADBL,220.0,220.0,221.0,217.0,6133,stock
2013-07-28,ADBL,220.0,219.0,220.0,217.0,2271,stock
2013-07-29,ADBL,219.0,220.0,222.0,218.0,6445,stock
2013-07-30,ADBL,220.0,222.0,226.0,213.0,4366,stock
2013-07-31,ADBL,222.0,227.0,239.0,220.0,5674,stock
2013-08-01,ADBL,227.0,233.0,234.0,228.0,3874,stock
2013-08-04,ADBL,233.0,235.0,239.0,230.0,6786,stock
2013-08-05,ADBL,235.0,244.0,244.0,230.0,16970,stock
2013-08-06,ADBL,244.0,240.0,244.0,232.0,8059,stock
2013-08-07,ADBL,240.0,250.0,255.0,239.0,14766,stock
2013-08-08,ADBL,250.0,256.0,256.0,247.0,10429,stock
2013-08-11,ADBL,256.0,258.0,260.0,246.0,6243,stock
2013-08-12,ADBL,258.0,258.0,258.0,254.0,5404,stock
2013-08-13,ADBL,258.0,255.0,260.0,255.0,12121,stock
2013-08-14,ADBL,255.0,265.0,275.0,255.0,22278,stock
2013-08-15,ADBL,265.0,274.0,275.0,262.0,17518,stock
2013-08-18,ADBL,274.0,289.0,293.0,271.0,8762,stock
2013-08-19,ADBL,289.0,295.0,299.0,284.0,13094,stock
2013-08-20,ADBL,295.0,290.0,295.0,285.0,14268,stock
2013-08-25,ADBL,290.0,275.0,290.0,271.0,9229,stock
2013-08-26,ADBL,275.0,265.0,280.0,265.0,10512,stock
2013-08-27,ADBL,265.0,269.0,273.0,266.0,5993,stock
2013-08-29,ADBL,269.0,270.0,275.0,261.0,10781,stock
2013-09-01,ADBL,270.0,273.0,278.0,266.0,10315,stock
2013-09-02,ADBL,273.0,273.0,273.0,269.0,4607,stock
2013-09-03,ADBL,273.0,270.0,273.0,265.0,9705,stock
2013-09-04,ADBL,270.0,268.0,274.0,265.0,5881,stock
2013-09-05,ADBL,268.0,270.0,270.0,263.0,4619,stock
2013-09-08,ADBL,270.0,268.0,270.0,266.0,1430,stock
2013-09-09,ADBL,268.0,265.0,268.0,260.0,3761,stock
2013-09-10,ADBL,265.0,260.0,263.0,256.0,3506,stock
2013-09-11,ADBL,260.0,256.0,260.0,255.0,3560,stock
2013-09-12,ADBL,256.0,256.0,259.0,255.0,2297,stock
2013-09-15,ADBL,256.0,251.0,255.0,247.0,1705,stock
2013-09-16,ADBL,251.0,243.0,249.0,240.0,3105,stock
2013-09-17,ADBL,243.0,249.0,250.0,239.0,4190,stock
2013-09-19,ADBL,249.0,251.0,253.0,242.0,7230,stock
2013-09-22,ADBL,251.0,248.0,250.0,243.0,3598,stock
2013-09-23,ADBL,248.0,256.0,256.0,240.0,4366,stock
2013-09-24,ADBL,256.0,255.0,260.0,249.0,3569,stock
2013-09-25,ADBL,255.0,252.0,260.0,250.0,2342,stock
2013-09-26,ADBL,252.0,250.0,255.0,248.0,2947,stock
2013-09-29,ADBL,250.0,250.0,254.0,248.0,5593,stock
2013-09-30,ADBL,250.0,253.0,255.0,251.0,4048,stock
2013-10-01,ADBL,253.0,257.0,258.0,250.0,6780,stock
2013-10-02,ADBL,257.0,265.0,265.0,255.0,4507,stock
2013-10-03,ADBL,265.0,261.0,268.0,255.0,5989,stock
2013-10-06,ADBL,261.0,268.0,271.0,260.0,6298,stock
2013-10-07,ADBL,268.0,268.0,272.0,265.0,6554,stock
2013-10-08,ADBL,268.0,272.0,275.0,270.0,5781,stock
2013-10-09,ADBL,272.0,274.0,280.0,268.0,10880,stock
2013-10-10,ADBL,274.0,287.0,287.0,274.0,9084,stock
2013-10-17,ADBL,287.0,281.0,293.0,280.0,3422,stock
2013-10-20,ADBL,281.0,288.0,292.0,272.0,12323,stock
2013-10-21,ADBL,288.0,281.0,286.0,281.0,5261,stock
2013-10-22,ADBL,281.0,280.0,284.0,276.0,2882,stock
2013-10-23,ADBL,280.0,279.0,279.0,275.0,6589,stock
2013-10-24,ADBL,279.0,271.0,277.0,266.0,8658,stock
2013-10-27,ADBL,271.0,270.0,270.0,265.0,6644,stock
2013-10-28,ADBL,270.0,266.0,269.0,260.0,7712,stock
2013-10-29,ADBL,266.0,268.0,270.0,266.0,5113,stock
2013-10-30,ADBL,268.0,270.0,271.0,263.0,3999,stock
2013-10-31,ADBL,270.0,271.0,275.0,270.0,4946,stock
2013-11-06,ADBL,271.0,270.0,270.0,266.0,3065,stock
2013-11-07,ADBL,270.0,270.0,272.0,265.0,2913,stock
2013-11-10,ADBL,270.0,265.0,268.0,265.0,3006,stock
2013-11-11,ADBL,265.0,270.0,271.0,263.0,2943,stock
2013-11-12,ADBL,270.0,282.0,288.0,270.0,2751,stock
2013-11-13,ADBL,282.0,285.0,290.0,281.0,13696,stock
2013-11-14,ADBL,285.0,290.0,290.0,280.0,7095,stock
2013-11-21,ADBL,290.0,306.0,306.0,295.0,1316,stock
2013-11-24,ADBL,306.0,324.0,336.0,315.0,21647,stock
2013-11-25,ADBL,324.0,314.0,326.0,305.0,13105,stock
2013-11-26,ADBL,314.0,321.0,329.0,308.0,28272,stock
2013-11-27,ADBL,321.0,340.0,342.0,321.0,36076,stock
2013-11-28,ADBL,340.0,342.0,342.0,334.0,21680,stock
2013-12-01,ADBL,342.0,376.0,376.0,341.0,23763,stock
2013-12-02,ADBL,376.0,405.0,412.0,360.0,20977,stock
2013-12-03,ADBL,405.0,400.0,404.0,389.0,19402,stock
2013-12-04,ADBL,400.0,402.0,425.0,392.0,12389,stock
2013-12-05,ADBL,402.0,400.0,428.0,385.0,21081,stock
2013-12-08,ADBL,400.0,395.0,401.0,390.0,16688,stock
2013-12-09,ADBL,395.0,396.0,405.0,383.0,26882,stock
2013-12-10,ADBL,396.0,400.0,405.0,391.0,28690,stock
2013-12-11,ADBL,400.0,410.0,412.0,393.0,18473,stock
2013-12-12,ADBL,410.0,406.0,420.0,404.0,17759,stock
2013-12-15,ADBL,406.0,446.0,446.0,405.0,20003,stock
2013-12-16,ADBL,446.0,490.0,490.0,444.0,20965,stock
2013-12-18,ADBL,490.0,485.0,518.0,485.0,29053,stock
2013-12-19,ADBL,485.0,493.0,500.0,475.0,39462,stock
2013-12-22,ADBL,493.0,480.0,490.0,464.0,19387,stock
2013-12-23,ADBL,480.0,469.0,475.0,456.0,33400,stock
2013-12-24,ADBL,469.0,469.0,484.0,451.0,30153,stock
2013-12-26,ADBL,469.0,471.0,499.0,460.0,15787,stock
2013-12-29,ADBL,471.0,465.0,475.0,450.0,22999,stock
2013-12-31,ADBL,465.0,460.0,468.0,455.0,25659,stock
2014-01-01,ADBL,460.0,439.0,455.0,432.0,15862,stock
2014-01-02,ADBL,439.0,462.0,462.0,416.0,28467,stock
2014-01-05,ADBL,462.0,468.0,475.0,441.0,65735,stock
2014-01-06,ADBL,468.0,470.0,474.0,452.0,25538,stock
2014-01-07,ADBL,470.0,473.0,473.0,460.0,22161,stock
2014-01-08,ADBL,473.0,491.0,497.0,470.0,38768,stock
2014-01-09,ADBL,491.0,484.0,490.0,471.0,20109,stock
2014-01-12,ADBL,484.0,486.0,497.0,482.0,24734,stock
2014-01-13,ADBL,486.0,494.0,494.0,480.0,19617,stock
2014-01-14,ADBL,494.0,501.0,501.0,489.0,32504,stock
2014-01-16,ADBL,501.0,490.0,499.0,481.0,19341,stock
2014-01-19,ADBL,490.0,495.0,495.0,473.0,29053,stock
2014-01-20,ADBL,495.0,500.0,519.0,490.0,81646,stock
2014-01-21,ADBL,500.0,488.0,499.0,485.0,11260,stock
2014-01-22,ADBL,488.0,478.0,487.0,472.0,13817,stock
2014-01-23,ADBL,478.0,480.0,484.0,469.0,13779,stock
2014-01-26,ADBL,480.0,503.0,522.0,480.0,40298,stock
2014-01-27,ADBL,503.0,490.0,504.0,486.0,9937,stock
2014-01-28,ADBL,490.0,499.0,500.0,476.0,26031,stock
2014-01-29,ADBL,499.0,503.0,508.0,495.0,29804,stock
2014-02-02,ADBL,503.0,490.0,500.0,485.0,8622,stock
2014-02-03,ADBL,490.0,499.0,499.0,475.0,16945,stock
2014-02-04,ADBL,499.0,499.0,499.0,481.0,14068,stock
2014-02-05,ADBL,499.0,492.0,492.0,484.0,8624,stock
2014-02-06,ADBL,492.0,497.0,501.0,490.0,18213,stock
2014-02-09,ADBL,497.0,500.0,501.0,488.0,31751,stock
2014-02-10,ADBL,500.0,520.0,550.0,515.0,52878,stock
2014-02-11,ADBL,520.0,518.0,521.0,510.0,29068,stock
2014-02-12,ADBL,518.0,515.0,515.0,500.0,10260,stock
2014-02-13,ADBL,515.0,509.0,518.0,504.0,14908,stock
2014-02-16,ADBL,509.0,500.0,507.0,490.0,12363,stock
2014-02-17,ADBL,500.0,497.0,503.0,490.0,10000,stock
2014-02-18,ADBL,497.0,500.0,502.0,490.0,14557,stock
2014-02-20,ADBL,500.0,506.0,510.0,493.0,12477,stock
2014-02-23,ADBL,506.0,510.0,520.0,502.0,16883,stock
2014-02-24,ADBL,510.0,510.0,521.0,506.0,10633,stock
2014-02-25,ADBL,510.0,510.0,510.0,492.0,8159,stock
2014-02-26,ADBL,510.0,507.0,510.0,490.0,11856,stock
2014-03-03,ADBL,507.0,500.0,500.0,482.0,11330,stock
2014-03-04,ADBL,500.0,490.0,494.0,475.0,12645,stock
2014-03-05,ADBL,490.0,491.0,495.0,485.0,13670,stock
2014-03-06,ADBL,491.0,485.0,492.0,480.0,8096,stock
2014-03-09,ADBL,485.0,477.0,485.0,476.0,12131,stock
2014-03-10,ADBL,477.0,480.0,480.0,467.0,11578,stock
2014-03-11,ADBL,480.0,466.0,473.0,466.0,5775,stock
2014-03-12,ADBL,466.0,468.0,468.0,456.0,5270,stock
2014-03-13,ADBL,468.0,470.0,471.0,458.0,6624,stock
2014-03-17,ADBL,470.0,460.0,465.0,456.0,5748,stock
2014-03-18,ADBL,460.0,455.0,457.0,443.0,9587,stock
2014-03-19,ADBL,455.0,480.0,480.0,446.0,10946,stock
2014-03-20,ADBL,480.0,466.0,478.0,466.0,8516,stock
2014-03-23,ADBL,466.0,483.0,483.0,458.0,8169,stock
2014-03-24,ADBL,483.0,507.0,510.0,475.0,21201,stock
2014-03-25,ADBL,507.0,490.0,500.0,475.0,29739,stock
2014-03-26,ADBL,490.0,528.0,528.0,490.0,60736,stock
2014-03-27,ADBL,528.0,499.0,538.0,490.0,20209,stock
2014-03-31,ADBL,499.0,490.0,492.0,480.0,5218,stock
2014-04-01,ADBL,490.0,494.0,494.0,487.0,3932,stock
2014-04-02,ADBL,494.0,489.0,494.0,485.0,11115,stock
2014-04-03,ADBL,489.0,484.0,490.0,480.0,3927,stock
2014-04-06,ADBL,484.0,481.0,490.0,480.0,8848,stock
2014-04-07,ADBL,481.0,480.0,483.0,473.0,5197,stock
2014-04-09,ADBL,480.0,479.0,479.0,474.0,5534,stock
2014-04-10,ADBL,479.0,480.0,483.0,480.0,3389,stock
2014-04-13,ADBL,480.0,485.0,485.0,475.0,5766,stock
2014-04-15,ADBL,485.0,477.0,480.0,475.0,8445,stock
2014-04-16,ADBL,477.0,478.0,478.0,472.0,5706,stock
2014-04-17,ADBL,478.0,476.0,479.0,472.0,11560,stock
2014-04-20,ADBL,476.0,470.0,476.0,465.0,7619,stock
2014-04-21,ADBL,470.0,467.0,471.0,462.0,4512,stock
2014-04-22,ADBL,467.0,484.0,484.0,464.0,3658,stock
2014-04-23,ADBL,484.0,480.0,484.0,475.0,6040,stock
2014-04-27,ADBL,480.0,486.0,495.0,479.0,19082,stock
2014-04-28,ADBL,486.0,482.0,485.0,477.0,17521,stock
2014-04-29,ADBL,482.0,465.0,485.0,465.0,17504,stock
2014-04-30,ADBL,465.0,484.0,490.0,460.0,38545,stock
2014-05-04,ADBL,484.0,485.0,485.0,485.0,146,stock
2014-05-06,ADBL,485.0,480.0,480.0,458.0,5111,stock
2014-05-07,ADBL,480.0,465.0,485.0,465.0,3621,stock
2014-05-08,ADBL,465.0,462.0,465.0,451.0,3062,stock
2014-05-11,ADBL,462.0,451.0,462.0,446.0,2232,stock
2014-05-12,ADBL,451.0,447.0,453.0,442.0,6393,stock
2014-05-13,ADBL,447.0,452.0,460.0,440.0,3367,stock
2014-05-15,ADBL,452.0,450.0,453.0,446.0,1498,stock
2014-05-18,ADBL,450.0,438.0,449.0,433.0,2406,stock
2014-05-19,ADBL,438.0,441.0,445.0,435.0,3738,stock
2014-05-20,ADBL,441.0,440.0,442.0,436.0,1380,stock
2014-05-21,ADBL,440.0,439.0,442.0,436.0,1436,stock
2014-05-22,ADBL,439.0,441.0,445.0,437.0,3420,stock
2014-05-25,ADBL,441.0,440.0,451.0,440.0,1964,stock
2014-05-26,ADBL,440.0,439.0,448.0,436.0,2068,stock
2014-05-27,ADBL,439.0,442.0,443.0,438.0,2651,stock
2014-05-28,ADBL,442.0,455.0,459.0,441.0,3465,stock
2014-06-01,ADBL,455.0,449.0,454.0,442.0,3419,stock
2014-06-02,ADBL,449.0,460.0,460.0,441.0,5675,stock
2014-06-03,ADBL,460.0,465.0,483.0,455.0,3237,stock
2014-06-04,ADBL,465.0,450.0,456.0,450.0,4933,stock
2014-06-05,ADBL,450.0,451.0,455.0,441.0,1460,stock
2014-06-08,ADBL,451.0,445.0,452.0,442.0,4810,stock
2014-06-09,ADBL,445.0,442.0,447.0,442.0,3135,stock
2014-06-10,ADBL,442.0,451.0,460.0,440.0,6762,stock
2014-06-11,ADBL,451.0,459.0,472.0,442.0,7845,stock
2014-06-12,ADBL,459.0,456.0,468.0,450.0,5318,stock
2014-06-15,ADBL,456.0,498.0,498.0,456.0,21646,stock
2014-06-16,ADBL,498.0,504.0,511.0,485.0,17798,stock
2014-06-17,ADBL,504.0,504.0,511.0,485.0,13316,stock
2014-06-18,ADBL,504.0,500.0,506.0,498.0,5595,stock
2014-06-19,ADBL,500.0,497.0,500.0,495.0,4887,stock
2014-06-23,ADBL,497.0,492.0,499.0,490.0,2822,stock
2014-06-24,ADBL,492.0,486.0,493.0,473.0,4915,stock
2014-06-25,ADBL,486.0,490.0,495.0,481.0,5342,stock
2014-06-26,ADBL,490.0,490.0,495.0,486.0,2294,stock
2014-06-29,ADBL,490.0,535.0,535.0,494.0,6659,stock
2014-06-30,ADBL,535.0,535.0,539.0,510.0,17816,stock
2014-07-01,ADBL,535.0,530.0,536.0,515.0,16496,stock
2014-07-02,ADBL,530.0,526.0,532.0,520.0,8711,stock
2014-07-03,ADBL,526.0,540.0,540.0,511.0,10454,stock
2014-07-06,ADBL,540.0,550.0,550.0,535.0,10936,stock
2014-07-07,ADBL,550.0,571.0,571.0,540.0,23528,stock
2014-07-08,ADBL,571.0,628.0,628.0,575.0,75326,stock
2014-07-09,ADBL,628.0,660.0,690.0,630.0,64933,stock
2014-07-10,ADBL,660.0,677.0,690.0,645.0,53832,stock
2014-07-13,ADBL,677.0,698.0,739.0,677.0,41709,stock
2014-07-14,ADBL,698.0,690.0,725.0,687.0,41992,stock
2014-07-15,ADBL,690.0,690.0,693.0,680.0,13822,stock
2014-07-16,ADBL,690.0,756.0,756.0,682.0,15232,stock
2014-07-17,ADBL,756.0,729.0,742.0,700.0,20796,stock
2014-07-20,ADBL,729.0,726.0,770.0,715.0,17347,stock
2014-07-21,ADBL,726.0,740.0,740.0,700.0,23797,stock
2014-07-22,ADBL,740.0,715.0,729.0,700.0,26067,stock
2014-07-23,ADBL,715.0,710.0,711.0,698.0,19797,stock
2014-07-24,ADBL,710.0,703.0,709.0,694.0,18897,stock
2014-07-27,ADBL,703.0,699.0,700.0,690.0,19175,stock
2014-07-28,ADBL,699.0,695.0,696.0,686.0,11965,stock
2014-07-30,ADBL,695.0,680.0,700.0,670.0,18615,stock
2014-07-31,ADBL,680.0,671.0,685.0,666.0,17974,stock
2014-08-03,ADBL,671.0,659.0,662.0,650.0,14283,stock
2014-08-04,ADBL,659.0,650.0,656.0,641.0,16927,stock
2014-08-05,ADBL,650.0,657.0,670.0,648.0,19507,stock
2014-08-06,ADBL,657.0,650.0,660.0,649.0,19442,stock
2014-08-07,ADBL,650.0,655.0,668.0,635.0,27587,stock
2014-08-12,ADBL,655.0,645.0,649.0,630.0,7449,stock
2014-08-13,ADBL,645.0,660.0,660.0,633.0,13102,stock
2014-08-14,ADBL,660.0,657.0,670.0,647.0,15244,stock
2014-08-18,ADBL,657.0,612.0,644.0,595.0,37244,stock
2014-08-19,ADBL,612.0,610.0,620.0,596.0,17808,stock
2014-08-20,ADBL,610.0,605.0,610.0,588.0,19673,stock
2014-08-21,ADBL,605.0,600.0,609.0,580.0,12597,stock
2014-08-24,ADBL,600.0,600.0,607.0,586.0,12176,stock
2014-08-25,ADBL,600.0,559.0,588.0,548.0,13049,stock
2014-08-26,ADBL,559.0,532.0,590.0,527.0,13423,stock
2014-08-27,ADBL,532.0,559.0,585.0,540.0,13712,stock
2014-08-28,ADBL,559.0,555.0,581.0,555.0,9333,stock
2014-08-31,ADBL,555.0,544.0,555.0,529.0,7186,stock
2014-09-01,ADBL,544.0,540.0,540.0,524.0,8096,stock
2014-09-03,ADBL,540.0,534.0,550.0,531.0,6177,stock
2014-09-04,ADBL,534.0,516.0,528.0,514.0,13269,stock
2014-09-07,ADBL,516.0,477.0,513.0,477.0,8707,stock
2014-09-09,ADBL,477.0,510.0,514.0,480.0,6261,stock
2014-09-10,ADBL,510.0,515.0,550.0,502.0,17200,stock
2014-09-11,ADBL,515.0,510.0,515.0,494.0,5116,stock
2014-09-14,ADBL,510.0,501.0,507.0,495.0,11790,stock
2014-09-15,ADBL,501.0,495.0,500.0,490.0,4559,stock
2014-09-16,ADBL,495.0,500.0,500.0,493.0,5664,stock
2014-09-17,ADBL,500.0,491.0,501.0,491.0,2141,stock
2014-09-18,ADBL,491.0,485.0,493.0,485.0,556,stock
2014-09-21,ADBL,500.0,473.0,491.0,472.0,4876,stock
2014-09-22,ADBL,473.0,463.0,478.0,450.0,4694,stock
2014-09-23,ADBL,463.0,509.0,509.0,472.0,1603,stock
2014-09-24,ADBL,509.0,533.0,555.0,509.0,27922,stock
2014-09-28,ADBL,533.0,533.0,535.0,520.0,5441,stock
2014-09-29,ADBL,533.0,549.0,549.0,526.0,2590,stock
2014-09-30,ADBL,549.0,522.0,545.0,522.0,4135,stock
2014-10-08,ADBL,522.0,520.0,520.0,507.0,1950,stock
2014-10-09,ADBL,520.0,515.0,520.0,514.0,4332,stock
2014-10-12,ADBL,515.0,499.0,519.0,494.0,3534,stock
2014-10-13,ADBL,499.0,496.0,501.0,490.0,6363,stock
2014-10-14,ADBL,496.0,500.0,505.0,496.0,2216,stock
2014-10-15,ADBL,500.0,508.0,510.0,500.0,3468,stock
2014-10-16,ADBL,508.0,512.0,515.0,500.0,2026,stock
2014-10-19,ADBL,512.0,524.0,524.0,495.0,2531,stock
2014-10-20,ADBL,524.0,512.0,515.0,504.0,1855,stock
2014-10-21,ADBL,512.0,506.0,517.0,506.0,1623,stock
2014-10-22,ADBL,506.0,505.0,514.0,495.0,2166,stock
2014-10-26,ADBL,505.0,501.0,501.0,495.0,318,stock
2014-10-27,ADBL,501.0,508.0,508.0,500.0,826,stock
2014-10-28,ADBL,508.0,503.0,507.0,496.0,3103,stock
2014-10-30,ADBL,503.0,496.0,502.0,496.0,3239,stock
2014-11-02,ADBL,496.0,487.0,488.0,484.0,3479,stock
2014-11-03,ADBL,487.0,478.0,490.0,476.0,2984,stock
2014-11-04,ADBL,478.0,480.0,480.0,461.0,4283,stock
2014-11-05,ADBL,480.0,490.0,493.0,477.0,3168,stock
2014-11-06,ADBL,490.0,486.0,490.0,481.0,4774,stock
2014-11-09,ADBL,486.0,470.0,482.0,470.0,4361,stock
2014-11-10,ADBL,470.0,469.0,471.0,459.0,7137,stock
2014-11-11,ADBL,469.0,470.0,470.0,443.0,2460,stock
2014-11-12,ADBL,470.0,470.0,477.0,462.0,3095,stock
2014-11-13,ADBL,470.0,463.0,479.0,455.0,5215,stock
2014-11-16,ADBL,463.0,455.0,463.0,455.0,2659,stock
2014-11-17,ADBL,455.0,430.0,453.0,430.0,5025,stock
2014-11-18,ADBL,430.0,448.0,449.0,415.0,5593,stock
2014-11-19,ADBL,448.0,457.0,466.0,440.0,1602,stock
2014-11-20,ADBL,457.0,457.0,460.0,449.0,3097,stock
2014-11-23,ADBL,457.0,480.0,485.0,457.0,5920,stock
2014-11-24,ADBL,480.0,465.0,475.0,461.0,1129,stock
2014-11-25,ADBL,465.0,457.0,465.0,457.0,71,stock
2014-11-30,ADBL,457.0,445.0,457.0,441.0,1452,stock
2014-12-01,ADBL,445.0,443.0,448.0,439.0,1733,stock
2014-12-02,ADBL,443.0,453.0,453.0,435.0,1108,stock
2014-12-03,ADBL,453.0,455.0,467.0,447.0,2153,stock
2014-12-04,ADBL,455.0,464.0,469.0,460.0,2277,stock
2014-12-07,ADBL,464.0,452.0,458.0,448.0,1718,stock
2014-12-08,ADBL,452.0,448.0,450.0,443.0,1290,stock
2014-12-09,ADBL,448.0,446.0,450.0,442.0,2366,stock
2014-12-10,ADBL,446.0,470.0,470.0,446.0,567,stock
2014-12-11,ADBL,470.0,469.0,479.0,457.0,4644,stock
2014-12-14,ADBL,469.0,490.0,493.0,474.0,3724,stock
2014-12-15,ADBL,490.0,497.0,505.0,481.0,4393,stock
2014-12-16,ADBL,497.0,492.0,494.0,470.0,5232,stock
2014-12-17,ADBL,492.0,485.0,488.0,479.0,3200,stock
2014-12-18,ADBL,485.0,480.0,480.0,465.0,2212,stock
2014-12-21,ADBL,480.0,464.0,475.0,461.0,3044,stock
2014-12-22,ADBL,464.0,473.0,473.0,452.0,4523,stock
2014-12-23,ADBL,473.0,467.0,470.0,447.0,2357,stock
2014-12-24,ADBL,467.0,470.0,470.0,458.0,3183,stock
2014-12-28,ADBL,470.0,484.0,484.0,470.0,3257,stock
2014-12-29,ADBL,484.0,475.0,484.0,466.0,2105,stock
2014-12-31,ADBL,475.0,476.0,490.0,464.0,2969,stock
2015-01-01,ADBL,476.0,479.0,485.0,470.0,2695,stock
2015-01-04,ADBL,479.0,478.0,481.0,474.0,1201,stock
2015-01-05,ADBL,478.0,487.0,487.0,471.0,1739,stock
2015-01-06,ADBL,487.0,475.0,480.0,466.0,3920,stock
2015-01-07,ADBL,475.0,476.0,476.0,467.0,3541,stock
2015-01-08,ADBL,476.0,473.0,480.0,472.0,2511,stock
2015-01-11,ADBL,473.0,484.0,484.0,465.0,3451,stock
2015-01-12,ADBL,484.0,473.0,479.0,468.0,3521,stock
2015-01-13,ADBL,473.0,475.0,475.0,466.0,1012,stock
2015-01-14,ADBL,475.0,484.0,489.0,467.0,11042,stock
2015-01-18,ADBL,484.0,475.0,485.0,473.0,5160,stock
2015-01-19,ADBL,475.0,487.0,499.0,480.0,7796,stock
2015-01-20,ADBL,487.0,478.0,489.0,474.0,10113,stock
2015-01-22,ADBL,478.0,473.0,477.0,470.0,1265,stock
2015-01-25,ADBL,473.0,475.0,483.0,466.0,2889,stock
2015-01-26,ADBL,475.0,481.0,484.0,470.0,5767,stock
2015-01-27,ADBL,481.0,503.0,510.0,478.0,13660,stock
2015-01-28,ADBL,503.0,509.0,513.0,498.0,15503,stock
2015-01-29,ADBL,509.0,500.0,512.0,495.0,10005,stock
2015-02-01,ADBL,500.0,493.0,496.0,491.0,4653,stock
2015-02-02,ADBL,493.0,487.0,494.0,485.0,3667,stock
2015-02-03,ADBL,487.0,483.0,490.0,472.0,2126,stock
2015-02-04,ADBL,483.0,480.0,485.0,475.0,1946,stock
2015-02-05,ADBL,480.0,473.0,489.0,471.0,2868,stock
2015-02-08,ADBL,473.0,475.0,476.0,471.0,2025,stock
2015-02-09,ADBL,475.0,479.0,484.0,470.0,6337,stock
2015-02-10,ADBL,479.0,475.0,475.0,463.0,3543,stock
2015-02-11,ADBL,475.0,476.0,480.0,470.0,3776,stock
2015-02-12,ADBL,476.0,482.0,485.0,475.0,5980,stock
2015-02-15,ADBL,482.0,477.0,482.0,476.0,1086,stock
2015-02-16,ADBL,477.0,479.0,479.0,472.0,4307,stock
2015-02-19,ADBL,479.0,474.0,479.0,472.0,2807,stock
2015-02-22,ADBL,474.0,464.0,472.0,464.0,3088,stock
2015-02-23,ADBL,464.0,464.0,465.0,456.0,3374,stock
2015-02-24,ADBL,464.0,465.0,465.0,460.0,3018,stock
2015-02-25,ADBL,465.0,470.0,471.0,459.0,2152,stock
2015-02-26,ADBL,470.0,470.0,470.0,460.0,1994,stock
2015-03-01,ADBL,475.0,480.0,480.0,470.0,1184,stock
2015-03-02,ADBL,480.0,480.0,495.0,475.0,1111,stock
2015-03-03,ADBL,480.0,483.0,484.0,471.0,1590,stock
2015-03-04,ADBL,483.0,478.0,492.0,476.0,2209,stock
2015-03-09,ADBL,478.0,497.0,504.0,485.0,8858,stock
2015-03-10,ADBL,497.0,481.0,490.0,472.0,1061,stock
2015-03-11,ADBL,481.0,477.0,485.0,477.0,1618,stock
2015-03-12,ADBL,477.0,475.0,490.0,470.0,1710,stock
2015-03-15,ADBL,475.0,475.0,480.0,471.0,2644,stock
2015-03-16,ADBL,475.0,471.0,475.0,467.0,1607,stock
2015-03-17,ADBL,471.0,471.0,473.0,467.0,731,stock
2015-03-18,ADBL,471.0,472.0,472.0,466.0,1901,stock
2015-03-19,ADBL,472.0,480.0,480.0,470.0,1882,stock
2015-03-22,ADBL,480.0,467.0,476.0,464.0,6630,stock
2015-03-23,ADBL,467.0,469.0,470.0,463.0,4993,stock
2015-03-24,ADBL,469.0,467.0,469.0,464.0,1251,stock
2015-03-25,ADBL,467.0,470.0,470.0,459.0,797,stock
2015-03-26,ADBL,470.0,476.0,476.0,463.0,966,stock
2015-03-29,ADBL,476.0,469.0,470.0,469.0,531,stock
2015-03-30,ADBL,469.0,459.0,469.0,451.0,3598,stock
2015-03-31,ADBL,459.0,461.0,465.0,458.0,1282,stock
2015-04-01,ADBL,461.0,464.0,464.0,454.0,2590,stock
2015-04-02,ADBL,464.0,465.0,465.0,455.0,3444,stock
2015-04-05,ADBL,465.0,455.0,471.0,452.0,1330,stock
2015-04-06,ADBL,455.0,450.0,460.0,446.0,3678,stock
2015-04-07,ADBL,450.0,450.0,451.0,446.0,2372,stock
2015-04-08,ADBL,450.0,458.0,464.0,449.0,2164,stock
2015-04-09,ADBL,458.0,471.0,471.0,451.0,7084,stock
2015-04-12,ADBL,471.0,479.0,482.0,468.0,4345,stock
2015-04-13,ADBL,479.0,472.0,472.0,461.0,4158,stock
2015-04-15,ADBL,472.0,474.0,475.0,455.0,13284,stock
2015-04-16,ADBL,474.0,468.0,468.0,455.0,8979,stock
2015-04-19,ADBL,437.0,436.0,437.0,429.0,820,stock
2015-04-20,ADBL,436.0,436.0,439.0,434.0,1363,stock
2015-04-21,ADBL,436.0,439.0,439.0,431.0,1312,stock
2015-04-23,ADBL,440.0,432.0,434.0,430.0,1563,stock
2015-05-24,ADBL,432.0,392.0,424.0,392.0,90,stock
2015-05-25,ADBL,392.0,365.0,385.0,360.0,844,stock
2015-05-26,ADBL,365.0,397.0,397.0,370.0,1215,stock
2015-05-27,ADBL,397.0,376.0,390.0,376.0,230,stock
2015-05-28,ADBL,376.0,390.0,393.0,380.0,2330,stock
2015-05-31,ADBL,390.0,397.0,402.0,392.0,1141,stock
2015-06-01,ADBL,397.0,400.0,404.0,390.0,2353,stock
2015-06-02,ADBL,400.0,400.0,402.0,400.0,181,stock
2015-06-03,ADBL,400.0,432.0,432.0,402.0,1581,stock
2015-06-04,ADBL,432.0,420.0,440.0,420.0,2566,stock
2015-06-08,ADBL,430.0,430.0,438.0,425.0,1959,stock
2015-06-09,ADBL,430.0,448.0,463.0,438.0,3888,stock
2015-06-10,ADBL,448.0,438.0,440.0,432.0,880,stock
2015-06-11,ADBL,438.0,425.0,432.0,422.0,2209,stock
2015-06-14,ADBL,425.0,413.0,420.0,413.0,2431,stock
2015-06-15,ADBL,413.0,421.0,427.0,407.0,1505,stock
2015-06-16,ADBL,421.0,426.0,426.0,418.0,1298,stock
2015-06-17,ADBL,426.0,423.0,426.0,418.0,1700,stock
2015-06-18,ADBL,423.0,416.0,422.0,412.0,873,stock
2015-06-21,ADBL,416.0,415.0,416.0,413.0,1001,stock
2015-06-22,ADBL,410.0,415.0,420.0,410.0,1380,stock
2015-06-23,ADBL,415.0,420.0,423.0,415.0,7897,stock
2015-06-24,ADBL,420.0,414.0,425.0,414.0,1269,stock
2015-06-25,ADBL,417.0,419.0,420.0,417.0,833,stock
2015-06-28,ADBL,419.0,420.0,420.0,415.0,2180,stock
2015-06-29,ADBL,420.0,420.0,420.0,406.0,8930,stock
2015-06-30,ADBL,412.0,415.0,415.0,406.0,6613,stock
2015-07-01,ADBL,408.0,410.0,410.0,408.0,572,stock
2015-07-02,ADBL,404.0,405.0,408.0,403.0,4059,stock
2015-07-05,ADBL,408.0,417.0,419.0,408.0,1564,stock
2015-07-06,ADBL,417.0,404.0,417.0,403.0,330,stock
2015-07-07,ADBL,404.0,405.0,410.0,404.0,6448,stock
2015-07-08,ADBL,409.0,408.0,409.0,406.0,2073,stock
2015-07-09,ADBL,416.0,410.0,416.0,410.0,401,stock
2015-07-12,ADBL,409.0,411.0,412.0,405.0,5083,stock
2015-07-13,ADBL,410.0,409.0,410.0,409.0,1242,stock
2015-07-14,ADBL,406.0,410.0,414.0,406.0,3414,stock
2015-07-15,ADBL,410.0,415.0,418.0,408.0,2601,stock
2015-07-16,ADBL,415.0,432.0,432.0,416.0,391,stock
2015-07-22,ADBL,426.0,440.0,442.0,421.0,7356,stock
2015-07-23,ADBL,440.0,465.0,465.0,435.0,7731,stock
2015-07-26,ADBL,465.0,511.0,511.0,474.0,140,stock
2015-07-27,ADBL,511.0,498.0,521.0,476.0,8007,stock
2015-07-28,ADBL,498.0,480.0,489.0,480.0,682,stock
2015-07-29,ADBL,480.0,467.0,471.0,467.0,120,stock
2015-07-30,ADBL,467.0,450.0,465.0,450.0,3973,stock
2015-08-02,ADBL,450.0,446.0,449.0,445.0,558,stock
2015-08-03,ADBL,446.0,457.0,458.0,440.0,3667,stock
2015-08-04,ADBL,457.0,441.0,460.0,439.0,7651,stock
2015-08-05,ADBL,441.0,455.0,459.0,437.0,6489,stock
2015-08-06,ADBL,452.0,463.0,465.0,455.0,8242,stock
2015-08-09,ADBL,463.0,469.0,469.0,450.0,9306,stock
2015-08-10,ADBL,469.0,479.0,488.0,470.0,8260,stock
2015-08-11,ADBL,479.0,455.0,470.0,452.0,2244,stock
2015-08-12,ADBL,446.0,445.0,450.0,436.0,4305,stock
2015-08-13,ADBL,444.0,444.0,459.0,438.0,8463,stock
2015-08-16,ADBL,450.0,441.0,456.0,441.0,15570,stock
2015-08-17,ADBL,449.0,485.0,485.0,449.0,14033,stock
2015-08-18,ADBL,494.0,518.0,518.0,494.0,17564,stock
2015-08-19,ADBL,518.0,527.0,528.0,510.0,4816,stock
2015-08-20,ADBL,538.0,525.0,548.0,525.0,5070,stock
2015-08-23,ADBL,516.0,506.0,516.0,505.0,8354,stock
2015-08-24,ADBL,506.0,506.0,509.0,505.0,2386,stock
2015-08-25,ADBL,504.0,515.0,515.0,496.0,3076,stock
2015-08-26,ADBL,506.0,506.0,506.0,505.0,1300,stock
2015-08-27,ADBL,505.0,500.0,505.0,500.0,1382,stock
2015-08-31,ADBL,496.0,500.0,503.0,496.0,3126,stock
2015-09-01,ADBL,500.0,495.0,500.0,493.0,6425,stock
2015-09-02,ADBL,486.0,486.0,486.0,486.0,1000,stock
2015-09-03,ADBL,478.0,465.0,478.0,465.0,760,stock
2015-09-06,ADBL,474.0,480.0,485.0,474.0,1710,stock
2015-09-07,ADBL,489.0,495.0,497.0,475.0,2252,stock
2015-09-08,ADBL,496.0,488.0,496.0,488.0,651,stock
2015-09-09,ADBL,480.0,480.0,480.0,480.0,41,stock
2015-09-10,ADBL,472.0,479.0,489.0,472.0,7097,stock
2015-09-13,ADBL,480.0,500.0,500.0,480.0,9190,stock
2015-09-14,ADBL,510.0,500.0,511.0,492.0,4489,stock
2015-09-15,ADBL,510.0,495.0,505.0,486.0,1356,stock
2015-09-16,ADBL,490.0,487.0,490.0,486.0,1186,stock
2015-09-17,ADBL,488.0,480.0,488.0,475.0,5292,stock
2015-09-22,ADBL,471.0,456.0,471.0,456.0,9991,stock
2015-09-23,ADBL,465.0,465.0,474.0,460.0,9252,stock
2015-09-24,ADBL,456.0,460.0,461.0,456.0,956,stock
2015-09-28,ADBL,451.0,450.0,454.0,446.0,1581,stock
2015-09-29,ADBL,450.0,450.0,459.0,450.0,2289,stock
2015-09-30,ADBL,442.0,450.0,468.0,442.0,4851,stock
2015-10-01,ADBL,455.0,459.0,460.0,444.0,5128,stock
2015-10-04,ADBL,455.0,451.0,455.0,443.0,2200,stock
2015-10-05,ADBL,460.0,445.0,460.0,442.0,2871,stock
2015-10-06,ADBL,445.0,440.0,445.0,435.0,5822,stock
2015-10-07,ADBL,440.0,450.0,450.0,440.0,511,stock
2015-10-08,ADBL,450.0,495.0,495.0,443.0,15581,stock
2015-10-11,ADBL,504.0,530.0,544.0,504.0,93601,stock
2015-10-14,ADBL,540.0,494.0,540.0,493.0,9865,stock
2015-10-15,ADBL,485.0,499.0,499.0,476.0,6688,stock
2015-10-18,ADBL,490.0,495.0,495.0,487.0,8306,stock
2015-10-19,ADBL,492.0,500.0,500.0,489.0,2033,stock
2015-10-25,ADBL,490.0,481.0,490.0,480.0,2481,stock
2015-10-27,ADBL,472.0,472.0,472.0,465.0,3737,stock
2015-10-28,ADBL,463.0,466.0,472.0,455.0,2955,stock
2015-10-29,ADBL,470.0,470.0,475.0,466.0,1970,stock
2015-11-01,ADBL,469.0,456.0,469.0,450.0,4509,stock
2015-11-02,ADBL,450.0,461.0,470.0,450.0,3088,stock
2015-11-03,ADBL,455.0,457.0,457.0,455.0,81,stock
2015-11-04,ADBL,449.0,466.0,470.0,449.0,1462,stock
2015-11-05,ADBL,463.0,460.0,463.0,460.0,878,stock
2015-11-08,ADBL,451.0,462.0,462.0,451.0,607,stock
2015-11-09,ADBL,469.0,483.0,483.0,469.0,4949,stock
2015-11-10,ADBL,474.0,477.0,485.0,474.0,8443,stock
2015-11-15,ADBL,471.0,475.0,475.0,470.0,1170,stock
2015-11-16,ADBL,467.0,471.0,471.0,467.0,250,stock
2015-11-18,ADBL,475.0,470.0,475.0,467.0,1230,stock
2015-11-19,ADBL,475.0,465.0,475.0,460.0,1940,stock
2015-11-22,ADBL,460.0,452.0,460.0,451.0,2625,stock
2015-11-23,ADBL,450.0,452.0,452.0,449.0,4235,stock
2015-11-24,ADBL,461.0,455.0,461.0,451.0,1170,stock
2015-11-25,ADBL,461.0,450.0,461.0,448.0,6331,stock
2015-11-26,ADBL,446.0,447.0,450.0,435.0,2656,stock
2015-11-29,ADBL,442.0,420.0,442.0,420.0,9273,stock
2015-11-30,ADBL,428.0,431.0,450.0,424.0,4935,stock
2015-12-01,ADBL,431.0,454.0,454.0,439.0,5943,stock
2015-12-02,ADBL,445.0,451.0,451.0,445.0,3272,stock
2015-12-03,ADBL,455.0,450.0,459.0,450.0,3472,stock
2015-12-04,ADBL,459.0,465.0,468.0,459.0,2902,stock
2015-12-07,ADBL,456.0,455.0,456.0,454.0,860,stock
2015-12-08,ADBL,447.0,451.0,455.0,447.0,2091,stock
2015-12-09,ADBL,460.0,469.0,469.0,460.0,1612,stock
2015-12-10,ADBL,469.0,465.0,469.0,450.0,934,stock
2015-12-13,ADBL,465.0,456.0,465.0,456.0,1652,stock
2015-12-14,ADBL,452.0,450.0,453.0,450.0,2818,stock
2015-12-15,ADBL,446.0,445.0,446.0,440.0,3918,stock
2015-12-16,ADBL,450.0,450.0,453.0,448.0,7554,stock
2015-12-17,ADBL,451.0,465.0,468.0,451.0,1388,stock
2015-12-20,ADBL,465.0,481.0,483.0,462.0,16618,stock
2015-12-21,ADBL,481.0,529.0,529.0,481.0,47347,stock
2015-12-22,ADBL,539.0,512.0,559.0,510.0,21836,stock
2015-12-23,ADBL,512.0,496.0,510.0,496.0,6162,stock
2015-12-24,ADBL,490.0,510.0,510.0,490.0,11469,stock
2015-12-25,ADBL,502.0,502.0,505.0,499.0,12349,stock
2015-12-28,ADBL,502.0,499.0,504.0,497.0,2290,stock
2015-12-29,ADBL,499.0,500.0,508.0,496.0,7138,stock
2015-12-31,ADBL,500.0,508.0,513.0,500.0,5772,stock
2016-01-03,ADBL,500.0,518.0,518.0,499.0,8407,stock
2016-01-04,ADBL,518.0,506.0,528.0,502.0,6760,stock
2016-01-05,ADBL,515.0,505.0,515.0,500.0,4135,stock
2016-01-06,ADBL,495.0,500.0,507.0,495.0,4686,stock
2016-01-07,ADBL,510.0,515.0,520.0,505.0,7371,stock
2016-01-10,ADBL,515.0,518.0,520.0,506.0,5622,stock
2016-01-11,ADBL,520.0,525.0,529.0,511.0,11440,stock
2016-01-12,ADBL,525.0,521.0,526.0,521.0,4907,stock
2016-01-13,ADBL,521.0,529.0,531.0,517.0,2677,stock
2016-01-14,ADBL,530.0,545.0,545.0,524.0,22823,stock
2016-01-17,ADBL,555.0,570.0,591.0,541.0,65709,stock
2016-01-18,ADBL,564.0,580.0,608.0,561.0,19463,stock
2016-01-19,ADBL,571.0,568.0,576.0,547.0,15212,stock
2016-01-20,ADBL,579.0,593.0,615.0,579.0,53666,stock
2016-01-21,ADBL,593.0,583.0,600.0,577.0,23814,stock
2016-01-24,ADBL,583.0,599.0,599.0,589.0,34629,stock
2016-01-25,ADBL,605.0,595.0,615.0,594.0,7231,stock
2016-01-26,ADBL,595.0,595.0,601.0,593.0,16386,stock
2016-01-27,ADBL,595.0,585.0,590.0,580.0,4958,stock
2016-01-28,ADBL,580.0,582.0,585.0,576.0,6324,stock
2016-01-31,ADBL,590.0,574.0,590.0,571.0,5068,stock
2016-02-01,ADBL,574.0,584.0,588.0,572.0,12969,stock
2016-02-02,ADBL,585.0,580.0,595.0,580.0,7156,stock
2016-02-03,ADBL,580.0,574.0,580.0,572.0,4671,stock
2016-02-04,ADBL,580.0,589.0,589.0,573.0,11203,stock
2016-02-07,ADBL,589.0,595.0,604.0,585.0,12440,stock
2016-02-08,ADBL,595.0,590.0,594.0,584.0,10270,stock
2016-02-11,ADBL,590.0,580.0,590.0,580.0,4680,stock
2016-02-14,ADBL,569.0,570.0,579.0,561.0,7802,stock
2016-02-15,ADBL,570.0,590.0,590.0,555.0,10726,stock
2016-02-16,ADBL,590.0,576.0,600.0,571.0,4767,stock
2016-02-17,ADBL,576.0,590.0,590.0,560.0,14601,stock
2016-02-18,ADBL,590.0,588.0,596.0,588.0,20751,stock
2016-02-21,ADBL,598.0,590.0,598.0,585.0,21553,stock
2016-02-22,ADBL,585.0,590.0,595.0,585.0,6229,stock
2016-02-23,ADBL,590.0,605.0,609.0,585.0,16364,stock
2016-02-24,ADBL,600.0,595.0,603.0,590.0,4249,stock
2016-02-25,ADBL,585.0,585.0,605.0,581.0,5816,stock
2016-02-28,ADBL,585.0,590.0,595.0,587.0,10168,stock
2016-02-29,ADBL,590.0,589.0,590.0,586.0,4735,stock
2016-03-01,ADBL,590.0,585.0,590.0,583.0,4675,stock
2016-03-02,ADBL,585.0,599.0,609.0,580.0,3609,stock
2016-03-03,ADBL,590.0,617.0,620.0,590.0,31519,stock
2016-03-06,ADBL,610.0,630.0,635.0,610.0,22567,stock
2016-03-10,ADBL,640.0,693.0,693.0,640.0,69293,stock
2016-03-13,ADBL,706.0,707.0,734.0,700.0,133833,stock
2016-03-14,ADBL,715.0,672.0,715.0,665.0,31398,stock
2016-03-15,ADBL,666.0,665.0,674.0,655.0,14526,stock
2016-03-16,ADBL,662.0,673.0,679.0,655.0,9375,stock
2016-03-17,ADBL,670.0,666.0,672.0,665.0,14604,stock
2016-03-20,ADBL,664.0,660.0,671.0,656.0,16552,stock
2016-03-21,ADBL,663.0,648.0,666.0,648.0,24495,stock
2016-03-23,ADBL,650.0,653.0,664.0,648.0,8568,stock
2016-03-24,ADBL,653.0,655.0,678.0,651.0,11367,stock
2016-03-27,ADBL,655.0,673.0,673.0,650.0,25338,stock
2016-03-28,ADBL,673.0,671.0,685.0,658.0,16225,stock
2016-03-29,ADBL,671.0,669.0,673.0,657.0,7922,stock
2016-03-30,ADBL,669.0,665.0,680.0,661.0,8799,stock
2016-03-31,ADBL,665.0,658.0,663.0,655.0,7572,stock
2016-04-03,ADBL,658.0,670.0,690.0,652.0,15676,stock
2016-04-04,ADBL,670.0,680.0,680.0,670.0,12643,stock
2016-04-05,ADBL,670.0,684.0,685.0,670.0,22777,stock
2016-04-06,ADBL,684.0,680.0,689.0,677.0,17535,stock
2016-04-10,ADBL,680.0,671.0,685.0,670.0,35135,stock
2016-04-11,ADBL,583.0,576.0,584.0,572.0,2445,stock
2016-04-12,ADBL,576.0,560.0,565.0,560.0,1071,stock
2016-04-14,ADBL,560.0,591.0,591.0,560.0,3092,stock
2016-04-17,ADBL,602.0,595.0,602.0,582.0,7426,stock
2016-04-18,ADBL,595.0,612.0,612.0,570.0,12148,stock
2016-04-19,ADBL,612.0,599.0,605.0,590.0,2370,stock
2016-04-20,ADBL,599.0,605.0,607.0,596.0,12246,stock
2016-04-21,ADBL,605.0,630.0,630.0,595.0,26726,stock
2016-04-24,ADBL,630.0,640.0,649.0,622.0,11906,stock
2016-04-25,ADBL,640.0,655.0,663.0,641.0,11479,stock
2016-04-26,ADBL,655.0,638.0,651.0,638.0,6470,stock
2016-04-27,ADBL,638.0,647.0,655.0,632.0,10197,stock
2016-04-28,ADBL,647.0,638.0,651.0,638.0,7618,stock
2016-05-02,ADBL,638.0,640.0,645.0,627.0,18127,stock
2016-05-03,ADBL,640.0,640.0,644.0,635.0,7259,stock
2016-05-04,ADBL,640.0,632.0,639.0,629.0,5406,stock
2016-05-05,ADBL,632.0,632.0,632.0,610.0,6608,stock
2016-05-08,ADBL,632.0,634.0,644.0,617.0,5668,stock
2016-05-09,ADBL,640.0,649.0,663.0,640.0,20133,stock
2016-05-10,ADBL,659.0,642.0,659.0,637.0,3444,stock
2016-05-11,ADBL,642.0,655.0,655.0,640.0,11538,stock
2016-05-12,ADBL,655.0,656.0,667.0,655.0,3940,stock
2016-05-15,ADBL,661.0,666.0,667.0,654.0,4754,stock
2016-05-16,ADBL,666.0,663.0,663.0,653.0,4406,stock
2016-05-17,ADBL,665.0,680.0,680.0,662.0,16189,stock
2016-05-18,ADBL,680.0,683.0,693.0,680.0,7927,stock
2016-05-19,ADBL,683.0,684.0,694.0,675.0,14300,stock
2016-05-22,ADBL,684.0,680.0,686.0,670.0,2404,stock
2016-05-23,ADBL,680.0,685.0,690.0,677.0,14290,stock
2016-05-24,ADBL,685.0,690.0,695.0,685.0,7665,stock
2016-05-25,ADBL,690.0,682.0,692.0,671.0,13438,stock
2016-05-26,ADBL,682.0,679.0,689.0,657.0,5751,stock
2016-05-29,ADBL,679.0,679.0,679.0,660.0,10097,stock
2016-05-30,ADBL,679.0,666.0,679.0,665.0,6432,stock
2016-05-31,ADBL,666.0,659.0,667.0,653.0,7732,stock
2016-06-01,ADBL,659.0,656.0,665.0,648.0,10461,stock
2016-06-02,ADBL,656.0,668.0,682.0,656.0,14888,stock
2016-06-05,ADBL,668.0,668.0,674.0,650.0,8658,stock
2016-06-06,ADBL,668.0,670.0,670.0,647.0,4113,stock
2016-06-07,ADBL,669.0,677.0,680.0,661.0,9201,stock
2016-06-08,ADBL,677.0,677.0,689.0,676.0,11892,stock
2016-06-09,ADBL,680.0,677.0,694.0,677.0,7948,stock
2016-06-12,ADBL,677.0,675.0,689.0,668.0,4476,stock
2016-06-13,ADBL,675.0,700.0,710.0,680.0,40671,stock
2016-06-14,ADBL,714.0,720.0,725.0,710.0,35182,stock
2016-06-15,ADBL,720.0,720.0,723.0,712.0,11057,stock
2016-06-16,ADBL,720.0,713.0,722.0,697.0,14568,stock
2016-06-19,ADBL,713.0,705.0,714.0,693.0,18341,stock
2016-06-20,ADBL,705.0,700.0,710.0,697.0,10740,stock
2016-06-21,ADBL,700.0,703.0,720.0,700.0,9949,stock
2016-06-22,ADBL,715.0,720.0,728.0,706.0,11454,stock
2016-06-23,ADBL,720.0,702.0,720.0,696.0,6052,stock
2016-06-26,ADBL,702.0,710.0,712.0,703.0,7223,stock
2016-06-27,ADBL,710.0,739.0,739.0,713.0,22093,stock
2016-06-28,ADBL,739.0,735.0,735.0,721.0,12542,stock
2016-06-29,ADBL,735.0,727.0,732.0,724.0,10899,stock
2016-06-30,ADBL,727.0,722.0,729.0,716.0,19936,stock
2016-07-03,ADBL,722.0,719.0,720.0,713.0,11526,stock
2016-07-04,ADBL,719.0,730.0,730.0,710.0,5677,stock
2016-07-05,ADBL,724.0,745.0,750.0,713.0,20430,stock
2016-07-06,ADBL,743.0,761.0,775.0,743.0,24816,stock
2016-07-10,ADBL,761.0,761.0,765.0,740.0,4691,stock
2016-07-11,ADBL,761.0,777.0,789.0,761.0,27375,stock
2016-07-12,ADBL,777.0,766.0,784.0,720.0,8705,stock
2016-07-13,ADBL,766.0,760.0,768.0,740.0,10620,stock
2016-07-14,ADBL,755.0,768.0,775.0,755.0,11763,stock
2016-07-17,ADBL,768.0,844.0,844.0,765.0,46553,stock
2016-07-18,ADBL,844.0,833.0,865.0,814.0,28713,stock
2016-07-19,ADBL,830.0,888.0,899.0,830.0,53355,stock
2016-07-20,ADBL,900.0,976.0,976.0,900.0,73449,stock
2016-07-21,ADBL,976.0,984.0,1010.0,954.0,43680,stock
2016-07-25,ADBL,984.0,1065.0,1065.0,985.0,63729,stock
2016-07-26,ADBL,1065.0,1082.0,1113.0,1045.0,37909,stock
2016-07-27,ADBL,1082.0,1081.0,1099.0,1035.0,40667,stock
2016-07-28,ADBL,1081.0,1060.0,1069.0,1029.0,33191,stock
2016-07-31,ADBL,1060.0,1038.0,1068.0,1020.0,28865,stock
2016-08-01,ADBL,1038.0,1030.0,1050.0,995.0,33867,stock
2016-08-02,ADBL,1030.0,1000.0,1015.0,1000.0,58079,stock
2016-08-03,ADBL,1000.0,1002.0,1019.0,982.0,23444,stock
2016-08-04,ADBL,1002.0,970.0,995.0,955.0,30904,stock
2016-08-07,ADBL,970.0,972.0,1006.0,970.0,25130,stock
2016-08-08,ADBL,972.0,905.0,965.0,901.0,16460,stock
2016-08-09,ADBL,923.0,995.0,995.0,923.0,3567,stock
2016-08-10,ADBL,1010.0,1000.0,1020.0,936.0,50652,stock
2016-08-11,ADBL,1005.0,1020.0,1020.0,992.0,33089,stock
2016-08-14,ADBL,1001.0,970.0,1001.0,955.0,20056,stock
2016-08-15,ADBL,987.0,970.0,1006.0,946.0,27993,stock
2016-08-16,ADBL,970.0,986.0,1001.0,970.0,30158,stock
2016-08-17,ADBL,972.0,1000.0,1010.0,972.0,16569,stock
2016-08-21,ADBL,985.0,995.0,1013.0,985.0,8813,stock
2016-08-22,ADBL,1000.0,964.0,1000.0,962.0,6697,stock
2016-08-23,ADBL,960.0,970.0,983.0,948.0,12823,stock
2016-08-24,ADBL,984.0,970.0,984.0,951.0,7338,stock
2016-08-28,ADBL,980.0,965.0,980.0,958.0,5090,stock
2016-08-29,ADBL,971.0,983.0,995.0,965.0,14088,stock
2016-08-30,ADBL,1000.0,999.0,1002.0,983.0,16862,stock
2016-08-31,ADBL,985.0,999.0,1005.0,985.0,19708,stock
2016-09-01,ADBL,990.0,998.0,1010.0,990.0,15887,stock
2016-09-04,ADBL,991.0,1020.0,1029.0,989.0,13611,stock
2016-09-05,ADBL,1020.0,1043.0,1056.0,1020.0,34803,stock
2016-09-06,ADBL,1040.0,1028.0,1055.0,1011.0,25608,stock
2016-09-07,ADBL,1035.0,1065.0,1065.0,1011.0,62511,stock
2016-09-08,ADBL,1051.0,1054.0,1058.0,1040.0,15717,stock
2016-09-11,ADBL,1055.0,1050.0,1075.0,1042.0,29449,stock
2016-09-12,ADBL,1050.0,1050.0,1060.0,1048.0,29095,stock
2016-09-14,ADBL,1055.0,1050.0,1059.0,1046.0,11695,stock
2016-09-18,ADBL,1045.0,1040.0,1052.0,1035.0,11307,stock
2016-09-20,ADBL,1071.0,1044.0,1071.0,1040.0,42584,stock
2016-09-21,ADBL,1037.0,1025.0,1045.0,1020.0,24012,stock
2016-09-22,ADBL,1032.0,1019.0,1032.0,997.0,31362,stock
2016-09-25,ADBL,1032.0,1019.0,1032.0,997.0,31362,stock
2016-09-26,ADBL,697.0,675.0,690.0,659.0,10691,stock
2016-09-27,ADBL,677.0,672.0,684.0,672.0,4456,stock
2016-09-28,ADBL,672.0,672.0,677.0,670.0,1414,stock
2016-09-29,ADBL,660.0,670.0,670.0,660.0,3261,stock
2016-10-02,ADBL,683.0,680.0,684.0,670.0,4644,stock
2016-10-03,ADBL,680.0,672.0,690.0,670.0,2351,stock
2016-10-04,ADBL,670.0,668.0,680.0,667.0,7550,stock
2016-10-05,ADBL,680.0,680.0,680.0,667.0,1002,stock
2016-10-06,ADBL,685.0,683.0,690.0,670.0,2238,stock
2016-10-16,ADBL,683.0,683.0,703.0,679.0,1795,stock
2016-10-17,ADBL,683.0,669.0,683.0,660.0,3931,stock
2016-10-18,ADBL,661.0,670.0,675.0,661.0,1206,stock
2016-10-19,ADBL,668.0,665.0,670.0,660.0,3950,stock
2016-10-20,ADBL,677.0,669.0,677.0,661.0,2944,stock
2016-10-23,ADBL,660.0,655.0,665.0,655.0,6226,stock
2016-10-24,ADBL,660.0,653.0,661.0,649.0,7673,stock
2016-10-25,ADBL,650.0,645.0,650.0,640.0,3856,stock
2016-10-26,ADBL,650.0,642.0,650.0,640.0,4364,stock
2016-10-27,ADBL,630.0,638.0,645.0,630.0,2964,stock
2016-11-03,ADBL,630.0,645.0,650.0,626.0,906,stock
2016-11-07,ADBL,646.0,625.0,646.0,615.0,1784,stock
2016-11-08,ADBL,630.0,610.0,630.0,605.0,5340,stock
2016-11-09,ADBL,613.0,600.0,613.0,594.0,5406,stock
2016-11-10,ADBL,605.0,600.0,607.0,596.0,4874,stock
2016-11-13,ADBL,610.0,600.0,610.0,598.0,7038,stock
2016-11-14,ADBL,609.0,600.0,609.0,595.0,6752,stock
2016-11-15,ADBL,610.0,597.0,612.0,590.0,7995,stock
2016-11-16,ADBL,595.0,595.0,600.0,588.0,4803,stock
2016-11-17,ADBL,595.0,580.0,595.0,580.0,5087,stock
2016-11-20,ADBL,571.0,556.0,571.0,530.0,6046,stock
2016-11-21,ADBL,562.0,555.0,565.0,541.0,6653,stock
2016-11-22,ADBL,560.0,550.0,560.0,538.0,6174,stock
2016-11-23,ADBL,540.0,525.0,540.0,520.0,9827,stock
2016-11-24,ADBL,535.0,527.0,540.0,523.0,10536,stock
2016-11-27,ADBL,522.0,502.0,528.0,500.0,14556,stock
2016-11-28,ADBL,495.0,525.0,535.0,480.0,20030,stock
2016-11-29,ADBL,515.0,555.0,560.0,505.0,6827,stock
2016-11-30,ADBL,560.0,576.0,589.0,550.0,17082,stock
2016-12-01,ADBL,580.0,575.0,590.0,556.0,12639,stock
2016-12-04,ADBL,571.0,558.0,571.0,558.0,3739,stock
2016-12-05,ADBL,556.0,545.0,558.0,530.0,3418,stock
2016-12-06,ADBL,554.0,550.0,555.0,540.0,3030,stock
2016-12-07,ADBL,554.0,550.0,553.0,543.0,1850,stock
2016-12-08,ADBL,546.0,540.0,550.0,540.0,4444,stock
2016-12-11,ADBL,540.0,530.0,541.0,529.0,3290,stock
2016-12-12,ADBL,530.0,525.0,530.0,515.0,1484,stock
2016-12-14,ADBL,535.0,530.0,535.0,525.0,5246,stock
2016-12-15,ADBL,535.0,542.0,542.0,530.0,4365,stock
2016-12-18,ADBL,540.0,540.0,540.0,525.0,6847,stock
2016-12-19,ADBL,535.0,520.0,535.0,520.0,6963,stock
2016-12-20,ADBL,520.0,520.0,530.0,505.0,9974,stock
2016-12-21,ADBL,511.0,511.0,525.0,500.0,6654,stock
2016-12-22,ADBL,510.0,513.0,513.0,506.0,8026,stock
2016-12-26,ADBL,503.0,497.0,510.0,497.0,7763,stock
2016-12-27,ADBL,488.0,495.0,506.0,483.0,10568,stock
2016-12-28,ADBL,500.0,498.0,505.0,495.0,5725,stock
2016-12-29,ADBL,502.0,526.0,526.0,502.0,19494,stock
2017-01-01,ADBL,535.0,545.0,555.0,535.0,18373,stock
2017-01-02,ADBL,550.0,546.0,560.0,545.0,19457,stock
2017-01-03,ADBL,550.0,530.0,550.0,530.0,8202,stock
2017-01-04,ADBL,535.0,530.0,535.0,510.0,6130,stock
2017-01-05,ADBL,520.0,528.0,533.0,520.0,8287,stock
2017-01-08,ADBL,525.0,524.0,529.0,520.0,5593,stock
2017-01-09,ADBL,525.0,540.0,540.0,521.0,5545,stock
2017-01-10,ADBL,540.0,540.0,550.0,540.0,4148,stock
2017-01-11,ADBL,550.0,540.0,550.0,540.0,8359,stock
2017-01-12,ADBL,540.0,542.0,546.0,531.0,5428,stock
2017-01-15,ADBL,535.0,534.0,542.0,530.0,2339,stock
2017-01-16,ADBL,534.0,530.0,536.0,527.0,2058,stock
2017-01-17,ADBL,527.0,523.0,529.0,523.0,3270,stock
2017-01-18,ADBL,528.0,520.0,530.0,520.0,3386,stock
2017-01-19,ADBL,525.0,528.0,529.0,521.0,1913,stock
2017-01-22,ADBL,531.0,526.0,531.0,526.0,2773,stock
2017-01-23,ADBL,524.0,520.0,524.0,520.0,2679,stock
2017-01-24,ADBL,530.0,508.0,530.0,500.0,7839,stock
2017-01-25,ADBL,505.0,490.0,505.0,480.0,25727,stock
2017-01-26,ADBL,490.0,460.0,490.0,455.0,33136,stock
2017-01-30,ADBL,451.0,442.0,465.0,442.0,12799,stock
2017-01-31,ADBL,435.0,458.0,464.0,435.0,11409,stock
2017-02-01,ADBL,466.0,483.0,485.0,465.0,9886,stock
2017-02-02,ADBL,492.0,483.0,500.0,480.0,15620,stock
2017-02-05,ADBL,492.0,470.0,492.0,470.0,3121,stock
2017-02-06,ADBL,465.0,455.0,468.0,455.0,5122,stock
2017-02-07,ADBL,456.0,455.0,463.0,451.0,4245,stock
2017-02-08,ADBL,457.0,450.0,460.0,448.0,9700,stock
2017-02-09,ADBL,443.0,445.0,453.0,440.0,12428,stock
2017-02-12,ADBL,453.0,429.0,453.0,416.0,11551,stock
2017-02-13,ADBL,422.0,440.0,443.0,413.0,11039,stock
2017-02-14,ADBL,447.0,437.0,447.0,424.0,13085,stock
2017-02-15,ADBL,445.0,453.0,456.0,442.0,12899,stock
2017-02-16,ADBL,455.0,453.0,460.0,450.0,15709,stock
2017-02-19,ADBL,452.0,445.0,452.0,441.0,23260,stock
2017-02-20,ADBL,453.0,440.0,455.0,440.0,17150,stock
2017-02-21,ADBL,448.0,439.0,465.0,437.0,18863,stock
2017-02-22,ADBL,442.0,434.0,442.0,430.0,22813,stock
2017-02-23,ADBL,429.0,440.0,442.0,427.0,14367,stock
2017-02-26,ADBL,445.0,434.0,445.0,430.0,6391,stock
2017-02-28,ADBL,426.0,421.0,426.0,417.0,16732,stock
2017-03-01,ADBL,421.0,430.0,430.0,421.0,5008,stock
2017-03-02,ADBL,435.0,435.0,435.0,425.0,5828,stock
2017-03-05,ADBL,432.0,443.0,448.0,432.0,12347,stock
2017-03-06,ADBL,448.0,449.0,456.0,446.0,9615,stock
2017-03-07,ADBL,442.0,440.0,443.0,439.0,5596,stock
2017-03-09,ADBL,444.0,445.0,452.0,444.0,3547,stock
2017-03-13,ADBL,445.0,440.0,450.0,440.0,5870,stock
2017-03-14,ADBL,447.0,441.0,450.0,440.0,9273,stock
2017-03-15,ADBL,449.0,448.0,449.0,443.0,3091,stock
2017-03-16,ADBL,452.0,445.0,452.0,441.0,9046,stock
2017-03-19,ADBL,445.0,451.0,454.0,445.0,10196,stock
2017-03-20,ADBL,455.0,461.0,465.0,455.0,16216,stock
2017-03-21,ADBL,462.0,484.0,484.0,460.0,26819,stock
2017-03-22,ADBL,493.0,490.0,515.0,485.0,45578,stock
2017-03-23,ADBL,501.0,511.0,514.0,493.0,42052,stock
2017-03-26,ADBL,513.0,562.0,562.0,512.0,86224,stock
2017-03-28,ADBL,562.0,595.0,606.0,573.0,63335,stock
2017-03-29,ADBL,595.0,565.0,615.0,550.0,122754,stock
2017-03-30,ADBL,565.0,574.0,577.0,555.0,151987,stock
2017-04-03,ADBL,478.0,504.0,525.0,487.0,86048,stock
2017-04-04,ADBL,504.0,495.0,508.0,480.0,38622,stock
2017-04-06,ADBL,495.0,482.0,495.0,474.0,42085,stock
2017-04-09,ADBL,484.0,472.0,485.0,470.0,26361,stock
2017-04-10,ADBL,473.0,471.0,485.0,467.0,24705,stock
2017-04-11,ADBL,470.0,489.0,494.0,470.0,29427,stock
2017-04-12,ADBL,492.0,480.0,500.0,480.0,43976,stock
2017-04-13,ADBL,475.0,472.0,482.0,468.0,25576,stock
2017-04-16,ADBL,474.0,460.0,481.0,457.0,14433,stock
2017-04-18,ADBL,452.0,450.0,460.0,443.0,26897,stock
2017-04-19,ADBL,450.0,463.0,469.0,453.0,15551,stock
2017-04-20,ADBL,464.0,465.0,483.0,463.0,32994,stock
2017-04-23,ADBL,474.0,476.0,511.0,474.0,42569,stock
2017-04-24,ADBL,472.0,469.0,474.0,466.0,23133,stock
2017-04-25,ADBL,465.0,469.0,472.0,464.0,17195,stock
2017-04-26,ADBL,470.0,467.0,472.0,465.0,9098,stock
2017-04-27,ADBL,463.0,466.0,475.0,463.0,15743,stock
2017-04-30,ADBL,460.0,459.0,470.0,454.0,18728,stock
2017-05-02,ADBL,455.0,460.0,468.0,445.0,22562,stock
2017-05-03,ADBL,470.0,461.0,478.0,457.0,13689,stock
2017-05-04,ADBL,461.0,460.0,478.0,454.0,10579,stock
2017-05-07,ADBL,461.0,454.0,464.0,453.0,5619,stock
2017-05-08,ADBL,446.0,460.0,465.0,446.0,16791,stock
2017-05-09,ADBL,460.0,457.0,461.0,452.0,21081,stock
2017-05-11,ADBL,465.0,464.0,466.0,461.0,12423,stock
2017-05-15,ADBL,470.0,465.0,471.0,460.0,10542,stock
2017-05-16,ADBL,461.0,456.0,465.0,455.0,7225,stock
2017-05-17,ADBL,455.0,455.0,460.0,454.0,4811,stock
2017-05-18,ADBL,455.0,451.0,458.0,450.0,6117,stock
2017-05-21,ADBL,460.0,450.0,460.0,444.0,10460,stock
2017-05-22,ADBL,441.0,447.0,450.0,441.0,3174,stock
2017-05-23,ADBL,445.0,450.0,455.0,443.0,6912,stock
2017-05-24,ADBL,450.0,455.0,456.0,448.0,11662,stock
2017-05-28,ADBL,454.0,451.0,455.0,445.0,9086,stock
2017-05-30,ADBL,450.0,444.0,450.0,441.0,7182,stock
2017-05-31,ADBL,444.0,450.0,455.0,439.0,8727,stock
2017-06-01,ADBL,455.0,446.0,459.0,444.0,14518,stock
2017-06-04,ADBL,450.0,445.0,450.0,440.0,10779,stock
2017-06-05,ADBL,446.0,443.0,450.0,443.0,12176,stock
2017-06-06,ADBL,450.0,454.0,458.0,448.0,10899,stock
2017-06-07,ADBL,463.0,453.0,463.0,450.0,14334,stock
2017-06-08,ADBL,444.0,449.0,452.0,444.0,6842,stock
2017-06-11,ADBL,442.0,443.0,448.0,440.0,7886,stock
2017-06-12,ADBL,445.0,445.0,446.0,434.0,9184,stock
2017-06-13,ADBL,438.0,435.0,444.0,435.0,13963,stock
2017-06-14,ADBL,435.0,435.0,440.0,434.0,8869,stock
2017-06-15,ADBL,436.0,440.0,442.0,432.0,15064,stock
2017-06-18,ADBL,440.0,431.0,440.0,428.0,19261,stock
2017-06-19,ADBL,431.0,427.0,431.0,417.0,21359,stock
2017-06-20,ADBL,429.0,423.0,429.0,415.0,12740,stock
2017-06-21,ADBL,417.0,422.0,425.0,417.0,6334,stock
2017-06-22,ADBL,422.0,421.0,429.0,420.0,16465,stock
2017-06-25,ADBL,425.0,423.0,426.0,419.0,10516,stock
2017-06-27,ADBL,424.0,423.0,425.0,420.0,11352,stock
2017-06-28,ADBL,415.0,428.0,428.0,415.0,10162,stock
2017-07-02,ADBL,428.0,428.0,430.0,419.0,14946,stock
2017-07-03,ADBL,420.0,423.0,430.0,420.0,7794,stock
2017-07-04,ADBL,423.0,420.0,426.0,419.0,13712,stock
2017-07-05,ADBL,422.0,425.0,425.0,419.0,11348,stock
2017-07-06,ADBL,430.0,430.0,437.0,425.0,18660,stock
2017-07-09,ADBL,437.0,441.0,446.0,430.0,20091,stock
2017-07-10,ADBL,440.0,433.0,440.0,430.0,12785,stock
2017-07-11,ADBL,433.0,435.0,440.0,430.0,9864,stock
2017-07-12,ADBL,435.0,433.0,440.0,432.0,8794,stock
2017-07-13,ADBL,436.0,431.0,437.0,430.0,12875,stock
2017-07-16,ADBL,432.0,433.0,435.0,430.0,4465,stock
2017-07-17,ADBL,433.0,447.0,448.0,433.0,16129,stock
2017-07-18,ADBL,449.0,472.0,472.0,449.0,27796,stock
2017-07-19,ADBL,470.0,460.0,470.0,460.0,21239,stock
2017-07-20,ADBL,460.0,463.0,465.0,454.0,10954,stock
2017-07-23,ADBL,465.0,459.0,465.0,455.0,16709,stock
2017-07-24,ADBL,460.0,455.0,460.0,454.0,13393,stock
2017-07-25,ADBL,455.0,458.0,461.0,454.0,16138,stock
2017-07-26,ADBL,449.0,450.0,460.0,448.0,22953,stock
2017-07-27,ADBL,450.0,460.0,460.0,450.0,11335,stock
2017-07-30,ADBL,454.0,451.0,461.0,445.0,9537,stock
2017-07-31,ADBL,450.0,454.0,459.0,450.0,12315,stock
2017-08-01,ADBL,451.0,454.0,469.0,450.0,9280,stock
2017-08-02,ADBL,455.0,454.0,456.0,453.0,12168,stock
2017-08-03,ADBL,454.0,453.0,459.0,450.0,14097,stock
2017-08-06,ADBL,450.0,454.0,456.0,450.0,18930,stock
2017-08-07,ADBL,463.0,453.0,463.0,452.0,11926,stock
2017-08-09,ADBL,444.0,450.0,460.0,444.0,17516,stock
2017-08-10,ADBL,450.0,448.0,454.0,443.0,21245,stock
2017-08-13,ADBL,445.0,445.0,449.0,440.0,14415,stock
2017-08-15,ADBL,445.0,441.0,446.0,441.0,15104,stock
2017-08-16,ADBL,442.0,444.0,448.0,442.0,11304,stock
2017-08-17,ADBL,449.0,443.0,449.0,438.0,23326,stock
2017-08-20,ADBL,435.0,440.0,444.0,435.0,16054,stock
2017-08-21,ADBL,440.0,438.0,442.0,432.0,5674,stock
2017-08-22,ADBL,436.0,441.0,442.0,436.0,12396,stock
2017-08-23,ADBL,440.0,441.0,442.0,438.0,7718,stock
2017-08-24,ADBL,441.0,443.0,453.0,434.0,11438,stock
2017-08-27,ADBL,443.0,446.0,451.0,443.0,3889,stock
2017-08-28,ADBL,444.0,446.0,452.0,444.0,7897,stock
2017-08-30,ADBL,440.0,438.0,443.0,435.0,14820,stock
2017-08-31,ADBL,438.0,437.0,438.0,432.0,15528,stock
2017-09-04,ADBL,437.0,430.0,439.0,426.0,33009,stock
2017-09-06,ADBL,430.0,438.0,440.0,425.0,11603,stock
2017-09-07,ADBL,435.0,428.0,438.0,426.0,34082,stock
2017-09-10,ADBL,425.0,426.0,431.0,423.0,37704,stock
2017-09-11,ADBL,425.0,424.0,430.0,420.0,17950,stock
2017-09-12,ADBL,423.0,421.0,426.0,420.0,27903,stock
2017-09-13,ADBL,420.0,420.0,423.0,418.0,32249,stock
2017-09-14,ADBL,420.0,447.0,447.0,419.0,42524,stock
2017-09-17,ADBL,448.0,447.0,459.0,438.0,49764,stock
2017-09-18,ADBL,450.0,443.0,452.0,443.0,33400,stock
2017-09-20,ADBL,441.0,440.0,443.0,435.0,10450,stock
2017-09-24,ADBL,440.0,441.0,443.0,439.0,3718,stock
2017-09-25,ADBL,441.0,448.0,448.0,440.0,2882,stock
2017-09-26,ADBL,446.0,445.0,449.0,443.0,5132,stock
2017-10-03,ADBL,446.0,453.0,453.0,446.0,3164,stock
2017-10-04,ADBL,450.0,440.0,450.0,437.0,6475,stock
2017-10-08,ADBL,432.0,431.0,432.0,420.0,15759,stock
2017-10-09,ADBL,433.0,429.0,433.0,425.0,17649,stock
2017-10-10,ADBL,427.0,427.0,438.0,423.0,19003,stock
2017-10-11,ADBL,427.0,428.0,431.0,425.0,11993,stock
2017-10-12,ADBL,428.0,430.0,435.0,428.0,4974,stock
2017-10-15,ADBL,432.0,433.0,433.0,427.0,5553,stock
2017-10-16,ADBL,435.0,442.0,451.0,434.0,18696,stock
2017-10-17,ADBL,440.0,449.0,450.0,436.0,12124,stock
2017-10-18,ADBL,446.0,444.0,450.0,438.0,12688,stock
2017-10-22,ADBL,436.0,450.0,458.0,436.0,11183,stock
2017-10-23,ADBL,450.0,449.0,455.0,445.0,12644,stock
2017-10-24,ADBL,449.0,448.0,452.0,445.0,9549,stock
2017-10-25,ADBL,444.0,449.0,451.0,444.0,17137,stock
2017-10-29,ADBL,441.0,442.0,447.0,440.0,7203,stock
2017-10-30,ADBL,441.0,437.0,443.0,437.0,13723,stock
2017-10-31,ADBL,433.0,437.0,440.0,433.0,8889,stock
2017-11-01,ADBL,429.0,434.0,437.0,429.0,6291,stock
2017-11-02,ADBL,434.0,440.0,442.0,430.0,8331,stock
2017-11-05,ADBL,440.0,430.0,440.0,424.0,16936,stock
2017-11-06,ADBL,430.0,429.0,430.0,420.0,29796,stock
2017-11-07,ADBL,436.0,422.0,436.0,420.0,26141,stock
2017-11-08,ADBL,414.0,416.0,422.0,414.0,17305,stock
2017-11-09,ADBL,416.0,415.0,427.0,412.0,9434,stock
2017-11-12,ADBL,415.0,423.0,425.0,415.0,9098,stock
2017-11-13,ADBL,426.0,428.0,428.0,420.0,14684,stock
2017-11-14,ADBL,430.0,432.0,434.0,424.0,14580,stock
2017-11-15,ADBL,430.0,428.0,432.0,426.0,3596,stock
2017-11-16,ADBL,435.0,420.0,435.0,420.0,13740,stock
2017-11-19,ADBL,420.0,420.0,422.0,412.0,13373,stock
2017-11-20,ADBL,418.0,421.0,422.0,418.0,4579,stock
2017-11-21,ADBL,421.0,423.0,425.0,421.0,4762,stock
2017-11-22,ADBL,423.0,425.0,429.0,421.0,5998,stock
2017-11-23,ADBL,425.0,425.0,430.0,425.0,7260,stock
2017-11-26,ADBL,425.0,432.0,441.0,425.0,10953,stock
2017-11-27,ADBL,435.0,430.0,435.0,430.0,6918,stock
2017-11-28,ADBL,430.0,431.0,432.0,425.0,12551,stock
2017-11-29,ADBL,430.0,436.0,439.0,430.0,19013,stock
2017-11-30,ADBL,436.0,437.0,438.0,431.0,10518,stock
2017-12-04,ADBL,437.0,435.0,437.0,430.0,10306,stock
2017-12-05,ADBL,442.0,431.0,442.0,430.0,6588,stock
2017-12-06,ADBL,426.0,435.0,437.0,426.0,9725,stock
2017-12-10,ADBL,443.0,430.0,451.0,428.0,11646,stock
2017-12-11,ADBL,429.0,431.0,433.0,424.0,12873,stock
2017-12-12,ADBL,431.0,427.0,431.0,426.0,15642,stock
2017-12-13,ADBL,425.0,428.0,431.0,421.0,4262,stock
2017-12-14,ADBL,433.0,425.0,433.0,425.0,3701,stock
2017-12-17,ADBL,430.0,423.0,430.0,423.0,6121,stock
2017-12-18,ADBL,422.0,425.0,426.0,422.0,4333,stock
2017-12-19,ADBL,424.0,424.0,426.0,421.0,8052,stock
2017-12-20,ADBL,421.0,423.0,426.0,419.0,3192,stock
2017-12-21,ADBL,417.0,420.0,423.0,417.0,7557,stock
2017-12-24,ADBL,420.0,421.0,428.0,420.0,7917,stock
2017-12-26,ADBL,426.0,420.0,426.0,411.0,7244,stock
2017-12-27,ADBL,413.0,415.0,418.0,408.0,11368,stock
2017-12-28,ADBL,408.0,410.0,417.0,400.0,9917,stock
2017-12-31,ADBL,409.0,402.0,409.0,400.0,27546,stock
2018-01-01,ADBL,410.0,414.0,414.0,405.0,6665,stock
2018-01-02,ADBL,422.0,425.0,430.0,416.0,55870,stock
2018-01-03,ADBL,419.0,422.0,428.0,419.0,15373,stock
2018-01-04,ADBL,420.0,421.0,421.0,416.0,5788,stock
2018-01-07,ADBL,418.0,423.0,429.0,416.0,18051,stock
2018-01-08,ADBL,424.0,425.0,430.0,420.0,8389,stock
2018-01-09,ADBL,425.0,425.0,427.0,422.0,7302,stock
2018-01-10,ADBL,421.0,418.0,427.0,421.0,7277,stock
2018-01-14,ADBL,427.0,420.0,427.0,417.0,10523,stock
2018-01-16,ADBL,421.0,417.0,421.0,415.0,4270,stock
2018-01-17,ADBL,412.0,413.0,417.0,409.0,6401,stock
2018-01-21,ADBL,415.0,419.0,420.0,413.0,21733,stock
2018-01-22,ADBL,420.0,420.0,422.0,418.0,18056,stock
2018-01-23,ADBL,421.0,416.0,421.0,415.0,15725,stock
2018-01-24,ADBL,412.0,419.0,420.0,412.0,14131,stock
2018-01-25,ADBL,418.0,420.0,420.0,417.0,13110,stock
2018-01-28,ADBL,420.0,416.0,423.0,415.0,49337,stock
2018-01-29,ADBL,346.0,341.0,347.0,340.0,8266,stock
2018-01-31,ADBL,344.0,344.0,344.0,340.0,4790,stock
2018-02-01,ADBL,344.0,344.0,345.0,343.0,6191,stock
2018-02-04,ADBL,345.0,350.0,350.0,342.0,8959,stock
2018-02-05,ADBL,350.0,342.0,350.0,342.0,8109,stock
2018-02-06,ADBL,344.0,347.0,347.0,340.0,5214,stock
2018-02-07,ADBL,345.0,342.0,346.0,341.0,5012,stock
2018-02-08,ADBL,336.0,342.0,345.0,336.0,3523,stock
2018-02-11,ADBL,342.0,342.0,343.0,341.0,1760,stock
2018-02-12,ADBL,342.0,340.0,342.0,340.0,3785,stock
2018-02-14,ADBL,342.0,340.0,342.0,335.0,4167,stock
2018-02-15,ADBL,341.0,350.0,350.0,341.0,7548,stock
2018-02-18,ADBL,350.0,350.0,359.0,348.0,11904,stock
2018-02-20,ADBL,350.0,343.0,351.0,340.0,6728,stock
2018-02-21,ADBL,341.0,340.0,341.0,339.0,2461,stock
2018-02-22,ADBL,341.0,340.0,342.0,338.0,4099,stock
2018-02-25,ADBL,342.0,338.0,342.0,335.0,3932,stock
2018-02-26,ADBL,337.0,335.0,337.0,335.0,4951,stock
2018-02-27,ADBL,334.0,338.0,342.0,332.0,4409,stock
2018-02-28,ADBL,338.0,334.0,339.0,334.0,13018,stock
2018-03-04,ADBL,328.0,328.0,330.0,325.0,16726,stock
2018-03-06,ADBL,320.0,327.0,328.0,320.0,5748,stock
2018-03-07,ADBL,327.0,330.0,333.0,327.0,6817,stock
2018-03-11,ADBL,330.0,326.0,331.0,326.0,6491,stock
2018-03-12,ADBL,326.0,328.0,331.0,326.0,10231,stock
2018-03-13,ADBL,328.0,333.0,333.0,327.0,8561,stock
2018-03-14,ADBL,330.0,335.0,335.0,328.0,8410,stock
2018-03-15,ADBL,330.0,335.0,337.0,330.0,10440,stock
2018-03-18,ADBL,339.0,334.0,339.0,333.0,5791,stock
2018-03-19,ADBL,335.0,325.0,335.0,325.0,5937,stock
2018-03-20,ADBL,321.0,323.0,327.0,321.0,2133,stock
2018-03-21,ADBL,317.0,316.0,321.0,314.0,11081,stock
2018-03-22,ADBL,319.0,316.0,320.0,310.0,6600,stock
2018-03-26,ADBL,310.0,300.0,313.0,299.0,10390,stock
2018-03-27,ADBL,306.0,316.0,326.0,283.0,16469,stock
2018-03-28,ADBL,316.0,311.0,317.0,307.0,12154,stock
2018-03-29,ADBL,311.0,318.0,320.0,311.0,8252,stock
2018-04-01,ADBL,320.0,314.0,320.0,308.0,6979,stock
2018-04-02,ADBL,314.0,314.0,318.0,310.0,6267,stock
2018-04-03,ADBL,310.0,315.0,318.0,310.0,3431,stock
2018-04-04,ADBL,316.0,325.0,326.0,315.0,12813,stock
2018-04-05,ADBL,330.0,331.0,335.0,321.0,22167,stock
2018-04-08,ADBL,333.0,340.0,348.0,331.0,17000,stock
2018-04-09,ADBL,341.0,335.0,346.0,334.0,13810,stock
2018-04-10,ADBL,330.0,334.0,337.0,325.0,6099,stock
2018-04-11,ADBL,332.0,335.0,335.0,328.0,5135,stock
2018-04-12,ADBL,336.0,337.0,340.0,332.0,9067,stock
2018-04-15,ADBL,337.0,340.0,340.0,326.0,7648,stock
2018-04-16,ADBL,340.0,338.0,341.0,335.0,5765,stock
2018-04-17,ADBL,338.0,337.0,343.0,336.0,17345,stock
2018-04-18,ADBL,340.0,345.0,354.0,337.0,17497,stock
2018-04-19,ADBL,351.0,351.0,353.0,347.0,24467,stock
2018-04-22,ADBL,351.0,369.0,370.0,352.0,36790,stock
2018-04-23,ADBL,376.0,360.0,382.0,360.0,39505,stock
2018-04-24,ADBL,355.0,359.0,365.0,345.0,16417,stock
2018-04-25,ADBL,360.0,352.0,360.0,351.0,10118,stock
2018-04-26,ADBL,353.0,348.0,354.0,345.0,10047,stock
2018-04-29,ADBL,342.0,344.0,348.0,337.0,10608,stock
2018-05-02,ADBL,344.0,341.0,342.0,338.0,5447,stock
2018-05-03,ADBL,343.0,346.0,352.0,343.0,9858,stock
2018-05-06,ADBL,346.0,344.0,346.0,343.0,9671,stock
2018-05-07,ADBL,340.0,343.0,345.0,339.0,6251,stock
2018-05-08,ADBL,343.0,343.0,343.0,340.0,5181,stock
2018-05-09,ADBL,343.0,344.0,347.0,344.0,6849,stock
2018-05-10,ADBL,344.0,343.0,346.0,337.0,11575,stock
2018-05-14,ADBL,339.0,341.0,344.0,338.0,4201,stock
2018-05-15,ADBL,341.0,339.0,342.0,337.0,2916,stock
2018-05-16,ADBL,338.0,341.0,344.0,337.0,3039,stock
2018-05-17,ADBL,342.0,339.0,343.0,339.0,6983,stock
2018-05-20,ADBL,342.0,340.0,344.0,338.0,9261,stock
2018-05-21,ADBL,335.0,340.0,340.0,335.0,10925,stock
2018-05-22,ADBL,335.0,337.0,340.0,335.0,6973,stock
2018-05-23,ADBL,340.0,334.0,340.0,334.0,8116,stock
2018-05-24,ADBL,334.0,335.0,338.0,335.0,5963,stock
2018-05-27,ADBL,335.0,332.0,335.0,330.0,6118,stock
2018-05-28,ADBL,332.0,340.0,347.0,328.0,5764,stock
2018-05-29,ADBL,340.0,337.0,342.0,334.0,9698,stock
2018-05-30,ADBL,337.0,339.0,340.0,335.0,10982,stock
2018-05-31,ADBL,340.0,338.0,340.0,337.0,8381,stock
2018-06-03,ADBL,335.0,330.0,336.0,326.0,14980,stock
2018-06-04,ADBL,326.0,329.0,331.0,324.0,6154,stock
2018-06-06,ADBL,332.0,336.0,340.0,332.0,3379,stock
2018-06-07,ADBL,336.0,327.0,336.0,325.0,3481,stock
2018-06-10,ADBL,327.0,317.0,327.0,314.0,9920,stock
2018-06-11,ADBL,317.0,323.0,326.0,316.0,5594,stock
2018-06-12,ADBL,319.0,321.0,323.0,317.0,3235,stock
2018-06-13,ADBL,320.0,318.0,322.0,316.0,3924,stock
2018-06-14,ADBL,319.0,321.0,324.0,319.0,3956,stock
2018-06-17,ADBL,320.0,320.0,320.0,314.0,1083,stock
2018-06-18,ADBL,320.0,314.0,320.0,310.0,6878,stock
2018-06-19,ADBL,322.0,316.0,322.0,316.0,3309,stock
2018-06-20,ADBL,314.0,312.0,314.0,309.0,5309,stock
2018-06-21,ADBL,310.0,310.0,316.0,310.0,9336,stock
2018-06-24,ADBL,306.0,314.0,317.0,306.0,3045,stock
2018-06-25,ADBL,316.0,313.0,316.0,311.0,3561,stock
2018-06-26,ADBL,311.0,311.0,313.0,307.0,7623,stock
2018-06-27,ADBL,310.0,311.0,312.0,308.0,1402,stock
2018-06-28,ADBL,310.0,312.0,312.0,308.0,10595,stock
2018-07-01,ADBL,311.0,305.0,311.0,305.0,5338,stock
2018-07-02,ADBL,300.0,306.0,308.0,299.0,4610,stock
2018-07-03,ADBL,302.0,305.0,308.0,302.0,3991,stock
2018-07-04,ADBL,305.0,309.0,310.0,300.0,8901,stock
2018-07-05,ADBL,312.0,317.0,318.0,311.0,2638,stock
2018-07-08,ADBL,317.0,317.0,321.0,316.0,9349,stock
2018-07-09,ADBL,316.0,310.0,316.0,308.0,4364,stock
2018-07-10,ADBL,311.0,313.0,314.0,310.0,47740,stock
2018-07-11,ADBL,315.0,312.0,317.0,310.0,40507,stock
2018-07-12,ADBL,313.0,310.0,315.0,310.0,12730,stock
2018-07-15,ADBL,309.0,311.0,314.0,309.0,2890,stock
2018-07-16,ADBL,311.0,314.0,315.0,311.0,32979,stock
2018-07-17,ADBL,316.0,315.0,317.0,315.0,1983,stock
2018-07-18,ADBL,315.0,317.0,317.0,313.0,3133,stock
2018-07-19,ADBL,316.0,315.0,317.0,311.0,6170,stock
2018-07-22,ADBL,314.0,314.0,316.0,313.0,8337,stock
2018-07-23,ADBL,314.0,313.0,317.0,313.0,3905,stock
2018-07-24,ADBL,313.0,313.0,318.0,313.0,7297,stock
2018-07-25,ADBL,315.0,314.0,315.0,311.0,6281,stock
2018-07-26,ADBL,314.0,315.0,315.0,313.0,5608,stock
2018-07-29,ADBL,318.0,318.0,319.0,315.0,9058,stock
2018-07-30,ADBL,316.0,319.0,319.0,315.0,5984,stock
2018-07-31,ADBL,319.0,321.0,321.0,318.0,7541,stock
2018-08-01,ADBL,319.0,322.0,323.0,319.0,9526,stock
2018-08-02,ADBL,322.0,327.0,327.0,321.0,5188,stock
2018-08-05,ADBL,327.0,328.0,328.0,325.0,3712,stock
2018-08-06,ADBL,328.0,326.0,328.0,325.0,9520,stock
2018-08-07,ADBL,325.0,326.0,326.0,324.0,4342,stock
2018-08-08,ADBL,325.0,325.0,327.0,322.0,1567,stock
2018-08-09,ADBL,322.0,323.0,325.0,319.0,5748,stock
2018-08-12,ADBL,322.0,318.0,322.0,313.0,3439,stock
2018-08-13,ADBL,315.0,317.0,319.0,315.0,2778,stock
2018-08-14,ADBL,317.0,322.0,324.0,317.0,6036,stock
2018-08-15,ADBL,326.0,337.0,343.0,326.0,37824,stock
2018-08-16,ADBL,344.0,340.0,345.0,335.0,25581,stock
2018-08-19,ADBL,344.0,338.0,344.0,338.0,21370,stock
2018-08-20,ADBL,340.0,335.0,340.0,332.0,14359,stock
2018-08-21,ADBL,335.0,333.0,335.0,331.0,8787,stock
2018-08-22,ADBL,335.0,344.0,344.0,331.0,3613,stock
2018-08-23,ADBL,338.0,335.0,338.0,333.0,7504,stock
2018-08-26,ADBL,335.0,333.0,337.0,330.0,3588,stock
2018-08-28,ADBL,333.0,333.0,335.0,330.0,7354,stock
2018-08-29,ADBL,334.0,331.0,334.0,330.0,6392,stock
2018-08-30,ADBL,331.0,334.0,335.0,331.0,9985,stock
2018-09-02,ADBL,333.0,339.0,340.0,333.0,9661,stock
2018-09-03,ADBL,336.0,343.0,347.0,336.0,15425,stock
2018-09-04,ADBL,340.0,345.0,347.0,340.0,17187,stock
2018-09-05,ADBL,341.0,356.0,362.0,341.0,29704,stock
2018-09-06,ADBL,360.0,352.0,368.0,350.0,33936,stock
2018-09-09,ADBL,353.0,346.0,353.0,346.0,7740,stock
2018-09-10,ADBL,346.0,342.0,346.0,340.0,4112,stock
2018-09-11,ADBL,340.0,345.0,350.0,340.0,4778,stock
2018-09-12,ADBL,345.0,351.0,355.0,345.0,12667,stock
2018-09-13,ADBL,352.0,352.0,359.0,351.0,20006,stock
2018-09-16,ADBL,360.0,367.0,377.0,356.0,53133,stock
2018-09-17,ADBL,367.0,360.0,370.0,359.0,21307,stock
2018-09-18,ADBL,358.0,359.0,362.0,357.0,9249,stock
2018-09-20,ADBL,352.0,359.0,364.0,352.0,9880,stock
2018-09-23,ADBL,364.0,361.0,364.0,357.0,19281,stock
2018-09-25,ADBL,361.0,370.0,373.0,361.0,44925,stock
2018-09-26,ADBL,372.0,365.0,375.0,364.0,18655,stock
2018-09-27,ADBL,365.0,365.0,370.0,365.0,14911,stock
2018-09-30,ADBL,362.0,361.0,366.0,361.0,11183,stock
2018-10-01,ADBL,358.0,352.0,362.0,352.0,21976,stock
2018-10-02,ADBL,352.0,353.0,358.0,352.0,12983,stock
2018-10-03,ADBL,352.0,347.0,354.0,347.0,28516,stock
2018-10-04,ADBL,350.0,348.0,350.0,345.0,15025,stock
2018-10-07,ADBL,345.0,344.0,348.0,344.0,10164,stock
2018-10-08,ADBL,344.0,349.0,357.0,344.0,9581,stock
2018-10-09,ADBL,350.0,347.0,350.0,347.0,9551,stock
2018-10-10,ADBL,347.0,347.0,348.0,345.0,6502,stock
2018-10-11,ADBL,349.0,350.0,352.0,346.0,10534,stock
2018-10-14,ADBL,352.0,357.0,358.0,350.0,12769,stock
2018-10-15,ADBL,364.0,354.0,364.0,354.0,11617,stock
2018-10-21,ADBL,361.0,355.0,361.0,355.0,3483,stock
2018-10-22,ADBL,355.0,355.0,355.0,352.0,3196,stock
2018-10-23,ADBL,355.0,358.0,358.0,354.0,6474,stock
2018-10-24,ADBL,355.0,358.0,358.0,353.0,3065,stock
2018-10-25,ADBL,358.0,357.0,358.0,355.0,5436,stock
2018-10-28,ADBL,355.0,353.0,355.0,350.0,11851,stock
2018-10-29,ADBL,350.0,350.0,351.0,348.0,8152,stock
2018-10-30,ADBL,349.0,352.0,354.0,348.0,11760,stock
2018-10-31,ADBL,359.0,352.0,355.0,350.0,9391,stock
2018-11-01,ADBL,350.0,352.0,352.0,350.0,6758,stock
2018-11-04,ADBL,350.0,348.0,353.0,348.0,15056,stock
2018-11-05,ADBL,348.0,349.0,352.0,348.0,10438,stock
2018-11-14,ADBL,349.0,350.0,352.0,349.0,1763,stock
2018-11-15,ADBL,350.0,349.0,351.0,348.0,5701,stock
2018-11-18,ADBL,349.0,345.0,349.0,343.0,6006,stock
2018-11-19,ADBL,345.0,346.0,347.0,344.0,5455,stock
2018-11-20,ADBL,346.0,347.0,349.0,342.0,2001,stock
2018-11-21,ADBL,347.0,343.0,353.0,342.0,6780,stock
2018-11-22,ADBL,343.0,344.0,345.0,340.0,6445,stock
2018-11-25,ADBL,344.0,341.0,345.0,341.0,8678,stock
2018-11-26,ADBL,341.05,339.0,341.05,335.0,5374,stock
2018-11-27,ADBL,339.0,340.0,346.0,338.0,5914,stock
2018-11-28,ADBL,340.0,340.0,340.0,339.0,2677,stock
2018-11-29,ADBL,340.0,338.0,340.0,336.0,6964,stock
2018-12-02,ADBL,338.0,333.0,338.0,329.0,9756,stock
2018-12-03,ADBL,333.0,330.0,335.0,329.0,9202,stock
2018-12-04,ADBL,330.0,334.0,335.0,326.0,2973,stock
2018-12-06,ADBL,329.0,327.0,331.0,320.0,8394,stock
2018-12-09,ADBL,327.0,335.0,335.0,327.0,2982,stock
2018-12-10,ADBL,335.0,335.0,340.0,330.0,5830,stock
2018-12-11,ADBL,335.0,336.0,339.0,333.0,3705,stock
2018-12-12,ADBL,336.0,337.0,341.0,336.0,990,stock
2018-12-13,ADBL,337.0,338.0,345.0,335.0,5226,stock
2018-12-16,ADBL,338.0,344.0,344.0,338.0,18570,stock
2018-12-17,ADBL,344.0,355.0,355.0,340.0,5225,stock
2018-12-18,ADBL,355.0,344.0,355.0,343.0,10127,stock
2018-12-19,ADBL,344.0,343.0,345.0,342.0,3717,stock
2018-12-20,ADBL,343.0,349.0,351.0,343.0,14032,stock
2018-12-23,ADBL,349.0,357.0,362.0,349.0,16974,stock
2018-12-24,ADBL,357.0,357.0,362.0,352.0,14350,stock
2018-12-25,ADBL,357.0,353.0,357.0,351.0,8383,stock
2018-12-26,ADBL,353.0,362.0,362.0,352.0,22157,stock
2018-12-27,ADBL,362.0,359.0,365.0,358.0,36773,stock
2018-12-30,ADBL,359.0,351.0,359.0,351.0,11317,stock
2018-12-31,ADBL,351.0,348.0,352.0,347.0,16215,stock
2019-01-01,ADBL,348.0,346.0,350.0,344.0,22211,stock
2019-01-02,ADBL,346.0,345.0,347.0,345.0,7467,stock
2019-01-03,ADBL,345.0,345.0,348.0,340.0,7294,stock
2019-01-06,ADBL,345.0,344.0,352.0,344.0,9776,stock
2019-01-08,ADBL,346.0,349.0,349.0,346.0,8069,stock
2019-01-09,ADBL,349.0,349.0,351.0,348.0,8426,stock
2019-01-10,ADBL,348.0,350.0,354.0,348.0,4955,stock
2019-01-13,ADBL,357.0,349.0,357.0,346.0,22250,stock
2019-01-14,ADBL,349.0,350.0,351.0,348.0,20430,stock
2019-01-15,ADBL,350.0,350.0,350.0,348.0,7663,stock
2019-01-16,ADBL,350.0,350.0,351.0,348.0,9525,stock
2019-01-17,ADBL,350.0,345.0,350.0,345.0,3486,stock
2019-01-20,ADBL,345.0,345.0,345.0,341.0,3502,stock
2019-01-21,ADBL,345.0,342.0,346.0,340.0,6616,stock
2019-01-22,ADBL,342.0,343.0,343.0,337.0,5188,stock
2019-01-23,ADBL,343.0,343.0,344.0,342.0,2273,stock
2019-01-24,ADBL,343.0,342.0,344.0,342.0,16140,stock
2019-01-27,ADBL,342.0,339.0,342.0,339.0,4235,stock
2019-01-28,ADBL,339.0,342.0,345.0,338.0,8647,stock
2019-01-29,ADBL,342.0,341.0,342.0,340.0,2612,stock
2019-01-30,ADBL,341.0,339.0,341.0,339.0,3892,stock
2019-01-31,ADBL,339.0,339.0,342.0,339.0,5850,stock
2019-02-03,ADBL,337.0,338.0,340.0,337.0,12977,stock
2019-02-04,ADBL,338.0,339.0,340.0,335.0,13265,stock
2019-02-05,ADBL,340.0,338.0,340.0,338.0,5648,stock
2019-02-06,ADBL,352.0,335.0,352.0,335.0,6099,stock
2019-02-07,ADBL,330.0,334.0,337.0,330.0,5500,stock
2019-02-10,ADBL,335.0,332.0,335.0,330.0,6098,stock
2019-02-11,ADBL,328.0,332.0,335.0,328.0,5268,stock
2019-02-12,ADBL,330.0,332.0,333.0,330.0,5722,stock
2019-02-13,ADBL,330.0,329.0,332.0,329.0,13830,stock
2019-02-14,ADBL,331.0,330.0,331.0,327.0,13107,stock
2019-02-17,ADBL,330.0,330.0,336.0,328.0,18875,stock
2019-02-18,ADBL,328.0,329.0,330.0,325.0,9327,stock
2019-02-19,ADBL,324.0,333.0,333.0,324.0,3150,stock
2019-02-20,ADBL,333.0,329.0,333.0,329.0,2685,stock
2019-02-21,ADBL,329.0,333.0,335.0,329.0,9054,stock
2019-02-24,ADBL,333.0,330.0,333.0,329.0,6833,stock
2019-02-25,ADBL,332.0,331.0,333.0,327.0,15959,stock
2019-02-26,ADBL,331.0,332.0,334.0,331.0,18064,stock
2019-02-27,ADBL,330.0,333.0,335.0,330.0,27442,stock
2019-03-03,ADBL,308.0,294.0,314.15,291.0,14076,stock
2019-03-05,ADBL,291.0,292.0,294.0,291.0,5732,stock
2019-03-06,ADBL,292.0,292.0,293.0,290.0,2085,stock
2019-03-07,ADBL,292.0,294.0,294.0,290.0,8624,stock
2019-03-09,ADBL,294.0,292.0,294.0,292.0,2618,stock
2019-03-10,ADBL,294.0,292.0,294.0,292.0,2618,stock
2019-03-11,ADBL,298.0,298.0,301.0,293.0,9999,stock
2019-03-12,ADBL,300.0,305.0,306.0,298.0,16058,stock
2019-03-13,ADBL,305.0,303.0,306.0,300.0,14926,stock
2019-03-14,ADBL,301.0,302.0,303.0,296.0,6707,stock
2019-03-17,ADBL,303.0,302.0,305.0,300.0,8247,stock
2019-03-18,ADBL,303.0,301.0,304.0,301.0,10211,stock
2019-03-19,ADBL,301.0,298.0,301.0,298.0,3883,stock
2019-03-21,ADBL,297.0,296.0,300.0,296.0,3230,stock
2019-03-24,ADBL,296.0,293.0,299.0,293.0,8327,stock
2019-03-25,ADBL,294.0,294.0,298.0,292.0,8653,stock
2019-03-26,ADBL,298.0,294.0,298.0,293.0,10218,stock
2019-03-27,ADBL,294.0,294.0,299.0,293.0,4409,stock
2019-03-28,ADBL,298.0,294.0,298.0,292.0,9227,stock
2019-03-31,ADBL,296.0,295.0,296.0,293.0,11187,stock
2019-04-01,ADBL,295.0,297.0,297.0,292.0,12690,stock
2019-04-02,ADBL,299.0,302.0,304.0,299.0,15332,stock
2019-04-03,ADBL,301.0,305.0,307.0,301.0,15802,stock
2019-04-04,ADBL,305.0,304.0,305.0,301.0,11579,stock
2019-04-07,ADBL,301.0,309.0,309.0,298.0,11864,stock
2019-04-08,ADBL,309.0,316.0,320.0,310.0,21933,stock
2019-04-09,ADBL,311.0,311.0,318.0,311.0,21533,stock
2019-04-10,ADBL,312.0,312.0,314.0,310.0,8299,stock
2019-04-11,ADBL,313.0,315.0,319.0,313.0,22147,stock
2019-04-15,ADBL,313.0,318.0,318.0,313.0,11551,stock
2019-04-16,ADBL,313.0,326.0,327.0,313.0,17829,stock
2019-04-17,ADBL,326.0,338.0,338.0,326.0,24403,stock
2019-04-18,ADBL,341.0,350.0,350.0,336.0,49470,stock
2019-04-21,ADBL,350.0,348.0,350.0,343.0,28028,stock
2019-04-22,ADBL,353.0,342.0,353.0,336.0,19348,stock
2019-04-23,ADBL,346.0,346.0,346.0,340.0,17832,stock
2019-04-24,ADBL,342.0,354.0,354.0,341.0,68938,stock
2019-04-25,ADBL,354.0,388.0,389.0,354.0,145400,stock
2019-04-28,ADBL,395.0,395.0,410.0,389.0,111393,stock
2019-04-29,ADBL,395.0,389.0,395.0,383.0,45136,stock
2019-04-30,ADBL,389.0,390.0,391.0,382.0,27561,stock
2019-05-02,ADBL,383.0,385.0,387.0,381.0,24698,stock
2019-05-05,ADBL,385.0,379.0,385.0,376.0,55477,stock
2019-05-06,ADBL,377.0,388.0,388.0,374.0,40670,stock
2019-05-07,ADBL,390.0,389.0,390.0,384.0,39057,stock
2019-05-09,ADBL,394.0,388.0,396.0,386.0,94677,stock
2019-05-12,ADBL,387.0,390.0,390.0,384.0,17340,stock
2019-05-13,ADBL,390.0,386.0,391.0,384.0,20540,stock
2019-05-14,ADBL,388.0,416.0,421.0,388.0,194265,stock
2019-05-15,ADBL,417.0,438.0,447.0,416.0,133601,stock
2019-05-16,ADBL,445.0,421.0,445.0,421.0,112016,stock
2019-05-19,ADBL,425.0,422.0,430.0,416.0,67027,stock
2019-05-20,ADBL,430.0,418.0,432.0,416.0,59854,stock
2019-05-21,ADBL,421.0,418.0,422.0,413.0,42776,stock
2019-05-22,ADBL,420.0,424.0,426.0,418.0,92882,stock
2019-05-23,ADBL,427.0,431.0,438.0,426.0,97795,stock
2019-05-26,ADBL,432.0,425.0,434.0,423.0,50429,stock
2019-05-27,ADBL,419.0,422.0,426.0,419.0,44153,stock
2019-05-28,ADBL,428.0,421.0,428.0,420.0,13321,stock
2019-05-29,ADBL,422.0,424.0,426.0,420.0,54281,stock
2019-05-30,ADBL,437.0,428.0,451.0,426.0,94006,stock
2019-06-02,ADBL,433.0,422.0,433.0,420.0,29715,stock
2019-06-03,ADBL,430.0,414.0,430.0,414.0,64123,stock
2019-06-04,ADBL,415.0,416.0,420.0,414.0,48716,stock
2019-06-06,ADBL,418.0,413.0,418.0,413.0,25497,stock
2019-06-10,ADBL,413.0,412.0,416.0,411.0,33018,stock
2019-06-11,ADBL,412.0,416.0,417.0,412.0,62742,stock
2019-06-12,ADBL,413.0,415.0,415.0,411.0,17469,stock
2019-06-13,ADBL,412.0,411.0,415.0,411.0,30086,stock
2019-06-16,ADBL,411.0,404.0,411.0,404.0,44708,stock
2019-06-17,ADBL,404.0,403.0,406.0,402.0,42955,stock
2019-06-18,ADBL,403.0,402.0,405.0,401.0,24044,stock
2019-06-19,ADBL,402.0,404.0,404.0,400.0,23061,stock
2019-06-20,ADBL,409.0,406.0,409.0,403.0,11029,stock
2019-06-23,ADBL,405.0,405.0,407.0,403.0,6869,stock
2019-06-24,ADBL,403.0,411.0,413.0,403.0,37528,stock
2019-06-25,ADBL,413.0,416.0,417.0,411.0,25298,stock
2019-06-26,ADBL,418.0,413.0,418.0,412.0,17369,stock
2019-06-27,ADBL,413.0,413.0,413.0,410.0,18552,stock
2019-06-30,ADBL,413.0,407.0,413.0,406.0,11120,stock
2019-07-01,ADBL,408.0,405.0,408.0,404.0,12593,stock
2019-07-02,ADBL,404.0,410.0,413.0,404.0,21391,stock
2019-07-03,ADBL,408.0,414.0,415.0,407.0,24200,stock
2019-07-04,ADBL,415.0,411.0,415.0,410.0,16330,stock
2019-07-07,ADBL,408.0,408.0,410.0,407.0,30964,stock
2019-07-08,ADBL,410.0,406.0,410.0,405.0,29244,stock
2019-07-09,ADBL,410.0,405.0,407.0,401.0,9165,stock
2019-07-10,ADBL,405.0,407.0,407.0,402.0,26313,stock
2019-07-11,ADBL,407.0,405.0,410.0,405.0,19978,stock
2019-07-14,ADBL,406.0,406.0,411.0,405.0,10033,stock
2019-07-15,ADBL,406.0,406.0,408.0,405.0,9018,stock
2019-07-16,ADBL,426.0,409.0,426.0,406.0,8675,stock
2019-07-17,ADBL,408.0,417.0,418.0,408.0,29854,stock
2019-07-18,ADBL,413.0,418.0,423.0,413.0,20493,stock
2019-07-21,ADBL,414.0,414.0,417.0,411.0,14478,stock
2019-07-22,ADBL,414.0,416.0,419.0,414.0,19276,stock
2019-07-23,ADBL,418.0,435.0,435.0,418.0,105508,stock
2019-07-24,ADBL,435.0,433.0,435.0,428.0,61735,stock
2019-07-25,ADBL,433.0,430.0,434.0,427.0,97104,stock
2019-07-28,ADBL,423.0,425.0,429.0,422.0,96129,stock
2019-07-29,ADBL,425.0,427.0,430.0,425.0,35679,stock
2019-07-30,ADBL,426.0,429.0,431.0,426.0,31788,stock
2019-07-31,ADBL,422.0,431.0,433.0,422.0,42713,stock
2019-08-01,ADBL,436.0,430.0,436.0,429.0,37084,stock
2019-08-04,ADBL,429.0,437.0,438.0,424.0,68518,stock
2019-08-05,ADBL,433.0,433.0,437.0,431.0,44680,stock
2019-08-06,ADBL,441.0,432.0,442.0,430.0,196356,stock
2019-08-07,ADBL,426.0,435.0,439.0,426.0,56560,stock
2019-08-08,ADBL,435.0,431.0,435.0,429.0,34679,stock
2019-08-11,ADBL,430.0,430.0,431.0,428.0,25832,stock
2019-08-12,ADBL,433.0,431.0,433.0,429.0,20621,stock
2019-08-13,ADBL,431.0,428.0,437.0,428.0,17896,stock
2019-08-14,ADBL,426.0,429.0,430.0,425.0,13082,stock
2019-08-15,ADBL,427.0,430.0,433.0,425.0,36318,stock
2019-08-18,ADBL,430.0,430.0,433.0,429.0,36698,stock
2019-08-19,ADBL,431.0,431.0,434.0,429.0,38717,stock
2019-08-20,ADBL,431.0,427.0,432.0,427.0,17383,stock
2019-08-21,ADBL,425.0,429.0,430.0,425.0,20878,stock
2019-08-22,ADBL,429.0,428.0,430.0,425.0,28290,stock
2019-08-25,ADBL,423.0,427.0,427.0,423.0,20297,stock
2019-08-26,ADBL,430.0,425.0,430.0,425.0,16088,stock
2019-08-27,ADBL,425.0,426.0,429.0,424.0,14181,stock
2019-08-28,ADBL,424.0,425.0,427.0,424.0,21023,stock
2019-08-29,ADBL,427.0,426.0,427.0,423.0,11405,stock
2019-09-01,ADBL,428.0,421.0,428.0,421.0,17893,stock
2019-09-02,ADBL,424.0,417.0,424.0,414.0,43531,stock
2019-09-03,ADBL,415.0,424.0,426.0,412.0,36698,stock
2019-09-04,ADBL,425.0,426.0,429.0,420.0,22525,stock
2019-09-05,ADBL,425.0,425.0,427.0,425.0,15371,stock
2019-09-08,ADBL,427.0,422.0,427.0,421.0,8733,stock
2019-09-09,ADBL,425.0,418.0,425.0,416.0,19723,stock
2019-09-10,ADBL,416.0,418.0,419.0,416.0,21628,stock
2019-09-11,ADBL,417.0,418.0,420.0,416.0,22008,stock
2019-09-12,ADBL,418.0,416.0,420.0,416.0,27640,stock
2019-09-15,ADBL,415.0,413.0,418.0,413.0,18691,stock
2019-09-16,ADBL,413.0,408.0,414.0,408.0,23477,stock
2019-09-17,ADBL,410.0,418.0,418.0,410.0,22549,stock
2019-09-18,ADBL,420.0,423.0,423.0,419.0,28150,stock
2019-09-19,ADBL,415.0,413.0,425.0,413.0,22965,stock
2019-09-22,ADBL,413.0,414.0,415.0,412.0,14749,stock
2019-09-23,ADBL,413.0,414.0,415.0,412.0,17256,stock
2019-09-24,ADBL,411.0,412.0,412.0,410.0,8687,stock
2019-09-26,ADBL,412.0,410.0,412.0,409.0,13312,stock
2019-09-29,ADBL,410.0,418.0,418.0,407.0,23666,stock
2019-09-30,ADBL,412.0,415.0,415.0,411.0,9318,stock
2019-10-01,ADBL,412.0,417.0,418.0,412.0,11045,stock
2019-10-02,ADBL,417.0,411.0,417.0,411.0,3711,stock
2019-10-03,ADBL,415.0,416.0,418.0,415.0,3319,stock
2019-10-10,ADBL,413.0,415.0,415.0,412.0,1419,stock
2019-10-14,ADBL,415.0,410.0,415.0,409.0,15531,stock
2019-10-15,ADBL,412.0,413.0,416.0,410.0,34190,stock
2019-10-16,ADBL,415.0,414.0,415.0,412.0,10681,stock
2019-10-17,ADBL,415.0,414.0,416.0,412.0,15319,stock
2019-10-20,ADBL,412.0,413.0,414.0,411.0,11108,stock
2019-10-21,ADBL,412.0,412.0,415.0,411.0,13609,stock
2019-10-22,ADBL,411.0,411.0,413.0,409.0,7228,stock
2019-10-23,ADBL,415.0,413.0,416.0,411.0,2992,stock
2019-10-24,ADBL,415.0,414.0,416.0,412.0,9027,stock
2019-10-31,ADBL,415.0,413.0,417.0,410.0,4949,stock
2019-11-03,ADBL,412.0,412.0,413.0,410.0,4909,stock
2019-11-04,ADBL,414.0,413.0,414.0,410.0,13907,stock
2019-11-05,ADBL,415.0,416.0,416.0,413.0,12478,stock
2019-11-06,ADBL,415.0,415.0,417.0,415.0,16754,stock
2019-11-07,ADBL,417.0,415.0,417.0,414.0,18305,stock
2019-11-10,ADBL,414.0,419.0,419.0,410.0,11958,stock
2019-11-11,ADBL,414.0,421.0,421.0,414.0,3581,stock
2019-11-12,ADBL,425.0,417.0,425.0,414.0,12550,stock
2019-11-13,ADBL,414.0,416.0,417.0,413.0,23563,stock
2019-11-14,ADBL,416.0,417.0,417.0,415.0,18775,stock
2019-11-17,ADBL,420.0,415.0,423.0,410.0,11182,stock
2019-11-18,ADBL,415.0,418.0,418.0,415.0,52113,stock
2019-11-19,ADBL,420.0,416.0,420.0,415.0,21222,stock
2019-11-20,ADBL,415.0,416.0,418.0,415.0,12638,stock
2019-11-21,ADBL,418.0,412.0,418.0,408.0,9107,stock
2019-11-24,ADBL,409.0,404.0,410.0,404.0,14677,stock
2019-11-25,ADBL,405.0,409.0,412.0,404.0,5669,stock
2019-11-26,ADBL,410.0,405.0,410.0,402.0,11131,stock
2019-11-27,ADBL,403.0,409.0,409.0,403.0,5247,stock
2019-11-28,ADBL,409.0,404.0,409.0,404.0,5609,stock
2019-12-01,ADBL,405.0,404.0,405.0,402.0,5892,stock
2019-12-02,ADBL,404.0,403.0,405.0,400.0,17229,stock
2019-12-03,ADBL,401.0,401.0,403.0,401.0,6534,stock
2019-12-04,ADBL,401.0,405.0,406.0,401.0,11388,stock
2019-12-05,ADBL,405.0,405.0,407.0,403.0,6589,stock
2019-12-08,ADBL,406.0,409.0,409.0,403.0,6252,stock
2019-12-09,ADBL,408.0,411.0,415.0,404.0,10680,stock
2019-12-10,ADBL,410.0,415.0,418.0,406.0,67690,stock
2019-12-11,ADBL,416.0,414.0,418.0,414.0,13042,stock
2019-12-12,ADBL,415.0,412.0,415.0,409.0,21051,stock
2019-12-15,ADBL,412.0,413.0,416.0,411.0,8639,stock
2019-12-16,ADBL,415.0,406.0,415.0,406.0,9861,stock
2019-12-17,ADBL,405.0,407.0,410.0,405.0,6407,stock
2019-12-18,ADBL,405.0,406.0,410.0,405.0,9668,stock
2019-12-19,ADBL,404.0,404.0,407.0,403.0,5118,stock
2019-12-22,ADBL,407.0,412.0,414.0,407.0,13018,stock
2019-12-23,ADBL,414.0,412.0,414.0,407.0,20783,stock
2019-12-24,ADBL,415.0,413.0,416.0,412.0,19873,stock
2019-12-25,ADBL,412.0,414.0,415.0,412.0,31149,stock
2019-12-26,ADBL,414.0,417.0,417.0,413.0,103337,stock
2019-12-29,ADBL,386.0,370.0,386.0,366.0,20987,stock
2019-12-30,ADBL,369.0,365.0,369.0,361.0,8211,stock
2019-12-31,ADBL,365.0,366.0,366.0,361.0,8569,stock
2020-01-01,ADBL,364.0,367.0,367.0,359.0,7109,stock
2020-01-02,ADBL,367.0,359.0,368.0,359.0,6793,stock
2020-01-05,ADBL,360.0,363.0,364.0,360.0,11390,stock
2020-01-06,ADBL,365.0,371.0,372.0,365.0,26892,stock
2020-01-07,ADBL,375.0,373.0,376.0,370.0,9507,stock
2020-01-08,ADBL,372.0,369.0,373.0,369.0,10093,stock
2020-01-09,ADBL,369.0,365.0,369.0,363.0,11059,stock
2020-01-12,ADBL,371.0,371.0,373.0,366.0,15768,stock
2020-01-13,ADBL,374.0,379.0,382.0,374.0,39441,stock
2020-01-14,ADBL,375.0,378.0,380.0,375.0,11083,stock
2020-01-15,ADBL,385.0,386.0,386.0,378.0,22021,stock
2020-01-16,ADBL,389.0,391.0,398.0,386.0,30689,stock
2020-01-19,ADBL,395.0,396.0,398.0,392.0,37203,stock
2020-01-20,ADBL,402.0,389.0,407.0,386.0,50503,stock
2020-01-21,ADBL,396.0,389.0,397.0,385.0,20945,stock
2020-01-22,ADBL,395.0,386.0,395.0,383.0,13717,stock
2020-01-23,ADBL,390.0,382.0,390.0,380.0,11817,stock
2020-01-26,ADBL,379.0,372.0,384.0,372.0,16983,stock
2020-01-27,ADBL,368.0,387.0,387.0,368.0,23768,stock
2020-01-28,ADBL,387.0,386.0,389.0,380.0,14063,stock
2020-01-29,ADBL,380.0,384.0,387.0,379.0,8241,stock
2020-01-30,ADBL,385.0,384.0,388.0,383.0,10082,stock
2020-02-02,ADBL,384.0,390.0,392.0,383.0,25714,stock
2020-02-03,ADBL,391.0,388.0,395.0,388.0,22861,stock
2020-02-04,ADBL,392.0,386.0,396.0,385.0,32960,stock
2020-02-05,ADBL,390.0,385.0,390.0,382.0,12291,stock
2020-02-06,ADBL,383.0,385.0,390.0,382.0,11711,stock
2020-02-09,ADBL,382.0,381.0,384.0,380.0,11030,stock
2020-02-10,ADBL,382.0,380.0,385.0,377.0,14196,stock
2020-02-11,ADBL,386.0,385.0,390.0,382.0,13972,stock
2020-02-12,ADBL,392.0,388.0,392.0,383.0,34048,stock
2020-02-13,ADBL,386.0,384.0,388.0,380.0,20972,stock
2020-02-16,ADBL,385.0,390.0,390.0,383.0,29836,stock
2020-02-17,ADBL,392.0,396.0,401.0,390.0,42746,stock
2020-02-18,ADBL,402.0,397.0,408.0,395.0,41812,stock
2020-02-19,ADBL,404.0,397.0,404.0,394.0,17687,stock
2020-02-20,ADBL,397.0,398.0,400.0,395.0,25763,stock
2020-02-23,ADBL,402.0,431.0,436.0,402.0,130275,stock
2020-02-24,ADBL,431.0,432.0,450.0,425.0,104982,stock
2020-02-25,ADBL,436.0,435.0,436.0,416.0,48731,stock
2020-02-26,ADBL,439.0,453.0,453.0,437.0,88846,stock
2020-02-27,ADBL,445.0,467.0,474.0,440.0,110009,stock
2020-03-01,ADBL,467.0,452.0,475.0,450.0,86815,stock
2020-03-02,ADBL,445.0,420.0,452.0,420.0,52575,stock
2020-03-03,ADBL,420.0,425.0,445.0,390.0,83824,stock
2020-03-04,ADBL,420.0,416.0,425.0,410.0,59890,stock
2020-03-05,ADBL,408.0,405.0,416.0,400.0,51446,stock
2020-03-10,ADBL,397.0,380.0,397.0,380.0,44333,stock
2020-03-11,ADBL,378.0,406.0,407.0,378.0,73399,stock
2020-03-12,ADBL,406.0,397.0,410.0,390.0,66328,stock
2020-03-15,ADBL,390.0,382.0,394.0,378.0,67992,stock
2020-03-16,ADBL,380.0,382.0,391.0,371.0,34352,stock
2020-03-17,ADBL,379.0,378.0,380.0,370.0,45920,stock
2020-03-18,ADBL,371.0,370.0,385.0,361.0,50811,stock
2020-03-19,ADBL,367.0,376.0,385.0,360.0,34900,stock
2020-03-22,ADBL,369.0,368.0,376.0,362.0,5639,stock
2020-05-12,ADBL,361.0,357.0,361.0,357.0,470,stock
2020-05-13,ADBL,350.0,347.0,350.0,347.0,240,stock
2020-06-29,ADBL,341.0,329.0,341.0,313.0,12955,stock
2020-06-30,ADBL,323.0,350.0,352.0,320.0,4499,stock
2020-07-01,ADBL,350.0,380.0,384.0,350.0,16073,stock
2020-07-02,ADBL,382.0,345.0,394.0,343.0,13518,stock
2020-07-05,ADBL,350.0,356.0,365.0,345.0,29844,stock
2020-07-06,ADBL,349.0,365.0,368.0,349.0,25485,stock
2020-07-07,ADBL,370.0,374.0,379.0,367.0,16559,stock
2020-07-08,ADBL,375.0,368.0,375.0,362.0,15958,stock
2020-07-09,ADBL,365.0,368.0,371.0,360.0,10849,stock
2020-07-12,ADBL,370.0,375.0,377.0,368.0,20839,stock
2020-07-13,ADBL,375.0,375.0,382.0,373.0,38001,stock
2020-07-14,ADBL,375.0,375.0,378.0,372.0,9391,stock
2020-07-15,ADBL,376.0,385.0,388.0,376.0,34899,stock
2020-07-16,ADBL,389.0,400.0,405.0,389.0,49834,stock
2020-07-19,ADBL,408.0,432.0,432.0,408.0,90,stock
2020-07-20,ADBL,453.0,442.0,475.0,424.0,152858,stock
2020-07-21,ADBL,443.0,431.0,446.0,427.0,70227,stock
2020-07-22,ADBL,445.0,426.0,445.0,420.0,55050,stock
2020-07-23,ADBL,426.0,428.0,430.0,418.0,33121,stock
2020-07-26,ADBL,430.0,434.0,436.0,422.0,60056,stock
2020-07-27,ADBL,434.0,433.0,440.0,430.0,51602,stock
2020-07-28,ADBL,435.0,432.0,435.0,428.0,30474,stock
2020-07-29,ADBL,430.0,422.0,432.0,421.0,61718,stock
2020-07-30,ADBL,415.0,427.0,429.0,415.0,34944,stock
2020-08-02,ADBL,419.0,406.0,422.0,406.0,64556,stock
2020-08-03,ADBL,407.0,411.0,418.0,405.0,26260,stock
2020-08-05,ADBL,419.0,407.0,419.0,402.0,30060,stock
2020-08-06,ADBL,405.0,406.0,408.0,401.0,33954,stock
2020-08-09,ADBL,401.0,412.0,412.0,399.0,33276,stock
2020-08-10,ADBL,432.0,425.0,432.0,413.0,30437,stock
2020-08-11,ADBL,427.0,419.0,427.0,418.0,26345,stock
2020-08-12,ADBL,414.0,419.0,422.0,414.0,25454,stock
2020-08-13,ADBL,425.0,415.0,425.0,414.0,27971,stock
2020-08-16,ADBL,411.0,410.0,416.0,405.0,34679,stock
2020-08-17,ADBL,410.0,415.0,415.0,406.0,20840,stock
2020-08-18,ADBL,416.0,417.0,418.0,411.0,16446,stock
2020-08-19,ADBL,410.0,409.0,415.0,408.0,25812,stock
2020-08-20,ADBL,410.0,412.0,412.0,406.0,8351,stock
2020-08-23,ADBL,419.0,414.0,419.0,411.0,8109,stock
2020-08-24,ADBL,418.0,420.0,420.0,415.0,30112,stock
2020-08-25,ADBL,424.0,421.0,427.0,419.0,39774,stock
2020-08-26,ADBL,425.0,426.0,429.0,420.0,39150,stock
2020-08-27,ADBL,429.0,425.0,430.0,425.0,30360,stock
2020-08-30,ADBL,425.0,424.0,446.0,421.0,20137,stock
2020-08-31,ADBL,429.0,429.0,431.0,423.0,40437,stock
2020-09-02,ADBL,436.0,436.0,440.0,432.0,108553,stock
2020-09-03,ADBL,436.0,432.0,438.0,430.0,54999,stock
2020-09-06,ADBL,431.0,429.0,447.0,429.0,51535,stock
2020-09-07,ADBL,426.0,424.0,429.0,422.0,30894,stock
2020-09-08,ADBL,423.0,422.0,424.0,417.0,18591,stock
2020-09-09,ADBL,443.0,423.0,443.0,418.0,30486,stock
2020-09-10,ADBL,444.0,425.0,444.0,422.0,30353,stock
2020-09-13,ADBL,425.0,429.0,429.0,425.0,40426,stock
2020-09-14,ADBL,429.0,435.0,439.0,429.0,64709,stock
2020-09-15,ADBL,438.0,433.0,440.0,429.0,31509,stock
2020-09-16,ADBL,435.0,430.0,435.0,426.0,35281,stock
2020-09-17,ADBL,451.0,437.0,451.0,428.0,95389,stock
2020-09-20,ADBL,443.0,440.0,450.0,435.0,53218,stock
2020-09-21,ADBL,440.0,436.0,441.0,432.0,54729,stock
2020-09-22,ADBL,440.0,434.0,440.0,431.0,93124,stock
2020-09-23,ADBL,438.0,436.0,438.0,430.0,38716,stock
2020-09-24,ADBL,438.0,435.0,438.0,431.0,43273,stock
2020-09-27,ADBL,438.0,440.0,442.0,433.0,66164,stock
2020-09-28,ADBL,440.0,441.0,443.0,439.0,31645,stock
2020-09-29,ADBL,441.0,438.0,441.0,437.0,45801,stock
2020-09-30,ADBL,445.0,436.0,445.0,434.0,37898,stock
2020-10-01,ADBL,435.0,439.0,440.0,435.0,17254,stock
2020-10-04,ADBL,440.0,440.0,445.0,440.0,76534,stock
2020-10-05,ADBL,441.0,439.0,443.0,438.0,40920,stock
2020-10-06,ADBL,440.0,450.0,450.0,439.0,117064,stock
2020-10-07,ADBL,450.0,448.0,451.0,444.0,55530,stock
2020-10-08,ADBL,450.0,443.0,450.0,442.0,37815,stock
2020-10-11,ADBL,440.0,439.0,442.0,438.0,27787,stock
2020-10-12,ADBL,455.0,440.0,455.0,436.0,35458,stock
2020-10-13,ADBL,440.0,439.0,440.0,438.0,18523,stock
2020-10-14,ADBL,440.0,439.0,440.0,436.0,19883,stock
2020-10-15,ADBL,443.0,442.0,445.0,437.0,35904,stock
2020-10-18,ADBL,438.0,439.0,441.0,437.0,28101,stock
2020-10-19,ADBL,438.0,440.0,441.0,436.0,23746,stock
2020-10-20,ADBL,443.0,442.0,444.0,441.0,28155,stock
2020-10-21,ADBL,443.0,450.0,450.0,443.0,48986,stock
2020-10-22,ADBL,453.0,454.0,455.0,450.0,68836,stock
2020-10-28,ADBL,457.0,473.0,474.0,456.0,83397,stock
2020-10-29,ADBL,475.0,472.0,483.0,471.0,114747,stock
2020-11-01,ADBL,472.0,477.0,479.0,468.0,116363,stock
2020-11-02,ADBL,477.0,469.0,479.0,469.0,52560,stock
2020-11-03,ADBL,480.0,467.0,480.0,465.0,53871,stock
2020-11-04,ADBL,468.0,464.0,468.0,462.0,33667,stock
2020-11-05,ADBL,464.0,470.0,476.0,462.0,102758,stock
2020-11-08,ADBL,470.0,471.0,472.0,468.0,26833,stock
2020-11-09,ADBL,470.0,472.0,474.0,468.0,33751,stock
2020-11-10,ADBL,474.0,470.0,475.0,468.0,80125,stock
2020-11-11,ADBL,472.0,479.0,482.0,472.0,69277,stock
2020-11-12,ADBL,475.0,484.0,484.0,475.0,79435,stock
2020-11-18,ADBL,475.0,487.0,495.0,470.0,143816,stock
2020-11-19,ADBL,511.0,491.0,511.0,489.0,71429,stock
2020-11-22,ADBL,495.0,505.0,512.0,495.0,152285,stock
2020-11-23,ADBL,510.0,512.0,515.0,506.0,196565,stock
2020-11-24,ADBL,512.0,512.0,517.0,510.0,66020,stock
2020-11-25,ADBL,511.0,523.0,525.0,511.0,79838,stock
2020-11-26,ADBL,525.0,525.0,532.0,520.0,85540,stock
2020-11-29,ADBL,526.0,554.0,559.0,524.0,230701,stock
2020-11-30,ADBL,560.0,541.0,576.0,535.0,169861,stock
2020-12-01,ADBL,541.0,530.0,541.0,516.0,151300,stock
2020-12-02,ADBL,525.0,535.0,536.0,520.0,111044,stock
2020-12-03,ADBL,534.0,532.0,540.0,528.0,90643,stock
2020-12-06,ADBL,522.0,517.0,533.0,516.0,171129,stock
2020-12-07,ADBL,515.0,532.0,533.0,510.0,131127,stock
2020-12-08,ADBL,530.0,547.0,552.0,530.0,226073,stock
2020-12-09,ADBL,545.0,536.0,547.0,534.0,92328,stock
2020-12-10,ADBL,535.0,535.0,538.0,526.0,54470,stock
2020-12-13,ADBL,540.0,552.0,555.0,538.0,136826,stock
2020-12-14,ADBL,555.0,535.0,561.0,527.0,323130,stock
2020-12-15,ADBL,540.0,528.0,545.0,527.0,117229,stock
2020-12-16,ADBL,550.0,527.0,550.0,524.0,76542,stock
2020-12-17,ADBL,530.0,518.0,530.0,515.0,87068,stock
2020-12-20,ADBL,515.0,492.0,520.0,483.0,104545,stock
2020-12-21,ADBL,483.0,485.0,498.0,474.0,103564,stock
2020-12-22,ADBL,490.0,503.0,503.0,490.0,85171,stock
2020-12-23,ADBL,495.0,500.0,516.0,495.0,73410,stock
2020-12-24,ADBL,500.0,493.0,500.0,489.0,57679,stock
2020-12-27,ADBL,495.0,493.0,496.0,488.0,41700,stock
2020-12-28,ADBL,490.0,492.0,495.0,485.0,32570,stock
2020-12-29,ADBL,494.0,488.0,494.0,487.0,96176,stock
2020-12-30,ADBL,435.0,422.0,435.0,415.0,30138,stock
2020-12-31,ADBL,417.0,425.0,432.0,416.0,48740,stock
2021-01-03,ADBL,433.0,440.0,441.0,433.0,46462,stock
2021-01-04,ADBL,442.0,439.0,445.0,435.0,29054,stock
2021-01-05,ADBL,443.0,435.0,443.0,431.0,22837,stock
2021-01-06,ADBL,431.0,438.0,438.0,431.0,33745,stock
2021-01-07,ADBL,440.0,438.0,443.0,432.0,39177,stock
2021-01-10,ADBL,438.0,450.0,450.0,438.0,90717,stock
2021-01-11,ADBL,453.0,451.0,459.0,450.0,59076,stock
2021-01-12,ADBL,473.0,454.0,473.0,451.0,28076,stock
2021-01-13,ADBL,452.0,450.0,460.0,450.0,52729,stock
2021-01-17,ADBL,459.0,453.0,459.0,452.0,52720,stock
2021-01-18,ADBL,454.0,448.0,456.0,448.0,61879,stock
2021-01-19,ADBL,450.0,449.0,450.0,443.0,64531,stock
2021-01-20,ADBL,450.0,444.0,450.0,443.0,43511,stock
2021-01-21,ADBL,466.0,444.0,466.0,441.0,48043,stock
2021-01-24,ADBL,445.0,446.0,456.0,445.0,58964,stock
2021-01-25,ADBL,446.0,460.0,464.0,444.0,125936,stock
2021-01-26,ADBL,465.0,484.0,490.0,460.0,216204,stock
2021-01-27,ADBL,485.0,470.0,485.0,468.0,87784,stock
2021-01-28,ADBL,470.0,459.0,470.0,453.0,112245,stock
2021-01-31,ADBL,458.0,445.0,458.0,441.0,106833,stock
2021-02-01,ADBL,445.0,446.0,459.0,440.0,39012,stock
2021-02-02,ADBL,449.0,447.0,453.0,445.0,63651,stock
2021-02-03,ADBL,450.0,451.0,464.0,447.0,86928,stock
2021-02-04,ADBL,459.0,451.0,459.0,442.0,77015,stock
2021-02-07,ADBL,451.0,450.0,452.0,447.0,68729,stock
2021-02-08,ADBL,454.0,464.0,480.0,446.0,107995,stock
2021-02-09,ADBL,480.0,457.0,480.0,451.0,52134,stock
2021-02-10,ADBL,460.0,457.0,461.0,449.0,34799,stock
2021-02-11,ADBL,453.0,451.0,464.0,451.0,58376,stock
2021-02-14,ADBL,450.0,448.0,455.0,446.0,52654,stock
2021-02-15,ADBL,470.0,456.0,470.0,449.0,64582,stock
2021-02-16,ADBL,460.0,462.0,468.0,452.0,103729,stock
2021-02-17,ADBL,463.0,467.0,469.0,456.0,119712,stock
2021-02-18,ADBL,470.0,472.0,479.0,465.0,117240,stock
2021-02-21,ADBL,471.0,473.0,484.0,467.0,115833,stock
2021-02-22,ADBL,474.0,464.0,474.0,460.0,99940,stock
2021-02-23,ADBL,460.0,455.0,460.0,446.0,61301,stock
2021-02-24,ADBL,477.0,459.0,477.0,453.0,76992,stock
2021-02-25,ADBL,466.0,455.0,466.0,450.0,60468,stock
2021-02-28,ADBL,450.0,441.0,450.0,438.0,87385,stock
2021-03-01,ADBL,441.0,445.0,449.0,435.0,86938,stock
2021-03-02,ADBL,449.0,435.0,449.0,430.0,70484,stock
2021-03-03,ADBL,435.0,428.0,435.0,421.0,74820,stock
2021-03-04,ADBL,431.0,434.0,436.0,430.0,58945,stock
2021-03-08,ADBL,434.0,430.0,441.0,429.0,72363,stock
2021-03-09,ADBL,430.0,426.0,431.0,424.0,36121,stock
2021-03-10,ADBL,421.0,426.0,434.0,421.0,41639,stock
2021-03-14,ADBL,420.0,418.0,428.0,417.0,47505,stock
2021-03-15,ADBL,426.0,417.0,426.0,415.0,29309,stock
2021-03-16,ADBL,415.0,417.0,421.0,414.0,38698,stock
2021-03-17,ADBL,423.0,423.0,424.0,415.0,18916,stock
2021-03-18,ADBL,444.0,430.0,444.0,423.0,37568,stock
2021-03-21,ADBL,430.0,437.0,440.0,430.0,38957,stock
2021-03-22,ADBL,438.0,429.0,438.0,429.0,32906,stock
2021-03-23,ADBL,430.0,427.0,434.0,423.0,23070,stock
2021-03-24,ADBL,430.0,429.0,437.0,426.0,45332,stock
2021-03-25,ADBL,434.0,431.0,434.0,426.0,55859,stock
2021-03-29,ADBL,434.0,429.0,434.0,425.0,27514,stock
2021-03-30,ADBL,432.0,428.0,432.0,426.0,28165,stock
2021-03-31,ADBL,433.0,445.0,452.0,426.0,108531,stock
2021-04-01,ADBL,455.0,439.0,455.0,434.0,69742,stock
2021-04-04,ADBL,440.0,441.0,445.0,434.0,71522,stock
2021-04-05,ADBL,445.0,437.0,445.0,435.0,38063,stock
2021-04-06,ADBL,432.0,437.0,439.0,432.0,48766,stock
2021-04-07,ADBL,438.0,437.0,439.0,432.0,30237,stock
2021-04-08,ADBL,439.0,437.0,439.0,434.0,42866,stock
2021-04-12,ADBL,436.0,437.0,438.0,431.0,64341,stock
2021-04-13,ADBL,450.0,445.0,450.0,437.0,102443,stock
2021-04-15,ADBL,450.0,448.0,452.0,445.0,80699,stock
2021-04-18,ADBL,455.0,441.0,456.0,439.0,75807,stock
2021-04-19,ADBL,436.0,433.0,440.0,432.0,75119,stock
2021-04-20,ADBL,430.0,430.0,436.0,429.0,69148,stock
2021-04-21,ADBL,427.0,429.0,435.0,425.0,67723,stock
2021-04-22,ADBL,435.0,428.0,435.0,424.0,57567,stock
2021-04-25,ADBL,431.0,419.0,431.0,418.0,53306,stock
2021-04-26,ADBL,418.0,412.0,424.0,402.0,82121,stock
2021-04-27,ADBL,415.0,416.0,418.0,407.0,91231,stock
2021-04-28,ADBL,420.0,415.0,421.0,411.0,41259,stock
2021-04-29,ADBL,415.0,419.0,421.0,414.0,48621,stock
2021-05-02,ADBL,422.0,424.0,427.0,420.0,58954,stock
2021-05-03,ADBL,428.0,418.0,430.0,417.0,63178,stock
2021-05-04,ADBL,423.0,417.0,423.0,415.0,46355,stock
2021-05-05,ADBL,398.0,417.0,423.0,398.0,48809,stock
2021-05-06,ADBL,425.0,417.0,425.0,415.0,43509,stock
2021-05-09,ADBL,417.0,419.0,421.0,412.0,44803,stock
2021-05-10,ADBL,422.0,420.0,422.0,416.0,34550,stock
2021-05-11,ADBL,430.0,421.0,430.0,418.0,47979,stock
2021-05-12,ADBL,421.0,419.0,422.0,418.0,34976,stock
2021-05-13,ADBL,420.0,419.0,421.0,418.0,43764,stock
2021-05-16,ADBL,422.0,425.0,425.0,421.0,64623,stock
2021-05-17,ADBL,435.0,428.0,435.0,427.0,50942,stock
2021-05-18,ADBL,431.0,433.0,433.0,428.0,73076,stock
2021-05-19,ADBL,434.0,435.0,441.0,432.0,87374,stock
2021-05-20,ADBL,455.0,437.0,455.0,428.0,60345,stock
2021-05-23,ADBL,435.0,445.0,445.0,428.0,95466,stock
2021-05-24,ADBL,446.0,452.0,455.0,446.0,201509,stock
2021-05-25,ADBL,453.0,446.0,453.0,443.0,45800,stock
2021-05-27,ADBL,440.0,444.0,446.0,435.0,86267,stock
2021-05-30,ADBL,444.0,448.0,454.0,440.0,156823,stock
2021-05-31,ADBL,452.0,442.0,455.0,441.0,63529,stock
2021-06-01,ADBL,440.0,437.0,442.0,434.0,72507,stock
2021-06-02,ADBL,437.0,440.0,443.0,435.0,67701,stock
2021-06-03,ADBL,445.0,450.0,455.0,440.0,169456,stock
2021-06-06,ADBL,455.0,466.0,481.0,455.0,309217,stock
2021-06-07,ADBL,444.0,459.0,480.0,444.0,178135,stock
2021-06-08,ADBL,460.0,463.0,468.0,458.0,181070,stock
2021-06-09,ADBL,463.0,462.0,469.0,459.0,94004,stock
2021-06-10,ADBL,460.0,457.0,465.0,456.0,69384,stock
2021-06-13,ADBL,457.0,461.0,463.0,447.0,135433,stock
2021-06-14,ADBL,461.0,478.0,485.0,460.0,238183,stock
2021-06-15,ADBL,480.0,487.0,497.0,480.0,346796,stock
2021-06-16,ADBL,487.0,492.0,510.0,482.0,249556,stock
2021-06-17,ADBL,498.0,490.0,501.0,489.0,132336,stock
2021-06-20,ADBL,466.0,476.0,500.0,466.0,185371,stock
2021-06-21,ADBL,495.0,470.0,495.0,466.0,158267,stock
2021-06-22,ADBL,450.0,482.0,483.0,450.0,112308,stock
2021-06-23,ADBL,482.0,471.0,482.0,470.0,72529,stock
2021-06-24,ADBL,491.0,482.0,491.0,465.0,168916,stock
2021-06-27,ADBL,476.0,493.0,500.0,476.0,165483,stock
2021-06-28,ADBL,517.0,497.0,517.0,491.0,183885,stock
2021-06-29,ADBL,500.0,485.0,503.0,482.0,73114,stock
2021-06-30,ADBL,476.0,482.0,484.0,472.0,49724,stock
2021-07-01,ADBL,458.0,484.0,491.0,458.0,97084,stock
2021-07-04,ADBL,484.0,477.0,487.0,475.0,54096,stock
2021-07-05,ADBL,477.0,476.0,484.0,471.0,37585,stock
2021-07-06,ADBL,475.0,473.0,477.0,470.0,44597,stock
2021-07-07,ADBL,482.0,471.0,482.0,471.0,77933,stock
2021-07-08,ADBL,472.0,477.0,480.0,470.0,51483,stock
2021-07-11,ADBL,478.0,488.0,488.0,477.0,63968,stock
2021-07-12,ADBL,490.0,480.0,494.0,478.0,69957,stock
2021-07-13,ADBL,473.0,481.0,483.0,473.0,64679,stock
2021-07-14,ADBL,488.0,479.0,488.0,477.0,40531,stock
2021-07-15,ADBL,480.0,479.0,482.0,476.0,59702,stock
2021-07-18,ADBL,479.0,508.0,510.0,479.0,199269,stock
2021-07-19,ADBL,515.0,512.0,525.3,509.0,298032,stock
2021-07-20,ADBL,512.0,545.0,545.7,506.0,428610,stock
2021-07-22,ADBL,555.0,588.0,599.5,550.1,800592,stock
2021-07-25,ADBL,599.7,597.0,605.8,582.0,400066,stock
2021-07-26,ADBL,593.0,579.0,597.0,575.0,564272,stock
2021-07-27,ADBL,570.0,575.0,585.0,557.0,308307,stock
2021-07-28,ADBL,575.0,570.0,582.0,568.0,130006,stock
2021-07-29,ADBL,575.0,571.0,575.0,560.0,107729,stock
2021-08-01,ADBL,575.0,568.0,576.0,565.0,134087,stock
2021-08-02,ADBL,565.0,573.0,574.9,565.0,90713,stock
2021-08-03,ADBL,575.0,580.0,583.0,571.1,98770,stock
2021-08-04,ADBL,591.6,582.5,591.6,577.2,117917,stock
2021-08-05,ADBL,583.0,580.0,587.0,578.0,128975,stock
2021-08-08,ADBL,581.0,581.0,586.0,580.0,106350,stock
2021-08-09,ADBL,586.0,580.0,586.0,576.0,98808,stock
2021-08-10,ADBL,590.0,593.0,598.0,575.0,164275,stock
2021-08-11,ADBL,604.8,589.0,620.0,588.0,332172,stock
2021-08-12,ADBL,589.0,593.1,599.0,588.0,207792,stock
2021-08-15,ADBL,604.0,594.0,604.9,585.0,246363,stock
2021-08-16,ADBL,600.0,590.0,600.0,587.2,178209,stock
2021-08-17,ADBL,585.0,583.9,594.0,582.1,119069,stock
2021-08-18,ADBL,582.0,595.0,600.0,575.0,203897,stock
2021-08-19,ADBL,596.0,590.5,600.0,590.0,155462,stock
2021-08-24,ADBL,595.0,580.0,595.0,578.0,84503,stock
2021-08-25,ADBL,576.0,569.2,578.2,568.2,81382,stock
2021-08-26,ADBL,569.0,570.0,574.0,565.0,73544,stock
2021-08-29,ADBL,570.0,559.0,579.0,558.7,74915,stock
2021-08-31,ADBL,555.0,544.0,556.0,540.0,99639,stock
2021-09-01,ADBL,544.0,548.5,554.0,538.0,93937,stock
2021-09-02,ADBL,548.0,547.0,555.0,540.3,64932,stock
2021-09-05,ADBL,539.0,529.0,542.0,517.1,118899,stock
2021-09-06,ADBL,529.0,555.0,555.0,519.1,80904,stock
2021-09-07,ADBL,555.0,544.0,555.0,544.0,39266,stock
2021-09-08,ADBL,544.4,535.0,544.4,530.0,37797,stock
2021-09-09,ADBL,538.0,535.3,543.0,530.0,37249,stock
2021-09-12,ADBL,535.0,539.0,544.0,535.0,49372,stock
2021-09-13,ADBL,548.0,546.0,553.0,540.0,61708,stock
2021-09-14,ADBL,550.0,547.0,552.0,540.0,50050,stock
2021-09-15,ADBL,547.0,536.0,547.0,535.0,51866,stock
2021-09-16,ADBL,535.0,520.2,535.0,515.0,84511,stock
2021-09-20,ADBL,525.0,507.9,526.0,503.0,112904,stock
2021-09-21,ADBL,500.0,507.0,518.0,492.0,80684,stock
2021-09-22,ADBL,517.0,529.0,535.0,510.0,61892,stock
2021-09-23,ADBL,539.5,545.0,559.0,532.0,113896,stock
2021-09-26,ADBL,555.7,540.0,560.0,536.0,80063,stock
2021-09-27,ADBL,539.0,523.0,539.0,515.0,71015,stock
2021-09-28,ADBL,525.0,509.0,525.0,506.0,65077,stock
2021-09-29,ADBL,510.0,512.0,512.0,494.9,78586,stock
2021-09-30,ADBL,515.0,508.0,517.0,505.0,48902,stock
2021-10-03,ADBL,508.0,498.0,508.0,498.0,62039,stock
2021-10-04,ADBL,498.0,497.0,502.0,491.0,54880,stock
2021-10-05,ADBL,495.0,504.0,507.0,492.0,55864,stock
2021-10-06,ADBL,514.0,506.0,514.9,500.0,39844,stock
2021-10-10,ADBL,506.0,509.5,524.0,505.0,51759,stock
2021-10-11,ADBL,509.0,509.0,510.9,500.0,26076,stock
2021-10-17,ADBL,509.0,507.9,514.9,505.0,13824,stock
2021-10-18,ADBL,508.0,496.0,508.0,494.2,38949,stock
2021-10-19,ADBL,502.0,493.0,502.0,482.0,42712,stock
2021-10-20,ADBL,502.8,503.8,517.1,492.0,28247,stock
2021-10-21,ADBL,494.0,500.2,505.0,494.0,30079,stock
2021-10-24,ADBL,501.0,503.0,505.0,492.0,39448,stock
2021-10-25,ADBL,504.0,512.0,513.0,499.0,47523,stock
2021-10-26,ADBL,520.0,525.0,525.0,513.0,60461,stock
2021-10-27,ADBL,527.0,551.0,558.5,516.0,193472,stock
2021-10-28,ADBL,555.0,538.0,560.0,538.0,91581,stock
2021-10-31,ADBL,530.0,532.0,544.0,524.0,75090,stock
2021-11-01,ADBL,521.4,521.0,535.0,520.0,66975,stock
2021-11-02,ADBL,521.0,528.5,529.9,515.0,30675,stock
2021-11-03,ADBL,539.0,542.9,549.0,533.0,103451,stock
2021-11-08,ADBL,543.0,528.0,544.0,528.0,27478,stock
2021-11-09,ADBL,528.1,515.0,530.0,512.0,53120,stock
2021-11-11,ADBL,512.0,507.0,520.0,500.0,68078,stock
2021-11-14,ADBL,503.0,508.9,510.0,497.0,36575,stock
2021-11-15,ADBL,510.0,506.5,514.9,506.0,27116,stock
2021-11-16,ADBL,507.0,508.0,513.0,500.0,48725,stock
2021-11-17,ADBL,518.0,512.9,518.0,508.2,47611,stock
2021-11-18,ADBL,503.1,508.2,511.0,503.1,19692,stock
2021-11-21,ADBL,508.0,504.0,510.0,502.5,39307,stock
2021-11-22,ADBL,504.0,504.2,509.0,503.0,20171,stock
2021-11-23,ADBL,500.0,497.1,505.0,495.0,36868,stock
2021-11-24,ADBL,497.0,495.9,498.9,495.1,36718,stock
2021-11-25,ADBL,496.0,495.0,499.5,491.0,40312,stock
2021-11-28,ADBL,491.0,476.0,495.0,470.0,64115,stock
2021-11-29,ADBL,471.0,477.5,483.0,469.0,25152,stock
2021-11-30,ADBL,474.0,473.0,480.0,468.0,35963,stock
2021-12-01,ADBL,472.0,473.0,475.0,470.0,28814,stock
2021-12-02,ADBL,475.0,467.0,476.9,467.0,37874,stock
2021-12-05,ADBL,461.0,446.0,465.0,444.0,68193,stock
2021-12-06,ADBL,446.0,451.0,459.0,430.0,68814,stock
2021-12-07,ADBL,452.1,448.0,456.9,448.0,28400,stock
2021-12-08,ADBL,445.0,441.0,445.0,437.0,27135,stock
2021-12-09,ADBL,440.0,439.0,440.0,430.0,40348,stock
2021-12-12,ADBL,437.0,421.0,441.0,421.0,32738,stock
2021-12-13,ADBL,421.0,421.0,421.7,406.1,50626,stock
2021-12-14,ADBL,429.0,437.0,440.0,420.5,12873,stock
2021-12-15,ADBL,445.0,435.0,453.0,430.0,34320,stock
2021-12-16,ADBL,435.0,441.0,441.0,430.1,42355,stock
2021-12-20,ADBL,449.8,463.0,471.9,449.8,203606,stock
2021-12-21,ADBL,472.1,468.0,472.2,458.7,89845,stock
2021-12-22,ADBL,475.0,486.0,488.0,468.0,91095,stock
2021-12-23,ADBL,494.9,496.0,497.0,481.0,77234,stock
2021-12-26,ADBL,499.1,500.0,502.0,495.0,130801,stock
2021-12-27,ADBL,510.0,493.0,510.0,491.0,88858,stock
2021-12-28,ADBL,493.0,494.0,498.0,488.0,91046,stock
2021-12-29,ADBL,499.0,492.0,499.0,488.0,200533,stock
2022-01-02,ADBL,410.0,411.0,412.0,400.1,78818,stock
2022-01-03,ADBL,416.0,415.0,418.0,412.0,35929,stock
2022-01-04,ADBL,422.0,422.0,424.0,410.0,52990,stock
2022-01-05,ADBL,426.0,419.0,430.0,418.0,45591,stock
2022-01-06,ADBL,420.0,421.0,422.0,415.5,37485,stock
2022-01-09,ADBL,424.0,431.0,434.0,420.0,79470,stock
2022-01-10,ADBL,435.0,429.0,437.5,427.0,70123,stock
2022-01-11,ADBL,429.5,428.9,432.9,426.1,41350,stock
2022-01-12,ADBL,435.0,424.0,435.0,422.0,39598,stock
2022-01-13,ADBL,421.5,426.9,426.9,421.5,37250,stock
2022-01-16,ADBL,426.9,435.0,437.0,430.1,63396,stock
2022-01-17,ADBL,441.0,441.0,442.0,435.0,50102,stock
2022-01-18,ADBL,441.0,440.0,448.0,436.9,95284,stock
2022-01-19,ADBL,440.0,433.0,442.0,426.3,60921,stock
2022-01-20,ADBL,430.0,433.0,435.0,427.5,41039,stock
2022-01-23,ADBL,440.0,430.2,441.0,428.0,42972,stock
2022-01-24,ADBL,434.0,422.0,434.0,418.0,67946,stock
2022-01-25,ADBL,420.0,419.9,425.0,415.0,51430,stock
2022-01-26,ADBL,420.0,416.4,420.0,415.0,27790,stock
2022-01-27,ADBL,415.0,417.0,423.0,415.0,21775,stock
2022-01-30,ADBL,425.0,424.7,432.0,420.1,39524,stock
2022-01-31,ADBL,426.0,422.0,426.0,421.2,20348,stock
2022-02-01,ADBL,420.0,423.0,424.0,418.0,33761,stock
2022-02-03,ADBL,425.0,420.6,425.0,420.0,47402,stock
2022-02-06,ADBL,418.0,418.0,422.0,417.0,33404,stock
2022-02-07,ADBL,416.5,417.0,423.0,416.1,26388,stock
2022-02-08,ADBL,423.0,417.0,425.0,416.0,33948,stock
2022-02-09,ADBL,417.0,415.5,418.0,413.0,16231,stock
2022-02-10,ADBL,422.0,414.5,422.0,413.0,20035,stock
2022-02-13,ADBL,406.3,405.5,414.0,405.0,42697,stock
2022-02-14,ADBL,405.0,404.0,410.0,403.0,24705,stock
2022-02-15,ADBL,405.0,407.0,410.0,403.2,36803,stock
2022-02-16,ADBL,415.0,406.9,415.0,406.0,17607,stock
2022-02-17,ADBL,415.0,405.0,415.0,403.5,18795,stock
2022-02-20,ADBL,400.0,399.0,402.0,395.0,35466,stock
2022-02-21,ADBL,400.0,402.0,405.0,398.0,27798,stock
2022-02-22,ADBL,402.0,404.8,408.0,402.0,15662,stock
2022-02-23,ADBL,405.9,400.0,406.0,399.9,35048,stock
2022-02-24,ADBL,401.0,397.0,401.0,392.0,33591,stock
2022-02-27,ADBL,397.0,395.0,397.3,391.1,29411,stock
2022-02-28,ADBL,395.0,390.0,401.9,388.0,66116,stock
2022-03-02,ADBL,388.0,380.0,390.0,378.0,63480,stock
2022-03-06,ADBL,378.5,380.9,384.5,378.5,31906,stock
2022-03-07,ADBL,382.0,385.0,387.0,382.0,21937,stock
2022-03-09,ADBL,389.0,383.9,390.0,381.1,20104,stock
2022-03-10,ADBL,383.0,386.5,386.9,380.0,28256,stock
2022-03-13,ADBL,390.0,403.0,403.0,386.5,56207,stock
2022-03-14,ADBL,409.0,402.0,411.0,395.0,43377,stock
2022-03-15,ADBL,405.0,399.0,405.0,395.0,36194,stock
2022-03-16,ADBL,399.0,396.2,400.0,396.0,20680,stock
2022-03-20,ADBL,400.0,396.6,402.0,392.0,22115,stock
2022-03-21,ADBL,402.0,395.6,402.0,391.0,18867,stock
2022-03-22,ADBL,395.6,398.0,399.4,395.0,20056,stock
2022-03-23,ADBL,405.9,395.0,405.9,392.0,14248,stock
2022-03-24,ADBL,394.5,393.0,395.0,392.0,24489,stock
2022-03-27,ADBL,393.0,388.1,394.0,388.0,20877,stock
2022-03-28,ADBL,385.6,386.0,390.0,384.0,22843,stock
2022-03-29,ADBL,381.0,383.9,389.6,379.0,18020,stock
2022-03-30,ADBL,383.0,385.0,388.0,381.0,19953,stock
2022-03-31,ADBL,387.0,384.1,388.0,383.0,16460,stock
2022-04-03,ADBL,384.1,380.5,385.0,378.6,21505,stock
2022-04-04,ADBL,375.0,379.0,382.0,375.0,44329,stock
2022-04-05,ADBL,385.0,376.8,385.0,371.5,28851,stock
2022-04-06,ADBL,374.0,366.9,378.0,365.0,40684,stock
2022-04-07,ADBL,364.7,373.0,375.0,364.7,22876,stock
2022-04-11,ADBL,373.0,367.0,382.0,366.1,27160,stock
2022-04-12,ADBL,363.6,363.8,373.3,363.6,12556,stock
2022-04-13,ADBL,364.0,367.0,369.0,364.0,29290,stock
2022-04-17,ADBL,370.0,371.0,376.0,368.0,20608,stock
2022-04-18,ADBL,370.0,369.9,374.0,367.0,15159,stock
2022-04-19,ADBL,369.0,371.0,372.0,358.7,19684,stock
2022-04-20,ADBL,373.0,370.0,378.0,367.0,16063,stock
2022-04-21,ADBL,370.0,370.0,370.0,363.0,14989,stock
2022-04-24,ADBL,371.0,376.6,377.0,367.0,22222,stock
2022-04-25,ADBL,380.0,378.0,384.0,375.0,15248,stock
2022-04-26,ADBL,374.0,373.0,377.0,371.5,11521,stock
2022-04-27,ADBL,370.0,371.0,371.0,368.0,12344,stock
2022-04-28,ADBL,378.0,369.0,378.0,367.1,26491,stock
2022-05-02,ADBL,367.0,364.0,367.0,363.6,15384,stock
2022-05-04,ADBL,364.0,361.0,366.0,360.0,12602,stock
2022-05-05,ADBL,361.0,356.3,365.0,356.0,14718,stock
2022-05-08,ADBL,356.3,354.5,356.3,352.0,20085,stock
2022-05-09,ADBL,360.0,365.0,367.0,355.0,16600,stock
2022-05-10,ADBL,372.0,377.7,377.7,365.0,13260,stock
2022-05-11,ADBL,378.0,384.0,384.0,371.0,17055,stock
2022-05-12,ADBL,384.0,379.9,389.0,379.0,13959,stock
2022-05-17,ADBL,383.0,366.0,383.0,365.0,10299,stock
2022-05-18,ADBL,369.0,366.0,369.0,362.0,8992,stock
2022-05-19,ADBL,366.0,365.8,373.0,364.6,7073,stock
2022-05-20,ADBL,366.0,364.0,366.0,360.0,5095,stock
2022-05-23,ADBL,371.0,360.0,371.0,358.6,15982,stock
2022-05-24,ADBL,354.0,362.0,366.0,353.0,10269,stock
2022-05-25,ADBL,362.0,363.0,365.0,360.0,17122,stock
2022-05-26,ADBL,363.0,367.0,367.0,361.0,12109,stock
2022-05-27,ADBL,367.0,364.9,367.0,363.0,10347,stock
2022-05-30,ADBL,367.0,357.0,367.0,356.2,12409,stock
2022-05-31,ADBL,355.0,352.0,355.0,348.1,14454,stock
2022-06-01,ADBL,354.0,352.0,356.0,350.0,10455,stock
2022-06-02,ADBL,352.0,350.0,353.0,348.1,16073,stock
2022-06-03,ADBL,343.1,343.5,352.0,343.1,18065,stock
2022-06-06,ADBL,345.0,343.0,345.5,338.0,20851,stock
2022-06-07,ADBL,340.0,328.9,345.0,322.6,49886,stock
2022-06-08,ADBL,331.0,334.0,337.0,329.2,27291,stock
2022-06-09,ADBL,335.0,335.0,340.6,333.2,15288,stock
2022-06-10,ADBL,339.9,335.6,339.9,326.0,8784,stock
2022-06-13,ADBL,335.6,332.0,340.0,332.0,9837,stock
2022-06-14,ADBL,330.0,328.5,335.0,328.4,11543,stock
2022-06-15,ADBL,329.0,327.0,329.0,323.0,11386,stock
2022-06-16,ADBL,325.0,321.0,330.0,319.2,28991,stock
2022-06-17,ADBL,327.0,319.9,327.0,319.5,7331,stock
2022-06-19,ADBL,325.0,318.0,325.0,315.1,13101,stock
2022-06-20,ADBL,314.0,310.6,318.0,306.1,25115,stock
2022-06-21,ADBL,309.0,311.0,316.0,308.0,26282,stock
2022-06-22,ADBL,315.0,310.0,315.0,304.0,37679,stock
2022-06-23,ADBL,309.0,305.0,310.0,300.2,43832,stock
2022-06-24,ADBL,305.0,309.0,310.0,298.0,12201,stock
2022-06-26,ADBL,314.0,315.1,317.0,307.8,39098,stock
2022-06-27,ADBL,315.9,314.0,321.0,313.0,22811,stock
2022-06-28,ADBL,309.79,330.0,333.1,308.0,21480,stock
2022-06-29,ADBL,330.0,326.5,330.0,314.0,20955,stock
2022-06-30,ADBL,330.0,330.5,332.0,325.0,33598,stock
2022-07-01,ADBL,336.9,326.0,336.9,325.4,14504,stock
2022-07-03,ADBL,326.0,327.0,330.0,324.4,21180,stock
2022-07-04,ADBL,330.0,329.0,338.0,329.0,47200,stock
2022-07-05,ADBL,330.0,329.9,335.0,325.0,35848,stock
2022-07-06,ADBL,334.9,328.0,334.9,318.0,19649,stock
2022-07-07,ADBL,330.0,330.0,334.0,325.0,22802,stock
2022-07-08,ADBL,330.0,323.0,330.0,320.0,6386,stock
2022-07-11,ADBL,318.0,312.4,320.0,310.0,31001,stock
2022-07-12,ADBL,312.4,310.0,318.6,305.8,46072,stock
2022-07-13,ADBL,316.0,312.6,316.0,309.0,28378,stock
2022-07-14,ADBL,318.0,324.9,324.9,314.0,129060,stock
2022-07-15,ADBL,325.0,331.0,333.0,323.0,23305,stock
2022-07-17,ADBL,331.0,333.0,333.0,328.2,13768,stock
2022-07-18,ADBL,331.1,333.0,333.0,327.0,30494,stock
2022-07-19,ADBL,336.0,332.2,338.0,331.7,48655,stock
2022-07-20,ADBL,331.0,330.0,332.0,329.0,9519,stock
2022-07-21,ADBL,336.6,326.0,336.6,325.0,33924,stock
2022-07-22,ADBL,332.1,320.0,332.1,320.0,73821,stock
2022-07-24,ADBL,326.0,325.0,330.0,318.0,34052,stock
2022-07-25,ADBL,325.0,331.9,335.0,325.0,22249,stock
2022-07-26,ADBL,330.0,327.9,334.0,327.0,28310,stock
2022-07-27,ADBL,328.0,329.0,329.0,325.0,15694,stock
2022-07-28,ADBL,330.0,329.2,330.5,327.0,25355,stock
2022-07-29,ADBL,333.5,329.0,333.9,326.0,10688,stock
2022-07-31,ADBL,335.5,334.9,335.5,329.0,52879,stock
2022-08-01,ADBL,339.0,337.0,343.7,333.1,29020,stock
2022-08-02,ADBL,337.9,335.0,338.0,332.0,16845,stock
2022-08-03,ADBL,337.0,331.9,339.0,331.0,24591,stock
2022-08-04,ADBL,330.0,327.2,336.0,326.9,53722,stock
2022-08-05,ADBL,327.0,326.0,333.0,320.8,15314,stock
2022-08-07,ADBL,327.0,324.0,328.0,320.0,25006,stock
2022-08-08,ADBL,323.0,324.0,328.9,322.0,17323,stock
2022-08-09,ADBL,330.3,320.0,330.3,319.1,16292,stock
2022-08-10,ADBL,325.0,319.0,325.9,316.1,13511,stock
2022-08-11,ADBL,321.9,319.9,322.9,318.0,14796,stock
2022-08-14,ADBL,318.0,317.1,323.9,317.1,12706,stock
2022-08-15,ADBL,322.0,325.0,325.0,318.0,14532,stock
2022-08-16,ADBL,324.9,322.9,328.0,321.0,17914,stock
2022-08-17,ADBL,321.0,320.0,323.0,319.0,11949,stock
2022-08-18,ADBL,322.0,323.0,325.0,321.0,17718,stock
2022-08-21,ADBL,323.0,330.0,330.0,323.0,27475,stock
2022-08-22,ADBL,323.4,328.0,330.0,323.4,14918,stock
2022-08-23,ADBL,327.0,328.5,330.0,326.0,10216,stock
2022-08-24,ADBL,332.8,330.5,335.0,329.1,19675,stock
2022-08-25,ADBL,337.1,330.0,337.1,329.0,16629,stock
2022-08-26,ADBL,329.9,325.6,331.5,325.0,7870,stock
2022-08-28,ADBL,325.0,322.5,325.0,321.0,17936,stock
2022-08-29,ADBL,325.0,321.9,325.0,318.1,13656,stock
2022-08-30,ADBL,328.3,322.1,328.3,321.0,11139,stock
2022-08-31,ADBL,320.0,320.7,324.9,320.0,13331,stock
2022-09-01,ADBL,320.0,321.0,323.0,318.0,12572,stock
2022-09-02,ADBL,327.4,320.0,327.4,318.0,3734,stock
2022-09-04,ADBL,319.0,321.0,325.0,319.0,7380,stock
2022-09-05,ADBL,321.0,321.4,324.0,320.0,11229,stock
2022-09-06,ADBL,320.5,321.0,324.0,320.5,13240,stock
2022-09-07,ADBL,320.0,319.8,320.0,317.8,12342,stock
2022-09-08,ADBL,318.0,319.0,321.0,318.0,11069,stock
2022-09-11,ADBL,320.0,314.0,321.0,313.7,24584,stock
2022-09-12,ADBL,320.2,314.0,326.6,312.0,13529,stock
2022-09-13,ADBL,315.0,316.2,318.0,310.0,12273,stock
2022-09-14,ADBL,320.0,321.0,322.5,316.0,23829,stock
2022-09-15,ADBL,325.0,316.0,325.0,315.0,16374,stock
2022-09-16,ADBL,313.0,315.0,315.0,309.0,11315,stock
2022-09-18,ADBL,321.3,314.0,321.3,310.0,11440,stock
2022-09-20,ADBL,311.0,305.1,312.0,303.0,17004,stock
2022-09-21,ADBL,301.0,307.0,311.9,301.0,8026,stock
2022-09-22,ADBL,310.0,305.0,312.9,303.5,13150,stock
2022-09-25,ADBL,310.0,304.0,310.0,300.0,13739,stock
2022-09-27,ADBL,305.0,306.1,310.0,304.0,10558,stock
2022-09-28,ADBL,305.0,310.5,311.0,305.0,8119,stock
2022-09-29,ADBL,310.6,316.0,316.0,305.0,9610,stock
2022-10-09,ADBL,316.0,320.5,321.0,315.0,15873,stock
2022-10-10,ADBL,324.9,316.0,324.9,315.0,13000,stock
2022-10-11,ADBL,316.0,316.0,316.0,310.0,4458,stock
2022-10-12,ADBL,316.0,317.0,319.8,310.0,24496,stock
2022-10-13,ADBL,317.0,315.9,321.0,310.0,44417,stock
2022-10-16,ADBL,314.0,316.0,317.0,313.1,12032,stock
2022-10-17,ADBL,315.0,313.5,321.0,313.0,16317,stock
2022-10-19,ADBL,314.0,313.0,315.0,311.4,11518,stock
2022-10-20,ADBL,313.0,316.0,317.0,310.0,12755,stock
2022-10-23,ADBL,320.0,317.9,320.0,312.0,17351,stock
2022-10-31,ADBL,319.0,317.5,323.0,312.0,13157,stock
2022-11-01,ADBL,317.5,324.0,325.0,313.5,35973,stock
2022-11-02,ADBL,324.1,324.0,329.0,322.0,19128,stock
2022-11-03,ADBL,324.0,319.0,326.0,318.0,12711,stock
2022-11-06,ADBL,319.0,322.0,323.0,313.0,16955,stock
2022-11-07,ADBL,325.0,321.0,325.0,319.0,24381,stock
2022-11-08,ADBL,320.0,321.0,322.0,318.0,9278,stock
2022-11-09,ADBL,320.0,316.5,324.9,316.0,15234,stock
2022-11-10,ADBL,322.8,314.0,322.8,311.8,15742,stock
2022-11-13,ADBL,314.0,311.7,316.0,311.1,11950,stock
2022-11-14,ADBL,310.1,311.0,314.4,310.0,15187,stock
2022-11-15,ADBL,317.2,315.0,323.5,312.0,8337,stock
2022-11-16,ADBL,317.0,314.5,317.0,314.0,13463,stock
2022-11-17,ADBL,315.0,319.5,320.0,315.0,17607,stock
2022-11-22,ADBL,320.0,319.0,322.0,316.0,8935,stock
2022-11-23,ADBL,320.0,317.0,320.0,316.1,9236,stock
2022-11-24,ADBL,317.0,319.0,319.9,315.0,6331,stock
2022-11-27,ADBL,325.0,316.5,325.3,316.0,25216,stock
2022-11-28,ADBL,315.0,312.1,320.0,312.1,30870,stock
2022-11-29,ADBL,312.0,314.3,317.9,311.7,12352,stock
2022-11-30,ADBL,314.4,317.0,319.5,314.0,7447,stock
2022-12-01,ADBL,322.0,318.0,322.0,315.0,9580,stock
2022-12-04,ADBL,320.0,317.0,320.0,314.0,25605,stock
2022-12-05,ADBL,316.1,315.0,316.1,313.0,11332,stock
2022-12-06,ADBL,312.0,311.7,315.4,311.1,16382,stock
2022-12-07,ADBL,312.0,309.0,315.0,308.0,25574,stock
2022-12-11,ADBL,308.0,307.5,309.0,305.2,9650,stock
2022-12-12,ADBL,307.0,310.0,313.0,307.0,9970,stock
2022-12-13,ADBL,310.0,312.5,314.7,310.0,6355,stock
2022-12-14,ADBL,315.0,311.1,315.0,311.0,156925,stock
2022-12-15,ADBL,312.0,310.0,313.0,309.0,14709,stock
2022-12-18,ADBL,316.2,306.0,316.2,302.1,201937,stock
2022-12-19,ADBL,306.0,307.0,311.0,305.0,8067,stock
2022-12-20,ADBL,309.0,305.2,310.0,305.0,13973,stock
2022-12-21,ADBL,302.79,307.7,308.7,301.1,31483,stock
2022-12-22,ADBL,310.0,306.9,310.0,302.0,15590,stock
2022-12-26,ADBL,310.0,315.0,315.0,308.7,21883,stock
2022-12-27,ADBL,321.0,323.3,325.0,320.0,51610,stock
2022-12-28,ADBL,323.0,322.4,323.0,317.2,19569,stock
2022-12-29,ADBL,325.0,328.0,328.8,318.6,25822,stock
2023-01-01,ADBL,334.5,326.0,336.6,325.0,39484,stock
2023-01-02,ADBL,326.0,326.0,329.5,319.5,25571,stock
2023-01-03,ADBL,332.0,329.0,332.5,326.0,42776,stock
2023-01-04,ADBL,332.0,334.5,335.0,329.0,47144,stock
2023-01-05,ADBL,340.0,342.0,342.0,333.5,53538,stock
2023-01-08,ADBL,346.8,340.0,346.8,338.2,92031,stock
2023-01-09,ADBL,340.0,346.0,349.0,335.2,105273,stock
2023-01-10,ADBL,340.0,340.0,355.8,330.0,248684,stock
2023-01-12,ADBL,340.0,330.2,349.4,330.0,67648,stock
2023-01-17,ADBL,329.0,328.0,331.0,325.0,62496,stock
2023-01-18,ADBL,328.0,324.0,331.0,323.4,40481,stock
2023-01-19,ADBL,324.0,324.0,328.0,322.1,37215,stock
2023-01-23,ADBL,317.6,312.1,320.0,308.0,126466,stock
2023-01-24,ADBL,312.0,308.0,318.0,306.1,79173,stock
2023-01-25,ADBL,313.0,311.2,314.0,308.5,34199,stock
2023-01-26,ADBL,315.0,308.0,315.0,308.0,31528,stock
2023-01-29,ADBL,308.0,305.1,310.0,305.1,37956,stock
2023-01-30,ADBL,305.5,302.7,308.0,302.5,66765,stock
2023-01-31,ADBL,302.0,301.0,308.0,300.1,32832,stock
2023-02-01,ADBL,307.0,300.0,307.0,299.0,45514,stock
2023-02-02,ADBL,300.0,298.5,304.0,298.4,32404,stock
2023-02-05,ADBL,304.4,298.0,304.4,297.5,34791,stock
2023-02-06,ADBL,300.0,298.0,300.0,297.0,21360,stock
2023-02-07,ADBL,300.0,304.4,305.9,299.0,41141,stock
2023-02-08,ADBL,308.0,307.0,312.2,305.3,66790,stock
2023-02-09,ADBL,306.0,308.0,309.9,305.0,29687,stock
2023-02-12,ADBL,312.0,300.2,312.0,300.0,28593,stock
2023-02-14,ADBL,300.0,298.5,302.0,298.0,22019,stock
2023-02-16,ADBL,290.2,295.0,298.0,290.2,23137,stock
2023-02-20,ADBL,292.0,293.0,297.0,291.1,25304,stock
2023-02-22,ADBL,293.0,294.0,302.0,293.0,26153,stock
2023-02-23,ADBL,296.0,289.1,296.0,289.0,41640,stock
2023-02-26,ADBL,290.0,286.0,290.0,280.0,32146,stock
2023-02-27,ADBL,286.7,285.0,292.0,283.0,23893,stock
2023-02-28,ADBL,290.0,285.0,290.0,284.0,18954,stock
2023-03-01,ADBL,289.4,282.0,289.4,281.0,18727,stock
2023-03-02,ADBL,280.2,279.3,281.1,278.6,17392,stock
2023-03-05,ADBL,284.7,283.9,284.8,281.3,37017,stock
2023-03-07,ADBL,285.0,291.0,291.0,282.0,34653,stock
2023-03-09,ADBL,293.0,302.0,303.0,291.4,45885,stock
2023-03-12,ADBL,305.0,298.5,307.7,296.1,44726,stock
2023-03-13,ADBL,299.0,299.0,300.8,294.5,69587,stock
2023-03-14,ADBL,299.0,281.7,299.0,279.0,36492,stock
2023-03-15,ADBL,282.0,272.0,282.9,271.1,35903,stock
2023-03-16,ADBL,268.0,261.5,268.5,259.1,59597,stock
2023-03-19,ADBL,264.5,258.2,264.5,258.0,21040,stock
2023-03-20,ADBL,258.2,258.0,262.8,256.1,13799,stock
2023-03-22,ADBL,263.1,256.5,263.1,256.1,20447,stock
2023-03-23,ADBL,254.0,254.0,257.0,252.0,17649,stock
2023-03-26,ADBL,254.0,248.0,254.0,247.0,30751,stock
2023-03-27,ADBL,248.0,244.9,250.0,242.0,39301,stock
2023-03-28,ADBL,244.0,247.3,248.5,243.1,20785,stock
2023-03-29,ADBL,245.0,246.0,249.8,244.0,10613,stock
2023-03-30,ADBL,244.0,244.5,248.7,244.0,12174,stock
2023-04-02,ADBL,249.3,242.0,249.3,241.0,14559,stock
2023-04-03,ADBL,240.0,240.0,242.0,238.0,13807,stock
2023-04-04,ADBL,237.0,239.9,239.9,236.0,20737,stock
2023-04-05,ADBL,241.0,240.0,241.0,237.0,16295,stock
2023-04-06,ADBL,244.0,239.0,244.0,238.2,12283,stock
2023-04-09,ADBL,239.0,234.0,239.0,234.0,18981,stock
2023-04-10,ADBL,234.0,232.1,235.0,230.0,19230,stock
2023-04-11,ADBL,236.7,238.0,241.0,233.0,16466,stock
2023-04-12,ADBL,242.0,251.0,251.0,240.1,31877,stock
2023-04-13,ADBL,256.0,246.0,257.0,246.0,13846,stock
2023-04-16,ADBL,248.0,247.5,255.9,245.9,16060,stock
2023-04-17,ADBL,245.1,242.1,248.0,242.0,15770,stock
2023-04-18,ADBL,240.0,240.0,242.0,238.0,15338,stock
2023-04-19,ADBL,242.0,239.0,243.0,236.2,16398,stock
2023-04-20,ADBL,237.5,239.0,243.7,237.1,30269,stock
2023-04-23,ADBL,235.0,233.5,238.6,230.5,14775,stock
2023-04-24,ADBL,233.5,234.0,237.0,232.1,12092,stock
2023-04-25,ADBL,235.0,237.4,238.0,233.1,12005,stock
2023-04-26,ADBL,234.0,235.5,239.9,233.5,16448,stock
2023-04-27,ADBL,236.0,234.4,238.4,233.0,16190,stock
2023-04-30,ADBL,230.5,233.0,235.0,230.2,10469,stock
2023-05-02,ADBL,230.0,234.9,237.0,230.0,13032,stock
2023-05-03,ADBL,232.0,233.1,235.0,231.2,11916,stock
2023-05-04,ADBL,235.0,233.9,235.0,228.0,41732,stock
2023-05-07,ADBL,231.0,232.0,235.0,230.1,8889,stock
2023-05-08,ADBL,227.6,229.2,234.0,227.6,13142,stock
2023-05-09,ADBL,228.0,230.9,233.7,226.5,5054,stock
2023-05-10,ADBL,230.0,230.0,234.6,230.0,7179,stock
2023-05-11,ADBL,230.1,239.0,239.0,225.0,39101,stock
2023-05-14,ADBL,239.0,227.0,239.0,224.5,69971,stock
2023-05-15,ADBL,227.0,228.0,230.0,225.0,7186,stock
2023-05-16,ADBL,227.0,228.5,229.5,227.0,7257,stock
2023-05-17,ADBL,228.5,229.0,232.0,227.0,10606,stock
2023-05-18,ADBL,233.0,231.0,233.0,229.0,16253,stock
2023-05-21,ADBL,234.9,230.0,235.0,230.0,15468,stock
2023-05-22,ADBL,230.0,230.0,232.0,229.1,12210,stock
2023-05-23,ADBL,230.0,233.1,234.0,229.2,33102,stock
2023-05-24,ADBL,233.0,234.0,237.1,228.6,14945,stock
2023-05-28,ADBL,235.0,232.0,238.0,230.3,69398,stock
2023-05-30,ADBL,232.0,228.0,234.0,228.0,22898,stock
2023-05-31,ADBL,232.0,225.0,232.0,224.0,33715,stock
2023-06-01,ADBL,225.0,227.0,230.0,225.0,21938,stock
2023-06-04,ADBL,227.0,229.5,232.5,227.0,22179,stock
2023-06-05,ADBL,230.0,228.0,233.4,227.5,16703,stock
2023-06-06,ADBL,230.0,228.0,230.0,226.1,15859,stock
2023-06-07,ADBL,227.0,228.1,231.5,227.0,19984,stock
2023-06-08,ADBL,230.9,228.0,231.0,226.5,20562,stock
2023-06-11,ADBL,228.0,228.1,230.0,226.0,24092,stock
2023-06-12,ADBL,229.0,230.0,234.0,229.0,34741,stock
2023-06-13,ADBL,230.0,231.0,234.5,228.0,34769,stock
2023-06-14,ADBL,233.0,233.0,236.0,231.3,28078,stock
2023-06-15,ADBL,235.0,231.0,235.0,230.0,15875,stock
2023-06-18,ADBL,235.0,232.0,235.0,229.1,31348,stock
2023-06-19,ADBL,232.0,230.0,233.0,229.4,28445,stock
2023-06-20,ADBL,231.5,230.0,234.0,230.0,24757,stock
2023-06-21,ADBL,234.6,229.0,234.6,228.0,27190,stock
2023-06-22,ADBL,233.5,228.0,233.5,226.5,25728,stock
2023-06-25,ADBL,226.0,228.0,230.0,226.0,55988,stock
2023-06-26,ADBL,230.0,229.9,233.6,226.7,54335,stock
2023-06-27,ADBL,233.9,237.4,237.4,230.0,75381,stock
2023-06-28,ADBL,242.1,236.5,246.9,236.1,64742,stock
2023-07-02,ADBL,240.0,232.5,240.0,231.8,40449,stock
2023-07-03,ADBL,231.1,230.8,235.9,229.0,45071,stock
2023-07-04,ADBL,229.1,234.0,235.0,229.0,36910,stock
2023-07-05,ADBL,232.0,233.0,235.0,230.2,23932,stock
2023-07-06,ADBL,229.9,229.0,232.0,228.0,26895,stock
2023-07-09,ADBL,229.0,230.0,234.5,228.0,19087,stock
2023-07-10,ADBL,234.6,230.0,234.6,229.1,20809,stock
2023-07-11,ADBL,233.0,228.6,233.0,228.6,28173,stock
2023-07-12,ADBL,229.0,228.1,230.0,228.1,21029,stock
2023-07-13,ADBL,232.5,228.2,232.5,228.2,31352,stock
2023-07-16,ADBL,231.9,233.9,234.0,228.0,46266,stock
2023-07-17,ADBL,234.0,240.0,240.7,232.1,39477,stock
2023-07-18,ADBL,244.0,247.0,248.0,241.2,74737,stock
2023-07-19,ADBL,248.0,258.8,259.9,243.0,109807,stock
2023-07-20,ADBL,262.0,255.0,262.0,252.0,50631,stock
2023-07-23,ADBL,255.0,267.0,275.0,253.0,95198,stock
2023-07-24,ADBL,264.0,260.0,274.0,256.8,94779,stock
2023-07-25,ADBL,260.0,249.0,262.0,247.0,76633,stock
2023-07-26,ADBL,253.0,251.0,258.0,246.0,48886,stock
2023-07-27,ADBL,255.0,250.0,255.0,248.2,30072,stock
2023-07-30,ADBL,250.0,246.8,255.0,246.0,18263,stock
2023-07-31,ADBL,251.0,247.0,252.0,246.4,13082,stock
2023-08-01,ADBL,246.1,244.0,249.7,244.0,24677,stock
2023-08-02,ADBL,242.0,250.0,250.0,242.0,31501,stock
2023-08-03,ADBL,254.0,248.3,254.7,248.3,30989,stock
2023-08-06,ADBL,253.2,265.0,273.1,253.2,277818,stock
2023-08-07,ADBL,260.0,258.0,264.8,256.0,86650,stock
2023-08-08,ADBL,257.1,257.9,261.0,255.0,27802,stock
2023-08-09,ADBL,257.0,258.0,258.0,252.0,42358,stock
2023-08-10,ADBL,261.0,260.0,262.0,256.0,23004,stock
2023-08-13,ADBL,262.0,264.0,266.0,258.0,76591,stock
2023-08-14,ADBL,269.0,267.3,271.0,264.0,56788,stock
2023-08-15,ADBL,268.0,263.0,271.0,262.3,36592,stock
2023-08-16,ADBL,262.0,261.4,265.0,260.1,19294,stock
2023-08-17,ADBL,264.9,261.9,264.9,261.0,18286,stock
2023-08-20,ADBL,261.9,260.0,265.0,259.0,19605,stock
2023-08-21,ADBL,263.8,260.8,263.8,260.0,21850,stock
2023-08-22,ADBL,261.9,263.0,263.0,258.0,17678,stock
2023-08-23,ADBL,260.1,263.0,265.0,260.1,19743,stock
2023-08-24,ADBL,261.0,260.1,264.0,260.0,22080,stock
2023-08-27,ADBL,259.0,257.0,261.0,256.7,16373,stock
2023-08-28,ADBL,260.0,258.0,260.0,256.0,15772,stock
2023-08-29,ADBL,256.0,257.0,260.0,255.0,14786,stock
2023-08-30,ADBL,261.9,258.5,262.9,258.2,18400,stock
2023-09-03,ADBL,255.0,255.3,260.0,255.0,33984,stock
2023-09-04,ADBL,258.0,254.0,258.0,252.1,17422,stock
2023-09-05,ADBL,250.0,252.1,255.0,250.0,16605,stock
2023-09-07,ADBL,252.2,251.0,253.9,250.6,10055,stock
2023-09-10,ADBL,256.0,254.9,256.0,252.0,12819,stock
2023-09-11,ADBL,259.0,263.9,264.0,255.0,21840,stock
2023-09-12,ADBL,267.5,260.8,267.5,259.2,9532,stock
2023-09-13,ADBL,257.0,264.0,265.5,256.0,18534,stock
2023-09-17,ADBL,269.0,259.9,269.0,259.0,28163,stock
2023-09-18,ADBL,258.0,259.3,260.9,258.0,24190,stock
2023-09-19,ADBL,263.9,261.0,263.9,258.0,14795,stock
2023-09-21,ADBL,265.0,262.7,270.0,262.2,50228,stock
2023-09-24,ADBL,267.0,261.0,267.0,260.0,13632,stock
2023-09-25,ADBL,261.0,260.5,261.9,255.9,10018,stock
2023-09-26,ADBL,264.5,260.0,264.5,258.9,39214,stock
2023-09-27,ADBL,262.0,259.0,265.0,257.1,30760,stock
2023-10-01,ADBL,259.0,258.9,263.0,257.0,60740,stock
2023-10-02,ADBL,257.0,260.3,262.1,256.2,40811,stock
2023-10-03,ADBL,257.0,261.8,262.9,257.0,35324,stock
2023-10-04,ADBL,263.0,259.3,264.6,259.0,8133,stock
2023-10-05,ADBL,263.0,258.0,263.0,256.0,7398,stock
2023-10-08,ADBL,263.0,254.5,263.1,254.4,28146,stock
2023-10-09,ADBL,252.5,253.0,254.0,251.1,10233,stock
2023-10-10,ADBL,257.0,252.0,258.0,251.1,9470,stock
2023-10-11,ADBL,250.0,250.3,255.0,248.0,19245,stock
2023-10-12,ADBL,250.0,248.3,251.9,247.3,28503,stock
2023-10-16,ADBL,250.0,248.0,250.0,246.0,11941,stock
2023-10-17,ADBL,252.0,251.0,253.9,249.0,8118,stock
2023-10-18,ADBL,252.0,260.0,270.0,251.0,23077,stock
2023-10-19,ADBL,264.0,259.0,264.0,255.3,9050,stock
2023-10-29,ADBL,259.0,255.0,259.0,253.0,16265,stock
2023-10-30,ADBL,253.5,255.0,255.0,251.0,33815,stock
2023-10-31,ADBL,260.0,251.7,260.0,250.0,12366,stock
2023-11-01,ADBL,250.0,251.0,251.7,248.0,24366,stock
2023-11-02,ADBL,254.0,248.2,254.0,248.0,14152,stock
2023-11-05,ADBL,244.0,240.9,244.0,236.0,67192,stock
2023-11-06,ADBL,240.0,245.0,253.2,236.1,36331,stock
2023-11-07,ADBL,248.9,244.0,248.9,242.0,28233,stock
2023-11-08,ADBL,244.0,246.5,246.9,240.3,8644,stock
2023-11-09,ADBL,241.6,244.0,245.9,241.0,10046,stock
2023-11-20,ADBL,244.0,239.6,248.5,239.6,13280,stock
2023-11-21,ADBL,239.6,239.0,239.9,235.0,12618,stock
2023-11-22,ADBL,238.0,245.0,245.0,238.0,8661,stock
2023-11-23,ADBL,245.0,245.0,269.5,240.2,6824,stock
2023-11-26,ADBL,240.5,242.0,246.0,240.1,15023,stock
2023-11-27,ADBL,240.0,244.0,245.1,240.0,13748,stock
2023-11-28,ADBL,245.0,242.0,245.0,240.2,8124,stock
2023-11-29,ADBL,242.0,241.8,245.0,240.1,9876,stock
2023-11-30,ADBL,240.0,239.0,241.0,238.0,10214,stock
2023-12-03,ADBL,236.6,239.0,242.9,236.6,14293,stock
2023-12-04,ADBL,236.0,240.0,243.0,236.0,7552,stock
2023-12-05,ADBL,239.9,238.0,240.0,236.0,10287,stock
2023-12-06,ADBL,240.0,236.0,240.0,235.1,10646,stock
2023-12-07,ADBL,236.1,239.0,240.5,236.1,16898,stock
2023-12-10,ADBL,243.7,248.5,248.5,243.7,60,stock
2023-12-11,ADBL,253.4,246.0,258.0,245.0,36977,stock
2023-12-12,ADBL,246.2,245.4,252.0,242.0,68084,stock
2023-12-13,ADBL,250.3,246.7,251.5,246.0,31055,stock
2023-12-14,ADBL,242.6,248.0,249.0,242.6,13670,stock
2023-12-17,ADBL,243.1,248.5,249.8,243.1,25584,stock
2023-12-18,ADBL,250.0,251.0,255.0,247.0,44779,stock
2023-12-19,ADBL,250.0,261.0,262.2,250.0,62432,stock
2023-12-20,ADBL,256.0,261.3,267.2,256.0,57332,stock
2023-12-21,ADBL,261.0,256.0,264.0,255.3,39429,stock
2023-12-24,ADBL,259.0,253.5,260.0,253.1,44028,stock
2023-12-27,ADBL,258.5,249.6,258.5,248.5,15367,stock
2023-12-28,ADBL,249.0,247.0,249.9,245.3,19671,stock
2024-01-01,ADBL,251.0,248.9,251.0,246.2,33313,stock
2024-01-02,ADBL,249.0,248.5,249.0,245.0,34706,stock
2024-01-03,ADBL,248.0,246.9,248.0,243.1,17254,stock
2024-01-04,ADBL,247.0,245.0,249.9,244.0,30433,stock
2024-01-07,ADBL,245.0,243.4,246.0,241.0,39659,stock
2024-01-08,ADBL,248.0,243.7,248.0,241.0,15763,stock
2024-01-09,ADBL,248.0,245.1,248.0,243.1,29582,stock
2024-01-10,ADBL,245.0,245.0,248.0,244.0,31999,stock
2024-01-11,ADBL,244.1,245.0,246.1,242.5,13027,stock
2024-01-14,ADBL,246.1,245.9,247.0,243.7,25759,stock
2024-01-16,ADBL,245.9,246.8,252.0,245.0,43763,stock
2024-01-17,ADBL,247.2,247.0,251.0,245.0,76378,stock
2024-01-18,ADBL,246.0,247.0,250.0,243.1,29336,stock
2024-01-21,ADBL,247.0,243.9,248.2,243.4,48190,stock
2024-01-22,ADBL,243.0,244.0,248.0,243.0,45887,stock
2024-01-23,ADBL,242.1,245.2,246.9,242.1,21982,stock
2024-01-24,ADBL,245.0,245.5,247.0,242.3,25650,stock
2024-01-25,ADBL,244.5,245.1,247.0,244.5,35252,stock
2024-01-28,ADBL,245.0,245.0,248.0,244.0,23496,stock
2024-01-29,ADBL,249.5,246.5,249.5,245.1,22283,stock
2024-01-30,ADBL,249.5,245.5,249.5,244.5,17528,stock
2024-01-31,ADBL,245.0,243.2,247.4,243.2,16597,stock
2024-02-01,ADBL,242.0,240.5,242.5,240.1,18935,stock
2024-02-04,ADBL,245.0,240.5,245.0,239.2,21433,stock
2024-02-05,ADBL,240.0,242.0,242.5,239.0,19382,stock
2024-02-06,ADBL,244.9,240.7,244.9,240.0,12116,stock
2024-02-07,ADBL,245.5,241.0,245.5,239.0,22381,stock
2024-02-11,ADBL,240.0,236.8,240.0,233.6,42535,stock
2024-02-12,ADBL,237.2,238.0,239.0,235.2,17401,stock
2024-02-13,ADBL,238.0,231.3,238.0,231.3,23082,stock
2024-02-14,ADBL,232.0,233.0,235.0,230.1,19694,stock
2024-02-15,ADBL,230.1,236.7,236.7,230.0,42526,stock
2024-02-18,ADBL,233.0,230.6,235.9,230.0,48129,stock
2024-02-20,ADBL,230.0,230.0,234.5,230.0,31788,stock
2024-02-21,ADBL,233.0,230.3,234.4,229.3,11891,stock
2024-02-22,ADBL,230.0,229.0,232.0,228.9,15542,stock
2024-02-25,ADBL,230.0,227.1,230.0,227.1,22617,stock
2024-02-26,ADBL,228.0,228.0,230.0,225.1,14222,stock
2024-02-27,ADBL,226.2,227.0,229.9,226.0,15986,stock
2024-02-28,ADBL,231.0,228.0,231.0,226.2,10145,stock
2024-02-29,ADBL,227.0,225.8,228.0,225.1,16986,stock
2024-03-03,ADBL,230.0,224.0,230.0,223.0,14194,stock
2024-03-04,ADBL,228.0,237.4,237.4,228.0,530,stock
2024-03-05,ADBL,242.1,229.5,242.1,228.6,22320,stock
2024-03-06,ADBL,229.5,228.3,231.0,225.5,22025,stock
2024-03-07,ADBL,229.0,228.1,229.9,226.1,23094,stock
2024-03-10,ADBL,232.6,231.0,236.0,228.0,12089,stock
2024-03-12,ADBL,235.0,239.7,239.7,231.2,34642,stock
2024-03-13,ADBL,240.0,236.0,242.0,235.0,14493,stock
2024-03-14,ADBL,236.0,233.5,236.0,231.4,23461,stock
2024-03-17,ADBL,233.0,235.0,235.0,230.0,26682,stock
2024-03-18,ADBL,239.7,235.0,239.7,234.0,21615,stock
2024-03-19,ADBL,235.0,234.4,236.0,232.0,24816,stock
2024-03-20,ADBL,239.0,234.5,239.0,230.2,21729,stock
2024-03-21,ADBL,230.1,235.0,238.0,230.0,18890,stock
2024-03-25,ADBL,235.0,233.5,235.0,230.3,30270,stock
2024-03-26,ADBL,234.0,233.5,235.0,231.2,24395,stock
2024-03-27,ADBL,233.5,230.1,234.4,228.5,35243,stock
2024-03-28,ADBL,234.7,230.0,234.7,228.4,17792,stock
2024-03-31,ADBL,228.0,228.4,232.0,227.4,12071,stock
2024-04-01,ADBL,228.0,228.0,230.0,225.0,29683,stock
2024-04-02,ADBL,232.5,228.0,232.5,225.3,14167,stock
2024-04-03,ADBL,230.0,230.0,230.0,226.0,27641,stock
2024-04-04,ADBL,226.1,226.2,227.5,226.0,16873,stock
2024-04-07,ADBL,227.0,228.0,229.0,225.1,23508,stock
2024-04-09,ADBL,228.0,227.5,230.0,226.0,14615,stock
2024-04-10,ADBL,230.0,227.0,230.0,226.6,16651,stock
2024-04-14,ADBL,225.0,226.1,229.0,224.0,34920,stock
2024-04-15,ADBL,226.0,225.0,228.0,224.5,11054,stock
2024-04-16,ADBL,225.1,223.6,226.0,223.0,9690,stock
2024-04-18,ADBL,225.0,223.4,225.0,220.5,8650,stock
2024-04-21,ADBL,227.8,233.0,234.0,225.0,50829,stock
2024-04-22,ADBL,234.0,229.4,235.0,229.0,20603,stock
2024-04-24,ADBL,230.0,229.5,231.9,228.1,18242,stock
2024-04-25,ADBL,229.0,230.0,232.9,227.5,13249,stock
2024-04-28,ADBL,228.1,235.5,250.9,226.1,30349,stock
2024-04-29,ADBL,240.2,236.2,240.2,232.0,25653,stock
2024-04-30,ADBL,240.9,240.0,240.9,235.0,35982,stock
2024-05-02,ADBL,244.8,241.0,244.8,238.0,68990,stock
2024-05-05,ADBL,238.0,239.0,240.0,234.5,22003,stock
2024-05-06,ADBL,239.8,235.5,240.0,235.0,22081,stock
2024-05-07,ADBL,235.1,237.1,237.9,235.0,20390,stock
2024-05-08,ADBL,236.5,233.0,236.8,228.0,7893,stock
2024-05-09,ADBL,236.8,239.0,241.5,233.1,37949,stock
2024-05-12,ADBL,243.7,239.0,243.7,234.4,14870,stock
2024-05-13,ADBL,243.7,245.0,246.0,235.0,51018,stock
2024-05-14,ADBL,249.9,245.0,249.9,242.5,13509,stock
2024-05-15,ADBL,241.1,244.0,247.0,240.1,24472,stock
2024-05-16,ADBL,248.8,241.1,248.8,239.0,24081,stock
2024-05-19,ADBL,245.9,254.0,260.1,242.0,67790,stock
2024-05-20,ADBL,259.0,261.1,265.1,254.0,147012,stock
2024-05-21,ADBL,266.3,261.5,266.3,260.1,38353,stock
2024-05-22,ADBL,258.0,280.0,287.6,258.0,168134,stock
2024-05-26,ADBL,285.0,277.5,285.6,276.0,93070,stock
2024-05-27,ADBL,277.5,277.0,280.0,272.0,63787,stock
2024-05-29,ADBL,282.5,270.0,292.9,267.0,55763,stock
2024-05-30,ADBL,267.0,261.0,267.3,260.0,30737,stock
2024-06-02,ADBL,264.9,265.0,265.6,258.1,36533,stock
2024-06-03,ADBL,270.3,262.0,270.3,261.2,26425,stock
2024-06-04,ADBL,267.2,266.9,267.2,258.0,39795,stock
2024-06-05,ADBL,272.2,264.0,272.2,262.4,16572,stock
2024-06-06,ADBL,268.5,261.9,268.5,260.0,23243,stock
2024-06-09,ADBL,267.1,255.0,267.1,255.0,30419,stock
2024-06-10,ADBL,260.1,254.0,260.1,249.9,38941,stock
2024-06-11,ADBL,259.0,259.0,261.0,254.0,26904,stock
2024-06-12,ADBL,263.0,269.0,282.9,259.6,35200,stock
2024-06-13,ADBL,269.0,266.0,269.0,264.6,17533,stock
2024-06-16,ADBL,270.0,268.0,270.0,261.2,33067,stock
2024-06-18,ADBL,267.9,261.5,267.9,261.5,19809,stock
2024-06-19,ADBL,266.7,263.0,266.7,261.1,8129,stock
2024-06-20,ADBL,258.0,261.0,265.0,258.0,14554,stock
2024-06-23,ADBL,258.1,260.0,287.1,258.0,22427,stock
2024-06-24,ADBL,265.2,265.0,286.0,257.1,41247,stock
2024-06-25,ADBL,266.0,262.5,267.0,261.0,22605,stock
2024-06-26,ADBL,260.1,263.0,264.0,260.0,7484,stock
2024-06-27,ADBL,260.1,261.0,265.0,260.0,28727,stock
2024-06-30,ADBL,262.0,259.0,262.9,257.3,17310,stock
2024-07-01,ADBL,256.0,267.5,268.0,256.0,62619,stock
2024-07-02,ADBL,272.8,272.0,286.6,268.4,87848,stock
2024-07-03,ADBL,272.0,271.0,274.9,262.0,41796,stock
2024-07-04,ADBL,270.0,272.9,275.0,267.1,86098,stock
2024-07-07,ADBL,271.0,281.1,283.0,271.0,106759,stock
2024-07-08,ADBL,282.0,280.5,286.4,279.4,49865,stock
2024-07-09,ADBL,286.1,285.2,287.5,278.0,274360,stock
2024-07-10,ADBL,283.0,286.5,288.0,282.0,42559,stock
2024-07-11,ADBL,288.1,291.0,291.8,286.0,139159,stock
2024-07-14,ADBL,296.8,298.5,308.0,294.0,113142,stock
2024-07-15,ADBL,304.4,294.0,308.0,290.2,115912,stock
2024-07-16,ADBL,299.0,310.0,320.0,288.8,270358,stock
2024-07-17,ADBL,316.2,314.0,316.2,305.0,147540,stock
2024-07-18,ADBL,314.1,331.8,340.0,309.0,213901,stock
2024-07-21,ADBL,332.0,335.0,340.0,321.6,304300,stock
2024-07-22,ADBL,335.0,330.0,335.0,323.4,151988,stock
2024-07-23,ADBL,330.0,343.5,350.0,324.0,237532,stock
2024-07-24,ADBL,343.0,341.5,347.0,337.2,194863,stock
2024-07-25,ADBL,337.5,352.0,354.0,337.0,222739,stock
2024-07-28,ADBL,359.0,387.2,387.2,359.0,671424,stock
2024-07-29,ADBL,394.9,377.0,400.0,374.0,296529,stock
2024-07-30,ADBL,384.5,377.0,384.5,362.0,230971,stock
2024-07-31,ADBL,373.0,376.4,384.9,370.1,287817,stock
2024-08-01,ADBL,383.0,369.8,383.0,369.5,302530,stock
2024-08-05,ADBL,377.1,386.0,400.0,377.1,622697,stock
2024-08-06,ADBL,393.0,372.1,393.0,372.0,338449,stock
2024-08-07,ADBL,372.1,378.0,380.4,367.0,181152,stock
2024-08-08,ADBL,380.0,375.1,384.9,375.0,134799,stock
2024-08-11,ADBL,379.0,383.9,384.9,376.0,303869,stock
2024-08-12,ADBL,383.9,392.0,392.5,383.1,283100,stock
2024-08-13,ADBL,394.0,400.0,405.0,393.0,357409,stock
2024-08-14,ADBL,402.0,402.1,406.0,396.0,259891,stock
2024-08-15,ADBL,405.0,419.0,423.1,400.0,511952,stock
2024-08-18,ADBL,427.3,410.0,428.4,407.0,573837,stock
2024-08-21,ADBL,412.0,414.9,417.0,406.0,272796,stock
2024-08-22,ADBL,411.0,411.0,420.2,410.3,184187,stock
2024-08-25,ADBL,402.8,399.0,415.0,398.2,280315,stock
2024-08-27,ADBL,397.0,382.0,397.0,379.0,316327,stock
2024-08-28,ADBL,382.0,382.5,394.9,378.0,173834,stock
2024-08-29,ADBL,390.0,376.4,390.0,374.0,171319,stock
2024-09-01,ADBL,380.0,373.0,384.5,372.6,129467,stock
2024-09-02,ADBL,373.0,385.0,387.0,371.0,150424,stock
2024-09-03,ADBL,390.0,385.2,392.0,379.2,108022,stock
2024-09-04,ADBL,392.9,376.8,392.9,375.0,136516,stock
2024-09-05,ADBL,378.0,373.0,378.0,368.0,96884,stock
2024-09-08,ADBL,378.4,373.0,378.4,370.0,100624,stock
2024-09-09,ADBL,368.0,362.6,374.5,362.6,86782,stock
2024-09-10,ADBL,364.0,360.0,368.9,358.2,66020,stock
2024-09-11,ADBL,365.2,356.0,365.2,350.0,88445,stock
2024-09-12,ADBL,363.1,365.0,366.4,352.0,61295,stock
2024-09-15,ADBL,371.0,360.0,372.3,359.1,90671,stock
2024-09-16,ADBL,360.0,349.1,360.0,349.0,67066,stock
2024-09-18,ADBL,350.0,353.1,357.9,346.0,86056,stock
2024-09-22,ADBL,360.1,355.6,365.0,355.5,61970,stock
2024-09-23,ADBL,362.7,354.0,362.7,352.0,59299,stock
2024-09-24,ADBL,354.0,351.2,359.0,350.1,83688,stock
2024-09-25,ADBL,351.0,359.0,359.9,348.9,78883,stock
2024-09-26,ADBL,359.0,357.0,365.0,355.0,34594,stock
2024-09-29,ADBL,357.0,352.3,357.0,350.0,35272,stock
2024-09-30,ADBL,350.0,357.5,358.0,350.0,36555,stock
2024-10-01,ADBL,357.0,370.1,372.0,357.0,87013,stock
2024-10-02,ADBL,370.1,369.0,377.0,359.0,79249,stock
2024-10-06,ADBL,369.0,378.0,378.0,367.0,89543,stock
2024-10-07,ADBL,378.0,382.0,385.0,378.0,72876,stock
2024-10-08,ADBL,387.0,381.4,387.0,378.0,55126,stock
2024-10-09,ADBL,378.0,383.5,384.0,376.0,52289,stock
2024-10-15,ADBL,383.5,387.5,389.0,381.0,51430,stock
2024-10-16,ADBL,388.0,395.4,396.0,388.0,88954,stock
2024-10-17,ADBL,400.0,394.0,400.0,392.3,84201,stock
2024-10-20,ADBL,390.0,386.6,394.9,380.0,112813,stock
2024-10-21,ADBL,381.1,377.6,385.9,377.5,85200,stock
2024-10-22,ADBL,375.5,378.1,382.0,374.2,53921,stock
2024-10-23,ADBL,378.1,367.0,384.0,365.0,135310,stock
2024-10-24,ADBL,373.0,361.1,373.0,352.8,118792,stock
2024-10-27,ADBL,354.8,358.9,365.0,354.8,43996,stock
2024-10-28,ADBL,354.1,366.0,366.0,354.1,44073,stock
2024-10-29,ADBL,367.0,371.0,373.3,366.0,63203,stock
2024-10-30,ADBL,377.0,371.5,377.0,370.0,33749,stock
2024-11-05,ADBL,371.0,366.5,376.0,366.2,31483,stock
2024-11-06,ADBL,369.5,366.1,369.5,363.1,32031,stock
2024-11-10,ADBL,373.4,369.9,373.4,363.0,58328,stock
2024-11-11,ADBL,369.0,370.0,375.9,369.0,71670,stock
2024-11-12,ADBL,377.0,369.0,377.0,369.0,62383,stock
2024-11-13,ADBL,375.0,367.2,375.0,364.0,34318,stock
2024-11-14,ADBL,367.0,365.1,371.4,365.0,46503,stock
2024-11-17,ADBL,366.0,363.0,370.9,361.0,72913,stock
2024-11-19,ADBL,360.0,359.1,365.0,359.0,65017,stock
2024-11-20,ADBL,365.0,358.9,365.0,353.0,26760,stock
2024-11-21,ADBL,357.0,353.0,359.0,352.7,55719,stock
2024-11-24,ADBL,359.0,350.0,359.0,350.0,41256,stock
2024-11-25,ADBL,357.0,351.9,357.0,350.0,32139,stock
2024-11-26,ADBL,358.9,356.8,358.9,351.0,28610,stock
2024-11-27,ADBL,358.0,358.0,358.4,356.0,38927,stock
2024-11-28,ADBL,358.0,360.0,361.0,356.0,42328,stock
2024-12-01,ADBL,367.2,355.6,367.2,350.0,43405,stock
2024-12-02,ADBL,359.9,352.4,359.9,351.2,47343,stock
2024-12-03,ADBL,354.0,351.6,354.0,350.2,33741,stock
2024-12-04,ADBL,358.6,352.0,358.6,350.5,38930,stock
2024-12-05,ADBL,350.2,349.0,352.1,348.0,35035,stock
2024-12-08,ADBL,346.1,341.2,349.0,340.0,53335,stock
2024-12-09,ADBL,341.6,339.0,345.0,336.7,32050,stock
2024-12-10,ADBL,340.0,331.0,340.0,330.0,46578,stock
2024-12-11,ADBL,330.0,336.0,336.0,323.0,69547,stock
2024-12-12,ADBL,342.7,333.0,342.7,329.0,27811,stock
2024-12-16,ADBL,333.0,321.0,333.0,320.0,72485,stock
2024-12-17,ADBL,322.0,322.0,324.9,319.1,38502,stock
2024-12-18,ADBL,321.0,322.5,324.9,321.0,27913,stock
2024-12-19,ADBL,328.9,324.0,328.9,323.8,99471,stock
2024-12-22,ADBL,317.6,323.2,326.4,317.6,30552,stock
2024-12-23,ADBL,321.0,325.0,326.0,318.0,34848,stock
2024-12-24,ADBL,327.4,326.9,329.0,322.1,24396,stock
2024-12-26,ADBL,323.4,333.8,335.0,322.0,53904,stock
2024-12-29,ADBL,334.2,333.9,337.0,332.0,105485,stock
2024-12-31,ADBL,321.9,314.0,321.9,309.8,52420,stock
2025-01-01,ADBL,314.0,307.1,315.0,307.0,33089,stock
2025-01-02,ADBL,307.0,306.0,308.0,304.0,28790,stock
2025-01-05,ADBL,310.0,302.0,310.0,300.1,31591,stock
2025-01-06,ADBL,301.0,305.0,305.0,300.0,33107,stock
2025-01-07,ADBL,299.0,303.0,304.9,299.0,23953,stock
2025-01-08,ADBL,309.0,302.1,309.0,300.0,27123,stock
2025-01-09,ADBL,302.0,302.1,303.9,299.5,47238,stock
2025-01-12,ADBL,305.5,296.3,305.5,296.3,23901,stock
2025-01-13,ADBL,297.0,293.9,297.0,290.5,38612,stock
2025-01-15,ADBL,293.0,285.5,293.0,285.0,47411,stock
2025-01-16,ADBL,285.0,283.8,286.0,280.0,46231,stock
2025-01-19,ADBL,280.0,286.5,287.0,275.1,41611,stock
2025-01-20,ADBL,288.1,285.0,289.8,284.0,19577,stock
2025-01-21,ADBL,285.0,281.0,285.0,280.0,29055,stock
2025-01-22,ADBL,281.0,284.0,284.9,280.5,36936,stock
2025-01-23,ADBL,287.5,289.0,290.0,285.0,40746,stock
2025-01-26,ADBL,290.0,287.6,292.7,283.3,43687,stock
2025-01-27,ADBL,287.0,283.5,287.0,283.0,23094,stock
2025-01-28,ADBL,285.0,286.0,287.0,281.1,27911,stock
2025-02-02,ADBL,288.0,294.9,295.0,286.0,53452,stock
2025-02-03,ADBL,296.0,299.0,303.9,296.0,49607,stock
2025-02-04,ADBL,300.0,297.0,304.9,297.0,51668,stock
2025-02-05,ADBL,296.0,297.2,299.0,295.0,27079,stock
2025-02-06,ADBL,297.0,298.0,302.0,296.7,39334,stock
2025-02-09,ADBL,298.0,295.0,301.0,293.2,22682,stock
2025-02-10,ADBL,293.5,295.0,296.0,293.1,16601,stock
2025-02-11,ADBL,295.0,291.8,295.0,290.1,13397,stock
2025-02-12,ADBL,291.0,291.5,295.0,290.6,24571,stock
2025-02-13,ADBL,295.3,293.1,295.3,290.1,21247,stock
2025-02-16,ADBL,293.0,291.4,295.0,289.3,30069,stock
2025-02-17,ADBL,292.0,295.0,300.9,289.5,70893,stock
2025-02-18,ADBL,298.0,300.0,301.9,296.0,61491,stock
2025-02-20,ADBL,300.0,296.0,300.0,295.0,41190,stock
2025-02-23,ADBL,290.1,294.0,299.0,285.0,54840,stock
2025-02-24,ADBL,292.0,293.9,299.0,292.0,31364,stock
2025-02-25,ADBL,295.5,293.1,297.8,292.0,36537,stock
2025-02-27,ADBL,298.9,303.0,310.0,297.0,72598,stock
2025-03-02,ADBL,305.0,309.0,311.0,300.0,140917,stock
2025-03-03,ADBL,314.0,309.0,315.0,306.5,77760,stock
2025-03-04,ADBL,302.9,304.3,310.9,302.9,74386,stock
2025-03-05,ADBL,301.1,301.5,306.0,300.2,55112,stock
2025-03-06,ADBL,301.5,301.0,305.0,300.2,29555,stock
2025-03-09,ADBL,300.0,297.0,305.0,296.0,24088,stock
2025-03-10,ADBL,297.0,294.2,300.0,294.2,30724,stock
2025-03-11,ADBL,299.8,292.0,299.8,291.0,26267,stock
2025-03-12,ADBL,289.1,293.0,294.9,289.1,24116,stock
2025-03-16,ADBL,293.0,290.0,293.0,289.0,35376,stock
2025-03-17,ADBL,290.0,290.0,291.8,289.0,20075,stock
2025-03-18,ADBL,295.8,289.6,295.8,289.0,19349,stock
2025-03-19,ADBL,291.0,286.1,291.0,286.0,21954,stock
2025-03-20,ADBL,284.0,285.66,288.0,283.0,16174,stock
2025-03-23,ADBL,290.0,282.36,290.0,282.0,55957,stock
2025-03-24,ADBL,282.9,285.87,287.9,280.0,15084,stock
2025-03-25,ADBL,289.5,280.58,290.0,280.0,33659,stock
2025-03-26,ADBL,280.0,282.17,283.0,278.5,18208,stock
2025-03-27,ADBL,287.8,285.38,287.8,283.7,21529,stock
2025-03-30,ADBL,285.0,287.3,290.0,285.0,28128,stock
2025-04-01,ADBL,290.0,288.99,290.0,285.0,16186,stock
2025-04-02,ADBL,288.0,295.23,313.0,285.2,41118,stock
2025-04-03,ADBL,295.0,299.13,303.9,295.0,79398,stock
2025-04-07,ADBL,305.0,291.72,305.0,291.1,20209,stock
2025-04-08,ADBL,290.0,291.09,293.0,285.0,33174,stock
2025-04-09,ADBL,296.9,290.37,300.0,289.9,23950,stock
2025-04-10,ADBL,291.0,287.85,293.0,287.1,19731,stock
2025-04-13,ADBL,290.0,288.18,290.0,285.0,24409,stock
2025-04-15,ADBL,292.0,288.45,292.9,286.2,21484,stock
2025-04-16,ADBL,294.0,289.97,294.0,289.0,23865,stock
2025-04-17,ADBL,295.0,291.96,295.0,289.5,26221,stock
2025-04-20,ADBL,296.0,290.92,297.0,288.2,37196,stock
2025-04-21,ADBL,293.0,287.56,293.0,287.0,23794,stock
2025-04-22,ADBL,291.0,285.99,291.0,285.1,20167,stock
2025-04-23,ADBL,286.0,282.91,287.0,282.1,21640,stock
2025-04-24,ADBL,282.1,283.45,284.8,280.5,20455,stock
2025-04-27,ADBL,285.0,281.27,285.9,280.3,26308,stock
2025-04-28,ADBL,280.4,282.06,282.8,280.0,22512,stock
2025-04-29,ADBL,280.0,281.09,283.0,280.0,16939,stock
2025-04-30,ADBL,280.0,280.63,281.9,279.0,25703,stock
2025-05-04,ADBL,285.0,280.11,285.0,279.0,19617,stock
2025-05-05,ADBL,280.0,280.16,281.5,279.0,14774,stock
2025-05-06,ADBL,279.0,277.83,281.0,277.5,24515,stock
2025-05-07,ADBL,272.3,286.33,287.0,272.3,29812,stock
2025-05-08,ADBL,292.0,287.17,292.0,283.0,22151,stock
2025-05-11,ADBL,292.0,284.27,292.0,284.0,21211,stock
2025-05-13,ADBL,286.79,282.06,286.79,280.9,21636,stock
2025-05-14,ADBL,280.1,281.08,285.0,280.0,18859,stock
2025-05-15,ADBL,280.0,281.11,282.0,278.2,26415,stock
2025-05-18,ADBL,281.5,280.36,283.5,278.0,26842,stock
2025-05-19,ADBL,280.1,282.78,284.9,280.1,21693,stock
2025-05-20,ADBL,282.0,289.4,290.7,280.0,29990,stock
2025-05-21,ADBL,295.1,289.29,305.0,288.1,57459,stock
2025-05-22,ADBL,290.0,296.73,303.0,284.0,59233,stock
2025-05-25,ADBL,300.0,294.98,300.0,294.1,29709,stock
2025-05-26,ADBL,300.8,297.05,303.0,297.0,56707,stock
2025-05-27,ADBL,295.0,294.44,296.0,290.0,37980,stock
2025-05-28,ADBL,293.0,299.6,300.0,291.8,49484,stock
2025-06-02,ADBL,305.5,296.78,306.0,294.6,56718,stock
2025-06-03,ADBL,295.0,291.42,298.0,291.1,37267,stock
2025-06-04,ADBL,285.7,290.21,291.0,285.7,21673,stock
2025-06-05,ADBL,290.0,288.25,291.0,283.0,43892,stock
2025-06-08,ADBL,288.5,287.6,290.0,285.0,10481,stock
2025-06-09,ADBL,286.0,288.44,291.0,285.0,17735,stock
2025-06-10,ADBL,293.0,288.33,293.0,287.2,25016,stock
2025-06-11,ADBL,284.5,288.09,291.0,284.2,13387,stock
2025-06-12,ADBL,285.0,286.2,289.3,285.0,28838,stock
2025-06-15,ADBL,286.1,284.25,288.0,284.0,35850,stock
2025-06-16,ADBL,289.0,286.05,289.0,284.5,25471,stock
2025-06-17,ADBL,286.2,284.77,287.0,283.1,19099,stock
2025-06-18,ADBL,285.0,285.52,288.0,284.0,17243,stock
2025-06-19,ADBL,280.0,284.18,285.0,280.0,19789,stock
2025-06-22,ADBL,284.0,281.08,287.0,280.5,37857,stock
2025-06-23,ADBL,278.5,281.24,282.4,278.5,28893,stock
2025-06-24,ADBL,280.1,281.48,285.7,277.0,24677,stock
2025-06-25,ADBL,286.0,281.73,286.0,281.0,17868,stock
2025-06-26,ADBL,281.8,281.85,284.0,281.1,30005,stock
2025-06-29,ADBL,285.0,286.67,287.4,280.0,37928,stock
2025-06-30,ADBL,290.0,287.28,291.0,286.0,25817,stock
2025-07-01,ADBL,281.6,293.7,296.0,281.6,65159,stock
2025-07-02,ADBL,295.0,300.65,301.8,294.0,124408,stock
2025-07-03,ADBL,303.0,300.74,305.0,297.0,123907,stock
2025-07-06,ADBL,300.0,299.94,306.0,297.0,72632,stock
2025-07-07,ADBL,297.0,296.51,303.5,296.0,58749,stock
2025-07-08,ADBL,295.2,297.08,299.0,294.0,76334,stock
2025-07-09,ADBL,301.0,304.2,307.0,295.1,122851,stock
2025-07-10,ADBL,304.2,314.7,320.0,304.1,258347,stock
2025-07-13,ADBL,320.9,327.02,333.5,320.9,215092,stock
2025-07-14,ADBL,329.0,315.71,329.0,314.2,115004,stock
2025-07-15,ADBL,312.1,323.7,326.0,311.7,106227,stock
2025-07-16,ADBL,329.9,327.13,330.1,324.0,142187,stock
2025-07-17,ADBL,328.0,331.6,333.5,328.0,187049,stock
2025-07-20,ADBL,334.9,330.22,342.0,326.0,226513,stock
2025-07-21,ADBL,331.0,332.11,335.0,325.4,104403,stock
2025-07-22,ADBL,338.0,339.57,341.9,334.0,142308,stock
2025-07-23,ADBL,340.0,339.6,342.0,334.2,121584,stock
2025-07-24,ADBL,338.0,336.59,341.0,335.1,72244,stock
2025-07-27,ADBL,329.9,332.03,339.0,329.9,129779,stock
2025-07-28,ADBL,330.0,331.79,333.5,324.0,118015,stock
2025-07-29,ADBL,338.4,335.35,340.1,333.1,187129,stock
2025-07-30,ADBL,342.0,332.08,342.0,331.5,109653,stock
2025-07-31,ADBL,334.8,332.18,336.6,327.0,128639,stock
2025-08-03,ADBL,328.0,326.37,329.9,323.0,89591,stock
2025-08-04,ADBL,322.0,327.91,329.0,322.0,73743,stock
2025-08-05,ADBL,325.6,325.39,334.0,325.0,52835,stock
2025-08-06,ADBL,331.8,327.8,331.8,322.5,47800,stock
2025-08-07,ADBL,334.3,326.85,334.3,325.1,41801,stock
2025-08-11,ADBL,333.3,334.44,344.9,333.0,377771,stock
2025-08-12,ADBL,333.0,330.97,334.5,328.0,123924,stock
2025-08-13,ADBL,332.0,330.48,335.0,330.0,77384,stock
2025-08-14,ADBL,331.1,332.45,333.9,330.3,86636,stock
2025-08-17,ADBL,332.5,334.66,337.0,332.0,80302,stock
2025-08-18,ADBL,337.0,337.68,338.8,334.0,81072,stock
2025-08-19,ADBL,338.0,335.67,339.0,335.0,42199,stock
2025-08-20,ADBL,336.0,332.5,338.0,332.1,31830,stock
2025-08-21,ADBL,333.0,329.26,334.0,328.6,56884,stock
2025-08-24,ADBL,330.9,326.2,330.9,326.0,50565,stock
2025-08-25,ADBL,323.0,326.49,328.0,323.0,53184,stock
2025-08-26,ADBL,326.0,326.28,329.0,325.4,27429,stock
2025-08-27,ADBL,332.8,331.31,332.8,326.0,45857,stock
2025-08-28,ADBL,327.1,327.55,332.0,326.0,66102,stock
2025-08-31,ADBL,331.0,323.22,331.0,322.5,42198,stock
2025-09-01,ADBL,329.6,327.47,329.6,323.2,37584,stock
2025-09-02,ADBL,334.0,325.5,334.0,325.0,25961,stock
2025-09-03,ADBL,323.5,324.08,326.7,323.5,29206,stock
2025-09-04,ADBL,324.0,324.71,325.4,322.2,32179,stock
2025-09-07,ADBL,327.8,321.11,327.8,320.6,49379,stock
2025-09-08,ADBL,320.3,317.16,321.0,317.0,69424,stock
2025-09-18,ADBL,310.9,298.7,310.9,293.0,3170,stock
2025-09-21,ADBL,293.0,317.01,322.0,293.0,67958,stock
2025-09-23,ADBL,317.0,317.0,321.0,312.2,61925,stock
2025-09-24,ADBL,321.5,316.0,321.5,312.0,28083,stock
2025-09-25,ADBL,311.0,317.3,317.9,311.0,29186,stock
2025-09-28,ADBL,317.3,319.5,321.0,315.0,26821,stock
2025-10-07,ADBL,320.0,316.9,322.9,315.8,35362,stock
2025-10-08,ADBL,315.0,312.4,315.0,310.5,43145,stock
2025-10-09,ADBL,318.0,317.0,324.0,314.0,44571,stock
2025-10-12,ADBL,317.0,307.7,317.0,307.0,73570,stock
2025-10-13,ADBL,307.0,310.0,311.0,306.2,18227,stock
2025-10-14,ADBL,310.5,309.0,313.9,307.0,26968,stock
2025-10-15,ADBL,308.0,308.0,308.5,306.0,24390,stock
2025-10-16,ADBL,312.0,308.9,312.0,305.5,18464,stock
2025-10-19,ADBL,307.9,309.9,311.0,305.0,14571,stock
2025-10-26,ADBL,310.0,309.0,310.0,305.0,18308,stock
2025-10-28,ADBL,309.0,315.0,318.0,309.0,20072,stock
2025-10-29,ADBL,308.7,312.0,320.0,308.7,27920,stock
2025-10-30,ADBL,316.6,313.5,319.9,310.0,28033,stock
2025-11-02,ADBL,319.7,315.0,325.9,313.0,34431,stock
2025-11-03,ADBL,320.3,317.0,320.3,312.0,26537,stock
2025-11-04,ADBL,322.0,312.0,322.0,309.1,56192,stock
2025-11-05,ADBL,309.1,315.0,315.0,308.0,41787,stock
2025-11-06,ADBL,317.0,318.0,320.8,316.0,223177,stock
2025-11-09,ADBL,318.0,315.0,318.8,312.0,121484,stock
2025-11-10,ADBL,315.0,312.6,315.0,312.0,60370,stock
2025-11-11,ADBL,312.0,313.8,314.0,312.0,29052,stock
2025-11-12,ADBL,313.0,313.0,316.9,312.0,19975,stock
2025-11-13,ADBL,313.0,312.0,313.9,311.5,39923,stock
2025-11-16,ADBL,313.0,312.0,314.5,310.1,22740,stock
2025-11-17,ADBL,318.2,313.7,318.2,310.1,24424,stock
2025-11-18,ADBL,314.0,314.5,316.9,311.6,24019,stock
2025-11-19,ADBL,315.0,312.8,315.0,312.0,22061,stock
2025-11-20,ADBL,312.0,312.4,313.9,312.0,23008,stock
2025-11-23,ADBL,315.0,316.0,316.0,313.2,61239,stock
2025-11-24,ADBL,317.9,317.0,318.0,312.0,33678,stock
2025-11-25,ADBL,319.0,320.0,321.0,316.3,48790,stock
2025-11-26,ADBL,325.0,324.5,325.0,321.0,63588,stock
2025-11-27,ADBL,330.0,328.9,330.0,322.1,192110,stock
2025-11-30,ADBL,322.4,307.0,322.4,306.0,67768,stock
2025-12-01,ADBL,305.0,303.9,306.0,300.3,56148,stock
2025-12-02,ADBL,302.9,301.0,302.9,300.0,40658,stock
2025-12-03,ADBL,304.0,298.2,304.0,298.1,23796,stock
2025-12-07,ADBL,304.0,298.9,304.0,295.5,22681,stock
2025-12-08,ADBL,302.0,296.6,302.0,295.0,24934,stock
2025-12-09,ADBL,298.9,292.3,298.9,292.0,37931,stock
2025-12-10,ADBL,297.0,291.4,297.0,290.0,24514,stock
2025-12-11,ADBL,293.0,292.0,293.0,288.0,26009,stock
2025-12-14,ADBL,292.0,290.0,293.0,287.1,27744,stock
2025-12-15,ADBL,288.0,289.4,290.0,286.2,24328,stock
2025-12-16,ADBL,292.0,292.9,292.9,288.0,14912,stock
2025-12-17,ADBL,294.9,294.0,296.0,292.0,26518,stock
2025-12-18,ADBL,297.0,292.0,297.0,291.0,11848,stock
2025-12-21,ADBL,290.0,289.8,291.0,287.2,27646,stock
2025-12-22,ADBL,288.0,288.8,290.0,286.0,20208,stock
2025-12-23,ADBL,288.0,286.9,290.0,285.2,23575,stock
2025-12-24,ADBL,286.0,288.0,290.0,285.2,20792,stock
2025-12-28,ADBL,291.0,297.0,316.8,286.0,49373,stock
2025-12-29,ADBL,302.9,294.4,302.9,292.0,31487,stock
2025-12-31,ADBL,294.4,298.0,298.5,292.0,51018,stock
2026-01-01,ADBL,295.0,295.0,296.5,290.0,89799,stock
2026-01-04,ADBL,290.0,292.0,295.0,288.3,43097,stock
2026-01-05,ADBL,294.8,293.0,295.0,292.1,17448,stock
2026-01-06,ADBL,297.0,297.4,297.4,292.6,43501,stock
2026-01-07,ADBL,300.0,299.7,300.0,294.0,29448,stock
2026-01-08,ADBL,294.3,300.0,303.0,294.3,39057,stock
2026-01-12,ADBL,300.0,299.5,302.0,298.0,36804,stock
2026-01-13,ADBL,300.0,298.0,302.0,296.3,11348,stock
2026-01-14,ADBL,294.1,300.0,300.0,288.4,39336,stock
2026-01-18,ADBL,303.0,304.8,304.8,299.0,88350,stock
2026-01-20,ADBL,303.0,307.9,310.7,302.0,51596,stock
2026-01-21,ADBL,307.0,306.9,313.0,303.1,34955,stock
2026-01-22,ADBL,310.0,304.0,310.0,300.1,28495,stock
2026-01-25,ADBL,307.0,307.5,309.9,302.0,46807,stock
2026-01-26,ADBL,309.0,307.0,310.0,305.7,67671,stock
2026-01-27,ADBL,306.0,304.5,312.0,303.2,56138,stock
2026-01-28,ADBL,301.0,304.0,305.0,298.9,23915,stock
2026-01-29,ADBL,304.0,300.0,304.0,297.0,29200,stock
2026-02-01,ADBL,302.0,298.1,304.0,297.0,41620,stock
2026-02-02,ADBL,304.0,299.0,304.0,296.0,17660,stock
2026-02-03,ADBL,302.0,298.0,304.8,296.2,10054,stock
2026-02-04,ADBL,293.0,295.1,299.0,293.0,22157,stock
2026-02-05,ADBL,295.0,296.0,298.5,292.9,19054,stock
2026-02-08,ADBL,301.0,296.0,301.0,295.5,24811,stock
2026-02-09,ADBL,294.79,295.0,296.0,292.5,25210,stock
2026-02-10,ADBL,295.0,294.0,295.0,292.3,12965,stock
2026-02-11,ADBL,295.0,295.0,298.0,293.0,27330,stock
2026-02-12,ADBL,291.2,297.0,299.1,291.2,27084,stock
2026-02-16,ADBL,299.0,297.0,299.0,294.1,69167,stock
2026-02-17,ADBL,299.0,296.5,299.0,293.0,59291,stock
2026-02-22,ADBL,296.5,293.0,298.0,292.0,70740,stock
2026-02-23,ADBL,293.0,292.5,295.0,291.0,26805,stock
2026-02-24,ADBL,292.0,293.0,297.8,291.0,18006,stock
2026-02-25,ADBL,293.5,294.6,295.5,291.0,36465,stock
2026-02-26,ADBL,300.4,298.0,300.4,292.3,21933,stock
2026-03-01,ADBL,295.0,302.6,305.0,291.1,64794,stock
2026-03-03,ADBL,308.6,305.0,308.6,297.1,47965,stock
2026-03-09,ADBL,311.0,327.7,327.7,311.0,776,stock
2026-03-10,ADBL,330.0,317.0,330.0,310.0,163883,stock
2026-03-11,ADBL,320.0,311.2,320.0,310.0,43238,stock
2026-03-12,ADBL,308.7,316.0,318.9,308.7,65807,stock
2026-03-15,ADBL,319.0,317.0,319.0,313.0,58743,stock
2026-03-16,ADBL,310.7,313.1,319.0,310.7,46720,stock
2026-03-17,ADBL,310.0,316.3,316.3,310.0,57612,stock
2026-03-19,ADBL,310.0,326.5,327.9,310.0,251474,stock
2026-03-22,ADBL,326.0,330.0,335.0,326.0,188185,stock
2026-03-23,ADBL,335.0,329.0,335.0,323.0,75576,stock
2026-03-24,ADBL,333.0,334.9,335.1,326.5,144856,stock
2026-03-25,ADBL,328.5,330.0,340.0,328.5,106584,stock
2026-03-26,ADBL,330.0,333.1,334.0,321.5,85296,stock
2026-03-29,ADBL,333.0,324.0,335.0,320.5,106944,stock
2026-03-30,ADBL,318.0,316.0,324.0,314.1,90641,stock
2026-03-31,ADBL,316.0,316.0,322.0,310.3,44747,stock
2026-04-01,ADBL,320.0,309.5,320.0,309.2,53170,stock
2026-04-02,ADBL,307.4,309.1,312.9,304.0,51652,stock
2026-04-05,ADBL,305.0,302.0,311.1,302.0,81577,stock
2026-04-06,ADBL,308.0,309.0,313.0,301.2,93235,stock
2026-04-07,ADBL,315.0,308.0,315.0,307.0,29429,stock
2026-04-08,ADBL,313.7,310.9,313.7,307.0,92440,stock
2026-04-09,ADBL,312.0,317.6,319.0,311.0,76204,stock
2026-04-10,ADBL,322.8,316.5,322.8,313.1,47257,stock
2026-04-13,ADBL,317.0,315.3,318.0,313.1,60185,stock
2026-04-15,ADBL,313.3,322.0,327.0,313.3,195466,stock
2026-04-16,ADBL,325.0,318.4,327.9,317.1,58004,stock
2026-04-17,ADBL,322.0,318.0,322.0,313.1,29709,stock
2026-04-20,ADBL,302.5,316.0,318.0,302.5,51411,stock
2026-04-21,ADBL,312.3,316.9,318.0,312.3,24666,stock
2026-04-22,ADBL,312.2,315.0,316.9,310.0,23838,stock
2026-04-23,ADBL,312.0,312.0,320.0,312.0,21470,stock
2026-04-24,ADBL,312.0,313.0,313.4,306.2,17185,stock
2026-04-27,ADBL,297.4,316.0,319.0,297.4,20187,stock
2026-04-28,ADBL,316.0,311.8,316.0,310.0,10363,stock
2026-04-29,ADBL,310.0,308.7,311.0,307.2,18742,stock
2026-04-30,ADBL,317.8,309.5,317.8,305.1,20081,stock
2026-05-04,ADBL,314.0,305.5,314.0,305.1,21066,stock
2026-05-05,ADBL,305.5,306.0,308.0,300.2,19887,stock
2026-05-06,ADBL,304.0,305.0,307.0,304.0,18022,stock
2026-05-07,ADBL,305.0,308.0,308.0,305.0,14376,stock
2026-05-08,ADBL,311.0,310.0,311.0,308.0,15077,stock
2026-05-11,ADBL,310.0,312.0,313.5,310.0,22801,stock
2026-05-12,ADBL,312.0,310.0,314.1,310.0,25054,stock
2026-05-13,ADBL,310.0,310.7,311.0,305.4,21106,stock
2026-05-14,ADBL,311.0,309.0,311.0,306.3,9404,stock
2026-05-15,ADBL,306.0,310.2,312.0,306.0,27571,stock
2026-05-18,ADBL,307.1,311.0,311.0,307.1,13470,stock
2026-05-19,ADBL,311.8,311.0,312.5,308.0,16428,stock
2026-05-20,ADBL,307.1,313.8,313.9,307.1,28637,stock
2026-05-21,ADBL,314.0,313.5,314.0,310.3,12856,stock
2026-05-22,ADBL,314.9,313.0,314.9,310.0,11713,stock
2026-05-25,ADBL,317.9,317.0,318.5,312.3,45333,stock
2026-05-26,ADBL,318.0,316.7,319.0,315.4,14963,stock
2026-05-27,ADBL,322.29,320.0,322.29,312.5,50166,stock
2026-06-01,ADBL,320.0,315.2,320.0,315.0,17306,stock
2026-06-02,ADBL,330.9,316.8,330.9,311.4,10742,stock
2026-06-03,ADBL,316.0,317.4,317.9,313.0,48420,stock
2026-06-04,ADBL,318.0,317.9,320.0,315.0,29880,stock
2026-06-05,ADBL,312.4,317.0,319.0,311.0,36488,stock
2026-06-08,ADBL,316.6,314.5,316.6,310.0,39867,stock
2026-06-09,ADBL,310.0,312.0,313.0,308.0,25126,stock
2026-06-10,ADBL,297.0,309.0,314.9,297.0,20348,stock
2026-06-11,ADBL,324.4,310.0,324.4,307.3,17589,stock
2026-06-12,ADBL,308.0,309.9,311.0,307.6,23091,stock
2026-06-15,ADBL,310.0,311.0,313.9,306.0,14590,stock
2026-06-16,ADBL,312.5,309.0,312.5,306.0,14647,stock
2026-06-17,ADBL,294.0,308.4,317.0,294.0,10225,stock
2026-06-18,ADBL,293.0,309.0,312.0,293.0,8649,stock
2026-06-19,ADBL,307.2,309.0,309.9,307.2,9697,stock
2026-06-22,ADBL,316.0,307.9,316.0,305.1,40052,stock
2026-06-23,ADBL,305.1,307.5,311.0,301.8,82207,stock
2026-06-24,ADBL,302.1,307.7,307.7,302.0,17126,stock
2026-06-25,ADBL,307.7,306.0,307.7,303.1,10643,stock
2026-06-26,ADBL,308.0,305.0,308.0,303.0,8138,stock
2026-06-29,ADBL,300.2,304.7,305.0,300.2,7222,stock
2026-06-30,ADBL,302.0,302.0,305.0,301.0,14556,stock
2026-07-01,ADBL,300.0,305.0,305.0,300.0,11287,stock
2026-07-02,ADBL,320.0,306.8,320.0,302.0,11685,stock
2026-07-03,ADBL,310.0,307.0,310.0,304.0,10218,stock
2026-07-06,ADBL,307.0,303.5,307.0,301.1,8251,stock
2026-07-07,ADBL,290.0,308.0,308.8,290.0,25330,stock
2026-07-08,ADBL,307.0,304.9,307.0,301.2,24412,stock
2026-07-09,ADBL,303.5,304.0,306.0,303.0,13934,stock
2026-07-10,ADBL,288.8,303.2,308.9,288.8,17742,stock
2026-07-13,ADBL,301.0,302.5,304.8,301.0,24807,stock
2026-07-14,ADBL,305.0,303.0,305.0,301.2,23635,stock
2026-07-15,ADBL,306.0,303.0,306.4,302.0,27903,stock
2026-07-16,ADBL,303.1,309.0,309.0,303.1,21483,stock
2026-07-17,ADBL,309.0,311.0,312.9,305.2,10,stock
2026-07-20,ADBL,296.0,312.8,315.0,296.0,11892,stock
2026-07-21,ADBL,314.9,314.0,319.0,310.0,39052,stock
2026-07-22,ADBL,314.0,318.9,320.0,310.2,79891,stock
2026-07-23,ADBL,310.0,317.0,325.0,310.0,19009,stock
2026-07-24,ADBL,317.0,320.0,321.4,316.0,113909,stock
2026-07-27,ADBL,304.0,322.0,329.0,304.0,84053,stock
2026-07-28,ADBL,320.0,320.5,323.5,318.2,109926,stock
2026-07-29,ADBL,323.0,321.1,323.0,318.1,114885,stock
2026-07-30,ADBL,306.0,320.0,325.0,306.0,44241,stock
2026-07-31,ADBL,318.2,322.5,324.0,317.3,147317,stock
2026-08-03,ADBL,306.5,325.0,326.0,306.5,134712,stock
2026-08-04,ADBL,325.0,323.0,325.0,318.6,78882,stock
2026-08-05,ADBL,325.0,320.0,325.0,319.1,40701,stock
2026-08-06,ADBL,304.0,308.8,325.0,304.0,143216,stock
2026-08-07,ADBL,309.0,307.9,309.0,304.0,45973,stock
2026-08-10,ADBL,311.0,305.0,311.0,301.0,41071,stock
2026-08-11,ADBL,302.1,302.5,305.9,301.0,71707,stock
2026-08-12,ADBL,301.0,304.0,304.8,301.0,34081,stock
2026-08-13,ADBL,302.0,304.8,305.8,302.0,70052,stock
2026-08-14,ADBL,305.0,304.0,306.0,303.1,22448,stock
2026-08-17,ADBL,304.0,302.2,305.0,299.7,121643,stock
2026-08-18,ADBL,302.0,300.0,302.0,295.5,45445,stock
2026-08-19,ADBL,302.0,300.9,302.0,299.5,25174,stock
2026-08-20,ADBL,300.0,300.1,302.0,298.0,49169,stock
2026-08-21,ADBL,300.1,301.0,302.4,299.0,31051,stock
2026-08-24,ADBL,301.0,299.5,302.0,298.2,22197,stock
2026-08-25,ADBL,300.0,298.8,300.0,298.6,20967,stock
2026-08-26,ADBL,299.1,296.0,301.0,295.1,30400,stock
2026-08-27,ADBL,295.0,299.0,299.0,290.0,47003,stock
2026-08-31,ADBL,305.0,295.5,305.0,291.2,16748,stock
2026-09-01,ADBL,295.5,297.0,299.0,293.1,19954,stock
2026-09-02,ADBL,311.8,296.6,311.8,295.0,14551,stock
2026-09-03,ADBL,299.0,297.0,299.8,296.0,9898,stock
2026-09-07,ADBL,311.8,300.0,311.8,295.1,28634,stock
2026-09-09,ADBL,299.0,299.0,301.0,297.6,22639,stock
2026-09-10,ADBL,300.0,297.9,300.0,296.5,6851,stock
2026-09-11,ADBL,298.0,300.0,300.0,298.0,15444,stock
2026-09-14,ADBL,300.0,302.0,303.0,298.0,23638,stock
2026-09-15,ADBL,317.0,308.0,317.0,303.0,71582,stock
2026-09-16,ADBL,302.0,305.5,309.9,302.0,23508,stock
2026-09-17,ADBL,306.0,308.7,309.8,305.0,90092,stock
2026-09-18,ADBL,308.0,314.0,315.0,305.0,103595,stock
2026-09-22,ADBL,316.0,313.9,317.0,311.9,86402,stock
2026-09-23,ADBL,313.9,311.0,314.0,310.5,39944,stock
2026-09-24,ADBL,312.0,313.0,313.0,309.1,18501,stock
2026-09-28,ADBL,313.0,308.0,313.9,306.2,16090,stock
2026-09-29,ADBL,309.6,307.5,310.0,305.0,56260,stock
2026-09-30,ADBL,307.5,307.5,308.9,305.2,83834,stock
2026-10-01,ADBL,305.5,310.0,310.9,303.3,34895,stock
2026-10-02,ADBL,310.0,309.0,310.0,307.1,25843,stock
2026-10-05,ADBL,309.0,308.4,310.2,305.0,37962,stock
2026-10-06,ADBL,306.2,309.9,310.0,306.1,60219,stock
2026-10-07,ADBL,310.0,309.8,310.0,307.1,29428,stock
