time,symbol,open,close,high,low,volume,category
2012-01-01,HBL,467.0,465.0,465.0,465.0,30,stock
2012-01-02,HBL,465.0,479.0,479.0,465.0,652,stock
2012-01-03,HBL,479.0,486.0,494.0,485.0,371,stock
2012-01-04,HBL,486.0,478.0,478.0,478.0,52,stock
2012-01-05,HBL,478.0,461.0,470.0,461.0,184,stock
2012-01-08,HBL,461.0,460.0,470.0,457.0,1009,stock
2012-01-09,HBL,460.0,462.0,469.0,460.0,249,stock
2012-01-10,HBL,462.0,471.0,471.0,462.0,452,stock
2012-01-11,HBL,471.0,470.0,470.0,470.0,100,stock
2012-01-12,HBL,470.0,479.0,479.0,470.0,1125,stock
2012-01-17,HBL,479.0,470.0,470.0,470.0,155,stock
2012-01-18,HBL,460.0,460.0,465.0,460.0,875,stock
2012-01-22,HBL,460.0,475.0,475.0,464.0,144,stock
2012-01-23,HBL,475.0,461.0,466.0,452.0,1262,stock
2012-01-29,HBL,461.0,460.0,461.0,460.0,145,stock
2012-01-31,HBL,460.0,460.0,466.0,460.0,262,stock
2012-02-01,HBL,460.0,465.0,465.0,460.0,801,stock
2012-02-02,HBL,465.0,473.0,473.0,465.0,163,stock
2012-02-05,HBL,473.0,465.0,465.0,465.0,698,stock
2012-02-06,HBL,465.0,462.0,468.0,461.0,1097,stock
2012-02-07,HBL,462.0,458.0,458.0,458.0,710,stock
2012-02-12,HBL,458.0,460.0,460.0,460.0,22,stock
2012-02-13,HBL,460.0,460.0,465.0,460.0,471,stock
2012-02-14,HBL,460.0,462.0,462.0,460.0,150,stock
2012-02-15,HBL,462.0,460.0,465.0,460.0,60,stock
2012-02-16,HBL,460.0,460.0,460.0,458.0,361,stock
2012-02-21,HBL,460.0,460.0,460.0,460.0,125,stock
2012-02-23,HBL,460.0,455.0,458.0,455.0,517,stock
2012-02-26,HBL,455.0,451.0,455.0,451.0,1085,stock
2012-02-27,HBL,451.0,460.0,460.0,455.0,317,stock
2012-02-28,HBL,460.0,460.0,462.0,453.0,837,stock
2012-02-29,HBL,460.0,460.0,462.0,456.0,622,stock
2012-03-01,HBL,460.0,468.0,468.0,460.0,279,stock
2012-03-04,HBL,468.0,470.0,470.0,467.0,448,stock
2012-03-05,HBL,470.0,475.0,475.0,475.0,158,stock
2012-03-06,HBL,475.0,480.0,480.0,475.0,970,stock
2012-03-11,HBL,480.0,479.0,479.0,475.0,335,stock
2012-03-12,HBL,479.0,479.0,481.0,472.0,522,stock
2012-03-13,HBL,479.0,475.0,476.0,470.0,124,stock
2012-03-15,HBL,475.0,457.0,470.0,457.0,294,stock
2012-03-18,HBL,457.0,455.0,456.0,449.0,984,stock
2012-03-19,HBL,455.0,450.0,455.0,448.0,943,stock
2012-03-20,HBL,450.0,450.0,450.0,450.0,600,stock
2012-03-21,HBL,450.0,450.0,457.0,450.0,1809,stock
2012-03-25,HBL,450.0,450.0,450.0,449.0,205,stock
2012-03-26,HBL,450.0,445.0,450.0,438.0,773,stock
2012-03-27,HBL,445.0,445.0,445.0,438.0,1075,stock
2012-03-28,HBL,445.0,441.0,445.0,440.0,752,stock
2012-03-29,HBL,441.0,445.0,446.0,440.0,327,stock
2012-04-01,HBL,445.0,445.0,451.0,445.0,241,stock
2012-04-02,HBL,445.0,446.0,453.0,442.0,2766,stock
2012-04-03,HBL,446.0,449.0,449.0,446.0,316,stock
2012-04-04,HBL,449.0,448.0,448.0,442.0,656,stock
2012-04-05,HBL,448.0,449.0,451.0,440.0,1614,stock
2012-04-08,HBL,449.0,450.0,450.0,448.0,797,stock
2012-04-09,HBL,450.0,450.0,450.0,441.0,798,stock
2012-04-10,HBL,450.0,473.0,473.0,455.0,243,stock
2012-04-11,HBL,473.0,471.0,485.0,465.0,3049,stock
2012-04-12,HBL,471.0,488.0,488.0,479.0,687,stock
2012-04-15,HBL,488.0,530.0,536.0,496.0,715,stock
2012-04-16,HBL,530.0,561.0,561.0,540.0,410,stock
2012-04-17,HBL,561.0,505.0,583.0,505.0,2220,stock
2012-04-18,HBL,505.0,530.0,540.0,491.0,2472,stock
2012-04-19,HBL,530.0,551.0,556.0,539.0,2642,stock
2012-04-22,HBL,551.0,600.0,600.0,560.0,1909,stock
2012-04-24,HBL,600.0,612.0,612.0,612.0,386,stock
2012-04-25,HBL,612.0,636.0,636.0,624.0,35,stock
2012-04-26,HBL,636.0,694.0,699.0,628.0,6368,stock
2012-04-29,HBL,694.0,718.0,718.0,676.0,4214,stock
2012-04-30,HBL,718.0,672.0,715.0,672.0,1466,stock
2012-05-02,HBL,672.0,680.0,680.0,680.0,38,stock
2012-05-03,HBL,680.0,748.0,748.0,693.0,1980,stock
2012-05-07,HBL,748.0,822.0,822.0,762.0,709,stock
2012-05-08,HBL,822.0,789.0,850.0,740.0,3480,stock
2012-05-09,HBL,789.0,766.0,774.0,740.0,1639,stock
2012-05-10,HBL,766.0,725.0,751.0,725.0,3498,stock
2012-05-13,HBL,725.0,654.0,711.0,654.0,491,stock
2012-05-14,HBL,654.0,612.0,641.0,590.0,1035,stock
2012-05-16,HBL,612.0,624.0,624.0,624.0,13,stock
2012-05-17,HBL,624.0,686.0,686.0,636.0,2944,stock
2012-05-20,HBL,686.0,695.0,720.0,670.0,3243,stock
2012-05-21,HBL,695.0,708.0,711.0,695.0,1844,stock
2012-05-22,HBL,708.0,696.0,699.0,690.0,2408,stock
2012-05-23,HBL,696.0,651.0,683.0,644.0,942,stock
2012-05-24,HBL,651.0,670.0,676.0,638.0,1215,stock
2012-05-27,HBL,670.0,717.0,730.0,682.0,3011,stock
2012-06-03,HBL,717.0,655.0,731.0,655.0,350,stock
2012-06-04,HBL,655.0,648.0,668.0,637.0,3299,stock
2012-06-05,HBL,648.0,613.0,636.0,613.0,1060,stock
2012-06-06,HBL,613.0,590.0,619.0,590.0,1113,stock
2012-06-07,HBL,590.0,601.0,612.0,570.0,1986,stock
2012-06-10,HBL,601.0,576.0,590.0,561.0,2119,stock
2012-06-11,HBL,576.0,580.0,590.0,580.0,379,stock
2012-06-12,HBL,580.0,588.0,591.0,588.0,101,stock
2012-06-13,HBL,588.0,577.0,579.0,577.0,260,stock
2012-06-17,HBL,577.0,562.0,566.0,545.0,4913,stock
2012-06-18,HBL,562.0,560.0,568.0,556.0,1102,stock
2012-06-19,HBL,560.0,570.0,575.0,558.0,975,stock
2012-06-20,HBL,570.0,579.0,581.0,578.0,194,stock
2012-06-21,HBL,579.0,590.0,590.0,579.0,849,stock
2012-06-25,HBL,590.0,605.0,608.0,590.0,718,stock
2012-06-26,HBL,605.0,586.0,599.0,585.0,653,stock
2012-06-27,HBL,586.0,590.0,600.0,585.0,3458,stock
2012-06-28,HBL,590.0,610.0,622.0,598.0,12039,stock
2012-07-01,HBL,610.0,610.0,617.0,602.0,811,stock
2012-07-02,HBL,610.0,620.0,630.0,610.0,217,stock
2012-07-03,HBL,620.0,632.0,635.0,628.0,130,stock
2012-07-04,HBL,632.0,627.0,639.0,619.0,1862,stock
2012-07-05,HBL,627.0,624.0,635.0,617.0,3291,stock
2012-07-08,HBL,624.0,635.0,636.0,622.0,811,stock
2012-07-09,HBL,635.0,635.0,635.0,626.0,1377,stock
2012-07-10,HBL,635.0,644.0,649.0,625.0,424,stock
2012-07-11,HBL,644.0,636.0,640.0,628.0,4802,stock
2012-07-12,HBL,636.0,630.0,634.0,624.0,2926,stock
2012-07-15,HBL,630.0,653.0,653.0,640.0,261,stock
2012-07-16,HBL,653.0,638.0,640.0,630.0,3170,stock
2012-07-17,HBL,638.0,626.0,626.0,626.0,67,stock
2012-07-18,HBL,626.0,655.0,655.0,620.0,960,stock
2012-07-19,HBL,655.0,644.0,668.0,642.0,2690,stock
2012-07-22,HBL,644.0,680.0,694.0,640.0,2964,stock
2012-07-23,HBL,680.0,695.0,704.0,680.0,2237,stock
2012-07-24,HBL,695.0,701.0,710.0,683.0,2347,stock
2012-07-25,HBL,701.0,704.0,704.0,704.0,17,stock
2012-07-26,HBL,704.0,684.0,690.0,675.0,959,stock
2012-07-29,HBL,684.0,670.0,680.0,670.0,359,stock
2012-07-30,HBL,670.0,687.0,695.0,660.0,1015,stock
2012-07-31,HBL,687.0,690.0,690.0,689.0,315,stock
2012-08-01,HBL,690.0,686.0,692.0,686.0,516,stock
2012-08-05,HBL,686.0,698.0,698.0,690.0,1187,stock
2012-08-06,HBL,698.0,690.0,700.0,684.0,1678,stock
2012-08-07,HBL,690.0,689.0,700.0,686.0,1341,stock
2012-08-08,HBL,689.0,685.0,699.0,680.0,940,stock
2012-08-12,HBL,685.0,673.0,690.0,666.0,659,stock
2012-08-13,HBL,673.0,662.0,673.0,660.0,536,stock
2012-08-14,HBL,662.0,650.0,652.0,640.0,966,stock
2012-08-15,HBL,650.0,647.0,660.0,647.0,421,stock
2012-08-16,HBL,647.0,666.0,666.0,640.0,1186,stock
2012-08-19,HBL,666.0,670.0,670.0,660.0,394,stock
2012-08-21,HBL,670.0,680.0,689.0,675.0,2470,stock
2012-08-22,HBL,680.0,692.0,692.0,675.0,1519,stock
2012-08-23,HBL,692.0,680.0,690.0,680.0,1789,stock
2012-08-26,HBL,680.0,680.0,680.0,670.0,215,stock
2012-08-27,HBL,680.0,688.0,688.0,679.0,306,stock
2012-08-28,HBL,688.0,681.0,699.0,681.0,964,stock
2012-08-29,HBL,681.0,687.0,690.0,675.0,1229,stock
2012-08-30,HBL,687.0,689.0,690.0,688.0,465,stock
2012-09-02,HBL,689.0,696.0,701.0,685.0,903,stock
2012-09-03,HBL,696.0,702.0,704.0,683.0,2940,stock
2012-09-04,HBL,702.0,690.0,705.0,690.0,1959,stock
2012-09-05,HBL,690.0,680.0,690.0,680.0,510,stock
2012-09-06,HBL,680.0,690.0,695.0,685.0,641,stock
2012-09-09,HBL,690.0,688.0,688.0,675.0,550,stock
2012-09-10,HBL,688.0,680.0,690.0,680.0,1708,stock
2012-09-11,HBL,680.0,698.0,700.0,681.0,913,stock
2012-09-12,HBL,698.0,699.0,703.0,698.0,904,stock
2012-09-13,HBL,699.0,707.0,707.0,702.0,677,stock
2012-09-16,HBL,707.0,721.0,721.0,710.0,1686,stock
2012-09-17,HBL,721.0,722.0,730.0,722.0,819,stock
2012-09-18,HBL,722.0,723.0,731.0,719.0,1935,stock
2012-09-19,HBL,723.0,715.0,719.0,705.0,1151,stock
2012-09-20,HBL,715.0,719.0,729.0,714.0,866,stock
2012-09-23,HBL,719.0,700.0,706.0,692.0,587,stock
2012-09-24,HBL,700.0,697.0,700.0,690.0,1070,stock
2012-09-25,HBL,697.0,690.0,692.0,690.0,726,stock
2012-09-26,HBL,690.0,690.0,694.0,681.0,515,stock
2012-09-27,HBL,690.0,695.0,699.0,686.0,573,stock
2012-09-30,HBL,695.0,691.0,700.0,690.0,1526,stock
2012-10-01,HBL,691.0,699.0,699.0,675.0,634,stock
2012-10-02,HBL,699.0,700.0,700.0,687.0,445,stock
2012-10-03,HBL,700.0,695.0,700.0,690.0,1052,stock
2012-10-04,HBL,695.0,690.0,690.0,690.0,325,stock
2012-10-07,HBL,690.0,694.0,695.0,690.0,834,stock
2012-10-08,HBL,694.0,704.0,704.0,685.0,946,stock
2012-10-09,HBL,704.0,689.0,704.0,689.0,680,stock
2012-10-10,HBL,689.0,690.0,698.0,690.0,277,stock
2012-10-11,HBL,690.0,685.0,690.0,685.0,580,stock
2012-10-14,HBL,685.0,692.0,696.0,690.0,477,stock
2012-10-15,HBL,692.0,710.0,710.0,700.0,165,stock
2012-10-17,HBL,710.0,721.0,721.0,718.0,78,stock
2012-10-18,HBL,721.0,730.0,730.0,718.0,94,stock
2012-10-30,HBL,730.0,749.0,749.0,739.0,399,stock
2012-10-31,HBL,749.0,764.0,778.0,745.0,1550,stock
2012-11-01,HBL,764.0,751.0,753.0,745.0,2560,stock
2012-11-04,HBL,751.0,760.0,760.0,752.0,1073,stock
2012-11-05,HBL,760.0,770.0,784.0,746.0,1888,stock
2012-11-06,HBL,770.0,776.0,780.0,760.0,1400,stock
2012-11-07,HBL,776.0,798.0,800.0,785.0,1205,stock
2012-11-08,HBL,798.0,810.0,826.0,795.0,6272,stock
2012-11-11,HBL,810.0,802.0,815.0,801.0,3047,stock
2012-11-12,HBL,802.0,820.0,840.0,800.0,1235,stock
2012-11-18,HBL,820.0,860.0,872.0,825.0,1543,stock
2012-11-20,HBL,860.0,900.0,909.0,877.0,4601,stock
2012-11-21,HBL,900.0,900.0,923.0,863.0,6461,stock
2012-11-22,HBL,900.0,900.0,901.0,876.0,4534,stock
2012-11-25,HBL,900.0,898.0,918.0,890.0,3285,stock
2012-11-26,HBL,898.0,878.0,896.0,878.0,8631,stock
2012-11-27,HBL,878.0,858.0,878.0,852.0,2360,stock
2012-11-28,HBL,858.0,865.0,865.0,846.0,2439,stock
2012-11-29,HBL,865.0,851.0,865.0,850.0,2160,stock
2012-12-02,HBL,851.0,831.0,835.0,818.0,2607,stock
2012-12-03,HBL,831.0,815.0,825.0,811.0,3521,stock
2012-12-04,HBL,815.0,849.0,862.0,825.0,1191,stock
2012-12-05,HBL,849.0,890.0,895.0,862.0,680,stock
2012-12-06,HBL,890.0,869.0,873.0,846.0,1713,stock
2012-12-09,HBL,869.0,840.0,852.0,831.0,2152,stock
2012-12-10,HBL,840.0,854.0,854.0,840.0,507,stock
2012-12-11,HBL,854.0,863.0,870.0,847.0,3731,stock
2012-12-13,HBL,863.0,796.0,796.0,779.0,676,stock
2012-12-16,HBL,796.0,802.0,815.0,800.0,564,stock
2012-12-17,HBL,802.0,796.0,830.0,796.0,2230,stock
2012-12-18,HBL,796.0,792.0,798.0,790.0,1653,stock
2012-12-19,HBL,792.0,798.0,807.0,795.0,904,stock
2012-12-20,HBL,798.0,801.0,801.0,795.0,1068,stock
2012-12-23,HBL,801.0,795.0,800.0,795.0,228,stock
2012-12-24,HBL,795.0,805.0,810.0,795.0,858,stock
2012-12-26,HBL,805.0,835.0,835.0,790.0,2263,stock
2012-12-27,HBL,835.0,842.0,852.0,805.0,3047,stock
2012-12-31,HBL,842.0,806.0,830.0,801.0,994,stock
2013-01-01,HBL,806.0,805.0,815.0,805.0,757,stock
2013-01-02,HBL,805.0,821.0,821.0,795.0,817,stock
2013-01-03,HBL,821.0,820.0,836.0,805.0,1287,stock
2013-01-06,HBL,820.0,815.0,826.0,805.0,2643,stock
2013-01-07,HBL,815.0,824.0,824.0,824.0,23,stock
2013-01-09,HBL,824.0,805.0,808.0,800.0,299,stock
2013-01-10,HBL,805.0,800.0,806.0,787.0,2445,stock
2013-01-13,HBL,800.0,800.0,800.0,794.0,500,stock
2013-01-15,HBL,800.0,790.0,791.0,784.0,510,stock
2013-01-16,HBL,790.0,805.0,805.0,805.0,31,stock
2013-01-17,HBL,805.0,789.0,789.0,789.0,74,stock
2013-01-20,HBL,789.0,774.0,774.0,774.0,66,stock
2013-01-21,HBL,774.0,779.0,794.0,775.0,244,stock
2013-01-22,HBL,779.0,780.0,790.0,779.0,224,stock
2013-01-23,HBL,780.0,760.0,780.0,755.0,1198,stock
2013-01-24,HBL,760.0,760.0,760.0,750.0,875,stock
2013-01-27,HBL,760.0,755.0,760.0,755.0,378,stock
2013-01-28,HBL,755.0,765.0,765.0,755.0,676,stock
2013-01-30,HBL,765.0,757.0,762.0,750.0,1345,stock
2013-01-31,HBL,757.0,756.0,756.0,750.0,289,stock
2013-02-03,HBL,756.0,766.0,785.0,741.0,862,stock
2013-02-04,HBL,766.0,756.0,758.0,755.0,515,stock
2013-02-05,HBL,756.0,742.0,752.0,742.0,1826,stock
2013-02-06,HBL,742.0,735.0,750.0,734.0,3463,stock
2013-02-07,HBL,735.0,760.0,760.0,745.0,275,stock
2013-02-10,HBL,760.0,755.0,773.0,755.0,1625,stock
2013-02-12,HBL,755.0,799.0,800.0,770.0,3007,stock
2013-02-13,HBL,799.0,791.0,791.0,784.0,1352,stock
2013-02-14,HBL,791.0,802.0,805.0,800.0,1157,stock
2013-02-17,HBL,802.0,818.0,818.0,818.0,10,stock
2013-02-19,HBL,818.0,865.0,872.0,834.0,3670,stock
2013-02-20,HBL,865.0,825.0,848.0,825.0,301,stock
2013-02-21,HBL,825.0,850.0,850.0,825.0,865,stock
2013-02-24,HBL,850.0,838.0,855.0,838.0,344,stock
2013-02-25,HBL,838.0,830.0,854.0,815.0,2057,stock
2013-02-26,HBL,830.0,825.0,845.0,824.0,1608,stock
2013-02-27,HBL,825.0,819.0,819.0,809.0,125,stock
2013-02-28,HBL,819.0,820.0,820.0,800.0,1935,stock
2013-03-03,HBL,820.0,820.0,820.0,794.0,889,stock
2013-03-04,HBL,820.0,836.0,836.0,820.0,210,stock
2013-03-05,HBL,836.0,815.0,820.0,815.0,150,stock
2013-03-06,HBL,815.0,809.0,809.0,809.0,298,stock
2013-03-07,HBL,809.0,803.0,803.0,795.0,2231,stock
2013-03-11,HBL,803.0,803.0,810.0,803.0,490,stock
2013-03-13,HBL,803.0,809.0,813.0,800.0,3531,stock
2013-03-14,HBL,809.0,841.0,869.0,825.0,1111,stock
2013-03-17,HBL,841.0,810.0,841.0,810.0,900,stock
2013-03-18,HBL,810.0,790.0,808.0,790.0,831,stock
2013-03-19,HBL,790.0,800.0,805.0,790.0,1212,stock
2013-03-20,HBL,800.0,793.0,800.0,785.0,1235,stock
2013-03-21,HBL,793.0,781.0,785.0,778.0,1482,stock
2013-03-24,HBL,781.0,768.0,775.0,742.0,1692,stock
2013-03-25,HBL,768.0,776.0,783.0,770.0,532,stock
2013-03-27,HBL,776.0,775.0,785.0,764.0,865,stock
2013-03-31,HBL,775.0,755.0,760.0,750.0,591,stock
2013-04-01,HBL,755.0,760.0,760.0,725.0,1782,stock
2013-04-02,HBL,760.0,763.0,773.0,744.0,1149,stock
2013-04-03,HBL,763.0,765.0,765.0,763.0,241,stock
2013-04-04,HBL,765.0,760.0,765.0,755.0,418,stock
2013-04-07,HBL,760.0,760.0,760.0,755.0,603,stock
2013-04-08,HBL,760.0,761.0,775.0,760.0,807,stock
2013-04-09,HBL,761.0,765.0,765.0,758.0,1105,stock
2013-04-11,HBL,765.0,767.0,782.0,767.0,127,stock
2013-04-15,HBL,767.0,770.0,770.0,765.0,642,stock
2013-04-16,HBL,770.0,771.0,772.0,762.0,4409,stock
2013-04-17,HBL,771.0,760.0,774.0,760.0,738,stock
2013-04-18,HBL,760.0,750.0,750.0,750.0,300,stock
2013-04-21,HBL,750.0,741.0,750.0,741.0,332,stock
2013-04-22,HBL,741.0,707.0,735.0,707.0,5221,stock
2013-04-23,HBL,707.0,740.0,740.0,721.0,3846,stock
2013-04-25,HBL,740.0,735.0,735.0,735.0,204,stock
2013-04-28,HBL,735.0,730.0,730.0,715.0,729,stock
2013-04-29,HBL,730.0,732.0,732.0,727.0,270,stock
2013-04-30,HBL,732.0,735.0,736.0,733.0,201,stock
2013-05-02,HBL,735.0,720.0,735.0,720.0,388,stock
2013-05-05,HBL,720.0,703.0,720.0,703.0,634,stock
2013-05-07,HBL,703.0,700.0,717.0,700.0,599,stock
2013-05-08,HBL,700.0,695.0,697.0,695.0,719,stock
2013-05-09,HBL,695.0,695.0,695.0,685.0,1109,stock
2013-05-12,HBL,695.0,682.0,690.0,682.0,749,stock
2013-05-13,HBL,682.0,692.0,695.0,688.0,275,stock
2013-05-14,HBL,692.0,700.0,700.0,699.0,1484,stock
2013-05-15,HBL,700.0,715.0,715.0,700.0,1121,stock
2013-05-16,HBL,715.0,728.0,728.0,715.0,263,stock
2013-05-19,HBL,728.0,725.0,728.0,720.0,570,stock
2013-05-20,HBL,725.0,725.0,728.0,723.0,1530,stock
2013-05-21,HBL,725.0,730.0,730.0,727.0,486,stock
2013-05-22,HBL,730.0,730.0,730.0,716.0,1093,stock
2013-05-23,HBL,730.0,716.0,716.0,716.0,87,stock
2013-05-26,HBL,716.0,715.0,718.0,715.0,1194,stock
2013-05-27,HBL,715.0,730.0,730.0,725.0,341,stock
2013-05-28,HBL,730.0,725.0,725.0,725.0,345,stock
2013-05-30,HBL,725.0,720.0,720.0,715.0,424,stock
2013-06-02,HBL,720.0,717.0,725.0,717.0,553,stock
2013-06-03,HBL,717.0,731.0,731.0,720.0,872,stock
2013-06-04,HBL,731.0,721.0,731.0,720.0,228,stock
2013-06-05,HBL,721.0,720.0,721.0,720.0,414,stock
2013-06-06,HBL,720.0,720.0,720.0,720.0,1653,stock
2013-06-09,HBL,720.0,720.0,720.0,705.0,1007,stock
2013-06-10,HBL,720.0,724.0,724.0,713.0,3392,stock
2013-06-11,HBL,724.0,715.0,715.0,710.0,949,stock
2013-06-12,HBL,715.0,706.0,714.0,702.0,782,stock
2013-06-13,HBL,706.0,710.0,711.0,710.0,1816,stock
2013-06-16,HBL,710.0,734.0,734.0,724.0,284,stock
2013-06-17,HBL,734.0,720.0,720.0,720.0,26,stock
2013-06-18,HBL,720.0,706.0,707.0,706.0,254,stock
2013-06-19,HBL,706.0,700.0,700.0,690.0,327,stock
2013-06-20,HBL,700.0,676.0,690.0,676.0,305,stock
2013-06-23,HBL,676.0,671.0,689.0,671.0,889,stock
2013-06-24,HBL,671.0,684.0,697.0,684.0,54,stock
2013-06-25,HBL,684.0,699.0,701.0,675.0,1610,stock
2013-06-26,HBL,699.0,709.0,720.0,700.0,2941,stock
2013-06-27,HBL,709.0,700.0,700.0,694.0,888,stock
2013-06-30,HBL,700.0,696.0,701.0,696.0,1253,stock
2013-07-01,HBL,696.0,699.0,699.0,696.0,130,stock
2013-07-02,HBL,699.0,692.0,695.0,686.0,1575,stock
2013-07-03,HBL,692.0,681.0,692.0,681.0,3204,stock
2013-07-04,HBL,681.0,668.0,680.0,668.0,2702,stock
2013-07-07,HBL,668.0,680.0,685.0,678.0,812,stock
2013-07-08,HBL,680.0,688.0,690.0,684.0,1254,stock
2013-07-09,HBL,688.0,690.0,705.0,690.0,534,stock
2013-07-10,HBL,690.0,700.0,702.0,700.0,113,stock
2013-07-11,HBL,700.0,703.0,703.0,699.0,1472,stock
2013-07-14,HBL,703.0,700.0,700.0,700.0,202,stock
2013-07-15,HBL,700.0,700.0,700.0,700.0,766,stock
2013-07-16,HBL,700.0,714.0,714.0,700.0,783,stock
2013-07-17,HBL,714.0,700.0,700.0,700.0,179,stock
2013-07-18,HBL,700.0,708.0,713.0,701.0,840,stock
2013-07-21,HBL,708.0,730.0,736.0,721.0,739,stock
2013-07-22,HBL,730.0,734.0,744.0,730.0,258,stock
2013-07-23,HBL,734.0,725.0,733.0,725.0,931,stock
2013-07-24,HBL,725.0,713.0,720.0,713.0,777,stock
2013-07-25,HBL,713.0,720.0,725.0,710.0,1866,stock
2013-07-28,HBL,720.0,712.0,713.0,712.0,340,stock
2013-07-29,HBL,712.0,719.0,719.0,713.0,1259,stock
2013-07-30,HBL,719.0,729.0,731.0,722.0,789,stock
2013-07-31,HBL,729.0,730.0,736.0,726.0,1303,stock
2013-08-01,HBL,730.0,740.0,745.0,731.0,1888,stock
2013-08-04,HBL,740.0,749.0,754.0,740.0,3747,stock
2013-08-05,HBL,749.0,743.0,749.0,740.0,2082,stock
2013-08-06,HBL,743.0,752.0,752.0,730.0,1309,stock
2013-08-07,HBL,752.0,745.0,755.0,740.0,1553,stock
2013-08-08,HBL,745.0,754.0,755.0,750.0,247,stock
2013-08-11,HBL,754.0,747.0,750.0,746.0,300,stock
2013-08-12,HBL,747.0,745.0,747.0,740.0,688,stock
2013-08-13,HBL,745.0,745.0,745.0,745.0,50,stock
2013-08-14,HBL,745.0,745.0,760.0,745.0,1338,stock
2013-08-15,HBL,745.0,730.0,741.0,730.0,328,stock
2013-08-18,HBL,730.0,732.0,740.0,694.0,1571,stock
2013-08-19,HBL,732.0,732.0,739.0,730.0,889,stock
2013-08-20,HBL,732.0,744.0,744.0,715.0,2367,stock
2013-08-25,HBL,744.0,744.0,745.0,735.0,2488,stock
2013-08-26,HBL,744.0,729.0,730.0,716.0,334,stock
2013-08-27,HBL,729.0,738.0,738.0,720.0,812,stock
2013-08-29,HBL,738.0,731.0,735.0,731.0,919,stock
2013-09-01,HBL,731.0,700.0,736.0,690.0,1550,stock
2013-09-02,HBL,700.0,706.0,714.0,700.0,1050,stock
2013-09-03,HBL,706.0,690.0,700.0,690.0,1231,stock
2013-09-04,HBL,690.0,672.0,690.0,672.0,336,stock
2013-09-05,HBL,672.0,693.0,693.0,666.0,514,stock
2013-09-08,HBL,693.0,690.0,692.0,688.0,444,stock
2013-09-09,HBL,690.0,702.0,703.0,690.0,2193,stock
2013-09-10,HBL,702.0,700.0,716.0,690.0,775,stock
2013-09-11,HBL,700.0,700.0,704.0,692.0,1412,stock
2013-09-12,HBL,700.0,695.0,695.0,686.0,90,stock
2013-09-15,HBL,695.0,689.0,700.0,688.0,133,stock
2013-09-16,HBL,689.0,680.0,692.0,679.0,1519,stock
2013-09-17,HBL,680.0,656.0,680.0,655.0,1513,stock
2013-09-19,HBL,656.0,665.0,665.0,656.0,292,stock
2013-09-22,HBL,665.0,654.0,665.0,640.0,5848,stock
2013-09-23,HBL,654.0,624.0,650.0,600.0,11114,stock
2013-09-24,HBL,624.0,660.0,673.0,600.0,5542,stock
2013-09-25,HBL,660.0,680.0,680.0,661.0,1076,stock
2013-09-26,HBL,680.0,655.0,699.0,655.0,1264,stock
2013-09-29,HBL,655.0,665.0,668.0,655.0,2730,stock
2013-09-30,HBL,665.0,671.0,671.0,665.0,2208,stock
2013-10-01,HBL,671.0,675.0,680.0,675.0,262,stock
2013-10-02,HBL,675.0,690.0,700.0,675.0,1464,stock
2013-10-03,HBL,690.0,695.0,700.0,695.0,141,stock
2013-10-06,HBL,695.0,708.0,708.0,695.0,132,stock
2013-10-07,HBL,708.0,712.0,730.0,712.0,279,stock
2013-10-08,HBL,712.0,715.0,715.0,705.0,3200,stock
2013-10-09,HBL,715.0,725.0,725.0,720.0,1617,stock
2013-10-10,HBL,725.0,733.0,735.0,718.0,432,stock
2013-10-17,HBL,733.0,740.0,747.0,740.0,2194,stock
2013-10-20,HBL,740.0,770.0,770.0,735.0,1206,stock
2013-10-21,HBL,770.0,775.0,784.0,762.0,1661,stock
2013-10-22,HBL,775.0,755.0,775.0,755.0,724,stock
2013-10-23,HBL,755.0,737.0,752.0,737.0,609,stock
2013-10-24,HBL,737.0,734.0,735.0,726.0,2137,stock
2013-10-27,HBL,734.0,735.0,735.0,730.0,254,stock
2013-10-28,HBL,735.0,740.0,742.0,735.0,418,stock
2013-10-29,HBL,740.0,740.0,740.0,733.0,336,stock
2013-10-30,HBL,740.0,752.0,752.0,740.0,441,stock
2013-10-31,HBL,752.0,750.0,750.0,742.0,299,stock
2013-11-06,HBL,750.0,745.0,745.0,735.0,196,stock
2013-11-07,HBL,745.0,751.0,751.0,740.0,960,stock
2013-11-11,HBL,751.0,746.0,750.0,722.0,13038,stock
2013-11-12,HBL,746.0,731.0,780.0,731.0,7978,stock
2013-11-13,HBL,731.0,755.0,760.0,745.0,2244,stock
2013-11-14,HBL,755.0,755.0,760.0,744.0,3015,stock
2013-11-21,HBL,755.0,816.0,816.0,770.0,267,stock
2013-11-24,HBL,816.0,832.0,896.0,830.0,10492,stock
2013-11-25,HBL,832.0,805.0,820.0,800.0,1769,stock
2013-11-26,HBL,805.0,785.0,789.0,755.0,2826,stock
2013-11-27,HBL,785.0,755.0,770.0,740.0,1855,stock
2013-11-28,HBL,755.0,745.0,750.0,745.0,1372,stock
2013-12-01,HBL,745.0,740.0,749.0,740.0,2869,stock
2013-12-02,HBL,740.0,745.0,751.0,740.0,4050,stock
2013-12-03,HBL,745.0,769.0,769.0,750.0,2152,stock
2013-12-04,HBL,769.0,770.0,805.0,770.0,3034,stock
2013-12-05,HBL,770.0,786.0,817.0,770.0,6654,stock
2013-12-08,HBL,786.0,778.0,780.0,775.0,1681,stock
2013-12-09,HBL,778.0,810.0,810.0,768.0,2951,stock
2013-12-10,HBL,810.0,795.0,800.0,793.0,1562,stock
2013-12-11,HBL,795.0,810.0,810.0,798.0,2555,stock
2013-12-12,HBL,810.0,815.0,815.0,800.0,1762,stock
2013-12-15,HBL,815.0,840.0,840.0,811.0,3634,stock
2013-12-16,HBL,840.0,900.0,904.0,856.0,1863,stock
2013-12-18,HBL,900.0,960.0,973.0,890.0,6374,stock
2013-12-19,HBL,960.0,921.0,960.0,902.0,8047,stock
2013-12-22,HBL,921.0,890.0,920.0,890.0,9477,stock
2013-12-23,HBL,890.0,860.0,875.0,855.0,6117,stock
2013-12-24,HBL,860.0,885.0,885.0,840.0,4003,stock
2013-12-26,HBL,885.0,880.0,939.0,880.0,2003,stock
2013-12-29,HBL,880.0,900.0,907.0,881.0,1855,stock
2013-12-31,HBL,900.0,900.0,918.0,891.0,4812,stock
2014-01-01,HBL,900.0,913.0,913.0,893.0,10264,stock
2014-01-02,HBL,913.0,882.0,902.0,864.0,8048,stock
2014-01-05,HBL,882.0,868.0,888.0,860.0,3725,stock
2014-01-06,HBL,868.0,877.0,877.0,862.0,1702,stock
2014-01-07,HBL,877.0,875.0,885.0,857.0,2859,stock
2014-01-08,HBL,875.0,900.0,908.0,870.0,1526,stock
2014-01-09,HBL,900.0,900.0,903.0,885.0,1535,stock
2014-01-12,HBL,900.0,895.0,908.0,888.0,1824,stock
2014-01-13,HBL,895.0,890.0,897.0,867.0,3213,stock
2014-01-14,HBL,890.0,890.0,902.0,885.0,1521,stock
2014-01-16,HBL,890.0,900.0,920.0,896.0,3030,stock
2014-01-19,HBL,900.0,894.0,900.0,894.0,639,stock
2014-01-20,HBL,894.0,891.0,891.0,880.0,766,stock
2014-01-21,HBL,891.0,880.0,890.0,880.0,587,stock
2014-01-22,HBL,880.0,883.0,883.0,861.0,1544,stock
2014-01-23,HBL,883.0,885.0,894.0,880.0,2527,stock
2014-01-26,HBL,885.0,874.0,880.0,870.0,1625,stock
2014-01-27,HBL,874.0,869.0,870.0,857.0,1038,stock
2014-01-28,HBL,869.0,871.0,871.0,855.0,3275,stock
2014-01-29,HBL,871.0,871.0,875.0,865.0,4203,stock
2014-02-02,HBL,871.0,858.0,886.0,858.0,1072,stock
2014-02-03,HBL,858.0,870.0,870.0,860.0,252,stock
2014-02-04,HBL,870.0,870.0,870.0,870.0,22,stock
2014-02-05,HBL,870.0,875.0,875.0,860.0,413,stock
2014-02-06,HBL,875.0,888.0,888.0,864.0,1109,stock
2014-02-09,HBL,888.0,855.0,888.0,855.0,2155,stock
2014-02-10,HBL,855.0,895.0,910.0,872.0,5387,stock
2014-02-11,HBL,895.0,881.0,888.0,862.0,964,stock
2014-02-12,HBL,881.0,888.0,894.0,870.0,1813,stock
2014-02-13,HBL,888.0,890.0,899.0,890.0,435,stock
2014-02-16,HBL,890.0,905.0,905.0,890.0,781,stock
2014-02-17,HBL,905.0,900.0,900.0,890.0,3817,stock
2014-02-18,HBL,900.0,912.0,912.0,890.0,3620,stock
2014-02-20,HBL,912.0,910.0,945.0,905.0,5133,stock
2014-02-23,HBL,910.0,953.0,981.0,928.0,5282,stock
2014-02-24,HBL,953.0,960.0,991.0,950.0,4587,stock
2014-02-25,HBL,960.0,965.0,979.0,942.0,2525,stock
2014-02-26,HBL,965.0,944.0,984.0,940.0,3298,stock
2014-03-03,HBL,944.0,933.0,945.0,930.0,4275,stock
2014-03-04,HBL,933.0,909.0,951.0,897.0,3022,stock
2014-03-05,HBL,909.0,929.0,935.0,891.0,9433,stock
2014-03-06,HBL,929.0,902.0,902.0,902.0,85,stock
2014-03-09,HBL,902.0,846.0,884.0,840.0,923,stock
2014-03-10,HBL,846.0,855.0,855.0,846.0,258,stock
2014-03-11,HBL,855.0,860.0,860.0,855.0,777,stock
2014-03-12,HBL,860.0,850.0,850.0,850.0,749,stock
2014-03-13,HBL,850.0,850.0,850.0,850.0,44,stock
2014-03-17,HBL,850.0,831.0,840.0,831.0,880,stock
2014-03-18,HBL,831.0,805.0,821.0,804.0,1701,stock
2014-03-19,HBL,805.0,820.0,821.0,815.0,925,stock
2014-03-20,HBL,820.0,820.0,820.0,820.0,187,stock
2014-03-23,HBL,820.0,830.0,836.0,830.0,2056,stock
2014-03-24,HBL,830.0,817.0,830.0,816.0,1922,stock
2014-03-25,HBL,817.0,812.0,820.0,810.0,2072,stock
2014-03-26,HBL,812.0,820.0,820.0,816.0,698,stock
2014-03-27,HBL,820.0,820.0,820.0,820.0,280,stock
2014-03-31,HBL,820.0,810.0,820.0,810.0,529,stock
2014-04-01,HBL,810.0,806.0,806.0,791.0,2660,stock
2014-04-02,HBL,806.0,812.0,812.0,802.0,343,stock
2014-04-03,HBL,812.0,815.0,821.0,810.0,586,stock
2014-04-06,HBL,815.0,803.0,815.0,795.0,1452,stock
2014-04-07,HBL,803.0,807.0,809.0,802.0,1594,stock
2014-04-09,HBL,807.0,810.0,813.0,808.0,1269,stock
2014-04-10,HBL,810.0,824.0,824.0,816.0,502,stock
2014-04-13,HBL,824.0,829.0,829.0,820.0,1587,stock
2014-04-15,HBL,829.0,835.0,835.0,830.0,1517,stock
2014-04-16,HBL,835.0,820.0,835.0,820.0,1013,stock
2014-04-17,HBL,820.0,810.0,810.0,810.0,147,stock
2014-04-20,HBL,810.0,817.0,820.0,801.0,2175,stock
2014-04-21,HBL,817.0,814.0,818.0,813.0,1783,stock
2014-04-22,HBL,814.0,820.0,820.0,805.0,1376,stock
2014-04-23,HBL,820.0,825.0,825.0,815.0,1701,stock
2014-04-27,HBL,825.0,818.0,825.0,818.0,2252,stock
2014-04-29,HBL,818.0,815.0,815.0,812.0,1165,stock
2014-04-30,HBL,815.0,810.0,814.0,805.0,911,stock
2014-05-04,HBL,810.0,800.0,810.0,795.0,2325,stock
2014-05-05,HBL,800.0,835.0,835.0,816.0,700,stock
2014-05-06,HBL,835.0,858.0,870.0,836.0,3694,stock
2014-05-07,HBL,858.0,869.0,880.0,860.0,2830,stock
2014-05-08,HBL,869.0,856.0,865.0,855.0,311,stock
2014-05-11,HBL,856.0,845.0,850.0,845.0,589,stock
2014-05-12,HBL,845.0,877.0,877.0,850.0,1359,stock
2014-05-13,HBL,877.0,865.0,880.0,855.0,2445,stock
2014-05-15,HBL,865.0,861.0,861.0,850.0,292,stock
2014-05-18,HBL,861.0,845.0,861.0,845.0,748,stock
2014-05-19,HBL,845.0,825.0,835.0,825.0,1310,stock
2014-05-20,HBL,825.0,822.0,830.0,820.0,184,stock
2014-05-21,HBL,822.0,811.0,822.0,805.0,3902,stock
2014-05-22,HBL,811.0,830.0,830.0,815.0,757,stock
2014-05-25,HBL,830.0,830.0,840.0,814.0,2076,stock
2014-05-26,HBL,830.0,828.0,840.0,820.0,792,stock
2014-05-27,HBL,828.0,815.0,821.0,810.0,1280,stock
2014-05-28,HBL,815.0,830.0,840.0,814.0,3563,stock
2014-06-01,HBL,830.0,830.0,840.0,825.0,1740,stock
2014-06-02,HBL,830.0,834.0,840.0,830.0,3579,stock
2014-06-03,HBL,834.0,848.0,850.0,830.0,2386,stock
2014-06-04,HBL,848.0,860.0,860.0,845.0,2207,stock
2014-06-05,HBL,860.0,850.0,850.0,829.0,5500,stock
2014-06-08,HBL,850.0,841.0,858.0,840.0,3655,stock
2014-06-09,HBL,841.0,855.0,860.0,845.0,3138,stock
2014-06-10,HBL,855.0,858.0,860.0,850.0,3231,stock
2014-06-11,HBL,858.0,882.0,885.0,855.0,4829,stock
2014-06-12,HBL,882.0,915.0,925.0,880.0,3471,stock
2014-06-15,HBL,915.0,930.0,933.0,905.0,6331,stock
2014-06-16,HBL,930.0,995.0,995.0,945.0,3814,stock
2014-06-17,HBL,995.0,971.0,995.0,965.0,1900,stock
2014-06-18,HBL,971.0,950.0,985.0,950.0,2530,stock
2014-06-19,HBL,950.0,945.0,951.0,940.0,1790,stock
2014-06-23,HBL,945.0,930.0,930.0,930.0,343,stock
2014-06-24,HBL,930.0,914.0,928.0,910.0,2783,stock
2014-06-25,HBL,914.0,915.0,916.0,911.0,1850,stock
2014-06-26,HBL,915.0,930.0,940.0,920.0,2477,stock
2014-06-29,HBL,930.0,925.0,935.0,925.0,234,stock
2014-06-30,HBL,925.0,925.0,925.0,916.0,772,stock
2014-07-01,HBL,925.0,920.0,936.0,920.0,2306,stock
2014-07-02,HBL,920.0,958.0,958.0,920.0,2200,stock
2014-07-03,HBL,958.0,950.0,960.0,940.0,1702,stock
2014-07-06,HBL,950.0,941.0,955.0,941.0,1476,stock
2014-07-07,HBL,941.0,940.0,955.0,927.0,2393,stock
2014-07-08,HBL,940.0,974.0,974.0,940.0,2775,stock
2014-07-09,HBL,974.0,992.0,992.0,992.0,74,stock
2014-07-10,HBL,992.0,975.0,990.0,970.0,3257,stock
2014-07-13,HBL,975.0,976.0,1020.0,975.0,1556,stock
2014-07-14,HBL,976.0,957.0,960.0,957.0,697,stock
2014-07-15,HBL,957.0,954.0,954.0,941.0,2034,stock
2014-07-16,HBL,954.0,941.0,960.0,941.0,2974,stock
2014-07-17,HBL,941.0,945.0,955.0,930.0,2065,stock
2014-07-20,HBL,945.0,950.0,969.0,935.0,6571,stock
2014-07-21,HBL,950.0,997.0,1010.0,940.0,21932,stock
2014-07-22,HBL,997.0,990.0,999.0,972.0,13304,stock
2014-07-23,HBL,990.0,995.0,1009.0,980.0,5055,stock
2014-07-24,HBL,995.0,980.0,1005.0,980.0,1146,stock
2014-07-28,HBL,980.0,980.0,984.0,961.0,2326,stock
2014-07-30,HBL,980.0,935.0,971.0,927.0,1515,stock
2014-07-31,HBL,935.0,953.0,953.0,921.0,1327,stock
2014-08-03,HBL,953.0,950.0,960.0,950.0,2430,stock
2014-08-04,HBL,950.0,940.0,950.0,930.0,1662,stock
2014-08-05,HBL,940.0,948.0,951.0,935.0,1363,stock
2014-08-06,HBL,948.0,950.0,960.0,936.0,2082,stock
2014-08-07,HBL,950.0,950.0,950.0,930.0,1093,stock
2014-08-12,HBL,950.0,940.0,950.0,935.0,554,stock
2014-08-13,HBL,940.0,953.0,953.0,930.0,1870,stock
2014-08-14,HBL,953.0,960.0,969.0,945.0,3020,stock
2014-08-18,HBL,960.0,950.0,955.0,950.0,294,stock
2014-08-19,HBL,950.0,963.0,999.0,960.0,5453,stock
2014-08-20,HBL,963.0,955.0,985.0,950.0,2326,stock
2014-08-21,HBL,955.0,985.0,990.0,949.0,4035,stock
2014-08-24,HBL,985.0,989.0,1004.0,966.0,3307,stock
2014-08-25,HBL,989.0,930.0,970.0,928.0,848,stock
2014-08-26,HBL,930.0,905.0,930.0,905.0,2344,stock
2014-08-27,HBL,905.0,928.0,941.0,923.0,1048,stock
2014-08-28,HBL,928.0,960.0,965.0,946.0,1672,stock
2014-08-31,HBL,960.0,925.0,941.0,923.0,1513,stock
2014-09-01,HBL,925.0,918.0,925.0,900.0,2147,stock
2014-09-03,HBL,918.0,910.0,935.0,910.0,6985,stock
2014-09-04,HBL,910.0,890.0,895.0,866.0,461,stock
2014-09-07,HBL,890.0,869.0,885.0,858.0,4233,stock
2014-09-09,HBL,869.0,895.0,895.0,875.0,374,stock
2014-09-10,HBL,895.0,869.0,900.0,853.0,2310,stock
2014-09-11,HBL,869.0,871.0,871.0,852.0,1044,stock
2014-09-14,HBL,871.0,854.0,870.0,854.0,858,stock
2014-09-15,HBL,854.0,845.0,845.0,845.0,223,stock
2014-09-16,HBL,845.0,870.0,885.0,850.0,4926,stock
2014-09-17,HBL,870.0,875.0,875.0,860.0,2059,stock
2014-09-21,HBL,870.0,849.0,887.0,849.0,518,stock
2014-09-22,HBL,849.0,831.0,865.0,831.0,2930,stock
2014-09-23,HBL,831.0,855.0,870.0,831.0,3700,stock
2014-09-24,HBL,855.0,870.0,870.0,842.0,1206,stock
2014-09-28,HBL,870.0,880.0,880.0,870.0,243,stock
2014-09-29,HBL,880.0,865.0,875.0,860.0,861,stock
2014-09-30,HBL,865.0,880.0,882.0,880.0,426,stock
2014-10-09,HBL,880.0,870.0,885.0,870.0,125,stock
2014-10-12,HBL,870.0,870.0,870.0,853.0,678,stock
2014-10-13,HBL,870.0,855.0,870.0,855.0,128,stock
2014-10-14,HBL,855.0,865.0,865.0,850.0,729,stock
2014-10-15,HBL,865.0,878.0,878.0,861.0,3072,stock
2014-10-16,HBL,878.0,870.0,885.0,865.0,1047,stock
2014-10-19,HBL,870.0,875.0,880.0,865.0,1697,stock
2014-10-20,HBL,875.0,873.0,880.0,873.0,693,stock
2014-10-21,HBL,873.0,868.0,880.0,868.0,521,stock
2014-10-22,HBL,868.0,885.0,885.0,860.0,1287,stock
2014-10-26,HBL,885.0,871.0,875.0,871.0,388,stock
2014-10-27,HBL,871.0,900.0,900.0,880.0,2951,stock
2014-10-28,HBL,900.0,907.0,910.0,900.0,4353,stock
2014-10-30,HBL,907.0,904.0,920.0,900.0,2527,stock
2014-11-02,HBL,904.0,894.0,904.0,894.0,1261,stock
2014-11-03,HBL,894.0,874.0,895.0,874.0,1025,stock
2014-11-04,HBL,874.0,863.0,870.0,860.0,560,stock
2014-11-05,HBL,863.0,874.0,874.0,874.0,208,stock
2014-11-06,HBL,874.0,851.0,861.0,850.0,490,stock
2014-11-09,HBL,851.0,851.0,855.0,842.0,1011,stock
2014-11-10,HBL,851.0,840.0,852.0,840.0,147,stock
2014-11-11,HBL,840.0,856.0,856.0,830.0,1333,stock
2014-11-12,HBL,856.0,856.0,856.0,853.0,191,stock
2014-11-13,HBL,856.0,842.0,856.0,825.0,2839,stock
2014-11-16,HBL,842.0,840.0,857.0,840.0,790,stock
2014-11-17,HBL,840.0,825.0,826.0,815.0,986,stock
2014-11-18,HBL,825.0,816.0,816.0,800.0,294,stock
2014-11-19,HBL,816.0,815.0,830.0,815.0,4327,stock
2014-11-20,HBL,815.0,820.0,832.0,800.0,3948,stock
2014-11-23,HBL,820.0,830.0,861.0,830.0,1662,stock
2014-11-24,HBL,830.0,821.0,832.0,816.0,4450,stock
2014-11-25,HBL,821.0,835.0,840.0,805.0,2681,stock
2014-12-01,HBL,726.0,712.0,712.0,712.0,100,stock
2014-12-02,HBL,712.0,700.0,700.0,700.0,547,stock
2014-12-03,HBL,700.0,709.0,709.0,700.0,538,stock
2014-12-04,HBL,709.0,709.0,709.0,700.0,245,stock
2014-12-07,HBL,709.0,700.0,709.0,700.0,32,stock
2014-12-08,HBL,700.0,690.0,690.0,690.0,490,stock
2014-12-09,HBL,690.0,680.0,690.0,680.0,271,stock
2014-12-10,HBL,680.0,692.0,699.0,692.0,1067,stock
2014-12-11,HBL,692.0,690.0,703.0,690.0,2178,stock
2014-12-14,HBL,690.0,730.0,730.0,700.0,834,stock
2014-12-15,HBL,730.0,743.0,760.0,743.0,1050,stock
2014-12-16,HBL,743.0,730.0,740.0,730.0,174,stock
2014-12-18,HBL,730.0,725.0,725.0,725.0,52,stock
2014-12-21,HBL,725.0,722.0,722.0,712.0,138,stock
2014-12-22,HBL,722.0,736.0,736.0,736.0,81,stock
2014-12-24,HBL,736.0,745.0,745.0,725.0,629,stock
2014-12-28,HBL,745.0,755.0,774.0,752.0,1515,stock
2014-12-29,HBL,755.0,775.0,775.0,755.0,740,stock
2014-12-31,HBL,775.0,765.0,765.0,760.0,281,stock
2015-01-01,HBL,765.0,760.0,770.0,760.0,1480,stock
2015-01-04,HBL,760.0,805.0,805.0,768.0,1146,stock
2015-01-05,HBL,805.0,815.0,835.0,806.0,4423,stock
2015-01-06,HBL,815.0,805.0,816.0,800.0,3183,stock
2015-01-07,HBL,805.0,805.0,811.0,805.0,884,stock
2015-01-08,HBL,805.0,815.0,815.0,807.0,409,stock
2015-01-11,HBL,815.0,815.0,825.0,800.0,732,stock
2015-01-12,HBL,815.0,828.0,828.0,801.0,1378,stock
2015-01-13,HBL,828.0,830.0,830.0,810.0,1517,stock
2015-01-14,HBL,830.0,826.0,826.0,825.0,361,stock
2015-01-18,HBL,826.0,858.0,858.0,840.0,756,stock
2015-01-19,HBL,858.0,873.0,875.0,858.0,3850,stock
2015-01-20,HBL,873.0,870.0,905.0,856.0,7171,stock
2015-01-22,HBL,870.0,903.0,903.0,851.0,6364,stock
2015-01-25,HBL,903.0,945.0,954.0,920.0,15371,stock
2015-01-26,HBL,945.0,946.0,982.0,942.0,1906,stock
2015-01-27,HBL,946.0,968.0,970.0,927.0,10958,stock
2015-01-28,HBL,968.0,971.0,974.0,955.0,4157,stock
2015-01-29,HBL,971.0,965.0,990.0,948.0,2332,stock
2015-02-01,HBL,965.0,951.0,964.0,951.0,247,stock
2015-02-02,HBL,951.0,926.0,933.0,926.0,721,stock
2015-02-03,HBL,926.0,942.0,950.0,926.0,1752,stock
2015-02-04,HBL,942.0,944.0,944.0,935.0,923,stock
2015-02-05,HBL,944.0,920.0,926.0,920.0,551,stock
2015-02-08,HBL,920.0,928.0,928.0,900.0,4161,stock
2015-02-09,HBL,928.0,918.0,918.0,900.0,2519,stock
2015-02-10,HBL,918.0,935.0,935.0,900.0,1499,stock
2015-02-11,HBL,935.0,945.0,945.0,920.0,596,stock
2015-02-12,HBL,945.0,951.0,951.0,930.0,3908,stock
2015-02-15,HBL,951.0,949.0,952.0,949.0,391,stock
2015-02-16,HBL,949.0,906.0,935.0,906.0,1106,stock
2015-02-19,HBL,906.0,910.0,910.0,900.0,1127,stock
2015-02-22,HBL,910.0,906.0,906.0,880.0,1726,stock
2015-02-23,HBL,906.0,900.0,906.0,899.0,3205,stock
2015-02-24,HBL,900.0,895.0,901.0,895.0,339,stock
2015-02-25,HBL,895.0,885.0,900.0,885.0,1282,stock
2015-03-01,HBL,885.0,880.0,880.0,877.0,833,stock
2015-03-02,HBL,880.0,888.0,904.0,870.0,868,stock
2015-03-03,HBL,888.0,905.0,905.0,900.0,572,stock
2015-03-04,HBL,905.0,933.0,933.0,900.0,759,stock
2015-03-09,HBL,933.0,900.0,935.0,900.0,1398,stock
2015-03-10,HBL,900.0,900.0,900.0,890.0,262,stock
2015-03-11,HBL,900.0,905.0,905.0,905.0,25,stock
2015-03-12,HBL,905.0,880.0,901.0,866.0,660,stock
2015-03-16,HBL,880.0,871.0,871.0,859.0,5589,stock
2015-03-17,HBL,871.0,905.0,905.0,888.0,71,stock
2015-03-18,HBL,905.0,912.0,912.0,887.0,65,stock
2015-03-19,HBL,912.0,890.0,912.0,878.0,1458,stock
2015-03-22,HBL,890.0,892.0,892.0,875.0,2004,stock
2015-03-23,HBL,892.0,865.0,892.0,865.0,2735,stock
2015-03-24,HBL,865.0,860.0,877.0,860.0,3617,stock
2015-03-25,HBL,860.0,858.0,860.0,858.0,1085,stock
2015-03-26,HBL,858.0,853.0,859.0,850.0,327,stock
2015-03-29,HBL,853.0,833.0,844.0,833.0,4665,stock
2015-03-30,HBL,833.0,836.0,836.0,825.0,1561,stock
2015-03-31,HBL,836.0,841.0,841.0,837.0,1153,stock
2015-04-01,HBL,841.0,830.0,845.0,828.0,2434,stock
2015-04-02,HBL,830.0,855.0,855.0,831.0,1154,stock
2015-04-05,HBL,855.0,838.0,841.0,838.0,400,stock
2015-04-06,HBL,838.0,841.0,841.0,825.0,1173,stock
2015-04-07,HBL,841.0,853.0,853.0,853.0,24,stock
2015-04-08,HBL,853.0,830.0,845.0,830.0,1672,stock
2015-04-09,HBL,830.0,840.0,851.0,828.0,1717,stock
2015-04-12,HBL,840.0,839.0,856.0,839.0,165,stock
2015-04-13,HBL,839.0,835.0,845.0,832.0,2007,stock
2015-04-15,HBL,835.0,835.0,835.0,825.0,63,stock
2015-04-16,HBL,835.0,867.0,867.0,830.0,831,stock
2015-04-19,HBL,867.0,860.0,860.0,860.0,200,stock
2015-04-20,HBL,860.0,827.0,845.0,827.0,1423,stock
2015-04-21,HBL,827.0,828.0,850.0,827.0,1042,stock
2015-04-22,HBL,828.0,821.0,821.0,820.0,219,stock
2015-04-23,HBL,838.0,830.0,838.0,822.0,974,stock
2015-05-26,HBL,830.0,747.0,814.0,747.0,381,stock
2015-05-27,HBL,747.0,733.0,733.0,733.0,20,stock
2015-05-28,HBL,733.0,718.0,729.0,705.0,1462,stock
2015-05-31,HBL,718.0,736.0,750.0,732.0,1627,stock
2015-06-01,HBL,736.0,750.0,780.0,745.0,1727,stock
2015-06-02,HBL,750.0,763.0,763.0,740.0,2750,stock
2015-06-03,HBL,763.0,792.0,808.0,752.0,4646,stock
2015-06-04,HBL,792.0,792.0,805.0,777.0,1313,stock
2015-06-07,HBL,792.0,798.0,807.0,785.0,1802,stock
2015-06-08,HBL,798.0,818.0,844.0,800.0,4020,stock
2015-06-09,HBL,818.0,825.0,877.0,815.0,5388,stock
2015-06-10,HBL,825.0,835.0,835.0,815.0,1080,stock
2015-06-11,HBL,835.0,818.0,830.0,818.0,1800,stock
2015-06-14,HBL,818.0,796.0,820.0,796.0,636,stock
2015-06-15,HBL,796.0,805.0,805.0,790.0,1254,stock
2015-06-16,HBL,805.0,810.0,810.0,791.0,1573,stock
2015-06-17,HBL,810.0,800.0,805.0,789.0,1386,stock
2015-06-18,HBL,800.0,796.0,800.0,784.0,920,stock
2015-06-21,HBL,796.0,787.0,795.0,780.0,1498,stock
2015-06-22,HBL,787.0,780.0,788.0,780.0,3673,stock
2015-06-23,HBL,775.0,780.0,780.0,775.0,432,stock
2015-06-24,HBL,790.0,786.0,799.0,780.0,3687,stock
2015-06-25,HBL,780.0,805.0,805.0,780.0,1037,stock
2015-06-28,HBL,810.0,811.0,811.0,810.0,223,stock
2015-06-29,HBL,827.0,815.0,831.0,815.0,983,stock
2015-06-30,HBL,820.0,821.0,821.0,815.0,1979,stock
2015-07-01,HBL,816.0,820.0,825.0,816.0,1361,stock
2015-07-02,HBL,815.0,819.0,823.0,815.0,938,stock
2015-07-05,HBL,820.0,811.0,820.0,810.0,1885,stock
2015-07-06,HBL,811.0,812.0,812.0,806.0,590,stock
2015-07-07,HBL,803.0,814.0,814.0,803.0,1050,stock
2015-07-08,HBL,814.0,820.0,824.0,814.0,1908,stock
2015-07-09,HBL,824.0,819.0,824.0,817.0,836,stock
2015-07-12,HBL,819.0,816.0,819.0,810.0,1043,stock
2015-07-13,HBL,821.0,816.0,821.0,816.0,368,stock
2015-07-14,HBL,816.0,810.0,816.0,810.0,1332,stock
2015-07-15,HBL,810.0,812.0,813.0,805.0,1700,stock
2015-07-16,HBL,812.0,813.0,815.0,805.0,1464,stock
2015-07-22,HBL,829.0,830.0,830.0,816.0,557,stock
2015-07-23,HBL,830.0,900.0,900.0,815.0,2725,stock
2015-07-26,HBL,900.0,990.0,990.0,918.0,626,stock
2015-07-27,HBL,990.0,989.0,1081.0,955.0,20206,stock
2015-07-28,HBL,989.0,980.0,1008.0,960.0,7969,stock
2015-07-29,HBL,980.0,965.0,985.0,965.0,3928,stock
2015-07-30,HBL,965.0,980.0,985.0,963.0,15039,stock
2015-08-02,HBL,980.0,1033.0,1035.0,980.0,13413,stock
2015-08-03,HBL,1033.0,1030.0,1034.0,1007.0,14769,stock
2015-08-04,HBL,1030.0,1030.0,1036.0,1016.0,12903,stock
2015-08-05,HBL,1030.0,1070.0,1081.0,1005.0,29025,stock
2015-08-06,HBL,1081.0,1078.0,1120.0,1075.0,12794,stock
2015-08-09,HBL,1078.0,1100.0,1130.0,1080.0,17381,stock
2015-08-10,HBL,1100.0,1140.0,1155.0,1105.0,20775,stock
2015-08-11,HBL,1140.0,1120.0,1135.0,1100.0,11214,stock
2015-08-12,HBL,1106.0,1120.0,1125.0,1105.0,22070,stock
2015-08-13,HBL,1125.0,1150.0,1165.0,1125.0,14247,stock
2015-08-16,HBL,1145.0,1188.0,1193.0,1139.0,21917,stock
2015-08-17,HBL,1190.0,1234.0,1261.0,1190.0,11144,stock
2015-08-18,HBL,1220.0,1272.0,1286.0,1212.0,10044,stock
2015-08-19,HBL,1260.0,1398.0,1398.0,1260.0,5565,stock
2015-08-20,HBL,1425.0,1390.0,1475.0,1370.0,7747,stock
2015-08-23,HBL,1380.0,1355.0,1397.0,1320.0,4218,stock
2015-08-24,HBL,1382.0,1355.0,1395.0,1340.0,4927,stock
2015-08-25,HBL,1328.0,1349.0,1349.0,1300.0,10375,stock
2015-08-26,HBL,1370.0,1340.0,1370.0,1340.0,5753,stock
2015-08-27,HBL,1330.0,1310.0,1335.0,1290.0,2412,stock
2015-08-31,HBL,1285.0,1315.0,1315.0,1285.0,4489,stock
2015-09-01,HBL,1315.0,1299.0,1300.0,1275.0,2990,stock
2015-09-02,HBL,1290.0,1280.0,1290.0,1270.0,1765,stock
2015-09-03,HBL,1265.0,1250.0,1280.0,1240.0,2137,stock
2015-09-06,HBL,1230.0,1258.0,1275.0,1200.0,5146,stock
2015-09-07,HBL,1270.0,1288.0,1294.0,1265.0,6519,stock
2015-09-08,HBL,1313.0,1280.0,1315.0,1261.0,1939,stock
2015-09-09,HBL,1295.0,1285.0,1295.0,1269.0,1402,stock
2015-09-10,HBL,1265.0,1343.0,1343.0,1265.0,10276,stock
2015-09-13,HBL,1320.0,1402.0,1450.0,1320.0,23725,stock
2015-09-14,HBL,1430.0,1408.0,1480.0,1398.0,10694,stock
2015-09-15,HBL,1425.0,1403.0,1430.0,1390.0,6994,stock
2015-09-16,HBL,1423.0,1396.0,1423.0,1375.0,4521,stock
2015-09-17,HBL,1390.0,1400.0,1405.0,1370.0,7638,stock
2015-09-22,HBL,1380.0,1301.0,1380.0,1301.0,14575,stock
2015-09-23,HBL,1276.0,1345.0,1377.0,1270.0,29830,stock
2015-09-24,HBL,1365.0,1350.0,1365.0,1333.0,23238,stock
2015-09-28,HBL,1324.0,1339.0,1345.0,1295.0,11315,stock
2015-09-29,HBL,1342.0,1340.0,1360.0,1337.0,5934,stock
2015-09-30,HBL,1355.0,1340.0,1360.0,1320.0,8254,stock
2015-10-01,HBL,1350.0,1338.0,1350.0,1338.0,2514,stock
2015-10-04,HBL,1338.0,1339.0,1340.0,1335.0,3724,stock
2015-10-05,HBL,1331.0,1327.0,1335.0,1320.0,1214,stock
2015-10-06,HBL,1301.0,1290.0,1301.0,1289.0,2029,stock
2015-10-07,HBL,1270.0,1270.0,1279.0,1246.0,2812,stock
2015-10-08,HBL,1260.0,1290.0,1300.0,1248.0,8747,stock
2015-10-11,HBL,1270.0,1268.0,1270.0,1252.0,2102,stock
2015-10-14,HBL,1260.0,1255.0,1271.0,1255.0,3637,stock
2015-10-15,HBL,1240.0,1250.0,1260.0,1230.0,2004,stock
2015-10-18,HBL,1250.0,1240.0,1250.0,1240.0,1933,stock
2015-10-19,HBL,1230.0,1239.0,1239.0,1230.0,5173,stock
2015-10-25,HBL,1235.0,1239.0,1245.0,1234.0,344,stock
2015-10-27,HBL,1215.0,1200.0,1215.0,1186.0,2886,stock
2015-10-28,HBL,1177.0,1185.0,1185.0,1120.0,2698,stock
2015-10-29,HBL,1208.0,1215.0,1215.0,1180.0,3025,stock
2015-11-01,HBL,1235.0,1214.0,1235.0,1197.0,1685,stock
2015-11-02,HBL,1220.0,1210.0,1230.0,1195.0,2508,stock
2015-11-03,HBL,1186.0,1213.0,1213.0,1180.0,3420,stock
2015-11-04,HBL,1191.0,1200.0,1220.0,1190.0,3160,stock
2015-11-05,HBL,1224.0,1250.0,1272.0,1224.0,16156,stock
2015-11-08,HBL,1255.0,1260.0,1265.0,1250.0,7222,stock
2015-11-09,HBL,1250.0,1303.0,1305.0,1250.0,14394,stock
2015-11-10,HBL,1309.0,1315.0,1335.0,1309.0,9003,stock
2015-11-15,HBL,1295.0,1299.0,1302.0,1275.0,3763,stock
2015-11-16,HBL,1300.0,1305.0,1305.0,1295.0,2958,stock
2015-11-18,HBL,1310.0,1322.0,1340.0,1310.0,3544,stock
2015-11-19,HBL,1329.0,1314.0,1329.0,1301.0,3109,stock
2015-11-22,HBL,1300.0,1298.0,1300.0,1289.0,3300,stock
2015-11-23,HBL,1280.0,1272.0,1280.0,1250.0,3032,stock
2015-11-24,HBL,1260.0,1260.0,1266.0,1250.0,8330,stock
2015-11-25,HBL,1263.0,1260.0,1270.0,1250.0,4518,stock
2015-11-26,HBL,1245.0,1250.0,1250.0,1228.0,5615,stock
2015-11-29,HBL,1243.0,1242.0,1243.0,1225.0,3453,stock
2015-11-30,HBL,1260.0,1255.0,1280.0,1240.0,3769,stock
2015-12-01,HBL,1255.0,1300.0,1305.0,1280.0,13696,stock
2015-12-02,HBL,1326.0,1316.0,1324.0,1290.0,33669,stock
2015-12-03,HBL,1316.0,1338.0,1350.0,1300.0,61352,stock
2015-12-04,HBL,991.0,1001.0,1030.0,994.0,4857,stock
2015-12-07,HBL,1015.0,1000.0,1020.0,1000.0,3459,stock
2015-12-08,HBL,1000.0,999.0,1000.0,984.0,1624,stock
2015-12-09,HBL,995.0,1000.0,1010.0,995.0,3121,stock
2015-12-10,HBL,1000.0,999.0,1000.0,999.0,200,stock
2015-12-13,HBL,990.0,983.0,990.0,980.0,182,stock
2015-12-14,HBL,970.0,966.0,970.0,961.0,3956,stock
2015-12-15,HBL,955.0,945.0,955.0,940.0,1638,stock
2015-12-16,HBL,933.0,933.0,933.0,933.0,100,stock
2015-12-17,HBL,925.0,921.0,925.0,915.0,2598,stock
2015-12-20,HBL,921.0,930.0,931.0,925.0,753,stock
2015-12-21,HBL,930.0,951.0,951.0,937.0,1600,stock
2015-12-22,HBL,970.0,958.0,970.0,940.0,3651,stock
2015-12-23,HBL,970.0,935.0,975.0,935.0,1218,stock
2015-12-24,HBL,925.0,945.0,955.0,925.0,1253,stock
2015-12-25,HBL,949.0,933.0,949.0,931.0,1116,stock
2015-12-28,HBL,933.0,930.0,934.0,917.0,2084,stock
2015-12-29,HBL,930.0,945.0,945.0,935.0,1232,stock
2015-12-31,HBL,945.0,940.0,945.0,940.0,571,stock
2016-01-03,HBL,940.0,932.0,940.0,931.0,2629,stock
2016-01-04,HBL,932.0,926.0,932.0,915.0,1030,stock
2016-01-05,HBL,925.0,920.0,930.0,915.0,5939,stock
2016-01-06,HBL,915.0,922.0,930.0,915.0,1016,stock
2016-01-07,HBL,930.0,938.0,938.0,930.0,1260,stock
2016-01-10,HBL,938.0,938.0,953.0,935.0,872,stock
2016-01-11,HBL,950.0,950.0,950.0,950.0,150,stock
2016-01-12,HBL,945.0,945.0,945.0,945.0,850,stock
2016-01-13,HBL,945.0,940.0,940.0,939.0,212,stock
2016-01-14,HBL,940.0,940.0,940.0,940.0,32,stock
2016-01-17,HBL,958.0,979.0,979.0,958.0,2574,stock
2016-01-18,HBL,994.0,980.0,999.0,967.0,5111,stock
2016-01-19,HBL,975.0,975.0,985.0,970.0,1994,stock
2016-01-20,HBL,970.0,984.0,984.0,965.0,1006,stock
2016-01-21,HBL,984.0,971.0,985.0,971.0,1100,stock
2016-01-24,HBL,971.0,980.0,981.0,970.0,10563,stock
2016-01-25,HBL,995.0,985.0,1000.0,980.0,3547,stock
2016-01-26,HBL,985.0,976.0,980.0,975.0,554,stock
2016-01-27,HBL,976.0,979.0,979.0,964.0,670,stock
2016-01-28,HBL,965.0,966.0,971.0,961.0,1264,stock
2016-01-31,HBL,965.0,975.0,975.0,965.0,1519,stock
2016-02-01,HBL,975.0,990.0,993.0,977.0,1947,stock
2016-02-02,HBL,990.0,982.0,1000.0,980.0,2063,stock
2016-02-03,HBL,982.0,985.0,990.0,982.0,3880,stock
2016-02-04,HBL,985.0,990.0,990.0,984.0,1461,stock
2016-02-07,HBL,990.0,991.0,1015.0,989.0,4544,stock
2016-02-08,HBL,991.0,1000.0,1030.0,999.0,8435,stock
2016-02-11,HBL,1000.0,1008.0,1014.0,1000.0,6069,stock
2016-02-14,HBL,1010.0,1007.0,1012.0,1006.0,2282,stock
2016-02-15,HBL,991.0,1035.0,1035.0,991.0,5406,stock
2016-02-16,HBL,1035.0,1040.0,1054.0,1040.0,1955,stock
2016-02-17,HBL,1040.0,1059.0,1070.0,1049.0,3419,stock
2016-02-18,HBL,1059.0,1112.0,1137.0,1060.0,15808,stock
2016-02-21,HBL,1120.0,1162.0,1169.0,1120.0,15229,stock
2016-02-22,HBL,1180.0,1177.0,1190.0,1165.0,6787,stock
2016-02-23,HBL,1177.0,1155.0,1180.0,1130.0,4241,stock
2016-02-24,HBL,1150.0,1130.0,1150.0,1110.0,9106,stock
2016-02-25,HBL,1108.0,1124.0,1130.0,1071.0,5360,stock
2016-02-28,HBL,1124.0,1118.0,1130.0,1109.0,4531,stock
2016-02-29,HBL,1118.0,1110.0,1115.0,1105.0,3167,stock
2016-03-01,HBL,1110.0,1147.0,1147.0,1105.0,2856,stock
2016-03-02,HBL,1155.0,1146.0,1165.0,1143.0,4748,stock
2016-03-03,HBL,1130.0,1150.0,1150.0,1120.0,15146,stock
2016-03-06,HBL,1133.0,1130.0,1140.0,1128.0,9187,stock
2016-03-10,HBL,1125.0,1120.0,1130.0,1116.0,4905,stock
2016-03-13,HBL,1120.0,1111.0,1120.0,1100.0,1909,stock
2016-03-14,HBL,1111.0,1108.0,1111.0,1100.0,4149,stock
2016-03-15,HBL,1106.0,1100.0,1107.0,1095.0,6002,stock
2016-03-16,HBL,1100.0,1105.0,1120.0,1100.0,1331,stock
2016-03-17,HBL,1105.0,1101.0,1115.0,1101.0,1884,stock
2016-03-20,HBL,1120.0,1135.0,1135.0,1120.0,3423,stock
2016-03-21,HBL,1140.0,1125.0,1149.0,1125.0,3179,stock
2016-03-23,HBL,1115.0,1133.0,1140.0,1115.0,5906,stock
2016-03-24,HBL,1133.0,1165.0,1173.0,1150.0,10981,stock
2016-03-27,HBL,1165.0,1200.0,1229.0,1160.0,14255,stock
2016-03-28,HBL,1200.0,1210.0,1220.0,1201.0,6924,stock
2016-03-29,HBL,1186.0,1185.0,1200.0,1173.0,5524,stock
2016-03-30,HBL,1185.0,1170.0,1190.0,1166.0,3044,stock
2016-03-31,HBL,1170.0,1180.0,1180.0,1170.0,2331,stock
2016-04-03,HBL,1180.0,1172.0,1174.0,1137.0,3309,stock
2016-04-04,HBL,1172.0,1184.0,1194.0,1178.0,4332,stock
2016-04-05,HBL,1190.0,1218.0,1220.0,1190.0,6852,stock
2016-04-06,HBL,1219.0,1200.0,1227.0,1200.0,5780,stock
2016-04-10,HBL,1200.0,1260.0,1260.0,1224.0,11392,stock
2016-04-11,HBL,1260.0,1281.0,1291.0,1270.0,8217,stock
2016-04-12,HBL,1281.0,1310.0,1310.0,1295.0,9626,stock
2016-04-14,HBL,1310.0,1350.0,1385.0,1310.0,8900,stock
2016-04-17,HBL,1370.0,1375.0,1400.0,1365.0,9956,stock
2016-04-18,HBL,1375.0,1390.0,1391.0,1376.0,12008,stock
2016-04-19,HBL,1390.0,1385.0,1400.0,1366.0,6832,stock
2016-04-20,HBL,1385.0,1390.0,1405.0,1380.0,8239,stock
2016-04-21,HBL,1390.0,1375.0,1394.0,1359.0,10409,stock
2016-04-24,HBL,1375.0,1426.0,1426.0,1380.0,23810,stock
2016-04-25,HBL,1426.0,1426.0,1470.0,1422.0,7487,stock
2016-04-26,HBL,1426.0,1410.0,1454.0,1410.0,25614,stock
2016-04-27,HBL,1410.0,1430.0,1440.0,1408.0,5348,stock
2016-04-28,HBL,1430.0,1430.0,1439.0,1425.0,7791,stock
2016-05-02,HBL,1430.0,1410.0,1435.0,1410.0,6554,stock
2016-05-03,HBL,1410.0,1410.0,1411.0,1390.0,4489,stock
2016-05-04,HBL,1410.0,1410.0,1411.0,1396.0,6724,stock
2016-05-05,HBL,1410.0,1430.0,1430.0,1366.0,10974,stock
2016-05-08,HBL,1430.0,1440.0,1460.0,1412.0,15653,stock
2016-05-09,HBL,1455.0,1440.0,1455.0,1440.0,8418,stock
2016-05-10,HBL,1449.0,1450.0,1454.0,1449.0,4935,stock
2016-05-11,HBL,1450.0,1425.0,1457.0,1416.0,7053,stock
2016-05-12,HBL,1444.0,1440.0,1445.0,1440.0,2446,stock
2016-05-15,HBL,1423.0,1439.0,1440.0,1410.0,6498,stock
2016-05-16,HBL,1440.0,1430.0,1430.0,1420.0,10352,stock
2016-05-17,HBL,1428.0,1448.0,1450.0,1428.0,8853,stock
2016-05-18,HBL,1448.0,1504.0,1504.0,1450.0,11250,stock
2016-05-19,HBL,1504.0,1490.0,1510.0,1490.0,9486,stock
2016-05-22,HBL,1490.0,1465.0,1490.0,1451.0,7292,stock
2016-05-23,HBL,1465.0,1480.0,1485.0,1457.0,12618,stock
2016-05-24,HBL,1480.0,1512.0,1512.0,1483.0,12135,stock
2016-05-25,HBL,1512.0,1471.0,1503.0,1461.0,21450,stock
2016-05-26,HBL,1471.0,1460.0,1500.0,1440.0,14736,stock
2016-05-29,HBL,1460.0,1455.0,1455.0,1438.0,8164,stock
2016-05-30,HBL,1455.0,1483.0,1483.0,1445.0,6201,stock
2016-05-31,HBL,1483.0,1478.0,1495.0,1470.0,8858,stock
2016-06-01,HBL,1478.0,1448.0,1475.0,1435.0,4795,stock
2016-06-02,HBL,1448.0,1432.0,1450.0,1410.0,4680,stock
2016-06-05,HBL,1432.0,1392.0,1435.0,1392.0,6049,stock
2016-06-06,HBL,1392.0,1429.0,1458.0,1419.0,12559,stock
2016-06-07,HBL,1425.0,1440.0,1465.0,1425.0,8253,stock
2016-06-08,HBL,1440.0,1441.0,1468.0,1441.0,6234,stock
2016-06-09,HBL,1450.0,1450.0,1460.0,1425.0,5525,stock
2016-06-12,HBL,1450.0,1509.0,1510.0,1445.0,16282,stock
2016-06-13,HBL,1509.0,1500.0,1539.0,1498.0,19367,stock
2016-06-14,HBL,1490.0,1491.0,1505.0,1481.0,8494,stock
2016-06-15,HBL,1493.0,1489.0,1493.0,1450.0,5781,stock
2016-06-16,HBL,1489.0,1495.0,1500.0,1470.0,10962,stock
2016-06-19,HBL,1495.0,1470.0,1496.0,1470.0,4952,stock
2016-06-20,HBL,1470.0,1465.0,1490.0,1461.0,1621,stock
2016-06-21,HBL,1465.0,1487.0,1487.0,1431.0,6757,stock
2016-06-22,HBL,1500.0,1474.0,1500.0,1467.0,8399,stock
2016-06-23,HBL,1474.0,1490.0,1500.0,1477.0,5012,stock
2016-06-26,HBL,1490.0,1530.0,1530.0,1461.0,22528,stock
2016-06-27,HBL,1530.0,1570.0,1570.0,1530.0,14000,stock
2016-06-28,HBL,1570.0,1590.0,1632.0,1555.0,17601,stock
2016-06-29,HBL,1590.0,1590.0,1590.0,1550.0,10783,stock
2016-06-30,HBL,1590.0,1585.0,1600.0,1530.0,10204,stock
2016-07-03,HBL,1585.0,1572.0,1590.0,1560.0,5289,stock
2016-07-04,HBL,1572.0,1560.0,1580.0,1549.0,4876,stock
2016-07-05,HBL,1545.0,1556.0,1565.0,1535.0,6636,stock
2016-07-06,HBL,1555.0,1546.0,1606.0,1540.0,7010,stock
2016-07-10,HBL,1546.0,1550.0,1570.0,1541.0,3724,stock
2016-07-11,HBL,1550.0,1535.0,1555.0,1530.0,4425,stock
2016-07-12,HBL,1535.0,1510.0,1535.0,1490.0,11982,stock
2016-07-13,HBL,1510.0,1510.0,1511.0,1480.0,7678,stock
2016-07-14,HBL,1485.0,1500.0,1550.0,1485.0,3693,stock
2016-07-17,HBL,1500.0,1565.0,1580.0,1525.0,10008,stock
2016-07-18,HBL,1565.0,1608.0,1625.0,1590.0,13911,stock
2016-07-19,HBL,1640.0,1610.0,1650.0,1590.0,11032,stock
2016-07-20,HBL,1621.0,1600.0,1642.0,1599.0,6295,stock
2016-07-21,HBL,1600.0,1625.0,1630.0,1585.0,9712,stock
2016-07-25,HBL,1625.0,1649.0,1655.0,1632.0,11607,stock
2016-07-26,HBL,1649.0,1660.0,1688.0,1650.0,22725,stock
2016-07-27,HBL,1660.0,1690.0,1691.0,1665.0,18447,stock
2016-07-28,HBL,1690.0,1673.0,1700.0,1657.0,10699,stock
2016-07-31,HBL,1673.0,1645.0,1688.0,1645.0,11870,stock
2016-08-01,HBL,1645.0,1620.0,1650.0,1566.0,6030,stock
2016-08-02,HBL,1620.0,1592.0,1600.0,1590.0,5297,stock
2016-08-03,HBL,1592.0,1580.0,1600.0,1552.0,6408,stock
2016-08-04,HBL,1580.0,1550.0,1600.0,1520.0,5036,stock
2016-08-07,HBL,1550.0,1505.0,1589.0,1500.0,5884,stock
2016-08-08,HBL,1505.0,1393.0,1500.0,1393.0,4736,stock
2016-08-09,HBL,1420.0,1532.0,1532.0,1420.0,4075,stock
2016-08-10,HBL,1562.0,1570.0,1575.0,1502.0,12553,stock
2016-08-11,HBL,1560.0,1550.0,1564.0,1550.0,6013,stock
2016-08-14,HBL,1555.0,1535.0,1590.0,1535.0,18466,stock
2016-08-15,HBL,1512.0,1510.0,1531.0,1485.0,9995,stock
2016-08-16,HBL,1500.0,1550.0,1560.0,1500.0,8249,stock
2016-08-17,HBL,1580.0,1570.0,1599.0,1570.0,8022,stock
2016-08-21,HBL,1601.0,1594.0,1660.0,1587.0,15404,stock
2016-08-22,HBL,1580.0,1555.0,1580.0,1551.0,7361,stock
2016-08-23,HBL,1560.0,1540.0,1596.0,1540.0,14006,stock
2016-08-24,HBL,1570.0,1575.0,1601.0,1538.0,4685,stock
2016-08-28,HBL,1585.0,1576.0,1606.0,1570.0,4826,stock
2016-08-29,HBL,1575.0,1583.0,1590.0,1575.0,3328,stock
2016-08-30,HBL,1601.0,1641.0,1650.0,1599.0,16574,stock
2016-08-31,HBL,1659.0,1650.0,1660.0,1642.0,5238,stock
2016-09-01,HBL,1650.0,1648.0,1674.0,1647.0,8558,stock
2016-09-04,HBL,1651.0,1665.0,1679.0,1650.0,7484,stock
2016-09-05,HBL,1690.0,1695.0,1705.0,1689.0,6245,stock
2016-09-06,HBL,1725.0,1680.0,1714.0,1674.0,13273,stock
2016-09-07,HBL,1670.0,1685.0,1693.0,1660.0,8270,stock
2016-09-08,HBL,1683.0,1675.0,1685.0,1672.0,4172,stock
2016-09-11,HBL,1660.0,1680.0,1695.0,1655.0,5402,stock
2016-09-12,HBL,1670.0,1670.0,1671.0,1634.0,3070,stock
2016-09-14,HBL,1655.0,1654.0,1665.0,1650.0,3592,stock
2016-09-18,HBL,1648.0,1639.0,1648.0,1620.0,2827,stock
2016-09-20,HBL,1607.0,1620.0,1640.0,1607.0,300,stock
2016-09-21,HBL,1605.0,1605.0,1608.0,1580.0,1665,stock
2016-09-22,HBL,1602.0,1590.0,1609.0,1570.0,2131,stock
2016-09-25,HBL,1602.0,1590.0,1609.0,1570.0,2131,stock
2016-09-26,HBL,1551.0,1581.0,1585.0,1550.0,1675,stock
2016-09-27,HBL,1606.0,1571.0,1600.0,1550.0,2255,stock
2016-09-28,HBL,1563.0,1560.0,1564.0,1550.0,1264,stock
2016-09-29,HBL,1560.0,1570.0,1570.0,1560.0,1760,stock
2016-10-02,HBL,1560.0,1580.0,1580.0,1560.0,4026,stock
2016-10-03,HBL,1590.0,1599.0,1604.0,1590.0,3502,stock
2016-10-04,HBL,1600.0,1600.0,1608.0,1578.0,3504,stock
2016-10-05,HBL,1602.0,1610.0,1614.0,1600.0,1549,stock
2016-10-06,HBL,1602.0,1621.0,1634.0,1602.0,2217,stock
2016-10-16,HBL,1640.0,1622.0,1640.0,1610.0,5899,stock
2016-10-17,HBL,1620.0,1608.0,1620.0,1595.0,2088,stock
2016-10-18,HBL,1610.0,1600.0,1610.0,1600.0,1328,stock
2016-10-19,HBL,1593.0,1600.0,1605.0,1592.0,2241,stock
2016-10-20,HBL,1605.0,1617.0,1619.0,1605.0,4888,stock
2016-10-23,HBL,1626.0,1631.0,1633.0,1617.0,6742,stock
2016-10-24,HBL,1615.0,1608.0,1623.0,1600.0,10259,stock
2016-10-25,HBL,1600.0,1595.0,1600.0,1582.0,9089,stock
2016-10-27,HBL,1408.0,1390.0,1425.0,1382.0,2464,stock
2016-11-03,HBL,1380.0,1380.0,1380.0,1380.0,100,stock
2016-11-07,HBL,1390.0,1400.0,1400.0,1380.0,1320,stock
2016-11-08,HBL,1390.0,1380.0,1395.0,1370.0,1632,stock
2016-11-09,HBL,1353.0,1360.0,1385.0,1350.0,3178,stock
2016-11-10,HBL,1340.0,1375.0,1380.0,1340.0,2713,stock
2016-11-13,HBL,1348.0,1355.0,1370.0,1348.0,3903,stock
2016-11-14,HBL,1360.0,1355.0,1365.0,1350.0,2737,stock
2016-11-15,HBL,1361.0,1340.0,1370.0,1330.0,1307,stock
2016-11-16,HBL,1325.0,1350.0,1350.0,1321.0,886,stock
2016-11-17,HBL,1330.0,1306.0,1335.0,1301.0,4058,stock
2016-11-20,HBL,1280.0,1200.0,1286.0,1192.0,9708,stock
2016-11-21,HBL,1195.0,1220.0,1248.0,1176.0,3913,stock
2016-11-22,HBL,1200.0,1190.0,1224.0,1170.0,8278,stock
2016-11-23,HBL,1180.0,1137.0,1180.0,1137.0,9872,stock
2016-11-24,HBL,1135.0,1146.0,1200.0,1135.0,7176,stock
2016-11-27,HBL,1136.0,1106.0,1150.0,1100.0,6029,stock
2016-11-28,HBL,1085.0,1144.0,1144.0,1000.0,5423,stock
2016-11-29,HBL,1125.0,1198.0,1198.0,1100.0,8419,stock
2016-11-30,HBL,1221.0,1290.0,1296.0,1221.0,15778,stock
2016-12-01,HBL,1315.0,1315.0,1360.0,1280.0,13842,stock
2016-12-04,HBL,1289.0,1280.0,1300.0,1265.0,4317,stock
2016-12-05,HBL,1260.0,1239.0,1260.0,1227.0,3712,stock
2016-12-06,HBL,1235.0,1237.0,1245.0,1220.0,5003,stock
2016-12-07,HBL,1231.0,1227.0,1240.0,1226.0,2187,stock
2016-12-08,HBL,1230.0,1234.0,1234.0,1220.0,4256,stock
2016-12-11,HBL,1234.0,1225.0,1234.0,1204.0,1893,stock
2016-12-12,HBL,1201.0,1202.0,1208.0,1200.0,4700,stock
2016-12-14,HBL,1225.0,1208.0,1225.0,1200.0,701,stock
2016-12-15,HBL,1208.0,1210.0,1218.0,1200.0,1910,stock
2016-12-18,HBL,1210.0,1228.0,1240.0,1210.0,5427,stock
2016-12-19,HBL,1240.0,1208.0,1240.0,1201.0,8369,stock
2016-12-20,HBL,1208.0,1199.0,1210.0,1199.0,16718,stock
2016-12-21,HBL,950.0,902.0,931.0,890.0,6539,stock
2016-12-22,HBL,900.0,890.0,900.0,890.0,1973,stock
2016-12-26,HBL,890.0,855.0,890.0,840.0,2779,stock
2016-12-27,HBL,841.0,810.0,841.0,806.0,4366,stock
2016-12-28,HBL,809.0,805.0,818.0,790.0,5987,stock
2016-12-29,HBL,806.0,820.0,825.0,800.0,2122,stock
2017-01-01,HBL,826.0,850.0,860.0,826.0,2347,stock
2017-01-02,HBL,865.0,890.0,897.0,861.0,4431,stock
2017-01-03,HBL,886.0,876.0,886.0,870.0,4384,stock
2017-01-04,HBL,860.0,890.0,890.0,860.0,1840,stock
2017-01-05,HBL,881.0,870.0,881.0,865.0,1090,stock
2017-01-08,HBL,865.0,865.0,875.0,862.0,1880,stock
2017-01-09,HBL,870.0,876.0,881.0,864.0,1866,stock
2017-01-10,HBL,880.0,888.0,890.0,875.0,2571,stock
2017-01-11,HBL,900.0,900.0,905.0,895.0,2778,stock
2017-01-12,HBL,915.0,902.0,915.0,900.0,1055,stock
2017-01-15,HBL,910.0,909.0,911.0,900.0,1738,stock
2017-01-16,HBL,901.0,910.0,910.0,900.0,2037,stock
2017-01-17,HBL,905.0,905.0,905.0,900.0,370,stock
2017-01-18,HBL,901.0,900.0,901.0,890.0,2609,stock
2017-01-19,HBL,900.0,890.0,903.0,890.0,874,stock
2017-01-22,HBL,881.0,890.0,893.0,880.0,1277,stock
2017-01-23,HBL,880.0,887.0,895.0,880.0,1809,stock
2017-01-24,HBL,890.0,867.0,890.0,867.0,2411,stock
2017-01-25,HBL,867.0,850.0,867.0,850.0,1415,stock
2017-01-26,HBL,840.0,850.0,857.0,824.0,2789,stock
2017-01-30,HBL,840.0,816.0,840.0,816.0,3311,stock
2017-01-31,HBL,830.0,833.0,840.0,814.0,3612,stock
2017-02-01,HBL,825.0,875.0,875.0,825.0,1598,stock
2017-02-02,HBL,880.0,870.0,880.0,860.0,2196,stock
2017-02-05,HBL,860.0,869.0,869.0,837.0,1322,stock
2017-02-06,HBL,870.0,851.0,870.0,835.0,720,stock
2017-02-07,HBL,840.0,835.0,859.0,835.0,2852,stock
2017-02-08,HBL,840.0,835.0,840.0,830.0,2082,stock
2017-02-09,HBL,820.0,820.0,837.0,819.0,1670,stock
2017-02-12,HBL,816.0,781.0,816.0,776.0,3651,stock
2017-02-13,HBL,770.0,780.0,780.0,735.0,4143,stock
2017-02-14,HBL,783.0,800.0,822.0,780.0,4272,stock
2017-02-15,HBL,800.0,835.0,850.0,800.0,1972,stock
2017-02-16,HBL,851.0,865.0,868.0,849.0,2540,stock
2017-02-19,HBL,850.0,875.0,880.0,848.0,3474,stock
2017-02-20,HBL,876.0,870.0,890.0,870.0,5218,stock
2017-02-21,HBL,875.0,870.0,882.0,860.0,1825,stock
2017-02-22,HBL,865.0,857.0,870.0,841.0,1056,stock
2017-02-23,HBL,851.0,848.0,852.0,841.0,1090,stock
2017-02-26,HBL,850.0,838.0,850.0,838.0,140,stock
2017-02-28,HBL,840.0,815.0,840.0,810.0,1090,stock
2017-03-01,HBL,815.0,830.0,830.0,815.0,88,stock
2017-03-02,HBL,831.0,858.0,858.0,831.0,621,stock
2017-03-05,HBL,875.0,879.0,880.0,862.0,3429,stock
2017-03-06,HBL,885.0,878.0,890.0,872.0,4010,stock
2017-03-07,HBL,870.0,843.0,870.0,843.0,1110,stock
2017-03-09,HBL,830.0,842.0,850.0,830.0,577,stock
2017-03-13,HBL,842.0,860.0,860.0,833.0,3558,stock
2017-03-14,HBL,855.0,855.0,860.0,855.0,277,stock
2017-03-15,HBL,860.0,860.0,860.0,860.0,300,stock
2017-03-16,HBL,852.0,851.0,852.0,843.0,1910,stock
2017-03-19,HBL,851.0,857.0,860.0,850.0,3373,stock
2017-03-20,HBL,874.0,881.0,890.0,873.0,1090,stock
2017-03-21,HBL,883.0,905.0,905.0,866.0,3074,stock
2017-03-22,HBL,920.0,957.0,957.0,920.0,3426,stock
2017-03-23,HBL,965.0,950.0,980.0,927.0,4085,stock
2017-03-26,HBL,955.0,970.0,1000.0,955.0,5097,stock
2017-03-28,HBL,970.0,1020.0,1020.0,978.0,3407,stock
2017-03-29,HBL,1020.0,985.0,1039.0,985.0,6573,stock
2017-03-30,HBL,985.0,980.0,999.0,971.0,2507,stock
2017-04-02,HBL,999.0,1040.0,1040.0,999.0,4495,stock
2017-04-03,HBL,1060.0,1030.0,1144.0,1020.0,18494,stock
2017-04-04,HBL,1025.0,1010.0,1030.0,1005.0,4928,stock
2017-04-06,HBL,1009.0,1000.0,1040.0,1000.0,4815,stock
2017-04-09,HBL,1005.0,1005.0,1010.0,996.0,4155,stock
2017-04-10,HBL,1010.0,1020.0,1030.0,1000.0,4206,stock
2017-04-11,HBL,1040.0,1040.0,1060.0,1010.0,14714,stock
2017-04-12,HBL,1055.0,1039.0,1064.0,1020.0,9995,stock
2017-04-13,HBL,1010.0,1018.0,1035.0,1000.0,979,stock
2017-04-16,HBL,1000.0,1010.0,1018.0,998.0,1549,stock
2017-04-18,HBL,990.0,990.0,1000.0,980.0,3368,stock
2017-04-19,HBL,990.0,980.0,1000.0,971.0,4475,stock
2017-04-20,HBL,995.0,1005.0,1005.0,990.0,2772,stock
2017-04-23,HBL,1025.0,1015.0,1035.0,1011.0,3750,stock
2017-04-24,HBL,1015.0,1000.0,1015.0,990.0,3088,stock
2017-04-25,HBL,1005.0,990.0,1005.0,985.0,4493,stock
2017-04-26,HBL,985.0,990.0,990.0,975.0,1257,stock
2017-04-27,HBL,990.0,976.0,990.0,972.0,3395,stock
2017-04-30,HBL,975.0,974.0,975.0,955.0,1970,stock
2017-05-02,HBL,960.0,990.0,990.0,960.0,1215,stock
2017-05-03,HBL,980.0,990.0,999.0,980.0,1682,stock
2017-05-04,HBL,977.0,975.0,977.0,971.0,1050,stock
2017-05-07,HBL,956.0,956.0,960.0,952.0,2629,stock
2017-05-08,HBL,950.0,988.0,994.0,950.0,1305,stock
2017-05-09,HBL,988.0,975.0,975.0,970.0,1100,stock
2017-05-11,HBL,990.0,961.0,990.0,961.0,2025,stock
2017-05-15,HBL,965.0,972.0,998.0,965.0,870,stock
2017-05-16,HBL,960.0,951.0,970.0,951.0,3781,stock
2017-05-17,HBL,958.0,960.0,965.0,958.0,787,stock
2017-05-18,HBL,960.0,960.0,960.0,954.0,1200,stock
2017-05-21,HBL,950.0,960.0,960.0,950.0,700,stock
2017-05-22,HBL,950.0,946.0,955.0,940.0,1939,stock
2017-05-23,HBL,950.0,960.0,960.0,950.0,3670,stock
2017-05-24,HBL,960.0,950.0,955.0,943.0,1100,stock
2017-05-28,HBL,940.0,938.0,943.0,932.0,3395,stock
2017-05-30,HBL,928.0,925.0,930.0,915.0,4819,stock
2017-05-31,HBL,925.0,926.0,935.0,912.0,4144,stock
2017-06-01,HBL,932.0,927.0,941.0,926.0,1231,stock
2017-06-04,HBL,926.0,925.0,934.0,925.0,2126,stock
2017-06-05,HBL,925.0,925.0,932.0,921.0,3252,stock
2017-06-06,HBL,940.0,948.0,948.0,925.0,3071,stock
2017-06-07,HBL,950.0,941.0,960.0,940.0,3018,stock
2017-06-08,HBL,926.0,928.0,933.0,915.0,2762,stock
2017-06-11,HBL,915.0,910.0,920.0,907.0,5836,stock
2017-06-12,HBL,910.0,910.0,918.0,904.0,4101,stock
2017-06-13,HBL,911.0,906.0,911.0,896.0,4956,stock
2017-06-14,HBL,901.0,900.0,907.0,900.0,1794,stock
2017-06-15,HBL,900.0,920.0,924.0,892.0,1433,stock
2017-06-18,HBL,920.0,910.0,915.0,890.0,3120,stock
2017-06-19,HBL,895.0,895.0,895.0,885.0,2696,stock
2017-06-20,HBL,878.0,880.0,888.0,870.0,3885,stock
2017-06-21,HBL,879.0,870.0,880.0,866.0,5741,stock
2017-06-22,HBL,887.0,886.0,888.0,875.0,1443,stock
2017-06-25,HBL,881.0,884.0,889.0,880.0,2029,stock
2017-06-27,HBL,889.0,886.0,895.0,885.0,2930,stock
2017-06-28,HBL,880.0,890.0,900.0,865.0,2580,stock
2017-07-02,HBL,890.0,870.0,890.0,862.0,1928,stock
2017-07-03,HBL,870.0,885.0,885.0,870.0,1980,stock
2017-07-04,HBL,886.0,883.0,887.0,881.0,2737,stock
2017-07-05,HBL,888.0,888.0,888.0,872.0,591,stock
2017-07-06,HBL,895.0,900.0,900.0,880.0,3027,stock
2017-07-09,HBL,900.0,900.0,920.0,895.0,7511,stock
2017-07-10,HBL,890.0,893.0,900.0,890.0,1135,stock
2017-07-11,HBL,895.0,900.0,904.0,895.0,3212,stock
2017-07-12,HBL,900.0,904.0,904.0,895.0,998,stock
2017-07-13,HBL,910.0,887.0,910.0,886.0,3825,stock
2017-07-16,HBL,900.0,890.0,900.0,890.0,3565,stock
2017-07-17,HBL,903.0,907.0,910.0,899.0,2995,stock
2017-07-18,HBL,915.0,924.0,924.0,900.0,4981,stock
2017-07-19,HBL,925.0,914.0,930.0,912.0,8485,stock
2017-07-20,HBL,910.0,908.0,925.0,903.0,5246,stock
2017-07-23,HBL,907.0,915.0,922.0,907.0,2435,stock
2017-07-24,HBL,915.0,910.0,915.0,905.0,2162,stock
2017-07-25,HBL,915.0,900.0,925.0,900.0,3308,stock
2017-07-26,HBL,900.0,903.0,910.0,900.0,1908,stock
2017-07-27,HBL,905.0,913.0,918.0,902.0,2315,stock
2017-07-30,HBL,910.0,910.0,912.0,905.0,2872,stock
2017-07-31,HBL,925.0,914.0,926.0,905.0,4057,stock
2017-08-01,HBL,914.0,909.0,925.0,901.0,2555,stock
2017-08-02,HBL,915.0,905.0,915.0,905.0,4731,stock
2017-08-03,HBL,905.0,905.0,910.0,904.0,7273,stock
2017-08-06,HBL,902.0,911.0,911.0,900.0,5593,stock
2017-08-07,HBL,920.0,915.0,921.0,915.0,2973,stock
2017-08-09,HBL,915.0,914.0,918.0,914.0,3463,stock
2017-08-10,HBL,920.0,915.0,920.0,904.0,2452,stock
2017-08-13,HBL,932.0,906.0,932.0,906.0,6336,stock
2017-08-15,HBL,907.0,906.0,913.0,905.0,2219,stock
2017-08-16,HBL,900.0,915.0,919.0,900.0,3021,stock
2017-08-17,HBL,912.0,925.0,925.0,912.0,3894,stock
2017-08-20,HBL,925.0,902.0,925.0,901.0,3812,stock
2017-08-21,HBL,904.0,910.0,910.0,900.0,3204,stock
2017-08-22,HBL,915.0,901.0,915.0,900.0,5148,stock
2017-08-23,HBL,901.0,908.0,910.0,900.0,1830,stock
2017-08-24,HBL,904.0,898.0,908.0,898.0,5837,stock
2017-08-27,HBL,898.0,905.0,910.0,900.0,4709,stock
2017-08-28,HBL,900.0,900.0,901.0,897.0,5378,stock
2017-08-30,HBL,900.0,892.0,900.0,892.0,2675,stock
2017-08-31,HBL,892.0,885.0,895.0,880.0,2870,stock
2017-09-04,HBL,886.0,864.0,886.0,856.0,5104,stock
2017-09-06,HBL,880.0,880.0,880.0,860.0,1904,stock
2017-09-07,HBL,885.0,875.0,885.0,868.0,2333,stock
2017-09-10,HBL,867.0,850.0,871.0,850.0,4135,stock
2017-09-11,HBL,850.0,853.0,870.0,850.0,2220,stock
2017-09-12,HBL,836.0,835.0,852.0,833.0,4468,stock
2017-09-13,HBL,830.0,820.0,868.0,820.0,3474,stock
2017-09-14,HBL,830.0,855.0,858.0,830.0,4335,stock
2017-09-17,HBL,856.0,890.0,890.0,850.0,1872,stock
2017-09-18,HBL,906.0,883.0,900.0,882.0,2875,stock
2017-09-20,HBL,875.0,890.0,891.0,870.0,2919,stock
2017-09-24,HBL,891.0,890.0,891.0,888.0,3103,stock
2017-09-25,HBL,907.0,896.0,907.0,880.0,2014,stock
2017-09-26,HBL,900.0,891.0,900.0,890.0,308,stock
2017-10-03,HBL,891.0,898.0,898.0,891.0,317,stock
2017-10-04,HBL,900.0,895.0,900.0,876.0,1849,stock
2017-10-08,HBL,884.0,855.0,884.0,847.0,2087,stock
2017-10-09,HBL,855.0,855.0,855.0,850.0,3487,stock
2017-10-10,HBL,850.0,860.0,860.0,850.0,625,stock
2017-10-11,HBL,874.0,857.0,874.0,856.0,1691,stock
2017-10-12,HBL,855.0,855.0,861.0,850.0,5936,stock
2017-10-15,HBL,852.0,865.0,865.0,852.0,921,stock
2017-10-16,HBL,872.0,880.0,880.0,867.0,553,stock
2017-10-17,HBL,890.0,893.0,893.0,876.0,3355,stock
2017-10-18,HBL,900.0,886.0,900.0,883.0,2488,stock
2017-10-22,HBL,881.0,890.0,900.0,880.0,2146,stock
2017-10-23,HBL,890.0,890.0,892.0,890.0,2462,stock
2017-10-24,HBL,890.0,871.0,885.0,871.0,1592,stock
2017-10-25,HBL,871.0,867.0,871.0,861.0,1839,stock
2017-10-29,HBL,862.0,865.0,867.0,857.0,2612,stock
2017-10-30,HBL,860.0,865.0,869.0,850.0,1670,stock
2017-10-31,HBL,865.0,857.0,870.0,851.0,1559,stock
2017-11-01,HBL,874.0,884.0,886.0,867.0,10450,stock
2017-11-02,HBL,886.0,869.0,886.0,864.0,8089,stock
2017-11-05,HBL,868.0,845.0,868.0,835.0,11622,stock
2017-11-06,HBL,845.0,850.0,859.0,840.0,5555,stock
2017-11-07,HBL,860.0,850.0,860.0,848.0,3544,stock
2017-11-08,HBL,840.0,840.0,848.0,835.0,4171,stock
2017-11-09,HBL,827.0,840.0,842.0,827.0,4124,stock
2017-11-12,HBL,836.0,848.0,850.0,844.0,1630,stock
2017-11-13,HBL,855.0,849.0,860.0,846.0,3979,stock
2017-11-14,HBL,865.0,870.0,882.0,860.0,4209,stock
2017-11-15,HBL,880.0,860.0,880.0,860.0,3895,stock
2017-11-16,HBL,850.0,850.0,855.0,850.0,1454,stock
2017-11-19,HBL,850.0,847.0,850.0,843.0,1482,stock
2017-11-20,HBL,847.0,836.0,847.0,836.0,1794,stock
2017-11-21,HBL,836.0,842.0,852.0,836.0,796,stock
2017-11-22,HBL,845.0,845.0,853.0,840.0,2105,stock
2017-11-23,HBL,840.0,850.0,868.0,850.0,572,stock
2017-11-26,HBL,850.0,863.0,864.0,852.0,998,stock
2017-11-27,HBL,868.0,866.0,868.0,860.0,2641,stock
2017-11-28,HBL,870.0,870.0,870.0,858.0,1266,stock
2017-11-29,HBL,875.0,883.0,885.0,875.0,2647,stock
2017-11-30,HBL,888.0,880.0,888.0,876.0,1347,stock
2017-12-04,HBL,877.0,878.0,878.0,875.0,1222,stock
2017-12-05,HBL,878.0,870.0,880.0,865.0,1760,stock
2017-12-06,HBL,872.0,872.0,878.0,860.0,2679,stock
2017-12-10,HBL,871.0,862.0,873.0,860.0,2995,stock
2017-12-11,HBL,865.0,862.0,865.0,855.0,1200,stock
2017-12-12,HBL,870.0,852.0,872.0,850.0,1221,stock
2017-12-13,HBL,841.0,845.0,850.0,840.0,2030,stock
2017-12-14,HBL,848.0,844.0,848.0,844.0,700,stock
2017-12-17,HBL,843.0,835.0,843.0,831.0,8227,stock
2017-12-18,HBL,835.0,840.0,841.0,835.0,4773,stock
2017-12-19,HBL,840.0,838.0,850.0,838.0,2799,stock
2017-12-20,HBL,840.0,839.0,842.0,835.0,3826,stock
2017-12-21,HBL,845.0,844.0,845.0,840.0,2309,stock
2017-12-24,HBL,860.0,839.0,860.0,838.0,14541,stock
2017-12-26,HBL,671.0,649.0,665.0,648.0,8318,stock
2017-12-27,HBL,637.0,630.0,642.0,630.0,3017,stock
2017-12-28,HBL,622.0,608.0,628.0,608.0,9812,stock
2017-12-31,HBL,602.0,590.0,605.0,590.0,6729,stock
2018-01-01,HBL,601.0,636.0,637.0,600.0,3385,stock
2018-01-02,HBL,643.0,650.0,655.0,637.0,6209,stock
2018-01-03,HBL,661.0,648.0,661.0,645.0,962,stock
2018-01-04,HBL,648.0,644.0,648.0,635.0,2920,stock
2018-01-07,HBL,656.0,652.0,656.0,650.0,2390,stock
2018-01-08,HBL,653.0,651.0,666.0,650.0,1927,stock
2018-01-09,HBL,651.0,660.0,662.0,655.0,1401,stock
2018-01-10,HBL,673.0,663.0,686.0,660.0,2427,stock
2018-01-14,HBL,661.0,660.0,671.0,651.0,970,stock
2018-01-16,HBL,673.0,658.0,673.0,648.0,1873,stock
2018-01-17,HBL,655.0,654.0,655.0,650.0,1689,stock
2018-01-21,HBL,660.0,652.0,660.0,651.0,1112,stock
2018-01-22,HBL,660.0,656.0,660.0,653.0,3510,stock
2018-01-23,HBL,669.0,658.0,669.0,655.0,489,stock
2018-01-24,HBL,671.0,658.0,671.0,652.0,2025,stock
2018-01-25,HBL,654.0,656.0,656.0,652.0,4604,stock
2018-01-28,HBL,669.0,657.0,668.0,655.0,3982,stock
2018-01-29,HBL,668.0,661.0,665.0,655.0,4151,stock
2018-01-31,HBL,674.0,660.0,674.0,655.0,1071,stock
2018-02-01,HBL,660.0,660.0,660.0,655.0,1383,stock
2018-02-04,HBL,663.0,664.0,667.0,663.0,728,stock
2018-02-05,HBL,663.0,656.0,663.0,656.0,1888,stock
2018-02-06,HBL,655.0,654.0,657.0,652.0,2708,stock
2018-02-08,HBL,651.0,656.0,658.0,650.0,1395,stock
2018-02-11,HBL,660.0,656.0,660.0,656.0,1515,stock
2018-02-12,HBL,660.0,658.0,660.0,650.0,1550,stock
2018-02-14,HBL,656.0,653.0,656.0,651.0,1970,stock
2018-02-15,HBL,665.0,667.0,675.0,660.0,7399,stock
2018-02-18,HBL,667.0,665.0,681.0,665.0,3754,stock
2018-02-20,HBL,678.0,663.0,678.0,662.0,1072,stock
2018-02-21,HBL,663.0,665.0,667.0,661.0,2000,stock
2018-02-22,HBL,652.0,656.0,663.0,652.0,1886,stock
2018-02-25,HBL,660.0,653.0,660.0,653.0,907,stock
2018-02-26,HBL,650.0,642.0,660.0,640.0,2200,stock
2018-02-27,HBL,640.0,646.0,650.0,640.0,712,stock
2018-02-28,HBL,641.0,637.0,648.0,637.0,1000,stock
2018-03-04,HBL,625.0,610.0,625.0,605.0,3676,stock
2018-03-06,HBL,586.0,594.0,601.0,585.0,12471,stock
2018-03-07,HBL,595.0,600.0,607.0,595.0,13122,stock
2018-03-11,HBL,600.0,590.0,603.0,590.0,4270,stock
2018-03-12,HBL,590.0,588.0,599.0,585.0,11097,stock
2018-03-13,HBL,590.0,592.0,592.0,583.0,10231,stock
2018-03-14,HBL,600.0,597.0,600.0,595.0,910,stock
2018-03-15,HBL,600.0,612.0,612.0,600.0,1108,stock
2018-03-18,HBL,611.0,604.0,613.0,601.0,1035,stock
2018-03-19,HBL,595.0,596.0,606.0,595.0,1062,stock
2018-03-20,HBL,594.0,598.0,598.0,590.0,1569,stock
2018-03-21,HBL,598.0,593.0,598.0,587.0,1554,stock
2018-03-22,HBL,586.0,600.0,601.0,575.0,2332,stock
2018-03-26,HBL,588.0,572.0,588.0,567.0,2698,stock
2018-03-27,HBL,567.0,581.0,585.0,560.0,3266,stock
2018-03-28,HBL,591.0,572.0,591.0,564.0,8958,stock
2018-03-29,HBL,571.0,595.0,595.0,571.0,3853,stock
2018-04-01,HBL,590.0,585.0,590.0,575.0,1530,stock
2018-04-02,HBL,582.0,585.0,586.0,582.0,1360,stock
2018-04-03,HBL,585.0,584.0,590.0,583.0,2620,stock
2018-04-04,HBL,587.0,590.0,594.0,585.0,1910,stock
2018-04-05,HBL,600.0,597.0,600.0,594.0,1070,stock
2018-04-08,HBL,598.0,610.0,622.0,590.0,11841,stock
2018-04-09,HBL,615.0,610.0,622.0,605.0,11529,stock
2018-04-10,HBL,598.0,609.0,620.0,598.0,3032,stock
2018-04-11,HBL,613.0,612.0,614.0,606.0,1097,stock
2018-04-12,HBL,615.0,610.0,615.0,606.0,3928,stock
2018-04-15,HBL,610.0,601.0,610.0,598.0,1019,stock
2018-04-16,HBL,602.0,605.0,614.0,600.0,1908,stock
2018-04-17,HBL,605.0,610.0,612.0,600.0,2523,stock
2018-04-18,HBL,605.0,651.0,652.0,605.0,5636,stock
2018-04-19,HBL,642.0,652.0,660.0,640.0,10234,stock
2018-04-22,HBL,652.0,673.0,680.0,665.0,1947,stock
2018-04-23,HBL,682.0,658.0,682.0,650.0,4326,stock
2018-04-24,HBL,640.0,633.0,653.0,630.0,4948,stock
2018-04-25,HBL,640.0,635.0,640.0,627.0,2292,stock
2018-04-26,HBL,635.0,617.0,635.0,616.0,9882,stock
2018-04-29,HBL,625.0,610.0,625.0,601.0,2179,stock
2018-05-02,HBL,610.0,621.0,621.0,610.0,971,stock
2018-05-03,HBL,622.0,620.0,626.0,615.0,1638,stock
2018-05-06,HBL,620.0,605.0,620.0,604.0,1465,stock
2018-05-07,HBL,605.0,603.0,610.0,600.0,1880,stock
2018-05-08,HBL,604.0,615.0,615.0,604.0,1218,stock
2018-05-09,HBL,615.0,620.0,620.0,605.0,450,stock
2018-05-14,HBL,618.0,600.0,618.0,590.0,1765,stock
2018-05-15,HBL,600.0,596.0,605.0,595.0,878,stock
2018-05-16,HBL,590.0,600.0,600.0,590.0,377,stock
2018-05-17,HBL,600.0,620.0,620.0,600.0,1626,stock
2018-05-20,HBL,620.0,610.0,620.0,600.0,1373,stock
2018-05-21,HBL,605.0,602.0,606.0,600.0,825,stock
2018-05-22,HBL,602.0,601.0,605.0,600.0,1639,stock
2018-05-23,HBL,595.0,606.0,606.0,595.0,185,stock
2018-05-24,HBL,606.0,600.0,606.0,594.0,5148,stock
2018-05-27,HBL,600.0,596.0,600.0,590.0,2686,stock
2018-05-28,HBL,596.0,607.0,609.0,589.0,5033,stock
2018-05-29,HBL,605.0,603.0,610.0,599.0,555,stock
2018-05-30,HBL,603.0,603.0,603.0,595.0,630,stock
2018-05-31,HBL,605.0,600.0,605.0,597.0,375,stock
2018-06-03,HBL,588.0,585.0,595.0,585.0,2368,stock
2018-06-04,HBL,590.0,584.0,595.0,584.0,1252,stock
2018-06-06,HBL,586.0,588.0,592.0,586.0,360,stock
2018-06-07,HBL,590.0,578.0,590.0,578.0,2695,stock
2018-06-10,HBL,577.0,566.0,578.0,565.0,936,stock
2018-06-11,HBL,565.0,560.0,575.0,560.0,7682,stock
2018-06-12,HBL,560.0,560.0,560.0,560.0,1068,stock
2018-06-13,HBL,560.0,558.0,560.0,555.0,965,stock
2018-06-14,HBL,560.0,562.0,562.0,552.0,1392,stock
2018-06-17,HBL,560.0,558.0,560.0,555.0,648,stock
2018-06-18,HBL,547.0,553.0,558.0,547.0,375,stock
2018-06-19,HBL,551.0,566.0,566.0,545.0,2093,stock
2018-06-20,HBL,565.0,557.0,566.0,556.0,555,stock
2018-06-21,HBL,550.0,553.0,556.0,545.0,1542,stock
2018-06-24,HBL,558.0,558.0,558.0,550.0,795,stock
2018-06-25,HBL,555.0,549.0,555.0,548.0,878,stock
2018-06-26,HBL,540.0,540.0,549.0,538.0,2640,stock
2018-06-27,HBL,536.0,544.0,544.0,535.0,1453,stock
2018-06-28,HBL,542.0,540.0,543.0,540.0,1387,stock
2018-07-01,HBL,556.0,560.0,562.0,556.0,1200,stock
2018-07-02,HBL,562.0,557.0,562.0,557.0,532,stock
2018-07-03,HBL,537.0,540.0,540.0,537.0,291,stock
2018-07-04,HBL,543.0,544.0,544.0,541.0,1035,stock
2018-07-05,HBL,547.0,555.0,555.0,545.0,1415,stock
2018-07-08,HBL,564.0,563.0,579.0,557.0,1671,stock
2018-07-09,HBL,560.0,549.0,560.0,549.0,1440,stock
2018-07-10,HBL,549.0,544.0,549.0,544.0,1657,stock
2018-07-11,HBL,548.0,550.0,554.0,544.0,1851,stock
2018-07-12,HBL,550.0,547.0,550.0,544.0,948,stock
2018-07-15,HBL,545.0,550.0,551.0,545.0,260,stock
2018-07-16,HBL,552.0,551.0,552.0,550.0,400,stock
2018-07-17,HBL,552.0,551.0,552.0,550.0,800,stock
2018-07-18,HBL,550.0,542.0,550.0,542.0,1155,stock
2018-07-19,HBL,548.0,542.0,548.0,540.0,1055,stock
2018-07-22,HBL,542.0,526.0,542.0,525.0,1979,stock
2018-07-23,HBL,525.0,559.0,559.0,525.0,250,stock
2018-07-24,HBL,568.0,563.0,571.0,558.0,3265,stock
2018-07-25,HBL,560.0,558.0,560.0,558.0,400,stock
2018-07-26,HBL,558.0,556.0,559.0,555.0,1062,stock
2018-07-29,HBL,550.0,557.0,571.0,550.0,1072,stock
2018-07-30,HBL,557.0,567.0,567.0,553.0,756,stock
2018-07-31,HBL,556.0,555.0,557.0,550.0,1710,stock
2018-08-01,HBL,556.0,560.0,562.0,556.0,1200,stock
2018-08-02,HBL,562.0,557.0,562.0,557.0,532,stock
2018-08-05,HBL,560.0,552.0,560.0,550.0,2008,stock
2018-08-06,HBL,551.0,556.0,556.0,551.0,265,stock
2018-08-07,HBL,555.0,555.0,560.0,554.0,1700,stock
2018-08-08,HBL,555.0,559.0,559.0,554.0,988,stock
2018-08-09,HBL,560.0,560.0,560.0,555.0,620,stock
2018-08-12,HBL,560.0,555.0,560.0,555.0,1502,stock
2018-08-13,HBL,550.0,555.0,555.0,550.0,1149,stock
2018-08-14,HBL,557.0,555.0,563.0,555.0,190,stock
2018-08-15,HBL,555.0,576.0,576.0,555.0,2652,stock
2018-08-16,HBL,576.0,575.0,578.0,565.0,2812,stock
2018-08-19,HBL,567.0,551.0,570.0,549.0,1487,stock
2018-08-20,HBL,550.0,550.0,553.0,550.0,264,stock
2018-08-21,HBL,550.0,549.0,550.0,540.0,2684,stock
2018-08-22,HBL,545.0,540.0,545.0,536.0,1049,stock
2018-08-23,HBL,532.0,532.0,535.0,530.0,3259,stock
2018-08-26,HBL,535.0,533.0,535.0,532.0,1509,stock
2018-08-28,HBL,540.0,535.0,540.0,533.0,1661,stock
2018-08-29,HBL,538.0,532.0,538.0,530.0,3403,stock
2018-08-30,HBL,535.0,533.0,535.0,530.0,771,stock
2018-09-02,HBL,525.0,536.0,536.0,525.0,1397,stock
2018-09-03,HBL,531.0,544.0,550.0,531.0,3323,stock
2018-09-04,HBL,545.0,544.0,550.0,544.0,1496,stock
2018-09-05,HBL,540.0,565.0,566.0,540.0,3342,stock
2018-09-06,HBL,565.0,565.0,577.0,559.0,4240,stock
2018-09-09,HBL,565.0,552.0,565.0,550.0,872,stock
2018-09-10,HBL,548.0,544.0,549.0,543.0,1216,stock
2018-09-11,HBL,536.0,545.0,546.0,536.0,358,stock
2018-09-12,HBL,545.0,550.0,551.0,545.0,1846,stock
2018-09-13,HBL,550.0,563.0,563.0,550.0,1010,stock
2018-09-16,HBL,563.0,568.0,574.0,563.0,5087,stock
2018-09-17,HBL,564.0,566.0,567.0,564.0,1633,stock
2018-09-18,HBL,566.0,560.0,570.0,560.0,9873,stock
2018-09-20,HBL,561.0,560.0,565.0,554.0,3036,stock
2018-09-23,HBL,560.0,560.0,567.0,560.0,130,stock
2018-09-25,HBL,562.0,565.0,571.0,562.0,2335,stock
2018-09-26,HBL,565.0,565.0,570.0,558.0,2082,stock
2018-09-27,HBL,569.0,558.0,569.0,550.0,1453,stock
2018-09-30,HBL,560.0,559.0,560.0,550.0,801,stock
2018-10-01,HBL,560.0,545.0,560.0,545.0,2660,stock
2018-10-02,HBL,545.0,540.0,555.0,540.0,2746,stock
2018-10-03,HBL,540.0,538.0,542.0,535.0,2450,stock
2018-10-04,HBL,533.0,540.0,546.0,533.0,2710,stock
2018-10-07,HBL,549.0,530.0,549.0,530.0,6654,stock
2018-10-08,HBL,535.0,528.0,540.0,527.0,6920,stock
2018-10-09,HBL,525.0,526.0,530.0,525.0,3083,stock
2018-10-10,HBL,528.0,528.0,528.0,524.0,2039,stock
2018-10-11,HBL,526.0,528.0,538.0,526.0,2006,stock
2018-10-14,HBL,533.0,540.0,543.0,533.0,362,stock
2018-10-15,HBL,544.0,550.0,550.0,544.0,1461,stock
2018-10-21,HBL,555.0,552.0,560.0,552.0,1797,stock
2018-10-22,HBL,550.0,550.0,550.0,542.0,1085,stock
2018-10-23,HBL,551.0,550.0,551.0,543.0,859,stock
2018-10-24,HBL,552.0,560.0,566.0,551.0,1610,stock
2018-10-25,HBL,558.0,553.0,558.0,550.0,1689,stock
2018-10-28,HBL,552.0,545.0,552.0,545.0,2775,stock
2018-10-29,HBL,540.0,543.0,545.0,540.0,1205,stock
2018-10-30,HBL,540.0,542.0,542.0,538.0,2537,stock
2018-10-31,HBL,552.0,536.0,552.0,536.0,820,stock
2018-11-01,HBL,540.0,549.0,550.0,540.0,1032,stock
2018-11-04,HBL,545.0,532.0,545.0,532.0,2110,stock
2018-11-05,HBL,535.0,535.0,545.0,534.0,1681,stock
2018-11-14,HBL,528.0,530.0,530.0,525.0,1011,stock
2018-11-15,HBL,530.0,535.0,535.0,530.0,975,stock
2018-11-18,HBL,535.0,531.0,536.0,530.0,922,stock
2018-11-19,HBL,531.0,525.0,531.0,525.0,552,stock
2018-11-20,HBL,525.0,522.0,527.0,521.0,1087,stock
2018-11-21,HBL,522.0,520.0,522.0,512.0,2177,stock
2018-11-22,HBL,520.0,513.0,520.0,513.0,930,stock
2018-11-25,HBL,513.0,510.0,513.0,508.0,680,stock
2018-11-26,HBL,509.69,505.0,509.69,502.0,1477,stock
2018-11-27,HBL,505.0,505.0,510.0,505.0,1475,stock
2018-11-28,HBL,505.0,510.0,510.0,502.0,4234,stock
2018-11-29,HBL,510.0,500.0,510.0,500.0,2341,stock
2018-12-02,HBL,500.0,490.0,500.0,488.0,8693,stock
2018-12-03,HBL,490.0,486.0,500.0,486.0,5300,stock
2018-12-04,HBL,486.0,483.0,491.0,483.0,3302,stock
2018-12-06,HBL,479.0,477.0,485.0,477.0,1308,stock
2018-12-09,HBL,477.0,480.0,481.0,477.0,976,stock
2018-12-10,HBL,480.0,499.0,499.0,475.0,791,stock
2018-12-11,HBL,499.0,504.0,506.0,499.0,1176,stock
2018-12-12,HBL,504.0,511.0,511.0,504.0,774,stock
2018-12-13,HBL,511.0,506.0,515.0,506.0,955,stock
2018-12-16,HBL,506.0,528.0,529.0,506.0,516,stock
2018-12-17,HBL,528.0,526.0,537.0,526.0,933,stock
2018-12-18,HBL,526.0,526.0,530.0,526.0,2950,stock
2018-12-19,HBL,526.0,490.0,526.0,485.0,6806,stock
2018-12-20,HBL,490.0,495.0,495.0,485.0,1867,stock
2018-12-23,HBL,495.0,503.0,503.0,495.0,2473,stock
2018-12-24,HBL,503.0,506.0,508.0,502.0,1022,stock
2018-12-25,HBL,506.0,502.0,506.0,500.0,3571,stock
2018-12-26,HBL,502.0,516.0,518.0,502.0,535,stock
2018-12-27,HBL,516.0,520.0,525.0,516.0,1670,stock
2018-12-30,HBL,520.0,514.0,528.0,514.0,6168,stock
2018-12-31,HBL,489.52,479.0,514.0,476.0,1926,stock
2019-01-01,HBL,479.0,475.0,482.0,473.0,1610,stock
2019-01-02,HBL,475.0,475.0,480.0,475.0,1280,stock
2019-01-03,HBL,475.0,474.0,475.0,473.0,1975,stock
2019-01-06,HBL,474.0,472.0,474.0,470.0,784,stock
2019-01-07,HBL,472.0,458.0,472.0,458.0,2585,stock
2019-01-08,HBL,458.0,458.0,467.0,458.0,2671,stock
2019-01-09,HBL,458.0,460.0,464.0,455.0,1090,stock
2019-01-10,HBL,460.0,460.0,460.0,458.0,957,stock
2019-01-13,HBL,460.0,458.0,460.0,458.0,760,stock
2019-01-14,HBL,458.0,456.0,458.0,449.0,513,stock
2019-01-15,HBL,456.0,460.0,465.0,450.0,1754,stock
2019-01-16,HBL,460.0,461.0,468.0,460.0,325,stock
2019-01-17,HBL,461.0,455.0,464.0,455.0,1001,stock
2019-01-20,HBL,455.0,448.0,455.0,448.0,335,stock
2019-01-21,HBL,448.0,449.0,450.0,449.0,879,stock
2019-01-22,HBL,449.0,449.0,455.0,447.0,2053,stock
2019-01-23,HBL,449.0,451.0,452.0,449.0,1657,stock
2019-01-24,HBL,451.0,452.0,452.0,450.0,478,stock
2019-01-27,HBL,452.0,450.0,452.0,447.0,358,stock
2019-01-28,HBL,450.0,447.0,450.0,443.0,1975,stock
2019-01-29,HBL,447.0,443.0,447.0,442.0,5134,stock
2019-01-30,HBL,443.0,443.0,443.0,443.0,306,stock
2019-01-31,HBL,443.0,448.0,450.0,443.0,1716,stock
2019-02-03,HBL,447.0,443.0,448.0,438.0,813,stock
2019-02-04,HBL,438.0,442.0,443.0,438.0,1105,stock
2019-02-05,HBL,442.0,436.0,443.0,436.0,1540,stock
2019-02-06,HBL,436.0,431.0,436.0,429.0,5344,stock
2019-02-07,HBL,435.0,431.0,435.0,430.0,454,stock
2019-02-10,HBL,425.0,430.0,431.0,425.0,425,stock
2019-02-11,HBL,430.0,430.0,430.0,425.0,782,stock
2019-02-12,HBL,438.0,426.0,438.0,425.0,884,stock
2019-02-13,HBL,430.0,423.0,430.0,423.0,663,stock
2019-02-14,HBL,420.0,425.0,425.0,418.0,2721,stock
2019-02-17,HBL,446.0,430.0,462.0,424.0,6632,stock
2019-02-18,HBL,430.0,428.0,431.0,427.0,1600,stock
2019-02-19,HBL,429.0,436.0,436.0,428.0,1108,stock
2019-02-20,HBL,433.0,431.0,436.0,427.0,786,stock
2019-02-21,HBL,425.0,435.0,435.0,425.0,1280,stock
2019-02-24,HBL,435.0,430.0,438.0,428.0,1119,stock
2019-02-25,HBL,430.0,430.0,430.0,428.0,930,stock
2019-02-26,HBL,430.0,428.0,430.0,428.0,195,stock
2019-02-27,HBL,428.0,432.0,432.0,426.0,1784,stock
2019-03-03,HBL,430.0,425.0,432.0,425.0,3796,stock
2019-03-05,HBL,422.0,428.0,428.0,422.0,2262,stock
2019-03-06,HBL,423.0,427.0,428.0,423.0,1113,stock
2019-03-07,HBL,429.0,433.0,434.0,427.0,4304,stock
2019-03-09,HBL,430.0,431.0,433.0,430.0,358,stock
2019-03-10,HBL,430.0,431.0,433.0,430.0,358,stock
2019-03-11,HBL,432.0,437.0,443.0,431.0,1102,stock
2019-03-12,HBL,440.0,445.0,456.0,437.0,3101,stock
2019-03-13,HBL,460.0,453.0,469.0,450.0,2847,stock
2019-03-14,HBL,460.0,468.0,470.0,460.0,3540,stock
2019-03-17,HBL,476.0,474.0,482.0,468.0,7321,stock
2019-03-18,HBL,480.0,470.0,480.0,470.0,6508,stock
2019-03-19,HBL,479.0,465.0,479.0,465.0,2489,stock
2019-03-21,HBL,471.0,462.0,471.0,454.0,2333,stock
2019-03-24,HBL,456.0,460.0,461.0,456.0,904,stock
2019-03-25,HBL,455.0,459.0,464.0,453.0,999,stock
2019-03-26,HBL,459.0,461.0,464.0,450.0,2948,stock
2019-03-27,HBL,461.0,455.0,460.0,455.0,1452,stock
2019-03-28,HBL,453.0,460.0,465.0,453.0,1683,stock
2019-03-31,HBL,460.0,458.0,461.0,451.0,5187,stock
2019-04-01,HBL,458.0,458.0,462.0,458.0,1716,stock
2019-04-02,HBL,458.0,470.0,471.0,458.0,3156,stock
2019-04-03,HBL,471.0,472.0,479.0,467.0,5982,stock
2019-04-04,HBL,467.0,475.0,477.0,464.0,4395,stock
2019-04-07,HBL,475.0,483.0,483.0,473.0,7566,stock
2019-04-08,HBL,483.0,490.0,500.0,483.0,9737,stock
2019-04-09,HBL,490.0,488.0,500.0,481.0,11599,stock
2019-04-10,HBL,490.0,480.0,493.0,480.0,4146,stock
2019-04-11,HBL,480.0,490.0,491.0,480.0,3593,stock
2019-04-15,HBL,491.0,495.0,496.0,488.0,2386,stock
2019-04-16,HBL,499.0,510.0,512.0,491.0,13526,stock
2019-04-17,HBL,510.0,510.0,520.0,510.0,4090,stock
2019-04-18,HBL,505.0,532.0,534.0,505.0,10924,stock
2019-04-21,HBL,530.0,580.0,581.0,515.0,19425,stock
2019-04-22,HBL,581.0,560.0,581.0,546.0,15117,stock
2019-04-23,HBL,564.0,562.0,565.0,550.0,9409,stock
2019-04-24,HBL,562.0,569.0,573.0,561.0,9467,stock
2019-04-25,HBL,568.0,570.0,580.0,559.0,8861,stock
2019-04-28,HBL,575.0,565.0,580.0,564.0,6338,stock
2019-04-29,HBL,564.0,584.0,592.0,554.0,23268,stock
2019-04-30,HBL,590.0,581.0,590.0,580.0,16277,stock
2019-05-02,HBL,576.0,595.0,595.0,576.0,10775,stock
2019-05-05,HBL,584.0,588.0,596.0,584.0,14843,stock
2019-05-06,HBL,578.0,590.0,592.0,577.0,9123,stock
2019-05-07,HBL,591.0,588.0,593.0,585.0,7373,stock
2019-05-08,HBL,577.0,585.0,587.0,577.0,5439,stock
2019-05-09,HBL,580.0,578.0,586.0,578.0,5208,stock
2019-05-12,HBL,575.0,589.0,590.0,572.0,10878,stock
2019-05-13,HBL,583.0,588.0,590.0,583.0,5847,stock
2019-05-14,HBL,580.0,587.0,591.0,580.0,2302,stock
2019-05-15,HBL,589.0,615.0,644.0,589.0,52761,stock
2019-05-16,HBL,621.0,612.0,623.0,612.0,12179,stock
2019-05-19,HBL,612.0,610.0,624.0,610.0,19659,stock
2019-05-20,HBL,615.0,600.0,615.0,591.0,8212,stock
2019-05-21,HBL,590.0,595.0,608.0,590.0,2975,stock
2019-05-22,HBL,605.0,590.0,605.0,590.0,4813,stock
2019-05-23,HBL,600.0,592.0,601.0,591.0,3740,stock
2019-05-26,HBL,590.0,580.0,590.0,580.0,5388,stock
2019-05-27,HBL,571.0,583.0,585.0,569.0,3499,stock
2019-05-28,HBL,576.0,576.0,577.0,575.0,2486,stock
2019-05-29,HBL,578.0,590.0,591.0,578.0,16084,stock
2019-05-30,HBL,607.0,586.0,607.0,586.0,21329,stock
2019-06-02,HBL,583.0,575.0,583.0,575.0,5405,stock
2019-06-03,HBL,575.0,573.0,578.0,566.0,1936,stock
2019-06-04,HBL,575.0,569.0,580.0,566.0,5041,stock
2019-06-06,HBL,558.0,565.0,575.0,565.0,18242,stock
2019-06-10,HBL,565.0,565.0,565.0,556.0,1063,stock
2019-06-11,HBL,576.0,570.0,576.0,566.0,1587,stock
2019-06-12,HBL,565.0,560.0,565.0,556.0,2018,stock
2019-06-13,HBL,555.0,560.0,560.0,549.0,800,stock
2019-06-16,HBL,556.0,556.0,557.0,555.0,3945,stock
2019-06-17,HBL,556.0,558.0,560.0,555.0,3605,stock
2019-06-18,HBL,569.0,560.0,569.0,556.0,3433,stock
2019-06-19,HBL,555.0,555.0,555.0,552.0,1990,stock
2019-06-20,HBL,557.0,557.0,562.0,540.0,6113,stock
2019-06-23,HBL,557.0,555.0,560.0,555.0,2225,stock
2019-06-24,HBL,556.0,555.0,556.0,555.0,801,stock
2019-06-25,HBL,553.0,560.0,560.0,552.0,5107,stock
2019-06-26,HBL,555.0,552.0,559.0,552.0,5610,stock
2019-06-27,HBL,556.0,553.0,557.0,552.0,13015,stock
2019-06-30,HBL,553.0,548.0,553.0,548.0,1398,stock
2019-07-01,HBL,548.0,550.0,550.0,548.0,715,stock
2019-07-02,HBL,541.0,553.0,555.0,540.0,2308,stock
2019-07-03,HBL,549.0,560.0,560.0,548.0,1244,stock
2019-07-04,HBL,560.0,556.0,565.0,556.0,903,stock
2019-07-07,HBL,550.0,545.0,551.0,545.0,3163,stock
2019-07-08,HBL,540.0,534.0,543.0,534.0,2779,stock
2019-07-09,HBL,534.0,532.0,540.0,530.0,2165,stock
2019-07-10,HBL,534.0,535.0,542.0,534.0,1600,stock
2019-07-11,HBL,539.0,541.0,543.0,537.0,1266,stock
2019-07-14,HBL,534.0,542.0,542.0,534.0,254,stock
2019-07-15,HBL,547.0,547.0,547.0,537.0,3459,stock
2019-07-16,HBL,574.0,552.0,574.0,543.0,669,stock
2019-07-17,HBL,552.0,566.0,566.0,552.0,3540,stock
2019-07-18,HBL,566.0,559.0,567.0,559.0,1540,stock
2019-07-21,HBL,555.0,566.0,566.0,550.0,2504,stock
2019-07-22,HBL,560.0,562.0,564.0,555.0,6930,stock
2019-07-23,HBL,562.0,560.0,562.0,555.0,72,stock
2019-07-24,HBL,560.0,560.0,568.0,560.0,3096,stock
2019-07-25,HBL,555.0,560.0,560.0,555.0,4106,stock
2019-07-28,HBL,550.0,546.0,554.0,545.0,1529,stock
2019-07-29,HBL,546.0,550.0,551.0,546.0,2313,stock
2019-07-30,HBL,550.0,547.0,552.0,547.0,750,stock
2019-07-31,HBL,547.0,554.0,554.0,547.0,1432,stock
2019-08-01,HBL,550.0,545.0,550.0,543.0,1636,stock
2019-08-04,HBL,540.0,548.0,548.0,540.0,1414,stock
2019-08-05,HBL,548.0,548.0,548.0,545.0,800,stock
2019-08-06,HBL,549.0,548.0,550.0,545.0,8894,stock
2019-08-07,HBL,543.0,558.0,558.0,543.0,1212,stock
2019-08-08,HBL,554.0,548.0,554.0,548.0,5956,stock
2019-08-11,HBL,543.0,547.0,549.0,543.0,8287,stock
2019-08-12,HBL,543.0,546.0,555.0,543.0,2823,stock
2019-08-13,HBL,545.0,554.0,554.0,540.0,1463,stock
2019-08-14,HBL,546.0,545.0,550.0,544.0,3549,stock
2019-08-15,HBL,545.0,540.0,555.0,540.0,838,stock
2019-08-18,HBL,540.0,548.0,549.0,538.0,3010,stock
2019-08-19,HBL,555.0,549.0,557.0,548.0,5231,stock
2019-08-20,HBL,545.0,555.0,555.0,545.0,1051,stock
2019-08-21,HBL,554.0,557.0,563.0,551.0,3492,stock
2019-08-22,HBL,557.0,560.0,561.0,555.0,5862,stock
2019-08-25,HBL,555.0,555.0,555.0,540.0,1935,stock
2019-08-26,HBL,545.0,550.0,551.0,545.0,4732,stock
2019-08-27,HBL,545.0,552.0,555.0,545.0,1233,stock
2019-08-28,HBL,553.0,547.0,553.0,547.0,2436,stock
2019-08-29,HBL,540.0,542.0,548.0,540.0,775,stock
2019-09-01,HBL,533.0,536.0,539.0,532.0,3942,stock
2019-09-02,HBL,530.0,522.0,530.0,522.0,2132,stock
2019-09-03,HBL,512.0,523.0,524.0,510.0,3846,stock
2019-09-04,HBL,524.0,539.0,539.0,520.0,1774,stock
2019-09-05,HBL,537.0,535.0,540.0,535.0,830,stock
2019-09-08,HBL,525.0,530.0,530.0,524.0,2138,stock
2019-09-09,HBL,530.0,526.0,535.0,526.0,1906,stock
2019-09-10,HBL,525.0,526.0,527.0,525.0,4981,stock
2019-09-11,HBL,526.0,520.0,526.0,520.0,3014,stock
2019-09-12,HBL,517.0,518.0,527.0,517.0,438,stock
2019-09-15,HBL,518.0,507.0,518.0,507.0,1900,stock
2019-09-16,HBL,507.0,496.0,507.0,495.0,3121,stock
2019-09-17,HBL,499.0,500.0,510.0,499.0,3180,stock
2019-09-18,HBL,510.0,515.0,520.0,505.0,4747,stock
2019-09-19,HBL,514.0,507.0,515.0,505.0,1946,stock
2019-09-22,HBL,507.0,498.0,507.0,495.0,1447,stock
2019-09-23,HBL,502.0,500.0,507.0,498.0,717,stock
2019-09-24,HBL,499.0,494.0,499.0,494.0,1061,stock
2019-09-26,HBL,489.0,487.0,490.0,485.0,2114,stock
2019-09-29,HBL,487.0,481.0,490.0,481.0,2149,stock
2019-09-30,HBL,479.0,480.0,480.0,479.0,30,stock
2019-10-01,HBL,486.0,500.0,500.0,485.0,913,stock
2019-10-02,HBL,500.0,498.0,510.0,498.0,2631,stock
2019-10-03,HBL,504.0,506.0,506.0,504.0,310,stock
2019-10-14,HBL,501.0,493.0,501.0,493.0,1254,stock
2019-10-15,HBL,492.0,493.0,495.0,492.0,8135,stock
2019-10-16,HBL,495.0,493.0,495.0,492.0,2052,stock
2019-10-17,HBL,500.0,502.0,502.0,500.0,380,stock
2019-10-20,HBL,496.0,500.0,500.0,495.0,899,stock
2019-10-21,HBL,500.0,490.0,501.0,483.0,3366,stock
2019-10-22,HBL,490.0,494.0,494.0,490.0,3572,stock
2019-10-23,HBL,501.0,505.0,505.0,500.0,1508,stock
2019-10-24,HBL,509.0,507.0,509.0,505.0,1920,stock
2019-10-31,HBL,507.0,504.0,507.0,497.0,1800,stock
2019-11-03,HBL,495.0,496.0,496.0,495.0,2422,stock
2019-11-04,HBL,494.0,494.0,494.0,489.0,2316,stock
2019-11-05,HBL,491.0,492.0,497.0,491.0,11102,stock
2019-11-06,HBL,492.0,485.0,492.0,485.0,6073,stock
2019-11-07,HBL,485.0,480.0,485.0,478.0,3259,stock
2019-11-10,HBL,480.0,480.0,482.0,480.0,3296,stock
2019-11-11,HBL,485.0,487.0,487.0,484.0,4799,stock
2019-11-12,HBL,496.0,484.0,496.0,479.0,1666,stock
2019-11-13,HBL,480.0,490.0,490.0,475.0,1635,stock
2019-11-14,HBL,490.0,484.0,495.0,484.0,3179,stock
2019-11-17,HBL,484.0,480.0,485.0,480.0,806,stock
2019-11-18,HBL,480.0,480.0,485.0,478.0,929,stock
2019-11-19,HBL,478.0,486.0,486.0,478.0,299,stock
2019-11-20,HBL,486.0,490.0,494.0,482.0,2180,stock
2019-11-21,HBL,481.0,476.0,481.0,476.0,127,stock
2019-11-24,HBL,477.0,471.0,477.0,470.0,2981,stock
2019-11-25,HBL,471.0,469.0,471.0,467.0,1310,stock
2019-11-26,HBL,471.0,470.0,475.0,470.0,1469,stock
2019-11-27,HBL,479.0,474.0,479.0,474.0,3335,stock
2019-11-28,HBL,479.0,478.0,480.0,474.0,2677,stock
2019-12-01,HBL,478.0,478.0,489.0,478.0,1242,stock
2019-12-02,HBL,478.0,479.0,488.0,478.0,4228,stock
2019-12-03,HBL,479.0,485.0,485.0,477.0,3637,stock
2019-12-04,HBL,479.0,494.0,494.0,479.0,565,stock
2019-12-05,HBL,494.0,490.0,499.0,486.0,1058,stock
2019-12-08,HBL,490.0,485.0,490.0,484.0,767,stock
2019-12-09,HBL,487.0,492.0,494.0,487.0,135,stock
2019-12-10,HBL,491.0,498.0,498.0,491.0,3454,stock
2019-12-11,HBL,499.0,501.0,505.0,497.0,1712,stock
2019-12-12,HBL,504.0,504.0,505.0,500.0,1212,stock
2019-12-15,HBL,510.0,503.0,510.0,503.0,574,stock
2019-12-16,HBL,505.0,499.0,507.0,499.0,6925,stock
2019-12-17,HBL,496.0,500.0,505.0,496.0,589,stock
2019-12-18,HBL,492.0,491.0,496.0,490.0,3330,stock
2019-12-19,HBL,493.0,491.0,498.0,491.0,376,stock
2019-12-22,HBL,493.0,499.0,499.0,493.0,1730,stock
2019-12-23,HBL,501.0,491.0,501.0,491.0,2129,stock
2019-12-24,HBL,500.0,498.0,500.0,495.0,3789,stock
2019-12-25,HBL,507.0,515.0,525.0,505.0,14143,stock
2019-12-26,HBL,515.0,506.0,515.0,506.0,11829,stock
2019-12-29,HBL,506.0,505.0,510.0,504.0,4431,stock
2019-12-30,HBL,502.0,507.0,507.0,501.0,6598,stock
2019-12-31,HBL,510.0,507.0,510.0,504.0,2227,stock
2020-01-01,HBL,503.0,509.0,509.0,503.0,2523,stock
2020-01-02,HBL,509.0,501.0,509.0,501.0,8539,stock
2020-01-05,HBL,503.0,504.0,515.0,500.0,5933,stock
2020-01-06,HBL,510.0,528.0,528.0,510.0,15044,stock
2020-01-07,HBL,530.0,540.0,546.0,530.0,16947,stock
2020-01-08,HBL,540.0,541.0,548.0,533.0,8376,stock
2020-01-09,HBL,550.0,544.0,551.0,538.0,7882,stock
2020-01-12,HBL,549.0,556.0,557.0,545.0,10909,stock
2020-01-13,HBL,567.0,569.0,578.0,557.0,16939,stock
2020-01-14,HBL,560.0,562.0,568.0,560.0,9347,stock
2020-01-15,HBL,555.0,575.0,580.0,555.0,11898,stock
2020-01-16,HBL,580.0,579.0,590.0,569.0,29406,stock
2020-01-19,HBL,579.0,576.0,586.0,564.0,12859,stock
2020-01-20,HBL,586.0,561.0,590.0,561.0,8848,stock
2020-01-21,HBL,566.0,579.0,595.0,564.0,22733,stock
2020-01-22,HBL,585.0,578.0,585.0,571.0,13040,stock
2020-01-23,HBL,567.0,567.0,570.0,555.0,9205,stock
2020-01-26,HBL,576.0,566.0,576.0,555.0,26289,stock
2020-01-27,HBL,511.0,514.0,521.0,510.0,1954,stock
2020-01-28,HBL,510.0,510.0,517.0,506.0,10252,stock
2020-01-29,HBL,520.0,498.0,520.0,498.0,4433,stock
2020-01-30,HBL,500.0,504.0,510.0,500.0,3748,stock
2020-02-02,HBL,515.0,522.0,522.0,512.0,6991,stock
2020-02-03,HBL,526.0,522.0,526.0,516.0,3205,stock
2020-02-04,HBL,520.0,515.0,520.0,515.0,4350,stock
2020-02-05,HBL,525.0,532.0,540.0,520.0,22691,stock
2020-02-06,HBL,532.0,529.0,532.0,525.0,7952,stock
2020-02-09,HBL,527.0,522.0,527.0,520.0,5785,stock
2020-02-10,HBL,522.0,520.0,525.0,514.0,1480,stock
2020-02-11,HBL,524.0,528.0,530.0,520.0,2199,stock
2020-02-12,HBL,524.0,532.0,532.0,524.0,5421,stock
2020-02-13,HBL,542.0,528.0,542.0,528.0,3060,stock
2020-02-16,HBL,523.0,525.0,534.0,520.0,14978,stock
2020-02-17,HBL,535.0,564.0,566.0,528.0,15454,stock
2020-02-18,HBL,570.0,569.0,580.0,562.0,26483,stock
2020-02-19,HBL,558.0,575.0,579.0,558.0,22689,stock
2020-02-20,HBL,574.0,574.0,578.0,573.0,20277,stock
2020-02-23,HBL,584.0,615.0,618.0,581.0,18546,stock
2020-02-24,HBL,615.0,610.0,627.0,600.0,24042,stock
2020-02-25,HBL,598.0,614.0,619.0,596.0,18759,stock
2020-02-26,HBL,626.0,635.0,635.0,604.0,36251,stock
2020-02-27,HBL,623.0,698.0,698.0,611.0,49030,stock
2020-03-01,HBL,698.0,681.0,735.0,679.0,54624,stock
2020-03-02,HBL,670.0,655.0,681.0,655.0,18521,stock
2020-03-03,HBL,655.0,650.0,679.0,597.0,33908,stock
2020-03-04,HBL,637.0,610.0,650.0,610.0,26865,stock
2020-03-05,HBL,599.0,604.0,632.0,590.0,16434,stock
2020-03-10,HBL,592.0,573.0,610.0,573.0,18450,stock
2020-03-11,HBL,565.0,596.0,596.0,555.0,16790,stock
2020-03-12,HBL,606.0,584.0,606.0,580.0,22879,stock
2020-03-15,HBL,575.0,549.0,575.0,549.0,17378,stock
2020-03-16,HBL,549.0,548.0,556.0,529.0,14743,stock
2020-03-17,HBL,545.0,525.0,545.0,525.0,10908,stock
2020-03-18,HBL,525.0,511.0,525.0,505.0,8513,stock
2020-03-19,HBL,502.0,520.0,530.0,485.0,10473,stock
2020-03-22,HBL,510.0,500.0,510.0,500.0,1158,stock
2020-05-12,HBL,490.0,485.0,490.0,485.0,120,stock
2020-05-13,HBL,476.0,471.0,476.0,471.0,150,stock
2020-06-29,HBL,462.0,453.0,462.0,452.0,3103,stock
2020-06-30,HBL,462.0,489.0,489.0,462.0,250,stock
2020-07-01,HBL,498.0,537.0,537.0,498.0,299,stock
2020-07-02,HBL,547.0,514.0,557.0,514.0,2755,stock
2020-07-05,HBL,510.0,515.0,524.0,505.0,4945,stock
2020-07-06,HBL,515.0,516.0,523.0,510.0,7073,stock
2020-07-07,HBL,523.0,530.0,540.0,522.0,12928,stock
2020-07-08,HBL,521.0,521.0,530.0,510.0,8052,stock
2020-07-09,HBL,515.0,516.0,520.0,511.0,4929,stock
2020-07-12,HBL,525.0,510.0,525.0,508.0,8352,stock
2020-07-13,HBL,520.0,511.0,520.0,507.0,9047,stock
2020-07-14,HBL,515.0,512.0,516.0,508.0,7693,stock
2020-07-15,HBL,518.0,540.0,540.0,518.0,6269,stock
2020-07-16,HBL,545.0,558.0,558.0,541.0,12763,stock
2020-07-19,HBL,569.0,569.0,569.0,569.0,10,stock
2020-07-20,HBL,597.0,590.0,625.0,582.0,33673,stock
2020-07-21,HBL,590.0,588.0,601.0,570.0,11525,stock
2020-07-22,HBL,581.0,575.0,588.0,570.0,6418,stock
2020-07-23,HBL,566.0,572.0,574.0,556.0,8502,stock
2020-07-26,HBL,573.0,572.0,583.0,571.0,14497,stock
2020-07-27,HBL,583.0,577.0,585.0,574.0,15634,stock
2020-07-28,HBL,576.0,575.0,580.0,570.0,5347,stock
2020-07-29,HBL,575.0,564.0,575.0,556.0,11387,stock
2020-07-30,HBL,575.0,565.0,575.0,554.0,9856,stock
2020-08-02,HBL,561.0,547.0,561.0,544.0,18707,stock
2020-08-03,HBL,555.0,547.0,556.0,541.0,4777,stock
2020-08-05,HBL,542.0,545.0,547.0,538.0,5470,stock
2020-08-06,HBL,549.0,541.0,549.0,535.0,7599,stock
2020-08-09,HBL,533.0,540.0,540.0,531.0,4710,stock
2020-08-10,HBL,550.0,560.0,560.0,541.0,6628,stock
2020-08-11,HBL,571.0,557.0,571.0,551.0,2950,stock
2020-08-12,HBL,556.0,562.0,568.0,550.0,2751,stock
2020-08-13,HBL,555.0,552.0,556.0,552.0,470,stock
2020-08-16,HBL,550.0,542.0,550.0,539.0,5152,stock
2020-08-17,HBL,550.0,550.0,550.0,534.0,5739,stock
2020-08-18,HBL,555.0,550.0,555.0,541.0,5635,stock
2020-08-19,HBL,542.0,539.0,547.0,539.0,3381,stock
2020-08-20,HBL,539.0,550.0,560.0,539.0,2122,stock
2020-08-23,HBL,550.0,548.0,555.0,542.0,750,stock
2020-08-24,HBL,550.0,552.0,555.0,548.0,6273,stock
2020-08-25,HBL,550.0,554.0,555.0,550.0,7727,stock
2020-08-26,HBL,550.0,568.0,577.0,550.0,13756,stock
2020-08-27,HBL,570.0,568.0,580.0,567.0,12311,stock
2020-08-30,HBL,568.0,565.0,574.0,557.0,7404,stock
2020-08-31,HBL,558.0,567.0,569.0,558.0,5448,stock
2020-09-02,HBL,575.0,572.0,575.0,561.0,12589,stock
2020-09-03,HBL,573.0,565.0,574.0,561.0,6510,stock
2020-09-06,HBL,570.0,568.0,572.0,557.0,4803,stock
2020-09-07,HBL,558.0,555.0,560.0,555.0,5417,stock
2020-09-08,HBL,552.0,553.0,555.0,551.0,2600,stock
2020-09-09,HBL,551.0,549.0,551.0,546.0,4124,stock
2020-09-10,HBL,544.0,553.0,566.0,544.0,4770,stock
2020-09-13,HBL,554.0,548.0,554.0,540.0,18059,stock
2020-09-14,HBL,558.0,565.0,566.0,552.0,18223,stock
2020-09-15,HBL,565.0,566.0,569.0,561.0,7252,stock
2020-09-16,HBL,570.0,565.0,570.0,560.0,11962,stock
2020-09-17,HBL,560.0,574.0,582.0,560.0,13415,stock
2020-09-20,HBL,572.0,575.0,584.0,572.0,6540,stock
2020-09-21,HBL,603.0,573.0,603.0,570.0,9745,stock
2020-09-22,HBL,601.0,568.0,601.0,565.0,7034,stock
2020-09-23,HBL,565.0,567.0,567.0,557.0,7495,stock
2020-09-24,HBL,570.0,566.0,570.0,562.0,3009,stock
2020-09-27,HBL,570.0,569.0,572.0,562.0,3608,stock
2020-09-28,HBL,563.0,564.0,565.0,561.0,1392,stock
2020-09-29,HBL,560.0,561.0,563.0,560.0,1466,stock
2020-09-30,HBL,589.0,556.0,589.0,554.0,4804,stock
2020-10-01,HBL,563.0,565.0,567.0,559.0,6860,stock
2020-10-04,HBL,572.0,569.0,572.0,565.0,10092,stock
2020-10-05,HBL,568.0,572.0,597.0,568.0,9061,stock
2020-10-06,HBL,572.0,576.0,576.0,569.0,8972,stock
2020-10-07,HBL,585.0,575.0,585.0,571.0,8405,stock
2020-10-08,HBL,584.0,565.0,584.0,560.0,20627,stock
2020-10-11,HBL,560.0,561.0,565.0,555.0,5688,stock
2020-10-12,HBL,561.0,562.0,565.0,551.0,8389,stock
2020-10-13,HBL,560.0,557.0,560.0,556.0,4106,stock
2020-10-14,HBL,552.0,556.0,561.0,552.0,4031,stock
2020-10-15,HBL,558.0,561.0,562.0,555.0,7973,stock
2020-10-18,HBL,560.0,558.0,560.0,554.0,4823,stock
2020-10-19,HBL,550.0,561.0,564.0,550.0,4909,stock
2020-10-20,HBL,568.0,570.0,570.0,560.0,6409,stock
2020-10-21,HBL,581.0,581.0,581.0,565.0,13951,stock
2020-10-22,HBL,584.0,588.0,592.0,583.0,30263,stock
2020-10-28,HBL,599.0,614.0,619.0,589.0,32010,stock
2020-10-29,HBL,625.0,615.0,625.0,612.0,23007,stock
2020-11-01,HBL,608.0,607.0,612.0,603.0,16691,stock
2020-11-02,HBL,607.0,600.0,610.0,597.0,10197,stock
2020-11-03,HBL,598.0,593.0,598.0,589.0,5442,stock
2020-11-04,HBL,593.0,589.0,593.0,586.0,8402,stock
2020-11-05,HBL,600.0,583.0,600.0,580.0,7476,stock
2020-11-08,HBL,612.0,586.0,612.0,586.0,25605,stock
2020-11-09,HBL,583.0,583.0,588.0,583.0,10187,stock
2020-11-10,HBL,581.0,586.0,590.0,581.0,5460,stock
2020-11-11,HBL,584.0,587.0,588.0,584.0,12068,stock
2020-11-12,HBL,588.0,599.0,605.0,585.0,14523,stock
2020-11-18,HBL,590.0,587.0,590.0,569.0,29829,stock
2020-11-19,HBL,579.0,598.0,598.0,579.0,20880,stock
2020-11-22,HBL,593.0,596.0,602.0,587.0,16399,stock
2020-11-23,HBL,595.0,599.0,603.0,593.0,14290,stock
2020-11-24,HBL,600.0,590.0,600.0,590.0,11176,stock
2020-11-25,HBL,599.0,598.0,599.0,590.0,25835,stock
2020-11-26,HBL,605.0,619.0,625.0,603.0,70481,stock
2020-11-29,HBL,630.0,679.0,679.0,625.0,90922,stock
2020-11-30,HBL,712.0,728.0,746.0,711.0,147226,stock
2020-12-01,HBL,740.0,716.0,749.0,708.0,61991,stock
2020-12-02,HBL,730.0,710.0,730.0,700.0,41240,stock
2020-12-03,HBL,725.0,699.0,725.0,691.0,135413,stock
2020-12-06,HBL,686.0,659.0,693.0,659.0,59348,stock
2020-12-07,HBL,646.0,664.0,675.0,646.0,36036,stock
2020-12-08,HBL,677.0,660.0,679.0,657.0,25799,stock
2020-12-09,HBL,660.0,648.0,660.0,640.0,19082,stock
2020-12-10,HBL,644.0,653.0,655.0,637.0,35861,stock
2020-12-13,HBL,653.0,665.0,665.0,645.0,20122,stock
2020-12-14,HBL,665.0,663.0,678.0,656.0,40876,stock
2020-12-15,HBL,670.0,656.0,675.0,652.0,22882,stock
2020-12-16,HBL,660.0,640.0,660.0,638.0,32814,stock
2020-12-17,HBL,635.0,640.0,645.0,632.0,21347,stock
2020-12-20,HBL,645.0,618.0,645.0,614.0,34132,stock
2020-12-21,HBL,608.0,629.0,629.0,585.0,21790,stock
2020-12-22,HBL,632.0,643.0,660.0,632.0,36309,stock
2020-12-23,HBL,655.0,650.0,665.0,648.0,39136,stock
2020-12-24,HBL,650.0,635.0,650.0,635.0,12783,stock
2020-12-27,HBL,635.0,634.0,635.0,626.0,14009,stock
2020-12-28,HBL,625.0,639.0,641.0,625.0,47210,stock
2020-12-29,HBL,562.0,545.0,562.0,545.0,21198,stock
2020-12-30,HBL,550.0,549.0,554.0,548.0,8046,stock
2020-12-31,HBL,554.0,558.0,570.0,546.0,25243,stock
2021-01-03,HBL,569.0,575.0,585.0,569.0,17966,stock
2021-01-04,HBL,586.0,573.0,586.0,568.0,12567,stock
2021-01-05,HBL,563.0,565.0,568.0,563.0,8552,stock
2021-01-06,HBL,565.0,562.0,568.0,562.0,4659,stock
2021-01-07,HBL,564.0,562.0,570.0,562.0,17747,stock
2021-01-10,HBL,565.0,567.0,570.0,561.0,26156,stock
2021-01-11,HBL,595.0,573.0,595.0,571.0,14791,stock
2021-01-12,HBL,601.0,575.0,601.0,573.0,15549,stock
2021-01-13,HBL,586.0,576.0,586.0,575.0,9642,stock
2021-01-17,HBL,578.0,574.0,580.0,570.0,17837,stock
2021-01-18,HBL,574.0,574.0,579.0,572.0,32934,stock
2021-01-19,HBL,583.0,567.0,583.0,566.0,13474,stock
2021-01-20,HBL,567.0,563.0,570.0,561.0,17808,stock
2021-01-21,HBL,591.0,563.0,591.0,561.0,22917,stock
2021-01-24,HBL,571.0,566.0,574.0,564.0,19097,stock
2021-01-25,HBL,571.0,561.0,571.0,560.0,25523,stock
2021-01-26,HBL,560.0,560.0,569.0,559.0,34260,stock
2021-01-27,HBL,560.0,560.0,569.0,560.0,26678,stock
2021-01-28,HBL,550.0,548.0,554.0,540.0,32300,stock
2021-01-31,HBL,541.0,535.0,541.0,525.0,23942,stock
2021-02-01,HBL,545.0,538.0,550.0,538.0,16753,stock
2021-02-02,HBL,548.0,538.0,548.0,535.0,24495,stock
2021-02-03,HBL,538.0,539.0,544.0,538.0,23468,stock
2021-02-04,HBL,538.0,538.0,540.0,536.0,15064,stock
2021-02-07,HBL,538.0,530.0,538.0,528.0,26936,stock
2021-02-08,HBL,540.0,548.0,548.0,526.0,33917,stock
2021-02-09,HBL,558.0,558.0,578.0,555.0,24426,stock
2021-02-10,HBL,550.0,555.0,555.0,547.0,16175,stock
2021-02-11,HBL,556.0,559.0,564.0,556.0,23306,stock
2021-02-14,HBL,555.0,546.0,562.0,540.0,24965,stock
2021-02-15,HBL,550.0,549.0,554.0,542.0,22159,stock
2021-02-16,HBL,543.0,553.0,557.0,543.0,28859,stock
2021-02-17,HBL,555.0,553.0,560.0,551.0,14946,stock
2021-02-18,HBL,562.0,566.0,567.0,548.0,62716,stock
2021-02-21,HBL,570.0,568.0,573.0,561.0,29266,stock
2021-02-22,HBL,568.0,555.0,570.0,551.0,19710,stock
2021-02-23,HBL,550.0,550.0,557.0,540.0,19051,stock
2021-02-24,HBL,542.0,553.0,560.0,542.0,11177,stock
2021-02-25,HBL,580.0,544.0,580.0,544.0,12663,stock
2021-02-28,HBL,535.0,535.0,553.0,534.0,16025,stock
2021-03-01,HBL,535.0,540.0,548.0,528.0,10822,stock
2021-03-02,HBL,544.0,534.0,544.0,530.0,14528,stock
2021-03-03,HBL,544.0,523.0,544.0,517.0,13506,stock
2021-03-04,HBL,533.0,529.0,533.0,523.0,7344,stock
2021-03-08,HBL,535.0,529.0,535.0,528.0,8809,stock
2021-03-09,HBL,530.0,528.0,530.0,523.0,5515,stock
2021-03-10,HBL,525.0,525.0,527.0,523.0,6638,stock
2021-03-14,HBL,522.0,507.0,525.0,503.0,20552,stock
2021-03-15,HBL,503.0,499.0,506.0,498.0,15052,stock
2021-03-16,HBL,508.0,497.0,508.0,490.0,12078,stock
2021-03-17,HBL,500.0,498.0,500.0,495.0,11352,stock
2021-03-18,HBL,500.0,504.0,505.0,499.0,10853,stock
2021-03-21,HBL,510.0,505.0,521.0,503.0,24201,stock
2021-03-22,HBL,510.0,503.0,514.0,500.0,18180,stock
2021-03-23,HBL,500.0,496.0,502.0,494.0,14903,stock
2021-03-24,HBL,500.0,500.0,500.0,496.0,12970,stock
2021-03-25,HBL,503.0,498.0,510.0,498.0,15595,stock
2021-03-29,HBL,500.0,495.0,502.0,495.0,9701,stock
2021-03-30,HBL,500.0,496.0,503.0,495.0,9997,stock
2021-03-31,HBL,500.0,500.0,514.0,496.0,22364,stock
2021-04-01,HBL,506.0,505.0,506.0,503.0,16113,stock
2021-04-04,HBL,505.0,510.0,515.0,501.0,22494,stock
2021-04-05,HBL,510.0,506.0,510.0,505.0,11609,stock
2021-04-06,HBL,505.0,503.0,505.0,500.0,7816,stock
2021-04-07,HBL,503.0,505.0,507.0,503.0,13853,stock
2021-04-08,HBL,509.0,506.0,510.0,505.0,14815,stock
2021-04-12,HBL,506.0,505.0,507.0,502.0,15384,stock
2021-04-13,HBL,501.0,520.0,520.0,500.0,30096,stock
2021-04-15,HBL,530.0,542.0,544.0,530.0,44681,stock
2021-04-18,HBL,560.0,532.0,560.0,532.0,33426,stock
2021-04-19,HBL,532.0,516.0,532.0,516.0,18023,stock
2021-04-20,HBL,508.0,524.0,532.0,506.0,16148,stock
2021-04-21,HBL,528.0,516.0,528.0,514.0,7415,stock
2021-04-22,HBL,516.0,512.0,516.0,510.0,16950,stock
2021-04-25,HBL,512.0,502.0,525.0,500.0,21891,stock
2021-04-26,HBL,496.0,491.0,503.0,490.0,20403,stock
2021-04-27,HBL,485.0,495.0,500.0,480.0,18708,stock
2021-04-28,HBL,510.0,493.0,510.0,491.0,8446,stock
2021-04-29,HBL,494.0,492.0,494.0,489.0,17480,stock
2021-05-02,HBL,500.0,494.0,500.0,487.0,27905,stock
2021-05-03,HBL,500.0,491.0,500.0,490.0,15460,stock
2021-05-04,HBL,491.0,490.0,495.0,487.0,9099,stock
2021-05-05,HBL,491.0,487.0,491.0,485.0,15308,stock
2021-05-06,HBL,487.0,487.0,487.0,481.0,14787,stock
2021-05-09,HBL,500.0,489.0,500.0,480.0,18987,stock
2021-05-10,HBL,497.0,488.0,497.0,485.0,7237,stock
2021-05-11,HBL,493.0,488.0,493.0,487.0,8880,stock
2021-05-12,HBL,488.0,487.0,493.0,484.0,12580,stock
2021-05-13,HBL,511.0,484.0,511.0,477.0,57201,stock
2022-06-06,HBL,390.8,358.9,390.8,358.9,1710,stock
2022-06-07,HBL,351.8,323.1,351.8,323.1,3809,stock
2022-06-08,HBL,316.7,320.0,324.0,290.8,68657,stock
2022-06-09,HBL,320.0,316.0,330.0,313.6,24390,stock
2022-06-10,HBL,311.1,316.5,318.0,311.0,10122,stock
2022-06-13,HBL,315.1,304.0,315.1,303.0,15214,stock
2022-06-14,HBL,310.0,303.0,310.0,297.0,21356,stock
2022-06-15,HBL,298.0,302.6,302.6,294.0,11490,stock
2022-06-16,HBL,300.0,300.0,303.0,295.0,12957,stock
2022-06-17,HBL,300.0,300.0,304.0,298.0,5355,stock
2022-06-19,HBL,300.0,300.0,304.8,295.1,9304,stock
2022-06-20,HBL,300.0,296.1,300.0,294.0,9292,stock
2022-06-21,HBL,296.0,303.0,305.0,296.0,7650,stock
2022-06-22,HBL,303.0,299.5,303.0,293.0,14215,stock
2022-06-23,HBL,296.0,296.2,300.0,295.0,10130,stock
2022-06-24,HBL,296.0,298.0,299.0,292.0,4569,stock
2022-06-26,HBL,303.0,308.5,308.5,300.0,9104,stock
2022-06-27,HBL,310.0,303.0,316.0,303.0,9751,stock
2022-06-28,HBL,300.3,300.1,306.0,300.1,5029,stock
2022-06-29,HBL,302.0,302.0,304.0,300.0,4693,stock
2022-06-30,HBL,303.0,306.0,309.0,303.0,17335,stock
2022-07-01,HBL,310.9,310.0,312.0,305.5,4920,stock
2022-07-03,HBL,316.0,313.5,316.0,311.0,5537,stock
2022-07-04,HBL,315.0,314.0,318.0,313.0,10747,stock
2022-07-05,HBL,310.0,308.0,315.0,302.0,10821,stock
2022-07-06,HBL,305.0,302.0,305.0,296.1,19138,stock
2022-07-07,HBL,300.0,301.5,301.5,296.5,9089,stock
2022-07-08,HBL,301.0,301.9,304.9,298.1,3800,stock
2022-07-11,HBL,302.0,293.0,302.0,292.5,16701,stock
2022-07-12,HBL,290.0,299.9,302.8,290.0,5629,stock
2022-07-13,HBL,300.0,296.0,302.0,294.5,12714,stock
2022-07-14,HBL,300.0,300.0,304.5,298.0,5047,stock
2022-07-15,HBL,301.0,299.2,301.0,297.0,2225,stock
2022-07-17,HBL,301.0,305.0,305.0,298.0,9368,stock
2022-07-18,HBL,310.0,308.0,311.0,301.2,8542,stock
2022-07-19,HBL,308.0,308.0,310.0,305.0,8560,stock
2022-07-20,HBL,306.0,305.5,306.0,304.0,8028,stock
2022-07-21,HBL,305.0,305.0,310.0,302.0,4773,stock
2022-07-22,HBL,300.1,304.1,306.0,300.0,1605,stock
2022-07-24,HBL,309.0,306.0,312.0,300.3,5935,stock
2022-07-25,HBL,308.0,306.0,310.0,304.0,9217,stock
2022-07-26,HBL,305.1,305.7,308.5,304.0,6396,stock
2022-07-27,HBL,308.0,306.0,308.0,303.0,4904,stock
2022-07-28,HBL,300.0,305.0,307.0,300.0,8228,stock
2022-07-29,HBL,305.0,306.0,309.2,305.0,2845,stock
2022-07-31,HBL,306.0,312.0,312.0,305.1,10935,stock
2022-08-01,HBL,318.1,327.0,328.7,313.0,15090,stock
2022-08-02,HBL,330.0,332.0,335.0,329.0,10969,stock
2022-08-03,HBL,338.0,353.0,365.1,338.0,25525,stock
2022-08-04,HBL,358.0,347.0,358.0,344.5,16404,stock
2022-08-05,HBL,342.0,340.0,344.0,335.0,7872,stock
2022-08-07,HBL,346.8,342.0,347.0,339.0,5293,stock
2022-08-08,HBL,348.0,336.1,348.0,336.1,6107,stock
2022-08-09,HBL,337.0,326.0,337.0,326.0,10571,stock
2022-08-10,HBL,323.0,330.0,333.5,322.1,5530,stock
2022-08-11,HBL,325.0,323.0,331.0,320.0,13132,stock
2022-08-14,HBL,323.0,313.6,323.0,313.6,13686,stock
2022-08-15,HBL,313.0,315.5,318.0,308.0,13038,stock
2022-08-16,HBL,316.0,321.5,325.0,315.0,11487,stock
2022-08-17,HBL,326.0,321.0,326.0,319.5,8356,stock
2022-08-18,HBL,327.0,323.1,327.0,322.3,5060,stock
2022-08-21,HBL,329.0,327.0,330.0,324.2,15429,stock
2022-08-22,HBL,321.0,322.8,327.0,321.0,6849,stock
2022-08-23,HBL,328.0,333.0,335.0,325.3,12123,stock
2022-08-24,HBL,339.6,345.0,356.0,331.0,19050,stock
2022-08-25,HBL,349.0,345.1,352.0,345.0,19617,stock
2022-08-26,HBL,342.0,334.1,342.0,331.1,13410,stock
2022-08-28,HBL,338.9,328.1,338.9,327.5,10827,stock
2022-08-29,HBL,325.0,331.4,331.5,325.0,9969,stock
2022-08-30,HBL,331.9,329.0,332.0,327.0,4660,stock
2022-08-31,HBL,326.0,325.0,327.9,325.0,2746,stock
2022-09-01,HBL,322.0,322.0,328.0,321.0,10589,stock
2022-09-02,HBL,320.1,324.0,324.9,320.1,1725,stock
2022-09-04,HBL,320.0,325.1,328.0,320.0,3215,stock
2022-09-05,HBL,331.0,329.0,341.0,329.0,5422,stock
2022-09-06,HBL,326.0,329.8,330.0,324.0,8237,stock
2022-09-07,HBL,330.0,327.1,333.0,325.5,10355,stock
2022-09-08,HBL,324.0,327.0,330.0,323.0,2383,stock
2022-09-11,HBL,330.0,325.0,330.9,324.0,8532,stock
2022-09-12,HBL,331.4,320.5,331.4,320.5,8773,stock
2022-09-13,HBL,326.5,322.0,326.9,321.0,4694,stock
2022-09-14,HBL,327.0,329.0,330.0,326.0,4932,stock
2022-09-15,HBL,335.0,325.0,335.0,324.0,5274,stock
2022-09-16,HBL,319.0,322.0,329.9,315.0,2885,stock
2022-09-18,HBL,318.2,320.2,321.9,315.8,4311,stock
2022-09-20,HBL,319.0,314.0,323.7,313.1,8991,stock
2022-09-21,HBL,315.0,315.0,318.0,314.1,4518,stock
2022-09-22,HBL,319.0,313.0,321.0,312.1,4888,stock
2022-09-25,HBL,310.5,311.0,314.0,310.0,6378,stock
2022-09-27,HBL,315.0,313.2,320.0,310.0,3822,stock
2022-09-28,HBL,314.0,321.0,325.0,314.0,2117,stock
2022-09-29,HBL,322.0,320.0,325.0,317.0,2885,stock
2022-10-09,HBL,322.0,336.0,336.0,322.0,4435,stock
2022-10-10,HBL,334.0,326.0,335.0,326.0,5144,stock
2022-10-11,HBL,330.0,318.0,330.0,315.0,3465,stock
2022-10-12,HBL,316.0,324.4,325.3,316.0,3492,stock
2022-10-13,HBL,324.0,317.1,326.0,316.1,7221,stock
2022-10-16,HBL,323.0,323.0,323.0,316.1,5333,stock
2022-10-17,HBL,325.0,326.8,328.8,322.2,4734,stock
2022-10-19,HBL,326.1,328.0,330.0,324.0,2776,stock
2022-10-20,HBL,321.8,327.0,329.2,321.8,3378,stock
2022-10-23,HBL,332.0,333.3,333.3,323.0,5461,stock
2022-10-31,HBL,330.0,328.0,330.1,323.4,10852,stock
2022-11-01,HBL,328.0,340.0,340.0,328.0,10758,stock
2022-11-02,HBL,335.2,336.2,344.7,334.1,9808,stock
2022-11-03,HBL,330.3,338.0,340.0,330.2,12746,stock
2022-11-06,HBL,332.0,340.5,342.9,331.5,13631,stock
2022-11-07,HBL,340.5,340.9,346.0,340.1,5153,stock
2022-11-08,HBL,347.7,343.0,347.7,334.2,2734,stock
2022-11-09,HBL,342.0,335.0,343.0,335.0,4379,stock
2022-11-10,HBL,335.0,329.0,340.0,328.5,9056,stock
2022-11-13,HBL,328.0,330.0,332.9,328.0,4758,stock
2022-11-14,HBL,328.0,328.0,330.0,326.0,2255,stock
2022-11-15,HBL,334.4,330.0,334.4,328.0,3276,stock
2022-11-16,HBL,330.0,333.0,333.6,327.0,2906,stock
2022-11-17,HBL,334.9,332.5,335.0,330.0,6092,stock
2022-11-22,HBL,332.0,333.0,339.0,332.0,1262,stock
2022-11-23,HBL,328.0,326.0,333.0,325.0,3425,stock
2022-11-24,HBL,326.0,330.7,331.0,321.0,1889,stock
2022-11-27,HBL,326.0,332.0,332.3,324.0,7723,stock
2022-11-28,HBL,332.0,332.2,337.0,327.5,10357,stock
2022-11-29,HBL,331.0,330.0,334.5,328.0,7313,stock
2022-11-30,HBL,330.0,328.0,330.0,327.2,2319,stock
2022-12-01,HBL,328.0,325.5,330.0,325.0,8338,stock
2022-12-04,HBL,325.0,326.0,328.0,325.0,2591,stock
2022-12-05,HBL,326.0,325.0,332.0,320.0,4592,stock
2022-12-06,HBL,321.0,338.5,338.5,319.0,5479,stock
2022-12-07,HBL,331.9,329.7,331.9,319.0,2853,stock
2022-12-11,HBL,329.8,323.9,329.8,320.5,5376,stock
2022-12-12,HBL,323.0,323.7,324.0,317.6,4618,stock
2022-12-13,HBL,323.0,322.0,325.0,321.0,3670,stock
2022-12-14,HBL,325.0,320.7,328.0,320.7,3549,stock
2022-12-15,HBL,318.0,323.0,326.0,318.0,7648,stock
2022-12-18,HBL,321.0,319.0,325.0,318.0,4033,stock
2022-12-19,HBL,322.0,318.0,325.0,318.0,3927,stock
2022-12-20,HBL,324.3,322.0,330.0,320.0,50468,stock
2022-12-21,HBL,326.0,328.8,334.6,325.0,8514,stock
2022-12-22,HBL,326.0,329.9,330.0,326.0,8924,stock
2022-12-26,HBL,335.0,340.0,340.9,330.0,30271,stock
2022-12-27,HBL,345.0,350.8,352.0,335.0,30183,stock
2022-12-28,HBL,345.0,349.7,353.0,342.0,23963,stock
2022-12-29,HBL,350.0,355.0,357.0,342.8,27541,stock
2023-01-01,HBL,362.0,365.1,369.3,355.1,49119,stock
2023-01-02,HBL,338.1,331.0,338.1,328.0,15231,stock
2023-01-03,HBL,333.0,320.0,337.6,319.2,14072,stock
2023-01-04,HBL,320.0,325.0,332.2,320.0,11376,stock
2023-01-05,HBL,331.5,320.0,331.5,320.0,9089,stock
2023-01-08,HBL,314.0,316.0,322.0,313.6,20587,stock
2023-01-09,HBL,313.0,315.9,317.0,310.0,20959,stock
2023-01-10,HBL,315.0,320.0,334.0,315.0,25020,stock
2023-01-12,HBL,325.0,315.0,326.4,311.0,12501,stock
2023-01-17,HBL,315.5,312.7,318.0,304.0,13648,stock
2023-01-18,HBL,308.0,305.0,318.0,305.0,18348,stock
2023-01-19,HBL,305.0,306.0,310.0,301.0,9570,stock
2023-01-23,HBL,312.1,313.5,331.0,307.0,25499,stock
2023-01-24,HBL,308.0,310.0,314.1,308.0,5272,stock
2023-01-25,HBL,316.1,308.0,316.2,307.7,18678,stock
2023-01-26,HBL,310.0,308.0,310.9,307.0,2876,stock
2023-01-29,HBL,304.0,306.0,310.0,303.1,12986,stock
2023-01-30,HBL,302.5,300.0,305.0,300.0,5360,stock
2023-01-31,HBL,301.0,299.9,301.0,295.5,4818,stock
2023-02-01,HBL,300.0,294.0,300.0,293.0,8226,stock
2023-02-02,HBL,291.0,290.0,294.0,289.0,11047,stock
2023-02-05,HBL,290.0,289.0,295.0,289.0,6260,stock
2023-02-06,HBL,291.0,286.0,291.0,284.5,8687,stock
2023-02-07,HBL,285.0,299.8,299.9,284.0,5321,stock
2023-02-08,HBL,300.0,300.0,305.0,295.0,4000,stock
2023-02-09,HBL,300.0,299.0,304.0,294.0,5531,stock
2023-02-12,HBL,295.0,291.0,297.0,289.1,9166,stock
2023-02-14,HBL,290.0,286.0,296.8,286.0,5598,stock
2023-02-15,HBL,286.0,285.9,290.0,284.5,6989,stock
2023-02-16,HBL,291.0,285.0,291.5,284.0,11295,stock
2023-02-20,HBL,280.0,282.0,290.0,275.0,15636,stock
2023-02-22,HBL,280.0,293.0,299.7,268.0,10683,stock
2023-02-23,HBL,293.0,284.0,293.0,281.0,5003,stock
2023-02-26,HBL,284.1,280.4,284.1,272.0,4292,stock
2023-02-27,HBL,286.0,275.1,286.0,275.0,7598,stock
2023-02-28,HBL,280.6,275.0,280.6,271.2,5331,stock
2023-03-01,HBL,275.0,272.0,275.0,270.3,6387,stock
2023-03-02,HBL,276.0,268.0,276.0,268.0,4873,stock
2023-03-05,HBL,268.0,263.0,270.0,262.6,13052,stock
2023-03-07,HBL,265.0,263.0,267.0,262.0,5962,stock
2023-03-09,HBL,265.0,267.0,270.2,265.0,7229,stock
2023-03-12,HBL,262.0,250.0,262.0,249.0,106306,stock
2023-03-13,HBL,245.1,236.8,246.0,236.2,103550,stock
2023-03-14,HBL,241.5,232.2,246.3,230.6,112626,stock
2023-03-15,HBL,236.8,235.0,236.8,230.0,68992,stock
2023-03-16,HBL,231.0,236.0,238.0,225.7,18022,stock
2023-03-19,HBL,233.0,236.0,239.0,232.0,15414,stock
2023-03-20,HBL,233.0,239.0,240.0,233.0,36318,stock
2023-03-22,HBL,242.0,236.0,242.0,233.3,31158,stock
2023-03-23,HBL,233.0,230.0,236.0,228.0,49382,stock
2023-03-26,HBL,228.0,227.0,234.0,226.1,22478,stock
2023-03-27,HBL,230.0,225.0,230.0,221.0,64668,stock
2023-03-28,HBL,228.5,227.1,232.9,226.6,22130,stock
2023-03-29,HBL,230.9,226.9,230.9,225.0,28441,stock
2023-03-30,HBL,230.0,225.0,230.0,223.0,23758,stock
2023-04-02,HBL,228.5,221.5,228.5,220.0,35049,stock
2023-04-03,HBL,221.0,219.8,221.9,217.4,39069,stock
2023-04-04,HBL,217.0,214.1,221.0,213.2,119020,stock
2023-04-05,HBL,213.5,216.5,217.9,212.0,35179,stock
2023-04-06,HBL,220.0,219.6,220.0,216.0,25004,stock
2023-04-09,HBL,220.5,216.0,220.5,215.3,35937,stock
2023-04-10,HBL,216.0,218.5,221.0,215.0,20244,stock
2023-04-11,HBL,219.0,222.3,222.5,218.1,33480,stock
2023-04-12,HBL,225.0,235.0,236.0,222.7,48115,stock
2023-04-13,HBL,237.7,231.0,239.7,231.0,83922,stock
2023-04-16,HBL,234.0,232.7,234.0,227.7,21878,stock
2023-04-17,HBL,234.0,227.3,234.0,227.3,18972,stock
2023-04-18,HBL,225.0,228.0,228.0,223.0,8529,stock
2023-04-19,HBL,228.0,227.2,230.0,226.2,27477,stock
2023-04-20,HBL,231.0,225.5,231.0,225.5,26539,stock
2023-04-23,HBL,224.0,223.5,228.0,219.2,31353,stock
2023-04-24,HBL,220.5,221.9,223.0,216.3,15853,stock
2023-04-25,HBL,225.0,222.0,225.0,220.9,19314,stock
2023-04-26,HBL,220.1,220.1,225.0,220.1,20167,stock
2023-04-27,HBL,221.0,221.5,242.0,218.0,17179,stock
2023-04-30,HBL,221.5,223.0,238.6,221.0,64767,stock
2023-05-02,HBL,226.0,221.9,227.0,218.0,31718,stock
2023-05-03,HBL,218.5,220.0,222.2,218.5,14160,stock
2023-05-04,HBL,224.0,224.0,224.0,217.4,23693,stock
2023-05-07,HBL,225.0,219.0,226.0,218.0,10154,stock
2023-05-08,HBL,219.9,217.0,219.9,217.0,18909,stock
2023-05-09,HBL,218.0,218.0,220.0,216.1,11317,stock
2023-05-10,HBL,220.0,217.0,220.0,216.2,24724,stock
2023-05-11,HBL,217.0,218.0,219.2,216.0,14531,stock
2023-05-14,HBL,221.0,218.0,221.0,216.0,48991,stock
2023-05-15,HBL,216.0,216.1,220.0,215.0,47829,stock
2023-05-16,HBL,214.1,217.0,219.0,213.0,76081,stock
2023-05-17,HBL,220.0,218.1,220.4,216.3,36503,stock
2023-05-18,HBL,216.6,220.0,220.3,216.0,29286,stock
2023-05-21,HBL,222.0,219.0,222.9,218.0,30542,stock
2023-05-22,HBL,220.0,218.0,220.0,215.0,39778,stock
2023-05-23,HBL,220.0,222.0,222.0,218.0,70135,stock
2023-05-24,HBL,223.0,222.0,225.0,220.2,42736,stock
2023-05-28,HBL,221.0,224.0,243.1,220.1,61725,stock
2023-05-30,HBL,224.0,216.2,224.0,215.0,47558,stock
2023-05-31,HBL,215.0,215.0,219.0,212.0,56079,stock
2023-06-01,HBL,217.9,213.0,217.9,210.8,31677,stock
2023-06-04,HBL,215.0,217.0,221.9,215.0,23636,stock
2023-06-05,HBL,221.3,214.2,221.3,214.2,24536,stock
2023-06-06,HBL,217.0,215.0,217.0,212.7,55213,stock
2023-06-07,HBL,214.1,214.1,217.0,214.0,45588,stock
2023-06-08,HBL,214.0,213.9,215.0,212.3,36335,stock
2023-06-11,HBL,215.0,215.0,216.9,214.0,53625,stock
2023-06-12,HBL,217.2,214.8,217.2,213.1,33137,stock
2023-06-13,HBL,216.0,218.4,219.0,213.0,48169,stock
2023-06-14,HBL,216.1,220.0,222.0,216.0,65176,stock
2023-06-15,HBL,219.0,218.0,221.9,217.0,49960,stock
2023-06-18,HBL,219.0,217.5,219.0,214.9,91602,stock
2023-06-19,HBL,217.0,216.9,220.0,215.8,29716,stock
2023-06-20,HBL,219.0,215.3,219.0,213.1,38329,stock
2023-06-21,HBL,215.0,214.0,216.0,213.1,33020,stock
2023-06-22,HBL,217.0,212.0,217.0,211.0,37402,stock
2023-06-25,HBL,212.5,212.0,214.0,209.0,100702,stock
2023-06-26,HBL,213.7,211.0,217.0,211.0,60631,stock
2023-06-27,HBL,213.9,220.0,221.0,211.8,117218,stock
2023-06-28,HBL,221.0,215.0,223.0,215.0,61985,stock
2023-07-02,HBL,216.0,211.6,216.9,211.0,38932,stock
2023-07-03,HBL,212.0,210.0,213.0,209.1,54560,stock
2023-07-04,HBL,211.0,209.8,213.0,208.6,44303,stock
2023-07-05,HBL,212.0,209.0,212.9,208.3,52219,stock
2023-07-06,HBL,210.0,206.5,210.0,206.5,30411,stock
2023-07-09,HBL,207.0,208.1,210.0,207.0,21628,stock
2023-07-10,HBL,208.1,209.0,212.0,208.1,30893,stock
2023-07-11,HBL,208.1,207.0,209.7,206.2,38804,stock
2023-07-12,HBL,211.0,208.0,211.0,206.0,37502,stock
2023-07-13,HBL,209.0,208.9,212.0,208.9,19046,stock
2023-07-16,HBL,211.9,212.8,213.0,208.0,24838,stock
2023-07-17,HBL,213.0,217.0,219.0,210.0,49453,stock
2023-07-18,HBL,220.0,221.0,223.0,219.0,66991,stock
2023-07-19,HBL,223.0,226.5,230.0,217.0,118096,stock
2023-07-20,HBL,231.0,223.9,231.0,223.0,76892,stock
2023-07-23,HBL,226.0,239.0,240.0,224.9,148639,stock
2023-07-24,HBL,240.0,231.0,240.0,225.4,124468,stock
2023-07-25,HBL,230.0,223.0,230.0,221.7,52982,stock
2023-07-26,HBL,222.1,223.9,226.0,221.2,47565,stock
2023-07-27,HBL,226.0,221.8,226.0,220.0,70499,stock
2023-07-30,HBL,222.0,221.8,224.0,215.0,50083,stock
2023-07-31,HBL,217.4,223.0,226.4,217.4,77234,stock
2023-08-01,HBL,220.0,218.0,225.0,217.0,29601,stock
2023-08-02,HBL,218.0,219.0,221.9,216.8,41444,stock
2023-08-03,HBL,215.0,223.0,227.0,215.0,46852,stock
2023-08-06,HBL,219.0,212.0,219.0,209.0,128136,stock
2023-08-07,HBL,212.0,207.0,212.0,205.2,86896,stock
2023-08-08,HBL,207.0,205.0,209.0,204.3,45616,stock
2023-08-09,HBL,203.1,205.0,206.1,202.0,39039,stock
2023-08-10,HBL,206.0,207.5,208.0,204.0,31528,stock
2023-08-13,HBL,209.0,210.4,212.7,209.0,116300,stock
2023-08-14,HBL,212.6,214.0,215.8,207.3,48709,stock
2023-08-15,HBL,213.5,214.9,215.0,208.0,39865,stock
2023-08-16,HBL,212.0,208.1,212.0,205.3,11988,stock
2023-08-17,HBL,210.0,208.0,211.0,207.0,38470,stock
2023-08-20,HBL,208.0,205.2,209.0,204.0,42722,stock
2023-08-21,HBL,204.5,206.0,206.9,204.1,39980,stock
2023-08-22,HBL,209.0,206.3,209.0,203.0,17324,stock
2023-08-23,HBL,209.0,209.9,212.5,206.3,29147,stock
2023-08-24,HBL,209.9,208.0,211.3,206.6,21966,stock
2023-08-27,HBL,208.0,206.0,208.0,205.0,19371,stock
2023-08-28,HBL,206.0,206.7,207.8,204.1,16197,stock
2023-08-29,HBL,206.0,204.5,207.0,203.0,21504,stock
2023-08-30,HBL,206.0,207.0,212.1,204.0,31648,stock
2023-09-03,HBL,209.5,204.2,209.5,204.0,25188,stock
2023-09-04,HBL,204.2,204.5,207.0,203.0,25570,stock
2023-09-05,HBL,204.0,203.2,205.9,203.0,25567,stock
2023-09-07,HBL,202.0,200.7,203.0,200.0,29794,stock
2023-09-10,HBL,200.7,203.0,204.0,200.7,21275,stock
2023-09-11,HBL,203.0,206.5,206.9,203.0,21205,stock
2023-09-12,HBL,207.3,206.9,207.9,205.0,21943,stock
2023-09-13,HBL,207.0,206.0,208.9,204.2,20550,stock
2023-09-17,HBL,209.0,204.2,209.0,204.2,18424,stock
2023-09-18,HBL,202.0,203.0,204.9,200.0,20127,stock
2023-09-19,HBL,203.5,203.6,204.0,202.1,10496,stock
2023-09-21,HBL,206.0,207.5,209.0,205.7,43682,stock
2023-09-24,HBL,207.0,205.3,209.0,205.0,26117,stock
2023-09-25,HBL,203.0,206.0,206.9,202.0,49269,stock
2023-09-26,HBL,207.4,206.5,209.0,205.0,30937,stock
2023-09-27,HBL,209.0,204.8,209.0,203.6,31050,stock
2023-10-01,HBL,204.0,203.8,205.5,201.4,29652,stock
2023-10-02,HBL,200.1,204.0,205.0,200.1,31354,stock
2023-10-03,HBL,202.0,203.0,205.0,202.0,24192,stock
2023-10-04,HBL,202.0,203.5,205.6,200.7,40489,stock
2023-10-05,HBL,204.5,203.8,204.5,203.0,34442,stock
2023-10-08,HBL,204.0,203.0,204.3,201.0,36272,stock
2023-10-09,HBL,202.0,201.9,203.0,200.0,32454,stock
2023-10-10,HBL,200.0,200.2,202.9,199.7,31945,stock
2023-10-11,HBL,202.4,202.0,202.4,199.5,21752,stock
2023-10-12,HBL,201.0,200.1,203.0,199.0,31001,stock
2023-10-16,HBL,199.1,199.0,200.0,198.5,16355,stock
2023-10-17,HBL,200.0,200.9,200.9,193.0,70472,stock
2023-10-18,HBL,200.9,203.3,204.9,199.0,21236,stock
2023-10-19,HBL,205.9,204.6,205.9,200.0,31250,stock
2023-10-29,HBL,203.8,200.2,203.8,200.2,12410,stock
2023-10-30,HBL,199.1,200.0,201.0,198.5,27696,stock
2023-10-31,HBL,198.0,199.0,200.0,198.0,12374,stock
2023-11-01,HBL,200.0,198.8,200.0,197.0,14778,stock
2023-11-02,HBL,199.0,197.4,199.0,196.0,16464,stock
2023-11-05,HBL,198.0,195.0,200.0,193.6,42761,stock
2023-11-06,HBL,197.9,198.0,214.0,194.1,22725,stock
2023-11-07,HBL,200.9,197.9,201.0,195.1,19292,stock
2023-11-08,HBL,196.0,198.1,215.2,195.2,18278,stock
2023-11-09,HBL,200.0,198.2,201.3,196.0,25161,stock
2023-11-20,HBL,202.0,199.6,202.0,199.0,11853,stock
2023-11-21,HBL,200.0,199.0,200.0,196.0,13041,stock
2023-11-22,HBL,199.7,198.0,199.9,197.0,17526,stock
2023-11-23,HBL,199.0,198.0,199.0,196.0,17391,stock
2023-11-26,HBL,200.0,205.5,205.5,197.5,30912,stock
2023-11-27,HBL,206.0,204.0,208.0,201.1,26379,stock
2023-11-28,HBL,204.0,199.6,204.0,199.0,17432,stock
2023-11-29,HBL,199.6,199.6,202.0,198.1,9913,stock
2023-11-30,HBL,199.0,198.4,199.6,196.0,20933,stock
2023-12-03,HBL,198.0,197.0,198.1,195.9,20400,stock
2023-12-04,HBL,197.0,199.5,200.0,196.0,27732,stock
2023-12-05,HBL,198.1,199.8,201.0,196.1,11461,stock
2023-12-06,HBL,197.5,198.5,199.9,196.1,11914,stock
2023-12-07,HBL,200.9,198.9,200.9,196.3,15581,stock
2023-12-10,HBL,198.0,207.1,207.1,198.0,1740,stock
2023-12-11,HBL,211.2,207.2,215.0,205.0,53328,stock
2023-12-12,HBL,207.0,206.5,208.0,204.0,36739,stock
2023-12-13,HBL,209.9,209.8,210.0,206.0,32115,stock
2023-12-14,HBL,208.0,207.7,209.9,207.0,15409,stock
2023-12-17,HBL,203.6,206.0,208.0,199.6,23306,stock
2023-12-18,HBL,208.0,209.0,211.0,202.0,88797,stock
2023-12-19,HBL,210.0,218.9,219.8,210.0,99719,stock
2023-12-20,HBL,223.0,216.4,223.0,210.2,91596,stock
2023-12-21,HBL,215.2,212.0,217.0,210.8,83847,stock
2023-12-24,HBL,213.0,210.8,220.0,209.5,61806,stock
2023-12-27,HBL,210.0,210.1,214.0,210.0,79857,stock
2023-12-28,HBL,210.0,209.6,211.0,208.2,68124,stock
2024-01-01,HBL,209.5,210.0,212.0,209.0,65494,stock
2024-01-02,HBL,208.0,206.0,210.0,201.4,46926,stock
2024-01-03,HBL,206.9,206.0,206.9,203.1,25666,stock
2024-01-04,HBL,210.0,209.0,210.9,203.2,63260,stock
2024-01-07,HBL,209.0,201.0,209.0,201.0,46539,stock
2024-01-08,HBL,200.0,201.4,205.0,200.0,38483,stock
2024-01-09,HBL,203.0,204.0,206.0,202.0,47559,stock
2024-01-10,HBL,206.0,205.0,210.1,204.5,39360,stock
2024-01-11,HBL,204.4,205.0,207.9,204.0,22127,stock
2024-01-14,HBL,205.0,209.0,209.4,202.5,30095,stock
2024-01-16,HBL,211.1,214.5,215.1,208.7,75822,stock
2024-01-17,HBL,215.0,219.0,220.0,214.5,102684,stock
2024-01-18,HBL,215.0,215.0,218.0,212.0,50335,stock
2024-01-21,HBL,219.0,208.5,219.0,206.8,146622,stock
2024-01-22,HBL,207.0,205.0,209.0,204.4,63822,stock
2024-01-23,HBL,209.1,205.5,209.1,203.1,30645,stock
2024-01-24,HBL,206.0,205.0,209.0,204.0,23644,stock
2024-01-25,HBL,209.0,205.0,209.0,203.1,18818,stock
2024-01-28,HBL,205.0,202.4,207.0,201.0,51185,stock
2024-01-29,HBL,202.4,203.0,222.6,202.4,45091,stock
2024-01-30,HBL,204.0,203.0,206.0,202.2,31810,stock
2024-01-31,HBL,204.0,202.5,205.8,201.8,20790,stock
2024-02-01,HBL,201.0,200.0,202.4,199.2,32715,stock
2024-02-04,HBL,200.0,199.4,201.9,199.1,33360,stock
2024-02-05,HBL,203.3,200.9,203.3,198.7,22357,stock
2024-02-06,HBL,202.0,201.0,202.0,199.0,24371,stock
2024-02-07,HBL,205.0,200.0,205.0,199.4,41884,stock
2024-02-11,HBL,200.0,199.0,203.0,198.3,32974,stock
2024-02-12,HBL,201.0,199.9,201.0,197.5,26851,stock
2024-02-13,HBL,199.0,195.0,199.0,194.1,69621,stock
2024-02-14,HBL,195.1,193.0,196.9,193.0,64524,stock
2024-02-15,HBL,193.0,192.5,195.0,192.5,23587,stock
2024-02-18,HBL,192.0,192.0,195.0,189.0,54867,stock
2024-02-20,HBL,195.8,191.1,198.0,190.0,23755,stock
2024-02-21,HBL,191.1,190.5,194.0,190.3,18311,stock
2024-02-22,HBL,188.0,188.0,191.8,186.8,39980,stock
2024-02-25,HBL,187.9,186.2,187.9,185.1,31773,stock
2024-02-26,HBL,187.0,188.0,189.0,186.1,27615,stock
2024-02-27,HBL,188.0,188.5,189.0,186.0,32101,stock
2024-02-28,HBL,188.0,187.5,189.9,187.0,24799,stock
2024-02-29,HBL,187.6,187.0,188.9,186.1,57479,stock
2024-03-03,HBL,185.0,186.8,187.5,184.0,50166,stock
2024-03-04,HBL,187.0,190.5,190.5,187.0,1150,stock
2024-03-05,HBL,194.3,190.9,198.0,189.0,59296,stock
2024-03-06,HBL,194.0,191.0,194.0,189.0,36268,stock
2024-03-07,HBL,192.0,190.0,193.0,189.0,26590,stock
2024-03-10,HBL,190.8,194.2,196.6,190.8,26033,stock
2024-03-12,HBL,198.0,198.3,199.9,194.2,46432,stock
2024-03-13,HBL,200.0,196.3,201.8,196.0,32410,stock
2024-03-14,HBL,197.0,193.7,198.9,193.0,9785,stock
2024-03-17,HBL,192.4,193.0,195.0,192.0,29858,stock
2024-03-18,HBL,190.1,197.8,204.9,184.0,37648,stock
2024-03-19,HBL,198.0,195.9,199.0,192.2,13519,stock
2024-03-20,HBL,195.0,194.0,195.0,192.0,27258,stock
2024-03-21,HBL,197.6,193.0,197.6,191.0,9939,stock
2024-03-25,HBL,191.0,191.0,192.0,190.1,13808,stock
2024-03-26,HBL,191.0,191.8,192.0,190.0,12495,stock
2024-03-27,HBL,192.0,191.0,192.0,189.0,14148,stock
2024-03-28,HBL,189.0,189.5,191.0,188.2,16801,stock
2024-03-31,HBL,187.3,188.0,190.0,187.3,26610,stock
2024-04-01,HBL,187.1,186.0,188.0,185.0,30813,stock
2024-04-02,HBL,185.0,186.9,188.0,185.0,14676,stock
2024-04-03,HBL,187.0,184.6,187.0,184.1,22480,stock
2024-04-04,HBL,184.3,184.0,186.0,183.0,30072,stock
2024-04-07,HBL,183.0,184.0,184.0,179.6,35250,stock
2024-04-09,HBL,186.0,186.9,189.0,185.2,14416,stock
2024-04-10,HBL,187.1,184.0,188.4,182.3,21117,stock
2024-04-14,HBL,185.0,183.0,185.0,181.5,12241,stock
2024-04-15,HBL,180.3,182.0,183.0,180.3,16775,stock
2024-04-16,HBL,180.1,181.0,182.0,179.5,18609,stock
2024-04-18,HBL,180.5,179.6,181.0,178.8,19573,stock
2024-04-21,HBL,179.0,176.0,179.0,174.0,25043,stock
2024-04-22,HBL,179.5,175.0,179.5,174.0,15515,stock
2024-04-24,HBL,175.0,177.0,177.0,174.0,32688,stock
2024-04-25,HBL,177.0,178.0,178.0,175.2,11206,stock
2024-04-28,HBL,178.0,176.0,178.0,176.0,15877,stock
2024-04-29,HBL,179.5,176.9,179.5,175.5,25542,stock
2024-04-30,HBL,180.4,177.6,180.4,177.0,32234,stock
2024-05-02,HBL,181.1,176.0,181.1,174.5,22945,stock
2024-05-05,HBL,177.8,171.2,177.9,168.5,51020,stock
2024-05-06,HBL,170.0,170.0,173.9,168.6,14849,stock
2024-05-07,HBL,169.0,172.0,173.4,167.1,8083,stock
2024-05-08,HBL,175.2,170.0,175.2,168.0,27080,stock
2024-05-09,HBL,168.0,170.5,170.5,168.0,23939,stock
2024-05-12,HBL,173.9,173.0,173.9,169.5,15033,stock
2024-05-13,HBL,173.0,180.8,181.5,172.1,38458,stock
2024-05-14,HBL,181.0,180.0,182.5,176.1,14319,stock
2024-05-15,HBL,180.0,178.0,185.6,178.0,15048,stock
2024-05-16,HBL,181.5,175.6,181.5,175.1,43319,stock
2024-05-19,HBL,179.1,181.0,182.0,175.7,31768,stock
2024-05-20,HBL,181.0,191.0,195.5,180.0,80489,stock
2024-05-21,HBL,194.8,193.0,196.4,188.2,38869,stock
2024-05-22,HBL,190.2,201.9,203.9,190.0,96061,stock
2024-05-26,HBL,205.0,198.0,205.0,195.5,70759,stock
2024-05-27,HBL,198.9,196.0,199.0,192.1,22745,stock
2024-05-29,HBL,199.9,194.7,211.0,194.7,92492,stock
2024-05-30,HBL,194.9,191.6,195.9,191.6,29396,stock
2024-06-02,HBL,189.2,193.3,195.0,189.0,19445,stock
2024-06-03,HBL,197.1,193.3,197.1,191.0,12229,stock
2024-06-04,HBL,193.5,191.0,193.5,190.0,15110,stock
2024-06-05,HBL,190.1,189.5,190.7,188.6,15703,stock
2024-06-06,HBL,190.0,187.5,190.0,185.0,27461,stock
2024-06-09,HBL,191.2,182.0,191.2,182.0,30635,stock
2024-06-10,HBL,185.0,182.3,185.0,181.3,27776,stock
2024-06-11,HBL,185.9,183.0,187.6,180.1,28684,stock
2024-06-12,HBL,186.5,183.0,192.0,183.0,41677,stock
2024-06-13,HBL,183.0,184.0,184.4,181.3,32660,stock
2024-06-16,HBL,182.0,184.0,186.3,182.0,17657,stock
2024-06-18,HBL,181.3,182.0,183.4,180.5,8236,stock
2024-06-19,HBL,184.9,181.0,185.0,180.0,16006,stock
2024-06-20,HBL,184.6,177.5,184.6,177.0,33240,stock
2024-06-23,HBL,179.0,176.5,179.0,174.1,28415,stock
2024-06-24,HBL,175.4,173.0,177.0,172.3,62246,stock
2024-06-25,HBL,173.0,174.7,175.4,172.1,23123,stock
2024-06-26,HBL,174.0,174.2,176.4,173.0,31909,stock
2024-06-27,HBL,174.2,174.0,175.5,173.0,22614,stock
2024-06-30,HBL,175.0,174.0,175.0,173.0,13947,stock
2024-07-01,HBL,173.0,180.0,180.5,172.1,40875,stock
2024-07-02,HBL,183.6,183.0,195.0,180.5,54143,stock
2024-07-03,HBL,184.0,186.0,186.5,179.4,49082,stock
2024-07-04,HBL,188.0,185.0,189.5,184.5,36619,stock
2024-07-07,HBL,188.7,186.4,189.5,184.1,50352,stock
2024-07-08,HBL,188.0,186.0,188.0,184.2,24265,stock
2024-07-09,HBL,185.0,186.1,188.5,185.0,46386,stock
2024-07-10,HBL,189.8,191.0,191.0,186.4,61431,stock
2024-07-11,HBL,194.8,201.6,201.7,191.0,95935,stock
2024-07-14,HBL,205.6,211.0,212.0,203.0,81778,stock
2024-07-15,HBL,215.2,204.2,215.2,203.9,101206,stock
2024-07-16,HBL,204.0,209.5,210.1,203.0,63008,stock
2024-07-17,HBL,213.0,211.0,213.4,207.8,92701,stock
2024-07-18,HBL,215.0,226.3,232.1,212.2,330463,stock
2024-07-21,HBL,230.0,248.9,248.9,225.4,340632,stock
2024-07-22,HBL,253.0,252.0,262.0,244.0,385243,stock
2024-07-23,HBL,250.0,254.0,255.0,245.1,255069,stock
2024-07-24,HBL,259.0,249.0,259.0,244.7,177199,stock
2024-07-25,HBL,250.0,253.5,254.5,241.0,257789,stock
2024-07-28,HBL,258.5,278.8,278.8,258.5,401317,stock
2024-07-29,HBL,284.3,276.0,299.0,273.0,403882,stock
2024-07-30,HBL,275.0,270.0,276.0,260.0,265681,stock
2024-07-31,HBL,269.8,272.0,276.0,266.0,185777,stock
2024-08-01,HBL,275.0,266.0,276.0,264.0,169849,stock
2024-08-05,HBL,270.0,260.0,272.0,257.8,299670,stock
2024-08-06,HBL,259.9,236.3,260.0,235.5,275813,stock
2024-08-07,HBL,240.0,243.0,247.0,233.0,143516,stock
2024-08-08,HBL,247.0,242.0,251.9,241.0,138115,stock
2024-08-11,HBL,246.0,257.6,260.0,242.0,260303,stock
2024-08-12,HBL,262.0,266.1,272.3,262.0,251891,stock
2024-08-13,HBL,270.0,266.0,271.0,261.0,186361,stock
2024-08-14,HBL,266.0,266.9,267.0,258.0,158425,stock
2024-08-15,HBL,266.9,289.0,293.5,266.9,584117,stock
2024-08-18,HBL,289.0,298.8,312.1,289.0,638621,stock
2024-08-21,HBL,304.0,302.0,310.0,288.0,425259,stock
2024-08-22,HBL,307.0,300.0,310.0,294.5,265872,stock
2024-08-25,HBL,303.0,286.3,303.0,285.0,265181,stock
2024-08-27,HBL,281.0,267.0,281.0,266.1,306650,stock
2024-08-28,HBL,272.0,267.0,283.0,261.7,173325,stock
2024-08-29,HBL,272.0,261.0,272.0,256.0,101801,stock
2024-09-01,HBL,256.0,254.1,271.3,254.0,126122,stock
2024-09-02,HBL,259.0,272.0,273.3,250.1,205405,stock
2024-09-03,HBL,275.0,270.0,280.0,265.1,105689,stock
2024-09-04,HBL,275.0,257.0,275.0,246.9,157253,stock
2024-09-05,HBL,259.5,258.0,266.3,248.0,148034,stock
2024-09-08,HBL,263.1,251.0,265.9,250.0,113480,stock
2024-09-09,HBL,251.0,249.8,254.0,242.5,122679,stock
2024-09-10,HBL,250.0,246.0,255.0,244.0,92420,stock
2024-09-11,HBL,246.0,245.9,249.0,242.2,67152,stock
2024-09-12,HBL,250.8,251.3,251.4,242.2,69379,stock
2024-09-15,HBL,253.0,247.0,258.0,246.3,107738,stock
2024-09-16,HBL,245.0,240.6,248.0,240.1,59798,stock
2024-09-18,HBL,244.0,240.0,247.0,238.6,131212,stock
2024-09-22,HBL,240.0,247.0,249.0,240.0,72775,stock
2024-09-23,HBL,251.9,245.0,251.9,242.0,99561,stock
2024-09-24,HBL,243.5,242.0,248.2,239.0,72513,stock
2024-09-25,HBL,242.0,246.0,246.8,238.0,97519,stock
2024-09-26,HBL,246.0,241.8,249.8,239.3,49182,stock
2024-09-29,HBL,244.0,240.0,245.0,239.3,46758,stock
2024-09-30,HBL,240.0,245.0,245.0,240.0,43206,stock
2024-10-01,HBL,247.1,254.6,255.0,244.2,146838,stock
2024-10-02,HBL,259.0,250.0,259.0,246.2,69748,stock
2024-10-06,HBL,250.0,257.0,257.4,248.0,60056,stock
2024-10-07,HBL,257.0,259.9,263.0,257.0,99084,stock
2024-10-08,HBL,260.0,257.6,264.8,256.0,60120,stock
2024-10-09,HBL,252.7,261.5,262.0,252.7,44262,stock
2024-10-15,HBL,261.0,274.0,274.0,261.0,83124,stock
2024-10-16,HBL,279.4,277.0,280.0,273.5,95074,stock
2024-10-17,HBL,282.5,278.8,284.5,271.0,196132,stock
2024-10-20,HBL,275.0,275.0,286.0,270.2,214843,stock
2024-10-21,HBL,274.0,267.0,274.9,266.0,96297,stock
2024-10-22,HBL,265.0,273.0,274.0,264.1,84499,stock
2024-10-23,HBL,267.6,261.9,270.5,259.5,188103,stock
2024-10-24,HBL,264.9,254.0,264.9,252.4,79229,stock
2024-10-27,HBL,258.0,250.0,258.0,247.0,74606,stock
2024-10-28,HBL,255.0,249.0,255.0,248.0,81412,stock
2024-10-29,HBL,253.9,256.1,257.0,251.0,92277,stock
2024-10-30,HBL,261.0,253.0,261.0,252.1,42818,stock
2024-11-05,HBL,252.0,252.0,258.0,250.0,36012,stock
2024-11-06,HBL,256.0,251.0,256.0,250.0,45315,stock
2024-11-10,HBL,255.0,259.0,259.0,252.0,88527,stock
2024-11-11,HBL,259.0,260.9,267.0,257.1,97224,stock
2024-11-12,HBL,261.2,262.0,266.0,259.0,62438,stock
2024-11-13,HBL,258.0,256.0,261.9,255.0,41799,stock
2024-11-14,HBL,261.1,262.0,263.0,250.0,125488,stock
2024-11-17,HBL,265.0,259.0,265.1,258.1,78793,stock
2024-11-19,HBL,260.0,259.9,263.0,255.5,109169,stock
2024-11-20,HBL,260.0,256.0,260.1,255.0,40329,stock
2024-11-21,HBL,257.0,254.0,257.0,252.3,60610,stock
2024-11-24,HBL,259.0,252.0,259.0,250.0,50060,stock
2024-11-25,HBL,257.0,252.0,257.0,249.5,25522,stock
2024-11-26,HBL,257.0,255.6,257.0,250.8,50325,stock
2024-11-27,HBL,256.0,256.0,261.0,255.0,76768,stock
2024-11-28,HBL,257.0,259.6,264.0,256.1,84663,stock
2024-12-01,HBL,264.7,258.0,264.7,252.0,59246,stock
2024-12-02,HBL,263.1,256.3,263.1,251.4,86175,stock
2024-12-03,HBL,261.4,253.8,261.4,251.0,67438,stock
2024-12-04,HBL,253.8,250.0,256.0,249.0,48581,stock
2024-12-05,HBL,245.0,250.0,254.0,245.0,55975,stock
2024-12-08,HBL,254.9,245.2,254.9,241.6,64583,stock
2024-12-09,HBL,240.3,241.8,250.0,240.3,40618,stock
2024-12-10,HBL,237.0,239.8,245.0,237.0,29822,stock
2024-12-11,HBL,244.5,248.0,248.0,235.0,39926,stock
2024-12-12,HBL,252.9,247.0,252.9,241.0,28762,stock
2024-12-16,HBL,248.0,239.9,250.0,239.0,36159,stock
2024-12-17,HBL,238.0,240.0,242.0,236.0,41553,stock
2024-12-18,HBL,240.0,236.0,241.8,235.6,43424,stock
2024-12-19,HBL,232.0,232.0,239.8,230.5,63726,stock
2024-12-22,HBL,227.4,229.0,232.0,226.0,51171,stock
2024-12-23,HBL,229.0,234.0,234.0,228.0,39514,stock
2024-12-24,HBL,229.4,237.0,237.0,229.4,39695,stock
2024-12-26,HBL,233.0,241.9,247.0,232.0,82325,stock
2024-12-29,HBL,242.0,239.1,245.0,237.0,50005,stock
2024-12-31,HBL,234.4,239.0,240.5,234.4,43032,stock
2025-01-01,HBL,236.0,238.0,240.0,235.0,23755,stock
2025-01-02,HBL,235.0,242.0,242.0,234.1,32859,stock
2025-01-05,HBL,237.2,240.0,240.0,237.2,48522,stock
2025-01-06,HBL,236.1,242.9,243.0,236.1,38448,stock
2025-01-07,HBL,240.0,241.9,242.0,239.0,33053,stock
2025-01-08,HBL,246.7,240.8,246.7,238.0,21201,stock
2025-01-09,HBL,240.7,239.8,241.4,234.0,46824,stock
2025-01-12,HBL,244.5,239.0,244.5,236.0,13059,stock
2025-01-13,HBL,239.9,233.6,239.9,232.0,20331,stock
2025-01-15,HBL,233.6,232.7,235.0,227.6,32959,stock
2025-01-16,HBL,236.0,229.6,236.0,224.7,67113,stock
2025-01-19,HBL,225.1,227.9,229.4,225.0,20980,stock
2025-01-20,HBL,230.0,227.0,234.5,225.4,29215,stock
2025-01-21,HBL,225.6,227.0,229.0,223.0,20167,stock
2025-01-22,HBL,223.1,229.0,235.0,222.5,63623,stock
2025-01-23,HBL,232.0,229.0,233.0,221.0,66296,stock
2025-01-26,HBL,227.7,224.0,227.7,221.0,28132,stock
2025-01-27,HBL,228.0,223.0,228.0,221.0,37967,stock
2025-01-28,HBL,222.9,223.0,224.0,220.1,62008,stock
2025-02-02,HBL,219.0,237.3,237.3,219.0,89930,stock
2025-02-03,HBL,237.0,234.0,241.3,234.0,95737,stock
2025-02-04,HBL,232.3,232.2,238.0,231.0,42350,stock
2025-02-05,HBL,229.1,232.0,236.0,229.1,29232,stock
2025-02-06,HBL,233.0,232.0,234.0,228.0,42283,stock
2025-02-09,HBL,227.4,231.7,233.0,227.4,40057,stock
2025-02-10,HBL,231.6,228.7,232.0,226.0,36233,stock
2025-02-11,HBL,224.2,227.9,230.5,224.2,23245,stock
2025-02-12,HBL,227.3,226.1,231.0,224.0,43126,stock
2025-02-13,HBL,226.1,226.1,228.0,223.9,35149,stock
2025-02-16,HBL,228.0,231.0,232.0,225.0,49866,stock
2025-02-17,HBL,231.0,237.5,239.0,230.9,63404,stock
2025-02-18,HBL,241.8,237.8,242.2,233.5,34238,stock
2025-02-20,HBL,238.0,235.6,239.0,234.0,50714,stock
2025-02-23,HBL,231.0,237.9,243.0,226.5,94609,stock
2025-02-24,HBL,233.2,237.9,243.6,233.2,47156,stock
2025-02-25,HBL,242.0,236.0,242.0,233.3,44532,stock
2025-02-27,HBL,240.7,250.0,250.8,240.7,217800,stock
2025-03-02,HBL,255.0,254.1,258.0,251.4,118646,stock
2025-03-03,HBL,259.1,248.0,259.1,245.0,119094,stock
2025-03-04,HBL,252.9,246.1,252.9,245.0,219869,stock
2025-03-05,HBL,242.3,243.2,247.9,242.0,133436,stock
2025-03-06,HBL,248.0,244.9,248.0,241.2,50984,stock
2025-03-09,HBL,242.2,242.4,244.0,241.0,51706,stock
2025-03-10,HBL,245.0,238.8,245.0,237.7,34471,stock
2025-03-11,HBL,240.9,239.0,255.5,235.0,60859,stock
2025-03-12,HBL,236.2,241.0,258.0,236.1,44719,stock
2025-03-16,HBL,245.7,239.0,245.7,236.2,44568,stock
2025-03-17,HBL,235.0,237.0,243.6,235.0,29255,stock
2025-03-18,HBL,241.7,237.8,241.7,234.1,33406,stock
2025-03-19,HBL,234.1,237.0,256.0,234.1,62110,stock
2025-03-20,HBL,236.0,235.79,237.9,234.3,59337,stock
2025-03-23,HBL,235.5,232.94,236.5,230.0,57240,stock
2025-03-24,HBL,229.3,234.42,235.6,229.3,25860,stock
2025-03-25,HBL,231.0,230.25,232.0,229.8,27566,stock
2025-03-26,HBL,226.5,232.82,234.5,226.5,39852,stock
2025-03-27,HBL,237.4,234.59,237.4,232.7,31463,stock
2025-03-30,HBL,234.5,237.98,241.9,234.5,84069,stock
2025-04-01,HBL,235.0,233.23,239.0,231.6,33602,stock
2025-04-02,HBL,237.8,235.01,238.0,229.5,57567,stock
2025-04-03,HBL,236.0,238.92,257.0,231.3,72614,stock
2025-04-07,HBL,241.0,236.9,241.0,234.0,41007,stock
2025-04-08,HBL,233.0,238.92,240.0,230.1,97962,stock
2025-04-09,HBL,243.0,235.28,243.0,234.0,40070,stock
2025-04-10,HBL,230.9,234.32,237.0,230.9,51849,stock
2025-04-13,HBL,231.5,231.07,238.0,230.0,40805,stock
2025-04-15,HBL,235.0,233.01,239.0,232.0,37690,stock
2025-04-16,HBL,237.0,232.38,237.6,230.3,42385,stock
2025-04-17,HBL,233.0,237.79,239.0,233.0,72607,stock
2025-04-20,HBL,233.1,233.62,236.0,230.8,67924,stock
2025-04-21,HBL,229.0,229.15,233.9,228.3,62257,stock
2025-04-22,HBL,233.0,225.47,233.0,225.0,54447,stock
2025-04-23,HBL,224.0,221.43,227.0,220.1,61545,stock
2025-04-24,HBL,222.0,225.04,236.5,219.5,74528,stock
2025-04-27,HBL,225.04,225.25,228.2,220.0,104862,stock
2025-04-28,HBL,228.9,219.38,229.0,218.0,40629,stock
2025-04-29,HBL,220.0,216.35,221.1,215.5,83748,stock
2025-04-30,HBL,215.5,215.05,216.1,212.1,80923,stock
2025-05-04,HBL,215.5,216.26,220.3,211.3,53522,stock
2025-05-05,HBL,216.26,215.09,218.9,214.1,22873,stock
2025-05-06,HBL,215.0,214.23,218.0,214.0,41525,stock
2025-05-07,HBL,218.0,223.89,230.9,210.8,63816,stock
2025-05-08,HBL,227.0,220.32,227.0,215.3,46503,stock
2025-05-11,HBL,216.0,217.13,224.7,215.7,49540,stock
2025-05-13,HBL,221.0,216.66,223.0,216.0,49964,stock
2025-05-14,HBL,217.0,216.9,219.0,215.2,134870,stock
2025-05-15,HBL,221.2,215.05,221.2,210.0,28513,stock
2025-05-18,HBL,213.0,213.79,216.0,213.0,134731,stock
2025-05-19,HBL,217.0,216.69,219.8,212.0,27441,stock
2025-05-20,HBL,213.0,222.77,228.0,213.0,37576,stock
2025-05-21,HBL,227.2,222.33,235.0,222.0,109585,stock
2025-05-22,HBL,224.0,231.23,232.5,220.3,172087,stock
2025-05-25,HBL,231.0,229.7,233.8,225.1,131205,stock
2025-05-26,HBL,234.2,228.3,238.0,225.0,111719,stock
2025-05-27,HBL,225.0,231.09,232.4,224.0,47755,stock
2025-05-28,HBL,234.0,236.25,239.0,228.0,91764,stock
2025-06-02,HBL,237.0,230.77,237.7,226.2,105438,stock
2025-06-03,HBL,234.9,224.22,234.9,222.6,91110,stock
2025-06-04,HBL,219.8,224.98,246.0,219.5,89010,stock
2025-06-05,HBL,223.1,221.98,246.8,220.4,77160,stock
2025-06-08,HBL,222.0,219.7,225.0,215.1,91179,stock
2025-06-09,HBL,219.7,218.4,220.0,216.2,63035,stock
2025-06-10,HBL,219.0,221.37,224.0,218.0,110386,stock
2025-06-11,HBL,224.9,220.4,228.9,219.0,38844,stock
2025-06-12,HBL,224.0,220.15,224.9,219.0,37740,stock
2025-06-15,HBL,220.0,219.43,222.0,218.0,150377,stock
2025-06-16,HBL,217.1,219.58,221.0,217.1,29582,stock
2025-06-17,HBL,221.0,218.0,222.8,216.2,41425,stock
2025-06-18,HBL,215.0,216.32,219.3,214.7,73499,stock
2025-06-19,HBL,220.6,215.29,220.6,215.0,51276,stock
2025-06-22,HBL,215.0,214.31,223.0,212.1,41914,stock
2025-06-23,HBL,211.0,213.16,218.3,211.0,28107,stock
2025-06-24,HBL,213.6,214.33,217.9,212.1,30098,stock
2025-06-25,HBL,217.0,213.41,217.0,213.0,24124,stock
2025-06-26,HBL,212.0,213.05,215.0,212.0,30544,stock
2025-06-29,HBL,215.0,218.69,219.3,213.0,64547,stock
2025-06-30,HBL,218.0,217.05,221.9,216.5,11301,stock
2025-07-01,HBL,216.0,223.46,227.4,216.0,80574,stock
2025-07-02,HBL,223.0,224.86,225.6,220.6,73146,stock
2025-07-03,HBL,229.3,223.04,229.3,220.4,67336,stock
2025-07-06,HBL,226.0,222.04,227.5,220.0,43206,stock
2025-07-07,HBL,223.0,219.93,224.0,216.0,117039,stock
2025-07-08,HBL,220.0,220.64,222.0,215.9,72379,stock
2025-07-09,HBL,221.0,223.46,230.0,216.3,120054,stock
2025-07-10,HBL,223.0,228.72,235.0,223.0,206935,stock
2025-07-13,HBL,233.2,234.72,242.0,230.0,333991,stock
2025-07-14,HBL,238.9,228.6,238.9,227.0,131774,stock
2025-07-15,HBL,233.1,233.05,234.0,226.4,84776,stock
2025-07-16,HBL,237.7,237.3,241.9,230.3,514356,stock
2025-07-17,HBL,241.0,248.56,261.0,236.0,407528,stock
2025-07-20,HBL,250.0,244.55,255.0,243.6,319717,stock
2025-07-21,HBL,245.0,248.1,255.0,241.1,244277,stock
2025-07-22,HBL,250.0,249.98,252.0,246.1,326382,stock
2025-07-23,HBL,245.0,249.55,254.8,245.0,217897,stock
2025-07-24,HBL,249.6,245.72,250.7,245.0,100215,stock
2025-07-27,HBL,248.2,238.95,248.3,238.5,200360,stock
2025-07-28,HBL,239.6,237.74,249.0,229.4,305519,stock
2025-07-29,HBL,242.0,241.78,250.9,237.5,362259,stock
2025-07-30,HBL,246.0,238.13,246.0,237.7,127551,stock
2025-07-31,HBL,236.0,233.36,239.0,233.0,94880,stock
2025-08-03,HBL,238.0,227.16,238.0,226.7,71440,stock
2025-08-04,HBL,227.0,232.99,239.8,225.1,90076,stock
2025-08-05,HBL,236.0,228.55,239.8,228.2,49397,stock
2025-08-06,HBL,232.0,228.92,232.0,228.2,32132,stock
2025-08-07,HBL,233.0,228.44,233.0,228.0,45870,stock
2025-08-11,HBL,225.0,226.1,237.2,225.0,41959,stock
2025-08-12,HBL,224.5,221.07,225.0,219.4,104854,stock
2025-08-13,HBL,220.0,217.55,221.3,217.0,66853,stock
2025-08-14,HBL,217.0,216.11,219.9,214.0,53565,stock
2025-08-17,HBL,214.4,213.44,218.0,213.0,57487,stock
2025-08-18,HBL,213.0,213.81,216.4,212.4,54658,stock
2025-08-19,HBL,216.8,216.12,217.5,213.5,46548,stock
2025-08-20,HBL,217.0,214.23,217.8,212.1,30520,stock
2025-08-21,HBL,218.0,213.02,218.0,211.0,59211,stock
2025-08-24,HBL,214.0,210.03,214.0,209.0,86346,stock
2025-08-25,HBL,212.0,210.16,213.0,208.0,38734,stock
2025-08-26,HBL,214.0,208.48,214.0,207.7,63587,stock
2025-08-27,HBL,212.6,211.27,212.6,207.9,74048,stock
2025-08-28,HBL,213.0,209.59,213.0,207.5,80057,stock
2025-08-31,HBL,209.59,205.24,210.8,203.5,98290,stock
2025-09-01,HBL,209.3,206.09,209.3,202.0,71529,stock
2025-09-02,HBL,202.0,202.43,206.0,198.0,480490,stock
2025-09-03,HBL,204.0,202.56,204.2,200.1,175909,stock
2025-09-04,HBL,200.0,203.83,206.7,200.0,119713,stock
2025-09-07,HBL,200.0,202.38,203.5,200.0,155852,stock
2025-09-08,HBL,200.0,200.55,203.0,200.0,116012,stock
2025-09-18,HBL,196.6,187.0,196.6,186.3,13981,stock
2025-09-21,HBL,184.0,198.29,204.0,184.0,138336,stock
2025-09-23,HBL,198.0,200.1,201.0,198.0,81131,stock
2025-09-24,HBL,196.2,198.7,200.0,196.2,60114,stock
2025-09-25,HBL,194.8,201.5,201.9,194.8,60322,stock
2025-09-28,HBL,201.0,203.8,203.8,199.1,63549,stock
2025-10-07,HBL,203.8,201.9,203.8,199.9,60463,stock
2025-10-08,HBL,200.0,198.0,201.0,196.1,53301,stock
2025-10-09,HBL,201.0,200.0,207.9,198.1,77343,stock
2025-10-12,HBL,198.0,198.0,199.0,192.4,107237,stock
2025-10-13,HBL,198.0,197.9,198.0,195.0,44259,stock
2025-10-14,HBL,196.0,196.9,198.0,195.1,38479,stock
2025-10-15,HBL,195.0,194.0,198.9,194.0,44924,stock
2025-10-16,HBL,194.0,194.8,196.0,192.1,34884,stock
2025-10-19,HBL,194.0,199.0,199.9,192.0,54531,stock
2025-10-26,HBL,195.1,198.7,198.8,192.0,22809,stock
2025-10-28,HBL,194.8,201.6,202.2,194.8,74637,stock
2025-10-29,HBL,198.3,198.9,203.0,198.3,63281,stock
2025-10-30,HBL,199.0,199.5,200.7,197.2,43901,stock
2025-11-02,HBL,199.0,200.0,202.4,198.0,72555,stock
2025-11-03,HBL,198.0,199.0,202.0,197.0,49743,stock
2025-11-04,HBL,197.0,199.0,199.0,197.0,67980,stock
2025-11-05,HBL,196.5,199.0,200.0,196.3,50104,stock
2025-11-06,HBL,195.1,200.0,202.7,195.1,84074,stock
2025-11-09,HBL,204.0,193.5,204.0,192.8,69290,stock
2025-11-10,HBL,193.0,193.0,195.0,190.6,150598,stock
2025-11-11,HBL,190.1,193.4,193.4,190.1,36302,stock
2025-11-12,HBL,191.0,190.3,192.0,189.8,95427,stock
2025-11-13,HBL,189.8,189.0,191.0,186.3,103061,stock
2025-11-16,HBL,186.0,187.8,188.0,186.0,45026,stock
2025-11-17,HBL,187.0,186.9,190.0,184.3,44806,stock
2025-11-18,HBL,185.0,187.2,189.5,185.0,42111,stock
2025-11-19,HBL,190.9,186.6,190.9,185.9,53277,stock
2025-11-20,HBL,185.9,187.9,190.0,185.9,70636,stock
2025-11-23,HBL,186.0,188.3,190.0,185.3,39605,stock
2025-11-24,HBL,184.6,192.9,193.3,184.6,77323,stock
2025-11-25,HBL,193.0,192.9,196.0,190.1,68073,stock
2025-11-26,HBL,190.0,193.0,195.8,189.3,113085,stock
2025-11-27,HBL,193.0,198.9,200.0,190.2,101590,stock
2025-11-30,HBL,195.0,196.5,198.5,193.3,73933,stock
2025-12-01,HBL,193.0,196.5,203.0,190.4,92905,stock
2025-12-02,HBL,194.0,193.9,194.9,192.7,36363,stock
2025-12-03,HBL,193.0,190.6,194.9,190.0,47380,stock
2025-12-07,HBL,190.0,187.7,190.2,186.9,89161,stock
2025-12-08,HBL,186.3,186.8,188.0,186.0,49847,stock
2025-12-09,HBL,186.8,187.8,188.4,184.0,77438,stock
2025-12-10,HBL,185.0,187.0,189.8,185.0,59137,stock
2025-12-11,HBL,185.0,187.1,188.1,185.0,44937,stock
2025-12-14,HBL,187.1,186.6,189.0,185.3,51940,stock
2025-12-15,HBL,186.0,187.5,189.0,185.6,103967,stock
2025-12-16,HBL,186.0,188.7,189.9,186.0,54014,stock
2025-12-17,HBL,188.7,187.2,190.0,186.8,57684,stock
2025-12-18,HBL,190.9,187.9,190.9,187.1,72071,stock
2025-12-21,HBL,191.6,187.1,191.6,186.5,69777,stock
2025-12-22,HBL,187.0,187.1,187.9,186.0,47707,stock
2025-12-23,HBL,186.0,186.6,188.0,185.5,58725,stock
2025-12-24,HBL,186.0,187.9,188.7,185.0,52856,stock
2025-12-28,HBL,186.0,191.9,191.9,186.0,82306,stock
2025-12-29,HBL,191.9,189.1,192.9,188.4,68558,stock
2025-12-31,HBL,189.0,190.6,192.0,187.0,42947,stock
2026-01-01,HBL,187.0,190.5,190.6,187.0,87568,stock
2026-01-04,HBL,188.0,190.1,191.5,187.2,100490,stock
2026-01-05,HBL,186.3,190.8,192.0,186.3,54088,stock
2026-01-06,HBL,190.8,190.7,193.7,188.0,114369,stock
2026-01-07,HBL,186.9,189.8,191.6,186.9,47883,stock
2026-01-08,HBL,189.0,190.1,191.0,187.7,96293,stock
2026-01-12,HBL,190.1,190.0,193.8,187.6,120983,stock
2026-01-13,HBL,187.1,190.0,191.6,187.1,83806,stock
2026-01-14,HBL,193.0,190.0,193.0,187.5,52988,stock
2026-01-18,HBL,188.0,192.0,192.0,188.0,78760,stock
2026-01-20,HBL,193.0,194.6,195.0,191.1,128298,stock
2026-01-21,HBL,195.0,193.9,197.0,192.0,85335,stock
2026-01-22,HBL,191.0,193.8,194.0,191.0,57526,stock
2026-01-25,HBL,192.0,198.5,198.5,192.0,113192,stock
2026-01-26,HBL,198.5,198.0,202.3,195.5,177144,stock
2026-01-27,HBL,198.0,193.7,200.2,193.6,105271,stock
2026-01-28,HBL,192.0,193.0,197.8,190.3,82923,stock
2026-01-29,HBL,195.0,193.9,195.0,190.1,112991,stock
2026-02-01,HBL,192.0,191.9,193.0,190.4,68331,stock
2026-02-02,HBL,188.1,188.8,191.0,188.1,68648,stock
2026-02-03,HBL,187.0,189.0,190.0,187.0,44736,stock
2026-02-04,HBL,186.0,189.0,191.0,186.0,94517,stock
2026-02-05,HBL,187.0,190.0,190.0,187.0,80635,stock
2026-02-08,HBL,190.0,189.8,192.5,188.9,101487,stock
2026-02-09,HBL,188.8,188.2,190.0,187.0,100260,stock
2026-02-10,HBL,188.0,188.5,189.0,187.2,81485,stock
2026-02-11,HBL,186.0,189.9,193.8,186.0,136358,stock
2026-02-12,HBL,188.0,190.0,191.0,188.0,68377,stock
2026-02-16,HBL,190.0,188.5,190.5,188.0,55564,stock
2026-02-17,HBL,185.0,188.6,190.0,185.0,74582,stock
2026-02-22,HBL,188.0,186.9,189.0,185.5,60032,stock
2026-02-23,HBL,184.4,186.0,187.5,184.4,44160,stock
2026-02-24,HBL,185.5,187.6,189.0,185.5,37752,stock
2026-02-25,HBL,187.0,187.5,189.9,187.0,39655,stock
2026-02-26,HBL,191.2,188.5,191.2,187.4,52592,stock
2026-03-01,HBL,189.0,191.4,191.7,186.0,83135,stock
2026-03-03,HBL,195.2,196.1,197.6,188.0,96785,stock
2026-03-09,HBL,200.0,212.0,212.1,200.0,2792,stock
2026-03-10,HBL,216.2,212.8,220.5,206.0,497301,stock
2026-03-11,HBL,213.0,207.0,214.9,205.9,180713,stock
2026-03-12,HBL,211.1,216.3,217.0,205.0,311114,stock
2026-03-15,HBL,216.0,217.0,219.9,214.0,308398,stock
2026-03-16,HBL,215.0,211.9,216.0,210.0,121248,stock
2026-03-17,HBL,210.0,217.0,218.8,206.0,182724,stock
2026-03-19,HBL,217.0,225.8,230.4,217.0,543241,stock
2026-03-22,HBL,230.3,234.2,237.0,229.0,568194,stock
2026-03-23,HBL,235.0,232.0,237.0,228.6,285064,stock
2026-03-24,HBL,236.6,231.9,236.6,229.0,205436,stock
2026-03-25,HBL,227.5,226.1,231.9,226.0,159094,stock
2026-03-26,HBL,223.0,228.5,229.0,222.0,170739,stock
2026-03-29,HBL,230.0,219.0,230.0,218.1,300854,stock
2026-03-30,HBL,221.0,211.9,221.0,210.0,289156,stock
2026-03-31,HBL,208.0,214.7,216.0,207.8,161902,stock
2026-04-01,HBL,218.0,208.9,218.0,206.8,145294,stock
2026-04-02,HBL,208.0,207.5,211.9,205.0,115804,stock
2026-04-05,HBL,205.0,198.0,207.0,197.0,233747,stock
2026-04-06,HBL,198.0,208.9,209.9,198.0,184639,stock
2026-04-07,HBL,210.0,206.2,212.0,205.2,95783,stock
2026-04-08,HBL,205.2,209.2,209.9,205.0,96297,stock
2026-04-09,HBL,211.0,212.0,214.2,208.0,148030,stock
2026-04-10,HBL,211.0,210.2,213.0,208.1,91913,stock
2026-04-13,HBL,210.0,208.5,212.5,208.0,119698,stock
2026-04-15,HBL,204.4,215.0,216.0,204.4,142604,stock
2026-04-16,HBL,215.0,213.5,217.0,211.2,119447,stock
2026-04-17,HBL,210.0,213.0,213.3,209.1,79588,stock
2026-04-20,HBL,213.0,211.2,213.0,209.0,50010,stock
2026-04-21,HBL,211.0,208.8,211.0,208.1,54692,stock
2026-04-22,HBL,208.8,206.0,210.0,203.1,108744,stock
2026-04-23,HBL,206.0,209.0,209.9,204.5,68265,stock
2026-04-24,HBL,204.0,206.4,209.9,204.0,32258,stock
2026-04-27,HBL,203.0,207.1,208.1,203.0,46633,stock
2026-04-28,HBL,207.1,206.8,210.0,203.0,135988,stock
2026-04-29,HBL,206.8,202.9,206.8,200.0,58366,stock
2026-04-30,HBL,202.9,202.0,204.9,200.0,51271,stock
2026-05-04,HBL,202.0,200.1,204.0,199.9,43935,stock
2026-05-05,HBL,200.0,202.5,203.0,197.3,57044,stock
2026-05-06,HBL,202.5,200.8,204.9,200.1,29562,stock
2026-05-07,HBL,200.1,204.8,204.8,200.0,32152,stock
2026-05-08,HBL,200.0,205.0,205.0,200.0,39652,stock
2026-05-11,HBL,205.5,208.0,209.0,205.0,66664,stock
2026-05-12,HBL,208.0,203.9,210.0,203.0,36045,stock
2026-05-13,HBL,203.0,203.7,205.0,201.7,30178,stock
2026-05-14,HBL,203.0,203.7,203.7,202.0,26926,stock
2026-05-15,HBL,201.5,203.9,203.9,201.1,28410,stock
2026-05-18,HBL,203.9,203.9,205.0,202.0,21361,stock
2026-05-19,HBL,202.0,202.1,205.0,201.0,23295,stock
2026-05-20,HBL,201.5,203.5,204.5,200.1,27534,stock
2026-05-21,HBL,203.6,204.8,204.8,202.1,27662,stock
2026-05-22,HBL,204.8,203.0,206.0,200.0,68976,stock
2026-05-25,HBL,202.0,206.0,207.0,200.8,60732,stock
2026-05-26,HBL,202.0,204.9,207.0,199.9,264075,stock
2026-05-27,HBL,202.1,204.9,204.9,202.1,42132,stock
2026-06-01,HBL,200.0,200.5,204.0,200.0,56188,stock
2026-06-02,HBL,200.0,201.2,203.0,200.0,48899,stock
2026-06-03,HBL,200.0,200.6,202.1,200.0,55348,stock
2026-06-04,HBL,200.0,201.0,202.0,200.0,42303,stock
2026-06-05,HBL,201.0,201.0,202.0,200.0,54217,stock
2026-06-08,HBL,200.0,200.4,201.9,199.4,33623,stock
2026-06-09,HBL,202.0,201.0,202.0,198.0,42099,stock
2026-06-10,HBL,195.0,199.0,203.8,195.0,31083,stock
2026-06-11,HBL,199.0,198.5,201.0,198.0,34989,stock
2026-06-12,HBL,197.6,198.1,199.5,197.1,22061,stock
2026-06-15,HBL,200.0,197.1,202.0,196.8,36992,stock
2026-06-16,HBL,197.2,197.1,199.0,197.0,26019,stock
2026-06-17,HBL,187.3,197.0,199.5,187.3,41380,stock
2026-06-18,HBL,196.0,196.0,197.9,195.2,18322,stock
2026-06-19,HBL,196.0,196.0,198.0,196.0,17160,stock
2026-06-22,HBL,186.2,195.5,200.0,186.2,34276,stock
2026-06-23,HBL,200.0,195.9,200.0,193.0,50965,stock
2026-06-24,HBL,205.6,193.8,205.6,191.3,48449,stock
2026-06-25,HBL,191.1,194.9,195.0,191.1,27396,stock
2026-06-26,HBL,193.0,193.0,195.5,192.1,25765,stock
2026-06-29,HBL,193.0,192.7,193.0,191.1,22982,stock
2026-06-30,HBL,192.0,191.1,193.0,191.0,25063,stock
2026-07-01,HBL,190.0,194.0,196.2,190.0,30343,stock
2026-07-02,HBL,194.0,200.0,223.0,194.0,48210,stock
2026-07-03,HBL,200.0,198.3,200.0,197.0,26139,stock
2026-07-06,HBL,198.3,196.5,198.3,192.1,34660,stock
2026-07-07,HBL,196.0,200.0,200.0,193.0,40248,stock
2026-07-08,HBL,200.0,196.0,200.0,193.1,47539,stock
2026-07-09,HBL,191.1,194.0,196.9,191.1,29763,stock
2026-07-10,HBL,190.0,192.8,197.0,190.0,42614,stock
2026-07-13,HBL,192.8,190.8,193.0,189.6,60904,stock
2026-07-14,HBL,195.0,191.8,195.0,188.9,20,stock
2026-07-15,HBL,190.0,193.0,198.7,190.0,27955,stock
2026-07-16,HBL,193.0,194.5,197.0,191.0,24590,stock
2026-07-17,HBL,192.5,199.5,200.3,192.0,30,stock
2026-07-20,HBL,190.0,200.7,202.2,190.0,28825,stock
2026-07-21,HBL,200.0,202.0,202.5,198.2,74503,stock
2026-07-22,HBL,199.2,200.9,202.4,198.0,29548,stock
2026-07-23,HBL,200.0,202.8,203.0,194.0,44740,stock
2026-07-24,HBL,192.7,206.0,216.4,192.7,144301,stock
2026-07-27,HBL,206.0,201.9,210.0,201.4,92763,stock
2026-07-28,HBL,201.9,200.8,205.0,199.0,45079,stock
2026-07-29,HBL,200.8,198.0,201.9,198.0,49632,stock
2026-07-30,HBL,188.1,199.0,202.0,188.1,33687,stock
2026-07-31,HBL,197.0,202.0,216.0,195.8,61738,stock
2026-08-03,HBL,192.5,202.9,206.0,192.5,86099,stock
2026-08-04,HBL,202.0,200.0,204.9,198.0,50421,stock
2026-08-05,HBL,200.0,197.3,200.0,196.5,42244,stock
2026-08-06,HBL,187.5,194.9,199.0,187.5,146075,stock
2026-08-07,HBL,194.0,194.8,197.0,193.0,33399,stock
2026-08-10,HBL,194.0,194.8,196.0,193.1,45300,stock
2026-08-11,HBL,190.0,194.0,197.0,190.0,57231,stock
2026-08-12,HBL,194.0,195.0,201.0,193.4,118391,stock
2026-08-13,HBL,193.3,195.0,197.8,192.0,42981,stock
2026-08-14,HBL,200.0,194.8,200.0,192.5,47292,stock
2026-08-17,HBL,194.0,193.9,194.8,190.0,88824,stock
2026-08-18,HBL,195.0,192.9,195.0,190.0,60814,stock
2026-08-19,HBL,196.0,191.5,196.0,189.2,24983,stock
2026-08-20,HBL,192.0,191.4,193.0,190.0,21684,stock
2026-08-21,HBL,192.0,191.4,192.0,188.5,59408,stock
2026-08-24,HBL,192.0,189.8,192.0,188.5,36563,stock
2026-08-25,HBL,189.8,190.0,191.0,188.0,40866,stock
2026-08-26,HBL,190.0,189.5,190.0,186.0,37365,stock
2026-08-27,HBL,189.0,188.7,190.9,185.0,43589,stock
2026-08-31,HBL,187.0,186.8,188.0,185.4,43451,stock
2026-09-01,HBL,185.5,186.8,188.0,185.5,36459,stock
2026-09-02,HBL,186.0,187.5,188.9,183.0,71755,stock
2026-09-03,HBL,185.0,187.6,187.9,184.0,34664,stock
2026-09-07,HBL,188.0,189.0,189.0,186.0,78585,stock
2026-09-09,HBL,188.0,186.0,188.0,185.1,44416,stock
2026-09-10,HBL,187.0,185.2,188.0,185.0,51294,stock
2026-09-11,HBL,185.2,188.0,188.0,185.0,49771,stock
2026-09-14,HBL,188.0,190.0,191.0,187.0,39261,stock
2026-09-15,HBL,195.0,195.1,205.0,193.0,111185,stock
2026-09-16,HBL,190.0,193.9,199.8,190.0,70051,stock
2026-09-17,HBL,196.0,194.4,197.9,193.7,45993,stock
2026-09-18,HBL,194.0,198.0,199.5,192.7,108485,stock
2026-09-22,HBL,198.0,200.0,202.0,197.0,116095,stock
2026-09-23,HBL,190.0,197.0,201.9,190.0,61761,stock
2026-09-24,HBL,195.0,195.5,196.9,192.0,73193,stock
2026-09-28,HBL,195.5,194.2,195.5,192.5,98702,stock
2026-09-29,HBL,193.0,193.9,195.0,190.0,54342,stock
2026-09-30,HBL,190.0,193.1,195.6,190.0,27740,stock
2026-10-01,HBL,193.0,193.3,195.9,190.8,54941,stock
2026-10-02,HBL,192.0,191.3,194.0,191.1,33995,stock
2026-10-05,HBL,191.3,191.2,192.0,190.0,46511,stock
2026-10-06,HBL,191.0,193.2,196.0,190.5,26099,stock
2026-10-07,HBL,193.0,193.3,194.0,192.1,63571,stock
2026-10-08,HBL,193.2,192.9,194.0,192.1,28626,stock
