time,symbol,open,close,high,low,volume,category
2016-07-12,HIDCL,0.0,359.0,359.0,328.0,29034,stock
2016-07-13,HIDCL,359.0,394.0,394.0,366.0,36508,stock
2016-07-14,HIDCL,384.0,433.0,433.0,384.0,383111,stock
2016-07-17,HIDCL,433.0,476.0,476.0,424.0,279518,stock
2016-07-18,HIDCL,476.0,455.0,501.0,441.0,165946,stock
2016-07-19,HIDCL,464.0,427.0,464.0,421.0,139774,stock
2016-07-20,HIDCL,432.0,400.0,432.0,400.0,107322,stock
2016-07-21,HIDCL,400.0,410.0,430.0,402.0,49398,stock
2016-07-25,HIDCL,410.0,430.0,432.0,405.0,45118,stock
2016-07-26,HIDCL,430.0,430.0,449.0,422.0,53932,stock
2016-07-27,HIDCL,430.0,425.0,435.0,418.0,42012,stock
2016-07-28,HIDCL,425.0,416.0,425.0,415.0,20633,stock
2016-07-31,HIDCL,416.0,412.0,420.0,410.0,30489,stock
2016-08-01,HIDCL,412.0,408.0,417.0,407.0,38734,stock
2016-08-02,HIDCL,408.0,405.0,416.0,400.0,42066,stock
2016-08-03,HIDCL,405.0,403.0,410.0,400.0,40746,stock
2016-08-04,HIDCL,403.0,391.0,417.0,389.0,51130,stock
2016-08-07,HIDCL,391.0,390.0,410.0,390.0,45554,stock
2016-08-08,HIDCL,390.0,369.0,387.0,369.0,29440,stock
2016-08-09,HIDCL,376.0,395.0,397.0,376.0,16573,stock
2016-08-10,HIDCL,400.0,388.0,402.0,385.0,44128,stock
2016-08-11,HIDCL,390.0,390.0,392.0,383.0,34904,stock
2016-08-14,HIDCL,385.0,362.0,390.0,358.0,49307,stock
2016-08-15,HIDCL,366.0,344.0,366.0,338.0,36829,stock
2016-08-16,HIDCL,338.0,350.0,355.0,336.0,36420,stock
2016-08-17,HIDCL,350.0,355.0,357.0,345.0,33053,stock
2016-08-21,HIDCL,355.0,346.0,356.0,344.0,14759,stock
2016-08-22,HIDCL,340.0,329.0,341.0,326.0,30973,stock
2016-08-23,HIDCL,325.0,325.0,330.0,319.0,29800,stock
2016-08-24,HIDCL,325.0,335.0,339.0,325.0,20017,stock
2016-08-28,HIDCL,336.0,331.0,346.0,330.0,16833,stock
2016-08-29,HIDCL,333.0,326.0,334.0,321.0,25024,stock
2016-08-30,HIDCL,326.0,331.0,338.0,326.0,28564,stock
2016-08-31,HIDCL,332.0,325.0,333.0,320.0,18569,stock
2016-09-01,HIDCL,328.0,325.0,328.0,320.0,19977,stock
2016-09-04,HIDCL,325.0,320.0,325.0,317.0,18682,stock
2016-09-05,HIDCL,320.0,324.0,324.0,312.0,20849,stock
2016-09-06,HIDCL,318.0,320.0,326.0,316.0,23174,stock
2016-09-07,HIDCL,314.0,321.0,325.0,314.0,13664,stock
2016-09-08,HIDCL,320.0,324.0,329.0,317.0,22517,stock
2016-09-11,HIDCL,319.0,316.0,330.0,315.0,28696,stock
2016-09-12,HIDCL,315.0,313.0,319.0,311.0,31672,stock
2016-09-14,HIDCL,312.0,305.0,314.0,303.0,33290,stock
2016-09-18,HIDCL,310.0,305.0,315.0,303.0,28671,stock
2016-09-20,HIDCL,308.0,299.0,306.0,298.0,22726,stock
2016-09-21,HIDCL,302.0,301.0,303.0,295.0,29742,stock
2016-09-22,HIDCL,302.0,300.0,307.0,296.0,22034,stock
2016-09-25,HIDCL,302.0,300.0,307.0,296.0,22034,stock
2016-09-26,HIDCL,299.0,298.0,300.0,295.0,20918,stock
2016-09-27,HIDCL,298.0,300.0,303.0,295.0,45477,stock
2016-09-28,HIDCL,295.0,301.0,301.0,295.0,19123,stock
2016-09-29,HIDCL,301.0,297.0,302.0,297.0,24587,stock
2016-10-02,HIDCL,300.0,308.0,310.0,295.0,10053,stock
2016-10-03,HIDCL,303.0,305.0,311.0,301.0,7688,stock
2016-10-04,HIDCL,306.0,300.0,309.0,297.0,12183,stock
2016-10-05,HIDCL,300.0,300.0,304.0,299.0,11360,stock
2016-10-06,HIDCL,304.0,300.0,305.0,298.0,16601,stock
2016-10-16,HIDCL,296.0,299.0,303.0,295.0,16068,stock
2016-10-17,HIDCL,298.0,299.0,300.0,292.0,8452,stock
2016-10-18,HIDCL,299.0,300.0,300.0,291.0,12086,stock
2016-10-19,HIDCL,302.0,297.0,303.0,294.0,20664,stock
2016-10-20,HIDCL,300.0,298.0,299.0,296.0,16334,stock
2016-10-23,HIDCL,300.0,300.0,300.0,294.0,17264,stock
2016-10-24,HIDCL,295.0,296.0,299.0,293.0,6900,stock
2016-10-25,HIDCL,299.0,293.0,299.0,284.0,10061,stock
2016-10-26,HIDCL,290.0,283.0,291.0,281.0,14748,stock
2016-10-27,HIDCL,283.0,286.0,287.0,280.0,13510,stock
2016-11-03,HIDCL,285.0,284.0,286.0,280.0,3562,stock
2016-11-07,HIDCL,285.0,280.0,285.0,278.0,9702,stock
2016-11-08,HIDCL,280.0,284.0,285.0,278.0,15000,stock
2016-11-09,HIDCL,284.0,275.0,289.0,271.0,22637,stock
2016-11-10,HIDCL,275.0,282.0,292.0,275.0,24708,stock
2016-11-13,HIDCL,280.0,277.0,281.0,270.0,23973,stock
2016-11-14,HIDCL,276.0,279.0,284.0,268.0,21791,stock
2016-11-15,HIDCL,278.0,281.0,281.0,272.0,43991,stock
2016-11-16,HIDCL,282.0,283.0,290.0,277.0,20539,stock
2016-11-17,HIDCL,278.0,278.0,280.0,273.0,18364,stock
2016-11-20,HIDCL,277.0,272.0,282.0,265.0,24936,stock
2016-11-21,HIDCL,277.0,274.0,277.0,260.0,13058,stock
2016-11-22,HIDCL,271.0,275.0,279.0,269.0,27376,stock
2016-11-23,HIDCL,275.0,272.0,278.0,270.0,10423,stock
2016-11-24,HIDCL,273.0,269.0,275.0,260.0,13798,stock
2016-11-27,HIDCL,264.0,257.0,264.0,248.0,13181,stock
2016-11-28,HIDCL,257.0,257.0,257.0,236.0,13709,stock
2016-11-29,HIDCL,262.0,260.0,265.0,250.0,13035,stock
2016-11-30,HIDCL,265.0,265.0,270.0,260.0,13682,stock
2016-12-01,HIDCL,270.0,267.0,273.0,255.0,28307,stock
2016-12-04,HIDCL,267.0,261.0,268.0,256.0,23562,stock
2016-12-05,HIDCL,261.0,258.0,264.0,251.0,7517,stock
2016-12-06,HIDCL,258.0,259.0,260.0,250.0,7627,stock
2016-12-07,HIDCL,259.0,260.0,264.0,255.0,7991,stock
2016-12-08,HIDCL,255.0,251.0,257.0,249.0,6283,stock
2016-12-11,HIDCL,251.0,251.0,252.0,248.0,15506,stock
2016-12-12,HIDCL,251.0,250.0,252.0,244.0,8927,stock
2016-12-14,HIDCL,250.0,250.0,253.0,245.0,5816,stock
2016-12-15,HIDCL,250.0,253.0,255.0,245.0,8147,stock
2016-12-18,HIDCL,250.0,249.0,252.0,247.0,5913,stock
2016-12-19,HIDCL,251.0,245.0,253.0,245.0,14559,stock
2016-12-20,HIDCL,246.0,242.0,246.0,237.0,5947,stock
2016-12-21,HIDCL,241.0,238.0,241.0,234.0,14245,stock
2016-12-22,HIDCL,234.0,238.0,241.0,234.0,15147,stock
2016-12-26,HIDCL,238.0,225.0,238.0,225.0,8283,stock
2016-12-27,HIDCL,229.0,222.0,229.0,219.0,14116,stock
2016-12-28,HIDCL,224.0,223.0,227.0,216.0,20996,stock
2016-12-29,HIDCL,223.0,226.0,227.0,222.0,19211,stock
2017-01-01,HIDCL,228.0,227.0,232.0,224.0,25955,stock
2017-01-02,HIDCL,231.0,229.0,235.0,224.0,13338,stock
2017-01-03,HIDCL,230.0,228.0,232.0,224.0,10266,stock
2017-01-04,HIDCL,228.0,226.0,232.0,222.0,4710,stock
2017-01-05,HIDCL,227.0,223.0,228.0,222.0,9327,stock
2017-01-08,HIDCL,224.0,220.0,224.0,219.0,17194,stock
2017-01-09,HIDCL,223.0,222.0,224.0,220.0,8076,stock
2017-01-10,HIDCL,222.0,224.0,226.0,221.0,10500,stock
2017-01-11,HIDCL,224.0,228.0,229.0,221.0,8740,stock
2017-01-12,HIDCL,224.0,224.0,228.0,223.0,8031,stock
2017-01-15,HIDCL,224.0,225.0,226.0,223.0,13424,stock
2017-01-16,HIDCL,224.0,222.0,226.0,220.0,6113,stock
2017-01-17,HIDCL,220.0,222.0,230.0,219.0,9206,stock
2017-01-18,HIDCL,221.0,221.0,225.0,220.0,13628,stock
2017-01-19,HIDCL,225.0,220.0,225.0,220.0,8139,stock
2017-01-22,HIDCL,220.0,220.0,225.0,220.0,14419,stock
2017-01-23,HIDCL,220.0,219.0,222.0,218.0,13617,stock
2017-01-24,HIDCL,217.0,218.0,220.0,215.0,10942,stock
2017-01-25,HIDCL,219.0,211.0,219.0,210.0,5407,stock
2017-01-26,HIDCL,210.0,201.0,211.0,200.0,10929,stock
2017-01-30,HIDCL,205.0,196.0,209.0,195.0,4776,stock
2017-01-31,HIDCL,195.0,200.0,204.0,192.0,10171,stock
2017-02-01,HIDCL,200.0,214.0,214.0,190.0,193980,stock
2017-02-02,HIDCL,218.0,201.0,222.0,200.0,37939,stock
2017-02-05,HIDCL,205.0,198.0,208.0,195.0,44526,stock
2017-02-06,HIDCL,201.0,195.0,201.0,194.0,35319,stock
2017-02-07,HIDCL,198.0,193.0,199.0,191.0,45932,stock
2017-02-08,HIDCL,194.0,192.0,203.0,188.0,27062,stock
2017-02-09,HIDCL,192.0,186.0,195.0,186.0,41582,stock
2017-02-12,HIDCL,187.0,183.0,190.0,182.0,24596,stock
2017-02-13,HIDCL,180.0,187.0,188.0,179.0,11578,stock
2017-02-14,HIDCL,189.0,190.0,190.0,183.0,12310,stock
2017-02-15,HIDCL,190.0,192.0,195.0,186.0,14656,stock
2017-02-16,HIDCL,189.0,194.0,196.0,187.0,22651,stock
2017-02-19,HIDCL,195.0,193.0,196.0,189.0,22076,stock
2017-02-20,HIDCL,196.0,193.0,200.0,189.0,23968,stock
2017-02-21,HIDCL,196.0,194.0,196.0,192.0,14751,stock
2017-02-22,HIDCL,197.0,191.0,200.0,188.0,8747,stock
2017-02-23,HIDCL,190.0,193.0,193.0,186.0,15424,stock
2017-02-26,HIDCL,190.0,188.0,193.0,185.0,12241,stock
2017-02-28,HIDCL,185.0,188.0,191.0,184.0,9290,stock
2017-03-01,HIDCL,185.0,190.0,192.0,185.0,9066,stock
2017-03-02,HIDCL,188.0,190.0,190.0,186.0,10018,stock
2017-03-05,HIDCL,187.0,194.0,195.0,186.0,12980,stock
2017-03-06,HIDCL,191.0,195.0,199.0,191.0,14352,stock
2017-03-07,HIDCL,194.0,193.0,195.0,190.0,5221,stock
2017-03-09,HIDCL,192.0,191.0,195.0,188.0,8036,stock
2017-03-13,HIDCL,188.0,192.0,193.0,188.0,3704,stock
2017-03-14,HIDCL,189.0,189.0,193.0,188.0,8449,stock
2017-03-15,HIDCL,188.0,192.0,195.0,185.0,8089,stock
2017-03-16,HIDCL,192.0,194.0,195.0,192.0,4591,stock
2017-03-19,HIDCL,194.0,195.0,195.0,192.0,5845,stock
2017-03-20,HIDCL,195.0,199.0,202.0,195.0,80792,stock
2017-03-21,HIDCL,198.0,205.0,205.0,198.0,18415,stock
2017-03-22,HIDCL,205.0,210.0,219.0,203.0,29752,stock
2017-03-23,HIDCL,210.0,208.0,212.0,202.0,11022,stock
2017-03-26,HIDCL,208.0,215.0,220.0,208.0,19926,stock
2017-03-28,HIDCL,215.0,231.0,235.0,215.0,33691,stock
2017-03-29,HIDCL,231.0,227.0,243.0,225.0,43206,stock
2017-03-30,HIDCL,227.0,223.0,230.0,219.0,29275,stock
2017-04-02,HIDCL,225.0,234.0,235.0,223.0,2837,stock
2017-04-03,HIDCL,239.0,227.0,256.0,227.0,33826,stock
2017-04-04,HIDCL,223.0,224.0,231.0,218.0,26160,stock
2017-04-06,HIDCL,224.0,218.0,225.0,217.0,13207,stock
2017-04-09,HIDCL,222.0,222.0,225.0,215.0,13034,stock
2017-04-10,HIDCL,222.0,224.0,225.0,218.0,8311,stock
2017-04-11,HIDCL,225.0,224.0,225.0,219.0,13906,stock
2017-04-12,HIDCL,220.0,220.0,230.0,219.0,22368,stock
2017-04-13,HIDCL,215.0,218.0,223.0,212.0,11327,stock
2017-04-16,HIDCL,214.0,217.0,221.0,214.0,9327,stock
2017-04-18,HIDCL,217.0,209.0,217.0,208.0,10670,stock
2017-04-19,HIDCL,208.0,212.0,218.0,208.0,10706,stock
2017-04-20,HIDCL,212.0,212.0,218.0,210.0,10259,stock
2017-04-23,HIDCL,216.0,217.0,228.0,216.0,19489,stock
2017-04-24,HIDCL,215.0,215.0,220.0,213.0,7878,stock
2017-04-25,HIDCL,215.0,210.0,215.0,210.0,6658,stock
2017-04-26,HIDCL,210.0,211.0,214.0,210.0,11309,stock
2017-04-27,HIDCL,210.0,210.0,213.0,210.0,8707,stock
2017-04-30,HIDCL,209.0,215.0,216.0,209.0,9421,stock
2017-05-02,HIDCL,211.0,211.0,213.0,210.0,5402,stock
2017-05-03,HIDCL,210.0,212.0,216.0,210.0,7383,stock
2017-05-04,HIDCL,210.0,210.0,215.0,209.0,8192,stock
2017-05-07,HIDCL,212.0,209.0,214.0,209.0,9208,stock
2017-05-08,HIDCL,208.0,209.0,210.0,208.0,4687,stock
2017-05-09,HIDCL,209.0,210.0,213.0,206.0,13468,stock
2017-05-11,HIDCL,211.0,215.0,218.0,210.0,17070,stock
2017-05-15,HIDCL,215.0,211.0,220.0,209.0,10617,stock
2017-05-16,HIDCL,208.0,209.0,210.0,208.0,13642,stock
2017-05-17,HIDCL,211.0,216.0,216.0,209.0,24992,stock
2017-05-18,HIDCL,216.0,213.0,215.0,210.0,8684,stock
2017-05-21,HIDCL,210.0,210.0,213.0,207.0,15792,stock
2017-05-22,HIDCL,209.0,210.0,212.0,207.0,9806,stock
2017-05-23,HIDCL,208.0,208.0,213.0,207.0,10447,stock
2017-05-24,HIDCL,208.0,211.0,211.0,207.0,11348,stock
2017-05-28,HIDCL,207.0,209.0,210.0,207.0,11732,stock
2017-05-30,HIDCL,207.0,206.0,209.0,205.0,11133,stock
2017-05-31,HIDCL,206.0,207.0,210.0,204.0,10490,stock
2017-06-01,HIDCL,208.0,205.0,209.0,205.0,6772,stock
2017-06-04,HIDCL,204.0,205.0,207.0,200.0,8067,stock
2017-06-05,HIDCL,205.0,207.0,217.0,201.0,10116,stock
2017-06-06,HIDCL,209.0,210.0,214.0,207.0,9069,stock
2017-06-07,HIDCL,210.0,208.0,211.0,207.0,8243,stock
2017-06-08,HIDCL,204.0,204.0,208.0,202.0,12652,stock
2017-06-11,HIDCL,208.0,201.0,208.0,196.0,15794,stock
2017-06-12,HIDCL,197.0,201.0,205.0,196.0,13283,stock
2017-06-13,HIDCL,200.0,200.0,202.0,196.0,8527,stock
2017-06-14,HIDCL,200.0,199.0,205.0,198.0,9275,stock
2017-06-15,HIDCL,202.0,200.0,202.0,197.0,13595,stock
2017-06-18,HIDCL,200.0,197.0,200.0,194.0,8776,stock
2017-06-19,HIDCL,197.0,193.0,198.0,193.0,11597,stock
2017-06-20,HIDCL,190.0,193.0,196.0,189.0,9376,stock
2017-06-21,HIDCL,190.0,196.0,200.0,190.0,10391,stock
2017-06-22,HIDCL,195.0,195.0,199.0,195.0,4933,stock
2017-06-25,HIDCL,192.0,198.0,199.0,192.0,4918,stock
2017-06-27,HIDCL,199.0,197.0,199.0,195.0,7643,stock
2017-06-28,HIDCL,194.0,195.0,198.0,193.0,3029,stock
2017-07-02,HIDCL,196.0,195.0,198.0,190.0,13821,stock
2017-07-03,HIDCL,194.0,193.0,198.0,192.0,6510,stock
2017-07-04,HIDCL,193.0,193.0,193.0,190.0,5320,stock
2017-07-05,HIDCL,193.0,193.0,196.0,191.0,6548,stock
2017-07-06,HIDCL,193.0,199.0,199.0,190.0,24434,stock
2017-07-09,HIDCL,199.0,197.0,202.0,192.0,23216,stock
2017-07-10,HIDCL,195.0,196.0,196.0,192.0,15012,stock
2017-07-11,HIDCL,194.0,197.0,197.0,194.0,3524,stock
2017-07-12,HIDCL,195.0,193.0,195.0,191.0,8745,stock
2017-07-13,HIDCL,190.0,197.0,197.0,190.0,131416,stock
2017-07-16,HIDCL,196.0,195.0,196.0,193.0,5966,stock
2017-07-17,HIDCL,195.0,197.0,198.0,195.0,10345,stock
2017-07-18,HIDCL,200.0,201.0,204.0,195.0,133581,stock
2017-07-19,HIDCL,198.0,200.0,204.0,198.0,17772,stock
2017-07-20,HIDCL,197.0,198.0,201.0,194.0,11183,stock
2017-07-23,HIDCL,195.0,195.0,196.0,193.0,15373,stock
2017-07-24,HIDCL,193.0,194.0,196.0,193.0,17002,stock
2017-07-25,HIDCL,192.0,193.0,195.0,192.0,4309,stock
2017-07-26,HIDCL,192.0,193.0,194.0,192.0,11280,stock
2017-07-27,HIDCL,193.0,194.0,195.0,191.0,6470,stock
2017-07-30,HIDCL,195.0,192.0,195.0,191.0,6376,stock
2017-07-31,HIDCL,189.0,195.0,196.0,189.0,25079,stock
2017-08-01,HIDCL,195.0,195.0,198.0,192.0,14918,stock
2017-08-02,HIDCL,195.0,194.0,195.0,192.0,3254,stock
2017-08-03,HIDCL,194.0,192.0,196.0,192.0,11875,stock
2017-08-06,HIDCL,192.0,193.0,194.0,189.0,15005,stock
2017-08-07,HIDCL,190.0,190.0,193.0,190.0,7369,stock
2017-08-09,HIDCL,190.0,189.0,192.0,188.0,10954,stock
2017-08-10,HIDCL,186.0,190.0,192.0,186.0,54669,stock
2017-08-13,HIDCL,193.0,193.0,193.0,187.0,13061,stock
2017-08-15,HIDCL,193.0,189.0,193.0,188.0,14028,stock
2017-08-16,HIDCL,190.0,188.0,191.0,180.0,12165,stock
2017-08-17,HIDCL,188.0,185.0,190.0,183.0,20201,stock
2017-08-20,HIDCL,185.0,183.0,191.0,182.0,8786,stock
2017-08-21,HIDCL,185.0,184.0,187.0,182.0,6878,stock
2017-08-22,HIDCL,181.0,185.0,190.0,181.0,13376,stock
2017-08-23,HIDCL,183.0,183.0,185.0,182.0,11297,stock
2017-08-24,HIDCL,183.0,188.0,188.0,183.0,21321,stock
2017-08-27,HIDCL,188.0,183.0,186.0,180.0,11247,stock
2017-08-28,HIDCL,183.0,184.0,188.0,180.0,13806,stock
2017-08-30,HIDCL,181.0,183.0,186.0,178.0,9954,stock
2017-08-31,HIDCL,183.0,180.0,184.0,180.0,14266,stock
2017-09-04,HIDCL,181.0,179.0,183.0,178.0,8635,stock
2017-09-06,HIDCL,179.0,183.0,184.0,176.0,11595,stock
2017-09-07,HIDCL,180.0,179.0,183.0,178.0,14173,stock
2017-09-10,HIDCL,179.0,180.0,180.0,174.0,9682,stock
2017-09-11,HIDCL,178.0,175.0,180.0,173.0,15549,stock
2017-09-12,HIDCL,173.0,172.0,175.0,171.0,11525,stock
2017-09-13,HIDCL,171.0,172.0,175.0,167.0,8941,stock
2017-09-14,HIDCL,171.0,175.0,177.0,171.0,5667,stock
2017-09-17,HIDCL,178.0,180.0,183.0,172.0,12139,stock
2017-09-18,HIDCL,183.0,180.0,183.0,177.0,6749,stock
2017-09-20,HIDCL,182.0,185.0,185.0,175.0,10125,stock
2017-09-24,HIDCL,182.0,182.0,184.0,181.0,5196,stock
2017-09-25,HIDCL,185.0,180.0,185.0,180.0,8135,stock
2017-09-26,HIDCL,177.0,180.0,183.0,177.0,4650,stock
2017-10-03,HIDCL,181.0,178.0,181.0,178.0,587,stock
2017-10-04,HIDCL,178.0,180.0,181.0,177.0,1758,stock
2017-10-08,HIDCL,177.0,180.0,180.0,172.0,8290,stock
2017-10-09,HIDCL,182.0,179.0,182.0,177.0,3985,stock
2017-10-10,HIDCL,178.0,178.0,180.0,176.0,3665,stock
2017-10-11,HIDCL,175.0,177.0,182.0,173.0,4787,stock
2017-10-12,HIDCL,174.0,178.0,182.0,174.0,12975,stock
2017-10-15,HIDCL,179.0,181.0,181.0,176.0,5282,stock
2017-10-16,HIDCL,179.0,183.0,183.0,177.0,5572,stock
2017-10-17,HIDCL,183.0,182.0,183.0,180.0,1373,stock
2017-10-18,HIDCL,179.0,183.0,183.0,178.0,6680,stock
2017-10-22,HIDCL,186.0,183.0,186.0,180.0,5530,stock
2017-10-23,HIDCL,183.0,180.0,183.0,179.0,16993,stock
2017-10-24,HIDCL,180.0,185.0,190.0,177.0,31003,stock
2017-10-25,HIDCL,185.0,183.0,186.0,183.0,23915,stock
2017-10-29,HIDCL,186.0,181.0,186.0,181.0,10439,stock
2017-10-30,HIDCL,179.0,183.0,184.0,179.0,8833,stock
2017-10-31,HIDCL,183.0,186.0,187.0,183.0,25164,stock
2017-11-01,HIDCL,185.0,196.0,196.0,185.0,36856,stock
2017-11-02,HIDCL,196.0,193.0,196.0,188.0,26318,stock
2017-11-05,HIDCL,190.0,188.0,190.0,184.0,8057,stock
2017-11-06,HIDCL,188.0,185.0,190.0,181.0,37966,stock
2017-11-07,HIDCL,185.0,182.0,186.0,181.0,24092,stock
2017-11-08,HIDCL,180.0,180.0,181.0,178.0,6888,stock
2017-11-09,HIDCL,179.0,179.0,181.0,173.0,6429,stock
2017-11-12,HIDCL,179.0,179.0,182.0,178.0,24126,stock
2017-11-13,HIDCL,180.0,180.0,181.0,176.0,13124,stock
2017-11-14,HIDCL,180.0,184.0,184.0,179.0,25690,stock
2017-11-15,HIDCL,181.0,182.0,185.0,177.0,17272,stock
2017-11-16,HIDCL,182.0,180.0,182.0,179.0,12197,stock
2017-11-19,HIDCL,180.0,177.0,180.0,177.0,13884,stock
2017-11-20,HIDCL,177.0,179.0,179.0,177.0,4741,stock
2017-11-21,HIDCL,176.0,177.0,179.0,176.0,15132,stock
2017-11-22,HIDCL,177.0,177.0,178.0,176.0,10675,stock
2017-11-23,HIDCL,177.0,178.0,180.0,177.0,11463,stock
2017-11-26,HIDCL,178.0,179.0,185.0,178.0,7347,stock
2017-11-27,HIDCL,182.0,181.0,182.0,179.0,39992,stock
2017-11-28,HIDCL,181.0,185.0,185.0,181.0,19330,stock
2017-11-29,HIDCL,185.0,186.0,187.0,183.0,14021,stock
2017-11-30,HIDCL,189.0,186.0,189.0,182.0,7991,stock
2017-12-04,HIDCL,183.0,181.0,184.0,180.0,9488,stock
2017-12-05,HIDCL,179.0,185.0,185.0,179.0,3315,stock
2017-12-06,HIDCL,182.0,185.0,186.0,182.0,10272,stock
2017-12-10,HIDCL,188.0,181.0,188.0,180.0,6844,stock
2017-12-11,HIDCL,180.0,181.0,184.0,180.0,12289,stock
2017-12-12,HIDCL,181.0,180.0,181.0,179.0,4110,stock
2017-12-13,HIDCL,180.0,180.0,182.0,180.0,9538,stock
2017-12-14,HIDCL,182.0,179.0,183.0,179.0,2007,stock
2017-12-17,HIDCL,180.0,181.0,182.0,179.0,2870,stock
2017-12-18,HIDCL,180.0,181.0,182.0,179.0,12023,stock
2017-12-19,HIDCL,180.0,178.0,182.0,178.0,8838,stock
2017-12-20,HIDCL,179.0,180.0,181.0,177.0,23674,stock
2017-12-21,HIDCL,180.0,179.0,180.0,178.0,4424,stock
2017-12-24,HIDCL,179.0,180.0,181.0,178.0,14550,stock
2017-12-26,HIDCL,180.0,177.0,180.0,175.0,19399,stock
2017-12-27,HIDCL,177.0,173.0,177.0,168.0,11549,stock
2017-12-28,HIDCL,170.0,169.0,174.0,169.0,6145,stock
2017-12-31,HIDCL,166.0,170.0,171.0,166.0,7498,stock
2018-01-01,HIDCL,170.0,173.0,173.0,168.0,5846,stock
2018-01-02,HIDCL,173.0,170.0,174.0,170.0,6256,stock
2018-01-03,HIDCL,170.0,168.0,174.0,168.0,6303,stock
2018-01-04,HIDCL,168.0,170.0,170.0,167.0,11902,stock
2018-01-07,HIDCL,168.0,170.0,171.0,168.0,2909,stock
2018-01-08,HIDCL,171.0,172.0,172.0,167.0,3712,stock
2018-01-09,HIDCL,172.0,168.0,173.0,168.0,5071,stock
2018-01-10,HIDCL,168.0,168.0,170.0,168.0,5085,stock
2018-01-14,HIDCL,167.0,168.0,171.0,164.0,12212,stock
2018-01-16,HIDCL,168.0,170.0,170.0,165.0,7234,stock
2018-01-17,HIDCL,170.0,167.0,170.0,166.0,1431,stock
2018-01-21,HIDCL,167.0,166.0,167.0,165.0,4425,stock
2018-01-22,HIDCL,167.0,164.0,167.0,164.0,5789,stock
2018-01-23,HIDCL,163.0,167.0,167.0,163.0,2845,stock
2018-01-24,HIDCL,165.0,167.0,167.0,165.0,1199,stock
2018-01-25,HIDCL,167.0,164.0,168.0,162.0,5003,stock
2018-01-28,HIDCL,165.0,165.0,168.0,164.0,6493,stock
2018-01-29,HIDCL,165.0,162.0,165.0,160.0,45030,stock
2018-01-31,HIDCL,160.0,164.0,165.0,160.0,3363,stock
2018-02-01,HIDCL,164.0,168.0,169.0,162.0,5978,stock
2018-02-04,HIDCL,165.0,167.0,170.0,165.0,3216,stock
2018-02-05,HIDCL,169.0,165.0,169.0,164.0,7220,stock
2018-02-06,HIDCL,165.0,165.0,166.0,163.0,2579,stock
2018-02-07,HIDCL,163.0,163.0,165.0,163.0,3546,stock
2018-02-08,HIDCL,160.0,163.0,164.0,160.0,2522,stock
2018-02-11,HIDCL,166.0,163.0,166.0,163.0,3282,stock
2018-02-12,HIDCL,163.0,166.0,168.0,163.0,5376,stock
2018-02-14,HIDCL,164.0,165.0,165.0,162.0,2459,stock
2018-02-15,HIDCL,165.0,167.0,169.0,165.0,3154,stock
2018-02-18,HIDCL,169.0,165.0,171.0,165.0,3381,stock
2018-02-20,HIDCL,166.0,168.0,168.0,164.0,4060,stock
2018-02-21,HIDCL,165.0,165.0,167.0,163.0,9371,stock
2018-02-22,HIDCL,162.0,163.0,164.0,162.0,15214,stock
2018-02-25,HIDCL,160.0,163.0,165.0,160.0,4447,stock
2018-02-26,HIDCL,161.0,163.0,163.0,161.0,5759,stock
2018-02-27,HIDCL,161.0,166.0,166.0,161.0,6332,stock
2018-02-28,HIDCL,166.0,163.0,166.0,160.0,5026,stock
2018-03-04,HIDCL,160.0,157.0,161.0,150.0,23142,stock
2018-03-06,HIDCL,154.0,156.0,159.0,148.0,16763,stock
2018-03-07,HIDCL,157.0,156.0,159.0,154.0,7300,stock
2018-03-11,HIDCL,156.0,154.0,157.0,147.0,15664,stock
2018-03-12,HIDCL,154.0,150.0,156.0,149.0,7732,stock
2018-03-13,HIDCL,150.0,152.0,155.0,150.0,3889,stock
2018-03-14,HIDCL,150.0,153.0,154.0,150.0,1891,stock
2018-03-15,HIDCL,153.0,153.0,157.0,150.0,9713,stock
2018-03-18,HIDCL,152.0,152.0,155.0,151.0,7326,stock
2018-03-19,HIDCL,151.0,151.0,153.0,150.0,10949,stock
2018-03-20,HIDCL,149.0,148.0,150.0,145.0,14484,stock
2018-03-21,HIDCL,147.0,146.0,147.0,144.0,6365,stock
2018-03-22,HIDCL,148.0,146.0,149.0,140.0,10432,stock
2018-03-26,HIDCL,144.0,142.0,144.0,135.0,7292,stock
2018-03-27,HIDCL,140.0,146.0,146.0,137.0,15621,stock
2018-03-28,HIDCL,145.0,143.0,145.0,142.0,4322,stock
2018-03-29,HIDCL,141.0,143.0,145.0,139.0,6407,stock
2018-04-01,HIDCL,144.0,135.0,144.0,135.0,37639,stock
2018-04-02,HIDCL,134.0,139.0,141.0,134.0,1785,stock
2018-04-03,HIDCL,138.0,142.0,142.0,137.0,9529,stock
2018-04-04,HIDCL,144.0,145.0,145.0,142.0,1976,stock
2018-04-05,HIDCL,145.0,146.0,146.0,143.0,5613,stock
2018-04-08,HIDCL,148.0,153.0,154.0,145.0,23754,stock
2018-04-09,HIDCL,156.0,148.0,158.0,148.0,25028,stock
2018-04-10,HIDCL,148.0,149.0,151.0,147.0,19414,stock
2018-04-11,HIDCL,151.0,150.0,151.0,146.0,1992,stock
2018-04-12,HIDCL,151.0,149.0,151.0,148.0,4993,stock
2018-04-15,HIDCL,149.0,148.0,151.0,146.0,5620,stock
2018-04-16,HIDCL,150.0,148.0,153.0,147.0,7468,stock
2018-04-17,HIDCL,148.0,162.0,162.0,148.0,34216,stock
2018-04-18,HIDCL,165.0,170.0,178.0,157.0,58604,stock
2018-04-19,HIDCL,173.0,171.0,179.0,168.0,63451,stock
2018-04-22,HIDCL,170.0,178.0,180.0,169.0,38482,stock
2018-04-23,HIDCL,181.0,171.0,181.0,168.0,37464,stock
2018-04-24,HIDCL,168.0,168.0,174.0,163.0,15495,stock
2018-04-25,HIDCL,165.0,162.0,170.0,162.0,13284,stock
2018-04-26,HIDCL,159.0,164.0,165.0,159.0,17201,stock
2018-04-29,HIDCL,162.0,165.0,165.0,158.0,7292,stock
2018-05-02,HIDCL,165.0,171.0,171.0,160.0,8923,stock
2018-05-03,HIDCL,172.0,166.0,172.0,166.0,15297,stock
2018-05-06,HIDCL,167.0,170.0,170.0,162.0,8955,stock
2018-05-07,HIDCL,167.0,165.0,167.0,162.0,15006,stock
2018-05-08,HIDCL,166.0,166.0,170.0,162.0,14020,stock
2018-05-09,HIDCL,166.0,165.0,169.0,163.0,4798,stock
2018-05-10,HIDCL,165.0,165.0,168.0,162.0,5212,stock
2018-05-14,HIDCL,167.0,168.0,170.0,165.0,28108,stock
2018-05-15,HIDCL,169.0,166.0,169.0,166.0,2835,stock
2018-05-16,HIDCL,167.0,164.0,167.0,164.0,2567,stock
2018-05-17,HIDCL,163.0,165.0,169.0,162.0,6471,stock
2018-05-20,HIDCL,165.0,164.0,171.0,163.0,3423,stock
2018-05-21,HIDCL,163.0,168.0,168.0,163.0,4935,stock
2018-05-22,HIDCL,170.0,165.0,170.0,164.0,7817,stock
2018-05-23,HIDCL,165.0,164.0,165.0,162.0,2150,stock
2018-05-24,HIDCL,164.0,162.0,165.0,161.0,6203,stock
2018-05-27,HIDCL,162.0,162.0,164.0,159.0,7787,stock
2018-05-28,HIDCL,162.0,168.0,168.0,160.0,5783,stock
2018-05-29,HIDCL,171.0,165.0,171.0,161.0,5689,stock
2018-05-30,HIDCL,163.0,167.0,167.0,163.0,2459,stock
2018-05-31,HIDCL,168.0,163.0,168.0,162.0,2671,stock
2018-06-03,HIDCL,160.0,162.0,162.0,156.0,8276,stock
2018-06-04,HIDCL,159.0,160.0,162.0,156.0,3979,stock
2018-06-06,HIDCL,162.0,162.0,165.0,162.0,329,stock
2018-06-07,HIDCL,163.0,158.0,163.0,157.0,7627,stock
2018-06-10,HIDCL,162.0,157.0,162.0,156.0,4111,stock
2018-06-11,HIDCL,158.0,155.0,161.0,155.0,6424,stock
2018-06-12,HIDCL,155.0,161.0,161.0,154.0,9378,stock
2018-06-13,HIDCL,158.0,160.0,160.0,154.0,7631,stock
2018-06-14,HIDCL,158.0,160.0,162.0,158.0,11463,stock
2018-06-17,HIDCL,159.0,157.0,160.0,156.0,3523,stock
2018-06-18,HIDCL,157.0,158.0,158.0,155.0,3411,stock
2018-06-19,HIDCL,158.0,157.0,158.0,154.0,5394,stock
2018-06-20,HIDCL,156.0,156.0,160.0,156.0,5612,stock
2018-06-21,HIDCL,156.0,158.0,159.0,155.0,7130,stock
2018-06-24,HIDCL,155.0,159.0,159.0,155.0,5141,stock
2018-06-25,HIDCL,159.0,154.0,160.0,154.0,4710,stock
2018-06-26,HIDCL,152.0,152.0,156.0,152.0,10442,stock
2018-06-27,HIDCL,152.0,156.0,158.0,151.0,4890,stock
2018-06-28,HIDCL,156.0,153.0,156.0,153.0,1621,stock
2018-07-01,HIDCL,168.0,167.0,168.0,162.0,9505,stock
2018-07-02,HIDCL,150.0,149.0,152.0,145.0,21338,stock
2018-07-03,HIDCL,148.0,153.0,155.0,148.0,7654,stock
2018-07-04,HIDCL,153.0,152.0,153.0,150.0,10380,stock
2018-07-05,HIDCL,153.0,158.0,158.0,151.0,6018,stock
2018-07-08,HIDCL,158.0,155.0,160.0,152.0,7306,stock
2018-07-09,HIDCL,156.0,152.0,156.0,150.0,10910,stock
2018-07-10,HIDCL,154.0,150.0,154.0,150.0,14751,stock
2018-07-11,HIDCL,150.0,153.0,156.0,150.0,2516,stock
2018-07-12,HIDCL,150.0,153.0,153.0,149.0,4603,stock
2018-07-15,HIDCL,153.0,157.0,157.0,150.0,11618,stock
2018-07-16,HIDCL,154.0,155.0,157.0,150.0,22791,stock
2018-07-17,HIDCL,155.0,154.0,157.0,152.0,17111,stock
2018-07-18,HIDCL,154.0,157.0,157.0,152.0,11666,stock
2018-07-19,HIDCL,154.0,155.0,158.0,152.0,5866,stock
2018-07-22,HIDCL,154.0,158.0,158.0,153.0,14799,stock
2018-07-23,HIDCL,155.0,170.0,170.0,155.0,34091,stock
2018-07-24,HIDCL,167.0,169.0,173.0,164.0,30101,stock
2018-07-25,HIDCL,171.0,166.0,174.0,165.0,7382,stock
2018-07-26,HIDCL,166.0,168.0,170.0,161.0,28187,stock
2018-07-29,HIDCL,169.0,177.0,179.0,169.0,72076,stock
2018-07-30,HIDCL,179.0,172.0,181.0,170.0,85433,stock
2018-07-31,HIDCL,170.0,167.0,171.0,166.0,24824,stock
2018-08-01,HIDCL,168.0,167.0,168.0,162.0,9505,stock
2018-08-02,HIDCL,164.0,163.0,165.0,163.0,15133,stock
2018-08-05,HIDCL,163.0,162.0,164.0,160.0,10148,stock
2018-08-06,HIDCL,164.0,162.0,165.0,160.0,7440,stock
2018-08-07,HIDCL,160.0,163.0,165.0,160.0,5889,stock
2018-08-08,HIDCL,160.0,162.0,166.0,160.0,6634,stock
2018-08-09,HIDCL,163.0,164.0,164.0,160.0,11993,stock
2018-08-12,HIDCL,167.0,164.0,167.0,161.0,7815,stock
2018-08-13,HIDCL,163.0,164.0,164.0,160.0,3830,stock
2018-08-14,HIDCL,167.0,163.0,167.0,161.0,5122,stock
2018-08-15,HIDCL,161.0,169.0,169.0,161.0,9450,stock
2018-08-16,HIDCL,170.0,167.0,171.0,163.0,19449,stock
2018-08-19,HIDCL,164.0,160.0,166.0,160.0,16240,stock
2018-08-20,HIDCL,163.0,161.0,163.0,160.0,6588,stock
2018-08-21,HIDCL,160.0,160.0,162.0,160.0,4808,stock
2018-08-22,HIDCL,160.0,161.0,162.0,160.0,1400,stock
2018-08-23,HIDCL,163.0,160.0,163.0,160.0,2804,stock
2018-08-26,HIDCL,160.0,160.0,161.0,159.0,2365,stock
2018-08-28,HIDCL,160.0,162.0,162.0,157.0,4581,stock
2018-08-29,HIDCL,159.0,159.0,160.0,157.0,5227,stock
2018-08-30,HIDCL,161.0,161.0,161.0,158.0,1992,stock
2018-09-02,HIDCL,164.0,161.0,164.0,158.0,5169,stock
2018-09-03,HIDCL,161.0,162.0,164.0,158.0,11787,stock
2018-09-04,HIDCL,162.0,161.0,164.0,160.0,7295,stock
2018-09-05,HIDCL,163.0,163.0,165.0,160.0,12568,stock
2018-09-06,HIDCL,161.0,161.0,164.0,161.0,8051,stock
2018-09-09,HIDCL,161.0,159.0,161.0,158.0,5229,stock
2018-09-10,HIDCL,158.0,156.0,159.0,156.0,7363,stock
2018-09-11,HIDCL,155.0,157.0,159.0,155.0,4398,stock
2018-09-12,HIDCL,157.0,160.0,161.0,156.0,7465,stock
2018-09-13,HIDCL,157.0,163.0,163.0,157.0,31531,stock
2018-09-16,HIDCL,166.0,162.0,166.0,160.0,20853,stock
2018-09-17,HIDCL,163.0,162.0,164.0,161.0,12356,stock
2018-09-18,HIDCL,160.0,164.0,166.0,160.0,22342,stock
2018-09-20,HIDCL,161.0,162.0,164.0,161.0,6118,stock
2018-09-23,HIDCL,159.0,160.0,165.0,159.0,4973,stock
2018-09-25,HIDCL,163.0,160.0,166.0,157.0,42558,stock
2018-09-26,HIDCL,160.0,161.0,164.0,160.0,21993,stock
2018-09-27,HIDCL,158.0,165.0,165.0,158.0,22094,stock
2018-09-30,HIDCL,162.0,161.0,165.0,160.0,22435,stock
2018-10-01,HIDCL,160.0,161.0,164.0,160.0,13918,stock
2018-10-02,HIDCL,159.0,160.0,162.0,158.0,5269,stock
2018-10-03,HIDCL,159.0,160.0,161.0,159.0,6193,stock
2018-10-04,HIDCL,160.0,159.0,160.0,158.0,7676,stock
2018-10-07,HIDCL,157.0,157.0,158.0,156.0,4061,stock
2018-10-08,HIDCL,155.0,158.0,160.0,155.0,6848,stock
2018-10-09,HIDCL,157.0,158.0,161.0,157.0,4835,stock
2018-10-10,HIDCL,157.0,158.0,162.0,156.0,3349,stock
2018-10-11,HIDCL,157.0,157.0,159.0,157.0,5283,stock
2018-10-14,HIDCL,159.0,158.0,162.0,158.0,2979,stock
2018-10-15,HIDCL,157.0,158.0,159.0,157.0,2316,stock
2018-10-21,HIDCL,158.0,158.0,159.0,158.0,1142,stock
2018-10-22,HIDCL,158.0,161.0,161.0,158.0,2263,stock
2018-10-23,HIDCL,163.0,159.0,163.0,158.0,831,stock
2018-10-24,HIDCL,158.0,159.0,162.0,157.0,3857,stock
2018-10-25,HIDCL,159.0,158.0,160.0,157.0,6827,stock
2018-10-28,HIDCL,157.0,159.0,161.0,156.0,2305,stock
2018-10-29,HIDCL,160.0,156.0,160.0,155.0,5547,stock
2018-10-30,HIDCL,155.0,162.0,162.0,155.0,3656,stock
2018-10-31,HIDCL,161.0,156.0,161.0,155.0,2259,stock
2018-11-01,HIDCL,155.0,159.0,159.0,155.0,1680,stock
2018-11-04,HIDCL,157.0,158.0,160.0,154.0,3774,stock
2018-11-05,HIDCL,156.0,160.0,160.0,156.0,1213,stock
2018-11-14,HIDCL,155.0,156.0,157.0,154.0,1208,stock
2018-11-15,HIDCL,156.0,155.0,156.0,154.0,4376,stock
2018-11-18,HIDCL,154.0,153.0,157.0,153.0,5863,stock
2018-11-19,HIDCL,153.0,152.0,153.0,152.0,5642,stock
2018-11-20,HIDCL,152.0,154.0,154.0,152.0,4428,stock
2018-11-21,HIDCL,154.0,152.0,155.0,152.0,8396,stock
2018-11-22,HIDCL,152.0,152.0,153.0,151.0,6414,stock
2018-11-25,HIDCL,152.0,153.0,153.0,150.0,13501,stock
2018-11-26,HIDCL,153.0,151.0,153.0,150.0,2896,stock
2018-11-27,HIDCL,151.0,153.0,154.0,151.0,2952,stock
2018-11-28,HIDCL,152.29,152.0,153.0,150.0,7494,stock
2018-11-29,HIDCL,152.0,150.0,152.0,149.0,5040,stock
2018-12-02,HIDCL,150.0,148.0,151.0,147.0,8491,stock
2018-12-03,HIDCL,148.0,151.0,151.0,147.0,6074,stock
2018-12-04,HIDCL,151.0,148.0,152.0,146.0,3712,stock
2018-12-06,HIDCL,146.0,147.0,148.0,145.0,6395,stock
2018-12-09,HIDCL,147.0,149.0,149.0,145.0,3775,stock
2018-12-10,HIDCL,149.0,145.0,149.0,144.0,8896,stock
2018-12-11,HIDCL,145.0,147.0,148.0,145.0,5855,stock
2018-12-12,HIDCL,147.0,146.0,147.0,145.0,3478,stock
2018-12-13,HIDCL,146.0,147.0,150.0,144.0,7879,stock
2018-12-16,HIDCL,147.0,147.0,157.0,147.0,805,stock
2018-12-17,HIDCL,147.0,148.0,149.0,145.0,3156,stock
2018-12-18,HIDCL,148.0,148.0,148.0,146.0,12729,stock
2018-12-19,HIDCL,148.0,146.0,148.0,144.0,1944,stock
2018-12-20,HIDCL,146.0,146.0,147.0,146.0,2615,stock
2018-12-23,HIDCL,146.0,152.0,154.0,146.0,13599,stock
2018-12-24,HIDCL,152.0,167.0,167.0,152.0,58066,stock
2018-12-25,HIDCL,167.0,169.0,176.0,167.0,94717,stock
2018-12-26,HIDCL,169.0,172.0,174.0,169.0,45206,stock
2018-12-27,HIDCL,172.0,169.0,178.0,168.0,46463,stock
2018-12-30,HIDCL,169.0,170.0,171.0,168.0,23003,stock
2018-12-31,HIDCL,170.0,170.0,173.0,168.0,45438,stock
2019-01-01,HIDCL,154.55,152.0,160.0,151.0,6502,stock
2019-01-02,HIDCL,152.0,151.0,152.0,150.0,6001,stock
2019-01-03,HIDCL,151.0,151.0,154.0,150.0,1970,stock
2019-01-06,HIDCL,151.0,150.0,153.0,150.0,2125,stock
2019-01-07,HIDCL,150.0,150.0,153.0,150.0,1955,stock
2019-01-08,HIDCL,150.0,152.0,153.0,150.0,1575,stock
2019-01-09,HIDCL,152.0,153.0,154.0,151.0,44634,stock
2019-01-10,HIDCL,153.0,152.0,154.0,149.0,14329,stock
2019-01-13,HIDCL,152.0,150.0,152.0,149.0,1073,stock
2019-01-14,HIDCL,150.0,150.0,153.0,147.0,9416,stock
2019-01-15,HIDCL,150.0,151.0,152.0,149.0,27657,stock
2019-01-16,HIDCL,151.0,150.0,153.0,149.0,11245,stock
2019-01-17,HIDCL,150.0,149.0,152.0,149.0,6184,stock
2019-01-20,HIDCL,149.0,148.0,151.0,147.0,2037,stock
2019-01-21,HIDCL,148.0,147.0,150.0,146.0,2966,stock
2019-01-22,HIDCL,147.0,145.0,147.0,145.0,17683,stock
2019-01-23,HIDCL,145.0,145.0,148.0,143.0,6089,stock
2019-01-24,HIDCL,145.0,146.0,148.0,140.0,78827,stock
2019-01-27,HIDCL,146.0,144.0,148.0,140.0,17291,stock
2019-01-28,HIDCL,144.0,142.0,146.0,142.0,2682,stock
2019-01-29,HIDCL,142.0,143.0,146.0,141.0,7452,stock
2019-01-30,HIDCL,143.0,143.0,144.0,141.0,5239,stock
2019-01-31,HIDCL,143.0,142.0,143.0,140.0,10316,stock
2019-02-03,HIDCL,140.0,141.0,142.0,139.0,11793,stock
2019-02-04,HIDCL,140.0,138.0,141.0,138.0,14968,stock
2019-02-05,HIDCL,137.0,139.0,142.0,137.0,10281,stock
2019-02-06,HIDCL,137.0,137.0,140.0,137.0,8791,stock
2019-02-07,HIDCL,137.0,138.0,140.0,136.0,3619,stock
2019-02-10,HIDCL,136.0,135.0,138.0,134.0,8711,stock
2019-02-11,HIDCL,134.0,138.0,138.0,134.0,4163,stock
2019-02-12,HIDCL,136.0,134.0,138.0,134.0,7306,stock
2019-02-13,HIDCL,134.0,136.0,136.0,134.0,2586,stock
2019-02-14,HIDCL,136.0,132.0,136.0,132.0,17185,stock
2019-02-17,HIDCL,134.0,133.0,136.0,132.0,5651,stock
2019-02-18,HIDCL,133.0,131.0,133.0,130.0,8653,stock
2019-02-19,HIDCL,132.0,134.0,134.0,129.0,4907,stock
2019-02-20,HIDCL,134.0,133.0,136.0,131.0,22967,stock
2019-02-21,HIDCL,133.0,133.0,133.0,130.0,1311,stock
2019-02-24,HIDCL,131.0,130.0,133.0,130.0,5297,stock
2019-02-25,HIDCL,129.0,131.0,133.0,129.0,5235,stock
2019-02-26,HIDCL,129.0,131.0,134.0,129.0,5274,stock
2019-02-27,HIDCL,133.0,133.0,133.0,130.0,6773,stock
2019-03-03,HIDCL,133.0,130.0,133.0,129.0,5610,stock
2019-03-05,HIDCL,130.0,130.0,132.0,129.0,9627,stock
2019-03-06,HIDCL,129.0,130.0,131.0,128.0,3255,stock
2019-03-07,HIDCL,130.0,133.0,133.0,128.0,8555,stock
2019-03-09,HIDCL,131.0,132.0,133.0,130.0,666,stock
2019-03-10,HIDCL,131.0,132.0,133.0,130.0,666,stock
2019-03-11,HIDCL,131.0,131.0,133.0,129.0,11853,stock
2019-03-12,HIDCL,131.0,135.0,139.0,130.0,14368,stock
2019-03-13,HIDCL,135.0,135.0,136.0,134.0,3472,stock
2019-03-14,HIDCL,133.0,134.0,138.0,130.0,4519,stock
2019-03-17,HIDCL,134.0,134.0,138.0,134.0,3926,stock
2019-03-18,HIDCL,134.0,133.0,135.0,133.0,5685,stock
2019-03-19,HIDCL,132.0,133.0,134.0,131.0,5412,stock
2019-03-21,HIDCL,133.0,132.0,133.0,130.0,7326,stock
2019-03-24,HIDCL,131.0,132.0,132.0,130.0,2449,stock
2019-03-25,HIDCL,130.0,131.0,132.0,129.0,14739,stock
2019-03-26,HIDCL,131.0,131.0,132.0,130.0,3501,stock
2019-03-27,HIDCL,131.0,131.0,133.0,131.0,2691,stock
2019-03-28,HIDCL,130.0,131.0,132.0,130.0,7123,stock
2019-03-31,HIDCL,132.0,134.0,135.0,131.0,8566,stock
2019-04-01,HIDCL,132.0,134.0,135.0,132.0,4756,stock
2019-04-02,HIDCL,132.0,136.0,140.0,132.0,15312,stock
2019-04-03,HIDCL,135.0,139.0,142.0,135.0,25017,stock
2019-04-04,HIDCL,138.0,138.0,140.0,138.0,4828,stock
2019-04-07,HIDCL,138.0,138.0,140.0,134.0,2371,stock
2019-04-08,HIDCL,138.0,138.0,140.0,138.0,14757,stock
2019-04-09,HIDCL,139.0,136.0,139.0,135.0,7171,stock
2019-04-10,HIDCL,134.0,139.0,140.0,134.0,7144,stock
2019-04-11,HIDCL,139.0,139.0,139.0,135.0,4201,stock
2019-04-15,HIDCL,137.0,138.0,138.0,135.0,1274,stock
2019-04-16,HIDCL,140.0,138.0,140.0,136.0,3307,stock
2019-04-17,HIDCL,138.0,140.0,142.0,137.0,6645,stock
2019-04-18,HIDCL,138.0,137.0,142.0,137.0,7192,stock
2019-04-21,HIDCL,137.0,138.0,142.0,136.0,16943,stock
2019-04-22,HIDCL,140.0,139.0,141.0,138.0,25156,stock
2019-04-23,HIDCL,138.0,136.0,138.0,136.0,5901,stock
2019-04-24,HIDCL,135.0,138.0,141.0,135.0,9932,stock
2019-04-25,HIDCL,136.0,139.0,139.0,136.0,21189,stock
2019-04-28,HIDCL,139.0,146.0,148.0,139.0,43827,stock
2019-04-29,HIDCL,145.0,144.0,147.0,140.0,23093,stock
2019-04-30,HIDCL,144.0,145.0,151.0,140.0,24508,stock
2019-05-02,HIDCL,143.0,142.0,147.0,141.0,9996,stock
2019-05-05,HIDCL,141.0,140.0,142.0,140.0,7669,stock
2019-05-06,HIDCL,140.0,141.0,142.0,139.0,4157,stock
2019-05-07,HIDCL,140.0,142.0,144.0,140.0,6890,stock
2019-05-08,HIDCL,141.0,141.0,143.0,141.0,4193,stock
2019-05-09,HIDCL,141.0,143.0,145.0,141.0,6752,stock
2019-05-12,HIDCL,142.0,146.0,146.0,139.0,11824,stock
2019-05-13,HIDCL,146.0,160.0,160.0,145.0,160063,stock
2019-05-14,HIDCL,163.0,155.0,172.0,152.0,101891,stock
2019-05-15,HIDCL,152.0,163.0,170.0,152.0,81467,stock
2019-05-16,HIDCL,165.0,161.0,167.0,161.0,36536,stock
2019-05-19,HIDCL,158.0,159.0,161.0,153.0,30293,stock
2019-05-20,HIDCL,160.0,158.0,162.0,157.0,27247,stock
2019-05-21,HIDCL,156.0,166.0,168.0,156.0,74352,stock
2019-05-22,HIDCL,168.0,179.0,182.0,165.0,213727,stock
2019-05-23,HIDCL,180.0,167.0,180.0,165.0,109932,stock
2019-05-26,HIDCL,170.0,166.0,173.0,164.0,58898,stock
2019-05-27,HIDCL,158.0,167.0,169.0,158.0,20504,stock
2019-05-28,HIDCL,164.0,164.0,169.0,164.0,17325,stock
2019-05-29,HIDCL,167.0,169.0,171.0,163.0,30751,stock
2019-05-30,HIDCL,172.0,168.0,175.0,165.0,60103,stock
2019-06-02,HIDCL,169.0,167.0,170.0,164.0,21249,stock
2019-06-03,HIDCL,166.0,163.0,166.0,160.0,23039,stock
2019-06-04,HIDCL,165.0,162.0,165.0,161.0,14769,stock
2019-06-06,HIDCL,160.0,161.0,165.0,160.0,15805,stock
2019-06-10,HIDCL,153.0,161.0,165.0,153.0,31225,stock
2019-06-11,HIDCL,162.0,161.0,165.0,161.0,10689,stock
2019-06-12,HIDCL,161.0,162.0,164.0,160.0,26282,stock
2019-06-13,HIDCL,162.0,163.0,164.0,161.0,17942,stock
2019-06-16,HIDCL,163.0,160.0,163.0,159.0,9599,stock
2019-06-17,HIDCL,158.0,161.0,163.0,158.0,18051,stock
2019-06-18,HIDCL,158.0,159.0,162.0,159.0,8706,stock
2019-06-19,HIDCL,159.0,159.0,162.0,159.0,3005,stock
2019-06-20,HIDCL,159.0,161.0,163.0,159.0,10481,stock
2019-06-23,HIDCL,160.0,158.0,161.0,158.0,8440,stock
2019-06-24,HIDCL,158.0,162.0,162.0,157.0,11416,stock
2019-06-25,HIDCL,160.0,159.0,161.0,159.0,13001,stock
2019-06-26,HIDCL,158.0,160.0,163.0,158.0,60371,stock
2019-06-27,HIDCL,163.0,161.0,165.0,161.0,58207,stock
2019-06-30,HIDCL,159.0,158.0,162.0,158.0,9018,stock
2019-07-01,HIDCL,160.0,157.0,160.0,156.0,8779,stock
2019-07-02,HIDCL,155.0,159.0,159.0,155.0,6932,stock
2019-07-03,HIDCL,159.0,163.0,163.0,158.0,10470,stock
2019-07-04,HIDCL,163.0,161.0,163.0,158.0,12667,stock
2019-07-07,HIDCL,160.0,162.0,162.0,160.0,12640,stock
2019-07-08,HIDCL,163.0,161.0,163.0,161.0,7768,stock
2019-07-09,HIDCL,161.0,162.0,172.0,161.0,20790,stock
2019-07-10,HIDCL,160.0,159.0,161.0,159.0,16834,stock
2019-07-11,HIDCL,159.0,159.0,161.0,159.0,13308,stock
2019-07-14,HIDCL,158.0,161.0,163.0,158.0,6143,stock
2019-07-15,HIDCL,161.0,161.0,162.0,160.0,14272,stock
2019-07-16,HIDCL,164.0,161.0,164.0,160.0,9159,stock
2019-07-17,HIDCL,159.0,162.0,164.0,159.0,7615,stock
2019-07-18,HIDCL,162.0,162.0,165.0,161.0,9392,stock
2019-07-21,HIDCL,162.0,161.0,162.0,159.0,9133,stock
2019-07-22,HIDCL,160.0,162.0,163.0,159.0,12524,stock
2019-07-23,HIDCL,163.0,161.0,164.0,160.0,38882,stock
2019-07-24,HIDCL,161.0,164.0,164.0,159.0,12730,stock
2019-07-25,HIDCL,164.0,160.0,164.0,159.0,7203,stock
2019-07-28,HIDCL,162.0,157.0,164.0,155.0,21487,stock
2019-07-29,HIDCL,158.0,156.0,163.0,156.0,8994,stock
2019-07-30,HIDCL,155.0,158.0,158.0,155.0,8285,stock
2019-07-31,HIDCL,155.0,158.0,159.0,155.0,6497,stock
2019-08-01,HIDCL,159.0,158.0,159.0,156.0,12241,stock
2019-08-04,HIDCL,155.0,155.0,160.0,154.0,6477,stock
2019-08-05,HIDCL,154.0,156.0,159.0,153.0,5186,stock
2019-08-06,HIDCL,155.0,153.0,157.0,153.0,5174,stock
2019-08-07,HIDCL,150.0,156.0,159.0,150.0,9808,stock
2019-08-08,HIDCL,159.0,154.0,162.0,153.0,2381,stock
2019-08-11,HIDCL,157.0,155.0,159.0,152.0,15486,stock
2019-08-12,HIDCL,155.0,156.0,157.0,153.0,3214,stock
2019-08-13,HIDCL,156.0,152.0,159.0,150.0,21491,stock
2019-08-14,HIDCL,152.0,152.0,154.0,150.0,16035,stock
2019-08-15,HIDCL,150.0,149.0,153.0,148.0,7264,stock
2019-08-18,HIDCL,148.0,147.0,153.0,147.0,4101,stock
2019-08-19,HIDCL,146.0,150.0,154.0,146.0,7349,stock
2019-08-20,HIDCL,147.0,149.0,150.0,147.0,4129,stock
2019-08-21,HIDCL,147.0,148.0,149.0,147.0,15657,stock
2019-08-22,HIDCL,146.0,147.0,148.0,146.0,4184,stock
2019-08-25,HIDCL,146.0,147.0,150.0,144.0,21795,stock
2019-08-26,HIDCL,145.0,147.0,147.0,143.0,1726,stock
2019-08-27,HIDCL,147.0,148.0,149.0,144.0,4401,stock
2019-08-28,HIDCL,146.0,145.0,146.0,143.0,3015,stock
2019-08-29,HIDCL,146.0,143.0,147.0,142.0,7785,stock
2019-09-01,HIDCL,142.0,142.0,144.0,138.0,15149,stock
2019-09-02,HIDCL,144.0,140.0,146.0,138.0,3712,stock
2019-09-03,HIDCL,142.0,146.0,146.0,136.0,9281,stock
2019-09-04,HIDCL,146.0,141.0,146.0,141.0,5782,stock
2019-09-05,HIDCL,142.0,139.0,143.0,138.0,7147,stock
2019-09-08,HIDCL,139.0,139.0,139.0,137.0,5690,stock
2019-09-09,HIDCL,140.0,137.0,140.0,136.0,3188,stock
2019-09-10,HIDCL,137.0,137.0,139.0,135.0,4586,stock
2019-09-11,HIDCL,137.0,138.0,138.0,135.0,5720,stock
2019-09-12,HIDCL,140.0,134.0,140.0,133.0,7346,stock
2019-09-15,HIDCL,134.0,131.0,135.0,131.0,4926,stock
2019-09-16,HIDCL,130.0,130.0,133.0,130.0,5901,stock
2019-09-17,HIDCL,132.0,136.0,138.0,130.0,6438,stock
2019-09-18,HIDCL,138.0,139.0,139.0,133.0,10065,stock
2019-09-19,HIDCL,137.0,135.0,139.0,134.0,2864,stock
2019-09-22,HIDCL,134.0,131.0,135.0,131.0,4285,stock
2019-09-23,HIDCL,131.0,132.0,134.0,131.0,3467,stock
2019-09-24,HIDCL,132.0,130.0,133.0,130.0,5858,stock
2019-09-26,HIDCL,130.0,130.0,135.0,130.0,6199,stock
2019-09-29,HIDCL,129.0,131.0,133.0,129.0,3164,stock
2019-09-30,HIDCL,131.0,130.0,132.0,130.0,2480,stock
2019-10-01,HIDCL,131.0,134.0,135.0,131.0,3125,stock
2019-10-02,HIDCL,136.0,135.0,136.0,133.0,6057,stock
2019-10-03,HIDCL,134.0,134.0,134.0,133.0,181,stock
2019-10-10,HIDCL,133.0,133.0,133.0,131.0,3107,stock
2019-10-14,HIDCL,135.0,139.0,140.0,135.0,9003,stock
2019-10-15,HIDCL,138.0,138.0,141.0,137.0,6305,stock
2019-10-16,HIDCL,137.0,137.0,140.0,136.0,3300,stock
2019-10-17,HIDCL,137.0,140.0,140.0,136.0,4198,stock
2019-10-20,HIDCL,139.0,136.0,139.0,136.0,5804,stock
2019-10-21,HIDCL,134.0,137.0,139.0,134.0,1561,stock
2019-10-22,HIDCL,136.0,137.0,137.0,135.0,873,stock
2019-10-23,HIDCL,135.0,138.0,138.0,133.0,4299,stock
2019-10-24,HIDCL,136.0,137.0,138.0,136.0,4724,stock
2019-10-31,HIDCL,137.0,135.0,137.0,134.0,5261,stock
2019-11-03,HIDCL,133.0,132.0,136.0,132.0,7756,stock
2019-11-04,HIDCL,131.0,138.0,139.0,130.0,12838,stock
2019-11-05,HIDCL,136.0,136.0,140.0,134.0,3357,stock
2019-11-06,HIDCL,135.0,134.0,137.0,134.0,2555,stock
2019-11-07,HIDCL,135.0,131.0,135.0,131.0,10354,stock
2019-11-10,HIDCL,131.0,131.0,134.0,131.0,16912,stock
2019-11-11,HIDCL,131.0,134.0,135.0,131.0,3814,stock
2019-11-12,HIDCL,132.0,133.0,135.0,131.0,5397,stock
2019-11-13,HIDCL,133.0,131.0,133.0,130.0,16900,stock
2019-11-14,HIDCL,131.0,131.0,134.0,130.0,5145,stock
2019-11-17,HIDCL,131.0,131.0,132.0,130.0,5735,stock
2019-11-18,HIDCL,130.0,130.0,131.0,130.0,9439,stock
2019-11-19,HIDCL,130.0,131.0,132.0,130.0,3949,stock
2019-11-20,HIDCL,132.0,130.0,135.0,130.0,6567,stock
2019-11-21,HIDCL,131.0,131.0,131.0,130.0,8206,stock
2019-11-24,HIDCL,129.0,130.0,130.0,129.0,7696,stock
2019-11-25,HIDCL,132.0,131.0,132.0,129.0,13037,stock
2019-11-26,HIDCL,130.0,133.0,134.0,130.0,17855,stock
2019-11-27,HIDCL,135.0,133.0,135.0,131.0,9275,stock
2019-11-28,HIDCL,132.0,133.0,133.0,131.0,4516,stock
2019-12-01,HIDCL,133.0,132.0,133.0,131.0,3947,stock
2019-12-02,HIDCL,131.0,129.0,133.0,129.0,10364,stock
2019-12-03,HIDCL,128.0,134.0,134.0,128.0,8648,stock
2019-12-04,HIDCL,132.0,135.0,135.0,131.0,7878,stock
2019-12-05,HIDCL,136.0,134.0,136.0,132.0,2262,stock
2019-12-08,HIDCL,135.0,133.0,135.0,130.0,2294,stock
2019-12-09,HIDCL,131.0,135.0,137.0,131.0,7365,stock
2019-12-10,HIDCL,133.0,133.0,135.0,130.0,6159,stock
2019-12-11,HIDCL,133.0,134.0,137.0,132.0,5406,stock
2019-12-12,HIDCL,132.0,139.0,140.0,131.0,16115,stock
2019-12-15,HIDCL,139.0,135.0,139.0,133.0,2036,stock
2019-12-16,HIDCL,135.0,133.0,135.0,131.0,4213,stock
2019-12-17,HIDCL,132.0,132.0,134.0,132.0,5235,stock
2019-12-18,HIDCL,131.0,134.0,134.0,131.0,2483,stock
2019-12-19,HIDCL,135.0,134.0,135.0,132.0,6434,stock
2019-12-22,HIDCL,133.0,131.0,133.0,131.0,3613,stock
2019-12-23,HIDCL,133.0,144.0,144.0,133.0,23058,stock
2019-12-24,HIDCL,151.0,143.0,158.0,143.0,119918,stock
2019-12-25,HIDCL,143.0,146.0,149.0,143.0,28421,stock
2019-12-26,HIDCL,146.0,147.0,148.0,145.0,21053,stock
2019-12-29,HIDCL,146.0,145.0,146.0,144.0,10588,stock
2019-12-30,HIDCL,146.0,144.0,146.0,143.0,8585,stock
2019-12-31,HIDCL,144.0,144.0,145.0,143.0,11492,stock
2020-01-01,HIDCL,143.0,145.0,149.0,142.0,63112,stock
2020-01-02,HIDCL,143.0,134.0,143.0,132.0,12371,stock
2020-01-05,HIDCL,132.0,135.0,136.0,132.0,10433,stock
2020-01-06,HIDCL,135.0,136.0,139.0,134.0,10450,stock
2020-01-07,HIDCL,134.0,135.0,137.0,134.0,9486,stock
2020-01-08,HIDCL,135.0,134.0,135.0,132.0,10869,stock
2020-01-09,HIDCL,133.0,135.0,136.0,132.0,4941,stock
2020-01-12,HIDCL,133.0,140.0,140.0,133.0,24325,stock
2020-01-13,HIDCL,140.0,140.0,147.0,138.0,40687,stock
2020-01-14,HIDCL,142.0,140.0,143.0,139.0,17740,stock
2020-01-15,HIDCL,140.0,141.0,148.0,139.0,21596,stock
2020-01-16,HIDCL,143.0,145.0,145.0,141.0,19349,stock
2020-01-19,HIDCL,144.0,146.0,147.0,144.0,33360,stock
2020-01-20,HIDCL,148.0,141.0,150.0,139.0,51032,stock
2020-01-21,HIDCL,143.0,142.0,143.0,140.0,21088,stock
2020-01-22,HIDCL,140.0,140.0,140.0,137.0,15328,stock
2020-01-23,HIDCL,140.0,137.0,142.0,137.0,9815,stock
2020-01-26,HIDCL,143.0,135.0,143.0,134.0,23559,stock
2020-01-27,HIDCL,134.0,136.0,139.0,134.0,14862,stock
2020-01-28,HIDCL,138.0,137.0,139.0,135.0,8557,stock
2020-01-29,HIDCL,137.0,134.0,137.0,134.0,11615,stock
2020-01-30,HIDCL,136.0,137.0,140.0,136.0,30658,stock
2020-02-02,HIDCL,137.0,138.0,140.0,136.0,19042,stock
2020-02-03,HIDCL,138.0,142.0,144.0,136.0,17888,stock
2020-02-04,HIDCL,141.0,139.0,142.0,138.0,21522,stock
2020-02-05,HIDCL,141.0,137.0,142.0,137.0,29436,stock
2020-02-06,HIDCL,137.0,137.0,141.0,137.0,10296,stock
2020-02-09,HIDCL,136.0,139.0,142.0,136.0,13971,stock
2020-02-10,HIDCL,140.0,140.0,140.0,138.0,4090,stock
2020-02-11,HIDCL,138.0,141.0,142.0,138.0,14172,stock
2020-02-12,HIDCL,139.0,139.0,141.0,137.0,14073,stock
2020-02-13,HIDCL,141.0,139.0,141.0,136.0,19565,stock
2020-02-16,HIDCL,137.0,136.0,139.0,136.0,12817,stock
2020-02-17,HIDCL,136.0,140.0,143.0,136.0,40432,stock
2020-02-18,HIDCL,139.0,139.0,141.0,137.0,21385,stock
2020-02-19,HIDCL,137.0,139.0,142.0,135.0,6374,stock
2020-02-23,HIDCL,141.0,146.0,152.0,139.0,95419,stock
2020-02-24,HIDCL,146.0,142.0,150.0,142.0,23935,stock
2020-02-25,HIDCL,149.0,155.0,156.0,141.0,146913,stock
2020-02-26,HIDCL,158.0,157.0,165.0,150.0,84944,stock
2020-02-27,HIDCL,157.0,150.0,160.0,150.0,60040,stock
2020-03-01,HIDCL,150.0,148.0,154.0,147.0,74157,stock
2020-03-02,HIDCL,146.0,142.0,151.0,140.0,17069,stock
2020-03-03,HIDCL,142.0,143.0,146.0,136.0,25668,stock
2020-03-04,HIDCL,141.0,138.0,143.0,137.0,28307,stock
2020-03-05,HIDCL,137.0,138.0,141.0,136.0,31980,stock
2020-03-10,HIDCL,136.0,133.0,136.0,133.0,7979,stock
2020-03-11,HIDCL,135.0,140.0,141.0,133.0,18688,stock
2020-03-12,HIDCL,138.0,135.0,142.0,135.0,17800,stock
2020-03-15,HIDCL,133.0,132.0,137.0,130.0,34042,stock
2020-03-16,HIDCL,132.0,134.0,135.0,131.0,10700,stock
2020-03-17,HIDCL,134.0,131.0,134.0,130.0,21088,stock
2020-03-18,HIDCL,129.0,130.0,131.0,127.0,23462,stock
2020-03-19,HIDCL,128.0,130.0,132.0,126.0,19063,stock
2020-03-22,HIDCL,128.0,129.0,130.0,126.0,1200,stock
2020-05-12,HIDCL,127.0,126.0,127.0,126.0,1140,stock
2020-05-13,HIDCL,124.0,124.0,124.0,124.0,20,stock
2020-06-29,HIDCL,122.0,120.0,122.0,116.0,9570,stock
2020-06-30,HIDCL,121.0,124.0,124.0,121.0,852,stock
2020-07-01,HIDCL,126.0,130.0,132.0,126.0,2903,stock
2020-07-02,HIDCL,132.0,118.0,134.0,118.0,2583,stock
2020-07-05,HIDCL,120.0,123.0,125.0,118.0,7171,stock
2020-07-06,HIDCL,123.0,128.0,130.0,123.0,6437,stock
2020-07-07,HIDCL,126.0,135.0,135.0,126.0,13370,stock
2020-07-08,HIDCL,133.0,128.0,133.0,127.0,11583,stock
2020-07-09,HIDCL,126.0,127.0,132.0,126.0,5182,stock
2020-07-12,HIDCL,126.0,134.0,134.0,126.0,5549,stock
2020-07-13,HIDCL,132.0,131.0,132.0,128.0,9799,stock
2020-07-14,HIDCL,130.0,131.0,131.0,127.0,6323,stock
2020-07-15,HIDCL,129.0,133.0,133.0,129.0,9448,stock
2020-07-16,HIDCL,131.0,133.0,135.0,131.0,8460,stock
2020-07-19,HIDCL,135.0,135.0,135.0,135.0,60,stock
2020-07-20,HIDCL,141.0,138.0,147.0,135.0,24982,stock
2020-07-21,HIDCL,138.0,132.0,138.0,132.0,15838,stock
2020-07-22,HIDCL,132.0,132.0,134.0,131.0,14894,stock
2020-07-23,HIDCL,130.0,130.0,133.0,129.0,19312,stock
2020-07-26,HIDCL,130.0,131.0,132.0,129.0,23023,stock
2020-07-27,HIDCL,131.0,132.0,133.0,129.0,22496,stock
2020-07-28,HIDCL,130.0,131.0,132.0,129.0,11175,stock
2020-07-29,HIDCL,129.0,129.0,131.0,129.0,14209,stock
2020-07-30,HIDCL,128.0,130.0,135.0,128.0,10681,stock
2020-08-02,HIDCL,130.0,129.0,130.0,128.0,15767,stock
2020-08-03,HIDCL,128.0,129.0,130.0,128.0,7388,stock
2020-08-05,HIDCL,129.0,128.0,130.0,127.0,9200,stock
2020-08-06,HIDCL,127.0,128.0,131.0,126.0,10598,stock
2020-08-09,HIDCL,127.0,128.0,128.0,126.0,15625,stock
2020-08-10,HIDCL,127.0,128.0,130.0,126.0,19848,stock
2020-08-11,HIDCL,127.0,128.0,131.0,127.0,14327,stock
2020-08-12,HIDCL,126.0,129.0,131.0,126.0,5646,stock
2020-08-13,HIDCL,127.0,128.0,131.0,127.0,16980,stock
2020-08-16,HIDCL,126.0,127.0,128.0,125.0,8589,stock
2020-08-17,HIDCL,126.0,131.0,131.0,126.0,8551,stock
2020-08-18,HIDCL,129.0,129.0,130.0,125.0,31517,stock
2020-08-19,HIDCL,127.0,129.0,129.0,125.0,43739,stock
2020-08-20,HIDCL,127.0,128.0,128.0,125.0,40100,stock
2020-08-23,HIDCL,126.0,127.0,127.0,125.0,21040,stock
2020-08-24,HIDCL,127.0,129.0,131.0,126.0,12057,stock
2020-08-25,HIDCL,127.0,128.0,130.0,127.0,10837,stock
2020-08-26,HIDCL,134.0,130.0,134.0,127.0,23680,stock
2020-08-27,HIDCL,130.0,132.0,133.0,129.0,32492,stock
2020-08-30,HIDCL,132.0,135.0,135.0,130.0,12682,stock
2020-08-31,HIDCL,129.0,142.0,146.0,129.0,125488,stock
2020-09-02,HIDCL,144.0,154.0,156.0,141.0,249064,stock
2020-09-03,HIDCL,161.0,146.0,163.0,145.0,169967,stock
2020-09-06,HIDCL,153.0,144.0,153.0,142.0,47111,stock
2020-09-07,HIDCL,146.0,143.0,148.0,141.0,42601,stock
2020-09-08,HIDCL,141.0,146.0,147.0,141.0,30435,stock
2020-09-09,HIDCL,148.0,146.0,153.0,144.0,35979,stock
2020-09-10,HIDCL,148.0,143.0,149.0,143.0,20251,stock
2020-09-13,HIDCL,145.0,148.0,151.0,142.0,46974,stock
2020-09-14,HIDCL,150.0,157.0,162.0,150.0,153481,stock
2020-09-15,HIDCL,160.0,151.0,160.0,151.0,37360,stock
2020-09-16,HIDCL,150.0,156.0,160.0,150.0,72814,stock
2020-09-17,HIDCL,163.0,171.0,171.0,156.0,271380,stock
2020-09-20,HIDCL,179.0,162.0,183.0,160.0,81377,stock
2020-09-21,HIDCL,170.0,160.0,170.0,156.0,75515,stock
2020-09-22,HIDCL,168.0,158.0,168.0,156.0,86759,stock
2020-09-23,HIDCL,165.0,161.0,165.0,156.0,57795,stock
2020-09-24,HIDCL,169.0,176.0,176.0,161.0,282507,stock
2020-09-27,HIDCL,177.0,181.0,192.0,170.0,270660,stock
2020-09-28,HIDCL,180.0,178.0,184.0,176.0,189724,stock
2020-09-29,HIDCL,177.0,180.0,181.0,175.0,256468,stock
2020-09-30,HIDCL,178.0,178.0,182.0,175.0,99446,stock
2020-10-01,HIDCL,179.0,174.0,180.0,172.0,137147,stock
2020-10-04,HIDCL,174.0,171.0,177.0,170.0,101653,stock
2020-10-05,HIDCL,173.0,176.0,180.0,171.0,190846,stock
2020-10-06,HIDCL,184.0,186.0,188.0,177.0,261285,stock
2020-10-07,HIDCL,178.0,204.0,204.0,178.0,535400,stock
2020-10-08,HIDCL,205.0,197.0,214.0,194.0,275958,stock
2020-10-11,HIDCL,194.0,189.0,199.0,185.0,167644,stock
2020-10-12,HIDCL,187.0,188.0,192.0,185.0,105875,stock
2020-10-13,HIDCL,188.0,186.0,192.0,184.0,105510,stock
2020-10-14,HIDCL,184.0,180.0,186.0,180.0,78306,stock
2020-10-15,HIDCL,182.0,181.0,188.0,179.0,109387,stock
2020-10-18,HIDCL,179.0,181.0,182.0,178.0,43854,stock
2020-10-19,HIDCL,182.0,190.0,191.0,182.0,107609,stock
2020-10-20,HIDCL,193.0,199.0,200.0,190.0,306510,stock
2020-10-21,HIDCL,202.0,194.0,202.0,193.0,86447,stock
2020-10-22,HIDCL,203.0,194.0,203.0,189.0,91790,stock
2020-10-28,HIDCL,197.0,198.0,200.0,193.0,148213,stock
2020-10-29,HIDCL,196.0,205.0,212.0,196.0,230651,stock
2020-11-01,HIDCL,209.0,225.0,225.0,206.0,559361,stock
2020-11-02,HIDCL,236.0,226.0,238.0,218.0,348039,stock
2020-11-03,HIDCL,229.0,229.0,233.0,221.0,280004,stock
2020-11-04,HIDCL,228.0,234.0,234.0,226.0,187796,stock
2020-11-05,HIDCL,235.0,235.0,240.0,232.0,306889,stock
2020-11-08,HIDCL,246.0,245.0,248.0,235.0,254552,stock
2020-11-09,HIDCL,250.0,237.0,253.0,236.0,244020,stock
2020-11-10,HIDCL,239.0,239.0,243.0,235.0,199944,stock
2020-11-11,HIDCL,242.0,237.0,243.0,236.0,123645,stock
2020-11-12,HIDCL,240.0,235.0,240.0,232.0,130138,stock
2020-11-18,HIDCL,233.0,231.0,240.0,229.0,115394,stock
2020-11-19,HIDCL,234.0,242.0,245.0,229.0,222214,stock
2020-11-22,HIDCL,232.0,252.0,258.0,232.0,369722,stock
2020-11-23,HIDCL,256.0,277.0,277.0,249.0,453337,stock
2020-11-24,HIDCL,282.0,294.0,300.0,278.0,308358,stock
2020-11-25,HIDCL,299.0,290.0,304.0,285.0,197346,stock
2020-11-26,HIDCL,292.0,281.0,295.0,281.0,281370,stock
2020-11-29,HIDCL,290.0,276.0,290.0,275.0,271798,stock
2020-11-30,HIDCL,280.0,289.0,299.0,271.0,271568,stock
2020-12-01,HIDCL,285.0,286.0,298.0,283.0,188311,stock
2020-12-02,HIDCL,289.0,293.0,307.0,287.0,210869,stock
2020-12-03,HIDCL,307.0,282.0,307.0,282.0,170107,stock
2020-12-06,HIDCL,296.0,267.0,296.0,266.0,137857,stock
2020-12-07,HIDCL,272.0,289.0,291.0,262.0,161554,stock
2020-12-08,HIDCL,303.0,294.0,309.0,283.0,378971,stock
2020-12-09,HIDCL,299.0,285.0,299.0,284.0,143155,stock
2020-12-10,HIDCL,285.0,284.0,288.0,280.0,77211,stock
2020-12-13,HIDCL,285.0,284.0,291.0,280.0,111216,stock
2020-12-14,HIDCL,286.0,289.0,303.0,286.0,165837,stock
2020-12-15,HIDCL,294.0,287.0,294.0,285.0,114674,stock
2020-12-16,HIDCL,285.0,284.0,287.0,282.0,74756,stock
2020-12-17,HIDCL,282.0,281.0,285.0,277.0,126368,stock
2020-12-20,HIDCL,285.0,257.0,285.0,256.0,245072,stock
2020-12-21,HIDCL,251.0,262.0,272.0,244.0,189395,stock
2020-12-22,HIDCL,266.0,281.0,288.0,266.0,80813,stock
2020-12-23,HIDCL,286.0,272.0,290.0,271.0,49037,stock
2020-12-24,HIDCL,273.0,266.0,278.0,260.0,174205,stock
2020-12-27,HIDCL,266.0,265.0,270.0,258.0,69555,stock
2020-12-28,HIDCL,265.0,260.0,270.0,255.0,57638,stock
2020-12-29,HIDCL,257.0,254.0,260.0,250.0,77168,stock
2020-12-30,HIDCL,251.0,254.0,260.0,249.0,85978,stock
2020-12-31,HIDCL,254.0,255.0,265.0,251.0,80776,stock
2021-01-03,HIDCL,251.0,261.0,263.0,251.0,47854,stock
2021-01-04,HIDCL,265.0,264.0,269.0,262.0,61954,stock
2021-01-05,HIDCL,261.0,266.0,278.0,253.0,95256,stock
2021-01-06,HIDCL,269.0,267.0,274.0,265.0,53446,stock
2021-01-07,HIDCL,267.0,267.0,272.0,264.0,62562,stock
2021-01-10,HIDCL,268.0,269.0,280.0,264.0,61723,stock
2021-01-11,HIDCL,274.0,269.0,274.0,265.0,41977,stock
2021-01-12,HIDCL,269.0,275.0,275.0,265.0,151940,stock
2021-01-13,HIDCL,280.0,277.0,280.0,273.0,81788,stock
2021-01-17,HIDCL,285.0,304.0,304.0,285.0,150570,stock
2021-01-18,HIDCL,319.0,334.0,334.0,319.0,112843,stock
2021-01-19,HIDCL,350.0,327.0,367.0,315.0,710266,stock
2021-01-20,HIDCL,343.0,325.0,343.0,319.0,134530,stock
2021-01-21,HIDCL,341.0,325.0,341.0,323.0,157738,stock
2021-01-24,HIDCL,331.0,357.0,357.0,323.0,551286,stock
2021-01-25,HIDCL,357.0,364.0,387.0,357.0,265518,stock
2021-01-26,HIDCL,370.0,356.0,377.0,356.0,134657,stock
2021-01-27,HIDCL,373.0,354.0,373.0,352.0,138446,stock
2021-01-28,HIDCL,371.0,345.0,371.0,340.0,176384,stock
2021-01-31,HIDCL,345.0,334.0,348.0,331.0,117496,stock
2021-02-01,HIDCL,340.0,347.0,356.0,336.0,196330,stock
2021-02-02,HIDCL,353.0,350.0,358.0,346.0,91936,stock
2021-02-03,HIDCL,367.0,347.0,367.0,344.0,143108,stock
2021-02-04,HIDCL,350.0,346.0,350.0,342.0,113692,stock
2021-02-07,HIDCL,363.0,353.0,363.0,345.0,162260,stock
2021-02-08,HIDCL,355.0,351.0,357.0,346.0,103177,stock
2021-02-09,HIDCL,360.0,344.0,360.0,339.0,134020,stock
2021-02-10,HIDCL,343.0,345.0,350.0,341.0,72185,stock
2021-02-11,HIDCL,342.0,340.0,351.0,339.0,96142,stock
2021-02-14,HIDCL,340.0,332.0,340.0,330.0,174247,stock
2021-02-15,HIDCL,338.0,343.0,350.0,337.0,118086,stock
2021-02-16,HIDCL,343.0,329.0,343.0,325.0,424112,stock
2021-02-17,HIDCL,320.0,325.0,330.0,320.0,270761,stock
2021-02-18,HIDCL,325.0,331.0,333.0,322.0,114631,stock
2021-02-21,HIDCL,334.0,330.0,335.0,322.0,133824,stock
2021-02-22,HIDCL,326.0,328.0,341.0,326.0,112031,stock
2021-02-23,HIDCL,332.0,327.0,334.0,322.0,109012,stock
2021-02-24,HIDCL,327.0,331.0,337.0,327.0,115103,stock
2021-02-25,HIDCL,346.0,328.0,346.0,326.0,81175,stock
2021-02-28,HIDCL,312.0,318.0,334.0,312.0,134571,stock
2021-03-01,HIDCL,303.0,322.0,325.0,303.0,88292,stock
2021-03-02,HIDCL,338.0,329.0,338.0,324.0,274979,stock
2021-03-03,HIDCL,335.0,325.0,335.0,321.0,89315,stock
2021-03-04,HIDCL,329.0,329.0,332.0,324.0,65016,stock
2021-03-09,HIDCL,348.0,334.0,348.0,330.0,197945,stock
2021-03-10,HIDCL,350.0,334.0,350.0,331.0,87543,stock
2021-03-14,HIDCL,333.0,331.0,338.0,329.0,80594,stock
2021-03-15,HIDCL,330.0,328.0,335.0,328.0,51194,stock
2021-03-16,HIDCL,344.0,350.0,360.0,331.0,308438,stock
2021-03-17,HIDCL,355.0,370.0,370.0,350.0,453907,stock
2021-03-18,HIDCL,387.0,362.0,387.0,358.0,234881,stock
2021-03-21,HIDCL,365.0,355.0,365.0,353.0,131831,stock
2021-03-22,HIDCL,365.0,352.0,365.0,350.0,111852,stock
2021-03-23,HIDCL,335.0,361.0,370.0,335.0,180992,stock
2021-03-24,HIDCL,365.0,397.0,397.0,365.0,647762,stock
2021-03-25,HIDCL,416.0,392.0,420.0,386.0,370975,stock
2021-03-29,HIDCL,392.0,400.0,412.0,382.0,323037,stock
2021-03-30,HIDCL,405.0,432.0,438.0,400.0,667128,stock
2021-03-31,HIDCL,452.0,470.0,475.0,440.0,799253,stock
2021-04-01,HIDCL,475.0,444.0,475.0,440.0,532114,stock
2021-04-04,HIDCL,444.0,426.0,444.0,422.0,409587,stock
2021-04-05,HIDCL,430.0,437.0,450.0,421.0,187868,stock
2021-04-06,HIDCL,440.0,433.0,440.0,431.0,132280,stock
2021-04-07,HIDCL,435.0,425.0,437.0,423.0,174057,stock
2021-04-08,HIDCL,425.0,423.0,433.0,421.0,140256,stock
2021-04-12,HIDCL,421.0,425.0,432.0,421.0,178466,stock
2021-04-13,HIDCL,429.0,422.0,432.0,420.0,136255,stock
2021-04-15,HIDCL,426.0,444.0,445.0,419.0,314322,stock
2021-04-18,HIDCL,450.0,457.0,463.0,444.0,473531,stock
2021-04-19,HIDCL,460.0,479.0,487.0,451.0,518809,stock
2021-04-20,HIDCL,479.0,470.0,485.0,469.0,227487,stock
2021-04-21,HIDCL,468.0,461.0,477.0,461.0,232028,stock
2021-04-22,HIDCL,465.0,482.0,484.0,455.0,413156,stock
2021-04-25,HIDCL,482.0,458.0,485.0,451.0,252554,stock
2021-04-26,HIDCL,440.0,440.0,462.0,438.0,335457,stock
2021-04-27,HIDCL,445.0,467.0,469.0,438.0,230968,stock
2021-04-28,HIDCL,468.0,475.0,486.0,458.0,304141,stock
2021-04-29,HIDCL,475.0,473.0,480.0,470.0,165628,stock
2021-05-02,HIDCL,480.0,474.0,480.0,463.0,196277,stock
2021-05-03,HIDCL,480.0,485.0,495.0,480.0,555755,stock
2021-05-04,HIDCL,490.0,489.0,495.0,485.0,247295,stock
2021-05-05,HIDCL,500.0,487.0,500.0,486.0,120971,stock
2021-05-06,HIDCL,487.0,525.0,527.0,487.0,917265,stock
2021-05-09,HIDCL,532.0,510.0,538.0,505.0,460356,stock
2021-05-10,HIDCL,512.0,517.0,522.0,501.0,351692,stock
2021-05-11,HIDCL,518.0,525.0,527.0,513.0,306829,stock
2021-05-12,HIDCL,527.0,546.0,552.0,521.0,499655,stock
2021-05-13,HIDCL,572.0,541.0,572.0,536.0,306784,stock
2021-05-16,HIDCL,545.0,556.0,565.0,531.0,467423,stock
2021-05-17,HIDCL,530.0,556.0,570.0,530.0,261338,stock
2021-05-18,HIDCL,559.0,561.0,569.0,555.0,370996,stock
2021-05-19,HIDCL,570.0,552.0,570.0,542.0,341168,stock
2021-05-20,HIDCL,550.0,541.0,553.0,540.0,213018,stock
2021-05-23,HIDCL,514.0,549.0,555.0,514.0,286684,stock
2021-05-24,HIDCL,576.0,588.0,603.0,576.0,2109907,stock
2021-05-25,HIDCL,599.0,574.0,599.0,572.0,522263,stock
2021-05-27,HIDCL,555.0,578.0,601.0,555.0,350418,stock
2021-05-30,HIDCL,606.0,569.0,606.0,566.0,324796,stock
2021-05-31,HIDCL,590.0,567.0,590.0,565.0,572141,stock
2021-06-01,HIDCL,580.0,558.0,580.0,555.0,269611,stock
2021-06-02,HIDCL,560.0,561.0,567.0,555.0,269580,stock
2021-06-03,HIDCL,570.0,553.0,570.0,552.0,335355,stock
2021-06-06,HIDCL,555.0,542.0,564.0,535.0,327432,stock
2021-06-07,HIDCL,516.0,552.0,559.0,516.0,264601,stock
2021-06-08,HIDCL,577.0,549.0,577.0,548.0,274026,stock
2021-06-09,HIDCL,555.0,544.0,555.0,542.0,315170,stock
2021-06-10,HIDCL,550.0,586.0,595.0,546.0,1720476,stock
2021-06-13,HIDCL,360.0,377.0,377.0,360.0,27779,stock
2021-06-14,HIDCL,395.0,414.0,414.0,395.0,20527,stock
2021-06-15,HIDCL,434.0,438.0,455.0,398.0,1192113,stock
2021-06-16,HIDCL,417.0,412.0,439.0,400.0,482114,stock
2021-06-17,HIDCL,430.0,412.0,430.0,401.0,218704,stock
2021-06-20,HIDCL,412.0,393.0,418.0,385.0,248841,stock
2021-06-21,HIDCL,394.0,410.0,421.0,368.0,780819,stock
2021-06-22,HIDCL,410.0,451.0,451.0,410.0,733036,stock
2021-06-23,HIDCL,473.0,465.0,494.0,454.0,638880,stock
2021-06-24,HIDCL,470.0,459.0,475.0,456.0,426734,stock
2021-06-27,HIDCL,465.0,472.0,486.0,450.0,550764,stock
2021-06-28,HIDCL,490.0,508.0,508.0,455.0,555372,stock
2021-06-29,HIDCL,508.0,467.0,508.0,458.0,632510,stock
2021-06-30,HIDCL,490.0,447.0,490.0,438.0,208634,stock
2021-07-01,HIDCL,469.0,458.0,469.0,446.0,155835,stock
2021-07-04,HIDCL,470.0,453.0,470.0,443.0,253270,stock
2021-07-05,HIDCL,445.0,470.0,471.0,436.0,240368,stock
2021-07-06,HIDCL,472.0,444.0,472.0,441.0,228709,stock
2021-07-07,HIDCL,449.0,440.0,449.0,430.0,158859,stock
2021-07-08,HIDCL,432.0,446.0,460.0,428.0,205021,stock
2021-07-11,HIDCL,450.0,455.0,459.0,441.0,262524,stock
2021-07-12,HIDCL,455.0,436.0,460.0,436.0,198250,stock
2021-07-13,HIDCL,436.0,443.0,446.0,436.0,146928,stock
2021-07-14,HIDCL,440.0,450.0,458.0,437.0,208009,stock
2021-07-15,HIDCL,450.0,449.0,456.0,440.0,173313,stock
2021-07-18,HIDCL,452.0,464.0,464.1,441.0,414880,stock
2021-07-19,HIDCL,473.0,455.0,473.0,449.4,269532,stock
2021-07-20,HIDCL,464.1,442.0,464.1,428.5,241996,stock
2021-07-22,HIDCL,442.5,438.1,447.7,435.0,177640,stock
2021-07-25,HIDCL,436.0,435.1,443.0,429.0,264723,stock
2021-07-26,HIDCL,435.0,435.2,441.0,433.0,122261,stock
2021-07-27,HIDCL,436.0,450.0,469.0,435.0,351094,stock
2021-07-28,HIDCL,450.0,469.0,476.0,441.0,348396,stock
2021-07-29,HIDCL,469.0,454.0,469.0,451.0,226366,stock
2021-08-01,HIDCL,445.0,459.9,465.0,445.0,377233,stock
2021-08-02,HIDCL,469.0,458.0,469.0,452.0,186176,stock
2021-08-03,HIDCL,455.0,463.9,465.0,454.2,328895,stock
2021-08-04,HIDCL,473.0,462.5,473.0,454.0,551249,stock
2021-08-05,HIDCL,470.0,455.0,479.2,454.0,565870,stock
2021-08-08,HIDCL,460.0,455.0,463.5,450.0,361976,stock
2021-08-09,HIDCL,455.0,459.0,459.0,445.0,391360,stock
2021-08-10,HIDCL,460.0,487.0,504.0,444.0,420292,stock
2021-08-11,HIDCL,477.5,470.5,479.4,458.7,808372,stock
2021-08-12,HIDCL,470.5,498.9,508.0,470.0,896875,stock
2021-08-15,HIDCL,498.9,529.2,538.5,461.0,505639,stock
2021-08-16,HIDCL,518.7,570.0,570.0,499.0,1063540,stock
2021-08-17,HIDCL,558.6,574.9,575.0,530.0,1101861,stock
2021-08-18,HIDCL,563.5,574.0,575.0,535.0,597928,stock
2021-08-19,HIDCL,570.0,517.0,570.0,516.6,917069,stock
2021-08-24,HIDCL,507.0,465.3,507.0,465.3,530542,stock
2021-08-25,HIDCL,457.0,450.0,484.5,431.0,339914,stock
2021-08-26,HIDCL,455.0,450.0,480.2,443.0,416165,stock
2021-08-29,HIDCL,450.0,443.0,468.1,438.1,228216,stock
2021-08-31,HIDCL,443.0,430.0,451.0,429.1,204576,stock
2021-09-01,HIDCL,430.0,424.2,446.0,421.4,184206,stock
2021-09-02,HIDCL,416.0,404.0,440.0,403.0,224322,stock
2021-09-05,HIDCL,405.0,370.0,405.0,363.6,308916,stock
2021-09-06,HIDCL,370.0,407.0,407.0,369.0,293834,stock
2021-09-07,HIDCL,415.1,428.0,438.9,406.0,244903,stock
2021-09-08,HIDCL,436.5,415.0,436.5,411.0,129635,stock
2021-09-09,HIDCL,415.0,417.0,430.0,410.0,81086,stock
2021-09-12,HIDCL,425.3,436.9,440.0,420.0,151730,stock
2021-09-13,HIDCL,445.6,432.0,463.5,427.0,197615,stock
2021-09-14,HIDCL,434.0,427.0,439.0,422.4,70867,stock
2021-09-15,HIDCL,435.0,413.0,435.0,412.0,85018,stock
2021-09-16,HIDCL,413.0,400.0,413.0,397.0,196773,stock
2021-09-20,HIDCL,392.0,372.0,406.8,371.0,168208,stock
2021-09-21,HIDCL,370.0,372.0,401.0,343.0,164735,stock
2021-09-22,HIDCL,379.4,396.0,402.0,375.0,107879,stock
2021-09-23,HIDCL,403.0,382.5,411.0,382.2,88875,stock
2021-09-26,HIDCL,387.0,364.0,388.0,364.0,96245,stock
2021-09-27,HIDCL,371.2,351.0,377.9,348.0,99924,stock
2021-09-28,HIDCL,351.0,327.0,358.0,323.0,121880,stock
2021-09-29,HIDCL,327.0,335.9,344.0,317.0,90791,stock
2021-09-30,HIDCL,336.0,332.0,353.0,331.5,74228,stock
2021-10-03,HIDCL,332.0,307.0,333.0,306.0,97113,stock
2021-10-04,HIDCL,305.0,304.0,321.0,295.0,74816,stock
2021-10-05,HIDCL,310.0,307.0,316.0,295.0,52176,stock
2021-10-06,HIDCL,310.0,313.0,319.0,310.0,72362,stock
2021-10-10,HIDCL,311.0,307.0,326.0,302.0,73988,stock
2021-10-11,HIDCL,313.0,304.0,313.0,299.0,79381,stock
2021-10-17,HIDCL,310.0,306.0,316.2,301.0,27476,stock
2021-10-18,HIDCL,306.0,300.0,308.0,298.5,36299,stock
2021-10-19,HIDCL,300.0,292.0,300.0,285.0,57485,stock
2021-10-20,HIDCL,297.8,296.0,309.0,295.0,51738,stock
2021-10-21,HIDCL,298.0,300.0,305.0,294.0,79071,stock
2021-10-24,HIDCL,301.0,303.0,305.0,295.0,53269,stock
2021-10-25,HIDCL,305.0,322.0,324.0,304.0,86645,stock
2021-10-26,HIDCL,328.0,353.0,354.2,328.0,117513,stock
2021-10-27,HIDCL,360.0,351.9,373.3,348.9,162562,stock
2021-10-28,HIDCL,353.0,363.0,370.2,342.0,103111,stock
2021-10-31,HIDCL,363.0,391.0,392.0,360.0,128593,stock
2021-11-01,HIDCL,398.0,402.0,413.0,390.0,205685,stock
2021-11-02,HIDCL,410.0,400.0,410.0,392.5,106020,stock
2021-11-03,HIDCL,408.0,394.0,412.0,392.0,82285,stock
2021-11-08,HIDCL,401.8,384.9,405.8,380.0,65434,stock
2021-11-09,HIDCL,380.0,362.0,387.0,361.2,106724,stock
2021-11-11,HIDCL,369.2,350.0,370.0,347.0,82721,stock
2021-11-14,HIDCL,343.0,315.0,343.0,315.0,343216,stock
2021-11-15,HIDCL,308.7,329.5,336.9,291.0,898671,stock
2021-11-16,HIDCL,330.0,334.7,338.0,323.0,459926,stock
2021-11-17,HIDCL,339.0,329.4,341.2,329.0,311568,stock
2021-11-18,HIDCL,329.4,319.0,330.0,317.0,297282,stock
2021-11-21,HIDCL,320.0,315.0,325.0,313.6,367319,stock
2021-11-22,HIDCL,319.0,315.0,324.0,314.0,231811,stock
2021-11-23,HIDCL,315.0,311.0,319.0,308.0,214206,stock
2021-11-24,HIDCL,311.0,315.0,322.3,303.0,216738,stock
2021-11-25,HIDCL,320.0,310.5,321.0,310.0,163409,stock
2021-11-28,HIDCL,305.0,300.0,312.9,298.0,415029,stock
2021-11-29,HIDCL,304.0,299.0,310.0,296.0,273145,stock
2021-11-30,HIDCL,303.0,297.9,303.0,292.0,200522,stock
2021-12-01,HIDCL,299.0,296.0,303.0,295.0,212673,stock
2021-12-02,HIDCL,296.1,288.0,300.9,287.7,229651,stock
2021-12-05,HIDCL,290.0,277.5,290.0,275.4,266176,stock
2021-12-06,HIDCL,277.0,286.0,293.7,261.0,340949,stock
2021-12-07,HIDCL,289.0,287.9,300.0,285.0,322797,stock
2021-12-08,HIDCL,290.0,280.0,292.0,272.0,161989,stock
2021-12-09,HIDCL,282.0,279.0,282.0,271.0,152380,stock
2021-12-12,HIDCL,279.0,266.0,280.0,262.9,209323,stock
2021-12-13,HIDCL,263.0,249.0,270.9,247.0,297972,stock
2021-12-14,HIDCL,253.0,273.9,273.9,253.0,171233,stock
2021-12-15,HIDCL,279.0,277.1,300.9,268.0,372481,stock
2021-12-16,HIDCL,277.0,268.2,280.0,267.0,174820,stock
2021-12-20,HIDCL,253.1,250.0,256.0,244.1,216548,stock
2021-12-21,HIDCL,252.0,256.0,259.0,249.5,212459,stock
2021-12-22,HIDCL,256.0,271.0,272.0,256.0,338586,stock
2021-12-23,HIDCL,275.0,268.9,275.0,265.0,200159,stock
2021-12-26,HIDCL,274.0,267.3,274.2,266.0,130267,stock
2021-12-27,HIDCL,272.6,255.0,272.6,255.0,250316,stock
2021-12-28,HIDCL,255.0,255.0,258.0,246.2,129634,stock
2021-12-29,HIDCL,256.0,255.0,258.8,251.0,79887,stock
2022-01-02,HIDCL,255.0,255.9,259.5,252.0,103935,stock
2022-01-03,HIDCL,259.9,256.0,262.0,256.0,97521,stock
2022-01-04,HIDCL,261.0,264.0,265.0,252.9,143713,stock
2022-01-05,HIDCL,269.2,268.2,279.0,265.0,390859,stock
2022-01-06,HIDCL,268.2,274.0,276.0,266.0,217480,stock
2022-01-09,HIDCL,274.0,299.4,299.5,274.0,543960,stock
2022-01-10,HIDCL,305.0,313.9,318.0,301.0,677824,stock
2022-01-11,HIDCL,320.0,314.5,320.0,306.0,341447,stock
2022-01-12,HIDCL,314.5,324.0,340.0,309.0,844610,stock
2022-01-13,HIDCL,330.0,337.6,339.5,321.0,660248,stock
2022-01-16,HIDCL,344.3,344.0,355.0,339.0,668394,stock
2022-01-17,HIDCL,344.0,340.5,349.0,335.1,458636,stock
2022-01-18,HIDCL,340.5,330.0,345.0,320.1,464935,stock
2022-01-19,HIDCL,333.0,321.5,333.0,318.0,473565,stock
2022-01-20,HIDCL,327.0,336.5,336.8,316.3,397574,stock
2022-01-23,HIDCL,340.0,328.0,342.5,325.9,374635,stock
2022-01-24,HIDCL,326.0,317.0,328.0,312.0,589611,stock
2022-01-25,HIDCL,323.3,314.6,324.0,311.0,363571,stock
2022-01-26,HIDCL,320.0,308.0,320.0,306.1,317925,stock
2022-01-27,HIDCL,310.0,310.0,314.0,309.0,271564,stock
2022-01-30,HIDCL,316.2,332.5,334.0,316.2,703616,stock
2022-01-31,HIDCL,339.1,357.0,365.0,335.0,1636783,stock
2022-02-01,HIDCL,362.0,358.5,366.0,349.0,833880,stock
2022-02-03,HIDCL,360.0,350.0,366.0,350.0,681834,stock
2022-02-06,HIDCL,355.0,336.9,355.0,336.0,601352,stock
2022-02-07,HIDCL,330.2,350.1,354.0,330.2,618812,stock
2022-02-08,HIDCL,357.1,340.0,361.9,336.0,862340,stock
2022-02-09,HIDCL,338.0,335.1,342.0,331.0,329960,stock
2022-02-10,HIDCL,341.8,335.0,343.7,330.1,409300,stock
2022-02-13,HIDCL,328.3,317.9,328.4,312.0,527946,stock
2022-02-14,HIDCL,318.0,318.2,326.9,315.0,326690,stock
2022-02-15,HIDCL,324.0,329.6,330.0,319.0,289771,stock
2022-02-16,HIDCL,330.0,322.0,336.0,318.7,224170,stock
2022-02-17,HIDCL,326.0,318.5,328.0,317.0,153727,stock
2022-02-20,HIDCL,312.2,314.1,320.9,306.0,293998,stock
2022-02-21,HIDCL,319.7,316.0,320.0,313.0,160337,stock
2022-02-22,HIDCL,319.9,315.0,322.0,314.0,219278,stock
2022-02-23,HIDCL,315.0,315.0,320.5,314.0,255502,stock
2022-02-24,HIDCL,315.0,307.0,315.0,305.0,343057,stock
2022-02-27,HIDCL,302.0,309.2,315.0,302.0,195628,stock
2022-02-28,HIDCL,315.3,302.0,322.0,299.9,276018,stock
2022-03-02,HIDCL,305.0,289.0,305.0,288.0,293199,stock
2022-03-06,HIDCL,290.0,289.0,298.0,284.6,190840,stock
2022-03-07,HIDCL,290.0,285.9,295.0,285.5,135130,stock
2022-03-09,HIDCL,291.6,278.1,291.6,275.5,147490,stock
2022-03-10,HIDCL,281.0,295.0,295.5,275.0,187987,stock
2022-03-13,HIDCL,300.0,307.0,308.0,295.1,267687,stock
2022-03-14,HIDCL,313.1,304.0,313.1,298.0,66296,stock
2022-03-15,HIDCL,304.0,300.0,308.0,299.0,129717,stock
2022-03-16,HIDCL,300.0,296.0,306.0,295.0,86403,stock
2022-03-20,HIDCL,301.6,296.0,306.0,295.0,76270,stock
2022-03-21,HIDCL,300.0,302.0,306.0,293.0,134483,stock
2022-03-22,HIDCL,307.0,301.1,308.0,300.0,102825,stock
2022-03-23,HIDCL,302.0,298.1,302.0,297.3,54842,stock
2022-03-24,HIDCL,296.5,291.8,300.0,291.0,112781,stock
2022-03-27,HIDCL,294.1,283.8,300.0,282.4,160678,stock
2022-03-28,HIDCL,284.0,279.6,286.5,279.0,129474,stock
2022-03-29,HIDCL,281.0,279.3,285.0,277.0,92772,stock
2022-03-30,HIDCL,281.0,291.0,294.2,278.0,167666,stock
2022-03-31,HIDCL,295.0,283.0,296.8,283.0,87544,stock
2022-04-03,HIDCL,283.0,279.0,283.0,275.0,79627,stock
2022-04-04,HIDCL,280.0,276.1,284.0,274.0,67259,stock
2022-04-05,HIDCL,276.0,271.0,276.0,268.0,149681,stock
2022-04-06,HIDCL,270.0,266.2,276.0,264.0,88976,stock
2022-04-07,HIDCL,269.0,270.0,275.0,264.0,156189,stock
2022-04-11,HIDCL,275.0,264.3,280.8,264.1,141827,stock
2022-04-12,HIDCL,269.0,257.0,269.0,255.0,98943,stock
2022-04-13,HIDCL,260.0,260.0,261.0,252.0,93614,stock
2022-04-17,HIDCL,263.0,253.0,265.0,252.0,101241,stock
2022-04-18,HIDCL,253.1,246.0,256.0,245.0,116538,stock
2022-04-19,HIDCL,250.0,247.9,255.0,239.3,77125,stock
2022-04-20,HIDCL,250.0,242.0,251.9,241.0,73988,stock
2022-04-21,HIDCL,242.0,242.0,246.5,236.2,71656,stock
2022-04-24,HIDCL,246.0,264.0,266.2,242.1,192612,stock
2022-04-25,HIDCL,266.0,259.0,270.0,254.0,173353,stock
2022-04-26,HIDCL,256.0,254.0,263.8,253.2,62261,stock
2022-04-27,HIDCL,254.0,257.0,257.0,250.0,97593,stock
2022-04-28,HIDCL,260.0,253.0,262.0,252.0,70526,stock
2022-05-02,HIDCL,249.0,247.0,250.0,244.1,82139,stock
2022-05-04,HIDCL,247.0,241.0,249.0,239.0,74916,stock
2022-05-05,HIDCL,240.0,236.5,245.0,235.5,86208,stock
2022-05-08,HIDCL,240.0,239.0,247.0,229.5,77882,stock
2022-05-09,HIDCL,242.0,240.0,246.0,238.3,69848,stock
2022-05-10,HIDCL,243.0,249.0,250.9,238.0,94304,stock
2022-05-11,HIDCL,251.0,259.9,259.9,250.0,122944,stock
2022-05-12,HIDCL,265.0,253.0,266.0,252.9,113243,stock
2022-05-17,HIDCL,248.0,240.0,252.0,238.0,119012,stock
2022-05-18,HIDCL,240.0,244.5,247.8,235.2,52973,stock
2022-05-19,HIDCL,244.5,239.1,247.5,239.0,51206,stock
2022-05-20,HIDCL,238.0,238.5,243.0,237.0,44255,stock
2022-05-23,HIDCL,240.0,234.9,240.0,228.7,68273,stock
2022-05-24,HIDCL,234.3,236.0,241.9,230.0,54485,stock
2022-05-25,HIDCL,240.7,237.5,241.0,236.5,34804,stock
2022-05-26,HIDCL,236.0,236.1,240.0,235.2,41079,stock
2022-05-27,HIDCL,231.4,235.0,244.0,231.4,55146,stock
2022-05-30,HIDCL,238.0,231.0,239.7,230.0,54334,stock
2022-05-31,HIDCL,230.0,227.0,235.6,225.5,77877,stock
2022-06-01,HIDCL,231.5,226.0,232.1,223.0,47196,stock
2022-06-02,HIDCL,227.0,227.0,230.0,225.0,53609,stock
2022-06-03,HIDCL,227.0,222.1,227.2,222.0,55559,stock
2022-06-06,HIDCL,226.3,221.5,230.0,220.1,50403,stock
2022-06-07,HIDCL,219.1,216.0,224.0,215.0,76840,stock
2022-06-08,HIDCL,216.0,223.0,230.0,215.0,65921,stock
2022-06-09,HIDCL,226.0,221.0,229.8,219.0,64569,stock
2022-06-10,HIDCL,225.0,218.0,225.0,216.2,45356,stock
2022-06-13,HIDCL,218.0,216.1,220.8,215.7,27696,stock
2022-06-14,HIDCL,216.0,211.9,216.0,209.8,55652,stock
2022-06-15,HIDCL,211.9,205.0,211.9,202.9,74253,stock
2022-06-16,HIDCL,205.0,202.0,209.0,198.0,93122,stock
2022-06-17,HIDCL,205.0,202.0,206.0,200.5,35993,stock
2022-06-19,HIDCL,202.0,195.1,202.0,195.1,59564,stock
2022-06-20,HIDCL,195.0,186.0,195.0,185.1,131527,stock
2022-06-21,HIDCL,184.0,193.0,200.0,181.0,101311,stock
2022-06-22,HIDCL,193.0,190.0,195.0,188.0,48776,stock
2022-06-23,HIDCL,186.2,181.0,189.0,180.0,114989,stock
2022-06-24,HIDCL,179.0,182.0,189.0,173.0,62827,stock
2022-06-26,HIDCL,185.0,200.2,200.2,185.0,188008,stock
2022-06-27,HIDCL,204.2,200.3,212.1,197.0,214337,stock
2022-06-28,HIDCL,200.3,195.2,200.3,192.4,66602,stock
2022-06-29,HIDCL,199.1,205.0,208.0,190.0,100964,stock
2022-06-30,HIDCL,209.0,212.0,214.9,201.0,173254,stock
2022-07-01,HIDCL,212.0,209.8,216.0,206.0,73187,stock
2022-07-03,HIDCL,206.0,214.9,217.0,206.0,125158,stock
2022-07-04,HIDCL,219.0,217.5,235.0,212.7,285855,stock
2022-07-05,HIDCL,221.8,209.0,224.4,208.0,130522,stock
2022-07-06,HIDCL,213.1,209.0,213.5,202.1,114594,stock
2022-07-07,HIDCL,213.1,206.8,219.9,206.8,94290,stock
2022-07-08,HIDCL,210.9,204.0,213.0,202.0,64813,stock
2022-07-11,HIDCL,204.0,192.0,204.0,190.0,151090,stock
2022-07-12,HIDCL,190.0,193.9,199.0,190.0,88495,stock
2022-07-13,HIDCL,197.7,203.0,203.0,194.1,125437,stock
2022-07-14,HIDCL,207.0,202.0,210.0,199.5,104381,stock
2022-07-15,HIDCL,205.9,200.0,205.9,198.0,51048,stock
2022-07-17,HIDCL,204.0,201.0,204.0,197.0,46819,stock
2022-07-18,HIDCL,201.5,202.9,205.0,198.2,50434,stock
2022-07-19,HIDCL,198.9,203.1,208.8,198.9,96075,stock
2022-07-20,HIDCL,203.0,204.5,207.0,200.0,70942,stock
2022-07-21,HIDCL,204.5,202.4,205.0,201.0,51236,stock
2022-07-22,HIDCL,200.0,199.0,202.5,198.0,84964,stock
2022-07-24,HIDCL,202.9,208.0,209.1,200.2,164387,stock
2022-07-25,HIDCL,212.0,216.0,216.2,209.1,166133,stock
2022-07-26,HIDCL,217.0,208.1,220.0,208.0,188378,stock
2022-07-27,HIDCL,210.0,211.0,212.1,203.9,159697,stock
2022-07-28,HIDCL,214.9,212.0,219.0,210.0,248450,stock
2022-07-29,HIDCL,212.0,210.3,215.0,210.0,66384,stock
2022-07-31,HIDCL,214.0,224.7,225.0,210.0,363358,stock
2022-08-01,HIDCL,229.0,236.1,243.3,220.2,586248,stock
2022-08-02,HIDCL,236.1,236.0,242.0,232.5,248278,stock
2022-08-03,HIDCL,240.0,236.7,245.0,235.0,303899,stock
2022-08-04,HIDCL,239.0,228.0,240.0,227.4,266957,stock
2022-08-05,HIDCL,230.0,220.1,230.0,219.0,179298,stock
2022-08-07,HIDCL,217.0,222.0,227.0,217.0,170693,stock
2022-08-08,HIDCL,223.0,217.0,224.9,215.0,245436,stock
2022-08-09,HIDCL,220.0,209.4,220.0,208.1,219380,stock
2022-08-10,HIDCL,211.9,207.9,212.0,204.0,103559,stock
2022-08-11,HIDCL,211.0,205.0,212.0,204.0,120233,stock
2022-08-14,HIDCL,206.0,201.9,210.0,200.0,160174,stock
2022-08-15,HIDCL,201.9,214.0,214.0,201.0,153670,stock
2022-08-16,HIDCL,218.2,209.0,222.0,208.0,165060,stock
2022-08-17,HIDCL,213.0,207.9,213.0,206.1,58107,stock
2022-08-18,HIDCL,208.0,212.6,213.0,208.0,99406,stock
2022-08-21,HIDCL,212.0,209.0,215.0,208.9,74996,stock
2022-08-22,HIDCL,212.0,207.5,212.0,206.1,55244,stock
2022-08-23,HIDCL,206.0,208.0,210.0,206.0,43207,stock
2022-08-24,HIDCL,208.0,207.0,211.0,207.0,49715,stock
2022-08-25,HIDCL,207.0,205.0,211.0,204.1,68338,stock
2022-08-26,HIDCL,205.0,202.5,205.0,200.0,78494,stock
2022-08-28,HIDCL,202.5,196.0,203.8,196.0,139016,stock
2022-08-29,HIDCL,196.0,195.9,198.0,192.0,121607,stock
2022-08-30,HIDCL,199.8,196.8,201.0,196.0,62915,stock
2022-08-31,HIDCL,198.0,193.6,199.0,193.0,49682,stock
2022-09-01,HIDCL,193.0,194.1,196.0,190.6,72459,stock
2022-09-02,HIDCL,191.5,193.9,197.8,191.5,22787,stock
2022-09-04,HIDCL,196.0,194.9,198.0,192.5,44319,stock
2022-09-05,HIDCL,197.0,193.0,197.0,192.5,40174,stock
2022-09-06,HIDCL,194.0,191.0,195.0,189.5,77559,stock
2022-09-07,HIDCL,193.0,189.0,193.0,188.0,35974,stock
2022-09-08,HIDCL,191.9,189.0,191.9,185.1,62587,stock
2022-09-11,HIDCL,191.0,186.0,192.7,185.5,41781,stock
2022-09-12,HIDCL,186.0,184.1,189.0,183.0,41751,stock
2022-09-13,HIDCL,183.0,188.0,190.0,181.0,52919,stock
2022-09-14,HIDCL,190.0,196.8,197.4,190.0,84374,stock
2022-09-15,HIDCL,196.8,187.8,199.5,186.4,92120,stock
2022-09-16,HIDCL,188.0,184.5,188.0,177.0,62380,stock
2022-09-18,HIDCL,187.0,179.9,188.0,178.0,95219,stock
2022-09-20,HIDCL,179.9,174.5,179.9,173.0,85875,stock
2022-09-21,HIDCL,174.0,175.8,180.0,174.0,57815,stock
2022-09-22,HIDCL,175.0,173.5,177.6,172.4,46079,stock
2022-09-25,HIDCL,173.0,168.0,173.0,166.9,79516,stock
2022-09-27,HIDCL,170.0,167.3,173.4,167.0,37389,stock
2022-09-28,HIDCL,166.0,166.5,173.0,165.1,37012,stock
2022-09-29,HIDCL,169.0,170.0,171.0,167.5,34696,stock
2022-10-09,HIDCL,168.0,175.0,177.9,168.0,69205,stock
2022-10-10,HIDCL,178.5,172.0,180.0,170.6,38002,stock
2022-10-11,HIDCL,169.0,169.1,171.0,168.8,29151,stock
2022-10-12,HIDCL,172.0,170.0,172.0,168.0,38888,stock
2022-10-13,HIDCL,172.0,172.0,173.0,170.0,42807,stock
2022-10-16,HIDCL,175.0,168.9,175.0,168.0,44649,stock
2022-10-17,HIDCL,170.0,167.9,170.0,167.0,27392,stock
2022-10-19,HIDCL,168.0,164.0,170.9,164.0,58408,stock
2022-10-20,HIDCL,167.2,164.0,167.2,161.8,46511,stock
2022-10-23,HIDCL,164.0,165.5,165.9,163.0,19794,stock
2022-10-31,HIDCL,166.0,164.0,168.0,159.8,66214,stock
2022-11-01,HIDCL,167.0,172.0,172.1,162.5,137208,stock
2022-11-02,HIDCL,174.8,173.0,177.4,170.0,83174,stock
2022-11-03,HIDCL,175.9,173.0,175.9,170.0,27549,stock
2022-11-06,HIDCL,172.0,176.9,177.0,168.6,78892,stock
2022-11-07,HIDCL,175.0,177.0,184.6,175.0,101984,stock
2022-11-08,HIDCL,179.9,177.0,180.0,175.0,54593,stock
2022-11-09,HIDCL,179.0,170.1,179.0,170.0,57750,stock
2022-11-10,HIDCL,172.0,167.0,173.0,165.5,60158,stock
2022-11-13,HIDCL,164.1,166.1,169.0,164.1,39588,stock
2022-11-14,HIDCL,166.1,169.0,170.0,165.0,27196,stock
2022-11-15,HIDCL,169.0,168.5,172.9,167.0,41220,stock
2022-11-16,HIDCL,168.5,170.9,172.0,168.0,38237,stock
2022-11-17,HIDCL,173.0,175.0,178.5,171.0,84346,stock
2022-11-22,HIDCL,175.1,173.3,181.9,172.0,39559,stock
2022-11-23,HIDCL,173.0,172.8,173.0,170.0,24409,stock
2022-11-24,HIDCL,172.8,175.0,175.0,170.0,66493,stock
2022-11-27,HIDCL,174.0,174.9,176.0,172.2,40751,stock
2022-11-28,HIDCL,176.0,172.0,178.0,171.9,52479,stock
2022-11-29,HIDCL,170.0,172.0,173.0,170.0,36455,stock
2022-11-30,HIDCL,175.0,171.8,175.0,170.3,20463,stock
2022-12-01,HIDCL,172.0,170.5,174.0,170.5,34471,stock
2022-12-04,HIDCL,171.0,170.5,173.0,170.0,40562,stock
2022-12-05,HIDCL,173.0,169.0,173.0,168.0,41412,stock
2022-12-06,HIDCL,169.0,167.5,170.0,166.2,44694,stock
2022-12-07,HIDCL,167.5,167.0,169.0,166.2,24352,stock
2022-12-11,HIDCL,169.9,165.0,169.9,164.0,40509,stock
2022-12-12,HIDCL,168.0,166.0,168.0,162.0,49906,stock
2022-12-13,HIDCL,167.0,165.5,168.0,165.0,23059,stock
2022-12-14,HIDCL,166.0,165.1,166.9,163.0,22831,stock
2022-12-15,HIDCL,168.0,164.9,172.0,164.3,50857,stock
2022-12-18,HIDCL,165.0,162.2,167.0,161.0,38811,stock
2022-12-19,HIDCL,160.0,163.0,165.0,160.0,29109,stock
2022-12-20,HIDCL,165.0,164.7,165.4,162.5,21607,stock
2022-12-21,HIDCL,164.0,163.5,165.0,163.1,27880,stock
2022-12-22,HIDCL,163.5,163.0,163.9,161.9,31662,stock
2022-12-26,HIDCL,166.2,172.5,173.9,166.0,97343,stock
2022-12-27,HIDCL,173.0,188.6,189.7,173.0,281854,stock
2022-12-28,HIDCL,192.3,186.0,195.0,183.1,249723,stock
2022-12-29,HIDCL,180.0,184.9,185.0,177.0,150670,stock
2023-01-01,HIDCL,188.5,189.0,192.0,186.1,171337,stock
2023-01-02,HIDCL,190.0,188.4,190.0,185.3,99582,stock
2023-01-03,HIDCL,192.0,186.0,192.0,184.5,98804,stock
2023-01-04,HIDCL,188.0,195.4,198.0,184.7,177605,stock
2023-01-05,HIDCL,199.3,200.0,207.0,196.0,182922,stock
2023-01-08,HIDCL,204.0,206.0,215.0,196.0,324727,stock
2023-01-09,HIDCL,203.0,219.9,220.0,203.0,385318,stock
2023-01-10,HIDCL,224.0,224.0,240.0,210.8,628555,stock
2023-01-12,HIDCL,228.0,215.5,236.1,211.5,429072,stock
2023-01-17,HIDCL,216.0,222.1,224.0,209.0,319642,stock
2023-01-18,HIDCL,222.0,218.1,228.0,217.0,248127,stock
2023-01-19,HIDCL,219.0,221.0,224.0,215.0,211450,stock
2023-01-23,HIDCL,224.0,215.4,224.0,214.0,165290,stock
2023-01-24,HIDCL,216.0,214.0,216.0,208.1,147360,stock
2023-01-25,HIDCL,215.0,212.1,218.0,212.0,126659,stock
2023-01-26,HIDCL,214.0,212.0,216.1,211.1,117657,stock
2023-01-29,HIDCL,212.0,209.0,215.0,208.0,151096,stock
2023-01-30,HIDCL,211.0,202.0,211.0,200.1,170459,stock
2023-01-31,HIDCL,200.0,200.0,205.0,197.0,169986,stock
2023-02-01,HIDCL,202.0,198.5,202.0,197.3,85114,stock
2023-02-02,HIDCL,200.0,195.3,202.0,195.0,110421,stock
2023-02-05,HIDCL,197.9,197.0,203.0,195.4,136600,stock
2023-02-06,HIDCL,198.0,197.0,200.0,196.0,81439,stock
2023-02-07,HIDCL,199.9,214.0,214.0,199.0,255789,stock
2023-02-08,HIDCL,218.0,214.9,224.0,211.7,316114,stock
2023-02-09,HIDCL,216.0,217.1,218.0,211.0,155488,stock
2023-02-12,HIDCL,215.0,204.9,215.0,203.0,267723,stock
2023-02-14,HIDCL,204.9,203.8,208.0,203.0,96273,stock
2023-02-15,HIDCL,203.0,203.5,207.5,202.0,95852,stock
2023-02-16,HIDCL,203.0,199.0,206.0,198.9,133965,stock
2023-02-20,HIDCL,197.5,199.0,202.0,197.0,114440,stock
2023-02-22,HIDCL,200.0,205.0,207.0,200.0,88963,stock
2023-02-23,HIDCL,202.5,200.0,204.0,198.6,107177,stock
2023-02-26,HIDCL,198.9,199.0,201.8,190.0,151085,stock
2023-02-27,HIDCL,202.9,196.0,205.0,193.2,141095,stock
2023-02-28,HIDCL,199.8,199.0,202.0,196.3,85293,stock
2023-03-01,HIDCL,199.3,196.0,201.0,195.0,57755,stock
2023-03-02,HIDCL,195.5,194.1,196.5,193.0,75535,stock
2023-03-05,HIDCL,195.0,191.0,197.0,189.1,88721,stock
2023-03-07,HIDCL,192.6,193.0,195.0,191.0,50558,stock
2023-03-09,HIDCL,196.8,202.0,202.0,195.5,100659,stock
2023-03-12,HIDCL,205.0,197.0,206.1,196.0,107184,stock
2023-03-13,HIDCL,196.1,194.0,198.0,193.7,48468,stock
2023-03-14,HIDCL,197.4,194.5,198.0,194.0,55336,stock
2023-03-15,HIDCL,195.0,193.3,197.0,193.0,47993,stock
2023-03-16,HIDCL,193.4,196.5,196.8,192.0,51327,stock
2023-03-19,HIDCL,197.0,196.0,198.0,195.4,54230,stock
2023-03-20,HIDCL,196.0,199.0,199.6,195.0,53938,stock
2023-03-22,HIDCL,201.0,196.1,202.0,196.0,63760,stock
2023-03-23,HIDCL,196.0,194.0,197.8,193.1,54671,stock
2023-03-26,HIDCL,191.1,192.0,194.9,191.1,43630,stock
2023-03-27,HIDCL,192.0,194.8,196.9,190.0,73914,stock
2023-03-28,HIDCL,197.5,197.0,199.7,195.0,89408,stock
2023-03-29,HIDCL,197.0,196.0,197.0,194.0,27643,stock
2023-03-30,HIDCL,192.2,193.9,197.8,192.2,40214,stock
2023-04-02,HIDCL,197.7,192.9,199.0,191.2,58378,stock
2023-04-03,HIDCL,192.9,190.2,192.9,189.6,61676,stock
2023-04-04,HIDCL,190.0,189.9,193.0,188.0,48313,stock
2023-04-05,HIDCL,193.5,190.0,193.5,187.0,42309,stock
2023-04-06,HIDCL,192.0,187.1,192.9,187.0,52021,stock
2023-04-09,HIDCL,185.1,185.0,188.5,184.0,71080,stock
2023-04-10,HIDCL,183.0,184.0,187.0,181.5,45696,stock
2023-04-11,HIDCL,187.6,187.9,188.0,183.2,48895,stock
2023-04-12,HIDCL,191.6,200.5,201.0,190.0,141930,stock
2023-04-13,HIDCL,204.5,195.0,204.5,194.0,96331,stock
2023-04-16,HIDCL,192.0,193.0,198.9,192.0,50821,stock
2023-04-17,HIDCL,195.0,189.0,195.0,189.0,58534,stock
2023-04-18,HIDCL,190.0,190.0,191.9,188.3,29567,stock
2023-04-19,HIDCL,192.5,191.2,194.0,189.6,41986,stock
2023-04-20,HIDCL,191.0,189.1,193.0,189.0,37539,stock
2023-04-23,HIDCL,192.8,187.0,192.8,186.2,45675,stock
2023-04-24,HIDCL,186.0,186.3,190.0,186.0,31120,stock
2023-04-25,HIDCL,185.0,190.7,190.8,185.0,40056,stock
2023-04-26,HIDCL,194.5,187.9,194.5,187.1,34664,stock
2023-04-27,HIDCL,187.9,186.1,188.0,186.0,34873,stock
2023-04-30,HIDCL,186.0,184.3,188.0,184.1,52998,stock
2023-05-02,HIDCL,185.0,184.1,187.0,184.0,34361,stock
2023-05-03,HIDCL,184.0,182.2,184.2,182.0,32787,stock
2023-05-04,HIDCL,184.0,182.5,185.0,180.5,46675,stock
2023-05-07,HIDCL,181.0,179.9,184.0,179.8,27927,stock
2023-05-08,HIDCL,180.0,178.0,182.0,176.0,44879,stock
2023-05-09,HIDCL,179.0,179.0,182.5,177.0,57494,stock
2023-05-10,HIDCL,179.0,178.0,181.0,177.7,27599,stock
2023-05-11,HIDCL,180.0,180.0,182.0,178.6,63390,stock
2023-05-14,HIDCL,179.0,177.8,185.0,177.2,46515,stock
2023-05-15,HIDCL,177.0,178.0,181.5,175.2,40510,stock
2023-05-16,HIDCL,178.5,179.0,181.5,177.0,32604,stock
2023-05-17,HIDCL,180.9,182.0,183.9,180.0,42787,stock
2023-05-18,HIDCL,181.1,186.0,188.0,181.0,74077,stock
2023-05-21,HIDCL,187.0,184.0,192.0,184.0,94728,stock
2023-05-22,HIDCL,187.0,186.4,187.6,182.5,45132,stock
2023-05-23,HIDCL,189.5,192.0,192.5,185.8,107626,stock
2023-05-24,HIDCL,193.0,190.1,193.9,188.3,58968,stock
2023-05-28,HIDCL,190.1,189.0,198.9,188.1,148678,stock
2023-05-30,HIDCL,189.0,184.0,193.0,183.0,173178,stock
2023-05-31,HIDCL,184.0,180.4,187.6,178.4,78797,stock
2023-06-01,HIDCL,184.0,182.8,185.6,179.1,68826,stock
2023-06-04,HIDCL,186.4,189.0,195.0,186.0,98595,stock
2023-06-05,HIDCL,190.0,185.3,193.5,185.3,75638,stock
2023-06-06,HIDCL,185.3,188.0,189.0,184.0,66274,stock
2023-06-07,HIDCL,190.0,187.7,192.7,187.0,98147,stock
2023-06-08,HIDCL,188.0,186.5,189.3,185.0,52792,stock
2023-06-11,HIDCL,188.0,190.5,191.7,186.3,111872,stock
2023-06-12,HIDCL,190.0,194.0,194.5,188.6,193168,stock
2023-06-13,HIDCL,196.0,201.0,202.0,193.2,306016,stock
2023-06-14,HIDCL,197.0,196.0,203.8,195.0,228210,stock
2023-06-15,HIDCL,198.0,196.8,199.9,193.0,97600,stock
2023-06-18,HIDCL,200.0,198.0,200.7,194.1,192538,stock
2023-06-19,HIDCL,199.0,206.0,212.0,195.5,340614,stock
2023-06-20,HIDCL,210.0,205.0,210.0,198.0,246773,stock
2023-06-21,HIDCL,209.1,199.0,209.1,197.0,127403,stock
2023-06-22,HIDCL,202.9,198.5,202.9,194.3,134627,stock
2023-06-25,HIDCL,194.6,199.0,200.7,194.6,200673,stock
2023-06-26,HIDCL,195.4,198.9,204.8,195.4,178294,stock
2023-06-27,HIDCL,201.5,200.0,202.8,198.1,163843,stock
2023-06-28,HIDCL,204.0,193.0,204.0,193.0,178353,stock
2023-07-02,HIDCL,196.0,186.5,196.0,186.0,146223,stock
2023-07-03,HIDCL,182.8,183.5,189.0,182.8,140903,stock
2023-07-04,HIDCL,186.9,184.9,187.1,183.1,73138,stock
2023-07-05,HIDCL,185.0,180.5,188.5,180.0,94863,stock
2023-07-06,HIDCL,180.5,180.4,183.0,178.2,103755,stock
2023-07-09,HIDCL,184.0,184.0,185.0,182.0,73062,stock
2023-07-10,HIDCL,185.0,181.0,187.4,180.1,114817,stock
2023-07-11,HIDCL,182.0,180.0,182.0,177.0,82598,stock
2023-07-12,HIDCL,181.0,184.0,187.0,180.0,86099,stock
2023-07-13,HIDCL,187.6,183.9,189.0,180.8,112548,stock
2023-07-16,HIDCL,186.0,184.0,186.0,181.1,152816,stock
2023-07-17,HIDCL,181.1,188.1,190.0,181.1,131978,stock
2023-07-18,HIDCL,188.1,187.0,191.0,186.0,102160,stock
2023-07-19,HIDCL,190.7,186.0,190.7,184.2,59909,stock
2023-07-20,HIDCL,188.0,184.8,188.8,183.0,99199,stock
2023-07-23,HIDCL,183.5,194.0,194.0,183.5,150869,stock
2023-07-24,HIDCL,192.0,188.2,197.9,188.2,277079,stock
2023-07-25,HIDCL,191.9,187.0,191.9,185.1,46739,stock
2023-07-26,HIDCL,190.6,185.0,190.6,184.9,47571,stock
2023-07-27,HIDCL,186.0,182.0,186.0,181.7,90043,stock
2023-07-30,HIDCL,182.1,181.7,185.1,181.0,63039,stock
2023-07-31,HIDCL,182.0,181.2,185.9,181.0,47875,stock
2023-08-01,HIDCL,184.0,179.9,184.0,179.0,51147,stock
2023-08-02,HIDCL,180.0,178.5,180.9,177.2,53444,stock
2023-08-03,HIDCL,180.0,178.5,182.0,175.5,137298,stock
2023-08-06,HIDCL,179.0,176.5,180.0,175.5,48359,stock
2023-08-07,HIDCL,178.0,175.1,178.9,174.2,41383,stock
2023-08-08,HIDCL,171.6,174.8,177.0,171.6,55493,stock
2023-08-09,HIDCL,174.8,181.9,182.4,171.0,50556,stock
2023-08-10,HIDCL,178.6,178.5,182.0,176.1,51146,stock
2023-08-13,HIDCL,178.5,176.5,180.0,176.1,36704,stock
2023-08-14,HIDCL,176.0,175.1,179.5,175.1,32195,stock
2023-08-15,HIDCL,175.0,174.0,179.0,173.0,89884,stock
2023-08-16,HIDCL,171.1,170.2,173.0,169.0,77185,stock
2023-08-17,HIDCL,173.6,171.5,173.9,170.5,41053,stock
2023-08-20,HIDCL,172.0,168.3,174.0,168.0,59629,stock
2023-08-21,HIDCL,166.1,166.6,171.6,166.1,50802,stock
2023-08-22,HIDCL,169.0,170.0,170.5,166.6,36565,stock
2023-08-23,HIDCL,172.0,174.3,175.0,169.6,55437,stock
2023-08-24,HIDCL,172.0,169.8,175.4,169.8,58029,stock
2023-08-27,HIDCL,170.9,167.5,170.9,167.1,37613,stock
2023-08-28,HIDCL,167.0,168.0,170.1,166.0,35009,stock
2023-08-29,HIDCL,170.0,168.0,170.9,167.1,20319,stock
2023-08-30,HIDCL,170.0,168.0,171.0,167.1,28282,stock
2023-09-03,HIDCL,168.0,166.3,168.7,166.0,32688,stock
2023-09-04,HIDCL,168.0,166.5,169.6,165.0,28695,stock
2023-09-05,HIDCL,168.0,166.3,168.0,165.4,15976,stock
2023-09-07,HIDCL,168.0,164.5,168.0,164.0,37836,stock
2023-09-10,HIDCL,165.0,164.9,167.3,163.3,22707,stock
2023-09-11,HIDCL,168.1,169.8,169.8,163.0,41592,stock
2023-09-12,HIDCL,170.0,167.0,171.5,166.5,22918,stock
2023-09-13,HIDCL,169.0,171.1,171.9,167.0,45686,stock
2023-09-17,HIDCL,170.0,165.9,170.9,165.0,43738,stock
2023-09-18,HIDCL,164.0,166.9,167.0,163.0,19120,stock
2023-09-19,HIDCL,170.2,168.0,170.2,165.4,19087,stock
2023-09-21,HIDCL,170.0,176.0,178.0,170.0,119813,stock
2023-09-24,HIDCL,178.0,174.0,179.4,173.0,69007,stock
2023-09-25,HIDCL,174.0,171.0,175.0,171.0,48172,stock
2023-09-26,HIDCL,173.0,176.0,178.5,173.0,68784,stock
2023-09-27,HIDCL,177.5,172.1,177.9,172.1,36090,stock
2023-10-01,HIDCL,170.0,167.0,170.0,166.0,78001,stock
2023-10-02,HIDCL,166.0,169.0,169.7,165.0,36006,stock
2023-10-03,HIDCL,167.5,167.2,170.0,167.0,18854,stock
2023-10-04,HIDCL,169.9,167.5,170.5,167.2,33181,stock
2023-10-05,HIDCL,166.1,167.0,170.8,166.1,46779,stock
2023-10-08,HIDCL,170.0,164.5,170.0,164.5,47196,stock
2023-10-09,HIDCL,163.0,164.4,166.9,163.0,27392,stock
2023-10-10,HIDCL,167.6,163.9,167.6,163.3,30840,stock
2023-10-11,HIDCL,163.9,162.6,165.0,162.5,25332,stock
2023-10-12,HIDCL,161.1,161.5,163.0,161.0,49137,stock
2023-10-16,HIDCL,161.5,161.0,163.0,159.0,46776,stock
2023-10-17,HIDCL,162.0,163.0,164.9,161.5,20439,stock
2023-10-18,HIDCL,164.9,165.9,168.0,162.0,27652,stock
2023-10-19,HIDCL,166.0,165.1,167.0,163.3,15663,stock
2023-10-29,HIDCL,165.0,162.5,166.0,161.9,26666,stock
2023-10-30,HIDCL,162.5,163.0,164.0,160.6,23163,stock
2023-10-31,HIDCL,164.0,162.0,164.0,161.0,15541,stock
2023-11-01,HIDCL,162.0,160.7,163.9,160.0,31883,stock
2023-11-02,HIDCL,158.1,159.3,161.0,158.1,27586,stock
2023-11-05,HIDCL,157.6,157.9,160.0,156.3,29051,stock
2023-11-06,HIDCL,160.0,159.0,162.0,157.0,25331,stock
2023-11-07,HIDCL,159.0,163.0,163.0,157.0,34837,stock
2023-11-08,HIDCL,162.0,161.0,162.7,159.0,19947,stock
2023-11-09,HIDCL,163.0,159.5,163.0,158.3,18711,stock
2023-11-20,HIDCL,161.0,162.0,164.0,161.0,31064,stock
2023-11-21,HIDCL,164.0,157.0,164.0,156.0,42644,stock
2023-11-22,HIDCL,158.0,158.9,159.9,154.0,30739,stock
2023-11-23,HIDCL,158.9,158.9,162.0,156.0,33224,stock
2023-11-26,HIDCL,160.0,162.0,163.0,160.0,40159,stock
2023-11-27,HIDCL,162.0,161.5,164.9,161.0,33115,stock
2023-11-28,HIDCL,160.0,160.0,163.2,159.1,31963,stock
2023-11-29,HIDCL,160.0,159.0,161.0,158.0,10954,stock
2023-11-30,HIDCL,159.0,157.9,159.9,157.0,21348,stock
2023-12-03,HIDCL,158.0,157.3,160.0,155.9,28109,stock
2023-12-04,HIDCL,156.0,158.0,159.4,155.1,16478,stock
2023-12-05,HIDCL,161.0,157.0,161.1,156.3,18237,stock
2023-12-06,HIDCL,156.0,156.6,157.0,155.7,28652,stock
2023-12-07,HIDCL,156.0,158.0,158.5,156.0,39187,stock
2023-12-10,HIDCL,161.1,172.0,172.0,161.1,17114,stock
2023-12-11,HIDCL,175.4,170.0,178.0,166.6,110581,stock
2023-12-12,HIDCL,170.0,175.0,175.0,168.5,113111,stock
2023-12-13,HIDCL,175.0,173.4,177.0,171.0,139704,stock
2023-12-14,HIDCL,171.0,171.0,174.4,170.0,51601,stock
2023-12-17,HIDCL,167.6,182.1,183.0,167.6,191892,stock
2023-12-18,HIDCL,182.2,190.0,194.0,180.1,243899,stock
2023-12-19,HIDCL,190.0,189.5,193.0,185.1,120754,stock
2023-12-20,HIDCL,190.0,199.4,206.0,187.5,395506,stock
2023-12-21,HIDCL,203.3,196.9,206.0,196.2,364808,stock
2023-12-24,HIDCL,197.0,188.0,200.8,187.5,247365,stock
2023-12-27,HIDCL,187.5,184.1,199.0,183.1,133856,stock
2023-12-28,HIDCL,184.1,183.2,186.0,182.0,105151,stock
2024-01-01,HIDCL,186.0,183.0,189.9,182.3,109322,stock
2024-01-02,HIDCL,183.0,182.8,185.9,182.0,132299,stock
2024-01-03,HIDCL,180.0,186.9,188.1,175.5,178448,stock
2024-01-04,HIDCL,187.0,184.0,191.7,183.2,190270,stock
2024-01-07,HIDCL,187.6,182.3,191.1,182.0,113064,stock
2024-01-08,HIDCL,182.5,183.0,185.6,182.0,109271,stock
2024-01-09,HIDCL,185.0,187.5,192.0,184.3,204272,stock
2024-01-10,HIDCL,191.2,187.4,195.8,186.6,210857,stock
2024-01-11,HIDCL,186.2,185.0,189.0,183.2,111011,stock
2024-01-14,HIDCL,187.0,185.3,188.0,185.0,139619,stock
2024-01-16,HIDCL,186.0,196.1,198.0,186.0,335687,stock
2024-01-17,HIDCL,199.0,194.3,204.0,194.3,561788,stock
2024-01-18,HIDCL,194.3,195.0,198.0,189.0,214459,stock
2024-01-21,HIDCL,191.1,196.0,202.0,191.1,390359,stock
2024-01-22,HIDCL,199.0,195.9,203.0,193.2,431216,stock
2024-01-23,HIDCL,195.1,200.1,200.1,195.1,273487,stock
2024-01-24,HIDCL,204.0,196.0,204.0,196.0,295762,stock
2024-01-25,HIDCL,199.8,192.0,199.8,190.2,156809,stock
2024-01-28,HIDCL,195.7,191.0,196.0,189.0,171456,stock
2024-01-29,HIDCL,194.8,191.5,195.8,190.0,184326,stock
2024-01-30,HIDCL,195.0,191.5,195.0,190.5,137324,stock
2024-01-31,HIDCL,194.8,189.9,195.0,189.0,128184,stock
2024-02-01,HIDCL,188.1,188.0,189.9,185.2,180650,stock
2024-02-04,HIDCL,189.0,185.5,189.3,185.5,87347,stock
2024-02-05,HIDCL,189.0,185.3,189.0,185.0,76322,stock
2024-02-06,HIDCL,188.9,185.0,188.9,185.0,40882,stock
2024-02-07,HIDCL,188.7,185.3,191.9,185.3,48837,stock
2024-02-11,HIDCL,188.3,186.5,191.8,186.0,100636,stock
2024-02-12,HIDCL,188.0,188.0,189.0,187.1,45967,stock
2024-02-13,HIDCL,190.0,183.0,190.0,182.9,86253,stock
2024-02-14,HIDCL,183.0,183.4,185.0,180.0,55055,stock
2024-02-15,HIDCL,183.0,182.0,186.0,181.5,43903,stock
2024-02-18,HIDCL,182.0,179.0,184.0,178.7,56426,stock
2024-02-20,HIDCL,177.6,178.5,181.5,177.2,63678,stock
2024-02-21,HIDCL,178.0,177.7,184.6,177.5,49539,stock
2024-02-22,HIDCL,177.7,174.6,179.0,174.5,70913,stock
2024-02-25,HIDCL,174.6,170.0,175.0,169.1,79976,stock
2024-02-26,HIDCL,169.1,171.5,173.5,169.0,35757,stock
2024-02-27,HIDCL,172.0,171.0,173.5,170.0,42072,stock
2024-02-28,HIDCL,172.0,170.0,172.5,169.0,39073,stock
2024-02-29,HIDCL,170.0,167.9,170.0,167.5,36612,stock
2024-03-03,HIDCL,168.0,168.9,170.3,165.2,35112,stock
2024-03-04,HIDCL,172.2,179.1,179.1,172.2,132,stock
2024-03-05,HIDCL,182.6,174.5,185.0,174.0,112568,stock
2024-03-06,HIDCL,175.0,174.0,177.9,171.0,73204,stock
2024-03-07,HIDCL,174.0,174.2,180.0,174.0,46878,stock
2024-03-10,HIDCL,177.6,177.0,180.0,175.3,46257,stock
2024-03-12,HIDCL,180.0,182.5,183.9,178.0,85180,stock
2024-03-13,HIDCL,183.0,182.1,185.4,180.0,58157,stock
2024-03-14,HIDCL,181.6,179.0,183.5,179.0,73327,stock
2024-03-17,HIDCL,178.6,180.0,182.0,176.6,41857,stock
2024-03-18,HIDCL,178.5,177.0,180.0,177.0,34722,stock
2024-03-19,HIDCL,177.0,177.3,180.5,177.0,27194,stock
2024-03-20,HIDCL,177.2,175.9,179.0,175.4,32637,stock
2024-03-21,HIDCL,175.0,173.1,178.0,173.0,43678,stock
2024-03-25,HIDCL,173.1,171.0,174.0,169.7,47443,stock
2024-03-26,HIDCL,171.0,170.3,172.0,169.6,41890,stock
2024-03-27,HIDCL,167.1,169.4,171.0,167.1,30609,stock
2024-03-28,HIDCL,170.0,168.9,170.0,168.7,33579,stock
2024-03-31,HIDCL,171.0,168.0,172.0,167.0,60145,stock
2024-04-01,HIDCL,166.5,167.5,169.5,165.2,66879,stock
2024-04-02,HIDCL,168.0,167.0,168.0,167.0,33134,stock
2024-04-03,HIDCL,169.9,167.0,169.9,165.3,26270,stock
2024-04-04,HIDCL,165.5,166.6,168.5,165.5,32582,stock
2024-04-07,HIDCL,169.9,167.5,169.9,166.0,47396,stock
2024-04-09,HIDCL,169.0,168.5,170.0,167.2,56455,stock
2024-04-10,HIDCL,170.0,167.4,170.0,167.2,27432,stock
2024-04-14,HIDCL,167.1,166.0,169.0,166.0,32168,stock
2024-04-15,HIDCL,166.0,165.1,167.0,165.0,35609,stock
2024-04-16,HIDCL,161.8,163.9,166.0,161.8,25664,stock
2024-04-18,HIDCL,163.2,162.0,163.2,158.8,28053,stock
2024-04-21,HIDCL,162.0,163.1,164.9,160.0,48272,stock
2024-04-22,HIDCL,164.0,163.0,164.9,162.0,19982,stock
2024-04-24,HIDCL,162.1,163.0,164.5,162.0,14588,stock
2024-04-25,HIDCL,162.5,162.5,164.2,162.0,22841,stock
2024-04-28,HIDCL,165.7,163.0,165.7,161.8,28642,stock
2024-04-29,HIDCL,166.2,162.0,166.2,161.5,63767,stock
2024-04-30,HIDCL,158.8,166.4,167.0,158.8,50462,stock
2024-05-02,HIDCL,169.7,165.5,172.0,165.0,44631,stock
2024-05-05,HIDCL,162.3,162.5,165.0,159.1,70903,stock
2024-05-06,HIDCL,164.7,161.0,164.7,160.0,44526,stock
2024-05-07,HIDCL,162.1,160.0,163.0,160.0,37114,stock
2024-05-08,HIDCL,163.0,159.5,164.0,159.0,60317,stock
2024-05-09,HIDCL,162.5,161.0,162.5,160.0,39700,stock
2024-05-12,HIDCL,161.0,160.6,162.5,159.5,29365,stock
2024-05-13,HIDCL,160.0,164.0,165.0,160.0,47063,stock
2024-05-14,HIDCL,162.0,166.0,166.5,162.0,41364,stock
2024-05-15,HIDCL,168.5,165.4,170.0,164.0,44942,stock
2024-05-16,HIDCL,162.5,163.1,166.0,162.5,26617,stock
2024-05-19,HIDCL,166.3,166.8,168.0,163.0,53863,stock
2024-05-20,HIDCL,169.9,169.4,173.5,166.0,146675,stock
2024-05-21,HIDCL,167.0,170.8,172.0,167.0,69367,stock
2024-05-22,HIDCL,168.1,170.0,170.7,168.0,43001,stock
2024-05-26,HIDCL,172.0,167.3,172.0,167.0,61689,stock
2024-05-27,HIDCL,168.0,169.5,170.6,165.4,63202,stock
2024-05-29,HIDCL,171.5,167.0,178.3,166.8,56468,stock
2024-05-30,HIDCL,165.0,165.0,168.0,164.0,32986,stock
2024-06-02,HIDCL,163.0,164.2,167.0,163.0,42430,stock
2024-06-03,HIDCL,164.0,162.6,165.0,162.4,58273,stock
2024-06-04,HIDCL,164.5,165.0,166.0,162.2,48235,stock
2024-06-05,HIDCL,164.0,163.9,166.0,162.6,30504,stock
2024-06-06,HIDCL,166.0,164.5,167.1,161.8,38599,stock
2024-06-09,HIDCL,167.7,163.5,167.7,163.0,48530,stock
2024-06-10,HIDCL,166.7,163.0,166.7,161.3,40377,stock
2024-06-11,HIDCL,166.2,165.0,166.2,162.2,65590,stock
2024-06-12,HIDCL,166.2,165.0,167.9,164.4,37120,stock
2024-06-13,HIDCL,165.0,164.0,165.9,163.5,54969,stock
2024-06-16,HIDCL,162.6,165.0,167.0,162.2,58125,stock
2024-06-18,HIDCL,166.9,163.1,166.9,162.3,43125,stock
2024-06-19,HIDCL,163.1,162.0,165.0,162.0,35638,stock
2024-06-20,HIDCL,165.2,160.9,165.2,160.0,65686,stock
2024-06-23,HIDCL,160.9,159.0,161.5,159.0,85209,stock
2024-06-24,HIDCL,159.1,158.5,160.0,158.1,48797,stock
2024-06-25,HIDCL,159.0,163.0,174.3,158.5,81919,stock
2024-06-26,HIDCL,162.5,160.6,165.0,159.3,102908,stock
2024-06-27,HIDCL,159.0,162.9,163.0,158.7,57147,stock
2024-06-30,HIDCL,161.2,160.3,163.5,160.1,84405,stock
2024-07-01,HIDCL,160.3,162.7,162.7,160.0,37886,stock
2024-07-02,HIDCL,165.9,164.4,177.0,163.0,94708,stock
2024-07-03,HIDCL,163.3,162.9,165.0,161.6,54244,stock
2024-07-04,HIDCL,163.0,163.7,164.9,162.2,54880,stock
2024-07-07,HIDCL,165.0,167.8,173.0,163.2,184278,stock
2024-07-08,HIDCL,170.0,170.0,174.3,169.0,145757,stock
2024-07-09,HIDCL,170.0,169.6,172.0,168.6,62624,stock
2024-07-10,HIDCL,172.9,170.0,172.9,168.0,71568,stock
2024-07-11,HIDCL,173.4,172.0,173.4,170.0,96957,stock
2024-07-14,HIDCL,175.4,177.0,182.4,172.0,220091,stock
2024-07-15,HIDCL,180.5,179.0,183.7,174.7,211964,stock
2024-07-16,HIDCL,180.0,191.6,196.0,180.0,347816,stock
2024-07-17,HIDCL,195.4,192.1,199.0,188.2,281041,stock
2024-07-18,HIDCL,192.9,193.0,197.0,188.3,354258,stock
2024-07-21,HIDCL,196.8,198.0,199.8,190.1,336550,stock
2024-07-22,HIDCL,200.0,196.1,201.0,193.0,228386,stock
2024-07-23,HIDCL,200.0,207.9,208.3,194.1,459616,stock
2024-07-24,HIDCL,212.0,205.4,216.0,203.0,394331,stock
2024-07-25,HIDCL,205.0,203.5,208.0,200.0,248268,stock
2024-07-28,HIDCL,207.5,217.0,220.0,203.0,599834,stock
2024-07-29,HIDCL,220.0,211.2,225.0,211.0,484876,stock
2024-07-30,HIDCL,210.0,214.5,217.0,206.0,370816,stock
2024-07-31,HIDCL,215.0,234.0,235.9,215.0,1181663,stock
2024-08-01,HIDCL,238.6,257.4,257.4,238.5,1382626,stock
2024-08-05,HIDCL,262.5,264.1,270.1,250.0,1304724,stock
2024-08-06,HIDCL,263.0,239.0,265.0,238.1,1183948,stock
2024-08-07,HIDCL,235.0,255.0,259.0,235.0,662929,stock
2024-08-08,HIDCL,258.0,271.1,280.0,250.0,1438661,stock
2024-08-11,HIDCL,276.5,298.2,298.2,267.6,1285215,stock
2024-08-12,HIDCL,303.0,297.0,316.0,296.0,1327783,stock
2024-08-13,HIDCL,302.0,301.0,308.9,290.0,1006406,stock
2024-08-14,HIDCL,301.0,331.1,331.1,296.0,1367804,stock
2024-08-15,HIDCL,337.7,344.5,360.0,337.7,1158014,stock
2024-08-18,HIDCL,346.0,324.0,346.0,317.8,1601120,stock
2024-08-21,HIDCL,330.0,319.0,336.6,317.2,846160,stock
2024-08-22,HIDCL,320.0,316.0,325.9,315.0,735848,stock
2024-08-25,HIDCL,322.0,301.0,322.0,300.1,809587,stock
2024-08-27,HIDCL,303.1,283.0,305.0,280.0,1124687,stock
2024-08-28,HIDCL,283.0,299.0,307.8,283.0,1060284,stock
2024-08-29,HIDCL,304.0,294.0,304.0,290.2,550107,stock
2024-09-01,HIDCL,295.0,287.8,301.0,283.0,523515,stock
2024-09-02,HIDCL,290.0,307.0,308.0,283.0,739621,stock
2024-09-03,HIDCL,313.1,305.0,313.1,302.9,519581,stock
2024-09-04,HIDCL,311.1,291.0,311.1,288.2,458558,stock
2024-09-05,HIDCL,290.9,285.6,293.9,280.3,423428,stock
2024-09-08,HIDCL,286.0,280.3,290.0,280.0,318337,stock
2024-09-09,HIDCL,280.3,271.0,283.0,270.5,369988,stock
2024-09-10,HIDCL,271.0,269.5,283.0,267.3,349678,stock
2024-09-11,HIDCL,270.1,261.0,274.0,260.0,265361,stock
2024-09-12,HIDCL,266.0,285.0,286.5,260.0,383488,stock
2024-09-15,HIDCL,290.0,274.0,292.0,272.1,611503,stock
2024-09-16,HIDCL,274.0,266.6,275.9,265.0,293602,stock
2024-09-18,HIDCL,268.0,265.0,268.5,260.0,187764,stock
2024-09-22,HIDCL,270.0,268.0,280.9,265.0,227976,stock
2024-09-23,HIDCL,270.0,257.5,270.0,257.0,218571,stock
2024-09-24,HIDCL,255.0,249.0,265.0,249.0,365175,stock
2024-09-25,HIDCL,253.0,256.3,258.4,241.1,241348,stock
2024-09-26,HIDCL,253.0,252.9,262.0,251.0,193007,stock
2024-09-29,HIDCL,247.9,246.0,252.0,243.0,143572,stock
2024-09-30,HIDCL,246.0,252.2,255.0,246.0,126740,stock
2024-10-01,HIDCL,257.2,272.9,272.9,253.0,353269,stock
2024-10-02,HIDCL,273.0,267.9,278.4,265.1,258425,stock
2024-10-06,HIDCL,270.0,278.0,279.4,266.0,148964,stock
2024-10-07,HIDCL,283.0,282.1,289.0,279.0,192663,stock
2024-10-08,HIDCL,287.4,274.0,287.4,272.0,181550,stock
2024-10-09,HIDCL,270.6,274.0,278.9,269.0,83357,stock
2024-10-15,HIDCL,277.9,278.6,280.0,273.0,44386,stock
2024-10-16,HIDCL,280.0,283.5,286.9,279.0,155697,stock
2024-10-17,HIDCL,281.0,288.1,296.7,280.2,345740,stock
2024-10-20,HIDCL,282.4,282.9,291.9,278.0,277743,stock
2024-10-21,HIDCL,277.3,270.3,283.0,270.1,216873,stock
2024-10-22,HIDCL,271.0,274.8,278.0,269.8,174707,stock
2024-10-23,HIDCL,275.1,272.0,280.0,270.2,122361,stock
2024-10-24,HIDCL,272.0,269.5,275.0,268.0,163770,stock
2024-10-27,HIDCL,274.8,269.0,274.8,266.1,99887,stock
2024-10-28,HIDCL,273.0,274.0,276.9,271.0,95243,stock
2024-10-29,HIDCL,274.0,279.1,280.0,273.0,137397,stock
2024-10-30,HIDCL,284.0,274.6,284.0,273.8,104149,stock
2024-11-05,HIDCL,271.0,274.9,280.0,271.0,60229,stock
2024-11-06,HIDCL,275.0,273.0,275.0,272.3,67161,stock
2024-11-10,HIDCL,278.0,283.0,283.0,273.3,229963,stock
2024-11-11,HIDCL,277.4,284.0,292.0,277.4,254169,stock
2024-11-12,HIDCL,289.0,283.0,289.0,280.1,123454,stock
2024-11-13,HIDCL,288.0,278.0,288.0,277.0,92524,stock
2024-11-14,HIDCL,282.0,277.0,282.0,275.0,120893,stock
2024-11-17,HIDCL,271.5,277.0,284.0,271.5,171677,stock
2024-11-19,HIDCL,282.0,270.0,282.0,266.6,226502,stock
2024-11-20,HIDCL,275.0,267.2,275.0,265.0,161816,stock
2024-11-21,HIDCL,268.1,263.0,272.4,262.5,136605,stock
2024-11-24,HIDCL,268.2,260.0,268.2,259.0,130444,stock
2024-11-25,HIDCL,265.2,261.0,265.2,257.0,86962,stock
2024-11-26,HIDCL,265.0,267.0,271.5,262.0,151628,stock
2024-11-27,HIDCL,261.7,272.1,274.3,261.7,144323,stock
2024-11-28,HIDCL,275.0,268.0,275.0,267.1,146197,stock
2024-12-01,HIDCL,273.3,260.4,273.3,257.6,126602,stock
2024-12-02,HIDCL,265.0,259.4,265.0,259.0,141548,stock
2024-12-03,HIDCL,264.0,259.1,264.0,257.5,154867,stock
2024-12-04,HIDCL,264.2,258.6,265.0,257.6,113115,stock
2024-12-05,HIDCL,258.0,254.0,260.0,253.2,144582,stock
2024-12-08,HIDCL,254.0,248.6,257.0,248.5,138694,stock
2024-12-09,HIDCL,253.0,251.0,254.0,248.2,65432,stock
2024-12-10,HIDCL,252.0,248.5,253.0,248.0,59090,stock
2024-12-11,HIDCL,248.5,254.0,254.0,246.7,326528,stock
2024-12-12,HIDCL,257.0,249.9,257.0,249.9,79664,stock
2024-12-16,HIDCL,248.0,244.0,250.0,243.1,102083,stock
2024-12-17,HIDCL,244.0,243.0,246.8,241.7,91884,stock
2024-12-18,HIDCL,244.0,241.0,245.0,240.0,90082,stock
2024-12-19,HIDCL,241.0,234.1,243.1,234.0,90144,stock
2024-12-22,HIDCL,229.5,232.8,240.0,229.5,86622,stock
2024-12-23,HIDCL,232.0,237.4,239.9,230.0,67190,stock
2024-12-24,HIDCL,238.0,239.5,242.1,238.0,78642,stock
2024-12-26,HIDCL,243.9,242.7,243.9,236.4,93504,stock
2024-12-29,HIDCL,238.0,234.9,240.0,233.3,93411,stock
2024-12-31,HIDCL,232.0,229.9,232.5,226.0,93920,stock
2025-01-01,HIDCL,225.4,232.0,234.3,225.4,42754,stock
2025-01-02,HIDCL,234.5,231.0,234.5,228.4,49251,stock
2025-01-05,HIDCL,234.0,233.0,234.0,229.1,59306,stock
2025-01-06,HIDCL,237.6,242.0,242.0,232.5,112178,stock
2025-01-07,HIDCL,242.0,242.9,246.8,240.0,76468,stock
2025-01-08,HIDCL,247.7,245.6,247.7,240.2,88707,stock
2025-01-09,HIDCL,247.8,242.5,247.8,241.5,98600,stock
2025-01-12,HIDCL,247.3,240.4,247.3,237.0,59964,stock
2025-01-13,HIDCL,241.0,235.0,241.0,233.0,76132,stock
2025-01-15,HIDCL,237.0,232.1,238.0,232.1,41208,stock
2025-01-16,HIDCL,233.0,231.7,236.0,227.0,100292,stock
2025-01-19,HIDCL,231.7,233.6,240.0,229.2,85116,stock
2025-01-20,HIDCL,238.0,234.9,238.2,233.0,37747,stock
2025-01-21,HIDCL,231.0,236.9,240.0,231.0,59830,stock
2025-01-22,HIDCL,240.0,257.0,257.8,237.0,359894,stock
2025-01-23,HIDCL,257.0,252.8,264.9,252.0,216378,stock
2025-01-26,HIDCL,257.8,249.0,257.8,248.0,148144,stock
2025-01-27,HIDCL,251.0,243.9,253.2,243.0,125084,stock
2025-01-28,HIDCL,243.0,249.0,252.0,243.0,146352,stock
2025-02-02,HIDCL,250.0,264.5,268.0,250.0,298050,stock
2025-02-03,HIDCL,266.0,265.0,284.0,261.7,428830,stock
2025-02-04,HIDCL,270.3,262.1,270.3,261.0,168102,stock
2025-02-05,HIDCL,262.2,260.0,264.3,259.0,168019,stock
2025-02-06,HIDCL,263.0,261.9,265.0,259.0,121772,stock
2025-02-09,HIDCL,263.0,257.9,265.5,257.0,100044,stock
2025-02-10,HIDCL,256.0,255.9,260.0,253.1,113917,stock
2025-02-11,HIDCL,256.0,254.0,258.0,251.4,86887,stock
2025-02-12,HIDCL,254.0,256.0,258.0,253.0,130832,stock
2025-02-13,HIDCL,254.0,263.0,265.0,254.0,351110,stock
2025-02-16,HIDCL,263.0,271.0,276.0,262.9,522847,stock
2025-02-17,HIDCL,272.0,270.0,278.1,270.0,319163,stock
2025-02-18,HIDCL,270.0,268.0,274.3,265.3,198103,stock
2025-02-20,HIDCL,262.7,264.0,270.0,262.7,151316,stock
2025-02-23,HIDCL,269.0,274.0,283.0,255.1,421597,stock
2025-02-24,HIDCL,276.0,285.5,289.0,276.0,1087247,stock
2025-02-25,HIDCL,286.0,298.0,302.0,286.0,1003779,stock
2025-02-27,HIDCL,301.0,299.0,310.0,292.1,614915,stock
2025-03-02,HIDCL,304.9,298.0,304.9,290.1,565551,stock
2025-03-03,HIDCL,303.9,299.0,306.0,298.0,723046,stock
2025-03-04,HIDCL,299.0,292.3,304.0,292.0,450812,stock
2025-03-05,HIDCL,292.0,290.0,295.0,285.0,500149,stock
2025-03-06,HIDCL,292.9,288.0,292.9,286.0,248935,stock
2025-03-09,HIDCL,288.0,279.0,289.0,278.4,305110,stock
2025-03-10,HIDCL,274.0,274.0,285.0,272.0,237950,stock
2025-03-11,HIDCL,279.4,268.0,279.4,268.0,278347,stock
2025-03-12,HIDCL,268.0,277.3,277.3,266.7,220117,stock
2025-03-16,HIDCL,271.8,271.7,278.0,270.0,215254,stock
2025-03-17,HIDCL,268.0,273.5,278.0,268.0,191405,stock
2025-03-18,HIDCL,278.9,271.0,278.9,270.0,121492,stock
2025-03-19,HIDCL,274.3,266.0,274.3,265.0,132074,stock
2025-03-20,HIDCL,260.7,266.4,268.5,260.7,147825,stock
2025-03-23,HIDCL,266.4,257.92,268.0,257.1,182324,stock
2025-03-24,HIDCL,252.8,264.8,266.9,252.8,161450,stock
2025-03-25,HIDCL,264.8,257.36,264.8,255.3,150982,stock
2025-03-26,HIDCL,252.3,263.45,265.0,252.3,170794,stock
2025-03-27,HIDCL,263.0,270.63,272.0,262.0,236780,stock
2025-03-30,HIDCL,270.0,276.91,283.0,270.0,351548,stock
2025-04-01,HIDCL,271.4,273.42,280.0,270.0,283267,stock
2025-04-02,HIDCL,268.0,275.03,278.9,268.0,140359,stock
2025-04-03,HIDCL,272.1,274.99,279.1,272.0,231903,stock
2025-04-07,HIDCL,273.0,271.7,278.9,270.0,208865,stock
2025-04-08,HIDCL,266.3,271.23,273.0,266.3,152730,stock
2025-04-09,HIDCL,265.9,276.66,279.1,265.9,253367,stock
2025-04-10,HIDCL,277.0,276.79,279.9,275.0,148266,stock
2025-04-13,HIDCL,278.5,288.18,289.9,275.0,579092,stock
2025-04-15,HIDCL,293.0,294.75,300.0,287.2,777416,stock
2025-04-16,HIDCL,300.0,293.1,302.0,290.2,387969,stock
2025-04-17,HIDCL,294.9,313.1,318.3,291.1,1608899,stock
2025-04-20,HIDCL,319.3,317.29,326.0,314.0,1090237,stock
2025-04-21,HIDCL,315.0,325.19,329.4,315.0,1341570,stock
2025-04-22,HIDCL,325.0,312.87,328.0,311.0,831789,stock
2025-04-23,HIDCL,312.0,303.88,312.9,300.0,1044422,stock
2025-04-24,HIDCL,300.2,315.74,320.0,295.0,919186,stock
2025-04-27,HIDCL,315.0,330.8,335.0,315.0,1604962,stock
2025-04-28,HIDCL,330.8,319.06,340.0,318.0,907767,stock
2025-04-29,HIDCL,325.4,317.78,328.0,315.1,743497,stock
2025-04-30,HIDCL,320.0,319.49,325.9,314.1,761583,stock
2025-05-04,HIDCL,323.5,307.59,325.0,306.0,746760,stock
2025-05-05,HIDCL,305.0,304.38,310.0,301.0,624608,stock
2025-05-06,HIDCL,298.3,303.95,311.0,298.3,551624,stock
2025-05-07,HIDCL,303.95,305.61,311.0,299.1,693958,stock
2025-05-08,HIDCL,305.0,311.43,318.9,304.1,970157,stock
2025-05-11,HIDCL,317.6,299.05,317.6,296.0,813386,stock
2025-05-13,HIDCL,293.1,292.5,303.5,292.0,569699,stock
2025-05-14,HIDCL,286.7,285.83,296.5,284.8,359414,stock
2025-05-15,HIDCL,288.0,288.79,291.0,285.0,311585,stock
2025-05-18,HIDCL,289.0,288.26,294.0,287.3,229807,stock
2025-05-19,HIDCL,282.5,292.03,295.5,282.5,232221,stock
2025-05-20,HIDCL,286.2,302.8,310.0,286.2,322114,stock
2025-05-21,HIDCL,308.8,301.03,319.0,300.0,526134,stock
2025-05-22,HIDCL,295.1,300.11,308.0,295.1,307238,stock
2025-05-25,HIDCL,294.2,295.38,303.9,294.0,244603,stock
2025-05-26,HIDCL,301.2,295.19,307.0,293.3,393349,stock
2025-05-27,HIDCL,297.0,295.96,300.0,292.0,229154,stock
2025-05-28,HIDCL,298.0,296.45,301.9,294.1,354811,stock
2025-06-02,HIDCL,302.3,314.62,316.0,300.3,1199802,stock
2025-06-03,HIDCL,320.9,307.82,320.9,306.2,378399,stock
2025-06-04,HIDCL,301.7,308.57,314.9,301.7,386005,stock
2025-06-05,HIDCL,302.4,311.7,314.0,302.4,462000,stock
2025-06-08,HIDCL,312.0,311.08,317.0,309.6,744969,stock
2025-06-09,HIDCL,304.9,310.48,315.0,304.9,391739,stock
2025-06-10,HIDCL,305.5,315.31,323.0,305.5,834832,stock
2025-06-11,HIDCL,309.1,311.15,319.0,309.1,441373,stock
2025-06-12,HIDCL,305.0,307.49,314.0,305.0,314896,stock
2025-06-15,HIDCL,305.0,304.08,313.9,302.0,511875,stock
2025-06-16,HIDCL,298.0,300.03,309.0,298.0,460874,stock
2025-06-17,HIDCL,295.0,297.27,304.0,295.0,261826,stock
2025-06-18,HIDCL,291.4,301.6,304.5,291.4,301193,stock
2025-06-19,HIDCL,304.5,295.9,304.5,295.0,361070,stock
2025-06-22,HIDCL,294.0,288.08,299.6,287.3,346558,stock
2025-06-23,HIDCL,284.0,292.53,293.9,284.0,219563,stock
2025-06-24,HIDCL,298.3,290.17,298.3,290.0,175791,stock
2025-06-25,HIDCL,289.0,285.67,290.0,285.0,213052,stock
2025-06-26,HIDCL,285.0,284.37,289.8,283.2,227498,stock
2025-06-29,HIDCL,284.2,283.98,286.9,282.0,299476,stock
2025-06-30,HIDCL,285.0,284.39,288.0,283.0,210365,stock
2025-07-01,HIDCL,278.8,297.39,299.9,278.8,332209,stock
2025-07-02,HIDCL,303.3,293.91,303.3,293.1,179721,stock
2025-07-03,HIDCL,288.1,291.2,304.9,288.1,162900,stock
2025-07-06,HIDCL,285.4,293.62,298.0,285.4,290983,stock
2025-07-07,HIDCL,293.6,292.09,297.8,290.6,162411,stock
2025-07-08,HIDCL,286.5,291.49,295.0,286.5,124860,stock
2025-07-09,HIDCL,285.7,295.02,299.0,285.7,393796,stock
2025-07-10,HIDCL,289.2,296.59,299.8,289.2,218803,stock
2025-07-13,HIDCL,302.5,296.67,307.0,295.7,289421,stock
2025-07-14,HIDCL,290.8,290.26,296.6,290.0,206794,stock
2025-07-15,HIDCL,285.0,292.79,296.5,285.0,247287,stock
2025-07-16,HIDCL,287.4,292.61,298.9,287.4,390367,stock
2025-07-17,HIDCL,292.0,306.09,310.0,292.0,470440,stock
2025-07-20,HIDCL,307.0,307.32,319.0,306.9,781600,stock
2025-07-21,HIDCL,301.2,309.75,312.0,301.2,392558,stock
2025-07-22,HIDCL,312.0,322.88,326.5,310.0,1150088,stock
2025-07-23,HIDCL,325.0,323.89,329.4,317.2,846769,stock
2025-07-24,HIDCL,330.3,320.84,330.3,318.3,500892,stock
2025-07-27,HIDCL,322.0,310.18,325.0,308.0,695153,stock
2025-07-28,HIDCL,304.0,313.67,314.7,304.0,459931,stock
2025-07-29,HIDCL,309.0,312.18,324.8,309.0,499824,stock
2025-07-30,HIDCL,312.0,306.74,316.0,306.0,332023,stock
2025-07-31,HIDCL,300.7,300.7,309.8,299.0,488131,stock
2025-08-03,HIDCL,294.7,295.48,305.0,294.7,313020,stock
2025-08-04,HIDCL,289.6,295.63,300.7,289.6,290388,stock
2025-08-05,HIDCL,295.0,289.69,298.0,289.0,298941,stock
2025-08-06,HIDCL,283.9,290.49,293.5,283.9,163840,stock
2025-08-07,HIDCL,290.0,294.19,295.0,289.0,164637,stock
2025-08-11,HIDCL,298.9,288.56,298.9,288.0,290368,stock
2025-08-12,HIDCL,282.8,288.04,292.0,282.8,164752,stock
2025-08-13,HIDCL,282.3,288.33,292.0,282.3,137270,stock
2025-08-14,HIDCL,290.0,289.29,291.8,285.0,193740,stock
2025-08-17,HIDCL,288.0,285.27,291.4,284.0,181589,stock
2025-08-18,HIDCL,290.0,286.48,290.0,282.1,169780,stock
2025-08-19,HIDCL,280.8,288.18,292.0,280.8,177968,stock
2025-08-20,HIDCL,282.5,286.37,290.0,282.5,273321,stock
2025-08-21,HIDCL,285.0,285.97,288.6,284.2,218215,stock
2025-08-24,HIDCL,280.3,284.12,289.0,280.3,100316,stock
2025-08-25,HIDCL,280.0,286.07,286.9,280.0,78353,stock
2025-08-26,HIDCL,282.5,285.14,288.0,282.5,137054,stock
2025-08-27,HIDCL,279.8,294.41,296.0,279.8,184316,stock
2025-08-28,HIDCL,291.0,287.56,296.0,287.0,151856,stock
2025-08-31,HIDCL,285.1,283.14,288.8,282.3,170986,stock
2025-09-01,HIDCL,277.5,283.29,287.0,277.5,83065,stock
2025-09-02,HIDCL,283.0,281.66,284.9,280.2,144639,stock
2025-09-03,HIDCL,287.0,280.22,287.0,279.29,128999,stock
2025-09-04,HIDCL,279.3,278.06,283.0,275.7,134860,stock
2025-09-07,HIDCL,272.5,276.17,282.5,272.5,94277,stock
2025-09-08,HIDCL,270.7,270.26,281.5,269.0,127024,stock
2025-09-18,HIDCL,265.0,250.3,265.0,245.0,22665,stock
2025-09-21,HIDCL,245.3,273.91,275.3,245.3,268607,stock
2025-09-23,HIDCL,279.3,281.0,285.0,274.0,189939,stock
2025-09-24,HIDCL,281.0,274.0,281.0,270.0,167531,stock
2025-09-25,HIDCL,275.6,273.0,279.4,268.8,108839,stock
2025-09-28,HIDCL,274.0,274.4,276.0,270.0,76227,stock
2025-10-07,HIDCL,270.0,266.5,273.0,263.0,148622,stock
2025-10-08,HIDCL,266.5,264.7,267.0,258.0,145358,stock
2025-10-09,HIDCL,269.9,265.1,283.0,265.1,219448,stock
2025-10-12,HIDCL,263.0,258.0,265.0,256.7,149094,stock
2025-10-13,HIDCL,263.0,265.0,265.0,254.2,188193,stock
2025-10-14,HIDCL,261.4,258.0,269.0,257.1,70606,stock
2025-10-15,HIDCL,260.0,255.4,263.0,255.4,60991,stock
2025-10-16,HIDCL,259.0,251.5,259.0,250.5,126265,stock
2025-10-19,HIDCL,254.0,254.2,256.8,249.0,65336,stock
2025-10-26,HIDCL,254.2,256.0,256.0,250.0,59330,stock
2025-10-28,HIDCL,258.7,267.5,269.8,258.0,156242,stock
2025-10-29,HIDCL,272.0,270.0,277.0,262.3,199404,stock
2025-10-30,HIDCL,274.0,275.0,276.0,265.0,178501,stock
2025-11-02,HIDCL,280.5,277.7,280.5,273.0,155658,stock
2025-11-03,HIDCL,279.9,273.8,281.9,272.3,127510,stock
2025-11-04,HIDCL,271.7,268.0,275.0,267.0,112866,stock
2025-11-05,HIDCL,267.0,269.0,270.5,263.6,124525,stock
2025-11-06,HIDCL,274.3,271.0,274.3,266.3,175613,stock
2025-11-09,HIDCL,271.0,264.9,273.9,264.0,83521,stock
2025-11-10,HIDCL,260.0,265.0,275.5,260.0,62413,stock
2025-11-11,HIDCL,260.0,264.0,266.0,260.0,60539,stock
2025-11-12,HIDCL,265.0,261.2,265.0,261.2,96442,stock
2025-11-13,HIDCL,256.1,261.0,277.1,256.1,96415,stock
2025-11-16,HIDCL,260.0,260.4,263.9,258.9,85249,stock
2025-11-17,HIDCL,260.0,263.8,263.9,258.0,65432,stock
2025-11-18,HIDCL,269.0,267.7,272.8,260.2,158170,stock
2025-11-19,HIDCL,269.0,267.0,272.0,262.8,70697,stock
2025-11-20,HIDCL,261.7,262.9,269.0,261.7,54871,stock
2025-11-23,HIDCL,268.1,271.4,271.4,266.0,160089,stock
2025-11-24,HIDCL,267.0,278.0,279.8,267.0,183106,stock
2025-11-25,HIDCL,279.0,282.0,283.2,276.5,324409,stock
2025-11-26,HIDCL,285.0,280.0,285.0,279.0,140395,stock
2025-11-27,HIDCL,277.4,278.0,281.8,277.0,234751,stock
2025-11-30,HIDCL,278.0,273.9,281.9,273.0,195403,stock
2025-12-01,HIDCL,276.4,273.0,276.4,271.5,162358,stock
2025-12-02,HIDCL,270.0,273.0,273.9,270.0,71159,stock
2025-12-03,HIDCL,272.5,269.0,274.5,268.8,86398,stock
2025-12-07,HIDCL,270.0,266.7,270.0,265.8,84953,stock
2025-12-08,HIDCL,267.0,266.5,270.0,265.0,61726,stock
2025-12-09,HIDCL,262.0,268.0,270.0,262.0,53043,stock
2025-12-10,HIDCL,263.0,266.9,269.9,263.0,57771,stock
2025-12-11,HIDCL,263.0,267.8,268.2,263.0,88467,stock
2025-12-14,HIDCL,268.0,264.8,268.0,262.0,108582,stock
2025-12-15,HIDCL,262.5,262.9,264.0,260.1,76582,stock
2025-12-16,HIDCL,263.0,266.3,266.5,263.0,126754,stock
2025-12-17,HIDCL,266.3,266.0,268.6,265.2,63425,stock
2025-12-18,HIDCL,266.0,264.7,267.0,262.2,83618,stock
2025-12-21,HIDCL,262.0,263.0,265.5,261.1,137022,stock
2025-12-22,HIDCL,268.2,259.0,268.2,258.0,111105,stock
2025-12-23,HIDCL,250.1,255.1,258.9,250.1,78597,stock
2025-12-24,HIDCL,258.0,254.5,258.0,253.4,46345,stock
2025-12-28,HIDCL,257.0,261.7,262.0,255.9,130510,stock
2025-12-29,HIDCL,266.9,260.0,266.9,258.0,96932,stock
2025-12-31,HIDCL,260.0,261.9,262.9,258.1,83344,stock
2026-01-01,HIDCL,259.0,258.9,262.2,256.0,114299,stock
2026-01-04,HIDCL,259.0,255.4,260.0,255.3,34111,stock
2026-01-05,HIDCL,255.1,258.0,258.9,255.1,73772,stock
2026-01-06,HIDCL,260.6,263.0,263.5,259.0,119456,stock
2026-01-07,HIDCL,260.5,258.0,262.0,257.0,84259,stock
2026-01-08,HIDCL,256.1,257.9,258.0,256.0,76408,stock
2026-01-12,HIDCL,256.2,255.9,259.9,255.6,87905,stock
2026-01-13,HIDCL,257.0,256.7,257.9,254.8,90995,stock
2026-01-14,HIDCL,252.0,255.2,258.0,252.0,83682,stock
2026-01-18,HIDCL,258.0,259.2,263.0,258.0,92708,stock
2026-01-20,HIDCL,264.3,266.7,268.2,262.0,237371,stock
2026-01-21,HIDCL,266.0,264.1,270.0,263.2,187219,stock
2026-01-22,HIDCL,262.0,265.3,266.0,262.0,110713,stock
2026-01-25,HIDCL,265.0,275.0,275.3,265.0,264830,stock
2026-01-26,HIDCL,275.0,270.0,279.0,266.0,291578,stock
2026-01-27,HIDCL,270.0,263.0,273.9,262.7,165589,stock
2026-01-28,HIDCL,263.0,260.5,267.5,258.1,233329,stock
2026-01-29,HIDCL,263.0,266.6,275.0,261.5,311455,stock
2026-02-01,HIDCL,269.0,265.0,270.9,263.2,171572,stock
2026-02-02,HIDCL,265.0,262.9,268.0,262.1,73258,stock
2026-02-03,HIDCL,263.1,261.9,266.3,260.2,139891,stock
2026-02-04,HIDCL,260.0,260.0,264.9,257.5,107188,stock
2026-02-05,HIDCL,262.8,263.7,266.0,258.2,121177,stock
2026-02-08,HIDCL,263.1,260.2,268.5,260.0,179081,stock
2026-02-09,HIDCL,261.5,262.0,265.0,259.0,136674,stock
2026-02-10,HIDCL,263.0,263.0,267.0,260.0,134163,stock
2026-02-11,HIDCL,265.0,264.0,266.3,262.5,157755,stock
2026-02-12,HIDCL,267.0,266.5,269.7,264.0,218225,stock
2026-02-16,HIDCL,269.0,265.0,269.8,264.0,60177,stock
2026-02-17,HIDCL,263.1,259.9,264.0,259.7,129492,stock
2026-02-22,HIDCL,260.0,255.0,260.0,254.6,133171,stock
2026-02-23,HIDCL,255.0,256.9,260.0,255.0,72501,stock
2026-02-24,HIDCL,258.0,259.9,260.0,256.5,94267,stock
2026-02-25,HIDCL,262.9,259.2,263.0,258.0,58412,stock
2026-02-26,HIDCL,264.3,261.2,264.3,259.2,80779,stock
2026-03-01,HIDCL,266.4,261.9,266.4,255.0,93456,stock
2026-03-03,HIDCL,267.1,266.4,267.1,260.5,88409,stock
2026-03-09,HIDCL,271.7,292.0,292.0,271.7,2844,stock
2026-03-10,HIDCL,295.0,291.0,296.0,278.0,717710,stock
2026-03-11,HIDCL,293.0,288.1,297.5,287.0,634950,stock
2026-03-12,HIDCL,289.0,298.5,303.0,288.0,651160,stock
2026-03-15,HIDCL,300.0,294.9,304.4,293.0,425094,stock
2026-03-16,HIDCL,300.0,287.3,300.0,284.7,419979,stock
2026-03-17,HIDCL,287.0,292.5,292.7,282.0,297248,stock
2026-03-19,HIDCL,292.5,299.0,300.0,292.5,677725,stock
2026-03-22,HIDCL,301.0,298.9,304.5,296.1,583067,stock
2026-03-23,HIDCL,300.0,296.6,301.2,293.1,284958,stock
2026-03-24,HIDCL,297.0,295.1,300.0,292.6,325583,stock
2026-03-25,HIDCL,298.0,301.0,307.0,296.0,1205668,stock
2026-03-26,HIDCL,307.0,298.0,307.0,296.2,351659,stock
2026-03-29,HIDCL,298.0,287.2,299.9,286.0,522390,stock
2026-03-30,HIDCL,290.0,278.0,290.0,277.6,523775,stock
2026-03-31,HIDCL,282.0,283.8,284.0,271.2,243430,stock
2026-04-01,HIDCL,283.8,271.0,283.8,270.0,357309,stock
2026-04-02,HIDCL,275.0,272.0,276.0,266.0,215576,stock
2026-04-05,HIDCL,267.0,262.4,270.0,261.0,272116,stock
2026-04-06,HIDCL,262.0,275.2,284.0,260.3,301255,stock
2026-04-07,HIDCL,278.5,275.9,279.9,271.0,168351,stock
2026-04-08,HIDCL,278.0,279.8,279.8,273.3,142941,stock
2026-04-09,HIDCL,280.0,282.8,284.9,276.1,148662,stock
2026-04-10,HIDCL,288.4,277.0,288.4,274.1,166218,stock
2026-04-13,HIDCL,275.0,277.0,280.0,275.0,106753,stock
2026-04-15,HIDCL,280.0,284.7,288.6,277.1,199644,stock
2026-04-16,HIDCL,284.7,277.2,284.9,276.0,156344,stock
2026-04-17,HIDCL,282.7,278.0,282.7,275.0,158094,stock
2026-04-20,HIDCL,278.1,274.1,280.0,273.0,58134,stock
2026-04-21,HIDCL,274.1,271.6,277.0,271.0,75315,stock
2026-04-22,HIDCL,271.0,272.1,278.0,268.0,92938,stock
2026-04-23,HIDCL,273.5,270.7,275.0,269.2,65713,stock
2026-04-24,HIDCL,270.7,270.8,272.0,266.0,92605,stock
2026-04-27,HIDCL,270.8,271.8,273.9,268.0,111885,stock
2026-04-28,HIDCL,285.3,269.9,285.3,267.7,77336,stock
2026-04-29,HIDCL,270.0,267.0,270.0,265.5,53958,stock
2026-04-30,HIDCL,267.0,265.7,268.7,262.0,126205,stock
2026-05-04,HIDCL,265.0,262.5,268.0,261.8,66976,stock
2026-05-05,HIDCL,262.0,263.0,267.0,260.6,60873,stock
2026-05-06,HIDCL,276.1,263.9,276.1,261.5,55036,stock
2026-05-07,HIDCL,266.0,264.8,266.8,262.0,42077,stock
2026-05-08,HIDCL,267.8,267.0,269.0,265.0,44067,stock
2026-05-11,HIDCL,255.0,274.0,274.5,255.0,62384,stock
2026-05-12,HIDCL,277.0,268.0,278.5,266.8,117629,stock
2026-05-13,HIDCL,268.0,268.1,269.5,264.2,36062,stock
2026-05-14,HIDCL,268.0,267.3,269.0,265.0,35732,stock
2026-05-15,HIDCL,270.0,267.0,270.0,264.0,57522,stock
2026-05-18,HIDCL,270.0,268.4,271.0,265.5,52363,stock
2026-05-19,HIDCL,268.4,269.0,270.0,267.0,50762,stock
2026-05-20,HIDCL,270.0,272.0,272.9,268.0,54971,stock
2026-05-21,HIDCL,272.0,269.7,274.0,268.6,45794,stock
2026-05-22,HIDCL,270.0,271.5,272.0,268.3,49025,stock
2026-05-25,HIDCL,270.0,276.0,276.8,270.0,85842,stock
2026-05-26,HIDCL,272.0,272.9,277.7,272.0,51063,stock
2026-05-27,HIDCL,275.0,274.0,276.8,272.4,92338,stock
2026-06-01,HIDCL,270.0,266.2,274.0,265.1,114009,stock
2026-06-02,HIDCL,268.0,269.0,270.0,265.6,53695,stock
2026-06-03,HIDCL,270.0,269.5,274.0,266.0,54895,stock
2026-06-04,HIDCL,270.0,266.2,270.0,265.9,42315,stock
2026-06-05,HIDCL,265.5,265.0,269.5,264.0,61544,stock
2026-06-08,HIDCL,270.8,262.9,270.8,260.0,54591,stock
2026-06-09,HIDCL,250.0,264.5,267.0,250.0,61597,stock
2026-06-10,HIDCL,265.5,263.6,265.5,262.0,22769,stock
2026-06-11,HIDCL,263.0,263.5,264.5,262.0,30657,stock
2026-06-12,HIDCL,262.0,262.5,264.9,261.3,53874,stock
2026-06-15,HIDCL,262.5,261.0,264.0,260.3,46623,stock
2026-06-16,HIDCL,262.0,260.6,263.0,260.0,53425,stock
2026-06-17,HIDCL,261.0,260.9,262.0,259.8,32297,stock
2026-06-18,HIDCL,260.0,260.4,261.0,259.8,28866,stock
2026-06-19,HIDCL,260.3,260.5,263.0,258.5,40945,stock
2026-06-22,HIDCL,262.0,260.0,262.2,259.0,27460,stock
2026-06-23,HIDCL,258.1,258.0,260.0,257.0,23664,stock
2026-06-24,HIDCL,255.1,256.0,259.9,252.0,84472,stock
2026-06-25,HIDCL,256.0,256.5,258.9,253.0,34489,stock
2026-06-26,HIDCL,253.0,254.9,257.0,253.0,47991,stock
2026-06-29,HIDCL,254.0,252.8,254.0,250.0,49719,stock
2026-06-30,HIDCL,252.8,250.0,252.8,248.9,36176,stock
2026-07-01,HIDCL,250.0,254.0,255.0,250.0,31442,stock
2026-07-02,HIDCL,256.0,255.5,256.0,250.0,53596,stock
2026-07-03,HIDCL,255.6,253.0,256.0,252.0,36904,stock
2026-07-06,HIDCL,253.0,250.9,254.9,250.1,38105,stock
2026-07-07,HIDCL,251.1,253.0,254.8,249.2,35413,stock
2026-07-08,HIDCL,250.0,252.4,253.0,249.0,45619,stock
2026-07-09,HIDCL,250.2,248.2,252.9,248.2,33072,stock
2026-07-10,HIDCL,246.8,247.4,251.9,246.7,72974,stock
2026-07-13,HIDCL,247.0,246.6,249.0,246.0,32749,stock
2026-07-14,HIDCL,249.4,250.0,250.0,245.0,62329,stock
2026-07-15,HIDCL,253.0,248.0,253.0,247.1,42075,stock
2026-07-16,HIDCL,250.0,250.0,252.5,248.3,62953,stock
2026-07-17,HIDCL,254.0,264.8,264.8,253.0,61980,stock
2026-07-20,HIDCL,265.0,267.0,270.0,260.0,109486,stock
2026-07-21,HIDCL,280.3,268.8,280.3,262.0,75633,stock
2026-07-22,HIDCL,262.6,266.0,267.8,261.2,64784,stock
2026-07-23,HIDCL,266.0,263.6,267.0,261.1,46621,stock
2026-07-24,HIDCL,262.0,263.7,268.8,262.0,70195,stock
2026-07-27,HIDCL,261.3,262.0,267.0,260.0,55059,stock
2026-07-28,HIDCL,260.0,260.0,263.9,258.2,28585,stock
2026-07-29,HIDCL,260.1,260.0,262.9,258.2,31911,stock
2026-07-30,HIDCL,260.0,258.0,262.8,256.1,44775,stock
2026-07-31,HIDCL,260.0,258.8,260.0,256.1,17829,stock
2026-08-03,HIDCL,271.7,259.2,271.7,258.0,37351,stock
2026-08-04,HIDCL,250.0,255.9,259.6,250.0,48490,stock
2026-08-05,HIDCL,255.9,255.0,257.7,252.0,52595,stock
2026-08-06,HIDCL,259.0,254.6,259.0,253.5,20967,stock
2026-08-07,HIDCL,252.1,254.0,258.0,252.1,20564,stock
2026-08-10,HIDCL,252.6,253.0,254.0,251.0,45099,stock
2026-08-11,HIDCL,265.5,252.5,265.5,252.0,24870,stock
2026-08-12,HIDCL,251.8,265.0,265.0,250.0,163995,stock
2026-08-13,HIDCL,267.0,258.8,267.0,255.0,50911,stock
2026-08-14,HIDCL,245.9,256.0,265.0,245.9,66258,stock
2026-08-17,HIDCL,256.0,253.9,258.0,251.1,33360,stock
2026-08-18,HIDCL,254.0,251.0,254.5,249.5,60397,stock
2026-08-19,HIDCL,263.1,251.0,263.1,248.2,27953,stock
2026-08-20,HIDCL,252.9,253.8,253.8,249.0,17179,stock
2026-08-21,HIDCL,250.0,249.0,254.8,248.2,50980,stock
2026-08-24,HIDCL,249.0,248.0,249.5,246.1,76586,stock
2026-08-25,HIDCL,248.0,247.0,249.0,244.6,65423,stock
2026-08-26,HIDCL,246.0,242.0,246.8,240.7,78589,stock
2026-08-27,HIDCL,238.5,242.0,242.0,234.0,87588,stock
2026-08-31,HIDCL,240.0,236.8,241.0,236.7,45104,stock
2026-09-01,HIDCL,235.1,236.2,239.9,235.0,92472,stock
2026-09-02,HIDCL,232.6,239.4,239.4,232.6,49951,stock
2026-09-03,HIDCL,239.6,239.0,241.0,237.4,29189,stock
2026-09-07,HIDCL,240.5,243.0,244.6,239.0,72026,stock
2026-09-09,HIDCL,255.1,240.0,255.1,239.2,30539,stock
2026-09-10,HIDCL,237.5,240.0,242.0,237.5,23479,stock
2026-09-11,HIDCL,240.0,245.0,246.9,239.1,47609,stock
2026-09-14,HIDCL,245.0,246.5,250.0,242.5,56429,stock
2026-09-15,HIDCL,258.8,257.6,263.0,248.1,211629,stock
2026-09-16,HIDCL,260.0,255.0,261.0,250.0,106152,stock
2026-09-17,HIDCL,267.7,253.2,267.7,252.3,62869,stock
2026-09-18,HIDCL,253.2,258.9,261.6,251.1,128092,stock
2026-09-22,HIDCL,258.0,262.0,264.0,258.0,121068,stock
2026-09-23,HIDCL,265.0,256.3,265.0,256.1,121254,stock
2026-09-24,HIDCL,269.0,256.0,269.0,253.7,32118,stock
2026-09-28,HIDCL,256.0,252.5,256.5,252.0,72487,stock
2026-09-29,HIDCL,250.2,251.5,253.0,249.5,48737,stock
2026-09-30,HIDCL,251.5,252.0,254.9,249.2,26388,stock
2026-10-01,HIDCL,254.0,250.0,254.0,248.3,39784,stock
2026-10-02,HIDCL,250.0,249.5,252.0,248.6,32068,stock
2026-10-05,HIDCL,248.0,246.9,249.9,246.1,42063,stock
2026-10-06,HIDCL,246.0,249.0,250.0,246.0,31237,stock
2026-10-07,HIDCL,249.0,247.7,250.0,247.0,20195,stock
2026-10-08,HIDCL,248.0,248.0,248.0,246.3,27746,stock
