time,symbol,open,close,high,low,volume,category
2014-02-05,KMCDB,711.0,378.0,378.0,357.0,40,stock
2014-02-06,KMCDB,378.0,399.0,399.0,385.0,30,stock
2014-02-10,KMCDB,399.0,399.0,399.0,399.0,10,stock
2014-02-11,KMCDB,399.0,414.0,414.0,406.0,43,stock
2014-02-12,KMCDB,414.0,455.0,455.0,422.0,80,stock
2014-02-13,KMCDB,455.0,473.0,473.0,464.0,43,stock
2014-02-16,KMCDB,473.0,520.0,520.0,482.0,276,stock
2014-02-17,KMCDB,520.0,572.0,572.0,530.0,70,stock
2014-02-18,KMCDB,572.0,629.0,629.0,583.0,90,stock
2014-02-20,KMCDB,629.0,691.0,691.0,660.0,65,stock
2014-02-23,KMCDB,691.0,760.0,760.0,704.0,854,stock
2014-02-24,KMCDB,760.0,836.0,836.0,775.0,2829,stock
2014-02-25,KMCDB,836.0,918.0,919.0,770.0,10245,stock
2014-02-26,KMCDB,918.0,856.0,920.0,855.0,3820,stock
2014-03-03,KMCDB,856.0,813.0,840.0,780.0,3330,stock
2014-03-04,KMCDB,813.0,797.0,800.0,780.0,5326,stock
2014-03-05,KMCDB,797.0,795.0,806.0,785.0,1518,stock
2014-03-06,KMCDB,795.0,775.0,800.0,775.0,616,stock
2014-03-09,KMCDB,775.0,780.0,780.0,756.0,1834,stock
2014-03-10,KMCDB,780.0,765.0,775.0,730.0,2660,stock
2014-03-11,KMCDB,765.0,750.0,760.0,740.0,1294,stock
2014-03-12,KMCDB,750.0,738.0,745.0,725.0,1136,stock
2014-03-13,KMCDB,738.0,750.0,750.0,730.0,1177,stock
2014-03-17,KMCDB,750.0,705.0,745.0,701.0,1250,stock
2014-03-18,KMCDB,705.0,681.0,709.0,681.0,2024,stock
2014-03-19,KMCDB,681.0,681.0,690.0,667.0,1156,stock
2014-03-20,KMCDB,681.0,690.0,690.0,670.0,800,stock
2014-03-23,KMCDB,690.0,680.0,695.0,660.0,896,stock
2014-03-24,KMCDB,680.0,666.0,673.0,654.0,392,stock
2014-03-25,KMCDB,666.0,675.0,686.0,660.0,1075,stock
2014-03-26,KMCDB,675.0,679.0,689.0,650.0,1839,stock
2014-03-27,KMCDB,679.0,693.0,693.0,672.0,2719,stock
2014-03-31,KMCDB,693.0,710.0,710.0,686.0,857,stock
2014-04-01,KMCDB,710.0,710.0,720.0,710.0,756,stock
2014-04-02,KMCDB,710.0,701.0,720.0,700.0,230,stock
2014-04-03,KMCDB,701.0,680.0,701.0,680.0,492,stock
2014-04-06,KMCDB,680.0,681.0,685.0,680.0,249,stock
2014-04-07,KMCDB,681.0,700.0,710.0,684.0,2708,stock
2014-04-09,KMCDB,700.0,705.0,705.0,687.0,834,stock
2014-04-10,KMCDB,705.0,704.0,715.0,690.0,478,stock
2014-04-13,KMCDB,704.0,701.0,705.0,700.0,274,stock
2014-04-15,KMCDB,701.0,712.0,726.0,700.0,1348,stock
2014-04-16,KMCDB,712.0,715.0,723.0,710.0,240,stock
2014-04-17,KMCDB,715.0,710.0,715.0,709.0,731,stock
2014-04-20,KMCDB,710.0,710.0,710.0,708.0,263,stock
2014-04-21,KMCDB,710.0,685.0,710.0,685.0,1684,stock
2014-04-22,KMCDB,685.0,698.0,698.0,659.0,308,stock
2014-04-23,KMCDB,698.0,675.0,700.0,673.0,2295,stock
2014-04-27,KMCDB,675.0,681.0,688.0,675.0,422,stock
2014-04-28,KMCDB,681.0,702.0,725.0,685.0,517,stock
2014-04-29,KMCDB,702.0,699.0,699.0,688.0,30,stock
2014-04-30,KMCDB,699.0,685.0,686.0,679.0,783,stock
2014-05-04,KMCDB,685.0,733.0,740.0,680.0,4493,stock
2014-05-05,KMCDB,733.0,760.0,804.0,732.0,2079,stock
2014-05-06,KMCDB,760.0,736.0,760.0,731.0,640,stock
2014-05-07,KMCDB,736.0,731.0,732.0,722.0,452,stock
2014-05-08,KMCDB,731.0,701.0,730.0,701.0,2847,stock
2014-05-11,KMCDB,701.0,699.0,710.0,697.0,130,stock
2014-05-12,KMCDB,699.0,720.0,720.0,695.0,957,stock
2014-05-13,KMCDB,720.0,770.0,770.0,710.0,2680,stock
2014-05-15,KMCDB,770.0,770.0,780.0,770.0,670,stock
2014-05-18,KMCDB,770.0,708.0,755.0,707.0,493,stock
2014-05-19,KMCDB,708.0,712.0,722.0,707.0,1023,stock
2014-05-20,KMCDB,712.0,711.0,722.0,700.0,1484,stock
2014-05-21,KMCDB,711.0,711.0,715.0,700.0,3508,stock
2014-05-22,KMCDB,711.0,711.0,720.0,710.0,1060,stock
2014-05-25,KMCDB,711.0,718.0,720.0,705.0,550,stock
2014-05-26,KMCDB,718.0,730.0,755.0,722.0,1458,stock
2014-05-27,KMCDB,730.0,718.0,729.0,711.0,1292,stock
2014-05-28,KMCDB,718.0,720.0,725.0,713.0,200,stock
2014-06-01,KMCDB,720.0,720.0,720.0,710.0,577,stock
2014-06-02,KMCDB,720.0,710.0,715.0,710.0,190,stock
2014-06-03,KMCDB,710.0,730.0,730.0,685.0,1235,stock
2014-06-04,KMCDB,730.0,695.0,716.0,686.0,1458,stock
2014-06-05,KMCDB,695.0,686.0,695.0,670.0,459,stock
2014-06-08,KMCDB,686.0,680.0,680.0,680.0,10,stock
2014-06-09,KMCDB,680.0,695.0,695.0,671.0,835,stock
2014-06-10,KMCDB,695.0,694.0,708.0,690.0,1272,stock
2014-06-11,KMCDB,694.0,700.0,700.0,690.0,962,stock
2014-06-12,KMCDB,700.0,691.0,701.0,687.0,620,stock
2014-06-15,KMCDB,691.0,703.0,703.0,690.0,174,stock
2014-06-16,KMCDB,703.0,696.0,710.0,696.0,101,stock
2014-06-17,KMCDB,696.0,708.0,708.0,696.0,100,stock
2014-06-18,KMCDB,708.0,681.0,695.0,681.0,83,stock
2014-06-19,KMCDB,681.0,678.0,681.0,675.0,267,stock
2014-06-23,KMCDB,678.0,670.0,670.0,670.0,164,stock
2014-06-24,KMCDB,670.0,736.0,736.0,659.0,309,stock
2014-06-30,KMCDB,736.0,700.0,722.0,680.0,1932,stock
2014-07-01,KMCDB,700.0,721.0,743.0,700.0,2062,stock
2014-07-02,KMCDB,721.0,730.0,740.0,730.0,1655,stock
2014-07-03,KMCDB,730.0,730.0,744.0,720.0,967,stock
2014-07-06,KMCDB,730.0,745.0,745.0,725.0,976,stock
2014-07-07,KMCDB,745.0,725.0,745.0,721.0,509,stock
2014-07-08,KMCDB,725.0,710.0,720.0,700.0,718,stock
2014-07-09,KMCDB,710.0,695.0,710.0,695.0,148,stock
2014-07-10,KMCDB,695.0,728.0,728.0,696.0,853,stock
2014-07-13,KMCDB,728.0,744.0,756.0,728.0,603,stock
2014-07-14,KMCDB,744.0,712.0,730.0,702.0,1010,stock
2014-07-15,KMCDB,712.0,720.0,730.0,700.0,3585,stock
2014-07-16,KMCDB,720.0,740.0,748.0,720.0,476,stock
2014-07-17,KMCDB,740.0,745.0,745.0,739.0,1016,stock
2014-07-20,KMCDB,745.0,819.0,819.0,750.0,8950,stock
2014-07-21,KMCDB,819.0,900.0,900.0,835.0,7496,stock
2014-07-22,KMCDB,900.0,900.0,973.0,871.0,5325,stock
2014-07-23,KMCDB,900.0,870.0,900.0,868.0,735,stock
2014-07-24,KMCDB,870.0,860.0,880.0,860.0,884,stock
2014-07-27,KMCDB,860.0,845.0,845.0,840.0,172,stock
2014-07-28,KMCDB,845.0,813.0,829.0,813.0,30,stock
2014-07-30,KMCDB,813.0,792.0,800.0,790.0,2786,stock
2014-07-31,KMCDB,792.0,800.0,800.0,790.0,1098,stock
2014-08-03,KMCDB,800.0,780.0,790.0,775.0,300,stock
2014-08-04,KMCDB,780.0,780.0,780.0,771.0,443,stock
2014-08-05,KMCDB,780.0,770.0,800.0,770.0,317,stock
2014-08-06,KMCDB,770.0,790.0,800.0,770.0,1406,stock
2014-08-07,KMCDB,790.0,803.0,803.0,776.0,308,stock
2014-08-12,KMCDB,803.0,787.0,787.0,787.0,60,stock
2014-08-13,KMCDB,787.0,800.0,800.0,772.0,788,stock
2014-08-14,KMCDB,800.0,775.0,795.0,775.0,352,stock
2014-08-18,KMCDB,775.0,770.0,774.0,750.0,333,stock
2014-08-19,KMCDB,770.0,751.0,760.0,751.0,815,stock
2014-08-20,KMCDB,751.0,715.0,740.0,715.0,462,stock
2014-08-21,KMCDB,715.0,707.0,720.0,700.0,981,stock
2014-08-24,KMCDB,707.0,701.0,702.0,688.0,132,stock
2014-08-25,KMCDB,701.0,661.0,700.0,661.0,120,stock
2014-08-26,KMCDB,661.0,680.0,680.0,670.0,70,stock
2014-08-27,KMCDB,680.0,690.0,702.0,690.0,923,stock
2014-08-28,KMCDB,690.0,714.0,714.0,677.0,1571,stock
2014-09-01,KMCDB,714.0,700.0,700.0,700.0,100,stock
2014-09-03,KMCDB,700.0,690.0,700.0,690.0,594,stock
2014-09-04,KMCDB,690.0,670.0,677.0,666.0,286,stock
2014-09-07,KMCDB,670.0,632.0,657.0,632.0,284,stock
2014-09-09,KMCDB,632.0,640.0,640.0,630.0,384,stock
2014-09-10,KMCDB,640.0,683.0,683.0,647.0,579,stock
2014-09-11,KMCDB,683.0,670.0,680.0,670.0,615,stock
2014-09-14,KMCDB,670.0,657.0,657.0,657.0,50,stock
2014-09-16,KMCDB,657.0,655.0,655.0,644.0,627,stock
2014-09-17,KMCDB,655.0,663.0,663.0,650.0,985,stock
2014-09-22,KMCDB,644.0,630.0,635.0,624.0,162,stock
2014-09-23,KMCDB,630.0,630.0,642.0,625.0,318,stock
2014-09-24,KMCDB,630.0,620.0,631.0,620.0,668,stock
2014-09-28,KMCDB,620.0,622.0,622.0,620.0,30,stock
2014-09-29,KMCDB,622.0,634.0,634.0,634.0,10,stock
2014-09-30,KMCDB,634.0,640.0,641.0,640.0,126,stock
2014-10-09,KMCDB,640.0,630.0,640.0,620.0,281,stock
2014-10-12,KMCDB,630.0,620.0,620.0,620.0,30,stock
2014-10-13,KMCDB,620.0,608.0,621.0,608.0,200,stock
2014-10-14,KMCDB,608.0,642.0,642.0,608.0,293,stock
2014-10-15,KMCDB,642.0,636.0,640.0,636.0,80,stock
2014-10-16,KMCDB,636.0,659.0,659.0,635.0,180,stock
2014-10-19,KMCDB,659.0,672.0,672.0,660.0,420,stock
2014-10-20,KMCDB,672.0,680.0,680.0,671.0,610,stock
2014-10-21,KMCDB,680.0,690.0,690.0,690.0,10,stock
2014-10-22,KMCDB,690.0,670.0,681.0,670.0,523,stock
2014-10-26,KMCDB,670.0,665.0,665.0,665.0,10,stock
2014-10-27,KMCDB,665.0,678.0,683.0,663.0,315,stock
2014-10-28,KMCDB,678.0,671.0,680.0,667.0,381,stock
2014-10-30,KMCDB,671.0,675.0,675.0,670.0,50,stock
2014-11-03,KMCDB,675.0,654.0,665.0,654.0,321,stock
2014-11-04,KMCDB,654.0,649.0,650.0,649.0,110,stock
2014-11-05,KMCDB,649.0,680.0,700.0,661.0,70,stock
2014-11-06,KMCDB,680.0,654.0,667.0,654.0,20,stock
2014-11-09,KMCDB,654.0,641.0,654.0,641.0,103,stock
2014-11-10,KMCDB,641.0,625.0,653.0,625.0,287,stock
2014-11-11,KMCDB,625.0,630.0,630.0,615.0,600,stock
2014-11-12,KMCDB,630.0,620.0,620.0,606.0,490,stock
2014-11-13,KMCDB,620.0,610.0,610.0,610.0,220,stock
2014-11-16,KMCDB,610.0,620.0,622.0,610.0,260,stock
2014-11-17,KMCDB,620.0,610.0,620.0,600.0,432,stock
2014-11-18,KMCDB,610.0,583.0,600.0,580.0,283,stock
2014-11-19,KMCDB,583.0,605.0,605.0,583.0,455,stock
2014-11-20,KMCDB,605.0,593.0,605.0,593.0,50,stock
2014-11-23,KMCDB,593.0,615.0,616.0,600.0,1014,stock
2014-11-24,KMCDB,615.0,630.0,630.0,625.0,70,stock
2014-11-25,KMCDB,630.0,625.0,625.0,613.0,382,stock
2014-11-30,KMCDB,625.0,613.0,635.0,613.0,350,stock
2014-12-01,KMCDB,613.0,598.0,602.0,591.0,221,stock
2014-12-02,KMCDB,598.0,605.0,605.0,605.0,10,stock
2014-12-03,KMCDB,605.0,600.0,605.0,600.0,165,stock
2014-12-04,KMCDB,600.0,590.0,590.0,590.0,40,stock
2014-12-07,KMCDB,590.0,595.0,595.0,584.0,370,stock
2014-12-08,KMCDB,595.0,580.0,595.0,580.0,30,stock
2014-12-09,KMCDB,580.0,574.0,580.0,571.0,306,stock
2014-12-10,KMCDB,574.0,565.0,575.0,564.0,1086,stock
2014-12-11,KMCDB,565.0,587.0,587.0,565.0,270,stock
2014-12-14,KMCDB,587.0,610.0,610.0,585.0,202,stock
2014-12-15,KMCDB,610.0,606.0,610.0,598.0,1751,stock
2014-12-16,KMCDB,606.0,600.0,610.0,585.0,3423,stock
2014-12-17,KMCDB,600.0,607.0,607.0,585.0,1329,stock
2014-12-18,KMCDB,607.0,620.0,620.0,596.0,2267,stock
2014-12-21,KMCDB,620.0,601.0,608.0,596.0,3012,stock
2014-12-22,KMCDB,601.0,603.0,605.0,596.0,1850,stock
2014-12-23,KMCDB,603.0,600.0,600.0,599.0,496,stock
2014-12-24,KMCDB,600.0,600.0,605.0,600.0,230,stock
2014-12-28,KMCDB,600.0,622.0,622.0,600.0,851,stock
2014-12-29,KMCDB,622.0,640.0,649.0,625.0,1134,stock
2014-12-31,KMCDB,640.0,704.0,704.0,615.0,6394,stock
2015-01-01,KMCDB,704.0,774.0,774.0,710.0,8047,stock
2015-01-04,KMCDB,774.0,828.0,828.0,740.0,8506,stock
2015-01-05,KMCDB,828.0,890.0,897.0,823.0,11454,stock
2015-01-06,KMCDB,890.0,934.0,935.0,883.0,7553,stock
2015-01-07,KMCDB,934.0,920.0,933.0,881.0,4530,stock
2015-01-08,KMCDB,920.0,930.0,947.0,904.0,5637,stock
2015-01-11,KMCDB,930.0,915.0,948.0,877.0,1243,stock
2015-01-12,KMCDB,915.0,907.0,915.0,886.0,2715,stock
2015-01-13,KMCDB,907.0,900.0,901.0,878.0,2034,stock
2015-01-14,KMCDB,900.0,900.0,916.0,865.0,4319,stock
2015-01-18,KMCDB,900.0,910.0,911.0,900.0,1424,stock
2015-01-19,KMCDB,910.0,910.0,910.0,902.0,1433,stock
2015-01-20,KMCDB,910.0,915.0,925.0,860.0,1983,stock
2015-01-22,KMCDB,915.0,900.0,912.0,895.0,1994,stock
2015-01-25,KMCDB,900.0,910.0,910.0,890.0,1975,stock
2015-01-26,KMCDB,910.0,902.0,915.0,900.0,1685,stock
2015-01-27,KMCDB,902.0,906.0,910.0,901.0,1313,stock
2015-01-28,KMCDB,906.0,925.0,925.0,905.0,1958,stock
2015-01-29,KMCDB,925.0,930.0,930.0,915.0,1583,stock
2015-02-01,KMCDB,930.0,925.0,948.0,925.0,586,stock
2015-02-02,KMCDB,925.0,994.0,994.0,940.0,2832,stock
2015-02-03,KMCDB,994.0,998.0,1013.0,980.0,2356,stock
2015-02-04,KMCDB,998.0,1025.0,1059.0,1000.0,3642,stock
2015-02-05,KMCDB,1025.0,1005.0,1045.0,1000.0,1436,stock
2015-02-08,KMCDB,1005.0,1000.0,1000.0,980.0,507,stock
2015-02-09,KMCDB,1000.0,1005.0,1005.0,986.0,2612,stock
2015-02-10,KMCDB,1005.0,992.0,1005.0,990.0,2505,stock
2015-02-11,KMCDB,992.0,1007.0,1015.0,980.0,2741,stock
2015-02-12,KMCDB,1007.0,1000.0,1008.0,1000.0,2026,stock
2015-02-15,KMCDB,1000.0,1040.0,1040.0,1006.0,1167,stock
2015-02-16,KMCDB,1040.0,1056.0,1072.0,1054.0,3511,stock
2015-02-19,KMCDB,1056.0,1010.0,1075.0,1010.0,3203,stock
2015-02-22,KMCDB,1010.0,1065.0,1080.0,1025.0,3285,stock
2015-02-23,KMCDB,1065.0,1045.0,1050.0,1026.0,5029,stock
2015-02-24,KMCDB,1045.0,1038.0,1040.0,1030.0,2690,stock
2015-02-25,KMCDB,1040.0,1055.0,1071.0,1045.0,586,stock
2015-03-01,KMCDB,1056.0,1043.0,1050.0,1042.0,632,stock
2015-03-02,KMCDB,1043.0,1117.0,1117.0,1043.0,1477,stock
2015-03-03,KMCDB,1117.0,1086.0,1100.0,1033.0,1971,stock
2015-03-04,KMCDB,1086.0,1149.0,1167.0,1065.0,4154,stock
2015-03-09,KMCDB,1149.0,1185.0,1217.0,1171.0,2913,stock
2015-03-10,KMCDB,1185.0,1158.0,1180.0,1147.0,2670,stock
2015-03-11,KMCDB,1158.0,1136.0,1151.0,1135.0,2865,stock
2015-03-12,KMCDB,1136.0,1127.0,1150.0,1125.0,1485,stock
2015-03-15,KMCDB,1127.0,1110.0,1125.0,1106.0,145,stock
2015-03-16,KMCDB,1110.0,1075.0,1105.0,1055.0,1763,stock
2015-03-17,KMCDB,1075.0,1100.0,1161.0,1096.0,1451,stock
2015-03-18,KMCDB,1100.0,1105.0,1110.0,1088.0,665,stock
2015-03-19,KMCDB,1105.0,1106.0,1122.0,1100.0,710,stock
2015-03-22,KMCDB,1106.0,1078.0,1106.0,1078.0,935,stock
2015-03-23,KMCDB,1078.0,1057.0,1057.0,1057.0,495,stock
2015-03-24,KMCDB,1057.0,1081.0,1081.0,1051.0,404,stock
2015-03-25,KMCDB,1081.0,1070.0,1075.0,1060.0,1995,stock
2015-03-26,KMCDB,1070.0,1090.0,1090.0,1080.0,170,stock
2015-03-29,KMCDB,1090.0,1070.0,1070.0,1049.0,544,stock
2015-03-30,KMCDB,1070.0,1055.0,1091.0,1049.0,1149,stock
2015-04-01,KMCDB,1055.0,1055.0,1055.0,1055.0,10,stock
2015-04-05,KMCDB,1055.0,1036.0,1050.0,1036.0,88,stock
2015-04-06,KMCDB,1036.0,1055.0,1055.0,1016.0,450,stock
2015-04-07,KMCDB,1055.0,1036.0,1045.0,1030.0,1858,stock
2015-04-08,KMCDB,1036.0,1045.0,1045.0,1035.0,1445,stock
2015-04-09,KMCDB,1045.0,1060.0,1070.0,1045.0,628,stock
2015-04-12,KMCDB,1060.0,1055.0,1070.0,1054.0,715,stock
2015-04-13,KMCDB,1055.0,1045.0,1045.0,1035.0,1374,stock
2015-04-15,KMCDB,1045.0,1025.0,1025.0,1025.0,543,stock
2015-04-16,KMCDB,1025.0,1025.0,1045.0,1025.0,150,stock
2015-04-19,KMCDB,1025.0,1030.0,1040.0,1030.0,220,stock
2015-04-20,KMCDB,1030.0,1035.0,1035.0,1015.0,170,stock
2015-04-21,KMCDB,1035.0,1045.0,1050.0,1035.0,302,stock
2015-04-23,KMCDB,1045.0,1022.0,1030.0,1016.0,616,stock
2015-05-24,KMCDB,1022.0,1022.0,1022.0,1022.0,10,stock
2015-06-01,KMCDB,1022.0,990.0,1002.0,982.0,509,stock
2015-06-02,KMCDB,990.0,950.0,971.0,916.0,471,stock
2015-06-03,KMCDB,950.0,985.0,995.0,960.0,566,stock
2015-06-04,KMCDB,985.0,996.0,1030.0,983.0,1447,stock
2015-06-07,KMCDB,996.0,1015.0,1030.0,1000.0,1032,stock
2015-06-08,KMCDB,1020.0,1052.0,1060.0,1025.0,1336,stock
2015-06-09,KMCDB,1052.0,1065.0,1076.0,1055.0,1325,stock
2015-06-10,KMCDB,1065.0,1044.0,1045.0,1044.0,650,stock
2015-06-11,KMCDB,1044.0,1059.0,1059.0,1044.0,777,stock
2015-06-14,KMCDB,1059.0,1030.0,1050.0,1020.0,257,stock
2015-06-15,KMCDB,1030.0,1030.0,1040.0,1030.0,481,stock
2015-06-16,KMCDB,1030.0,1011.0,1030.0,1000.0,112,stock
2015-06-17,KMCDB,1011.0,991.0,1000.0,991.0,310,stock
2015-06-18,KMCDB,991.0,985.0,990.0,985.0,250,stock
2015-06-21,KMCDB,985.0,1000.0,1000.0,980.0,192,stock
2015-06-22,KMCDB,1000.0,992.0,1000.0,992.0,132,stock
2015-06-23,KMCDB,999.0,995.0,1010.0,992.0,267,stock
2015-06-24,KMCDB,1000.0,1000.0,1014.0,995.0,425,stock
2015-06-25,KMCDB,995.0,1010.0,1010.0,995.0,1331,stock
2015-06-28,KMCDB,1015.0,1011.0,1016.0,1010.0,830,stock
2015-06-29,KMCDB,1000.0,1030.0,1030.0,1000.0,434,stock
2015-06-30,KMCDB,1050.0,1038.0,1070.0,1035.0,1099,stock
2015-07-01,KMCDB,1058.0,1045.0,1058.0,1045.0,182,stock
2015-07-02,KMCDB,1030.0,1040.0,1040.0,1012.0,364,stock
2015-07-05,KMCDB,1030.0,1032.0,1032.0,1030.0,73,stock
2015-07-06,KMCDB,1052.0,1039.0,1073.0,1039.0,957,stock
2015-07-07,KMCDB,1025.0,1050.0,1055.0,1025.0,312,stock
2015-07-08,KMCDB,1070.0,1050.0,1070.0,1041.0,494,stock
2015-07-09,KMCDB,1050.0,1090.0,1100.0,1050.0,2272,stock
2015-07-12,KMCDB,1122.0,1155.0,1175.0,1122.0,4497,stock
2015-07-13,KMCDB,1160.0,1160.0,1183.0,1160.0,1788,stock
2015-07-14,KMCDB,1150.0,1161.0,1161.0,1140.0,1166,stock
2015-07-15,KMCDB,1181.0,1181.0,1181.0,1150.0,3193,stock
2015-07-16,KMCDB,1181.0,1198.0,1200.0,1169.0,3193,stock
2015-07-22,KMCDB,1210.0,1300.0,1300.0,1210.0,12598,stock
2015-07-23,KMCDB,1300.0,1240.0,1329.0,1235.0,1219,stock
2015-07-26,KMCDB,1240.0,1340.0,1340.0,1264.0,851,stock
2015-07-27,KMCDB,1340.0,1288.0,1314.0,1288.0,182,stock
2015-07-29,KMCDB,1288.0,1199.0,1263.0,1190.0,744,stock
2015-07-30,KMCDB,1200.0,1220.0,1235.0,1202.0,3556,stock
2015-08-02,KMCDB,1220.0,1215.0,1220.0,1215.0,2191,stock
2015-08-03,KMCDB,1215.0,1192.0,1210.0,1168.0,2729,stock
2015-08-04,KMCDB,1192.0,1195.0,1195.0,1170.0,807,stock
2015-08-05,KMCDB,1195.0,1200.0,1215.0,1180.0,1382,stock
2015-08-06,KMCDB,1200.0,1254.0,1254.0,1190.0,4194,stock
2015-08-20,KMCDB,1279.0,1379.0,1379.0,1279.0,50,stock
2015-08-23,KMCDB,1456.0,1500.0,1516.0,1400.0,1670,stock
2015-08-24,KMCDB,1530.0,1630.0,1650.0,1530.0,210,stock
2015-08-26,KMCDB,1600.0,1600.0,1600.0,1600.0,20,stock
2015-08-27,KMCDB,1568.0,1537.0,1568.0,1537.0,20,stock
2015-09-01,KMCDB,1537.0,1520.0,1520.0,1510.0,400,stock
2015-09-02,KMCDB,1490.0,1490.0,1490.0,1490.0,100,stock
2015-09-03,KMCDB,1461.0,1380.0,1461.0,1380.0,310,stock
2015-09-06,KMCDB,1355.0,1353.0,1355.0,1353.0,138,stock
2015-09-07,KMCDB,1330.0,1353.0,1353.0,1301.0,390,stock
2015-09-08,KMCDB,1380.0,1399.0,1407.0,1380.0,522,stock
2015-09-09,KMCDB,1426.0,1475.0,1485.0,1426.0,1162,stock
2015-09-10,KMCDB,1500.0,1502.0,1550.0,1500.0,1307,stock
2015-09-14,KMCDB,1475.0,1450.0,1475.0,1446.0,250,stock
2015-09-15,KMCDB,1479.0,1501.0,1501.0,1479.0,193,stock
2015-09-16,KMCDB,1520.0,1530.0,1530.0,1510.0,300,stock
2015-09-23,KMCDB,1500.0,1455.0,1500.0,1451.0,732,stock
2015-09-24,KMCDB,1455.0,1480.0,1480.0,1451.0,462,stock
2015-09-29,KMCDB,1500.0,1500.0,1500.0,1500.0,100,stock
2015-09-30,KMCDB,1470.0,1470.0,1470.0,1470.0,100,stock
2015-10-04,KMCDB,1490.0,1490.0,1490.0,1490.0,100,stock
2015-10-06,KMCDB,1490.0,1475.0,1500.0,1475.0,300,stock
2015-10-07,KMCDB,1446.0,1418.0,1446.0,1418.0,124,stock
2015-10-08,KMCDB,1390.0,1504.0,1504.0,1390.0,687,stock
2015-10-14,KMCDB,1533.0,1503.0,1533.0,1503.0,20,stock
2015-10-28,KMCDB,1473.0,1473.0,1473.0,1473.0,10,stock
2015-10-29,KMCDB,1444.0,1390.0,1444.0,1363.0,150,stock
2015-11-01,KMCDB,1375.0,1350.0,1375.0,1350.0,60,stock
2015-11-02,KMCDB,1325.0,1325.0,1325.0,1325.0,50,stock
2015-11-03,KMCDB,1301.0,1256.0,1301.0,1250.0,692,stock
2015-11-04,KMCDB,1225.0,1280.0,1285.0,1215.0,1252,stock
2015-11-05,KMCDB,1260.0,1277.0,1277.0,1226.0,731,stock
2015-11-08,KMCDB,1280.0,1285.0,1285.0,1280.0,183,stock
2015-11-09,KMCDB,1310.0,1355.0,1355.0,1310.0,3190,stock
2015-11-10,KMCDB,1335.0,1375.0,1382.0,1320.0,4601,stock
2015-11-15,KMCDB,1348.0,1321.0,1348.0,1290.0,911,stock
2015-11-16,KMCDB,1295.0,1320.0,1320.0,1295.0,200,stock
2015-11-18,KMCDB,1300.0,1320.0,1325.0,1300.0,842,stock
2015-11-19,KMCDB,1294.0,1330.0,1330.0,1294.0,586,stock
2015-11-22,KMCDB,1304.0,1285.0,1304.0,1278.0,570,stock
2015-11-23,KMCDB,1275.0,1274.0,1275.0,1250.0,499,stock
2015-11-24,KMCDB,1265.0,1280.0,1280.0,1265.0,300,stock
2015-11-25,KMCDB,1280.0,1280.0,1280.0,1275.0,120,stock
2015-11-26,KMCDB,1251.0,1250.0,1251.0,1250.0,80,stock
2015-11-29,KMCDB,1225.0,1199.0,1225.0,1180.0,1105,stock
2015-11-30,KMCDB,1222.0,1200.0,1222.0,1198.0,1480,stock
2015-12-01,KMCDB,1200.0,1267.0,1267.0,1220.0,202,stock
2015-12-02,KMCDB,1242.0,1240.0,1260.0,1235.0,610,stock
2015-12-03,KMCDB,1259.0,1295.0,1307.0,1259.0,459,stock
2015-12-04,KMCDB,1320.0,1400.0,1400.0,1320.0,1284,stock
2015-12-07,KMCDB,1402.0,1341.0,1402.0,1340.0,3235,stock
2015-12-08,KMCDB,1335.0,1442.0,1443.0,1335.0,1627,stock
2015-12-09,KMCDB,1471.0,1550.0,1583.0,1450.0,6119,stock
2015-12-10,KMCDB,1581.0,1500.0,1591.0,1452.0,4192,stock
2015-12-13,KMCDB,1470.0,1511.0,1549.0,1470.0,3381,stock
2015-12-14,KMCDB,1500.0,1460.0,1500.0,1460.0,3321,stock
2015-12-15,KMCDB,1445.0,1360.0,1445.0,1330.0,8192,stock
2015-12-16,KMCDB,1333.0,1370.0,1450.0,1226.0,9304,stock
2015-12-17,KMCDB,1375.0,1400.0,1428.0,1365.0,4756,stock
2015-12-20,KMCDB,1400.0,1380.0,1400.0,1370.0,2210,stock
2015-12-21,KMCDB,1380.0,1385.0,1400.0,1370.0,2031,stock
2015-12-22,KMCDB,1370.0,1428.0,1428.0,1351.0,3450,stock
2015-12-23,KMCDB,1428.0,1401.0,1419.0,1401.0,1608,stock
2015-12-24,KMCDB,1401.0,1460.0,1460.0,1400.0,4657,stock
2015-12-25,KMCDB,1489.0,1500.0,1530.0,1489.0,2931,stock
2015-12-28,KMCDB,1500.0,1515.0,1515.0,1491.0,6748,stock
2015-12-29,KMCDB,1515.0,1530.0,1550.0,1510.0,5778,stock
2015-12-31,KMCDB,1535.0,1565.0,1590.0,1535.0,4025,stock
2016-01-03,KMCDB,1589.0,1614.0,1614.0,1581.0,6080,stock
2016-01-04,KMCDB,1614.0,1600.0,1645.0,1582.0,2594,stock
2016-01-05,KMCDB,1593.0,1581.0,1615.0,1581.0,1815,stock
2016-01-06,KMCDB,1560.0,1550.0,1560.0,1550.0,118,stock
2016-01-07,KMCDB,1570.0,1520.0,1575.0,1520.0,1232,stock
2016-01-10,KMCDB,1520.0,1461.0,1490.0,1455.0,1645,stock
2016-01-11,KMCDB,1432.0,1490.0,1500.0,1432.0,631,stock
2016-01-12,KMCDB,1490.0,1505.0,1520.0,1490.0,1436,stock
2016-01-13,KMCDB,1505.0,1520.0,1534.0,1520.0,703,stock
2016-01-17,KMCDB,1520.0,1550.0,1550.0,1500.0,503,stock
2016-01-18,KMCDB,1550.0,1560.0,1560.0,1520.0,112,stock
2016-01-20,KMCDB,1545.0,1545.0,1545.0,1545.0,105,stock
2016-01-21,KMCDB,1545.0,1521.0,1531.0,1520.0,812,stock
2016-01-24,KMCDB,1521.0,1640.0,1650.0,1550.0,2729,stock
2016-01-28,KMCDB,1625.0,1620.0,1625.0,1552.0,9302,stock
2016-01-31,KMCDB,1652.0,1650.0,1652.0,1630.0,3607,stock
2016-02-01,KMCDB,1650.0,1675.0,1735.0,1670.0,2188,stock
2016-02-02,KMCDB,1680.0,1670.0,1742.0,1670.0,834,stock
2016-02-03,KMCDB,1670.0,1730.0,1755.0,1670.0,2538,stock
2016-02-04,KMCDB,1740.0,1650.0,1740.0,1645.0,2790,stock
2016-02-07,KMCDB,1650.0,1650.0,1683.0,1650.0,487,stock
2016-02-08,KMCDB,1650.0,1586.0,1617.0,1586.0,60,stock
2016-02-11,KMCDB,1586.0,1599.0,1599.0,1539.0,678,stock
2016-02-14,KMCDB,1570.0,1610.0,1629.0,1568.0,2615,stock
2016-02-15,KMCDB,1600.0,1605.0,1609.0,1570.0,1800,stock
2016-02-16,KMCDB,1609.0,1608.0,1608.0,1600.0,796,stock
2016-02-17,KMCDB,1608.0,1600.0,1607.0,1576.0,650,stock
2016-02-18,KMCDB,1600.0,1530.0,1570.0,1509.0,3207,stock
2016-02-21,KMCDB,1510.0,1545.0,1560.0,1510.0,1523,stock
2016-02-22,KMCDB,1531.0,1560.0,1575.0,1531.0,1003,stock
2016-02-24,KMCDB,1588.0,1545.0,1588.0,1545.0,131,stock
2016-02-25,KMCDB,1532.0,1585.0,1615.0,1532.0,1447,stock
2016-02-28,KMCDB,1585.0,1550.0,1580.0,1550.0,190,stock
2016-02-29,KMCDB,1550.0,1589.0,1647.0,1580.0,1608,stock
2016-03-01,KMCDB,1565.0,1610.0,1611.0,1565.0,1410,stock
2016-03-02,KMCDB,1610.0,1625.0,1625.0,1590.0,942,stock
2016-03-03,KMCDB,1640.0,1680.0,1700.0,1617.0,2704,stock
2016-03-06,KMCDB,1715.0,1750.0,1758.0,1710.0,9207,stock
2016-03-10,KMCDB,1785.0,1835.0,1835.0,1765.0,5506,stock
2016-03-13,KMCDB,1799.0,1795.0,1799.0,1764.0,662,stock
2016-03-14,KMCDB,1760.0,1700.0,1760.0,1700.0,1606,stock
2016-03-15,KMCDB,1680.0,1720.0,1720.0,1680.0,1700,stock
2016-03-16,KMCDB,1686.0,1700.0,1700.0,1686.0,92,stock
2016-03-17,KMCDB,1700.0,1760.0,1765.0,1700.0,642,stock
2016-03-20,KMCDB,1800.0,1750.0,1800.0,1750.0,360,stock
2016-03-21,KMCDB,1765.0,1760.0,1785.0,1750.0,2023,stock
2016-03-23,KMCDB,1760.0,1765.0,1767.0,1740.0,2280,stock
2016-03-24,KMCDB,1765.0,1760.0,1765.0,1760.0,264,stock
2016-03-27,KMCDB,1760.0,1730.0,1730.0,1725.0,229,stock
2016-03-28,KMCDB,1730.0,1765.0,1765.0,1730.0,1460,stock
2016-03-29,KMCDB,1730.0,1754.0,1760.0,1705.0,2663,stock
2016-03-30,KMCDB,1760.0,1732.0,1750.0,1732.0,350,stock
2016-03-31,KMCDB,1732.0,1715.0,1749.0,1700.0,770,stock
2016-04-03,KMCDB,1715.0,1690.0,1710.0,1690.0,110,stock
2016-04-04,KMCDB,1690.0,1710.0,1734.0,1689.0,84,stock
2016-04-05,KMCDB,1725.0,1691.0,1725.0,1691.0,210,stock
2016-04-06,KMCDB,1691.0,1658.0,1658.0,1658.0,40,stock
2016-04-10,KMCDB,1658.0,1625.0,1625.0,1625.0,10,stock
2016-04-11,KMCDB,1625.0,1630.0,1650.0,1620.0,142,stock
2016-04-12,KMCDB,1630.0,1674.0,1674.0,1630.0,510,stock
2016-04-14,KMCDB,1674.0,1690.0,1690.0,1680.0,232,stock
2016-04-18,KMCDB,1690.0,1690.0,1711.0,1690.0,1363,stock
2016-04-21,KMCDB,1690.0,1628.0,1657.0,1626.0,102,stock
2016-04-24,KMCDB,1628.0,1660.0,1660.0,1628.0,198,stock
2016-04-25,KMCDB,1660.0,1778.0,1778.0,1640.0,471,stock
2016-04-26,KMCDB,1778.0,1770.0,1835.0,1770.0,2273,stock
2016-04-27,KMCDB,1770.0,1800.0,1860.0,1800.0,1442,stock
2016-04-28,KMCDB,1800.0,1889.0,1905.0,1836.0,1215,stock
2016-05-02,KMCDB,1889.0,1890.0,1930.0,1890.0,514,stock
2016-05-03,KMCDB,1890.0,1860.0,1890.0,1860.0,135,stock
2016-05-04,KMCDB,1860.0,1836.0,1858.0,1790.0,1751,stock
2016-05-05,KMCDB,1836.0,1800.0,1800.0,1800.0,190,stock
2016-05-08,KMCDB,1800.0,1770.0,1800.0,1770.0,462,stock
2016-05-09,KMCDB,1775.0,1795.0,1836.0,1775.0,3333,stock
2016-05-10,KMCDB,1830.0,1800.0,1859.0,1800.0,1070,stock
2016-05-11,KMCDB,1800.0,1800.0,1830.0,1800.0,400,stock
2016-05-12,KMCDB,1820.0,1840.0,1840.0,1820.0,202,stock
2016-05-15,KMCDB,1850.0,1813.0,1850.0,1813.0,275,stock
2016-05-16,KMCDB,1813.0,1834.0,1836.0,1800.0,620,stock
2016-05-17,KMCDB,1850.0,1879.0,1900.0,1850.0,5644,stock
2016-05-18,KMCDB,1880.0,1850.0,1870.0,1850.0,800,stock
2016-05-19,KMCDB,1850.0,1840.0,1900.0,1840.0,190,stock
2016-05-22,KMCDB,1840.0,1860.0,1876.0,1850.0,2045,stock
2016-05-23,KMCDB,1860.0,1850.0,1890.0,1846.0,2509,stock
2016-05-24,KMCDB,1850.0,1973.0,1973.0,1886.0,3007,stock
2016-05-25,KMCDB,1973.0,1963.0,1968.0,1899.0,2156,stock
2016-05-26,KMCDB,1963.0,1915.0,1960.0,1888.0,1163,stock
2016-05-29,KMCDB,1915.0,1910.0,1910.0,1870.0,780,stock
2016-05-30,KMCDB,1910.0,1882.0,1910.0,1882.0,373,stock
2016-05-31,KMCDB,1882.0,1902.0,1902.0,1865.0,40,stock
2016-06-01,KMCDB,1902.0,1902.0,1960.0,1902.0,880,stock
2016-06-02,KMCDB,1902.0,1948.0,1948.0,1880.0,1683,stock
2016-06-05,KMCDB,1948.0,1910.0,1910.0,1910.0,20,stock
2016-06-06,KMCDB,1910.0,1986.0,1986.0,1882.0,1645,stock
2016-06-07,KMCDB,2000.0,1921.0,2025.0,1920.0,2075,stock
2016-06-08,KMCDB,1921.0,1891.0,1940.0,1891.0,3590,stock
2016-06-09,KMCDB,1900.0,1960.0,1973.0,1900.0,4662,stock
2016-06-12,KMCDB,1960.0,1950.0,1990.0,1913.0,1420,stock
2016-06-13,KMCDB,1950.0,2091.0,2091.0,1950.0,4126,stock
2016-06-14,KMCDB,2132.0,2085.0,2174.0,2050.0,6051,stock
2016-06-15,KMCDB,2080.0,2055.0,2080.0,2000.0,680,stock
2016-06-16,KMCDB,2055.0,2000.0,2050.0,2000.0,2930,stock
2016-06-19,KMCDB,2000.0,2000.0,2030.0,2000.0,967,stock
2016-06-20,KMCDB,2000.0,2025.0,2030.0,1990.0,644,stock
2016-06-21,KMCDB,2025.0,2051.0,2051.0,2030.0,2282,stock
2016-06-22,KMCDB,2040.0,2058.0,2075.0,2010.0,1367,stock
2016-06-23,KMCDB,2058.0,2125.0,2140.0,2062.0,1040,stock
2016-06-26,KMCDB,2125.0,2288.0,2288.0,2167.0,1062,stock
2016-06-27,KMCDB,2288.0,2400.0,2516.0,2333.0,3810,stock
2016-06-28,KMCDB,2400.0,2245.0,2405.0,2201.0,1009,stock
2016-06-29,KMCDB,2245.0,2300.0,2379.0,2254.0,708,stock
2016-06-30,KMCDB,2300.0,2499.0,2499.0,2300.0,4206,stock
2016-07-03,KMCDB,2499.0,2560.0,2657.0,2498.0,3534,stock
2016-07-04,KMCDB,2560.0,2480.0,2650.0,2480.0,2347,stock
2016-07-05,KMCDB,2455.0,2310.0,2455.0,2310.0,900,stock
2016-07-06,KMCDB,2264.0,2315.0,2390.0,2250.0,1619,stock
2016-07-10,KMCDB,2315.0,2300.0,2350.0,2300.0,1757,stock
2016-07-11,KMCDB,2300.0,2299.0,2299.0,2254.0,354,stock
2016-07-12,KMCDB,2299.0,2200.0,2255.0,2200.0,950,stock
2016-07-13,KMCDB,2200.0,2155.0,2156.0,2113.0,205,stock
2016-07-14,KMCDB,2190.0,2250.0,2250.0,2160.0,5554,stock
2016-07-19,KMCDB,2220.0,2220.0,2220.0,2220.0,40,stock
2016-07-21,KMCDB,2220.0,1998.0,2176.0,1998.0,740,stock
2016-07-25,KMCDB,1998.0,1915.0,1959.0,1890.0,2080,stock
2016-07-26,KMCDB,1915.0,2106.0,2106.0,1930.0,1490,stock
2016-07-27,KMCDB,2106.0,2125.0,2125.0,2100.0,238,stock
2016-07-28,KMCDB,2125.0,2150.0,2165.0,2150.0,354,stock
2016-08-01,KMCDB,2150.0,2065.0,2107.0,2065.0,75,stock
2016-08-02,KMCDB,2065.0,2000.0,2060.0,1970.0,1015,stock
2016-08-03,KMCDB,2000.0,2000.0,2000.0,2000.0,40,stock
2016-08-04,KMCDB,2000.0,1962.0,2040.0,1960.0,665,stock
2016-08-07,KMCDB,1962.0,2035.0,2035.0,2001.0,150,stock
2016-08-09,KMCDB,2075.0,2075.0,2075.0,2075.0,100,stock
2016-08-10,KMCDB,2076.0,2076.0,2076.0,2076.0,100,stock
2016-08-21,KMCDB,2035.0,2035.0,2035.0,2035.0,100,stock
2016-08-22,KMCDB,1995.0,1995.0,1995.0,1995.0,10,stock
2016-08-23,KMCDB,1956.0,1800.0,1956.0,1796.0,790,stock
2016-08-24,KMCDB,1765.0,1800.0,1800.0,1715.0,816,stock
2016-08-28,KMCDB,1820.0,1764.0,1820.0,1764.0,730,stock
2016-08-29,KMCDB,1780.0,1825.0,1825.0,1779.0,160,stock
2016-08-30,KMCDB,1861.0,1887.0,1887.0,1825.0,220,stock
2016-08-31,KMCDB,1850.0,1825.0,1850.0,1825.0,160,stock
2016-09-01,KMCDB,1861.0,1900.0,1900.0,1861.0,633,stock
2016-09-04,KMCDB,1880.0,1845.0,1880.0,1845.0,100,stock
2016-09-05,KMCDB,1810.0,1803.0,1850.0,1800.0,2190,stock
2016-09-06,KMCDB,1839.0,1850.0,1912.0,1839.0,672,stock
2016-09-07,KMCDB,1887.0,1880.0,1887.0,1880.0,37,stock
2016-09-08,KMCDB,1855.0,1865.0,1900.0,1843.0,1679,stock
2016-09-11,KMCDB,1902.0,1940.0,1978.0,1902.0,330,stock
2016-09-12,KMCDB,1910.0,1972.0,1985.0,1910.0,2150,stock
2016-09-14,KMCDB,1935.0,1938.0,1940.0,1900.0,330,stock
2016-09-18,KMCDB,1902.0,1866.0,1902.0,1864.0,110,stock
2016-09-20,KMCDB,1850.0,1903.0,1941.0,1850.0,861,stock
2016-09-21,KMCDB,1900.0,1940.0,1941.0,1900.0,700,stock
2016-09-22,KMCDB,1940.0,1980.0,1980.0,1940.0,199,stock
2016-09-25,KMCDB,1940.0,1980.0,1980.0,1940.0,199,stock
2016-09-26,KMCDB,1941.0,1941.0,1941.0,1941.0,10,stock
2016-09-27,KMCDB,1941.0,1940.0,1941.0,1940.0,20,stock
2016-09-28,KMCDB,1902.0,1850.0,1910.0,1850.0,90,stock
2016-09-29,KMCDB,1815.0,1820.0,1850.0,1815.0,310,stock
2016-10-02,KMCDB,1779.0,1745.0,1780.0,1744.0,420,stock
2016-10-03,KMCDB,1715.0,1705.0,1715.0,1705.0,591,stock
2016-10-04,KMCDB,1710.0,1710.0,1710.0,1710.0,20,stock
2016-10-05,KMCDB,1744.0,1881.0,1881.0,1744.0,340,stock
2016-10-06,KMCDB,1918.0,1980.0,1980.0,1918.0,1114,stock
2016-10-16,KMCDB,1950.0,1950.0,1950.0,1950.0,28,stock
2016-10-20,KMCDB,1911.0,1865.0,1911.0,1845.0,357,stock
2016-10-24,KMCDB,1865.0,1865.0,1865.0,1865.0,10,stock
2016-10-25,KMCDB,1828.0,1828.0,1828.0,1828.0,100,stock
2016-10-26,KMCDB,1828.0,1800.0,1836.0,1792.0,521,stock
2016-10-27,KMCDB,1830.0,1800.0,1836.0,1800.0,284,stock
2016-11-03,KMCDB,1810.0,1790.0,1810.0,1790.0,40,stock
2016-11-07,KMCDB,1825.0,1892.0,1925.0,1825.0,492,stock
2016-11-08,KMCDB,1929.0,1825.0,1929.0,1820.0,2610,stock
2016-11-10,KMCDB,1790.0,1866.0,1866.0,1760.0,1372,stock
2016-11-13,KMCDB,1866.0,1865.0,1903.0,1865.0,70,stock
2016-11-14,KMCDB,1850.0,1850.0,1850.0,1850.0,30,stock
2016-11-15,KMCDB,1887.0,1820.0,1887.0,1820.0,250,stock
2016-11-16,KMCDB,1800.0,1800.0,1800.0,1800.0,70,stock
2016-11-22,KMCDB,1785.0,1785.0,1785.0,1785.0,74,stock
2016-11-23,KMCDB,1750.0,1750.0,1750.0,1750.0,10,stock
2016-11-24,KMCDB,1715.0,1584.0,1715.0,1584.0,196,stock
2016-11-28,KMCDB,1553.0,1492.0,1553.0,1492.0,63,stock
2016-11-29,KMCDB,1463.0,1519.0,1519.0,1399.0,1441,stock
2016-11-30,KMCDB,1549.0,1461.0,1549.0,1461.0,220,stock
2016-12-01,KMCDB,1462.0,1549.0,1549.0,1401.0,2118,stock
2016-12-04,KMCDB,1519.0,1431.0,1519.0,1431.0,1410,stock
2016-12-05,KMCDB,1450.0,1432.0,1479.0,1432.0,1439,stock
2016-12-06,KMCDB,1460.0,1438.0,1460.0,1410.0,1180,stock
2016-12-07,KMCDB,1466.0,1453.0,1466.0,1425.0,1824,stock
2016-12-08,KMCDB,1430.0,1430.0,1430.0,1430.0,93,stock
2016-12-11,KMCDB,1458.0,1420.0,1458.0,1415.0,632,stock
2016-12-12,KMCDB,1400.0,1410.0,1439.0,1372.0,3364,stock
2016-12-14,KMCDB,1425.0,1400.0,1425.0,1371.0,1163,stock
2016-12-15,KMCDB,1428.0,1428.0,1428.0,1428.0,20,stock
2016-12-18,KMCDB,1430.0,1465.0,1487.0,1430.0,490,stock
2016-12-19,KMCDB,1460.0,1480.0,1500.0,1460.0,1050,stock
2016-12-20,KMCDB,1451.0,1496.0,1500.0,1451.0,243,stock
2016-12-21,KMCDB,1470.0,1442.0,1499.0,1442.0,674,stock
2016-12-22,KMCDB,1470.0,1495.0,1495.0,1442.0,450,stock
2016-12-26,KMCDB,1524.0,1449.0,1525.0,1449.0,515,stock
2016-12-27,KMCDB,1421.0,1477.0,1477.0,1405.0,224,stock
2016-12-28,KMCDB,1477.0,1477.0,1477.0,1477.0,100,stock
2016-12-29,KMCDB,1477.0,1474.0,1477.0,1446.0,597,stock
2017-01-02,KMCDB,1498.0,1505.0,1527.0,1490.0,170,stock
2017-01-03,KMCDB,1500.0,1441.0,1500.0,1441.0,370,stock
2017-01-04,KMCDB,1445.0,1445.0,1445.0,1445.0,51,stock
2017-01-05,KMCDB,1417.0,1420.0,1420.0,1417.0,145,stock
2017-01-08,KMCDB,1448.0,1476.0,1476.0,1448.0,20,stock
2017-01-09,KMCDB,1470.0,1450.0,1470.0,1450.0,97,stock
2017-01-10,KMCDB,1450.0,1450.0,1450.0,1450.0,20,stock
2017-01-11,KMCDB,1431.0,1431.0,1431.0,1430.0,300,stock
2017-01-12,KMCDB,1402.0,1420.0,1430.0,1400.0,1116,stock
2017-01-15,KMCDB,1448.0,1448.0,1448.0,1448.0,10,stock
2017-01-16,KMCDB,1420.0,1448.0,1448.0,1420.0,116,stock
2017-01-17,KMCDB,1470.0,1592.0,1592.0,1467.0,1103,stock
2017-01-18,KMCDB,1623.0,1685.0,1748.0,1623.0,3208,stock
2017-01-19,KMCDB,1665.0,1705.0,1739.0,1665.0,1035,stock
2017-01-22,KMCDB,1680.0,1655.0,1680.0,1655.0,406,stock
2017-01-23,KMCDB,1622.0,1630.0,1632.0,1600.0,333,stock
2017-01-24,KMCDB,1630.0,1600.0,1635.0,1571.0,690,stock
2017-01-25,KMCDB,1620.0,1500.0,1620.0,1500.0,850,stock
2017-01-26,KMCDB,1471.0,1442.0,1530.0,1432.0,1154,stock
2017-01-30,KMCDB,1417.0,1305.0,1417.0,1305.0,4787,stock
2017-01-31,KMCDB,1331.0,1415.0,1435.0,1331.0,1973,stock
2017-02-01,KMCDB,1443.0,1530.0,1556.0,1442.0,860,stock
2017-02-02,KMCDB,1560.0,1600.0,1600.0,1530.0,1676,stock
2017-02-05,KMCDB,1571.0,1491.0,1571.0,1490.0,882,stock
2017-02-07,KMCDB,1480.0,1444.0,1480.0,1400.0,812,stock
2017-02-08,KMCDB,1472.0,1465.0,1472.0,1450.0,1120,stock
2017-02-09,KMCDB,1436.0,1380.0,1436.0,1380.0,1121,stock
2017-02-12,KMCDB,1370.0,1375.0,1441.0,1358.0,1741,stock
2017-02-13,KMCDB,1345.0,1400.0,1424.0,1319.0,1126,stock
2017-02-14,KMCDB,1373.0,1540.0,1540.0,1372.0,2303,stock
2017-02-15,KMCDB,1560.0,1550.0,1560.0,1520.0,490,stock
2017-02-16,KMCDB,1528.0,1607.0,1610.0,1528.0,1295,stock
2017-02-19,KMCDB,1588.0,1782.0,1782.0,1555.0,3910,stock
2017-02-20,KMCDB,1800.0,1820.0,1909.0,1785.0,11881,stock
2017-02-21,KMCDB,1856.0,1791.0,1893.0,1715.0,5924,stock
2017-02-22,KMCDB,1770.0,1702.0,1799.0,1702.0,1503,stock
2017-02-23,KMCDB,1671.0,1700.0,1703.0,1670.0,649,stock
2017-02-26,KMCDB,1666.0,1670.0,1699.0,1640.0,539,stock
2017-02-28,KMCDB,1699.0,1650.0,1699.0,1633.0,1100,stock
2017-03-01,KMCDB,1650.0,1683.0,1683.0,1650.0,756,stock
2017-03-02,KMCDB,1716.0,1705.0,1716.0,1683.0,550,stock
2017-03-05,KMCDB,1739.0,1700.0,1773.0,1700.0,270,stock
2017-03-06,KMCDB,1700.0,1713.0,1713.0,1680.0,180,stock
2017-03-07,KMCDB,1705.0,1685.0,1705.0,1685.0,190,stock
2017-03-09,KMCDB,1685.0,1718.0,1718.0,1685.0,135,stock
2017-03-13,KMCDB,1690.0,1690.0,1718.0,1685.0,653,stock
2017-03-14,KMCDB,1690.0,1690.0,1690.0,1690.0,100,stock
2017-03-15,KMCDB,1700.0,1715.0,1720.0,1690.0,560,stock
2017-03-16,KMCDB,1750.0,1715.0,1754.0,1715.0,610,stock
2017-03-19,KMCDB,1715.0,1818.0,1818.0,1749.0,662,stock
2017-03-20,KMCDB,1854.0,1791.0,1889.0,1782.0,1899,stock
2017-03-21,KMCDB,1791.0,1970.0,1970.0,1761.0,1536,stock
2017-03-22,KMCDB,1970.0,1870.0,2000.0,1870.0,3260,stock
2017-03-23,KMCDB,1907.0,1860.0,1907.0,1850.0,673,stock
2017-03-26,KMCDB,1880.0,1900.0,2011.0,1880.0,4704,stock
2017-03-28,KMCDB,1900.0,2090.0,2090.0,1938.0,2576,stock
2017-03-29,KMCDB,2090.0,2000.0,2131.0,2000.0,3083,stock
2017-03-30,KMCDB,2000.0,2099.0,2101.0,1941.0,2734,stock
2017-04-02,KMCDB,2140.0,2304.0,2308.0,2140.0,2757,stock
2017-04-03,KMCDB,2350.0,2200.0,2350.0,2200.0,1376,stock
2017-04-04,KMCDB,2156.0,2250.0,2275.0,2113.0,2534,stock
2017-04-06,KMCDB,2250.0,2107.0,2240.0,2107.0,4502,stock
2017-04-09,KMCDB,2149.0,2250.0,2317.0,2149.0,11141,stock
2017-04-10,KMCDB,2265.0,2475.0,2475.0,2265.0,8388,stock
2017-04-11,KMCDB,2524.0,2700.0,2700.0,2486.0,6994,stock
2017-04-12,KMCDB,2750.0,2600.0,2810.0,2600.0,3331,stock
2017-04-13,KMCDB,2600.0,2638.0,2700.0,2565.0,3856,stock
2017-04-16,KMCDB,2640.0,2599.0,2680.0,2549.0,15342,stock
2017-04-18,KMCDB,1575.0,1599.0,1700.0,1515.0,2632,stock
2017-04-19,KMCDB,1599.0,1751.0,1751.0,1600.0,3315,stock
2017-04-20,KMCDB,1786.0,1740.0,1822.0,1740.0,3698,stock
2017-04-23,KMCDB,1774.0,1775.0,1810.0,1750.0,1465,stock
2017-04-24,KMCDB,1750.0,1750.0,1790.0,1750.0,1076,stock
2017-04-25,KMCDB,1785.0,1722.0,1790.0,1722.0,1047,stock
2017-04-26,KMCDB,1756.0,1801.0,1815.0,1750.0,2891,stock
2017-04-27,KMCDB,1765.0,1766.0,1799.0,1741.0,1990,stock
2017-04-30,KMCDB,1750.0,1731.0,1750.0,1730.0,700,stock
2017-05-02,KMCDB,1750.0,1800.0,1800.0,1730.0,2265,stock
2017-05-03,KMCDB,1836.0,1790.0,1836.0,1770.0,2442,stock
2017-05-04,KMCDB,1825.0,1766.0,1825.0,1766.0,550,stock
2017-05-07,KMCDB,1731.0,1700.0,1731.0,1670.0,330,stock
2017-05-08,KMCDB,1700.0,1671.0,1734.0,1671.0,1298,stock
2017-05-09,KMCDB,1671.0,1740.0,1755.0,1700.0,1972,stock
2017-05-11,KMCDB,1774.0,1790.0,1790.0,1773.0,332,stock
2017-05-15,KMCDB,1800.0,1800.0,1800.0,1790.0,585,stock
2017-05-16,KMCDB,1765.0,1764.0,1765.0,1764.0,100,stock
2017-05-17,KMCDB,1780.0,1760.0,1780.0,1760.0,350,stock
2017-05-18,KMCDB,1760.0,1770.0,1770.0,1745.0,295,stock
2017-05-22,KMCDB,1770.0,1751.0,1770.0,1740.0,200,stock
2017-05-23,KMCDB,1750.0,1743.0,1750.0,1743.0,280,stock
2017-05-24,KMCDB,1743.0,1750.0,1750.0,1730.0,486,stock
2017-05-28,KMCDB,1740.0,1743.0,1743.0,1740.0,100,stock
2017-05-30,KMCDB,1730.0,1700.0,1730.0,1700.0,120,stock
2017-05-31,KMCDB,1700.0,1723.0,1723.0,1690.0,160,stock
2017-06-01,KMCDB,1701.0,1725.0,1725.0,1700.0,527,stock
2017-06-04,KMCDB,1700.0,1700.0,1700.0,1700.0,170,stock
2017-06-05,KMCDB,1710.0,1700.0,1710.0,1700.0,500,stock
2017-06-06,KMCDB,1700.0,1785.0,1793.0,1700.0,1585,stock
2017-06-07,KMCDB,1750.0,1750.0,1780.0,1750.0,725,stock
2017-06-08,KMCDB,1775.0,1730.0,1775.0,1730.0,450,stock
2017-06-11,KMCDB,1700.0,1680.0,1700.0,1667.0,151,stock
2017-06-12,KMCDB,1634.0,1670.0,1670.0,1634.0,285,stock
2017-06-13,KMCDB,1685.0,1710.0,1735.0,1685.0,210,stock
2017-06-14,KMCDB,1730.0,1701.0,1730.0,1701.0,140,stock
2017-06-15,KMCDB,1735.0,1710.0,1740.0,1702.0,1235,stock
2017-06-18,KMCDB,1706.0,1710.0,1715.0,1700.0,900,stock
2017-06-19,KMCDB,1700.0,1700.0,1700.0,1700.0,40,stock
2017-06-20,KMCDB,1700.0,1671.0,1700.0,1671.0,570,stock
2017-06-21,KMCDB,1650.0,1690.0,1690.0,1650.0,1110,stock
2017-06-22,KMCDB,1660.0,1680.0,1693.0,1660.0,610,stock
2017-06-25,KMCDB,1700.0,1700.0,1706.0,1686.0,1635,stock
2017-06-27,KMCDB,1700.0,1700.0,1700.0,1700.0,360,stock
2017-06-28,KMCDB,1685.0,1700.0,1700.0,1685.0,187,stock
2017-07-02,KMCDB,1690.0,1720.0,1723.0,1690.0,200,stock
2017-07-03,KMCDB,1700.0,1691.0,1724.0,1691.0,350,stock
2017-07-04,KMCDB,1700.0,1705.0,1705.0,1675.0,690,stock
2017-07-05,KMCDB,1705.0,1725.0,1725.0,1705.0,736,stock
2017-07-06,KMCDB,1710.0,1735.0,1735.0,1710.0,1119,stock
2017-07-09,KMCDB,1735.0,1720.0,1740.0,1700.0,650,stock
2017-07-10,KMCDB,1711.0,1677.0,1711.0,1677.0,110,stock
2017-07-11,KMCDB,1685.0,1715.0,1715.0,1685.0,200,stock
2017-07-12,KMCDB,1730.0,1740.0,1740.0,1730.0,400,stock
2017-07-13,KMCDB,1707.0,1740.0,1741.0,1707.0,238,stock
2017-07-16,KMCDB,1735.0,1739.0,1739.0,1730.0,180,stock
2017-07-17,KMCDB,1770.0,1745.0,1800.0,1745.0,616,stock
2017-07-18,KMCDB,1760.0,1785.0,1805.0,1745.0,2262,stock
2017-07-19,KMCDB,1790.0,1804.0,1804.0,1776.0,747,stock
2017-07-20,KMCDB,1819.0,1825.0,1825.0,1810.0,290,stock
2017-07-23,KMCDB,1835.0,1880.0,1880.0,1820.0,1585,stock
2017-07-24,KMCDB,1900.0,1879.0,1900.0,1852.0,1470,stock
2017-07-25,KMCDB,1885.0,1900.0,1905.0,1880.0,3623,stock
2017-07-26,KMCDB,1900.0,1928.0,1931.0,1900.0,594,stock
2017-07-27,KMCDB,1945.0,2124.0,2124.0,1945.0,8427,stock
2017-07-30,KMCDB,2085.0,2167.0,2167.0,2042.0,3613,stock
2017-07-31,KMCDB,2210.0,2280.0,2290.0,2200.0,3914,stock
2017-08-01,KMCDB,2300.0,2410.0,2425.0,2295.0,5857,stock
2017-08-02,KMCDB,2430.0,2370.0,2519.0,2360.0,2692,stock
2017-08-03,KMCDB,2370.0,2303.0,2410.0,2281.0,4537,stock
2017-08-06,KMCDB,2270.0,2295.0,2299.0,2230.0,1722,stock
2017-08-07,KMCDB,2340.0,2328.0,2340.0,2295.0,180,stock
2017-08-09,KMCDB,2300.0,2290.0,2301.0,2256.0,1250,stock
2017-08-10,KMCDB,2300.0,2280.0,2305.0,2280.0,1264,stock
2017-08-13,KMCDB,2235.0,2240.0,2240.0,2225.0,662,stock
2017-08-15,KMCDB,2200.0,2157.0,2200.0,2157.0,2530,stock
2017-08-16,KMCDB,2199.0,2268.0,2284.0,2140.0,3701,stock
2017-08-17,KMCDB,2275.0,2299.0,2299.0,2240.0,2481,stock
2017-08-20,KMCDB,2300.0,2282.0,2310.0,2281.0,1437,stock
2017-08-21,KMCDB,2247.0,2250.0,2250.0,2247.0,430,stock
2017-08-22,KMCDB,2275.0,2275.0,2325.0,2275.0,535,stock
2017-08-23,KMCDB,2230.0,2129.0,2230.0,2117.0,6236,stock
2017-08-24,KMCDB,2129.0,2181.0,2181.0,2087.0,1283,stock
2017-08-27,KMCDB,2181.0,2220.0,2230.0,2185.0,1502,stock
2017-08-28,KMCDB,2264.0,2210.0,2264.0,2200.0,2488,stock
2017-08-30,KMCDB,2190.0,2210.0,2210.0,2180.0,645,stock
2017-08-31,KMCDB,2210.0,2160.0,2170.0,2130.0,365,stock
2017-09-04,KMCDB,2117.0,2101.0,2150.0,2041.0,2283,stock
2017-09-06,KMCDB,2142.0,2165.0,2184.0,2121.0,3848,stock
2017-09-07,KMCDB,2151.0,2107.0,2151.0,2105.0,370,stock
2017-09-10,KMCDB,2120.0,2040.0,2120.0,1966.0,2844,stock
2017-09-11,KMCDB,2000.0,2025.0,2040.0,2000.0,390,stock
2017-09-12,KMCDB,1985.0,1941.0,1985.0,1941.0,680,stock
2017-09-13,KMCDB,1905.0,1910.0,1943.0,1905.0,894,stock
2017-09-14,KMCDB,1925.0,2050.0,2075.0,1925.0,1677,stock
2017-09-17,KMCDB,2090.0,1981.0,2090.0,1976.0,2638,stock
2017-09-18,KMCDB,1980.0,1965.0,1980.0,1946.0,760,stock
2017-09-20,KMCDB,1999.0,1960.0,1999.0,1941.0,917,stock
2017-09-24,KMCDB,1961.0,1960.0,1961.0,1955.0,797,stock
2017-09-25,KMCDB,1960.0,1968.0,1984.0,1944.0,600,stock
2017-09-26,KMCDB,1984.0,1995.0,2000.0,1971.0,949,stock
2017-10-03,KMCDB,2002.0,2003.0,2003.0,2002.0,150,stock
2017-10-04,KMCDB,2005.0,2004.0,2005.0,1970.0,165,stock
2017-10-08,KMCDB,1975.0,1975.0,1975.0,1975.0,10,stock
2017-10-09,KMCDB,1936.0,1940.0,1943.0,1905.0,547,stock
2017-10-10,KMCDB,1905.0,1895.0,1910.0,1895.0,1445,stock
2017-10-11,KMCDB,1895.0,1879.0,1895.0,1870.0,431,stock
2017-10-12,KMCDB,1866.0,1867.0,1867.0,1866.0,342,stock
2017-10-15,KMCDB,1895.0,1900.0,1904.0,1870.0,560,stock
2017-10-16,KMCDB,1890.0,1980.0,1980.0,1890.0,270,stock
2017-10-17,KMCDB,1985.0,2007.0,2010.0,1970.0,410,stock
2017-10-18,KMCDB,1970.0,2019.0,2028.0,1970.0,644,stock
2017-10-22,KMCDB,2050.0,2005.0,2050.0,2005.0,153,stock
2017-10-23,KMCDB,2005.0,1966.0,1976.0,1966.0,871,stock
2017-10-24,KMCDB,1966.0,1925.0,1928.0,1925.0,127,stock
2017-10-25,KMCDB,1925.0,1905.0,1925.0,1895.0,1378,stock
2017-10-29,KMCDB,1890.0,1874.0,1900.0,1873.0,183,stock
2017-10-30,KMCDB,1880.0,1890.0,1910.0,1880.0,939,stock
2017-10-31,KMCDB,1890.0,1881.0,1907.0,1870.0,413,stock
2017-11-01,KMCDB,1900.0,1869.0,1900.0,1866.0,370,stock
2017-11-02,KMCDB,1871.0,1860.0,1871.0,1860.0,65,stock
2017-11-05,KMCDB,1870.0,1778.0,1870.0,1710.0,3820,stock
2017-11-06,KMCDB,1778.0,1760.0,1770.0,1720.0,1641,stock
2017-11-07,KMCDB,1750.0,1667.0,1785.0,1666.0,1038,stock
2017-11-08,KMCDB,1666.0,1640.0,1666.0,1600.0,1316,stock
2017-11-09,KMCDB,1603.0,1665.0,1665.0,1565.0,4302,stock
2017-11-12,KMCDB,1665.0,1600.0,1632.0,1552.0,2394,stock
2017-11-13,KMCDB,1600.0,1574.0,1601.0,1570.0,1431,stock
2017-11-14,KMCDB,1604.0,1610.0,1658.0,1580.0,2432,stock
2017-11-15,KMCDB,1625.0,1600.0,1625.0,1571.0,1644,stock
2017-11-16,KMCDB,1570.0,1560.0,1570.0,1540.0,1401,stock
2017-11-19,KMCDB,1560.0,1580.0,1580.0,1580.0,40,stock
2017-11-20,KMCDB,1549.0,1531.0,1549.0,1501.0,531,stock
2017-11-21,KMCDB,1525.0,1540.0,1540.0,1525.0,236,stock
2017-11-22,KMCDB,1550.0,1550.0,1550.0,1550.0,19,stock
2017-11-23,KMCDB,1550.0,1601.0,1601.0,1550.0,501,stock
2017-11-26,KMCDB,1601.0,1620.0,1642.0,1580.0,3239,stock
2017-11-27,KMCDB,1651.0,1768.0,1768.0,1650.0,3744,stock
2017-11-28,KMCDB,1803.0,1850.0,1938.0,1803.0,3971,stock
2017-11-29,KMCDB,1860.0,1790.0,1870.0,1790.0,1740,stock
2017-11-30,KMCDB,1810.0,1836.0,1836.0,1740.0,4541,stock
2017-12-04,KMCDB,1800.0,1800.0,1805.0,1800.0,399,stock
2017-12-05,KMCDB,1768.0,1835.0,1836.0,1768.0,1214,stock
2017-12-06,KMCDB,1872.0,1830.0,1872.0,1815.0,2368,stock
2017-12-10,KMCDB,1810.0,1811.0,1830.0,1810.0,792,stock
2017-12-11,KMCDB,1785.0,1788.0,1790.0,1785.0,626,stock
2017-12-12,KMCDB,1776.0,1772.0,1776.0,1765.0,1441,stock
2017-12-13,KMCDB,1750.0,1780.0,1780.0,1750.0,975,stock
2017-12-14,KMCDB,1800.0,1908.0,1909.0,1780.0,4371,stock
2017-12-17,KMCDB,1979.0,1781.0,1997.0,1772.0,6182,stock
2017-12-18,KMCDB,1815.0,1750.0,1815.0,1750.0,2550,stock
2017-12-19,KMCDB,1742.0,1741.0,1742.0,1741.0,32,stock
2017-12-20,KMCDB,1740.0,1800.0,1807.0,1740.0,2294,stock
2017-12-21,KMCDB,1770.0,1770.0,1800.0,1765.0,2112,stock
2017-12-24,KMCDB,1801.0,1771.0,1810.0,1750.0,3605,stock
2017-12-26,KMCDB,1722.0,1727.0,1755.0,1722.0,1913,stock
2017-12-27,KMCDB,1693.0,1678.0,1739.0,1661.0,2000,stock
2017-12-28,KMCDB,1643.0,1665.0,1665.0,1601.0,326,stock
2017-12-31,KMCDB,1632.0,1632.0,1632.0,1632.0,10,stock
2018-01-01,KMCDB,1664.0,1750.0,1750.0,1664.0,675,stock
2018-01-02,KMCDB,1715.0,1760.0,1820.0,1715.0,4703,stock
2018-01-03,KMCDB,1775.0,1819.0,1825.0,1741.0,11302,stock
2018-01-04,KMCDB,1801.0,1855.0,1890.0,1791.0,4623,stock
2018-01-07,KMCDB,1855.0,1793.0,1861.0,1793.0,3322,stock
2018-01-08,KMCDB,1800.0,1776.0,1800.0,1770.0,1214,stock
2018-01-09,KMCDB,1776.0,1775.0,1809.0,1775.0,477,stock
2018-01-10,KMCDB,1765.0,1750.0,1775.0,1747.0,1485,stock
2018-01-14,KMCDB,1749.0,1724.0,1750.0,1722.0,2294,stock
2018-01-16,KMCDB,1690.0,1723.0,1723.0,1690.0,84,stock
2018-01-17,KMCDB,1690.0,1692.0,1720.0,1690.0,680,stock
2018-01-21,KMCDB,1678.0,1685.0,1685.0,1678.0,103,stock
2018-01-22,KMCDB,1699.0,1690.0,1700.0,1688.0,5751,stock
2018-01-23,KMCDB,1658.0,1599.0,1660.0,1571.0,2190,stock
2018-01-24,KMCDB,1570.0,1565.0,1570.0,1547.0,940,stock
2018-01-25,KMCDB,1565.0,1610.0,1610.0,1565.0,291,stock
2018-01-28,KMCDB,1579.0,1580.0,1581.0,1579.0,98,stock
2018-01-29,KMCDB,1560.0,1575.0,1575.0,1560.0,291,stock
2018-01-31,KMCDB,1585.0,1570.0,1585.0,1560.0,470,stock
2018-02-01,KMCDB,1599.0,1599.0,1601.0,1587.0,2541,stock
2018-02-04,KMCDB,1601.0,1605.0,1630.0,1599.0,147,stock
2018-02-05,KMCDB,1600.0,1599.0,1600.0,1590.0,393,stock
2018-02-06,KMCDB,1570.0,1555.0,1570.0,1550.0,205,stock
2018-02-07,KMCDB,1565.0,1500.0,1565.0,1490.0,820,stock
2018-02-08,KMCDB,1462.0,1555.0,1555.0,1445.0,4470,stock
2018-02-11,KMCDB,1586.0,1663.0,1663.0,1554.0,8182,stock
2018-02-12,KMCDB,1695.0,1589.0,1695.0,1587.0,857,stock
2018-02-14,KMCDB,1587.0,1617.0,1618.0,1587.0,1736,stock
2018-02-15,KMCDB,1649.0,1640.0,1650.0,1600.0,4459,stock
2018-02-18,KMCDB,1353.0,1330.0,1400.0,1330.0,3289,stock
2018-02-20,KMCDB,1356.0,1301.0,1356.0,1301.0,1004,stock
2018-02-21,KMCDB,1310.0,1310.0,1328.0,1310.0,637,stock
2018-02-22,KMCDB,1336.0,1310.0,1336.0,1310.0,60,stock
2018-02-25,KMCDB,1329.0,1335.0,1335.0,1320.0,178,stock
2018-02-26,KMCDB,1285.0,1260.0,1285.0,1260.0,440,stock
2018-02-27,KMCDB,1285.0,1310.0,1336.0,1285.0,257,stock
2018-02-28,KMCDB,1284.0,1240.0,1284.0,1234.0,2002,stock
2018-03-04,KMCDB,1264.0,1192.0,1264.0,1192.0,170,stock
2018-03-06,KMCDB,1137.0,1184.0,1184.0,1115.0,1096,stock
2018-03-07,KMCDB,1207.0,1206.0,1255.0,1183.0,643,stock
2018-03-11,KMCDB,1206.0,1150.0,1190.0,1150.0,715,stock
2018-03-12,KMCDB,1150.0,1196.0,1196.0,1173.0,526,stock
2018-03-13,KMCDB,1198.0,1198.0,1198.0,1198.0,180,stock
2018-03-15,KMCDB,1198.0,1188.0,1198.0,1153.0,793,stock
2018-03-18,KMCDB,1166.0,1130.0,1166.0,1125.0,1020,stock
2018-03-19,KMCDB,1117.0,1094.0,1117.0,1094.0,550,stock
2018-03-20,KMCDB,1076.0,1101.0,1101.0,1045.0,905,stock
2018-03-21,KMCDB,1079.0,1058.0,1079.0,1058.0,55,stock
2018-03-22,KMCDB,1050.0,1045.0,1050.0,1000.0,1340,stock
2018-03-26,KMCDB,1029.0,950.0,1029.0,945.0,889,stock
2018-03-27,KMCDB,931.0,1008.0,1008.0,858.0,1510,stock
2018-03-28,KMCDB,988.0,970.0,1007.0,970.0,825,stock
2018-03-29,KMCDB,989.0,1035.0,1035.0,989.0,266,stock
2018-04-01,KMCDB,1015.0,976.0,1015.0,976.0,541,stock
2018-04-02,KMCDB,995.0,976.0,995.0,976.0,61,stock
2018-04-03,KMCDB,957.0,982.0,990.0,957.0,1849,stock
2018-04-04,KMCDB,1009.0,1085.0,1089.0,1009.0,761,stock
2018-04-05,KMCDB,1105.0,1153.0,1155.0,1067.0,2995,stock
2018-04-08,KMCDB,1160.0,1255.0,1270.0,1160.0,3566,stock
2018-04-09,KMCDB,1280.0,1190.0,1280.0,1187.0,3467,stock
2018-04-10,KMCDB,1165.0,1198.0,1206.0,1145.0,1329,stock
2018-04-11,KMCDB,1205.0,1200.0,1220.0,1180.0,682,stock
2018-04-12,KMCDB,1224.0,1205.0,1230.0,1182.0,804,stock
2018-04-15,KMCDB,1205.0,1221.0,1221.0,1158.0,1375,stock
2018-04-16,KMCDB,1245.0,1295.0,1295.0,1235.0,1101,stock
2018-04-17,KMCDB,1295.0,1355.0,1370.0,1270.0,3405,stock
2018-04-18,KMCDB,1382.0,1372.0,1428.0,1350.0,2307,stock
2018-04-19,KMCDB,1345.0,1344.0,1443.0,1344.0,4756,stock
2018-04-22,KMCDB,1344.0,1468.0,1478.0,1370.0,3769,stock
2018-04-23,KMCDB,1470.0,1412.0,1480.0,1381.0,1988,stock
2018-04-24,KMCDB,1396.0,1415.0,1425.0,1369.0,2465,stock
2018-04-25,KMCDB,1395.0,1418.0,1422.0,1390.0,855,stock
2018-04-26,KMCDB,1428.0,1400.0,1430.0,1374.0,1261,stock
2018-04-29,KMCDB,1427.0,1419.0,1428.0,1394.0,5142,stock
2018-05-02,KMCDB,1419.0,1438.0,1438.0,1380.0,830,stock
2018-05-03,KMCDB,1438.0,1463.0,1470.0,1410.0,6328,stock
2018-05-06,KMCDB,1492.0,1413.0,1492.0,1410.0,2021,stock
2018-05-07,KMCDB,1384.0,1391.0,1415.0,1382.0,2331,stock
2018-05-08,KMCDB,1390.0,1410.0,1437.0,1390.0,1380,stock
2018-05-09,KMCDB,1409.0,1433.0,1433.0,1403.0,1875,stock
2018-05-10,KMCDB,1433.0,1450.0,1450.0,1412.0,3599,stock
2018-05-14,KMCDB,1421.0,1416.0,1438.0,1413.0,1587,stock
2018-05-16,KMCDB,1420.0,1430.0,1430.0,1420.0,1895,stock
2018-05-17,KMCDB,1433.0,1430.0,1445.0,1430.0,629,stock
2018-05-20,KMCDB,1458.0,1444.0,1463.0,1435.0,3403,stock
2018-05-21,KMCDB,1450.0,1499.0,1499.0,1444.0,789,stock
2018-05-22,KMCDB,1528.0,1550.0,1575.0,1460.0,3479,stock
2018-05-23,KMCDB,1519.0,1605.0,1605.0,1491.0,12145,stock
2018-05-24,KMCDB,1605.0,1560.0,1600.0,1526.0,14966,stock
2018-05-27,KMCDB,1574.0,1485.0,1574.0,1485.0,3796,stock
2018-05-28,KMCDB,1485.0,1540.0,1550.0,1498.0,2452,stock
2018-05-29,KMCDB,1570.0,1542.0,1575.0,1505.0,2866,stock
2018-05-30,KMCDB,1513.0,1522.0,1555.0,1500.0,2810,stock
2018-05-31,KMCDB,1530.0,1503.0,1530.0,1477.0,536,stock
2018-06-03,KMCDB,1473.0,1421.0,1474.0,1421.0,4860,stock
2018-06-04,KMCDB,1440.0,1418.0,1449.0,1368.0,2609,stock
2018-06-06,KMCDB,1446.0,1372.0,1519.0,1372.0,1055,stock
2018-06-07,KMCDB,1399.0,1380.0,1453.0,1380.0,4064,stock
2018-06-10,KMCDB,1355.0,1349.0,1370.0,1330.0,3082,stock
2018-06-11,KMCDB,1375.0,1355.0,1390.0,1322.0,3705,stock
2018-06-12,KMCDB,1350.0,1377.0,1382.0,1328.0,1686,stock
2018-06-13,KMCDB,1407.0,1365.0,1407.0,1352.0,256,stock
2018-06-14,KMCDB,1386.0,1380.0,1386.0,1360.0,330,stock
2018-06-17,KMCDB,1355.0,1337.0,1355.0,1332.0,915,stock
2018-06-18,KMCDB,1307.0,1361.0,1361.0,1306.0,993,stock
2018-06-20,KMCDB,1340.0,1334.0,1340.0,1314.0,147,stock
2018-06-21,KMCDB,1291.0,1315.0,1315.0,1291.0,484,stock
2018-06-24,KMCDB,1335.0,1311.0,1335.0,1311.0,448,stock
2018-06-26,KMCDB,1285.0,1271.0,1285.0,1270.0,366,stock
2018-06-27,KMCDB,1295.0,1320.0,1320.0,1290.0,280,stock
2018-06-28,KMCDB,1310.0,1280.0,1310.0,1280.0,162,stock
2018-07-01,KMCDB,1310.0,1311.0,1311.0,1310.0,190,stock
2018-07-02,KMCDB,1250.0,1270.0,1275.0,1250.0,272,stock
2018-07-03,KMCDB,1265.0,1270.0,1270.0,1261.0,416,stock
2018-07-04,KMCDB,1260.0,1275.0,1285.0,1238.0,559,stock
2018-07-05,KMCDB,1298.0,1361.0,1377.0,1280.0,1908,stock
2018-07-08,KMCDB,1404.0,1415.0,1432.0,1380.0,8822,stock
2018-07-09,KMCDB,1387.0,1390.0,1400.0,1370.0,342,stock
2018-07-10,KMCDB,1415.0,1341.0,1415.0,1341.0,2700,stock
2018-07-11,KMCDB,1367.0,1373.0,1425.0,1367.0,2943,stock
2018-07-12,KMCDB,1400.0,1350.0,1413.0,1300.0,2829,stock
2018-07-15,KMCDB,1323.0,1324.0,1349.0,1322.0,1190,stock
2018-07-16,KMCDB,1345.0,1354.0,1354.0,1320.0,1623,stock
2018-07-17,KMCDB,1327.0,1330.0,1369.0,1327.0,600,stock
2018-07-18,KMCDB,1330.0,1330.0,1330.0,1330.0,76,stock
2018-07-19,KMCDB,1356.0,1353.0,1380.0,1353.0,130,stock
2018-07-22,KMCDB,1360.0,1334.0,1360.0,1320.0,251,stock
2018-07-23,KMCDB,1358.0,1350.0,1358.0,1312.0,416,stock
2018-07-24,KMCDB,1323.0,1328.0,1370.0,1323.0,2895,stock
2018-07-25,KMCDB,1349.0,1349.0,1349.0,1349.0,16,stock
2018-07-30,KMCDB,1325.0,1326.0,1326.0,1325.0,109,stock
2018-08-01,KMCDB,1310.0,1311.0,1311.0,1310.0,190,stock
2018-08-02,KMCDB,1301.0,1301.0,1301.0,1301.0,33,stock
2018-08-05,KMCDB,1300.0,1276.0,1300.0,1276.0,35,stock
2018-08-06,KMCDB,1257.0,1257.0,1257.0,1257.0,11,stock
2018-08-07,KMCDB,1265.0,1259.0,1284.0,1259.0,411,stock
2018-08-08,KMCDB,1250.0,1250.0,1250.0,1250.0,66,stock
2018-08-09,KMCDB,1255.0,1232.0,1255.0,1232.0,442,stock
2018-08-12,KMCDB,1208.0,1192.0,1208.0,1185.0,511,stock
2018-08-13,KMCDB,1210.0,1210.0,1210.0,1210.0,100,stock
2018-08-14,KMCDB,1210.0,1250.0,1250.0,1210.0,770,stock
2018-08-15,KMCDB,1230.0,1305.0,1305.0,1230.0,1535,stock
2018-08-16,KMCDB,1320.0,1320.0,1320.0,1320.0,20,stock
2018-08-19,KMCDB,1294.0,1290.0,1294.0,1269.0,40,stock
2018-08-20,KMCDB,1300.0,1245.0,1300.0,1245.0,290,stock
2018-08-21,KMCDB,1225.0,1225.0,1225.0,1225.0,160,stock
2018-08-22,KMCDB,1225.0,1245.0,1245.0,1225.0,94,stock
2018-08-23,KMCDB,1230.0,1240.0,1240.0,1221.0,610,stock
2018-08-29,KMCDB,1218.0,1194.0,1220.0,1176.0,656,stock
2018-08-30,KMCDB,1199.0,1215.0,1240.0,1199.0,497,stock
2018-09-02,KMCDB,1225.0,1190.0,1225.0,1176.0,1143,stock
2018-09-03,KMCDB,1213.0,1190.0,1249.0,1190.0,850,stock
2018-09-04,KMCDB,1213.0,1225.0,1230.0,1201.0,460,stock
2018-09-05,KMCDB,1248.0,1314.0,1320.0,1248.0,827,stock
2018-09-06,KMCDB,1339.0,1308.0,1339.0,1286.0,277,stock
2018-09-09,KMCDB,1308.0,1245.0,1308.0,1235.0,840,stock
2018-09-10,KMCDB,1230.0,1259.0,1259.0,1230.0,360,stock
2018-09-11,KMCDB,1265.0,1263.0,1289.0,1255.0,1362,stock
2018-09-12,KMCDB,1280.0,1299.0,1331.0,1279.0,605,stock
2018-09-13,KMCDB,1300.0,1317.0,1340.0,1300.0,3566,stock
2018-09-16,KMCDB,1343.0,1342.0,1343.0,1330.0,160,stock
2018-09-18,KMCDB,1368.0,1368.0,1368.0,1368.0,10,stock
2018-09-20,KMCDB,1386.0,1386.0,1386.0,1386.0,10,stock
2018-09-23,KMCDB,1359.0,1283.0,1359.0,1283.0,156,stock
2018-09-25,KMCDB,1308.0,1260.0,1310.0,1260.0,2380,stock
2018-09-26,KMCDB,1275.0,1256.0,1275.0,1250.0,561,stock
2018-09-27,KMCDB,1275.0,1245.0,1275.0,1237.0,255,stock
2018-09-30,KMCDB,1230.0,1230.0,1230.0,1230.0,75,stock
2018-10-01,KMCDB,1220.0,1205.0,1240.0,1196.0,1640,stock
2018-10-02,KMCDB,1200.0,1195.0,1226.0,1176.0,2873,stock
2018-10-03,KMCDB,1209.0,1200.0,1209.0,1152.0,788,stock
2018-10-04,KMCDB,1176.0,1179.0,1180.0,1155.0,1793,stock
2018-10-07,KMCDB,1174.0,1139.0,1174.0,1125.0,3900,stock
2018-10-08,KMCDB,1140.0,1135.0,1140.0,1122.0,426,stock
2018-10-09,KMCDB,1150.0,1115.0,1150.0,1115.0,436,stock
2018-10-10,KMCDB,1105.0,1081.0,1105.0,1080.0,2158,stock
2018-10-11,KMCDB,1100.0,1105.0,1122.0,1100.0,636,stock
2018-10-14,KMCDB,1122.0,1149.0,1149.0,1122.0,308,stock
2018-10-15,KMCDB,1130.0,1127.0,1137.0,1127.0,555,stock
2018-10-22,KMCDB,1105.0,1149.0,1149.0,1100.0,180,stock
2018-10-23,KMCDB,1127.0,1107.0,1127.0,1105.0,390,stock
2018-10-24,KMCDB,1110.0,1110.0,1110.0,1110.0,41,stock
2018-10-25,KMCDB,1091.0,1127.0,1127.0,1088.0,580,stock
2018-10-28,KMCDB,1127.0,1129.0,1130.0,1127.0,386,stock
2018-10-29,KMCDB,1111.0,1089.0,1111.0,1068.0,3512,stock
2018-10-30,KMCDB,1110.0,1095.0,1110.0,1075.0,401,stock
2018-10-31,KMCDB,1075.0,1074.0,1075.0,1060.0,114,stock
2018-11-01,KMCDB,1040.0,1050.0,1060.0,1040.0,220,stock
2018-11-04,KMCDB,1040.0,1039.0,1040.0,1039.0,100,stock
2018-11-05,KMCDB,1025.0,1041.0,1041.0,1021.0,334,stock
2018-11-15,KMCDB,1041.0,1040.0,1041.0,1026.0,204,stock
2018-11-19,KMCDB,1038.0,1020.0,1038.0,1020.0,130,stock
2018-11-20,KMCDB,1020.0,1000.0,1020.0,1000.0,42,stock
2018-11-21,KMCDB,1000.0,982.0,1000.0,980.0,50,stock
2018-11-25,KMCDB,982.0,930.0,982.0,930.0,553,stock
2018-11-26,KMCDB,930.0,921.0,930.0,921.0,1175,stock
2018-11-27,KMCDB,921.0,974.0,974.0,921.0,146,stock
2018-11-28,KMCDB,974.0,970.0,974.0,970.0,10,stock
2018-11-29,KMCDB,970.0,941.0,970.0,941.0,116,stock
2018-12-02,KMCDB,941.0,923.0,941.0,923.0,30,stock
2018-12-03,KMCDB,923.0,900.0,925.0,895.0,1603,stock
2018-12-04,KMCDB,900.0,870.0,918.0,870.0,375,stock
2018-12-06,KMCDB,821.0,760.0,821.0,760.0,235,stock
2018-12-09,KMCDB,760.0,744.0,760.0,744.0,1896,stock
2018-12-10,KMCDB,744.0,780.0,803.0,744.0,161,stock
2018-12-11,KMCDB,780.0,755.0,780.0,750.0,276,stock
2018-12-12,KMCDB,755.0,740.0,755.0,737.0,413,stock
2018-12-13,KMCDB,740.0,754.0,754.0,740.0,10,stock
2018-12-16,KMCDB,754.0,829.0,829.0,754.0,811,stock
2018-12-17,KMCDB,829.0,911.0,911.0,829.0,420,stock
2018-12-18,KMCDB,911.0,864.0,930.0,840.0,3315,stock
2018-12-19,KMCDB,864.0,870.0,870.0,847.0,550,stock
2018-12-20,KMCDB,870.0,870.0,887.0,853.0,944,stock
2018-12-23,KMCDB,870.0,957.0,957.0,870.0,2704,stock
2018-12-24,KMCDB,957.0,927.0,969.0,906.0,2236,stock
2018-12-25,KMCDB,927.0,920.0,927.0,891.0,397,stock
2018-12-26,KMCDB,920.0,980.0,980.0,920.0,1820,stock
2018-12-27,KMCDB,980.0,969.0,1020.0,950.0,2875,stock
2018-12-30,KMCDB,969.0,933.0,980.0,933.0,330,stock
2018-12-31,KMCDB,933.0,918.0,940.0,900.0,1056,stock
2019-01-01,KMCDB,918.0,1009.0,1009.0,907.0,3762,stock
2019-01-02,KMCDB,1009.0,1104.0,1105.0,1009.0,7962,stock
2019-01-03,KMCDB,1104.0,1027.0,1125.0,1010.0,3764,stock
2019-01-08,KMCDB,1027.0,970.0,1044.0,970.0,1109,stock
2019-01-09,KMCDB,970.0,994.0,999.0,965.0,588,stock
2019-01-10,KMCDB,994.0,985.0,999.0,965.0,1979,stock
2019-01-13,KMCDB,912.04,894.0,912.04,894.0,100,stock
2019-01-14,KMCDB,894.0,911.0,911.0,894.0,92,stock
2019-01-15,KMCDB,911.0,942.0,943.0,911.0,660,stock
2019-01-16,KMCDB,942.0,943.0,943.0,907.0,685,stock
2019-01-17,KMCDB,943.0,920.0,943.0,907.0,106,stock
2019-01-21,KMCDB,920.0,900.0,920.0,867.0,240,stock
2019-01-22,KMCDB,900.0,900.0,900.0,894.0,324,stock
2019-01-23,KMCDB,900.0,888.0,900.0,882.0,150,stock
2019-01-27,KMCDB,889.0,888.0,889.0,872.0,82,stock
2019-01-28,KMCDB,888.0,857.0,900.0,857.0,610,stock
2019-01-29,KMCDB,857.0,867.0,874.0,850.0,1065,stock
2019-01-30,KMCDB,867.0,865.0,867.0,856.0,439,stock
2019-01-31,KMCDB,865.0,861.0,870.0,861.0,282,stock
2019-02-03,KMCDB,861.0,878.0,878.0,861.0,60,stock
2019-02-04,KMCDB,861.0,845.0,878.0,845.0,120,stock
2019-02-05,KMCDB,850.0,860.0,860.0,845.0,376,stock
2019-02-06,KMCDB,860.0,845.0,860.0,845.0,273,stock
2019-02-07,KMCDB,831.0,829.0,845.0,829.0,418,stock
2019-02-10,KMCDB,825.0,840.0,840.0,813.0,475,stock
2019-02-11,KMCDB,830.0,824.0,840.0,824.0,50,stock
2019-02-12,KMCDB,819.0,816.0,825.0,816.0,143,stock
2019-02-13,KMCDB,820.0,820.0,820.0,816.0,50,stock
2019-02-14,KMCDB,804.0,815.0,820.0,801.0,392,stock
2019-02-17,KMCDB,810.0,800.0,815.0,800.0,405,stock
2019-02-18,KMCDB,785.0,774.0,800.0,774.0,388,stock
2019-02-19,KMCDB,789.0,849.0,849.0,774.0,582,stock
2019-02-20,KMCDB,833.0,845.0,849.0,825.0,108,stock
2019-02-21,KMCDB,829.0,840.0,845.0,813.0,231,stock
2019-02-24,KMCDB,839.0,824.0,840.0,824.0,753,stock
2019-02-25,KMCDB,812.0,838.0,838.0,812.0,173,stock
2019-02-26,KMCDB,830.0,830.0,838.0,830.0,72,stock
2019-02-27,KMCDB,846.0,840.0,846.0,830.0,489,stock
2019-03-03,KMCDB,825.0,825.0,840.0,825.0,160,stock
2019-03-05,KMCDB,809.0,835.0,835.0,809.0,120,stock
2019-03-06,KMCDB,820.0,820.0,835.0,820.0,197,stock
2019-03-07,KMCDB,818.0,852.0,852.0,811.0,1128,stock
2019-03-11,KMCDB,865.0,869.0,869.0,852.0,182,stock
2019-03-12,KMCDB,853.0,867.0,870.0,853.0,1055,stock
2019-03-13,KMCDB,866.0,849.0,866.0,833.0,179,stock
2019-03-14,KMCDB,855.0,845.0,855.0,845.0,120,stock
2019-03-17,KMCDB,850.0,844.0,850.0,818.0,110,stock
2019-03-18,KMCDB,834.0,815.0,834.0,815.0,724,stock
2019-03-19,KMCDB,816.0,808.0,830.0,808.0,1020,stock
2019-03-21,KMCDB,805.0,820.0,820.0,805.0,107,stock
2019-03-25,KMCDB,800.0,791.0,800.0,791.0,218,stock
2019-03-26,KMCDB,790.0,804.0,804.0,790.0,64,stock
2019-03-28,KMCDB,804.0,790.0,804.0,790.0,740,stock
2019-03-31,KMCDB,805.0,782.0,805.0,781.0,568,stock
2019-04-01,KMCDB,784.0,795.0,795.0,782.0,116,stock
2019-04-02,KMCDB,800.0,805.0,808.0,792.0,936,stock
2019-04-04,KMCDB,790.0,775.0,790.0,775.0,250,stock
2019-04-07,KMCDB,775.0,765.0,775.0,765.0,299,stock
2019-04-09,KMCDB,780.0,799.0,799.0,780.0,660,stock
2019-04-11,KMCDB,809.0,815.0,816.0,800.0,278,stock
2019-04-15,KMCDB,800.0,822.0,829.0,800.0,1035,stock
2019-04-16,KMCDB,830.0,835.0,844.0,824.0,1125,stock
2019-04-18,KMCDB,824.0,794.0,824.0,794.0,460,stock
2019-04-21,KMCDB,809.0,805.0,824.0,780.0,1154,stock
2019-04-22,KMCDB,790.0,777.0,790.0,761.0,2410,stock
2019-04-23,KMCDB,768.0,753.0,768.0,753.0,1450,stock
2019-04-24,KMCDB,740.0,730.0,760.0,730.0,3639,stock
2019-04-25,KMCDB,740.0,735.0,740.0,721.0,1140,stock
2019-04-28,KMCDB,749.0,771.0,800.0,749.0,1574,stock
2019-04-29,KMCDB,773.0,757.0,784.0,757.0,310,stock
2019-04-30,KMCDB,762.0,742.0,762.0,742.0,104,stock
2019-05-02,KMCDB,728.0,720.0,728.0,720.0,460,stock
2019-05-05,KMCDB,720.0,730.0,734.0,720.0,132,stock
2019-05-06,KMCDB,720.0,734.0,734.0,720.0,63,stock
2019-05-07,KMCDB,740.0,712.0,740.0,712.0,1548,stock
2019-05-08,KMCDB,712.0,730.0,730.0,712.0,120,stock
2019-05-09,KMCDB,730.0,715.0,730.0,715.0,1564,stock
2019-05-12,KMCDB,711.0,710.0,728.0,710.0,461,stock
2019-05-13,KMCDB,715.0,762.0,762.0,715.0,200,stock
2019-05-14,KMCDB,771.0,738.0,771.0,724.0,944,stock
2019-05-15,KMCDB,752.0,715.0,764.0,707.0,1369,stock
2019-05-16,KMCDB,729.0,710.0,729.0,704.0,1773,stock
2019-05-19,KMCDB,701.0,699.0,703.0,688.0,987,stock
2020-02-18,KMCDB,733.0,768.0,768.0,733.0,1090,stock
2020-02-19,KMCDB,806.0,844.0,844.0,806.0,150,stock
2020-02-23,KMCDB,974.0,1020.0,1020.0,974.0,2295,stock
2020-02-25,KMCDB,1144.0,1119.0,1188.0,1070.0,26220,stock
2020-02-26,KMCDB,1105.0,1096.0,1127.0,1085.0,15353,stock
2020-02-27,KMCDB,1075.0,1097.0,1116.0,1056.0,9499,stock
2020-03-02,KMCDB,1008.0,985.0,1048.0,970.0,3243,stock
2020-03-04,KMCDB,945.0,864.0,945.0,864.0,8200,stock
2020-03-05,KMCDB,880.0,905.0,938.0,839.0,8504,stock
2020-03-10,KMCDB,888.0,837.0,888.0,837.0,3365,stock
2020-03-11,KMCDB,840.0,895.0,913.0,810.0,6841,stock
2020-03-12,KMCDB,900.0,879.0,912.0,849.0,5502,stock
2020-03-15,KMCDB,862.0,819.0,862.0,792.0,9756,stock
2020-03-16,KMCDB,779.0,796.0,829.0,779.0,3907,stock
2020-03-17,KMCDB,810.0,730.0,811.0,730.0,3485,stock
2020-03-18,KMCDB,735.0,740.0,803.0,690.0,3941,stock
2020-03-19,KMCDB,701.0,751.0,775.0,690.0,3818,stock
2020-03-22,KMCDB,751.0,738.0,760.0,738.0,348,stock
2020-05-12,KMCDB,724.0,716.0,724.0,716.0,20,stock
2020-06-29,KMCDB,716.0,690.0,716.0,716.0,1400,stock
2020-06-30,KMCDB,677.0,726.0,726.0,677.0,801,stock
2020-07-01,KMCDB,726.0,741.0,754.0,726.0,451,stock
2020-07-02,KMCDB,727.0,713.0,727.0,713.0,280,stock
2020-07-05,KMCDB,713.0,732.0,734.0,666.0,3290,stock
2020-07-06,KMCDB,732.0,760.0,760.0,691.0,2965,stock
2020-07-07,KMCDB,765.0,810.0,826.0,760.0,6175,stock
2020-07-08,KMCDB,818.0,800.0,818.0,773.0,2576,stock
2020-07-09,KMCDB,802.0,780.0,802.0,765.0,1970,stock
2020-07-12,KMCDB,765.0,800.0,810.0,750.0,6059,stock
2020-07-13,KMCDB,791.0,799.0,816.0,779.0,5509,stock
2020-07-14,KMCDB,805.0,818.0,825.0,796.0,5026,stock
2020-07-15,KMCDB,804.0,825.0,825.0,795.0,4227,stock
2020-07-16,KMCDB,836.0,824.0,841.0,801.0,3358,stock
2020-07-19,KMCDB,840.0,840.0,840.0,840.0,20,stock
2020-07-20,KMCDB,882.0,805.0,882.0,804.0,4242,stock
2020-07-21,KMCDB,821.0,796.0,826.0,790.0,5064,stock
2020-07-22,KMCDB,805.0,789.0,805.0,782.0,5784,stock
2020-07-23,KMCDB,780.0,867.0,867.0,777.0,13534,stock
2020-07-26,KMCDB,910.0,884.0,910.0,847.0,9750,stock
2020-07-27,KMCDB,870.0,865.0,878.0,845.0,5282,stock
2020-07-28,KMCDB,850.0,849.0,875.0,820.0,7372,stock
2020-07-29,KMCDB,850.0,804.0,850.0,794.0,10660,stock
2020-07-30,KMCDB,788.0,817.0,828.0,788.0,2931,stock
2020-08-02,KMCDB,801.0,775.0,801.0,770.0,4785,stock
2020-08-03,KMCDB,770.0,780.0,790.0,755.0,2510,stock
2020-08-05,KMCDB,765.0,760.0,772.0,750.0,1975,stock
2020-08-06,KMCDB,763.0,768.0,774.0,748.0,2027,stock
2020-08-09,KMCDB,755.0,782.0,782.0,740.0,2381,stock
2020-08-10,KMCDB,767.0,806.0,810.0,767.0,4382,stock
2020-08-11,KMCDB,790.0,762.0,790.0,747.0,9464,stock
2020-08-12,KMCDB,750.0,760.0,765.0,749.0,7743,stock
2020-08-13,KMCDB,747.0,750.0,761.0,745.0,3451,stock
2020-08-16,KMCDB,745.0,729.0,749.0,726.0,3750,stock
2020-08-17,KMCDB,730.0,738.0,739.0,725.0,3545,stock
2020-08-18,KMCDB,750.0,732.0,765.0,730.0,4184,stock
2020-08-19,KMCDB,768.0,729.0,768.0,720.0,2985,stock
2020-08-20,KMCDB,717.0,730.0,732.0,717.0,982,stock
2020-08-23,KMCDB,730.0,726.0,735.0,722.0,2235,stock
2020-08-24,KMCDB,730.0,757.0,768.0,730.0,5106,stock
2020-08-25,KMCDB,755.0,768.0,770.0,752.0,2961,stock
2020-08-26,KMCDB,755.0,780.0,782.0,755.0,4543,stock
2020-08-27,KMCDB,780.0,770.0,793.0,761.0,4220,stock
2020-08-31,KMCDB,812.0,777.0,812.0,766.0,6239,stock
2020-09-02,KMCDB,815.0,762.0,815.0,761.0,4646,stock
2020-09-03,KMCDB,762.0,765.0,765.0,752.0,8768,stock
2020-09-06,KMCDB,780.0,754.0,780.0,751.0,2895,stock
2020-09-07,KMCDB,745.0,763.0,764.0,739.0,5643,stock
2020-09-08,KMCDB,749.0,778.0,785.0,747.0,5767,stock
2020-09-09,KMCDB,780.0,790.0,802.0,775.0,12102,stock
2020-09-10,KMCDB,790.0,788.0,805.0,772.0,9575,stock
2020-09-13,KMCDB,773.0,778.0,780.0,769.0,10799,stock
2020-09-14,KMCDB,816.0,767.0,816.0,757.0,7482,stock
2020-09-15,KMCDB,767.0,752.0,767.0,751.0,4849,stock
2020-09-16,KMCDB,745.0,763.0,763.0,745.0,3473,stock
2020-09-17,KMCDB,759.0,769.0,770.0,759.0,7954,stock
2020-09-20,KMCDB,770.0,775.0,783.0,752.0,2948,stock
2020-09-21,KMCDB,760.0,757.0,770.0,750.0,4352,stock
2020-09-22,KMCDB,750.0,750.0,760.0,750.0,2036,stock
2020-09-23,KMCDB,748.0,758.0,765.0,740.0,8348,stock
2020-09-24,KMCDB,743.0,743.0,758.0,740.0,5268,stock
2020-09-27,KMCDB,757.0,744.0,770.0,735.0,5411,stock
2020-09-28,KMCDB,737.0,736.0,740.0,735.0,3311,stock
2020-09-29,KMCDB,750.0,730.0,750.0,728.0,4699,stock
2020-09-30,KMCDB,720.0,734.0,739.0,720.0,1465,stock
2020-10-01,KMCDB,731.0,735.0,748.0,731.0,3839,stock
2020-10-04,KMCDB,749.0,747.0,758.0,732.0,2773,stock
2020-10-05,KMCDB,752.0,744.0,766.0,732.0,4100,stock
2020-10-06,KMCDB,745.0,726.0,745.0,725.0,9972,stock
2020-10-07,KMCDB,726.0,720.0,726.0,715.0,8154,stock
2020-10-08,KMCDB,720.0,735.0,735.0,716.0,5056,stock
2020-10-11,KMCDB,722.0,721.0,735.0,720.0,3482,stock
2020-10-12,KMCDB,710.0,725.0,731.0,710.0,1340,stock
2020-10-13,KMCDB,719.0,725.0,750.0,719.0,4021,stock
2020-10-14,KMCDB,718.0,729.0,732.0,718.0,539,stock
2020-10-15,KMCDB,729.0,718.0,743.0,718.0,2849,stock
2020-10-18,KMCDB,710.0,725.0,725.0,710.0,1873,stock
2020-10-19,KMCDB,719.0,739.0,739.0,719.0,1021,stock
2020-10-20,KMCDB,745.0,737.0,745.0,721.0,890,stock
2020-10-21,KMCDB,725.0,738.0,740.0,725.0,1363,stock
2020-10-22,KMCDB,750.0,726.0,750.0,724.0,1120,stock
2020-10-28,KMCDB,726.0,729.0,740.0,715.0,1134,stock
2020-10-29,KMCDB,715.0,740.0,741.0,715.0,1241,stock
2020-11-01,KMCDB,777.0,770.0,777.0,725.0,10987,stock
2020-11-02,KMCDB,732.0,768.0,775.0,732.0,6788,stock
2020-11-03,KMCDB,780.0,779.0,781.0,766.0,11169,stock
2020-11-04,KMCDB,779.0,788.0,794.0,771.0,8177,stock
2020-11-05,KMCDB,775.0,785.0,785.0,765.0,4156,stock
2020-11-08,KMCDB,780.0,789.0,789.0,775.0,3898,stock
2020-11-09,KMCDB,775.0,787.0,787.0,775.0,2577,stock
2020-11-10,KMCDB,772.0,780.0,787.0,770.0,1820,stock
2020-11-11,KMCDB,765.0,765.0,776.0,765.0,3843,stock
2020-11-12,KMCDB,775.0,759.0,775.0,754.0,2140,stock
2020-11-18,KMCDB,770.0,745.0,773.0,743.0,2625,stock
2020-11-19,KMCDB,747.0,757.0,772.0,747.0,4307,stock
2020-11-22,KMCDB,794.0,771.0,794.0,750.0,7559,stock
2020-11-23,KMCDB,770.0,764.0,770.0,756.0,6241,stock
2020-11-24,KMCDB,755.0,768.0,768.0,752.0,5739,stock
2020-11-25,KMCDB,755.0,780.0,793.0,755.0,7408,stock
2020-11-26,KMCDB,824.0,780.0,824.0,765.0,7900,stock
2020-11-29,KMCDB,770.0,768.0,770.0,755.0,6005,stock
2020-11-30,KMCDB,760.0,768.0,772.0,760.0,4023,stock
2020-12-01,KMCDB,765.0,769.0,770.0,755.0,5197,stock
2020-12-02,KMCDB,770.0,814.0,837.0,768.0,25830,stock
2020-12-03,KMCDB,815.0,825.0,840.0,800.0,23641,stock
2020-12-06,KMCDB,809.0,775.0,809.0,765.0,8541,stock
2020-12-07,KMCDB,785.0,790.0,800.0,760.0,6169,stock
2020-12-08,KMCDB,805.0,784.0,817.0,780.0,7360,stock
2020-12-09,KMCDB,769.0,786.0,799.0,764.0,7709,stock
2020-12-10,KMCDB,800.0,785.0,800.0,755.0,2613,stock
2020-12-13,KMCDB,792.0,796.0,805.0,781.0,8531,stock
2020-12-14,KMCDB,800.0,831.0,834.0,800.0,24645,stock
2020-12-15,KMCDB,835.0,845.0,863.0,831.0,12553,stock
2020-12-16,KMCDB,840.0,902.0,929.0,840.0,29346,stock
2020-12-17,KMCDB,919.0,905.0,950.0,867.0,18668,stock
2020-12-20,KMCDB,887.0,843.0,903.0,830.0,12411,stock
2020-12-21,KMCDB,800.0,837.0,869.0,784.0,10278,stock
2020-12-22,KMCDB,850.0,899.0,900.0,850.0,10656,stock
2020-12-23,KMCDB,882.0,878.0,900.0,862.0,3970,stock
2020-12-24,KMCDB,890.0,855.0,890.0,851.0,2497,stock
2020-12-27,KMCDB,855.0,847.0,855.0,835.0,4961,stock
2020-12-28,KMCDB,831.0,852.0,852.0,831.0,2175,stock
2020-12-29,KMCDB,837.0,859.0,859.0,837.0,3677,stock
2020-12-30,KMCDB,843.0,885.0,885.0,843.0,4715,stock
2020-12-31,KMCDB,870.0,859.0,877.0,855.0,4781,stock
2021-01-03,KMCDB,850.0,870.0,880.0,850.0,6728,stock
2021-01-04,KMCDB,880.0,883.0,887.0,865.0,5409,stock
2021-01-05,KMCDB,868.0,880.0,885.0,867.0,4504,stock
2021-01-06,KMCDB,863.0,968.0,968.0,863.0,34123,stock
2021-01-07,KMCDB,1016.0,989.0,1036.0,982.0,18578,stock
2021-01-10,KMCDB,1008.0,993.0,1008.0,955.0,7696,stock
2021-01-11,KMCDB,975.0,970.0,980.0,958.0,8707,stock
2021-01-12,KMCDB,988.0,967.0,988.0,951.0,7370,stock
2021-01-13,KMCDB,975.0,1000.0,1055.0,960.0,18909,stock
2021-01-17,KMCDB,1019.0,1095.0,1095.0,1005.0,27124,stock
2021-01-18,KMCDB,1111.0,1186.0,1190.0,1100.0,26651,stock
2021-01-19,KMCDB,1200.0,1166.0,1210.0,1135.0,27443,stock
2021-01-20,KMCDB,1151.0,1248.0,1275.0,1150.0,16965,stock
2021-01-21,KMCDB,1226.0,1295.0,1300.0,1226.0,17889,stock
2021-01-24,KMCDB,1295.0,1295.0,1336.0,1273.0,22406,stock
2021-01-25,KMCDB,1300.0,1251.0,1310.0,1250.0,20605,stock
2021-01-26,KMCDB,1235.0,1248.0,1271.0,1235.0,13780,stock
2021-01-27,KMCDB,1220.0,1255.0,1269.0,1199.0,8046,stock
2021-01-28,KMCDB,1279.0,1269.0,1309.0,1250.0,25526,stock
2021-01-31,KMCDB,1260.0,1326.0,1326.0,1211.0,16273,stock
2021-02-01,KMCDB,1326.0,1230.0,1326.0,1216.0,30724,stock
2021-02-02,KMCDB,1254.0,1264.0,1279.0,1230.0,14719,stock
2021-02-03,KMCDB,1327.0,1305.0,1379.0,1249.0,41459,stock
2021-02-04,KMCDB,1305.0,1319.0,1335.0,1290.0,17663,stock
2021-02-07,KMCDB,1319.0,1390.0,1425.0,1319.0,29072,stock
2021-02-08,KMCDB,1400.0,1343.0,1438.0,1333.0,30537,stock
2021-02-15,KMCDB,1343.0,1422.0,1438.0,1318.0,39075,stock
2021-02-16,KMCDB,1493.0,1370.0,1493.0,1370.0,17541,stock
2021-02-17,KMCDB,1397.0,1340.0,1397.0,1340.0,9081,stock
2021-02-18,KMCDB,1316.0,1330.0,1340.0,1305.0,7430,stock
2021-02-21,KMCDB,1356.0,1310.0,1356.0,1304.0,4565,stock
2021-02-22,KMCDB,1310.0,1290.0,1355.0,1283.0,8592,stock
2021-02-23,KMCDB,1270.0,1260.0,1270.0,1191.0,14404,stock
2021-02-24,KMCDB,1323.0,1279.0,1323.0,1264.0,3450,stock
2021-02-25,KMCDB,1254.0,1256.0,1303.0,1248.0,3200,stock
2021-02-28,KMCDB,1238.0,1185.0,1238.0,1185.0,9501,stock
2021-03-01,KMCDB,1163.0,1202.0,1224.0,1162.0,4561,stock
2021-03-02,KMCDB,1200.0,1180.0,1203.0,1151.0,6002,stock
2021-03-03,KMCDB,1195.0,1179.0,1195.0,1124.0,6290,stock
2021-03-04,KMCDB,1160.0,1235.0,1235.0,1160.0,7892,stock
2021-03-09,KMCDB,1313.0,1225.0,1313.0,1210.0,2157,stock
2021-03-10,KMCDB,1206.0,1210.0,1249.0,1201.0,1510,stock
2021-03-14,KMCDB,1201.0,1169.0,1205.0,1164.0,9673,stock
2021-03-15,KMCDB,1150.0,1186.0,1215.0,1147.0,3810,stock
2021-03-16,KMCDB,1165.0,1190.0,1221.0,1165.0,3831,stock
2021-03-17,KMCDB,1167.0,1201.0,1207.0,1167.0,4683,stock
2021-03-18,KMCDB,1215.0,1220.0,1225.0,1201.0,7061,stock
2021-03-21,KMCDB,1244.0,1319.0,1320.0,1244.0,18529,stock
2021-03-22,KMCDB,1320.0,1270.0,1326.0,1270.0,7969,stock
2021-03-23,KMCDB,1250.0,1312.0,1320.0,1245.0,10111,stock
2021-03-24,KMCDB,1320.0,1350.0,1361.0,1305.0,20870,stock
2021-03-25,KMCDB,1417.0,1370.0,1417.0,1358.0,26501,stock
2021-03-29,KMCDB,1397.0,1370.0,1397.0,1332.0,12161,stock
2021-03-30,KMCDB,1387.0,1405.0,1407.0,1370.0,18711,stock
2021-03-31,KMCDB,1409.0,1390.0,1422.0,1390.0,15076,stock
2021-04-01,KMCDB,1321.0,1420.0,1483.0,1321.0,47498,stock
2021-04-04,KMCDB,1300.0,1293.0,1364.0,1290.0,9425,stock
2021-04-05,KMCDB,1318.0,1288.0,1318.0,1270.0,4619,stock
2021-04-06,KMCDB,1300.0,1294.0,1319.0,1266.0,11102,stock
2021-04-07,KMCDB,1294.0,1330.0,1345.0,1294.0,21896,stock
2021-04-08,KMCDB,1355.0,1364.0,1377.0,1321.0,17959,stock
2021-04-12,KMCDB,1364.0,1390.0,1424.0,1360.0,16414,stock
2021-04-13,KMCDB,1390.0,1381.0,1410.0,1381.0,23997,stock
2021-04-15,KMCDB,1354.0,1361.0,1385.0,1354.0,10166,stock
2021-04-18,KMCDB,1360.0,1344.0,1380.0,1334.0,7219,stock
2021-04-19,KMCDB,1439.0,1385.0,1478.0,1380.0,37369,stock
2021-04-20,KMCDB,1454.0,1384.0,1454.0,1369.0,23746,stock
2021-04-21,KMCDB,1400.0,1352.0,1405.0,1352.0,4901,stock
2021-04-22,KMCDB,1326.0,1370.0,1380.0,1326.0,6773,stock
2021-04-25,KMCDB,1344.0,1329.0,1351.0,1315.0,5778,stock
2021-04-26,KMCDB,1329.0,1270.0,1329.0,1270.0,11348,stock
2021-04-27,KMCDB,1295.0,1321.0,1330.0,1275.0,6661,stock
2021-04-28,KMCDB,1315.0,1302.0,1325.0,1280.0,5695,stock
2021-04-29,KMCDB,1326.0,1320.0,1327.0,1300.0,3087,stock
2021-05-02,KMCDB,1300.0,1386.0,1400.0,1300.0,16056,stock
2021-05-03,KMCDB,1400.0,1394.0,1430.0,1379.0,10306,stock
2021-05-04,KMCDB,1412.0,1418.0,1421.0,1367.0,27355,stock
2021-05-05,KMCDB,1450.0,1395.0,1450.0,1392.0,8509,stock
2021-05-06,KMCDB,1377.0,1367.0,1390.0,1365.0,6601,stock
2021-05-09,KMCDB,1367.0,1362.0,1367.0,1335.0,5900,stock
2021-05-10,KMCDB,1362.0,1379.0,1385.0,1345.0,3181,stock
2021-05-11,KMCDB,1380.0,1387.0,1390.0,1365.0,4303,stock
2021-05-12,KMCDB,1409.0,1390.0,1442.0,1365.0,5748,stock
2021-05-13,KMCDB,1387.0,1424.0,1440.0,1387.0,34536,stock
2021-05-16,KMCDB,1452.0,1490.0,1503.0,1443.0,30081,stock
2021-05-17,KMCDB,1500.0,1469.0,1505.0,1455.0,25082,stock
2021-05-18,KMCDB,1490.0,1564.0,1583.0,1452.0,51249,stock
2021-05-19,KMCDB,1595.0,1567.0,1600.0,1515.0,36865,stock
2021-05-20,KMCDB,1547.0,1577.0,1577.0,1525.0,14712,stock
2021-05-23,KMCDB,1546.0,1551.0,1580.0,1531.0,12616,stock
2021-05-24,KMCDB,1558.0,1510.0,1558.0,1510.0,20366,stock
2021-05-25,KMCDB,1510.0,1501.0,1522.0,1500.0,8858,stock
2021-05-27,KMCDB,1430.0,1442.0,1455.0,1398.0,21093,stock
2021-05-30,KMCDB,1442.0,1425.0,1442.0,1418.0,13276,stock
2021-05-31,KMCDB,1447.0,1426.0,1447.0,1410.0,10732,stock
2021-06-01,KMCDB,1400.0,1412.0,1435.0,1400.0,6455,stock
2021-06-02,KMCDB,1412.0,1412.0,1430.0,1402.0,7312,stock
2021-06-03,KMCDB,1435.0,1441.0,1460.0,1415.0,6220,stock
2021-06-06,KMCDB,1441.0,1432.0,1460.0,1422.0,3520,stock
2021-06-07,KMCDB,1419.0,1418.0,1435.0,1417.0,4754,stock
2021-06-08,KMCDB,1402.0,1404.0,1428.0,1402.0,4678,stock
2021-06-09,KMCDB,1404.0,1406.0,1459.0,1403.0,5929,stock
2021-06-10,KMCDB,1407.0,1393.0,1410.0,1385.0,6273,stock
2021-06-13,KMCDB,1395.0,1375.0,1395.0,1366.0,9441,stock
2021-06-14,KMCDB,1390.0,1370.0,1395.0,1360.0,6339,stock
2021-06-15,KMCDB,1379.0,1363.0,1380.0,1362.0,5436,stock
2021-06-16,KMCDB,1364.0,1432.0,1471.0,1363.0,19809,stock
2021-06-17,KMCDB,1435.0,1415.0,1435.0,1400.0,4116,stock
2021-06-20,KMCDB,1401.0,1361.0,1406.0,1345.0,14245,stock
2021-06-21,KMCDB,1336.0,1328.0,1360.0,1324.0,6498,stock
2021-06-22,KMCDB,1330.0,1344.0,1358.0,1330.0,3349,stock
2021-06-23,KMCDB,1335.0,1303.0,1340.0,1300.0,4293,stock
2021-06-24,KMCDB,1303.0,1295.0,1325.0,1275.0,5511,stock
2021-06-27,KMCDB,1270.0,1295.0,1309.0,1270.0,2496,stock
2021-06-28,KMCDB,1296.0,1339.0,1390.0,1295.0,11322,stock
2021-06-29,KMCDB,1365.0,1360.0,1412.0,1346.0,10823,stock
2021-06-30,KMCDB,1350.0,1339.0,1350.0,1324.0,3177,stock
2021-07-01,KMCDB,1338.0,1341.0,1354.0,1321.0,4133,stock
2021-07-04,KMCDB,1355.0,1334.0,1360.0,1330.0,1911,stock
2021-07-05,KMCDB,1311.0,1321.0,1330.0,1300.0,4162,stock
2021-07-06,KMCDB,1308.0,1328.0,1334.0,1308.0,1552,stock
2021-07-07,KMCDB,1330.0,1359.0,1362.0,1330.0,5807,stock
2021-07-08,KMCDB,1350.0,1365.0,1375.0,1337.0,4624,stock
2021-07-11,KMCDB,1385.0,1402.0,1410.0,1370.0,6818,stock
2021-07-12,KMCDB,1404.0,1400.0,1420.0,1382.0,9645,stock
2021-07-13,KMCDB,1428.0,1427.0,1428.0,1394.0,6135,stock
2021-07-14,KMCDB,1420.0,1428.0,1428.0,1390.0,4906,stock
2021-07-15,KMCDB,1400.0,1431.0,1440.0,1400.0,7546,stock
2021-07-18,KMCDB,1455.0,1473.0,1484.0,1450.0,9493,stock
2021-07-19,KMCDB,1468.0,1459.0,1495.0,1450.0,8690,stock
2021-07-20,KMCDB,1450.0,1445.0,1465.0,1445.0,3693,stock
2021-07-22,KMCDB,1423.0,1425.0,1443.0,1418.0,7075,stock
2021-07-25,KMCDB,1450.0,1454.0,1455.0,1423.6,4507,stock
2021-07-26,KMCDB,1483.0,1479.0,1505.0,1456.3,13576,stock
2021-07-27,KMCDB,1450.0,1431.0,1450.0,1402.0,8934,stock
2021-07-28,KMCDB,1425.0,1520.0,1520.0,1425.0,15494,stock
2021-07-29,KMCDB,1540.0,1526.0,1578.0,1500.0,20740,stock
2021-08-01,KMCDB,1526.0,1545.0,1587.0,1521.0,17468,stock
2021-08-02,KMCDB,1565.0,1600.0,1605.0,1548.0,20578,stock
2021-08-03,KMCDB,1625.0,1685.0,1688.0,1620.0,36133,stock
2021-08-04,KMCDB,1700.0,1648.0,1715.0,1615.0,31270,stock
2021-08-05,KMCDB,1617.0,1599.0,1630.0,1580.0,8837,stock
2021-08-08,KMCDB,1600.0,1550.0,1600.0,1520.0,8944,stock
2021-08-09,KMCDB,1555.0,1526.0,1555.0,1505.0,14224,stock
2021-08-10,KMCDB,1496.0,1514.0,1535.0,1470.0,28086,stock
2021-08-11,KMCDB,1514.0,1469.0,1519.0,1469.0,13744,stock
2021-08-12,KMCDB,1469.0,1528.0,1530.0,1445.0,15872,stock
2021-08-15,KMCDB,1531.0,1508.0,1545.0,1482.0,9344,stock
2021-08-16,KMCDB,1500.0,1499.0,1515.0,1480.0,4536,stock
2021-08-17,KMCDB,1528.0,1472.0,1528.0,1440.0,12957,stock
2021-08-18,KMCDB,1444.1,1442.0,1472.0,1442.0,8127,stock
2021-08-19,KMCDB,1470.0,1447.0,1470.0,1445.2,3948,stock
2021-08-24,KMCDB,1435.0,1420.0,1445.0,1419.0,5938,stock
2021-08-25,KMCDB,1400.1,1371.0,1421.0,1371.0,11019,stock
2021-08-26,KMCDB,1366.4,1415.0,1425.0,1366.4,6752,stock
2021-08-29,KMCDB,1429.9,1380.0,1429.9,1355.0,7464,stock
2021-08-31,KMCDB,1353.0,1338.0,1366.0,1309.0,18136,stock
2021-09-01,KMCDB,1360.0,1320.5,1370.0,1315.0,11287,stock
2021-09-02,KMCDB,1310.1,1355.0,1373.0,1305.0,5411,stock
2021-09-05,KMCDB,1369.0,1292.0,1369.0,1272.0,4957,stock
2021-09-06,KMCDB,1317.0,1333.0,1336.0,1275.0,6374,stock
2021-09-07,KMCDB,1340.0,1310.0,1345.0,1300.1,1032,stock
2021-09-08,KMCDB,1310.0,1347.9,1360.0,1300.0,11874,stock
2021-09-09,KMCDB,1359.0,1334.0,1360.0,1310.0,5148,stock
2021-09-12,KMCDB,1359.0,1318.1,1359.0,1307.1,8827,stock
2021-09-13,KMCDB,1324.0,1300.0,1343.0,1300.0,2984,stock
2021-09-14,KMCDB,1320.0,1345.0,1345.0,1295.1,6082,stock
2021-09-15,KMCDB,1320.0,1315.0,1320.0,1299.0,1881,stock
2021-09-16,KMCDB,1288.7,1256.1,1300.0,1250.0,6388,stock
2021-09-20,KMCDB,1232.0,1203.0,1235.0,1200.1,7440,stock
2021-09-21,KMCDB,1179.0,1214.0,1240.0,1150.0,5149,stock
2021-09-22,KMCDB,1238.0,1270.0,1270.0,1200.0,15374,stock
2021-09-23,KMCDB,1295.0,1230.0,1295.0,1219.1,2946,stock
2021-09-26,KMCDB,1209.0,1178.0,1209.0,1178.0,5040,stock
2021-09-27,KMCDB,1201.5,1157.0,1201.5,1125.0,1482,stock
2021-09-28,KMCDB,1159.9,1105.0,1180.0,1101.1,2194,stock
2021-09-29,KMCDB,1120.0,1206.8,1206.8,1090.2,3146,stock
2021-09-30,KMCDB,1230.9,1230.0,1230.9,1128.0,5425,stock
2021-10-03,KMCDB,1205.4,1149.0,1206.0,1149.0,1820,stock
2021-10-04,KMCDB,1139.0,1145.0,1198.0,1131.0,1698,stock
2021-10-05,KMCDB,1167.0,1208.0,1214.0,1145.0,2162,stock
2021-10-06,KMCDB,1232.0,1275.0,1290.0,1230.0,6110,stock
2021-10-10,KMCDB,1300.5,1269.0,1301.0,1226.0,4765,stock
2021-10-11,KMCDB,1294.3,1259.9,1294.3,1214.0,440,stock
2021-10-17,KMCDB,1259.9,1210.7,1249.0,1187.0,1169,stock
2021-10-18,KMCDB,1234.9,1198.0,1234.9,1160.0,2495,stock
2021-10-19,KMCDB,1219.0,1219.0,1219.0,1100.0,4605,stock
2021-10-20,KMCDB,1243.3,1233.0,1243.3,1180.0,3078,stock
2021-10-21,KMCDB,1257.6,1190.0,1257.6,1177.0,2770,stock
2021-10-24,KMCDB,1213.5,1230.0,1237.7,1170.0,1413,stock
2021-10-25,KMCDB,1254.0,1231.0,1254.0,1204.5,3015,stock
2021-10-26,KMCDB,1237.0,1220.0,1249.0,1220.0,4033,stock
2021-10-27,KMCDB,1210.8,1236.0,1254.9,1210.8,8333,stock
2021-10-28,KMCDB,1218.0,1279.0,1285.0,1218.0,3405,stock
2021-10-31,KMCDB,1290.0,1325.1,1355.0,1264.2,11523,stock
2021-11-01,KMCDB,1330.0,1362.0,1372.0,1277.0,14867,stock
2021-11-02,KMCDB,1389.0,1420.0,1420.9,1362.0,15356,stock
2021-11-03,KMCDB,1448.4,1443.0,1536.0,1441.0,20802,stock
2021-11-08,KMCDB,1471.8,1394.0,1471.8,1380.0,7385,stock
2021-11-09,KMCDB,1421.8,1390.0,1421.8,1325.0,15759,stock
2021-11-11,KMCDB,1362.2,1315.0,1365.0,1310.0,4611,stock
2021-11-14,KMCDB,1313.0,1335.0,1335.0,1286.0,5226,stock
2021-11-15,KMCDB,1320.0,1335.0,1356.0,1320.0,2256,stock
2021-11-16,KMCDB,1335.0,1375.0,1375.0,1315.0,2626,stock
2021-11-17,KMCDB,1389.9,1369.9,1389.9,1347.5,2554,stock
2021-11-18,KMCDB,1342.8,1370.0,1370.0,1335.0,4615,stock
2021-11-21,KMCDB,1342.6,1345.0,1350.0,1324.0,1890,stock
2021-11-22,KMCDB,1358.0,1335.0,1358.0,1300.0,6917,stock
2021-11-23,KMCDB,1308.3,1320.0,1333.0,1297.0,1396,stock
2021-11-24,KMCDB,1295.0,1339.0,1339.0,1277.0,2994,stock
2021-11-25,KMCDB,1312.3,1299.0,1312.3,1286.0,5921,stock
2021-11-28,KMCDB,1273.1,1262.0,1273.1,1235.0,2837,stock
2021-11-29,KMCDB,1255.0,1284.0,1284.0,1223.0,4186,stock
2021-11-30,KMCDB,1259.0,1278.0,1278.0,1234.0,865,stock
2021-12-01,KMCDB,1253.0,1275.0,1280.0,1240.0,955,stock
2021-12-02,KMCDB,1250.0,1267.0,1290.0,1220.0,2599,stock
2021-12-05,KMCDB,1242.0,1218.0,1242.0,1194.0,4822,stock
2021-12-06,KMCDB,1194.0,1285.0,1285.0,1151.1,3061,stock
2021-12-07,KMCDB,1275.0,1198.0,1275.0,1198.0,5201,stock
2021-12-08,KMCDB,1180.0,1174.0,1198.5,1120.0,2649,stock
2021-12-09,KMCDB,1151.0,1155.0,1155.0,1128.0,2110,stock
2021-12-12,KMCDB,1131.9,1110.0,1131.9,1088.0,2662,stock
2021-12-13,KMCDB,1089.0,1050.0,1089.0,1015.0,3398,stock
2021-12-14,KMCDB,1071.0,1155.0,1155.0,1050.1,1738,stock
2021-12-15,KMCDB,1155.0,1149.0,1197.0,1092.0,4142,stock
2021-12-16,KMCDB,1127.0,1105.0,1127.0,1081.9,2416,stock
2021-12-20,KMCDB,1127.0,1100.0,1127.0,1069.0,2419,stock
2021-12-21,KMCDB,1122.0,1110.0,1122.0,1060.0,1461,stock
2021-12-22,KMCDB,1132.0,1145.0,1145.0,1107.3,2730,stock
2021-12-23,KMCDB,1167.0,1160.0,1167.0,1119.0,3469,stock
2021-12-26,KMCDB,1183.0,1271.9,1271.9,1160.0,5614,stock
2021-12-27,KMCDB,1246.5,1207.0,1246.5,1167.5,9265,stock
2021-12-28,KMCDB,1207.0,1229.0,1252.9,1165.0,4887,stock
2021-12-29,KMCDB,1240.0,1216.7,1240.0,1182.0,4439,stock
2022-01-02,KMCDB,1195.0,1234.3,1234.5,1195.0,6016,stock
2022-01-03,KMCDB,1240.0,1247.0,1275.0,1239.0,6754,stock
2022-01-04,KMCDB,1250.0,1315.0,1321.0,1250.0,33773,stock
2022-01-05,KMCDB,1186.9,1179.0,1210.0,1165.0,6695,stock
2022-01-06,KMCDB,1156.0,1196.0,1196.0,1155.0,2468,stock
2022-01-09,KMCDB,1173.7,1195.0,1220.0,1173.7,5835,stock
2022-01-10,KMCDB,1200.0,1208.0,1224.9,1186.0,5987,stock
2022-01-11,KMCDB,1206.0,1300.0,1326.0,1205.0,7232,stock
2022-01-12,KMCDB,1289.0,1268.0,1304.0,1250.0,9746,stock
2022-01-13,KMCDB,1280.0,1313.0,1315.0,1250.0,14178,stock
2022-01-16,KMCDB,1313.0,1370.0,1393.0,1339.0,8619,stock
2022-01-17,KMCDB,1370.0,1375.0,1379.9,1343.0,4918,stock
2022-01-18,KMCDB,1389.1,1369.0,1390.0,1333.0,10162,stock
2022-01-19,KMCDB,1350.0,1311.1,1355.0,1311.1,7781,stock
2022-01-20,KMCDB,1310.0,1327.0,1335.0,1310.0,11231,stock
2022-01-23,KMCDB,1330.0,1295.0,1330.0,1295.0,6329,stock
2022-01-24,KMCDB,1285.0,1260.0,1285.3,1250.0,9265,stock
2022-01-25,KMCDB,1242.0,1317.0,1326.0,1242.0,30451,stock
2022-01-26,KMCDB,1343.3,1343.0,1360.0,1317.0,18697,stock
2022-01-27,KMCDB,1330.1,1343.0,1356.0,1325.0,6776,stock
2022-01-30,KMCDB,1369.8,1349.0,1393.0,1346.0,26153,stock
2022-01-31,KMCDB,1350.0,1334.0,1355.0,1327.0,6230,stock
2022-02-01,KMCDB,1320.0,1365.0,1365.0,1320.0,9897,stock
2022-02-03,KMCDB,1370.0,1334.0,1374.0,1331.0,10385,stock
2022-02-06,KMCDB,1334.0,1319.1,1339.0,1309.0,2693,stock
2022-02-07,KMCDB,1319.0,1307.1,1319.0,1297.1,2149,stock
2022-02-08,KMCDB,1333.0,1295.0,1346.0,1295.0,5245,stock
2022-02-09,KMCDB,1295.0,1292.0,1310.0,1270.0,3711,stock
2022-02-10,KMCDB,1283.0,1260.0,1294.9,1260.0,10256,stock
2022-02-13,KMCDB,1235.0,1236.0,1248.9,1225.1,18528,stock
2022-02-14,KMCDB,1227.1,1268.0,1275.0,1227.0,3727,stock
2022-02-15,KMCDB,1253.0,1331.0,1331.0,1245.0,4254,stock
2022-02-16,KMCDB,1304.4,1335.0,1335.0,1290.0,7124,stock
2022-02-17,KMCDB,1310.8,1346.0,1346.0,1309.0,2525,stock
2022-02-20,KMCDB,1319.1,1345.0,1345.0,1285.0,6948,stock
2022-02-21,KMCDB,1319.0,1320.0,1343.0,1311.0,3066,stock
2022-02-22,KMCDB,1316.0,1307.9,1319.0,1290.0,6210,stock
2022-02-23,KMCDB,1290.0,1290.0,1310.0,1270.0,5892,stock
2022-02-24,KMCDB,1270.0,1260.0,1280.0,1240.0,8875,stock
2022-02-27,KMCDB,1250.0,1235.0,1250.0,1230.0,2501,stock
2022-02-28,KMCDB,1235.0,1216.0,1243.0,1216.0,2033,stock
2022-03-02,KMCDB,1196.0,1212.0,1218.0,1191.0,2703,stock
2022-03-06,KMCDB,1201.0,1208.0,1230.0,1201.0,2184,stock
2022-03-07,KMCDB,1208.0,1217.0,1230.9,1202.1,1127,stock
2022-03-09,KMCDB,1230.0,1200.0,1230.0,1200.0,2524,stock
2022-03-10,KMCDB,1195.0,1278.0,1309.0,1184.0,3328,stock
2022-03-13,KMCDB,1271.0,1293.9,1294.8,1270.0,5469,stock
2022-03-14,KMCDB,1271.0,1292.0,1296.0,1250.0,634,stock
2022-03-15,KMCDB,1270.1,1273.0,1280.0,1257.1,2193,stock
2022-03-16,KMCDB,1297.0,1252.1,1297.0,1252.1,1497,stock
2022-03-20,KMCDB,1250.0,1259.0,1259.0,1232.1,930,stock
2022-03-21,KMCDB,1259.0,1277.0,1277.0,1250.0,3126,stock
2022-03-22,KMCDB,1277.0,1295.0,1299.0,1261.0,4467,stock
2022-03-23,KMCDB,1271.0,1304.0,1338.2,1271.0,17216,stock
2022-03-24,KMCDB,1295.0,1330.0,1359.0,1295.0,11411,stock
2022-03-27,KMCDB,1330.0,1300.0,1346.0,1295.0,4843,stock
2022-03-28,KMCDB,1281.1,1282.0,1300.0,1281.1,4233,stock
2022-03-29,KMCDB,1299.0,1280.0,1300.0,1275.0,1999,stock
2022-03-30,KMCDB,1266.0,1285.0,1305.0,1266.0,2372,stock
2022-03-31,KMCDB,1267.0,1290.0,1295.0,1267.0,880,stock
2022-04-03,KMCDB,1280.0,1289.0,1290.0,1266.2,713,stock
2022-04-04,KMCDB,1267.0,1292.0,1294.0,1267.0,2782,stock
2022-04-05,KMCDB,1269.0,1251.1,1270.0,1250.0,3717,stock
2022-04-06,KMCDB,1250.0,1253.0,1299.8,1233.1,3293,stock
2022-04-07,KMCDB,1250.0,1275.0,1299.0,1250.0,3855,stock
2022-04-11,KMCDB,1260.2,1255.0,1275.0,1255.0,920,stock
2022-04-12,KMCDB,1248.0,1235.3,1248.0,1232.2,1584,stock
2022-04-13,KMCDB,1225.0,1310.0,1318.8,1220.0,5933,stock
2022-04-17,KMCDB,1284.0,1300.0,1300.0,1249.0,6594,stock
2022-04-18,KMCDB,1280.0,1318.0,1318.0,1244.1,3480,stock
2022-04-19,KMCDB,1291.7,1270.0,1291.7,1250.0,3520,stock
2022-04-20,KMCDB,1265.0,1225.4,1265.0,1225.2,2737,stock
2022-04-21,KMCDB,1225.0,1239.0,1249.0,1202.0,2085,stock
2022-04-24,KMCDB,1260.0,1298.7,1300.0,1250.1,4615,stock
2022-04-25,KMCDB,1272.8,1250.0,1284.9,1250.0,2392,stock
2022-04-26,KMCDB,1260.0,1245.0,1270.0,1235.0,1413,stock
2022-04-27,KMCDB,1245.0,1264.9,1264.9,1240.0,2729,stock
2022-04-28,KMCDB,1264.9,1245.0,1275.0,1245.0,1085,stock
2022-05-02,KMCDB,1260.0,1218.9,1260.0,1213.0,1917,stock
2022-05-04,KMCDB,1195.0,1196.1,1219.0,1194.6,1416,stock
2022-05-05,KMCDB,1173.0,1183.9,1190.0,1162.0,3377,stock
2022-05-08,KMCDB,1161.0,1196.5,1196.5,1155.0,1119,stock
2022-05-09,KMCDB,1173.0,1217.0,1217.0,1173.0,3343,stock
2022-05-10,KMCDB,1217.0,1232.0,1232.0,1196.0,439,stock
2022-05-11,KMCDB,1232.0,1254.9,1255.0,1215.0,1725,stock
2022-05-12,KMCDB,1254.9,1225.0,1254.9,1225.0,1618,stock
2022-05-17,KMCDB,1249.5,1188.1,1249.5,1188.1,796,stock
2022-05-18,KMCDB,1195.0,1200.0,1200.0,1165.0,902,stock
2022-05-19,KMCDB,1190.0,1197.9,1224.0,1177.0,772,stock
2022-05-20,KMCDB,1190.0,1189.0,1190.0,1177.0,959,stock
2022-05-23,KMCDB,1165.3,1175.0,1203.5,1132.0,998,stock
2022-05-24,KMCDB,1153.0,1170.0,1198.9,1153.0,1788,stock
2022-05-25,KMCDB,1165.0,1190.0,1193.0,1165.0,780,stock
2022-05-26,KMCDB,1172.0,1176.0,1199.9,1170.0,858,stock
2022-05-27,KMCDB,1176.0,1198.5,1198.5,1157.0,504,stock
2022-05-30,KMCDB,1214.5,1156.0,1222.4,1152.0,1596,stock
2022-05-31,KMCDB,1170.0,1147.0,1170.0,1140.0,1379,stock
2022-06-01,KMCDB,1130.2,1168.0,1168.0,1120.0,1066,stock
2022-06-02,KMCDB,1146.1,1140.9,1164.0,1120.0,1324,stock
2022-06-03,KMCDB,1120.1,1105.0,1120.1,1075.0,2196,stock
2022-06-06,KMCDB,1105.0,1105.0,1105.0,1063.0,927,stock
2022-06-07,KMCDB,1085.0,1055.0,1085.0,1044.0,780,stock
2022-06-08,KMCDB,1069.0,1160.0,1160.5,1069.0,3626,stock
2022-06-09,KMCDB,1140.0,1122.0,1145.0,1101.0,2633,stock
2022-06-10,KMCDB,1100.0,1084.0,1115.0,1084.0,330,stock
2022-06-13,KMCDB,1100.0,1094.9,1100.0,1064.0,308,stock
2022-06-14,KMCDB,1073.1,1056.0,1073.1,1050.0,884,stock
2022-06-15,KMCDB,1036.0,1028.9,1045.0,1005.0,1109,stock
2022-06-16,KMCDB,1009.0,1108.0,1108.0,1009.0,2939,stock
2022-06-17,KMCDB,1086.0,1120.0,1120.0,1047.1,522,stock
2022-06-19,KMCDB,1098.0,1065.0,1098.0,1038.0,2369,stock
2022-06-20,KMCDB,1043.7,1024.0,1064.5,1024.0,568,stock
2022-06-21,KMCDB,1044.0,1075.0,1075.0,1023.3,1961,stock
2022-06-22,KMCDB,1075.0,1033.1,1075.0,1033.0,1015,stock
2022-06-23,KMCDB,1013.2,982.0,1013.2,981.0,1890,stock
2022-06-24,KMCDB,962.6,1018.9,1018.9,950.0,592,stock
2022-06-26,KMCDB,1039.0,1060.0,1086.3,1030.0,1802,stock
2022-06-27,KMCDB,1040.0,1040.0,1073.9,1026.0,1948,stock
2022-06-28,KMCDB,1030.0,1025.0,1034.0,1010.0,700,stock
2022-06-29,KMCDB,1035.0,1051.1,1065.8,1035.0,1990,stock
2022-06-30,KMCDB,1035.0,1105.0,1115.0,1035.0,4911,stock
2022-07-01,KMCDB,1100.0,1117.0,1140.0,1060.0,5985,stock
2022-07-03,KMCDB,1112.0,1110.0,1122.0,1090.0,4437,stock
2022-07-04,KMCDB,1130.0,1119.0,1154.8,1081.0,7162,stock
2022-07-05,KMCDB,1097.0,1075.0,1100.0,1067.1,1781,stock
2022-07-06,KMCDB,1075.0,1080.0,1080.0,1040.0,1398,stock
2022-07-07,KMCDB,1095.0,1084.0,1101.0,1031.0,3040,stock
2022-07-08,KMCDB,1084.0,1060.0,1084.0,1044.0,371,stock
2022-07-11,KMCDB,1060.0,1000.0,1060.0,1000.0,1913,stock
2022-07-12,KMCDB,1019.0,1027.0,1035.0,1001.0,2488,stock
2022-07-13,KMCDB,1008.0,1087.0,1087.0,1008.0,2395,stock
2022-07-14,KMCDB,1080.0,1130.1,1130.1,1050.0,3160,stock
2022-07-15,KMCDB,1107.6,1198.5,1198.5,1064.0,5812,stock
2022-07-17,KMCDB,1200.0,1150.0,1200.0,1128.0,3192,stock
2022-07-18,KMCDB,1150.0,1127.0,1150.0,1121.0,337,stock
2022-07-19,KMCDB,1127.0,1138.0,1172.4,1127.0,2837,stock
2022-07-20,KMCDB,1135.0,1130.0,1150.0,1126.0,323,stock
2022-07-21,KMCDB,1139.0,1122.6,1165.0,1122.6,2156,stock
2022-07-22,KMCDB,1145.0,1110.0,1145.0,1110.0,2711,stock
2022-07-24,KMCDB,1132.0,1140.0,1145.0,1130.0,4377,stock
2022-07-25,KMCDB,1145.0,1173.9,1175.0,1145.0,5382,stock
2022-07-26,KMCDB,1160.0,1133.0,1160.0,1122.1,2967,stock
2022-07-27,KMCDB,1125.0,1149.0,1149.0,1088.8,4533,stock
2022-07-28,KMCDB,1165.0,1163.0,1190.0,1135.0,3670,stock
2022-07-29,KMCDB,1163.0,1151.0,1175.0,1129.0,1120,stock
2022-07-31,KMCDB,1151.0,1130.0,1165.0,1130.0,3530,stock
2022-08-01,KMCDB,1152.0,1150.0,1175.0,1121.0,6593,stock
2022-08-02,KMCDB,1135.0,1140.0,1152.0,1127.0,1931,stock
2022-08-03,KMCDB,1161.9,1163.9,1173.0,1140.0,8608,stock
2022-08-04,KMCDB,1160.0,1124.0,1210.0,1123.0,13751,stock
2022-08-05,KMCDB,1145.0,1158.9,1167.0,1117.0,5357,stock
2022-08-07,KMCDB,1136.0,1137.0,1140.0,1125.0,2923,stock
2022-08-08,KMCDB,1125.0,1110.0,1137.0,1110.0,7462,stock
2022-08-09,KMCDB,1105.0,1090.0,1121.0,1080.0,2500,stock
2022-08-10,KMCDB,1075.1,1090.0,1111.0,1075.0,1116,stock
2022-08-11,KMCDB,1100.0,1089.5,1100.0,1070.0,2963,stock
2022-08-14,KMCDB,1090.0,1070.0,1098.0,1056.1,1553,stock
2022-08-15,KMCDB,1088.0,1105.0,1113.0,1060.0,1889,stock
2022-08-16,KMCDB,1100.0,1090.0,1110.0,1068.6,1954,stock
2022-08-17,KMCDB,1069.1,1087.0,1090.0,1069.1,915,stock
2022-08-18,KMCDB,1068.0,1099.0,1105.0,1068.0,1297,stock
2022-08-21,KMCDB,1080.0,1097.8,1098.9,1078.1,2417,stock
2022-08-22,KMCDB,1076.0,1084.9,1084.9,1056.0,993,stock
2022-08-23,KMCDB,1085.0,1071.0,1087.8,1070.5,799,stock
2022-08-24,KMCDB,1085.0,1074.9,1085.0,1070.0,1242,stock
2022-08-25,KMCDB,1074.9,1066.1,1080.0,1065.0,541,stock
2022-08-26,KMCDB,1053.0,1050.0,1053.0,1050.0,611,stock
2022-08-28,KMCDB,1050.0,1030.0,1050.0,1030.0,1012,stock
2022-08-29,KMCDB,1030.0,1027.0,1039.0,1022.0,551,stock
2022-08-30,KMCDB,1046.0,1033.0,1047.0,1015.0,702,stock
2022-08-31,KMCDB,1035.0,1023.9,1035.0,1003.0,1150,stock
2022-09-01,KMCDB,1015.0,1003.6,1020.0,1003.6,823,stock
2022-09-02,KMCDB,1010.0,1018.9,1018.9,999.0,764,stock
2022-09-04,KMCDB,1018.0,1016.0,1023.5,1015.5,592,stock
2022-09-05,KMCDB,1020.0,1034.0,1036.0,1016.2,418,stock
2022-09-06,KMCDB,1015.2,1014.0,1020.0,1014.0,497,stock
2022-09-07,KMCDB,1000.0,1010.0,1013.9,994.1,386,stock
2022-09-08,KMCDB,1010.0,1001.6,1010.0,990.2,299,stock
2022-09-11,KMCDB,991.0,995.0,1000.0,990.0,1440,stock
2022-09-12,KMCDB,995.0,977.0,995.0,976.0,1385,stock
2022-09-13,KMCDB,970.0,1015.9,1015.9,970.0,897,stock
2022-09-14,KMCDB,1029.0,1027.0,1029.0,1016.0,1025,stock
2022-09-15,KMCDB,1006.5,987.0,1006.5,987.0,670,stock
2022-09-16,KMCDB,995.0,998.0,1003.0,981.0,285,stock
2022-09-18,KMCDB,980.0,974.0,985.0,960.4,1378,stock
2022-09-20,KMCDB,955.0,940.0,955.0,925.1,3027,stock
2022-09-21,KMCDB,950.0,951.0,955.0,940.0,393,stock
2022-09-22,KMCDB,936.0,960.0,960.0,918.1,273,stock
2022-09-25,KMCDB,940.8,924.3,940.8,920.0,850,stock
2022-09-27,KMCDB,925.0,930.0,940.0,925.0,701,stock
2022-09-28,KMCDB,930.0,937.0,938.0,925.0,53,stock
2022-09-29,KMCDB,955.7,955.1,960.0,940.1,384,stock
2022-10-09,KMCDB,974.2,981.0,993.5,956.0,775,stock
2022-10-10,KMCDB,965.0,959.7,965.0,942.6,772,stock
2022-10-11,KMCDB,941.0,970.0,970.0,941.0,61,stock
2022-10-12,KMCDB,970.0,946.0,984.0,946.0,921,stock
2022-10-13,KMCDB,950.1,943.1,952.0,934.1,1025,stock
2022-10-16,KMCDB,931.0,946.0,947.0,928.7,239,stock
2022-10-17,KMCDB,928.0,940.0,940.0,928.0,635,stock
2022-10-19,KMCDB,922.1,912.0,923.0,912.0,1095,stock
2022-10-20,KMCDB,912.0,902.0,912.9,894.0,1047,stock
2022-10-23,KMCDB,900.0,905.0,916.9,900.0,130,stock
2022-10-31,KMCDB,892.0,897.0,908.0,890.3,212,stock
2022-11-01,KMCDB,905.0,911.0,923.1,905.0,675,stock
2022-11-02,KMCDB,908.1,949.0,949.0,908.1,693,stock
2022-11-03,KMCDB,949.0,940.0,949.0,912.0,460,stock
2022-11-06,KMCDB,958.0,988.9,988.9,950.0,1761,stock
2022-11-07,KMCDB,970.0,979.0,1005.0,969.0,1928,stock
2022-11-08,KMCDB,959.5,922.5,960.0,922.5,2426,stock
2022-11-09,KMCDB,907.4,889.0,915.0,889.0,2679,stock
2022-11-10,KMCDB,889.0,882.3,906.0,865.0,1850,stock
2022-11-13,KMCDB,882.3,880.0,882.3,865.0,741,stock
2022-11-14,KMCDB,863.7,880.9,880.9,863.7,434,stock
2022-11-15,KMCDB,890.0,870.1,890.0,870.1,356,stock
2022-11-16,KMCDB,875.0,872.1,875.0,852.8,1325,stock
2022-11-17,KMCDB,889.5,906.0,906.0,866.0,1650,stock
2022-11-22,KMCDB,887.9,887.0,924.0,870.0,712,stock
2022-11-23,KMCDB,869.3,880.0,880.0,860.0,1120,stock
2022-11-24,KMCDB,880.0,888.0,896.0,875.1,499,stock
2022-11-27,KMCDB,870.3,932.0,976.0,870.3,873,stock
2022-11-28,KMCDB,950.6,903.6,953.7,903.0,525,stock
2022-11-29,KMCDB,891.0,897.0,907.8,887.0,528,stock
2022-11-30,KMCDB,895.1,885.0,895.1,885.0,264,stock
2022-12-01,KMCDB,902.0,900.0,902.7,886.0,865,stock
2022-12-04,KMCDB,910.0,898.0,925.0,890.0,373,stock
2022-12-05,KMCDB,884.0,886.0,890.0,884.0,379,stock
2022-12-06,KMCDB,870.4,894.0,903.7,870.4,5541,stock
2022-12-07,KMCDB,880.1,875.1,889.0,870.0,909,stock
2022-12-11,KMCDB,861.0,865.0,871.0,861.0,847,stock
2022-12-12,KMCDB,882.0,880.0,882.0,857.5,735,stock
2022-12-13,KMCDB,880.0,896.0,924.0,867.0,283,stock
2022-12-14,KMCDB,881.0,888.0,911.0,881.0,164,stock
2022-12-15,KMCDB,870.3,870.0,886.0,869.0,547,stock
2022-12-18,KMCDB,861.0,870.0,870.0,860.1,370,stock
2022-12-19,KMCDB,870.0,865.0,870.0,862.1,48,stock
2022-12-20,KMCDB,882.3,885.0,885.0,875.0,893,stock
2022-12-21,KMCDB,885.0,884.0,885.0,872.0,327,stock
2022-12-22,KMCDB,870.0,877.0,880.0,870.0,305,stock
2022-12-26,KMCDB,878.0,911.0,911.0,878.0,1453,stock
2022-12-27,KMCDB,928.0,905.1,930.0,905.1,1650,stock
2022-12-28,KMCDB,905.0,897.0,908.9,891.0,1611,stock
2022-12-29,KMCDB,890.0,917.0,917.0,886.1,1762,stock
2023-01-01,KMCDB,915.0,920.0,950.0,910.0,1818,stock
2023-01-02,KMCDB,917.0,929.0,934.0,917.0,464,stock
2023-01-03,KMCDB,929.9,954.0,960.2,927.0,2311,stock
2023-01-04,KMCDB,964.0,1049.4,1049.4,955.0,6802,stock
2023-01-05,KMCDB,1060.0,1039.0,1065.0,1000.0,6260,stock
2023-01-08,KMCDB,1040.0,1079.0,1123.0,1030.0,8360,stock
2023-01-09,KMCDB,1087.0,1100.0,1127.0,1078.0,7964,stock
2023-01-10,KMCDB,1100.0,1061.0,1120.0,1046.0,7263,stock
2023-01-12,KMCDB,1082.2,1065.0,1103.8,1052.0,7031,stock
2023-01-17,KMCDB,1084.0,1065.0,1084.0,1046.2,1543,stock
2023-01-18,KMCDB,1046.1,1045.9,1060.0,1028.2,2153,stock
2023-01-19,KMCDB,1031.0,1020.0,1045.0,1010.5,1136,stock
2023-01-23,KMCDB,1040.4,1032.0,1061.0,1030.0,2970,stock
2023-01-24,KMCDB,1022.0,1036.0,1036.0,1020.0,1445,stock
2023-01-25,KMCDB,1050.0,1055.0,1056.7,1030.0,2645,stock
2023-01-26,KMCDB,1036.0,1054.0,1054.5,1036.0,891,stock
2023-01-29,KMCDB,1050.0,1020.0,1050.0,1015.0,1489,stock
2023-01-30,KMCDB,1003.5,983.0,1003.5,982.0,1402,stock
2023-01-31,KMCDB,971.0,960.0,975.0,960.0,1425,stock
2023-02-01,KMCDB,955.0,954.1,960.0,942.0,632,stock
2023-02-02,KMCDB,950.0,930.1,965.0,930.0,3198,stock
2023-02-05,KMCDB,932.0,940.0,950.0,932.0,785,stock
2023-02-06,KMCDB,930.0,960.0,960.0,927.3,858,stock
2023-02-07,KMCDB,960.0,994.9,999.0,960.0,1124,stock
2023-02-08,KMCDB,995.0,982.0,1014.0,980.0,873,stock
2023-02-09,KMCDB,985.0,980.0,986.0,970.0,724,stock
2023-02-12,KMCDB,980.0,964.0,980.0,942.0,912,stock
2023-02-14,KMCDB,946.0,949.8,964.0,945.0,1787,stock
2023-02-15,KMCDB,960.0,944.5,960.0,926.0,1439,stock
2023-02-16,KMCDB,944.5,933.0,945.0,928.0,518,stock
2023-02-20,KMCDB,933.0,910.0,933.0,900.0,1670,stock
2023-02-22,KMCDB,910.0,913.0,913.0,900.0,1343,stock
2023-02-23,KMCDB,894.8,821.7,894.8,821.7,6294,stock
2023-02-26,KMCDB,805.3,827.0,859.0,775.0,1897,stock
2023-02-27,KMCDB,827.0,846.0,894.0,811.0,2507,stock
2023-02-28,KMCDB,836.0,848.0,853.0,830.0,788,stock
2023-03-01,KMCDB,850.0,841.0,851.0,822.0,495,stock
2023-03-02,KMCDB,830.0,810.0,830.0,795.0,313,stock
2023-03-05,KMCDB,795.0,780.0,795.0,780.0,730,stock
2023-03-07,KMCDB,795.6,797.0,798.0,782.1,378,stock
2023-03-09,KMCDB,812.9,810.0,812.9,796.0,758,stock
2023-03-12,KMCDB,810.0,802.0,815.0,800.0,573,stock
2023-03-13,KMCDB,794.0,790.0,794.5,778.2,2274,stock
2023-03-14,KMCDB,783.0,779.0,783.0,773.1,173,stock
2023-03-15,KMCDB,780.0,793.8,810.0,765.0,376,stock
2023-03-16,KMCDB,780.0,788.9,790.0,761.0,560,stock
2023-03-19,KMCDB,778.0,784.0,784.0,775.0,294,stock
2023-03-20,KMCDB,785.0,791.0,809.0,770.0,4782,stock
2023-03-22,KMCDB,803.0,791.0,804.9,791.0,458,stock
2023-03-23,KMCDB,775.2,780.0,796.0,775.2,1509,stock
2023-03-26,KMCDB,795.6,755.0,795.6,755.0,2259,stock
2023-03-27,KMCDB,741.0,765.0,765.0,735.0,936,stock
2023-03-28,KMCDB,761.0,780.0,780.2,760.0,1615,stock
2023-03-29,KMCDB,775.1,785.0,794.5,775.0,6077,stock
2023-03-30,KMCDB,660.0,654.0,663.0,650.0,1216,stock
2023-04-02,KMCDB,645.0,605.0,645.0,605.0,2566,stock
2023-04-03,KMCDB,602.0,595.0,602.0,594.2,1812,stock
2023-04-04,KMCDB,585.1,600.0,605.0,585.1,245,stock
2023-04-05,KMCDB,600.0,590.0,600.0,590.0,801,stock
2023-04-06,KMCDB,590.0,603.0,604.0,590.0,1170,stock
2023-04-09,KMCDB,603.0,580.1,603.0,580.1,494,stock
2023-04-10,KMCDB,570.0,570.0,581.0,570.0,971,stock
2023-04-11,KMCDB,570.0,578.0,578.0,570.0,944,stock
2023-04-12,KMCDB,588.9,625.1,625.1,584.0,3426,stock
2023-04-13,KMCDB,612.6,617.9,629.0,610.0,1659,stock
2023-04-16,KMCDB,615.0,610.0,615.0,597.8,362,stock
2023-04-17,KMCDB,598.0,585.0,598.0,585.0,849,stock
2023-04-18,KMCDB,585.0,579.0,589.5,578.0,458,stock
2023-04-19,KMCDB,590.5,590.0,626.5,578.2,359,stock
2023-04-20,KMCDB,580.0,597.0,600.8,580.0,1002,stock
2023-04-23,KMCDB,597.0,585.0,605.0,582.0,989,stock
2023-04-24,KMCDB,585.0,593.0,593.0,573.0,407,stock
2023-04-25,KMCDB,593.0,591.0,593.0,580.0,1173,stock
2023-04-26,KMCDB,591.0,582.0,599.0,578.0,880,stock
2023-04-27,KMCDB,572.0,575.0,576.0,570.0,132,stock
2023-04-30,KMCDB,570.1,573.1,581.0,570.1,152,stock
2023-05-02,KMCDB,565.0,566.0,580.0,565.0,853,stock
2023-05-03,KMCDB,565.0,561.1,565.0,561.1,39,stock
2023-05-04,KMCDB,571.0,570.0,571.0,555.1,321,stock
2023-05-07,KMCDB,580.0,567.0,580.0,560.1,350,stock
2023-05-08,KMCDB,560.0,567.3,567.3,551.0,533,stock
2023-05-09,KMCDB,567.3,576.0,576.0,567.3,173,stock
2023-05-10,KMCDB,576.0,580.0,580.0,570.0,61,stock
2023-05-11,KMCDB,569.0,564.0,569.0,564.0,52,stock
2023-05-14,KMCDB,552.8,565.0,566.0,552.8,72,stock
2023-05-15,KMCDB,556.0,575.0,575.0,556.0,91,stock
2023-05-16,KMCDB,563.5,574.0,584.8,552.3,122,stock
2023-05-17,KMCDB,563.0,578.5,579.0,552.0,518,stock
2023-05-18,KMCDB,590.0,595.0,612.8,565.5,760,stock
2023-05-21,KMCDB,606.0,612.0,612.0,595.0,998,stock
2023-05-22,KMCDB,624.2,610.0,636.6,610.0,140,stock
2023-05-23,KMCDB,613.5,671.0,671.0,610.1,3258,stock
2023-05-24,KMCDB,680.0,659.0,693.6,648.9,2251,stock
2023-05-28,KMCDB,650.0,650.0,698.0,650.0,1848,stock
2023-05-30,KMCDB,638.5,618.0,638.5,618.0,590,stock
2023-05-31,KMCDB,605.7,615.0,618.0,605.7,2147,stock
2023-06-01,KMCDB,605.0,622.0,622.0,605.0,978,stock
2023-06-04,KMCDB,634.4,647.0,675.0,634.4,411,stock
2023-06-05,KMCDB,650.0,620.0,659.0,617.0,1150,stock
2023-06-06,KMCDB,608.0,635.0,640.0,608.0,553,stock
2023-06-07,KMCDB,635.0,640.0,647.6,628.1,982,stock
2023-06-08,KMCDB,650.0,650.0,652.0,627.2,1534,stock
2023-06-11,KMCDB,637.0,680.0,689.0,625.0,2488,stock
2023-06-12,KMCDB,680.0,680.0,683.9,680.0,468,stock
2023-06-13,KMCDB,667.0,709.0,721.0,667.0,1733,stock
2023-06-14,KMCDB,708.5,691.9,749.0,691.9,3093,stock
2023-06-15,KMCDB,705.7,747.7,748.0,670.0,6110,stock
2023-06-18,KMCDB,762.6,754.6,770.0,729.0,3998,stock
2023-06-19,KMCDB,741.0,749.7,755.0,726.3,1740,stock
2023-06-20,KMCDB,740.0,715.0,750.0,702.0,1952,stock
2023-06-21,KMCDB,729.0,709.0,729.0,700.7,771,stock
2023-06-22,KMCDB,700.0,705.0,708.0,694.0,959,stock
2023-06-25,KMCDB,691.0,700.0,719.1,691.0,1784,stock
2023-06-26,KMCDB,713.9,732.8,740.0,705.0,2816,stock
2023-06-27,KMCDB,747.0,785.0,802.0,732.6,11406,stock
2023-06-28,KMCDB,800.0,759.0,800.0,744.8,3831,stock
2023-07-02,KMCDB,744.0,720.0,744.0,720.0,1006,stock
2023-07-03,KMCDB,706.0,708.0,732.0,696.0,2830,stock
2023-07-04,KMCDB,722.0,702.0,722.0,692.1,1329,stock
2023-07-05,KMCDB,714.0,688.0,714.0,680.0,1316,stock
2023-07-06,KMCDB,700.0,690.0,700.0,682.0,377,stock
2023-07-09,KMCDB,703.0,690.0,703.9,690.0,2835,stock
2023-07-10,KMCDB,703.8,700.0,720.0,692.0,2618,stock
2023-07-11,KMCDB,691.0,709.0,710.0,691.0,2219,stock
2023-07-12,KMCDB,700.0,720.0,724.2,700.0,1647,stock
2023-07-13,KMCDB,734.0,754.0,754.0,706.0,6509,stock
2023-07-16,KMCDB,754.0,736.0,754.0,725.2,1238,stock
2023-07-17,KMCDB,736.0,732.1,742.9,726.0,1247,stock
2023-07-18,KMCDB,735.0,759.0,790.0,735.0,2651,stock
2023-07-19,KMCDB,760.0,750.0,767.0,744.0,964,stock
2023-07-20,KMCDB,740.0,735.0,748.0,722.0,1876,stock
2023-07-23,KMCDB,740.0,750.0,750.0,731.0,2579,stock
2023-07-24,KMCDB,764.8,738.1,764.8,735.1,2659,stock
2023-07-25,KMCDB,724.0,728.0,738.0,724.0,1126,stock
2023-07-26,KMCDB,728.0,720.0,728.0,715.0,962,stock
2023-07-27,KMCDB,710.3,706.3,720.0,706.3,2157,stock
2023-07-30,KMCDB,705.0,695.8,705.0,695.1,1737,stock
2023-07-31,KMCDB,683.1,699.0,710.0,683.1,1369,stock
2023-08-01,KMCDB,699.0,687.0,702.0,687.0,815,stock
2023-08-02,KMCDB,681.0,689.9,690.0,675.0,788,stock
2023-08-03,KMCDB,701.0,676.4,701.0,676.3,779,stock
2023-08-06,KMCDB,671.0,670.0,671.0,660.0,1369,stock
2023-08-07,KMCDB,656.6,670.2,682.0,656.6,887,stock
2023-08-08,KMCDB,657.3,656.0,661.1,656.0,1183,stock
2023-08-09,KMCDB,659.0,663.0,668.0,646.0,738,stock
2023-08-10,KMCDB,650.0,650.0,671.0,637.0,1425,stock
2023-08-13,KMCDB,643.1,646.2,657.7,643.1,895,stock
2023-08-14,KMCDB,640.0,641.0,649.0,637.0,703,stock
2023-08-15,KMCDB,652.8,646.0,653.0,635.0,2183,stock
2023-08-16,KMCDB,640.0,640.0,649.0,637.0,1131,stock
2023-08-17,KMCDB,650.0,660.0,661.0,637.2,1984,stock
2023-08-20,KMCDB,648.0,646.0,660.0,615.0,2032,stock
2023-08-21,KMCDB,633.1,623.0,645.0,623.0,627,stock
2023-08-22,KMCDB,614.0,619.0,634.4,601.8,2244,stock
2023-08-23,KMCDB,615.0,630.0,635.0,613.0,574,stock
2023-08-24,KMCDB,631.0,627.0,632.4,619.0,414,stock
2023-08-27,KMCDB,621.1,616.0,622.0,616.0,997,stock
2023-08-28,KMCDB,615.0,613.3,616.0,610.1,238,stock
2023-08-29,KMCDB,610.0,620.0,631.0,610.0,677,stock
2023-08-30,KMCDB,620.0,615.0,620.0,611.5,263,stock
2023-09-03,KMCDB,610.0,604.0,614.0,604.0,152,stock
2023-09-04,KMCDB,600.0,597.1,605.0,595.0,686,stock
2023-09-05,KMCDB,609.0,600.0,609.0,592.0,633,stock
2023-09-07,KMCDB,588.1,590.0,603.0,588.0,451,stock
2023-09-10,KMCDB,581.0,599.0,601.7,581.0,188,stock
2023-09-11,KMCDB,610.0,625.0,629.0,600.1,939,stock
2023-09-12,KMCDB,637.4,600.0,637.4,600.0,241,stock
2023-09-13,KMCDB,612.0,621.0,624.0,610.0,1008,stock
2023-09-17,KMCDB,609.0,610.0,629.0,609.0,1250,stock
2023-09-18,KMCDB,622.0,620.0,622.0,609.6,93,stock
2023-09-19,KMCDB,607.8,628.0,632.0,607.8,253,stock
2023-09-21,KMCDB,640.0,648.7,650.0,619.0,424,stock
2023-09-24,KMCDB,661.6,635.0,661.6,630.0,1755,stock
2023-09-25,KMCDB,647.7,627.2,660.0,627.2,1164,stock
2023-09-26,KMCDB,637.0,657.0,660.0,637.0,1371,stock
2023-09-27,KMCDB,645.0,650.0,651.0,643.9,1361,stock
2023-10-01,KMCDB,637.5,613.0,648.9,613.0,1035,stock
2023-10-02,KMCDB,615.0,630.0,637.3,615.0,1018,stock
2023-10-03,KMCDB,619.0,608.1,640.0,608.1,1043,stock
2023-10-04,KMCDB,601.0,635.0,640.0,601.0,699,stock
2023-10-05,KMCDB,625.0,630.0,642.0,624.0,786,stock
2023-10-08,KMCDB,620.0,633.0,633.0,613.0,1022,stock
2023-10-09,KMCDB,622.0,623.1,634.0,620.0,1697,stock
2023-10-10,KMCDB,613.0,613.0,622.0,612.1,759,stock
2023-10-11,KMCDB,620.0,631.9,631.9,613.0,312,stock
2023-10-12,KMCDB,620.0,624.9,625.0,607.6,125,stock
2023-10-16,KMCDB,613.0,602.6,613.0,579.0,1683,stock
2023-10-17,KMCDB,605.0,616.9,616.9,595.0,717,stock
2023-10-18,KMCDB,625.0,620.0,625.0,604.6,668,stock
2023-10-19,KMCDB,608.0,627.0,628.0,608.0,870,stock
2023-10-29,KMCDB,637.0,627.3,637.0,615.0,171,stock
2023-10-30,KMCDB,630.0,617.6,630.0,617.6,74,stock
2023-10-31,KMCDB,629.9,620.0,629.9,570.5,2552,stock
2023-11-01,KMCDB,608.0,601.0,608.0,595.5,391,stock
2023-11-02,KMCDB,613.0,588.0,613.0,588.0,260,stock
2023-11-05,KMCDB,577.0,560.0,580.0,558.0,2584,stock
2023-11-06,KMCDB,560.0,570.0,575.0,551.0,842,stock
2023-11-07,KMCDB,577.0,560.0,579.0,560.0,1218,stock
2023-11-08,KMCDB,552.1,555.4,567.0,552.1,2019,stock
2023-11-09,KMCDB,548.0,546.0,563.9,545.0,3415,stock
2023-11-20,KMCDB,536.0,555.0,557.6,536.0,1183,stock
2023-11-21,KMCDB,565.0,540.0,565.0,530.1,480,stock
2023-11-22,KMCDB,549.9,560.0,571.0,549.8,376,stock
2023-11-23,KMCDB,550.2,563.0,563.0,539.0,434,stock
2023-11-26,KMCDB,568.0,555.0,568.0,553.0,732,stock
2023-11-27,KMCDB,545.0,557.9,564.0,544.5,604,stock
2023-11-28,KMCDB,562.0,563.9,564.9,540.0,742,stock
2023-11-29,KMCDB,553.0,560.0,564.0,545.7,244,stock
2023-11-30,KMCDB,549.0,561.0,561.0,538.1,1529,stock
2023-12-03,KMCDB,563.0,560.0,563.0,550.0,128,stock
2023-12-04,KMCDB,565.7,562.9,565.7,549.0,164,stock
2023-12-05,KMCDB,555.0,550.0,559.4,526.0,915,stock
2023-12-06,KMCDB,540.0,560.3,560.3,540.0,1084,stock
2023-12-07,KMCDB,549.1,580.0,580.0,549.1,1589,stock
2023-12-10,KMCDB,568.4,579.7,579.7,568.4,33,stock
2023-12-11,KMCDB,591.2,620.0,637.0,591.2,4451,stock
2023-12-12,KMCDB,632.4,669.0,680.0,595.5,3086,stock
2023-12-13,KMCDB,660.0,661.0,671.0,612.0,2621,stock
2023-12-14,KMCDB,655.0,650.0,668.0,595.0,1328,stock
2023-12-17,KMCDB,645.0,625.0,649.7,613.0,4057,stock
2023-12-18,KMCDB,635.0,658.0,658.9,625.0,4142,stock
2023-12-19,KMCDB,658.0,655.0,669.9,645.0,1644,stock
2023-12-20,KMCDB,668.1,665.0,694.0,652.5,3669,stock
2023-12-21,KMCDB,656.7,664.0,676.9,640.1,3600,stock
2023-12-24,KMCDB,664.0,666.0,680.5,652.2,1952,stock
2023-12-27,KMCDB,652.7,650.0,665.7,648.8,1329,stock
2023-12-28,KMCDB,640.2,626.0,659.9,626.0,6280,stock
2024-01-01,KMCDB,625.0,635.0,651.2,625.0,1410,stock
2024-01-02,KMCDB,623.1,619.0,634.0,610.0,1667,stock
2024-01-03,KMCDB,608.0,611.5,620.0,607.5,969,stock
2024-01-04,KMCDB,623.0,619.0,650.0,611.7,2876,stock
2024-01-07,KMCDB,625.0,629.0,629.0,612.5,3020,stock
2024-01-08,KMCDB,621.0,626.0,640.0,611.0,1744,stock
2024-01-09,KMCDB,637.9,688.6,688.6,625.3,2776,stock
2024-01-10,KMCDB,688.6,660.0,688.6,648.3,3034,stock
2024-01-11,KMCDB,648.1,658.8,663.0,646.0,1289,stock
2024-01-14,KMCDB,651.0,670.0,685.3,640.1,7396,stock
2024-01-16,KMCDB,657.3,713.0,715.0,657.0,12893,stock
2024-01-17,KMCDB,726.0,706.0,726.0,693.0,3974,stock
2024-01-18,KMCDB,700.0,696.0,700.0,678.5,1800,stock
2024-01-21,KMCDB,697.0,678.0,697.0,656.6,4166,stock
2024-01-22,KMCDB,678.0,644.0,688.8,639.0,2216,stock
2024-01-23,KMCDB,631.2,649.0,656.6,631.2,887,stock
2024-01-24,KMCDB,641.1,665.0,687.4,641.1,3137,stock
2024-01-25,KMCDB,671.0,645.0,671.0,641.9,1151,stock
2024-01-28,KMCDB,633.1,647.0,667.9,630.0,1898,stock
2024-01-29,KMCDB,659.9,660.0,667.0,642.1,3341,stock
2024-01-30,KMCDB,673.0,650.0,673.0,646.1,4688,stock
2024-01-31,KMCDB,663.0,644.0,663.0,635.0,929,stock
2024-02-01,KMCDB,650.0,637.8,656.8,622.0,2019,stock
2024-02-04,KMCDB,625.1,629.9,637.6,622.3,1375,stock
2024-02-05,KMCDB,620.0,650.0,650.0,620.0,4998,stock
2024-02-06,KMCDB,655.0,654.9,655.0,630.0,2622,stock
2024-02-07,KMCDB,660.0,665.0,667.0,650.0,1459,stock
2024-02-11,KMCDB,678.0,658.0,678.0,650.0,2663,stock
2024-02-12,KMCDB,645.0,657.8,678.0,640.1,1208,stock
2024-02-13,KMCDB,666.0,641.0,666.0,641.0,2828,stock
2024-02-14,KMCDB,634.0,642.1,648.0,633.5,401,stock
2024-02-15,KMCDB,654.9,651.0,654.9,640.0,2444,stock
2024-02-18,KMCDB,640.0,650.0,651.0,640.0,2031,stock
2024-02-20,KMCDB,639.0,639.9,645.0,635.0,3502,stock
2024-02-21,KMCDB,635.0,642.1,649.9,635.0,4144,stock
2024-02-22,KMCDB,654.9,645.0,654.9,638.1,4846,stock
2024-02-25,KMCDB,655.0,636.0,655.0,633.0,1200,stock
2024-02-26,KMCDB,636.0,632.0,636.0,632.0,690,stock
2024-02-27,KMCDB,644.6,634.1,644.6,632.0,389,stock
2024-02-28,KMCDB,646.0,637.0,646.0,625.0,928,stock
2024-02-29,KMCDB,637.0,636.0,637.0,628.0,1402,stock
2024-03-03,KMCDB,645.0,642.0,645.0,622.6,2958,stock
2024-03-04,KMCDB,648.59,654.8,654.8,648.59,439,stock
2024-03-05,KMCDB,667.8,659.5,667.8,628.0,2339,stock
2024-03-06,KMCDB,646.4,662.0,670.0,646.0,2662,stock
2024-03-07,KMCDB,665.0,673.0,673.1,642.0,13785,stock
2024-03-10,KMCDB,673.0,703.4,714.0,667.0,12482,stock
2024-03-12,KMCDB,717.0,752.0,773.7,710.0,17350,stock
2024-03-13,KMCDB,767.0,759.5,783.0,723.3,15290,stock
2024-03-14,KMCDB,755.0,748.0,783.3,748.0,9237,stock
2024-03-17,KMCDB,748.0,781.9,794.9,748.0,10000,stock
2024-03-18,KMCDB,791.0,788.9,791.0,771.0,5031,stock
2024-03-19,KMCDB,780.1,825.0,828.0,780.1,21356,stock
2024-03-20,KMCDB,839.9,822.0,855.0,811.0,26639,stock
2024-03-21,KMCDB,828.0,812.0,838.0,812.0,7647,stock
2024-03-25,KMCDB,800.0,790.0,802.0,787.0,12833,stock
2024-03-26,KMCDB,805.7,798.9,805.8,760.0,2819,stock
2024-03-27,KMCDB,812.0,753.7,813.0,735.0,8338,stock
2024-03-28,KMCDB,740.0,750.0,768.7,728.0,9118,stock
2024-03-31,KMCDB,735.0,733.0,747.5,733.0,1507,stock
2024-04-01,KMCDB,733.0,739.5,740.0,720.1,12205,stock
2024-04-02,KMCDB,724.8,754.0,779.0,724.8,7519,stock
2024-04-03,KMCDB,769.0,780.0,798.0,769.0,7021,stock
2024-04-04,KMCDB,790.0,806.1,823.0,790.0,12033,stock
2024-04-07,KMCDB,820.0,771.0,822.2,771.0,7080,stock
2024-04-09,KMCDB,786.4,785.0,800.1,770.0,9090,stock
2024-04-10,KMCDB,795.0,762.0,798.9,762.0,2938,stock
2024-04-14,KMCDB,762.0,823.9,831.0,750.1,15508,stock
2024-04-15,KMCDB,807.5,807.0,820.0,795.0,7630,stock
2024-04-16,KMCDB,795.0,784.0,803.7,781.2,1607,stock
2024-04-18,KMCDB,781.0,762.0,782.0,756.0,3292,stock
2024-04-21,KMCDB,751.0,770.0,785.4,751.0,2591,stock
2024-04-22,KMCDB,757.5,757.5,773.0,757.5,1310,stock
2024-04-24,KMCDB,746.4,755.1,775.0,732.5,1127,stock
2024-04-25,KMCDB,750.2,765.0,765.0,750.2,1138,stock
2024-04-28,KMCDB,757.2,776.0,799.6,757.1,1658,stock
2024-04-29,KMCDB,778.0,774.5,790.0,774.5,1061,stock
2024-04-30,KMCDB,774.0,794.0,805.0,767.1,2493,stock
2024-05-02,KMCDB,783.0,820.0,855.0,783.0,19550,stock
2024-05-05,KMCDB,820.0,847.4,885.0,820.0,29408,stock
2024-05-06,KMCDB,863.0,855.9,863.0,838.0,19940,stock
2024-05-07,KMCDB,860.0,901.9,904.0,860.0,21721,stock
2024-05-08,KMCDB,900.0,945.0,945.0,900.0,25117,stock
2024-05-09,KMCDB,931.0,921.0,944.0,900.1,22630,stock
2024-05-12,KMCDB,938.9,905.0,938.9,892.0,5120,stock
2024-05-13,KMCDB,910.0,948.0,948.0,900.8,11554,stock
2024-05-14,KMCDB,932.0,960.0,970.0,930.0,8746,stock
2024-05-15,KMCDB,960.0,935.0,969.9,917.0,11312,stock
2024-05-16,KMCDB,916.3,960.0,979.0,916.3,16504,stock
2024-05-19,KMCDB,970.0,948.5,979.2,940.8,19741,stock
2024-05-20,KMCDB,962.0,933.0,981.0,930.0,12736,stock
2024-05-21,KMCDB,914.4,997.0,997.0,914.4,17872,stock
2024-05-22,KMCDB,977.1,1050.0,1058.0,960.0,23184,stock
2024-05-26,KMCDB,1029.0,1111.0,1111.0,1008.5,28722,stock
2024-05-27,KMCDB,1133.2,1080.0,1133.2,1025.0,24482,stock
2024-05-29,KMCDB,1058.4,1049.0,1142.0,1035.0,16564,stock
2024-05-30,KMCDB,1028.1,988.0,1089.0,988.0,26192,stock
2024-06-02,KMCDB,970.0,1044.0,1047.0,950.6,7593,stock
2024-06-03,KMCDB,1064.0,1048.0,1064.0,989.8,22304,stock
2024-06-04,KMCDB,1027.1,1090.0,1105.0,1027.1,36879,stock
2024-06-05,KMCDB,1068.2,1087.9,1132.0,1054.0,21301,stock
2024-06-06,KMCDB,1066.2,1107.0,1134.8,1066.2,43376,stock
2024-06-09,KMCDB,1084.9,1095.0,1128.0,1070.0,56508,stock
2024-06-10,KMCDB,1073.1,1098.0,1160.0,1073.1,24728,stock
2024-06-11,KMCDB,1076.1,1123.9,1140.0,1076.1,17919,stock
2024-06-12,KMCDB,1105.0,1106.0,1126.0,1086.0,23538,stock
2024-06-13,KMCDB,1085.0,1089.0,1128.1,1075.0,22032,stock
2024-06-16,KMCDB,1088.0,1095.0,1123.0,1061.1,30007,stock
2024-06-18,KMCDB,1075.0,1095.0,1155.0,1036.1,34990,stock
2024-06-19,KMCDB,1075.0,1077.0,1095.9,1052.1,9064,stock
2024-06-20,KMCDB,1055.5,1160.0,1160.0,1050.1,20133,stock
2024-06-23,KMCDB,1136.8,1099.9,1136.8,1044.0,24587,stock
2024-06-24,KMCDB,1078.0,1091.8,1142.0,1058.0,16022,stock
2024-06-25,KMCDB,1070.0,1084.7,1110.0,1051.0,13877,stock
2024-06-26,KMCDB,1063.1,1075.0,1083.0,1060.0,10670,stock
2024-06-27,KMCDB,1055.0,1075.0,1089.0,1055.0,14809,stock
2024-06-30,KMCDB,1055.0,1075.0,1080.0,1055.0,15113,stock
2024-07-01,KMCDB,1060.0,1080.0,1080.0,1039.1,17377,stock
2024-07-02,KMCDB,1101.0,1085.0,1145.0,1056.6,13759,stock
2024-07-03,KMCDB,1065.0,1070.0,1099.9,1035.2,24629,stock
2024-07-04,KMCDB,1048.6,1096.0,1100.0,1048.6,12697,stock
2024-07-07,KMCDB,1074.1,1110.1,1125.0,1070.1,25237,stock
2024-07-08,KMCDB,1087.9,1151.0,1173.0,1087.9,49720,stock
2024-07-09,KMCDB,1128.0,1181.1,1192.0,1128.0,31576,stock
2024-07-10,KMCDB,1157.5,1205.0,1251.0,1134.4,35531,stock
2024-07-11,KMCDB,1180.9,1220.0,1272.0,1132.6,39289,stock
2024-07-14,KMCDB,1244.4,1238.5,1265.0,1154.0,19524,stock
2024-07-15,KMCDB,1213.8,1199.9,1285.0,1177.0,22730,stock
2024-07-16,KMCDB,1176.0,1231.1,1239.3,1160.0,18881,stock
2024-07-17,KMCDB,1206.5,1227.9,1280.0,1180.0,23967,stock
2024-07-18,KMCDB,1209.9,1205.0,1265.0,1182.0,26251,stock
2024-07-21,KMCDB,1210.0,1180.0,1215.0,1170.0,23537,stock
2024-07-22,KMCDB,1202.0,1174.1,1251.0,1158.0,19404,stock
2024-07-23,KMCDB,1152.1,1177.9,1244.0,1152.1,32090,stock
2024-07-24,KMCDB,1177.1,1144.5,1197.9,1136.8,22346,stock
2024-07-25,KMCDB,1167.3,1189.0,1203.0,1155.0,23713,stock
2024-07-28,KMCDB,1189.0,1163.0,1220.0,1120.1,13442,stock
2024-07-29,KMCDB,1163.0,1122.4,1163.8,1122.0,22987,stock
2024-07-30,KMCDB,1120.0,1137.9,1141.0,1110.0,8510,stock
2024-07-31,KMCDB,1155.0,1145.0,1201.6,1134.0,11873,stock
2024-08-01,KMCDB,1125.0,1100.0,1160.0,1090.0,20165,stock
2024-08-05,KMCDB,1078.0,1125.2,1167.2,1078.0,11317,stock
2024-08-06,KMCDB,1143.3,1080.1,1163.3,1080.1,14203,stock
2024-08-07,KMCDB,1090.0,1124.0,1133.0,1080.0,14088,stock
2024-08-08,KMCDB,1139.0,1085.0,1139.0,1078.0,9961,stock
2024-08-11,KMCDB,1106.7,1137.0,1149.9,1106.7,20271,stock
2024-08-12,KMCDB,1159.0,1125.0,1159.0,1090.0,17486,stock
2024-08-13,KMCDB,1130.0,1111.9,1144.0,1102.5,10986,stock
2024-08-14,KMCDB,1111.9,1099.0,1111.9,1089.8,6435,stock
2024-08-15,KMCDB,1082.1,1094.0,1111.0,1082.0,11386,stock
2024-08-18,KMCDB,1085.0,1096.0,1203.4,1080.1,12907,stock
2024-08-21,KMCDB,1080.0,1107.0,1161.0,1080.0,5719,stock
2024-08-22,KMCDB,1109.9,1100.0,1135.0,1091.1,10770,stock
2024-08-25,KMCDB,1085.0,1140.1,1186.2,1085.0,24479,stock
2024-08-27,KMCDB,1117.3,1122.0,1214.8,1115.0,27105,stock
2024-08-28,KMCDB,1143.9,1110.0,1144.0,1110.0,10632,stock
2024-08-29,KMCDB,1132.2,1074.0,1132.2,1074.0,8583,stock
2024-09-01,KMCDB,1060.0,1034.0,1095.4,1025.2,13608,stock
2024-09-02,KMCDB,1034.0,1059.0,1079.0,1034.0,4000,stock
2024-09-03,KMCDB,1037.9,1084.0,1108.0,1037.9,7042,stock
2024-09-04,KMCDB,1062.4,1085.6,1150.0,1029.0,5989,stock
2024-09-05,KMCDB,1063.9,1101.1,1122.0,1042.8,8072,stock
2024-09-08,KMCDB,1080.0,1097.1,1144.7,1080.0,14968,stock
2024-09-09,KMCDB,1091.0,1050.0,1141.3,1050.0,11685,stock
2024-09-10,KMCDB,1035.2,1050.0,1142.0,1035.2,4945,stock
2024-09-11,KMCDB,1070.0,1119.9,1135.0,1040.0,8195,stock
2024-09-12,KMCDB,1098.0,1105.1,1118.0,1060.0,6788,stock
2024-09-15,KMCDB,1083.0,1075.0,1148.5,1065.0,4454,stock
2024-09-16,KMCDB,1054.0,1040.0,1089.1,1040.0,6030,stock
2024-09-18,KMCDB,1035.0,1124.0,1124.8,1035.0,8171,stock
2024-09-22,KMCDB,1101.6,1062.0,1101.6,1050.0,6976,stock
2024-09-23,KMCDB,1050.0,1037.0,1079.0,1025.0,7260,stock
2024-09-24,KMCDB,1050.0,1009.9,1050.0,1000.0,3271,stock
2024-09-25,KMCDB,1014.9,1050.6,1050.6,970.2,12616,stock
2024-09-26,KMCDB,1030.5,1010.1,1046.0,983.0,7105,stock
2024-09-29,KMCDB,990.0,980.0,999.0,973.0,4561,stock
2024-09-30,KMCDB,960.4,1009.9,1015.0,960.4,1929,stock
2024-10-01,KMCDB,1002.0,1044.0,1044.0,1002.0,7355,stock
2024-10-02,KMCDB,1025.0,1002.0,1044.5,995.7,3548,stock
2024-10-06,KMCDB,1002.0,1004.0,1022.0,984.0,4109,stock
2024-10-07,KMCDB,1005.0,1040.0,1070.0,985.0,4018,stock
2024-10-08,KMCDB,1025.0,1010.0,1025.0,1005.0,973,stock
2024-10-09,KMCDB,990.0,1022.0,1071.0,971.0,1225,stock
2024-10-15,KMCDB,1004.2,1023.1,1063.2,1004.1,729,stock
2024-10-16,KMCDB,1043.0,1030.0,1043.0,1015.0,1735,stock
2024-10-17,KMCDB,1035.0,1034.9,1049.9,1028.0,3276,stock
2024-10-20,KMCDB,1049.0,1033.0,1076.6,1015.0,3348,stock
2024-10-21,KMCDB,1013.0,1090.0,1090.0,1000.0,4712,stock
2024-10-22,KMCDB,1068.2,1038.9,1068.2,1006.2,2692,stock
2024-10-23,KMCDB,1020.0,1027.8,1040.3,1008.0,1176,stock
2024-10-24,KMCDB,1027.0,1008.2,1040.0,1008.1,1610,stock
2024-10-27,KMCDB,990.0,1018.0,1049.0,990.0,1230,stock
2024-10-28,KMCDB,999.2,1028.0,1029.0,999.2,1238,stock
2024-10-29,KMCDB,1007.5,1046.9,1048.1,1007.5,5042,stock
2024-10-30,KMCDB,1026.0,1090.0,1096.5,1016.1,6326,stock
2024-11-05,KMCDB,1068.2,1060.0,1068.2,1026.0,2191,stock
2024-11-06,KMCDB,1060.0,1044.9,1081.0,1018.2,3880,stock
2024-11-10,KMCDB,1030.0,1050.1,1055.69,1024.2,3011,stock
2024-11-11,KMCDB,1030.2,1103.0,1107.0,1010.0,12974,stock
2024-11-12,KMCDB,1081.0,1105.0,1150.0,1060.1,23420,stock
2024-11-13,KMCDB,1082.9,1108.8,1140.0,1082.9,6997,stock
2024-11-14,KMCDB,1086.7,1130.0,1170.0,1086.7,19170,stock
2024-11-17,KMCDB,1107.4,1168.9,1182.0,1107.4,23908,stock
2024-11-19,KMCDB,1189.0,1139.9,1200.0,1132.7,18331,stock
2024-11-20,KMCDB,1125.0,1134.0,1161.0,1110.1,6657,stock
2024-11-21,KMCDB,1140.0,1112.1,1160.0,1111.4,11830,stock
2024-11-24,KMCDB,1091.0,1120.0,1133.0,1091.0,4429,stock
2024-11-25,KMCDB,1100.0,1130.0,1140.0,1100.0,5190,stock
2024-11-26,KMCDB,1130.0,1127.0,1131.0,1109.1,4018,stock
2024-11-27,KMCDB,1127.0,1138.0,1141.0,1120.0,5458,stock
2024-11-28,KMCDB,1141.0,1116.0,1160.0,1116.0,6816,stock
2024-12-01,KMCDB,1095.0,1114.9,1130.0,1094.0,4027,stock
2024-12-02,KMCDB,1114.9,1125.0,1133.0,1113.0,5357,stock
2024-12-03,KMCDB,1139.9,1107.4,1145.0,1104.0,5706,stock
2024-12-04,KMCDB,1102.7,1110.0,1138.8,1102.7,10421,stock
2024-12-05,KMCDB,1132.0,1119.0,1132.0,1110.0,6728,stock
2024-12-08,KMCDB,1119.0,1113.9,1126.1,1102.0,6326,stock
2024-12-09,KMCDB,1136.0,1109.9,1136.0,1092.0,4124,stock
2024-12-10,KMCDB,1132.0,1117.9,1132.0,1100.0,1852,stock
2024-12-11,KMCDB,1140.0,1125.0,1140.0,1105.0,4515,stock
2024-12-12,KMCDB,1107.0,1124.8,1145.0,1090.0,4637,stock
2024-12-16,KMCDB,1137.0,1092.1,1137.0,1092.1,2059,stock
2024-12-17,KMCDB,1113.0,1105.9,1113.0,1090.0,4078,stock
2024-12-18,KMCDB,1128.0,1108.9,1128.0,1095.0,3533,stock
2024-12-19,KMCDB,1113.3,1097.1,1113.3,1087.0,4318,stock
2024-12-22,KMCDB,1077.0,1097.0,1107.8,1076.1,2408,stock
2024-12-23,KMCDB,1080.1,1090.1,1095.7,1075.1,2175,stock
2024-12-24,KMCDB,1074.0,1103.5,1111.0,1074.0,2904,stock
2024-12-26,KMCDB,1108.0,1101.9,1110.4,1082.0,2703,stock
2024-12-29,KMCDB,1080.2,1107.0,1130.0,1080.2,5984,stock
2024-12-31,KMCDB,1124.9,1093.9,1129.0,1081.0,8574,stock
2025-01-01,KMCDB,1080.0,1100.0,1138.0,1080.0,2770,stock
2025-01-02,KMCDB,1118.0,1100.0,1122.0,1090.0,3791,stock
2025-01-05,KMCDB,1024.6,1005.0,1024.6,970.1,958,stock
2025-01-06,KMCDB,1000.0,1011.0,1020.0,985.0,1402,stock
2025-01-07,KMCDB,1027.9,1008.0,1027.9,997.0,990,stock
2025-01-08,KMCDB,1028.0,1030.0,1068.0,1008.0,2794,stock
2025-01-09,KMCDB,1010.0,1037.0,1049.9,1010.0,2004,stock
2025-01-12,KMCDB,1050.0,1040.0,1050.0,1017.0,2903,stock
2025-01-13,KMCDB,1019.2,1021.0,1039.0,1001.1,4969,stock
2025-01-15,KMCDB,1005.0,1021.0,1034.9,1005.0,2787,stock
2025-01-16,KMCDB,1029.0,1021.9,1029.0,1009.0,2194,stock
2025-01-19,KMCDB,1010.0,1048.0,1048.0,1005.0,8723,stock
2025-01-20,KMCDB,1060.0,1070.0,1080.0,1048.0,15429,stock
2025-01-21,KMCDB,1050.0,1070.0,1085.0,1050.0,2220,stock
2025-01-22,KMCDB,1085.0,1060.0,1085.0,1027.7,7651,stock
2025-01-23,KMCDB,1055.0,1058.9,1080.0,1035.3,2236,stock
2025-01-26,KMCDB,1041.0,1098.0,1110.0,1041.0,15053,stock
2025-01-27,KMCDB,1076.1,1105.0,1125.0,1076.1,19814,stock
2025-01-28,KMCDB,1105.0,1115.0,1119.0,1099.0,5588,stock
2025-02-02,KMCDB,1123.0,1200.0,1210.0,1116.0,43272,stock
2025-02-03,KMCDB,1219.0,1159.0,1224.0,1157.0,16178,stock
2025-02-04,KMCDB,1182.0,1170.0,1205.0,1160.0,22665,stock
2025-02-05,KMCDB,1161.0,1172.0,1205.0,1161.0,19149,stock
2025-02-06,KMCDB,1150.0,1183.1,1189.0,1150.0,19578,stock
2025-02-09,KMCDB,1170.0,1171.9,1189.0,1160.0,6422,stock
2025-02-10,KMCDB,1158.0,1160.1,1193.4,1150.0,6178,stock
2025-02-11,KMCDB,1172.0,1145.0,1182.0,1130.0,8093,stock
2025-02-12,KMCDB,1131.0,1166.8,1191.2,1131.0,9075,stock
2025-02-13,KMCDB,1150.0,1179.0,1188.0,1145.1,16405,stock
2025-02-16,KMCDB,1166.0,1200.2,1210.0,1166.0,28877,stock
2025-02-17,KMCDB,1224.2,1253.0,1270.0,1203.0,29442,stock
2025-02-18,KMCDB,1255.0,1224.0,1269.0,1215.0,29343,stock
2025-02-20,KMCDB,1220.0,1223.0,1245.0,1206.0,6394,stock
2025-02-23,KMCDB,1203.0,1215.1,1230.0,1199.0,15981,stock
2025-02-24,KMCDB,1201.1,1204.0,1235.0,1190.0,15927,stock
2025-02-25,KMCDB,1226.4,1200.0,1227.9,1190.0,7751,stock
2025-02-27,KMCDB,1224.0,1198.0,1248.4,1185.0,16008,stock
2025-03-02,KMCDB,1175.3,1200.0,1230.0,1175.3,8230,stock
2025-03-03,KMCDB,1180.0,1165.0,1199.9,1165.0,5511,stock
2025-03-04,KMCDB,1165.0,1144.0,1205.0,1131.0,11516,stock
2025-03-05,KMCDB,1138.0,1153.0,1213.0,1135.0,7742,stock
2025-03-06,KMCDB,1131.0,1156.0,1171.4,1123.1,8506,stock
2025-03-09,KMCDB,1135.0,1136.0,1155.0,1114.0,5587,stock
2025-03-10,KMCDB,1120.0,1100.0,1149.8,1095.0,4930,stock
2025-03-11,KMCDB,1120.0,1076.0,1120.0,1076.0,4902,stock
2025-03-12,KMCDB,1075.0,1097.9,1119.0,1063.0,3013,stock
2025-03-16,KMCDB,1100.0,1066.3,1100.0,1057.5,3089,stock
2025-03-17,KMCDB,1051.5,1060.0,1135.0,1051.5,4914,stock
2025-03-18,KMCDB,1081.2,1055.0,1100.0,1050.1,4467,stock
2025-03-19,KMCDB,1055.0,1071.0,1097.5,1041.3,8288,stock
2025-03-20,KMCDB,1090.0,1065.0,1090.0,1048.6,3439,stock
2025-03-23,KMCDB,1047.1,1028.47,1064.8,1027.6,3190,stock
2025-03-24,KMCDB,1025.0,1052.13,1060.0,1020.0,1422,stock
2025-03-25,KMCDB,1031.2,1017.08,1050.0,1015.0,3677,stock
2025-03-26,KMCDB,1033.9,1048.25,1075.6,1018.0,2447,stock
2025-03-27,KMCDB,1056.0,1066.27,1079.0,1039.1,3703,stock
2025-03-30,KMCDB,1046.0,1074.5,1089.0,1046.0,3161,stock
2025-04-01,KMCDB,1087.0,1070.0,1090.0,1054.0,2209,stock
2025-04-02,KMCDB,1089.8,1092.02,1109.7,1051.1,4942,stock
2025-04-03,KMCDB,1109.0,1086.0,1109.0,1070.0,1198,stock
2025-04-07,KMCDB,1087.0,1060.16,1087.0,1044.0,1635,stock
2025-04-08,KMCDB,1040.1,1066.84,1074.9,1040.1,1866,stock
2025-04-09,KMCDB,1065.0,1052.02,1122.0,1045.6,3440,stock
2025-04-10,KMCDB,1072.0,1056.97,1073.0,1050.0,2041,stock
2025-04-13,KMCDB,1045.0,1041.87,1070.0,1040.0,2663,stock
2025-04-15,KMCDB,1022.0,1039.2,1083.9,1022.0,2122,stock
2025-04-16,KMCDB,1039.2,1049.1,1100.0,1037.0,2862,stock
2025-04-17,KMCDB,1060.0,1069.85,1079.9,1033.0,5026,stock
2025-04-20,KMCDB,1048.5,1055.92,1069.0,1044.0,1219,stock
2025-04-21,KMCDB,1068.0,1040.44,1068.0,1030.0,4821,stock
2025-04-22,KMCDB,1021.0,1030.42,1060.0,1021.0,5146,stock
2025-04-23,KMCDB,1020.0,1028.42,1093.0,1020.0,1007,stock
2025-04-24,KMCDB,1028.0,1023.45,1047.9,1014.1,3049,stock
2025-04-27,KMCDB,1010.0,1008.91,1043.8,1003.0,5242,stock
2025-04-28,KMCDB,1005.0,992.01,1049.5,990.1,6376,stock
2025-04-29,KMCDB,985.0,991.92,1040.0,980.0,3598,stock
2025-04-30,KMCDB,988.0,993.14,1030.0,980.0,3883,stock
2025-05-04,KMCDB,1010.0,995.69,1010.0,980.0,5417,stock
2025-05-05,KMCDB,983.6,977.08,1003.2,970.1,2043,stock
2025-05-06,KMCDB,996.6,986.96,1035.0,980.1,1171,stock
2025-05-07,KMCDB,980.0,994.61,1006.0,950.6,9111,stock
2025-05-08,KMCDB,975.1,994.76,1068.0,975.1,3606,stock
2025-05-11,KMCDB,1014.6,1001.87,1055.4,990.0,4449,stock
2025-05-13,KMCDB,1021.0,1005.0,1039.9,991.0,3793,stock
2025-05-14,KMCDB,991.0,1010.26,1030.0,991.0,5015,stock
2025-05-15,KMCDB,1029.0,1006.25,1029.0,989.8,3001,stock
2025-05-18,KMCDB,1025.0,1007.97,1026.0,992.0,3890,stock
2025-05-19,KMCDB,1000.0,1004.42,1027.9,1000.0,6638,stock
2025-05-20,KMCDB,1022.5,1021.87,1030.0,1003.0,2845,stock
2025-05-21,KMCDB,1042.3,1022.1,1043.0,1005.0,1719,stock
2025-05-22,KMCDB,1042.5,1057.24,1069.9,1005.6,13577,stock
2025-05-25,KMCDB,1077.0,1088.94,1098.9,1050.0,11907,stock
2025-05-26,KMCDB,1110.0,1072.02,1132.0,1063.0,5003,stock
2025-05-27,KMCDB,1060.1,1053.33,1081.9,1040.0,2877,stock
2025-05-28,KMCDB,1055.0,1045.93,1060.0,1020.0,5641,stock
2025-06-02,KMCDB,1066.0,1027.02,1099.0,1021.3,3914,stock
2025-06-03,KMCDB,1025.0,1008.6,1046.0,1000.7,5078,stock
2025-06-04,KMCDB,1005.0,994.89,1009.3,992.0,6251,stock
2025-06-05,KMCDB,995.2,995.62,1014.9,995.0,3250,stock
2025-06-08,KMCDB,990.0,1004.35,1009.8,990.0,1382,stock
2025-06-09,KMCDB,1006.0,1021.76,1031.8,995.1,4261,stock
2025-06-10,KMCDB,1002.0,1005.13,1041.9,1002.0,4364,stock
2025-06-11,KMCDB,1025.0,999.48,1025.0,997.1,3586,stock
2025-06-12,KMCDB,1019.0,1008.31,1039.3,995.0,3299,stock
2025-06-15,KMCDB,995.0,1001.8,1025.0,995.0,3462,stock
2025-06-16,KMCDB,1001.8,1005.23,1014.9,1000.0,1979,stock
2025-06-17,KMCDB,1000.0,1024.45,1034.8,1000.0,4344,stock
2025-06-18,KMCDB,1038.0,1014.33,1038.0,1001.3,3091,stock
2025-06-19,KMCDB,1001.7,1013.15,1033.0,1001.1,3109,stock
2025-06-22,KMCDB,1000.0,997.48,1009.0,995.0,3034,stock
2025-06-23,KMCDB,1000.0,988.77,1009.0,985.1,1461,stock
2025-06-24,KMCDB,1004.0,984.88,1004.0,982.1,2417,stock
2025-06-25,KMCDB,990.0,987.24,1000.0,970.3,1563,stock
2025-06-26,KMCDB,973.0,976.7,998.0,973.0,3864,stock
2025-06-29,KMCDB,996.0,1004.02,1016.0,993.7,2948,stock
2025-06-30,KMCDB,995.0,1011.09,1019.0,995.0,1792,stock
2025-07-01,KMCDB,994.3,1052.31,1069.4,994.3,12990,stock
2025-07-02,KMCDB,1072.0,1054.27,1094.0,1037.9,5718,stock
2025-07-03,KMCDB,1069.0,1035.6,1069.0,1028.0,4861,stock
2025-07-06,KMCDB,1049.0,1035.74,1060.0,1024.0,3465,stock
2025-07-07,KMCDB,1052.0,1019.7,1052.0,1015.3,5254,stock
2025-07-08,KMCDB,1017.0,1025.04,1039.0,1015.1,1107,stock
2025-07-09,KMCDB,1021.0,1041.52,1044.6,1019.1,3749,stock
2025-07-10,KMCDB,1036.1,1040.33,1058.0,1027.5,12531,stock
2025-07-13,KMCDB,1061.1,1065.41,1100.0,1050.0,11223,stock
2025-07-14,KMCDB,1055.0,1040.96,1073.9,1035.2,6005,stock
2025-07-15,KMCDB,1024.1,1046.27,1060.0,1024.1,7216,stock
2025-07-16,KMCDB,1031.0,1059.5,1075.0,1030.0,9482,stock
2025-07-17,KMCDB,1050.0,1087.39,1098.0,1050.0,8034,stock
2025-07-20,KMCDB,1065.7,1083.32,1169.0,1065.7,7470,stock
2025-07-21,KMCDB,1065.0,1105.01,1119.0,1049.0,10776,stock
2025-07-22,KMCDB,1083.0,1128.2,1170.0,1083.0,16198,stock
2025-07-23,KMCDB,1140.0,1124.78,1150.0,1099.0,10983,stock
2025-07-24,KMCDB,1145.0,1111.93,1145.0,1110.0,6536,stock
2025-07-27,KMCDB,1134.0,1128.48,1223.0,1102.2,15414,stock
2025-07-28,KMCDB,1120.0,1134.76,1139.9,1107.2,10516,stock
2025-07-29,KMCDB,1155.0,1163.27,1188.0,1148.0,18499,stock
2025-07-30,KMCDB,1185.5,1118.59,1200.0,1110.0,16848,stock
2025-07-31,KMCDB,1140.0,1093.77,1180.0,1086.0,11161,stock
2025-08-03,KMCDB,1100.0,1056.3,1107.0,1050.1,8073,stock
2025-08-04,KMCDB,1035.2,1064.94,1089.5,1035.2,7880,stock
2025-08-05,KMCDB,1046.0,1080.72,1152.0,1046.0,11400,stock
2025-08-06,KMCDB,1059.2,1079.96,1124.0,1045.0,7857,stock
2025-08-07,KMCDB,1090.0,1104.99,1121.0,1087.0,11062,stock
2025-08-11,KMCDB,1082.9,1107.09,1126.5,1082.9,12647,stock
2025-08-12,KMCDB,1091.2,1131.17,1139.0,1086.0,14898,stock
2025-08-13,KMCDB,1108.6,1129.18,1138.0,1108.6,19378,stock
2025-08-14,KMCDB,1117.0,1142.62,1170.0,1117.0,10870,stock
2025-08-17,KMCDB,1119.8,1105.25,1149.0,1100.0,7119,stock
2025-08-18,KMCDB,1100.0,1079.03,1126.0,1073.0,7961,stock
2025-08-19,KMCDB,1062.0,1099.58,1118.0,1062.0,8616,stock
2025-08-20,KMCDB,1078.0,1079.18,1108.0,1076.0,5312,stock
2025-08-21,KMCDB,1065.0,1077.35,1093.0,1065.0,5984,stock
2025-08-24,KMCDB,1057.0,1062.32,1090.0,1057.0,3343,stock
2025-08-25,KMCDB,1078.0,1079.29,1093.0,1072.0,3267,stock
2025-08-26,KMCDB,1079.29,1087.43,1106.5,1076.1,3238,stock
2025-08-27,KMCDB,1088.0,1097.92,1105.0,1081.0,5542,stock
2025-08-28,KMCDB,1086.3,1067.76,1098.0,1060.0,8838,stock
2025-08-31,KMCDB,1061.0,1064.98,1089.0,1049.0,2777,stock
2025-09-01,KMCDB,1049.0,1076.8,1080.9,1049.0,1011,stock
2025-09-02,KMCDB,1076.8,1068.2,1097.8,1065.0,4193,stock
2025-09-03,KMCDB,1046.9,1068.76,1084.0,1046.9,6824,stock
2025-09-04,KMCDB,1065.0,1059.3,1073.0,1055.0,2388,stock
2025-09-07,KMCDB,1041.0,1059.6,1080.0,1041.0,3329,stock
2025-09-08,KMCDB,1040.0,1041.48,1059.0,1035.2,3037,stock
2025-09-18,KMCDB,1020.7,994.8,1020.7,994.8,110,stock
2025-09-21,KMCDB,981.0,1035.42,1076.0,981.0,4335,stock
2025-09-23,KMCDB,1050.0,1029.7,1050.0,1020.2,3615,stock
2025-09-24,KMCDB,1030.0,1028.0,1035.0,1014.0,3226,stock
2025-09-25,KMCDB,1040.0,1030.0,1040.0,1025.0,1183,stock
2025-09-28,KMCDB,1044.0,1057.0,1120.0,1026.0,3515,stock
2025-10-07,KMCDB,1057.0,1036.0,1057.0,1016.0,3606,stock
2025-10-08,KMCDB,1035.0,1009.0,1035.0,996.0,4014,stock
2025-10-09,KMCDB,1029.0,1010.0,1109.9,1010.0,2228,stock
2025-10-12,KMCDB,990.0,955.6,1008.0,955.6,4526,stock
2025-10-13,KMCDB,942.0,975.0,1004.0,942.0,2604,stock
2025-10-14,KMCDB,965.0,970.8,1001.9,965.0,1716,stock
2025-10-15,KMCDB,956.0,960.4,1004.0,956.0,3866,stock
2025-10-16,KMCDB,942.0,1015.0,1015.0,942.0,4287,stock
2025-10-19,KMCDB,1015.0,975.0,1015.0,975.0,312,stock
2025-10-26,KMCDB,955.5,980.0,990.0,936.6,1854,stock
2025-10-28,KMCDB,961.5,1007.0,1078.0,961.5,6284,stock
2025-10-29,KMCDB,991.0,1002.9,1021.9,990.0,1668,stock
2025-10-30,KMCDB,1003.0,1010.0,1015.0,985.0,3559,stock
2025-11-02,KMCDB,1010.0,1035.4,1043.0,989.9,5590,stock
2025-11-03,KMCDB,1015.0,1019.7,1054.0,995.1,3258,stock
2025-11-04,KMCDB,1000.0,995.0,1039.9,995.0,1238,stock
2025-11-05,KMCDB,987.1,1007.0,1008.9,985.0,4326,stock
2025-11-06,KMCDB,1007.0,1022.0,1027.1,995.0,2897,stock
2025-11-09,KMCDB,1002.1,995.0,1008.0,986.0,2886,stock
2025-11-10,KMCDB,995.0,1002.0,1008.0,991.0,2927,stock
2025-11-11,KMCDB,982.0,1007.1,1070.0,982.0,2551,stock
2025-11-12,KMCDB,993.5,997.0,1013.0,993.5,1397,stock
2025-11-13,KMCDB,980.0,1005.0,1005.0,980.0,2290,stock
2025-11-16,KMCDB,986.7,987.4,1014.0,986.1,366,stock
2025-11-17,KMCDB,981.0,997.0,999.9,981.0,641,stock
2025-11-18,KMCDB,982.0,1003.9,1010.0,982.0,1142,stock
2025-11-19,KMCDB,1014.0,992.0,1014.0,990.0,904,stock
2025-11-20,KMCDB,987.1,997.9,1003.9,986.0,1377,stock
2025-11-23,KMCDB,980.0,1015.0,1025.0,980.0,3147,stock
2025-11-24,KMCDB,994.7,1049.0,1061.2,994.7,6452,stock
2025-11-25,KMCDB,1028.1,1034.0,1055.0,1025.1,3720,stock
2025-11-26,KMCDB,1013.4,1032.0,1033.0,1013.4,1816,stock
2025-11-27,KMCDB,1011.4,1036.0,1036.0,1011.4,1851,stock
2025-11-30,KMCDB,1015.3,1048.0,1100.0,1015.3,10530,stock
2025-12-01,KMCDB,1028.0,1080.0,1128.0,1028.0,15371,stock
2025-12-02,KMCDB,1058.4,1100.0,1135.0,1058.4,19761,stock
2025-12-03,KMCDB,1078.0,1110.0,1122.0,1078.0,18238,stock
2025-12-07,KMCDB,1110.0,1134.0,1170.7,1110.0,52118,stock
2025-12-08,KMCDB,1134.0,1137.9,1139.0,1110.0,24385,stock
2025-12-09,KMCDB,1115.2,1100.1,1116.1,1095.2,11028,stock
2025-12-10,KMCDB,1081.0,1090.0,1189.3,1070.0,20664,stock
2025-12-11,KMCDB,1100.0,1073.0,1110.0,1045.0,5241,stock
2025-12-14,KMCDB,1070.0,1041.5,1090.9,1036.0,30362,stock
2025-12-15,KMCDB,1020.7,1050.1,1104.0,1020.7,5160,stock
2025-12-16,KMCDB,1029.1,1110.0,1110.0,1029.1,5504,stock
2025-12-17,KMCDB,1087.8,1100.0,1100.0,1045.0,11218,stock
2025-12-18,KMCDB,1078.0,1080.0,1098.0,1043.0,13785,stock
2025-12-21,KMCDB,1058.4,1034.9,1070.0,1016.0,18200,stock
2025-12-22,KMCDB,1014.3,1039.0,1075.6,1000.7,9776,stock
2025-12-23,KMCDB,1059.0,1015.0,1059.0,1012.0,2903,stock
2025-12-24,KMCDB,1000.0,1036.9,1071.0,1000.0,4804,stock
2025-12-28,KMCDB,1036.9,1047.0,1055.0,1030.1,6011,stock
2025-12-29,KMCDB,1026.1,1057.0,1131.0,1026.1,4184,stock
2025-12-31,KMCDB,1035.9,1087.0,1119.0,1035.9,16189,stock
2026-01-01,KMCDB,1065.3,1119.0,1140.0,1042.0,20959,stock
2026-01-04,KMCDB,1096.7,1081.0,1140.0,1045.0,25895,stock
2026-01-05,KMCDB,963.1,1000.0,1015.0,963.1,11222,stock
2026-01-06,KMCDB,980.0,1000.0,1080.0,980.0,6392,stock
2026-01-07,KMCDB,980.0,993.0,995.0,969.0,7662,stock
2026-01-08,KMCDB,973.2,988.0,992.0,970.0,4657,stock
2026-01-12,KMCDB,969.0,950.0,988.0,950.0,15901,stock
2026-01-13,KMCDB,964.0,945.0,964.0,921.3,10428,stock
2026-01-14,KMCDB,955.0,953.0,955.0,924.0,5995,stock
2026-01-18,KMCDB,955.0,965.0,984.8,937.1,5219,stock
2026-01-20,KMCDB,979.9,954.0,979.9,951.6,5114,stock
2026-01-21,KMCDB,968.0,952.0,968.0,952.0,6382,stock
2026-01-22,KMCDB,964.0,960.2,964.0,933.1,9323,stock
2026-01-25,KMCDB,960.2,960.1,970.0,950.0,7785,stock
2026-01-26,KMCDB,960.2,960.0,971.9,948.0,8047,stock
2026-01-27,KMCDB,970.0,943.0,970.0,942.0,5391,stock
2026-01-28,KMCDB,943.0,961.8,961.8,935.0,11456,stock
2026-01-29,KMCDB,960.0,951.0,961.8,943.4,6144,stock
2026-02-01,KMCDB,947.0,953.1,963.9,947.0,3035,stock
2026-02-02,KMCDB,955.0,941.0,955.0,940.2,2557,stock
2026-02-03,KMCDB,953.7,945.0,953.9,925.0,4150,stock
2026-02-04,KMCDB,956.0,926.2,957.0,926.2,3460,stock
2026-02-05,KMCDB,922.3,935.0,957.0,922.3,3091,stock
2026-02-08,KMCDB,922.3,931.0,953.0,922.3,3138,stock
2026-02-09,KMCDB,925.0,925.0,941.0,923.0,3104,stock
2026-02-10,KMCDB,921.8,923.0,930.0,915.0,1842,stock
2026-02-11,KMCDB,936.0,924.8,938.0,920.0,2545,stock
2026-02-12,KMCDB,935.0,917.0,935.0,915.0,6085,stock
2026-02-16,KMCDB,928.0,910.0,928.0,898.0,8550,stock
2026-02-17,KMCDB,897.3,911.0,987.2,897.3,3660,stock
2026-02-22,KMCDB,911.0,958.1,958.1,893.0,4633,stock
2026-02-23,KMCDB,939.0,920.0,939.0,915.2,3386,stock
2026-02-24,KMCDB,933.0,929.9,933.0,909.0,1408,stock
2026-02-25,KMCDB,915.1,925.0,925.0,910.0,3536,stock
2026-02-26,KMCDB,930.0,917.0,930.0,911.5,565,stock
2026-03-01,KMCDB,900.0,917.0,924.0,899.1,1776,stock
2026-03-03,KMCDB,917.0,924.5,930.9,907.0,2558,stock
2026-03-09,KMCDB,942.9,942.9,942.9,942.9,310,stock
2026-03-10,KMCDB,961.7,977.0,998.5,945.1,12942,stock
2026-03-11,KMCDB,958.0,950.2,980.0,947.8,5399,stock
2026-03-12,KMCDB,938.0,958.5,969.0,938.0,1914,stock
2026-03-15,KMCDB,960.0,950.0,970.0,938.0,6359,stock
2026-03-16,KMCDB,940.0,949.7,950.0,934.0,1970,stock
2026-03-17,KMCDB,955.0,946.0,955.0,935.9,2273,stock
2026-03-19,KMCDB,936.1,965.0,970.0,936.1,8053,stock
2026-03-22,KMCDB,975.0,1001.9,1012.0,965.1,21930,stock
2026-03-23,KMCDB,1021.9,993.0,1021.9,990.0,7148,stock
2026-03-24,KMCDB,974.0,995.0,1014.0,974.0,10241,stock
2026-03-25,KMCDB,977.1,976.0,996.0,970.0,9397,stock
2026-03-26,KMCDB,976.0,985.0,985.0,965.0,3333,stock
2026-03-29,KMCDB,968.5,953.0,968.5,950.1,8570,stock
2026-03-30,KMCDB,951.0,939.0,963.5,911.4,13207,stock
2026-03-31,KMCDB,926.0,942.1,951.0,920.0,6585,stock
2026-04-01,KMCDB,931.0,920.0,942.0,920.0,3454,stock
2026-04-02,KMCDB,907.2,901.5,928.0,895.0,8464,stock
2026-04-05,KMCDB,919.5,875.0,919.5,861.0,10769,stock
2026-04-06,KMCDB,892.5,900.0,901.0,874.7,7988,stock
2026-04-07,KMCDB,913.0,904.0,918.0,893.1,4434,stock
2026-04-08,KMCDB,890.0,937.5,937.5,890.0,6303,stock
2026-04-09,KMCDB,931.0,950.0,958.0,926.2,5553,stock
2026-04-10,KMCDB,950.0,928.0,963.0,926.2,9136,stock
2026-04-13,KMCDB,929.0,915.0,930.0,911.0,6480,stock
2026-04-15,KMCDB,915.0,921.0,933.0,902.0,8168,stock
2026-04-16,KMCDB,936.5,925.0,957.0,900.5,6534,stock
2026-04-17,KMCDB,937.0,910.0,937.0,900.0,5226,stock
2026-04-20,KMCDB,890.0,915.0,926.4,890.0,4281,stock
2026-04-21,KMCDB,905.1,908.0,918.0,905.0,13365,stock
2026-04-22,KMCDB,890.1,895.0,917.0,885.0,13300,stock
2026-04-23,KMCDB,890.1,893.1,910.0,890.0,3520,stock
2026-04-24,KMCDB,893.1,915.0,1004.2,873.1,3907,stock
2026-04-27,KMCDB,915.0,899.5,910.0,890.0,7092,stock
2026-04-28,KMCDB,899.5,885.1,900.0,885.1,2442,stock
2026-04-29,KMCDB,875.1,869.0,894.9,865.1,2857,stock
2026-04-30,KMCDB,889.9,879.0,889.9,865.0,3124,stock
2026-05-04,KMCDB,865.3,870.0,880.0,865.3,2918,stock
2026-05-05,KMCDB,870.0,888.0,896.0,860.0,2611,stock
2026-05-06,KMCDB,888.0,870.0,888.0,865.6,470,stock
2026-05-07,KMCDB,882.0,877.7,882.0,870.1,492,stock
2026-05-08,KMCDB,886.0,885.8,886.0,872.0,2072,stock
2026-05-11,KMCDB,885.8,879.0,889.0,875.0,5168,stock
2026-05-12,KMCDB,922.0,889.7,922.0,870.0,3586,stock
2026-05-13,KMCDB,875.5,884.8,885.0,875.5,283,stock
2026-05-14,KMCDB,861.5,866.0,886.0,861.2,1276,stock
2026-05-15,KMCDB,870.0,872.0,872.7,863.1,927,stock
2026-05-18,KMCDB,857.0,864.0,870.0,857.0,2194,stock
2026-05-19,KMCDB,845.5,865.0,867.0,845.5,1066,stock
2026-05-20,KMCDB,865.0,860.2,867.0,860.1,3970,stock
2026-05-21,KMCDB,869.5,866.0,869.5,855.5,879,stock
2026-05-22,KMCDB,841.1,860.0,860.0,840.5,4603,stock
2026-05-25,KMCDB,860.0,875.0,875.0,855.0,2633,stock
2026-05-26,KMCDB,884.0,872.0,884.0,862.2,2007,stock
2026-05-27,KMCDB,850.0,874.9,928.5,850.0,316,stock
2026-06-01,KMCDB,861.5,863.9,868.0,860.0,775,stock
2026-06-02,KMCDB,859.0,860.0,873.7,859.0,538,stock
2026-06-03,KMCDB,867.0,863.0,879.0,861.1,1642,stock
2026-06-04,KMCDB,865.0,872.0,875.0,865.0,1223,stock
2026-06-05,KMCDB,872.0,871.0,872.0,861.0,496,stock
2026-06-08,KMCDB,865.0,859.0,865.0,852.0,1833,stock
2026-06-09,KMCDB,854.0,850.4,868.0,850.4,2596,stock
2026-06-10,KMCDB,850.2,856.1,860.0,850.2,303,stock
2026-06-11,KMCDB,843.0,847.1,856.0,843.0,1117,stock
2026-06-12,KMCDB,845.0,854.0,854.0,842.0,426,stock
2026-06-15,KMCDB,854.5,847.9,854.5,840.1,3946,stock
2026-06-16,KMCDB,848.2,849.0,852.0,840.0,3271,stock
2026-06-17,KMCDB,860.0,846.0,860.9,845.0,746,stock
2026-06-18,KMCDB,835.0,837.0,849.9,830.0,1620,stock
2026-06-19,KMCDB,831.0,830.0,843.0,826.3,1507,stock
2026-06-22,KMCDB,789.0,844.9,854.0,789.0,2288,stock
2026-06-23,KMCDB,825.0,830.3,849.0,825.0,2018,stock
2026-06-24,KMCDB,820.0,815.3,828.0,815.0,1040,stock
2026-06-25,KMCDB,806.0,920.0,930.0,803.2,5195,stock
2026-06-26,KMCDB,892.4,821.0,892.4,820.6,2723,stock
2026-06-29,KMCDB,797.2,823.0,845.6,791.0,2052,stock
2026-06-30,KMCDB,823.0,816.9,823.0,777.7,6047,stock
2026-07-01,KMCDB,816.9,810.0,824.0,800.1,1970,stock
2026-07-02,KMCDB,832.9,815.5,832.9,795.1,2168,stock
2026-07-03,KMCDB,816.6,815.0,819.0,800.0,1864,stock
2026-07-06,KMCDB,797.0,809.0,809.9,790.0,1915,stock
2026-07-07,KMCDB,809.0,818.0,825.3,800.6,413,stock
2026-07-08,KMCDB,794.0,794.9,808.9,777.7,1303,stock
2026-07-09,KMCDB,779.0,790.0,790.0,770.0,1876,stock
2026-07-10,KMCDB,813.6,800.0,837.9,780.0,1186,stock
2026-07-13,KMCDB,808.0,766.0,809.0,760.0,7732,stock
2026-07-14,KMCDB,787.5,760.0,787.5,735.0,4432,stock
2026-07-15,KMCDB,739.2,760.0,782.5,739.2,1322,stock
2026-07-16,KMCDB,761.0,772.6,780.0,750.0,857,stock
2026-07-17,KMCDB,782.0,797.9,799.9,770.0,2603,stock
2026-07-20,KMCDB,809.0,802.0,810.0,785.0,1073,stock
2026-07-21,KMCDB,802.0,815.0,823.0,802.0,609,stock
2026-07-22,KMCDB,792.0,803.0,815.0,791.0,3285,stock
2026-07-23,KMCDB,808.0,806.9,808.0,779.5,1276,stock
2026-07-24,KMCDB,800.0,806.0,806.0,791.6,1517,stock
2026-07-27,KMCDB,800.0,780.0,800.0,777.0,3094,stock
2026-07-28,KMCDB,761.0,787.0,788.0,756.6,2495,stock
2026-07-29,KMCDB,787.0,784.0,789.0,763.8,4774,stock
2026-07-30,KMCDB,784.0,779.5,784.0,761.3,2158,stock
2026-07-31,KMCDB,779.0,766.4,787.0,760.3,2071,stock
2026-08-03,KMCDB,750.1,777.9,789.7,750.0,1097,stock
2026-08-04,KMCDB,774.0,770.0,774.0,759.0,1947,stock
2026-08-05,KMCDB,770.0,770.0,775.0,770.0,338,stock
2026-08-06,KMCDB,757.6,760.2,765.0,757.6,1750,stock
2026-08-07,KMCDB,771.8,777.0,780.0,760.0,5331,stock
2026-08-10,KMCDB,738.2,807.9,815.0,738.2,10382,stock
2026-08-11,KMCDB,807.9,800.0,815.0,798.0,2606,stock
2026-08-12,KMCDB,800.0,796.3,808.0,750.0,6542,stock
2026-08-13,KMCDB,795.0,780.0,796.0,772.0,4044,stock
2026-08-14,KMCDB,800.0,785.0,800.0,775.0,1672,stock
2026-08-17,KMCDB,793.0,770.0,793.0,770.0,310,stock
2026-08-18,KMCDB,761.0,783.0,783.0,761.0,1323,stock
2026-08-19,KMCDB,788.7,785.0,788.9,765.0,2713,stock
2026-08-20,KMCDB,790.0,780.0,797.7,774.0,321,stock
2026-08-21,KMCDB,766.1,774.0,784.0,766.1,2114,stock
2026-08-24,KMCDB,783.3,770.0,783.3,766.6,1976,stock
2026-08-25,KMCDB,770.0,783.0,783.0,761.5,1999,stock
2026-08-26,KMCDB,780.0,778.0,780.0,762.0,2228,stock
2026-08-27,KMCDB,763.0,774.6,775.0,763.0,382,stock
2026-08-31,KMCDB,762.0,767.0,768.0,745.5,2055,stock
2026-09-01,KMCDB,782.0,762.1,782.0,762.0,895,stock
2026-09-02,KMCDB,755.1,763.0,764.0,743.1,1864,stock
2026-09-03,KMCDB,735.0,772.0,875.0,735.0,9805,stock
2026-09-07,KMCDB,740.0,820.0,825.0,740.0,11566,stock
2026-09-09,KMCDB,779.0,799.8,826.3,779.0,5461,stock
2026-09-10,KMCDB,839.7,799.5,839.7,779.5,7675,stock
2026-09-11,KMCDB,809.9,807.0,812.0,775.6,4327,stock
2026-09-14,KMCDB,792.0,810.0,817.0,790.0,5535,stock
2026-09-15,KMCDB,850.0,818.5,850.0,804.0,12542,stock
2026-09-16,KMCDB,777.6,854.0,854.0,777.6,15417,stock
2026-09-17,KMCDB,854.0,867.5,875.0,840.0,16039,stock
2026-09-18,KMCDB,850.0,860.0,869.0,843.6,3837,stock
2026-09-22,KMCDB,836.5,855.0,884.9,821.0,6026,stock
2026-09-23,KMCDB,840.0,810.0,841.0,810.0,2877,stock
2026-09-24,KMCDB,769.5,828.0,838.5,769.5,5475,stock
2026-09-28,KMCDB,815.0,815.0,820.1,815.0,1418,stock
2026-09-29,KMCDB,830.0,814.9,830.0,795.2,2484,stock
2026-09-30,KMCDB,835.0,811.9,835.0,776.0,3733,stock
2026-10-01,KMCDB,811.9,806.0,811.9,792.0,3201,stock
2026-10-02,KMCDB,801.0,799.5,808.0,785.5,2769,stock
2026-10-05,KMCDB,777.1,780.2,798.8,777.1,1029,stock
2026-10-06,KMCDB,819.2,783.0,819.2,777.0,1572,stock
