time,symbol,open,close,high,low,volume,category
2017-11-14,NHDL,267.0,293.0,293.0,267.0,980,stock
2017-11-15,NHDL,298.0,322.0,322.0,298.0,2490,stock
2017-11-16,NHDL,328.0,306.0,328.0,290.0,16351,stock
2017-11-19,NHDL,306.0,278.0,300.0,276.0,5206,stock
2017-11-20,NHDL,275.0,253.0,275.0,251.0,1770,stock
2017-11-21,NHDL,250.0,251.0,252.0,247.0,1680,stock
2017-11-22,NHDL,256.0,254.0,264.0,254.0,580,stock
2017-11-23,NHDL,254.0,252.0,259.0,251.0,420,stock
2017-11-26,NHDL,252.0,265.0,277.0,251.0,1430,stock
2017-11-27,NHDL,260.0,265.0,271.0,254.0,2928,stock
2017-11-28,NHDL,260.0,265.0,265.0,260.0,376,stock
2017-11-29,NHDL,260.0,260.0,270.0,260.0,1820,stock
2017-11-30,NHDL,260.0,261.0,264.0,259.0,2930,stock
2017-12-04,NHDL,261.0,255.0,261.0,252.0,600,stock
2017-12-05,NHDL,252.0,253.0,254.0,251.0,420,stock
2017-12-06,NHDL,250.0,255.0,255.0,249.0,430,stock
2017-12-10,NHDL,251.0,250.0,251.0,250.0,2287,stock
2017-12-11,NHDL,245.0,245.0,249.0,245.0,240,stock
2017-12-12,NHDL,245.0,253.0,253.0,241.0,160,stock
2017-12-13,NHDL,255.0,246.0,255.0,242.0,843,stock
2017-12-14,NHDL,242.0,240.0,242.0,240.0,50,stock
2017-12-17,NHDL,239.0,240.0,242.0,236.0,220,stock
2017-12-18,NHDL,241.0,235.0,241.0,235.0,110,stock
2017-12-19,NHDL,236.0,232.0,236.0,232.0,210,stock
2017-12-20,NHDL,230.0,229.0,232.0,228.0,500,stock
2017-12-21,NHDL,229.0,226.0,229.0,226.0,240,stock
2017-12-24,NHDL,222.0,221.0,227.0,218.0,1195,stock
2017-12-26,NHDL,217.0,215.0,217.0,213.0,1570,stock
2017-12-27,NHDL,211.0,207.0,211.0,203.0,100,stock
2017-12-28,NHDL,203.0,206.0,207.0,203.0,280,stock
2017-12-31,NHDL,206.0,211.0,215.0,200.0,940,stock
2018-01-01,NHDL,211.0,217.0,217.0,211.0,80,stock
2018-01-02,NHDL,213.0,218.0,221.0,213.0,130,stock
2018-01-03,NHDL,214.0,216.0,216.0,214.0,40,stock
2018-01-04,NHDL,212.0,217.0,217.0,212.0,50,stock
2018-01-07,NHDL,220.0,220.0,220.0,216.0,160,stock
2018-01-08,NHDL,220.0,229.0,229.0,220.0,270,stock
2018-01-09,NHDL,229.0,229.0,229.0,227.0,110,stock
2018-01-10,NHDL,225.0,229.0,229.0,221.0,90,stock
2018-01-14,NHDL,230.0,222.0,230.0,222.0,90,stock
2018-01-16,NHDL,218.0,215.0,218.0,215.0,90,stock
2018-01-17,NHDL,215.0,216.0,219.0,213.0,423,stock
2018-01-21,NHDL,212.0,215.0,218.0,212.0,220,stock
2018-01-22,NHDL,211.0,216.0,218.0,211.0,120,stock
2018-01-23,NHDL,212.0,213.0,214.0,212.0,110,stock
2018-01-24,NHDL,217.0,220.0,220.0,214.0,340,stock
2018-01-25,NHDL,220.0,216.0,220.0,216.0,90,stock
2018-01-28,NHDL,212.0,215.0,215.0,212.0,100,stock
2018-01-29,NHDL,213.0,215.0,218.0,213.0,250,stock
2018-01-31,NHDL,213.0,210.0,213.0,208.0,160,stock
2018-02-01,NHDL,206.0,207.0,207.0,206.0,70,stock
2018-02-04,NHDL,207.0,207.0,209.0,207.0,300,stock
2018-02-05,NHDL,206.0,204.0,206.0,204.0,70,stock
2018-02-06,NHDL,204.0,204.0,204.0,204.0,40,stock
2018-02-07,NHDL,204.0,207.0,208.0,204.0,880,stock
2018-02-08,NHDL,203.0,207.0,209.0,202.0,70,stock
2018-02-11,NHDL,208.0,211.0,211.0,208.0,140,stock
2018-02-12,NHDL,208.0,208.0,208.0,208.0,30,stock
2018-02-14,NHDL,208.0,215.0,215.0,200.0,330,stock
2018-02-15,NHDL,216.0,218.0,222.0,216.0,190,stock
2018-02-18,NHDL,218.0,211.0,222.0,211.0,520,stock
2018-02-20,NHDL,210.0,212.0,214.0,210.0,130,stock
2018-02-21,NHDL,208.0,214.0,214.0,208.0,100,stock
2018-02-22,NHDL,210.0,213.0,214.0,210.0,540,stock
2018-02-25,NHDL,210.0,210.0,210.0,203.0,160,stock
2018-02-26,NHDL,213.0,206.0,213.0,205.0,50,stock
2018-02-27,NHDL,206.0,206.0,206.0,206.0,10,stock
2018-02-28,NHDL,202.0,203.0,205.0,202.0,70,stock
2018-03-04,NHDL,199.0,196.0,199.0,196.0,170,stock
2018-03-06,NHDL,199.0,190.0,199.0,187.0,220,stock
2018-03-07,NHDL,187.0,196.0,196.0,184.0,70,stock
2018-03-11,NHDL,196.0,194.0,197.0,194.0,1866,stock
2018-03-12,NHDL,194.0,198.0,198.0,194.0,130,stock
2018-03-13,NHDL,199.0,199.0,199.0,199.0,10,stock
2018-03-14,NHDL,199.0,199.0,199.0,199.0,10,stock
2018-03-15,NHDL,196.0,195.0,196.0,195.0,40,stock
2018-03-18,NHDL,192.0,189.0,196.0,189.0,110,stock
2018-03-19,NHDL,186.0,186.0,187.0,186.0,80,stock
2018-03-20,NHDL,183.0,180.0,184.0,180.0,80,stock
2018-03-21,NHDL,180.0,180.0,180.0,177.0,80,stock
2018-03-22,NHDL,177.0,180.0,180.0,177.0,70,stock
2018-03-26,NHDL,180.0,177.0,180.0,177.0,30,stock
2018-03-27,NHDL,177.0,180.0,180.0,174.0,70,stock
2018-03-28,NHDL,180.0,180.0,180.0,180.0,30,stock
2018-03-29,NHDL,180.0,183.0,183.0,180.0,170,stock
2018-04-01,NHDL,183.0,189.0,192.0,183.0,280,stock
2018-04-02,NHDL,186.0,189.0,189.0,185.0,70,stock
2018-04-03,NHDL,192.0,190.0,192.0,190.0,160,stock
2018-04-04,NHDL,195.0,195.0,195.0,192.0,60,stock
2018-04-05,NHDL,192.0,191.0,196.0,189.0,150,stock
2018-04-08,NHDL,188.0,193.0,193.0,188.0,180,stock
2018-04-09,NHDL,192.0,191.0,198.0,189.0,710,stock
2018-04-10,NHDL,186.0,190.0,190.0,184.0,280,stock
2018-04-11,NHDL,192.0,202.0,202.0,192.0,250,stock
2018-04-12,NHDL,199.0,195.0,200.0,195.0,350,stock
2018-04-15,NHDL,195.0,190.0,192.0,189.0,80,stock
2018-04-16,NHDL,190.0,189.0,191.0,188.0,190,stock
2018-04-17,NHDL,189.0,195.0,199.0,190.0,100,stock
2018-04-18,NHDL,192.0,204.0,208.0,190.0,140,stock
2018-04-19,NHDL,204.0,214.0,214.0,202.0,250,stock
2018-04-22,NHDL,214.0,210.0,218.0,210.0,100,stock
2018-04-23,NHDL,214.0,210.0,215.0,206.0,180,stock
2018-04-24,NHDL,208.0,204.0,208.0,204.0,540,stock
2018-04-25,NHDL,201.0,201.0,205.0,201.0,190,stock
2018-04-26,NHDL,197.0,196.0,197.0,195.0,200,stock
2018-04-29,NHDL,193.0,195.0,195.0,193.0,60,stock
2018-05-02,NHDL,195.0,187.0,192.0,187.0,270,stock
2018-05-03,NHDL,184.0,187.0,190.0,184.0,130,stock
2018-05-06,NHDL,188.0,188.0,191.0,188.0,240,stock
2018-05-07,NHDL,188.0,185.0,188.0,179.0,200,stock
2018-05-08,NHDL,185.0,185.0,186.0,180.0,390,stock
2018-05-09,NHDL,186.0,185.0,186.0,181.0,160,stock
2018-05-10,NHDL,185.0,186.0,187.0,182.0,270,stock
2018-05-14,NHDL,183.0,182.0,184.0,181.0,240,stock
2018-05-15,NHDL,181.0,180.0,181.0,179.0,170,stock
2018-05-16,NHDL,179.0,180.0,180.0,179.0,40,stock
2018-05-17,NHDL,180.0,183.0,183.0,180.0,60,stock
2018-05-20,NHDL,181.0,184.0,184.0,181.0,140,stock
2018-05-21,NHDL,185.0,182.0,185.0,180.0,270,stock
2018-05-22,NHDL,183.0,181.0,183.0,181.0,20,stock
2018-05-23,NHDL,178.0,175.0,179.0,175.0,50,stock
2018-05-24,NHDL,175.0,176.0,179.0,173.0,40,stock
2018-05-27,NHDL,178.0,177.0,178.0,173.0,140,stock
2018-05-28,NHDL,177.0,175.0,177.0,174.0,150,stock
2018-05-29,NHDL,172.0,174.0,175.0,172.0,60,stock
2018-05-30,NHDL,171.0,175.0,175.0,171.0,360,stock
2018-05-31,NHDL,176.0,175.0,176.0,174.0,90,stock
2018-06-03,NHDL,176.0,165.0,176.0,165.0,790,stock
2018-06-04,NHDL,162.0,164.0,166.0,162.0,80,stock
2018-06-06,NHDL,163.0,163.0,163.0,163.0,10,stock
2018-06-07,NHDL,161.0,161.0,162.0,161.0,190,stock
2018-06-10,NHDL,158.0,168.0,168.0,158.0,70,stock
2018-06-11,NHDL,171.0,184.0,184.0,171.0,250,stock
2018-06-12,NHDL,184.0,179.0,184.0,179.0,190,stock
2018-06-13,NHDL,179.0,196.0,196.0,179.0,580,stock
2018-06-14,NHDL,197.0,215.0,215.0,197.0,820,stock
2018-06-17,NHDL,216.0,219.0,219.0,208.0,690,stock
2018-06-18,NHDL,223.0,240.0,240.0,223.0,2080,stock
2018-06-19,NHDL,244.0,244.0,262.0,240.0,2620,stock
2018-06-20,NHDL,248.0,243.0,262.0,237.0,1270,stock
2018-06-21,NHDL,239.0,219.0,239.0,219.0,480,stock
2018-06-24,NHDL,223.0,198.0,223.0,198.0,390,stock
2018-06-25,NHDL,198.0,198.0,201.0,197.0,130,stock
2018-06-26,NHDL,197.0,189.0,197.0,188.0,139,stock
2018-06-27,NHDL,186.0,189.0,192.0,186.0,5190,stock
2018-06-28,NHDL,188.0,185.0,188.0,185.0,70,stock
2018-07-01,NHDL,165.0,166.0,166.0,164.0,70,stock
2018-07-02,NHDL,167.0,165.0,167.0,164.0,110,stock
2018-07-03,NHDL,177.0,171.0,177.0,171.0,90,stock
2018-07-04,NHDL,168.0,177.0,177.0,163.0,1630,stock
2018-07-05,NHDL,177.0,180.0,183.0,177.0,180,stock
2018-07-08,NHDL,183.0,180.0,183.0,180.0,80,stock
2018-07-09,NHDL,177.0,170.0,177.0,166.0,100,stock
2018-07-10,NHDL,171.0,168.0,172.0,168.0,199,stock
2018-07-11,NHDL,166.0,169.0,172.0,166.0,220,stock
2018-07-12,NHDL,168.0,180.0,180.0,168.0,70,stock
2018-07-15,NHDL,180.0,168.0,180.0,168.0,150,stock
2018-07-16,NHDL,171.0,168.0,180.0,168.0,1080,stock
2018-07-17,NHDL,168.0,175.0,176.0,168.0,360,stock
2018-07-18,NHDL,172.0,169.0,172.0,169.0,50,stock
2018-07-19,NHDL,168.0,169.0,172.0,168.0,810,stock
2018-07-22,NHDL,165.0,170.0,170.0,165.0,290,stock
2018-07-24,NHDL,170.0,173.0,174.0,170.0,50,stock
2018-07-25,NHDL,170.0,170.0,171.0,168.0,120,stock
2018-07-26,NHDL,173.0,176.0,176.0,173.0,20,stock
2018-07-29,NHDL,173.0,167.0,173.0,167.0,120,stock
2018-07-30,NHDL,164.0,165.0,168.0,164.0,70,stock
2018-07-31,NHDL,167.0,165.0,168.0,165.0,110,stock
2018-08-01,NHDL,165.0,166.0,166.0,164.0,70,stock
2018-08-02,NHDL,167.0,165.0,167.0,164.0,110,stock
2018-08-05,NHDL,162.0,165.0,165.0,162.0,80,stock
2018-08-06,NHDL,168.0,165.0,168.0,163.0,70,stock
2018-08-07,NHDL,163.0,166.0,167.0,163.0,110,stock
2018-08-08,NHDL,164.0,166.0,166.0,164.0,110,stock
2018-08-09,NHDL,166.0,168.0,169.0,166.0,90,stock
2018-08-12,NHDL,165.0,165.0,165.0,165.0,50,stock
2018-08-13,NHDL,162.0,162.0,162.0,153.0,90,stock
2018-08-14,NHDL,162.0,162.0,163.0,162.0,80,stock
2018-08-15,NHDL,160.0,165.0,165.0,160.0,50,stock
2018-08-16,NHDL,162.0,163.0,164.0,162.0,300,stock
2018-08-19,NHDL,161.0,162.0,162.0,161.0,30,stock
2018-08-20,NHDL,162.0,162.0,162.0,162.0,70,stock
2018-08-21,NHDL,162.0,162.0,163.0,161.0,760,stock
2018-08-22,NHDL,159.0,160.0,160.0,159.0,80,stock
2018-08-23,NHDL,160.0,159.0,162.0,159.0,40,stock
2018-08-26,NHDL,156.0,156.0,156.0,156.0,50,stock
2018-08-28,NHDL,155.0,160.0,160.0,155.0,80,stock
2018-08-29,NHDL,157.0,155.0,157.0,155.0,80,stock
2018-08-30,NHDL,158.0,160.0,160.0,155.0,50,stock
2018-09-02,NHDL,157.0,160.0,160.0,155.0,130,stock
2018-09-03,NHDL,163.0,160.0,163.0,160.0,1770,stock
2018-09-04,NHDL,157.0,158.0,158.0,157.0,40,stock
2018-09-05,NHDL,158.0,160.0,161.0,157.0,60,stock
2018-09-06,NHDL,160.0,160.0,160.0,160.0,50,stock
2018-09-09,NHDL,162.0,158.0,162.0,157.0,90,stock
2018-09-10,NHDL,158.0,159.0,159.0,156.0,140,stock
2018-09-11,NHDL,156.0,151.0,156.0,151.0,30,stock
2018-09-12,NHDL,153.0,155.0,157.0,153.0,150,stock
2018-09-13,NHDL,154.0,155.0,157.0,154.0,80,stock
2018-09-16,NHDL,153.0,156.0,156.0,153.0,80,stock
2018-09-17,NHDL,153.0,153.0,153.0,153.0,20,stock
2018-09-18,NHDL,150.0,152.0,153.0,150.0,160,stock
2018-09-20,NHDL,150.0,150.0,152.0,150.0,150,stock
2018-09-23,NHDL,148.0,151.0,152.0,148.0,120,stock
2018-09-25,NHDL,150.0,152.0,154.0,150.0,90,stock
2018-09-26,NHDL,153.0,150.0,153.0,149.0,360,stock
2018-09-27,NHDL,147.0,149.0,149.0,147.0,120,stock
2018-09-30,NHDL,149.0,148.0,151.0,147.0,420,stock
2018-10-01,NHDL,150.0,149.0,151.0,149.0,160,stock
2018-10-02,NHDL,147.0,147.0,148.0,145.0,150,stock
2018-10-03,NHDL,145.0,139.0,145.0,139.0,170,stock
2018-10-04,NHDL,137.0,141.0,141.0,137.0,140,stock
2018-10-07,NHDL,139.0,137.0,139.0,137.0,30,stock
2018-10-08,NHDL,136.0,136.0,137.0,136.0,70,stock
2018-10-09,NHDL,134.0,135.0,137.0,134.0,60,stock
2018-10-10,NHDL,133.0,138.0,138.0,133.0,380,stock
2018-10-11,NHDL,136.0,136.0,136.0,136.0,40,stock
2018-10-14,NHDL,138.0,136.0,138.0,136.0,120,stock
2018-10-15,NHDL,136.0,136.0,136.0,136.0,200,stock
2018-10-21,NHDL,134.0,134.0,134.0,134.0,50,stock
2018-10-22,NHDL,133.0,132.0,133.0,132.0,140,stock
2018-10-23,NHDL,131.0,132.0,132.0,129.0,140,stock
2018-10-25,NHDL,130.0,128.0,130.0,128.0,20,stock
2018-10-28,NHDL,126.0,125.0,127.0,125.0,630,stock
2018-10-29,NHDL,125.0,119.0,125.0,119.0,80,stock
2018-10-30,NHDL,117.0,129.0,129.0,117.0,880,stock
2018-10-31,NHDL,127.0,126.0,127.0,125.0,50,stock
2018-11-01,NHDL,124.0,124.0,126.0,124.0,90,stock
2018-11-04,NHDL,122.0,122.0,122.0,122.0,50,stock
2018-11-05,NHDL,120.0,122.0,122.0,120.0,20,stock
2018-11-14,NHDL,122.0,120.0,122.0,120.0,40,stock
2018-11-15,NHDL,120.0,121.0,121.0,120.0,70,stock
2018-11-18,NHDL,121.0,123.0,125.0,121.0,180,stock
2018-11-19,NHDL,123.0,123.0,124.0,121.0,110,stock
2018-11-20,NHDL,123.0,125.0,125.0,123.0,100,stock
2018-11-21,NHDL,125.0,124.0,125.0,123.0,110,stock
2018-11-22,NHDL,124.0,127.0,127.0,123.0,120,stock
2018-11-25,NHDL,127.0,134.0,134.0,126.0,550,stock
2018-11-26,NHDL,134.0,140.0,142.0,132.0,360,stock
2018-11-27,NHDL,140.0,149.0,151.0,140.0,1130,stock
2018-11-28,NHDL,149.0,150.0,153.0,147.0,350,stock
2018-11-29,NHDL,150.0,153.0,153.0,150.0,160,stock
2018-12-02,NHDL,153.0,153.0,153.0,153.0,80,stock
2018-12-04,NHDL,153.0,150.0,153.0,148.0,80,stock
2018-12-06,NHDL,149.0,149.0,151.0,147.0,60,stock
2018-12-10,NHDL,149.0,148.0,150.0,148.0,20,stock
2018-12-11,NHDL,148.0,146.0,148.0,146.0,600,stock
2018-12-12,NHDL,146.0,144.0,146.0,144.0,100,stock
2018-12-16,NHDL,144.0,138.0,144.0,136.0,490,stock
2018-12-19,NHDL,138.0,134.0,138.0,132.0,100,stock
2018-12-20,NHDL,134.0,132.0,134.0,132.0,40,stock
2018-12-23,NHDL,132.0,133.0,133.0,130.0,320,stock
2018-12-24,NHDL,133.0,135.0,135.0,131.0,160,stock
2018-12-25,NHDL,135.0,133.0,137.0,133.0,130,stock
2018-12-26,NHDL,133.0,133.0,135.0,133.0,30,stock
2018-12-27,NHDL,133.0,135.0,135.0,133.0,130,stock
2018-12-30,NHDL,135.0,133.0,135.0,131.0,590,stock
2018-12-31,NHDL,133.0,131.0,133.0,131.0,10,stock
2019-01-01,NHDL,131.0,129.0,131.0,128.0,50,stock
2019-01-02,NHDL,129.0,128.0,129.0,127.0,20,stock
2019-01-03,NHDL,128.0,126.0,128.0,126.0,20,stock
2019-01-06,NHDL,126.0,127.0,127.0,125.0,30,stock
2019-01-07,NHDL,127.0,130.0,130.0,125.0,160,stock
2019-01-08,NHDL,130.0,128.0,130.0,127.0,400,stock
2019-01-09,NHDL,128.0,126.0,128.0,126.0,10,stock
2019-01-10,NHDL,126.0,124.0,128.0,124.0,100,stock
2019-01-13,NHDL,124.0,122.0,124.0,122.0,30,stock
2019-01-14,NHDL,122.0,124.0,124.0,122.0,30,stock
2019-01-15,NHDL,124.0,128.0,128.0,124.0,40,stock
2019-01-16,NHDL,128.0,140.0,140.0,128.0,1030,stock
2019-01-17,NHDL,140.0,147.0,149.0,140.0,610,stock
2019-01-21,NHDL,147.0,145.0,147.0,145.0,200,stock
2019-01-22,NHDL,145.0,131.0,145.0,131.0,90,stock
2019-01-23,NHDL,131.0,131.0,131.0,127.0,161,stock
2019-01-24,NHDL,131.0,133.0,133.0,129.0,80,stock
2019-01-27,NHDL,133.0,131.0,134.0,130.0,110,stock
2019-01-28,NHDL,131.0,130.0,131.0,129.0,90,stock
2019-01-29,NHDL,130.0,130.0,130.0,130.0,50,stock
2019-01-30,NHDL,132.0,134.0,134.0,130.0,50,stock
2019-01-31,NHDL,134.0,133.0,134.0,132.0,30,stock
2019-02-03,NHDL,132.0,131.0,133.0,131.0,60,stock
2019-02-04,NHDL,129.0,131.0,131.0,129.0,250,stock
2019-02-05,NHDL,129.0,130.0,132.0,129.0,1100,stock
2019-02-06,NHDL,128.0,131.0,131.0,128.0,1270,stock
2019-02-07,NHDL,130.0,128.0,131.0,127.0,120,stock
2019-02-10,NHDL,126.0,126.0,128.0,126.0,90,stock
2019-02-11,NHDL,124.0,126.0,126.0,124.0,80,stock
2019-02-12,NHDL,125.0,125.0,126.0,125.0,20,stock
2019-02-13,NHDL,124.0,127.0,127.0,124.0,50,stock
2019-02-14,NHDL,125.0,124.0,127.0,124.0,40,stock
2019-02-17,NHDL,123.0,120.0,124.0,120.0,160,stock
2019-02-18,NHDL,120.0,120.0,120.0,118.0,120,stock
2019-02-19,NHDL,118.0,122.0,124.0,118.0,1120,stock
2019-02-20,NHDL,120.0,120.0,122.0,120.0,20,stock
2019-02-21,NHDL,118.0,118.0,120.0,118.0,60,stock
2019-02-24,NHDL,118.0,116.0,118.0,116.0,100,stock
2019-02-25,NHDL,116.0,118.0,118.0,116.0,30,stock
2019-02-26,NHDL,118.0,120.0,121.0,118.0,1660,stock
2019-02-27,NHDL,118.0,122.0,122.0,118.0,229,stock
2019-03-03,NHDL,122.0,122.0,122.0,118.0,140,stock
2019-03-05,NHDL,120.0,120.0,122.0,120.0,10,stock
2019-03-06,NHDL,120.0,120.0,120.0,120.0,10,stock
2019-03-07,NHDL,121.0,123.0,123.0,120.0,50,stock
2019-03-09,NHDL,125.0,125.0,125.0,123.0,20,stock
2019-03-10,NHDL,125.0,125.0,125.0,123.0,20,stock
2019-03-11,NHDL,127.0,131.0,131.0,125.0,340,stock
2019-03-12,NHDL,132.0,139.0,139.0,131.0,510,stock
2019-03-13,NHDL,137.0,137.0,139.0,135.0,50,stock
2019-03-14,NHDL,135.0,131.0,135.0,131.0,30,stock
2019-03-17,NHDL,129.0,129.0,129.0,127.0,70,stock
2019-03-18,NHDL,130.0,126.0,132.0,126.0,370,stock
2019-03-19,NHDL,124.0,124.0,125.0,124.0,40,stock
2019-03-21,NHDL,126.0,125.0,126.0,125.0,360,stock
2019-03-24,NHDL,123.0,123.0,123.0,123.0,90,stock
2019-03-25,NHDL,123.0,127.0,127.0,122.0,110,stock
2019-03-26,NHDL,125.0,125.0,126.0,125.0,130,stock
2019-03-27,NHDL,125.0,127.0,127.0,125.0,180,stock
2019-03-28,NHDL,129.0,128.0,137.0,125.0,1010,stock
2019-03-31,NHDL,126.0,129.0,129.0,126.0,280,stock
2019-04-01,NHDL,127.0,127.0,127.0,125.0,160,stock
2019-04-02,NHDL,125.0,127.0,128.0,125.0,340,stock
2019-04-03,NHDL,125.0,127.0,127.0,125.0,120,stock
2019-04-04,NHDL,126.0,123.0,127.0,123.0,270,stock
2019-04-07,NHDL,124.0,127.0,127.0,124.0,100,stock
2019-04-08,NHDL,127.0,126.0,126.0,125.0,170,stock
2019-04-09,NHDL,124.0,123.0,126.0,123.0,80,stock
2019-04-10,NHDL,123.0,125.0,125.0,123.0,160,stock
2019-04-11,NHDL,125.0,125.0,125.0,123.0,240,stock
2019-04-15,NHDL,123.0,125.0,125.0,123.0,50,stock
2019-04-16,NHDL,123.0,125.0,125.0,123.0,30,stock
2019-04-17,NHDL,125.0,125.0,125.0,123.0,110,stock
2019-04-18,NHDL,125.0,125.0,125.0,125.0,40,stock
2019-04-21,NHDL,123.0,122.0,124.0,122.0,80,stock
2019-04-22,NHDL,121.0,123.0,123.0,121.0,60,stock
2019-04-23,NHDL,121.0,121.0,123.0,121.0,90,stock
2019-04-24,NHDL,121.0,120.0,123.0,120.0,1120,stock
2019-04-25,NHDL,119.0,121.0,122.0,119.0,70,stock
2019-04-28,NHDL,123.0,133.0,133.0,123.0,130,stock
2019-04-29,NHDL,135.0,133.0,135.0,133.0,110,stock
2019-04-30,NHDL,135.0,135.0,135.0,135.0,10,stock
2019-05-02,NHDL,133.0,131.0,133.0,129.0,60,stock
2019-05-06,NHDL,129.0,129.0,129.0,129.0,20,stock
2019-05-07,NHDL,127.0,127.0,127.0,127.0,690,stock
2019-05-08,NHDL,129.0,125.0,131.0,125.0,610,stock
2019-05-09,NHDL,127.0,135.0,137.0,126.0,2630,stock
2019-05-12,NHDL,137.0,146.0,146.0,133.0,2870,stock
2019-05-13,NHDL,146.0,155.0,155.0,144.0,560,stock
2019-05-14,NHDL,158.0,158.0,161.0,158.0,120,stock
2019-05-20,NHDL,155.0,160.0,160.0,155.0,300,stock
2019-05-22,NHDL,157.0,170.0,170.0,144.0,2420,stock
2019-05-23,NHDL,167.0,167.0,167.0,167.0,50,stock
2019-05-30,NHDL,164.0,163.0,164.0,160.0,110,stock
2019-06-11,NHDL,159.0,141.0,159.0,141.0,870,stock
2019-06-12,NHDL,139.0,131.0,139.0,131.0,690,stock
2019-06-13,NHDL,129.0,129.0,134.0,128.0,1040,stock
2019-06-16,NHDL,128.0,132.0,132.0,128.0,320,stock
2019-06-17,NHDL,134.0,136.0,136.0,134.0,30,stock
2019-06-18,NHDL,134.0,129.0,134.0,129.0,320,stock
2019-06-19,NHDL,127.0,125.0,127.0,125.0,80,stock
2019-06-20,NHDL,124.0,129.0,130.0,124.0,450,stock
2019-06-23,NHDL,127.0,127.0,129.0,126.0,170,stock
2019-06-24,NHDL,125.0,126.0,126.0,125.0,90,stock
2019-06-25,NHDL,124.0,125.0,126.0,124.0,70,stock
2019-06-26,NHDL,125.0,129.0,129.0,124.0,130,stock
2019-06-27,NHDL,129.0,125.0,129.0,125.0,110,stock
2019-06-30,NHDL,126.0,123.0,126.0,123.0,90,stock
2019-07-01,NHDL,122.0,120.0,123.0,120.0,150,stock
2019-07-02,NHDL,122.0,123.0,123.0,122.0,30,stock
2019-07-03,NHDL,124.0,124.0,125.0,124.0,80,stock
2019-07-04,NHDL,122.0,122.0,122.0,122.0,10,stock
2019-07-07,NHDL,120.0,121.0,121.0,120.0,80,stock
2019-07-08,NHDL,121.0,121.0,121.0,121.0,30,stock
2019-07-09,NHDL,120.0,121.0,122.0,120.0,120,stock
2019-07-10,NHDL,122.0,126.0,126.0,122.0,150,stock
2019-07-11,NHDL,124.0,123.0,126.0,123.0,110,stock
2019-07-14,NHDL,121.0,120.0,121.0,120.0,60,stock
2019-07-15,NHDL,122.0,122.0,123.0,121.0,560,stock
2019-07-16,NHDL,120.0,121.0,122.0,120.0,120,stock
2019-07-17,NHDL,119.0,119.0,121.0,119.0,120,stock
2019-07-18,NHDL,121.0,130.0,130.0,121.0,160,stock
2019-07-21,NHDL,128.0,128.0,128.0,128.0,200,stock
2019-07-22,NHDL,126.0,123.0,126.0,123.0,350,stock
2019-07-23,NHDL,122.0,123.0,123.0,122.0,30,stock
2019-07-24,NHDL,125.0,122.0,125.0,122.0,1050,stock
2019-07-25,NHDL,124.0,124.0,124.0,124.0,10,stock
2019-07-28,NHDL,122.0,121.0,122.0,120.0,80,stock
2019-07-29,NHDL,120.0,121.0,122.0,120.0,110,stock
2019-07-30,NHDL,120.0,121.0,124.0,120.0,650,stock
2019-07-31,NHDL,120.0,121.0,122.0,120.0,90,stock
2019-08-01,NHDL,121.0,121.0,121.0,121.0,173,stock
2019-08-04,NHDL,123.0,120.0,123.0,120.0,40,stock
2019-08-05,NHDL,118.0,117.0,118.0,116.0,350,stock
2019-08-06,NHDL,116.0,117.0,117.0,116.0,30,stock
2019-08-07,NHDL,115.0,116.0,116.0,115.0,30,stock
2019-08-08,NHDL,114.0,115.0,115.0,114.0,90,stock
2019-08-11,NHDL,115.0,115.0,115.0,115.0,80,stock
2019-08-12,NHDL,114.0,117.0,117.0,114.0,180,stock
2019-08-13,NHDL,116.0,117.0,117.0,116.0,140,stock
2019-08-14,NHDL,116.0,116.0,116.0,116.0,70,stock
2019-08-15,NHDL,116.0,116.0,116.0,116.0,20,stock
2019-08-18,NHDL,114.0,115.0,115.0,114.0,70,stock
2019-08-19,NHDL,114.0,116.0,116.0,114.0,60,stock
2019-08-20,NHDL,114.0,115.0,115.0,114.0,110,stock
2019-08-21,NHDL,113.0,113.0,113.0,113.0,90,stock
2019-08-22,NHDL,113.0,112.0,113.0,112.0,70,stock
2019-08-25,NHDL,111.0,112.0,112.0,111.0,30,stock
2019-08-26,NHDL,112.0,112.0,113.0,111.0,180,stock
2019-08-27,NHDL,111.0,112.0,112.0,111.0,80,stock
2019-08-28,NHDL,110.0,113.0,113.0,110.0,660,stock
2019-08-29,NHDL,113.0,110.0,113.0,110.0,70,stock
2019-09-01,NHDL,108.0,110.0,110.0,108.0,1020,stock
2019-09-02,NHDL,108.0,106.0,108.0,105.0,40,stock
2019-09-03,NHDL,105.0,105.0,105.0,105.0,20,stock
2019-09-04,NHDL,103.0,103.0,105.0,103.0,90,stock
2019-09-05,NHDL,103.0,105.0,105.0,103.0,70,stock
2019-09-08,NHDL,103.0,103.0,103.0,103.0,60,stock
2019-09-09,NHDL,101.0,98.0,103.0,98.0,2380,stock
2019-09-10,NHDL,98.0,98.0,99.0,98.0,40,stock
2019-09-11,NHDL,97.0,95.0,97.0,95.0,1090,stock
2019-09-12,NHDL,94.0,94.0,94.0,94.0,10,stock
2019-09-15,NHDL,93.0,92.0,93.0,92.0,100,stock
2019-09-16,NHDL,91.0,91.0,91.0,91.0,40,stock
2019-09-17,NHDL,91.0,93.0,93.0,91.0,60,stock
2019-09-18,NHDL,94.0,94.0,94.0,94.0,10,stock
2019-09-19,NHDL,93.0,95.0,96.0,93.0,80,stock
2019-09-22,NHDL,94.0,94.0,94.0,93.0,360,stock
2019-09-23,NHDL,93.0,93.0,93.0,93.0,10,stock
2019-09-24,NHDL,92.0,92.0,92.0,92.0,30,stock
2019-09-26,NHDL,92.0,91.0,93.0,91.0,60,stock
2019-09-29,NHDL,92.0,92.0,92.0,92.0,10,stock
2019-09-30,NHDL,91.0,91.0,91.0,91.0,10,stock
2019-10-01,NHDL,91.0,94.0,94.0,91.0,70,stock
2019-10-02,NHDL,95.0,100.0,100.0,95.0,320,stock
2019-10-03,NHDL,98.0,96.0,98.0,96.0,60,stock
2019-10-10,NHDL,96.0,94.0,96.0,94.0,70,stock
2019-10-15,NHDL,95.0,96.0,96.0,95.0,510,stock
2019-10-16,NHDL,97.0,98.0,98.0,96.0,160,stock
2019-10-17,NHDL,97.0,96.0,98.0,96.0,340,stock
2019-10-22,NHDL,96.0,95.0,96.0,95.0,140,stock
2019-10-23,NHDL,96.0,96.0,96.0,96.0,30,stock
2019-10-24,NHDL,96.0,96.0,96.0,96.0,10,stock
2019-10-31,NHDL,97.0,95.0,97.0,95.0,460,stock
2019-11-03,NHDL,96.0,96.0,97.0,96.0,50,stock
2019-11-04,NHDL,97.0,96.0,97.0,96.0,40,stock
2019-11-05,NHDL,97.0,96.0,97.0,96.0,50,stock
2019-11-06,NHDL,96.0,96.0,96.0,96.0,10,stock
2019-11-07,NHDL,96.0,96.0,97.0,96.0,50,stock
2019-11-10,NHDL,96.0,96.0,96.0,96.0,20,stock
2019-11-11,NHDL,96.0,95.0,96.0,95.0,40,stock
2019-11-12,NHDL,95.0,96.0,97.0,95.0,410,stock
2019-11-13,NHDL,95.0,97.0,97.0,95.0,40,stock
2019-11-14,NHDL,97.0,94.0,96.0,94.0,30,stock
2019-11-17,NHDL,94.0,96.0,97.0,94.0,560,stock
2019-11-19,NHDL,97.0,105.0,105.0,97.0,100,stock
2019-11-20,NHDL,107.0,101.0,113.0,101.0,1630,stock
2019-11-21,NHDL,100.0,111.0,111.0,100.0,2460,stock
2019-11-24,NHDL,109.0,109.0,111.0,109.0,290,stock
2019-11-25,NHDL,110.0,108.0,110.0,106.0,660,stock
2019-11-26,NHDL,106.0,106.0,106.0,106.0,100,stock
2019-11-27,NHDL,105.0,108.0,108.0,105.0,80,stock
2019-11-28,NHDL,106.0,104.0,106.0,104.0,230,stock
2019-12-01,NHDL,102.0,106.0,106.0,102.0,70,stock
2019-12-02,NHDL,107.0,110.0,110.0,107.0,550,stock
2019-12-03,NHDL,110.0,110.0,110.0,109.0,80,stock
2019-12-04,NHDL,111.0,110.0,111.0,109.0,880,stock
2019-12-05,NHDL,110.0,109.0,111.0,108.0,410,stock
2019-12-08,NHDL,108.0,109.0,109.0,108.0,20,stock
2019-12-09,NHDL,108.0,109.0,109.0,108.0,60,stock
2019-12-10,NHDL,108.0,108.0,108.0,108.0,200,stock
2019-12-11,NHDL,108.0,108.0,110.0,108.0,130,stock
2019-12-12,NHDL,108.0,109.0,110.0,108.0,110,stock
2019-12-15,NHDL,108.0,114.0,119.0,108.0,1450,stock
2019-12-16,NHDL,116.0,111.0,116.0,111.0,430,stock
2019-12-17,NHDL,109.0,112.0,112.0,107.0,80,stock
2019-12-18,NHDL,110.0,116.0,116.0,110.0,340,stock
2019-12-19,NHDL,117.0,116.0,117.0,115.0,5504,stock
2019-12-22,NHDL,114.0,114.0,114.0,112.0,1040,stock
2019-12-23,NHDL,114.0,122.0,122.0,114.0,250,stock
2019-12-24,NHDL,120.0,117.0,120.0,116.0,550,stock
2019-12-25,NHDL,115.0,113.0,115.0,113.0,70,stock
2019-12-26,NHDL,111.0,112.0,113.0,111.0,50,stock
2019-12-29,NHDL,114.0,112.0,114.0,111.0,80,stock
2019-12-30,NHDL,111.0,111.0,111.0,111.0,20,stock
2019-12-31,NHDL,112.0,113.0,114.0,112.0,210,stock
2020-01-01,NHDL,112.0,112.0,112.0,112.0,30,stock
2020-01-02,NHDL,112.0,112.0,112.0,112.0,30,stock
2020-01-05,NHDL,112.0,110.0,112.0,109.0,1380,stock
2020-01-06,NHDL,112.0,112.0,112.0,110.0,90,stock
2020-01-07,NHDL,112.0,114.0,114.0,111.0,90,stock
2020-01-08,NHDL,116.0,116.0,116.0,116.0,150,stock
2020-01-09,NHDL,114.0,116.0,116.0,113.0,760,stock
2020-01-12,NHDL,118.0,123.0,123.0,116.0,320,stock
2020-01-13,NHDL,125.0,122.0,126.0,117.0,1890,stock
2020-01-14,NHDL,120.0,118.0,120.0,118.0,1270,stock
2020-01-15,NHDL,116.0,119.0,122.0,116.0,500,stock
2020-01-16,NHDL,120.0,121.0,123.0,120.0,550,stock
2020-01-19,NHDL,123.0,127.0,127.0,121.0,2090,stock
2020-01-20,NHDL,126.0,126.0,128.0,126.0,210,stock
2020-01-21,NHDL,123.0,130.0,130.0,123.0,640,stock
2020-01-22,NHDL,128.0,125.0,128.0,122.0,780,stock
2020-01-23,NHDL,123.0,126.0,126.0,123.0,320,stock
2020-01-26,NHDL,124.0,125.0,129.0,122.0,1070,stock
2020-01-27,NHDL,125.0,129.0,130.0,123.0,70,stock
2020-01-28,NHDL,131.0,131.0,131.0,131.0,10,stock
2020-01-29,NHDL,129.0,125.0,129.0,123.0,100,stock
2020-01-30,NHDL,123.0,123.0,123.0,121.0,640,stock
2020-02-02,NHDL,121.0,122.0,124.0,121.0,730,stock
2020-02-03,NHDL,121.0,125.0,133.0,121.0,490,stock
2020-02-04,NHDL,123.0,133.0,133.0,123.0,270,stock
2020-02-05,NHDL,135.0,125.0,135.0,125.0,1930,stock
2020-02-06,NHDL,123.0,124.0,125.0,123.0,260,stock
2020-02-09,NHDL,122.0,121.0,124.0,120.0,2430,stock
2020-02-10,NHDL,119.0,120.0,120.0,119.0,200,stock
2020-02-11,NHDL,118.0,129.0,129.0,118.0,230,stock
2020-02-12,NHDL,127.0,137.0,141.0,127.0,1270,stock
2020-02-13,NHDL,139.0,130.0,145.0,126.0,3085,stock
2020-02-16,NHDL,128.0,142.0,142.0,126.0,301,stock
2020-02-17,NHDL,140.0,134.0,142.0,130.0,7977,stock
2020-02-18,NHDL,132.0,136.0,143.0,132.0,570,stock
2020-02-19,NHDL,134.0,141.0,142.0,134.0,1650,stock
2020-02-20,NHDL,141.0,144.0,145.0,135.0,2935,stock
2020-02-23,NHDL,146.0,144.0,148.0,142.0,2350,stock
2020-02-24,NHDL,144.0,153.0,153.0,142.0,3792,stock
2020-02-25,NHDL,150.0,165.0,165.0,147.0,2740,stock
2020-02-26,NHDL,162.0,170.0,171.0,156.0,4620,stock
2020-02-27,NHDL,173.0,170.0,176.0,164.0,2405,stock
2020-03-01,NHDL,170.0,161.0,172.0,161.0,1960,stock
2020-03-02,NHDL,158.0,151.0,158.0,149.0,60,stock
2020-03-03,NHDL,151.0,165.0,165.0,148.0,320,stock
2020-03-05,NHDL,162.0,149.0,162.0,149.0,670,stock
2020-03-10,NHDL,147.0,145.0,147.0,145.0,50,stock
2020-03-11,NHDL,143.0,144.0,145.0,143.0,432,stock
2020-03-12,NHDL,142.0,137.0,142.0,137.0,649,stock
2020-03-15,NHDL,135.0,137.0,139.0,132.0,363,stock
2020-03-16,NHDL,136.0,135.0,136.0,135.0,200,stock
2020-03-17,NHDL,133.0,127.0,133.0,127.0,50,stock
2020-03-18,NHDL,126.0,125.0,126.0,125.0,871,stock
2020-03-19,NHDL,123.0,117.0,123.0,117.0,590,stock
2020-05-13,NHDL,115.0,115.0,115.0,115.0,100,stock
2020-06-29,NHDL,113.0,113.0,113.0,113.0,50,stock
2020-06-30,NHDL,113.0,115.0,115.0,113.0,30,stock
2020-07-02,NHDL,113.0,113.0,113.0,113.0,210,stock
2020-07-05,NHDL,112.0,115.0,115.0,112.0,80,stock
2020-07-06,NHDL,115.0,113.0,117.0,113.0,747,stock
2020-07-07,NHDL,115.0,116.0,116.0,111.0,1160,stock
2020-07-08,NHDL,114.0,113.0,116.0,113.0,1861,stock
2020-07-09,NHDL,112.0,115.0,117.0,112.0,110,stock
2020-07-12,NHDL,114.0,117.0,117.0,114.0,110,stock
2020-07-13,NHDL,117.0,117.0,117.0,117.0,150,stock
2020-07-14,NHDL,115.0,118.0,118.0,115.0,190,stock
2020-07-15,NHDL,118.0,122.0,122.0,118.0,205,stock
2020-07-16,NHDL,120.0,125.0,125.0,120.0,140,stock
2020-07-20,NHDL,127.0,128.0,129.0,127.0,867,stock
2020-07-21,NHDL,126.0,135.0,135.0,126.0,540,stock
2020-07-22,NHDL,135.0,130.0,135.0,129.0,170,stock
2020-07-23,NHDL,128.0,127.0,130.0,127.0,712,stock
2020-07-26,NHDL,126.0,131.0,131.0,126.0,802,stock
2020-07-27,NHDL,129.0,131.0,132.0,129.0,230,stock
2020-07-28,NHDL,131.0,129.0,133.0,128.0,440,stock
2020-07-29,NHDL,127.0,129.0,130.0,127.0,240,stock
2020-07-30,NHDL,127.0,133.0,133.0,127.0,330,stock
2020-08-02,NHDL,134.0,130.0,134.0,129.0,1257,stock
2020-08-03,NHDL,129.0,132.0,133.0,129.0,662,stock
2020-08-05,NHDL,130.0,132.0,132.0,127.0,1950,stock
2020-08-06,NHDL,130.0,130.0,131.0,130.0,560,stock
2020-08-09,NHDL,130.0,128.0,132.0,128.0,220,stock
2020-08-10,NHDL,128.0,130.0,132.0,128.0,470,stock
2020-08-11,NHDL,128.0,130.0,130.0,128.0,2390,stock
2020-08-12,NHDL,128.0,128.0,129.0,126.0,380,stock
2020-08-13,NHDL,126.0,129.0,130.0,126.0,891,stock
2020-08-16,NHDL,127.0,128.0,130.0,123.0,672,stock
2020-08-17,NHDL,126.0,130.0,130.0,126.0,240,stock
2020-08-18,NHDL,128.0,128.0,132.0,128.0,320,stock
2020-08-19,NHDL,126.0,128.0,129.0,126.0,210,stock
2020-08-20,NHDL,126.0,129.0,130.0,126.0,80,stock
2020-08-23,NHDL,128.0,128.0,128.0,128.0,80,stock
2020-08-24,NHDL,127.0,130.0,134.0,127.0,1440,stock
2020-08-25,NHDL,128.0,135.0,135.0,128.0,320,stock
2020-08-26,NHDL,133.0,133.0,134.0,133.0,790,stock
2020-08-27,NHDL,131.0,132.0,133.0,131.0,270,stock
2020-08-30,NHDL,132.0,131.0,132.0,128.0,160,stock
2020-08-31,NHDL,129.0,138.0,140.0,129.0,350,stock
2020-09-02,NHDL,140.0,151.0,151.0,140.0,2120,stock
2020-09-03,NHDL,154.0,150.0,160.0,150.0,8889,stock
2020-09-06,NHDL,153.0,160.0,161.0,151.0,2385,stock
2020-09-07,NHDL,157.0,164.0,170.0,154.0,2307,stock
2020-09-08,NHDL,161.0,162.0,165.0,154.0,1770,stock
2020-09-09,NHDL,165.0,162.0,165.0,162.0,2000,stock
2020-09-10,NHDL,159.0,160.0,160.0,159.0,260,stock
2020-09-13,NHDL,157.0,172.0,172.0,156.0,2030,stock
2020-09-14,NHDL,169.0,170.0,178.0,169.0,1562,stock
2020-09-15,NHDL,167.0,183.0,183.0,162.0,3860,stock
2020-09-16,NHDL,180.0,199.0,199.0,173.0,1376,stock
2020-09-17,NHDL,197.0,218.0,218.0,197.0,6185,stock
2020-09-20,NHDL,214.0,202.0,214.0,202.0,922,stock
2020-09-21,NHDL,198.0,202.0,206.0,189.0,4447,stock
2020-09-22,NHDL,198.0,192.0,200.0,190.0,3915,stock
2020-09-23,NHDL,189.0,195.0,195.0,182.0,1874,stock
2020-09-24,NHDL,192.0,210.0,214.0,192.0,3946,stock
2020-09-27,NHDL,214.0,218.0,223.0,210.0,8930,stock
2020-09-28,NHDL,214.0,214.0,214.0,206.0,680,stock
2020-09-29,NHDL,210.0,220.0,220.0,210.0,5689,stock
2020-09-30,NHDL,224.0,216.0,228.0,216.0,6560,stock
2020-10-01,NHDL,212.0,210.0,213.0,208.0,5000,stock
2020-10-04,NHDL,206.0,206.0,207.0,195.0,1260,stock
2020-10-05,NHDL,202.0,211.0,215.0,202.0,870,stock
2020-10-06,NHDL,211.0,225.0,228.0,211.0,7114,stock
2020-10-07,NHDL,222.0,247.0,247.0,222.0,15474,stock
2020-10-08,NHDL,251.0,242.0,251.0,223.0,4180,stock
2020-10-11,NHDL,238.0,238.0,241.0,229.0,7883,stock
2020-10-12,NHDL,234.0,238.0,246.0,227.0,3380,stock
2020-10-13,NHDL,234.0,230.0,242.0,230.0,8070,stock
2020-10-14,NHDL,226.0,242.0,246.0,221.0,1781,stock
2020-10-15,NHDL,238.0,231.0,238.0,230.0,2100,stock
2020-10-20,NHDL,229.0,245.0,251.0,229.0,2574,stock
2020-10-21,NHDL,241.0,256.0,258.0,241.0,7173,stock
2020-10-22,NHDL,251.0,249.0,258.0,246.0,5900,stock
2020-10-28,NHDL,248.0,253.0,253.0,248.0,4881,stock
2020-10-29,NHDL,248.0,258.0,258.0,245.0,2240,stock
2020-11-01,NHDL,253.0,251.0,260.0,251.0,1692,stock
2020-11-02,NHDL,246.0,247.0,249.0,246.0,340,stock
2020-11-03,NHDL,245.0,248.0,255.0,243.0,3524,stock
2020-11-04,NHDL,248.0,250.0,253.0,248.0,1193,stock
2020-11-05,NHDL,247.0,250.0,255.0,247.0,1243,stock
2020-11-08,NHDL,255.0,260.0,260.0,250.0,6912,stock
2020-11-09,NHDL,256.0,257.0,265.0,255.0,2564,stock
2020-11-10,NHDL,253.0,252.0,253.0,252.0,890,stock
2020-11-11,NHDL,250.0,257.0,257.0,247.0,790,stock
2020-11-12,NHDL,252.0,253.0,253.0,247.0,920,stock
2020-11-18,NHDL,248.0,239.0,248.0,239.0,2930,stock
2020-11-19,NHDL,235.0,242.0,248.0,235.0,11120,stock
2020-11-22,NHDL,238.0,237.0,246.0,233.0,6995,stock
2020-11-23,NHDL,238.0,236.0,244.0,235.0,2608,stock
2020-11-24,NHDL,232.0,241.0,246.0,232.0,2633,stock
2020-11-25,NHDL,240.0,242.0,244.0,240.0,300,stock
2020-11-26,NHDL,243.0,241.0,246.0,236.0,4035,stock
2020-11-29,NHDL,240.0,240.0,243.0,238.0,670,stock
2020-11-30,NHDL,237.0,246.0,247.0,236.0,1305,stock
2020-12-01,NHDL,243.0,237.0,247.0,236.0,1890,stock
2020-12-02,NHDL,233.0,243.0,247.0,233.0,860,stock
2020-12-03,NHDL,242.0,241.0,247.0,240.0,1311,stock
2020-12-06,NHDL,237.0,236.0,237.0,227.0,820,stock
2020-12-07,NHDL,232.0,237.0,240.0,230.0,2112,stock
2020-12-08,NHDL,233.0,238.0,245.0,233.0,640,stock
2020-12-09,NHDL,242.0,243.0,254.0,238.0,5850,stock
2020-12-10,NHDL,240.0,241.0,241.0,238.0,2522,stock
2020-12-14,NHDL,237.0,237.0,237.0,229.0,660,stock
2020-12-15,NHDL,235.0,228.0,240.0,228.0,2800,stock
2020-12-16,NHDL,228.0,233.0,248.0,228.0,948,stock
2020-12-17,NHDL,229.0,233.0,237.0,227.0,513,stock
2020-12-20,NHDL,233.0,237.0,237.0,231.0,1330,stock
2020-12-21,NHDL,233.0,224.0,233.0,224.0,2561,stock
2020-12-22,NHDL,224.0,232.0,240.0,224.0,2135,stock
2020-12-23,NHDL,230.0,230.0,243.0,226.0,2260,stock
2020-12-24,NHDL,226.0,237.0,237.0,222.0,2981,stock
2020-12-27,NHDL,233.0,226.0,237.0,222.0,340,stock
2020-12-28,NHDL,222.0,223.0,231.0,220.0,1300,stock
2020-12-29,NHDL,219.0,223.0,228.0,219.0,300,stock
2020-12-30,NHDL,219.0,223.0,227.0,219.0,640,stock
2020-12-31,NHDL,219.0,227.0,227.0,218.0,603,stock
2021-01-03,NHDL,231.0,234.0,235.0,227.0,559,stock
2021-01-04,NHDL,230.0,230.0,230.0,220.0,90,stock
2021-01-05,NHDL,226.0,238.0,238.0,222.0,762,stock
2021-01-06,NHDL,234.0,228.0,234.0,223.0,2802,stock
2021-01-07,NHDL,224.0,238.0,238.0,224.0,440,stock
2021-01-11,NHDL,240.0,238.0,242.0,238.0,300,stock
2021-01-12,NHDL,234.0,229.0,234.0,226.0,1460,stock
2021-01-13,NHDL,225.0,226.0,229.0,225.0,2120,stock
2021-01-17,NHDL,226.0,227.0,234.0,225.0,1285,stock
2021-01-18,NHDL,225.0,228.0,231.0,225.0,2330,stock
2021-01-19,NHDL,232.0,236.0,239.0,225.0,1872,stock
2021-01-20,NHDL,239.0,259.0,259.0,239.0,8263,stock
2021-01-21,NHDL,271.0,248.0,271.0,245.0,17200,stock
2021-01-24,NHDL,248.0,247.0,252.0,247.0,3112,stock
2021-01-25,NHDL,245.0,243.0,247.0,243.0,3146,stock
2021-01-26,NHDL,240.0,246.0,248.0,238.0,1095,stock
2021-01-27,NHDL,244.0,252.0,257.0,244.0,1220,stock
2021-01-28,NHDL,255.0,245.0,255.0,243.0,1540,stock
2021-01-31,NHDL,245.0,245.0,250.0,245.0,6105,stock
2021-02-01,NHDL,245.0,248.0,248.0,245.0,1041,stock
2021-02-02,NHDL,245.0,247.0,251.0,245.0,1310,stock
2021-02-03,NHDL,246.0,248.0,252.0,246.0,1800,stock
2021-02-04,NHDL,245.0,254.0,256.0,244.0,3517,stock
2021-02-07,NHDL,252.0,259.0,265.0,252.0,3797,stock
2021-02-08,NHDL,247.0,255.0,265.0,247.0,8400,stock
2021-02-15,NHDL,251.0,260.0,260.0,250.0,1662,stock
2021-02-16,NHDL,255.0,251.0,255.0,245.0,2020,stock
2021-02-17,NHDL,246.0,250.0,256.0,246.0,3514,stock
2021-02-18,NHDL,250.0,275.0,275.0,250.0,7186,stock
2021-02-21,NHDL,265.0,302.0,302.0,265.0,9039,stock
2021-02-22,NHDL,317.0,332.0,332.0,317.0,14710,stock
2021-02-23,NHDL,348.0,321.0,361.0,299.0,19185,stock
2021-02-24,NHDL,327.0,315.0,339.0,298.0,3386,stock
2021-02-25,NHDL,310.0,310.0,333.0,303.0,5130,stock
2021-02-28,NHDL,304.0,291.0,313.0,291.0,6083,stock
2021-03-01,NHDL,296.0,301.0,307.0,295.0,3497,stock
2021-03-02,NHDL,306.0,279.0,306.0,277.0,4948,stock
2021-03-03,NHDL,279.0,286.0,286.0,268.0,3007,stock
2021-03-04,NHDL,286.0,295.0,306.0,283.0,880,stock
2021-03-09,NHDL,340.0,356.0,356.0,340.0,7634,stock
2021-03-10,NHDL,373.0,390.0,391.0,373.0,36340,stock
2021-03-14,NHDL,409.0,359.0,409.0,354.0,25157,stock
2021-03-15,NHDL,360.0,374.0,381.0,352.0,48265,stock
2021-03-16,NHDL,330.0,314.0,330.0,314.0,7424,stock
2021-03-17,NHDL,320.0,311.0,320.0,308.0,2236,stock
2021-03-18,NHDL,305.0,307.0,316.0,292.0,5337,stock
2021-03-21,NHDL,312.0,308.0,318.0,295.0,3139,stock
2021-03-22,NHDL,310.0,304.0,315.0,296.0,2590,stock
2021-03-23,NHDL,300.0,308.0,316.0,295.0,3800,stock
2021-03-24,NHDL,314.0,304.0,314.0,301.0,4925,stock
2021-03-25,NHDL,298.0,305.0,318.0,298.0,3433,stock
2021-03-29,NHDL,299.0,306.0,317.0,294.0,4415,stock
2021-03-30,NHDL,306.0,303.0,308.0,299.0,2805,stock
2021-03-31,NHDL,298.0,302.0,308.0,297.0,2370,stock
2021-04-01,NHDL,296.0,305.0,315.0,296.0,4177,stock
2021-04-04,NHDL,302.0,324.0,335.0,302.0,13471,stock
2021-04-05,NHDL,324.0,319.0,325.0,314.0,2583,stock
2021-04-06,NHDL,315.0,324.0,331.0,310.0,3982,stock
2021-04-07,NHDL,322.0,314.0,323.0,310.0,3921,stock
2021-04-08,NHDL,315.0,317.0,322.0,310.0,1740,stock
2021-04-12,NHDL,317.0,320.0,326.0,311.0,4187,stock
2021-04-13,NHDL,314.0,325.0,329.0,314.0,6499,stock
2021-04-15,NHDL,331.0,321.0,337.0,320.0,1965,stock
2021-04-18,NHDL,326.0,350.0,353.0,326.0,34696,stock
2021-04-19,NHDL,362.0,358.0,367.0,351.0,11432,stock
2021-04-20,NHDL,358.0,370.0,381.0,345.0,7389,stock
2021-04-21,NHDL,370.0,358.0,370.0,351.0,5686,stock
2021-04-22,NHDL,351.0,350.0,355.0,345.0,3443,stock
2021-04-25,NHDL,344.0,335.0,345.0,329.0,5636,stock
2021-04-26,NHDL,329.0,314.0,330.0,314.0,4990,stock
2021-04-27,NHDL,313.0,331.0,336.0,309.0,5227,stock
2021-04-28,NHDL,330.0,348.0,350.0,326.0,2976,stock
2021-04-29,NHDL,342.0,340.0,354.0,336.0,4133,stock
2021-05-02,NHDL,340.0,336.0,346.0,336.0,2648,stock
2021-05-03,NHDL,337.0,337.0,354.0,336.0,8538,stock
2021-05-04,NHDL,340.0,359.0,370.0,337.0,10215,stock
2021-05-05,NHDL,363.0,368.0,387.0,359.0,8188,stock
2021-05-06,NHDL,386.0,364.0,386.0,352.0,8298,stock
2021-05-09,NHDL,382.0,351.0,382.0,345.0,5173,stock
2021-05-10,NHDL,345.0,353.0,358.0,344.0,3355,stock
2021-05-11,NHDL,360.0,355.0,360.0,353.0,1246,stock
2021-05-12,NHDL,355.0,364.0,370.0,350.0,4243,stock
2021-05-13,NHDL,361.0,373.0,386.0,360.0,5957,stock
2021-05-16,NHDL,370.0,366.0,375.0,363.0,8337,stock
2021-05-17,NHDL,373.0,383.0,385.0,368.0,20713,stock
2021-05-18,NHDL,382.0,421.0,421.0,382.0,20384,stock
2021-05-19,NHDL,421.0,397.0,421.0,390.0,20742,stock
2021-05-20,NHDL,390.0,385.0,392.0,377.0,9625,stock
2021-05-23,NHDL,378.0,410.0,423.0,378.0,17210,stock
2021-05-24,NHDL,415.0,397.0,415.0,397.0,6920,stock
2021-05-25,NHDL,392.0,420.0,427.0,392.0,20295,stock
2021-05-27,NHDL,441.0,462.0,462.0,432.0,48134,stock
2021-05-30,NHDL,485.0,493.0,508.0,485.0,40762,stock
2021-05-31,NHDL,517.0,450.0,517.0,450.0,27261,stock
2021-06-01,NHDL,450.0,452.0,488.0,426.0,12691,stock
2021-06-02,NHDL,452.0,470.0,478.0,450.0,9211,stock
2021-06-03,NHDL,478.0,460.0,479.0,452.0,11251,stock
2021-06-06,NHDL,437.0,450.0,495.0,437.0,4421,stock
2021-06-07,NHDL,459.0,460.0,466.0,447.0,5428,stock
2021-06-08,NHDL,469.0,462.0,478.0,460.0,12300,stock
2021-06-09,NHDL,463.0,471.0,479.0,455.0,12686,stock
2021-06-10,NHDL,448.0,486.0,499.0,448.0,25987,stock
2021-06-13,NHDL,485.0,530.0,534.0,485.0,49702,stock
2021-06-14,NHDL,534.0,514.0,534.0,505.0,31317,stock
2021-06-15,NHDL,514.0,481.0,514.0,480.0,19290,stock
2021-06-16,NHDL,460.0,445.0,490.0,433.0,17248,stock
2021-06-17,NHDL,450.0,460.0,472.0,418.0,13904,stock
2021-06-20,NHDL,452.0,420.0,460.0,420.0,6730,stock
2021-06-21,NHDL,415.0,413.0,440.0,403.0,14622,stock
2021-06-22,NHDL,421.0,453.0,454.0,402.0,8063,stock
2021-06-23,NHDL,460.0,430.0,470.0,430.0,8490,stock
2021-06-24,NHDL,430.0,440.0,455.0,430.0,10259,stock
2021-06-27,NHDL,435.0,453.0,460.0,435.0,4572,stock
2021-06-28,NHDL,444.0,440.0,456.0,434.0,2160,stock
2021-06-29,NHDL,432.0,423.0,440.0,417.0,3359,stock
2021-06-30,NHDL,415.0,415.0,423.0,408.0,2026,stock
2021-07-01,NHDL,422.0,421.0,434.0,418.0,4202,stock
2021-07-04,NHDL,429.0,422.0,438.0,418.0,699,stock
2021-07-05,NHDL,414.0,410.0,419.0,406.0,4139,stock
2021-07-06,NHDL,411.0,412.0,419.0,403.0,1576,stock
2021-07-07,NHDL,407.0,401.0,410.0,401.0,2247,stock
2021-07-08,NHDL,395.0,416.0,420.0,395.0,2275,stock
2021-07-11,NHDL,424.0,456.0,456.0,420.0,4457,stock
2021-07-12,NHDL,456.0,440.0,456.0,422.0,7946,stock
2021-07-13,NHDL,435.0,444.0,453.0,432.0,1025,stock
2021-07-14,NHDL,440.0,449.0,449.0,436.0,3338,stock
2021-07-15,NHDL,450.0,473.0,485.0,450.0,37287,stock
2021-07-18,NHDL,480.0,490.0,495.0,480.0,22610,stock
2021-07-19,NHDL,483.0,490.0,518.0,479.0,15913,stock
2021-07-20,NHDL,482.0,494.0,505.0,482.0,9597,stock
2021-07-22,NHDL,490.0,487.0,495.0,486.0,14919,stock
2021-07-25,NHDL,496.0,509.0,515.1,490.0,32877,stock
2021-07-26,NHDL,519.1,527.0,529.0,496.0,40398,stock
2021-07-27,NHDL,527.0,579.7,579.7,527.0,48162,stock
2021-07-28,NHDL,591.2,596.0,637.6,564.0,40151,stock
2021-07-29,NHDL,600.0,625.0,637.5,567.0,40490,stock
2021-08-01,NHDL,620.0,638.0,650.0,612.5,95734,stock
2021-08-02,NHDL,650.0,604.0,650.0,603.7,45871,stock
2021-08-03,NHDL,616.0,617.5,637.0,590.0,39113,stock
2021-08-04,NHDL,606.0,632.0,650.0,606.0,49107,stock
2021-08-05,NHDL,640.0,615.0,645.0,602.0,33834,stock
2021-08-08,NHDL,602.7,620.0,644.0,602.7,27020,stock
2021-08-09,NHDL,607.6,682.0,682.0,607.6,108891,stock
2021-08-10,NHDL,668.4,700.0,716.0,668.4,82635,stock
2021-08-11,NHDL,714.0,768.0,768.0,702.0,113021,stock
2021-08-12,NHDL,768.0,785.0,803.6,748.0,131641,stock
2021-08-15,NHDL,769.3,739.0,769.3,708.0,75252,stock
2021-08-16,NHDL,745.0,760.1,788.8,731.0,45656,stock
2021-08-17,NHDL,775.0,797.0,824.0,775.0,63169,stock
2021-08-18,NHDL,797.0,789.0,840.0,777.0,52153,stock
2021-08-19,NHDL,789.0,760.0,790.0,760.0,47929,stock
2021-08-24,NHDL,744.8,684.0,744.8,684.0,41172,stock
2021-08-25,NHDL,671.0,690.0,736.0,636.0,32387,stock
2021-08-26,NHDL,703.0,700.0,720.2,680.0,46616,stock
2021-08-29,NHDL,700.0,680.0,714.0,673.0,15547,stock
2021-08-31,NHDL,678.0,670.0,688.0,643.3,19372,stock
2021-09-01,NHDL,682.0,650.0,682.0,632.0,14274,stock
2021-09-02,NHDL,663.0,625.1,671.0,615.0,14976,stock
2021-09-05,NHDL,622.0,567.0,622.0,562.6,14956,stock
2021-09-06,NHDL,565.0,623.7,623.7,551.0,33016,stock
2021-09-07,NHDL,625.0,610.0,658.1,596.0,18042,stock
2021-09-08,NHDL,600.0,600.0,613.0,594.0,10694,stock
2021-09-09,NHDL,612.0,626.0,634.0,605.0,13899,stock
2021-09-12,NHDL,638.5,683.0,688.0,638.5,24082,stock
2021-09-13,NHDL,696.6,659.0,710.0,656.0,17851,stock
2021-09-14,NHDL,646.0,663.0,685.0,645.9,8085,stock
2021-09-15,NHDL,650.0,635.0,660.9,623.0,10466,stock
2021-09-16,NHDL,623.0,601.1,634.0,593.0,15246,stock
2021-09-20,NHDL,612.0,570.0,612.0,541.0,11205,stock
2021-09-21,NHDL,559.0,554.0,594.2,530.0,16088,stock
2021-09-22,NHDL,565.0,593.0,604.8,565.0,22357,stock
2021-09-23,NHDL,582.0,585.0,607.0,575.0,29953,stock
2021-09-26,NHDL,582.0,549.0,582.0,544.0,11386,stock
2021-09-27,NHDL,559.9,510.0,570.0,503.0,24136,stock
2021-09-28,NHDL,501.0,459.0,517.0,459.0,33647,stock
2021-09-29,NHDL,468.0,489.0,495.7,426.0,14227,stock
2021-09-30,NHDL,495.0,473.0,504.9,460.0,13403,stock
2021-10-03,NHDL,473.0,440.0,473.0,435.0,8987,stock
2021-10-04,NHDL,448.0,440.0,456.9,428.0,8464,stock
2021-10-05,NHDL,448.8,462.0,464.0,443.0,9234,stock
2021-10-06,NHDL,455.1,500.0,500.0,453.0,20635,stock
2021-10-10,NHDL,500.0,480.0,500.0,475.0,6666,stock
2021-10-11,NHDL,480.0,470.0,480.0,445.0,7832,stock
2021-10-17,NHDL,470.0,462.0,462.0,452.0,154,stock
2021-10-18,NHDL,455.0,430.0,455.0,428.0,3114,stock
2021-10-19,NHDL,438.6,388.0,438.6,387.0,17519,stock
2021-10-20,NHDL,395.7,412.0,424.0,395.7,6476,stock
2021-10-21,NHDL,420.0,408.0,432.3,400.0,4491,stock
2021-10-24,NHDL,415.0,423.0,443.0,402.0,6856,stock
2021-10-25,NHDL,431.4,465.3,465.3,430.0,15320,stock
2021-10-26,NHDL,474.6,511.8,511.8,470.0,36979,stock
2021-10-27,NHDL,520.0,538.6,562.0,508.0,21600,stock
2021-10-28,NHDL,549.3,580.0,583.0,520.0,20597,stock
2021-10-31,NHDL,589.9,595.0,608.9,563.0,22517,stock
2021-11-01,NHDL,606.9,570.0,621.0,568.0,22339,stock
2021-11-02,NHDL,580.0,585.0,600.0,550.0,10512,stock
2021-11-03,NHDL,596.7,583.0,608.6,560.0,16005,stock
2021-11-08,NHDL,583.0,582.0,600.0,565.0,9828,stock
2021-11-09,NHDL,572.0,561.2,582.0,524.0,23900,stock
2021-11-11,NHDL,550.0,529.0,555.0,528.3,12602,stock
2021-11-14,NHDL,534.0,523.0,540.0,515.0,12934,stock
2021-11-15,NHDL,533.4,550.0,575.3,533.4,12277,stock
2021-11-16,NHDL,545.0,570.0,576.0,545.0,26647,stock
2021-11-17,NHDL,581.4,556.0,589.0,546.0,35433,stock
2021-11-18,NHDL,550.0,535.0,578.3,535.0,20298,stock
2021-11-21,NHDL,545.0,543.0,575.0,534.1,4542,stock
2021-11-22,NHDL,553.0,537.0,555.0,533.2,10533,stock
2021-11-23,NHDL,536.0,520.0,545.0,504.0,19359,stock
2021-11-24,NHDL,530.0,520.0,540.0,500.0,20058,stock
2021-11-25,NHDL,530.0,520.0,540.0,520.0,9937,stock
2021-11-28,NHDL,509.6,495.2,516.0,495.0,11654,stock
2021-11-29,NHDL,495.0,483.0,513.9,481.1,14612,stock
2021-11-30,NHDL,492.6,478.0,501.0,473.4,14270,stock
2021-12-01,NHDL,487.1,495.0,511.0,483.1,47274,stock
2021-12-02,NHDL,500.0,477.0,504.0,467.0,19822,stock
2021-12-05,NHDL,468.1,456.9,472.0,437.1,38903,stock
2021-12-06,NHDL,448.0,470.0,479.0,425.1,36563,stock
2021-12-07,NHDL,471.1,456.0,493.6,442.0,21204,stock
2021-12-08,NHDL,447.0,428.0,455.9,418.0,17916,stock
2021-12-09,NHDL,426.0,420.0,434.0,415.0,19773,stock
2021-12-12,NHDL,415.0,382.0,420.0,378.0,18281,stock
2021-12-13,NHDL,378.0,369.0,400.8,356.6,29317,stock
2021-12-14,NHDL,376.3,405.0,405.9,376.3,12629,stock
2021-12-15,NHDL,413.1,427.0,445.5,403.0,35948,stock
2021-12-16,NHDL,418.5,400.0,426.8,399.0,18533,stock
2021-12-20,NHDL,400.0,391.0,400.0,381.0,8205,stock
2021-12-21,NHDL,396.0,405.0,405.0,392.0,25115,stock
2021-12-22,NHDL,413.1,432.0,432.0,409.9,26543,stock
2021-12-23,NHDL,438.0,419.5,446.0,415.6,22336,stock
2021-12-26,NHDL,419.5,418.8,445.0,406.7,25351,stock
2021-12-27,NHDL,426.5,391.0,435.0,391.0,36476,stock
2021-12-28,NHDL,370.0,385.0,385.0,369.9,18308,stock
2021-12-29,NHDL,392.7,384.0,396.0,377.3,8932,stock
2022-01-02,NHDL,385.0,388.9,401.0,383.1,13651,stock
2022-01-03,NHDL,396.6,385.0,396.6,382.0,9731,stock
2022-01-04,NHDL,385.0,400.0,408.0,384.0,33652,stock
2022-01-05,NHDL,400.1,402.5,418.0,396.0,27140,stock
2022-01-06,NHDL,402.0,408.0,412.0,396.1,28429,stock
2022-01-09,NHDL,410.0,448.8,448.8,410.0,52908,stock
2022-01-10,NHDL,457.7,472.0,489.0,457.7,70544,stock
2022-01-11,NHDL,480.0,498.0,507.9,472.0,49910,stock
2022-01-12,NHDL,500.0,476.0,506.5,465.0,68681,stock
2022-01-13,NHDL,468.0,499.0,500.8,468.0,73460,stock
2022-01-16,NHDL,499.0,520.0,535.0,507.0,50533,stock
2022-01-17,NHDL,530.0,520.0,530.0,500.1,41077,stock
2022-01-18,NHDL,520.0,505.0,529.0,490.0,39768,stock
2022-01-19,NHDL,505.0,490.0,515.0,490.0,39165,stock
2022-01-20,NHDL,490.0,511.9,511.9,483.0,33885,stock
2022-01-23,NHDL,519.0,505.0,525.0,501.8,25209,stock
2022-01-24,NHDL,505.0,475.0,505.0,471.5,58928,stock
2022-01-25,NHDL,475.0,480.0,496.9,465.0,35047,stock
2022-01-26,NHDL,485.0,470.0,485.0,459.0,20454,stock
2022-01-27,NHDL,478.0,480.0,485.0,469.5,16750,stock
2022-01-30,NHDL,489.6,514.0,518.0,489.6,30236,stock
2022-01-31,NHDL,522.0,503.2,522.0,500.0,25896,stock
2022-02-01,NHDL,513.2,522.0,530.0,496.2,71046,stock
2022-02-03,NHDL,532.4,532.0,552.8,530.0,93142,stock
2022-02-06,NHDL,540.0,575.0,580.0,515.0,234511,stock
2022-02-07,NHDL,575.0,599.0,620.1,563.5,187210,stock
2022-02-08,NHDL,610.9,568.0,625.0,565.0,66404,stock
2022-02-09,NHDL,566.0,549.0,566.2,540.0,141671,stock
2022-02-10,NHDL,545.0,533.0,550.0,530.3,69292,stock
2022-02-13,NHDL,522.4,507.0,529.0,506.0,48079,stock
2022-02-14,NHDL,501.1,525.0,529.0,501.1,49349,stock
2022-02-15,NHDL,533.0,548.0,552.0,520.0,38809,stock
2022-02-16,NHDL,550.0,540.0,551.0,526.5,31715,stock
2022-02-17,NHDL,530.1,532.0,539.9,525.0,18302,stock
2022-02-20,NHDL,521.4,527.0,550.0,511.0,39863,stock
2022-02-21,NHDL,537.5,564.9,566.0,525.0,77408,stock
2022-02-22,NHDL,573.9,553.8,577.0,553.8,55750,stock
2022-02-23,NHDL,564.8,562.0,585.0,554.0,58252,stock
2022-02-24,NHDL,560.0,545.0,569.0,542.0,62318,stock
2022-02-27,NHDL,534.1,550.1,570.0,534.1,40004,stock
2022-02-28,NHDL,561.1,527.0,572.0,525.0,35701,stock
2022-03-02,NHDL,523.0,513.0,527.0,508.0,22737,stock
2022-03-06,NHDL,520.0,509.0,523.0,507.0,22801,stock
2022-03-07,NHDL,515.0,500.0,519.0,499.0,22851,stock
2022-03-09,NHDL,500.0,474.0,510.0,473.0,17965,stock
2022-03-10,NHDL,480.0,515.0,515.0,480.0,26352,stock
2022-03-13,NHDL,524.0,525.0,535.0,513.0,25279,stock
2022-03-14,NHDL,535.0,526.0,535.0,511.0,11722,stock
2022-03-15,NHDL,517.0,512.0,526.0,512.0,17944,stock
2022-03-16,NHDL,506.0,504.0,522.0,503.1,11686,stock
2022-03-20,NHDL,507.0,507.0,520.0,500.0,10433,stock
2022-03-21,NHDL,510.0,528.0,529.9,504.0,20505,stock
2022-03-22,NHDL,528.0,523.0,533.0,519.1,15973,stock
2022-03-23,NHDL,519.0,510.5,519.9,510.5,7591,stock
2022-03-24,NHDL,510.5,505.0,517.0,502.0,9735,stock
2022-03-27,NHDL,505.0,485.1,510.0,481.0,22763,stock
2022-03-28,NHDL,485.0,483.1,500.0,476.1,21656,stock
2022-03-29,NHDL,483.1,489.1,497.0,483.1,18131,stock
2022-03-30,NHDL,490.0,505.0,508.0,481.0,14710,stock
2022-03-31,NHDL,495.1,488.0,505.0,488.0,18544,stock
2022-04-03,NHDL,490.0,482.5,490.0,478.0,7020,stock
2022-04-04,NHDL,474.0,474.0,490.0,474.0,12416,stock
2022-04-05,NHDL,467.0,459.0,470.0,454.0,16977,stock
2022-04-06,NHDL,451.0,452.0,475.0,450.0,13251,stock
2022-04-07,NHDL,461.0,465.0,474.0,460.0,13365,stock
2022-04-11,NHDL,474.3,451.0,483.7,447.1,16465,stock
2022-04-12,NHDL,445.0,443.0,460.0,439.0,8582,stock
2022-04-13,NHDL,450.0,445.0,458.9,437.0,8661,stock
2022-04-17,NHDL,446.0,435.1,450.0,435.0,6493,stock
2022-04-18,NHDL,429.0,411.0,434.1,411.0,8498,stock
2022-04-19,NHDL,406.0,418.0,425.0,402.0,8534,stock
2022-04-20,NHDL,409.7,407.0,417.8,398.1,7459,stock
2022-04-21,NHDL,399.0,404.0,408.0,390.0,7776,stock
2022-04-24,NHDL,402.0,444.2,444.4,400.0,21885,stock
2022-04-25,NHDL,452.0,427.0,458.0,420.0,24702,stock
2022-04-26,NHDL,418.5,424.0,435.0,416.5,6988,stock
2022-04-27,NHDL,418.0,426.0,434.0,416.2,4854,stock
2022-04-28,NHDL,426.0,420.5,439.0,419.0,14156,stock
2022-05-02,NHDL,415.0,403.0,415.0,398.0,8736,stock
2022-05-04,NHDL,403.0,396.0,416.0,395.0,11815,stock
2022-05-05,NHDL,390.0,388.0,405.0,382.2,6885,stock
2022-05-08,NHDL,388.0,412.0,414.0,383.0,7465,stock
2022-05-09,NHDL,404.0,406.1,420.0,404.0,16299,stock
2022-05-10,NHDL,412.8,424.0,428.0,410.0,12356,stock
2022-05-11,NHDL,424.7,450.0,452.0,423.0,21234,stock
2022-05-12,NHDL,459.0,436.5,459.0,435.0,23351,stock
2022-05-17,NHDL,428.0,419.0,445.2,413.0,8528,stock
2022-05-18,NHDL,412.0,419.0,442.9,403.0,11062,stock
2022-05-19,NHDL,416.0,414.0,433.0,408.0,16259,stock
2022-05-20,NHDL,406.0,404.9,419.0,401.1,6235,stock
2022-05-23,NHDL,411.0,399.0,411.0,391.1,12097,stock
2022-05-24,NHDL,406.8,410.0,414.8,400.0,10709,stock
2022-05-25,NHDL,418.2,414.0,423.0,406.0,7650,stock
2022-05-26,NHDL,406.0,415.0,420.0,406.0,6216,stock
2022-05-27,NHDL,409.0,409.9,412.0,400.0,6769,stock
2022-05-30,NHDL,402.6,398.8,403.2,395.1,6286,stock
2022-05-31,NHDL,390.9,393.0,406.7,388.0,8159,stock
2022-06-01,NHDL,400.8,398.0,400.8,380.0,11588,stock
2022-06-02,NHDL,405.8,390.0,405.8,390.0,8923,stock
2022-06-03,NHDL,382.2,382.0,397.5,382.0,14504,stock
2022-06-06,NHDL,389.6,390.0,397.5,383.3,5798,stock
2022-06-07,NHDL,382.3,378.9,394.0,375.0,10911,stock
2022-06-08,NHDL,386.0,391.0,397.0,373.1,14542,stock
2022-06-09,NHDL,398.8,385.0,400.0,383.0,11169,stock
2022-06-10,NHDL,378.0,380.0,386.9,375.0,7007,stock
2022-06-13,NHDL,374.0,384.9,385.0,374.0,4257,stock
2022-06-14,NHDL,392.4,367.5,392.4,361.0,9799,stock
2022-06-15,NHDL,367.5,360.0,374.6,350.0,12243,stock
2022-06-16,NHDL,367.0,364.0,374.0,358.0,7557,stock
2022-06-17,NHDL,364.0,362.1,364.0,352.9,2842,stock
2022-06-19,NHDL,355.5,344.5,355.5,339.1,10763,stock
2022-06-20,NHDL,351.0,333.0,351.0,322.0,7972,stock
2022-06-21,NHDL,339.6,340.0,352.9,330.0,10627,stock
2022-06-22,NHDL,346.8,335.0,353.0,326.0,4312,stock
2022-06-23,NHDL,328.3,314.0,328.3,306.0,8726,stock
2022-06-24,NHDL,307.8,315.0,337.9,300.0,9929,stock
2022-06-26,NHDL,321.2,344.0,345.0,310.0,12276,stock
2022-06-27,NHDL,350.8,338.0,359.0,332.0,16627,stock
2022-06-28,NHDL,332.0,325.0,337.0,325.0,5703,stock
2022-06-29,NHDL,325.0,337.2,349.0,322.0,9841,stock
2022-06-30,NHDL,343.9,355.0,364.0,343.9,20470,stock
2022-07-01,NHDL,355.1,348.0,368.9,348.0,12675,stock
2022-07-03,NHDL,348.0,374.5,378.0,345.0,24129,stock
2022-07-04,NHDL,381.0,372.0,399.0,363.6,36860,stock
2022-07-05,NHDL,372.0,359.0,385.0,357.0,27822,stock
2022-07-06,NHDL,366.1,370.0,379.0,350.0,22777,stock
2022-07-07,NHDL,377.0,368.9,383.0,356.0,20140,stock
2022-07-08,NHDL,362.0,353.0,365.0,353.0,6814,stock
2022-07-11,NHDL,346.1,336.0,350.0,328.5,10430,stock
2022-07-12,NHDL,342.0,334.0,345.0,332.0,12245,stock
2022-07-13,NHDL,340.6,355.0,359.0,336.0,12376,stock
2022-07-14,NHDL,362.0,359.9,367.0,349.0,9714,stock
2022-07-15,NHDL,354.1,360.0,360.0,353.0,5193,stock
2022-07-17,NHDL,352.8,350.2,362.0,350.1,3063,stock
2022-07-18,NHDL,346.0,366.0,366.0,346.0,9750,stock
2022-07-19,NHDL,373.0,367.0,373.0,360.0,9473,stock
2022-07-20,NHDL,360.0,361.0,369.5,360.0,5928,stock
2022-07-21,NHDL,355.0,356.0,362.0,352.0,9782,stock
2022-07-22,NHDL,350.0,343.0,356.0,343.0,7144,stock
2022-07-24,NHDL,345.0,365.9,366.9,345.0,11439,stock
2022-07-25,NHDL,373.1,382.0,388.2,368.0,27066,stock
2022-07-26,NHDL,378.0,375.0,395.9,373.0,28396,stock
2022-07-27,NHDL,368.0,392.0,395.0,356.0,26758,stock
2022-07-28,NHDL,398.0,393.0,410.0,365.0,29099,stock
2022-07-29,NHDL,400.0,390.0,405.0,379.0,10586,stock
2022-07-31,NHDL,397.8,397.0,409.7,390.0,30186,stock
2022-08-01,NHDL,391.0,400.0,412.0,390.0,42263,stock
2022-08-02,NHDL,408.0,414.9,423.0,400.0,39142,stock
2022-08-03,NHDL,423.0,427.0,431.4,410.0,30669,stock
2022-08-04,NHDL,420.0,415.1,432.0,414.0,34840,stock
2022-08-05,NHDL,412.0,412.0,419.9,406.4,32798,stock
2022-08-07,NHDL,407.0,415.0,420.0,407.0,13086,stock
2022-08-08,NHDL,420.0,416.0,421.9,411.0,29490,stock
2022-08-09,NHDL,408.2,406.0,414.0,402.1,28530,stock
2022-08-10,NHDL,397.9,407.0,412.0,396.6,18798,stock
2022-08-11,NHDL,407.1,406.0,424.6,400.2,13748,stock
2022-08-14,NHDL,408.0,398.7,413.0,393.1,15784,stock
2022-08-15,NHDL,405.0,413.9,414.0,395.0,12668,stock
2022-08-16,NHDL,416.0,398.0,420.0,398.0,19659,stock
2022-08-17,NHDL,392.0,404.0,410.0,392.0,11898,stock
2022-08-18,NHDL,412.0,412.0,416.0,404.0,16141,stock
2022-08-21,NHDL,419.9,416.0,425.0,411.6,55162,stock
2022-08-22,NHDL,418.0,415.0,418.2,408.0,10319,stock
2022-08-23,NHDL,412.0,413.0,417.0,408.3,7216,stock
2022-08-24,NHDL,413.0,410.0,419.0,408.0,5365,stock
2022-08-25,NHDL,410.0,398.4,413.0,398.4,19177,stock
2022-08-26,NHDL,396.0,387.1,400.0,387.1,14051,stock
2022-08-28,NHDL,394.8,379.0,394.8,372.0,13455,stock
2022-08-29,NHDL,385.0,381.0,385.0,370.0,7829,stock
2022-08-30,NHDL,387.6,378.0,387.6,377.1,2160,stock
2022-08-31,NHDL,383.9,366.9,383.9,362.0,12289,stock
2022-09-01,NHDL,365.0,368.0,372.0,358.1,6578,stock
2022-09-02,NHDL,375.0,365.0,375.0,359.1,1150,stock
2022-09-04,NHDL,360.0,373.0,375.0,360.0,3817,stock
2022-09-05,NHDL,380.3,371.0,380.3,367.0,3878,stock
2022-09-06,NHDL,375.0,358.0,375.0,356.5,6917,stock
2022-09-07,NHDL,358.0,355.1,361.0,355.0,5725,stock
2022-09-08,NHDL,355.0,368.0,370.2,348.2,3004,stock
2022-09-11,NHDL,368.0,365.0,371.2,355.0,1164,stock
2022-09-12,NHDL,368.0,357.0,368.0,350.1,5073,stock
2022-09-13,NHDL,364.0,357.0,365.0,357.0,3685,stock
2022-09-14,NHDL,364.1,370.0,371.3,357.0,6494,stock
2022-09-15,NHDL,362.7,349.0,370.0,337.2,20192,stock
2022-09-16,NHDL,342.1,341.0,344.9,335.3,5375,stock
2022-09-18,NHDL,336.0,325.0,336.0,325.0,13275,stock
2022-09-20,NHDL,319.0,311.0,320.0,304.8,15465,stock
2022-09-21,NHDL,317.0,309.0,317.0,305.0,9220,stock
2022-09-22,NHDL,314.0,316.0,316.0,304.0,3557,stock
2022-09-25,NHDL,314.0,301.2,314.0,301.2,2480,stock
2022-09-27,NHDL,307.2,299.0,310.0,295.0,6096,stock
2022-09-28,NHDL,300.2,299.7,305.0,299.0,1982,stock
2022-09-29,NHDL,305.6,304.0,305.6,294.0,765,stock
2022-10-09,NHDL,304.0,320.7,320.7,302.0,4482,stock
2022-10-10,NHDL,316.0,308.0,316.0,308.0,2910,stock
2022-10-11,NHDL,309.0,308.0,309.0,306.0,1560,stock
2022-10-12,NHDL,302.0,311.0,314.0,300.0,1938,stock
2022-10-13,NHDL,317.0,309.0,317.0,306.0,2133,stock
2022-10-16,NHDL,310.0,310.0,310.0,307.0,315,stock
2022-10-17,NHDL,316.2,301.1,322.5,298.1,3746,stock
2022-10-19,NHDL,301.2,300.0,304.0,295.1,4517,stock
2022-10-20,NHDL,296.0,300.0,303.0,294.0,4348,stock
2022-10-23,NHDL,300.0,297.2,300.0,295.1,1387,stock
2022-10-31,NHDL,300.0,303.0,303.0,300.0,332,stock
2022-11-01,NHDL,307.0,320.0,320.0,307.0,6619,stock
2022-11-02,NHDL,320.0,326.0,330.0,315.0,9425,stock
2022-11-03,NHDL,320.0,321.8,326.4,320.0,5088,stock
2022-11-06,NHDL,320.0,337.8,337.9,317.0,8441,stock
2022-11-07,NHDL,344.5,328.0,344.5,326.0,10438,stock
2022-11-08,NHDL,334.5,322.1,334.5,321.5,3848,stock
2022-11-09,NHDL,328.5,316.0,328.5,316.0,10248,stock
2022-11-10,NHDL,322.3,308.0,322.3,305.0,1379,stock
2022-11-13,NHDL,310.0,307.0,312.0,307.0,1550,stock
2022-11-14,NHDL,307.0,318.0,318.0,306.0,2148,stock
2022-11-15,NHDL,324.3,305.0,324.3,302.3,6094,stock
2022-11-16,NHDL,311.0,313.5,317.0,310.0,13996,stock
2022-11-17,NHDL,319.6,325.0,339.1,319.6,16376,stock
2022-11-22,NHDL,325.0,330.0,334.8,321.0,8352,stock
2022-11-23,NHDL,323.4,324.0,333.0,320.0,5961,stock
2022-11-24,NHDL,318.0,336.6,336.6,317.7,9576,stock
2022-11-27,NHDL,341.0,344.0,344.0,332.0,6336,stock
2022-11-28,NHDL,346.0,335.0,346.0,327.0,16927,stock
2022-11-29,NHDL,328.5,334.9,334.9,327.8,4213,stock
2022-11-30,NHDL,330.0,329.2,335.0,329.2,2826,stock
2022-12-01,NHDL,329.9,326.0,333.0,325.0,2150,stock
2022-12-04,NHDL,330.0,330.0,332.0,323.5,4033,stock
2022-12-05,NHDL,328.0,324.0,328.0,312.0,6470,stock
2022-12-06,NHDL,317.6,320.0,320.0,312.8,1456,stock
2022-12-07,NHDL,314.0,315.4,319.9,314.0,2983,stock
2022-12-11,NHDL,310.0,310.0,326.0,309.9,5502,stock
2022-12-12,NHDL,315.0,315.0,318.0,313.5,1521,stock
2022-12-13,NHDL,315.1,320.0,320.0,310.2,1992,stock
2022-12-14,NHDL,316.1,313.6,320.0,313.6,2275,stock
2022-12-15,NHDL,309.0,310.5,310.5,309.0,2469,stock
2022-12-18,NHDL,305.0,305.0,310.3,300.1,1722,stock
2022-12-19,NHDL,300.0,301.2,305.0,299.0,2698,stock
2022-12-20,NHDL,301.1,310.0,313.0,301.1,1423,stock
2022-12-21,NHDL,306.0,304.0,309.0,304.0,2488,stock
2022-12-22,NHDL,301.6,317.2,317.2,301.6,1809,stock
2022-12-26,NHDL,303.1,318.5,324.0,303.1,8315,stock
2022-12-27,NHDL,324.8,330.6,337.0,322.0,23468,stock
2022-12-28,NHDL,330.6,328.0,331.0,325.0,7010,stock
2022-12-29,NHDL,322.0,355.0,355.0,322.0,13145,stock
2023-01-01,NHDL,358.0,345.0,359.0,342.0,15629,stock
2023-01-02,NHDL,349.0,352.0,353.9,345.0,6334,stock
2023-01-03,NHDL,345.0,354.0,364.9,338.1,14436,stock
2023-01-04,NHDL,353.0,378.9,380.0,349.0,16951,stock
2023-01-05,NHDL,386.4,382.0,386.4,365.1,23404,stock
2023-01-08,NHDL,388.0,383.0,399.0,368.0,29518,stock
2023-01-09,NHDL,381.0,394.1,399.0,381.0,20845,stock
2023-01-10,NHDL,400.2,392.0,419.0,378.5,59899,stock
2023-01-12,NHDL,399.8,380.0,404.0,372.4,21929,stock
2023-01-17,NHDL,380.0,400.0,400.0,372.5,25931,stock
2023-01-18,NHDL,407.9,399.0,411.9,394.0,29669,stock
2023-01-19,NHDL,400.0,397.0,405.0,390.0,12028,stock
2023-01-23,NHDL,404.0,385.2,404.9,385.2,16480,stock
2023-01-24,NHDL,380.0,390.0,390.0,379.0,13749,stock
2023-01-25,NHDL,397.0,393.0,402.0,388.0,15274,stock
2023-01-26,NHDL,393.0,397.0,403.0,387.0,13997,stock
2023-01-29,NHDL,394.1,395.0,401.9,387.0,8965,stock
2023-01-30,NHDL,390.0,378.0,392.8,378.0,10419,stock
2023-01-31,NHDL,384.5,372.0,385.0,370.0,14896,stock
2023-02-01,NHDL,372.0,380.0,380.0,368.0,2851,stock
2023-02-02,NHDL,372.4,378.8,384.0,366.0,7641,stock
2023-02-05,NHDL,386.3,370.0,386.3,367.1,4312,stock
2023-02-06,NHDL,374.4,370.0,374.4,363.7,4566,stock
2023-02-07,NHDL,377.0,395.0,395.0,374.9,14349,stock
2023-02-08,NHDL,387.8,396.0,408.9,387.8,15147,stock
2023-02-09,NHDL,403.0,402.0,403.0,388.0,9362,stock
2023-02-12,NHDL,394.0,386.0,394.5,385.0,18928,stock
2023-02-14,NHDL,393.0,390.0,393.0,381.3,17301,stock
2023-02-15,NHDL,390.0,387.4,404.0,386.1,17467,stock
2023-02-16,NHDL,393.9,388.0,395.1,378.5,6821,stock
2023-02-20,NHDL,382.1,383.0,385.0,375.5,5597,stock
2023-02-22,NHDL,383.0,394.0,397.9,383.0,4585,stock
2023-02-23,NHDL,401.8,413.0,422.0,387.2,87037,stock
2023-02-26,NHDL,404.8,415.0,415.0,388.0,24342,stock
2023-02-27,NHDL,410.0,403.4,414.6,393.0,26743,stock
2023-02-28,NHDL,400.0,405.0,410.0,400.0,4906,stock
2023-03-01,NHDL,399.0,395.0,404.0,390.0,11048,stock
2023-03-02,NHDL,398.9,388.0,398.9,381.0,7282,stock
2023-03-05,NHDL,380.5,379.9,384.0,374.4,9881,stock
2023-03-07,NHDL,380.0,381.0,386.9,380.0,8474,stock
2023-03-09,NHDL,388.6,400.0,400.0,388.3,6997,stock
2023-03-12,NHDL,405.0,385.0,405.0,385.0,18294,stock
2023-03-13,NHDL,389.9,385.7,389.9,377.3,7407,stock
2023-03-14,NHDL,381.1,389.0,391.9,381.0,3732,stock
2023-03-15,NHDL,396.7,397.8,400.0,388.0,12384,stock
2023-03-16,NHDL,401.0,398.1,407.0,393.0,15036,stock
2023-03-19,NHDL,406.0,408.0,408.0,398.0,13005,stock
2023-03-20,NHDL,402.0,417.9,419.0,392.1,14560,stock
2023-03-22,NHDL,417.0,409.7,424.0,409.7,16613,stock
2023-03-23,NHDL,410.0,399.0,410.0,394.0,8226,stock
2023-03-26,NHDL,398.0,398.9,400.0,394.0,8709,stock
2023-03-27,NHDL,404.0,403.0,404.0,392.0,3269,stock
2023-03-28,NHDL,411.0,404.0,415.0,398.1,3637,stock
2023-03-29,NHDL,412.0,406.5,412.0,400.1,3858,stock
2023-03-30,NHDL,412.7,398.0,412.7,398.0,6074,stock
2023-04-02,NHDL,397.0,389.1,404.9,389.0,6359,stock
2023-04-03,NHDL,387.0,390.0,394.5,385.2,4639,stock
2023-04-04,NHDL,396.0,390.0,397.8,388.0,2798,stock
2023-04-05,NHDL,397.8,390.0,397.8,388.0,1548,stock
2023-04-06,NHDL,395.0,384.0,395.0,380.0,2063,stock
2023-04-09,NHDL,388.0,380.0,395.7,379.0,1157,stock
2023-04-10,NHDL,372.4,379.0,386.0,370.0,1234,stock
2023-04-11,NHDL,380.0,387.0,403.0,380.0,1865,stock
2023-04-12,NHDL,394.5,403.9,410.0,394.5,8304,stock
2023-04-13,NHDL,398.0,397.0,411.9,395.0,7967,stock
2023-04-16,NHDL,389.5,399.5,403.9,389.5,3196,stock
2023-04-17,NHDL,407.0,391.0,407.0,390.0,2482,stock
2023-04-18,NHDL,388.0,391.0,398.0,386.0,668,stock
2023-04-19,NHDL,384.0,395.0,397.0,384.0,1500,stock
2023-04-20,NHDL,390.0,389.0,390.5,388.0,2847,stock
2023-04-23,NHDL,384.0,391.0,395.8,378.0,3654,stock
2023-04-24,NHDL,398.8,384.0,398.8,380.3,2749,stock
2023-04-25,NHDL,391.0,387.0,393.0,383.7,1922,stock
2023-04-26,NHDL,380.1,392.0,393.9,380.1,2129,stock
2023-04-27,NHDL,384.4,388.0,388.0,377.1,1263,stock
2023-04-30,NHDL,381.1,380.0,385.3,377.0,8676,stock
2023-05-02,NHDL,377.0,382.0,386.0,373.1,2734,stock
2023-05-03,NHDL,376.0,375.1,380.9,375.1,1506,stock
2023-05-04,NHDL,370.0,385.0,385.0,370.0,2668,stock
2023-05-07,NHDL,381.0,371.5,381.0,371.2,1233,stock
2023-05-08,NHDL,371.0,365.1,374.0,365.0,4485,stock
2023-05-09,NHDL,358.1,365.5,374.5,358.1,1780,stock
2023-05-10,NHDL,358.5,367.3,371.9,358.5,1380,stock
2023-05-11,NHDL,362.0,365.9,366.0,361.0,2368,stock
2023-05-14,NHDL,371.0,365.0,371.0,362.0,1033,stock
2023-05-15,NHDL,358.0,364.0,370.0,358.0,3326,stock
2023-05-16,NHDL,357.0,375.9,376.3,357.0,1351,stock
2023-05-17,NHDL,369.0,377.0,378.0,362.0,1919,stock
2023-05-18,NHDL,369.5,388.9,389.0,365.0,5000,stock
2023-05-21,NHDL,381.2,388.0,396.5,381.2,4047,stock
2023-05-22,NHDL,383.0,388.0,392.7,375.4,1328,stock
2023-05-23,NHDL,381.1,397.0,402.0,381.1,4634,stock
2023-05-24,NHDL,400.0,398.0,400.0,386.0,3288,stock
2023-05-28,NHDL,390.1,391.9,399.0,382.3,5580,stock
2023-05-30,NHDL,384.1,380.0,398.9,376.5,3344,stock
2023-05-31,NHDL,373.0,373.0,381.0,370.0,6724,stock
2023-06-01,NHDL,373.0,378.0,378.0,367.5,5250,stock
2023-06-04,NHDL,385.5,395.0,395.0,385.0,8849,stock
2023-06-05,NHDL,401.0,387.0,401.0,384.0,1973,stock
2023-06-06,NHDL,380.2,391.1,398.7,380.2,5801,stock
2023-06-07,NHDL,398.9,395.0,407.0,392.1,12272,stock
2023-06-08,NHDL,402.0,394.0,402.0,390.2,10033,stock
2023-06-11,NHDL,398.0,399.5,400.0,392.0,3378,stock
2023-06-12,NHDL,406.0,399.0,406.0,392.0,8899,stock
2023-06-13,NHDL,398.0,416.0,416.0,396.1,25739,stock
2023-06-14,NHDL,416.0,418.0,423.0,407.0,26174,stock
2023-06-15,NHDL,412.0,415.0,416.9,406.0,13206,stock
2023-06-18,NHDL,415.0,421.9,423.3,408.3,9959,stock
2023-06-19,NHDL,415.0,418.0,423.0,408.1,16583,stock
2023-06-20,NHDL,415.5,412.0,431.0,410.0,28649,stock
2023-06-21,NHDL,412.0,404.9,415.0,400.0,10078,stock
2023-06-22,NHDL,405.0,403.0,413.1,395.1,5856,stock
2023-06-25,NHDL,409.0,408.0,409.0,385.1,13581,stock
2023-06-26,NHDL,416.0,397.3,416.0,397.0,7849,stock
2023-06-27,NHDL,389.5,408.0,413.0,389.5,9366,stock
2023-06-28,NHDL,401.0,399.0,408.0,392.0,14618,stock
2023-07-02,NHDL,391.2,383.8,405.0,383.4,9081,stock
2023-07-03,NHDL,380.0,382.0,405.0,377.0,6471,stock
2023-07-04,NHDL,376.0,382.2,390.0,376.0,3090,stock
2023-07-05,NHDL,376.6,375.5,391.9,371.5,5333,stock
2023-07-06,NHDL,380.0,372.0,380.0,361.0,4632,stock
2023-07-09,NHDL,365.6,380.0,388.0,365.6,2732,stock
2023-07-10,NHDL,385.0,368.5,385.0,368.5,5697,stock
2023-07-11,NHDL,370.0,365.1,372.0,360.0,9250,stock
2023-07-12,NHDL,370.0,388.9,389.0,370.0,9894,stock
2023-07-13,NHDL,396.6,375.2,404.3,375.0,6687,stock
2023-07-16,NHDL,382.7,377.0,382.9,375.3,1412,stock
2023-07-17,NHDL,380.0,384.4,384.4,376.2,3190,stock
2023-07-18,NHDL,380.0,383.0,395.0,380.0,8820,stock
2023-07-19,NHDL,375.5,384.0,390.0,375.5,2106,stock
2023-07-20,NHDL,390.0,387.0,390.0,371.0,7954,stock
2023-07-23,NHDL,393.0,391.0,393.0,381.2,11906,stock
2023-07-24,NHDL,396.0,385.0,396.0,385.0,4288,stock
2023-07-25,NHDL,379.0,391.0,391.0,379.0,628,stock
2023-07-26,NHDL,390.0,382.0,390.0,375.0,2674,stock
2023-07-27,NHDL,377.0,374.5,378.0,369.5,2868,stock
2023-07-30,NHDL,381.8,374.0,385.0,373.0,2132,stock
2023-07-31,NHDL,374.0,370.0,385.0,370.0,3185,stock
2023-08-01,NHDL,363.0,374.0,378.9,363.0,2641,stock
2023-08-02,NHDL,366.7,374.0,374.0,366.7,4835,stock
2023-08-03,NHDL,372.0,370.0,379.4,365.6,6305,stock
2023-08-06,NHDL,370.0,364.0,370.0,358.0,3612,stock
2023-08-07,NHDL,358.0,368.0,372.0,355.4,5951,stock
2023-08-08,NHDL,365.0,360.0,365.0,350.0,2627,stock
2023-08-09,NHDL,367.0,372.0,372.0,360.0,4556,stock
2023-08-10,NHDL,373.0,366.0,377.0,364.7,3602,stock
2023-08-13,NHDL,359.1,366.9,379.9,359.0,847,stock
2023-08-14,NHDL,369.0,359.0,369.0,358.0,4456,stock
2023-08-15,NHDL,352.1,353.1,370.0,352.1,3368,stock
2023-08-16,NHDL,353.0,353.0,353.9,341.1,6382,stock
2023-08-17,NHDL,360.0,347.0,360.0,346.0,2788,stock
2023-08-20,NHDL,341.1,343.8,351.9,337.0,3944,stock
2023-08-21,NHDL,340.0,344.0,345.0,337.1,1100,stock
2023-08-22,NHDL,344.0,358.0,358.0,337.5,1789,stock
2023-08-23,NHDL,353.0,363.9,364.8,350.0,2629,stock
2023-08-24,NHDL,371.1,349.1,371.1,349.1,1640,stock
2023-08-27,NHDL,349.0,342.2,349.0,342.2,904,stock
2023-08-28,NHDL,340.0,337.5,348.0,336.0,5286,stock
2023-08-29,NHDL,337.2,344.0,344.2,337.2,1806,stock
2023-08-30,NHDL,350.8,349.9,357.0,339.1,347,stock
2023-09-03,NHDL,356.8,336.0,356.8,330.4,2592,stock
2023-09-04,NHDL,335.0,329.0,335.5,303.0,15510,stock
2023-09-05,NHDL,322.5,337.0,337.0,322.5,547,stock
2023-09-07,NHDL,331.0,326.0,342.0,324.0,3666,stock
2023-09-10,NHDL,320.5,322.0,330.0,313.8,782,stock
2023-09-11,NHDL,319.0,328.0,337.5,319.0,2243,stock
2023-09-12,NHDL,322.0,327.0,334.9,317.6,3948,stock
2023-09-13,NHDL,326.5,332.0,339.0,326.5,5028,stock
2023-09-17,NHDL,330.0,326.0,338.0,325.5,2042,stock
2023-09-18,NHDL,330.0,337.1,356.0,321.1,3840,stock
2023-09-19,NHDL,331.1,348.7,348.7,331.0,4868,stock
2023-09-21,NHDL,355.6,364.0,377.0,353.0,11161,stock
2023-09-24,NHDL,360.5,351.0,368.9,342.0,5985,stock
2023-09-25,NHDL,344.1,350.5,357.0,344.1,4638,stock
2023-09-26,NHDL,356.0,360.0,363.0,355.0,4476,stock
2023-09-27,NHDL,352.8,355.0,365.0,349.0,3953,stock
2023-10-01,NHDL,350.0,344.2,350.0,337.5,2018,stock
2023-10-02,NHDL,340.0,344.8,350.0,337.4,6428,stock
2023-10-03,NHDL,340.3,339.5,344.9,339.5,2069,stock
2023-10-04,NHDL,340.3,342.1,346.2,340.3,1625,stock
2023-10-05,NHDL,342.1,345.0,345.1,337.2,3431,stock
2023-10-08,NHDL,338.1,335.0,344.0,333.1,5536,stock
2023-10-09,NHDL,331.2,332.0,347.8,329.0,2835,stock
2023-10-10,NHDL,330.0,325.5,337.6,325.5,3736,stock
2023-10-11,NHDL,321.6,327.0,332.0,321.6,1847,stock
2023-10-12,NHDL,325.0,322.5,326.0,322.1,3774,stock
2023-10-16,NHDL,320.0,313.0,323.0,313.0,3027,stock
2023-10-17,NHDL,319.2,317.0,325.6,317.0,1227,stock
2023-10-18,NHDL,323.0,330.0,330.0,318.1,716,stock
2023-10-19,NHDL,336.0,342.7,342.7,327.0,1555,stock
2023-10-29,NHDL,335.9,338.7,340.0,334.0,579,stock
2023-10-30,NHDL,332.1,331.5,337.0,330.0,4175,stock
2023-10-31,NHDL,326.1,333.5,345.0,325.5,2393,stock
2023-11-01,NHDL,328.0,327.0,328.0,327.0,1007,stock
2023-11-02,NHDL,330.0,325.0,330.0,323.6,822,stock
2023-11-05,NHDL,318.8,325.8,325.8,318.8,1499,stock
2023-11-06,NHDL,320.0,330.0,333.4,320.0,1328,stock
2023-11-07,NHDL,336.6,330.0,336.6,324.9,809,stock
2023-11-08,NHDL,331.0,340.0,340.0,331.0,1616,stock
2023-11-09,NHDL,346.0,327.0,346.0,327.0,1165,stock
2023-11-20,NHDL,321.1,322.0,327.1,320.5,3438,stock
2023-11-21,NHDL,321.1,318.0,324.0,318.0,2747,stock
2023-11-22,NHDL,312.0,328.4,337.5,312.0,325,stock
2023-11-23,NHDL,325.1,333.0,341.7,325.1,5539,stock
2023-11-26,NHDL,334.0,345.7,345.7,333.1,1362,stock
2023-11-27,NHDL,350.0,344.0,355.0,338.0,1738,stock
2023-11-28,NHDL,350.8,336.0,350.8,335.0,1151,stock
2023-11-29,NHDL,342.0,335.0,342.6,335.0,2295,stock
2023-11-30,NHDL,329.5,330.1,331.0,329.2,3500,stock
2023-12-03,NHDL,332.0,335.0,338.0,328.0,4699,stock
2023-12-04,NHDL,335.0,334.0,341.5,328.3,4486,stock
2023-12-05,NHDL,330.0,338.6,338.6,327.4,1916,stock
2023-12-06,NHDL,333.0,340.0,345.0,327.2,1464,stock
2023-12-07,NHDL,333.2,342.7,344.8,333.2,2342,stock
2023-12-10,NHDL,349.5,370.0,370.0,349.5,350,stock
2023-12-11,NHDL,352.7,344.0,358.0,331.6,6227,stock
2023-12-12,NHDL,344.0,349.0,350.0,331.0,7449,stock
2023-12-13,NHDL,354.9,348.0,360.0,347.1,12474,stock
2023-12-14,NHDL,348.0,382.8,382.8,346.4,10932,stock
2023-12-17,NHDL,375.2,386.0,390.0,365.0,14988,stock
2023-12-18,NHDL,385.0,379.0,391.8,373.1,23328,stock
2023-12-19,NHDL,375.0,373.0,376.0,367.1,7972,stock
2023-12-20,NHDL,380.0,395.0,398.2,374.0,22266,stock
2023-12-21,NHDL,395.0,382.0,402.0,378.3,48424,stock
2023-12-24,NHDL,380.0,384.0,402.9,380.0,41760,stock
2023-12-27,NHDL,391.0,380.0,399.0,375.0,17336,stock
2023-12-28,NHDL,374.6,382.5,385.9,374.5,7225,stock
2024-01-01,NHDL,382.5,379.0,390.1,375.0,10067,stock
2024-01-02,NHDL,379.0,374.0,380.0,367.5,6479,stock
2024-01-03,NHDL,372.0,370.0,379.4,370.0,5580,stock
2024-01-04,NHDL,377.0,389.0,390.0,377.0,26859,stock
2024-01-07,NHDL,396.6,427.0,427.9,383.0,122934,stock
2024-01-08,NHDL,435.1,443.0,452.6,430.0,73195,stock
2024-01-09,NHDL,450.0,438.0,450.0,421.2,36626,stock
2024-01-10,NHDL,430.1,419.0,433.0,417.2,28248,stock
2024-01-11,NHDL,417.0,425.0,437.4,415.0,59928,stock
2024-01-14,NHDL,433.5,441.1,452.0,426.2,117496,stock
2024-01-16,NHDL,449.0,435.0,449.7,435.0,33153,stock
2024-01-17,NHDL,443.7,432.0,450.0,430.0,68373,stock
2024-01-18,NHDL,425.0,433.0,444.0,425.0,63600,stock
2024-01-21,NHDL,433.1,419.0,441.0,418.0,30688,stock
2024-01-22,NHDL,427.3,410.9,427.3,410.9,23591,stock
2024-01-23,NHDL,419.0,420.0,420.0,407.0,28024,stock
2024-01-24,NHDL,428.4,418.0,440.0,412.5,15248,stock
2024-01-25,NHDL,414.0,447.3,447.3,414.0,29830,stock
2024-01-28,NHDL,456.2,440.0,456.2,427.5,50838,stock
2024-01-29,NHDL,447.6,450.0,450.0,432.1,27502,stock
2024-01-30,NHDL,459.0,457.0,459.0,445.0,18584,stock
2024-01-31,NHDL,466.1,459.0,466.1,438.3,57236,stock
2024-02-01,NHDL,449.9,440.0,449.9,439.0,26563,stock
2024-02-04,NHDL,431.2,438.0,448.0,431.2,5447,stock
2024-02-05,NHDL,438.0,429.3,446.0,429.3,3532,stock
2024-02-06,NHDL,430.0,439.9,447.2,430.0,2217,stock
2024-02-07,NHDL,440.0,436.0,440.0,433.0,3163,stock
2024-02-11,NHDL,456.0,444.2,460.0,444.0,32853,stock
2024-02-12,NHDL,452.0,450.5,453.0,439.0,12031,stock
2024-02-13,NHDL,459.5,447.0,459.5,439.0,25350,stock
2024-02-14,NHDL,455.9,483.0,483.0,445.0,52337,stock
2024-02-15,NHDL,483.0,464.1,483.0,459.0,45908,stock
2024-02-18,NHDL,458.0,445.2,466.0,445.2,13365,stock
2024-02-20,NHDL,438.0,440.2,453.0,438.0,16701,stock
2024-02-21,NHDL,449.0,436.0,450.0,436.0,4763,stock
2024-02-22,NHDL,438.1,425.0,442.0,422.0,10962,stock
2024-02-25,NHDL,429.0,422.0,439.0,421.4,9480,stock
2024-02-26,NHDL,428.0,423.1,430.4,423.1,5622,stock
2024-02-27,NHDL,430.5,429.0,433.0,427.0,5437,stock
2024-02-28,NHDL,425.0,432.5,433.5,425.0,3688,stock
2024-02-29,NHDL,425.0,428.0,433.5,420.0,10274,stock
2024-03-03,NHDL,425.0,417.1,428.0,417.1,3488,stock
2024-03-04,NHDL,425.4,433.9,433.9,425.4,40,stock
2024-03-05,NHDL,433.0,434.8,437.9,426.1,10428,stock
2024-03-06,NHDL,427.0,428.0,435.0,420.5,8832,stock
2024-03-07,NHDL,435.0,438.0,444.9,428.0,6977,stock
2024-03-10,NHDL,440.0,434.0,441.0,430.0,3344,stock
2024-03-12,NHDL,440.0,438.0,442.0,431.2,5507,stock
2024-03-13,NHDL,438.0,431.0,440.0,430.1,3717,stock
2024-03-14,NHDL,431.0,430.0,439.0,428.0,3633,stock
2024-03-17,NHDL,438.0,428.1,438.0,425.0,4340,stock
2024-03-18,NHDL,429.9,446.0,446.7,424.0,4298,stock
2024-03-19,NHDL,445.0,430.1,445.0,429.0,4814,stock
2024-03-20,NHDL,425.0,430.0,433.5,425.0,2246,stock
2024-03-21,NHDL,421.6,422.5,429.9,421.6,4262,stock
2024-03-25,NHDL,420.0,421.1,429.9,420.0,1837,stock
2024-03-26,NHDL,429.5,429.0,436.0,416.2,4342,stock
2024-03-27,NHDL,430.0,421.0,431.0,420.7,3796,stock
2024-03-28,NHDL,413.4,425.0,428.0,413.4,1226,stock
2024-03-31,NHDL,421.0,419.2,426.0,419.0,6479,stock
2024-04-01,NHDL,416.0,419.0,422.0,416.0,2399,stock
2024-04-02,NHDL,416.0,416.3,418.5,416.0,1257,stock
2024-04-03,NHDL,416.4,417.0,420.0,416.4,2681,stock
2024-04-04,NHDL,412.0,414.1,420.0,412.0,2336,stock
2024-04-07,NHDL,414.0,423.0,425.0,414.0,1968,stock
2024-04-09,NHDL,430.9,422.0,430.9,422.0,3398,stock
2024-04-10,NHDL,417.1,418.0,428.4,414.0,5195,stock
2024-04-14,NHDL,423.0,429.0,434.8,421.0,3175,stock
2024-04-15,NHDL,424.6,420.0,429.0,420.0,2292,stock
2024-04-16,NHDL,412.2,418.1,425.0,412.2,3628,stock
2024-04-18,NHDL,410.7,411.5,424.0,410.7,2838,stock
2024-04-21,NHDL,408.0,415.0,418.0,408.0,1534,stock
2024-04-22,NHDL,420.9,415.1,420.9,415.1,1931,stock
2024-04-24,NHDL,415.0,418.0,418.0,410.0,2813,stock
2024-04-25,NHDL,425.0,412.0,430.0,412.0,4531,stock
2024-04-28,NHDL,420.0,414.2,420.5,412.5,2717,stock
2024-04-29,NHDL,414.4,424.5,424.5,414.4,5347,stock
2024-04-30,NHDL,432.8,425.5,433.5,424.5,9001,stock
2024-05-02,NHDL,429.0,422.2,430.0,422.2,8093,stock
2024-05-05,NHDL,417.0,428.0,436.9,417.0,9835,stock
2024-05-06,NHDL,434.8,416.1,434.9,415.8,2157,stock
2024-05-07,NHDL,424.4,424.0,424.4,413.3,1617,stock
2024-05-08,NHDL,430.0,425.0,430.0,408.9,5888,stock
2024-05-09,NHDL,416.5,428.0,433.5,410.0,5627,stock
2024-05-12,NHDL,436.3,419.7,436.5,419.7,3883,stock
2024-05-13,NHDL,416.1,422.1,422.1,415.2,2905,stock
2024-05-14,NHDL,428.0,447.0,448.0,428.0,38137,stock
2024-05-15,NHDL,444.1,452.2,475.3,444.1,37114,stock
2024-05-16,NHDL,445.0,464.0,474.1,443.2,35006,stock
2024-05-19,NHDL,464.0,470.0,476.0,454.4,41047,stock
2024-05-20,NHDL,474.9,472.0,480.0,465.5,59452,stock
2024-05-21,NHDL,480.0,513.0,513.0,464.1,64319,stock
2024-05-22,NHDL,523.0,490.0,523.0,484.0,27382,stock
2024-05-26,NHDL,499.0,467.0,499.0,463.1,15811,stock
2024-05-27,NHDL,476.0,474.1,483.5,458.0,10143,stock
2024-05-29,NHDL,483.2,476.1,487.0,470.0,21060,stock
2024-05-30,NHDL,472.5,500.0,509.0,472.5,106835,stock
2024-06-02,NHDL,500.0,506.1,510.0,490.0,52424,stock
2024-06-03,NHDL,516.0,493.0,516.0,490.0,54807,stock
2024-06-04,NHDL,502.0,480.3,502.0,480.0,29540,stock
2024-06-05,NHDL,489.0,482.0,493.0,477.0,10636,stock
2024-06-06,NHDL,476.1,514.1,514.1,476.1,30001,stock
2024-06-09,NHDL,522.0,502.1,522.0,494.0,36531,stock
2024-06-10,NHDL,502.5,534.0,542.6,502.5,184176,stock
2024-06-11,NHDL,544.6,548.8,551.8,523.2,72988,stock
2024-06-12,NHDL,541.0,537.2,556.0,534.0,37480,stock
2024-06-13,NHDL,540.0,541.0,544.0,529.2,54583,stock
2024-06-16,NHDL,549.9,546.9,555.0,530.0,28463,stock
2024-06-18,NHDL,540.5,527.0,548.0,524.4,32362,stock
2024-06-19,NHDL,524.0,522.0,533.7,520.0,21047,stock
2024-06-20,NHDL,525.0,520.3,530.0,520.0,40046,stock
2024-06-23,NHDL,530.7,514.0,540.0,514.0,13476,stock
2024-06-24,NHDL,524.0,520.0,527.0,515.0,20101,stock
2024-06-25,NHDL,530.0,533.0,539.9,525.0,26539,stock
2024-06-26,NHDL,543.6,524.0,543.6,516.6,9078,stock
2024-06-27,NHDL,532.0,520.0,532.0,520.0,7090,stock
2024-06-30,NHDL,528.0,521.0,533.0,520.2,42550,stock
2024-07-01,NHDL,515.2,523.0,528.0,513.4,30252,stock
2024-07-02,NHDL,533.4,524.2,554.0,523.0,19149,stock
2024-07-03,NHDL,514.0,520.0,534.0,514.0,22538,stock
2024-07-04,NHDL,530.0,514.0,530.0,514.0,29081,stock
2024-07-07,NHDL,524.1,513.0,531.8,512.1,13583,stock
2024-07-08,NHDL,518.0,515.0,519.0,512.0,10581,stock
2024-07-09,NHDL,524.8,520.0,524.8,510.2,32919,stock
2024-07-10,NHDL,512.1,521.0,527.0,512.1,10279,stock
2024-07-11,NHDL,521.0,521.4,527.0,517.6,10871,stock
2024-07-14,NHDL,531.0,542.9,543.0,522.0,42828,stock
2024-07-15,NHDL,535.1,534.0,545.8,534.0,80042,stock
2024-07-16,NHDL,534.0,562.0,573.0,526.0,77100,stock
2024-07-17,NHDL,573.0,575.0,583.0,562.1,40618,stock
2024-07-18,NHDL,577.0,576.0,598.0,575.0,29639,stock
2024-07-21,NHDL,576.0,568.9,578.9,567.2,38723,stock
2024-07-22,NHDL,579.0,595.0,595.0,566.0,23348,stock
2024-07-23,NHDL,606.0,594.2,606.0,590.0,42188,stock
2024-07-24,NHDL,599.0,573.3,599.0,569.1,30094,stock
2024-07-25,NHDL,573.0,575.0,580.0,564.1,26048,stock
2024-07-28,NHDL,586.0,572.0,586.0,558.8,22676,stock
2024-07-29,NHDL,561.2,575.0,590.0,561.2,28663,stock
2024-07-30,NHDL,586.5,591.8,595.0,572.1,30853,stock
2024-07-31,NHDL,602.0,640.0,640.0,601.5,88126,stock
2024-08-01,NHDL,644.0,704.0,704.0,617.0,88770,stock
2024-08-05,NHDL,690.0,672.0,695.0,660.0,49557,stock
2024-08-06,NHDL,672.0,620.0,685.4,618.0,41521,stock
2024-08-07,NHDL,620.0,660.9,660.9,607.6,65033,stock
2024-08-08,NHDL,662.0,649.0,670.0,641.1,26881,stock
2024-08-11,NHDL,661.9,660.0,674.0,649.0,29501,stock
2024-08-12,NHDL,673.2,660.3,680.0,660.1,36187,stock
2024-08-13,NHDL,656.0,670.0,684.0,654.0,72065,stock
2024-08-14,NHDL,657.0,699.0,703.0,657.0,99406,stock
2024-08-15,NHDL,705.0,675.3,718.0,675.3,81172,stock
2024-08-18,NHDL,688.0,644.0,688.0,640.0,54456,stock
2024-08-21,NHDL,631.2,662.0,675.0,631.2,30846,stock
2024-08-22,NHDL,673.0,653.9,675.0,650.0,54800,stock
2024-08-25,NHDL,648.0,637.0,648.0,621.0,19565,stock
2024-08-27,NHDL,626.0,608.9,647.3,608.0,37647,stock
2024-08-28,NHDL,618.0,609.0,637.6,597.8,13210,stock
2024-08-29,NHDL,609.0,592.0,620.0,590.0,20162,stock
2024-09-01,NHDL,594.0,582.0,603.8,580.3,11686,stock
2024-09-02,NHDL,593.0,612.0,612.0,581.2,34185,stock
2024-09-03,NHDL,612.0,615.0,624.0,605.0,44035,stock
2024-09-04,NHDL,615.0,594.0,626.0,581.7,16755,stock
2024-09-05,NHDL,605.0,587.0,605.0,582.2,12433,stock
2024-09-08,NHDL,580.0,581.0,610.0,580.0,4710,stock
2024-09-09,NHDL,576.0,575.0,589.0,573.0,11770,stock
2024-09-10,NHDL,580.0,578.1,591.6,573.0,7391,stock
2024-09-11,NHDL,570.0,570.0,574.0,568.2,8618,stock
2024-09-12,NHDL,560.0,587.1,597.0,558.6,6736,stock
2024-09-15,NHDL,587.0,568.0,604.3,568.0,18990,stock
2024-09-16,NHDL,561.0,556.0,566.0,555.0,10462,stock
2024-09-18,NHDL,556.5,562.0,574.0,556.5,9979,stock
2024-09-22,NHDL,569.0,571.0,571.0,560.0,8993,stock
2024-09-23,NHDL,571.0,540.0,571.0,540.0,8007,stock
2024-09-24,NHDL,540.0,521.4,550.8,521.2,5236,stock
2024-09-25,NHDL,520.0,540.0,540.0,520.0,29388,stock
2024-09-26,NHDL,550.0,542.2,550.8,536.1,12721,stock
2024-09-29,NHDL,552.0,539.0,552.0,530.0,3189,stock
2024-09-30,NHDL,549.0,551.0,551.0,530.0,7299,stock
2024-10-01,NHDL,551.0,584.0,584.0,551.0,9593,stock
2024-10-02,NHDL,590.0,580.0,599.0,575.0,19583,stock
2024-10-06,NHDL,580.0,585.0,585.0,563.5,5993,stock
2024-10-07,NHDL,590.0,586.6,598.2,585.0,7400,stock
2024-10-08,NHDL,575.1,584.0,586.6,575.0,311,stock
2024-10-09,NHDL,584.0,586.9,590.0,578.0,7988,stock
2024-10-15,NHDL,590.0,593.1,600.0,588.2,6061,stock
2024-10-16,NHDL,604.9,600.0,608.0,593.1,3017,stock
2024-10-17,NHDL,611.9,605.0,611.9,592.7,6976,stock
2024-10-20,NHDL,604.0,578.0,604.0,578.0,9758,stock
2024-10-21,NHDL,580.0,566.1,580.0,562.0,7343,stock
2024-10-22,NHDL,566.0,570.0,588.0,565.8,7943,stock
2024-10-23,NHDL,575.0,570.0,580.0,566.0,4589,stock
2024-10-24,NHDL,563.0,579.0,580.0,563.0,8519,stock
2024-10-27,NHDL,580.0,575.0,588.0,571.1,7274,stock
2024-10-28,NHDL,586.5,581.0,590.0,577.1,4464,stock
2024-10-29,NHDL,592.0,597.0,603.8,582.3,6886,stock
2024-10-30,NHDL,597.0,599.9,615.0,588.2,7809,stock
2024-11-05,NHDL,594.0,604.0,604.0,592.2,1086,stock
2024-11-06,NHDL,616.0,605.0,616.0,593.3,4784,stock
2024-11-10,NHDL,615.0,612.0,619.8,605.0,12259,stock
2024-11-11,NHDL,619.9,613.0,619.9,592.0,54279,stock
2024-11-12,NHDL,605.0,618.0,635.0,605.0,26875,stock
2024-11-13,NHDL,630.0,633.0,642.0,619.1,8797,stock
2024-11-14,NHDL,642.0,655.0,655.0,630.0,26381,stock
2024-11-17,NHDL,668.0,660.0,680.0,654.5,20144,stock
2024-11-19,NHDL,646.9,650.0,660.0,640.0,33702,stock
2024-11-20,NHDL,650.0,715.0,715.0,637.3,57223,stock
2024-11-21,NHDL,700.7,694.2,726.0,686.0,48702,stock
2024-11-24,NHDL,681.0,685.9,699.9,681.0,31305,stock
2024-11-25,NHDL,674.0,699.0,701.0,674.0,55949,stock
2024-11-26,NHDL,705.8,743.0,750.0,701.0,87647,stock
2024-11-27,NHDL,747.5,745.2,757.0,744.0,27866,stock
2024-11-28,NHDL,760.0,723.0,760.0,719.0,48365,stock
2024-12-01,NHDL,709.0,707.7,723.0,701.0,49383,stock
2024-12-02,NHDL,720.0,730.0,745.0,713.1,27261,stock
2024-12-03,NHDL,744.0,729.1,744.0,729.0,19055,stock
2024-12-04,NHDL,739.9,752.4,770.0,726.0,30094,stock
2024-12-05,NHDL,767.4,749.0,773.0,743.0,28044,stock
2024-12-08,NHDL,763.9,740.0,763.9,734.8,15875,stock
2024-12-09,NHDL,753.0,735.0,753.0,729.0,26020,stock
2024-12-10,NHDL,746.9,737.0,749.0,730.5,13987,stock
2024-12-11,NHDL,751.7,762.9,762.9,737.0,24877,stock
2024-12-12,NHDL,748.1,754.8,770.5,748.1,10126,stock
2024-12-16,NHDL,757.0,736.0,757.0,729.0,54599,stock
2024-12-17,NHDL,742.0,733.0,742.0,728.0,11047,stock
2024-12-18,NHDL,725.0,725.0,746.0,725.0,10236,stock
2024-12-19,NHDL,739.5,715.0,739.5,710.6,20405,stock
2024-12-22,NHDL,729.3,742.0,742.9,701.5,40412,stock
2024-12-23,NHDL,674.0,754.8,754.8,670.0,11452,stock
2024-12-24,NHDL,753.0,725.0,753.0,710.7,23542,stock
2024-12-26,NHDL,739.0,727.0,739.0,703.0,10615,stock
2024-12-29,NHDL,720.0,710.0,720.0,702.4,3684,stock
2024-12-31,NHDL,695.8,709.0,709.6,695.0,8667,stock
2025-01-01,NHDL,714.9,700.0,714.9,695.1,5514,stock
2025-01-02,NHDL,710.0,705.0,710.0,691.6,5180,stock
2025-01-05,NHDL,708.0,735.0,735.0,708.0,18662,stock
2025-01-06,NHDL,722.2,780.0,793.0,722.2,139071,stock
2025-01-07,NHDL,764.4,820.1,828.0,764.4,76070,stock
2025-01-08,NHDL,836.5,840.1,849.9,805.0,30422,stock
2025-01-09,NHDL,824.0,849.0,854.0,811.0,27662,stock
2025-01-12,NHDL,833.1,845.1,857.9,832.1,29606,stock
2025-01-13,NHDL,840.0,851.0,858.0,837.0,37689,stock
2025-01-15,NHDL,867.9,903.9,906.0,866.0,59070,stock
2025-01-16,NHDL,921.0,907.6,921.0,890.0,31691,stock
2025-01-19,NHDL,891.0,889.9,922.0,878.2,47077,stock
2025-01-20,NHDL,895.0,898.0,920.0,886.0,33469,stock
2025-01-21,NHDL,898.0,891.0,914.0,883.0,20384,stock
2025-01-22,NHDL,900.0,925.3,925.3,885.0,57001,stock
2025-01-23,NHDL,935.0,930.0,940.0,885.0,28365,stock
2025-01-26,NHDL,915.0,850.0,920.0,850.0,52159,stock
2025-01-27,NHDL,860.0,804.1,877.0,804.1,59705,stock
2025-01-28,NHDL,820.0,790.0,829.8,783.1,84362,stock
2025-02-02,NHDL,799.9,840.0,850.0,790.0,57489,stock
2025-02-03,NHDL,830.0,830.0,840.0,824.0,45658,stock
2025-02-04,NHDL,820.0,833.0,840.1,820.0,28875,stock
2025-02-05,NHDL,833.0,827.2,835.0,822.5,31627,stock
2025-02-06,NHDL,812.1,822.0,843.7,812.1,40437,stock
2025-02-09,NHDL,835.0,827.0,835.0,816.0,46571,stock
2025-02-10,NHDL,813.2,836.0,845.0,813.2,18502,stock
2025-02-11,NHDL,844.0,892.0,892.0,840.0,52245,stock
2025-02-12,NHDL,900.0,896.0,914.9,883.0,37402,stock
2025-02-13,NHDL,913.9,899.0,918.0,890.0,39415,stock
2025-02-16,NHDL,914.9,915.0,915.0,899.0,41000,stock
2025-02-17,NHDL,897.0,892.0,928.0,891.0,19678,stock
2025-02-18,NHDL,909.8,899.9,909.8,880.0,13271,stock
2025-02-20,NHDL,882.0,925.1,925.1,870.0,24834,stock
2025-02-23,NHDL,910.0,895.0,910.0,870.8,31218,stock
2025-02-24,NHDL,895.0,929.6,958.8,895.0,200188,stock
2025-02-25,NHDL,931.0,952.0,959.0,930.0,29164,stock
2025-02-27,NHDL,969.0,997.6,997.6,945.0,49302,stock
2025-03-02,NHDL,977.7,964.0,989.0,960.7,97602,stock
2025-03-03,NHDL,983.0,974.0,1002.6,965.1,58821,stock
2025-03-04,NHDL,954.6,953.0,989.4,940.8,96941,stock
2025-03-05,NHDL,972.0,920.0,972.0,920.0,34855,stock
2025-03-06,NHDL,916.1,904.0,930.0,903.0,25309,stock
2025-03-09,NHDL,922.0,889.0,939.0,880.1,30042,stock
2025-03-10,NHDL,880.0,871.1,900.0,870.0,10601,stock
2025-03-11,NHDL,886.0,860.0,886.0,846.7,11994,stock
2025-03-12,NHDL,877.1,884.0,940.0,850.0,31041,stock
2025-03-16,NHDL,901.0,873.0,919.0,860.1,16085,stock
2025-03-17,NHDL,856.0,849.0,890.0,833.0,13725,stock
2025-03-18,NHDL,848.0,850.0,880.0,828.2,14988,stock
2025-03-19,NHDL,840.0,839.0,865.0,836.4,5430,stock
2025-03-20,NHDL,826.9,831.56,850.0,826.6,9792,stock
2025-03-23,NHDL,848.1,818.0,882.3,815.5,6566,stock
2025-03-24,NHDL,834.3,823.9,834.3,795.0,4323,stock
2025-03-25,NHDL,807.5,789.49,840.0,780.1,4984,stock
2025-03-26,NHDL,805.2,784.91,805.2,766.1,8713,stock
2025-03-27,NHDL,790.0,811.96,814.0,785.0,12990,stock
2025-03-30,NHDL,828.0,815.0,829.0,805.0,3203,stock
2025-04-01,NHDL,829.9,806.38,829.9,795.0,4065,stock
2025-04-02,NHDL,821.3,802.93,824.9,798.0,17899,stock
2025-04-03,NHDL,803.0,802.0,816.0,796.0,2446,stock
2025-04-07,NHDL,802.0,791.33,810.0,791.2,3681,stock
2025-04-08,NHDL,776.0,795.32,799.3,775.6,7085,stock
2025-04-09,NHDL,805.0,791.14,827.3,782.1,7104,stock
2025-04-10,NHDL,800.0,779.37,800.0,777.3,1905,stock
2025-04-13,NHDL,794.9,778.52,794.9,765.4,1999,stock
2025-04-15,NHDL,763.0,794.51,804.0,763.0,4661,stock
2025-04-16,NHDL,800.0,800.11,810.0,785.0,7351,stock
2025-04-17,NHDL,814.9,815.05,824.0,800.0,4351,stock
2025-04-20,NHDL,806.0,803.0,831.0,803.0,4750,stock
2025-04-21,NHDL,802.0,875.86,881.0,793.9,40488,stock
2025-04-22,NHDL,876.0,845.45,876.0,795.3,75170,stock
2025-04-23,NHDL,829.0,848.28,862.0,786.0,37331,stock
2025-04-24,NHDL,831.4,787.92,832.0,780.0,16093,stock
2025-04-27,NHDL,800.0,762.23,832.0,755.0,16761,stock
2025-04-28,NHDL,777.4,749.52,780.0,749.0,5686,stock
2025-04-29,NHDL,764.0,730.68,764.0,728.6,8151,stock
2025-04-30,NHDL,716.1,743.19,759.9,716.1,5382,stock
2025-05-04,NHDL,757.0,737.64,800.0,737.0,9261,stock
2025-05-05,NHDL,752.0,724.0,779.0,722.8,6056,stock
2025-05-06,NHDL,738.0,732.17,738.0,717.1,7195,stock
2025-05-07,NHDL,717.7,735.86,745.6,717.7,9982,stock
2025-05-08,NHDL,735.1,733.24,748.0,722.4,12167,stock
2025-05-11,NHDL,735.0,710.81,746.0,705.9,13794,stock
2025-05-13,NHDL,724.0,699.05,729.9,696.1,12456,stock
2025-05-14,NHDL,712.5,677.17,713.0,676.2,10689,stock
2025-05-15,NHDL,680.0,672.28,691.0,669.0,4945,stock
2025-05-18,NHDL,667.1,670.77,685.7,667.0,5966,stock
2025-05-19,NHDL,679.9,695.32,699.0,672.2,5149,stock
2025-05-20,NHDL,685.0,705.67,737.4,682.0,9777,stock
2025-05-21,NHDL,719.7,708.07,762.0,705.0,8657,stock
2025-05-22,NHDL,700.0,696.51,715.0,695.9,6217,stock
2025-05-25,NHDL,690.0,692.9,710.0,690.0,1216,stock
2025-05-26,NHDL,706.0,689.23,719.8,681.5,11254,stock
2025-05-27,NHDL,699.9,698.0,700.0,685.0,2334,stock
2025-05-28,NHDL,684.1,688.7,709.0,684.1,5849,stock
2025-06-02,NHDL,700.0,691.66,727.9,690.0,3423,stock
2025-06-03,NHDL,695.0,686.69,695.0,685.2,5195,stock
2025-06-04,NHDL,696.0,679.9,696.0,673.0,7364,stock
2025-06-05,NHDL,693.0,691.5,705.0,680.0,10460,stock
2025-06-08,NHDL,704.0,691.39,704.0,685.0,914,stock
2025-06-09,NHDL,705.0,731.59,747.0,678.3,14930,stock
2025-06-10,NHDL,746.1,738.01,746.1,717.5,13997,stock
2025-06-11,NHDL,725.1,730.79,744.0,718.0,2557,stock
2025-06-12,NHDL,729.0,733.66,743.0,716.5,11059,stock
2025-06-15,NHDL,748.3,701.14,748.3,697.0,27317,stock
2025-06-16,NHDL,715.1,687.67,729.0,650.8,41635,stock
2025-06-17,NHDL,701.4,689.45,720.0,672.0,6883,stock
2025-06-18,NHDL,703.2,675.62,703.2,674.1,7337,stock
2025-06-19,NHDL,688.0,675.03,688.9,670.3,9129,stock
2025-06-22,NHDL,688.5,661.23,688.5,660.0,9266,stock
2025-06-23,NHDL,649.0,663.84,674.0,640.0,10764,stock
2025-06-24,NHDL,651.1,657.09,690.0,651.1,8354,stock
2025-06-25,NHDL,668.9,656.63,669.0,656.0,3445,stock
2025-06-26,NHDL,669.0,678.03,695.0,661.0,9692,stock
2025-06-29,NHDL,678.03,683.95,697.0,665.0,1925,stock
2025-06-30,NHDL,690.0,679.83,690.0,676.0,7009,stock
2025-07-01,NHDL,679.83,678.47,685.5,668.0,3120,stock
2025-07-02,NHDL,691.8,674.42,691.8,672.0,6496,stock
2025-07-03,NHDL,687.5,673.63,687.8,671.4,2618,stock
2025-07-06,NHDL,670.0,671.12,683.3,670.0,3817,stock
2025-07-07,NHDL,671.1,657.34,684.4,657.0,9493,stock
2025-07-08,NHDL,657.1,659.0,669.8,653.0,13924,stock
2025-07-09,NHDL,672.0,661.01,684.0,660.4,6230,stock
2025-07-10,NHDL,674.2,678.48,693.6,672.3,10179,stock
2025-07-13,NHDL,692.0,682.03,695.0,678.6,10558,stock
2025-07-14,NHDL,680.1,676.15,685.0,675.6,4177,stock
2025-07-15,NHDL,674.1,682.3,683.0,674.1,4519,stock
2025-07-16,NHDL,689.0,676.78,689.0,673.0,9515,stock
2025-07-17,NHDL,685.0,714.52,719.9,685.0,14834,stock
2025-07-20,NHDL,725.0,716.61,742.5,710.5,25840,stock
2025-07-21,NHDL,718.0,717.33,721.1,708.7,6920,stock
2025-07-22,NHDL,731.6,740.82,759.0,725.0,17164,stock
2025-07-23,NHDL,740.3,737.2,767.0,724.0,20209,stock
2025-07-24,NHDL,750.0,730.21,751.0,725.0,12055,stock
2025-07-27,NHDL,744.8,764.1,774.0,742.0,41708,stock
2025-07-28,NHDL,751.1,739.67,770.0,730.0,34641,stock
2025-07-29,NHDL,754.4,750.78,769.0,745.0,22480,stock
2025-07-30,NHDL,765.0,742.45,765.0,741.0,19101,stock
2025-07-31,NHDL,735.0,729.92,749.0,727.0,13844,stock
2025-08-03,NHDL,731.0,718.71,734.0,707.6,10931,stock
2025-08-04,NHDL,726.0,718.4,740.5,711.0,8649,stock
2025-08-05,NHDL,712.0,718.36,734.4,712.0,5855,stock
2025-08-06,NHDL,710.0,716.5,725.0,710.0,3527,stock
2025-08-07,NHDL,716.5,715.44,729.0,711.1,8643,stock
2025-08-11,NHDL,725.0,714.98,725.0,712.2,6516,stock
2025-08-12,NHDL,710.0,705.59,712.5,704.2,8082,stock
2025-08-13,NHDL,705.0,703.95,706.0,702.2,3861,stock
2025-08-14,NHDL,703.95,705.76,709.9,703.1,7233,stock
2025-08-17,NHDL,707.0,714.32,725.0,707.0,5190,stock
2025-08-18,NHDL,714.0,733.08,749.7,710.0,28667,stock
2025-08-19,NHDL,746.0,733.05,761.0,725.0,13388,stock
2025-08-20,NHDL,725.0,733.31,741.0,719.1,54972,stock
2025-08-21,NHDL,744.0,727.62,744.9,720.0,19798,stock
2025-08-24,NHDL,727.62,718.0,734.0,686.0,7250,stock
2025-08-25,NHDL,710.0,707.99,717.0,701.1,6110,stock
2025-08-26,NHDL,693.9,710.6,714.0,693.9,4707,stock
2025-08-27,NHDL,711.0,716.64,720.0,711.0,13715,stock
2025-08-28,NHDL,729.0,714.29,729.0,705.0,11590,stock
2025-08-31,NHDL,701.0,707.0,710.0,701.0,7769,stock
2025-09-01,NHDL,714.0,702.39,714.0,700.0,6239,stock
2025-09-02,NHDL,700.0,699.48,705.0,697.4,7240,stock
2025-09-03,NHDL,709.9,693.9,709.9,690.2,41745,stock
2025-09-04,NHDL,682.0,685.17,690.0,682.0,7379,stock
2025-09-07,NHDL,680.0,680.17,689.0,677.6,3144,stock
2025-09-08,NHDL,680.0,665.57,680.0,664.2,7889,stock
2025-09-18,NHDL,653.0,653.0,653.0,653.0,200,stock
2025-09-21,NHDL,640.0,670.76,681.0,640.0,8196,stock
2025-09-23,NHDL,680.0,711.9,711.9,670.0,6390,stock
2025-09-24,NHDL,712.0,692.6,713.9,692.0,6032,stock
2025-09-25,NHDL,696.0,694.0,708.8,694.0,9074,stock
2025-09-28,NHDL,700.0,695.1,710.0,695.0,1546,stock
2025-10-07,NHDL,681.3,681.0,705.0,681.0,4266,stock
2025-10-08,NHDL,671.0,676.0,676.0,660.1,3534,stock
2025-10-09,NHDL,689.5,692.0,703.0,666.5,3859,stock
2025-10-12,NHDL,678.2,651.0,678.2,633.0,5992,stock
2025-10-13,NHDL,642.0,663.0,671.9,642.0,3180,stock
2025-10-14,NHDL,676.0,645.1,676.0,645.0,3333,stock
2025-10-15,NHDL,657.9,640.0,657.9,635.2,4409,stock
2025-10-16,NHDL,652.8,636.3,652.8,636.3,2147,stock
2025-10-19,NHDL,630.0,636.5,652.8,630.0,3035,stock
2025-10-26,NHDL,637.0,660.0,660.0,637.0,235,stock
2025-10-28,NHDL,672.8,678.1,684.0,659.4,5143,stock
2025-10-29,NHDL,691.0,680.0,718.0,675.0,9060,stock
2025-10-30,NHDL,689.9,685.0,700.0,670.0,5556,stock
2025-11-02,NHDL,698.7,705.0,712.0,685.1,3445,stock
2025-11-03,NHDL,700.0,700.0,710.0,679.0,8981,stock
2025-11-04,NHDL,690.0,687.1,691.0,687.1,4307,stock
2025-11-05,NHDL,680.0,677.3,692.0,677.3,3446,stock
2025-11-06,NHDL,663.9,687.0,687.0,663.9,3259,stock
2025-11-09,NHDL,687.0,677.0,689.6,676.1,2524,stock
2025-11-10,NHDL,666.0,674.0,690.0,665.0,1272,stock
2025-11-11,NHDL,674.0,678.0,686.0,673.0,1898,stock
2025-11-12,NHDL,685.0,668.0,685.0,668.0,2083,stock
2025-11-13,NHDL,679.0,660.0,679.0,655.5,4694,stock
2025-11-16,NHDL,673.0,675.0,675.0,661.0,3660,stock
2025-11-17,NHDL,674.8,675.0,685.0,674.8,1245,stock
2025-11-18,NHDL,677.0,697.0,700.0,676.6,4690,stock
2025-11-19,NHDL,697.0,684.1,709.9,683.3,12560,stock
2025-11-20,NHDL,695.0,686.1,695.0,684.0,610,stock
2025-11-23,NHDL,697.0,695.1,700.0,690.0,4111,stock
2025-11-24,NHDL,695.0,698.0,698.0,687.0,5724,stock
2025-11-25,NHDL,695.0,690.0,697.0,675.1,3214,stock
2025-11-26,NHDL,689.5,700.0,705.0,689.5,4793,stock
2025-11-27,NHDL,686.0,715.0,715.0,686.0,9675,stock
2025-11-30,NHDL,701.0,710.0,718.0,700.7,3086,stock
2025-12-01,NHDL,709.8,696.1,709.9,695.0,1211,stock
2025-12-02,NHDL,696.1,696.0,705.0,688.3,1328,stock
2025-12-03,NHDL,695.5,698.4,702.0,695.0,4154,stock
2025-12-07,NHDL,700.0,690.3,712.0,690.0,2669,stock
2025-12-08,NHDL,690.3,687.0,696.7,683.1,2884,stock
2025-12-09,NHDL,690.1,691.0,700.7,690.1,2403,stock
2025-12-10,NHDL,691.0,699.0,700.0,691.0,1071,stock
2025-12-11,NHDL,686.0,691.0,699.0,686.0,7477,stock
2025-12-14,NHDL,686.5,691.0,700.7,686.5,15262,stock
2025-12-15,NHDL,680.0,704.9,706.8,680.0,9834,stock
2025-12-16,NHDL,704.9,720.0,734.9,704.9,17582,stock
2025-12-17,NHDL,705.6,729.8,732.0,705.6,22975,stock
2025-12-18,NHDL,715.3,743.5,749.0,715.3,26157,stock
2025-12-21,NHDL,730.0,729.9,773.0,727.0,35697,stock
2025-12-22,NHDL,683.0,674.0,688.0,662.0,11833,stock
2025-12-23,NHDL,660.6,670.0,684.0,623.0,6145,stock
2025-12-24,NHDL,669.5,680.0,708.0,662.4,9153,stock
2025-12-28,NHDL,690.0,697.0,730.0,671.5,12391,stock
2025-12-29,NHDL,695.0,731.9,739.8,695.0,98469,stock
2025-12-31,NHDL,717.3,738.0,796.0,681.1,166252,stock
2026-01-01,NHDL,723.7,742.0,780.0,710.0,31787,stock
2026-01-04,NHDL,727.2,710.0,727.2,695.0,44051,stock
2026-01-05,NHDL,695.8,705.0,766.0,695.8,65309,stock
2026-01-06,NHDL,692.0,700.0,733.0,692.0,38196,stock
2026-01-07,NHDL,710.0,682.0,712.0,668.0,90636,stock
2026-01-08,NHDL,694.0,666.0,694.0,666.0,21018,stock
2026-01-12,NHDL,676.0,663.0,679.0,658.0,29098,stock
2026-01-13,NHDL,661.0,662.9,663.0,650.2,16607,stock
2026-01-14,NHDL,673.0,660.0,673.9,660.0,23012,stock
2026-01-18,NHDL,660.2,664.0,672.0,658.6,15192,stock
2026-01-20,NHDL,675.0,685.0,688.0,667.2,16236,stock
2026-01-21,NHDL,698.0,689.0,700.0,685.0,33402,stock
2026-01-22,NHDL,681.0,695.0,695.0,678.1,9663,stock
2026-01-25,NHDL,694.0,693.0,704.9,687.0,19932,stock
2026-01-26,NHDL,698.0,678.0,705.9,678.0,20807,stock
2026-01-27,NHDL,681.0,666.0,689.0,665.0,22556,stock
2026-01-28,NHDL,679.3,671.2,679.3,668.0,11623,stock
2026-01-29,NHDL,671.2,671.1,689.0,670.0,21273,stock
2026-02-01,NHDL,661.0,669.0,679.0,661.0,8566,stock
2026-02-02,NHDL,682.0,662.0,682.0,655.0,17849,stock
2026-02-03,NHDL,662.2,660.1,669.0,660.0,5215,stock
2026-02-04,NHDL,673.0,660.0,673.0,650.1,9369,stock
2026-02-05,NHDL,660.2,671.0,671.0,651.0,12397,stock
2026-02-08,NHDL,664.0,669.0,683.6,657.6,24215,stock
2026-02-09,NHDL,664.0,659.0,664.0,659.0,8752,stock
2026-02-10,NHDL,656.0,655.0,668.9,648.0,26743,stock
2026-02-11,NHDL,665.0,645.3,665.0,645.3,13090,stock
2026-02-12,NHDL,645.0,650.0,655.0,639.0,23323,stock
2026-02-16,NHDL,650.0,654.0,655.0,647.0,7278,stock
2026-02-17,NHDL,645.1,647.0,649.0,641.0,15524,stock
2026-02-22,NHDL,636.0,635.0,644.0,635.0,8882,stock
2026-02-23,NHDL,633.0,632.0,639.0,630.2,3473,stock
2026-02-24,NHDL,635.2,637.0,638.0,633.0,3593,stock
2026-02-25,NHDL,636.4,646.0,647.0,636.1,5661,stock
2026-02-26,NHDL,645.0,643.1,650.0,638.0,2057,stock
2026-03-01,NHDL,633.1,643.0,652.0,633.1,3698,stock
2026-03-03,NHDL,654.9,656.9,667.0,640.0,11216,stock
2026-03-09,NHDL,670.0,670.0,670.0,670.0,110,stock
2026-03-10,NHDL,683.3,690.0,696.9,675.0,44376,stock
2026-03-11,NHDL,677.2,689.9,690.0,670.2,25893,stock
2026-03-12,NHDL,689.9,694.0,694.0,683.0,14629,stock
2026-03-15,NHDL,690.0,681.0,692.0,678.1,10581,stock
2026-03-16,NHDL,681.0,678.0,681.9,660.0,6968,stock
2026-03-17,NHDL,670.0,671.0,677.6,665.1,4323,stock
2026-03-19,NHDL,684.0,677.5,684.0,671.1,16961,stock
2026-03-22,NHDL,689.0,680.0,690.0,677.0,9662,stock
2026-03-23,NHDL,680.0,680.0,680.0,669.0,9683,stock
2026-03-24,NHDL,690.0,680.0,690.4,668.0,4934,stock
2026-03-25,NHDL,688.0,680.0,688.0,671.0,9371,stock
2026-03-26,NHDL,672.0,676.0,684.0,670.0,5640,stock
2026-03-29,NHDL,682.0,663.5,682.0,660.0,8123,stock
2026-03-30,NHDL,660.0,651.0,669.0,651.0,6837,stock
2026-03-31,NHDL,651.0,658.0,660.0,643.0,6440,stock
2026-04-01,NHDL,658.0,647.0,658.0,644.9,4302,stock
2026-04-02,NHDL,657.0,640.0,658.0,638.0,11473,stock
2026-04-05,NHDL,633.0,620.0,644.5,620.0,9076,stock
2026-04-06,NHDL,632.4,634.3,638.9,622.0,13268,stock
2026-04-07,NHDL,639.5,627.0,639.5,625.0,3308,stock
2026-04-08,NHDL,627.0,635.0,643.0,627.0,4285,stock
2026-04-09,NHDL,636.0,645.0,646.0,631.0,14013,stock
2026-04-10,NHDL,657.8,640.0,657.8,635.0,11020,stock
2026-04-13,NHDL,641.0,655.0,655.0,641.0,11203,stock
2026-04-15,NHDL,664.9,664.0,670.0,655.4,12530,stock
2026-04-16,NHDL,664.0,663.0,677.2,656.1,10861,stock
2026-04-17,NHDL,656.1,656.0,660.0,655.2,5881,stock
2026-04-20,NHDL,665.0,648.0,665.0,648.0,2923,stock
2026-04-21,NHDL,629.0,650.0,655.0,629.0,2693,stock
2026-04-22,NHDL,650.0,641.5,650.0,628.0,5413,stock
2026-04-23,NHDL,655.0,636.0,655.0,629.0,2317,stock
2026-04-24,NHDL,636.0,645.0,649.0,630.0,2900,stock
2026-04-27,NHDL,645.0,636.2,650.0,634.0,2319,stock
2026-04-28,NHDL,636.2,626.0,640.0,626.0,3814,stock
2026-04-29,NHDL,625.0,629.8,629.8,618.0,5450,stock
2026-04-30,NHDL,619.0,627.0,635.0,619.0,972,stock
2026-05-04,NHDL,642.0,615.2,642.0,615.2,3811,stock
2026-05-05,NHDL,616.0,624.0,624.0,615.0,4035,stock
2026-05-06,NHDL,624.0,624.0,624.0,616.1,598,stock
2026-05-07,NHDL,642.5,634.0,642.5,623.5,767,stock
2026-05-08,NHDL,647.0,636.0,647.0,627.0,2274,stock
2026-05-11,NHDL,655.0,636.9,655.0,635.4,2539,stock
2026-05-12,NHDL,635.0,645.0,645.0,630.0,8049,stock
2026-05-13,NHDL,644.0,649.4,683.9,634.0,7757,stock
2026-05-14,NHDL,650.0,639.0,650.0,630.0,663,stock
2026-05-15,NHDL,639.0,630.0,639.0,630.0,3544,stock
2026-05-18,NHDL,634.0,633.8,635.0,626.0,3409,stock
2026-05-19,NHDL,625.0,634.9,635.0,621.2,520,stock
2026-05-20,NHDL,635.0,639.4,639.5,631.0,5247,stock
2026-05-21,NHDL,639.0,638.9,639.0,620.3,2190,stock
2026-05-22,NHDL,626.0,636.9,638.0,620.1,3887,stock
2026-05-25,NHDL,636.9,641.1,646.0,636.9,204,stock
2026-05-26,NHDL,660.0,633.0,660.0,630.0,4275,stock
2026-05-27,NHDL,651.7,642.2,651.7,635.0,1195,stock
2026-06-01,NHDL,661.0,637.0,680.0,630.0,8782,stock
2026-06-02,NHDL,630.2,635.1,640.0,630.1,441,stock
2026-06-03,NHDL,635.0,641.3,649.9,635.0,4647,stock
2026-06-04,NHDL,650.0,636.0,679.0,635.6,9286,stock
2026-06-05,NHDL,636.3,637.9,639.0,633.7,753,stock
2026-06-08,NHDL,630.0,637.0,649.9,630.0,8945,stock
2026-06-09,NHDL,635.0,629.0,640.0,625.0,2786,stock
2026-06-10,NHDL,629.0,633.2,647.0,629.0,2687,stock
2026-06-11,NHDL,637.5,638.0,639.0,632.1,1777,stock
2026-06-12,NHDL,624.0,633.0,639.0,624.0,3576,stock
2026-06-15,NHDL,633.0,630.0,637.5,630.0,2023,stock
2026-06-16,NHDL,648.0,634.9,648.0,628.2,2856,stock
2026-06-17,NHDL,628.0,632.0,636.0,628.0,2999,stock
2026-06-18,NHDL,648.0,634.0,648.0,632.1,4794,stock
2026-06-19,NHDL,634.0,636.5,640.0,632.0,6528,stock
2026-06-22,NHDL,635.0,640.0,642.0,632.1,2430,stock
2026-06-23,NHDL,656.0,632.5,656.0,623.0,6387,stock
2026-06-24,NHDL,626.0,633.9,634.0,622.0,4898,stock
2026-06-25,NHDL,630.0,635.0,636.9,630.0,1908,stock
2026-06-26,NHDL,642.0,640.0,642.0,627.6,1402,stock
2026-06-29,NHDL,625.09,630.0,635.0,621.2,1927,stock
2026-06-30,NHDL,625.1,636.0,636.0,625.1,8364,stock
2026-07-01,NHDL,620.2,638.7,638.9,620.2,4465,stock
2026-07-02,NHDL,638.0,641.0,646.0,635.0,5658,stock
2026-07-03,NHDL,622.8,637.0,641.3,622.8,2589,stock
2026-07-06,NHDL,625.0,640.0,643.0,625.0,14681,stock
2026-07-07,NHDL,633.0,637.0,637.0,627.0,218,stock
2026-07-08,NHDL,637.0,644.6,644.6,630.0,1987,stock
2026-07-09,NHDL,644.0,631.0,644.0,631.0,1413,stock
2026-07-10,NHDL,631.0,641.0,642.8,622.1,33801,stock
2026-07-13,NHDL,631.0,627.0,631.0,627.0,11015,stock
2026-07-14,NHDL,620.0,631.0,635.0,615.0,471,stock
2026-07-15,NHDL,645.0,639.0,645.0,630.0,2660,stock
2026-07-16,NHDL,639.0,630.9,639.0,606.3,17638,stock
2026-07-17,NHDL,635.0,649.0,650.0,622.0,5959,stock
2026-07-20,NHDL,649.0,650.0,654.0,644.0,4401,stock
2026-07-21,NHDL,647.0,644.1,656.0,640.0,4863,stock
2026-07-22,NHDL,626.0,646.0,658.0,626.0,38264,stock
2026-07-23,NHDL,647.0,646.9,648.0,636.5,896,stock
2026-07-24,NHDL,646.0,650.0,655.0,646.0,2976,stock
2026-07-27,NHDL,645.5,639.0,646.0,637.0,2457,stock
2026-07-28,NHDL,625.0,639.9,646.0,620.1,629,stock
2026-07-29,NHDL,633.0,630.0,639.6,621.0,6118,stock
2026-07-30,NHDL,630.0,630.0,648.8,622.0,5389,stock
2026-07-31,NHDL,630.0,647.0,647.0,630.0,5442,stock
2026-08-03,NHDL,649.0,643.0,649.0,632.1,1093,stock
2026-08-04,NHDL,643.0,641.9,643.0,628.0,4127,stock
2026-08-05,NHDL,643.0,644.0,644.0,631.1,1157,stock
2026-08-06,NHDL,644.0,641.0,644.0,632.1,2636,stock
2026-08-07,NHDL,635.0,640.0,644.0,630.5,3032,stock
2026-08-10,NHDL,638.0,640.0,641.0,630.1,808,stock
2026-08-11,NHDL,635.0,640.0,643.0,630.3,1118,stock
2026-08-12,NHDL,631.0,642.0,642.0,631.0,1749,stock
2026-08-13,NHDL,644.9,623.2,646.3,623.2,4798,stock
2026-08-14,NHDL,623.2,637.0,641.7,623.2,1000,stock
2026-08-17,NHDL,635.0,635.0,635.0,627.2,345,stock
2026-08-18,NHDL,634.0,637.8,637.8,632.0,2012,stock
2026-08-19,NHDL,625.5,635.0,635.9,621.1,1301,stock
2026-08-20,NHDL,639.0,635.3,639.0,621.0,1457,stock
2026-08-21,NHDL,634.0,635.0,635.0,630.0,3951,stock
2026-08-24,NHDL,621.4,624.4,630.0,621.4,3900,stock
2026-08-25,NHDL,623.2,622.0,625.0,622.0,2148,stock
2026-08-26,NHDL,616.0,628.0,628.0,616.0,564,stock
2026-08-27,NHDL,616.0,623.0,627.0,616.0,727,stock
2026-08-31,NHDL,615.0,619.5,620.0,606.2,2492,stock
2026-09-01,NHDL,619.5,624.5,628.0,610.0,341,stock
2026-09-02,NHDL,612.1,629.0,629.0,612.1,475,stock
2026-09-03,NHDL,616.0,633.0,633.0,616.0,90,stock
2026-09-07,NHDL,629.0,635.0,635.0,620.1,1011,stock
2026-09-09,NHDL,637.9,626.0,637.9,625.0,821,stock
2026-09-10,NHDL,625.1,618.0,628.0,608.0,1731,stock
2026-09-11,NHDL,630.0,628.9,630.0,614.0,3456,stock
2026-09-14,NHDL,611.0,630.0,640.0,611.0,2764,stock
2026-09-15,NHDL,661.0,635.5,661.0,633.0,4522,stock
2026-09-16,NHDL,635.5,633.0,638.0,631.1,810,stock
2026-09-17,NHDL,649.0,640.0,649.0,633.0,626,stock
2026-09-18,NHDL,644.0,639.5,644.0,631.2,590,stock
2026-09-22,NHDL,636.0,643.8,644.9,636.0,2447,stock
2026-09-23,NHDL,648.8,637.0,648.8,636.5,8471,stock
2026-09-24,NHDL,642.9,633.2,642.9,633.0,3632,stock
2026-09-28,NHDL,635.0,636.1,647.9,633.1,4874,stock
2026-09-29,NHDL,633.1,643.0,643.5,617.6,4319,stock
2026-09-30,NHDL,642.9,643.0,643.0,635.0,2486,stock
2026-10-01,NHDL,627.0,635.0,643.5,627.0,3210,stock
2026-10-02,NHDL,627.4,639.7,639.7,627.1,807,stock
2026-10-05,NHDL,630.0,642.0,642.0,630.0,920,stock
2026-10-06,NHDL,640.4,644.0,647.0,636.3,2663,stock
2026-10-07,NHDL,643.0,632.0,643.0,630.1,1967,stock
2026-10-08,NHDL,632.0,638.0,638.8,630.0,4974,stock
