time,symbol,open,close,high,low,volume,category
2012-08-28,NIL,118.0,100.0,107.0,100.0,620,stock
2012-08-29,NIL,100.0,110.0,110.0,102.0,896,stock
2012-08-30,NIL,110.0,121.0,121.0,112.0,468,stock
2012-09-02,NIL,121.0,118.0,127.0,118.0,1651,stock
2012-09-05,NIL,118.0,114.0,116.0,114.0,46,stock
2012-09-06,NIL,114.0,108.0,112.0,106.0,946,stock
2012-09-09,NIL,108.0,110.0,110.0,110.0,167,stock
2012-09-11,NIL,110.0,110.0,110.0,106.0,436,stock
2012-09-13,NIL,110.0,112.0,112.0,112.0,46,stock
2012-09-16,NIL,112.0,114.0,114.0,110.0,870,stock
2012-09-17,NIL,114.0,116.0,116.0,114.0,740,stock
2012-09-18,NIL,116.0,118.0,120.0,118.0,570,stock
2012-09-20,NIL,118.0,116.0,116.0,114.0,136,stock
2012-10-02,NIL,116.0,114.0,117.0,114.0,10758,stock
2012-10-03,NIL,114.0,112.0,112.0,112.0,23,stock
2012-10-04,NIL,112.0,110.0,110.0,110.0,254,stock
2012-10-07,NIL,110.0,118.0,120.0,112.0,622,stock
2012-10-08,NIL,118.0,119.0,119.0,116.0,531,stock
2012-10-09,NIL,119.0,128.0,129.0,121.0,1479,stock
2012-10-10,NIL,128.0,130.0,130.0,130.0,23,stock
2012-10-15,NIL,130.0,124.0,128.0,124.0,185,stock
2012-10-30,NIL,124.0,122.0,122.0,122.0,100,stock
2012-10-31,NIL,122.0,120.0,120.0,120.0,39,stock
2012-11-06,NIL,120.0,118.0,118.0,118.0,24,stock
2012-11-20,NIL,118.0,116.0,116.0,116.0,13,stock
2012-11-27,NIL,116.0,114.0,114.0,114.0,100,stock
2012-12-10,NIL,114.0,112.0,112.0,112.0,400,stock
2013-01-06,NIL,112.0,108.0,110.0,106.0,1038,stock
2013-01-07,NIL,108.0,109.0,109.0,107.0,503,stock
2013-01-15,NIL,109.0,105.0,107.0,105.0,154,stock
2013-01-17,NIL,105.0,107.0,107.0,106.0,98,stock
2013-01-23,NIL,107.0,113.0,113.0,109.0,743,stock
2013-01-24,NIL,113.0,117.0,117.0,115.0,352,stock
2013-01-28,NIL,117.0,117.0,117.0,115.0,244,stock
2013-01-31,NIL,117.0,117.0,117.0,117.0,253,stock
2013-02-04,NIL,117.0,119.0,119.0,119.0,24,stock
2013-02-28,NIL,119.0,117.0,117.0,117.0,20,stock
2013-04-23,NIL,117.0,121.0,121.0,119.0,54,stock
2013-04-25,NIL,121.0,119.0,121.0,119.0,420,stock
2013-04-29,NIL,119.0,118.0,118.0,118.0,72,stock
2013-04-30,NIL,118.0,116.0,116.0,116.0,72,stock
2013-06-04,NIL,116.0,114.0,114.0,106.0,495,stock
2013-06-05,NIL,114.0,113.0,116.0,113.0,1575,stock
2013-06-06,NIL,113.0,115.0,115.0,113.0,813,stock
2013-07-01,NIL,115.0,115.0,117.0,115.0,132,stock
2013-07-04,NIL,115.0,113.0,113.0,113.0,100,stock
2013-07-29,NIL,113.0,115.0,115.0,115.0,142,stock
2013-07-30,NIL,115.0,119.0,121.0,117.0,375,stock
2013-07-31,NIL,119.0,123.0,123.0,121.0,33,stock
2013-08-01,NIL,123.0,125.0,125.0,123.0,327,stock
2013-08-05,NIL,125.0,123.0,123.0,123.0,160,stock
2013-08-06,NIL,123.0,124.0,128.0,124.0,5020,stock
2013-08-12,NIL,124.0,126.0,126.0,126.0,198,stock
2013-08-14,NIL,126.0,134.0,134.0,127.0,740,stock
2013-08-15,NIL,134.0,143.0,143.0,135.0,470,stock
2013-08-18,NIL,143.0,157.0,157.0,143.0,787,stock
2013-08-19,NIL,157.0,172.0,172.0,160.0,1124,stock
2013-08-20,NIL,172.0,189.0,189.0,175.0,4380,stock
2013-08-25,NIL,189.0,207.0,207.0,189.0,2102,stock
2013-08-26,NIL,207.0,227.0,227.0,211.0,358,stock
2013-08-27,NIL,227.0,225.0,239.0,225.0,4338,stock
2013-08-29,NIL,225.0,224.0,229.0,224.0,462,stock
2013-09-03,NIL,224.0,204.0,220.0,204.0,203,stock
2013-09-12,NIL,204.0,200.0,200.0,200.0,54,stock
2013-10-06,NIL,200.0,193.0,196.0,193.0,120,stock
2013-10-08,NIL,193.0,178.0,190.0,178.0,50,stock
2013-10-09,NIL,178.0,169.0,175.0,169.0,439,stock
2013-10-10,NIL,169.0,166.0,166.0,166.0,27,stock
2013-10-20,NIL,166.0,150.0,163.0,150.0,84,stock
2013-10-21,NIL,150.0,138.0,147.0,136.0,1088,stock
2013-10-22,NIL,138.0,144.0,144.0,139.0,1073,stock
2013-10-23,NIL,144.0,146.0,146.0,146.0,13,stock
2013-10-27,NIL,146.0,160.0,160.0,148.0,877,stock
2013-10-28,NIL,160.0,165.0,165.0,150.0,8082,stock
2013-10-29,NIL,165.0,170.0,175.0,167.0,735,stock
2013-10-30,NIL,170.0,170.0,179.0,170.0,418,stock
2013-10-31,NIL,170.0,170.0,173.0,170.0,557,stock
2013-11-06,NIL,170.0,167.0,168.0,167.0,285,stock
2013-11-07,NIL,167.0,176.0,176.0,170.0,1443,stock
2013-11-11,NIL,176.0,173.0,173.0,170.0,305,stock
2013-11-14,NIL,173.0,182.0,182.0,176.0,47,stock
2013-11-21,NIL,182.0,188.0,188.0,185.0,791,stock
2013-11-24,NIL,188.0,194.0,194.0,191.0,791,stock
2013-11-25,NIL,194.0,197.0,204.0,197.0,2013,stock
2013-11-26,NIL,197.0,205.0,205.0,200.0,856,stock
2013-11-27,NIL,205.0,207.0,209.0,207.0,202,stock
2013-11-28,NIL,207.0,211.0,215.0,211.0,8381,stock
2014-06-01,NIL,211.0,231.0,231.0,215.0,120,stock
2014-06-02,NIL,231.0,254.0,254.0,235.0,64,stock
2014-06-03,NIL,254.0,279.0,279.0,259.0,50,stock
2014-06-04,NIL,279.0,274.0,274.0,274.0,7536,stock
2014-06-09,NIL,274.0,301.0,301.0,273.0,1987,stock
2014-06-10,NIL,301.0,331.0,331.0,307.0,80,stock
2014-06-11,NIL,331.0,364.0,364.0,337.0,90,stock
2014-06-12,NIL,364.0,378.0,378.0,371.0,20,stock
2014-06-15,NIL,378.0,415.0,415.0,385.0,60,stock
2014-06-16,NIL,415.0,425.0,425.0,423.0,39005,stock
2014-06-17,NIL,425.0,467.0,467.0,433.0,698,stock
2014-06-18,NIL,467.0,513.0,513.0,476.0,522,stock
2014-06-19,NIL,513.0,564.0,564.0,538.0,2485,stock
2014-06-23,NIL,564.0,620.0,620.0,575.0,5709,stock
2014-06-24,NIL,620.0,682.0,682.0,632.0,7282,stock
2014-06-25,NIL,682.0,750.0,750.0,695.0,25100,stock
2014-06-26,NIL,750.0,720.0,795.0,707.0,12212,stock
2014-06-29,NIL,720.0,708.0,715.0,694.0,8474,stock
2014-06-30,NIL,708.0,701.0,722.0,700.0,2044,stock
2014-07-01,NIL,701.0,735.0,769.0,700.0,8166,stock
2014-07-02,NIL,735.0,780.0,808.0,749.0,1404,stock
2014-07-03,NIL,780.0,751.0,795.0,751.0,7706,stock
2014-07-06,NIL,751.0,761.0,775.0,761.0,2790,stock
2014-07-07,NIL,761.0,816.0,816.0,776.0,13608,stock
2014-07-08,NIL,816.0,755.0,820.0,755.0,6761,stock
2014-07-09,NIL,755.0,770.0,772.0,765.0,1272,stock
2014-07-10,NIL,770.0,765.0,765.0,760.0,1084,stock
2014-07-13,NIL,765.0,770.0,795.0,770.0,6249,stock
2014-07-14,NIL,770.0,769.0,770.0,755.0,1090,stock
2014-07-15,NIL,769.0,757.0,760.0,750.0,692,stock
2014-07-16,NIL,757.0,770.0,781.0,736.0,6930,stock
2014-07-17,NIL,770.0,790.0,790.0,775.0,3216,stock
2014-07-20,NIL,790.0,795.0,805.0,795.0,272,stock
2014-07-21,NIL,795.0,780.0,800.0,780.0,1834,stock
2014-07-22,NIL,780.0,779.0,780.0,765.0,1126,stock
2014-07-23,NIL,779.0,772.0,779.0,760.0,1700,stock
2014-07-24,NIL,772.0,745.0,767.0,745.0,1111,stock
2014-07-27,NIL,745.0,732.0,750.0,732.0,409,stock
2014-07-30,NIL,732.0,730.0,740.0,730.0,335,stock
2014-07-31,NIL,730.0,755.0,770.0,735.0,3396,stock
2014-08-03,NIL,755.0,750.0,755.0,740.0,586,stock
2014-08-04,NIL,750.0,740.0,740.0,740.0,44,stock
2014-08-05,NIL,740.0,735.0,740.0,730.0,503,stock
2014-08-06,NIL,735.0,722.0,723.0,722.0,95,stock
2014-08-07,NIL,722.0,710.0,710.0,710.0,323,stock
2014-08-12,NIL,710.0,710.0,710.0,710.0,14,stock
2014-08-13,NIL,710.0,683.0,696.0,683.0,414,stock
2014-08-14,NIL,683.0,680.0,680.0,672.0,605,stock
2014-08-18,NIL,680.0,692.0,692.0,690.0,269,stock
2014-08-19,NIL,692.0,695.0,695.0,653.0,5280,stock
2014-08-20,NIL,695.0,682.0,708.0,682.0,1018,stock
2014-08-24,NIL,682.0,659.0,690.0,659.0,672,stock
2014-08-25,NIL,659.0,610.0,646.0,610.0,111,stock
2014-08-26,NIL,610.0,615.0,624.0,598.0,1227,stock
2014-08-27,NIL,615.0,630.0,630.0,627.0,2544,stock
2014-08-31,NIL,630.0,620.0,642.0,620.0,236,stock
2014-09-04,NIL,620.0,610.0,610.0,610.0,1037,stock
2014-09-07,NIL,610.0,565.0,598.0,565.0,513,stock
2014-09-10,NIL,565.0,555.0,576.0,555.0,1651,stock
2014-09-14,NIL,555.0,212.0,550.0,550.0,167813,stock
2014-09-15,NIL,550.0,599.0,599.0,539.0,425,stock
2014-09-16,NIL,599.0,658.0,658.0,610.0,789,stock
2014-09-17,NIL,658.0,680.0,684.0,671.0,213,stock
2014-09-21,NIL,699.0,670.0,686.0,665.0,6243,stock
2014-09-23,NIL,670.0,660.0,660.0,660.0,5027,stock
2014-09-24,NIL,660.0,699.0,699.0,673.0,40,stock
2014-09-28,NIL,699.0,700.0,714.0,700.0,275,stock
2014-09-29,NIL,700.0,700.0,705.0,700.0,274,stock
2014-09-30,NIL,700.0,700.0,700.0,700.0,163,stock
2014-10-08,NIL,700.0,700.0,700.0,700.0,54,stock
2014-10-09,NIL,700.0,700.0,700.0,686.0,4497,stock
2014-10-13,NIL,700.0,714.0,714.0,710.0,41,stock
2014-10-14,NIL,714.0,700.0,700.0,700.0,2532,stock
2014-10-15,NIL,700.0,700.0,700.0,695.0,1877,stock
2014-10-16,NIL,700.0,770.0,770.0,686.0,18355,stock
2014-10-19,NIL,770.0,780.0,781.0,771.0,2769,stock
2014-10-20,NIL,780.0,783.0,790.0,775.0,471,stock
2014-10-21,NIL,783.0,775.0,775.0,775.0,211,stock
2014-10-22,NIL,775.0,810.0,810.0,775.0,2761,stock
2014-10-26,NIL,810.0,826.0,826.0,820.0,707,stock
2014-10-28,NIL,826.0,819.0,819.0,819.0,54,stock
2014-10-30,NIL,819.0,820.0,820.0,820.0,952,stock
2014-11-02,NIL,820.0,804.0,804.0,804.0,300,stock
2014-11-03,NIL,804.0,788.0,788.0,788.0,319,stock
2014-11-05,NIL,788.0,775.0,775.0,770.0,2811,stock
2014-11-06,NIL,775.0,780.0,780.0,780.0,500,stock
2014-11-09,NIL,780.0,780.0,780.0,780.0,47,stock
2014-11-10,NIL,780.0,765.0,765.0,765.0,151,stock
2014-11-11,NIL,765.0,755.0,760.0,755.0,216,stock
2014-11-12,NIL,755.0,770.0,800.0,759.0,661,stock
2014-11-13,NIL,770.0,770.0,770.0,770.0,136,stock
2014-11-16,NIL,770.0,755.0,755.0,755.0,155,stock
2014-11-17,NIL,755.0,749.0,749.0,749.0,48,stock
2014-11-19,NIL,749.0,749.0,749.0,735.0,6497,stock
2014-11-20,NIL,749.0,743.0,750.0,743.0,151,stock
2014-11-23,NIL,743.0,755.0,755.0,750.0,46,stock
2014-11-24,NIL,755.0,769.0,770.0,755.0,882,stock
2014-11-25,NIL,769.0,747.0,754.0,747.0,217,stock
2014-12-01,NIL,747.0,739.0,740.0,739.0,53,stock
2014-12-02,NIL,739.0,746.0,746.0,744.0,109,stock
2014-12-03,NIL,746.0,735.0,750.0,735.0,148,stock
2014-12-07,NIL,735.0,721.0,735.0,721.0,114,stock
2014-12-08,NIL,721.0,701.0,711.0,694.0,5411,stock
2014-12-09,NIL,701.0,710.0,710.0,710.0,27,stock
2014-12-10,NIL,710.0,723.0,723.0,723.0,50,stock
2014-12-11,NIL,723.0,691.0,710.0,691.0,335,stock
2014-12-14,NIL,691.0,733.0,733.0,692.0,309,stock
2014-12-15,NIL,733.0,719.0,720.0,719.0,122,stock
2014-12-16,NIL,719.0,746.0,746.0,732.0,341,stock
2014-12-21,NIL,746.0,740.0,760.0,732.0,2480,stock
2014-12-22,NIL,740.0,727.0,727.0,727.0,500,stock
2014-12-23,NIL,727.0,715.0,725.0,711.0,729,stock
2014-12-24,NIL,715.0,689.0,703.0,689.0,670,stock
2014-12-28,NIL,689.0,681.0,681.0,681.0,27,stock
2014-12-29,NIL,681.0,707.0,707.0,694.0,1095,stock
2014-12-31,NIL,707.0,733.0,733.0,720.0,28,stock
2015-01-01,NIL,733.0,730.0,755.0,730.0,962,stock
2015-01-04,NIL,730.0,743.0,743.0,743.0,100,stock
2015-01-06,NIL,743.0,739.0,750.0,739.0,147,stock
2015-01-07,NIL,739.0,730.0,739.0,725.0,587,stock
2015-01-08,NIL,730.0,745.0,745.0,725.0,1989,stock
2015-01-11,NIL,745.0,744.0,744.0,731.0,946,stock
2015-01-12,NIL,744.0,732.0,732.0,732.0,25,stock
2015-01-13,NIL,732.0,775.0,775.0,744.0,1927,stock
2015-01-14,NIL,775.0,776.0,791.0,776.0,1342,stock
2015-01-19,NIL,776.0,775.0,797.0,775.0,292,stock
2015-01-20,NIL,775.0,788.0,790.0,760.0,660,stock
2015-01-22,NIL,788.0,785.0,788.0,773.0,5151,stock
2015-01-25,NIL,785.0,785.0,790.0,780.0,1469,stock
2015-01-26,NIL,785.0,795.0,795.0,780.0,234,stock
2015-01-27,NIL,795.0,780.0,785.0,780.0,109,stock
2015-01-28,NIL,780.0,780.0,795.0,780.0,1561,stock
2015-01-29,NIL,780.0,790.0,795.0,790.0,342,stock
2015-02-01,NIL,790.0,780.0,780.0,770.0,2191,stock
2015-02-02,NIL,780.0,765.0,765.0,765.0,14,stock
2015-02-03,NIL,765.0,780.0,780.0,779.0,1068,stock
2015-02-04,NIL,780.0,775.0,775.0,775.0,72,stock
2015-02-05,NIL,775.0,795.0,795.0,790.0,77,stock
2015-02-08,NIL,795.0,873.0,874.0,810.0,9956,stock
2015-02-09,NIL,873.0,912.0,925.0,890.0,7689,stock
2015-02-10,NIL,912.0,910.0,917.0,900.0,3490,stock
2015-02-11,NIL,910.0,880.0,908.0,880.0,963,stock
2015-02-12,NIL,880.0,860.0,868.0,848.0,5058,stock
2015-02-15,NIL,511.0,541.0,551.0,520.0,906,stock
2015-02-16,NIL,541.0,548.0,548.0,548.0,203,stock
2015-02-19,NIL,548.0,586.0,586.0,558.0,845,stock
2015-02-22,NIL,586.0,607.0,608.0,595.0,1263,stock
2015-02-23,NIL,608.0,614.0,614.0,614.0,150,stock
2015-02-24,NIL,614.0,625.0,625.0,625.0,10000,stock
2015-02-25,NIL,625.0,590.0,613.0,584.0,1628,stock
2015-02-26,NIL,585.0,600.0,605.0,596.0,7170,stock
2015-03-01,NIL,600.0,595.0,600.0,595.0,5205,stock
2015-03-15,NIL,595.0,585.0,585.0,585.0,400,stock
2015-04-02,NIL,585.0,596.0,596.0,574.0,142,stock
2015-04-05,NIL,596.0,590.0,600.0,590.0,20,stock
2015-04-06,NIL,590.0,580.0,590.0,532.0,15399,stock
2015-04-07,NIL,580.0,602.0,602.0,591.0,20,stock
2015-04-08,NIL,602.0,575.0,590.0,570.0,926,stock
2015-04-09,NIL,575.0,620.0,620.0,586.0,90,stock
2015-04-12,NIL,620.0,588.0,644.0,588.0,3415,stock
2015-04-13,NIL,588.0,617.0,617.0,617.0,20,stock
2015-04-15,NIL,617.0,629.0,629.0,629.0,10,stock
2015-04-16,NIL,629.0,641.0,641.0,641.0,10,stock
2015-04-19,NIL,641.0,595.0,629.0,595.0,207,stock
2015-04-20,NIL,595.0,604.0,604.0,604.0,10,stock
2015-04-21,NIL,604.0,616.0,616.0,616.0,10,stock
2015-04-22,NIL,616.0,628.0,628.0,628.0,10,stock
2015-04-23,NIL,628.0,644.0,652.0,640.0,40,stock
2015-06-03,NIL,652.0,591.0,639.0,591.0,50,stock
2015-06-07,NIL,591.0,570.0,580.0,570.0,201,stock
2015-06-08,NIL,570.0,513.0,559.0,513.0,104,stock
2015-06-09,NIL,513.0,462.0,513.0,462.0,1185,stock
2015-06-10,NIL,462.0,453.0,453.0,453.0,20,stock
2015-06-11,NIL,453.0,444.0,444.0,444.0,100,stock
2015-06-14,NIL,444.0,436.0,436.0,436.0,16,stock
2015-06-15,NIL,436.0,430.0,430.0,430.0,100,stock
2015-06-17,NIL,430.0,425.0,425.0,425.0,120,stock
2015-06-18,NIL,425.0,417.0,417.0,417.0,44,stock
2015-06-22,NIL,409.0,404.0,417.0,404.0,2130,stock
2015-06-23,NIL,412.0,428.0,428.0,412.0,82,stock
2015-06-24,NIL,425.0,420.0,425.0,417.0,730,stock
2015-06-25,NIL,428.0,420.0,428.0,420.0,1864,stock
2015-06-28,NIL,420.0,423.0,423.0,415.0,113,stock
2015-06-29,NIL,429.0,447.0,447.0,429.0,1253,stock
2015-06-30,NIL,455.0,452.0,455.0,440.0,1691,stock
2015-07-01,NIL,460.0,451.0,460.0,451.0,216,stock
2015-07-02,NIL,442.0,434.0,442.0,434.0,21,stock
2015-07-05,NIL,442.0,435.0,442.0,435.0,173,stock
2015-07-06,NIL,443.0,460.0,460.0,443.0,40,stock
2015-07-07,NIL,455.0,464.0,464.0,455.0,110,stock
2015-07-08,NIL,473.0,480.0,480.0,473.0,20,stock
2015-07-09,NIL,489.0,489.0,498.0,489.0,40,stock
2015-07-16,NIL,489.0,462.0,480.0,462.0,159,stock
2015-07-22,NIL,453.0,436.0,453.0,436.0,30,stock
2015-07-23,NIL,436.0,444.0,444.0,436.0,584,stock
2015-07-26,NIL,444.0,470.0,470.0,452.0,283,stock
2015-07-27,NIL,470.0,479.0,479.0,479.0,27,stock
2015-08-04,NIL,479.0,443.0,470.0,443.0,221,stock
2015-08-05,NIL,443.0,459.0,459.0,450.0,137,stock
2015-08-06,NIL,459.0,441.0,450.0,441.0,364,stock
2015-08-09,NIL,441.0,457.0,457.0,445.0,273,stock
2015-08-12,NIL,460.0,460.0,460.0,460.0,807,stock
2015-08-25,NIL,469.0,469.0,469.0,469.0,10,stock
2015-08-26,NIL,478.0,478.0,478.0,478.0,10,stock
2015-08-27,NIL,487.0,525.3,525.3,487.0,90,stock
2015-08-31,NIL,535.0,577.0,577.0,535.0,50,stock
2015-09-01,NIL,577.0,634.0,634.0,588.0,586,stock
2015-09-02,NIL,646.0,661.0,697.0,640.0,30544,stock
2015-09-03,NIL,669.0,665.0,670.0,657.0,5391,stock
2015-09-06,NIL,670.0,670.0,674.0,656.0,916,stock
2015-09-07,NIL,683.0,669.0,696.0,669.0,1300,stock
2015-09-08,NIL,665.0,650.0,665.0,640.0,517,stock
2015-09-09,NIL,663.0,665.0,689.0,663.0,2744,stock
2015-09-10,NIL,655.0,676.0,676.0,655.0,1650,stock
2015-09-13,NIL,670.0,666.0,670.0,665.0,1100,stock
2015-09-14,NIL,678.0,650.0,678.0,650.0,3292,stock
2015-09-15,NIL,660.0,668.0,668.0,650.0,2452,stock
2015-09-16,NIL,680.0,706.0,706.0,680.0,7618,stock
2015-09-17,NIL,626.0,619.0,621.0,619.0,218,stock
2015-09-22,NIL,607.0,607.0,607.0,607.0,110,stock
2015-09-23,NIL,619.0,595.0,619.0,595.0,330,stock
2015-09-24,NIL,590.0,595.0,595.0,590.0,10066,stock
2015-09-28,NIL,584.0,573.0,584.0,573.0,277,stock
2015-09-29,NIL,562.0,552.0,562.0,552.0,432,stock
2015-09-30,NIL,563.0,592.0,592.0,563.0,1282,stock
2015-10-01,NIL,592.0,592.0,592.0,592.0,100,stock
2015-10-05,NIL,598.0,621.0,621.0,598.0,320,stock
2015-10-08,NIL,609.0,644.0,644.0,586.0,1570,stock
2015-10-11,NIL,632.0,632.0,632.0,632.0,100,stock
2015-10-14,NIL,620.0,580.0,620.0,580.0,931,stock
2015-10-15,NIL,570.0,600.0,600.0,569.0,464,stock
2015-10-18,NIL,600.0,600.0,600.0,600.0,197,stock
2015-10-19,NIL,590.0,590.0,590.0,590.0,607,stock
2015-10-25,NIL,590.0,590.0,590.0,590.0,82,stock
2015-10-27,NIL,580.0,569.0,580.0,569.0,1000,stock
2015-10-29,NIL,570.0,575.0,575.0,570.0,400,stock
2015-11-01,NIL,565.0,565.0,565.0,565.0,28,stock
2015-11-08,NIL,576.0,600.0,600.0,576.0,5000,stock
2015-11-09,NIL,588.0,570.0,588.0,558.0,2300,stock
2015-11-10,NIL,559.0,570.0,570.0,559.0,333,stock
2015-11-16,NIL,559.0,560.0,560.0,559.0,700,stock
2015-11-18,NIL,560.0,539.0,560.0,539.0,1458,stock
2015-11-19,NIL,529.0,535.0,535.0,529.0,1640,stock
2015-11-22,NIL,530.0,525.0,530.0,525.0,230,stock
2015-11-23,NIL,515.0,525.0,525.0,505.0,1600,stock
2015-11-24,NIL,535.0,535.0,535.0,535.0,1000,stock
2015-11-25,NIL,528.0,528.0,528.0,528.0,300,stock
2015-11-29,NIL,518.0,517.0,518.0,517.0,300,stock
2015-11-30,NIL,520.0,500.0,520.0,500.0,470,stock
2015-12-01,NIL,500.0,502.0,512.0,502.0,954,stock
2015-12-03,NIL,498.0,498.0,498.0,498.0,100,stock
2015-12-04,NIL,507.0,505.0,507.0,505.0,600,stock
2015-12-07,NIL,510.0,510.0,520.0,510.0,4302,stock
2015-12-08,NIL,520.0,530.0,530.0,508.0,5628,stock
2015-12-09,NIL,538.0,545.0,545.0,538.0,2376,stock
2015-12-10,NIL,555.0,581.0,598.0,555.0,5004,stock
2015-12-13,NIL,590.0,585.0,602.0,580.0,7620,stock
2015-12-14,NIL,585.0,585.0,585.0,580.0,9785,stock
2015-12-15,NIL,596.0,610.0,619.0,596.0,11322,stock
2015-12-16,NIL,615.0,622.0,626.0,612.0,14056,stock
2015-12-17,NIL,624.0,630.0,630.0,620.0,9839,stock
2015-12-20,NIL,630.0,650.0,650.0,631.0,6477,stock
2015-12-21,NIL,650.0,640.0,650.0,630.0,2324,stock
2015-12-22,NIL,640.0,640.0,644.0,636.0,4900,stock
2015-12-23,NIL,644.0,655.0,665.0,640.0,8044,stock
2015-12-24,NIL,660.0,720.0,720.0,660.0,24219,stock
2015-12-25,NIL,720.0,690.0,722.0,673.0,8190,stock
2015-12-28,NIL,690.0,705.0,714.0,699.0,1205,stock
2015-12-29,NIL,705.0,741.0,744.0,709.0,11130,stock
2015-12-31,NIL,755.0,815.0,815.0,755.0,18030,stock
2016-01-03,NIL,829.0,868.0,888.0,829.0,26839,stock
2016-01-04,NIL,868.0,864.0,890.0,832.0,8940,stock
2016-01-05,NIL,847.0,830.0,865.0,815.0,10755,stock
2016-01-06,NIL,814.0,800.0,815.0,790.0,10904,stock
2016-01-07,NIL,816.0,830.0,864.0,816.0,5102,stock
2016-01-10,NIL,820.0,834.0,836.0,823.0,7556,stock
2016-01-11,NIL,836.0,830.0,836.0,820.0,8590,stock
2016-01-12,NIL,825.0,824.0,830.0,820.0,3124,stock
2016-01-13,NIL,824.0,895.0,899.0,840.0,48014,stock
2016-01-14,NIL,912.0,880.0,920.0,870.0,17744,stock
2016-01-17,NIL,890.0,899.0,905.0,885.0,4462,stock
2016-01-18,NIL,900.0,875.0,900.0,875.0,7924,stock
2016-01-19,NIL,868.0,875.0,883.0,868.0,4194,stock
2016-01-20,NIL,875.0,876.0,881.0,874.0,4135,stock
2016-01-21,NIL,876.0,885.0,885.0,870.0,5363,stock
2016-01-24,NIL,885.0,876.0,892.0,875.0,11809,stock
2016-01-25,NIL,880.0,888.0,888.0,873.0,9600,stock
2016-01-26,NIL,888.0,878.0,895.0,876.0,5100,stock
2016-01-27,NIL,878.0,875.0,880.0,870.0,7150,stock
2016-01-28,NIL,862.0,872.0,872.0,862.0,4893,stock
2016-01-31,NIL,880.0,875.0,880.0,870.0,2285,stock
2016-02-01,NIL,875.0,866.0,878.0,865.0,3166,stock
2016-02-02,NIL,865.0,867.0,870.0,865.0,6981,stock
2016-02-03,NIL,867.0,874.0,875.0,865.0,5039,stock
2016-02-04,NIL,870.0,929.0,929.0,870.0,58257,stock
2016-02-07,NIL,929.0,969.0,969.0,905.0,21347,stock
2016-02-08,NIL,969.0,987.0,1020.0,965.0,31449,stock
2016-02-11,NIL,987.0,1030.0,1040.0,1000.0,19901,stock
2016-02-14,NIL,1045.0,1010.0,1050.0,996.0,21462,stock
2016-02-15,NIL,990.0,1010.0,1010.0,961.0,14046,stock
2016-02-16,NIL,1010.0,1013.0,1015.0,990.0,12048,stock
2016-02-17,NIL,1013.0,1028.0,1032.0,1002.0,23410,stock
2016-02-18,NIL,1028.0,1024.0,1032.0,1023.0,9090,stock
2016-02-21,NIL,1025.0,1016.0,1029.0,1010.0,5424,stock
2016-02-22,NIL,1010.0,1000.0,1010.0,999.0,3310,stock
2016-02-23,NIL,1000.0,1006.0,1010.0,999.0,3971,stock
2016-02-24,NIL,1000.0,1001.0,1015.0,1000.0,2524,stock
2016-02-25,NIL,980.0,1000.0,1008.0,980.0,3489,stock
2016-02-28,NIL,1008.0,1000.0,1000.0,995.0,3782,stock
2016-02-29,NIL,1000.0,995.0,995.0,985.0,700,stock
2016-03-01,NIL,980.0,1000.0,1010.0,980.0,2672,stock
2016-03-02,NIL,1020.0,1065.0,1070.0,1010.0,17914,stock
2016-03-03,NIL,1086.0,1090.0,1108.0,1075.0,19188,stock
2016-03-06,NIL,1111.0,1199.0,1199.0,1111.0,63307,stock
2016-03-10,NIL,1222.0,1318.0,1318.0,1210.0,48700,stock
2016-03-13,NIL,1146.0,1170.0,1249.0,1059.0,30857,stock
2016-03-14,NIL,1171.0,1110.0,1171.0,1103.0,5804,stock
2016-03-15,NIL,1100.0,1105.0,1110.0,1080.0,9097,stock
2016-03-16,NIL,1125.0,1119.0,1125.0,1095.0,7860,stock
2016-03-17,NIL,1119.0,1110.0,1125.0,1108.0,3553,stock
2016-03-20,NIL,1088.0,1124.0,1130.0,1088.0,7204,stock
2016-03-21,NIL,1131.0,1115.0,1135.0,1115.0,11339,stock
2016-03-23,NIL,1115.0,1090.0,1115.0,1090.0,3750,stock
2016-03-24,NIL,1090.0,1063.0,1070.0,1041.0,4261,stock
2016-03-27,NIL,1063.0,1080.0,1120.0,1059.0,11258,stock
2016-03-28,NIL,1080.0,1085.0,1095.0,1071.0,7665,stock
2016-03-29,NIL,1085.0,1095.0,1099.0,1085.0,4630,stock
2016-03-30,NIL,1095.0,1080.0,1100.0,1080.0,4100,stock
2016-03-31,NIL,1080.0,1065.0,1071.0,1065.0,2650,stock
2016-04-03,NIL,1065.0,1070.0,1085.0,1027.0,4626,stock
2016-04-04,NIL,1070.0,1070.0,1091.0,1065.0,4909,stock
2016-04-05,NIL,1071.0,1084.0,1084.0,1070.0,3165,stock
2016-04-06,NIL,1084.0,1080.0,1085.0,1080.0,1172,stock
2016-04-10,NIL,1080.0,1090.0,1094.0,1090.0,995,stock
2016-04-11,NIL,1090.0,1072.0,1084.0,1072.0,742,stock
2016-04-12,NIL,1072.0,1083.0,1094.0,1073.0,910,stock
2016-04-14,NIL,1083.0,1090.0,1090.0,1049.0,1330,stock
2016-04-17,NIL,1070.0,1069.0,1080.0,1051.0,1362,stock
2016-04-18,NIL,1069.0,1141.0,1141.0,1090.0,16592,stock
2016-04-19,NIL,1141.0,1133.0,1133.0,1118.0,2895,stock
2016-04-20,NIL,1133.0,1125.0,1155.0,1115.0,2612,stock
2016-04-21,NIL,1125.0,1120.0,1120.0,1105.0,812,stock
2016-04-24,NIL,1120.0,1142.0,1142.0,1098.0,1071,stock
2016-04-25,NIL,1142.0,1128.0,1134.0,1121.0,1105,stock
2016-04-26,NIL,1128.0,1114.0,1135.0,1112.0,3419,stock
2016-04-27,NIL,1114.0,1130.0,1142.0,1120.0,2415,stock
2016-04-28,NIL,1130.0,1120.0,1126.0,1110.0,3636,stock
2016-05-02,NIL,1120.0,1110.0,1111.0,1105.0,1801,stock
2016-05-03,NIL,1110.0,1115.0,1125.0,1112.0,3298,stock
2016-05-04,NIL,1115.0,1111.0,1120.0,1111.0,3361,stock
2016-05-05,NIL,1111.0,1105.0,1120.0,1105.0,5876,stock
2016-05-08,NIL,1105.0,1130.0,1130.0,1124.0,1124,stock
2016-05-09,NIL,1130.0,1143.0,1155.0,1110.0,9436,stock
2016-05-10,NIL,1150.0,1211.0,1220.0,1150.0,17928,stock
2016-05-11,NIL,1211.0,1300.0,1300.0,1215.0,10684,stock
2016-05-12,NIL,1302.0,1285.0,1305.0,1285.0,1216,stock
2016-05-15,NIL,1279.0,1268.0,1300.0,1255.0,6046,stock
2016-05-16,NIL,1269.0,1240.0,1268.0,1240.0,6647,stock
2016-05-17,NIL,1255.0,1274.0,1285.0,1250.0,14540,stock
2016-05-18,NIL,1270.0,1300.0,1304.0,1270.0,14295,stock
2016-05-19,NIL,1300.0,1354.0,1378.0,1294.0,23855,stock
2016-05-22,NIL,1354.0,1481.0,1489.0,1355.0,22284,stock
2016-05-23,NIL,1481.0,1458.0,1519.0,1403.0,19052,stock
2016-05-24,NIL,1458.0,1450.0,1487.0,1416.0,16665,stock
2016-05-25,NIL,1450.0,1400.0,1432.0,1393.0,13372,stock
2016-05-26,NIL,1400.0,1449.0,1460.0,1360.0,16148,stock
2016-05-29,NIL,1449.0,1470.0,1518.0,1441.0,17397,stock
2016-05-30,NIL,1470.0,1470.0,1480.0,1450.0,6901,stock
2016-06-19,NIL,1470.0,1617.0,1617.0,1499.0,504,stock
2016-06-20,NIL,1617.0,1778.0,1778.0,1649.0,255,stock
2016-06-21,NIL,1778.0,1955.0,1955.0,1813.0,49796,stock
2016-06-22,NIL,1994.0,2120.0,2145.0,1994.0,43224,stock
2016-06-23,NIL,2120.0,2085.0,2250.0,2085.0,23576,stock
2016-06-26,NIL,2085.0,2015.0,2086.0,2010.0,21989,stock
2016-06-27,NIL,2015.0,2052.0,2092.0,2000.0,14606,stock
2016-06-28,NIL,2052.0,2115.0,2130.0,2036.0,17883,stock
2016-06-29,NIL,2115.0,2200.0,2200.0,2110.0,26248,stock
2016-06-30,NIL,2200.0,2218.0,2250.0,2156.0,27312,stock
2016-07-03,NIL,2218.0,2175.0,2210.0,2175.0,7594,stock
2016-07-04,NIL,2175.0,2169.0,2189.0,2161.0,4556,stock
2016-07-05,NIL,2169.0,2169.0,2169.0,2101.0,6426,stock
2016-07-06,NIL,2150.0,2150.0,2155.0,2126.0,7433,stock
2016-07-10,NIL,2150.0,2130.0,2210.0,2108.0,9494,stock
2016-07-11,NIL,2130.0,2050.0,2130.0,2020.0,10154,stock
2016-07-12,NIL,2050.0,2015.0,2091.0,1900.0,14683,stock
2016-07-13,NIL,2015.0,1990.0,2001.0,1900.0,4563,stock
2016-07-14,NIL,1999.0,1990.0,2030.0,1985.0,4829,stock
2016-07-17,NIL,1990.0,1930.0,2029.0,1925.0,4439,stock
2016-07-18,NIL,1930.0,2123.0,2123.0,1968.0,17787,stock
2016-07-19,NIL,2130.0,2095.0,2150.0,2060.0,4638,stock
2016-07-20,NIL,2054.0,2075.0,2136.0,2040.0,9172,stock
2016-07-21,NIL,2070.0,2095.0,2142.0,2058.0,6384,stock
2016-07-25,NIL,2095.0,2111.0,2170.0,2087.0,17908,stock
2016-07-26,NIL,2111.0,2175.0,2185.0,2121.0,15356,stock
2016-07-27,NIL,2175.0,2165.0,2215.0,2141.0,13402,stock
2016-07-28,NIL,2165.0,2160.0,2185.0,2140.0,8753,stock
2016-07-31,NIL,2160.0,2130.0,2170.0,2120.0,8432,stock
2016-08-01,NIL,2130.0,2130.0,2145.0,2088.0,5761,stock
2016-08-02,NIL,2130.0,2105.0,2120.0,2050.0,6405,stock
2016-08-03,NIL,2105.0,2109.0,2135.0,2050.0,15593,stock
2016-08-04,NIL,2109.0,2040.0,2101.0,2000.0,12768,stock
2016-08-07,NIL,2040.0,2062.0,2150.0,2020.0,17703,stock
2016-08-08,NIL,2062.0,1951.0,2062.0,1950.0,7468,stock
2016-08-09,NIL,1990.0,2099.0,2099.0,1990.0,1020,stock
2016-08-10,NIL,2140.0,2119.0,2198.0,2040.0,16501,stock
2016-08-11,NIL,2170.0,2073.0,2160.0,2073.0,8372,stock
2016-08-14,NIL,2055.0,2035.0,2065.0,2000.0,8101,stock
2016-08-15,NIL,2075.0,2003.0,2075.0,1961.0,7023,stock
2016-08-16,NIL,1961.0,2060.0,2075.0,1961.0,3414,stock
2016-08-17,NIL,2075.0,2085.0,2104.0,2052.0,3730,stock
2016-08-21,NIL,2065.0,2030.0,2065.0,2025.0,1435,stock
2016-08-22,NIL,2070.0,1970.0,2070.0,1950.0,5206,stock
2016-08-23,NIL,1940.0,1965.0,2000.0,1940.0,3247,stock
2016-08-24,NIL,2004.0,2150.0,2161.0,1998.0,17189,stock
2016-08-28,NIL,2150.0,2085.0,2150.0,2040.0,4621,stock
2016-08-29,NIL,2075.0,2062.0,2100.0,2062.0,1914,stock
2016-08-30,NIL,2031.0,2050.0,2065.0,2031.0,1242,stock
2016-08-31,NIL,2050.0,2095.0,2120.0,2035.0,2657,stock
2016-09-01,NIL,2100.0,2060.0,2100.0,2050.0,1448,stock
2016-09-04,NIL,2101.0,2036.0,2101.0,2036.0,822,stock
2016-09-05,NIL,2030.0,2070.0,2076.0,2030.0,3053,stock
2016-09-06,NIL,2085.0,2061.0,2115.0,2060.0,7604,stock
2016-09-07,NIL,2075.0,2100.0,2123.0,2071.0,10581,stock
2016-09-08,NIL,2142.0,2095.0,2142.0,2072.0,4131,stock
2016-09-11,NIL,2100.0,2140.0,2145.0,2100.0,6878,stock
2016-09-12,NIL,2145.0,2150.0,2160.0,2120.0,6735,stock
2016-09-14,NIL,2160.0,2200.0,2205.0,2145.0,8221,stock
2016-09-18,NIL,2204.0,2179.0,2205.0,2179.0,7092,stock
2016-09-20,NIL,2150.0,2145.0,2150.0,2101.0,1680,stock
2016-09-21,NIL,2103.0,2140.0,2161.0,2103.0,2193,stock
2016-09-22,NIL,2100.0,2135.0,2150.0,2100.0,2557,stock
2016-09-25,NIL,2100.0,2135.0,2150.0,2100.0,2557,stock
2016-09-26,NIL,2040.0,2100.0,2122.0,2040.0,2013,stock
2016-09-27,NIL,2100.0,2075.0,2100.0,2060.0,2496,stock
2016-09-28,NIL,2070.0,2050.0,2070.0,2025.0,2147,stock
2016-09-29,NIL,2050.0,2056.0,2100.0,2050.0,1048,stock
2016-10-02,NIL,2065.0,2090.0,2110.0,2065.0,480,stock
2016-10-03,NIL,2100.0,2100.0,2115.0,2095.0,2883,stock
2016-10-04,NIL,2120.0,2150.0,2150.0,2100.0,4977,stock
2016-10-05,NIL,2150.0,2146.0,2165.0,2136.0,6602,stock
2016-10-06,NIL,2160.0,2134.0,2174.0,2125.0,5149,stock
2016-10-16,NIL,2107.0,2110.0,2110.0,2107.0,330,stock
2016-10-17,NIL,2115.0,2130.0,2150.0,2089.0,3499,stock
2016-10-18,NIL,2140.0,2130.0,2140.0,2118.0,1219,stock
2016-10-19,NIL,2145.0,2159.0,2165.0,2142.0,8677,stock
2016-10-20,NIL,2164.0,2170.0,2185.0,2155.0,4002,stock
2016-10-23,NIL,2213.0,2245.0,2275.0,2169.0,29453,stock
2016-10-24,NIL,2289.0,2260.0,2289.0,2221.0,15636,stock
2016-10-25,NIL,2260.0,2210.0,2260.0,2201.0,6069,stock
2016-10-26,NIL,2230.0,2230.0,2245.0,2170.0,4968,stock
2016-10-27,NIL,2230.0,2229.0,2239.0,2222.0,6050,stock
2016-11-03,NIL,2273.0,2235.0,2273.0,2220.0,2629,stock
2016-11-07,NIL,2279.0,2290.0,2300.0,2265.0,18830,stock
2016-11-08,NIL,2275.0,2250.0,2284.0,2225.0,10803,stock
2016-11-09,NIL,2211.0,2210.0,2255.0,2200.0,5282,stock
2016-11-10,NIL,2200.0,2199.0,2205.0,2175.0,5067,stock
2016-11-13,NIL,2175.0,2190.0,2225.0,2171.0,4307,stock
2016-11-14,NIL,2200.0,2185.0,2220.0,2161.0,4264,stock
2016-11-15,NIL,2200.0,2180.0,2205.0,2180.0,3940,stock
2016-11-16,NIL,2205.0,2190.0,2205.0,2190.0,3353,stock
2016-11-17,NIL,2179.0,2131.0,2179.0,2101.0,4579,stock
2016-11-20,NIL,2088.0,1990.0,2088.0,1917.0,8838,stock
2016-11-21,NIL,1961.0,1970.0,2029.0,1960.0,4925,stock
2016-11-22,NIL,1960.0,1961.0,1980.0,1960.0,2682,stock
2016-11-23,NIL,1950.0,1840.0,1950.0,1830.0,6935,stock
2016-11-24,NIL,1876.0,1781.0,1951.0,1765.0,6380,stock
2016-11-27,NIL,1750.0,1603.0,1750.0,1603.0,8643,stock
2016-11-28,NIL,1580.0,1670.0,1763.0,1443.0,11311,stock
2016-11-29,NIL,1638.0,1780.0,1785.0,1599.0,13290,stock
2016-11-30,NIL,1815.0,1859.0,1860.0,1745.0,17697,stock
2016-12-01,NIL,1896.0,1845.0,1930.0,1830.0,11692,stock
2016-12-04,NIL,1880.0,1780.0,1880.0,1776.0,7660,stock
2016-12-05,NIL,1746.0,1706.0,1746.0,1705.0,3120,stock
2016-12-06,NIL,1705.0,1764.0,1773.0,1705.0,1580,stock
2016-12-07,NIL,1752.0,1731.0,1752.0,1729.0,2690,stock
2016-12-08,NIL,1745.0,1740.0,1765.0,1735.0,4190,stock
2016-12-11,NIL,1755.0,1750.0,1810.0,1733.0,4433,stock
2016-12-12,NIL,1730.0,1725.0,1750.0,1700.0,3372,stock
2016-12-14,NIL,1730.0,1758.0,1764.0,1728.0,2116,stock
2016-12-15,NIL,1758.0,1780.0,1780.0,1758.0,3030,stock
2016-12-18,NIL,1765.0,1813.0,1813.0,1765.0,7977,stock
2016-12-19,NIL,1813.0,1780.0,1813.0,1780.0,2820,stock
2016-12-20,NIL,1755.0,1755.0,1773.0,1750.0,2306,stock
2016-12-21,NIL,1730.0,1744.0,1755.0,1720.0,6795,stock
2016-12-22,NIL,1778.0,1771.0,1840.0,1760.0,23905,stock
2016-12-26,NIL,1799.0,1710.0,1799.0,1701.0,13507,stock
2016-12-27,NIL,1680.0,1625.0,1690.0,1621.0,11684,stock
2016-12-28,NIL,1594.0,1610.0,1680.0,1590.0,24587,stock
2016-12-29,NIL,779.0,820.0,851.0,750.0,10579,stock
2017-01-01,NIL,830.0,830.0,845.0,800.0,12582,stock
2017-01-02,NIL,846.0,847.0,851.0,826.0,7653,stock
2017-01-03,NIL,840.0,823.0,840.0,815.0,2624,stock
2017-01-04,NIL,820.0,823.0,827.0,820.0,2740,stock
2017-01-05,NIL,830.0,818.0,830.0,817.0,2230,stock
2017-01-08,NIL,814.0,819.0,819.0,809.0,1320,stock
2017-01-09,NIL,835.0,820.0,842.0,810.0,1688,stock
2017-01-10,NIL,835.0,831.0,840.0,830.0,2632,stock
2017-01-11,NIL,841.0,826.0,840.0,825.0,1750,stock
2017-01-12,NIL,830.0,829.0,839.0,827.0,1826,stock
2017-01-15,NIL,843.0,830.0,843.0,827.0,600,stock
2017-01-16,NIL,840.0,814.0,840.0,810.0,4540,stock
2017-01-17,NIL,804.0,808.0,820.0,804.0,2920,stock
2017-01-18,NIL,820.0,820.0,820.0,820.0,500,stock
2017-01-19,NIL,830.0,820.0,830.0,820.0,3108,stock
2017-01-22,NIL,836.0,830.0,836.0,821.0,1100,stock
2017-01-23,NIL,825.0,826.0,826.0,799.0,960,stock
2017-01-24,NIL,810.0,799.0,810.0,792.0,3710,stock
2017-01-25,NIL,784.0,777.0,784.0,765.0,4227,stock
2017-01-26,NIL,777.0,765.0,777.0,733.0,2535,stock
2017-01-30,NIL,741.0,681.0,741.0,681.0,1435,stock
2017-01-31,NIL,668.0,669.0,707.0,642.0,2570,stock
2017-02-01,NIL,665.0,728.0,728.0,665.0,4590,stock
2017-02-02,NIL,742.0,715.0,742.0,715.0,2445,stock
2017-02-05,NIL,705.0,696.0,720.0,696.0,310,stock
2017-02-06,NIL,685.0,690.0,690.0,684.0,899,stock
2017-02-07,NIL,680.0,684.0,684.0,671.0,1379,stock
2017-02-08,NIL,671.0,680.0,680.0,660.0,1959,stock
2017-02-09,NIL,675.0,660.0,680.0,660.0,3454,stock
2017-02-12,NIL,648.0,608.0,648.0,605.0,4136,stock
2017-02-13,NIL,600.0,627.0,627.0,568.0,5975,stock
2017-02-14,NIL,620.0,620.0,640.0,608.0,2560,stock
2017-02-15,NIL,632.0,682.0,682.0,625.0,2683,stock
2017-02-16,NIL,695.0,745.0,750.0,685.0,13165,stock
2017-02-19,NIL,755.0,816.0,825.0,726.0,12596,stock
2017-02-20,NIL,832.0,865.0,895.0,825.0,21393,stock
2017-02-21,NIL,882.0,840.0,916.0,820.0,13024,stock
2017-02-22,NIL,826.0,800.0,839.0,784.0,5673,stock
2017-02-23,NIL,790.0,790.0,813.0,770.0,2094,stock
2017-02-26,NIL,775.0,753.0,775.0,750.0,2260,stock
2017-02-28,NIL,753.0,745.0,760.0,745.0,2687,stock
2017-03-01,NIL,759.0,790.0,790.0,750.0,2710,stock
2017-03-02,NIL,800.0,799.0,804.0,786.0,3791,stock
2017-03-05,NIL,810.0,828.0,840.0,801.0,5136,stock
2017-03-06,NIL,830.0,817.0,855.0,810.0,8048,stock
2017-03-07,NIL,801.0,803.0,814.0,792.0,5263,stock
2017-03-09,NIL,815.0,805.0,825.0,805.0,2368,stock
2017-03-13,NIL,820.0,814.0,820.0,810.0,4600,stock
2017-03-14,NIL,815.0,805.0,815.0,803.0,1238,stock
2017-03-15,NIL,805.0,800.0,810.0,790.0,5097,stock
2017-03-16,NIL,810.0,800.0,810.0,800.0,2065,stock
2017-03-19,NIL,800.0,844.0,848.0,800.0,4829,stock
2017-03-20,NIL,860.0,928.0,928.0,855.0,24879,stock
2017-03-21,NIL,946.0,994.0,1000.0,893.0,32914,stock
2017-03-22,NIL,980.0,941.0,1017.0,941.0,19102,stock
2017-03-23,NIL,959.0,945.0,1000.0,922.0,12940,stock
2017-03-26,NIL,953.0,998.0,1010.0,953.0,15712,stock
2017-03-28,NIL,998.0,1097.0,1097.0,1017.0,11921,stock
2017-03-29,NIL,1097.0,1106.0,1179.0,1100.0,23481,stock
2017-03-30,NIL,1106.0,1130.0,1150.0,1070.0,16631,stock
2017-04-02,NIL,1152.0,1243.0,1243.0,1152.0,3770,stock
2017-04-03,NIL,1267.0,1315.0,1367.0,1267.0,29574,stock
2017-04-04,NIL,1315.0,1300.0,1340.0,1249.0,22265,stock
2017-04-06,NIL,1300.0,1290.0,1325.0,1275.0,13008,stock
2017-04-09,NIL,1315.0,1299.0,1340.0,1290.0,13230,stock
2017-04-10,NIL,1309.0,1295.0,1309.0,1285.0,7066,stock
2017-04-11,NIL,1301.0,1289.0,1320.0,1280.0,11879,stock
2017-04-12,NIL,1295.0,1278.0,1360.0,1261.0,16392,stock
2017-04-13,NIL,1236.0,1248.0,1286.0,1232.0,8330,stock
2017-04-16,NIL,1250.0,1148.0,1250.0,1148.0,8643,stock
2017-04-18,NIL,1126.0,1096.0,1160.0,1061.0,11799,stock
2017-04-19,NIL,1096.0,1185.0,1188.0,1100.0,12170,stock
2017-04-20,NIL,1208.0,1216.0,1281.0,1208.0,11452,stock
2017-04-23,NIL,1240.0,1261.0,1335.0,1240.0,7896,stock
2017-04-24,NIL,1270.0,1220.0,1280.0,1220.0,7700,stock
2017-04-25,NIL,1200.0,1221.0,1244.0,1196.0,4070,stock
2017-04-26,NIL,1225.0,1214.0,1225.0,1200.0,2192,stock
2017-04-27,NIL,1200.0,1200.0,1215.0,1180.0,9238,stock
2017-04-30,NIL,1200.0,1180.0,1210.0,1168.0,3390,stock
2017-05-02,NIL,1160.0,1185.0,1210.0,1141.0,4404,stock
2017-05-03,NIL,1208.0,1175.0,1210.0,1175.0,3250,stock
2017-05-04,NIL,1180.0,1150.0,1180.0,1150.0,3218,stock
2017-05-07,NIL,1165.0,1140.0,1188.0,1140.0,1641,stock
2017-05-08,NIL,1140.0,1140.0,1199.0,1130.0,1320,stock
2017-05-09,NIL,1149.0,1161.0,1178.0,1150.0,4389,stock
2017-05-11,NIL,1175.0,1170.0,1184.0,1170.0,3285,stock
2017-05-15,NIL,1193.0,1189.0,1227.0,1189.0,5291,stock
2017-05-16,NIL,1210.0,1181.0,1210.0,1179.0,2684,stock
2017-05-17,NIL,1185.0,1170.0,1195.0,1170.0,2922,stock
2017-05-18,NIL,1170.0,1170.0,1175.0,1170.0,1747,stock
2017-05-21,NIL,1173.0,1140.0,1173.0,1136.0,2222,stock
2017-05-22,NIL,1145.0,1122.0,1145.0,1120.0,4093,stock
2017-05-23,NIL,1105.0,1140.0,1160.0,1105.0,2332,stock
2017-05-24,NIL,1140.0,1150.0,1175.0,1130.0,1595,stock
2017-05-28,NIL,1136.0,1150.0,1150.0,1125.0,2742,stock
2017-05-30,NIL,1135.0,1121.0,1140.0,1110.0,4111,stock
2017-05-31,NIL,1121.0,1144.0,1150.0,1097.0,4745,stock
2017-06-01,NIL,1150.0,1140.0,1150.0,1125.0,2315,stock
2017-06-04,NIL,1120.0,1112.0,1121.0,1112.0,1744,stock
2017-06-05,NIL,1120.0,1128.0,1145.0,1120.0,1419,stock
2017-06-06,NIL,1140.0,1130.0,1140.0,1110.0,4356,stock
2017-06-07,NIL,1130.0,1120.0,1136.0,1120.0,3833,stock
2017-06-08,NIL,1105.0,1108.0,1120.0,1105.0,1972,stock
2017-06-11,NIL,1105.0,1089.0,1110.0,1077.0,4300,stock
2017-06-12,NIL,1085.0,1070.0,1090.0,1070.0,3201,stock
2017-06-13,NIL,1065.0,1065.0,1070.0,1050.0,1040,stock
2017-06-14,NIL,1055.0,1062.0,1076.0,1055.0,2069,stock
2017-06-15,NIL,1080.0,1075.0,1105.0,1071.0,2220,stock
2017-06-18,NIL,1075.0,1060.0,1080.0,1060.0,1690,stock
2017-06-19,NIL,1075.0,1025.0,1075.0,1025.0,2299,stock
2017-06-20,NIL,1035.0,1030.0,1045.0,1000.0,2743,stock
2017-06-21,NIL,1040.0,1029.0,1049.0,1029.0,555,stock
2017-06-22,NIL,1025.0,1021.0,1045.0,1021.0,3003,stock
2017-06-25,NIL,1011.0,997.0,1014.0,990.0,29052,stock
2017-06-27,NIL,1000.0,980.0,1000.0,970.0,11577,stock
2017-06-28,NIL,965.0,979.0,984.0,961.0,17048,stock
2017-07-02,NIL,970.0,955.0,970.0,947.0,10961,stock
2017-07-03,NIL,970.0,962.0,974.0,960.0,5621,stock
2017-07-04,NIL,955.0,958.0,965.0,950.0,5806,stock
2017-07-05,NIL,972.0,962.0,972.0,956.0,5931,stock
2017-07-06,NIL,981.0,992.0,999.0,973.0,7197,stock
2017-07-09,NIL,994.0,1000.0,1035.0,961.0,23693,stock
2017-07-10,NIL,1000.0,990.0,1000.0,970.0,7775,stock
2017-07-11,NIL,995.0,987.0,995.0,985.0,2784,stock
2017-07-12,NIL,990.0,990.0,999.0,980.0,4563,stock
2017-07-13,NIL,990.0,982.0,990.0,966.0,10725,stock
2017-07-16,NIL,985.0,984.0,990.0,983.0,1720,stock
2017-07-17,NIL,990.0,999.0,1005.0,990.0,3887,stock
2017-07-18,NIL,1018.0,1059.0,1060.0,1001.0,12395,stock
2017-07-19,NIL,1070.0,1150.0,1164.0,1055.0,65454,stock
2017-07-20,NIL,1173.0,1146.0,1173.0,1137.0,48214,stock
2017-07-23,NIL,1165.0,1170.0,1185.0,1140.0,42600,stock
2017-07-24,NIL,1170.0,1150.0,1184.0,1146.0,23874,stock
2017-07-25,NIL,1152.0,1155.0,1167.0,1144.0,10772,stock
2017-07-26,NIL,1178.0,1195.0,1210.0,1156.0,23963,stock
2017-07-27,NIL,1200.0,1159.0,1200.0,1159.0,16999,stock
2017-07-30,NIL,1150.0,1155.0,1170.0,1123.0,12001,stock
2017-07-31,NIL,1174.0,1167.0,1195.0,1150.0,20740,stock
2017-08-01,NIL,1170.0,1165.0,1174.0,1159.0,13704,stock
2017-08-02,NIL,1159.0,1170.0,1175.0,1155.0,10127,stock
2017-08-03,NIL,1170.0,1153.0,1170.0,1150.0,7580,stock
2017-08-06,NIL,1155.0,1145.0,1155.0,1141.0,6041,stock
2017-08-07,NIL,1140.0,1134.0,1150.0,1132.0,7817,stock
2017-08-09,NIL,1130.0,1146.0,1164.0,1128.0,8011,stock
2017-08-10,NIL,1149.0,1150.0,1160.0,1127.0,15454,stock
2017-08-13,NIL,1155.0,1142.0,1155.0,1133.0,6967,stock
2017-08-15,NIL,1126.0,1133.0,1140.0,1126.0,7071,stock
2017-08-16,NIL,1133.0,1126.0,1145.0,1121.0,7589,stock
2017-08-17,NIL,1111.0,1122.0,1125.0,1105.0,11112,stock
2017-08-20,NIL,1120.0,1120.0,1125.0,1118.0,6493,stock
2017-08-21,NIL,1120.0,1100.0,1142.0,1095.0,10100,stock
2017-08-22,NIL,1090.0,1122.0,1135.0,1090.0,13187,stock
2017-08-23,NIL,1125.0,1115.0,1125.0,1106.0,3083,stock
2017-08-24,NIL,1115.0,1130.0,1130.0,1116.0,9117,stock
2017-08-27,NIL,1130.0,1130.0,1138.0,1125.0,6480,stock
2017-08-28,NIL,1120.0,1117.0,1130.0,1112.0,5386,stock
2017-08-30,NIL,1110.0,1115.0,1125.0,1103.0,8991,stock
2017-08-31,NIL,1115.0,1095.0,1122.0,1095.0,10486,stock
2017-09-04,NIL,1075.0,1070.0,1098.0,1040.0,6740,stock
2017-09-06,NIL,1085.0,1099.0,1125.0,1075.0,15589,stock
2017-09-07,NIL,1110.0,1090.0,1110.0,1086.0,8445,stock
2017-09-10,NIL,1090.0,1045.0,1090.0,1040.0,8514,stock
2017-09-11,NIL,1048.0,1040.0,1091.0,1048.0,7579,stock
2017-09-12,NIL,1053.0,1045.0,1063.0,1042.0,11372,stock
2017-09-13,NIL,1035.0,1038.0,1049.0,1020.0,16664,stock
2017-09-14,NIL,944.0,938.0,950.0,890.0,4866,stock
2017-09-17,NIL,956.0,935.0,956.0,923.0,2410,stock
2017-09-18,NIL,940.0,936.0,940.0,925.0,5160,stock
2017-09-20,NIL,922.0,930.0,945.0,920.0,3221,stock
2017-09-24,NIL,935.0,922.0,948.0,922.0,750,stock
2017-09-25,NIL,920.0,921.0,921.0,920.0,220,stock
2017-09-26,NIL,939.0,931.0,940.0,925.0,1649,stock
2017-10-03,NIL,930.0,932.0,936.0,929.0,1115,stock
2017-10-04,NIL,932.0,919.0,932.0,916.0,1200,stock
2017-10-08,NIL,910.0,900.0,915.0,897.0,2960,stock
2017-10-09,NIL,902.0,895.0,906.0,895.0,1551,stock
2017-10-10,NIL,905.0,892.0,918.0,890.0,4593,stock
2017-10-11,NIL,909.0,917.0,917.0,900.0,2820,stock
2017-10-12,NIL,900.0,896.0,900.0,885.0,2070,stock
2017-10-15,NIL,900.0,899.0,905.0,895.0,993,stock
2017-10-16,NIL,907.0,930.0,930.0,907.0,2441,stock
2017-10-17,NIL,932.0,932.0,940.0,930.0,1035,stock
2017-10-18,NIL,940.0,948.0,948.0,930.0,1720,stock
2017-10-22,NIL,950.0,949.0,950.0,940.0,702,stock
2017-10-23,NIL,949.0,943.0,950.0,941.0,3280,stock
2017-10-24,NIL,943.0,948.0,951.0,938.0,11344,stock
2017-10-25,NIL,942.0,945.0,950.0,940.0,9870,stock
2017-10-29,NIL,950.0,950.0,950.0,935.0,5445,stock
2017-10-30,NIL,945.0,950.0,950.0,945.0,7882,stock
2017-10-31,NIL,941.0,940.0,947.0,935.0,7399,stock
2017-11-01,NIL,945.0,940.0,945.0,927.0,8632,stock
2017-11-02,NIL,922.0,940.0,940.0,922.0,5765,stock
2017-11-05,NIL,926.0,924.0,926.0,916.0,4157,stock
2017-11-06,NIL,925.0,926.0,930.0,922.0,4533,stock
2017-11-07,NIL,940.0,926.0,940.0,926.0,8075,stock
2017-11-08,NIL,944.0,910.0,944.0,902.0,5577,stock
2017-11-09,NIL,928.0,915.0,928.0,897.0,9080,stock
2017-11-12,NIL,915.0,915.0,920.0,895.0,3982,stock
2017-11-13,NIL,910.0,912.0,912.0,905.0,4125,stock
2017-11-14,NIL,915.0,916.0,933.0,898.0,8229,stock
2017-11-15,NIL,916.0,907.0,916.0,900.0,4860,stock
2017-11-16,NIL,891.0,887.0,899.0,883.0,11187,stock
2017-11-19,NIL,887.0,879.0,890.0,870.0,2135,stock
2017-11-20,NIL,880.0,875.0,880.0,870.0,249,stock
2017-11-21,NIL,875.0,880.0,903.0,875.0,1276,stock
2017-11-22,NIL,880.0,877.0,890.0,874.0,1840,stock
2017-11-23,NIL,874.0,905.0,905.0,880.0,701,stock
2017-11-26,NIL,905.0,895.0,915.0,895.0,2090,stock
2017-11-27,NIL,900.0,898.0,910.0,898.0,1235,stock
2017-11-28,NIL,890.0,890.0,890.0,888.0,800,stock
2017-11-29,NIL,907.0,916.0,933.0,907.0,12967,stock
2017-11-30,NIL,934.0,950.0,955.0,921.0,19832,stock
2017-12-04,NIL,940.0,941.0,955.0,940.0,4560,stock
2017-12-05,NIL,947.0,935.0,947.0,930.0,3293,stock
2017-12-06,NIL,939.0,924.0,940.0,924.0,1923,stock
2017-12-10,NIL,942.0,930.0,942.0,925.0,3629,stock
2017-12-11,NIL,920.0,925.0,925.0,910.0,5499,stock
2017-12-12,NIL,913.0,920.0,920.0,911.0,1506,stock
2017-12-13,NIL,910.0,927.0,928.0,910.0,1110,stock
2017-12-14,NIL,921.0,916.0,921.0,916.0,295,stock
2017-12-17,NIL,915.0,906.0,915.0,901.0,4760,stock
2017-12-18,NIL,905.0,901.0,906.0,901.0,1964,stock
2017-12-19,NIL,901.0,888.0,901.0,885.0,2031,stock
2017-12-20,NIL,873.0,890.0,890.0,873.0,2850,stock
2017-12-21,NIL,875.0,886.0,886.0,875.0,3860,stock
2017-12-24,NIL,890.0,875.0,891.0,874.0,2943,stock
2017-12-26,NIL,859.0,848.0,868.0,848.0,4049,stock
2017-12-27,NIL,835.0,828.0,845.0,804.0,5311,stock
2017-12-28,NIL,820.0,830.0,836.0,805.0,5329,stock
2017-12-31,NIL,815.0,824.0,830.0,798.0,4724,stock
2018-01-01,NIL,824.0,870.0,870.0,824.0,2785,stock
2018-01-02,NIL,865.0,865.0,875.0,848.0,3175,stock
2018-01-03,NIL,849.0,848.0,849.0,827.0,3777,stock
2018-01-04,NIL,845.0,843.0,845.0,830.0,2574,stock
2018-01-07,NIL,852.0,854.0,873.0,852.0,8169,stock
2018-01-08,NIL,869.0,858.0,869.0,850.0,7842,stock
2018-01-09,NIL,858.0,862.0,875.0,860.0,5288,stock
2018-01-10,NIL,862.0,860.0,872.0,856.0,7964,stock
2018-01-14,NIL,860.0,848.0,863.0,846.0,6786,stock
2018-01-16,NIL,853.0,826.0,853.0,822.0,2587,stock
2018-01-17,NIL,825.0,815.0,825.0,810.0,7390,stock
2018-01-21,NIL,815.0,770.0,815.0,765.0,17653,stock
2018-01-22,NIL,770.0,761.0,770.0,755.0,33827,stock
2018-01-23,NIL,541.0,526.0,540.0,525.0,7079,stock
2018-01-24,NIL,525.0,530.0,540.0,525.0,3126,stock
2018-01-25,NIL,535.0,550.0,550.0,535.0,1093,stock
2018-01-28,NIL,560.0,567.0,576.0,560.0,5414,stock
2018-01-29,NIL,570.0,569.0,570.0,565.0,6705,stock
2018-01-31,NIL,565.0,570.0,579.0,564.0,3432,stock
2018-02-01,NIL,570.0,577.0,577.0,565.0,3993,stock
2018-02-04,NIL,585.0,585.0,590.0,580.0,4532,stock
2018-02-05,NIL,585.0,580.0,585.0,580.0,3277,stock
2018-02-06,NIL,575.0,572.0,575.0,565.0,2720,stock
2018-02-07,NIL,566.0,560.0,570.0,557.0,2034,stock
2018-02-08,NIL,549.0,570.0,570.0,549.0,2392,stock
2018-02-11,NIL,570.0,570.0,572.0,560.0,630,stock
2018-02-12,NIL,565.0,570.0,570.0,565.0,945,stock
2018-02-14,NIL,570.0,570.0,570.0,559.0,2492,stock
2018-02-15,NIL,581.0,609.0,610.0,570.0,6119,stock
2018-02-18,NIL,609.0,600.0,633.0,600.0,14378,stock
2018-02-20,NIL,605.0,590.0,610.0,590.0,4541,stock
2018-02-21,NIL,579.0,583.0,583.0,576.0,2283,stock
2018-02-22,NIL,575.0,580.0,587.0,575.0,1969,stock
2018-02-25,NIL,579.0,577.0,581.0,575.0,2560,stock
2018-02-26,NIL,576.0,573.0,585.0,565.0,3130,stock
2018-02-27,NIL,573.0,579.0,590.0,567.0,2968,stock
2018-02-28,NIL,570.0,564.0,570.0,557.0,2494,stock
2018-03-04,NIL,553.0,546.0,554.0,535.0,5929,stock
2018-03-06,NIL,531.0,526.0,550.0,522.0,6766,stock
2018-03-07,NIL,536.0,548.0,551.0,531.0,5174,stock
2018-03-11,NIL,548.0,540.0,545.0,535.0,1562,stock
2018-03-12,NIL,540.0,543.0,543.0,530.0,2640,stock
2018-03-13,NIL,545.0,539.0,545.0,530.0,1892,stock
2018-03-14,NIL,535.0,539.0,539.0,534.0,1467,stock
2018-03-15,NIL,549.0,550.0,550.0,540.0,1768,stock
2018-03-18,NIL,540.0,540.0,542.0,535.0,1062,stock
2018-03-19,NIL,535.0,532.0,535.0,531.0,900,stock
2018-03-20,NIL,530.0,530.0,532.0,516.0,2572,stock
2018-03-21,NIL,521.0,520.0,527.0,511.0,3224,stock
2018-03-22,NIL,510.0,510.0,529.0,508.0,3802,stock
2018-03-26,NIL,500.0,481.0,500.0,480.0,4635,stock
2018-03-27,NIL,475.0,510.0,529.0,448.0,4959,stock
2018-03-28,NIL,520.0,505.0,530.0,481.0,7521,stock
2018-03-29,NIL,515.0,520.0,525.0,510.0,2544,stock
2018-04-01,NIL,515.0,500.0,515.0,496.0,4614,stock
2018-04-02,NIL,507.0,495.0,507.0,490.0,3079,stock
2018-04-03,NIL,500.0,497.0,500.0,490.0,4779,stock
2018-04-04,NIL,501.0,511.0,517.0,496.0,6032,stock
2018-04-05,NIL,518.0,543.0,543.0,515.0,7597,stock
2018-04-08,NIL,553.0,565.0,590.0,532.0,35882,stock
2018-04-09,NIL,576.0,550.0,586.0,550.0,20188,stock
2018-04-10,NIL,550.0,551.0,565.0,530.0,8120,stock
2018-04-11,NIL,533.0,540.0,541.0,533.0,5675,stock
2018-04-12,NIL,550.0,547.0,556.0,543.0,5987,stock
2018-04-15,NIL,547.0,557.0,566.0,530.0,9650,stock
2018-04-16,NIL,568.0,598.0,599.0,555.0,32406,stock
2018-04-17,NIL,599.0,637.0,637.0,598.0,34345,stock
2018-04-18,NIL,648.0,628.0,653.0,621.0,34762,stock
2018-04-19,NIL,630.0,622.0,635.0,620.0,14080,stock
2018-04-22,NIL,622.0,658.0,658.0,622.0,15494,stock
2018-04-23,NIL,660.0,642.0,680.0,636.0,32492,stock
2018-04-24,NIL,653.0,631.0,654.0,618.0,13988,stock
2018-04-25,NIL,620.0,622.0,634.0,619.0,7152,stock
2018-04-26,NIL,628.0,610.0,640.0,605.0,6870,stock
2018-04-29,NIL,600.0,613.0,615.0,597.0,11184,stock
2018-05-02,NIL,613.0,626.0,626.0,602.0,9897,stock
2018-05-03,NIL,638.0,624.0,645.0,614.0,6825,stock
2018-05-06,NIL,630.0,610.0,630.0,610.0,4735,stock
2018-05-07,NIL,610.0,603.0,610.0,598.0,4144,stock
2018-05-08,NIL,603.0,622.0,622.0,603.0,4495,stock
2018-05-09,NIL,622.0,620.0,634.0,610.0,3212,stock
2018-05-10,NIL,620.0,615.0,615.0,608.0,2157,stock
2018-05-14,NIL,615.0,605.0,615.0,602.0,2415,stock
2018-05-15,NIL,604.0,610.0,612.0,604.0,1136,stock
2018-05-16,NIL,598.0,606.0,611.0,595.0,6718,stock
2018-05-17,NIL,618.0,605.0,620.0,605.0,1767,stock
2018-05-20,NIL,617.0,614.0,617.0,610.0,6934,stock
2018-05-21,NIL,610.0,611.0,611.0,605.0,2834,stock
2018-05-22,NIL,611.0,607.0,611.0,607.0,1305,stock
2018-05-23,NIL,601.0,604.0,604.0,596.0,3788,stock
2018-05-24,NIL,604.0,600.0,616.0,595.0,2588,stock
2018-05-27,NIL,599.0,589.0,599.0,588.0,3430,stock
2018-05-28,NIL,588.0,621.0,621.0,580.0,3046,stock
2018-05-29,NIL,625.0,625.0,630.0,610.0,13981,stock
2018-05-30,NIL,635.0,624.0,645.0,613.0,7843,stock
2018-05-31,NIL,620.0,611.0,622.0,610.0,4638,stock
2018-06-03,NIL,600.0,596.0,613.0,592.0,12000,stock
2018-06-04,NIL,588.0,583.0,607.0,571.0,5604,stock
2018-06-06,NIL,594.0,594.0,617.0,594.0,7109,stock
2018-06-07,NIL,593.0,580.0,595.0,580.0,8640,stock
2018-06-10,NIL,572.0,558.0,572.0,558.0,10970,stock
2018-06-11,NIL,560.0,570.0,582.0,559.0,11823,stock
2018-06-12,NIL,562.0,570.0,575.0,562.0,1369,stock
2018-06-13,NIL,565.0,571.0,580.0,565.0,1845,stock
2018-06-14,NIL,582.0,573.0,582.0,562.0,5603,stock
2018-06-17,NIL,563.0,561.0,564.0,560.0,2222,stock
2018-06-18,NIL,555.0,583.0,584.0,550.0,2842,stock
2018-06-19,NIL,575.0,579.0,579.0,566.0,780,stock
2018-06-20,NIL,579.0,570.0,579.0,570.0,360,stock
2018-06-21,NIL,570.0,560.0,575.0,560.0,665,stock
2018-06-24,NIL,555.0,561.0,565.0,550.0,11716,stock
2018-06-25,NIL,554.0,550.0,557.0,548.0,4144,stock
2018-06-26,NIL,542.0,543.0,545.0,535.0,9168,stock
2018-06-27,NIL,535.0,546.0,550.0,531.0,16913,stock
2018-06-28,NIL,555.0,537.0,555.0,537.0,2380,stock
2018-07-01,NIL,525.0,524.0,525.0,520.0,1616,stock
2018-07-02,NIL,525.0,521.0,525.0,518.0,1396,stock
2018-07-03,NIL,517.0,513.0,521.0,513.0,2982,stock
2018-07-04,NIL,508.0,517.0,525.0,505.0,4780,stock
2018-07-05,NIL,527.0,555.0,556.0,527.0,14556,stock
2018-07-08,NIL,565.0,550.0,576.0,544.0,11248,stock
2018-07-09,NIL,560.0,538.0,560.0,535.0,6266,stock
2018-07-10,NIL,540.0,539.0,560.0,538.0,5650,stock
2018-07-11,NIL,548.0,544.0,558.0,539.0,5594,stock
2018-07-12,NIL,550.0,532.0,550.0,530.0,3885,stock
2018-07-15,NIL,540.0,543.0,545.0,530.0,1739,stock
2018-07-16,NIL,545.0,555.0,558.0,540.0,3113,stock
2018-07-17,NIL,550.0,542.0,550.0,540.0,2279,stock
2018-07-18,NIL,542.0,530.0,542.0,530.0,1425,stock
2018-07-19,NIL,525.0,529.0,533.0,525.0,5469,stock
2018-07-22,NIL,519.0,516.0,521.0,512.0,6649,stock
2018-07-23,NIL,507.0,525.0,535.0,507.0,2653,stock
2018-07-24,NIL,535.0,538.0,555.0,532.0,4944,stock
2018-07-25,NIL,540.0,530.0,540.0,530.0,1704,stock
2018-07-26,NIL,524.0,523.0,525.0,516.0,4330,stock
2018-07-29,NIL,525.0,522.0,530.0,522.0,1976,stock
2018-07-30,NIL,516.0,520.0,526.0,516.0,4215,stock
2018-07-31,NIL,524.0,521.0,525.0,521.0,1882,stock
2018-08-01,NIL,525.0,524.0,525.0,520.0,1616,stock
2018-08-02,NIL,525.0,521.0,525.0,518.0,1396,stock
2018-08-05,NIL,523.0,520.0,524.0,518.0,2444,stock
2018-08-06,NIL,515.0,522.0,522.0,512.0,1961,stock
2018-08-07,NIL,531.0,522.0,531.0,520.0,5853,stock
2018-08-08,NIL,521.0,518.0,521.0,515.0,2990,stock
2018-08-09,NIL,512.0,510.0,515.0,510.0,5410,stock
2018-08-12,NIL,508.0,500.0,508.0,493.0,3642,stock
2018-08-13,NIL,500.0,507.0,514.0,500.0,2905,stock
2018-08-14,NIL,517.0,517.0,517.0,515.0,360,stock
2018-08-15,NIL,515.0,539.0,540.0,515.0,9975,stock
2018-08-16,NIL,549.0,527.0,549.0,527.0,6069,stock
2018-08-19,NIL,521.0,515.0,521.0,511.0,1810,stock
2018-08-20,NIL,515.0,509.0,515.0,507.0,4149,stock
2018-08-21,NIL,515.0,507.0,515.0,503.0,4621,stock
2018-08-22,NIL,504.0,506.0,510.0,504.0,2538,stock
2018-08-23,NIL,510.0,508.0,511.0,506.0,2231,stock
2018-08-26,NIL,510.0,508.0,511.0,508.0,680,stock
2018-08-28,NIL,505.0,506.0,508.0,504.0,1665,stock
2018-08-29,NIL,505.0,503.0,506.0,501.0,4501,stock
2018-08-30,NIL,513.0,507.0,513.0,505.0,214,stock
2018-09-02,NIL,506.0,510.0,515.0,506.0,2528,stock
2018-09-03,NIL,518.0,515.0,524.0,513.0,4566,stock
2018-09-04,NIL,506.0,519.0,529.0,506.0,7574,stock
2018-09-05,NIL,521.0,540.0,550.0,520.0,8647,stock
2018-09-06,NIL,540.0,526.0,550.0,526.0,13687,stock
2018-09-09,NIL,524.0,520.0,528.0,520.0,3025,stock
2018-09-10,NIL,513.0,513.0,516.0,510.0,3200,stock
2018-09-11,NIL,520.0,516.0,530.0,513.0,3042,stock
2018-09-12,NIL,515.0,517.0,524.0,515.0,1029,stock
2018-09-13,NIL,527.0,521.0,529.0,521.0,5168,stock
2018-09-16,NIL,521.0,534.0,541.0,521.0,10155,stock
2018-09-17,NIL,525.0,550.0,575.0,525.0,24843,stock
2018-09-18,NIL,561.0,572.0,580.0,550.0,60023,stock
2018-09-20,NIL,577.0,561.0,577.0,560.0,13352,stock
2018-09-23,NIL,555.0,551.0,560.0,551.0,7775,stock
2018-09-25,NIL,562.0,560.0,567.0,552.0,7579,stock
2018-09-26,NIL,567.0,558.0,570.0,554.0,10504,stock
2018-09-27,NIL,560.0,548.0,560.0,548.0,5458,stock
2018-09-30,NIL,545.0,539.0,550.0,534.0,4764,stock
2018-10-01,NIL,541.0,537.0,541.0,534.0,4780,stock
2018-10-02,NIL,531.0,531.0,549.0,530.0,7629,stock
2018-10-03,NIL,522.0,526.0,549.0,522.0,7411,stock
2018-10-04,NIL,525.0,523.0,528.0,521.0,4262,stock
2018-10-07,NIL,523.0,520.0,528.0,514.0,12013,stock
2018-10-08,NIL,523.0,524.0,529.0,521.0,1787,stock
2018-10-09,NIL,525.0,519.0,527.0,518.0,3350,stock
2018-10-10,NIL,513.0,525.0,525.0,513.0,3028,stock
2018-10-11,NIL,526.0,520.0,526.0,515.0,4377,stock
2018-10-14,NIL,522.0,550.0,550.0,522.0,1895,stock
2018-10-15,NIL,540.0,544.0,545.0,530.0,3160,stock
2018-10-21,NIL,534.0,534.0,534.0,534.0,60,stock
2018-10-22,NIL,530.0,529.0,530.0,528.0,781,stock
2018-10-23,NIL,522.0,525.0,525.0,522.0,1595,stock
2018-10-24,NIL,533.0,530.0,533.0,524.0,4016,stock
2018-10-25,NIL,525.0,520.0,525.0,516.0,4025,stock
2018-10-28,NIL,520.0,521.0,521.0,515.0,2551,stock
2018-10-29,NIL,515.0,516.0,519.0,510.0,3502,stock
2018-10-30,NIL,525.0,520.0,525.0,516.0,1755,stock
2018-10-31,NIL,520.0,520.0,522.0,520.0,2340,stock
2018-11-01,NIL,515.0,521.0,525.0,510.0,1901,stock
2018-11-04,NIL,516.0,511.0,516.0,510.0,1837,stock
2018-11-05,NIL,520.0,515.0,520.0,510.0,170,stock
2018-11-14,NIL,514.0,513.0,519.0,506.0,3098,stock
2018-11-15,NIL,513.0,506.0,515.0,506.0,3668,stock
2018-11-18,NIL,506.0,510.0,510.0,500.0,2173,stock
2018-11-19,NIL,510.0,506.0,510.0,500.0,1686,stock
2018-11-20,NIL,506.0,501.0,506.0,499.0,1660,stock
2018-11-21,NIL,501.0,503.0,503.0,498.0,3191,stock
2018-11-22,NIL,503.0,498.0,503.0,498.0,3039,stock
2018-11-25,NIL,498.0,486.0,498.0,485.0,5384,stock
2018-11-26,NIL,486.63,481.0,495.0,472.0,12634,stock
2018-11-27,NIL,472.71,480.0,485.0,472.71,3393,stock
2018-11-28,NIL,480.0,480.0,485.0,476.0,513,stock
2018-11-29,NIL,480.0,455.0,480.0,455.0,1890,stock
2018-12-02,NIL,455.0,432.0,455.0,425.0,8461,stock
2018-12-03,NIL,432.0,436.0,456.0,427.0,7847,stock
2018-12-04,NIL,436.0,440.0,447.0,436.0,2419,stock
2018-12-06,NIL,421.0,433.0,438.0,416.0,5776,stock
2018-12-09,NIL,433.0,440.0,442.0,426.0,326,stock
2018-12-10,NIL,440.0,450.0,460.0,440.0,5790,stock
2018-12-11,NIL,450.0,440.0,450.0,440.0,2798,stock
2018-12-12,NIL,440.0,440.0,441.0,433.0,924,stock
2018-12-13,NIL,440.0,448.0,448.0,435.0,2267,stock
2018-12-16,NIL,448.0,464.0,464.0,448.0,8840,stock
2018-12-17,NIL,464.0,496.0,496.0,462.0,7456,stock
2018-12-18,NIL,496.0,500.0,515.0,487.0,25608,stock
2018-12-19,NIL,500.0,495.0,515.0,490.0,18704,stock
2018-12-20,NIL,495.0,505.0,510.0,495.0,6682,stock
2018-12-23,NIL,505.0,545.0,545.0,505.0,15965,stock
2018-12-24,NIL,545.0,553.0,563.0,537.0,38460,stock
2018-12-25,NIL,553.0,543.0,553.0,537.0,12951,stock
2018-12-26,NIL,543.0,570.0,570.0,543.0,23453,stock
2018-12-27,NIL,570.0,575.0,590.0,556.0,47768,stock
2018-12-30,NIL,575.0,563.0,585.0,560.0,11930,stock
2018-12-31,NIL,563.0,547.0,563.0,547.0,11534,stock
2019-01-01,NIL,547.0,555.0,556.0,537.0,12944,stock
2019-01-02,NIL,555.0,547.0,555.0,545.0,5683,stock
2019-01-03,NIL,547.0,545.0,550.0,544.0,3524,stock
2019-01-06,NIL,545.0,532.0,545.0,532.0,7840,stock
2019-01-07,NIL,532.0,545.0,547.0,532.0,10967,stock
2019-01-08,NIL,545.0,538.0,548.0,538.0,6914,stock
2019-01-09,NIL,538.0,543.0,548.0,538.0,7193,stock
2019-01-10,NIL,543.0,540.0,545.0,540.0,6041,stock
2019-01-13,NIL,540.0,532.0,540.0,529.0,5212,stock
2019-01-14,NIL,532.0,531.0,537.0,526.0,5128,stock
2019-01-15,NIL,531.0,559.0,559.0,531.0,11290,stock
2019-01-16,NIL,559.0,542.0,568.0,542.0,14605,stock
2019-01-17,NIL,542.0,550.0,550.0,538.0,1638,stock
2019-01-20,NIL,550.0,539.0,550.0,539.0,1485,stock
2019-01-21,NIL,539.0,536.0,539.0,530.0,4702,stock
2019-01-22,NIL,536.0,539.0,540.0,530.0,1800,stock
2019-01-23,NIL,538.0,543.0,544.0,535.0,4900,stock
2019-01-24,NIL,543.0,541.0,543.0,537.0,2844,stock
2019-01-27,NIL,541.0,530.0,541.0,530.0,4436,stock
2019-01-28,NIL,530.0,547.0,547.0,530.0,2924,stock
2019-01-29,NIL,547.0,540.0,547.0,540.0,39,stock
2019-01-30,NIL,540.0,531.0,540.0,531.0,2936,stock
2019-01-31,NIL,531.0,536.0,540.0,531.0,7693,stock
2019-02-03,NIL,531.0,530.0,536.0,530.0,3524,stock
2019-02-04,NIL,528.0,533.0,534.0,527.0,440,stock
2019-02-05,NIL,526.0,536.0,536.0,525.0,3609,stock
2019-02-06,NIL,530.0,525.0,536.0,524.0,2233,stock
2019-02-07,NIL,518.0,523.0,525.0,515.0,5494,stock
2019-02-10,NIL,515.0,506.0,523.0,504.0,6093,stock
2019-02-11,NIL,506.0,517.0,522.0,506.0,2426,stock
2019-02-12,NIL,517.0,518.0,522.0,510.0,5757,stock
2019-02-13,NIL,513.0,510.0,518.0,510.0,3802,stock
2019-02-14,NIL,508.0,518.0,518.0,500.0,4221,stock
2019-02-17,NIL,520.0,509.0,520.0,504.0,2031,stock
2019-02-18,NIL,510.0,503.0,510.0,500.0,4708,stock
2019-02-19,NIL,506.0,512.0,520.0,503.0,3967,stock
2019-02-20,NIL,522.0,507.0,532.0,506.0,3828,stock
2019-02-21,NIL,517.0,508.0,517.0,507.0,1337,stock
2019-02-24,NIL,505.0,500.0,508.0,497.0,3275,stock
2019-02-25,NIL,501.0,524.0,524.0,500.0,3130,stock
2019-02-26,NIL,514.0,512.0,524.0,504.0,2234,stock
2019-02-27,NIL,522.0,513.0,522.0,512.0,8602,stock
2019-03-03,NIL,510.0,508.0,513.0,507.0,4112,stock
2019-03-05,NIL,502.0,508.0,509.0,502.0,2242,stock
2019-03-06,NIL,510.0,517.0,517.0,508.0,6008,stock
2019-03-07,NIL,520.0,527.0,527.0,515.0,11502,stock
2019-03-09,NIL,517.0,537.0,537.0,515.0,1771,stock
2019-03-10,NIL,517.0,537.0,537.0,515.0,1771,stock
2019-03-11,NIL,536.0,534.0,536.0,524.0,13827,stock
2019-03-12,NIL,539.0,536.0,542.0,530.0,9329,stock
2019-03-13,NIL,531.0,522.0,540.0,522.0,12036,stock
2019-03-14,NIL,527.0,535.0,535.0,525.0,5543,stock
2019-03-17,NIL,535.0,530.0,540.0,530.0,15038,stock
2019-03-18,NIL,531.0,530.0,534.0,523.0,4035,stock
2019-03-19,NIL,521.0,522.0,522.0,521.0,705,stock
2019-03-21,NIL,518.0,514.0,519.0,514.0,4000,stock
2019-03-24,NIL,512.0,515.0,520.0,510.0,5447,stock
2019-03-25,NIL,510.0,518.0,520.0,510.0,2798,stock
2019-03-26,NIL,511.0,515.0,520.0,510.0,5757,stock
2019-03-27,NIL,515.0,518.0,518.0,512.0,1490,stock
2019-03-28,NIL,518.0,520.0,528.0,516.0,10068,stock
2019-03-31,NIL,525.0,516.0,525.0,512.0,1297,stock
2019-04-01,NIL,512.0,518.0,522.0,512.0,5609,stock
2019-04-02,NIL,520.0,521.0,524.0,518.0,3553,stock
2019-04-03,NIL,520.0,518.0,530.0,518.0,4070,stock
2019-04-04,NIL,515.0,512.0,518.0,512.0,11661,stock
2019-04-07,NIL,510.0,514.0,515.0,510.0,5113,stock
2019-04-08,NIL,514.0,532.0,540.0,514.0,80306,stock
2019-04-09,NIL,540.0,527.0,548.0,518.0,123018,stock
2019-04-10,NIL,527.0,520.0,527.0,517.0,16672,stock
2019-04-11,NIL,530.0,520.0,530.0,517.0,25150,stock
2019-04-15,NIL,529.0,522.0,529.0,517.0,53170,stock
2019-04-16,NIL,527.0,524.0,528.0,520.0,25350,stock
2019-04-17,NIL,524.0,525.0,533.0,523.0,35999,stock
2019-04-18,NIL,535.0,525.0,535.0,520.0,14595,stock
2019-04-21,NIL,530.0,525.0,532.0,518.0,18416,stock
2019-04-22,NIL,535.0,528.0,543.0,524.0,65249,stock
2019-04-23,NIL,535.0,529.0,535.0,525.0,11035,stock
2019-04-24,NIL,538.0,526.0,538.0,522.0,12539,stock
2019-04-25,NIL,533.0,524.0,534.0,524.0,30666,stock
2019-04-28,NIL,534.0,557.0,565.0,531.0,113644,stock
2019-04-29,NIL,566.0,548.0,567.0,535.0,60810,stock
2019-04-30,NIL,539.0,530.0,540.0,530.0,19643,stock
2019-05-02,NIL,530.0,529.0,539.0,525.0,9863,stock
2019-05-05,NIL,538.0,520.0,538.0,519.0,11605,stock
2019-05-06,NIL,529.0,528.0,530.0,518.0,38862,stock
2019-05-07,NIL,536.0,526.0,536.0,520.0,10833,stock
2019-05-08,NIL,523.0,521.0,527.0,521.0,7693,stock
2019-05-09,NIL,530.0,524.0,532.0,518.0,78660,stock
2019-05-12,NIL,528.0,527.0,531.0,523.0,29679,stock
2019-05-13,NIL,522.0,528.0,538.0,522.0,41464,stock
2019-05-14,NIL,531.0,527.0,533.0,525.0,35324,stock
2019-05-15,NIL,530.0,527.0,530.0,525.0,16883,stock
2019-05-16,NIL,526.0,523.0,526.0,520.0,7470,stock
2019-05-19,NIL,530.0,523.0,530.0,520.0,16826,stock
2019-05-20,NIL,519.0,515.0,520.0,515.0,12438,stock
2019-05-21,NIL,510.0,520.0,530.0,510.0,24038,stock
2019-05-22,NIL,521.0,519.0,521.0,516.0,7566,stock
2019-05-23,NIL,525.0,515.0,526.0,514.0,8453,stock
2019-05-26,NIL,524.0,514.0,524.0,510.0,6262,stock
2019-05-27,NIL,510.0,513.0,518.0,507.0,17642,stock
2019-05-28,NIL,510.0,516.0,518.0,510.0,9227,stock
2019-05-29,NIL,526.0,514.0,526.0,513.0,5473,stock
2019-05-30,NIL,524.0,511.0,530.0,511.0,25439,stock
2019-06-02,NIL,515.0,512.0,518.0,509.0,13165,stock
2019-06-03,NIL,507.0,507.0,515.0,506.0,8696,stock
2019-06-04,NIL,508.0,500.0,508.0,500.0,14246,stock
2019-06-06,NIL,500.0,499.0,502.0,498.0,4670,stock
2019-06-10,NIL,505.0,500.0,505.0,499.0,5840,stock
2019-06-11,NIL,505.0,500.0,505.0,499.0,6846,stock
2019-06-12,NIL,500.0,491.0,500.0,491.0,7130,stock
2019-06-13,NIL,500.0,495.0,529.0,490.0,2132,stock
2019-06-16,NIL,495.0,492.0,496.0,492.0,8640,stock
2019-06-17,NIL,486.0,495.0,495.0,484.0,4822,stock
2019-06-18,NIL,493.0,486.0,494.0,486.0,2349,stock
2019-06-19,NIL,486.0,492.0,492.0,482.0,8907,stock
2019-06-20,NIL,490.0,486.0,490.0,483.0,2960,stock
2019-06-23,NIL,483.0,474.0,483.0,474.0,7240,stock
2019-06-24,NIL,474.0,475.0,475.0,465.0,6898,stock
2019-06-25,NIL,475.0,475.0,480.0,472.0,3478,stock
2019-06-26,NIL,475.0,471.0,476.0,471.0,2670,stock
2019-06-27,NIL,473.0,469.0,474.0,466.0,10724,stock
2019-06-30,NIL,470.0,464.0,470.0,464.0,3551,stock
2019-07-01,NIL,462.0,462.0,464.0,458.0,6122,stock
2019-07-02,NIL,463.0,479.0,479.0,460.0,4886,stock
2019-07-03,NIL,479.0,493.0,499.0,476.0,9791,stock
2019-07-04,NIL,495.0,484.0,501.0,476.0,8280,stock
2019-07-07,NIL,482.0,486.0,493.0,482.0,1719,stock
2019-07-08,NIL,493.0,482.0,493.0,482.0,8379,stock
2019-07-09,NIL,491.0,480.0,491.0,473.0,12938,stock
2019-07-10,NIL,489.0,489.0,489.0,481.0,1765,stock
2019-07-11,NIL,489.0,483.0,489.0,483.0,10057,stock
2019-07-14,NIL,486.0,486.0,488.0,484.0,3555,stock
2019-07-15,NIL,486.0,488.0,488.0,485.0,1626,stock
2019-07-16,NIL,489.0,495.0,495.0,483.0,4507,stock
2019-07-17,NIL,495.0,495.0,496.0,495.0,6890,stock
2019-07-18,NIL,495.0,492.0,501.0,492.0,5747,stock
2019-07-21,NIL,492.0,492.0,492.0,492.0,195,stock
2019-07-22,NIL,491.0,488.0,492.0,484.0,2875,stock
2019-07-23,NIL,490.0,482.0,490.0,482.0,2574,stock
2019-07-24,NIL,486.0,492.0,494.0,482.0,6095,stock
2019-07-25,NIL,486.0,486.0,490.0,485.0,5170,stock
2019-07-28,NIL,478.0,472.0,482.0,468.0,14881,stock
2019-07-29,NIL,481.0,475.0,485.0,472.0,5819,stock
2019-07-30,NIL,476.0,476.0,479.0,473.0,827,stock
2019-07-31,NIL,478.0,477.0,481.0,476.0,2648,stock
2019-08-01,NIL,486.0,483.0,486.0,480.0,3877,stock
2019-08-04,NIL,483.0,482.0,484.0,480.0,6956,stock
2019-08-05,NIL,477.0,483.0,483.0,477.0,4422,stock
2019-08-06,NIL,479.0,475.0,480.0,475.0,3582,stock
2019-08-07,NIL,467.0,471.0,473.0,467.0,10220,stock
2019-08-08,NIL,468.0,468.0,470.0,465.0,4727,stock
2019-08-11,NIL,468.0,463.0,470.0,463.0,2468,stock
2019-08-12,NIL,465.0,460.0,465.0,460.0,2127,stock
2019-08-13,NIL,455.0,463.0,464.0,455.0,2417,stock
2019-08-14,NIL,461.0,460.0,461.0,456.0,3872,stock
2019-08-15,NIL,460.0,457.0,461.0,457.0,1544,stock
2019-08-18,NIL,458.0,451.0,458.0,450.0,3136,stock
2019-08-19,NIL,450.0,452.0,459.0,449.0,12026,stock
2019-08-20,NIL,411.0,396.0,411.0,390.0,6220,stock
2019-08-21,NIL,391.0,399.0,399.0,390.0,3245,stock
2019-08-22,NIL,399.0,398.0,400.0,395.0,3259,stock
2019-08-25,NIL,395.0,398.0,398.0,394.0,1550,stock
2019-08-26,NIL,397.0,395.0,400.0,395.0,5410,stock
2019-08-27,NIL,401.0,400.0,401.0,394.0,3480,stock
2019-08-28,NIL,395.0,392.0,395.0,392.0,1254,stock
2019-08-29,NIL,391.0,386.0,393.0,386.0,6135,stock
2019-09-01,NIL,393.0,384.0,393.0,382.0,3173,stock
2019-09-02,NIL,383.0,380.0,383.0,380.0,4793,stock
2019-09-03,NIL,375.0,394.0,394.0,368.0,5753,stock
2019-09-04,NIL,394.0,390.0,394.0,386.0,3196,stock
2019-09-05,NIL,391.0,392.0,398.0,383.0,8885,stock
2019-09-08,NIL,396.0,391.0,396.0,383.0,2330,stock
2019-09-09,NIL,398.0,383.0,398.0,378.0,2376,stock
2019-09-10,NIL,385.0,382.0,385.0,378.0,7395,stock
2019-09-11,NIL,380.0,383.0,383.0,377.0,1981,stock
2019-09-12,NIL,382.0,379.0,382.0,377.0,4619,stock
2019-09-15,NIL,375.0,367.0,375.0,366.0,1545,stock
2019-09-16,NIL,365.0,359.0,365.0,351.0,5836,stock
2019-09-17,NIL,366.0,368.0,368.0,359.0,3109,stock
2019-09-18,NIL,375.0,379.0,386.0,365.0,7446,stock
2019-09-19,NIL,382.0,375.0,385.0,370.0,4668,stock
2019-09-22,NIL,374.0,366.0,374.0,366.0,875,stock
2019-09-23,NIL,365.0,361.0,370.0,361.0,2115,stock
2019-09-24,NIL,368.0,356.0,368.0,356.0,3901,stock
2019-09-26,NIL,352.0,353.0,353.0,350.0,1583,stock
2019-09-29,NIL,350.0,357.0,360.0,350.0,1517,stock
2019-09-30,NIL,351.0,365.0,365.0,351.0,1899,stock
2019-10-01,NIL,364.0,364.0,364.0,364.0,111,stock
2019-10-02,NIL,362.0,360.0,362.0,360.0,2992,stock
2019-10-03,NIL,357.0,355.0,367.0,355.0,2170,stock
2019-10-10,NIL,352.0,360.0,360.0,351.0,360,stock
2019-10-14,NIL,360.0,367.0,367.0,355.0,1223,stock
2019-10-15,NIL,360.0,369.0,369.0,360.0,968,stock
2019-10-16,NIL,365.0,363.0,365.0,363.0,184,stock
2019-10-17,NIL,370.0,360.0,370.0,360.0,963,stock
2019-10-20,NIL,358.0,359.0,359.0,354.0,960,stock
2019-10-21,NIL,366.0,354.0,373.0,354.0,2517,stock
2019-10-22,NIL,350.0,351.0,355.0,350.0,1859,stock
2019-10-23,NIL,351.0,372.0,372.0,350.0,1190,stock
2019-10-24,NIL,365.0,370.0,375.0,357.0,21861,stock
2019-10-31,NIL,375.0,379.0,385.0,370.0,1728,stock
2019-11-03,NIL,375.0,375.0,378.0,373.0,8781,stock
2019-11-04,NIL,375.0,377.0,377.0,375.0,4946,stock
2019-11-05,NIL,379.0,377.0,379.0,375.0,2438,stock
2019-11-06,NIL,384.0,377.0,384.0,377.0,1522,stock
2019-11-07,NIL,376.0,377.0,380.0,376.0,1378,stock
2019-11-10,NIL,376.0,378.0,379.0,375.0,1833,stock
2019-11-11,NIL,379.0,380.0,382.0,377.0,5467,stock
2019-11-12,NIL,380.0,380.0,382.0,376.0,3506,stock
2019-11-13,NIL,376.0,382.0,382.0,374.0,10933,stock
2019-11-14,NIL,382.0,379.0,385.0,375.0,6552,stock
2019-11-17,NIL,374.0,374.0,375.0,374.0,1938,stock
2019-11-18,NIL,381.0,378.0,381.0,375.0,13763,stock
2019-11-19,NIL,375.0,377.0,377.0,375.0,3829,stock
2019-11-20,NIL,377.0,377.0,377.0,375.0,6174,stock
2019-11-21,NIL,370.0,376.0,383.0,370.0,5518,stock
2019-11-24,NIL,375.0,378.0,378.0,370.0,21445,stock
2019-11-25,NIL,375.0,375.0,376.0,373.0,3602,stock
2019-11-26,NIL,375.0,375.0,375.0,372.0,540,stock
2019-11-27,NIL,372.0,378.0,378.0,371.0,10383,stock
2019-11-28,NIL,379.0,372.0,379.0,370.0,2637,stock
2019-12-01,NIL,371.0,370.0,371.0,369.0,1061,stock
2019-12-02,NIL,370.0,370.0,373.0,369.0,2228,stock
2019-12-03,NIL,372.0,370.0,374.0,369.0,5239,stock
2019-12-04,NIL,365.0,387.0,387.0,370.0,2636,stock
2019-12-05,NIL,380.0,381.0,391.0,375.0,4546,stock
2019-12-08,NIL,380.0,380.0,380.0,378.0,1249,stock
2019-12-09,NIL,379.0,390.0,397.0,379.0,8941,stock
2019-12-10,NIL,397.0,391.0,400.0,383.0,16588,stock
2019-12-11,NIL,395.0,410.0,410.0,392.0,11463,stock
2019-12-12,NIL,405.0,438.0,443.0,405.0,22241,stock
2019-12-15,NIL,438.0,422.0,442.0,422.0,9431,stock
2019-12-16,NIL,417.0,410.0,426.0,406.0,6530,stock
2019-12-17,NIL,410.0,417.0,418.0,404.0,5288,stock
2019-12-18,NIL,425.0,412.0,425.0,405.0,1734,stock
2019-12-19,NIL,410.0,404.0,410.0,402.0,2686,stock
2019-12-22,NIL,403.0,409.0,411.0,400.0,3445,stock
2019-12-23,NIL,411.0,420.0,420.0,409.0,7125,stock
2019-12-24,NIL,415.0,412.0,426.0,412.0,5833,stock
2019-12-25,NIL,410.0,413.0,425.0,410.0,3638,stock
2019-12-26,NIL,420.0,420.0,420.0,412.0,5688,stock
2019-12-29,NIL,413.0,411.0,419.0,408.0,6127,stock
2019-12-30,NIL,418.0,415.0,419.0,413.0,3638,stock
2019-12-31,NIL,415.0,417.0,423.0,414.0,3223,stock
2020-01-01,NIL,419.0,417.0,420.0,411.0,1440,stock
2020-01-02,NIL,425.0,413.0,425.0,410.0,4341,stock
2020-01-05,NIL,416.0,425.0,425.0,415.0,9939,stock
2020-01-06,NIL,417.0,404.0,425.0,401.0,92361,stock
2020-01-07,NIL,404.0,407.0,412.0,396.0,25777,stock
2020-01-08,NIL,402.0,400.0,408.0,400.0,11177,stock
2020-01-09,NIL,395.0,400.0,404.0,395.0,8218,stock
2020-01-12,NIL,408.0,428.0,428.0,408.0,67889,stock
2020-01-13,NIL,435.0,435.0,445.0,416.0,42104,stock
2020-01-14,NIL,456.0,420.0,456.0,417.0,18639,stock
2020-01-15,NIL,425.0,427.0,433.0,425.0,10522,stock
2020-01-16,NIL,427.0,436.0,442.0,424.0,33140,stock
2020-01-19,NIL,444.0,470.0,478.0,430.0,75310,stock
2020-01-20,NIL,474.0,445.0,474.0,442.0,56628,stock
2020-01-21,NIL,448.0,456.0,464.0,442.0,33925,stock
2020-01-22,NIL,450.0,455.0,460.0,448.0,18709,stock
2020-01-23,NIL,462.0,465.0,472.0,459.0,99123,stock
2020-01-26,NIL,457.0,450.0,465.0,448.0,20425,stock
2020-01-27,NIL,441.0,469.0,469.0,441.0,27513,stock
2020-01-28,NIL,475.0,490.0,499.0,471.0,94700,stock
2020-01-29,NIL,499.0,492.0,499.0,485.0,52337,stock
2020-01-30,NIL,484.0,507.0,520.0,484.0,102762,stock
2020-02-02,NIL,517.0,533.0,540.0,510.0,110252,stock
2020-02-03,NIL,523.0,557.0,569.0,523.0,118308,stock
2020-02-04,NIL,567.0,570.0,590.0,560.0,106997,stock
2020-02-05,NIL,581.0,564.0,582.0,556.0,40356,stock
2020-02-06,NIL,565.0,558.0,570.0,552.0,51237,stock
2020-02-09,NIL,558.0,551.0,558.0,546.0,71165,stock
2020-02-10,NIL,556.0,560.0,566.0,546.0,48849,stock
2020-02-11,NIL,570.0,567.0,581.0,566.0,57235,stock
2020-02-12,NIL,574.0,576.0,585.0,569.0,55854,stock
2020-02-13,NIL,586.0,588.0,614.0,579.0,79340,stock
2020-02-16,NIL,599.0,611.0,622.0,588.0,93892,stock
2020-02-17,NIL,625.0,615.0,637.0,610.0,145748,stock
2020-02-18,NIL,624.0,609.0,630.0,601.0,66951,stock
2020-02-19,NIL,613.0,609.0,615.0,598.0,47884,stock
2020-02-20,NIL,609.0,657.0,658.0,615.0,130986,stock
2020-02-23,NIL,669.0,679.0,717.0,655.0,89017,stock
2020-02-24,NIL,679.0,662.0,678.0,655.0,53981,stock
2020-02-25,NIL,670.0,700.0,700.0,651.0,140376,stock
2020-02-26,NIL,701.0,695.0,709.0,686.0,161034,stock
2020-02-27,NIL,683.0,673.0,706.0,664.0,116830,stock
2020-03-01,NIL,673.0,639.0,680.0,639.0,101238,stock
2020-03-02,NIL,670.0,585.0,670.0,585.0,43930,stock
2020-03-03,NIL,585.0,620.0,638.0,565.0,112939,stock
2020-03-04,NIL,628.0,579.0,632.0,564.0,102033,stock
2020-03-05,NIL,580.0,590.0,615.0,560.0,71101,stock
2020-03-10,NIL,579.0,531.0,579.0,531.0,29713,stock
2020-03-11,NIL,541.0,584.0,584.0,537.0,47707,stock
2020-03-12,NIL,585.0,554.0,593.0,542.0,64273,stock
2020-03-15,NIL,550.0,516.0,554.0,513.0,46538,stock
2020-03-16,NIL,508.0,521.0,534.0,500.0,67806,stock
2020-03-17,NIL,530.0,482.0,530.0,482.0,58509,stock
2020-03-18,NIL,480.0,479.0,513.0,453.0,30229,stock
2020-03-19,NIL,472.0,486.0,500.0,463.0,47409,stock
2020-03-22,NIL,477.0,485.0,494.0,476.0,236,stock
2020-05-12,NIL,476.0,471.0,476.0,471.0,240,stock
2020-05-13,NIL,462.0,462.0,462.0,462.0,10,stock
2020-06-29,NIL,453.0,462.0,453.0,416.0,24211,stock
2020-06-30,NIL,470.0,508.0,508.0,470.0,5440,stock
2020-07-01,NIL,518.0,558.0,558.0,518.0,3304,stock
2020-07-02,NIL,569.0,518.0,569.0,508.0,5057,stock
2020-07-05,NIL,524.0,535.0,548.0,508.0,20586,stock
2020-07-06,NIL,530.0,560.0,566.0,527.0,22135,stock
2020-07-07,NIL,571.0,603.0,614.0,571.0,58777,stock
2020-07-08,NIL,605.0,596.0,623.0,575.0,30984,stock
2020-07-09,NIL,588.0,600.0,607.0,587.0,25180,stock
2020-07-12,NIL,610.0,610.0,624.0,610.0,21634,stock
2020-07-13,NIL,605.0,612.0,615.0,603.0,18892,stock
2020-07-14,NIL,620.0,604.0,624.0,602.0,14440,stock
2020-07-15,NIL,615.0,607.0,615.0,598.0,16312,stock
2020-07-16,NIL,600.0,615.0,615.0,600.0,22961,stock
2020-07-19,NIL,627.0,639.0,639.0,627.0,90,stock
2020-07-20,NIL,670.0,623.0,683.0,618.0,52878,stock
2020-07-21,NIL,619.0,631.0,643.0,615.0,53769,stock
2020-07-22,NIL,642.0,638.0,650.0,629.0,73707,stock
2020-07-23,NIL,649.0,665.0,678.0,630.0,75773,stock
2020-07-26,NIL,675.0,666.0,675.0,655.0,73067,stock
2020-07-27,NIL,675.0,653.0,675.0,643.0,35645,stock
2020-07-28,NIL,642.0,641.0,657.0,636.0,39715,stock
2020-07-29,NIL,633.0,632.0,646.0,625.0,50775,stock
2020-07-30,NIL,632.0,642.0,647.0,626.0,47267,stock
2020-08-02,NIL,635.0,618.0,639.0,618.0,45136,stock
2020-08-03,NIL,612.0,624.0,627.0,606.0,27502,stock
2020-08-05,NIL,612.0,615.0,620.0,609.0,17608,stock
2020-08-06,NIL,621.0,618.0,622.0,600.0,27508,stock
2020-08-09,NIL,619.0,620.0,620.0,605.0,15783,stock
2020-08-10,NIL,625.0,640.0,647.0,624.0,51700,stock
2020-08-11,NIL,652.0,638.0,652.0,632.0,36419,stock
2020-08-12,NIL,634.0,639.0,646.0,632.0,30995,stock
2020-08-13,NIL,632.0,631.0,635.0,627.0,21475,stock
2020-08-16,NIL,620.0,630.0,633.0,619.0,30706,stock
2020-08-17,NIL,636.0,656.0,659.0,630.0,88992,stock
2020-08-18,NIL,660.0,672.0,680.0,655.0,108415,stock
2020-08-19,NIL,672.0,665.0,682.0,654.0,96399,stock
2020-08-20,NIL,670.0,677.0,677.0,665.0,44995,stock
2020-08-23,NIL,690.0,726.0,727.0,686.0,207033,stock
2020-08-24,NIL,735.0,732.0,754.0,730.0,174935,stock
2020-08-25,NIL,740.0,731.0,740.0,713.0,195413,stock
2020-08-26,NIL,730.0,755.0,755.0,730.0,184960,stock
2020-08-27,NIL,790.0,777.0,790.0,751.0,161666,stock
2020-08-30,NIL,777.0,776.0,785.0,750.0,110794,stock
2020-08-31,NIL,780.0,798.0,816.0,766.0,223189,stock
2020-09-02,NIL,805.0,772.0,821.0,770.0,186161,stock
2020-09-03,NIL,810.0,789.0,810.0,766.0,121263,stock
2020-09-06,NIL,828.0,790.0,828.0,784.0,125704,stock
2020-09-07,NIL,790.0,790.0,803.0,781.0,114008,stock
2020-09-08,NIL,790.0,802.0,812.0,783.0,124336,stock
2020-09-09,NIL,811.0,828.0,830.0,805.0,147935,stock
2020-09-10,NIL,840.0,838.0,850.0,828.0,57674,stock
2020-09-13,NIL,850.0,844.0,854.0,832.0,117151,stock
2020-09-14,NIL,845.0,824.0,849.0,823.0,133863,stock
2020-09-15,NIL,818.0,826.0,838.0,818.0,78754,stock
2020-09-16,NIL,823.0,834.0,841.0,818.0,60416,stock
2020-09-17,NIL,845.0,829.0,849.0,829.0,60972,stock
2020-09-20,NIL,840.0,827.0,840.0,820.0,25310,stock
2020-09-21,NIL,840.0,824.0,840.0,822.0,46352,stock
2020-09-22,NIL,824.0,815.0,825.0,812.0,80242,stock
2020-09-23,NIL,810.0,827.0,827.0,810.0,44668,stock
2020-09-24,NIL,821.0,824.0,828.0,821.0,40658,stock
2020-09-27,NIL,829.0,818.0,830.0,816.0,37738,stock
2020-09-28,NIL,817.0,819.0,823.0,813.0,45264,stock
2020-09-29,NIL,817.0,813.0,825.0,811.0,35884,stock
2020-09-30,NIL,809.0,813.0,817.0,803.0,52869,stock
2020-10-01,NIL,810.0,840.0,840.0,810.0,93826,stock
2020-10-04,NIL,842.0,840.0,850.0,839.0,55164,stock
2020-10-05,NIL,838.0,828.0,845.0,825.0,35342,stock
2020-10-06,NIL,822.0,816.0,824.0,812.0,44290,stock
2020-10-07,NIL,816.0,822.0,823.0,810.0,30638,stock
2020-10-08,NIL,830.0,820.0,830.0,814.0,35468,stock
2020-10-11,NIL,823.0,815.0,823.0,809.0,21265,stock
2020-10-12,NIL,812.0,810.0,815.0,805.0,27168,stock
2020-10-13,NIL,810.0,804.0,813.0,802.0,29582,stock
2020-10-14,NIL,820.0,793.0,820.0,793.0,29579,stock
2020-10-15,NIL,808.0,791.0,810.0,791.0,34042,stock
2020-10-18,NIL,792.0,791.0,797.0,789.0,13335,stock
2020-10-19,NIL,788.0,806.0,807.0,786.0,8060,stock
2020-10-20,NIL,815.0,806.0,815.0,802.0,6461,stock
2020-10-21,NIL,808.0,810.0,815.0,806.0,6622,stock
2020-10-22,NIL,813.0,805.0,813.0,805.0,6613,stock
2020-10-28,NIL,810.0,815.0,816.0,810.0,19205,stock
2020-10-29,NIL,820.0,823.0,829.0,817.0,21350,stock
2020-11-01,NIL,824.0,818.0,827.0,818.0,17515,stock
2020-11-02,NIL,829.0,814.0,830.0,813.0,13389,stock
2020-11-03,NIL,829.0,817.0,829.0,814.0,8813,stock
2020-11-04,NIL,827.0,815.0,827.0,812.0,18188,stock
2020-11-05,NIL,810.0,806.0,813.0,805.0,12931,stock
2020-11-08,NIL,803.0,809.0,811.0,800.0,26822,stock
2020-11-09,NIL,823.0,810.0,828.0,810.0,19750,stock
2020-11-10,NIL,807.0,822.0,823.0,807.0,23224,stock
2020-11-11,NIL,822.0,836.0,838.0,821.0,51594,stock
2020-11-12,NIL,831.0,835.0,842.0,822.0,44148,stock
2020-11-18,NIL,825.0,885.0,897.0,825.0,131896,stock
2020-11-19,NIL,929.0,973.0,973.0,929.0,172785,stock
2020-11-22,NIL,1021.0,1016.0,1060.0,992.0,209382,stock
2020-11-23,NIL,1020.0,1000.0,1034.0,999.0,123898,stock
2020-11-24,NIL,990.0,1090.0,1100.0,980.0,189932,stock
2020-11-25,NIL,1144.0,1114.0,1144.0,1085.0,69759,stock
2020-11-26,NIL,1137.0,1080.0,1145.0,1077.0,132639,stock
2020-11-29,NIL,1080.0,1080.0,1092.0,1050.0,104444,stock
2020-11-30,NIL,1099.0,1110.0,1150.0,1078.0,144617,stock
2020-12-01,NIL,1123.0,1166.0,1166.0,1100.0,169375,stock
2020-12-02,NIL,1189.0,1282.0,1282.0,1166.0,147932,stock
2020-12-03,NIL,1290.0,1253.0,1339.0,1225.0,114702,stock
2020-12-06,NIL,1278.0,1133.0,1278.0,1133.0,164070,stock
2020-12-07,NIL,1133.0,1208.0,1223.0,1090.0,140873,stock
2020-12-08,NIL,1246.0,1191.0,1248.0,1179.0,93866,stock
2020-12-09,NIL,1180.0,1150.0,1190.0,1135.0,59650,stock
2020-12-10,NIL,1150.0,1160.0,1185.0,1129.0,70801,stock
2020-12-13,NIL,1118.0,1185.0,1199.0,1118.0,77443,stock
2020-12-14,NIL,1208.0,1281.0,1287.0,1195.0,120586,stock
2020-12-15,NIL,1290.0,1250.0,1315.0,1240.0,104370,stock
2020-12-16,NIL,1232.0,1235.0,1255.0,1225.0,41918,stock
2020-12-17,NIL,1235.0,1205.0,1248.0,1200.0,81367,stock
2020-12-20,NIL,1220.0,1123.0,1220.0,1115.0,122512,stock
2020-12-21,NIL,1165.0,1145.0,1165.0,1057.0,98365,stock
2020-12-22,NIL,1167.0,1200.0,1200.0,1157.0,62423,stock
2020-12-23,NIL,1260.0,1209.0,1260.0,1190.0,71038,stock
2020-12-24,NIL,1200.0,1190.0,1201.0,1170.0,55798,stock
2020-12-27,NIL,1213.0,1146.0,1213.0,1143.0,62189,stock
2020-12-28,NIL,1168.0,1161.0,1191.0,1131.0,42885,stock
2020-12-29,NIL,1183.0,1159.0,1183.0,1152.0,30513,stock
2020-12-30,NIL,1168.0,1177.0,1187.0,1160.0,37569,stock
2020-12-31,NIL,1175.0,1165.0,1193.0,1160.0,41792,stock
2021-01-03,NIL,1167.0,1204.0,1215.0,1167.0,95094,stock
2021-01-04,NIL,1225.0,1206.0,1227.0,1194.0,88036,stock
2021-01-05,NIL,1206.0,1210.0,1225.0,1197.0,60240,stock
2021-01-06,NIL,1270.0,1229.0,1270.0,1219.0,89204,stock
2021-01-07,NIL,1240.0,1235.0,1243.0,1230.0,65537,stock
2021-01-10,NIL,1240.0,1245.0,1250.0,1235.0,101307,stock
2021-01-11,NIL,1250.0,1255.0,1265.0,1242.0,70793,stock
2021-01-12,NIL,1260.0,1260.0,1266.0,1241.0,57117,stock
2021-01-13,NIL,1266.0,1280.0,1296.0,1266.0,105210,stock
2021-01-17,NIL,1305.0,1320.0,1340.0,1295.0,129804,stock
2021-01-18,NIL,1346.0,1323.0,1366.0,1316.0,51140,stock
2021-01-19,NIL,1326.0,1306.0,1340.0,1289.0,85243,stock
2021-01-20,NIL,1310.0,1309.0,1325.0,1295.0,47037,stock
2021-01-21,NIL,1315.0,1373.0,1399.0,1315.0,193921,stock
2021-01-24,NIL,1400.0,1442.0,1459.0,1400.0,154308,stock
2021-01-25,NIL,1500.0,1412.0,1500.0,1395.0,121866,stock
2021-01-26,NIL,1415.0,1410.0,1420.0,1384.0,73145,stock
2021-01-27,NIL,1450.0,1442.0,1450.0,1395.0,92594,stock
2021-01-28,NIL,1450.0,1480.0,1500.0,1450.0,149428,stock
2021-01-31,NIL,1525.0,1431.0,1525.0,1427.0,148206,stock
2021-02-01,NIL,1430.0,1459.0,1490.0,1430.0,74868,stock
2021-02-02,NIL,1475.0,1547.0,1550.0,1460.0,143236,stock
2021-02-03,NIL,1568.0,1510.0,1578.0,1491.0,97006,stock
2021-02-04,NIL,1500.0,1512.0,1530.0,1486.0,76911,stock
2021-02-07,NIL,1542.0,1586.0,1623.0,1530.0,133394,stock
2021-02-08,NIL,1617.0,1585.0,1635.0,1580.0,96351,stock
2021-02-09,NIL,1525.0,1570.0,1586.0,1525.0,52179,stock
2021-02-10,NIL,1556.0,1565.0,1590.0,1540.0,101610,stock
2021-02-11,NIL,1575.0,1582.0,1598.0,1565.0,112161,stock
2021-02-14,NIL,1661.0,1699.0,1727.0,1637.0,312106,stock
2021-02-15,NIL,1783.0,1829.0,1832.0,1711.0,193479,stock
2021-02-16,NIL,1900.0,1824.0,1900.0,1815.0,197293,stock
2021-02-17,NIL,1850.0,1791.0,1850.0,1780.0,145950,stock
2021-02-18,NIL,1790.0,1778.0,1792.0,1761.0,87813,stock
2021-02-21,NIL,1785.0,1753.0,1785.0,1735.0,83895,stock
2021-02-22,NIL,1750.0,1713.0,1750.0,1704.0,109788,stock
2021-02-23,NIL,1700.0,1704.0,1715.0,1632.0,164402,stock
2021-02-24,NIL,1750.0,1759.0,1807.0,1726.0,134845,stock
2021-02-25,NIL,1800.0,1755.0,1800.0,1745.0,104020,stock
2021-02-28,NIL,1756.0,1692.0,1770.0,1682.0,132433,stock
2021-03-01,NIL,1693.0,1710.0,1740.0,1680.0,103915,stock
2021-03-02,NIL,1744.0,1655.0,1744.0,1645.0,84322,stock
2021-03-03,NIL,1655.0,1644.0,1680.0,1607.0,136138,stock
2021-03-04,NIL,1676.0,1700.0,1710.0,1653.0,73588,stock
2021-03-09,NIL,1671.0,1645.0,1680.0,1635.0,43396,stock
2021-03-10,NIL,1727.0,1628.0,1727.0,1620.0,68143,stock
2021-03-14,NIL,1650.0,1578.0,1650.0,1560.0,59933,stock
2021-03-15,NIL,1560.0,1565.0,1630.0,1529.0,63967,stock
2021-03-16,NIL,1570.0,1585.0,1600.0,1556.0,50357,stock
2021-03-17,NIL,1610.0,1599.0,1613.0,1582.0,57002,stock
2021-03-18,NIL,1600.0,1620.0,1630.0,1590.0,69925,stock
2021-03-21,NIL,1652.0,1685.0,1690.0,1619.0,76426,stock
2021-03-22,NIL,1700.0,1655.0,1716.0,1646.0,46835,stock
2021-03-24,NIL,1658.0,1650.0,1679.0,1648.0,53057,stock
2021-03-25,NIL,1660.0,1621.0,1683.0,1620.0,90346,stock
2021-03-29,NIL,1650.0,1622.0,1653.0,1618.0,31874,stock
2021-03-30,NIL,1650.0,1648.0,1654.0,1633.0,37396,stock
2021-03-31,NIL,1730.0,1670.0,1730.0,1659.0,40998,stock
2021-04-01,NIL,1753.0,1689.0,1753.0,1671.0,68249,stock
2021-04-04,NIL,1722.0,1735.0,1780.0,1695.0,93986,stock
2021-04-05,NIL,1750.0,1711.0,1765.0,1700.0,73796,stock
2021-04-06,NIL,1711.0,1692.0,1722.0,1685.0,47472,stock
2021-04-07,NIL,1700.0,1667.0,1705.0,1660.0,51748,stock
2021-04-08,NIL,1675.0,1664.0,1690.0,1655.0,52518,stock
2021-04-12,NIL,1680.0,1671.0,1689.0,1660.0,63367,stock
2021-04-13,NIL,1698.0,1665.0,1698.0,1655.0,58821,stock
2021-04-15,NIL,1665.0,1662.0,1690.0,1660.0,35025,stock
2021-04-18,NIL,1666.0,1645.0,1666.0,1633.0,40767,stock
2021-04-19,NIL,1625.0,1634.0,1665.0,1625.0,29349,stock
2021-04-20,NIL,1630.0,1631.0,1656.0,1615.0,21014,stock
2021-04-21,NIL,1635.0,1611.0,1640.0,1606.0,18900,stock
2021-04-22,NIL,1615.0,1612.0,1630.0,1589.0,31460,stock
2021-04-25,NIL,1590.0,1574.0,1610.0,1568.0,50267,stock
2021-04-26,NIL,1560.0,1520.0,1585.0,1520.0,61855,stock
2021-04-27,NIL,1521.0,1592.0,1594.0,1515.0,30891,stock
2021-04-28,NIL,1600.0,1575.0,1600.0,1564.0,18592,stock
2021-04-29,NIL,1585.0,1577.0,1590.0,1566.0,14385,stock
2021-05-02,NIL,1585.0,1658.0,1660.0,1579.0,39037,stock
2021-05-03,NIL,1675.0,1645.0,1700.0,1629.0,44577,stock
2021-05-04,NIL,1645.0,1649.0,1668.0,1625.0,17156,stock
2021-05-05,NIL,1731.0,1680.0,1731.0,1642.0,57409,stock
2021-05-06,NIL,1679.0,1656.0,1679.0,1650.0,40964,stock
2021-05-09,NIL,1574.0,1630.0,1668.0,1574.0,27058,stock
2021-05-10,NIL,1625.0,1650.0,1660.0,1621.0,29083,stock
2021-05-11,NIL,1600.0,1663.0,1688.0,1600.0,28507,stock
2021-05-12,NIL,1680.0,1659.0,1685.0,1650.0,20106,stock
2021-05-13,NIL,1667.0,1648.0,1669.0,1645.0,19940,stock
2021-05-16,NIL,1675.0,1698.0,1705.0,1670.0,67385,stock
2021-05-17,NIL,1657.0,1685.0,1757.0,1657.0,47027,stock
2021-05-18,NIL,1705.0,1687.0,1708.0,1675.0,36113,stock
2021-05-19,NIL,1771.0,1694.0,1771.0,1682.0,79539,stock
2021-05-20,NIL,1705.0,1682.0,1708.0,1675.0,33955,stock
2021-05-23,NIL,1650.0,1707.0,1715.0,1650.0,60355,stock
2021-05-24,NIL,1792.0,1737.0,1792.0,1714.0,213644,stock
2021-05-25,NIL,1770.0,1721.0,1772.0,1720.0,75384,stock
2021-05-27,NIL,1700.0,1695.0,1705.0,1631.0,86892,stock
2021-05-30,NIL,1779.0,1688.0,1779.0,1675.0,63704,stock
2021-05-31,NIL,1655.0,1674.0,1710.0,1655.0,42885,stock
2021-06-01,NIL,1757.0,1663.0,1757.0,1652.0,29849,stock
2021-06-02,NIL,1645.0,1670.0,1685.0,1645.0,37657,stock
2021-06-03,NIL,1700.0,1678.0,1700.0,1672.0,34402,stock
2021-06-06,NIL,1680.0,1662.0,1690.0,1660.0,46106,stock
2021-06-07,NIL,1666.0,1671.0,1683.0,1665.0,28057,stock
2021-06-08,NIL,1673.0,1716.0,1732.0,1670.0,65461,stock
2021-06-09,NIL,1725.0,1717.0,1785.0,1710.0,107299,stock
2021-06-10,NIL,1719.0,1703.0,1750.0,1700.0,35946,stock
2021-06-13,NIL,1737.0,1692.0,1737.0,1690.0,51887,stock
2021-06-14,NIL,1700.0,1693.0,1710.0,1687.0,45479,stock
2021-06-15,NIL,1695.0,1690.0,1719.0,1682.0,35970,stock
2021-06-16,NIL,1690.0,1679.0,1705.0,1665.0,40056,stock
2021-06-17,NIL,1640.0,1668.0,1725.0,1640.0,39536,stock
2021-06-20,NIL,1630.0,1648.0,1730.0,1630.0,52021,stock
2021-06-21,NIL,1670.0,1615.0,1680.0,1607.0,55325,stock
2021-06-22,NIL,1630.0,1641.0,1661.0,1601.0,37863,stock
2021-06-23,NIL,1650.0,1619.0,1650.0,1610.0,34843,stock
2021-06-24,NIL,1619.0,1612.0,1625.0,1600.0,36817,stock
2021-06-27,NIL,1692.0,1668.0,1692.0,1630.0,72399,stock
2021-06-28,NIL,1678.0,1658.0,1689.0,1647.0,36665,stock
2021-06-29,NIL,1687.0,1648.0,1687.0,1645.0,27816,stock
2021-06-30,NIL,1658.0,1644.0,1660.0,1625.0,42150,stock
2021-07-01,NIL,1675.0,1650.0,1675.0,1646.0,185698,stock
2021-07-04,NIL,1500.0,1393.0,1500.0,1393.0,32636,stock
2021-07-05,NIL,1393.0,1354.0,1400.0,1353.0,30586,stock
2021-07-06,NIL,1360.0,1336.0,1371.0,1335.0,19851,stock
2021-07-07,NIL,1359.0,1322.0,1359.0,1315.0,25814,stock
2021-07-08,NIL,1330.0,1318.0,1330.0,1318.0,23419,stock
2021-07-11,NIL,1383.0,1381.0,1383.0,1325.0,30622,stock
2021-07-12,NIL,1390.0,1355.0,1410.0,1339.0,33413,stock
2021-07-13,NIL,1422.0,1368.0,1422.0,1340.0,11894,stock
2021-07-14,NIL,1363.0,1359.0,1373.0,1350.0,13614,stock
2021-07-15,NIL,1360.0,1348.0,1360.0,1345.0,22256,stock
2021-07-18,NIL,1360.0,1400.0,1400.0,1352.1,23942,stock
2021-07-19,NIL,1428.0,1399.0,1439.0,1390.0,19455,stock
2021-07-20,NIL,1426.0,1391.0,1426.0,1389.0,12543,stock
2021-07-22,NIL,1380.0,1385.0,1391.0,1376.0,22624,stock
2021-07-25,NIL,1386.0,1385.0,1389.0,1378.0,34149,stock
2021-07-26,NIL,1360.0,1390.0,1405.0,1360.0,28765,stock
2021-07-27,NIL,1390.0,1414.0,1428.0,1386.0,37821,stock
2021-07-28,NIL,1440.0,1489.0,1489.9,1425.0,75300,stock
2021-07-29,NIL,1499.0,1480.0,1515.0,1476.0,36198,stock
2021-08-01,NIL,1476.5,1470.0,1498.9,1470.0,21937,stock
2021-08-02,NIL,1470.0,1459.0,1475.0,1453.0,30077,stock
2021-08-03,NIL,1455.1,1460.0,1479.0,1435.0,27893,stock
2021-08-04,NIL,1460.0,1451.0,1480.0,1443.0,19691,stock
2021-08-05,NIL,1450.9,1438.1,1454.0,1433.0,25966,stock
2021-08-08,NIL,1438.1,1412.0,1439.0,1409.0,31769,stock
2021-08-09,NIL,1415.0,1441.0,1475.0,1405.0,48327,stock
2021-08-10,NIL,1445.0,1465.0,1490.0,1444.0,36346,stock
2021-08-11,NIL,1480.0,1451.0,1480.0,1450.0,32876,stock
2021-08-12,NIL,1451.0,1446.0,1479.0,1445.0,29314,stock
2021-08-15,NIL,1446.0,1434.5,1446.0,1405.6,26433,stock
2021-08-16,NIL,1450.0,1452.0,1521.0,1441.0,42617,stock
2021-08-17,NIL,1481.0,1455.0,1481.0,1455.0,52256,stock
2021-08-18,NIL,1479.3,1465.0,1479.3,1440.0,43487,stock
2021-08-19,NIL,1494.3,1517.0,1564.0,1466.0,121468,stock
2021-08-24,NIL,1547.3,1593.8,1620.0,1547.3,193650,stock
2021-08-25,NIL,1620.0,1548.0,1620.0,1538.0,72014,stock
2021-08-26,NIL,1560.0,1533.0,1565.0,1529.0,53429,stock
2021-08-29,NIL,1558.0,1491.0,1558.0,1490.0,56815,stock
2021-08-31,NIL,1500.0,1461.0,1500.0,1455.0,45796,stock
2021-09-01,NIL,1461.0,1446.0,1485.0,1446.0,33112,stock
2021-09-02,NIL,1450.0,1415.0,1450.0,1398.0,35990,stock
2021-09-05,NIL,1400.0,1373.0,1408.0,1333.0,47383,stock
2021-09-06,NIL,1365.0,1445.0,1449.0,1356.0,32131,stock
2021-09-07,NIL,1473.9,1408.0,1473.9,1389.0,26048,stock
2021-09-08,NIL,1390.0,1370.0,1399.0,1359.0,29078,stock
2021-09-09,NIL,1375.0,1355.0,1397.0,1350.0,23873,stock
2021-09-12,NIL,1381.9,1370.0,1392.0,1358.0,19839,stock
2021-09-13,NIL,1394.0,1390.0,1425.0,1388.0,16045,stock
2021-09-14,NIL,1405.0,1385.0,1417.0,1380.0,21381,stock
2021-09-15,NIL,1385.0,1370.0,1390.0,1360.0,16599,stock
2021-09-16,NIL,1350.0,1335.0,1359.0,1325.0,41001,stock
2021-09-20,NIL,1340.0,1282.0,1340.0,1280.0,39288,stock
2021-09-21,NIL,1280.0,1289.0,1326.0,1220.0,35523,stock
2021-09-22,NIL,1314.0,1339.0,1340.0,1314.0,18525,stock
2021-09-23,NIL,1365.0,1315.0,1375.0,1275.0,21924,stock
2021-09-26,NIL,1305.0,1293.0,1314.0,1290.0,12314,stock
2021-09-27,NIL,1290.0,1243.0,1290.0,1243.0,26569,stock
2021-09-28,NIL,1243.0,1205.0,1267.0,1196.0,28524,stock
2021-09-29,NIL,1220.0,1220.0,1239.0,1182.0,19138,stock
2021-09-30,NIL,1240.0,1219.9,1244.0,1215.0,18446,stock
2021-10-03,NIL,1220.0,1210.0,1244.0,1206.0,23458,stock
2021-10-04,NIL,1201.0,1213.0,1230.0,1187.0,16150,stock
2021-10-05,NIL,1210.0,1237.0,1242.0,1209.0,10730,stock
2021-10-06,NIL,1245.0,1271.0,1279.0,1237.0,13767,stock
2021-10-10,NIL,1296.0,1280.0,1328.0,1280.0,12404,stock
2021-10-11,NIL,1281.0,1280.0,1281.0,1255.0,8088,stock
2021-10-17,NIL,1280.0,1288.0,1304.0,1254.4,5180,stock
2021-10-18,NIL,1290.0,1252.6,1290.0,1250.0,12772,stock
2021-10-19,NIL,1249.0,1215.0,1252.6,1200.0,17338,stock
2021-10-20,NIL,1217.9,1224.0,1243.0,1217.9,7830,stock
2021-10-21,NIL,1224.0,1219.0,1229.0,1212.0,7782,stock
2021-10-24,NIL,1210.0,1222.0,1243.0,1210.0,3034,stock
2021-10-25,NIL,1230.0,1275.0,1275.0,1230.0,11867,stock
2021-10-26,NIL,1300.0,1306.0,1325.0,1299.0,17083,stock
2021-10-27,NIL,1310.0,1310.0,1360.0,1298.0,34968,stock
2021-10-28,NIL,1300.0,1297.0,1320.0,1292.0,11564,stock
2021-10-31,NIL,1310.0,1354.0,1354.0,1298.0,19558,stock
2021-11-01,NIL,1355.1,1347.0,1370.0,1325.1,18259,stock
2021-11-02,NIL,1330.0,1375.0,1380.0,1328.0,16111,stock
2021-11-03,NIL,1400.0,1350.0,1400.0,1348.0,9060,stock
2021-11-08,NIL,1350.0,1324.0,1350.0,1324.0,13401,stock
2021-11-09,NIL,1301.0,1280.0,1319.9,1275.0,26492,stock
2021-11-11,NIL,1255.0,1254.0,1281.0,1251.0,15495,stock
2021-11-14,NIL,1236.0,1245.0,1270.0,1235.0,16726,stock
2021-11-15,NIL,1269.0,1263.0,1279.0,1255.0,8397,stock
2021-11-16,NIL,1263.0,1260.0,1269.0,1240.0,27664,stock
2021-11-17,NIL,1260.0,1250.0,1280.0,1250.0,18615,stock
2021-11-18,NIL,1237.0,1229.0,1251.0,1228.0,17174,stock
2021-11-21,NIL,1230.0,1230.0,1240.0,1219.0,16080,stock
2021-11-22,NIL,1225.0,1244.0,1259.0,1225.0,11981,stock
2021-11-23,NIL,1267.0,1222.0,1267.0,1212.0,12616,stock
2021-11-24,NIL,1212.1,1217.0,1226.0,1202.0,17229,stock
2021-11-25,NIL,1225.0,1211.0,1239.0,1210.0,6188,stock
2021-11-28,NIL,1186.8,1179.0,1213.8,1139.1,32861,stock
2021-11-29,NIL,1157.0,1155.0,1195.5,1143.0,15966,stock
2021-11-30,NIL,1144.0,1159.0,1164.8,1140.1,13088,stock
2021-12-01,NIL,1182.0,1161.0,1182.0,1155.0,6560,stock
2021-12-02,NIL,1184.0,1125.0,1184.0,1119.3,17598,stock
2021-12-05,NIL,1109.1,1076.0,1125.0,1075.0,28654,stock
2021-12-06,NIL,1076.0,1069.9,1095.0,1030.0,25489,stock
2021-12-07,NIL,1091.2,1065.0,1120.0,1065.0,17758,stock
2021-12-08,NIL,1075.0,1037.0,1075.0,1035.0,13916,stock
2021-12-09,NIL,1037.0,1042.0,1053.0,1029.0,8631,stock
2021-12-12,NIL,1042.1,996.0,1045.0,994.7,15551,stock
2021-12-13,NIL,996.0,956.0,996.0,955.0,22197,stock
2021-12-14,NIL,974.0,1017.0,1017.0,973.1,5622,stock
2021-12-15,NIL,1037.3,1010.0,1085.1,999.6,21013,stock
2021-12-16,NIL,995.0,990.0,1009.0,988.0,12462,stock
2021-12-20,NIL,979.0,969.0,990.0,950.0,12057,stock
2021-12-21,NIL,988.3,990.0,1008.0,975.0,8707,stock
2021-12-22,NIL,1009.0,1023.0,1038.0,1000.0,11229,stock
2021-12-23,NIL,1043.0,1105.0,1115.0,1027.0,33290,stock
2021-12-26,NIL,1127.0,1212.0,1215.0,1113.5,42263,stock
2021-12-27,NIL,1236.0,1142.0,1250.0,1139.0,46463,stock
2021-12-28,NIL,1120.0,1123.0,1141.0,1097.6,21547,stock
2021-12-29,NIL,1115.0,1145.0,1152.6,1115.0,13960,stock
2022-01-02,NIL,1132.1,1193.0,1195.0,1132.0,26952,stock
2022-01-03,NIL,1215.0,1200.0,1230.0,1172.0,35157,stock
2022-01-04,NIL,1185.0,1200.0,1220.0,1184.0,12984,stock
2022-01-05,NIL,1180.0,1175.0,1213.0,1170.0,17931,stock
2022-01-06,NIL,1175.0,1199.0,1205.0,1162.3,20631,stock
2022-01-09,NIL,1205.0,1225.0,1243.0,1205.0,34745,stock
2022-01-10,NIL,1210.3,1250.0,1254.6,1210.3,39152,stock
2022-01-11,NIL,1255.0,1280.0,1294.0,1241.0,34353,stock
2022-01-12,NIL,1281.0,1241.0,1295.0,1241.0,38802,stock
2022-01-13,NIL,1250.0,1315.0,1340.0,1250.0,47814,stock
2022-01-16,NIL,1315.0,1340.0,1380.0,1336.0,47848,stock
2022-01-17,NIL,1366.0,1323.0,1375.0,1314.1,73084,stock
2022-01-18,NIL,1340.0,1290.0,1340.0,1284.0,48203,stock
2022-01-19,NIL,1295.0,1274.0,1308.0,1270.1,36791,stock
2022-01-20,NIL,1290.0,1307.0,1309.0,1270.0,35949,stock
2022-01-23,NIL,1326.0,1311.0,1332.0,1299.0,35352,stock
2022-01-24,NIL,1309.0,1275.0,1309.0,1265.0,47730,stock
2022-01-25,NIL,1275.0,1266.0,1294.0,1264.1,20865,stock
2022-01-26,NIL,1255.0,1250.0,1276.0,1231.1,26513,stock
2022-01-27,NIL,1249.0,1272.0,1295.4,1249.0,26877,stock
2022-01-30,NIL,1297.4,1309.0,1323.0,1290.0,34585,stock
2022-01-31,NIL,1324.0,1291.0,1324.0,1285.0,23025,stock
2022-02-01,NIL,1291.0,1300.0,1300.0,1280.0,15747,stock
2022-02-03,NIL,1326.0,1299.0,1326.0,1294.0,39543,stock
2022-02-06,NIL,1295.0,1276.0,1295.0,1275.0,12426,stock
2022-02-07,NIL,1260.0,1287.4,1327.0,1260.0,18372,stock
2022-02-08,NIL,1313.0,1276.0,1314.0,1269.1,18837,stock
2022-02-09,NIL,1276.0,1266.0,1289.0,1255.0,14816,stock
2022-02-10,NIL,1260.0,1263.9,1285.0,1255.0,11051,stock
2022-02-13,NIL,1240.0,1210.0,1240.0,1195.0,30195,stock
2022-02-14,NIL,1230.0,1192.0,1230.0,1189.1,17564,stock
2022-02-15,NIL,1215.0,1204.0,1215.0,1179.0,10432,stock
2022-02-16,NIL,1190.0,1170.0,1214.5,1170.0,11405,stock
2022-02-17,NIL,1193.0,1185.0,1199.0,1176.0,10314,stock
2022-02-20,NIL,1161.3,1145.1,1184.0,1140.0,22433,stock
2022-02-21,NIL,1155.0,1144.0,1168.0,1130.0,17686,stock
2022-02-22,NIL,1155.0,1158.8,1166.0,1146.0,8621,stock
2022-02-23,NIL,1170.0,1140.0,1170.0,1136.0,9351,stock
2022-02-24,NIL,1140.0,1116.0,1140.0,1105.0,12264,stock
2022-02-27,NIL,1135.0,1100.0,1135.0,1090.3,10530,stock
2022-02-28,NIL,1110.0,1090.0,1115.0,1080.0,10678,stock
2022-03-02,NIL,1111.0,1083.0,1111.0,1080.0,16063,stock
2022-03-06,NIL,1104.0,1093.0,1104.0,1083.0,10474,stock
2022-03-07,NIL,1095.0,1100.0,1110.0,1094.0,11958,stock
2022-03-09,NIL,1108.0,1098.5,1111.0,1085.1,6746,stock
2022-03-10,NIL,1095.0,1130.0,1130.7,1085.0,9745,stock
2022-03-13,NIL,1145.0,1186.0,1186.0,1145.0,18446,stock
2022-03-14,NIL,1200.0,1200.0,1208.0,1180.0,10655,stock
2022-03-15,NIL,1064.0,1025.0,1064.3,1021.0,23820,stock
2022-03-16,NIL,1040.0,1024.0,1040.0,1015.0,14572,stock
2022-03-20,NIL,1044.0,1023.0,1044.0,1008.0,15505,stock
2022-03-21,NIL,1010.1,1030.0,1035.0,1003.0,13089,stock
2022-03-22,NIL,1030.0,1037.1,1045.0,1030.0,7473,stock
2022-03-23,NIL,1057.0,1026.0,1057.0,1020.0,5942,stock
2022-03-24,NIL,1039.9,1034.0,1045.2,1012.0,12665,stock
2022-03-27,NIL,1054.0,1015.0,1076.0,1015.0,44236,stock
2022-03-28,NIL,1015.0,989.0,1015.0,981.0,23483,stock
2022-03-29,NIL,1000.0,989.0,1004.0,985.0,5132,stock
2022-03-30,NIL,982.0,1010.0,1010.0,975.0,8956,stock
2022-03-31,NIL,1025.0,1000.0,1025.0,999.0,6147,stock
2022-04-03,NIL,1000.0,983.0,1000.0,975.0,9883,stock
2022-04-04,NIL,983.0,967.0,989.0,964.0,10142,stock
2022-04-05,NIL,970.0,943.0,971.0,937.0,9597,stock
2022-04-06,NIL,926.0,917.0,940.0,909.6,11851,stock
2022-04-07,NIL,917.0,928.0,935.0,917.0,11491,stock
2022-04-11,NIL,946.0,895.0,961.5,893.0,11901,stock
2022-04-12,NIL,904.0,878.3,904.0,875.0,6278,stock
2022-04-13,NIL,885.0,894.0,901.0,868.0,15491,stock
2022-04-17,NIL,876.2,880.0,904.0,876.2,7035,stock
2022-04-18,NIL,871.0,866.9,880.0,865.1,4399,stock
2022-04-19,NIL,866.0,865.0,878.7,858.0,6067,stock
2022-04-20,NIL,870.0,865.0,872.0,858.0,4269,stock
2022-04-21,NIL,865.0,860.0,865.0,837.0,7562,stock
2022-04-24,NIL,877.0,896.0,900.0,873.0,5638,stock
2022-04-25,NIL,896.0,876.0,910.0,876.0,5821,stock
2022-04-26,NIL,885.0,875.0,885.0,867.4,2807,stock
2022-04-27,NIL,860.0,875.0,877.0,860.0,1876,stock
2022-04-28,NIL,885.0,875.0,892.0,870.2,3145,stock
2022-05-02,NIL,877.0,873.1,884.0,873.1,5856,stock
2022-05-04,NIL,873.0,865.0,873.0,851.0,3561,stock
2022-05-05,NIL,850.1,832.1,854.0,832.1,6973,stock
2022-05-08,NIL,825.0,826.0,826.0,808.5,7949,stock
2022-05-09,NIL,842.0,845.0,852.0,828.1,2174,stock
2022-05-10,NIL,850.0,859.8,859.8,840.1,1520,stock
2022-05-11,NIL,865.0,877.0,898.0,860.0,6443,stock
2022-05-12,NIL,894.5,878.0,907.0,877.0,9603,stock
2022-05-17,NIL,882.0,829.0,882.0,812.0,12231,stock
2022-05-18,NIL,812.6,834.0,840.2,798.0,6137,stock
2022-05-19,NIL,825.0,810.0,834.0,763.0,14369,stock
2022-05-20,NIL,795.0,800.0,808.0,790.0,3720,stock
2022-05-23,NIL,800.0,778.0,800.0,770.0,8236,stock
2022-05-24,NIL,778.0,780.0,793.0,776.0,2968,stock
2022-05-25,NIL,785.0,789.0,798.0,785.0,3024,stock
2022-05-26,NIL,789.0,786.0,795.0,779.3,2700,stock
2022-05-27,NIL,785.0,780.0,799.0,779.0,2682,stock
2022-05-30,NIL,783.0,765.0,783.0,760.1,5159,stock
2022-05-31,NIL,755.0,740.0,780.0,713.0,16884,stock
2022-06-01,NIL,753.2,719.3,753.2,719.3,6595,stock
2022-06-02,NIL,720.0,714.0,725.0,700.0,8119,stock
2022-06-03,NIL,705.1,696.0,705.1,678.0,16180,stock
2022-06-06,NIL,705.0,689.0,705.0,669.1,12331,stock
2022-06-07,NIL,680.0,680.0,691.0,672.0,6440,stock
2022-06-08,NIL,680.0,704.0,718.0,671.0,8549,stock
2022-06-09,NIL,718.0,695.0,724.0,690.0,12226,stock
2022-06-10,NIL,681.2,679.0,693.0,675.0,6817,stock
2022-06-13,NIL,674.0,672.0,686.0,670.0,3949,stock
2022-06-14,NIL,670.0,660.0,677.0,660.0,13117,stock
2022-06-15,NIL,655.0,661.0,664.0,641.0,11376,stock
2022-06-16,NIL,648.0,671.0,685.0,648.0,5123,stock
2022-06-17,NIL,684.4,676.0,694.0,669.0,2633,stock
2022-06-19,NIL,665.0,659.0,669.0,655.0,7150,stock
2022-06-20,NIL,650.0,624.0,650.0,611.0,29340,stock
2022-06-21,NIL,624.0,644.0,649.0,624.0,4560,stock
2022-06-22,NIL,632.0,626.3,643.0,620.0,4706,stock
2022-06-23,NIL,619.0,615.0,627.0,605.0,7962,stock
2022-06-24,NIL,612.2,624.9,630.0,601.0,7554,stock
2022-06-26,NIL,635.0,664.9,665.0,635.0,16793,stock
2022-06-27,NIL,678.1,662.0,691.6,649.0,9441,stock
2022-06-28,NIL,660.0,660.0,664.9,646.0,4217,stock
2022-06-29,NIL,669.0,675.0,679.0,656.0,6377,stock
2022-06-30,NIL,688.5,719.0,721.0,674.8,19961,stock
2022-07-01,NIL,732.0,715.0,733.0,700.0,10060,stock
2022-07-03,NIL,701.0,727.1,732.0,701.0,10013,stock
2022-07-04,NIL,738.0,710.0,768.0,707.0,22018,stock
2022-07-05,NIL,700.0,700.0,722.0,681.0,14926,stock
2022-07-06,NIL,699.0,702.0,710.0,675.0,6732,stock
2022-07-07,NIL,716.0,695.0,720.0,693.2,7341,stock
2022-07-08,NIL,695.0,680.0,695.0,677.0,5456,stock
2022-07-11,NIL,680.0,650.0,680.0,645.0,14567,stock
2022-07-12,NIL,645.1,652.0,663.0,640.0,5843,stock
2022-07-13,NIL,655.0,680.0,688.5,655.0,13122,stock
2022-07-14,NIL,687.0,689.0,693.0,666.5,9122,stock
2022-07-15,NIL,698.0,694.0,698.0,672.0,4273,stock
2022-07-17,NIL,680.3,677.5,698.0,677.5,6525,stock
2022-07-18,NIL,668.1,688.0,691.0,668.1,3592,stock
2022-07-19,NIL,700.6,696.0,707.9,694.0,8487,stock
2022-07-20,NIL,684.0,692.1,700.0,684.0,4974,stock
2022-07-21,NIL,695.0,692.0,702.0,688.0,5310,stock
2022-07-22,NIL,680.0,681.0,685.0,669.0,3974,stock
2022-07-24,NIL,680.0,696.0,701.0,680.0,9413,stock
2022-07-25,NIL,709.0,720.0,724.0,709.0,12573,stock
2022-07-26,NIL,734.0,715.1,748.0,708.0,21577,stock
2022-07-27,NIL,714.0,720.0,720.0,705.0,5948,stock
2022-07-28,NIL,718.0,720.0,745.6,718.0,14132,stock
2022-07-29,NIL,710.1,715.0,723.0,710.1,2819,stock
2022-07-31,NIL,729.0,786.5,786.5,725.0,42395,stock
2022-08-01,NIL,800.0,785.0,830.0,785.0,36479,stock
2022-08-02,NIL,769.3,790.0,805.0,769.3,13848,stock
2022-08-03,NIL,805.0,780.0,805.8,780.0,14525,stock
2022-08-04,NIL,770.2,765.1,785.0,760.0,22346,stock
2022-08-05,NIL,760.0,751.3,760.0,750.0,17030,stock
2022-08-07,NIL,761.0,745.0,762.0,743.1,8800,stock
2022-08-08,NIL,750.0,728.2,759.9,728.0,8736,stock
2022-08-09,NIL,728.2,715.0,732.0,715.0,12149,stock
2022-08-10,NIL,701.1,705.0,729.0,701.0,7286,stock
2022-08-11,NIL,710.0,705.1,734.4,705.0,9895,stock
2022-08-14,NIL,705.0,700.0,711.0,700.0,7243,stock
2022-08-15,NIL,693.0,728.0,728.0,693.0,6979,stock
2022-08-16,NIL,740.0,720.0,749.9,720.0,10647,stock
2022-08-17,NIL,729.9,719.0,737.0,715.0,7761,stock
2022-08-18,NIL,722.0,747.0,748.7,720.0,16192,stock
2022-08-21,NIL,760.0,766.0,785.0,753.0,20849,stock
2022-08-22,NIL,779.9,777.0,782.0,750.9,23456,stock
2022-08-23,NIL,762.0,775.0,780.0,762.0,10951,stock
2022-08-24,NIL,784.5,769.9,784.8,766.0,11209,stock
2022-08-25,NIL,766.5,762.0,773.0,758.0,12175,stock
2022-08-26,NIL,752.0,750.0,759.0,747.0,8213,stock
2022-08-28,NIL,737.0,735.0,761.0,733.0,12710,stock
2022-08-29,NIL,721.1,728.0,737.0,720.3,5224,stock
2022-08-30,NIL,734.0,737.0,750.0,728.0,8106,stock
2022-08-31,NIL,730.0,729.0,739.5,725.0,6524,stock
2022-09-01,NIL,730.0,733.0,744.6,715.0,13406,stock
2022-09-02,NIL,735.0,723.0,735.0,723.0,2587,stock
2022-09-04,NIL,723.1,730.0,738.9,723.1,6044,stock
2022-09-05,NIL,744.6,726.3,744.6,725.3,3679,stock
2022-09-06,NIL,740.8,721.0,740.8,720.0,8460,stock
2022-09-07,NIL,718.0,718.7,721.0,715.0,2893,stock
2022-09-08,NIL,708.0,722.0,728.0,708.0,2391,stock
2022-09-11,NIL,722.0,707.6,728.0,707.6,6110,stock
2022-09-12,NIL,711.0,705.2,712.0,705.0,4979,stock
2022-09-13,NIL,719.3,715.0,720.0,711.1,1986,stock
2022-09-14,NIL,729.0,735.0,739.9,727.8,3086,stock
2022-09-15,NIL,735.0,712.0,735.0,709.0,8540,stock
2022-09-16,NIL,705.0,713.9,714.0,700.0,7902,stock
2022-09-18,NIL,701.3,696.1,705.0,695.0,5056,stock
2022-09-20,NIL,685.0,670.0,686.0,667.0,15491,stock
2022-09-21,NIL,682.0,669.0,683.4,660.0,10300,stock
2022-09-22,NIL,681.0,675.0,681.0,670.0,3431,stock
2022-09-25,NIL,662.0,671.0,674.7,661.5,4901,stock
2022-09-27,NIL,671.0,670.7,680.0,660.0,3874,stock
2022-09-28,NIL,679.9,676.0,679.9,670.2,1419,stock
2022-09-29,NIL,688.0,675.1,688.0,675.1,3615,stock
2022-10-09,NIL,670.0,688.0,693.0,670.0,3866,stock
2022-10-10,NIL,679.0,674.0,698.0,674.0,7128,stock
2022-10-11,NIL,675.0,668.0,675.0,665.0,7513,stock
2022-10-12,NIL,668.0,673.0,692.0,668.0,6237,stock
2022-10-13,NIL,685.0,681.0,686.0,667.0,4404,stock
2022-10-16,NIL,669.0,673.0,685.0,666.2,5649,stock
2022-10-17,NIL,673.0,672.2,684.0,672.0,2132,stock
2022-10-19,NIL,680.0,672.0,680.0,667.1,2900,stock
2022-10-20,NIL,661.0,681.0,685.0,661.0,3561,stock
2022-10-23,NIL,690.0,685.0,690.0,675.0,1669,stock
2022-10-31,NIL,682.0,680.0,682.1,675.0,2046,stock
2022-11-01,NIL,693.6,707.0,707.0,687.0,5801,stock
2022-11-02,NIL,707.0,719.0,725.0,695.0,9030,stock
2022-11-03,NIL,706.0,705.1,715.0,701.0,5451,stock
2022-11-06,NIL,700.0,718.0,725.0,700.0,8952,stock
2022-11-07,NIL,720.0,712.0,739.0,712.0,5533,stock
2022-11-08,NIL,719.7,720.0,723.0,712.0,4031,stock
2022-11-09,NIL,720.0,700.0,725.0,700.0,2446,stock
2022-11-10,NIL,713.0,696.6,714.0,693.0,4201,stock
2022-11-13,NIL,687.1,698.0,699.0,687.1,4217,stock
2022-11-14,NIL,699.0,700.0,704.0,689.0,3909,stock
2022-11-15,NIL,700.0,695.0,709.9,695.0,4273,stock
2022-11-16,NIL,700.0,696.0,704.0,695.1,2833,stock
2022-11-17,NIL,709.0,710.1,714.0,707.0,3144,stock
2022-11-22,NIL,712.0,706.0,713.0,704.0,1508,stock
2022-11-23,NIL,694.0,695.0,703.0,694.0,2408,stock
2022-11-24,NIL,698.0,699.9,700.0,695.0,2618,stock
2022-11-27,NIL,712.0,712.0,713.8,701.0,4040,stock
2022-11-28,NIL,716.9,710.0,716.9,710.0,4154,stock
2022-11-29,NIL,702.1,714.0,714.0,702.1,2602,stock
2022-11-30,NIL,716.0,701.4,720.0,700.3,3640,stock
2022-12-01,NIL,702.0,710.1,720.0,700.0,4389,stock
2022-12-04,NIL,712.3,719.0,723.0,712.3,3563,stock
2022-12-05,NIL,733.3,723.0,740.0,720.0,17410,stock
2022-12-06,NIL,725.0,720.0,725.0,716.0,6309,stock
2022-12-07,NIL,722.0,715.0,722.0,711.1,4685,stock
2022-12-11,NIL,708.0,715.0,719.5,702.0,5949,stock
2022-12-12,NIL,715.0,715.0,719.0,710.1,1813,stock
2022-12-13,NIL,715.2,718.8,720.0,715.2,3032,stock
2022-12-14,NIL,725.7,714.0,725.7,711.0,2340,stock
2022-12-15,NIL,710.6,712.3,720.0,710.2,1433,stock
2022-12-18,NIL,705.0,705.0,707.0,701.1,5881,stock
2022-12-19,NIL,705.0,703.9,705.0,699.0,1746,stock
2022-12-20,NIL,704.0,706.1,708.1,700.0,4894,stock
2022-12-21,NIL,720.0,707.0,720.0,706.0,2851,stock
2022-12-22,NIL,703.0,700.0,709.0,700.0,4657,stock
2022-12-26,NIL,710.0,725.0,728.0,710.0,5475,stock
2022-12-27,NIL,725.0,747.0,754.0,725.0,12695,stock
2022-12-28,NIL,735.2,740.0,754.0,730.2,13446,stock
2022-12-29,NIL,742.0,779.0,780.0,738.0,19891,stock
2023-01-01,NIL,793.0,778.0,813.0,773.0,22485,stock
2023-01-02,NIL,766.0,808.0,829.0,766.0,19451,stock
2023-01-03,NIL,818.8,805.0,824.0,797.2,20905,stock
2023-01-04,NIL,800.0,834.0,840.0,796.0,20513,stock
2023-01-05,NIL,845.0,848.0,860.0,820.0,30345,stock
2023-01-08,NIL,864.4,909.9,920.0,860.0,57755,stock
2023-01-09,NIL,927.0,927.0,940.0,915.0,33817,stock
2023-01-10,NIL,940.0,904.3,945.0,896.7,31633,stock
2023-01-12,NIL,922.0,895.2,940.0,887.1,39405,stock
2023-01-17,NIL,792.0,786.1,799.0,780.2,22374,stock
2023-01-18,NIL,795.5,770.0,795.5,770.0,17609,stock
2023-01-19,NIL,770.0,769.0,774.0,762.0,13280,stock
2023-01-23,NIL,770.0,758.0,777.0,750.0,14122,stock
2023-01-24,NIL,755.0,753.0,758.0,747.0,8104,stock
2023-01-25,NIL,765.0,779.0,785.0,765.0,19316,stock
2023-01-26,NIL,780.0,794.0,805.8,778.0,24897,stock
2023-01-29,NIL,780.0,790.0,795.0,780.0,8245,stock
2023-01-30,NIL,789.0,761.0,789.0,759.0,16549,stock
2023-01-31,NIL,751.0,760.0,772.0,751.0,7073,stock
2023-02-01,NIL,760.0,753.0,767.0,750.0,8321,stock
2023-02-02,NIL,753.0,748.0,760.0,741.1,7638,stock
2023-02-05,NIL,750.0,748.0,758.0,745.0,11020,stock
2023-02-06,NIL,736.2,748.0,755.0,736.2,7146,stock
2023-02-07,NIL,755.0,777.7,777.9,755.0,10486,stock
2023-02-08,NIL,777.5,771.2,793.0,765.2,9447,stock
2023-02-09,NIL,757.0,785.0,785.0,757.0,7529,stock
2023-02-12,NIL,770.0,761.0,775.0,755.0,18586,stock
2023-02-14,NIL,755.3,768.0,776.0,746.1,5261,stock
2023-02-15,NIL,775.0,766.2,775.0,761.0,3832,stock
2023-02-16,NIL,766.0,760.0,771.0,757.0,11417,stock
2023-02-20,NIL,750.0,758.0,760.0,745.1,5931,stock
2023-02-22,NIL,768.9,765.0,769.0,754.0,4646,stock
2023-02-23,NIL,750.0,761.0,761.0,750.0,7714,stock
2023-02-26,NIL,745.8,762.1,770.0,731.0,8870,stock
2023-02-27,NIL,758.0,765.0,768.0,754.6,8392,stock
2023-02-28,NIL,780.3,770.0,780.3,759.0,2139,stock
2023-03-01,NIL,768.0,760.7,768.0,760.1,5782,stock
2023-03-02,NIL,760.0,760.0,765.0,746.0,5869,stock
2023-03-05,NIL,747.1,752.0,755.0,747.1,7615,stock
2023-03-07,NIL,738.0,755.0,762.3,738.0,2930,stock
2023-03-09,NIL,760.0,757.0,770.0,755.0,3611,stock
2023-03-12,NIL,768.0,762.0,772.0,756.1,6118,stock
2023-03-13,NIL,755.0,760.0,769.0,750.0,7142,stock
2023-03-14,NIL,761.0,761.0,765.0,750.1,2594,stock
2023-03-15,NIL,755.0,762.0,762.0,748.0,8536,stock
2023-03-16,NIL,774.0,771.9,775.0,755.0,5206,stock
2023-03-19,NIL,771.0,767.0,774.9,759.0,8871,stock
2023-03-20,NIL,769.0,774.5,774.5,760.1,5163,stock
2023-03-22,NIL,774.0,775.0,776.0,760.1,5724,stock
2023-03-23,NIL,765.0,769.0,773.0,765.0,6017,stock
2023-03-26,NIL,762.0,759.0,762.0,759.0,6782,stock
2023-03-27,NIL,750.0,749.9,750.0,729.0,17145,stock
2023-03-28,NIL,740.0,750.0,764.0,740.0,4684,stock
2023-03-29,NIL,743.0,750.1,755.0,736.0,6182,stock
2023-03-30,NIL,750.1,745.1,756.0,745.1,3938,stock
2023-04-02,NIL,735.0,754.0,758.0,735.0,9001,stock
2023-04-03,NIL,741.0,754.9,755.0,739.1,9509,stock
2023-04-04,NIL,739.9,739.0,750.0,726.0,21200,stock
2023-04-05,NIL,727.1,732.0,736.0,727.1,8813,stock
2023-04-06,NIL,730.0,730.0,735.0,725.0,11459,stock
2023-04-09,NIL,720.0,708.0,730.0,707.0,8834,stock
2023-04-10,NIL,710.0,709.0,719.0,708.0,5507,stock
2023-04-11,NIL,711.0,715.0,722.0,706.1,6656,stock
2023-04-12,NIL,729.0,747.0,750.0,728.0,6669,stock
2023-04-13,NIL,752.0,745.0,752.0,742.0,4676,stock
2023-04-16,NIL,732.1,748.0,750.0,732.0,5637,stock
2023-04-17,NIL,734.1,742.5,748.7,734.0,3051,stock
2023-04-18,NIL,737.0,738.0,741.3,737.0,2452,stock
2023-04-19,NIL,751.0,746.0,751.0,734.0,2681,stock
2023-04-20,NIL,756.9,746.4,760.0,746.2,3309,stock
2023-04-23,NIL,735.0,744.0,744.0,733.0,3346,stock
2023-04-24,NIL,735.0,744.2,747.0,735.0,3242,stock
2023-04-25,NIL,749.5,745.0,751.2,744.2,6102,stock
2023-04-26,NIL,750.0,746.0,755.0,745.0,2582,stock
2023-04-27,NIL,746.0,738.2,748.0,738.0,2852,stock
2023-04-30,NIL,738.2,738.0,749.0,730.0,3832,stock
2023-05-02,NIL,725.0,733.1,738.0,725.0,2902,stock
2023-05-03,NIL,738.0,733.0,738.0,726.3,1089,stock
2023-05-04,NIL,728.4,733.0,740.0,728.0,3593,stock
2023-05-07,NIL,728.0,726.0,730.0,720.2,4562,stock
2023-05-08,NIL,714.4,723.0,723.0,714.4,6328,stock
2023-05-09,NIL,733.0,722.3,733.0,720.0,3566,stock
2023-05-10,NIL,730.0,725.0,730.0,721.3,2427,stock
2023-05-11,NIL,736.0,722.6,736.0,720.0,3133,stock
2023-05-14,NIL,730.0,724.0,730.0,720.0,3359,stock
2023-05-15,NIL,720.0,724.0,724.0,715.0,2496,stock
2023-05-16,NIL,724.0,724.0,727.0,720.3,1510,stock
2023-05-17,NIL,721.0,724.0,731.0,720.0,5654,stock
2023-05-18,NIL,735.0,738.0,743.0,734.0,3103,stock
2023-05-21,NIL,743.2,776.0,776.0,740.0,15241,stock
2023-05-22,NIL,760.5,768.0,777.0,753.2,8351,stock
2023-05-23,NIL,783.0,790.0,794.8,775.0,15037,stock
2023-05-24,NIL,790.0,791.0,799.0,781.0,9617,stock
2023-05-28,NIL,791.0,773.3,795.0,773.3,12432,stock
2023-05-30,NIL,773.0,750.0,780.1,749.0,13783,stock
2023-05-31,NIL,750.0,736.1,770.0,736.1,14551,stock
2023-06-01,NIL,732.0,743.8,750.7,731.0,10860,stock
2023-06-04,NIL,740.0,775.0,775.0,740.0,10897,stock
2023-06-05,NIL,760.0,784.0,795.0,760.0,12632,stock
2023-06-06,NIL,790.0,800.0,805.0,776.0,11665,stock
2023-06-07,NIL,810.0,785.0,810.0,784.0,10161,stock
2023-06-08,NIL,785.0,829.0,836.0,785.0,40439,stock
2023-06-11,NIL,840.0,846.0,846.4,830.0,24032,stock
2023-06-12,NIL,855.0,825.0,855.0,825.0,15237,stock
2023-06-13,NIL,825.1,861.0,873.0,825.0,37928,stock
2023-06-14,NIL,862.0,865.0,877.0,843.9,30112,stock
2023-06-15,NIL,879.9,880.0,880.0,860.2,23770,stock
2023-06-18,NIL,870.0,912.0,914.0,870.0,31084,stock
2023-06-19,NIL,900.0,890.0,912.0,877.3,37200,stock
2023-06-20,NIL,890.0,873.0,899.9,859.5,25835,stock
2023-06-21,NIL,890.0,860.0,890.0,855.0,20592,stock
2023-06-22,NIL,875.0,877.7,880.2,861.0,20216,stock
2023-06-25,NIL,890.0,917.0,930.0,890.0,73101,stock
2023-06-26,NIL,935.0,914.0,946.0,912.0,48256,stock
2023-06-27,NIL,914.0,900.0,918.0,892.1,32170,stock
2023-06-28,NIL,911.0,900.0,917.0,885.0,59644,stock
2023-07-02,NIL,918.0,875.0,918.0,875.0,38911,stock
2023-07-03,NIL,892.5,868.0,892.5,865.0,45600,stock
2023-07-04,NIL,885.3,888.0,903.0,848.7,33097,stock
2023-07-05,NIL,905.0,870.0,905.0,869.0,18068,stock
2023-07-06,NIL,870.0,873.0,883.0,866.0,13951,stock
2023-07-09,NIL,889.9,890.0,905.0,877.0,20740,stock
2023-07-10,NIL,907.0,887.0,907.0,880.0,20658,stock
2023-07-11,NIL,894.0,885.0,898.0,878.0,16309,stock
2023-07-12,NIL,880.0,907.8,907.8,880.0,22368,stock
2023-07-13,NIL,924.0,892.0,925.0,890.0,10325,stock
2023-07-16,NIL,909.0,891.1,909.0,877.0,13904,stock
2023-07-17,NIL,892.0,904.9,905.0,892.0,8167,stock
2023-07-18,NIL,922.0,900.0,922.0,900.0,20744,stock
2023-07-19,NIL,901.0,900.0,909.9,890.0,11385,stock
2023-07-20,NIL,914.0,885.0,914.0,885.0,15762,stock
2023-07-23,NIL,870.0,902.0,914.0,870.0,26897,stock
2023-07-24,NIL,885.0,900.0,901.0,884.0,21786,stock
2023-07-25,NIL,900.0,880.3,900.0,878.0,5268,stock
2023-07-26,NIL,880.0,880.0,891.0,870.0,7096,stock
2023-07-27,NIL,880.0,869.0,892.0,865.3,15401,stock
2023-07-30,NIL,865.0,845.1,875.0,835.0,18339,stock
2023-07-31,NIL,847.0,855.0,861.9,847.0,6347,stock
2023-08-01,NIL,855.0,840.0,865.0,836.1,8180,stock
2023-08-02,NIL,824.0,841.0,843.6,824.0,4395,stock
2023-08-03,NIL,857.8,832.0,857.8,832.0,5990,stock
2023-08-06,NIL,840.0,828.0,848.0,826.0,10035,stock
2023-08-07,NIL,824.0,836.0,861.9,815.0,3265,stock
2023-08-08,NIL,836.0,831.9,845.0,825.0,5854,stock
2023-08-09,NIL,825.0,851.0,851.0,823.0,10007,stock
2023-08-10,NIL,865.0,855.1,880.0,854.0,8095,stock
2023-08-13,NIL,856.1,866.0,869.0,856.0,8599,stock
2023-08-14,NIL,883.0,868.0,883.0,863.0,8225,stock
2023-08-15,NIL,852.0,853.0,865.0,851.0,9546,stock
2023-08-16,NIL,851.9,858.0,859.9,845.1,6623,stock
2023-08-17,NIL,855.0,858.0,869.0,855.0,4947,stock
2023-08-20,NIL,858.0,852.0,865.0,851.1,4807,stock
2023-08-21,NIL,843.0,849.0,855.0,841.0,8000,stock
2023-08-22,NIL,840.0,871.0,872.0,840.0,4379,stock
2023-08-23,NIL,870.0,876.0,880.0,870.0,4009,stock
2023-08-24,NIL,872.0,855.0,887.0,855.0,7022,stock
2023-08-27,NIL,855.0,862.0,863.0,855.0,8191,stock
2023-08-28,NIL,870.0,859.0,870.0,855.0,2918,stock
2023-08-29,NIL,874.0,846.0,874.0,845.0,3536,stock
2023-08-30,NIL,846.0,862.0,862.0,846.0,6861,stock
2023-09-03,NIL,860.0,842.0,860.0,839.1,5223,stock
2023-09-04,NIL,840.0,842.0,845.0,840.0,5381,stock
2023-09-05,NIL,837.2,842.7,845.0,836.0,5214,stock
2023-09-07,NIL,830.0,840.0,840.0,830.0,7049,stock
2023-09-10,NIL,840.0,845.5,847.0,840.0,2918,stock
2023-09-11,NIL,845.0,856.0,861.7,845.0,7757,stock
2023-09-12,NIL,873.0,862.0,873.0,857.0,6615,stock
2023-09-13,NIL,855.0,870.0,870.0,851.0,4919,stock
2023-09-17,NIL,875.0,865.0,876.0,862.4,9758,stock
2023-09-18,NIL,869.0,870.0,879.9,869.0,3051,stock
2023-09-19,NIL,864.0,868.0,870.0,864.0,2299,stock
2023-09-21,NIL,885.0,884.9,886.0,875.0,9996,stock
2023-09-24,NIL,885.0,871.9,890.0,863.0,8952,stock
2023-09-25,NIL,871.9,864.1,872.0,863.1,4389,stock
2023-09-26,NIL,880.0,873.0,880.0,862.1,12309,stock
2023-09-27,NIL,873.0,857.0,873.0,857.0,3102,stock
2023-10-01,NIL,851.0,843.0,851.0,837.0,9067,stock
2023-10-02,NIL,832.1,845.1,850.9,832.1,3708,stock
2023-10-03,NIL,833.0,840.1,850.0,832.1,4945,stock
2023-10-04,NIL,847.0,840.0,850.0,839.1,7373,stock
2023-10-05,NIL,850.0,838.0,850.0,837.0,7981,stock
2023-10-08,NIL,830.0,825.0,833.0,823.0,7917,stock
2023-10-09,NIL,825.0,820.0,838.9,810.0,8046,stock
2023-10-10,NIL,820.0,811.0,820.0,800.0,6161,stock
2023-10-11,NIL,819.0,806.1,819.0,800.0,9809,stock
2023-10-12,NIL,801.0,802.1,809.9,797.0,5581,stock
2023-10-16,NIL,809.0,800.0,809.0,798.0,3881,stock
2023-10-17,NIL,816.0,806.0,816.0,801.0,1199,stock
2023-10-18,NIL,810.0,825.0,825.0,804.0,3602,stock
2023-10-19,NIL,835.0,825.1,839.0,825.1,3268,stock
2023-10-29,NIL,817.0,818.0,830.0,817.0,1127,stock
2023-10-30,NIL,816.0,815.0,816.0,812.0,1308,stock
2023-10-31,NIL,815.0,808.7,815.0,808.0,2485,stock
2023-11-01,NIL,814.0,810.0,817.9,808.0,4763,stock
2023-11-02,NIL,810.0,807.0,814.5,805.1,2852,stock
2023-11-05,NIL,795.0,797.1,802.0,795.0,5253,stock
2023-11-06,NIL,786.1,797.1,808.0,786.1,2416,stock
2023-11-07,NIL,800.0,798.0,801.0,797.0,2863,stock
2023-11-08,NIL,812.0,803.0,812.0,797.1,1965,stock
2023-11-09,NIL,803.0,799.0,805.0,796.0,1820,stock
2023-11-20,NIL,813.0,786.0,814.0,780.0,5237,stock
2023-11-21,NIL,770.3,782.0,784.0,770.3,1701,stock
2023-11-22,NIL,782.0,785.0,785.0,780.0,2056,stock
2023-11-23,NIL,782.0,792.0,792.0,782.0,4769,stock
2023-11-26,NIL,786.0,828.9,830.0,786.0,7229,stock
2023-11-27,NIL,829.0,820.0,845.0,815.6,8154,stock
2023-11-28,NIL,820.0,814.1,824.0,810.0,3164,stock
2023-11-29,NIL,823.9,800.8,823.9,800.7,4817,stock
2023-11-30,NIL,816.0,807.0,821.1,789.1,7763,stock
2023-12-03,NIL,800.0,803.1,810.0,800.0,4050,stock
2023-12-04,NIL,801.0,801.6,810.0,801.0,3072,stock
2023-12-05,NIL,786.0,776.0,786.0,755.0,25617,stock
2023-12-06,NIL,785.0,780.5,790.0,774.0,5941,stock
2023-12-07,NIL,779.0,804.9,806.0,778.2,7063,stock
2023-12-10,NIL,820.9,830.0,837.0,820.9,2078,stock
2023-12-11,NIL,846.0,827.1,846.6,814.5,23244,stock
2023-12-12,NIL,835.0,843.0,843.0,826.2,14970,stock
2023-12-13,NIL,843.0,844.0,854.0,835.0,13052,stock
2023-12-14,NIL,828.0,841.0,850.2,828.0,7265,stock
2023-12-17,NIL,835.0,886.0,887.0,822.0,13942,stock
2023-12-18,NIL,886.0,878.0,886.0,865.0,11756,stock
2023-12-19,NIL,878.0,874.0,878.0,853.0,17028,stock
2023-12-20,NIL,878.0,876.0,882.9,866.5,21224,stock
2023-12-21,NIL,872.0,858.0,876.0,855.0,16482,stock
2023-12-24,NIL,860.0,860.0,870.0,850.0,38367,stock
2023-12-27,NIL,860.0,865.0,870.0,845.2,17203,stock
2023-12-28,NIL,865.0,861.0,871.0,860.1,25353,stock
2024-01-01,NIL,865.9,847.0,866.0,846.0,14547,stock
2024-01-02,NIL,862.1,820.0,862.1,820.0,8780,stock
2024-01-03,NIL,820.0,830.0,836.0,819.5,9765,stock
2024-01-04,NIL,830.0,830.0,837.0,821.2,10209,stock
2024-01-07,NIL,815.5,820.2,829.9,798.0,11334,stock
2024-01-08,NIL,831.9,825.5,831.9,815.5,8390,stock
2024-01-09,NIL,830.0,840.0,850.0,830.0,16107,stock
2024-01-10,NIL,832.0,845.0,854.0,832.0,10895,stock
2024-01-11,NIL,861.9,835.3,867.9,835.0,11707,stock
2024-01-14,NIL,850.0,843.0,850.0,835.0,11954,stock
2024-01-16,NIL,859.0,848.0,859.0,835.0,16331,stock
2024-01-17,NIL,859.0,833.0,861.0,833.0,16411,stock
2024-01-18,NIL,825.0,828.3,838.0,822.0,11657,stock
2024-01-21,NIL,830.0,820.0,835.0,820.0,16603,stock
2024-01-22,NIL,825.0,827.2,835.9,825.0,7976,stock
2024-01-23,NIL,827.2,830.0,830.0,821.0,6600,stock
2024-01-24,NIL,843.0,845.0,845.0,829.2,13202,stock
2024-01-25,NIL,844.0,845.0,848.0,830.0,14285,stock
2024-01-28,NIL,837.0,840.0,843.0,835.1,3290,stock
2024-01-29,NIL,840.0,838.0,848.0,834.2,4064,stock
2024-01-30,NIL,845.0,834.0,854.7,832.5,7826,stock
2024-01-31,NIL,831.1,825.0,840.0,825.0,8587,stock
2024-02-01,NIL,819.2,812.1,825.0,812.1,13025,stock
2024-02-04,NIL,812.0,810.1,820.0,809.0,13505,stock
2024-02-05,NIL,810.0,839.9,839.9,805.3,12568,stock
2024-02-06,NIL,839.9,848.0,852.0,823.2,8773,stock
2024-02-07,NIL,859.0,835.0,859.0,832.0,4400,stock
2024-02-11,NIL,835.0,821.0,835.0,820.2,7017,stock
2024-02-12,NIL,820.0,826.3,833.9,816.0,7307,stock
2024-02-13,NIL,820.0,810.5,825.0,810.0,9885,stock
2024-02-14,NIL,817.0,820.0,824.5,811.0,6896,stock
2024-02-15,NIL,820.0,820.0,829.0,818.0,7531,stock
2024-02-18,NIL,818.0,808.6,822.0,808.0,12064,stock
2024-02-20,NIL,810.0,816.0,820.0,810.0,5865,stock
2024-02-21,NIL,815.0,806.1,816.0,806.1,12317,stock
2024-02-22,NIL,805.1,810.0,815.0,805.1,6255,stock
2024-02-25,NIL,800.4,795.1,804.0,794.0,8291,stock
2024-02-26,NIL,800.0,801.0,801.0,790.0,3150,stock
2024-02-27,NIL,803.0,799.0,804.2,795.0,5147,stock
2024-02-28,NIL,802.0,787.1,802.0,787.1,3603,stock
2024-02-29,NIL,785.0,788.0,802.0,785.0,6851,stock
2024-03-03,NIL,777.0,779.1,789.0,776.1,4290,stock
2024-03-05,NIL,794.6,794.6,810.4,794.6,10755,stock
2024-03-06,NIL,795.0,799.8,804.1,794.6,5367,stock
2024-03-07,NIL,800.0,806.1,815.0,800.0,3240,stock
2024-03-10,NIL,820.0,809.0,820.0,809.0,5522,stock
2024-03-12,NIL,825.0,827.6,831.0,812.0,8932,stock
2024-03-13,NIL,844.0,839.8,855.0,830.0,6374,stock
2024-03-14,NIL,856.5,824.0,856.5,820.0,10606,stock
2024-03-17,NIL,840.4,825.0,840.4,825.0,3432,stock
2024-03-18,NIL,820.0,820.0,832.0,817.0,6898,stock
2024-03-19,NIL,836.4,820.0,836.4,820.0,4936,stock
2024-03-20,NIL,836.4,825.0,836.4,820.0,5038,stock
2024-03-21,NIL,833.0,819.1,833.0,816.4,5005,stock
2024-03-25,NIL,835.4,815.0,835.4,811.3,12524,stock
2024-03-26,NIL,807.1,817.0,822.0,807.1,5749,stock
2024-03-27,NIL,810.0,818.0,831.0,810.0,5222,stock
2024-03-28,NIL,825.0,817.0,825.0,815.0,5070,stock
2024-03-31,NIL,820.0,817.0,828.0,815.1,4681,stock
2024-04-01,NIL,820.0,812.0,820.0,808.5,8923,stock
2024-04-02,NIL,814.0,811.1,815.9,811.0,7560,stock
2024-04-03,NIL,810.0,812.3,820.0,810.0,3739,stock
2024-04-04,NIL,815.0,817.0,819.0,811.0,8626,stock
2024-04-07,NIL,820.0,820.0,830.0,808.0,4563,stock
2024-04-09,NIL,820.0,830.0,830.0,820.0,8064,stock
2024-04-10,NIL,822.1,819.0,824.0,813.6,6548,stock
2024-04-14,NIL,829.0,813.3,829.0,813.3,7341,stock
2024-04-15,NIL,814.0,804.0,814.0,791.9,10456,stock
2024-04-16,NIL,800.0,806.0,810.0,797.0,6131,stock
2024-04-18,NIL,805.0,798.9,805.0,783.1,9356,stock
2024-04-21,NIL,808.0,800.0,808.0,796.1,4777,stock
2024-04-22,NIL,800.0,792.0,800.0,791.1,2841,stock
2024-04-24,NIL,807.0,785.5,807.0,785.0,3838,stock
2024-04-25,NIL,800.0,801.0,801.9,793.0,1955,stock
2024-04-28,NIL,817.0,814.0,817.0,801.0,5574,stock
2024-04-29,NIL,830.0,790.0,830.0,789.1,16464,stock
2024-04-30,NIL,788.0,800.0,803.0,780.1,11828,stock
2024-05-02,NIL,811.0,798.0,816.0,789.0,12677,stock
2024-05-05,NIL,813.0,798.0,813.0,787.5,5169,stock
2024-05-06,NIL,787.0,785.5,795.0,780.0,10495,stock
2024-05-07,NIL,790.1,787.0,792.0,786.0,4223,stock
2024-05-08,NIL,785.0,781.9,785.0,750.0,13867,stock
2024-05-09,NIL,787.0,790.0,795.0,783.0,2833,stock
2024-05-12,NIL,796.6,801.5,802.5,786.1,9489,stock
2024-05-13,NIL,800.0,791.0,807.9,790.0,10498,stock
2024-05-14,NIL,800.0,799.9,805.0,790.0,10841,stock
2024-05-15,NIL,800.0,795.1,805.0,790.0,7199,stock
2024-05-16,NIL,799.0,790.0,801.9,790.0,11214,stock
2024-05-19,NIL,805.8,810.0,830.0,800.0,30121,stock
2024-05-20,NIL,820.0,812.0,826.0,812.0,17352,stock
2024-05-21,NIL,812.0,816.0,820.0,802.0,5453,stock
2024-05-22,NIL,815.0,798.0,815.0,798.0,21190,stock
2024-05-26,NIL,800.0,801.0,809.5,798.4,14291,stock
2024-05-27,NIL,797.2,803.0,805.0,793.2,7728,stock
2024-05-29,NIL,800.0,798.0,815.0,798.0,8937,stock
2024-05-30,NIL,794.0,797.0,806.8,790.0,3787,stock
2024-06-02,NIL,803.0,805.0,810.0,799.0,10848,stock
2024-06-03,NIL,819.0,803.0,819.0,800.4,7795,stock
2024-06-04,NIL,801.0,801.5,815.0,797.1,29367,stock
2024-06-05,NIL,805.0,799.0,805.0,795.2,12445,stock
2024-06-06,NIL,800.0,794.0,800.0,792.8,4426,stock
2024-06-09,NIL,791.0,795.0,800.9,791.0,4343,stock
2024-06-10,NIL,790.0,796.9,799.0,790.0,8959,stock
2024-06-11,NIL,796.0,804.0,809.9,796.0,8891,stock
2024-06-12,NIL,804.0,808.0,815.0,800.0,5206,stock
2024-06-13,NIL,806.0,806.0,809.0,788.9,13953,stock
2024-06-16,NIL,806.1,799.0,810.0,797.0,4715,stock
2024-06-18,NIL,800.0,791.0,800.0,790.0,14228,stock
2024-06-19,NIL,791.0,793.0,800.0,791.0,5519,stock
2024-06-20,NIL,783.1,790.0,797.8,783.0,9483,stock
2024-06-23,NIL,805.0,796.0,821.1,790.0,26100,stock
2024-06-24,NIL,800.0,796.0,804.5,793.1,10501,stock
2024-06-25,NIL,800.0,794.1,800.0,794.0,7280,stock
2024-06-26,NIL,804.7,800.0,804.7,790.2,5815,stock
2024-06-27,NIL,790.2,787.0,794.0,785.5,5927,stock
2024-06-30,NIL,802.0,785.0,802.0,785.0,17300,stock
2024-07-01,NIL,783.0,790.1,792.0,783.0,2956,stock
2024-07-02,NIL,805.9,802.3,840.9,797.0,8392,stock
2024-07-03,NIL,790.0,804.0,805.0,790.0,6133,stock
2024-07-04,NIL,807.0,806.3,810.0,793.1,8835,stock
2024-07-07,NIL,807.0,820.0,821.0,805.0,21135,stock
2024-07-08,NIL,836.4,825.0,836.4,806.1,9943,stock
2024-07-09,NIL,841.5,824.8,841.5,810.0,21874,stock
2024-07-10,NIL,824.0,825.2,836.0,813.0,18641,stock
2024-07-11,NIL,826.0,829.9,835.0,825.5,30558,stock
2024-07-14,NIL,846.0,839.0,853.0,835.0,20670,stock
2024-07-15,NIL,855.7,836.0,855.7,834.0,36370,stock
2024-07-16,NIL,834.0,860.0,860.0,833.0,11636,stock
2024-07-17,NIL,867.0,872.0,900.0,860.0,27712,stock
2024-07-18,NIL,872.2,886.0,900.0,870.0,31295,stock
2024-07-21,NIL,886.0,895.0,909.0,886.0,20661,stock
2024-07-22,NIL,897.0,894.9,897.0,875.0,34737,stock
2024-07-23,NIL,881.0,917.9,922.7,881.0,37376,stock
2024-07-24,NIL,920.0,904.0,930.0,890.0,30152,stock
2024-07-25,NIL,896.0,896.0,925.0,885.0,58066,stock
2024-07-28,NIL,913.9,918.0,930.0,901.0,48442,stock
2024-07-29,NIL,915.0,905.0,919.0,903.0,28150,stock
2024-07-30,NIL,901.0,910.0,918.0,876.0,40526,stock
2024-07-31,NIL,928.0,929.0,942.0,914.2,37276,stock
2024-08-01,NIL,945.0,948.0,979.0,911.0,55977,stock
2024-08-05,NIL,966.0,952.1,966.9,930.0,50412,stock
2024-08-06,NIL,952.0,904.0,970.0,902.6,44800,stock
2024-08-07,NIL,904.1,923.0,927.0,904.0,25102,stock
2024-08-08,NIL,940.0,939.0,955.0,930.0,34466,stock
2024-08-11,NIL,949.0,977.0,982.0,945.0,52195,stock
2024-08-12,NIL,985.0,1019.0,1020.0,981.0,59930,stock
2024-08-13,NIL,1010.0,999.9,1019.0,990.2,38273,stock
2024-08-14,NIL,998.0,1019.0,1025.0,990.0,70172,stock
2024-08-15,NIL,1030.0,1013.2,1039.0,1010.0,57818,stock
2024-08-18,NIL,1030.0,1013.0,1050.0,1000.2,74635,stock
2024-08-21,NIL,1013.0,1015.0,1033.0,1005.0,33913,stock
2024-08-22,NIL,1015.0,1010.0,1034.0,1000.0,32010,stock
2024-08-25,NIL,1000.0,996.0,1010.5,995.0,61709,stock
2024-08-27,NIL,990.0,971.0,998.9,966.0,58256,stock
2024-08-28,NIL,989.0,955.4,990.0,950.0,30678,stock
2024-08-29,NIL,940.0,945.0,954.0,930.0,52944,stock
2024-09-01,NIL,958.5,931.0,958.5,927.0,42783,stock
2024-09-02,NIL,945.0,972.9,980.0,929.0,31920,stock
2024-09-03,NIL,972.0,1007.0,1050.0,972.0,61721,stock
2024-09-04,NIL,1025.0,984.0,1046.8,976.6,66382,stock
2024-09-05,NIL,1003.6,990.0,1003.6,963.7,37791,stock
2024-09-08,NIL,980.0,977.0,1000.0,970.2,28247,stock
2024-09-09,NIL,962.3,955.0,975.0,939.0,51825,stock
2024-09-10,NIL,965.0,961.1,972.0,956.1,28548,stock
2024-09-11,NIL,960.0,951.0,966.0,950.0,15219,stock
2024-09-12,NIL,943.0,960.0,968.0,943.0,13217,stock
2024-09-15,NIL,979.1,947.0,979.1,945.0,21319,stock
2024-09-16,NIL,930.1,925.2,945.0,925.2,15919,stock
2024-09-18,NIL,925.0,928.0,937.8,917.0,13251,stock
2024-09-22,NIL,946.5,925.2,950.0,925.0,10217,stock
2024-09-23,NIL,921.0,913.0,921.0,908.2,16013,stock
2024-09-24,NIL,910.5,889.0,925.0,888.0,11899,stock
2024-09-25,NIL,889.0,900.0,901.0,871.5,14331,stock
2024-09-26,NIL,900.0,894.9,904.0,892.0,14139,stock
2024-09-29,NIL,880.0,895.0,916.0,876.2,16633,stock
2024-09-30,NIL,895.0,900.0,905.0,894.0,6288,stock
2024-10-01,NIL,910.0,930.0,940.0,909.0,15498,stock
2024-10-02,NIL,930.0,920.0,946.0,915.0,19717,stock
2024-10-06,NIL,938.0,934.0,938.0,918.0,8071,stock
2024-10-07,NIL,935.0,940.0,945.0,927.1,20277,stock
2024-10-08,NIL,926.1,920.0,944.5,920.0,9438,stock
2024-10-09,NIL,925.0,915.0,925.0,906.5,6871,stock
2024-10-15,NIL,916.0,920.0,926.0,915.0,1735,stock
2024-10-16,NIL,925.0,944.0,946.5,920.1,14118,stock
2024-10-17,NIL,960.0,930.0,960.0,930.0,12820,stock
2024-10-20,NIL,912.0,920.0,931.0,912.0,17837,stock
2024-10-21,NIL,903.1,907.0,920.0,903.1,8774,stock
2024-10-22,NIL,920.0,904.0,924.0,900.2,14238,stock
2024-10-23,NIL,896.1,911.1,929.0,896.1,3666,stock
2024-10-24,NIL,918.0,910.0,919.0,906.0,8852,stock
2024-10-27,NIL,928.2,903.0,928.2,892.0,4320,stock
2024-10-28,NIL,906.0,907.0,913.8,899.0,9593,stock
2024-10-29,NIL,907.0,932.1,940.0,900.0,12957,stock
2024-10-30,NIL,935.0,930.1,947.0,923.0,7020,stock
2024-11-05,NIL,930.0,937.0,966.9,930.0,6054,stock
2024-11-06,NIL,941.0,940.0,950.0,938.0,15453,stock
2024-11-10,NIL,940.1,952.0,959.0,940.1,26513,stock
2024-11-11,NIL,956.0,952.0,960.0,948.1,24118,stock
2024-11-12,NIL,955.0,944.8,961.0,944.8,21380,stock
2024-11-13,NIL,944.8,938.0,945.2,934.0,7976,stock
2024-11-14,NIL,935.0,938.0,943.6,930.0,11933,stock
2024-11-17,NIL,945.0,940.2,954.4,940.2,15277,stock
2024-11-19,NIL,940.2,927.0,942.1,925.0,11114,stock
2024-11-20,NIL,920.0,920.5,930.0,920.0,5451,stock
2024-11-21,NIL,934.0,915.0,934.0,915.0,9756,stock
2024-11-24,NIL,915.0,912.0,925.0,908.0,5113,stock
2024-11-25,NIL,906.2,915.0,920.0,906.2,3575,stock
2024-11-26,NIL,915.0,919.0,932.9,906.1,8051,stock
2024-11-27,NIL,935.0,930.0,935.0,921.0,12074,stock
2024-11-28,NIL,925.1,956.0,974.0,925.0,40639,stock
2024-12-01,NIL,956.0,979.9,995.5,943.0,63960,stock
2024-12-02,NIL,980.0,980.0,990.0,975.0,34287,stock
2024-12-03,NIL,999.0,964.4,999.0,955.0,11689,stock
2024-12-04,NIL,957.1,951.0,969.9,951.0,35335,stock
2024-12-05,NIL,950.0,945.0,966.0,945.0,11928,stock
2024-12-08,NIL,930.1,930.1,950.0,928.0,12117,stock
2024-12-09,NIL,932.0,924.0,943.0,923.4,6733,stock
2024-12-10,NIL,917.0,929.4,935.0,917.0,4644,stock
2024-12-11,NIL,939.0,940.0,940.0,923.0,2278,stock
2024-12-12,NIL,940.0,930.0,949.0,930.0,12881,stock
2024-12-16,NIL,925.0,913.0,932.0,905.6,14875,stock
2024-12-17,NIL,907.3,915.1,920.0,905.1,6129,stock
2024-12-18,NIL,920.0,910.3,921.0,908.0,8622,stock
2024-12-19,NIL,907.0,908.0,920.0,907.0,7748,stock
2024-12-22,NIL,908.0,909.9,912.5,902.6,7151,stock
2024-12-23,NIL,905.0,915.1,921.6,903.2,7153,stock
2024-12-24,NIL,913.0,920.0,925.0,910.2,13691,stock
2024-12-26,NIL,938.4,925.0,975.0,921.2,14021,stock
2024-12-29,NIL,937.0,926.0,937.0,924.1,6922,stock
2024-12-31,NIL,910.0,918.0,921.0,909.2,7764,stock
2025-01-01,NIL,927.7,916.6,927.7,916.1,3423,stock
2025-01-02,NIL,907.1,917.0,925.0,907.1,5157,stock
2025-01-05,NIL,928.0,929.9,930.0,920.0,14579,stock
2025-01-06,NIL,929.0,939.8,941.0,920.0,17767,stock
2025-01-07,NIL,935.0,940.0,942.0,930.2,12492,stock
2025-01-08,NIL,924.0,938.0,943.9,924.0,16813,stock
2025-01-09,NIL,938.0,939.7,940.0,923.0,13883,stock
2025-01-12,NIL,938.0,936.0,950.0,925.5,9259,stock
2025-01-13,NIL,935.0,912.0,935.0,891.0,54677,stock
2025-01-15,NIL,896.0,925.0,925.0,896.0,8073,stock
2025-01-16,NIL,928.0,922.0,928.0,914.0,7144,stock
2025-01-19,NIL,927.0,921.2,928.2,918.1,7899,stock
2025-01-20,NIL,926.2,937.0,953.7,926.2,31742,stock
2025-01-21,NIL,949.0,943.0,950.0,937.0,21921,stock
2025-01-22,NIL,950.0,942.9,950.0,939.1,26457,stock
2025-01-23,NIL,942.0,940.9,943.9,936.5,23692,stock
2025-01-26,NIL,941.0,944.9,946.9,938.0,23474,stock
2025-01-27,NIL,957.0,941.8,957.0,938.2,24557,stock
2025-01-28,NIL,948.7,938.9,948.7,930.3,66995,stock
2025-02-02,NIL,786.5,801.0,830.0,786.5,27590,stock
2025-02-03,NIL,801.0,802.5,809.9,797.1,12387,stock
2025-02-04,NIL,807.0,796.1,807.0,795.2,13121,stock
2025-02-05,NIL,796.0,791.0,800.0,790.0,7859,stock
2025-02-06,NIL,791.0,790.0,797.0,778.8,14646,stock
2025-02-09,NIL,789.0,777.3,794.0,777.1,12777,stock
2025-02-10,NIL,778.0,780.0,785.0,775.0,7629,stock
2025-02-11,NIL,781.0,777.1,785.0,775.1,6035,stock
2025-02-12,NIL,790.0,780.0,790.0,777.0,6433,stock
2025-02-13,NIL,782.0,778.2,785.0,775.0,4656,stock
2025-02-16,NIL,780.0,778.0,780.0,765.0,12748,stock
2025-02-17,NIL,781.0,778.1,789.0,778.0,8465,stock
2025-02-18,NIL,789.0,780.0,789.0,778.0,6871,stock
2025-02-20,NIL,780.0,784.0,784.0,775.0,17778,stock
2025-02-23,NIL,782.0,784.5,785.0,775.0,10818,stock
2025-02-24,NIL,800.1,787.0,800.1,783.0,13169,stock
2025-02-25,NIL,787.0,780.0,790.0,778.0,14915,stock
2025-02-27,NIL,795.6,783.2,795.6,780.0,11628,stock
2025-03-02,NIL,790.0,805.0,805.0,790.0,17581,stock
2025-03-03,NIL,806.0,805.0,831.3,805.0,26168,stock
2025-03-04,NIL,805.0,801.0,819.0,795.0,20852,stock
2025-03-05,NIL,791.0,799.0,803.0,790.1,5173,stock
2025-03-06,NIL,808.0,792.2,808.0,789.0,13084,stock
2025-03-09,NIL,780.0,792.0,808.0,780.0,17237,stock
2025-03-10,NIL,793.0,792.0,801.9,785.0,18562,stock
2025-03-11,NIL,791.8,777.0,800.0,777.0,5368,stock
2025-03-12,NIL,777.0,775.0,780.0,768.5,9008,stock
2025-03-16,NIL,789.0,770.0,789.0,760.1,9864,stock
2025-03-17,NIL,770.0,772.0,778.0,766.0,3699,stock
2025-03-18,NIL,773.0,777.5,780.0,772.0,2691,stock
2025-03-19,NIL,775.0,774.0,777.0,772.1,4672,stock
2025-03-20,NIL,775.0,771.51,780.0,765.1,6519,stock
2025-03-23,NIL,772.0,758.62,772.0,758.0,7217,stock
2025-03-24,NIL,750.1,761.7,763.9,748.2,5373,stock
2025-03-25,NIL,758.0,747.5,758.0,745.0,5937,stock
2025-03-26,NIL,760.0,749.93,760.0,740.0,6126,stock
2025-03-27,NIL,762.9,749.26,763.0,748.0,12429,stock
2025-03-30,NIL,754.9,756.94,765.0,752.0,7090,stock
2025-04-01,NIL,753.0,747.52,756.0,745.6,6947,stock
2025-04-02,NIL,742.0,754.13,759.8,742.0,5122,stock
2025-04-03,NIL,769.0,751.63,772.0,747.1,7422,stock
2025-04-07,NIL,766.0,746.39,766.0,744.8,7103,stock
2025-04-08,NIL,747.0,740.65,747.0,735.0,5266,stock
2025-04-09,NIL,737.0,741.06,749.9,737.0,3119,stock
2025-04-10,NIL,742.0,744.2,751.0,742.0,4690,stock
2025-04-13,NIL,757.0,750.76,757.0,742.0,4408,stock
2025-04-15,NIL,755.0,755.17,756.0,750.0,3238,stock
2025-04-16,NIL,768.0,759.03,768.0,754.0,4315,stock
2025-04-17,NIL,770.0,764.0,770.0,754.7,7867,stock
2025-04-20,NIL,760.0,762.69,767.6,760.0,16798,stock
2025-04-21,NIL,751.1,762.41,764.0,751.0,10255,stock
2025-04-22,NIL,753.0,752.22,764.0,750.0,4476,stock
2025-04-23,NIL,750.0,742.46,750.0,739.0,3380,stock
2025-04-24,NIL,757.3,748.98,768.0,743.0,13078,stock
2025-04-27,NIL,750.0,741.8,751.1,741.0,6406,stock
2025-04-28,NIL,742.0,735.75,748.9,735.0,4132,stock
2025-04-29,NIL,745.0,733.86,745.0,733.5,7533,stock
2025-04-30,NIL,748.5,734.6,748.5,733.9,3897,stock
2025-05-04,NIL,736.0,736.93,746.0,730.0,18334,stock
2025-05-05,NIL,744.0,735.28,744.0,735.0,11429,stock
2025-05-06,NIL,736.0,735.82,740.0,734.2,4049,stock
2025-05-07,NIL,733.0,747.18,751.0,730.3,6675,stock
2025-05-08,NIL,749.9,761.48,762.6,747.1,11583,stock
2025-05-11,NIL,764.0,738.9,766.0,738.0,27677,stock
2025-05-13,NIL,693.0,702.52,704.5,693.0,8396,stock
2025-05-14,NIL,700.0,697.56,704.0,697.1,6789,stock
2025-05-15,NIL,700.0,693.21,700.0,691.0,9731,stock
2025-05-18,NIL,700.0,690.46,700.0,687.0,16253,stock
2025-05-19,NIL,698.0,692.79,698.1,691.0,4112,stock
2025-05-20,NIL,689.1,700.91,705.0,689.0,10133,stock
2025-05-21,NIL,714.9,705.71,728.0,702.0,7100,stock
2025-05-22,NIL,719.0,706.2,719.0,705.5,5923,stock
2025-05-25,NIL,700.6,708.18,714.0,700.0,6841,stock
2025-05-26,NIL,722.3,717.61,725.0,709.1,8589,stock
2025-05-27,NIL,717.0,714.13,718.0,712.0,4845,stock
2025-05-28,NIL,710.0,709.62,712.0,703.0,10402,stock
2025-06-02,NIL,723.8,713.49,735.0,710.0,9826,stock
2025-06-03,NIL,707.0,708.69,715.0,707.0,4271,stock
2025-06-04,NIL,721.9,698.93,721.9,697.0,8956,stock
2025-06-05,NIL,698.0,696.02,703.0,691.2,3980,stock
2025-06-08,NIL,695.0,694.98,698.0,691.1,10145,stock
2025-06-09,NIL,700.0,691.86,700.0,691.1,10382,stock
2025-06-10,NIL,699.0,700.9,703.7,690.0,6248,stock
2025-06-11,NIL,690.2,692.2,705.0,690.2,11947,stock
2025-06-12,NIL,694.0,692.91,698.9,692.0,8967,stock
2025-06-15,NIL,685.2,681.66,690.0,680.0,31032,stock
2025-06-16,NIL,690.0,680.97,690.0,676.5,21014,stock
2025-06-17,NIL,680.3,682.36,688.5,680.1,15594,stock
2025-06-18,NIL,675.0,679.12,685.0,675.0,21978,stock
2025-06-19,NIL,679.0,679.62,683.9,679.0,17962,stock
2025-06-22,NIL,680.0,674.19,681.0,673.0,14368,stock
2025-06-23,NIL,670.0,668.6,680.0,668.0,12649,stock
2025-06-24,NIL,668.0,665.2,678.0,665.0,17488,stock
2025-06-25,NIL,674.0,665.03,674.0,665.0,8558,stock
2025-06-26,NIL,665.0,664.12,670.0,663.5,8969,stock
2025-06-29,NIL,665.0,667.34,675.0,665.0,20668,stock
2025-06-30,NIL,678.3,677.27,684.9,670.1,13876,stock
2025-07-01,NIL,686.0,684.55,687.0,681.0,9671,stock
2025-07-02,NIL,695.0,698.62,708.0,688.0,23629,stock
2025-07-03,NIL,698.62,708.44,712.0,695.0,25090,stock
2025-07-06,NIL,705.0,709.48,722.0,705.0,44132,stock
2025-07-07,NIL,721.0,705.06,721.0,702.1,18837,stock
2025-07-08,NIL,705.0,700.14,709.0,696.0,23907,stock
2025-07-09,NIL,702.0,699.58,708.0,695.0,18947,stock
2025-07-10,NIL,699.58,703.0,706.0,696.1,24205,stock
2025-07-13,NIL,710.0,703.29,725.0,702.1,32826,stock
2025-07-14,NIL,702.0,699.33,715.0,698.8,23574,stock
2025-07-15,NIL,700.0,708.35,711.0,697.1,30211,stock
2025-07-16,NIL,719.0,710.36,719.0,701.3,16807,stock
2025-07-17,NIL,715.0,727.34,730.0,715.0,25679,stock
2025-07-20,NIL,730.0,739.75,748.9,726.0,60096,stock
2025-07-21,NIL,735.0,751.4,756.0,732.2,38826,stock
2025-07-22,NIL,751.4,769.84,783.9,751.4,45273,stock
2025-07-23,NIL,771.1,770.1,779.9,751.7,45084,stock
2025-07-24,NIL,771.0,769.25,775.0,761.0,35659,stock
2025-07-27,NIL,769.25,754.28,770.0,751.0,53733,stock
2025-07-28,NIL,754.28,744.86,754.28,737.0,32599,stock
2025-07-29,NIL,750.0,746.77,765.0,745.0,42728,stock
2025-07-30,NIL,760.0,745.92,762.0,734.1,25452,stock
2025-07-31,NIL,750.0,740.72,755.0,730.0,40300,stock
2025-08-03,NIL,736.0,728.45,743.0,719.6,44625,stock
2025-08-04,NIL,730.0,726.4,733.9,715.1,22303,stock
2025-08-05,NIL,726.1,714.53,735.0,713.5,33144,stock
2025-08-06,NIL,708.0,713.08,717.0,708.0,30753,stock
2025-08-07,NIL,719.0,718.09,722.0,713.0,15453,stock
2025-08-11,NIL,720.0,713.51,728.0,700.0,23304,stock
2025-08-12,NIL,706.1,709.47,713.0,704.0,12797,stock
2025-08-13,NIL,712.0,708.67,712.0,701.4,5729,stock
2025-08-14,NIL,709.4,704.2,709.5,703.0,7752,stock
2025-08-17,NIL,704.2,708.31,715.0,690.0,35317,stock
2025-08-18,NIL,703.0,702.2,710.0,702.0,15776,stock
2025-08-19,NIL,711.0,709.82,720.0,709.0,12123,stock
2025-08-20,NIL,720.0,698.89,720.0,698.0,9622,stock
2025-08-21,NIL,695.0,698.05,705.0,695.0,5131,stock
2025-08-24,NIL,695.0,699.73,711.9,695.0,6193,stock
2025-08-25,NIL,692.0,699.69,702.0,692.0,7234,stock
2025-08-26,NIL,699.69,700.76,707.0,699.1,7841,stock
2025-08-27,NIL,698.0,711.0,714.0,695.2,10102,stock
2025-08-28,NIL,711.0,704.6,725.0,700.1,8168,stock
2025-08-31,NIL,701.0,694.26,706.0,694.0,8347,stock
2025-09-01,NIL,695.0,692.45,700.0,692.0,6650,stock
2025-09-02,NIL,690.0,688.96,703.5,688.2,8339,stock
2025-09-03,NIL,688.0,682.25,691.0,680.0,12090,stock
2025-09-04,NIL,674.0,681.71,685.9,674.0,6642,stock
2025-09-07,NIL,683.0,680.8,695.3,678.0,8801,stock
2025-09-08,NIL,694.4,673.46,694.4,672.0,5441,stock
2025-09-18,NIL,660.0,634.0,660.0,634.0,33,stock
2025-09-21,NIL,621.4,605.0,621.4,580.0,63302,stock
2025-09-23,NIL,595.2,627.0,633.9,595.2,17972,stock
2025-09-24,NIL,621.0,614.0,626.8,614.0,8858,stock
2025-09-25,NIL,619.0,615.0,619.8,610.1,6517,stock
2025-09-28,NIL,615.0,615.0,620.0,611.0,9483,stock
2025-10-07,NIL,616.0,602.0,616.0,600.0,11715,stock
2025-10-08,NIL,605.0,588.0,605.0,580.1,14718,stock
2025-10-09,NIL,599.7,596.0,622.0,590.0,13734,stock
2025-10-12,NIL,584.1,589.9,604.0,581.2,12984,stock
2025-10-13,NIL,583.0,595.0,599.4,582.0,11839,stock
2025-10-14,NIL,599.0,593.0,599.0,582.1,4501,stock
2025-10-15,NIL,589.9,585.0,589.9,579.0,11217,stock
2025-10-16,NIL,590.0,580.0,590.0,574.0,10851,stock
2025-10-19,NIL,569.0,571.0,576.5,562.0,17630,stock
2025-10-26,NIL,570.0,576.0,579.0,562.0,6399,stock
2025-10-28,NIL,573.3,586.0,587.4,573.0,6519,stock
2025-10-29,NIL,585.0,586.6,594.5,581.1,8702,stock
2025-10-30,NIL,575.1,589.0,593.0,575.1,6841,stock
2025-11-02,NIL,588.0,598.0,602.0,588.0,8381,stock
2025-11-03,NIL,591.0,605.0,617.1,588.0,8011,stock
2025-11-04,NIL,615.0,585.0,615.0,583.0,11239,stock
2025-11-05,NIL,595.0,590.0,596.0,585.0,4525,stock
2025-11-06,NIL,590.0,588.0,604.9,586.2,10140,stock
2025-11-09,NIL,589.0,585.0,589.0,582.0,6219,stock
2025-11-10,NIL,585.0,578.2,590.0,578.0,7476,stock
2025-11-11,NIL,577.2,580.0,581.0,577.1,4482,stock
2025-11-12,NIL,580.0,579.4,587.0,570.0,8035,stock
2025-11-13,NIL,575.0,575.0,580.0,572.1,4585,stock
2025-11-16,NIL,570.0,573.9,579.0,569.0,12924,stock
2025-11-17,NIL,572.0,571.6,580.0,570.0,9272,stock
2025-11-18,NIL,571.6,580.0,582.0,571.6,8915,stock
2025-11-19,NIL,582.5,579.0,587.0,575.0,6251,stock
2025-11-20,NIL,570.1,578.0,583.0,570.1,5854,stock
2025-11-23,NIL,573.0,600.5,601.9,573.0,12450,stock
2025-11-24,NIL,605.0,613.1,615.0,600.1,15055,stock
2025-11-25,NIL,610.0,611.0,621.0,605.0,18575,stock
2025-11-26,NIL,611.0,610.0,620.0,603.6,20659,stock
2025-11-27,NIL,610.0,629.0,665.0,602.5,27958,stock
2025-11-30,NIL,621.0,627.0,639.0,621.0,21989,stock
2025-12-01,NIL,626.8,625.6,630.0,615.0,9055,stock
2025-12-02,NIL,626.0,625.0,627.0,618.0,8489,stock
2025-12-03,NIL,625.0,618.1,625.0,617.1,5444,stock
2025-12-07,NIL,619.0,610.4,619.5,607.2,6959,stock
2025-12-08,NIL,610.0,610.8,620.0,600.1,5606,stock
2025-12-09,NIL,610.0,612.5,616.0,605.6,4284,stock
2025-12-10,NIL,605.0,608.3,615.0,605.0,2989,stock
2025-12-11,NIL,608.3,608.6,613.5,608.3,3011,stock
2025-12-14,NIL,608.6,604.5,611.0,603.0,5856,stock
2025-12-15,NIL,604.5,607.0,611.9,597.4,7931,stock
2025-12-16,NIL,600.1,612.8,613.9,600.1,2512,stock
2025-12-17,NIL,618.0,612.0,618.0,606.0,4398,stock
2025-12-18,NIL,606.9,620.0,620.0,606.9,8034,stock
2025-12-21,NIL,620.0,614.9,620.0,609.5,5510,stock
2025-12-22,NIL,602.9,606.7,613.5,602.9,1769,stock
2025-12-23,NIL,596.3,602.1,605.0,596.3,3399,stock
2025-12-24,NIL,602.0,602.5,613.9,601.4,5949,stock
2025-12-28,NIL,602.5,615.0,615.0,602.5,18591,stock
2025-12-29,NIL,622.0,619.6,622.0,616.6,11931,stock
2025-12-31,NIL,619.6,624.0,625.0,619.6,8909,stock
2026-01-01,NIL,616.0,618.5,624.8,616.0,8806,stock
2026-01-04,NIL,618.5,619.0,622.9,613.0,4776,stock
2026-01-05,NIL,610.0,616.0,619.0,610.0,11332,stock
2026-01-06,NIL,612.0,615.0,615.0,611.0,6106,stock
2026-01-07,NIL,605.0,615.0,617.3,603.0,4324,stock
2026-01-08,NIL,615.0,618.5,619.5,612.5,4398,stock
2026-01-12,NIL,618.5,618.4,624.9,615.1,3089,stock
2026-01-13,NIL,630.7,618.0,630.7,608.0,7987,stock
2026-01-14,NIL,630.3,618.0,630.3,612.2,3842,stock
2026-01-18,NIL,630.3,630.8,634.9,625.0,31039,stock
2026-01-20,NIL,643.4,642.0,643.4,635.0,17234,stock
2026-01-21,NIL,654.8,645.0,656.0,642.2,16534,stock
2026-01-22,NIL,644.9,645.9,647.9,640.0,12035,stock
2026-01-25,NIL,635.0,655.0,658.9,634.0,20485,stock
2026-01-26,NIL,651.0,659.0,662.9,645.0,19437,stock
2026-01-27,NIL,659.0,649.0,659.8,646.6,17143,stock
2026-01-28,NIL,645.0,651.9,655.0,644.0,11176,stock
2026-01-29,NIL,650.0,649.0,650.0,645.1,11212,stock
2026-02-01,NIL,658.0,650.0,658.0,649.0,19944,stock
2026-02-02,NIL,650.1,650.5,657.0,650.0,12158,stock
2026-02-03,NIL,658.0,649.1,662.8,649.0,17410,stock
2026-02-04,NIL,651.0,650.9,651.1,648.0,15195,stock
2026-02-05,NIL,659.9,654.9,659.9,646.0,20429,stock
2026-02-08,NIL,647.0,629.9,647.0,626.0,17209,stock
2026-02-09,NIL,622.3,626.0,628.0,620.1,9462,stock
2026-02-10,NIL,626.0,618.9,637.0,609.0,10453,stock
2026-02-11,NIL,629.8,611.0,629.8,610.0,7120,stock
2026-02-12,NIL,610.0,609.0,619.9,605.0,11907,stock
2026-02-16,NIL,609.0,604.9,609.0,602.1,7889,stock
2026-02-17,NIL,602.0,603.0,605.0,598.0,18952,stock
2026-02-22,NIL,614.5,600.0,614.9,597.0,6524,stock
2026-02-23,NIL,611.7,600.0,611.7,600.0,5707,stock
2026-02-24,NIL,611.7,607.8,611.7,600.0,2403,stock
2026-02-25,NIL,605.0,607.0,607.8,602.0,4743,stock
2026-02-26,NIL,615.0,611.0,615.0,606.0,3213,stock
2026-03-01,NIL,611.9,616.6,616.6,603.0,3113,stock
2026-03-03,NIL,615.0,623.0,623.9,615.0,5219,stock
2026-03-09,NIL,634.9,634.9,634.9,634.9,35,stock
2026-03-10,NIL,647.5,653.5,673.6,645.0,35779,stock
2026-03-11,NIL,660.0,652.0,665.9,650.0,16291,stock
2026-03-12,NIL,650.0,659.0,659.0,648.0,11272,stock
2026-03-15,NIL,665.9,661.0,665.9,660.0,18400,stock
2026-03-16,NIL,660.0,657.0,662.0,651.0,10807,stock
2026-03-17,NIL,657.0,657.0,661.0,650.0,7474,stock
2026-03-19,NIL,665.7,665.0,665.8,658.0,11113,stock
2026-03-22,NIL,665.0,677.0,678.3,665.0,23694,stock
2026-03-23,NIL,677.0,681.0,685.0,671.0,28552,stock
2026-03-24,NIL,681.0,677.0,682.0,668.0,17260,stock
2026-03-25,NIL,677.0,672.8,682.0,665.0,21998,stock
2026-03-26,NIL,664.0,670.0,670.0,655.0,14561,stock
2026-03-29,NIL,670.0,655.0,670.0,655.0,23773,stock
2026-03-30,NIL,654.9,644.0,660.0,640.0,11653,stock
2026-03-31,NIL,635.0,650.0,650.0,620.5,22120,stock
2026-04-01,NIL,640.0,635.0,650.0,630.0,15453,stock
2026-04-02,NIL,625.0,635.0,636.0,615.0,5588,stock
2026-04-05,NIL,623.1,616.0,625.1,600.0,16101,stock
2026-04-06,NIL,605.0,630.0,631.0,605.0,11794,stock
2026-04-07,NIL,640.0,622.0,640.0,615.6,8163,stock
2026-04-08,NIL,630.0,622.1,630.0,618.0,9462,stock
2026-04-09,NIL,615.0,634.0,635.0,615.0,11621,stock
2026-04-10,NIL,625.0,635.0,636.0,625.0,16803,stock
2026-04-13,NIL,630.1,640.0,640.0,626.0,5887,stock
2026-04-15,NIL,640.0,640.0,646.5,630.0,8763,stock
2026-04-16,NIL,631.0,633.0,640.0,628.6,3865,stock
2026-04-17,NIL,633.0,628.0,635.0,627.0,2680,stock
2026-04-20,NIL,644.9,621.6,644.9,621.0,1446,stock
2026-04-21,NIL,615.0,618.1,623.0,605.0,6024,stock
2026-04-22,NIL,601.4,615.0,620.0,600.0,4174,stock
2026-04-23,NIL,615.0,609.0,615.0,607.0,1784,stock
2026-04-24,NIL,609.0,615.0,617.7,608.0,3206,stock
2026-04-27,NIL,615.0,613.0,615.0,605.0,2779,stock
2026-04-28,NIL,613.0,610.0,616.0,606.0,4513,stock
2026-04-29,NIL,605.0,609.9,610.0,605.0,3027,stock
2026-04-30,NIL,595.0,611.9,611.9,595.0,3057,stock
2026-05-04,NIL,619.0,603.0,619.0,600.5,6761,stock
2026-05-05,NIL,600.0,595.0,604.0,577.2,9184,stock
2026-05-06,NIL,595.0,595.0,596.9,580.2,5624,stock
2026-05-07,NIL,595.0,597.0,607.7,590.0,1606,stock
2026-05-08,NIL,610.0,604.0,610.0,600.1,2641,stock
2026-05-11,NIL,605.0,613.0,621.0,602.0,4589,stock
2026-05-12,NIL,619.0,605.1,619.0,605.0,9492,stock
2026-05-13,NIL,605.1,610.0,614.9,605.0,2000,stock
2026-05-14,NIL,640.5,611.3,640.5,611.0,2982,stock
2026-05-15,NIL,624.6,613.0,624.6,600.0,4454,stock
2026-05-18,NIL,615.0,606.0,615.0,601.0,3402,stock
2026-05-19,NIL,606.0,608.0,608.0,600.3,2083,stock
2026-05-20,NIL,601.0,606.6,611.0,600.0,3622,stock
2026-05-21,NIL,611.0,608.0,613.0,605.0,1685,stock
2026-05-22,NIL,605.3,614.0,617.5,605.3,1837,stock
2026-05-25,NIL,610.0,622.0,625.0,610.0,6315,stock
2026-05-26,NIL,616.1,627.0,628.9,616.1,11040,stock
2026-05-27,NIL,633.4,632.0,633.4,625.1,5380,stock
2026-06-01,NIL,650.0,647.7,663.0,632.0,30818,stock
2026-06-02,NIL,647.7,653.0,655.0,642.6,8104,stock
2026-06-03,NIL,655.0,669.0,682.0,653.1,32384,stock
2026-06-04,NIL,656.0,663.0,670.0,656.0,15404,stock
2026-06-05,NIL,663.0,656.2,670.0,656.2,14349,stock
2026-06-08,NIL,645.3,658.7,659.0,645.3,7320,stock
2026-06-09,NIL,647.0,658.7,660.0,647.0,7799,stock
2026-06-10,NIL,664.9,654.0,665.0,654.0,2379,stock
2026-06-11,NIL,659.1,652.0,663.7,652.0,6313,stock
2026-06-12,NIL,653.0,649.1,653.0,646.1,6892,stock
2026-06-15,NIL,649.1,649.9,650.0,646.0,7613,stock
2026-06-16,NIL,647.0,646.0,652.0,635.0,9615,stock
2026-06-17,NIL,661.0,648.0,661.0,639.0,1782,stock
2026-06-18,NIL,663.0,640.0,663.0,638.0,5473,stock
2026-06-19,NIL,640.0,639.9,640.0,634.0,2025,stock
2026-06-22,NIL,625.0,632.0,639.6,621.0,1200,stock
2026-06-23,NIL,633.0,630.0,638.0,630.0,2694,stock
2026-06-24,NIL,621.0,620.9,630.0,620.6,5593,stock
2026-06-25,NIL,625.0,616.0,625.0,611.0,3876,stock
2026-06-26,NIL,620.0,620.0,620.0,613.1,2316,stock
2026-06-29,NIL,615.1,617.0,620.0,605.0,4997,stock
2026-06-30,NIL,610.1,609.0,617.0,603.1,3689,stock
2026-07-01,NIL,614.3,624.9,626.0,614.2,2153,stock
2026-07-02,NIL,620.0,621.1,637.9,620.0,3150,stock
2026-07-03,NIL,636.0,624.0,636.0,617.0,31359,stock
2026-07-06,NIL,624.0,622.0,630.0,621.0,3105,stock
2026-07-07,NIL,629.9,616.8,629.9,615.0,6442,stock
2026-07-08,NIL,616.8,616.5,618.0,610.0,4219,stock
2026-07-09,NIL,606.0,611.2,616.5,602.1,2434,stock
2026-07-10,NIL,625.0,614.9,625.0,608.3,4517,stock
2026-07-13,NIL,620.0,605.0,625.0,605.0,12438,stock
2026-07-14,NIL,602.09,614.0,615.8,600.0,4501,stock
2026-07-15,NIL,600.1,609.0,625.0,600.1,1697,stock
2026-07-16,NIL,609.0,610.0,614.0,607.0,3627,stock
2026-07-17,NIL,621.9,632.0,632.0,615.0,5801,stock
2026-07-20,NIL,620.0,635.4,644.0,615.4,7086,stock
2026-07-21,NIL,645.0,635.0,645.0,630.0,6177,stock
2026-07-22,NIL,639.9,631.1,647.9,630.0,13854,stock
2026-07-23,NIL,632.0,629.9,632.0,617.2,1431,stock
2026-07-24,NIL,627.0,630.0,639.9,627.0,4967,stock
2026-07-27,NIL,625.0,625.1,640.0,619.2,12368,stock
2026-07-28,NIL,625.0,622.0,638.0,618.1,3171,stock
2026-07-29,NIL,622.0,617.5,625.0,616.0,3576,stock
2026-07-30,NIL,636.0,618.1,636.0,618.0,1845,stock
2026-07-31,NIL,618.1,620.0,624.0,618.0,1668,stock
2026-08-03,NIL,620.0,624.0,630.0,616.0,10157,stock
2026-08-04,NIL,616.2,619.5,624.0,616.1,9650,stock
2026-08-05,NIL,619.5,617.1,620.0,617.0,4926,stock
2026-08-06,NIL,615.0,615.1,619.0,605.5,5407,stock
2026-08-07,NIL,615.0,615.9,618.0,600.0,8458,stock
2026-08-10,NIL,616.0,612.0,630.1,611.1,4608,stock
2026-08-11,NIL,620.0,606.0,620.0,602.2,4496,stock
2026-08-12,NIL,606.0,606.2,615.0,603.1,6410,stock
2026-08-13,NIL,620.0,609.5,620.0,605.0,2408,stock
2026-08-14,NIL,609.5,609.0,615.0,606.6,2400,stock
2026-08-17,NIL,609.0,606.0,609.0,604.0,11369,stock
2026-08-18,NIL,603.0,598.5,608.0,598.1,13513,stock
2026-08-19,NIL,599.0,602.0,608.0,595.0,5556,stock
2026-08-20,NIL,602.0,598.3,610.0,595.0,6055,stock
2026-08-21,NIL,599.0,592.5,600.0,592.5,9802,stock
2026-08-24,NIL,595.0,591.0,597.0,590.0,9479,stock
2026-08-25,NIL,591.0,586.0,595.0,585.1,5860,stock
2026-08-26,NIL,586.0,560.0,586.0,560.0,16778,stock
2026-08-27,NIL,556.0,549.9,556.0,526.0,13763,stock
2026-08-31,NIL,540.1,516.0,555.0,515.0,13941,stock
2026-09-01,NIL,502.8,521.9,533.0,502.8,7349,stock
2026-09-02,NIL,513.0,524.0,525.0,511.0,5885,stock
2026-09-03,NIL,524.0,520.0,524.0,516.0,10455,stock
2026-09-07,NIL,525.0,525.0,526.0,515.0,24286,stock
2026-09-09,NIL,524.0,513.0,525.0,511.0,11296,stock
2026-09-10,NIL,510.0,510.0,510.0,506.0,8675,stock
2026-09-11,NIL,510.0,515.0,515.0,508.1,12106,stock
2026-09-14,NIL,520.0,524.0,525.0,519.5,18315,stock
2026-09-15,NIL,550.0,534.0,550.0,530.0,9434,stock
2026-09-16,NIL,534.0,533.0,535.0,525.1,13068,stock
2026-09-17,NIL,539.0,534.9,540.0,530.1,5065,stock
2026-09-18,NIL,530.0,535.5,536.9,530.0,4931,stock
2026-09-22,NIL,535.0,535.0,543.0,530.0,10350,stock
2026-09-23,NIL,530.0,533.0,534.5,526.2,2360,stock
2026-09-24,NIL,530.0,529.8,530.0,522.0,6087,stock
2026-09-28,NIL,521.0,522.3,529.0,521.0,5862,stock
2026-09-29,NIL,522.2,524.9,530.0,522.2,8686,stock
2026-09-30,NIL,529.0,528.6,529.9,521.5,1920,stock
2026-10-01,NIL,528.0,525.3,530.7,525.0,5253,stock
2026-10-02,NIL,523.0,525.0,530.0,520.0,5016,stock
2026-10-05,NIL,521.0,524.6,527.0,516.0,2981,stock
2026-10-06,NIL,524.0,523.0,527.0,520.5,2113,stock
2026-10-07,NIL,517.0,521.0,522.0,509.3,7976,stock
2026-10-08,NIL,515.6,511.0,515.6,510.3,3569,stock
2026-10-09,NIL,510.0,517.0,525.0,510.0,5943,stock
