time,symbol,open,close,high,low,volume,category
2012-01-01,NMB,155.0,155.0,155.0,155.0,100,stock
2012-01-02,NMB,155.0,167.0,167.0,158.0,235,stock
2012-01-03,NMB,167.0,167.0,179.0,167.0,2686,stock
2012-01-04,NMB,167.0,164.0,164.0,164.0,50,stock
2012-01-05,NMB,164.0,161.0,161.0,161.0,1250,stock
2012-01-08,NMB,161.0,161.0,162.0,160.0,844,stock
2012-01-09,NMB,161.0,161.0,163.0,158.0,3559,stock
2012-01-10,NMB,161.0,163.0,167.0,163.0,414,stock
2012-01-11,NMB,163.0,164.0,164.0,164.0,236,stock
2012-01-12,NMB,164.0,157.0,161.0,155.0,937,stock
2012-01-16,NMB,157.0,160.0,160.0,151.0,2376,stock
2012-01-18,NMB,160.0,161.0,163.0,161.0,2603,stock
2012-01-22,NMB,161.0,153.0,158.0,153.0,4227,stock
2012-01-23,NMB,153.0,161.0,161.0,154.0,1628,stock
2012-01-25,NMB,161.0,155.0,158.0,155.0,258,stock
2012-01-26,NMB,155.0,153.0,153.0,153.0,553,stock
2012-01-29,NMB,153.0,159.0,159.0,156.0,573,stock
2012-02-01,NMB,159.0,156.0,156.0,152.0,1905,stock
2012-02-02,NMB,156.0,155.0,158.0,152.0,725,stock
2012-02-05,NMB,155.0,154.0,157.0,150.0,5961,stock
2012-02-06,NMB,154.0,153.0,153.0,150.0,13376,stock
2012-02-07,NMB,153.0,150.0,154.0,148.0,3631,stock
2012-02-08,NMB,150.0,152.0,152.0,152.0,120,stock
2012-02-09,NMB,152.0,151.0,151.0,149.0,1224,stock
2012-02-12,NMB,151.0,149.0,152.0,149.0,313,stock
2012-02-13,NMB,149.0,150.0,150.0,148.0,546,stock
2012-02-14,NMB,150.0,152.0,152.0,150.0,457,stock
2012-02-15,NMB,152.0,151.0,153.0,150.0,763,stock
2012-02-16,NMB,151.0,149.0,150.0,147.0,653,stock
2012-02-21,NMB,149.0,149.0,150.0,148.0,1263,stock
2012-02-23,NMB,149.0,148.0,149.0,148.0,341,stock
2012-02-26,NMB,148.0,150.0,150.0,148.0,331,stock
2012-02-27,NMB,150.0,150.0,150.0,150.0,667,stock
2012-02-28,NMB,150.0,153.0,153.0,149.0,537,stock
2012-02-29,NMB,153.0,156.0,159.0,153.0,1487,stock
2012-03-01,NMB,156.0,156.0,158.0,154.0,1919,stock
2012-03-04,NMB,156.0,154.0,154.0,153.0,1220,stock
2012-03-05,NMB,154.0,158.0,159.0,155.0,2915,stock
2012-03-06,NMB,158.0,158.0,159.0,157.0,1240,stock
2012-03-12,NMB,158.0,153.0,155.0,153.0,653,stock
2012-03-13,NMB,153.0,154.0,155.0,154.0,2664,stock
2012-03-14,NMB,154.0,154.0,155.0,154.0,922,stock
2012-03-15,NMB,154.0,154.0,154.0,154.0,100,stock
2012-03-18,NMB,154.0,152.0,157.0,152.0,3873,stock
2012-03-19,NMB,152.0,153.0,153.0,152.0,1287,stock
2012-03-20,NMB,153.0,154.0,154.0,153.0,432,stock
2012-03-25,NMB,154.0,151.0,153.0,151.0,328,stock
2012-03-26,NMB,151.0,148.0,152.0,148.0,1645,stock
2012-03-27,NMB,148.0,146.0,148.0,146.0,1336,stock
2012-03-28,NMB,146.0,149.0,149.0,145.0,1178,stock
2012-03-29,NMB,149.0,147.0,149.0,147.0,696,stock
2012-04-01,NMB,147.0,147.0,147.0,144.0,5184,stock
2012-04-02,NMB,147.0,153.0,153.0,147.0,3769,stock
2012-04-03,NMB,153.0,152.0,152.0,150.0,2848,stock
2012-04-04,NMB,152.0,152.0,155.0,152.0,712,stock
2012-04-08,NMB,152.0,152.0,155.0,152.0,937,stock
2012-04-09,NMB,152.0,154.0,154.0,154.0,79,stock
2012-04-10,NMB,154.0,154.0,154.0,151.0,770,stock
2012-04-11,NMB,154.0,152.0,163.0,152.0,2767,stock
2012-04-12,NMB,152.0,167.0,167.0,153.0,5232,stock
2012-04-15,NMB,167.0,183.0,183.0,170.0,1974,stock
2012-04-16,NMB,183.0,186.0,186.0,186.0,107,stock
2012-04-17,NMB,186.0,168.0,195.0,168.0,9024,stock
2012-04-18,NMB,168.0,184.0,184.0,165.0,2661,stock
2012-04-19,NMB,184.0,189.0,202.0,185.0,5224,stock
2012-04-22,NMB,189.0,207.0,207.0,192.0,9545,stock
2012-04-24,NMB,207.0,227.0,227.0,211.0,1660,stock
2012-04-25,NMB,227.0,235.0,235.0,231.0,612,stock
2012-04-26,NMB,235.0,255.0,258.0,229.0,20246,stock
2012-04-29,NMB,255.0,240.0,267.0,236.0,9887,stock
2012-04-30,NMB,240.0,227.0,238.0,225.0,6256,stock
2012-05-03,NMB,227.0,237.0,237.0,231.0,1189,stock
2012-05-07,NMB,237.0,253.0,253.0,241.0,1712,stock
2012-05-08,NMB,253.0,260.0,266.0,253.0,23993,stock
2012-05-09,NMB,260.0,245.0,255.0,242.0,8787,stock
2012-05-10,NMB,245.0,237.0,245.0,230.0,10371,stock
2012-05-13,NMB,237.0,216.0,233.0,214.0,5013,stock
2012-05-14,NMB,216.0,204.0,212.0,196.0,1589,stock
2012-05-15,NMB,204.0,224.0,224.0,208.0,1976,stock
2012-05-16,NMB,224.0,228.0,228.0,228.0,10,stock
2012-05-17,NMB,228.0,243.0,244.0,232.0,14497,stock
2012-05-20,NMB,243.0,235.0,239.0,227.0,8161,stock
2012-05-21,NMB,235.0,235.0,243.0,228.0,5557,stock
2012-05-22,NMB,235.0,226.0,232.0,223.0,2571,stock
2012-05-23,NMB,226.0,208.0,222.0,207.0,4243,stock
2012-05-24,NMB,208.0,227.0,228.0,206.0,4151,stock
2012-05-27,NMB,227.0,238.0,242.0,227.0,10497,stock
2012-06-03,NMB,238.0,226.0,238.0,222.0,3680,stock
2012-06-04,NMB,226.0,220.0,223.0,210.0,2544,stock
2012-06-05,NMB,220.0,204.0,216.0,204.0,5794,stock
2012-06-06,NMB,204.0,194.0,204.0,193.0,3672,stock
2012-06-07,NMB,194.0,194.0,210.0,191.0,3479,stock
2012-06-11,NMB,194.0,198.0,200.0,195.0,3369,stock
2012-06-12,NMB,198.0,192.0,199.0,192.0,2033,stock
2012-06-13,NMB,192.0,188.0,193.0,188.0,3083,stock
2012-06-14,NMB,188.0,188.0,189.0,186.0,1718,stock
2012-06-17,NMB,188.0,180.0,188.0,180.0,2026,stock
2012-06-18,NMB,180.0,182.0,185.0,181.0,3209,stock
2012-06-19,NMB,182.0,182.0,185.0,182.0,1531,stock
2012-06-20,NMB,182.0,185.0,185.0,182.0,2179,stock
2012-06-21,NMB,185.0,186.0,186.0,186.0,79,stock
2012-06-25,NMB,186.0,192.0,198.0,186.0,3765,stock
2012-06-26,NMB,192.0,188.0,190.0,188.0,648,stock
2012-06-27,NMB,188.0,188.0,193.0,186.0,2935,stock
2012-06-28,NMB,188.0,195.0,198.0,191.0,2615,stock
2012-07-01,NMB,195.0,192.0,193.0,190.0,955,stock
2012-07-02,NMB,192.0,180.0,190.0,180.0,6024,stock
2012-07-03,NMB,180.0,191.0,191.0,180.0,1804,stock
2012-07-04,NMB,191.0,189.0,190.0,188.0,2743,stock
2012-07-05,NMB,189.0,189.0,189.0,186.0,1723,stock
2012-07-08,NMB,189.0,186.0,188.0,185.0,1221,stock
2012-07-09,NMB,186.0,182.0,186.0,181.0,1823,stock
2012-07-10,NMB,182.0,189.0,189.0,185.0,1520,stock
2012-07-11,NMB,189.0,190.0,190.0,188.0,770,stock
2012-07-12,NMB,190.0,181.0,187.0,181.0,1326,stock
2012-07-15,NMB,181.0,180.0,181.0,178.0,2300,stock
2012-07-16,NMB,180.0,179.0,180.0,175.0,2888,stock
2012-07-17,NMB,179.0,179.0,179.0,173.0,1241,stock
2012-07-18,NMB,179.0,178.0,178.0,176.0,657,stock
2012-07-19,NMB,178.0,171.0,181.0,169.0,7243,stock
2012-07-22,NMB,171.0,178.0,180.0,174.0,1646,stock
2012-07-23,NMB,178.0,184.0,187.0,181.0,4745,stock
2012-07-24,NMB,184.0,183.0,183.0,180.0,1170,stock
2012-07-25,NMB,183.0,180.0,182.0,180.0,1051,stock
2012-07-26,NMB,180.0,177.0,177.0,171.0,3871,stock
2012-07-29,NMB,177.0,174.0,177.0,172.0,1682,stock
2012-07-30,NMB,174.0,180.0,180.0,176.0,2282,stock
2012-07-31,NMB,180.0,180.0,183.0,180.0,1613,stock
2012-08-01,NMB,180.0,180.0,181.0,178.0,4535,stock
2012-08-05,NMB,180.0,179.0,180.0,179.0,731,stock
2012-08-06,NMB,179.0,177.0,177.0,174.0,3860,stock
2012-08-07,NMB,177.0,177.0,181.0,177.0,600,stock
2012-08-08,NMB,177.0,177.0,177.0,176.0,282,stock
2012-08-12,NMB,177.0,170.0,174.0,166.0,2155,stock
2012-08-13,NMB,170.0,167.0,168.0,166.0,1341,stock
2012-08-14,NMB,167.0,164.0,164.0,158.0,5362,stock
2012-08-15,NMB,164.0,153.0,161.0,151.0,5796,stock
2012-08-16,NMB,153.0,161.0,161.0,152.0,2407,stock
2012-08-19,NMB,161.0,155.0,159.0,153.0,1376,stock
2012-08-21,NMB,155.0,158.0,158.0,152.0,1307,stock
2012-08-22,NMB,158.0,158.0,160.0,158.0,250,stock
2012-08-23,NMB,158.0,154.0,161.0,154.0,808,stock
2012-08-26,NMB,154.0,154.0,155.0,154.0,1220,stock
2012-08-27,NMB,154.0,155.0,160.0,155.0,1838,stock
2012-08-28,NMB,155.0,156.0,159.0,156.0,530,stock
2012-08-29,NMB,156.0,155.0,156.0,155.0,881,stock
2012-08-30,NMB,155.0,156.0,158.0,155.0,1177,stock
2012-09-02,NMB,156.0,152.0,153.0,150.0,1144,stock
2012-09-03,NMB,152.0,163.0,167.0,155.0,1763,stock
2012-09-04,NMB,163.0,162.0,163.0,160.0,5945,stock
2012-09-05,NMB,162.0,161.0,167.0,159.0,448,stock
2012-09-06,NMB,161.0,157.0,160.0,157.0,2031,stock
2012-09-09,NMB,157.0,159.0,159.0,152.0,1678,stock
2012-09-10,NMB,159.0,165.0,165.0,162.0,324,stock
2012-09-11,NMB,165.0,164.0,165.0,161.0,1165,stock
2012-09-12,NMB,164.0,165.0,168.0,165.0,2014,stock
2012-09-13,NMB,165.0,168.0,168.0,166.0,3645,stock
2012-09-16,NMB,168.0,167.0,171.0,167.0,2630,stock
2012-09-17,NMB,167.0,170.0,170.0,170.0,395,stock
2012-09-18,NMB,170.0,176.0,176.0,172.0,4782,stock
2012-09-19,NMB,176.0,168.0,174.0,168.0,1118,stock
2012-09-20,NMB,168.0,165.0,171.0,165.0,2503,stock
2012-09-23,NMB,165.0,159.0,162.0,157.0,1277,stock
2012-09-24,NMB,159.0,158.0,158.0,156.0,1528,stock
2012-09-25,NMB,158.0,158.0,159.0,156.0,10084,stock
2012-09-26,NMB,158.0,157.0,160.0,157.0,661,stock
2012-09-27,NMB,157.0,163.0,163.0,157.0,2500,stock
2012-09-30,NMB,163.0,160.0,160.0,158.0,892,stock
2012-10-01,NMB,160.0,160.0,160.0,156.0,2794,stock
2012-10-02,NMB,160.0,162.0,162.0,162.0,44,stock
2012-10-03,NMB,162.0,162.0,163.0,161.0,3073,stock
2012-10-04,NMB,162.0,165.0,165.0,161.0,2050,stock
2012-10-07,NMB,165.0,166.0,168.0,164.0,5279,stock
2012-10-08,NMB,166.0,166.0,168.0,166.0,3137,stock
2012-10-09,NMB,166.0,169.0,169.0,163.0,4428,stock
2012-10-10,NMB,169.0,168.0,170.0,167.0,1383,stock
2012-10-11,NMB,168.0,166.0,168.0,166.0,2025,stock
2012-10-14,NMB,166.0,170.0,172.0,167.0,950,stock
2012-10-15,NMB,170.0,175.0,178.0,172.0,576,stock
2012-10-17,NMB,175.0,184.0,184.0,177.0,2010,stock
2012-10-18,NMB,184.0,182.0,187.0,181.0,2680,stock
2012-10-30,NMB,182.0,185.0,185.0,185.0,1000,stock
2012-10-31,NMB,185.0,193.0,197.0,187.0,9065,stock
2012-11-01,NMB,193.0,194.0,195.0,189.0,23435,stock
2012-11-04,NMB,194.0,196.0,198.0,192.0,5671,stock
2012-11-05,NMB,196.0,196.0,204.0,194.0,10288,stock
2012-11-06,NMB,196.0,201.0,204.0,196.0,8854,stock
2012-11-07,NMB,201.0,214.0,214.0,205.0,8724,stock
2012-11-08,NMB,214.0,230.0,234.0,218.0,18236,stock
2012-11-11,NMB,230.0,230.0,244.0,217.0,7494,stock
2012-11-12,NMB,230.0,228.0,234.0,220.0,8594,stock
2012-11-18,NMB,228.0,243.0,250.0,230.0,5281,stock
2012-11-20,NMB,243.0,246.0,262.0,245.0,10169,stock
2012-11-21,NMB,246.0,238.0,248.0,234.0,10459,stock
2012-11-22,NMB,238.0,243.0,246.0,234.0,10373,stock
2012-11-25,NMB,243.0,249.0,253.0,241.0,11633,stock
2012-11-26,NMB,249.0,245.0,247.0,245.0,14229,stock
2012-11-27,NMB,245.0,244.0,249.0,242.0,4822,stock
2012-11-28,NMB,244.0,242.0,243.0,238.0,3519,stock
2012-11-29,NMB,242.0,237.0,238.0,233.0,3500,stock
2012-12-02,NMB,237.0,236.0,237.0,235.0,460,stock
2012-12-03,NMB,236.0,229.0,233.0,228.0,6900,stock
2012-12-04,NMB,229.0,239.0,243.0,232.0,7714,stock
2012-12-05,NMB,239.0,250.0,253.0,242.0,9172,stock
2012-12-06,NMB,250.0,249.0,249.0,241.0,3631,stock
2012-12-09,NMB,249.0,235.0,246.0,235.0,4778,stock
2012-12-10,NMB,235.0,236.0,236.0,236.0,1000,stock
2012-12-11,NMB,236.0,238.0,240.0,236.0,4670,stock
2012-12-13,NMB,238.0,242.0,243.0,240.0,2430,stock
2012-12-16,NMB,242.0,255.0,258.0,245.0,4859,stock
2012-12-17,NMB,255.0,258.0,270.0,250.0,24950,stock
2012-12-18,NMB,258.0,256.0,258.0,250.0,5805,stock
2012-12-19,NMB,256.0,257.0,266.0,254.0,3192,stock
2012-12-20,NMB,257.0,256.0,261.0,255.0,4420,stock
2012-12-23,NMB,256.0,252.0,256.0,252.0,10050,stock
2012-12-24,NMB,252.0,270.0,270.0,255.0,10266,stock
2012-12-26,NMB,270.0,281.0,293.0,275.0,12849,stock
2012-12-27,NMB,281.0,281.0,291.0,275.0,9184,stock
2012-12-31,NMB,281.0,280.0,290.0,271.0,3233,stock
2013-01-01,NMB,280.0,270.0,275.0,268.0,6092,stock
2013-01-02,NMB,270.0,267.0,274.0,264.0,8346,stock
2013-01-03,NMB,267.0,276.0,279.0,266.0,9018,stock
2013-01-06,NMB,276.0,275.0,275.0,270.0,2526,stock
2013-01-07,NMB,275.0,265.0,270.0,265.0,3022,stock
2013-01-08,NMB,265.0,262.0,265.0,261.0,1806,stock
2013-01-09,NMB,262.0,261.0,264.0,258.0,5134,stock
2013-01-10,NMB,261.0,264.0,267.0,256.0,6508,stock
2013-01-13,NMB,264.0,269.0,269.0,259.0,4613,stock
2013-01-15,NMB,269.0,274.0,274.0,265.0,5891,stock
2013-01-16,NMB,274.0,264.0,269.0,264.0,1522,stock
2013-01-17,NMB,264.0,257.0,262.0,257.0,6560,stock
2013-01-20,NMB,257.0,246.0,252.0,241.0,2566,stock
2013-01-21,NMB,246.0,256.0,261.0,250.0,7252,stock
2013-01-22,NMB,256.0,264.0,264.0,261.0,2481,stock
2013-01-23,NMB,264.0,262.0,268.0,260.0,4557,stock
2013-01-24,NMB,262.0,260.0,260.0,250.0,2374,stock
2013-01-27,NMB,260.0,259.0,261.0,255.0,3813,stock
2013-01-28,NMB,259.0,259.0,264.0,259.0,3867,stock
2013-01-30,NMB,259.0,261.0,263.0,261.0,957,stock
2013-01-31,NMB,261.0,254.0,257.0,253.0,2524,stock
2013-02-03,NMB,254.0,254.0,272.0,250.0,9241,stock
2013-02-04,NMB,254.0,267.0,270.0,259.0,3090,stock
2013-02-05,NMB,267.0,267.0,267.0,265.0,1715,stock
2013-02-06,NMB,267.0,268.0,272.0,264.0,5477,stock
2013-02-07,NMB,268.0,264.0,264.0,262.0,2136,stock
2013-02-10,NMB,264.0,267.0,267.0,264.0,2185,stock
2013-02-12,NMB,267.0,290.0,290.0,270.0,7204,stock
2013-02-13,NMB,290.0,275.0,285.0,275.0,1942,stock
2013-02-14,NMB,275.0,278.0,285.0,270.0,8880,stock
2013-02-17,NMB,278.0,305.0,305.0,278.0,7234,stock
2013-02-19,NMB,305.0,292.0,311.0,290.0,9736,stock
2013-02-20,NMB,292.0,283.0,292.0,280.0,3705,stock
2013-02-21,NMB,283.0,287.0,296.0,275.0,2450,stock
2013-02-24,NMB,287.0,283.0,286.0,277.0,3537,stock
2013-02-25,NMB,283.0,281.0,295.0,280.0,19224,stock
2013-02-26,NMB,281.0,286.0,291.0,282.0,7752,stock
2013-02-27,NMB,286.0,284.0,284.0,284.0,191,stock
2013-02-28,NMB,284.0,282.0,285.0,280.0,5814,stock
2013-03-03,NMB,282.0,285.0,285.0,283.0,4233,stock
2013-03-04,NMB,285.0,280.0,285.0,280.0,3799,stock
2013-03-05,NMB,280.0,280.0,283.0,257.0,37562,stock
2013-03-06,NMB,280.0,285.0,287.0,285.0,1567,stock
2013-03-07,NMB,285.0,281.0,285.0,280.0,4969,stock
2013-03-11,NMB,281.0,283.0,283.0,278.0,4052,stock
2013-03-13,NMB,283.0,291.0,291.0,284.0,2206,stock
2013-03-14,NMB,291.0,289.0,309.0,287.0,5649,stock
2013-03-17,NMB,289.0,279.0,284.0,279.0,4748,stock
2013-03-18,NMB,279.0,276.0,280.0,270.0,1917,stock
2013-03-19,NMB,276.0,279.0,280.0,275.0,1883,stock
2013-03-20,NMB,279.0,282.0,282.0,282.0,157,stock
2013-03-21,NMB,282.0,276.0,277.0,275.0,1881,stock
2013-03-24,NMB,276.0,271.0,272.0,271.0,429,stock
2013-03-25,NMB,271.0,271.0,273.0,266.0,3002,stock
2013-03-27,NMB,271.0,280.0,280.0,265.0,10450,stock
2013-03-28,NMB,280.0,275.0,280.0,271.0,1303,stock
2013-03-31,NMB,275.0,265.0,270.0,261.0,2327,stock
2013-04-01,NMB,265.0,268.0,272.0,261.0,1425,stock
2013-04-02,NMB,268.0,270.0,270.0,268.0,1371,stock
2013-04-03,NMB,270.0,269.0,271.0,266.0,2560,stock
2013-04-04,NMB,269.0,268.0,268.0,266.0,953,stock
2013-04-07,NMB,268.0,269.0,269.0,268.0,600,stock
2013-04-08,NMB,269.0,272.0,274.0,267.0,2008,stock
2013-04-09,NMB,272.0,273.0,273.0,269.0,1207,stock
2013-04-11,NMB,273.0,270.0,276.0,270.0,5995,stock
2013-04-15,NMB,270.0,273.0,280.0,272.0,4424,stock
2013-04-16,NMB,273.0,267.0,272.0,267.0,4241,stock
2013-04-17,NMB,267.0,264.0,270.0,264.0,4580,stock
2013-04-18,NMB,264.0,270.0,270.0,265.0,573,stock
2013-04-21,NMB,270.0,265.0,265.0,255.0,5158,stock
2013-04-23,NMB,265.0,257.0,269.0,257.0,2847,stock
2013-04-25,NMB,257.0,254.0,260.0,252.0,2714,stock
2013-04-28,NMB,254.0,260.0,262.0,255.0,13831,stock
2013-04-29,NMB,260.0,255.0,259.0,253.0,2956,stock
2013-04-30,NMB,255.0,255.0,257.0,252.0,5609,stock
2013-05-02,NMB,255.0,250.0,255.0,250.0,1502,stock
2013-05-05,NMB,250.0,249.0,253.0,249.0,1013,stock
2013-05-06,NMB,249.0,247.0,249.0,241.0,1751,stock
2013-05-07,NMB,247.0,253.0,258.0,244.0,4635,stock
2013-05-08,NMB,253.0,250.0,251.0,246.0,1941,stock
2013-05-09,NMB,250.0,248.0,252.0,247.0,1331,stock
2013-05-12,NMB,248.0,248.0,250.0,248.0,3191,stock
2013-05-13,NMB,248.0,252.0,252.0,248.0,5516,stock
2013-05-14,NMB,252.0,253.0,253.0,246.0,4249,stock
2013-05-15,NMB,253.0,252.0,255.0,252.0,7507,stock
2013-05-16,NMB,252.0,253.0,253.0,253.0,1200,stock
2013-05-19,NMB,253.0,250.0,250.0,250.0,96,stock
2013-05-20,NMB,250.0,250.0,251.0,250.0,1017,stock
2013-05-21,NMB,250.0,250.0,251.0,250.0,773,stock
2013-05-22,NMB,250.0,250.0,252.0,248.0,792,stock
2013-05-23,NMB,250.0,244.0,250.0,244.0,856,stock
2013-05-26,NMB,244.0,246.0,246.0,242.0,3064,stock
2013-05-27,NMB,246.0,249.0,250.0,246.0,5578,stock
2013-05-28,NMB,249.0,250.0,252.0,247.0,7686,stock
2013-05-30,NMB,250.0,246.0,248.0,245.0,2655,stock
2013-06-02,NMB,246.0,240.0,248.0,240.0,3041,stock
2013-06-03,NMB,240.0,248.0,248.0,242.0,1920,stock
2013-06-04,NMB,248.0,244.0,249.0,244.0,2617,stock
2013-06-05,NMB,244.0,247.0,250.0,244.0,1118,stock
2013-06-06,NMB,247.0,247.0,247.0,247.0,500,stock
2013-06-09,NMB,247.0,246.0,250.0,245.0,1210,stock
2013-06-10,NMB,246.0,250.0,250.0,246.0,4373,stock
2013-06-12,NMB,250.0,249.0,250.0,247.0,845,stock
2013-06-13,NMB,249.0,246.0,246.0,242.0,1907,stock
2013-06-16,NMB,246.0,246.0,246.0,246.0,96,stock
2013-06-17,NMB,246.0,244.0,246.0,244.0,1132,stock
2013-06-18,NMB,244.0,242.0,245.0,242.0,854,stock
2013-06-19,NMB,242.0,241.0,242.0,240.0,1767,stock
2013-06-20,NMB,241.0,240.0,241.0,239.0,4409,stock
2013-06-23,NMB,240.0,240.0,240.0,240.0,100,stock
2013-06-24,NMB,240.0,245.0,245.0,240.0,1277,stock
2013-06-25,NMB,245.0,252.0,252.0,243.0,2322,stock
2013-06-26,NMB,252.0,253.0,255.0,250.0,7635,stock
2013-06-27,NMB,253.0,245.0,255.0,245.0,1894,stock
2013-06-30,NMB,245.0,241.0,245.0,241.0,770,stock
2013-07-01,NMB,241.0,245.0,245.0,245.0,50,stock
2013-07-02,NMB,245.0,244.0,244.0,243.0,897,stock
2013-07-03,NMB,244.0,245.0,245.0,243.0,445,stock
2013-07-04,NMB,245.0,243.0,245.0,240.0,2527,stock
2013-07-07,NMB,243.0,242.0,243.0,237.0,2211,stock
2013-07-08,NMB,242.0,246.0,246.0,243.0,552,stock
2013-07-09,NMB,246.0,252.0,253.0,249.0,1402,stock
2013-07-10,NMB,252.0,255.0,256.0,252.0,3384,stock
2013-07-11,NMB,255.0,254.0,254.0,251.0,841,stock
2013-07-14,NMB,254.0,255.0,258.0,255.0,606,stock
2013-07-15,NMB,255.0,252.0,255.0,250.0,1362,stock
2013-07-16,NMB,252.0,252.0,252.0,248.0,560,stock
2013-07-17,NMB,252.0,261.0,261.0,253.0,732,stock
2013-07-18,NMB,261.0,264.0,264.0,257.0,6046,stock
2013-07-21,NMB,264.0,275.0,279.0,265.0,9298,stock
2013-07-22,NMB,275.0,270.0,280.0,265.0,5532,stock
2013-07-23,NMB,270.0,273.0,275.0,268.0,3392,stock
2013-07-24,NMB,273.0,268.0,270.0,268.0,209,stock
2013-07-25,NMB,268.0,265.0,265.0,265.0,191,stock
2013-07-28,NMB,265.0,264.0,269.0,261.0,5278,stock
2013-07-29,NMB,264.0,264.0,266.0,262.0,5994,stock
2013-07-30,NMB,264.0,265.0,269.0,262.0,7464,stock
2013-07-31,NMB,265.0,265.0,272.0,265.0,1990,stock
2013-08-01,NMB,265.0,262.0,266.0,262.0,4688,stock
2013-08-04,NMB,262.0,268.0,274.0,263.0,2695,stock
2013-08-05,NMB,268.0,261.0,266.0,260.0,2271,stock
2013-08-06,NMB,261.0,260.0,262.0,253.0,3233,stock
2013-08-07,NMB,260.0,256.0,268.0,256.0,6545,stock
2013-08-08,NMB,256.0,250.0,256.0,250.0,3317,stock
2013-08-11,NMB,250.0,253.0,260.0,253.0,2384,stock
2013-08-12,NMB,253.0,250.0,251.0,249.0,1594,stock
2013-08-13,NMB,250.0,248.0,250.0,248.0,2064,stock
2013-08-14,NMB,248.0,247.0,250.0,243.0,6514,stock
2013-08-15,NMB,247.0,248.0,248.0,246.0,486,stock
2013-08-18,NMB,248.0,250.0,252.0,248.0,3589,stock
2013-08-19,NMB,250.0,256.0,256.0,251.0,2328,stock
2013-08-20,NMB,256.0,258.0,260.0,255.0,6881,stock
2013-08-25,NMB,258.0,254.0,256.0,254.0,929,stock
2013-08-26,NMB,254.0,247.0,253.0,247.0,3132,stock
2013-08-27,NMB,247.0,250.0,252.0,246.0,5267,stock
2013-08-29,NMB,250.0,248.0,251.0,246.0,5195,stock
2013-09-01,NMB,248.0,246.0,250.0,245.0,3632,stock
2013-09-02,NMB,246.0,245.0,248.0,240.0,11536,stock
2013-09-03,NMB,245.0,243.0,245.0,239.0,9537,stock
2013-09-04,NMB,243.0,241.0,241.0,235.0,18092,stock
2013-09-05,NMB,241.0,242.0,243.0,235.0,37264,stock
2013-09-08,NMB,242.0,239.0,244.0,235.0,20639,stock
2013-09-09,NMB,239.0,244.0,244.0,237.0,6195,stock
2013-09-10,NMB,244.0,244.0,245.0,244.0,1591,stock
2013-09-11,NMB,244.0,244.0,247.0,240.0,3468,stock
2013-09-12,NMB,244.0,245.0,245.0,244.0,844,stock
2013-09-15,NMB,245.0,244.0,246.0,239.0,2496,stock
2013-09-16,NMB,244.0,241.0,244.0,240.0,1118,stock
2013-09-17,NMB,241.0,248.0,248.0,240.0,1612,stock
2013-09-19,NMB,248.0,243.0,245.0,243.0,795,stock
2013-09-22,NMB,243.0,242.0,243.0,240.0,1804,stock
2013-09-23,NMB,242.0,240.0,242.0,240.0,1037,stock
2013-09-24,NMB,240.0,243.0,243.0,240.0,758,stock
2013-09-25,NMB,243.0,242.0,243.0,237.0,14358,stock
2013-09-26,NMB,242.0,243.0,243.0,243.0,233,stock
2013-09-29,NMB,243.0,247.0,247.0,235.0,56969,stock
2013-09-30,NMB,247.0,245.0,247.0,236.0,14534,stock
2013-10-01,NMB,245.0,244.0,244.0,235.0,11001,stock
2013-10-02,NMB,244.0,241.0,244.0,241.0,671,stock
2013-10-03,NMB,241.0,243.0,243.0,241.0,695,stock
2013-10-06,NMB,243.0,240.0,241.0,237.0,2800,stock
2013-10-07,NMB,240.0,247.0,250.0,244.0,1640,stock
2013-10-08,NMB,247.0,248.0,252.0,245.0,2473,stock
2013-10-09,NMB,248.0,255.0,255.0,247.0,1392,stock
2013-10-10,NMB,255.0,260.0,260.0,254.0,3241,stock
2013-10-20,NMB,260.0,261.0,263.0,260.0,6968,stock
2013-10-21,NMB,261.0,264.0,270.0,261.0,5057,stock
2013-10-22,NMB,264.0,255.0,260.0,255.0,579,stock
2013-10-23,NMB,255.0,255.0,255.0,250.0,2486,stock
2013-10-24,NMB,255.0,253.0,253.0,250.0,4242,stock
2013-10-27,NMB,253.0,250.0,251.0,249.0,2131,stock
2013-10-28,NMB,250.0,247.0,250.0,247.0,543,stock
2013-10-29,NMB,247.0,249.0,251.0,247.0,3232,stock
2013-10-30,NMB,249.0,253.0,254.0,253.0,1125,stock
2013-10-31,NMB,253.0,250.0,252.0,250.0,2191,stock
2013-11-06,NMB,250.0,255.0,255.0,253.0,427,stock
2013-11-07,NMB,255.0,254.0,254.0,250.0,2362,stock
2013-11-10,NMB,254.0,256.0,259.0,253.0,2565,stock
2013-11-11,NMB,256.0,264.0,264.0,258.0,7542,stock
2013-11-12,NMB,264.0,268.0,277.0,264.0,7733,stock
2013-11-13,NMB,268.0,264.0,276.0,264.0,11824,stock
2013-11-14,NMB,264.0,260.0,267.0,258.0,24212,stock
2013-11-21,NMB,260.0,270.0,270.0,260.0,10240,stock
2013-11-24,NMB,270.0,297.0,297.0,275.0,64132,stock
2013-11-25,NMB,297.0,298.0,307.0,285.0,75881,stock
2013-11-26,NMB,298.0,304.0,310.0,297.0,31218,stock
2013-11-27,NMB,304.0,305.0,305.0,298.0,15650,stock
2013-11-28,NMB,305.0,303.0,310.0,298.0,50599,stock
2013-12-01,NMB,303.0,294.0,300.0,294.0,2637,stock
2013-12-02,NMB,294.0,295.0,300.0,290.0,5420,stock
2013-12-03,NMB,295.0,317.0,317.0,295.0,4604,stock
2013-12-04,NMB,317.0,348.0,348.0,315.0,115112,stock
2013-12-05,NMB,348.0,360.0,372.0,342.0,58150,stock
2013-12-08,NMB,360.0,345.0,360.0,340.0,3811,stock
2013-12-09,NMB,345.0,339.0,351.0,339.0,4423,stock
2013-12-10,NMB,339.0,335.0,341.0,334.0,4929,stock
2013-12-11,NMB,335.0,355.0,360.0,341.0,7487,stock
2013-12-12,NMB,355.0,373.0,385.0,360.0,4505,stock
2013-12-15,NMB,373.0,397.0,400.0,373.0,8969,stock
2013-12-16,NMB,397.0,432.0,432.0,398.0,4553,stock
2013-12-18,NMB,432.0,475.0,475.0,440.0,27711,stock
2013-12-19,NMB,475.0,460.0,466.0,448.0,6038,stock
2013-12-22,NMB,460.0,430.0,455.0,422.0,4651,stock
2013-12-23,NMB,430.0,388.0,424.0,387.0,2363,stock
2013-12-24,NMB,388.0,395.0,410.0,381.0,12318,stock
2013-12-26,NMB,395.0,405.0,423.0,402.0,13158,stock
2013-12-29,NMB,405.0,398.0,405.0,395.0,6106,stock
2013-12-31,NMB,398.0,395.0,402.0,395.0,3159,stock
2014-01-01,NMB,395.0,378.0,388.0,372.0,3818,stock
2014-01-02,NMB,378.0,395.0,399.0,361.0,1657,stock
2014-01-05,NMB,395.0,394.0,394.0,388.0,4326,stock
2014-01-06,NMB,394.0,390.0,390.0,385.0,2269,stock
2014-01-07,NMB,390.0,394.0,396.0,386.0,4680,stock
2014-01-08,NMB,394.0,402.0,411.0,393.0,6090,stock
2014-01-09,NMB,402.0,402.0,402.0,398.0,1663,stock
2014-01-12,NMB,402.0,410.0,410.0,400.0,3948,stock
2014-01-13,NMB,410.0,410.0,418.0,410.0,5931,stock
2014-01-14,NMB,410.0,420.0,425.0,404.0,13752,stock
2014-01-16,NMB,420.0,420.0,442.0,412.0,6222,stock
2014-01-19,NMB,420.0,412.0,415.0,408.0,3208,stock
2014-01-20,NMB,412.0,407.0,415.0,405.0,5788,stock
2014-01-21,NMB,407.0,410.0,430.0,408.0,4578,stock
2014-01-22,NMB,410.0,408.0,410.0,403.0,6104,stock
2014-01-23,NMB,408.0,406.0,412.0,406.0,3626,stock
2014-01-26,NMB,406.0,401.0,408.0,400.0,20675,stock
2014-01-27,NMB,401.0,393.0,400.0,390.0,8510,stock
2014-01-28,NMB,393.0,403.0,410.0,393.0,10034,stock
2014-01-29,NMB,403.0,405.0,405.0,400.0,2909,stock
2014-02-02,NMB,405.0,396.0,405.0,393.0,5756,stock
2014-02-03,NMB,396.0,383.0,395.0,383.0,2270,stock
2014-02-04,NMB,383.0,396.0,402.0,380.0,8903,stock
2014-02-05,NMB,396.0,399.0,401.0,390.0,7782,stock
2014-02-06,NMB,399.0,400.0,404.0,395.0,5959,stock
2014-02-09,NMB,400.0,395.0,400.0,392.0,5217,stock
2014-02-10,NMB,395.0,408.0,420.0,402.0,23803,stock
2014-02-11,NMB,408.0,400.0,408.0,400.0,9858,stock
2014-02-12,NMB,400.0,401.0,405.0,396.0,14712,stock
2014-02-13,NMB,401.0,405.0,406.0,400.0,4200,stock
2014-02-16,NMB,405.0,399.0,405.0,391.0,2866,stock
2014-02-17,NMB,399.0,400.0,400.0,387.0,1853,stock
2014-02-18,NMB,400.0,398.0,401.0,396.0,5013,stock
2014-02-20,NMB,398.0,404.0,405.0,400.0,4351,stock
2014-02-23,NMB,404.0,414.0,418.0,400.0,99421,stock
2014-02-24,NMB,414.0,420.0,426.0,406.0,47094,stock
2014-02-25,NMB,420.0,426.0,427.0,415.0,20573,stock
2014-02-26,NMB,426.0,422.0,435.0,414.0,14612,stock
2014-03-03,NMB,422.0,405.0,421.0,405.0,9653,stock
2014-03-04,NMB,405.0,400.0,400.0,391.0,9326,stock
2014-03-05,NMB,400.0,410.0,415.0,395.0,6133,stock
2014-03-06,NMB,410.0,400.0,412.0,400.0,5739,stock
2014-03-09,NMB,400.0,390.0,400.0,390.0,7805,stock
2014-03-10,NMB,390.0,387.0,393.0,385.0,97794,stock
2014-03-11,NMB,387.0,388.0,394.0,383.0,6946,stock
2014-03-12,NMB,388.0,379.0,395.0,373.0,6362,stock
2014-03-13,NMB,379.0,390.0,393.0,380.0,3487,stock
2014-03-17,NMB,390.0,370.0,390.0,370.0,1819,stock
2014-03-18,NMB,370.0,364.0,370.0,353.0,4409,stock
2014-03-19,NMB,364.0,371.0,383.0,370.0,7089,stock
2014-03-20,NMB,371.0,379.0,379.0,365.0,5339,stock
2014-03-23,NMB,379.0,376.0,380.0,374.0,3129,stock
2014-03-24,NMB,376.0,379.0,380.0,375.0,7968,stock
2014-03-25,NMB,379.0,376.0,376.0,370.0,3332,stock
2014-03-26,NMB,376.0,378.0,378.0,372.0,1499,stock
2014-03-27,NMB,378.0,380.0,382.0,375.0,4881,stock
2014-03-31,NMB,380.0,385.0,385.0,377.0,4878,stock
2014-04-01,NMB,385.0,395.0,396.0,389.0,5403,stock
2014-04-02,NMB,395.0,381.0,399.0,381.0,2859,stock
2014-04-03,NMB,381.0,386.0,399.0,382.0,5062,stock
2014-04-06,NMB,386.0,371.0,385.0,371.0,3178,stock
2014-04-07,NMB,371.0,377.0,377.0,370.0,1461,stock
2014-04-09,NMB,377.0,385.0,385.0,377.0,2247,stock
2014-04-10,NMB,385.0,388.0,392.0,386.0,2769,stock
2014-04-13,NMB,388.0,397.0,400.0,388.0,9058,stock
2014-04-15,NMB,397.0,395.0,401.0,395.0,4083,stock
2014-04-16,NMB,395.0,390.0,395.0,387.0,3280,stock
2014-04-17,NMB,390.0,385.0,387.0,383.0,1189,stock
2014-04-20,NMB,385.0,385.0,385.0,376.0,2930,stock
2014-04-21,NMB,385.0,382.0,385.0,378.0,2309,stock
2014-04-22,NMB,382.0,387.0,389.0,376.0,4739,stock
2014-04-23,NMB,387.0,390.0,396.0,386.0,5727,stock
2014-04-27,NMB,390.0,394.0,397.0,390.0,8331,stock
2014-04-28,NMB,394.0,383.0,398.0,383.0,4110,stock
2014-04-29,NMB,383.0,384.0,387.0,380.0,3377,stock
2014-04-30,NMB,384.0,381.0,385.0,377.0,6985,stock
2014-05-04,NMB,381.0,384.0,394.0,380.0,8910,stock
2014-05-05,NMB,384.0,416.0,416.0,385.0,8410,stock
2014-05-06,NMB,416.0,427.0,435.0,408.0,29813,stock
2014-05-07,NMB,427.0,426.0,435.0,425.0,31221,stock
2014-05-08,NMB,426.0,420.0,427.0,414.0,5603,stock
2014-05-11,NMB,420.0,407.0,420.0,400.0,7899,stock
2014-05-12,NMB,407.0,410.0,415.0,399.0,17220,stock
2014-05-13,NMB,410.0,413.0,416.0,408.0,7105,stock
2014-05-15,NMB,413.0,412.0,417.0,406.0,8050,stock
2014-05-18,NMB,412.0,413.0,414.0,408.0,6940,stock
2014-05-19,NMB,413.0,415.0,417.0,411.0,21264,stock
2014-05-20,NMB,415.0,418.0,420.0,412.0,15969,stock
2014-05-21,NMB,418.0,422.0,426.0,415.0,16411,stock
2014-05-22,NMB,422.0,430.0,430.0,424.0,5600,stock
2014-05-25,NMB,430.0,430.0,437.0,425.0,17997,stock
2014-05-26,NMB,430.0,425.0,429.0,422.0,7207,stock
2014-05-27,NMB,425.0,425.0,425.0,420.0,7844,stock
2014-05-28,NMB,425.0,426.0,430.0,422.0,20770,stock
2014-06-01,NMB,426.0,434.0,436.0,424.0,12090,stock
2014-06-02,NMB,434.0,448.0,448.0,435.0,20582,stock
2014-06-03,NMB,448.0,446.0,460.0,445.0,14944,stock
2014-06-04,NMB,446.0,448.0,452.0,445.0,8647,stock
2014-06-05,NMB,448.0,443.0,445.0,439.0,13789,stock
2014-06-08,NMB,443.0,445.0,453.0,445.0,9505,stock
2014-06-09,NMB,445.0,451.0,454.0,445.0,16815,stock
2014-06-10,NMB,451.0,460.0,480.0,456.0,23576,stock
2014-06-11,NMB,460.0,470.0,490.0,463.0,27520,stock
2014-06-12,NMB,470.0,474.0,480.0,470.0,17451,stock
2014-06-15,NMB,474.0,495.0,510.0,479.0,20062,stock
2014-06-16,NMB,495.0,498.0,504.0,491.0,18878,stock
2014-06-17,NMB,498.0,496.0,505.0,485.0,19310,stock
2014-06-18,NMB,496.0,491.0,504.0,491.0,10192,stock
2014-06-19,NMB,491.0,486.0,497.0,482.0,6653,stock
2014-06-23,NMB,486.0,480.0,490.0,478.0,4611,stock
2014-06-24,NMB,480.0,485.0,489.0,476.0,11804,stock
2014-06-25,NMB,485.0,483.0,492.0,480.0,12097,stock
2014-06-26,NMB,483.0,482.0,489.0,475.0,13393,stock
2014-06-29,NMB,482.0,500.0,503.0,478.0,12118,stock
2014-06-30,NMB,500.0,494.0,495.0,490.0,4331,stock
2014-07-01,NMB,494.0,495.0,500.0,490.0,7540,stock
2014-07-02,NMB,495.0,478.0,493.0,478.0,11572,stock
2014-07-03,NMB,478.0,491.0,498.0,475.0,14430,stock
2014-07-06,NMB,491.0,491.0,493.0,489.0,5279,stock
2014-07-07,NMB,491.0,500.0,505.0,494.0,14913,stock
2014-07-08,NMB,500.0,522.0,524.0,500.0,18557,stock
2014-07-09,NMB,522.0,517.0,518.0,508.0,12053,stock
2014-07-10,NMB,517.0,530.0,540.0,500.0,8641,stock
2014-07-13,NMB,530.0,550.0,560.0,520.0,9388,stock
2014-07-14,NMB,550.0,526.0,540.0,510.0,11825,stock
2014-07-15,NMB,526.0,517.0,526.0,516.0,3848,stock
2014-07-16,NMB,517.0,515.0,527.0,512.0,11446,stock
2014-07-17,NMB,515.0,525.0,530.0,505.0,16536,stock
2014-07-20,NMB,525.0,534.0,545.0,525.0,18470,stock
2014-07-21,NMB,534.0,542.0,547.0,535.0,20865,stock
2014-07-22,NMB,542.0,520.0,540.0,515.0,9621,stock
2014-07-23,NMB,520.0,528.0,540.0,527.0,18221,stock
2014-07-24,NMB,528.0,537.0,548.0,529.0,13364,stock
2014-07-27,NMB,537.0,545.0,555.0,540.0,14216,stock
2014-07-28,NMB,545.0,540.0,554.0,535.0,3428,stock
2014-07-30,NMB,540.0,520.0,540.0,520.0,7023,stock
2014-07-31,NMB,520.0,524.0,536.0,510.0,12933,stock
2014-08-03,NMB,524.0,519.0,534.0,515.0,7373,stock
2014-08-04,NMB,519.0,505.0,520.0,505.0,8492,stock
2014-08-05,NMB,505.0,531.0,538.0,515.0,13020,stock
2014-08-06,NMB,531.0,521.0,539.0,516.0,6437,stock
2014-08-07,NMB,521.0,517.0,522.0,500.0,13084,stock
2014-08-12,NMB,517.0,510.0,512.0,505.0,4982,stock
2014-08-13,NMB,510.0,518.0,527.0,500.0,16912,stock
2014-08-14,NMB,518.0,518.0,524.0,514.0,9429,stock
2014-08-18,NMB,518.0,505.0,518.0,505.0,3523,stock
2014-08-19,NMB,505.0,505.0,520.0,502.0,8247,stock
2014-08-20,NMB,505.0,494.0,505.0,490.0,9735,stock
2014-08-21,NMB,494.0,501.0,505.0,476.0,11669,stock
2014-08-24,NMB,501.0,489.0,503.0,480.0,6789,stock
2014-08-25,NMB,489.0,470.0,480.0,463.0,2228,stock
2014-08-26,NMB,470.0,455.0,499.0,452.0,6166,stock
2014-08-27,NMB,455.0,486.0,499.0,464.0,15575,stock
2014-08-28,NMB,486.0,484.0,500.0,481.0,11393,stock
2014-08-31,NMB,484.0,477.0,484.0,468.0,4671,stock
2014-09-01,NMB,477.0,475.0,475.0,461.0,4378,stock
2014-09-03,NMB,475.0,469.0,472.0,466.0,2113,stock
2014-09-04,NMB,469.0,465.0,469.0,458.0,7189,stock
2014-09-07,NMB,465.0,444.0,463.0,436.0,5711,stock
2014-09-09,NMB,444.0,488.0,488.0,452.0,8043,stock
2014-09-10,NMB,488.0,468.0,505.0,460.0,9582,stock
2014-09-11,NMB,468.0,466.0,483.0,441.0,6897,stock
2014-09-14,NMB,466.0,453.0,467.0,453.0,4792,stock
2014-09-15,NMB,453.0,489.0,489.0,459.0,5918,stock
2014-09-16,NMB,489.0,490.0,499.0,460.0,14629,stock
2014-09-17,NMB,490.0,490.0,510.0,475.0,7319,stock
2014-09-21,NMB,468.0,455.0,465.0,445.0,3586,stock
2014-09-22,NMB,455.0,462.0,462.0,450.0,3337,stock
2014-09-23,NMB,462.0,475.0,491.0,463.0,15280,stock
2014-09-24,NMB,475.0,500.0,502.0,482.0,45026,stock
2014-09-28,NMB,500.0,503.0,515.0,500.0,13131,stock
2014-09-29,NMB,503.0,507.0,507.0,495.0,16580,stock
2015-11-16,NMB,517.0,476.0,557.0,470.0,26871,stock
2015-11-18,NMB,482.0,479.0,488.0,479.0,21302,stock
2015-11-19,NMB,475.0,473.0,476.0,470.0,9782,stock
2015-11-22,NMB,466.0,455.0,466.0,455.0,3936,stock
2015-11-23,NMB,450.0,460.0,460.0,441.0,4257,stock
2015-11-24,NMB,452.0,444.0,453.0,440.0,28692,stock
2015-11-25,NMB,440.0,437.0,440.0,437.0,2902,stock
2015-11-26,NMB,429.0,425.0,430.0,415.0,3370,stock
2015-11-29,NMB,417.0,415.0,417.0,404.0,8963,stock
2015-11-30,NMB,421.0,396.0,422.0,389.0,16884,stock
2015-12-01,NMB,396.0,405.0,408.0,400.0,5401,stock
2015-12-02,NMB,402.0,405.0,412.0,393.0,12111,stock
2015-12-03,NMB,405.0,408.0,420.0,402.0,44604,stock
2015-12-04,NMB,416.0,416.0,432.0,415.0,8447,stock
2015-12-07,NMB,422.0,417.0,422.0,413.0,5957,stock
2015-12-08,NMB,411.0,415.0,415.0,408.0,2264,stock
2015-12-09,NMB,420.0,428.0,428.0,417.0,16533,stock
2015-12-10,NMB,422.0,420.0,422.0,416.0,3303,stock
2015-12-13,NMB,422.0,417.0,424.0,417.0,6805,stock
2015-12-14,NMB,417.0,415.0,425.0,413.0,1803,stock
2015-12-15,NMB,413.0,410.0,415.0,410.0,4184,stock
2015-12-16,NMB,408.0,414.0,414.0,408.0,3628,stock
2015-12-17,NMB,410.0,410.0,410.0,409.0,1090,stock
2015-12-20,NMB,410.0,410.0,410.0,405.0,251,stock
2015-12-21,NMB,410.0,420.0,420.0,411.0,3745,stock
2015-12-22,NMB,417.0,420.0,421.0,415.0,7202,stock
2015-12-23,NMB,420.0,415.0,419.0,415.0,2521,stock
2015-12-24,NMB,410.0,412.0,417.0,410.0,1867,stock
2015-12-25,NMB,412.0,416.0,416.0,412.0,750,stock
2015-12-28,NMB,416.0,417.0,421.0,414.0,14456,stock
2015-12-29,NMB,417.0,419.0,420.0,415.0,9050,stock
2015-12-31,NMB,427.0,428.0,435.0,421.0,6454,stock
2016-01-03,NMB,424.0,416.0,425.0,416.0,8946,stock
2016-01-04,NMB,416.0,421.0,424.0,416.0,2559,stock
2016-01-05,NMB,420.0,421.0,425.0,417.0,16049,stock
2016-01-06,NMB,420.0,421.0,424.0,420.0,3648,stock
2016-01-07,NMB,421.0,435.0,439.0,421.0,6039,stock
2016-01-10,NMB,435.0,438.0,440.0,431.0,7792,stock
2016-01-11,NMB,435.0,432.0,439.0,432.0,10454,stock
2016-01-12,NMB,428.0,439.0,439.0,428.0,16525,stock
2016-01-13,NMB,439.0,445.0,452.0,436.0,12678,stock
2016-01-14,NMB,450.0,460.0,466.0,449.0,24660,stock
2016-01-17,NMB,469.0,470.0,478.0,466.0,11856,stock
2016-01-18,NMB,474.0,468.0,490.0,458.0,9627,stock
2016-01-19,NMB,474.0,472.0,476.0,452.0,28309,stock
2016-01-20,NMB,475.0,471.0,475.0,467.0,8650,stock
2016-01-21,NMB,471.0,472.0,475.0,470.0,14019,stock
2016-01-24,NMB,472.0,485.0,490.0,467.0,40765,stock
2016-01-25,NMB,490.0,499.0,503.0,490.0,59476,stock
2016-01-26,NMB,462.0,466.0,475.0,466.0,11103,stock
2016-01-27,NMB,466.0,460.0,470.0,455.0,14989,stock
2016-01-28,NMB,463.0,451.0,463.0,450.0,12607,stock
2016-01-31,NMB,450.0,454.0,454.0,449.0,18267,stock
2016-02-01,NMB,454.0,477.0,477.0,463.0,22370,stock
2016-02-02,NMB,484.0,485.0,491.0,475.0,21542,stock
2016-02-03,NMB,485.0,487.0,488.0,477.0,7675,stock
2016-02-04,NMB,490.0,482.0,490.0,479.0,21254,stock
2016-02-07,NMB,482.0,480.0,500.0,480.0,22897,stock
2016-02-08,NMB,480.0,485.0,494.0,480.0,15360,stock
2016-02-11,NMB,485.0,504.0,505.0,485.0,56076,stock
2016-02-14,NMB,504.0,511.0,516.0,498.0,48114,stock
2016-02-15,NMB,510.0,510.0,514.0,500.0,40191,stock
2016-02-16,NMB,510.0,520.0,527.0,512.0,46071,stock
2016-02-17,NMB,520.0,537.0,550.0,518.0,71382,stock
2016-02-18,NMB,537.0,541.0,555.0,537.0,34207,stock
2016-02-21,NMB,543.0,537.0,547.0,532.0,34695,stock
2016-02-22,NMB,536.0,547.0,547.0,531.0,54898,stock
2016-02-23,NMB,547.0,543.0,551.0,538.0,41233,stock
2016-02-24,NMB,543.0,539.0,549.0,536.0,42215,stock
2016-02-25,NMB,531.0,538.0,542.0,530.0,55984,stock
2016-02-28,NMB,538.0,534.0,543.0,528.0,28693,stock
2016-02-29,NMB,534.0,537.0,537.0,530.0,16809,stock
2016-03-01,NMB,537.0,539.0,539.0,534.0,15831,stock
2016-03-02,NMB,539.0,535.0,548.0,529.0,25417,stock
2016-03-03,NMB,540.0,537.0,545.0,535.0,15854,stock
2016-03-06,NMB,535.0,534.0,541.0,533.0,19864,stock
2016-03-10,NMB,536.0,532.0,540.0,531.0,28465,stock
2016-03-13,NMB,542.0,540.0,543.0,530.0,24873,stock
2016-03-14,NMB,542.0,540.0,545.0,537.0,18217,stock
2016-03-15,NMB,535.0,542.0,543.0,535.0,29401,stock
2016-03-16,NMB,545.0,542.0,545.0,536.0,22337,stock
2016-03-17,NMB,542.0,548.0,554.0,532.0,28729,stock
2016-03-20,NMB,555.0,561.0,565.0,553.0,52346,stock
2016-03-21,NMB,571.0,576.0,599.0,570.0,72490,stock
2016-03-23,NMB,579.0,587.0,599.0,579.0,59664,stock
2016-03-24,NMB,587.0,596.0,603.0,590.0,74822,stock
2016-03-27,NMB,596.0,607.0,610.0,591.0,60865,stock
2016-03-28,NMB,607.0,601.0,609.0,597.0,44659,stock
2016-03-29,NMB,590.0,604.0,607.0,590.0,46013,stock
2016-03-30,NMB,604.0,596.0,605.0,595.0,32854,stock
2016-03-31,NMB,596.0,590.0,595.0,586.0,33572,stock
2016-04-03,NMB,590.0,585.0,600.0,572.0,29949,stock
2016-04-04,NMB,585.0,589.0,590.0,582.0,16707,stock
2016-04-05,NMB,588.0,598.0,598.0,588.0,8614,stock
2016-04-06,NMB,598.0,598.0,600.0,593.0,14651,stock
2016-04-10,NMB,598.0,598.0,602.0,595.0,38460,stock
2016-04-11,NMB,598.0,605.0,605.0,600.0,37663,stock
2016-04-12,NMB,605.0,609.0,609.0,600.0,28522,stock
2016-04-14,NMB,609.0,614.0,614.0,600.0,20590,stock
2016-04-17,NMB,620.0,622.0,623.0,611.0,32426,stock
2016-04-18,NMB,622.0,637.0,638.0,620.0,29379,stock
2016-04-19,NMB,637.0,635.0,652.0,633.0,13803,stock
2016-04-20,NMB,635.0,635.0,645.0,635.0,27534,stock
2016-04-21,NMB,635.0,632.0,637.0,623.0,15560,stock
2016-04-24,NMB,632.0,636.0,640.0,630.0,23174,stock
2016-04-25,NMB,636.0,640.0,642.0,635.0,61555,stock
2016-04-26,NMB,640.0,650.0,670.0,640.0,71208,stock
2016-04-27,NMB,650.0,664.0,670.0,637.0,53125,stock
2016-04-28,NMB,664.0,657.0,663.0,653.0,26453,stock
2016-05-02,NMB,657.0,655.0,665.0,650.0,20876,stock
2016-05-03,NMB,655.0,665.0,667.0,660.0,61892,stock
2016-05-04,NMB,665.0,659.0,665.0,648.0,26420,stock
2016-05-05,NMB,659.0,657.0,659.0,640.0,36073,stock
2016-05-08,NMB,657.0,666.0,669.0,657.0,25676,stock
2016-05-09,NMB,664.0,687.0,690.0,664.0,35896,stock
2016-05-10,NMB,687.0,680.0,696.0,667.0,28403,stock
2016-05-11,NMB,680.0,670.0,685.0,665.0,24820,stock
2016-05-12,NMB,671.0,666.0,673.0,665.0,13789,stock
2016-05-15,NMB,670.0,665.0,675.0,652.0,35057,stock
2016-05-16,NMB,665.0,662.0,667.0,660.0,22127,stock
2016-05-17,NMB,660.0,667.0,670.0,660.0,29614,stock
2016-05-18,NMB,667.0,675.0,683.0,670.0,67235,stock
2016-05-19,NMB,675.0,685.0,690.0,680.0,38380,stock
2016-05-22,NMB,685.0,685.0,694.0,675.0,20791,stock
2016-05-23,NMB,685.0,697.0,710.0,680.0,44347,stock
2016-05-24,NMB,697.0,719.0,719.0,700.0,69458,stock
2016-05-25,NMB,719.0,697.0,718.0,680.0,83949,stock
2016-05-26,NMB,697.0,685.0,701.0,671.0,60687,stock
2016-05-29,NMB,685.0,673.0,695.0,652.0,39873,stock
2016-05-30,NMB,673.0,665.0,681.0,661.0,26227,stock
2016-05-31,NMB,665.0,665.0,680.0,652.0,28353,stock
2016-06-01,NMB,665.0,665.0,670.0,651.0,25590,stock
2016-06-02,NMB,665.0,660.0,670.0,645.0,20452,stock
2016-06-05,NMB,660.0,635.0,659.0,632.0,33947,stock
2016-06-06,NMB,635.0,652.0,672.0,640.0,33184,stock
2016-06-07,NMB,655.0,675.0,677.0,655.0,34887,stock
2016-06-08,NMB,675.0,690.0,690.0,677.0,32414,stock
2016-06-09,NMB,690.0,685.0,690.0,670.0,30965,stock
2016-06-12,NMB,685.0,702.0,708.0,686.0,54711,stock
2016-06-13,NMB,702.0,725.0,738.0,700.0,70252,stock
2016-06-14,NMB,727.0,719.0,735.0,719.0,52700,stock
2016-06-15,NMB,720.0,725.0,731.0,712.0,33720,stock
2016-06-16,NMB,725.0,715.0,735.0,715.0,31855,stock
2016-06-19,NMB,715.0,708.0,734.0,700.0,33023,stock
2016-06-20,NMB,708.0,711.0,717.0,705.0,27121,stock
2016-06-21,NMB,711.0,729.0,729.0,709.0,33780,stock
2016-06-22,NMB,729.0,740.0,757.0,728.0,73412,stock
2016-06-23,NMB,740.0,739.0,753.0,735.0,54489,stock
2016-06-26,NMB,739.0,770.0,770.0,745.0,65408,stock
2016-06-27,NMB,770.0,796.0,814.0,776.0,73738,stock
2016-06-28,NMB,796.0,820.0,821.0,795.0,110316,stock
2016-06-29,NMB,820.0,816.0,833.0,810.0,50009,stock
2016-06-30,NMB,816.0,806.0,811.0,797.0,26632,stock
2016-07-03,NMB,806.0,800.0,810.0,784.0,26050,stock
2016-07-04,NMB,800.0,790.0,800.0,789.0,21718,stock
2016-07-05,NMB,795.0,792.0,795.0,776.0,28581,stock
2016-07-06,NMB,799.0,801.0,807.0,795.0,33550,stock
2016-07-10,NMB,801.0,797.0,810.0,797.0,26070,stock
2016-07-11,NMB,797.0,795.0,798.0,790.0,11683,stock
2016-07-12,NMB,795.0,780.0,795.0,755.0,35722,stock
2016-07-13,NMB,780.0,779.0,780.0,755.0,17631,stock
2016-07-14,NMB,785.0,788.0,794.0,776.0,49393,stock
2016-07-17,NMB,788.0,808.0,815.0,775.0,43879,stock
2016-07-18,NMB,808.0,821.0,845.0,813.0,27427,stock
2016-07-19,NMB,825.0,838.0,851.0,812.0,29176,stock
2016-07-20,NMB,840.0,822.0,850.0,815.0,37917,stock
2016-07-21,NMB,822.0,810.0,823.0,810.0,19256,stock
2016-07-25,NMB,810.0,855.0,860.0,810.0,76807,stock
2016-07-26,NMB,855.0,890.0,900.0,850.0,82065,stock
2016-07-27,NMB,890.0,886.0,912.0,880.0,51996,stock
2016-07-28,NMB,886.0,890.0,902.0,870.0,90622,stock
2016-07-31,NMB,890.0,879.0,907.0,873.0,53303,stock
2016-08-01,NMB,879.0,866.0,888.0,860.0,32348,stock
2016-08-02,NMB,866.0,859.0,870.0,851.0,37834,stock
2016-08-03,NMB,859.0,854.0,869.0,835.0,46959,stock
2016-08-04,NMB,854.0,826.0,854.0,822.0,57187,stock
2016-08-07,NMB,826.0,823.0,860.0,820.0,81581,stock
2016-08-08,NMB,823.0,752.0,820.0,752.0,47205,stock
2016-08-09,NMB,767.0,827.0,827.0,767.0,10651,stock
2016-08-10,NMB,843.0,854.0,893.0,820.0,70407,stock
2016-08-11,NMB,865.0,855.0,870.0,851.0,44946,stock
2016-08-14,NMB,855.0,830.0,855.0,826.0,41864,stock
2016-08-15,NMB,819.0,814.0,836.0,787.0,39982,stock
2016-08-16,NMB,810.0,830.0,841.0,794.0,38558,stock
2016-08-17,NMB,831.0,825.0,834.0,821.0,28741,stock
2016-08-21,NMB,830.0,815.0,830.0,803.0,17065,stock
2016-08-22,NMB,801.0,790.0,805.0,783.0,33657,stock
2016-08-23,NMB,782.0,790.0,805.0,775.0,24827,stock
2016-08-24,NMB,791.0,810.0,810.0,790.0,14909,stock
2016-08-28,NMB,816.0,835.0,840.0,790.0,41915,stock
2016-08-29,NMB,836.0,900.0,903.0,835.0,93824,stock
2016-08-30,NMB,918.0,893.0,918.0,873.0,64649,stock
2016-08-31,NMB,899.0,892.0,899.0,882.0,73032,stock
2016-09-01,NMB,890.0,889.0,907.0,885.0,61054,stock
2016-09-04,NMB,906.0,919.0,922.0,900.0,84273,stock
2016-09-05,NMB,925.0,927.0,940.0,920.0,82839,stock
2016-09-06,NMB,936.0,917.0,936.0,900.0,75501,stock
2016-09-07,NMB,903.0,900.0,920.0,882.0,45047,stock
2016-09-08,NMB,900.0,891.0,910.0,891.0,25664,stock
2016-09-11,NMB,894.0,891.0,909.0,881.0,20836,stock
2016-09-12,NMB,882.0,883.0,885.0,878.0,22653,stock
2016-09-14,NMB,890.0,875.0,890.0,870.0,41950,stock
2016-09-18,NMB,878.0,866.0,888.0,860.0,44523,stock
2016-09-20,NMB,883.0,866.0,895.0,855.0,48920,stock
2016-09-21,NMB,852.0,855.0,863.0,839.0,29639,stock
2016-09-22,NMB,855.0,842.0,870.0,838.0,27002,stock
2016-09-25,NMB,855.0,842.0,870.0,838.0,27002,stock
2016-09-26,NMB,811.0,817.0,825.0,808.0,25579,stock
2016-09-27,NMB,825.0,825.0,840.0,820.0,18441,stock
2016-09-28,NMB,827.0,802.0,827.0,801.0,18873,stock
2016-09-29,NMB,807.0,820.0,830.0,795.0,35999,stock
2016-10-02,NMB,830.0,810.0,830.0,800.0,21143,stock
2016-10-03,NMB,820.0,817.0,822.0,813.0,18176,stock
2016-10-04,NMB,815.0,820.0,823.0,811.0,22434,stock
2016-10-05,NMB,820.0,815.0,825.0,813.0,15902,stock
2016-10-06,NMB,820.0,815.0,825.0,812.0,16350,stock
2016-10-16,NMB,816.0,813.0,824.0,807.0,4316,stock
2016-10-17,NMB,811.0,814.0,814.0,800.0,13733,stock
2016-10-18,NMB,810.0,804.0,810.0,803.0,9737,stock
2016-10-19,NMB,800.0,804.0,806.0,800.0,18981,stock
2016-10-20,NMB,803.0,800.0,810.0,793.0,24274,stock
2016-10-23,NMB,807.0,793.0,807.0,793.0,14378,stock
2016-10-24,NMB,779.0,774.0,785.0,764.0,39888,stock
2016-10-25,NMB,761.0,727.0,761.0,722.0,38957,stock
2016-10-26,NMB,732.0,717.0,735.0,700.0,26810,stock
2016-10-27,NMB,720.0,718.0,724.0,714.0,10563,stock
2016-11-03,NMB,715.0,704.0,730.0,704.0,6334,stock
2016-11-07,NMB,710.0,707.0,719.0,704.0,16526,stock
2016-11-08,NMB,700.0,698.0,707.0,690.0,16574,stock
2016-11-09,NMB,695.0,683.0,703.0,670.0,19153,stock
2016-11-10,NMB,683.0,679.0,696.0,670.0,28813,stock
2016-11-13,NMB,675.0,688.0,691.0,675.0,27774,stock
2016-11-14,NMB,690.0,699.0,711.0,690.0,36940,stock
2016-11-15,NMB,699.0,707.0,710.0,699.0,29778,stock
2016-11-16,NMB,708.0,700.0,708.0,691.0,27167,stock
2016-11-17,NMB,690.0,684.0,695.0,675.0,25873,stock
2016-11-20,NMB,680.0,669.0,690.0,647.0,25857,stock
2016-11-21,NMB,660.0,675.0,679.0,619.0,30478,stock
2016-11-22,NMB,662.0,645.0,668.0,625.0,30745,stock
2016-11-23,NMB,641.0,635.0,645.0,620.0,17338,stock
2016-11-24,NMB,647.0,645.0,672.0,630.0,33917,stock
2016-11-27,NMB,636.0,625.0,645.0,613.0,27085,stock
2016-11-28,NMB,625.0,653.0,667.0,580.0,27312,stock
2016-11-29,NMB,666.0,665.0,666.0,605.0,19614,stock
2016-11-30,NMB,678.0,700.0,714.0,667.0,44119,stock
2016-12-01,NMB,700.0,697.0,715.0,680.0,26630,stock
2016-12-04,NMB,700.0,678.0,700.0,675.0,18143,stock
2016-12-05,NMB,678.0,656.0,680.0,652.0,6260,stock
2016-12-06,NMB,655.0,655.0,678.0,649.0,13852,stock
2016-12-07,NMB,660.0,665.0,668.0,660.0,4768,stock
2016-12-08,NMB,660.0,660.0,665.0,660.0,5826,stock
2016-12-11,NMB,660.0,648.0,665.0,648.0,8199,stock
2016-12-12,NMB,638.0,640.0,650.0,636.0,23867,stock
2016-12-14,NMB,645.0,657.0,664.0,641.0,12540,stock
2016-12-15,NMB,657.0,671.0,673.0,657.0,7659,stock
2016-12-18,NMB,665.0,660.0,665.0,651.0,7297,stock
2016-12-19,NMB,655.0,650.0,656.0,649.0,11383,stock
2016-12-20,NMB,650.0,640.0,650.0,638.0,11858,stock
2016-12-21,NMB,640.0,620.0,642.0,613.0,40645,stock
2016-12-22,NMB,521.0,503.0,511.0,500.0,11464,stock
2016-12-26,NMB,500.0,485.0,500.0,485.0,7798,stock
2016-12-27,NMB,492.0,481.0,492.0,474.0,10556,stock
2016-12-28,NMB,481.0,489.0,490.0,475.0,6545,stock
2016-12-29,NMB,498.0,499.0,504.0,488.0,8932,stock
2017-01-01,NMB,501.0,513.0,516.0,501.0,6252,stock
2017-01-02,NMB,513.0,520.0,524.0,505.0,3921,stock
2017-01-03,NMB,515.0,503.0,515.0,503.0,4863,stock
2017-01-04,NMB,500.0,500.0,504.0,486.0,10629,stock
2017-01-05,NMB,500.0,500.0,510.0,499.0,10683,stock
2017-01-08,NMB,500.0,499.0,500.0,495.0,7878,stock
2017-01-09,NMB,500.0,503.0,505.0,496.0,9804,stock
2017-01-10,NMB,500.0,508.0,509.0,500.0,3048,stock
2017-01-11,NMB,513.0,511.0,517.0,506.0,5515,stock
2017-01-12,NMB,508.0,510.0,512.0,505.0,9711,stock
2017-01-15,NMB,510.0,508.0,510.0,500.0,3205,stock
2017-01-16,NMB,507.0,504.0,510.0,503.0,1013,stock
2017-01-17,NMB,495.0,514.0,515.0,493.0,3211,stock
2017-01-18,NMB,505.0,505.0,509.0,500.0,7043,stock
2017-01-19,NMB,505.0,500.0,510.0,500.0,8493,stock
2017-01-22,NMB,500.0,507.0,510.0,500.0,4273,stock
2017-01-23,NMB,500.0,500.0,502.0,498.0,3278,stock
2017-01-24,NMB,500.0,487.0,500.0,487.0,13207,stock
2017-01-25,NMB,496.0,472.0,496.0,470.0,9778,stock
2017-01-26,NMB,465.0,460.0,484.0,450.0,15765,stock
2017-01-30,NMB,460.0,448.0,460.0,440.0,12136,stock
2017-01-31,NMB,456.0,458.0,465.0,428.0,14269,stock
2017-02-01,NMB,466.0,483.0,484.0,455.0,16513,stock
2017-02-02,NMB,492.0,482.0,492.0,470.0,8359,stock
2017-02-05,NMB,483.0,475.0,483.0,466.0,4034,stock
2017-02-06,NMB,476.0,467.0,476.0,467.0,9297,stock
2017-02-07,NMB,463.0,465.0,466.0,454.0,2049,stock
2017-02-08,NMB,468.0,460.0,470.0,455.0,7900,stock
2017-02-09,NMB,462.0,447.0,462.0,445.0,25538,stock
2017-02-12,NMB,441.0,435.0,452.0,427.0,18631,stock
2017-02-13,NMB,428.0,446.0,454.0,413.0,15659,stock
2017-02-14,NMB,450.0,450.0,455.0,432.0,8912,stock
2017-02-15,NMB,445.0,463.0,469.0,442.0,16433,stock
2017-02-16,NMB,472.0,480.0,484.0,461.0,20415,stock
2017-02-19,NMB,470.0,485.0,490.0,465.0,11530,stock
2017-02-20,NMB,493.0,475.0,507.0,473.0,11144,stock
2017-02-21,NMB,484.0,474.0,492.0,461.0,14411,stock
2017-02-22,NMB,480.0,472.0,480.0,460.0,3579,stock
2017-02-23,NMB,475.0,468.0,475.0,465.0,2331,stock
2017-02-26,NMB,460.0,450.0,460.0,450.0,5816,stock
2017-02-28,NMB,442.0,445.0,445.0,430.0,17909,stock
2017-03-01,NMB,443.0,453.0,455.0,443.0,6724,stock
2017-03-02,NMB,455.0,454.0,469.0,448.0,5332,stock
2017-03-05,NMB,456.0,471.0,471.0,455.0,5575,stock
2017-03-06,NMB,474.0,461.0,475.0,461.0,6729,stock
2017-03-07,NMB,460.0,457.0,460.0,450.0,14584,stock
2017-03-09,NMB,460.0,461.0,468.0,457.0,4004,stock
2017-03-13,NMB,461.0,456.0,470.0,455.0,4313,stock
2017-03-14,NMB,457.0,455.0,461.0,451.0,7299,stock
2017-03-15,NMB,451.0,460.0,463.0,451.0,5816,stock
2017-03-16,NMB,460.0,458.0,464.0,457.0,4035,stock
2017-03-19,NMB,458.0,463.0,468.0,460.0,16399,stock
2017-03-20,NMB,463.0,473.0,490.0,463.0,18743,stock
2017-03-21,NMB,480.0,491.0,495.0,471.0,15047,stock
2017-03-22,NMB,500.0,505.0,527.0,490.0,29378,stock
2017-03-23,NMB,505.0,511.0,518.0,500.0,9340,stock
2017-03-26,NMB,511.0,539.0,551.0,510.0,23518,stock
2017-03-28,NMB,539.0,576.0,582.0,547.0,23850,stock
2017-03-29,NMB,576.0,578.0,602.0,568.0,32073,stock
2017-03-30,NMB,578.0,568.0,578.0,560.0,17496,stock
2017-04-02,NMB,575.0,620.0,620.0,575.0,17493,stock
2017-04-03,NMB,632.0,599.0,669.0,596.0,24220,stock
2017-04-04,NMB,596.0,594.0,620.0,589.0,31520,stock
2017-04-06,NMB,594.0,592.0,605.0,590.0,17687,stock
2017-04-09,NMB,603.0,620.0,625.0,602.0,26423,stock
2017-04-10,NMB,632.0,667.0,669.0,620.0,50634,stock
2017-04-11,NMB,673.0,660.0,678.0,651.0,41284,stock
2017-04-12,NMB,658.0,650.0,670.0,645.0,23128,stock
2017-04-13,NMB,637.0,644.0,659.0,637.0,14226,stock
2017-04-16,NMB,648.0,620.0,648.0,610.0,21841,stock
2017-04-18,NMB,610.0,605.0,625.0,593.0,27003,stock
2017-04-19,NMB,605.0,631.0,631.0,610.0,23771,stock
2017-04-20,NMB,635.0,627.0,640.0,622.0,27136,stock
2017-04-23,NMB,639.0,649.0,655.0,630.0,55322,stock
2017-04-24,NMB,637.0,636.0,648.0,630.0,18589,stock
2017-04-25,NMB,630.0,627.0,641.0,625.0,17996,stock
2017-04-26,NMB,627.0,620.0,630.0,620.0,14642,stock
2017-04-27,NMB,610.0,608.0,631.0,604.0,13313,stock
2017-04-30,NMB,595.0,607.0,615.0,594.0,16513,stock
2017-05-02,NMB,601.0,620.0,620.0,600.0,24704,stock
2017-05-03,NMB,630.0,620.0,632.0,610.0,17563,stock
2017-05-04,NMB,625.0,615.0,629.0,610.0,14031,stock
2017-05-07,NMB,609.0,599.0,609.0,594.0,12595,stock
2017-05-08,NMB,600.0,607.0,612.0,600.0,7535,stock
2017-05-09,NMB,607.0,607.0,616.0,604.0,6175,stock
2017-05-11,NMB,605.0,604.0,610.0,600.0,18997,stock
2017-05-15,NMB,612.0,604.0,623.0,603.0,10839,stock
2017-05-16,NMB,610.0,605.0,610.0,600.0,4410,stock
2017-05-17,NMB,605.0,596.0,606.0,595.0,7893,stock
2017-05-18,NMB,595.0,590.0,596.0,580.0,31431,stock
2017-05-21,NMB,591.0,576.0,591.0,576.0,6693,stock
2017-05-22,NMB,575.0,590.0,590.0,570.0,7271,stock
2017-05-23,NMB,596.0,590.0,600.0,579.0,3791,stock
2017-05-24,NMB,590.0,585.0,590.0,575.0,10297,stock
2017-05-28,NMB,580.0,576.0,585.0,572.0,8354,stock
2017-05-30,NMB,585.0,565.0,585.0,565.0,7093,stock
2017-05-31,NMB,565.0,560.0,569.0,550.0,29005,stock
2017-06-01,NMB,565.0,558.0,566.0,558.0,20334,stock
2017-06-04,NMB,560.0,555.0,560.0,550.0,12660,stock
2017-06-05,NMB,563.0,558.0,563.0,552.0,9387,stock
2017-06-06,NMB,569.0,594.0,595.0,565.0,34088,stock
2017-06-07,NMB,605.0,583.0,608.0,583.0,18015,stock
2017-06-08,NMB,573.0,576.0,582.0,573.0,6317,stock
2017-06-11,NMB,580.0,567.0,587.0,565.0,36850,stock
2017-06-12,NMB,556.0,566.0,571.0,556.0,14492,stock
2017-06-13,NMB,562.0,568.0,572.0,562.0,5572,stock
2017-06-14,NMB,560.0,565.0,569.0,560.0,8700,stock
2017-06-15,NMB,556.0,563.0,574.0,554.0,10662,stock
2017-06-18,NMB,563.0,551.0,565.0,551.0,7603,stock
2017-06-19,NMB,549.0,543.0,549.0,543.0,13637,stock
2017-06-20,NMB,540.0,545.0,550.0,540.0,6017,stock
2017-06-21,NMB,535.0,543.0,546.0,530.0,8777,stock
2017-06-22,NMB,541.0,543.0,545.0,541.0,9977,stock
2017-06-25,NMB,543.0,547.0,550.0,543.0,5224,stock
2017-06-27,NMB,547.0,545.0,547.0,540.0,9724,stock
2017-06-28,NMB,549.0,540.0,549.0,538.0,6559,stock
2017-07-02,NMB,540.0,530.0,540.0,530.0,8005,stock
2017-07-03,NMB,534.0,531.0,537.0,530.0,9042,stock
2017-07-04,NMB,531.0,526.0,532.0,526.0,5806,stock
2017-07-05,NMB,527.0,532.0,532.0,520.0,6232,stock
2017-07-06,NMB,542.0,543.0,549.0,538.0,15255,stock
2017-07-09,NMB,543.0,555.0,564.0,528.0,14587,stock
2017-07-10,NMB,560.0,536.0,560.0,526.0,8157,stock
2017-07-11,NMB,540.0,552.0,554.0,540.0,10846,stock
2017-07-12,NMB,550.0,550.0,552.0,546.0,5741,stock
2017-07-13,NMB,551.0,545.0,555.0,540.0,11036,stock
2017-07-16,NMB,544.0,545.0,545.0,540.0,6607,stock
2017-07-17,NMB,540.0,551.0,553.0,540.0,8427,stock
2017-07-18,NMB,562.0,578.0,578.0,558.0,12104,stock
2017-07-19,NMB,580.0,565.0,580.0,565.0,18836,stock
2017-07-20,NMB,560.0,559.0,564.0,556.0,6683,stock
2017-07-23,NMB,560.0,552.0,566.0,546.0,13420,stock
2017-07-24,NMB,547.0,544.0,552.0,537.0,19509,stock
2017-07-25,NMB,550.0,543.0,555.0,543.0,10604,stock
2017-07-26,NMB,540.0,541.0,544.0,538.0,17041,stock
2017-07-27,NMB,544.0,553.0,559.0,544.0,19026,stock
2017-07-30,NMB,546.0,552.0,560.0,545.0,6616,stock
2017-07-31,NMB,550.0,550.0,565.0,550.0,15503,stock
2017-08-01,NMB,555.0,554.0,559.0,552.0,6343,stock
2017-08-02,NMB,554.0,555.0,557.0,550.0,3839,stock
2017-08-03,NMB,555.0,556.0,557.0,553.0,9984,stock
2017-08-06,NMB,551.0,552.0,557.0,550.0,8858,stock
2017-08-07,NMB,560.0,552.0,560.0,551.0,9131,stock
2017-08-09,NMB,548.0,548.0,553.0,546.0,5811,stock
2017-08-10,NMB,546.0,544.0,548.0,540.0,9234,stock
2017-08-13,NMB,542.0,538.0,542.0,534.0,14171,stock
2017-08-15,NMB,541.0,533.0,541.0,532.0,5525,stock
2017-08-16,NMB,543.0,531.0,543.0,526.0,6203,stock
2017-08-17,NMB,530.0,531.0,534.0,529.0,5915,stock
2017-08-20,NMB,531.0,525.0,531.0,523.0,5409,stock
2017-08-21,NMB,520.0,523.0,528.0,520.0,3251,stock
2017-08-22,NMB,523.0,526.0,535.0,514.0,4098,stock
2017-08-23,NMB,526.0,511.0,528.0,516.0,4859,stock
2017-08-24,NMB,521.0,522.0,522.0,511.0,5456,stock
2017-08-27,NMB,522.0,523.0,540.0,523.0,5300,stock
2017-08-28,NMB,523.0,517.0,524.0,514.0,7136,stock
2017-08-30,NMB,510.0,506.0,513.0,505.0,10529,stock
2017-08-31,NMB,506.0,500.0,508.0,498.0,11312,stock
2017-09-04,NMB,500.0,478.0,500.0,478.0,15259,stock
2017-09-06,NMB,485.0,488.0,491.0,483.0,10724,stock
2017-09-07,NMB,490.0,487.0,492.0,484.0,7211,stock
2017-09-10,NMB,478.0,470.0,480.0,470.0,16947,stock
2017-09-11,NMB,461.0,470.0,483.0,461.0,5991,stock
2017-09-12,NMB,470.0,472.0,477.0,467.0,9233,stock
2017-09-13,NMB,472.0,464.0,472.0,450.0,8205,stock
2017-09-14,NMB,464.0,477.0,477.0,464.0,5839,stock
2017-09-17,NMB,485.0,480.0,486.0,475.0,8061,stock
2017-09-18,NMB,484.0,487.0,487.0,478.0,3075,stock
2017-09-20,NMB,485.0,483.0,487.0,475.0,5776,stock
2017-09-24,NMB,480.0,480.0,483.0,480.0,1390,stock
2017-09-25,NMB,483.0,488.0,488.0,475.0,3199,stock
2017-09-26,NMB,494.0,494.0,494.0,482.0,3008,stock
2017-10-03,NMB,494.0,494.0,494.0,494.0,169,stock
2017-10-04,NMB,497.0,481.0,497.0,481.0,3611,stock
2017-10-08,NMB,472.0,470.0,472.0,455.0,4675,stock
2017-10-09,NMB,475.0,465.0,475.0,460.0,11468,stock
2017-10-10,NMB,464.0,470.0,470.0,460.0,3155,stock
2017-10-11,NMB,474.0,467.0,474.0,465.0,4347,stock
2017-10-12,NMB,467.0,470.0,471.0,463.0,7330,stock
2017-10-15,NMB,470.0,476.0,479.0,465.0,14124,stock
2017-10-16,NMB,480.0,494.0,494.0,480.0,4979,stock
2017-10-17,NMB,495.0,488.0,505.0,485.0,7491,stock
2017-10-18,NMB,480.0,490.0,495.0,480.0,4213,stock
2017-10-22,NMB,490.0,492.0,495.0,490.0,2355,stock
2017-10-23,NMB,492.0,488.0,488.0,480.0,5706,stock
2017-10-24,NMB,488.0,487.0,491.0,483.0,3723,stock
2017-10-25,NMB,485.0,485.0,487.0,484.0,2121,stock
2017-10-29,NMB,484.0,485.0,486.0,480.0,14379,stock
2017-10-30,NMB,485.0,484.0,488.0,478.0,3162,stock
2017-10-31,NMB,478.0,480.0,482.0,478.0,6232,stock
2017-11-01,NMB,478.0,478.0,479.0,475.0,6165,stock
2017-11-02,NMB,480.0,485.0,490.0,479.0,7590,stock
2017-11-05,NMB,482.0,473.0,482.0,470.0,11638,stock
2017-11-06,NMB,473.0,474.0,480.0,466.0,7939,stock
2017-11-07,NMB,476.0,471.0,477.0,470.0,8477,stock
2017-11-08,NMB,473.0,464.0,473.0,453.0,8499,stock
2017-11-09,NMB,463.0,468.0,470.0,463.0,4745,stock
2017-11-12,NMB,468.0,471.0,471.0,466.0,7484,stock
2017-11-13,NMB,479.0,475.0,480.0,473.0,9283,stock
2017-11-14,NMB,476.0,479.0,487.0,474.0,6223,stock
2017-11-15,NMB,488.0,483.0,490.0,478.0,6895,stock
2017-11-16,NMB,478.0,478.0,480.0,472.0,12019,stock
2017-11-19,NMB,480.0,470.0,480.0,453.0,12507,stock
2017-11-20,NMB,466.0,465.0,470.0,465.0,6428,stock
2017-11-21,NMB,467.0,467.0,474.0,466.0,1744,stock
2017-11-22,NMB,467.0,466.0,470.0,465.0,2932,stock
2017-11-23,NMB,466.0,472.0,475.0,470.0,4785,stock
2017-11-26,NMB,472.0,480.0,484.0,472.0,4437,stock
2017-11-27,NMB,489.0,479.0,489.0,479.0,4879,stock
2017-11-28,NMB,480.0,485.0,487.0,479.0,18281,stock
2017-11-29,NMB,490.0,487.0,491.0,487.0,9059,stock
2017-11-30,NMB,487.0,490.0,490.0,480.0,7639,stock
2017-12-04,NMB,491.0,490.0,491.0,486.0,22202,stock
2017-12-05,NMB,487.0,484.0,487.0,483.0,7749,stock
2017-12-06,NMB,490.0,491.0,493.0,488.0,10114,stock
2017-12-10,NMB,491.0,491.0,494.0,490.0,12108,stock
2017-12-11,NMB,489.0,490.0,490.0,488.0,3268,stock
2017-12-12,NMB,490.0,482.0,490.0,481.0,7084,stock
2017-12-13,NMB,479.0,480.0,482.0,476.0,3566,stock
2017-12-14,NMB,486.0,479.0,486.0,479.0,2100,stock
2017-12-17,NMB,478.0,477.0,480.0,475.0,6141,stock
2017-12-18,NMB,473.0,469.0,477.0,468.0,8158,stock
2017-12-19,NMB,474.0,474.0,475.0,472.0,3723,stock
2017-12-20,NMB,470.0,470.0,472.0,468.0,5311,stock
2017-12-21,NMB,471.0,469.0,472.0,468.0,3477,stock
2017-12-24,NMB,470.0,468.0,473.0,468.0,6357,stock
2017-12-26,NMB,469.0,465.0,469.0,460.0,6883,stock
2017-12-27,NMB,456.0,456.0,465.0,454.0,4897,stock
2017-12-28,NMB,460.0,460.0,461.0,455.0,6172,stock
2017-12-31,NMB,459.0,453.0,459.0,445.0,12451,stock
2018-01-01,NMB,457.0,464.0,464.0,450.0,20444,stock
2018-01-02,NMB,465.0,465.0,472.0,460.0,10550,stock
2018-01-03,NMB,460.0,458.0,460.0,455.0,10244,stock
2018-01-04,NMB,460.0,457.0,460.0,454.0,2741,stock
2018-01-07,NMB,447.0,454.0,458.0,447.0,5604,stock
2018-01-08,NMB,460.0,458.0,460.0,452.0,1992,stock
2018-01-09,NMB,458.0,464.0,464.0,457.0,7457,stock
2018-01-10,NMB,465.0,460.0,465.0,460.0,3277,stock
2018-01-14,NMB,456.0,457.0,460.0,456.0,1751,stock
2018-01-16,NMB,453.0,454.0,455.0,451.0,6698,stock
2018-01-17,NMB,450.0,450.0,453.0,447.0,4694,stock
2018-01-21,NMB,451.0,444.0,454.0,443.0,15918,stock
2018-01-22,NMB,440.0,450.0,450.0,440.0,15413,stock
2018-01-23,NMB,449.0,446.0,450.0,440.0,6593,stock
2018-01-24,NMB,450.0,444.0,450.0,444.0,6249,stock
2018-01-25,NMB,441.0,447.0,449.0,433.0,10116,stock
2018-01-28,NMB,450.0,463.0,465.0,447.0,28166,stock
2018-01-29,NMB,465.0,464.0,470.0,461.0,18395,stock
2018-01-31,NMB,470.0,474.0,474.0,465.0,19377,stock
2018-02-01,NMB,466.0,473.0,479.0,466.0,19718,stock
2018-02-04,NMB,474.0,476.0,477.0,473.0,33882,stock
2018-02-05,NMB,475.0,474.0,480.0,470.0,23034,stock
2018-02-06,NMB,470.0,467.0,471.0,466.0,8936,stock
2018-02-07,NMB,464.0,463.0,467.0,462.0,4212,stock
2018-02-08,NMB,465.0,468.0,470.0,465.0,2790,stock
2018-02-11,NMB,474.0,468.0,474.0,466.0,3093,stock
2018-02-12,NMB,469.0,460.0,470.0,460.0,14560,stock
2018-02-14,NMB,465.0,466.0,467.0,459.0,13269,stock
2018-02-15,NMB,474.0,481.0,492.0,462.0,32657,stock
2018-02-18,NMB,481.0,475.0,490.0,475.0,17687,stock
2018-02-20,NMB,483.0,465.0,484.0,465.0,24369,stock
2018-02-21,NMB,461.0,465.0,465.0,460.0,4777,stock
2018-02-22,NMB,470.0,462.0,470.0,462.0,8172,stock
2018-02-25,NMB,460.0,460.0,463.0,458.0,7549,stock
2018-02-26,NMB,460.0,455.0,463.0,453.0,7378,stock
2018-02-27,NMB,453.0,460.0,464.0,453.0,6705,stock
2018-02-28,NMB,456.0,455.0,459.0,451.0,14739,stock
2018-03-04,NMB,450.0,440.0,450.0,424.0,10971,stock
2018-03-06,NMB,435.0,432.0,438.0,420.0,32814,stock
2018-03-07,NMB,439.0,441.0,441.0,435.0,14773,stock
2018-03-11,NMB,441.0,433.0,440.0,432.0,7761,stock
2018-03-12,NMB,433.0,436.0,438.0,431.0,7224,stock
2018-03-13,NMB,436.0,439.0,439.0,431.0,5894,stock
2018-03-14,NMB,438.0,439.0,439.0,431.0,8840,stock
2018-03-15,NMB,435.0,440.0,441.0,435.0,3363,stock
2018-03-18,NMB,440.0,436.0,441.0,433.0,10435,stock
2018-03-19,NMB,436.0,435.0,439.0,433.0,5900,stock
2018-03-20,NMB,433.0,424.0,433.0,420.0,7288,stock
2018-03-21,NMB,420.0,419.0,425.0,416.0,7025,stock
2018-03-22,NMB,413.0,412.0,420.0,410.0,18850,stock
2018-03-26,NMB,406.0,395.0,406.0,393.0,17197,stock
2018-03-27,NMB,391.0,410.0,410.0,384.0,12758,stock
2018-03-28,NMB,410.0,420.0,423.0,402.0,12649,stock
2018-03-29,NMB,418.0,425.0,430.0,418.0,7500,stock
2018-04-01,NMB,421.0,414.0,421.0,410.0,4613,stock
2018-04-02,NMB,414.0,413.0,420.0,413.0,3514,stock
2018-04-03,NMB,410.0,416.0,418.0,410.0,2804,stock
2018-04-04,NMB,416.0,425.0,426.0,416.0,5028,stock
2018-04-05,NMB,433.0,441.0,444.0,426.0,11937,stock
2018-04-08,NMB,441.0,453.0,455.0,438.0,13817,stock
2018-04-09,NMB,462.0,451.0,462.0,448.0,6869,stock
2018-04-10,NMB,440.0,446.0,450.0,440.0,6729,stock
2018-04-11,NMB,438.0,435.0,444.0,431.0,17387,stock
2018-04-12,NMB,440.0,444.0,445.0,438.0,13223,stock
2018-04-15,NMB,445.0,440.0,445.0,434.0,4663,stock
2018-04-16,NMB,440.0,442.0,446.0,439.0,5964,stock
2018-04-17,NMB,444.0,456.0,461.0,445.0,9962,stock
2018-04-18,NMB,453.0,462.0,479.0,450.0,16845,stock
2018-04-19,NMB,456.0,479.0,480.0,456.0,31030,stock
2018-04-22,NMB,479.0,486.0,490.0,476.0,35631,stock
2018-04-23,NMB,495.0,478.0,502.0,477.0,35071,stock
2018-04-24,NMB,476.0,479.0,485.0,474.0,13367,stock
2018-04-25,NMB,475.0,472.0,479.0,470.0,13223,stock
2018-04-26,NMB,481.0,473.0,481.0,466.0,14450,stock
2018-04-29,NMB,475.0,466.0,475.0,465.0,4650,stock
2018-05-02,NMB,466.0,469.0,469.0,452.0,6375,stock
2018-05-03,NMB,477.0,470.0,477.0,469.0,9608,stock
2018-05-06,NMB,476.0,466.0,476.0,466.0,4645,stock
2018-05-07,NMB,465.0,463.0,468.0,460.0,18538,stock
2018-05-08,NMB,469.0,469.0,469.0,462.0,11667,stock
2018-05-09,NMB,469.0,463.0,470.0,460.0,35837,stock
2018-05-10,NMB,463.0,463.0,466.0,462.0,25579,stock
2018-05-14,NMB,460.0,460.0,462.0,458.0,11526,stock
2018-05-15,NMB,460.0,461.0,461.0,460.0,2935,stock
2018-05-16,NMB,464.0,460.0,464.0,459.0,10975,stock
2018-05-17,NMB,460.0,465.0,465.0,458.0,13794,stock
2018-05-20,NMB,471.0,465.0,471.0,458.0,17259,stock
2018-05-21,NMB,460.0,460.0,461.0,458.0,4432,stock
2018-05-22,NMB,455.0,458.0,460.0,451.0,2770,stock
2018-05-23,NMB,456.0,455.0,456.0,453.0,10050,stock
2018-05-24,NMB,455.0,450.0,453.0,450.0,7374,stock
2018-05-27,NMB,445.0,437.0,445.0,437.0,9758,stock
2018-05-28,NMB,437.0,444.0,452.0,430.0,12893,stock
2018-05-29,NMB,436.0,419.0,436.0,413.0,71425,stock
2018-05-30,NMB,412.0,414.0,420.0,411.0,25450,stock
2018-05-31,NMB,414.0,405.0,415.0,405.0,13468,stock
2018-06-03,NMB,397.0,397.0,413.0,390.0,14422,stock
2018-06-04,NMB,395.0,395.0,401.0,395.0,14887,stock
2018-06-06,NMB,395.0,396.0,410.0,395.0,5153,stock
2018-06-07,NMB,392.0,380.0,392.0,380.0,18666,stock
2018-06-10,NMB,375.0,370.0,375.0,366.0,28282,stock
2018-06-11,NMB,369.0,371.0,378.0,363.0,14404,stock
2018-06-12,NMB,370.0,367.0,371.0,366.0,5902,stock
2018-06-13,NMB,365.0,368.0,371.0,362.0,14440,stock
2018-06-14,NMB,370.0,372.0,382.0,368.0,28450,stock
2018-06-17,NMB,365.0,355.0,365.0,355.0,54367,stock
2018-06-18,NMB,350.0,351.0,353.0,349.0,31970,stock
2018-06-19,NMB,357.0,350.0,357.0,349.0,20717,stock
2018-06-20,NMB,352.0,351.0,366.0,351.0,12642,stock
2018-06-21,NMB,358.0,349.0,358.0,345.0,12027,stock
2018-06-24,NMB,355.0,349.0,355.0,349.0,8269,stock
2018-06-25,NMB,349.0,348.0,349.0,344.0,7154,stock
2018-06-26,NMB,349.0,346.0,349.0,342.0,8852,stock
2018-06-27,NMB,345.0,346.0,347.0,342.0,3093,stock
2018-06-28,NMB,347.0,346.0,347.0,344.0,8967,stock
2018-07-01,NMB,367.0,365.0,369.0,365.0,78789,stock
2018-07-02,NMB,317.0,318.0,328.0,316.0,7604,stock
2018-07-03,NMB,342.0,339.0,343.0,338.0,10252,stock
2018-07-04,NMB,339.0,344.0,344.0,338.0,6609,stock
2018-07-05,NMB,344.0,352.0,354.0,341.0,13376,stock
2018-07-08,NMB,355.0,349.0,360.0,349.0,5432,stock
2018-07-09,NMB,345.0,343.0,346.0,341.0,5778,stock
2018-07-10,NMB,342.0,345.0,349.0,342.0,3010,stock
2018-07-11,NMB,351.0,347.0,358.0,351.0,14091,stock
2018-07-12,NMB,360.0,354.0,361.0,352.0,15943,stock
2018-07-15,NMB,350.0,352.0,354.0,350.0,8501,stock
2018-07-16,NMB,353.0,358.0,364.0,353.0,10405,stock
2018-07-17,NMB,360.0,357.0,360.0,353.0,11362,stock
2018-07-18,NMB,355.0,358.0,358.0,354.0,10586,stock
2018-07-19,NMB,356.0,358.0,360.0,355.0,7413,stock
2018-07-22,NMB,355.0,354.0,356.0,353.0,4968,stock
2018-07-23,NMB,353.0,354.0,357.0,352.0,8746,stock
2018-07-24,NMB,354.0,355.0,362.0,353.0,16560,stock
2018-07-25,NMB,357.0,354.0,357.0,354.0,7583,stock
2018-07-26,NMB,354.0,354.0,359.0,354.0,14723,stock
2018-07-29,NMB,360.0,361.0,362.0,356.0,23014,stock
2018-07-30,NMB,360.0,364.0,368.0,360.0,29197,stock
2018-07-31,NMB,371.0,364.0,371.0,364.0,21554,stock
2018-08-01,NMB,367.0,365.0,369.0,365.0,78789,stock
2018-08-02,NMB,317.0,318.0,328.0,316.0,7604,stock
2018-08-05,NMB,317.0,317.0,318.0,316.0,5941,stock
2018-08-06,NMB,317.0,315.0,317.0,314.0,6278,stock
2018-08-07,NMB,315.0,316.0,316.0,313.0,9910,stock
2018-08-08,NMB,315.0,316.0,319.0,314.0,15347,stock
2018-08-09,NMB,318.0,313.0,320.0,311.0,9044,stock
2018-08-12,NMB,318.0,307.0,318.0,307.0,8808,stock
2018-08-13,NMB,305.0,311.0,313.0,305.0,7615,stock
2018-08-14,NMB,314.0,320.0,320.0,311.0,12295,stock
2018-08-15,NMB,324.0,323.0,326.0,318.0,28492,stock
2018-08-16,NMB,329.0,332.0,335.0,320.0,51341,stock
2018-08-19,NMB,328.0,329.0,331.0,325.0,11354,stock
2018-08-20,NMB,332.0,325.0,332.0,323.0,14521,stock
2018-08-21,NMB,322.0,323.0,325.0,322.0,9433,stock
2018-08-22,NMB,319.0,318.0,319.0,315.0,16189,stock
2018-08-23,NMB,312.0,310.0,313.0,303.0,161413,stock
2018-08-26,NMB,308.0,308.0,310.0,306.0,25943,stock
2018-08-28,NMB,308.0,312.0,312.0,303.0,46421,stock
2018-08-29,NMB,318.0,311.0,318.0,308.0,28137,stock
2018-08-30,NMB,315.0,316.0,316.0,310.0,31183,stock
2018-09-02,NMB,317.0,324.0,326.0,315.0,65508,stock
2018-09-03,NMB,328.0,325.0,329.0,322.0,76056,stock
2018-09-04,NMB,325.0,325.0,331.0,323.0,78790,stock
2018-09-05,NMB,325.0,333.0,337.0,325.0,135629,stock
2018-09-06,NMB,338.0,336.0,342.0,332.0,306143,stock
2018-09-09,NMB,333.0,334.0,339.0,331.0,62496,stock
2018-09-10,NMB,335.0,332.0,335.0,330.0,29571,stock
2018-09-11,NMB,332.0,334.0,335.0,331.0,47395,stock
2018-09-12,NMB,335.0,338.0,340.0,333.0,89009,stock
2018-09-13,NMB,338.0,352.0,359.0,337.0,172322,stock
2018-09-16,NMB,356.0,360.0,372.0,352.0,203588,stock
2018-09-17,NMB,365.0,357.0,365.0,355.0,172901,stock
2018-09-18,NMB,357.0,358.0,360.0,355.0,69287,stock
2018-09-20,NMB,360.0,361.0,363.0,356.0,106780,stock
2018-09-23,NMB,362.0,368.0,372.0,358.0,107016,stock
2018-09-25,NMB,368.0,377.0,380.0,368.0,126915,stock
2018-09-26,NMB,377.0,373.0,377.0,367.0,162596,stock
2018-09-27,NMB,377.0,370.0,377.0,369.0,57983,stock
2018-09-30,NMB,366.0,364.0,371.0,363.0,72493,stock
2018-10-01,NMB,361.0,356.0,364.0,355.0,78213,stock
2018-10-02,NMB,354.0,357.0,360.0,353.0,46909,stock
2018-10-03,NMB,355.0,350.0,358.0,349.0,74537,stock
2018-10-04,NMB,350.0,350.0,354.0,345.0,91385,stock
2018-10-07,NMB,347.0,345.0,350.0,345.0,58212,stock
2018-10-08,NMB,346.0,350.0,352.0,346.0,25561,stock
2018-10-09,NMB,350.0,348.0,354.0,346.0,34322,stock
2018-10-10,NMB,347.0,348.0,350.0,347.0,12623,stock
2018-10-11,NMB,348.0,356.0,356.0,348.0,39258,stock
2018-10-14,NMB,363.0,362.0,364.0,358.0,68134,stock
2018-10-15,NMB,364.0,360.0,365.0,359.0,61656,stock
2018-10-21,NMB,359.0,363.0,366.0,359.0,28624,stock
2018-10-22,NMB,365.0,362.0,365.0,361.0,10989,stock
2018-10-23,NMB,362.0,362.0,363.0,359.0,16420,stock
2018-10-24,NMB,362.0,360.0,362.0,359.0,22081,stock
2018-10-25,NMB,359.0,355.0,363.0,355.0,21059,stock
2018-10-28,NMB,355.0,352.0,361.0,351.0,28925,stock
2018-10-29,NMB,352.0,348.0,352.0,347.0,23255,stock
2018-10-30,NMB,346.0,353.0,353.0,346.0,23401,stock
2018-10-31,NMB,354.0,353.0,354.0,351.0,13920,stock
2018-11-01,NMB,353.0,351.0,354.0,350.0,24500,stock
2018-11-04,NMB,349.0,347.0,350.0,344.0,19436,stock
2018-11-05,NMB,347.0,351.0,353.0,347.0,17500,stock
2018-11-14,NMB,349.0,349.0,350.0,347.0,16276,stock
2018-11-15,NMB,349.0,345.0,352.0,345.0,17565,stock
2018-11-18,NMB,346.0,343.0,346.0,342.0,9826,stock
2018-11-19,NMB,344.0,344.0,345.0,341.0,8350,stock
2018-11-20,NMB,344.0,341.0,345.0,341.0,18053,stock
2018-11-21,NMB,342.0,344.0,344.0,337.0,52506,stock
2018-11-22,NMB,347.0,356.0,362.0,347.0,216276,stock
2018-11-25,NMB,356.0,356.0,360.0,355.0,102174,stock
2018-11-26,NMB,356.55,357.0,358.0,355.0,63797,stock
2018-11-27,NMB,357.03,358.0,360.0,357.0,54285,stock
2018-11-28,NMB,358.0,360.0,360.0,357.0,58465,stock
2018-11-29,NMB,359.94,360.0,363.0,359.0,74131,stock
2018-12-02,NMB,359.88,357.0,361.0,355.0,96983,stock
2018-12-03,NMB,357.0,358.0,362.0,355.0,39922,stock
2018-12-04,NMB,358.0,359.0,360.0,357.0,59267,stock
2018-12-06,NMB,351.0,356.0,357.0,347.0,126543,stock
2018-12-09,NMB,356.0,359.0,359.0,355.0,41526,stock
2018-12-10,NMB,359.0,363.0,363.0,359.0,52419,stock
2018-12-11,NMB,363.0,363.0,368.0,360.0,69343,stock
2018-12-12,NMB,363.0,363.0,365.0,362.0,42441,stock
2018-12-13,NMB,363.0,370.0,372.0,363.0,45063,stock
2018-12-16,NMB,370.0,374.0,377.0,370.0,49299,stock
2018-12-17,NMB,374.0,384.0,384.0,374.0,81010,stock
2018-12-18,NMB,384.0,378.0,391.0,375.0,114723,stock
2018-12-19,NMB,378.0,380.0,383.0,374.0,93014,stock
2018-12-20,NMB,380.0,381.0,388.0,379.0,148662,stock
2018-12-23,NMB,381.0,392.0,395.0,381.0,185289,stock
2018-12-24,NMB,392.0,387.0,398.0,385.0,255737,stock
2018-12-25,NMB,351.82,336.0,365.0,335.0,68089,stock
2018-12-26,NMB,336.0,343.0,347.0,335.0,56139,stock
2018-12-27,NMB,343.0,337.0,345.0,335.0,47419,stock
2018-12-30,NMB,337.0,335.0,339.0,333.0,24462,stock
2018-12-31,NMB,335.0,328.0,335.0,328.0,43609,stock
2019-01-01,NMB,328.0,325.0,332.0,325.0,21531,stock
2019-01-02,NMB,325.0,322.0,329.0,320.0,31098,stock
2019-01-03,NMB,322.0,323.0,325.0,321.0,19534,stock
2019-01-06,NMB,323.0,319.0,324.0,318.0,13603,stock
2019-01-07,NMB,319.0,324.0,325.0,315.0,15486,stock
2019-01-08,NMB,324.0,326.0,329.0,324.0,20069,stock
2019-01-09,NMB,326.0,326.0,330.0,326.0,10488,stock
2019-01-10,NMB,326.0,325.0,328.0,325.0,19545,stock
2019-01-13,NMB,325.0,326.0,326.0,321.0,13010,stock
2019-01-14,NMB,326.0,325.0,326.0,322.0,16856,stock
2019-01-15,NMB,325.0,325.0,329.0,325.0,8855,stock
2019-01-16,NMB,325.0,323.0,328.0,322.0,15916,stock
2019-01-17,NMB,323.0,324.0,324.0,321.0,8437,stock
2019-01-20,NMB,324.0,321.0,324.0,320.0,3310,stock
2019-01-21,NMB,321.0,319.0,323.0,318.0,19465,stock
2019-01-22,NMB,319.0,317.0,323.0,317.0,28442,stock
2019-01-23,NMB,317.0,320.0,320.0,317.0,14725,stock
2019-01-24,NMB,320.0,319.0,322.0,317.0,19202,stock
2019-01-27,NMB,319.0,316.0,323.0,315.0,32446,stock
2019-01-28,NMB,316.0,317.0,320.0,316.0,26798,stock
2019-01-29,NMB,317.0,316.0,318.0,315.0,12095,stock
2019-01-30,NMB,316.0,317.0,317.0,315.0,12242,stock
2019-01-31,NMB,317.0,317.0,318.0,316.0,9956,stock
2019-02-03,NMB,316.0,316.0,319.0,315.0,42639,stock
2019-02-04,NMB,315.0,316.0,318.0,314.0,19122,stock
2019-02-05,NMB,314.0,315.0,317.0,312.0,26733,stock
2019-02-06,NMB,315.0,312.0,317.0,312.0,20208,stock
2019-02-07,NMB,312.0,313.0,315.0,312.0,16558,stock
2019-02-10,NMB,312.0,310.0,314.0,310.0,22620,stock
2019-02-11,NMB,308.0,311.0,314.0,307.0,26558,stock
2019-02-12,NMB,313.0,311.0,313.0,310.0,15882,stock
2019-02-13,NMB,312.0,311.0,317.0,309.0,17557,stock
2019-02-14,NMB,310.0,308.0,311.0,307.0,30824,stock
2019-02-17,NMB,309.0,309.0,311.0,306.0,23812,stock
2019-02-18,NMB,309.0,306.0,309.0,304.0,34435,stock
2019-02-19,NMB,300.0,309.0,309.0,305.0,12380,stock
2019-02-20,NMB,310.0,305.0,310.0,305.0,19783,stock
2019-02-21,NMB,308.0,301.0,308.0,301.0,21119,stock
2019-02-24,NMB,301.0,302.0,307.0,300.0,23498,stock
2019-02-25,NMB,302.0,302.0,306.0,300.0,22112,stock
2019-02-26,NMB,302.0,304.0,305.0,302.0,19594,stock
2019-02-27,NMB,303.0,303.0,307.0,302.0,33696,stock
2019-03-03,NMB,302.0,307.0,307.0,302.0,31553,stock
2019-03-05,NMB,307.0,306.0,307.0,303.0,25718,stock
2019-03-06,NMB,306.0,306.0,308.0,304.0,37701,stock
2019-03-07,NMB,308.0,315.0,315.0,306.0,18431,stock
2019-03-09,NMB,317.0,320.0,320.0,311.0,15096,stock
2019-03-10,NMB,317.0,320.0,320.0,311.0,15096,stock
2019-03-11,NMB,320.0,322.0,322.0,316.0,30794,stock
2019-03-12,NMB,323.0,325.0,327.0,320.0,39142,stock
2019-03-13,NMB,328.0,322.0,330.0,319.0,43466,stock
2019-03-14,NMB,321.0,325.0,326.0,319.0,27872,stock
2019-03-17,NMB,325.0,326.0,328.0,325.0,28877,stock
2019-03-18,NMB,325.0,325.0,329.0,323.0,29983,stock
2019-03-19,NMB,325.0,322.0,330.0,322.0,7431,stock
2019-03-21,NMB,322.0,321.0,325.0,321.0,12394,stock
2019-03-24,NMB,317.0,318.0,324.0,317.0,24543,stock
2019-03-25,NMB,321.0,322.0,325.0,317.0,13920,stock
2019-03-26,NMB,319.0,325.0,327.0,319.0,29747,stock
2019-03-27,NMB,325.0,325.0,326.0,323.0,29980,stock
2019-03-28,NMB,324.0,327.0,327.0,324.0,26581,stock
2019-03-31,NMB,327.0,328.0,330.0,326.0,16376,stock
2019-04-01,NMB,323.0,331.0,332.0,323.0,49552,stock
2019-04-02,NMB,333.0,335.0,339.0,332.0,80947,stock
2019-04-03,NMB,336.0,338.0,340.0,331.0,63376,stock
2019-04-04,NMB,337.0,336.0,339.0,334.0,37453,stock
2019-04-07,NMB,337.0,349.0,352.0,335.0,96825,stock
2019-04-08,NMB,349.0,357.0,364.0,346.0,152538,stock
2019-04-09,NMB,364.0,351.0,364.0,351.0,95391,stock
2019-04-10,NMB,351.0,355.0,357.0,347.0,72189,stock
2019-04-11,NMB,355.0,356.0,358.0,352.0,86342,stock
2019-04-15,NMB,356.0,362.0,362.0,356.0,45727,stock
2019-04-16,NMB,360.0,377.0,377.0,360.0,185038,stock
2019-04-17,NMB,377.0,389.0,390.0,373.0,189582,stock
2019-04-18,NMB,389.0,385.0,390.0,384.0,93648,stock
2019-04-21,NMB,385.0,388.0,390.0,379.0,96067,stock
2019-04-22,NMB,388.0,382.0,389.0,377.0,92343,stock
2019-04-23,NMB,383.0,380.0,386.0,378.0,76009,stock
2019-04-24,NMB,380.0,390.0,391.0,380.0,102457,stock
2019-04-25,NMB,390.0,396.0,400.0,390.0,134958,stock
2019-04-28,NMB,394.0,389.0,398.0,389.0,135953,stock
2019-04-29,NMB,383.0,386.0,391.0,383.0,76279,stock
2019-04-30,NMB,386.0,386.0,390.0,380.0,42185,stock
2019-05-02,NMB,381.0,383.0,386.0,379.0,42074,stock
2019-05-05,NMB,385.0,376.0,385.0,375.0,56175,stock
2019-05-06,NMB,382.0,386.0,386.0,374.0,81644,stock
2019-05-07,NMB,385.0,387.0,391.0,385.0,68794,stock
2019-05-08,NMB,383.0,383.0,386.0,382.0,28675,stock
2019-05-09,NMB,384.0,380.0,385.0,376.0,98484,stock
2019-05-12,NMB,375.0,381.0,382.0,375.0,22299,stock
2019-05-13,NMB,378.0,381.0,381.0,378.0,21419,stock
2019-05-14,NMB,381.0,388.0,388.0,380.0,76797,stock
2019-05-15,NMB,388.0,387.0,392.0,385.0,81993,stock
2019-05-16,NMB,385.0,382.0,385.0,380.0,48836,stock
2019-11-07,NMB,345.0,347.0,350.0,333.0,328151,stock
2019-11-10,NMB,353.0,356.0,360.0,347.0,162209,stock
2019-11-11,NMB,363.0,383.0,390.0,363.0,367157,stock
2019-11-12,NMB,388.0,380.0,390.0,363.0,169096,stock
2019-11-13,NMB,380.0,378.0,380.0,376.0,82679,stock
2019-11-14,NMB,378.0,380.0,381.0,376.0,113239,stock
2019-11-17,NMB,383.0,385.0,386.0,381.0,84288,stock
2019-11-18,NMB,386.0,386.0,387.0,384.0,95670,stock
2019-11-19,NMB,386.0,384.0,387.0,384.0,83147,stock
2019-11-20,NMB,385.0,386.0,390.0,385.0,91627,stock
2019-11-21,NMB,385.0,382.0,386.0,381.0,112465,stock
2019-11-24,NMB,385.0,378.0,385.0,378.0,55696,stock
2019-11-25,NMB,378.0,379.0,381.0,375.0,54533,stock
2019-11-26,NMB,379.0,380.0,382.0,378.0,35062,stock
2019-11-27,NMB,380.0,383.0,384.0,379.0,72063,stock
2019-11-28,NMB,385.0,383.0,385.0,383.0,41618,stock
2019-12-01,NMB,385.0,385.0,385.0,383.0,45092,stock
2019-12-02,NMB,385.0,385.0,385.0,383.0,50456,stock
2019-12-03,NMB,388.0,385.0,388.0,384.0,49590,stock
2019-12-04,NMB,386.0,387.0,387.0,385.0,44700,stock
2019-12-05,NMB,387.0,388.0,388.0,386.0,57511,stock
2019-12-08,NMB,388.0,388.0,389.0,385.0,41612,stock
2019-12-09,NMB,388.0,388.0,390.0,386.0,49463,stock
2019-12-10,NMB,388.0,391.0,392.0,388.0,99238,stock
2019-12-11,NMB,386.0,395.0,397.0,385.0,69169,stock
2019-12-12,NMB,397.0,397.0,399.0,395.0,96469,stock
2019-12-15,NMB,397.0,405.0,407.0,397.0,104155,stock
2019-12-16,NMB,404.0,400.0,405.0,400.0,113564,stock
2019-12-17,NMB,403.0,401.0,403.0,397.0,86445,stock
2019-12-18,NMB,401.0,400.0,403.0,399.0,122451,stock
2019-12-19,NMB,400.0,402.0,402.0,400.0,307226,stock
2019-12-22,NMB,332.0,326.0,332.0,322.0,102132,stock
2019-12-23,NMB,325.0,327.0,327.0,324.0,98291,stock
2019-12-24,NMB,328.0,325.0,330.0,325.0,56332,stock
2019-12-25,NMB,330.0,324.0,330.0,323.0,30314,stock
2019-12-26,NMB,329.0,325.0,329.0,323.0,41536,stock
2019-12-29,NMB,325.0,323.0,325.0,322.0,17853,stock
2019-12-30,NMB,321.0,324.0,324.0,321.0,78507,stock
2019-12-31,NMB,324.0,324.0,324.0,322.0,32462,stock
2020-01-01,NMB,323.0,323.0,324.0,322.0,23763,stock
2020-01-02,NMB,324.0,323.0,324.0,322.0,27521,stock
2020-01-05,NMB,323.0,329.0,329.0,322.0,54331,stock
2020-01-06,NMB,332.0,334.0,336.0,330.0,68334,stock
2020-01-07,NMB,336.0,340.0,341.0,334.0,79407,stock
2020-01-08,NMB,342.0,337.0,346.0,335.0,57283,stock
2020-01-09,NMB,335.0,335.0,340.0,334.0,28036,stock
2020-01-12,NMB,337.0,361.0,368.0,337.0,75020,stock
2020-01-13,NMB,364.0,362.0,371.0,356.0,116507,stock
2020-01-14,NMB,363.0,359.0,363.0,354.0,50061,stock
2020-01-15,NMB,360.0,367.0,372.0,359.0,87561,stock
2020-01-16,NMB,374.0,375.0,381.0,373.0,91468,stock
2020-01-19,NMB,368.0,376.0,381.0,375.0,82278,stock
2020-01-20,NMB,381.0,368.0,383.0,366.0,101949,stock
2020-01-21,NMB,369.0,368.0,373.0,365.0,55039,stock
2020-01-22,NMB,369.0,362.0,369.0,362.0,49584,stock
2020-01-23,NMB,361.0,355.0,364.0,352.0,53615,stock
2020-01-26,NMB,353.0,351.0,358.0,351.0,35689,stock
2020-01-27,NMB,348.0,357.0,360.0,346.0,55255,stock
2020-01-28,NMB,363.0,360.0,364.0,358.0,55136,stock
2020-01-29,NMB,360.0,358.0,361.0,355.0,37059,stock
2020-01-30,NMB,358.0,366.0,367.0,354.0,59668,stock
2020-02-02,NMB,366.0,370.0,374.0,366.0,85366,stock
2020-02-03,NMB,377.0,370.0,377.0,370.0,79966,stock
2020-02-04,NMB,370.0,366.0,374.0,366.0,42203,stock
2020-02-05,NMB,367.0,367.0,368.0,364.0,29230,stock
2020-02-06,NMB,366.0,366.0,369.0,365.0,26157,stock
2020-02-09,NMB,373.0,368.0,373.0,365.0,63312,stock
2020-02-10,NMB,370.0,372.0,373.0,369.0,51686,stock
2020-02-11,NMB,376.0,380.0,380.0,372.0,92952,stock
2020-02-12,NMB,380.0,384.0,388.0,380.0,113683,stock
2020-02-13,NMB,386.0,380.0,386.0,380.0,72585,stock
2020-02-16,NMB,383.0,380.0,383.0,377.0,46674,stock
2020-02-17,NMB,384.0,399.0,400.0,384.0,192370,stock
2020-02-18,NMB,403.0,410.0,415.0,403.0,234055,stock
2020-02-19,NMB,412.0,409.0,417.0,407.0,61581,stock
2020-02-20,NMB,409.0,413.0,415.0,408.0,76737,stock
2020-02-23,NMB,413.0,454.0,454.0,413.0,284029,stock
2020-02-24,NMB,454.0,474.0,499.0,465.0,424714,stock
2020-02-25,NMB,471.0,477.0,487.0,462.0,196613,stock
2020-02-26,NMB,482.0,484.0,495.0,480.0,148457,stock
2020-02-27,NMB,484.0,498.0,504.0,466.0,318594,stock
2020-03-01,NMB,498.0,498.0,517.0,490.0,529912,stock
2020-03-02,NMB,499.0,463.0,501.0,463.0,184765,stock
2020-03-03,NMB,463.0,479.0,494.0,445.0,531054,stock
2020-03-04,NMB,479.0,460.0,481.0,460.0,297065,stock
2020-03-05,NMB,453.0,460.0,470.0,451.0,275113,stock
2020-03-10,NMB,451.0,423.0,454.0,419.0,154625,stock
2020-03-11,NMB,430.0,448.0,451.0,420.0,276505,stock
2020-03-12,NMB,449.0,437.0,455.0,432.0,213976,stock
2020-03-15,NMB,430.0,414.0,431.0,409.0,252241,stock
2020-03-16,NMB,414.0,408.0,420.0,400.0,235808,stock
2020-03-17,NMB,408.0,388.0,409.0,383.0,235439,stock
2020-03-18,NMB,394.0,384.0,397.0,373.0,151807,stock
2020-03-19,NMB,378.0,386.0,398.0,366.0,186484,stock
2020-03-22,NMB,384.0,377.0,393.0,375.0,51747,stock
2020-05-12,NMB,370.0,366.0,370.0,366.0,160,stock
2020-05-13,NMB,359.0,356.0,359.0,356.0,110,stock
2020-06-29,NMB,349.0,345.0,349.0,321.0,68746,stock
2020-06-30,NMB,340.0,365.0,372.0,340.0,17394,stock
2020-07-01,NMB,372.0,399.0,401.0,372.0,44805,stock
2020-07-02,NMB,406.0,365.0,426.0,365.0,51529,stock
2020-07-05,NMB,365.0,369.0,378.0,355.0,111039,stock
2020-07-06,NMB,372.0,381.0,381.0,366.0,69440,stock
2020-07-07,NMB,385.0,392.0,399.0,384.0,129940,stock
2020-07-08,NMB,397.0,389.0,398.0,380.0,115813,stock
2020-07-09,NMB,388.0,385.0,389.0,380.0,72260,stock
2020-07-12,NMB,387.0,383.0,395.0,380.0,65612,stock
2020-07-13,NMB,383.0,382.0,390.0,380.0,94276,stock
2020-07-14,NMB,385.0,387.0,389.0,379.0,179009,stock
2020-07-15,NMB,394.0,397.0,401.0,389.0,217337,stock
2020-07-16,NMB,404.0,413.0,415.0,404.0,201806,stock
2020-07-19,NMB,433.0,454.0,454.0,433.0,6361,stock
2020-07-20,NMB,470.0,443.0,499.0,430.0,441191,stock
2020-07-21,NMB,446.0,437.0,451.0,432.0,316083,stock
2020-07-22,NMB,445.0,429.0,447.0,426.0,187887,stock
2020-07-23,NMB,431.0,431.0,435.0,423.0,147191,stock
2020-07-26,NMB,431.0,439.0,445.0,427.0,152742,stock
2020-07-27,NMB,442.0,437.0,449.0,435.0,131099,stock
2020-07-28,NMB,444.0,437.0,444.0,433.0,146800,stock
2020-07-29,NMB,437.0,430.0,437.0,428.0,131183,stock
2020-07-30,NMB,428.0,430.0,434.0,422.0,107799,stock
2020-08-02,NMB,425.0,415.0,432.0,413.0,200556,stock
2020-08-03,NMB,410.0,419.0,425.0,407.0,109441,stock
2020-08-05,NMB,419.0,413.0,420.0,407.0,157362,stock
2020-08-06,NMB,405.0,409.0,412.0,400.0,88592,stock
2020-08-09,NMB,406.0,411.0,412.0,400.0,78628,stock
2020-08-10,NMB,412.0,429.0,432.0,411.0,184024,stock
2020-08-11,NMB,433.0,427.0,437.0,422.0,106033,stock
2020-08-12,NMB,432.0,428.0,432.0,423.0,42064,stock
2020-08-13,NMB,424.0,417.0,427.0,417.0,97693,stock
2020-08-16,NMB,405.0,410.0,415.0,402.0,151362,stock
2020-08-17,NMB,412.0,411.0,414.0,408.0,92115,stock
2020-08-18,NMB,415.0,413.0,418.0,410.0,56122,stock
2020-08-19,NMB,410.0,409.0,413.0,403.0,64888,stock
2020-08-20,NMB,408.0,410.0,414.0,405.0,30416,stock
2020-08-23,NMB,410.0,413.0,413.0,409.0,45095,stock
2020-08-24,NMB,416.0,421.0,423.0,415.0,129693,stock
2020-08-25,NMB,437.0,421.0,437.0,419.0,89663,stock
2020-08-26,NMB,442.0,433.0,442.0,420.0,185649,stock
2020-08-27,NMB,440.0,426.0,440.0,426.0,161170,stock
2020-08-30,NMB,426.0,424.0,428.0,420.0,65622,stock
2020-08-31,NMB,424.0,428.0,433.0,424.0,230120,stock
2020-09-02,NMB,434.0,435.0,437.0,429.0,186415,stock
2020-09-03,NMB,435.0,432.0,437.0,428.0,102243,stock
2020-09-06,NMB,450.0,427.0,450.0,425.0,142996,stock
2020-09-07,NMB,429.0,419.0,429.0,419.0,93941,stock
2020-09-08,NMB,421.0,420.0,423.0,415.0,100359,stock
2020-09-09,NMB,412.0,420.0,421.0,412.0,121594,stock
2020-09-10,NMB,417.0,421.0,426.0,416.0,74663,stock
2020-09-13,NMB,422.0,422.0,423.0,417.0,79330,stock
2020-09-14,NMB,424.0,424.0,431.0,422.0,158347,stock
2020-09-15,NMB,428.0,421.0,429.0,419.0,77147,stock
2020-09-16,NMB,427.0,419.0,427.0,416.0,44561,stock
2020-09-17,NMB,437.0,425.0,437.0,419.0,161097,stock
2020-09-20,NMB,430.0,426.0,432.0,424.0,102521,stock
2020-09-21,NMB,426.0,422.0,427.0,419.0,112661,stock
2020-09-22,NMB,420.0,416.0,422.0,412.0,178294,stock
2020-09-23,NMB,416.0,417.0,418.0,413.0,74417,stock
2020-09-24,NMB,415.0,417.0,417.0,414.0,83439,stock
2020-09-27,NMB,418.0,419.0,421.0,413.0,120737,stock
2020-09-28,NMB,419.0,415.0,420.0,414.0,59279,stock
2020-09-29,NMB,418.0,414.0,418.0,413.0,41491,stock
2020-09-30,NMB,414.0,415.0,415.0,412.0,116461,stock
2020-10-01,NMB,435.0,416.0,435.0,412.0,89254,stock
2020-10-04,NMB,430.0,417.0,430.0,417.0,84185,stock
2020-10-05,NMB,417.0,415.0,424.0,413.0,140499,stock
2020-10-06,NMB,435.0,413.0,435.0,411.0,159286,stock
2020-10-07,NMB,416.0,417.0,417.0,412.0,110503,stock
2020-10-08,NMB,415.0,414.0,420.0,413.0,93780,stock
2020-10-11,NMB,412.0,411.0,415.0,410.0,128177,stock
2020-10-12,NMB,417.0,412.0,417.0,408.0,81820,stock
2020-10-13,NMB,411.0,409.0,412.0,408.0,90290,stock
2020-10-14,NMB,412.0,410.0,412.0,408.0,56646,stock
2020-10-15,NMB,414.0,408.0,417.0,408.0,37831,stock
2020-10-18,NMB,410.0,408.0,410.0,405.0,43252,stock
2020-10-19,NMB,406.0,408.0,409.0,405.0,41325,stock
2020-10-20,NMB,408.0,410.0,411.0,408.0,40447,stock
2020-10-21,NMB,415.0,418.0,423.0,414.0,98551,stock
2020-10-22,NMB,421.0,421.0,424.0,419.0,116378,stock
2020-10-28,NMB,430.0,432.0,432.0,424.0,179025,stock
2020-10-29,NMB,440.0,433.0,440.0,431.0,284334,stock
2020-11-01,NMB,441.0,426.0,441.0,425.0,110211,stock
2020-11-02,NMB,426.0,423.0,426.0,420.0,129530,stock
2020-11-03,NMB,424.0,422.0,424.0,420.0,82561,stock
2020-11-04,NMB,430.0,421.0,430.0,419.0,54797,stock
2020-11-05,NMB,421.0,421.0,424.0,420.0,59701,stock
2020-11-08,NMB,420.0,419.0,424.0,418.0,86825,stock
2020-11-09,NMB,399.0,415.0,422.0,399.0,125672,stock
2020-11-10,NMB,413.0,417.0,420.0,412.0,175699,stock
2020-11-11,NMB,419.0,426.0,431.0,419.0,188385,stock
2020-11-12,NMB,430.0,428.0,434.0,427.0,224908,stock
2020-11-18,NMB,436.0,427.0,436.0,425.0,124249,stock
2020-11-19,NMB,427.0,430.0,432.0,426.0,167844,stock
2020-11-22,NMB,451.0,436.0,451.0,426.0,266021,stock
2020-11-23,NMB,437.0,432.0,438.0,429.0,119303,stock
2020-11-24,NMB,437.0,430.0,437.0,430.0,163542,stock
2020-11-25,NMB,445.0,439.0,445.0,434.0,172010,stock
2020-11-26,NMB,445.0,444.0,450.0,439.0,311506,stock
2020-11-29,NMB,450.0,479.0,484.0,448.0,460172,stock
2020-11-30,NMB,488.0,464.0,505.0,459.0,472431,stock
2020-12-01,NMB,464.0,456.0,470.0,450.0,237708,stock
2020-12-02,NMB,459.0,461.0,471.0,448.0,195324,stock
2020-12-03,NMB,470.0,467.0,485.0,460.0,256063,stock
2020-12-06,NMB,467.0,445.0,474.0,442.0,207676,stock
2020-12-07,NMB,426.0,450.0,459.0,426.0,185378,stock
2020-12-08,NMB,459.0,451.0,464.0,447.0,140780,stock
2020-12-09,NMB,473.0,443.0,473.0,442.0,117324,stock
2020-12-10,NMB,465.0,442.0,465.0,438.0,107388,stock
2020-12-13,NMB,464.0,454.0,464.0,445.0,246575,stock
2020-12-14,NMB,454.0,456.0,469.0,453.0,115113,stock
2020-12-15,NMB,460.0,454.0,462.0,452.0,115112,stock
2020-12-16,NMB,452.0,457.0,462.0,449.0,141784,stock
2020-12-17,NMB,479.0,452.0,479.0,450.0,145867,stock
2020-12-20,NMB,452.0,435.0,452.0,433.0,269832,stock
2020-12-21,NMB,427.0,433.0,442.0,411.0,255964,stock
2020-12-22,NMB,440.0,436.0,441.0,427.0,282250,stock
2020-12-23,NMB,442.0,433.0,450.0,431.0,167601,stock
2020-12-24,NMB,439.0,428.0,439.0,427.0,110812,stock
2020-12-27,NMB,432.0,426.0,433.0,424.0,170259,stock
2020-12-28,NMB,429.0,423.0,429.0,420.0,70074,stock
2020-12-29,NMB,428.0,422.0,429.0,421.0,127605,stock
2020-12-30,NMB,428.0,427.0,430.0,420.0,213444,stock
2020-12-31,NMB,390.0,388.0,391.0,379.0,218544,stock
2021-01-03,NMB,392.0,407.0,412.0,392.0,330742,stock
2021-01-04,NMB,415.0,411.0,422.0,406.0,243148,stock
2021-01-05,NMB,408.0,409.0,416.0,401.0,181295,stock
2021-01-06,NMB,413.0,409.0,417.0,407.0,162719,stock
2021-01-07,NMB,411.0,408.0,416.0,408.0,226348,stock
2021-01-10,NMB,412.0,423.0,424.0,412.0,318095,stock
2021-01-11,NMB,423.0,437.0,450.0,423.0,427211,stock
2021-01-12,NMB,444.0,437.0,445.0,431.0,180534,stock
2021-01-13,NMB,443.0,444.0,446.0,439.0,284054,stock
2021-01-17,NMB,440.0,446.0,451.0,440.0,271617,stock
2021-01-18,NMB,448.0,439.0,449.0,438.0,197747,stock
2021-01-19,NMB,441.0,436.0,445.0,433.0,169492,stock
2021-01-20,NMB,457.0,437.0,457.0,431.0,186008,stock
2021-01-21,NMB,437.0,435.0,443.0,434.0,193265,stock
2021-01-24,NMB,437.0,433.0,442.0,430.0,260333,stock
2021-01-25,NMB,454.0,431.0,454.0,427.0,248911,stock
2021-01-26,NMB,433.0,426.0,435.0,423.0,227451,stock
2021-01-27,NMB,430.0,425.0,430.0,423.0,155397,stock
2021-01-28,NMB,430.0,425.0,438.0,423.0,252753,stock
2021-01-31,NMB,425.0,421.0,432.0,419.0,187214,stock
2021-02-01,NMB,429.0,426.0,434.0,417.0,106287,stock
2021-02-02,NMB,430.0,436.0,436.0,427.0,190050,stock
2021-02-03,NMB,438.0,432.0,445.0,430.0,211791,stock
2021-02-04,NMB,411.0,428.0,438.0,411.0,143800,stock
2021-02-07,NMB,407.0,427.0,440.0,407.0,173363,stock
2021-02-08,NMB,406.0,442.0,445.0,406.0,355743,stock
2021-02-09,NMB,450.0,440.0,453.0,439.0,226493,stock
2021-02-10,NMB,442.0,443.0,447.0,435.0,281311,stock
2021-02-11,NMB,440.0,441.0,449.0,440.0,239598,stock
2021-02-14,NMB,425.0,440.0,450.0,425.0,195794,stock
2021-02-15,NMB,445.0,450.0,452.0,443.0,260034,stock
2021-02-16,NMB,450.0,469.0,481.0,450.0,518671,stock
2021-02-17,NMB,475.0,474.0,484.0,471.0,319668,stock
2021-02-18,NMB,485.0,474.0,485.0,473.0,258073,stock
2021-02-21,NMB,480.0,473.0,480.0,466.0,268493,stock
2021-02-22,NMB,473.0,457.0,474.0,455.0,260937,stock
2021-02-23,NMB,479.0,450.0,479.0,441.0,283469,stock
2021-02-24,NMB,455.0,456.0,469.0,450.0,204434,stock
2021-02-25,NMB,475.0,446.0,475.0,444.0,167029,stock
2021-02-28,NMB,440.0,430.0,444.0,428.0,243519,stock
2021-03-01,NMB,450.0,435.0,450.0,422.0,162226,stock
2021-03-02,NMB,437.0,423.0,440.0,421.0,188354,stock
2021-03-03,NMB,425.0,421.0,426.0,416.0,157553,stock
2021-03-04,NMB,422.0,429.0,432.0,420.0,120249,stock
2021-03-08,NMB,436.0,426.0,436.0,424.0,104756,stock
2021-03-09,NMB,425.0,425.0,427.0,422.0,90773,stock
2021-03-10,NMB,425.0,421.0,425.0,419.0,102913,stock
2021-03-14,NMB,426.0,412.0,426.0,410.0,192454,stock
2021-03-15,NMB,400.0,410.0,418.0,400.0,117920,stock
2021-03-16,NMB,410.0,409.0,414.0,406.0,144694,stock
2021-03-17,NMB,414.0,412.0,415.0,408.0,77720,stock
2021-03-18,NMB,416.0,415.0,420.0,413.0,103271,stock
2021-03-21,NMB,416.0,428.0,428.0,416.0,211184,stock
2021-03-22,NMB,430.0,423.0,430.0,422.0,126669,stock
2021-03-23,NMB,420.0,422.0,424.0,417.0,91811,stock
2021-03-24,NMB,430.0,427.0,430.0,420.0,128160,stock
2021-03-25,NMB,430.0,421.0,430.0,420.0,104355,stock
2021-03-29,NMB,421.0,422.0,428.0,417.0,108675,stock
2021-03-30,NMB,423.0,422.0,425.0,419.0,89740,stock
2021-03-31,NMB,421.0,428.0,431.0,420.0,150069,stock
2021-04-01,NMB,432.0,426.0,432.0,425.0,109113,stock
2021-04-04,NMB,405.0,427.0,435.0,405.0,121903,stock
2021-04-05,NMB,430.0,425.0,432.0,423.0,96013,stock
2021-04-06,NMB,425.0,424.0,427.0,421.0,81414,stock
2021-04-07,NMB,445.0,425.0,445.0,422.0,136502,stock
2021-04-08,NMB,426.0,424.0,430.0,423.0,111983,stock
2021-04-12,NMB,425.0,431.0,433.0,424.0,167199,stock
2021-04-13,NMB,432.0,436.0,439.0,428.0,164812,stock
2021-04-15,NMB,441.0,440.0,447.0,437.0,238956,stock
2021-04-18,NMB,444.0,432.0,445.0,431.0,171867,stock
2021-04-19,NMB,432.0,424.0,432.0,423.0,138442,stock
2021-04-20,NMB,431.0,426.0,431.0,422.0,118952,stock
2021-04-21,NMB,428.0,421.0,430.0,420.0,101360,stock
2021-04-22,NMB,442.0,421.0,442.0,417.0,102241,stock
2021-04-25,NMB,421.0,413.0,425.0,411.0,207673,stock
2021-04-26,NMB,410.0,403.0,414.0,402.0,164932,stock
2021-04-27,NMB,423.0,411.0,423.0,402.0,133815,stock
2021-04-28,NMB,420.0,412.0,420.0,410.0,117707,stock
2021-04-29,NMB,414.0,414.0,418.0,412.0,69138,stock
2021-05-02,NMB,395.0,421.0,423.0,395.0,122228,stock
2021-05-03,NMB,442.0,417.0,442.0,415.0,92854,stock
2021-05-04,NMB,421.0,416.0,421.0,413.0,63482,stock
2021-05-05,NMB,436.0,414.0,436.0,411.0,61603,stock
2021-05-06,NMB,415.0,412.0,417.0,410.0,102514,stock
2021-05-09,NMB,413.0,413.0,417.0,410.0,125202,stock
2021-05-10,NMB,413.0,414.0,416.0,410.0,56168,stock
2021-05-11,NMB,417.0,418.0,419.0,416.0,63188,stock
2021-05-12,NMB,420.0,416.0,420.0,415.0,59730,stock
2021-05-13,NMB,420.0,415.0,420.0,415.0,89463,stock
2021-05-16,NMB,420.0,423.0,424.0,416.0,167954,stock
2021-05-17,NMB,430.0,425.0,430.0,421.0,150610,stock
2021-05-18,NMB,430.0,425.0,430.0,423.0,151670,stock
2021-05-19,NMB,429.0,427.0,433.0,425.0,211175,stock
2021-05-20,NMB,430.0,429.0,434.0,428.0,100987,stock
2021-05-23,NMB,429.0,436.0,436.0,417.0,208985,stock
2021-05-24,NMB,438.0,437.0,451.0,433.0,342503,stock
2021-05-25,NMB,440.0,431.0,440.0,431.0,144849,stock
2021-05-27,NMB,426.0,430.0,434.0,422.0,166463,stock
2021-05-30,NMB,430.0,438.0,441.0,430.0,242012,stock
2021-05-31,NMB,441.0,434.0,444.0,433.0,195829,stock
2021-06-01,NMB,436.0,430.0,437.0,425.0,145225,stock
2021-06-02,NMB,430.0,432.0,433.0,422.0,129625,stock
2021-06-03,NMB,435.0,442.0,449.0,431.0,457880,stock
2021-06-06,NMB,450.0,461.0,472.0,450.0,640308,stock
2021-06-07,NMB,461.0,452.0,470.0,447.0,476187,stock
2021-06-08,NMB,460.0,456.0,460.0,448.0,285798,stock
2021-06-09,NMB,465.0,452.0,465.0,450.0,213775,stock
2021-06-10,NMB,455.0,447.0,455.0,445.0,224442,stock
2021-06-13,NMB,450.0,448.0,452.0,440.0,278933,stock
2021-06-14,NMB,452.0,458.0,469.0,450.0,441744,stock
2021-06-15,NMB,464.0,458.0,468.0,457.0,274450,stock
2021-06-16,NMB,450.0,456.0,466.0,450.0,204408,stock
2021-06-17,NMB,457.0,451.0,460.0,451.0,176663,stock
2021-06-20,NMB,455.0,441.0,455.0,438.0,241771,stock
2021-06-21,NMB,445.0,434.0,451.0,434.0,226120,stock
2021-06-22,NMB,434.0,445.0,445.0,432.0,152975,stock
2021-06-23,NMB,445.0,437.0,450.0,436.0,128900,stock
2021-06-24,NMB,416.0,436.0,445.0,416.0,138120,stock
2021-06-27,NMB,437.0,443.0,446.0,435.0,168912,stock
2021-06-28,NMB,450.0,445.0,451.0,443.0,140799,stock
2021-06-29,NMB,423.0,440.0,447.0,423.0,90235,stock
2021-06-30,NMB,440.0,441.0,441.0,435.0,85430,stock
2021-07-01,NMB,441.0,439.0,447.0,438.0,79717,stock
2021-07-04,NMB,444.0,437.0,444.0,436.0,64672,stock
2021-07-05,NMB,437.0,436.0,440.0,432.0,72802,stock
2021-07-06,NMB,434.0,436.0,437.0,433.0,55218,stock
2021-07-07,NMB,440.0,435.0,440.0,435.0,65430,stock
2021-07-08,NMB,435.0,436.0,442.0,434.0,117018,stock
2021-07-11,NMB,444.0,445.0,445.0,436.0,165440,stock
2021-07-12,NMB,448.0,441.0,451.0,439.0,141553,stock
2021-07-13,NMB,450.0,443.0,450.0,436.0,71742,stock
2021-07-14,NMB,445.0,442.0,445.0,440.0,66406,stock
2021-07-15,NMB,442.0,440.0,444.0,435.0,147573,stock
2021-07-18,NMB,446.0,463.0,469.0,444.0,356221,stock
2021-07-19,NMB,472.0,479.0,490.0,468.0,575062,stock
2021-07-20,NMB,488.0,480.0,488.0,473.0,219942,stock
2021-07-22,NMB,482.0,492.0,495.0,478.0,397006,stock
2021-07-25,NMB,498.0,510.8,513.0,498.0,499345,stock
2021-07-26,NMB,517.0,499.0,517.0,495.9,388580,stock
2021-07-27,NMB,490.0,495.5,497.0,472.0,372228,stock
2021-07-28,NMB,496.0,490.0,503.0,487.3,164021,stock
2021-07-29,NMB,490.0,485.5,493.0,485.5,131486,stock
2021-08-01,NMB,485.0,487.8,494.7,485.0,116366,stock
2021-08-02,NMB,487.8,484.0,490.0,484.0,112338,stock
2021-08-03,NMB,488.0,481.0,488.0,477.3,175589,stock
2021-08-04,NMB,483.0,481.9,487.9,480.0,108354,stock
2021-08-05,NMB,485.0,481.0,485.0,479.0,133529,stock
2021-08-08,NMB,485.0,481.0,485.0,480.0,134664,stock
2021-08-09,NMB,484.0,477.5,484.0,477.0,124556,stock
2021-08-10,NMB,475.0,488.0,495.1,475.0,228883,stock
2021-08-11,NMB,495.0,484.1,500.0,482.0,197219,stock
2021-08-12,NMB,481.0,485.1,490.0,475.0,181474,stock
2021-08-15,NMB,494.0,483.5,494.0,480.0,309794,stock
2021-08-16,NMB,490.0,479.0,490.0,478.0,159892,stock
2021-08-17,NMB,482.0,473.0,482.0,470.0,170349,stock
2021-08-18,NMB,475.0,474.9,482.0,465.0,176978,stock
2021-08-19,NMB,475.0,468.0,480.0,468.0,170403,stock
2021-08-24,NMB,470.0,462.0,475.0,460.2,111029,stock
2021-08-25,NMB,463.0,456.0,463.0,455.0,111112,stock
2021-08-26,NMB,458.0,453.0,461.0,448.4,187783,stock
2021-08-29,NMB,455.0,449.0,460.0,446.0,195353,stock
2021-08-31,NMB,449.0,444.0,449.0,440.0,143720,stock
2021-09-01,NMB,448.0,446.5,452.0,439.1,112030,stock
2021-09-02,NMB,449.9,441.0,451.0,439.0,130405,stock
2021-09-05,NMB,441.0,428.0,441.0,422.1,172437,stock
2021-09-06,NMB,428.0,448.0,448.0,425.0,121636,stock
2021-09-07,NMB,452.0,440.0,452.0,438.0,77053,stock
2021-09-08,NMB,440.0,430.9,441.0,425.0,132390,stock
2021-09-09,NMB,438.1,432.0,439.0,427.0,84672,stock
2021-09-12,NMB,440.0,432.0,441.0,428.0,102331,stock
2021-09-13,NMB,432.0,438.0,440.0,432.0,77215,stock
2021-09-14,NMB,440.0,433.5,445.0,432.9,78115,stock
2021-09-15,NMB,433.0,430.0,433.0,428.0,62318,stock
2021-09-16,NMB,430.0,421.3,430.0,420.1,142013,stock
2021-09-20,NMB,425.0,410.3,428.0,410.0,141745,stock
2021-09-21,NMB,408.0,411.0,428.0,395.0,111562,stock
2021-09-22,NMB,419.0,424.0,425.0,417.0,78257,stock
2021-09-23,NMB,432.4,434.2,449.0,432.0,187872,stock
2021-09-26,NMB,442.0,432.0,450.0,430.0,117308,stock
2021-09-27,NMB,432.0,418.0,432.0,416.1,90612,stock
2021-09-28,NMB,419.0,409.0,420.0,407.0,88646,stock
2021-09-29,NMB,415.0,416.0,418.0,400.0,88535,stock
2021-09-30,NMB,416.0,409.0,418.0,409.0,57577,stock
2021-10-03,NMB,415.0,402.0,415.0,399.0,77945,stock
2021-10-04,NMB,405.0,400.0,408.9,395.0,81606,stock
2021-10-05,NMB,407.0,405.0,410.0,402.6,37896,stock
2021-10-06,NMB,412.0,409.0,412.0,405.0,71209,stock
2021-10-10,NMB,409.0,409.9,419.4,409.0,53200,stock
2021-10-11,NMB,410.0,410.0,410.0,401.0,45430,stock
2021-10-17,NMB,410.0,410.0,412.0,403.0,25763,stock
2021-10-18,NMB,406.1,401.0,408.0,399.0,53068,stock
2021-10-19,NMB,405.0,390.0,405.0,388.0,82549,stock
2021-10-20,NMB,397.0,397.0,405.0,395.0,46384,stock
2021-10-21,NMB,400.0,390.0,400.0,390.0,56513,stock
2021-10-24,NMB,385.1,394.5,395.0,385.1,40832,stock
2021-10-25,NMB,400.0,404.0,404.0,399.0,51482,stock
2021-10-26,NMB,408.5,416.8,416.9,408.0,68914,stock
2021-10-27,NMB,412.0,415.0,420.0,411.0,76003,stock
2021-10-28,NMB,414.0,413.0,415.0,411.0,37540,stock
2021-10-31,NMB,421.0,414.0,427.0,413.6,176901,stock
2021-11-01,NMB,422.2,414.8,422.2,411.6,133800,stock
2021-11-02,NMB,414.8,415.0,418.0,414.7,60246,stock
2021-11-03,NMB,417.0,416.1,418.0,413.0,78596,stock
2021-11-08,NMB,420.0,414.0,424.4,412.5,46299,stock
2021-11-09,NMB,413.0,404.1,414.0,404.0,77287,stock
2021-11-11,NMB,405.0,399.0,405.0,393.0,58943,stock
2021-11-14,NMB,398.0,394.5,399.0,392.0,46955,stock
2021-11-15,NMB,395.0,394.8,400.0,394.0,51694,stock
2021-11-16,NMB,398.8,399.0,399.0,395.0,68996,stock
2021-11-17,NMB,404.9,398.5,405.0,396.0,47947,stock
2021-11-18,NMB,399.0,394.0,400.0,393.8,49610,stock
2021-11-21,NMB,394.0,393.0,397.0,393.0,24380,stock
2021-11-22,NMB,395.0,391.5,397.0,390.0,38405,stock
2021-11-23,NMB,394.0,389.7,394.0,388.7,40645,stock
2021-11-24,NMB,394.9,387.0,395.0,383.1,38419,stock
2021-11-25,NMB,386.0,388.0,392.0,386.0,49647,stock
2021-11-28,NMB,388.0,379.0,388.0,377.4,78205,stock
2021-11-29,NMB,379.0,374.0,383.0,373.4,71430,stock
2021-11-30,NMB,374.1,376.0,381.0,370.1,106155,stock
2021-12-01,NMB,376.0,374.0,379.0,374.0,65797,stock
2021-12-02,NMB,381.4,377.4,383.0,375.0,87242,stock
2021-12-05,NMB,378.0,369.0,383.8,365.1,94079,stock
2021-12-06,NMB,370.0,370.0,373.0,357.0,98163,stock
2021-12-07,NMB,370.0,372.0,377.9,370.0,59150,stock
2021-12-08,NMB,371.0,365.5,373.9,365.0,51458,stock
2021-12-09,NMB,363.0,367.0,368.0,362.2,39811,stock
2021-12-12,NMB,370.0,362.0,371.0,360.0,48455,stock
2021-12-13,NMB,361.0,352.0,363.0,346.5,109886,stock
2021-12-14,NMB,359.0,369.7,370.7,356.0,48816,stock
2021-12-15,NMB,370.9,369.0,377.0,365.0,81540,stock
2021-12-16,NMB,369.0,367.8,369.0,362.0,45412,stock
2021-12-20,NMB,375.1,368.0,375.1,364.5,103629,stock
2021-12-21,NMB,373.0,378.4,380.0,371.0,172280,stock
2021-12-22,NMB,333.0,340.0,343.0,330.0,76814,stock
2021-12-23,NMB,340.0,337.1,342.0,335.0,39561,stock
2021-12-26,NMB,341.0,337.0,341.0,335.0,89358,stock
2021-12-27,NMB,340.0,332.0,340.9,331.0,62944,stock
2021-12-28,NMB,332.0,328.0,332.0,326.0,50081,stock
2021-12-29,NMB,334.0,329.0,334.0,326.5,49340,stock
2022-01-02,NMB,330.0,329.5,332.0,326.0,55759,stock
2022-01-03,NMB,335.0,335.0,338.0,329.0,61935,stock
2022-01-04,NMB,330.1,358.0,359.0,330.1,122527,stock
2022-01-05,NMB,360.0,349.0,363.0,348.1,61584,stock
2022-01-06,NMB,349.0,352.0,354.0,345.5,71121,stock
2022-01-09,NMB,355.5,364.0,365.0,354.0,138572,stock
2022-01-10,NMB,371.2,358.5,371.2,358.0,89810,stock
2022-01-11,NMB,362.0,359.0,362.0,355.0,81984,stock
2022-01-12,NMB,359.0,353.1,361.0,353.0,80396,stock
2022-01-13,NMB,352.0,353.4,357.0,352.0,57431,stock
2022-01-16,NMB,353.4,362.0,367.0,356.5,98299,stock
2022-01-17,NMB,369.0,365.1,370.0,361.0,61957,stock
2022-01-18,NMB,367.0,377.9,387.6,363.0,134459,stock
2022-01-19,NMB,373.5,370.0,378.0,367.4,82644,stock
2022-01-20,NMB,367.0,369.0,372.0,366.5,39556,stock
2022-01-23,NMB,371.0,362.0,371.0,359.0,72095,stock
2022-01-24,NMB,360.0,349.0,361.0,347.0,76337,stock
2022-01-25,NMB,355.9,350.0,355.9,345.0,54720,stock
2022-01-26,NMB,345.0,343.1,349.0,342.0,44525,stock
2022-01-27,NMB,345.0,340.1,349.0,339.0,37922,stock
2022-01-30,NMB,346.9,352.0,360.0,346.9,45647,stock
2022-01-31,NMB,352.0,347.0,355.0,346.5,28505,stock
2022-02-01,NMB,347.0,347.5,349.0,343.0,46912,stock
2022-02-03,NMB,353.0,347.0,354.0,345.0,55570,stock
2022-02-06,NMB,345.0,342.0,350.0,340.0,52586,stock
2022-02-07,NMB,341.0,340.7,344.0,338.3,50996,stock
2022-02-08,NMB,347.0,340.0,355.5,339.0,62268,stock
2022-02-09,NMB,340.0,338.0,342.0,337.0,36942,stock
2022-02-10,NMB,339.0,335.0,339.0,334.5,46342,stock
2022-02-13,NMB,330.0,324.4,334.0,324.0,98866,stock
2022-02-14,NMB,328.0,324.0,330.9,321.0,90724,stock
2022-02-15,NMB,325.1,327.0,328.0,322.5,62430,stock
2022-02-16,NMB,327.0,326.0,328.5,325.0,39665,stock
2022-02-17,NMB,327.0,326.5,330.0,326.0,19827,stock
2022-02-20,NMB,324.0,322.8,326.0,319.0,40760,stock
2022-02-21,NMB,323.0,325.0,326.0,320.0,43544,stock
2022-02-22,NMB,325.0,325.2,330.0,322.5,34205,stock
2022-02-23,NMB,327.0,324.0,327.0,323.0,32142,stock
2022-02-24,NMB,322.0,317.1,322.1,316.0,75064,stock
2022-02-27,NMB,320.0,314.5,320.0,314.0,34905,stock
2022-02-28,NMB,320.7,313.8,324.0,313.0,41040,stock
2022-03-02,NMB,310.0,309.1,315.0,308.0,52893,stock
2022-03-06,NMB,312.0,309.1,315.0,308.7,44259,stock
2022-03-07,NMB,309.0,309.0,315.0,309.0,22309,stock
2022-03-09,NMB,312.0,307.0,313.7,305.0,48000,stock
2022-03-10,NMB,307.0,310.9,311.0,305.0,19182,stock
2022-03-13,NMB,317.0,322.8,325.0,310.0,42573,stock
2022-03-14,NMB,323.0,316.5,326.9,316.5,20253,stock
2022-03-15,NMB,317.0,317.9,320.0,315.3,28534,stock
2022-03-16,NMB,318.1,316.0,318.7,315.1,20388,stock
2022-03-20,NMB,315.5,314.5,316.0,310.0,21991,stock
2022-03-21,NMB,315.0,316.0,318.0,309.1,50637,stock
2022-03-22,NMB,317.0,316.1,320.0,315.7,38548,stock
2022-03-23,NMB,317.0,314.9,317.1,311.0,37611,stock
2022-03-24,NMB,310.0,312.0,315.0,310.0,32775,stock
2022-03-27,NMB,315.0,309.2,315.0,308.0,66245,stock
2022-03-28,NMB,309.0,307.9,311.0,305.0,45565,stock
2022-03-29,NMB,309.0,304.9,310.0,302.3,40283,stock
2022-03-30,NMB,305.0,304.0,306.0,300.0,45545,stock
2022-03-31,NMB,310.0,304.0,310.0,303.0,29850,stock
2022-04-03,NMB,306.0,303.5,306.0,300.0,32112,stock
2022-04-04,NMB,303.0,306.0,307.0,301.0,49325,stock
2022-04-05,NMB,306.0,301.0,306.0,298.0,72788,stock
2022-04-06,NMB,300.0,297.0,300.0,295.0,50955,stock
2022-04-07,NMB,302.0,297.0,302.9,294.1,79585,stock
2022-04-11,NMB,301.0,295.0,305.0,294.0,42419,stock
2022-04-12,NMB,295.0,291.0,298.0,290.0,36014,stock
2022-04-13,NMB,291.0,293.0,294.9,290.0,28247,stock
2022-04-17,NMB,297.0,294.0,300.0,292.0,35265,stock
2022-04-18,NMB,290.0,293.5,294.0,290.0,28035,stock
2022-04-19,NMB,295.0,293.0,299.0,286.0,32995,stock
2022-04-20,NMB,293.0,292.9,297.0,290.3,30230,stock
2022-04-21,NMB,296.0,289.0,297.0,287.0,37519,stock
2022-04-24,NMB,293.9,299.9,301.0,290.5,35293,stock
2022-04-25,NMB,304.9,296.0,305.0,296.0,25030,stock
2022-04-26,NMB,295.0,297.0,300.0,293.0,27948,stock
2022-04-27,NMB,297.0,294.2,298.0,294.0,19611,stock
2022-04-28,NMB,295.0,293.0,295.0,292.0,25873,stock
2022-05-02,NMB,293.0,291.0,294.0,289.0,27499,stock
2022-05-04,NMB,287.0,286.0,290.9,285.2,26156,stock
2022-05-05,NMB,290.0,281.5,290.0,281.0,33439,stock
2022-05-08,NMB,281.9,279.0,283.0,277.0,33057,stock
2022-05-09,NMB,284.0,285.0,290.0,281.4,31437,stock
2022-05-10,NMB,287.0,290.9,294.5,285.0,26916,stock
2022-05-11,NMB,296.0,294.6,296.5,292.0,18753,stock
2022-05-12,NMB,298.0,296.9,300.0,293.0,32610,stock
2022-05-17,NMB,298.0,288.0,299.0,287.0,18997,stock
2022-05-18,NMB,287.0,288.4,290.0,283.0,16563,stock
2022-05-19,NMB,290.0,288.0,290.0,286.0,18632,stock
2022-05-20,NMB,286.0,283.1,288.0,283.0,20893,stock
2022-05-23,NMB,286.0,280.0,286.0,280.0,22294,stock
2022-05-24,NMB,280.0,282.0,285.0,280.0,22025,stock
2022-05-25,NMB,285.0,282.8,286.0,281.0,18363,stock
2022-05-26,NMB,285.0,284.9,285.0,281.0,23601,stock
2022-05-27,NMB,287.0,285.9,287.0,282.5,32991,stock
2022-05-30,NMB,289.9,279.0,289.9,278.0,28175,stock
2022-05-31,NMB,280.0,272.0,282.0,271.0,31231,stock
2022-06-01,NMB,275.0,273.0,278.0,270.0,17677,stock
2022-06-02,NMB,273.1,271.3,276.0,270.0,17865,stock
2022-06-03,NMB,269.5,269.0,273.0,266.0,26798,stock
2022-06-06,NMB,270.1,264.0,273.0,260.0,37197,stock
2022-06-07,NMB,264.0,258.1,264.0,258.1,35120,stock
2022-06-08,NMB,260.0,267.4,269.0,260.0,32014,stock
2022-06-09,NMB,272.5,270.8,275.2,269.0,42161,stock
2022-06-10,NMB,274.9,268.0,274.9,262.0,31416,stock
2022-06-13,NMB,268.0,264.5,268.0,263.0,25913,stock
2022-06-14,NMB,263.0,262.2,266.0,260.5,21077,stock
2022-06-15,NMB,258.0,256.7,260.0,255.0,49181,stock
2022-06-16,NMB,253.0,264.0,264.0,251.6,39007,stock
2022-06-17,NMB,264.0,267.0,272.0,264.0,34708,stock
2022-06-19,NMB,265.2,262.9,270.0,262.0,31938,stock
2022-06-20,NMB,267.0,256.0,268.0,254.3,43981,stock
2022-06-21,NMB,253.0,258.0,262.1,252.0,31684,stock
2022-06-22,NMB,260.0,255.0,260.0,252.9,35992,stock
2022-06-23,NMB,250.0,250.0,255.0,248.0,60116,stock
2022-06-24,NMB,250.0,249.9,251.0,240.0,38218,stock
2022-06-26,NMB,250.1,257.2,260.0,250.1,41691,stock
2022-06-27,NMB,262.0,255.0,262.0,253.0,22906,stock
2022-06-28,NMB,250.0,254.0,255.0,249.0,27958,stock
2022-06-29,NMB,251.0,256.0,256.0,251.0,26210,stock
2022-06-30,NMB,255.0,262.0,262.1,255.0,39723,stock
2022-07-01,NMB,265.1,260.0,266.0,259.1,18894,stock
2022-07-03,NMB,260.0,260.0,260.0,255.1,45552,stock
2022-07-04,NMB,261.5,258.4,267.5,258.1,71547,stock
2022-07-05,NMB,257.0,258.0,261.0,255.0,93016,stock
2022-07-06,NMB,260.0,257.1,260.0,255.0,78518,stock
2022-07-07,NMB,262.2,257.0,263.0,256.0,83273,stock
2022-07-08,NMB,254.0,256.0,256.9,254.0,58995,stock
2022-07-11,NMB,254.0,247.0,254.0,245.0,46135,stock
2022-07-12,NMB,247.0,249.3,251.8,245.0,86608,stock
2022-07-13,NMB,248.0,258.0,258.0,247.1,77928,stock
2022-07-14,NMB,262.0,258.0,263.0,256.0,22474,stock
2022-07-15,NMB,261.9,261.0,262.0,258.0,23894,stock
2022-07-17,NMB,263.0,263.0,264.7,260.4,18810,stock
2022-07-18,NMB,268.0,265.9,268.0,260.0,15538,stock
2022-07-19,NMB,270.0,267.9,270.0,265.0,14780,stock
2022-07-20,NMB,267.0,266.4,268.1,265.0,14994,stock
2022-07-21,NMB,266.0,265.1,272.0,264.0,29627,stock
2022-07-22,NMB,263.1,258.6,264.0,257.1,15718,stock
2022-07-24,NMB,263.0,262.0,264.0,259.0,17733,stock
2022-07-25,NMB,267.2,265.0,270.0,262.4,30012,stock
2022-07-26,NMB,266.0,260.1,267.0,260.0,24462,stock
2022-07-27,NMB,264.0,258.0,264.0,257.2,24772,stock
2022-07-28,NMB,261.0,258.0,261.0,256.0,52551,stock
2022-07-29,NMB,263.0,258.0,263.0,255.0,15734,stock
2022-07-31,NMB,263.0,266.9,267.7,257.0,54953,stock
2022-08-01,NMB,270.0,272.0,277.0,267.1,54534,stock
2022-08-02,NMB,270.0,269.0,275.0,266.1,24149,stock
2022-08-03,NMB,273.2,269.9,273.2,266.0,39081,stock
2022-08-04,NMB,274.0,268.9,275.0,265.0,70344,stock
2022-08-05,NMB,265.0,260.6,268.0,260.0,39936,stock
2022-08-07,NMB,255.4,260.0,264.9,255.4,31446,stock
2022-08-08,NMB,264.0,261.0,264.0,259.0,39890,stock
2022-08-09,NMB,260.0,256.0,260.0,255.0,36926,stock
2022-08-10,NMB,256.0,255.1,257.0,250.0,27734,stock
2022-08-11,NMB,255.0,254.2,259.0,251.0,25733,stock
2022-08-14,NMB,252.0,250.9,257.0,249.5,34444,stock
2022-08-15,NMB,251.0,253.0,254.0,250.0,17395,stock
2022-08-16,NMB,253.0,254.0,263.1,252.0,24975,stock
2022-08-17,NMB,254.0,253.0,258.9,251.5,28085,stock
2022-08-18,NMB,253.0,252.0,255.0,251.4,48355,stock
2022-08-21,NMB,257.0,252.0,259.0,252.0,29978,stock
2022-08-22,NMB,257.0,254.0,257.0,252.0,18178,stock
2022-08-23,NMB,254.0,254.7,256.8,253.4,22013,stock
2022-08-24,NMB,256.0,255.0,257.8,254.0,21891,stock
2022-08-25,NMB,253.3,254.0,257.8,253.1,17766,stock
2022-08-26,NMB,250.9,252.0,253.0,250.0,18641,stock
2022-08-28,NMB,249.0,249.0,251.0,246.0,25195,stock
2022-08-29,NMB,249.0,248.8,250.0,245.1,28587,stock
2022-08-30,NMB,250.0,248.0,251.0,247.0,10174,stock
2022-08-31,NMB,248.0,247.9,249.0,245.1,15427,stock
2022-09-01,NMB,244.0,246.9,247.9,243.0,23454,stock
2022-09-02,NMB,248.0,244.0,248.0,243.7,9339,stock
2022-09-04,NMB,248.0,246.0,248.0,243.1,26064,stock
2022-09-05,NMB,244.0,247.0,248.0,244.0,12747,stock
2022-09-06,NMB,245.0,244.5,246.9,244.5,18774,stock
2022-09-07,NMB,245.0,243.1,248.7,242.0,17856,stock
2022-09-08,NMB,242.0,242.0,244.0,241.1,15192,stock
2022-09-11,NMB,240.4,241.1,243.1,240.0,18482,stock
2022-09-12,NMB,240.0,237.0,240.0,236.9,31371,stock
2022-09-13,NMB,240.0,238.0,240.0,237.1,12617,stock
2022-09-14,NMB,239.9,240.9,242.7,238.0,21555,stock
2022-09-15,NMB,244.0,238.0,244.0,235.1,46594,stock
2022-09-16,NMB,235.0,237.4,237.9,231.3,18591,stock
2022-09-18,NMB,233.0,235.4,236.5,229.0,45605,stock
2022-09-20,NMB,232.0,230.0,234.9,228.0,31286,stock
2022-09-21,NMB,233.9,229.0,234.6,228.0,15903,stock
2022-09-22,NMB,230.0,230.9,233.0,228.1,16104,stock
2022-09-25,NMB,231.0,228.0,231.0,226.4,17585,stock
2022-09-27,NMB,227.1,229.0,231.0,226.5,14567,stock
2022-09-28,NMB,231.5,230.0,232.0,228.0,14894,stock
2022-09-29,NMB,227.0,232.0,234.0,227.0,27080,stock
2022-10-09,NMB,235.0,238.0,239.0,230.1,12426,stock
2022-10-10,NMB,240.0,235.6,240.0,234.0,10333,stock
2022-10-11,NMB,235.0,234.0,235.6,230.3,13708,stock
2022-10-12,NMB,238.0,235.9,238.0,233.3,27483,stock
2022-10-13,NMB,237.7,238.0,238.0,229.0,46288,stock
2022-10-16,NMB,234.0,232.1,237.0,232.0,18406,stock
2022-10-17,NMB,234.0,235.0,236.0,234.0,9152,stock
2022-10-19,NMB,235.0,236.0,236.0,232.1,15500,stock
2022-10-20,NMB,237.0,234.9,237.0,231.3,8916,stock
2022-10-23,NMB,235.0,237.5,238.0,235.0,10105,stock
2022-10-31,NMB,239.0,238.5,241.9,235.2,17333,stock
2022-11-01,NMB,239.0,249.0,250.0,239.0,29369,stock
2022-11-02,NMB,249.5,247.0,251.0,241.0,29667,stock
2022-11-03,NMB,247.0,244.0,247.0,243.0,19597,stock
2022-11-06,NMB,246.0,248.0,248.3,242.3,27429,stock
2022-11-07,NMB,249.0,247.8,252.5,247.5,30701,stock
2022-11-08,NMB,245.4,245.0,248.0,244.3,18018,stock
2022-11-09,NMB,245.0,241.0,246.0,237.5,38799,stock
2022-11-10,NMB,241.0,239.0,242.0,238.6,15835,stock
2022-11-13,NMB,240.0,236.1,240.0,236.0,9257,stock
2022-11-14,NMB,238.0,235.0,238.0,233.6,31347,stock
2022-11-15,NMB,239.5,235.0,239.5,234.0,23444,stock
2022-11-16,NMB,236.2,236.0,237.0,232.3,16942,stock
2022-11-17,NMB,239.8,240.0,240.0,236.1,17325,stock
2022-11-22,NMB,244.5,241.0,244.5,238.0,17690,stock
2022-11-23,NMB,244.0,243.0,245.8,238.0,14169,stock
2022-11-24,NMB,240.0,245.0,246.7,240.0,21347,stock
2022-11-27,NMB,241.0,249.5,249.5,241.0,25124,stock
2022-11-28,NMB,248.1,248.0,250.9,247.7,30667,stock
2022-11-29,NMB,247.0,250.0,250.0,241.0,36930,stock
2022-11-30,NMB,250.7,253.9,254.9,246.0,36084,stock
2022-12-01,NMB,251.0,255.0,258.6,248.9,49007,stock
2022-12-04,NMB,258.0,257.9,259.0,253.0,28836,stock
2022-12-05,NMB,263.0,252.0,263.0,252.0,58210,stock
2022-12-06,NMB,247.0,236.7,248.0,233.3,110192,stock
2022-12-07,NMB,241.4,234.5,241.4,232.6,50940,stock
2022-12-11,NMB,234.0,232.0,234.0,230.0,43742,stock
2022-12-12,NMB,230.0,230.0,231.5,225.6,60300,stock
2022-12-13,NMB,231.0,232.0,232.5,229.4,11453,stock
2022-12-14,NMB,230.0,230.0,233.0,228.3,20869,stock
2022-12-15,NMB,229.0,230.4,232.0,228.0,20588,stock
2022-12-18,NMB,228.0,229.9,231.0,226.7,36667,stock
2022-12-19,NMB,229.9,228.0,230.0,226.5,19234,stock
2022-12-20,NMB,230.0,231.0,232.0,227.1,27152,stock
2022-12-21,NMB,227.2,230.8,231.0,227.2,13481,stock
2022-12-22,NMB,228.0,233.0,233.9,228.0,27822,stock
2022-12-26,NMB,232.0,234.0,234.0,229.0,39542,stock
2022-12-27,NMB,238.0,235.4,240.0,232.2,68568,stock
2022-12-28,NMB,236.0,232.5,237.0,232.0,34737,stock
2022-12-29,NMB,230.1,232.6,234.9,228.0,35990,stock
2023-01-01,NMB,236.0,233.3,246.8,232.4,59109,stock
2023-01-02,NMB,232.2,238.9,241.5,232.1,43136,stock
2023-01-03,NMB,237.0,236.0,240.0,233.0,43145,stock
2023-01-04,NMB,235.0,240.0,241.2,234.2,46503,stock
2023-01-05,NMB,243.0,238.1,245.0,236.5,36274,stock
2023-01-08,NMB,240.0,237.3,241.9,235.1,57693,stock
2023-01-09,NMB,235.0,249.0,249.0,234.1,103395,stock
2023-01-10,NMB,251.0,252.0,268.2,246.0,139095,stock
2023-01-12,NMB,254.0,246.0,264.0,245.0,70807,stock
2023-01-17,NMB,248.8,245.0,249.0,241.2,49910,stock
2023-01-18,NMB,243.1,242.0,248.0,241.7,68116,stock
2023-01-19,NMB,240.1,242.0,244.0,240.0,53929,stock
2023-01-23,NMB,245.0,245.7,254.0,245.0,87172,stock
2023-01-24,NMB,242.5,247.9,255.6,242.5,53484,stock
2023-01-25,NMB,252.0,248.0,252.0,245.0,108753,stock
2023-01-26,NMB,246.0,245.0,249.8,244.5,42617,stock
2023-01-29,NMB,245.0,243.0,245.0,240.0,41562,stock
2023-01-30,NMB,239.0,236.2,240.0,236.2,51037,stock
2023-01-31,NMB,240.0,234.1,240.0,232.3,42708,stock
2023-02-01,NMB,234.9,233.0,235.0,232.0,39313,stock
2023-02-02,NMB,230.0,232.5,237.0,230.0,32012,stock
2023-02-05,NMB,232.5,231.0,235.0,230.4,49241,stock
2023-02-06,NMB,231.5,234.0,234.4,230.6,23794,stock
2023-02-07,NMB,238.0,251.0,251.0,235.2,54758,stock
2023-02-08,NMB,247.0,245.0,251.0,241.4,81454,stock
2023-02-09,NMB,240.2,246.0,246.8,240.2,37191,stock
2023-02-12,NMB,241.5,238.0,244.8,236.7,41303,stock
2023-02-14,NMB,238.0,234.3,238.0,234.2,27997,stock
2023-02-15,NMB,235.0,232.9,236.0,232.0,23395,stock
2023-02-16,NMB,231.5,229.9,232.0,229.7,55960,stock
2023-02-20,NMB,229.0,228.0,230.0,225.5,111150,stock
2023-02-22,NMB,232.5,244.4,244.4,228.0,37875,stock
2023-02-23,NMB,245.0,232.0,245.0,229.0,159136,stock
2023-02-26,NMB,227.5,229.1,231.0,226.1,43470,stock
2023-02-27,NMB,232.0,232.0,232.0,227.6,74966,stock
2023-02-28,NMB,232.0,228.0,232.0,227.8,31982,stock
2023-03-01,NMB,232.0,226.0,232.0,226.0,30685,stock
2023-03-02,NMB,229.0,225.5,229.0,225.0,22841,stock
2023-03-05,NMB,225.3,225.0,227.9,223.6,33396,stock
2023-03-07,NMB,227.0,226.5,229.0,225.0,23977,stock
2023-03-09,NMB,225.6,231.0,232.5,225.6,32747,stock
2023-03-12,NMB,235.0,224.0,235.0,223.1,56015,stock
2023-03-13,NMB,223.0,221.3,225.0,220.5,67770,stock
2023-03-14,NMB,222.0,220.7,223.0,219.0,63535,stock
2023-03-15,NMB,219.0,219.0,220.9,217.9,51000,stock
2023-03-16,NMB,219.0,221.0,222.0,218.0,32636,stock
2023-03-19,NMB,220.0,220.9,222.0,219.0,47758,stock
2023-03-20,NMB,221.0,222.0,224.0,220.0,26799,stock
2023-03-22,NMB,225.0,222.0,226.0,220.2,21734,stock
2023-03-23,NMB,221.0,229.9,238.6,220.0,91433,stock
2023-03-26,NMB,234.0,226.0,234.0,224.0,47037,stock
2023-03-27,NMB,223.0,226.0,226.0,221.0,28974,stock
2023-03-28,NMB,229.9,223.0,229.9,222.0,31475,stock
2023-03-29,NMB,220.1,223.8,224.0,220.1,17194,stock
2023-03-30,NMB,226.9,223.1,226.9,223.0,13294,stock
2023-04-02,NMB,223.2,220.0,226.8,220.0,34052,stock
2023-04-03,NMB,220.0,219.8,221.0,217.0,36234,stock
2023-04-04,NMB,218.0,218.0,219.9,215.0,34718,stock
2023-04-05,NMB,218.0,217.5,219.0,216.0,26723,stock
2023-04-06,NMB,220.0,218.0,221.0,217.0,36962,stock
2023-04-09,NMB,216.1,219.0,219.0,215.0,42893,stock
2023-04-10,NMB,221.0,227.0,227.9,216.6,48581,stock
2023-04-11,NMB,231.0,227.6,231.0,223.5,47241,stock
2023-04-12,NMB,231.9,239.0,239.0,229.1,64098,stock
2023-04-13,NMB,236.7,235.0,239.0,231.4,61719,stock
2023-04-16,NMB,233.0,235.0,236.0,232.0,15615,stock
2023-04-17,NMB,232.0,228.1,235.0,227.5,45894,stock
2023-04-18,NMB,228.0,234.0,234.0,228.0,33044,stock
2023-04-19,NMB,232.6,239.0,240.0,232.0,38472,stock
2023-04-20,NMB,243.0,236.9,243.7,232.9,47590,stock
2023-04-23,NMB,234.1,235.0,238.0,234.0,49216,stock
2023-04-24,NMB,231.0,235.0,239.0,231.0,37291,stock
2023-04-25,NMB,237.0,239.0,239.0,233.1,48939,stock
2023-04-26,NMB,239.1,239.0,239.1,235.0,33751,stock
2023-04-27,NMB,234.5,239.0,239.6,232.3,22462,stock
2023-04-30,NMB,235.0,234.5,239.0,233.0,39278,stock
2023-05-02,NMB,234.5,234.0,238.0,231.0,23939,stock
2023-05-03,NMB,234.0,232.8,236.9,232.0,25301,stock
2023-05-04,NMB,237.2,236.0,238.0,232.5,22148,stock
2023-05-07,NMB,236.0,235.0,236.5,232.3,25325,stock
2023-05-08,NMB,232.0,234.0,236.0,231.0,34426,stock
2023-05-09,NMB,235.0,235.0,236.0,231.0,26604,stock
2023-05-10,NMB,239.7,235.0,239.7,231.3,32827,stock
2023-05-11,NMB,232.0,235.0,238.7,231.0,21735,stock
2023-05-14,NMB,237.0,236.8,237.0,232.8,28955,stock
2023-05-15,NMB,236.0,236.0,236.4,232.4,27421,stock
2023-05-16,NMB,237.9,235.0,237.9,230.0,28676,stock
2023-05-17,NMB,231.6,236.3,236.3,231.6,33096,stock
2023-05-18,NMB,233.0,234.0,237.5,231.6,31399,stock
2023-05-21,NMB,234.0,233.8,238.5,233.8,25218,stock
2023-05-22,NMB,232.0,231.7,234.0,231.5,25656,stock
2023-05-23,NMB,231.8,236.0,238.0,230.6,32178,stock
2023-05-24,NMB,233.1,235.5,240.0,233.1,29542,stock
2023-05-28,NMB,235.2,234.2,239.8,234.2,61630,stock
2023-05-30,NMB,231.0,228.0,234.0,227.0,63581,stock
2023-05-31,NMB,228.0,221.0,228.0,220.0,76508,stock
2023-06-01,NMB,222.0,220.1,224.0,217.0,72745,stock
2023-06-04,NMB,215.7,230.6,230.6,215.7,32332,stock
2023-06-05,NMB,235.0,226.8,235.0,226.0,37741,stock
2023-06-06,NMB,223.0,228.9,229.0,222.7,45046,stock
2023-06-07,NMB,228.0,229.4,229.9,224.4,38569,stock
2023-06-08,NMB,225.0,228.0,228.0,223.0,32988,stock
2023-06-11,NMB,230.0,227.0,230.0,226.0,28089,stock
2023-06-12,NMB,228.5,227.5,229.8,226.0,18267,stock
2023-06-13,NMB,225.2,227.5,229.9,225.2,36204,stock
2023-06-14,NMB,229.9,229.0,231.9,226.5,74639,stock
2023-06-15,NMB,228.0,228.0,230.0,227.0,23090,stock
2023-06-18,NMB,223.6,226.0,228.9,223.6,70113,stock
2023-06-19,NMB,228.0,223.7,230.5,223.6,85899,stock
2023-06-20,NMB,221.5,229.0,230.5,221.5,115964,stock
2023-06-21,NMB,227.0,226.5,229.0,224.5,83469,stock
2023-06-22,NMB,226.5,222.3,228.0,222.2,43989,stock
2023-06-25,NMB,220.2,223.0,225.0,220.2,98814,stock
2023-06-26,NMB,223.0,224.0,227.0,221.5,113243,stock
2023-06-27,NMB,225.5,232.0,232.3,223.1,74083,stock
2023-06-28,NMB,234.0,229.0,236.6,228.0,69435,stock
2023-07-02,NMB,226.0,226.0,230.0,221.5,48874,stock
2023-07-03,NMB,229.5,223.7,229.5,223.0,35265,stock
2023-07-04,NMB,223.7,226.0,226.0,220.4,50284,stock
2023-07-05,NMB,225.0,223.0,225.0,222.0,33548,stock
2023-07-06,NMB,221.0,221.9,223.0,220.0,33843,stock
2023-07-09,NMB,222.0,226.0,227.0,220.1,393197,stock
2023-07-10,NMB,226.0,224.5,229.0,222.0,339164,stock
2023-07-11,NMB,225.0,225.8,225.9,222.1,54191,stock
2023-07-12,NMB,225.0,223.0,228.0,222.4,50705,stock
2023-07-13,NMB,226.0,224.0,226.0,222.2,43973,stock
2023-07-16,NMB,225.0,226.0,227.9,224.0,47698,stock
2023-07-17,NMB,228.9,234.0,236.0,225.1,76129,stock
2023-07-18,NMB,234.9,235.6,237.8,232.0,65540,stock
2023-07-19,NMB,234.0,242.0,244.8,233.0,126285,stock
2023-07-20,NMB,245.0,239.6,246.0,239.2,97009,stock
2023-07-23,NMB,242.9,251.9,251.9,240.0,124235,stock
2023-07-24,NMB,251.9,243.0,252.0,240.2,178398,stock
2023-07-25,NMB,241.0,236.6,241.0,236.5,48038,stock
2023-07-26,NMB,236.7,237.0,240.0,235.2,47892,stock
2023-07-27,NMB,238.0,233.1,238.0,232.5,49882,stock
2023-07-30,NMB,234.0,232.0,235.9,230.1,52688,stock
2023-07-31,NMB,235.9,234.9,237.7,230.1,94668,stock
2023-08-01,NMB,239.5,233.5,239.5,232.0,23606,stock
2023-08-02,NMB,232.1,236.2,237.8,232.0,47315,stock
2023-08-03,NMB,239.0,239.0,243.0,236.0,62826,stock
2023-08-06,NMB,240.0,231.0,243.0,229.5,81590,stock
2023-08-07,NMB,229.1,228.8,231.0,226.4,33296,stock
2023-08-08,NMB,226.3,227.0,229.0,225.0,25710,stock
2023-08-09,NMB,223.0,228.1,229.0,221.4,36060,stock
2023-08-10,NMB,228.2,226.0,229.0,223.7,21931,stock
2023-08-13,NMB,226.0,228.0,230.0,224.0,20552,stock
2023-08-14,NMB,230.0,230.3,230.4,226.3,21616,stock
2023-08-15,NMB,230.6,226.0,232.5,225.8,19589,stock
2023-08-16,NMB,226.0,227.0,229.0,222.6,40284,stock
2023-08-17,NMB,227.0,226.0,227.0,224.1,33630,stock
2023-08-20,NMB,224.0,224.0,225.7,223.0,17213,stock
2023-08-21,NMB,222.5,223.0,228.0,222.5,37128,stock
2023-08-22,NMB,222.0,227.9,227.9,221.1,38096,stock
2023-08-23,NMB,227.0,226.0,229.7,225.2,20675,stock
2023-08-24,NMB,228.0,226.0,230.0,225.0,52219,stock
2023-08-27,NMB,226.1,223.2,226.5,223.2,14027,stock
2023-08-28,NMB,223.2,224.0,226.0,223.0,17317,stock
2023-08-29,NMB,225.0,224.0,225.0,221.0,17626,stock
2023-08-30,NMB,228.3,223.0,228.3,222.0,22627,stock
2023-09-03,NMB,222.2,221.3,223.5,221.3,21914,stock
2023-09-04,NMB,221.0,220.1,224.0,218.1,26587,stock
2023-09-05,NMB,220.0,219.5,222.0,219.4,18538,stock
2023-09-07,NMB,220.0,217.0,220.0,216.0,33962,stock
2023-09-10,NMB,216.1,216.0,219.0,215.7,34177,stock
2023-09-11,NMB,219.0,220.0,221.4,217.0,29684,stock
2023-09-12,NMB,223.0,219.9,223.0,219.0,14278,stock
2023-09-13,NMB,219.1,218.9,221.0,217.0,60115,stock
2023-09-17,NMB,218.0,217.8,221.8,216.0,42264,stock
2023-09-18,NMB,217.0,216.0,218.9,215.7,19124,stock
2023-09-19,NMB,216.0,216.2,217.0,215.9,23680,stock
2023-09-21,NMB,220.5,219.0,221.0,218.1,53318,stock
2023-09-24,NMB,219.0,218.0,221.0,218.0,23695,stock
2023-09-25,NMB,219.0,217.1,220.9,217.1,20532,stock
2023-09-26,NMB,220.9,217.7,220.9,217.5,25539,stock
2023-09-27,NMB,218.0,217.2,219.5,217.0,12362,stock
2023-10-01,NMB,217.1,216.3,218.0,215.1,28295,stock
2023-10-02,NMB,217.0,215.6,217.0,215.4,20886,stock
2023-10-03,NMB,215.2,215.1,216.5,215.0,22558,stock
2023-10-04,NMB,215.1,216.0,217.0,215.0,28315,stock
2023-10-05,NMB,218.0,215.0,218.0,214.6,14466,stock
2023-10-08,NMB,215.0,212.0,217.0,212.0,36655,stock
2023-10-09,NMB,215.0,212.1,215.0,211.1,39214,stock
2023-10-10,NMB,211.0,209.3,212.5,209.3,40439,stock
2023-10-11,NMB,209.0,212.0,212.0,208.6,25549,stock
2023-10-12,NMB,214.0,208.7,214.0,208.0,40038,stock
2023-10-16,NMB,207.0,206.8,208.9,206.0,25722,stock
2023-10-17,NMB,207.0,208.5,210.0,207.0,21092,stock
2023-10-18,NMB,210.9,212.0,212.8,209.0,20709,stock
2023-10-19,NMB,214.9,209.0,214.9,200.9,46766,stock
2023-10-29,NMB,207.4,206.5,210.0,206.0,15376,stock
2023-10-30,NMB,204.0,207.0,208.4,204.0,18675,stock
2023-10-31,NMB,210.0,206.0,210.0,205.8,10621,stock
2023-11-01,NMB,203.0,208.0,208.9,203.0,21930,stock
2023-11-02,NMB,205.0,205.4,207.0,205.0,12966,stock
2023-11-05,NMB,202.1,203.0,205.8,202.1,41623,stock
2023-11-06,NMB,201.5,205.9,205.9,201.2,28527,stock
2023-11-07,NMB,204.0,207.2,210.0,203.0,21004,stock
2023-11-08,NMB,206.0,207.6,209.7,206.0,6277,stock
2023-11-09,NMB,205.5,205.1,206.5,204.5,15797,stock
2023-11-20,NMB,208.0,207.0,209.7,205.4,16861,stock
2023-11-21,NMB,205.2,204.5,208.8,204.2,16966,stock
2023-11-22,NMB,204.5,204.3,207.0,204.2,10209,stock
2023-11-23,NMB,204.5,205.0,206.0,202.5,7964,stock
2023-11-26,NMB,208.0,208.9,209.9,204.9,22763,stock
2023-11-27,NMB,209.0,207.0,210.9,206.0,16144,stock
2023-11-28,NMB,204.7,205.0,207.8,204.7,20011,stock
2023-11-29,NMB,205.0,204.3,207.0,202.2,13075,stock
2023-11-30,NMB,200.3,198.5,200.3,196.0,60404,stock
2023-12-03,NMB,197.1,196.1,197.1,195.2,36956,stock
2023-12-04,NMB,197.0,195.0,197.0,194.9,40730,stock
2023-12-05,NMB,195.0,194.7,195.4,194.5,26490,stock
2023-12-06,NMB,195.0,194.3,195.0,194.0,39066,stock
2023-12-07,NMB,193.1,196.2,197.0,193.0,60864,stock
2023-12-10,NMB,200.1,208.0,208.1,200.1,2445,stock
2023-12-11,NMB,212.0,211.5,215.0,200.4,115415,stock
2023-12-12,NMB,210.0,208.0,211.0,207.2,57875,stock
2023-12-13,NMB,208.0,209.2,211.2,208.0,100545,stock
2023-12-14,NMB,210.0,208.2,211.0,206.0,74281,stock
2023-12-17,NMB,204.1,203.0,204.1,192.5,81185,stock
2023-12-18,NMB,203.0,209.0,209.0,203.0,75100,stock
2023-12-19,NMB,210.0,214.2,214.2,208.8,68768,stock
2023-12-20,NMB,210.0,213.0,216.9,210.0,58663,stock
2023-12-21,NMB,213.0,208.9,215.0,208.9,66169,stock
2023-12-24,NMB,209.0,209.1,214.0,209.0,67715,stock
2023-12-27,NMB,209.0,206.0,213.0,205.0,32083,stock
2023-12-28,NMB,204.0,203.7,205.8,203.0,43116,stock
2024-01-01,NMB,203.7,202.5,205.0,202.0,35429,stock
2024-01-02,NMB,202.0,200.2,202.0,200.2,26890,stock
2024-01-03,NMB,200.0,201.0,201.9,199.7,30974,stock
2024-01-04,NMB,201.0,197.6,202.0,196.2,76900,stock
2024-01-07,NMB,197.0,195.5,198.5,195.1,102281,stock
2024-01-08,NMB,197.0,197.1,199.3,194.6,64697,stock
2024-01-09,NMB,200.9,196.6,200.9,196.1,56073,stock
2024-01-10,NMB,200.5,199.5,204.5,197.7,46642,stock
2024-01-11,NMB,199.5,199.0,201.8,198.0,27103,stock
2024-01-14,NMB,200.0,201.5,203.0,199.0,45910,stock
2024-01-16,NMB,202.0,205.9,206.4,202.0,77569,stock
2024-01-17,NMB,210.0,209.1,214.0,204.0,89869,stock
2024-01-18,NMB,208.0,208.0,209.0,205.1,42137,stock
2024-01-21,NMB,208.0,198.1,208.0,198.1,102264,stock
2024-01-22,NMB,198.1,195.9,201.0,194.0,99015,stock
2024-01-23,NMB,196.0,196.7,197.9,195.0,28254,stock
2024-01-24,NMB,197.0,197.0,198.0,195.2,44157,stock
2024-01-25,NMB,196.1,197.5,199.0,194.1,59418,stock
2024-01-28,NMB,201.0,196.0,201.0,195.0,35363,stock
2024-01-29,NMB,196.0,197.4,213.0,194.2,39031,stock
2024-01-30,NMB,196.0,196.0,200.9,193.9,70800,stock
2024-01-31,NMB,198.0,195.0,198.0,192.2,69374,stock
2024-02-01,NMB,193.0,192.5,194.0,192.0,39663,stock
2024-02-04,NMB,192.0,191.0,193.0,189.1,37772,stock
2024-02-05,NMB,192.0,192.0,192.9,191.0,24977,stock
2024-02-06,NMB,192.0,192.0,193.0,190.5,30292,stock
2024-02-07,NMB,195.0,192.0,195.0,190.6,42571,stock
2024-02-11,NMB,192.0,191.7,194.0,191.1,22302,stock
2024-02-12,NMB,191.0,191.0,193.8,190.1,20060,stock
2024-02-13,NMB,191.0,190.1,192.1,190.0,28834,stock
2024-02-14,NMB,191.0,190.0,191.0,189.0,23683,stock
2024-02-15,NMB,188.0,189.2,190.0,187.0,24895,stock
2024-02-18,NMB,186.0,186.5,189.0,186.0,38124,stock
2024-02-20,NMB,189.0,186.3,189.0,185.9,21364,stock
2024-02-21,NMB,186.5,182.8,188.9,182.2,62612,stock
2024-02-22,NMB,182.0,180.1,183.8,180.0,55479,stock
2024-02-25,NMB,182.0,177.6,182.0,177.6,52044,stock
2024-02-26,NMB,177.0,177.0,179.0,175.6,38267,stock
2024-02-27,NMB,179.0,177.5,179.0,176.4,43476,stock
2024-02-28,NMB,177.1,177.0,179.0,176.2,20132,stock
2024-02-29,NMB,177.0,177.2,180.0,176.0,75077,stock
2024-03-03,NMB,175.4,177.8,179.0,174.6,34213,stock
2024-03-04,NMB,180.4,184.9,184.9,180.4,2112,stock
2024-03-05,NMB,188.5,180.0,188.5,179.0,45753,stock
2024-03-06,NMB,182.0,181.4,182.0,178.0,22357,stock
2024-03-07,NMB,184.0,181.6,187.0,180.0,21752,stock
2024-03-10,NMB,180.0,183.7,183.9,179.3,18422,stock
2024-03-12,NMB,186.1,197.7,197.7,183.0,45284,stock
2024-03-13,NMB,201.6,195.9,201.6,190.5,40827,stock
2024-03-14,NMB,192.4,189.8,195.8,188.5,28396,stock
2024-03-17,NMB,186.7,194.3,199.1,186.7,76029,stock
2024-03-18,NMB,191.0,189.0,192.0,187.7,31055,stock
2024-03-19,NMB,189.0,188.5,189.8,187.0,18140,stock
2024-03-20,NMB,189.9,188.0,191.0,187.0,28406,stock
2024-03-21,NMB,190.6,186.1,190.6,186.0,10308,stock
2024-03-25,NMB,187.0,183.0,187.0,181.2,30112,stock
2024-03-26,NMB,181.0,181.0,182.5,180.1,20379,stock
2024-03-27,NMB,180.0,180.3,188.2,179.5,23458,stock
2024-03-28,NMB,179.3,180.0,191.2,178.0,24036,stock
2024-03-31,NMB,180.0,179.6,191.0,179.6,23028,stock
2024-04-01,NMB,179.0,178.0,180.0,178.0,26641,stock
2024-04-02,NMB,178.0,178.2,179.9,176.2,30530,stock
2024-04-03,NMB,179.0,176.0,179.0,175.7,44907,stock
2024-04-04,NMB,175.0,177.0,178.0,175.0,15096,stock
2024-04-07,NMB,177.0,175.9,177.0,172.5,72850,stock
2024-04-09,NMB,177.0,177.2,178.5,175.7,29320,stock
2024-04-10,NMB,177.0,177.1,179.0,174.0,37688,stock
2024-04-14,NMB,179.0,176.0,179.0,175.0,33351,stock
2024-04-15,NMB,175.0,176.0,177.0,173.2,28531,stock
2024-04-16,NMB,179.0,174.0,179.0,171.0,10573,stock
2024-04-18,NMB,175.0,174.5,175.0,172.0,19212,stock
2024-04-21,NMB,174.0,173.7,174.0,170.7,26556,stock
2024-04-22,NMB,171.0,172.9,174.0,171.0,23281,stock
2024-04-24,NMB,173.0,172.3,173.0,170.1,29271,stock
2024-04-25,NMB,172.5,171.0,174.0,170.1,26965,stock
2024-04-28,NMB,170.1,169.7,172.0,167.6,44389,stock
2024-04-29,NMB,171.0,170.5,171.0,169.0,33983,stock
2024-04-30,NMB,171.0,173.4,175.0,167.1,29924,stock
2024-05-02,NMB,176.8,173.6,176.8,170.6,36576,stock
2024-05-05,NMB,171.0,170.4,172.5,170.0,45859,stock
2024-05-06,NMB,168.8,169.4,172.2,168.0,22662,stock
2024-05-07,NMB,171.5,170.8,171.5,168.2,22827,stock
2024-05-08,NMB,171.1,170.5,171.1,162.0,50303,stock
2024-05-09,NMB,169.9,169.7,171.0,168.6,16448,stock
2024-05-12,NMB,169.0,171.0,172.0,168.2,26882,stock
2024-05-13,NMB,173.0,176.9,187.0,170.0,50556,stock
2024-05-14,NMB,180.0,179.9,180.0,173.0,45568,stock
2024-05-15,NMB,182.9,178.1,182.9,178.0,34026,stock
2024-05-16,NMB,181.6,179.6,181.6,176.1,20948,stock
2024-05-19,NMB,183.1,183.0,186.0,180.1,59340,stock
2024-05-20,NMB,186.0,189.1,195.0,185.5,129611,stock
2024-05-21,NMB,189.2,189.0,191.8,186.1,42591,stock
2024-05-22,NMB,191.0,205.0,207.9,191.0,305166,stock
2024-05-26,NMB,207.0,211.0,218.0,202.0,294670,stock
2024-05-27,NMB,214.9,212.5,218.0,208.1,131194,stock
2024-05-29,NMB,216.7,199.0,221.0,198.0,126241,stock
2024-05-30,NMB,198.0,197.0,205.0,195.0,59163,stock
2024-06-02,NMB,200.0,201.0,212.0,199.0,57774,stock
2024-06-03,NMB,205.0,200.0,209.1,199.1,39769,stock
2024-06-04,NMB,204.0,200.0,204.0,198.0,41757,stock
2024-06-05,NMB,200.0,198.0,204.0,198.0,51675,stock
2024-06-06,NMB,201.9,197.9,201.9,196.6,40516,stock
2024-06-09,NMB,201.8,193.0,205.8,191.6,54425,stock
2024-06-10,NMB,196.8,193.0,196.8,190.0,25144,stock
2024-06-11,NMB,196.8,197.0,199.9,189.5,57035,stock
2024-06-12,NMB,198.0,197.0,203.0,195.0,74758,stock
2024-06-13,NMB,200.9,194.9,200.9,194.5,44550,stock
2024-06-16,NMB,196.0,193.0,197.0,192.6,24476,stock
2024-06-18,NMB,193.0,190.2,195.0,190.0,24719,stock
2024-06-19,NMB,194.0,193.7,194.0,190.1,23032,stock
2024-06-20,NMB,197.5,191.0,197.5,188.2,22301,stock
2024-06-23,NMB,190.0,190.0,193.0,189.0,16273,stock
2024-06-24,NMB,189.0,190.0,191.9,187.2,26841,stock
2024-06-25,NMB,189.0,189.8,193.5,189.0,20899,stock
2024-06-26,NMB,193.4,186.3,193.4,186.3,30469,stock
2024-06-27,NMB,185.0,185.0,189.6,184.6,16616,stock
2024-06-30,NMB,184.0,182.2,186.0,180.4,41536,stock
2024-07-01,NMB,180.0,191.0,191.0,179.3,33988,stock
2024-07-02,NMB,194.8,195.0,206.0,194.1,88941,stock
2024-07-03,NMB,191.5,196.2,198.0,191.5,47010,stock
2024-07-04,NMB,200.0,197.9,202.0,196.0,51925,stock
2024-07-07,NMB,199.5,200.0,201.9,196.5,59035,stock
2024-07-08,NMB,201.0,198.0,203.0,197.1,36820,stock
2024-07-09,NMB,198.0,202.0,204.0,198.0,32352,stock
2024-07-10,NMB,206.0,206.9,206.9,201.8,81179,stock
2024-07-11,NMB,211.0,212.0,212.0,205.0,141057,stock
2024-07-14,NMB,216.2,217.9,224.3,212.0,106849,stock
2024-07-15,NMB,220.0,218.0,226.4,212.0,138716,stock
2024-07-16,NMB,213.9,222.0,222.0,213.9,124086,stock
2024-07-17,NMB,222.1,222.0,225.0,213.8,180845,stock
2024-07-18,NMB,225.0,235.0,244.0,220.1,336191,stock
2024-07-21,NMB,239.7,248.0,249.0,235.0,328079,stock
2024-07-22,NMB,250.0,241.8,251.9,237.2,267928,stock
2024-07-23,NMB,241.0,252.9,265.0,238.0,253696,stock
2024-07-24,NMB,257.9,247.9,257.9,245.1,240234,stock
2024-07-25,NMB,248.0,250.0,252.8,245.0,231456,stock
2024-07-28,NMB,255.0,275.0,275.0,255.0,455185,stock
2024-07-29,NMB,280.5,277.3,295.7,271.1,583851,stock
2024-07-30,NMB,277.0,270.6,277.0,260.0,332635,stock
2024-07-31,NMB,275.0,276.2,286.0,269.0,410788,stock
2024-08-01,NMB,276.0,271.5,280.0,270.0,195269,stock
2024-08-05,NMB,272.0,259.1,272.0,254.1,333244,stock
2024-08-06,NMB,259.0,238.0,259.0,237.0,313150,stock
2024-08-07,NMB,233.3,241.0,252.0,225.0,186870,stock
2024-08-08,NMB,244.0,236.9,244.0,234.5,162026,stock
2024-08-11,NMB,240.0,249.1,249.7,238.0,268794,stock
2024-08-12,NMB,244.3,258.0,265.0,244.3,214293,stock
2024-08-13,NMB,258.2,255.1,263.9,255.0,247482,stock
2024-08-14,NMB,257.2,257.0,258.0,251.0,171856,stock
2024-08-15,NMB,262.1,281.2,282.7,258.0,712865,stock
2024-08-18,NMB,282.7,280.6,300.0,279.6,643941,stock
2024-08-21,NMB,286.0,279.1,286.0,272.0,285821,stock
2024-08-22,NMB,274.0,283.0,287.0,274.0,285473,stock
2024-08-25,NMB,285.0,273.0,285.0,270.0,262950,stock
2024-08-27,NMB,268.0,261.9,270.0,258.8,244794,stock
2024-08-28,NMB,264.1,262.0,269.9,257.0,156620,stock
2024-08-29,NMB,263.0,258.8,263.0,250.9,103397,stock
2024-09-01,NMB,258.0,249.0,258.0,247.1,125932,stock
2024-09-02,NMB,250.0,261.6,261.6,245.1,124140,stock
2024-09-03,NMB,266.8,259.5,269.5,258.3,106970,stock
2024-09-04,NMB,264.6,250.5,264.6,250.0,68610,stock
2024-09-05,NMB,250.5,250.0,251.0,245.0,83521,stock
2024-09-08,NMB,250.0,245.1,251.0,245.0,77725,stock
2024-09-09,NMB,245.0,239.9,245.1,236.0,108903,stock
2024-09-10,NMB,240.0,244.9,250.0,238.0,211295,stock
2024-09-11,NMB,247.6,240.0,247.6,239.0,114097,stock
2024-09-12,NMB,244.8,250.0,250.9,240.0,113008,stock
2024-09-15,NMB,250.3,248.5,257.0,247.0,164609,stock
2024-09-16,NMB,249.0,244.3,249.0,243.1,156894,stock
2024-09-18,NMB,245.0,250.0,251.5,241.3,114697,stock
2024-09-22,NMB,255.0,253.0,260.1,248.3,99851,stock
2024-09-23,NMB,258.0,247.8,258.0,246.0,85246,stock
2024-09-24,NMB,252.0,243.2,252.0,243.0,68093,stock
2024-09-25,NMB,243.2,250.0,252.0,241.0,79900,stock
2024-09-26,NMB,252.0,245.6,252.0,245.4,36044,stock
2024-09-29,NMB,241.1,245.0,246.5,241.0,61423,stock
2024-09-30,NMB,242.5,251.5,252.9,242.5,59124,stock
2024-10-01,NMB,254.5,258.0,258.0,252.3,113202,stock
2024-10-02,NMB,260.0,260.0,263.1,256.0,130990,stock
2024-10-06,NMB,259.0,267.5,269.5,255.0,111109,stock
2024-10-07,NMB,267.6,272.0,273.5,267.6,89183,stock
2024-10-08,NMB,275.0,270.8,276.0,267.5,78846,stock
2024-10-09,NMB,270.8,269.2,270.9,265.5,63479,stock
2024-10-15,NMB,272.0,275.4,276.5,268.0,61137,stock
2024-10-16,NMB,275.0,280.0,282.5,275.0,121312,stock
2024-10-17,NMB,281.0,284.3,288.0,274.5,224299,stock
2024-10-20,NMB,280.0,280.1,285.6,270.0,226052,stock
2024-10-21,NMB,278.4,274.0,280.2,272.1,140505,stock
2024-10-22,NMB,270.1,271.0,275.4,266.0,106557,stock
2024-10-23,NMB,271.0,263.9,271.9,260.3,212587,stock
2024-10-24,NMB,268.0,259.0,268.0,259.0,58296,stock
2024-10-27,NMB,264.0,260.0,264.0,256.0,42221,stock
2024-10-28,NMB,260.0,260.9,262.0,258.0,60713,stock
2024-10-29,NMB,263.0,262.0,263.0,259.1,104544,stock
2024-10-30,NMB,266.0,260.0,266.0,258.0,82943,stock
2024-11-05,NMB,260.0,258.0,262.8,257.0,31228,stock
2024-11-06,NMB,262.0,259.5,262.0,258.0,32442,stock
2024-11-10,NMB,258.0,264.0,265.0,258.0,112535,stock
2024-11-11,NMB,265.0,268.0,274.5,262.0,144968,stock
2024-11-12,NMB,270.5,268.0,271.0,266.0,48741,stock
2024-11-13,NMB,271.0,261.0,271.0,261.0,46383,stock
2024-11-14,NMB,266.2,260.0,266.2,259.0,59115,stock
2024-11-17,NMB,264.0,263.3,270.0,262.2,78449,stock
2024-11-19,NMB,267.0,258.8,267.0,258.8,98669,stock
2024-11-20,NMB,258.79,257.0,259.0,255.0,38707,stock
2024-11-21,NMB,257.0,255.0,260.9,255.0,48916,stock
2024-11-24,NMB,260.1,254.9,260.1,251.3,59608,stock
2024-11-25,NMB,259.9,258.5,259.9,251.0,54387,stock
2024-11-26,NMB,263.6,261.0,263.6,257.0,96873,stock
2024-11-27,NMB,262.0,261.2,264.0,260.0,50334,stock
2024-11-28,NMB,261.2,259.0,263.0,259.0,51976,stock
2024-12-01,NMB,259.0,253.1,259.0,253.0,45517,stock
2024-12-02,NMB,258.1,253.0,258.1,250.2,79666,stock
2024-12-03,NMB,258.0,255.0,258.0,250.0,42833,stock
2024-12-04,NMB,260.1,253.0,260.1,251.0,71165,stock
2024-12-05,NMB,248.1,250.2,254.0,248.1,51189,stock
2024-12-08,NMB,250.2,243.0,250.2,241.1,131274,stock
2024-12-09,NMB,243.0,241.9,244.2,239.0,47823,stock
2024-12-10,NMB,242.0,238.0,242.0,237.0,54148,stock
2024-12-11,NMB,242.7,248.0,249.0,237.9,65123,stock
2024-12-12,NMB,252.9,247.0,252.9,242.2,92372,stock
2024-12-16,NMB,249.0,241.6,249.0,240.1,62995,stock
2024-12-17,NMB,237.1,243.0,244.4,237.1,23698,stock
2024-12-18,NMB,243.0,240.1,247.5,240.1,56194,stock
2024-12-19,NMB,240.0,239.0,244.6,238.2,94199,stock
2024-12-22,NMB,237.0,239.0,240.0,235.4,63660,stock
2024-12-23,NMB,239.0,239.0,240.0,235.1,26186,stock
2024-12-24,NMB,241.5,247.0,248.0,236.7,66351,stock
2024-12-26,NMB,247.0,248.8,251.0,241.0,77229,stock
2024-12-29,NMB,253.0,246.0,253.0,245.0,53794,stock
2024-12-31,NMB,241.2,245.4,248.0,239.5,73136,stock
2025-01-01,NMB,248.0,243.2,248.0,242.5,22273,stock
2025-01-02,NMB,242.0,246.0,247.0,241.0,30400,stock
2025-01-05,NMB,242.0,244.0,244.0,241.0,27452,stock
2025-01-06,NMB,240.0,243.6,246.0,240.0,76560,stock
2025-01-07,NMB,248.0,242.5,248.0,241.0,58797,stock
2025-01-08,NMB,241.0,240.0,242.0,238.1,67113,stock
2025-01-09,NMB,238.2,239.8,244.9,237.0,82734,stock
2025-01-12,NMB,244.0,238.0,244.0,237.5,17238,stock
2025-01-13,NMB,237.0,238.8,239.9,236.0,33053,stock
2025-01-15,NMB,237.0,237.1,239.0,234.2,17173,stock
2025-01-16,NMB,236.0,234.5,236.0,233.0,41457,stock
2025-01-19,NMB,234.6,235.0,235.0,230.0,41728,stock
2025-01-20,NMB,238.0,239.3,244.4,238.0,92842,stock
2025-01-21,NMB,241.5,240.0,242.0,239.6,33599,stock
2025-01-22,NMB,237.0,244.1,246.0,237.0,65121,stock
2025-01-23,NMB,242.2,240.1,246.9,240.0,39448,stock
2025-01-26,NMB,240.0,240.0,242.9,237.0,57261,stock
2025-01-27,NMB,244.8,240.0,249.6,235.3,45883,stock
2025-01-28,NMB,242.8,240.0,242.8,238.3,44918,stock
2025-02-02,NMB,240.0,245.0,246.8,238.0,126958,stock
2025-02-03,NMB,248.0,245.0,252.0,245.0,83555,stock
2025-02-04,NMB,242.3,245.9,248.0,240.0,46518,stock
2025-02-05,NMB,242.0,245.0,246.0,241.3,39246,stock
2025-02-06,NMB,242.2,244.5,244.5,241.1,56325,stock
2025-02-09,NMB,239.7,242.1,248.0,239.7,36321,stock
2025-02-10,NMB,238.0,241.0,245.9,238.0,52276,stock
2025-02-11,NMB,240.0,241.0,242.0,240.0,51701,stock
2025-02-12,NMB,242.0,241.0,245.0,238.2,25980,stock
2025-02-13,NMB,242.9,239.8,242.9,239.1,40186,stock
2025-02-16,NMB,238.2,245.0,245.4,238.2,90438,stock
2025-02-17,NMB,248.0,250.2,251.9,242.4,106444,stock
2025-02-18,NMB,255.2,253.4,264.9,250.2,154242,stock
2025-02-20,NMB,254.0,250.8,258.8,250.3,63279,stock
2025-02-23,NMB,248.0,250.4,252.0,246.0,78075,stock
2025-02-24,NMB,245.4,251.0,259.0,245.4,142318,stock
2025-02-25,NMB,251.0,253.0,255.8,251.0,135293,stock
2025-02-27,NMB,258.0,263.0,273.0,258.0,179624,stock
2025-03-02,NMB,268.2,267.5,268.2,262.0,310389,stock
2025-03-03,NMB,269.0,265.1,273.0,265.0,226954,stock
2025-03-04,NMB,260.0,264.8,268.0,260.0,124295,stock
2025-03-05,NMB,265.0,262.2,270.0,262.1,120798,stock
2025-03-06,NMB,266.9,261.0,266.9,260.5,50326,stock
2025-03-09,NMB,258.0,257.0,263.0,256.0,71820,stock
2025-03-10,NMB,257.1,259.0,260.0,254.5,52771,stock
2025-03-11,NMB,255.1,256.0,260.0,255.1,69774,stock
2025-03-12,NMB,257.1,256.0,259.0,256.0,35686,stock
2025-03-16,NMB,256.0,254.0,256.0,251.0,58655,stock
2025-03-17,NMB,250.1,254.0,255.0,250.1,31215,stock
2025-03-18,NMB,258.1,254.0,258.1,252.0,38941,stock
2025-03-19,NMB,253.0,252.0,265.0,250.0,89133,stock
2025-03-20,NMB,249.1,249.72,252.5,248.0,73871,stock
2025-03-23,NMB,247.1,243.09,248.0,241.9,79586,stock
2025-03-24,NMB,241.5,245.32,246.0,240.0,70901,stock
2025-03-25,NMB,250.2,241.2,250.2,240.2,60464,stock
2025-03-26,NMB,245.0,247.7,250.0,240.1,64718,stock
2025-03-27,NMB,252.6,252.66,253.8,247.7,76107,stock
2025-03-30,NMB,254.0,257.24,260.0,254.0,103952,stock
2025-04-01,NMB,258.0,255.42,258.0,253.2,43085,stock
2025-04-02,NMB,260.5,254.88,260.5,253.1,31485,stock
2025-04-03,NMB,252.1,255.71,260.2,252.1,114700,stock
2025-04-07,NMB,260.5,256.34,260.5,253.0,47336,stock
2025-04-08,NMB,259.0,252.13,259.0,249.0,109299,stock
2025-04-09,NMB,257.0,251.73,257.0,251.2,93787,stock
2025-04-10,NMB,256.7,251.52,256.7,250.0,71961,stock
2025-04-13,NMB,256.0,251.13,256.0,248.1,94702,stock
2025-04-15,NMB,256.0,252.34,256.0,248.0,36938,stock
2025-04-16,NMB,254.0,254.39,256.0,251.3,37015,stock
2025-04-17,NMB,259.4,258.18,259.5,254.1,55373,stock
2025-04-20,NMB,259.0,253.39,259.0,252.0,62621,stock
2025-04-21,NMB,254.1,249.79,254.1,249.1,78395,stock
2025-04-22,NMB,249.0,247.57,252.0,247.0,46137,stock
2025-04-23,NMB,249.0,243.82,249.0,243.5,53667,stock
2025-04-24,NMB,245.0,242.06,245.0,239.0,62000,stock
2025-04-27,NMB,239.0,239.36,242.6,238.0,97195,stock
2025-04-28,NMB,236.3,237.95,239.9,236.2,68965,stock
2025-04-29,NMB,240.0,237.53,240.0,236.0,27874,stock
2025-04-30,NMB,235.3,235.06,236.5,234.0,50855,stock
2025-05-04,NMB,232.0,233.1,236.5,232.0,68133,stock
2025-05-05,NMB,231.1,233.06,234.7,231.0,19983,stock
2025-05-06,NMB,231.3,232.65,233.9,231.3,30617,stock
2025-05-07,NMB,231.6,240.7,244.0,231.3,87995,stock
2025-05-08,NMB,240.0,239.03,241.0,236.0,31007,stock
2025-05-11,NMB,240.0,238.74,245.0,238.1,38785,stock
2025-05-13,NMB,237.1,236.36,239.0,235.0,32934,stock
2025-05-14,NMB,234.0,235.86,237.8,232.0,16850,stock
2025-05-15,NMB,236.0,234.78,237.0,233.0,50679,stock
2025-05-18,NMB,233.1,233.63,235.5,232.1,23464,stock
2025-05-19,NMB,232.5,238.14,239.7,232.5,46289,stock
2025-05-20,NMB,235.0,244.63,245.8,235.0,45792,stock
2025-05-21,NMB,249.5,242.0,259.0,241.3,64606,stock
2025-05-22,NMB,242.0,251.38,254.0,242.0,108506,stock
2025-05-25,NMB,252.0,247.29,254.0,244.5,81757,stock
2025-05-26,NMB,252.2,249.87,257.2,246.0,126602,stock
2025-05-27,NMB,246.0,251.39,252.0,244.0,49823,stock
2025-05-28,NMB,250.0,254.05,255.0,246.2,83855,stock
2025-06-02,NMB,259.0,250.52,259.1,249.4,64906,stock
2025-06-03,NMB,251.9,246.26,251.9,246.0,78525,stock
2025-06-04,NMB,246.0,241.48,246.9,240.0,52225,stock
2025-06-05,NMB,245.0,240.71,245.0,238.0,36286,stock
2025-06-08,NMB,245.5,240.06,245.5,235.8,20871,stock
2025-06-09,NMB,240.06,241.62,242.7,239.1,21357,stock
2025-06-10,NMB,240.0,241.97,251.9,238.2,83888,stock
2025-06-11,NMB,240.0,243.48,245.0,238.0,55979,stock
2025-06-12,NMB,245.0,241.82,245.0,238.7,32334,stock
2025-06-15,NMB,237.0,240.67,245.0,237.0,43308,stock
2025-06-16,NMB,238.1,240.26,243.4,237.1,52527,stock
2025-06-17,NMB,239.1,240.4,243.0,239.1,40235,stock
2025-06-18,NMB,236.2,238.41,240.9,236.2,35036,stock
2025-06-19,NMB,238.5,236.6,238.7,236.1,51081,stock
2025-06-22,NMB,240.0,235.23,241.3,234.0,49896,stock
2025-06-23,NMB,234.0,235.25,237.9,234.0,27645,stock
2025-06-24,NMB,239.9,235.72,243.0,235.2,60961,stock
2025-06-25,NMB,235.0,234.9,240.0,233.1,20505,stock
2025-06-26,NMB,233.0,235.39,236.9,233.0,29936,stock
2025-06-29,NMB,233.1,243.23,258.0,233.1,45056,stock
2025-06-30,NMB,248.0,243.95,248.0,240.0,43275,stock
2025-07-01,NMB,240.0,246.61,247.0,239.4,48863,stock
2025-07-02,NMB,247.0,250.08,251.0,245.1,77153,stock
2025-07-03,NMB,255.0,253.3,256.0,246.0,132713,stock
2025-07-06,NMB,252.0,253.27,255.7,250.0,62281,stock
2025-07-07,NMB,258.3,249.22,258.3,248.2,73853,stock
2025-07-08,NMB,245.1,247.27,249.8,245.1,46876,stock
2025-07-09,NMB,245.0,252.61,253.8,245.0,51660,stock
2025-07-10,NMB,255.0,258.85,264.0,255.0,199250,stock
2025-07-13,NMB,264.0,264.44,273.0,262.2,297593,stock
2025-07-14,NMB,264.0,260.25,264.9,259.5,140358,stock
2025-07-15,NMB,261.0,265.68,266.6,260.0,129554,stock
2025-07-16,NMB,269.0,269.72,271.5,265.5,281194,stock
2025-07-17,NMB,273.0,272.05,274.9,269.1,169128,stock
2025-07-20,NMB,266.7,267.89,276.0,266.7,173643,stock
2025-07-21,NMB,270.0,269.4,270.3,265.3,186919,stock
2025-07-22,NMB,269.4,273.52,274.9,268.1,221271,stock
2025-07-23,NMB,268.1,277.03,278.4,268.1,263082,stock
2025-07-24,NMB,276.0,274.48,277.0,271.7,147958,stock
2025-07-27,NMB,273.0,272.51,278.0,272.0,152544,stock
2025-07-28,NMB,270.0,270.66,275.0,268.0,149373,stock
2025-07-29,NMB,270.0,272.5,275.5,270.0,183131,stock
2025-07-30,NMB,273.0,268.3,274.9,268.0,150660,stock
2025-07-31,NMB,271.0,264.88,271.0,264.3,122833,stock
2025-08-03,NMB,263.0,257.61,263.0,257.3,85195,stock
2025-08-04,NMB,259.9,263.19,283.0,256.1,91719,stock
2025-08-05,NMB,265.9,262.47,269.0,261.7,81419,stock
2025-08-06,NMB,260.3,261.71,263.0,259.5,35272,stock
2025-08-07,NMB,265.9,263.24,265.9,261.1,59848,stock
2025-08-11,NMB,265.5,260.95,268.5,260.5,132566,stock
2025-08-12,NMB,266.1,259.27,266.1,258.0,51937,stock
2025-08-13,NMB,261.0,254.15,261.0,254.0,80894,stock
2025-08-14,NMB,255.0,252.33,255.5,251.2,39553,stock
2025-08-17,NMB,254.0,246.41,254.0,246.0,78582,stock
2025-08-18,NMB,246.0,246.36,248.5,245.5,59074,stock
2025-08-19,NMB,249.9,248.05,250.9,247.0,43314,stock
2025-08-20,NMB,250.9,251.52,252.0,246.2,27558,stock
2025-08-21,NMB,249.1,249.51,252.1,248.0,42919,stock
2025-08-24,NMB,245.2,249.27,252.0,245.0,34120,stock
2025-08-25,NMB,248.1,249.79,251.0,248.0,22666,stock
2025-08-26,NMB,250.0,249.92,252.4,248.0,19420,stock
2025-08-27,NMB,254.9,253.27,254.9,249.2,89528,stock
2025-08-28,NMB,251.6,250.61,278.0,249.1,81745,stock
2025-08-31,NMB,252.0,249.32,252.0,249.0,54946,stock
2025-09-01,NMB,254.3,253.45,255.0,248.7,59786,stock
2025-09-02,NMB,258.5,253.8,258.5,250.2,63662,stock
2025-09-03,NMB,258.0,251.96,258.0,249.3,37153,stock
2025-09-04,NMB,252.5,249.85,252.5,247.5,23737,stock
2025-09-07,NMB,253.9,249.68,253.9,249.0,34487,stock
2025-09-08,NMB,247.5,245.86,252.0,245.5,37696,stock
2025-09-18,NMB,248.0,239.0,248.0,239.0,75,stock
2025-09-21,NMB,239.0,245.9,246.9,238.9,103111,stock
2025-09-23,NMB,247.0,249.0,250.8,246.0,41458,stock
2025-09-24,NMB,252.0,247.9,252.0,245.0,14717,stock
2025-09-25,NMB,250.0,248.4,250.0,243.6,20443,stock
2025-09-28,NMB,248.4,248.5,250.0,245.0,35996,stock
2025-10-07,NMB,245.0,243.4,248.8,240.0,56294,stock
2025-10-08,NMB,240.2,238.1,245.0,236.6,88717,stock
2025-10-09,NMB,242.0,240.9,255.0,239.1,53553,stock
2025-10-12,NMB,237.1,239.0,243.0,234.6,109136,stock
2025-10-13,NMB,243.0,239.1,245.0,236.3,39824,stock
2025-10-14,NMB,241.9,239.0,241.9,238.0,40770,stock
2025-10-15,NMB,241.7,237.9,241.7,236.0,58863,stock
2025-10-16,NMB,239.9,235.0,240.0,234.0,149580,stock
2025-10-19,NMB,237.9,238.3,239.7,235.0,22837,stock
2025-10-26,NMB,234.3,237.0,238.0,233.8,23502,stock
2025-10-28,NMB,238.7,242.0,242.0,236.1,22791,stock
2025-10-29,NMB,238.7,240.0,243.5,238.7,16950,stock
2025-10-30,NMB,236.0,240.6,240.7,236.0,40871,stock
2025-11-02,NMB,243.9,242.0,244.4,240.0,53253,stock
2025-11-03,NMB,244.7,241.0,244.7,240.5,32308,stock
2025-11-04,NMB,239.4,243.0,243.0,239.4,33288,stock
2025-11-05,NMB,243.8,242.5,243.8,239.3,46092,stock
2025-11-06,NMB,247.3,242.6,247.3,240.2,26056,stock
2025-11-09,NMB,238.1,235.4,240.0,235.0,49135,stock
2025-11-10,NMB,236.0,234.9,239.7,234.0,32011,stock
2025-11-11,NMB,234.9,232.8,234.9,232.2,31698,stock
2025-11-12,NMB,233.0,232.5,233.0,231.8,18453,stock
2025-11-13,NMB,231.4,237.6,253.0,231.3,60592,stock
2025-11-16,NMB,238.1,236.0,238.1,234.5,30101,stock
2025-11-17,NMB,237.7,235.5,238.0,234.1,13796,stock
2025-11-18,NMB,237.0,236.0,237.9,235.0,50700,stock
2025-11-19,NMB,234.8,234.6,238.2,234.1,24865,stock
2025-11-20,NMB,235.0,237.0,238.0,234.5,34574,stock
2025-11-23,NMB,241.0,243.0,243.9,239.5,96470,stock
2025-11-24,NMB,244.5,247.0,247.2,243.1,60547,stock
2025-11-25,NMB,248.9,247.9,248.9,245.0,65545,stock
2025-11-26,NMB,249.7,251.8,252.0,247.1,52101,stock
2025-11-27,NMB,255.0,260.0,260.0,250.4,123600,stock
2025-11-30,NMB,256.8,253.8,260.0,250.0,83622,stock
2025-12-01,NMB,253.0,251.4,254.7,249.3,60782,stock
2025-12-02,NMB,255.0,249.8,255.0,248.0,57920,stock
2025-12-03,NMB,254.7,247.9,254.7,247.9,66108,stock
2025-12-07,NMB,248.7,249.6,249.8,245.0,49642,stock
2025-12-08,NMB,248.0,248.1,249.2,245.3,41229,stock
2025-12-09,NMB,246.0,247.3,249.8,244.8,25459,stock
2025-12-10,NMB,250.0,247.0,250.0,245.5,19906,stock
2025-12-11,NMB,245.0,245.9,247.0,245.0,26472,stock
2025-12-14,NMB,247.0,247.0,248.0,244.8,37716,stock
2025-12-15,NMB,249.0,248.0,250.0,245.5,63396,stock
2025-12-16,NMB,250.0,252.1,254.9,248.0,65886,stock
2025-12-17,NMB,253.9,256.1,256.5,252.2,66790,stock
2025-12-18,NMB,255.0,255.6,257.1,254.5,110162,stock
2025-12-21,NMB,257.29,255.1,257.29,254.0,68744,stock
2025-12-22,NMB,260.0,253.6,260.0,253.5,77228,stock
2025-12-23,NMB,256.0,254.9,256.0,253.0,128592,stock
2025-12-24,NMB,239.0,235.1,239.0,233.5,63953,stock
2025-12-28,NMB,239.0,240.0,240.0,233.0,85741,stock
2025-12-29,NMB,243.0,237.0,243.8,236.0,57270,stock
2025-12-31,NMB,240.0,238.2,243.9,238.2,47350,stock
2026-01-01,NMB,242.9,238.8,242.9,237.1,28358,stock
2026-01-04,NMB,242.0,235.1,242.0,235.0,44500,stock
2026-01-05,NMB,235.0,236.1,238.9,235.0,34799,stock
2026-01-06,NMB,235.3,240.0,240.6,235.3,61193,stock
2026-01-07,NMB,239.0,237.2,241.0,235.6,28233,stock
2026-01-08,NMB,237.0,239.0,239.6,237.0,36916,stock
2026-01-12,NMB,243.7,239.9,243.7,239.0,31489,stock
2026-01-13,NMB,239.9,239.0,240.0,237.0,35305,stock
2026-01-14,NMB,239.0,239.0,240.0,237.2,21475,stock
2026-01-18,NMB,238.0,238.8,240.9,237.0,51713,stock
2026-01-20,NMB,237.2,240.5,244.0,237.2,67016,stock
2026-01-21,NMB,238.0,242.5,242.5,238.0,65927,stock
2026-01-22,NMB,241.8,241.5,243.0,240.0,31063,stock
2026-01-25,NMB,242.0,246.4,246.7,240.0,56349,stock
2026-01-26,NMB,246.4,244.0,247.9,242.7,45281,stock
2026-01-27,NMB,242.2,240.1,245.0,240.0,62320,stock
2026-01-28,NMB,240.0,240.1,244.0,240.0,46367,stock
2026-01-29,NMB,240.0,239.5,241.9,239.2,53461,stock
2026-02-01,NMB,237.0,237.2,240.0,237.0,32424,stock
2026-02-02,NMB,240.0,238.0,240.0,236.1,27764,stock
2026-02-03,NMB,237.5,235.9,240.0,235.9,39727,stock
2026-02-04,NMB,231.2,233.0,239.0,231.2,69194,stock
2026-02-05,NMB,233.1,234.1,235.8,233.0,74262,stock
2026-02-08,NMB,236.0,234.3,242.0,234.2,27583,stock
2026-02-09,NMB,234.4,232.7,234.4,232.2,39501,stock
2026-02-10,NMB,232.5,234.0,236.0,232.5,33042,stock
2026-02-11,NMB,237.0,233.3,237.0,233.0,16034,stock
2026-02-12,NMB,235.0,234.0,235.0,233.0,22160,stock
2026-02-16,NMB,237.0,235.0,237.0,234.0,32445,stock
2026-02-17,NMB,233.0,235.0,236.0,233.0,43208,stock
2026-02-22,NMB,232.3,234.0,235.0,232.1,25804,stock
2026-02-23,NMB,233.1,233.0,235.0,232.4,43924,stock
2026-02-24,NMB,235.0,234.8,235.0,232.4,11140,stock
2026-02-25,NMB,236.0,234.5,236.0,233.1,22338,stock
2026-02-26,NMB,239.1,238.5,239.1,234.0,40152,stock
2026-03-01,NMB,234.2,238.8,238.8,234.1,39746,stock
2026-03-03,NMB,243.5,241.9,243.5,235.4,31533,stock
2026-03-09,NMB,246.7,246.7,251.6,246.7,5010,stock
2026-03-10,NMB,251.6,253.1,265.2,249.9,296164,stock
2026-03-11,NMB,255.0,252.7,255.0,250.0,88823,stock
2026-03-12,NMB,257.7,257.0,259.9,249.0,106910,stock
2026-03-15,NMB,258.0,256.0,259.0,253.1,53671,stock
2026-03-16,NMB,254.0,253.0,255.0,251.2,57351,stock
2026-03-17,NMB,248.1,254.0,254.7,248.1,36068,stock
2026-03-19,NMB,249.0,260.9,262.9,249.0,221234,stock
2026-03-22,NMB,264.9,269.8,271.4,261.0,290873,stock
2026-03-23,NMB,268.0,269.0,269.0,264.5,101193,stock
2026-03-24,NMB,270.8,269.0,270.8,263.8,170744,stock
2026-03-25,NMB,264.0,265.7,272.0,262.2,142378,stock
2026-03-26,NMB,268.8,265.0,268.8,261.2,96756,stock
2026-03-29,NMB,265.5,257.0,267.0,257.0,155938,stock
2026-03-30,NMB,260.0,248.6,260.0,247.0,124263,stock
2026-03-31,NMB,251.0,254.0,254.5,246.5,92630,stock
2026-04-01,NMB,257.9,248.1,257.9,247.1,69545,stock
2026-04-02,NMB,243.2,249.0,252.0,243.2,40655,stock
2026-04-05,NMB,249.0,240.0,249.0,239.5,88847,stock
2026-04-06,NMB,244.8,244.2,247.0,240.1,54907,stock
2026-04-07,NMB,246.0,242.2,249.0,242.1,35655,stock
2026-04-08,NMB,245.0,248.9,249.9,244.0,69279,stock
2026-04-09,NMB,252.7,252.0,263.0,248.0,58876,stock
2026-04-10,NMB,257.0,251.0,257.0,250.0,24529,stock
2026-04-13,NMB,252.0,248.4,254.0,248.4,20999,stock
2026-04-15,NMB,253.0,252.0,253.0,249.0,47809,stock
2026-04-16,NMB,249.4,250.0,251.0,247.0,31666,stock
2026-04-17,NMB,253.9,248.5,253.9,245.0,35272,stock
2026-04-20,NMB,236.1,245.6,257.0,236.1,15882,stock
2026-04-21,NMB,241.2,243.0,248.0,241.2,31857,stock
2026-04-22,NMB,247.8,245.0,247.8,240.5,34106,stock
2026-04-23,NMB,246.8,242.9,246.8,241.0,15968,stock
2026-04-24,NMB,252.0,244.9,252.0,240.1,27487,stock
2026-04-27,NMB,257.0,245.0,257.0,240.6,13292,stock
2026-04-28,NMB,245.0,242.9,250.0,241.0,37387,stock
2026-04-29,NMB,247.9,241.0,247.9,240.1,23206,stock
2026-04-30,NMB,246.0,240.4,246.0,239.0,25770,stock
2026-05-04,NMB,252.4,238.0,252.4,237.0,41572,stock
2026-05-05,NMB,242.0,241.7,242.0,236.1,30990,stock
2026-05-06,NMB,245.0,240.9,245.0,237.7,20401,stock
2026-05-07,NMB,243.9,242.3,243.9,238.6,23523,stock
2026-05-08,NMB,244.8,242.0,244.8,239.0,26100,stock
2026-05-11,NMB,245.0,244.0,245.0,242.0,29676,stock
2026-05-12,NMB,246.0,244.2,248.5,243.0,48470,stock
2026-05-13,NMB,241.0,244.1,246.0,240.2,32321,stock
2026-05-14,NMB,240.1,244.0,244.0,240.0,24809,stock
2026-05-15,NMB,246.9,244.2,246.9,242.0,28199,stock
2026-05-18,NMB,244.0,245.0,247.0,241.0,16198,stock
2026-05-19,NMB,247.9,246.0,247.9,243.0,25395,stock
2026-05-20,NMB,243.3,247.5,247.5,243.3,26197,stock
2026-05-21,NMB,247.5,246.0,247.5,244.0,12988,stock
2026-05-22,NMB,246.0,248.6,251.9,244.1,46126,stock
2026-05-25,NMB,248.0,248.2,251.0,247.0,18784,stock
2026-05-26,NMB,248.0,248.0,249.9,243.7,138942,stock
2026-05-27,NMB,251.0,249.4,251.0,245.0,43585,stock
2026-06-01,NMB,249.4,246.0,249.4,243.1,56086,stock
2026-06-02,NMB,244.7,245.4,248.1,244.1,41711,stock
2026-06-03,NMB,245.0,244.0,247.0,243.2,30657,stock
2026-06-04,NMB,248.9,245.9,249.7,242.1,33438,stock
2026-06-05,NMB,244.0,243.2,246.0,242.7,16458,stock
2026-06-08,NMB,243.0,244.0,246.0,240.3,55117,stock
2026-06-09,NMB,241.2,244.8,245.8,241.2,29019,stock
2026-06-10,NMB,242.0,245.0,246.9,242.0,14769,stock
2026-06-11,NMB,245.0,245.9,246.0,241.3,36015,stock
2026-06-12,NMB,245.0,245.4,245.5,243.0,14771,stock
2026-06-15,NMB,245.0,244.5,246.9,242.2,22375,stock
2026-06-16,NMB,244.9,242.3,244.9,242.3,22188,stock
2026-06-17,NMB,242.0,242.1,245.0,241.1,17486,stock
2026-06-18,NMB,230.0,242.9,243.9,230.0,26596,stock
2026-06-19,NMB,244.5,241.2,245.0,240.3,18075,stock
2026-06-22,NMB,246.4,241.8,246.4,240.0,15677,stock
2026-06-23,NMB,241.0,240.5,241.9,238.5,24656,stock
2026-06-24,NMB,241.0,239.3,241.0,237.8,31810,stock
2026-06-25,NMB,240.0,238.1,241.0,237.5,11803,stock
2026-06-26,NMB,241.5,237.9,241.5,237.5,9709,stock
2026-06-29,NMB,238.0,237.9,239.0,234.0,33682,stock
2026-06-30,NMB,240.0,235.5,240.0,235.0,28083,stock
2026-07-01,NMB,230.0,238.2,239.9,230.0,24489,stock
2026-07-02,NMB,238.5,241.0,241.0,236.0,38113,stock
2026-07-03,NMB,240.0,239.2,241.9,239.2,27440,stock
2026-07-06,NMB,241.5,236.4,241.5,236.3,16948,stock
2026-07-07,NMB,238.0,239.0,240.0,235.2,60096,stock
2026-07-08,NMB,237.2,237.0,239.0,236.1,15811,stock
2026-07-09,NMB,235.0,235.6,239.9,235.0,38267,stock
2026-07-10,NMB,240.0,236.5,240.0,235.2,19929,stock
2026-07-13,NMB,240.0,235.9,240.0,235.0,24649,stock
2026-07-14,NMB,235.0,235.0,238.4,234.0,29198,stock
2026-07-15,NMB,237.0,236.6,239.8,235.3,115664,stock
2026-07-16,NMB,241.5,239.5,241.5,236.1,13630,stock
2026-07-17,NMB,241.6,245.0,245.9,237.0,20,stock
2026-07-20,NMB,233.0,246.0,247.0,233.0,52880,stock
2026-07-21,NMB,246.0,244.9,247.3,243.2,45808,stock
2026-07-22,NMB,243.0,243.9,245.7,240.7,31540,stock
2026-07-23,NMB,232.0,243.1,245.0,232.0,26596,stock
2026-07-24,NMB,241.8,247.1,249.0,241.8,60861,stock
2026-07-27,NMB,235.0,250.2,268.0,235.0,178915,stock
2026-07-28,NMB,237.9,249.2,251.0,237.9,33409,stock
2026-07-29,NMB,247.0,248.0,252.0,247.0,45491,stock
2026-07-30,NMB,246.0,248.6,253.0,246.0,29716,stock
2026-07-31,NMB,250.0,249.9,250.0,245.1,31804,stock
2026-08-03,NMB,237.5,248.0,253.0,237.5,85413,stock
2026-08-04,NMB,253.0,247.0,253.0,245.0,85512,stock
2026-08-05,NMB,252.0,246.5,252.0,245.5,31890,stock
2026-08-06,NMB,247.1,243.9,247.1,241.1,67206,stock
2026-08-07,NMB,242.0,243.1,245.0,240.1,49980,stock
2026-08-10,NMB,243.1,243.0,247.0,241.2,21182,stock
2026-08-11,NMB,243.0,243.3,243.4,242.0,19775,stock
2026-08-12,NMB,251.0,242.9,251.0,241.3,34208,stock
2026-08-13,NMB,243.0,242.5,243.5,241.4,24299,stock
2026-08-14,NMB,254.6,242.8,254.6,240.0,35249,stock
2026-08-17,NMB,254.0,240.0,254.0,238.0,112321,stock
2026-08-18,NMB,241.0,239.0,241.0,238.1,37538,stock
2026-08-19,NMB,239.0,238.7,239.8,236.0,42441,stock
2026-08-20,NMB,239.9,240.0,240.3,237.2,38559,stock
2026-08-21,NMB,239.0,240.8,241.0,238.9,52872,stock
2026-08-24,NMB,241.0,240.0,241.0,238.8,38854,stock
2026-08-25,NMB,240.9,239.0,241.0,238.4,38691,stock
2026-08-26,NMB,239.0,237.5,240.0,236.6,27838,stock
2026-08-27,NMB,236.2,236.8,237.9,235.5,22851,stock
2026-08-31,NMB,236.0,235.3,237.0,235.0,44597,stock
2026-09-01,NMB,247.0,235.8,247.0,235.0,29655,stock
2026-09-02,NMB,235.0,239.6,239.6,235.0,56136,stock
2026-09-03,NMB,239.0,238.5,240.9,238.1,26122,stock
2026-09-07,NMB,250.4,239.9,250.4,238.1,45643,stock
2026-09-09,NMB,251.8,242.3,251.8,239.0,28107,stock
2026-09-10,NMB,243.0,239.4,243.0,239.0,49794,stock
2026-09-11,NMB,251.3,242.0,251.3,238.0,32518,stock
2026-09-14,NMB,244.0,243.0,245.0,242.0,34167,stock
2026-09-15,NMB,255.0,252.6,260.0,245.5,125430,stock
2026-09-16,NMB,247.5,249.0,251.7,247.5,53847,stock
2026-09-17,NMB,250.0,251.5,252.0,249.1,71314,stock
2026-09-18,NMB,251.0,257.9,258.7,251.0,158905,stock
2026-09-22,NMB,258.2,259.0,262.0,256.0,140317,stock
2026-09-23,NMB,255.0,253.7,258.8,251.3,111849,stock
2026-09-24,NMB,266.3,257.1,266.3,251.3,78733,stock
2026-09-28,NMB,256.0,257.0,258.8,255.0,91677,stock
2026-09-29,NMB,255.0,257.0,258.0,254.1,97465,stock
2026-09-30,NMB,252.2,254.3,257.0,252.0,63153,stock
2026-10-01,NMB,254.0,255.5,257.0,254.0,107408,stock
2026-10-02,NMB,265.0,253.0,265.0,252.4,67586,stock
2026-10-05,NMB,250.1,251.8,254.0,248.3,98808,stock
