time,symbol,open,close,high,low,volume,category
2015-06-04,PRIN,380.0,373.0,373.0,373.0,10,stock
2015-06-07,PRIN,373.0,374.0,382.0,373.0,3130,stock
2015-06-08,PRIN,374.0,360.0,370.0,359.0,794,stock
2015-06-09,PRIN,360.0,372.0,372.0,365.0,548,stock
2015-06-11,PRIN,372.0,366.0,366.0,366.0,10,stock
2015-06-23,PRIN,359.0,352.0,359.0,352.0,412,stock
2015-06-24,PRIN,359.0,345.0,359.0,345.0,600,stock
2015-06-29,PRIN,345.0,379.0,379.0,345.0,2733,stock
2015-06-30,PRIN,386.0,405.0,405.0,385.0,5305,stock
2015-07-01,PRIN,410.0,408.0,421.0,405.0,3482,stock
2015-07-02,PRIN,407.0,379.0,407.0,379.0,634,stock
2015-07-06,PRIN,378.0,381.0,381.0,378.0,732,stock
2015-07-07,PRIN,375.0,375.0,375.0,375.0,155,stock
2015-07-08,PRIN,368.0,368.0,368.0,368.0,61,stock
2015-07-09,PRIN,375.0,375.0,375.0,375.0,200,stock
2015-07-12,PRIN,370.0,368.0,375.0,368.0,530,stock
2015-07-13,PRIN,361.0,367.0,367.0,355.0,2385,stock
2015-07-14,PRIN,360.0,360.0,360.0,360.0,310,stock
2015-07-15,PRIN,355.0,365.0,365.0,350.0,4147,stock
2015-07-16,PRIN,365.0,350.0,365.0,350.0,3017,stock
2015-07-22,PRIN,350.0,345.0,350.0,339.0,990,stock
2015-07-23,PRIN,345.0,345.0,346.0,345.0,385,stock
2015-07-26,PRIN,345.0,358.0,358.0,351.0,23,stock
2015-07-27,PRIN,358.0,360.0,365.0,360.0,257,stock
2015-07-28,PRIN,360.0,345.0,355.0,345.0,1313,stock
2015-07-29,PRIN,345.0,348.0,348.0,348.0,200,stock
2015-07-30,PRIN,348.0,354.0,354.0,345.0,583,stock
2015-08-03,PRIN,354.0,335.0,347.0,335.0,1003,stock
2015-08-04,PRIN,335.0,340.0,340.0,340.0,300,stock
2015-08-05,PRIN,340.0,339.0,339.0,334.0,1094,stock
2015-08-06,PRIN,339.0,340.0,345.0,340.0,547,stock
2015-08-09,PRIN,340.0,337.0,340.0,337.0,1795,stock
2015-08-12,PRIN,340.0,347.0,347.0,340.0,853,stock
2015-08-13,PRIN,353.0,353.0,353.0,353.0,31,stock
2015-08-16,PRIN,360.0,372.0,372.0,360.0,727,stock
2015-08-17,PRIN,379.0,409.0,409.0,379.0,6482,stock
2015-08-18,PRIN,415.0,432.0,432.0,410.0,12961,stock
2015-08-19,PRIN,435.0,475.0,475.0,435.0,7292,stock
2015-08-20,PRIN,484.0,480.0,493.0,480.0,3177,stock
2015-08-23,PRIN,471.0,484.0,484.0,470.0,3301,stock
2015-08-24,PRIN,493.0,480.0,502.0,480.0,4238,stock
2015-08-25,PRIN,471.0,470.0,475.0,461.0,1073,stock
2015-08-26,PRIN,475.0,478.0,482.0,470.0,4575,stock
2015-08-27,PRIN,485.0,496.0,500.0,485.0,12853,stock
2015-08-31,PRIN,491.0,500.0,500.0,485.0,5463,stock
2015-09-01,PRIN,500.0,476.0,490.0,476.0,689,stock
2015-09-02,PRIN,467.0,460.0,467.0,460.0,840,stock
2015-09-03,PRIN,451.0,451.0,451.0,451.0,100,stock
2015-09-06,PRIN,460.0,452.0,460.0,451.0,868,stock
2015-09-07,PRIN,444.0,443.0,444.0,443.0,1139,stock
2015-09-08,PRIN,447.0,446.0,447.0,446.0,893,stock
2015-09-09,PRIN,454.0,446.0,456.0,446.0,2315,stock
2015-09-10,PRIN,446.0,445.0,446.0,437.0,5503,stock
2015-09-13,PRIN,440.0,442.0,442.0,440.0,605,stock
2015-09-14,PRIN,440.0,439.0,440.0,439.0,3300,stock
2015-09-16,PRIN,440.0,447.0,447.0,432.0,2075,stock
2015-09-17,PRIN,455.0,445.0,455.0,445.0,1720,stock
2015-09-22,PRIN,441.0,433.0,441.0,433.0,537,stock
2015-09-23,PRIN,425.0,420.0,425.0,420.0,656,stock
2015-09-24,PRIN,422.0,425.0,425.0,422.0,210,stock
2015-09-28,PRIN,420.0,420.0,420.0,420.0,454,stock
2015-09-30,PRIN,420.0,420.0,420.0,420.0,2493,stock
2015-10-01,PRIN,415.0,415.0,415.0,415.0,17,stock
2015-10-05,PRIN,409.0,410.0,410.0,409.0,411,stock
2015-10-06,PRIN,410.0,410.0,410.0,410.0,161,stock
2015-10-08,PRIN,402.0,401.0,402.0,394.0,1172,stock
2015-10-11,PRIN,393.0,386.0,393.0,386.0,1593,stock
2015-10-14,PRIN,393.0,393.0,393.0,393.0,385,stock
2015-10-15,PRIN,387.0,392.0,392.0,387.0,1044,stock
2015-10-28,PRIN,385.0,385.0,385.0,385.0,580,stock
2015-10-29,PRIN,380.0,375.0,380.0,375.0,547,stock
2015-11-01,PRIN,368.0,365.0,368.0,365.0,719,stock
2015-11-02,PRIN,372.0,366.0,372.0,366.0,1758,stock
2015-11-04,PRIN,364.0,364.0,364.0,364.0,55,stock
2015-11-05,PRIN,371.0,371.0,371.0,371.0,14,stock
2015-11-09,PRIN,371.0,378.0,378.0,371.0,176,stock
2015-11-16,PRIN,385.0,385.0,385.0,385.0,110,stock
2015-11-18,PRIN,378.0,396.0,399.0,378.0,1542,stock
2015-11-19,PRIN,396.0,397.0,400.0,396.0,1546,stock
2015-11-23,PRIN,390.0,385.0,390.0,383.0,408,stock
2015-11-24,PRIN,385.0,382.0,385.0,382.0,251,stock
2015-11-25,PRIN,383.0,389.0,389.0,382.0,327,stock
2015-11-26,PRIN,382.0,382.0,382.0,382.0,220,stock
2015-12-01,PRIN,382.0,400.0,400.0,384.0,1830,stock
2015-12-02,PRIN,392.0,398.0,399.0,386.0,2351,stock
2015-12-04,PRIN,362.0,375.0,375.0,362.0,323,stock
2015-12-07,PRIN,371.0,375.0,375.0,370.0,398,stock
2015-12-08,PRIN,369.0,376.0,376.0,369.0,593,stock
2015-12-09,PRIN,383.0,390.0,390.0,383.0,1297,stock
2015-12-10,PRIN,385.0,385.0,385.0,385.0,133,stock
2015-12-13,PRIN,390.0,392.0,392.0,390.0,477,stock
2015-12-14,PRIN,385.0,390.0,390.0,385.0,753,stock
2015-12-15,PRIN,397.0,429.0,429.0,397.0,9766,stock
2015-12-16,PRIN,437.0,430.0,469.0,425.0,6112,stock
2015-12-17,PRIN,425.0,444.0,453.0,425.0,2592,stock
2015-12-20,PRIN,449.0,459.0,459.0,457.0,228,stock
2015-12-21,PRIN,459.0,441.0,450.0,441.0,906,stock
2015-12-22,PRIN,449.0,433.0,449.0,433.0,476,stock
2015-12-23,PRIN,433.0,425.0,425.0,425.0,254,stock
2015-12-24,PRIN,433.0,467.0,467.0,433.0,13615,stock
2015-12-25,PRIN,458.0,482.0,498.0,458.0,6755,stock
2015-12-28,PRIN,482.0,491.0,491.0,470.0,4369,stock
2015-12-29,PRIN,491.0,510.0,515.0,498.0,9773,stock
2015-12-31,PRIN,520.0,561.0,561.0,518.0,17000,stock
2016-01-03,PRIN,572.0,617.0,617.0,572.0,22068,stock
2016-01-04,PRIN,617.0,605.0,629.0,590.0,17659,stock
2016-01-05,PRIN,593.0,576.0,593.0,575.0,5747,stock
2016-01-06,PRIN,565.0,570.0,570.0,549.0,8299,stock
2016-01-07,PRIN,580.0,574.0,600.0,570.0,4227,stock
2016-01-10,PRIN,574.0,561.0,570.0,550.0,14912,stock
2016-01-11,PRIN,550.0,546.0,550.0,545.0,3152,stock
2016-01-12,PRIN,556.0,547.0,556.0,539.0,2327,stock
2016-01-13,PRIN,547.0,557.0,557.0,557.0,200,stock
2016-01-14,PRIN,568.0,585.0,585.0,568.0,220,stock
2016-03-02,PRIN,596.0,643.0,643.0,596.0,70,stock
2016-03-03,PRIN,655.0,707.0,707.0,655.0,446,stock
2016-03-06,PRIN,721.0,777.0,777.0,721.0,1353,stock
2016-03-10,PRIN,792.0,854.0,854.0,792.0,470,stock
2016-03-13,PRIN,871.0,939.0,939.0,854.0,46543,stock
2016-03-14,PRIN,943.0,904.0,943.0,875.0,12331,stock
2016-03-15,PRIN,886.0,890.0,898.0,840.0,12907,stock
2016-03-16,PRIN,895.0,863.0,895.0,856.0,3614,stock
2016-03-17,PRIN,846.0,843.0,865.0,835.0,13574,stock
2016-03-20,PRIN,856.0,835.0,856.0,835.0,891,stock
2016-03-21,PRIN,840.0,835.0,865.0,835.0,5307,stock
2016-03-23,PRIN,825.0,790.0,825.0,786.0,1673,stock
2016-03-24,PRIN,790.0,780.0,785.0,746.0,6757,stock
2016-03-27,PRIN,780.0,750.0,779.0,736.0,14104,stock
2016-03-28,PRIN,750.0,765.0,780.0,731.0,8180,stock
2016-03-29,PRIN,780.0,790.0,805.0,775.0,6657,stock
2016-03-30,PRIN,790.0,775.0,796.0,775.0,1376,stock
2016-03-31,PRIN,775.0,750.0,760.0,750.0,440,stock
2016-04-03,PRIN,750.0,757.0,757.0,721.0,1419,stock
2016-04-04,PRIN,757.0,752.0,752.0,751.0,308,stock
2016-04-05,PRIN,767.0,770.0,780.0,767.0,1401,stock
2016-04-10,PRIN,770.0,745.0,760.0,745.0,159,stock
2016-04-11,PRIN,745.0,740.0,740.0,717.0,1530,stock
2016-04-12,PRIN,740.0,745.0,745.0,727.0,2969,stock
2016-04-14,PRIN,745.0,760.0,775.0,745.0,2564,stock
2016-04-17,PRIN,750.0,775.0,775.0,745.0,2866,stock
2016-04-18,PRIN,775.0,809.0,809.0,785.0,5411,stock
2016-04-19,PRIN,809.0,788.0,799.0,788.0,1777,stock
2016-04-20,PRIN,788.0,790.0,810.0,790.0,1044,stock
2016-04-24,PRIN,790.0,800.0,800.0,775.0,4704,stock
2016-04-25,PRIN,800.0,819.0,819.0,784.0,12863,stock
2016-04-26,PRIN,819.0,800.0,816.0,775.0,3599,stock
2016-04-27,PRIN,800.0,786.0,800.0,786.0,1305,stock
2016-04-28,PRIN,786.0,800.0,800.0,780.0,8781,stock
2016-05-02,PRIN,800.0,794.0,794.0,781.0,1097,stock
2016-05-03,PRIN,794.0,770.0,779.0,770.0,1360,stock
2016-05-04,PRIN,770.0,770.0,785.0,770.0,2188,stock
2016-05-05,PRIN,770.0,779.0,780.0,760.0,4008,stock
2016-05-10,PRIN,794.0,819.0,825.0,794.0,19005,stock
2016-05-11,PRIN,820.0,845.0,860.0,829.0,20127,stock
2016-05-12,PRIN,860.0,870.0,881.0,860.0,4305,stock
2016-05-15,PRIN,877.0,946.0,946.0,877.0,43374,stock
2016-05-16,PRIN,946.0,970.0,1010.0,946.0,60785,stock
2016-05-17,PRIN,980.0,940.0,980.0,940.0,28317,stock
2016-05-18,PRIN,940.0,986.0,995.0,950.0,24902,stock
2016-05-19,PRIN,986.0,1029.0,1040.0,989.0,33535,stock
2016-05-22,PRIN,1029.0,1131.0,1131.0,1049.0,30687,stock
2016-05-23,PRIN,1131.0,1220.0,1229.0,1090.0,39261,stock
2016-05-24,PRIN,1220.0,1195.0,1250.0,1180.0,21164,stock
2016-05-25,PRIN,1195.0,1165.0,1210.0,1150.0,21199,stock
2016-05-26,PRIN,1165.0,1190.0,1208.0,1120.0,26145,stock
2016-05-29,PRIN,1190.0,1285.0,1309.0,1213.0,22889,stock
2016-05-30,PRIN,1285.0,1250.0,1300.0,1241.0,14122,stock
2016-05-31,PRIN,1250.0,1200.0,1270.0,1200.0,13329,stock
2016-06-01,PRIN,1200.0,1200.0,1206.0,1160.0,17032,stock
2016-06-02,PRIN,1200.0,1190.0,1210.0,1177.0,6048,stock
2016-06-05,PRIN,1190.0,1127.0,1200.0,1127.0,14298,stock
2016-06-06,PRIN,1127.0,1165.0,1185.0,1149.0,18078,stock
2016-06-07,PRIN,1185.0,1216.0,1240.0,1184.0,12768,stock
2016-06-08,PRIN,1216.0,1310.0,1315.0,1235.0,34226,stock
2016-06-09,PRIN,1336.0,1440.0,1441.0,1335.0,52481,stock
2016-06-12,PRIN,1440.0,1431.0,1500.0,1360.0,31705,stock
2016-06-13,PRIN,1431.0,1421.0,1459.0,1400.0,11709,stock
2016-06-14,PRIN,1420.0,1469.0,1469.0,1419.0,15256,stock
2016-06-15,PRIN,1475.0,1580.0,1581.0,1475.0,28301,stock
2016-06-16,PRIN,1580.0,1738.0,1738.0,1610.0,38607,stock
2016-06-19,PRIN,1738.0,1690.0,1734.0,1610.0,32210,stock
2016-06-20,PRIN,1690.0,1627.0,1681.0,1611.0,21800,stock
2016-06-21,PRIN,1627.0,1642.0,1660.0,1640.0,10848,stock
2016-06-22,PRIN,1674.0,1693.0,1707.0,1660.0,13301,stock
2016-06-23,PRIN,1693.0,1749.0,1780.0,1705.0,26268,stock
2016-06-26,PRIN,1749.0,1699.0,1740.0,1673.0,8317,stock
2016-06-27,PRIN,1699.0,1679.0,1693.0,1650.0,8919,stock
2016-06-28,PRIN,1679.0,1664.0,1695.0,1620.0,10042,stock
2016-06-29,PRIN,1664.0,1660.0,1703.0,1654.0,16589,stock
2016-06-30,PRIN,1660.0,1650.0,1665.0,1640.0,7209,stock
2016-07-03,PRIN,1650.0,1633.0,1650.0,1622.0,9964,stock
2016-07-04,PRIN,1633.0,1601.0,1620.0,1600.0,8359,stock
2016-07-05,PRIN,1610.0,1635.0,1645.0,1590.0,11233,stock
2016-07-06,PRIN,1596.0,1550.0,1608.0,1550.0,7232,stock
2016-07-10,PRIN,1550.0,1561.0,1605.0,1540.0,18915,stock
2016-07-11,PRIN,1561.0,1530.0,1592.0,1530.0,5468,stock
2016-07-12,PRIN,1530.0,1501.0,1530.0,1413.0,8486,stock
2016-07-13,PRIN,1501.0,1500.0,1500.0,1405.0,3469,stock
2016-07-14,PRIN,1510.0,1470.0,1510.0,1465.0,10147,stock
2016-07-17,PRIN,1470.0,1423.0,1500.0,1423.0,4968,stock
2016-07-18,PRIN,1423.0,1565.0,1565.0,1395.0,7614,stock
2016-07-19,PRIN,1596.0,1560.0,1689.0,1507.0,9633,stock
2016-07-20,PRIN,1560.0,1557.0,1584.0,1545.0,12556,stock
2016-07-21,PRIN,1556.0,1589.0,1616.0,1560.0,5244,stock
2016-07-25,PRIN,1589.0,1630.0,1650.0,1605.0,11795,stock
2016-07-26,PRIN,1630.0,1668.0,1675.0,1629.0,11692,stock
2016-07-27,PRIN,1668.0,1635.0,1660.0,1620.0,6643,stock
2016-07-28,PRIN,1635.0,1693.0,1693.0,1603.0,11622,stock
2016-07-31,PRIN,1693.0,1652.0,1700.0,1650.0,8644,stock
2016-08-01,PRIN,1652.0,1643.0,1643.0,1590.0,3158,stock
2016-08-02,PRIN,1643.0,1572.0,1627.0,1572.0,6297,stock
2016-08-03,PRIN,1572.0,1580.0,1610.0,1554.0,3940,stock
2016-08-04,PRIN,1580.0,1490.0,1560.0,1480.0,9841,stock
2016-08-07,PRIN,1490.0,1485.0,1591.0,1480.0,15001,stock
2016-08-08,PRIN,1485.0,1432.0,1500.0,1432.0,3964,stock
2016-08-09,PRIN,1460.0,1518.0,1518.0,1460.0,3000,stock
2016-08-10,PRIN,1548.0,1514.0,1578.0,1470.0,14658,stock
2016-08-11,PRIN,1523.0,1505.0,1523.0,1476.0,9515,stock
2016-08-14,PRIN,1476.0,1422.0,1476.0,1422.0,4448,stock
2016-08-15,PRIN,1395.0,1395.0,1499.0,1350.0,6885,stock
2016-08-16,PRIN,1415.0,1420.0,1444.0,1389.0,17246,stock
2016-08-17,PRIN,1448.0,1502.0,1515.0,1448.0,18126,stock
2016-08-21,PRIN,1502.0,1495.0,1549.0,1495.0,3291,stock
2016-08-22,PRIN,1495.0,1455.0,1495.0,1437.0,3341,stock
2016-08-23,PRIN,1465.0,1450.0,1500.0,1435.0,2030,stock
2016-08-24,PRIN,1479.0,1595.0,1595.0,1470.0,18515,stock
2016-08-28,PRIN,1626.0,1690.0,1724.0,1600.0,40381,stock
2016-08-29,PRIN,1692.0,1666.0,1723.0,1650.0,18515,stock
2016-08-30,PRIN,1670.0,1643.0,1678.0,1605.0,10455,stock
2016-08-31,PRIN,1640.0,1670.0,1699.0,1640.0,12695,stock
2016-09-01,PRIN,1672.0,1679.0,1680.0,1637.0,9311,stock
2016-09-04,PRIN,1680.0,1670.0,1681.0,1650.0,3066,stock
2016-09-05,PRIN,1670.0,1658.0,1670.0,1655.0,2809,stock
2016-09-06,PRIN,1680.0,1670.0,1708.0,1650.0,11909,stock
2016-09-07,PRIN,1695.0,1775.0,1780.0,1689.0,43234,stock
2016-09-08,PRIN,1805.0,1770.0,1809.0,1760.0,30563,stock
2016-09-11,PRIN,1755.0,1800.0,1810.0,1755.0,18186,stock
2016-09-12,PRIN,1810.0,1849.0,1856.0,1800.0,31464,stock
2016-09-14,PRIN,1879.0,1870.0,1905.0,1860.0,32540,stock
2016-09-18,PRIN,1874.0,1840.0,1906.0,1830.0,15188,stock
2016-09-20,PRIN,1876.0,1795.0,1876.0,1786.0,15998,stock
2016-09-21,PRIN,1760.0,1790.0,1795.0,1749.0,11376,stock
2016-09-22,PRIN,1770.0,1751.0,1770.0,1751.0,7635,stock
2016-09-25,PRIN,1770.0,1751.0,1770.0,1751.0,7635,stock
2016-09-26,PRIN,1710.0,1730.0,1747.0,1699.0,9927,stock
2016-09-27,PRIN,1755.0,1729.0,1755.0,1720.0,4389,stock
2016-09-28,PRIN,1710.0,1711.0,1720.0,1695.0,2153,stock
2016-09-29,PRIN,1710.0,1712.0,1730.0,1690.0,14715,stock
2016-10-02,PRIN,1725.0,1749.0,1760.0,1720.0,4300,stock
2016-10-03,PRIN,1780.0,1780.0,1824.0,1780.0,7833,stock
2016-10-04,PRIN,1815.0,1828.0,1851.0,1780.0,20004,stock
2016-10-05,PRIN,1850.0,1840.0,1850.0,1800.0,25467,stock
2016-10-06,PRIN,1849.0,1864.0,1868.0,1845.0,21963,stock
2016-10-16,PRIN,1902.0,1791.0,1902.0,1710.0,29688,stock
2016-10-17,PRIN,1800.0,1820.0,1825.0,1764.0,31880,stock
2016-10-18,PRIN,1556.0,1580.0,1618.0,1560.0,4136,stock
2016-10-19,PRIN,1588.0,1569.0,1589.0,1568.0,1708,stock
2016-10-20,PRIN,1570.0,1570.0,1588.0,1570.0,3930,stock
2016-10-23,PRIN,1601.0,1595.0,1601.0,1569.0,4602,stock
2016-10-24,PRIN,1615.0,1595.0,1615.0,1581.0,6205,stock
2016-10-25,PRIN,1605.0,1586.0,1605.0,1582.0,3944,stock
2016-10-26,PRIN,1586.0,1580.0,1586.0,1571.0,2523,stock
2016-10-27,PRIN,1600.0,1570.0,1600.0,1570.0,2282,stock
2016-11-03,PRIN,1545.0,1565.0,1575.0,1545.0,1930,stock
2016-11-07,PRIN,1550.0,1530.0,1550.0,1530.0,1248,stock
2016-11-08,PRIN,1526.0,1500.0,1535.0,1500.0,1184,stock
2016-11-09,PRIN,1500.0,1489.0,1530.0,1475.0,2070,stock
2016-11-10,PRIN,1500.0,1479.0,1500.0,1471.0,2844,stock
2016-11-13,PRIN,1475.0,1442.0,1485.0,1442.0,3595,stock
2016-11-14,PRIN,1441.0,1510.0,1510.0,1440.0,1850,stock
2016-11-15,PRIN,1500.0,1470.0,1500.0,1466.0,3001,stock
2016-11-16,PRIN,1480.0,1455.0,1480.0,1455.0,303,stock
2016-11-17,PRIN,1450.0,1420.0,1450.0,1413.0,3103,stock
2016-11-20,PRIN,1392.0,1340.0,1435.0,1323.0,2229,stock
2016-11-21,PRIN,1320.0,1305.0,1380.0,1299.0,7097,stock
2016-11-22,PRIN,1285.0,1305.0,1328.0,1279.0,4058,stock
2016-11-23,PRIN,1286.0,1248.0,1310.0,1225.0,4428,stock
2016-11-24,PRIN,1268.0,1202.0,1293.0,1200.0,4935,stock
2016-11-27,PRIN,1180.0,1082.0,1185.0,1082.0,8006,stock
2016-11-28,PRIN,1061.0,1180.0,1180.0,1020.0,7850,stock
2016-11-29,PRIN,1158.0,1230.0,1245.0,1113.0,12393,stock
2016-11-30,PRIN,1245.0,1315.0,1326.0,1245.0,11692,stock
2016-12-01,PRIN,1341.0,1316.0,1367.0,1240.0,9722,stock
2016-12-04,PRIN,1300.0,1266.0,1320.0,1266.0,5200,stock
2016-12-05,PRIN,1242.0,1216.0,1256.0,1215.0,5542,stock
2016-12-06,PRIN,1238.0,1225.0,1264.0,1220.0,5155,stock
2016-12-07,PRIN,1230.0,1230.0,1250.0,1225.0,1310,stock
2016-12-08,PRIN,1215.0,1215.0,1220.0,1200.0,1935,stock
2016-12-11,PRIN,1220.0,1177.0,1220.0,1176.0,935,stock
2016-12-12,PRIN,1185.0,1170.0,1185.0,1118.0,11888,stock
2016-12-14,PRIN,1203.0,1160.0,1203.0,1157.0,10397,stock
2016-12-15,PRIN,1180.0,1159.0,1202.0,1159.0,4932,stock
2016-12-18,PRIN,1182.0,1188.0,1188.0,1165.0,959,stock
2016-12-19,PRIN,1189.0,1146.0,1189.0,1146.0,2410,stock
2016-12-20,PRIN,1148.0,1145.0,1160.0,1145.0,4967,stock
2016-12-21,PRIN,1123.0,1115.0,1159.0,1104.0,2947,stock
2016-12-22,PRIN,1136.0,1100.0,1137.0,1100.0,2471,stock
2016-12-26,PRIN,1082.0,1030.0,1082.0,1030.0,6628,stock
2016-12-27,PRIN,1010.0,994.0,1025.0,975.0,6285,stock
2016-12-28,PRIN,1000.0,997.0,1035.0,990.0,2175,stock
2016-12-29,PRIN,1016.0,1045.0,1096.0,1006.0,3700,stock
2017-01-01,PRIN,1065.0,1081.0,1100.0,1065.0,5207,stock
2017-01-02,PRIN,1102.0,1110.0,1124.0,1072.0,3630,stock
2017-01-03,PRIN,1095.0,1070.0,1100.0,1067.0,1468,stock
2017-01-04,PRIN,1050.0,1051.0,1088.0,1050.0,2480,stock
2017-01-05,PRIN,1065.0,1065.0,1065.0,1065.0,100,stock
2017-01-08,PRIN,1070.0,1069.0,1070.0,1052.0,276,stock
2017-01-09,PRIN,1070.0,1070.0,1090.0,1065.0,2010,stock
2017-01-10,PRIN,1080.0,1100.0,1102.0,1080.0,3516,stock
2017-01-11,PRIN,1095.0,1091.0,1095.0,1070.0,1379,stock
2017-01-12,PRIN,1112.0,1090.0,1112.0,1090.0,1118,stock
2017-01-15,PRIN,1100.0,1081.0,1100.0,1081.0,166,stock
2017-01-16,PRIN,1060.0,1073.0,1073.0,1039.0,2083,stock
2017-01-17,PRIN,1070.0,1100.0,1122.0,1070.0,2015,stock
2017-01-18,PRIN,1115.0,1095.0,1115.0,1095.0,2475,stock
2017-01-19,PRIN,1115.0,1128.0,1137.0,1110.0,2083,stock
2017-01-22,PRIN,1120.0,1100.0,1120.0,1095.0,2304,stock
2017-01-23,PRIN,1095.0,1100.0,1100.0,1070.0,3747,stock
2017-01-24,PRIN,1080.0,1050.0,1080.0,1049.0,2135,stock
2017-01-25,PRIN,1030.0,1004.0,1044.0,1000.0,3328,stock
2017-01-26,PRIN,985.0,1002.0,1024.0,966.0,2800,stock
2017-01-30,PRIN,982.0,902.0,982.0,902.0,9567,stock
2017-01-31,PRIN,890.0,899.0,920.0,851.0,4462,stock
2017-02-01,PRIN,916.0,988.0,988.0,898.0,2870,stock
2017-02-02,PRIN,1007.0,969.0,1027.0,950.0,2297,stock
2017-02-05,PRIN,950.0,935.0,955.0,925.0,1130,stock
2017-02-06,PRIN,920.0,900.0,920.0,892.0,4586,stock
2017-02-07,PRIN,890.0,885.0,900.0,885.0,2189,stock
2017-02-08,PRIN,880.0,870.0,880.0,855.0,2004,stock
2017-02-09,PRIN,853.0,820.0,860.0,820.0,3318,stock
2017-02-12,PRIN,805.0,738.0,805.0,738.0,5139,stock
2017-02-13,PRIN,724.0,769.0,769.0,684.0,4451,stock
2017-02-14,PRIN,755.0,745.0,790.0,745.0,3285,stock
2017-02-15,PRIN,759.0,819.0,819.0,759.0,4785,stock
2017-02-16,PRIN,835.0,900.0,900.0,820.0,9403,stock
2017-02-19,PRIN,900.0,979.0,990.0,870.0,10699,stock
2017-02-20,PRIN,998.0,1020.0,1076.0,998.0,22604,stock
2017-02-21,PRIN,1040.0,1024.0,1081.0,990.0,12481,stock
2017-02-22,PRIN,1044.0,1020.0,1050.0,995.0,7594,stock
2017-02-23,PRIN,1000.0,1025.0,1040.0,980.0,5124,stock
2017-02-26,PRIN,1011.0,1010.0,1019.0,1000.0,4286,stock
2017-02-28,PRIN,990.0,999.0,1000.0,975.0,3717,stock
2017-03-01,PRIN,1018.0,1025.0,1038.0,1000.0,5199,stock
2017-03-02,PRIN,1025.0,1041.0,1044.0,1010.0,4844,stock
2017-03-05,PRIN,1050.0,1067.0,1080.0,1042.0,6374,stock
2017-03-06,PRIN,1082.0,1065.0,1082.0,1048.0,7075,stock
2017-03-07,PRIN,1044.0,1034.0,1064.0,1004.0,6051,stock
2017-03-09,PRIN,1045.0,1070.0,1084.0,1043.0,8341,stock
2017-03-13,PRIN,1091.0,1065.0,1098.0,1061.0,9787,stock
2017-03-14,PRIN,1073.0,1053.0,1073.0,1053.0,5748,stock
2017-03-15,PRIN,1040.0,1045.0,1059.0,1020.0,5177,stock
2017-03-16,PRIN,1050.0,1050.0,1068.0,1040.0,15177,stock
2017-03-19,PRIN,733.0,806.0,806.0,747.0,10031,stock
2017-03-20,PRIN,822.0,886.0,886.0,822.0,12953,stock
2017-03-21,PRIN,903.0,965.0,973.0,876.0,25665,stock
2017-03-22,PRIN,984.0,911.0,1000.0,911.0,13046,stock
2017-03-23,PRIN,929.0,930.0,946.0,893.0,11423,stock
2017-03-26,PRIN,948.0,975.0,983.0,948.0,12498,stock
2017-03-28,PRIN,975.0,1040.0,1042.0,985.0,9028,stock
2017-03-29,PRIN,1040.0,1040.0,1110.0,1040.0,25395,stock
2017-03-30,PRIN,1040.0,1032.0,1075.0,1030.0,10465,stock
2017-04-02,PRIN,1052.0,1135.0,1135.0,1052.0,3828,stock
2017-04-03,PRIN,1157.0,1190.0,1248.0,1157.0,35154,stock
2017-04-04,PRIN,1200.0,1208.0,1238.0,1162.0,18087,stock
2017-04-06,PRIN,1208.0,1200.0,1232.0,1176.0,13964,stock
2017-04-09,PRIN,1224.0,1195.0,1230.0,1174.0,6360,stock
2017-04-10,PRIN,1200.0,1230.0,1279.0,1180.0,12000,stock
2017-04-11,PRIN,1254.0,1257.0,1275.0,1211.0,13831,stock
2017-04-12,PRIN,1265.0,1250.0,1358.0,1250.0,29707,stock
2017-04-13,PRIN,1250.0,1251.0,1285.0,1201.0,9309,stock
2017-04-16,PRIN,1260.0,1166.0,1260.0,1161.0,6043,stock
2017-04-18,PRIN,1150.0,1130.0,1185.0,1105.0,12830,stock
2017-04-19,PRIN,1130.0,1190.0,1191.0,1125.0,12944,stock
2017-04-20,PRIN,1213.0,1215.0,1261.0,1210.0,11375,stock
2017-04-23,PRIN,1239.0,1260.0,1336.0,1239.0,9931,stock
2017-04-24,PRIN,1270.0,1233.0,1270.0,1230.0,7167,stock
2017-04-25,PRIN,1257.0,1214.0,1257.0,1214.0,2858,stock
2017-04-26,PRIN,1238.0,1196.0,1238.0,1190.0,3630,stock
2017-04-27,PRIN,1178.0,1200.0,1224.0,1178.0,5990,stock
2017-04-30,PRIN,1176.0,1177.0,1200.0,1176.0,3782,stock
2017-05-02,PRIN,1154.0,1171.0,1198.0,1154.0,6067,stock
2017-05-03,PRIN,1191.0,1180.0,1200.0,1175.0,3555,stock
2017-05-04,PRIN,1180.0,1155.0,1180.0,1143.0,3517,stock
2017-05-07,PRIN,1133.0,1120.0,1133.0,1120.0,567,stock
2017-05-08,PRIN,1100.0,1135.0,1166.0,1100.0,1660,stock
2017-05-09,PRIN,1135.0,1165.0,1170.0,1130.0,3483,stock
2017-05-11,PRIN,1175.0,1160.0,1175.0,1140.0,2013,stock
2017-05-15,PRIN,1160.0,1150.0,1183.0,1150.0,2182,stock
2017-05-16,PRIN,1150.0,1150.0,1150.0,1105.0,1062,stock
2017-05-17,PRIN,1150.0,1138.0,1151.0,1136.0,1609,stock
2017-05-18,PRIN,1138.0,1140.0,1145.0,1132.0,3494,stock
2017-05-21,PRIN,1120.0,1110.0,1127.0,1107.0,11112,stock
2017-05-22,PRIN,1115.0,1112.0,1119.0,1101.0,15130,stock
2017-05-23,PRIN,1102.0,1134.0,1155.0,1102.0,8113,stock
2017-05-24,PRIN,1134.0,1130.0,1140.0,1120.0,1075,stock
2017-05-28,PRIN,1108.0,1114.0,1125.0,1102.0,5994,stock
2017-05-30,PRIN,1114.0,1100.0,1114.0,1088.0,2968,stock
2017-05-31,PRIN,1100.0,1125.0,1144.0,1070.0,12544,stock
2017-06-01,PRIN,1135.0,1111.0,1135.0,1100.0,4506,stock
2017-06-04,PRIN,1110.0,1097.0,1115.0,1094.0,4388,stock
2017-06-05,PRIN,1100.0,1100.0,1122.0,1099.0,3785,stock
2017-06-06,PRIN,1120.0,1125.0,1125.0,1100.0,6963,stock
2017-06-07,PRIN,1130.0,1112.0,1138.0,1108.0,4370,stock
2017-06-08,PRIN,1100.0,1109.0,1115.0,1100.0,3362,stock
2017-06-11,PRIN,1100.0,1075.0,1105.0,1075.0,5960,stock
2017-06-12,PRIN,1054.0,1070.0,1082.0,1033.0,4440,stock
2017-06-13,PRIN,1070.0,1065.0,1081.0,1055.0,10460,stock
2017-06-14,PRIN,1065.0,1069.0,1069.0,1065.0,223,stock
2017-06-15,PRIN,1049.0,1085.0,1100.0,1025.0,15513,stock
2017-06-18,PRIN,1085.0,1070.0,1095.0,1070.0,830,stock
2017-06-19,PRIN,1052.0,1065.0,1065.0,1036.0,960,stock
2017-06-20,PRIN,1050.0,1047.0,1055.0,1040.0,1570,stock
2017-06-21,PRIN,1045.0,1036.0,1045.0,1035.0,1135,stock
2017-06-22,PRIN,1040.0,1020.0,1042.0,1015.0,4199,stock
2017-06-25,PRIN,1032.0,1030.0,1034.0,1028.0,2849,stock
2017-06-27,PRIN,1038.0,1030.0,1038.0,1030.0,808,stock
2017-06-28,PRIN,1022.0,1020.0,1030.0,1018.0,1700,stock
2017-07-02,PRIN,1001.0,1005.0,1020.0,1000.0,1165,stock
2017-07-03,PRIN,1010.0,1005.0,1030.0,1000.0,1290,stock
2017-07-04,PRIN,1001.0,1005.0,1005.0,1001.0,2126,stock
2017-07-05,PRIN,1005.0,995.0,1005.0,980.0,2222,stock
2017-07-06,PRIN,1014.0,1033.0,1033.0,1014.0,4698,stock
2017-07-09,PRIN,1033.0,1035.0,1060.0,986.0,10993,stock
2017-07-10,PRIN,1040.0,1010.0,1040.0,1000.0,4583,stock
2017-07-11,PRIN,1000.0,1015.0,1019.0,1000.0,3746,stock
2017-07-12,PRIN,1035.0,1016.0,1035.0,1001.0,7018,stock
2017-07-13,PRIN,1002.0,1000.0,1009.0,996.0,7212,stock
2017-07-16,PRIN,1000.0,1014.0,1030.0,990.0,1952,stock
2017-07-17,PRIN,1020.0,1029.0,1029.0,1012.0,4694,stock
2017-07-18,PRIN,1049.0,1070.0,1070.0,1031.0,10564,stock
2017-07-19,PRIN,1080.0,1100.0,1144.0,1070.0,28204,stock
2017-07-20,PRIN,1120.0,1134.0,1140.0,1095.0,41998,stock
2017-07-23,PRIN,1150.0,1161.0,1200.0,1147.0,39975,stock
2017-07-24,PRIN,1161.0,1164.0,1199.0,1142.0,32122,stock
2017-07-25,PRIN,1170.0,1169.0,1184.0,1160.0,33393,stock
2017-07-26,PRIN,1185.0,1255.0,1263.0,1164.0,78874,stock
2017-07-27,PRIN,1270.0,1219.0,1270.0,1211.0,47476,stock
2017-07-30,PRIN,1215.0,1275.0,1279.0,1190.0,72095,stock
2017-07-31,PRIN,1270.0,1244.0,1279.0,1242.0,31415,stock
2017-08-01,PRIN,1247.0,1235.0,1250.0,1216.0,18618,stock
2017-08-02,PRIN,1235.0,1230.0,1250.0,1221.0,7957,stock
2017-08-03,PRIN,1230.0,1232.0,1254.0,1220.0,12073,stock
2017-08-06,PRIN,1225.0,1214.0,1230.0,1211.0,11508,stock
2017-08-07,PRIN,1210.0,1202.0,1210.0,1195.0,12593,stock
2017-08-09,PRIN,1214.0,1205.0,1225.0,1202.0,14712,stock
2017-08-10,PRIN,1200.0,1211.0,1218.0,1200.0,9574,stock
2017-08-13,PRIN,1208.0,1204.0,1217.0,1200.0,12149,stock
2017-08-15,PRIN,1195.0,1200.0,1200.0,1190.0,7489,stock
2017-08-16,PRIN,1199.0,1208.0,1215.0,1196.0,8429,stock
2017-08-17,PRIN,1195.0,1200.0,1200.0,1191.0,6144,stock
2017-08-20,PRIN,1208.0,1190.0,1208.0,1190.0,3767,stock
2017-08-21,PRIN,1195.0,1190.0,1195.0,1182.0,4509,stock
2017-08-22,PRIN,1192.0,1180.0,1220.0,1175.0,11328,stock
2017-08-23,PRIN,1185.0,1170.0,1194.0,1157.0,23915,stock
2017-08-24,PRIN,1170.0,1195.0,1195.0,1170.0,18820,stock
2017-08-27,PRIN,1195.0,1182.0,1205.0,1170.0,9152,stock
2017-08-28,PRIN,1183.0,1185.0,1185.0,1173.0,3020,stock
2017-08-30,PRIN,1185.0,1160.0,1190.0,1160.0,9445,stock
2017-08-31,PRIN,1160.0,1154.0,1165.0,1145.0,12796,stock
2017-09-04,PRIN,1140.0,1125.0,1165.0,1125.0,12443,stock
2017-09-06,PRIN,1147.0,1158.0,1165.0,1132.0,6295,stock
2017-09-07,PRIN,1160.0,1147.0,1160.0,1136.0,5126,stock
2017-09-10,PRIN,1149.0,1100.0,1149.0,1100.0,8370,stock
2017-09-11,PRIN,1105.0,1140.0,1160.0,1100.0,6397,stock
2017-09-12,PRIN,1130.0,1102.0,1135.0,1100.0,7312,stock
2017-09-13,PRIN,1100.0,1090.0,1133.0,1078.0,12757,stock
2017-09-14,PRIN,1070.0,1130.0,1135.0,1070.0,10202,stock
2017-09-17,PRIN,1150.0,1140.0,1150.0,1120.0,5722,stock
2017-09-18,PRIN,1150.0,1137.0,1150.0,1136.0,3999,stock
2017-09-20,PRIN,1130.0,1147.0,1168.0,1109.0,9292,stock
2017-09-24,PRIN,1140.0,1132.0,1141.0,1130.0,1170,stock
2017-09-25,PRIN,1140.0,1141.0,1148.0,1134.0,2351,stock
2017-09-26,PRIN,1126.0,1144.0,1144.0,1126.0,2716,stock
2017-10-04,PRIN,1145.0,1129.0,1150.0,1129.0,810,stock
2017-10-08,PRIN,1107.0,1095.0,1107.0,1070.0,4841,stock
2017-10-09,PRIN,1085.0,1109.0,1110.0,1082.0,3984,stock
2017-10-10,PRIN,1092.0,1101.0,1120.0,1091.0,2239,stock
2017-10-11,PRIN,1115.0,1111.0,1119.0,1100.0,4706,stock
2017-10-12,PRIN,1100.0,1111.0,1111.0,1100.0,6186,stock
2017-10-15,PRIN,1107.0,1102.0,1107.0,1100.0,2510,stock
2017-10-16,PRIN,1124.0,1175.0,1179.0,1124.0,16658,stock
2017-10-17,PRIN,1195.0,1180.0,1199.0,1155.0,25891,stock
2017-10-18,PRIN,1185.0,1185.0,1190.0,1165.0,12248,stock
2017-10-22,PRIN,1190.0,1165.0,1200.0,1162.0,7190,stock
2017-10-23,PRIN,1162.0,1160.0,1183.0,1160.0,19046,stock
2017-10-24,PRIN,973.0,960.0,992.0,956.0,7660,stock
2017-10-25,PRIN,951.0,950.0,953.0,945.0,3904,stock
2017-10-29,PRIN,936.0,935.0,938.0,932.0,1994,stock
2017-10-30,PRIN,945.0,916.0,945.0,916.0,5106,stock
2017-10-31,PRIN,902.0,906.0,919.0,902.0,3319,stock
2017-11-01,PRIN,903.0,906.0,909.0,897.0,6744,stock
2017-11-02,PRIN,900.0,900.0,915.0,900.0,4139,stock
2017-11-05,PRIN,905.0,884.0,905.0,880.0,4010,stock
2017-11-06,PRIN,884.0,875.0,900.0,875.0,6789,stock
2017-11-07,PRIN,892.0,880.0,892.0,876.0,4868,stock
2017-11-08,PRIN,877.0,872.0,879.0,863.0,3843,stock
2017-11-09,PRIN,862.0,870.0,885.0,856.0,2803,stock
2017-11-12,PRIN,870.0,883.0,887.0,865.0,1488,stock
2017-11-13,PRIN,895.0,900.0,900.0,880.0,8838,stock
2017-11-14,PRIN,901.0,924.0,925.0,890.0,8474,stock
2017-11-15,PRIN,924.0,906.0,925.0,900.0,7280,stock
2017-11-16,PRIN,900.0,887.0,900.0,886.0,5101,stock
2017-11-19,PRIN,886.0,875.0,885.0,856.0,1635,stock
2017-11-20,PRIN,892.0,865.0,907.0,865.0,2445,stock
2017-11-21,PRIN,878.0,880.0,882.0,872.0,2074,stock
2017-11-22,PRIN,866.0,889.0,890.0,866.0,2900,stock
2017-11-23,PRIN,890.0,893.0,902.0,885.0,1800,stock
2017-11-26,PRIN,893.0,901.0,914.0,893.0,4587,stock
2017-11-27,PRIN,901.0,895.0,910.0,895.0,3595,stock
2017-11-28,PRIN,900.0,900.0,900.0,890.0,3035,stock
2017-11-29,PRIN,900.0,910.0,921.0,883.0,3643,stock
2017-11-30,PRIN,902.0,915.0,920.0,897.0,3557,stock
2017-12-04,PRIN,909.0,898.0,910.0,895.0,2457,stock
2017-12-05,PRIN,901.0,895.0,901.0,890.0,4400,stock
2017-12-06,PRIN,900.0,910.0,910.0,900.0,4917,stock
2017-12-10,PRIN,928.0,890.0,928.0,890.0,6500,stock
2017-12-11,PRIN,903.0,900.0,903.0,885.0,4380,stock
2017-12-12,PRIN,899.0,885.0,899.0,882.0,2782,stock
2017-12-13,PRIN,890.0,890.0,900.0,890.0,1373,stock
2017-12-14,PRIN,890.0,888.0,890.0,880.0,195,stock
2017-12-17,PRIN,880.0,880.0,880.0,873.0,4590,stock
2017-12-18,PRIN,870.0,874.0,879.0,869.0,10273,stock
2017-12-19,PRIN,867.0,868.0,875.0,865.0,1312,stock
2017-12-20,PRIN,859.0,840.0,865.0,840.0,8781,stock
2017-12-21,PRIN,840.0,843.0,849.0,835.0,2884,stock
2017-12-24,PRIN,849.0,840.0,855.0,840.0,4791,stock
2017-12-26,PRIN,825.0,817.0,825.0,808.0,8682,stock
2017-12-27,PRIN,801.0,799.0,825.0,790.0,13343,stock
2017-12-28,PRIN,785.0,804.0,820.0,775.0,9424,stock
2017-12-31,PRIN,790.0,802.0,815.0,783.0,6399,stock
2018-01-01,PRIN,813.0,840.0,845.0,790.0,9764,stock
2018-01-02,PRIN,830.0,822.0,836.0,794.0,15232,stock
2018-01-03,PRIN,820.0,798.0,820.0,797.0,9750,stock
2018-01-04,PRIN,800.0,801.0,805.0,800.0,5698,stock
2018-01-07,PRIN,800.0,808.0,816.0,800.0,1363,stock
2018-01-08,PRIN,815.0,816.0,821.0,810.0,3371,stock
2018-01-09,PRIN,816.0,820.0,832.0,818.0,6513,stock
2018-01-10,PRIN,810.0,807.0,815.0,805.0,3302,stock
2018-01-14,PRIN,806.0,798.0,806.0,796.0,600,stock
2018-01-16,PRIN,792.0,790.0,795.0,783.0,6176,stock
2018-01-17,PRIN,786.0,805.0,816.0,780.0,1485,stock
2018-01-21,PRIN,790.0,785.0,795.0,779.0,6044,stock
2018-01-22,PRIN,780.0,777.0,780.0,777.0,1453,stock
2018-01-23,PRIN,777.0,767.0,777.0,765.0,2469,stock
2018-01-24,PRIN,752.0,770.0,770.0,745.0,1162,stock
2018-01-25,PRIN,768.0,785.0,785.0,768.0,1410,stock
2018-01-28,PRIN,785.0,780.0,785.0,776.0,1474,stock
2018-01-29,PRIN,780.0,773.0,789.0,773.0,169,stock
2018-01-31,PRIN,758.0,778.0,778.0,758.0,1714,stock
2018-02-01,PRIN,780.0,780.0,781.0,776.0,1270,stock
2018-02-04,PRIN,780.0,773.0,782.0,772.0,1135,stock
2018-02-05,PRIN,766.0,765.0,767.0,762.0,2478,stock
2018-02-06,PRIN,775.0,770.0,775.0,760.0,678,stock
2018-02-07,PRIN,770.0,757.0,770.0,751.0,1444,stock
2018-02-08,PRIN,750.0,760.0,760.0,746.0,868,stock
2018-02-11,PRIN,755.0,753.0,758.0,750.0,780,stock
2018-02-12,PRIN,750.0,743.0,750.0,739.0,4292,stock
2018-02-14,PRIN,745.0,771.0,771.0,745.0,2319,stock
2018-02-15,PRIN,771.0,779.0,800.0,757.0,11109,stock
2018-02-18,PRIN,779.0,770.0,800.0,767.0,14175,stock
2018-02-20,PRIN,773.0,757.0,777.0,757.0,8024,stock
2018-02-21,PRIN,756.0,756.0,756.0,756.0,17,stock
2018-02-22,PRIN,767.0,752.0,767.0,752.0,1020,stock
2018-02-25,PRIN,767.0,745.0,767.0,741.0,4138,stock
2018-02-26,PRIN,740.0,735.0,754.0,730.0,4450,stock
2018-02-27,PRIN,740.0,743.0,750.0,725.0,4032,stock
2018-02-28,PRIN,732.0,729.0,732.0,704.0,4837,stock
2018-03-04,PRIN,729.0,685.0,729.0,674.0,9447,stock
2018-03-05,PRIN,698.0,660.0,698.0,660.0,6931,stock
2018-03-06,PRIN,660.0,642.0,673.0,620.0,10696,stock
2018-03-07,PRIN,654.0,656.0,667.0,630.0,6002,stock
2018-03-11,PRIN,656.0,625.0,661.0,620.0,5878,stock
2018-03-12,PRIN,625.0,630.0,646.0,620.0,3229,stock
2018-03-13,PRIN,621.0,630.0,630.0,619.0,4096,stock
2018-03-14,PRIN,620.0,628.0,628.0,610.0,1724,stock
2018-03-15,PRIN,630.0,634.0,636.0,629.0,2213,stock
2018-03-18,PRIN,632.0,630.0,632.0,625.0,2170,stock
2018-03-19,PRIN,625.0,620.0,625.0,615.0,1550,stock
2018-03-20,PRIN,610.0,605.0,610.0,600.0,5590,stock
2018-03-21,PRIN,605.0,590.0,605.0,579.0,7081,stock
2018-03-22,PRIN,589.0,580.0,610.0,576.0,7372,stock
2018-03-26,PRIN,566.0,535.0,566.0,535.0,10233,stock
2018-03-27,PRIN,525.0,545.0,579.0,483.0,7849,stock
2018-03-28,PRIN,555.0,540.0,570.0,530.0,13938,stock
2018-03-29,PRIN,550.0,560.0,560.0,538.0,8107,stock
2018-04-01,PRIN,555.0,545.0,555.0,528.0,4578,stock
2018-04-02,PRIN,548.0,540.0,550.0,537.0,2098,stock
2018-04-03,PRIN,546.0,546.0,555.0,540.0,1560,stock
2018-04-04,PRIN,556.0,572.0,575.0,553.0,5685,stock
2018-04-05,PRIN,583.0,603.0,605.0,562.0,22599,stock
2018-04-08,PRIN,600.0,659.0,665.0,600.0,42860,stock
2018-04-09,PRIN,672.0,651.0,685.0,646.0,34454,stock
2018-04-10,PRIN,663.0,645.0,677.0,628.0,14860,stock
2018-04-11,PRIN,636.0,648.0,650.0,628.0,7535,stock
2018-04-12,PRIN,655.0,663.0,667.0,650.0,9647,stock
2018-04-15,PRIN,663.0,674.0,674.0,640.0,9179,stock
2018-04-16,PRIN,665.0,725.0,726.0,665.0,40735,stock
2018-04-17,PRIN,725.0,770.0,777.0,725.0,24080,stock
2018-04-18,PRIN,778.0,750.0,790.0,740.0,28049,stock
2018-04-19,PRIN,750.0,750.0,779.0,740.0,15580,stock
2018-04-22,PRIN,745.0,800.0,805.0,741.0,28531,stock
2018-04-23,PRIN,815.0,784.0,825.0,782.0,31539,stock
2018-04-24,PRIN,770.0,788.0,809.0,770.0,20120,stock
2018-04-25,PRIN,772.0,781.0,799.0,770.0,8119,stock
2018-04-26,PRIN,796.0,752.0,796.0,751.0,14821,stock
2018-04-29,PRIN,750.0,756.0,775.0,745.0,9938,stock
2018-05-02,PRIN,756.0,770.0,780.0,743.0,6086,stock
2018-05-03,PRIN,785.0,778.0,791.0,775.0,14972,stock
2018-05-06,PRIN,778.0,781.0,793.0,778.0,3770,stock
2018-05-07,PRIN,775.0,772.0,779.0,772.0,6071,stock
2018-05-08,PRIN,787.0,782.0,787.0,770.0,6565,stock
2018-05-09,PRIN,782.0,779.0,785.0,778.0,4733,stock
2018-05-10,PRIN,779.0,775.0,780.0,760.0,10280,stock
2018-05-14,PRIN,780.0,775.0,786.0,766.0,6578,stock
2018-05-15,PRIN,776.0,775.0,776.0,770.0,1464,stock
2018-05-16,PRIN,766.0,766.0,770.0,762.0,3541,stock
2018-05-17,PRIN,766.0,785.0,790.0,762.0,11584,stock
2018-05-20,PRIN,799.0,790.0,805.0,786.0,19315,stock
2018-05-21,PRIN,790.0,785.0,790.0,781.0,4353,stock
2018-05-22,PRIN,799.0,771.0,799.0,771.0,5983,stock
2018-05-23,PRIN,773.0,773.0,774.0,768.0,5715,stock
2018-05-24,PRIN,774.0,765.0,775.0,759.0,16811,stock
2018-05-27,PRIN,767.0,742.0,767.0,732.0,37350,stock
2018-05-28,PRIN,540.0,561.0,561.0,517.0,20168,stock
2018-05-29,PRIN,561.0,567.0,574.0,550.0,21052,stock
2018-05-30,PRIN,566.0,566.0,581.0,551.0,8556,stock
2018-05-31,PRIN,565.0,560.0,574.0,560.0,8278,stock
2018-06-03,PRIN,550.0,544.0,565.0,531.0,10968,stock
2018-06-04,PRIN,535.0,533.0,561.0,525.0,10918,stock
2018-06-06,PRIN,543.0,543.0,563.0,535.0,6132,stock
2018-06-07,PRIN,545.0,530.0,556.0,530.0,10363,stock
2018-06-10,PRIN,539.0,514.0,539.0,514.0,6465,stock
2018-06-11,PRIN,507.0,525.0,538.0,500.0,10692,stock
2018-06-12,PRIN,520.0,521.0,535.0,510.0,3392,stock
2018-06-13,PRIN,525.0,524.0,531.0,518.0,3289,stock
2018-06-14,PRIN,525.0,528.0,530.0,520.0,3892,stock
2018-06-17,PRIN,518.0,523.0,530.0,518.0,1338,stock
2018-06-18,PRIN,515.0,529.0,529.0,512.0,1800,stock
2018-06-19,PRIN,521.0,520.0,521.0,510.0,1333,stock
2018-06-20,PRIN,520.0,513.0,520.0,512.0,250,stock
2018-06-21,PRIN,515.0,512.0,522.0,506.0,3386,stock
2018-06-24,PRIN,515.0,515.0,532.0,515.0,712,stock
2018-06-25,PRIN,520.0,507.0,520.0,506.0,2592,stock
2018-06-26,PRIN,505.0,506.0,506.0,503.0,2100,stock
2018-06-27,PRIN,509.0,514.0,519.0,504.0,3077,stock
2018-06-28,PRIN,505.0,509.0,510.0,504.0,4653,stock
2018-07-01,PRIN,499.0,508.0,508.0,498.0,3467,stock
2018-07-02,PRIN,490.0,492.0,508.0,490.0,4676,stock
2018-07-03,PRIN,501.0,500.0,505.0,500.0,1352,stock
2018-07-04,PRIN,496.0,513.0,514.0,495.0,1621,stock
2018-07-05,PRIN,519.0,539.0,540.0,510.0,13040,stock
2018-07-08,PRIN,549.0,526.0,550.0,525.0,9285,stock
2018-07-09,PRIN,522.0,523.0,530.0,520.0,4677,stock
2018-07-10,PRIN,531.0,524.0,532.0,524.0,5959,stock
2018-07-11,PRIN,524.0,525.0,546.0,524.0,6596,stock
2018-07-12,PRIN,520.0,515.0,520.0,513.0,3207,stock
2018-07-15,PRIN,525.0,520.0,525.0,516.0,221,stock
2018-07-16,PRIN,520.0,535.0,535.0,520.0,3167,stock
2018-07-17,PRIN,535.0,521.0,535.0,521.0,2450,stock
2018-07-18,PRIN,512.0,516.0,521.0,512.0,1405,stock
2018-07-19,PRIN,516.0,509.0,516.0,500.0,26542,stock
2018-07-22,PRIN,505.0,502.0,505.0,500.0,5222,stock
2018-07-23,PRIN,505.0,515.0,515.0,505.0,6236,stock
2018-07-24,PRIN,519.0,512.0,524.0,510.0,11480,stock
2018-07-25,PRIN,500.0,509.0,510.0,500.0,12444,stock
2018-07-26,PRIN,505.0,507.0,507.0,501.0,5426,stock
2018-07-29,PRIN,507.0,504.0,514.0,504.0,1995,stock
2018-07-30,PRIN,504.0,500.0,508.0,500.0,2921,stock
2018-07-31,PRIN,500.0,500.0,505.0,500.0,3892,stock
2018-08-01,PRIN,499.0,508.0,508.0,498.0,3467,stock
2018-08-02,PRIN,505.0,499.0,505.0,498.0,1664,stock
2018-08-05,PRIN,495.0,497.0,504.0,495.0,473,stock
2018-08-06,PRIN,497.0,497.0,500.0,497.0,3141,stock
2018-08-07,PRIN,497.0,489.0,497.0,489.0,1947,stock
2018-08-08,PRIN,485.0,492.0,498.0,482.0,3575,stock
2018-08-09,PRIN,488.0,481.0,490.0,481.0,4517,stock
2018-08-12,PRIN,481.0,477.0,483.0,472.0,8973,stock
2018-08-13,PRIN,476.0,477.0,485.0,476.0,5475,stock
2018-08-14,PRIN,472.0,494.0,494.0,472.0,3719,stock
2018-08-15,PRIN,491.0,508.0,517.0,484.0,9840,stock
2018-08-16,PRIN,510.0,503.0,515.0,501.0,7667,stock
2018-08-19,PRIN,501.0,486.0,501.0,486.0,2387,stock
2018-08-20,PRIN,490.0,481.0,490.0,481.0,2797,stock
2018-08-21,PRIN,475.0,484.0,491.0,475.0,14768,stock
2018-08-22,PRIN,478.0,475.0,480.0,475.0,9708,stock
2018-08-23,PRIN,484.0,478.0,484.0,475.0,5496,stock
2018-08-26,PRIN,475.0,484.0,484.0,473.0,1790,stock
2018-08-28,PRIN,478.0,476.0,478.0,472.0,5134,stock
2018-08-29,PRIN,476.0,471.0,476.0,471.0,3455,stock
2018-08-30,PRIN,470.0,474.0,480.0,469.0,1971,stock
2018-09-02,PRIN,474.0,480.0,484.0,474.0,3043,stock
2018-09-03,PRIN,489.0,483.0,493.0,480.0,7498,stock
2018-09-04,PRIN,480.0,484.0,491.0,476.0,1738,stock
2018-09-05,PRIN,480.0,500.0,507.0,480.0,9197,stock
2018-09-06,PRIN,510.0,499.0,515.0,491.0,12098,stock
2018-09-09,PRIN,495.0,484.0,497.0,484.0,3965,stock
2018-09-10,PRIN,484.0,482.0,484.0,480.0,1651,stock
2018-09-11,PRIN,490.0,485.0,493.0,485.0,695,stock
2018-09-12,PRIN,485.0,485.0,485.0,485.0,114,stock
2018-09-13,PRIN,485.0,488.0,495.0,485.0,2482,stock
2018-09-16,PRIN,488.0,505.0,515.0,487.0,10854,stock
2018-09-17,PRIN,505.0,519.0,530.0,500.0,19540,stock
2018-09-18,PRIN,529.0,527.0,532.0,512.0,20027,stock
2018-09-20,PRIN,520.0,514.0,528.0,514.0,4797,stock
2018-09-23,PRIN,505.0,512.0,515.0,505.0,3035,stock
2018-09-25,PRIN,510.0,524.0,524.0,507.0,4387,stock
2018-09-26,PRIN,534.0,520.0,534.0,515.0,6757,stock
2018-09-27,PRIN,516.0,510.0,516.0,509.0,5805,stock
2018-09-30,PRIN,505.0,509.0,509.0,503.0,1050,stock
2018-10-01,PRIN,501.0,492.0,504.0,492.0,5095,stock
2018-10-02,PRIN,495.0,496.0,504.0,495.0,2747,stock
2018-10-03,PRIN,495.0,487.0,503.0,487.0,2538,stock
2018-10-04,PRIN,490.0,483.0,495.0,482.0,4397,stock
2018-10-07,PRIN,492.0,482.0,492.0,475.0,1011,stock
2018-10-08,PRIN,491.0,484.0,491.0,484.0,1258,stock
2018-10-09,PRIN,484.0,488.0,493.0,482.0,3440,stock
2018-10-10,PRIN,480.0,489.0,489.0,479.0,286,stock
2018-10-11,PRIN,480.0,485.0,485.0,480.0,1273,stock
2018-10-14,PRIN,494.0,503.0,503.0,492.0,442,stock
2018-10-15,PRIN,505.0,494.0,505.0,490.0,3390,stock
2018-10-22,PRIN,500.0,500.0,501.0,500.0,576,stock
2018-10-23,PRIN,500.0,492.0,500.0,481.0,2111,stock
2018-10-24,PRIN,488.0,486.0,490.0,482.0,9190,stock
2018-10-25,PRIN,482.0,481.0,491.0,480.0,4866,stock
2018-10-28,PRIN,473.0,467.0,476.0,467.0,8967,stock
2018-10-29,PRIN,462.0,451.0,467.0,451.0,6886,stock
2018-10-30,PRIN,460.0,463.0,469.0,458.0,7911,stock
2018-10-31,PRIN,460.0,461.0,464.0,459.0,2489,stock
2018-11-01,PRIN,460.0,464.0,466.0,460.0,6091,stock
2018-11-04,PRIN,460.0,460.0,460.0,460.0,2523,stock
2018-11-05,PRIN,462.0,465.0,468.0,462.0,1296,stock
2018-11-14,PRIN,457.0,459.0,470.0,452.0,3393,stock
2018-11-15,PRIN,459.0,458.0,460.0,456.0,3599,stock
2018-11-18,PRIN,458.0,450.0,458.0,448.0,3392,stock
2018-11-19,PRIN,451.0,450.0,452.0,441.0,2577,stock
2018-11-20,PRIN,450.0,447.0,451.0,443.0,3842,stock
2018-11-21,PRIN,447.0,440.0,447.0,439.0,2354,stock
2018-11-22,PRIN,440.0,436.0,440.0,433.0,3485,stock
2018-11-25,PRIN,436.0,412.0,436.0,412.0,2320,stock
2018-11-26,PRIN,412.24,418.0,422.0,412.24,4369,stock
2018-11-27,PRIN,418.49,421.0,428.0,412.0,2607,stock
2018-11-28,PRIN,421.0,410.0,421.0,410.0,2849,stock
2018-11-29,PRIN,410.0,406.0,410.0,402.0,2394,stock
2018-12-02,PRIN,406.0,392.0,406.0,391.0,7340,stock
2018-12-03,PRIN,392.0,401.0,413.0,392.0,5727,stock
2018-12-04,PRIN,401.0,404.0,408.0,401.0,1806,stock
2018-12-06,PRIN,386.0,395.0,396.0,380.0,3150,stock
2018-12-09,PRIN,395.0,402.0,402.0,390.0,1385,stock
2018-12-10,PRIN,402.0,400.0,408.0,398.0,4764,stock
2018-12-11,PRIN,400.0,395.0,407.0,395.0,2090,stock
2018-12-12,PRIN,395.0,395.0,400.0,393.0,753,stock
2018-12-13,PRIN,395.0,404.0,410.0,395.0,2843,stock
2018-12-16,PRIN,404.0,419.0,419.0,404.0,4206,stock
2018-12-17,PRIN,419.0,440.0,440.0,416.0,4432,stock
2018-12-18,PRIN,440.0,426.0,448.0,416.0,13121,stock
2018-12-19,PRIN,426.0,426.0,435.0,418.0,3131,stock
2018-12-20,PRIN,426.0,429.0,435.0,423.0,4723,stock
2018-12-23,PRIN,429.0,455.0,460.0,429.0,17720,stock
2018-12-24,PRIN,455.0,446.0,472.0,438.0,26425,stock
2018-12-25,PRIN,447.0,447.0,455.0,439.0,6549,stock
2018-12-26,PRIN,447.0,478.0,478.0,447.0,32206,stock
2018-12-27,PRIN,478.0,476.0,503.0,472.0,39559,stock
2018-12-30,PRIN,476.0,477.0,494.0,470.0,12020,stock
2018-12-31,PRIN,477.0,465.0,480.0,460.0,12206,stock
2019-01-01,PRIN,465.0,464.0,475.0,462.0,7011,stock
2019-01-02,PRIN,464.0,451.0,465.0,451.0,5638,stock
2019-01-03,PRIN,451.0,458.0,469.0,445.0,3754,stock
2019-01-06,PRIN,458.0,450.0,463.0,444.0,10701,stock
2019-01-07,PRIN,450.0,452.0,460.0,448.0,15902,stock
2019-01-08,PRIN,452.0,457.0,458.0,452.0,7585,stock
2019-01-09,PRIN,457.0,459.0,462.0,453.0,10080,stock
2019-01-10,PRIN,459.0,460.0,460.0,454.0,4479,stock
2019-01-13,PRIN,460.0,452.0,460.0,452.0,1524,stock
2019-01-14,PRIN,452.0,447.0,455.0,447.0,5126,stock
2019-01-15,PRIN,447.0,468.0,469.0,447.0,19171,stock
2019-01-16,PRIN,468.0,458.0,477.0,457.0,10902,stock
2019-01-17,PRIN,458.0,455.0,465.0,453.0,4775,stock
2019-01-20,PRIN,455.0,453.0,455.0,445.0,3332,stock
2019-01-21,PRIN,453.0,448.0,453.0,445.0,4950,stock
2019-01-22,PRIN,448.0,452.0,454.0,446.0,4138,stock
2019-01-23,PRIN,452.0,453.0,453.0,448.0,3733,stock
2019-01-24,PRIN,453.0,449.0,453.0,449.0,3971,stock
2019-01-27,PRIN,449.0,446.0,449.0,440.0,6567,stock
2019-01-28,PRIN,446.0,458.0,458.0,440.0,1704,stock
2019-01-29,PRIN,458.0,447.0,458.0,443.0,3547,stock
2019-01-30,PRIN,447.0,448.0,450.0,444.0,1499,stock
2019-01-31,PRIN,448.0,441.0,448.0,441.0,4562,stock
2019-02-03,PRIN,439.0,436.0,441.0,436.0,2602,stock
2019-02-04,PRIN,431.0,430.0,436.0,428.0,9258,stock
2019-02-05,PRIN,430.0,433.0,436.0,429.0,2176,stock
2019-02-06,PRIN,431.0,430.0,434.0,428.0,2566,stock
2019-02-07,PRIN,428.0,430.0,435.0,426.0,2821,stock
2019-02-10,PRIN,429.0,421.0,430.0,420.0,4391,stock
2019-02-11,PRIN,429.0,421.0,430.0,421.0,1007,stock
2019-02-12,PRIN,422.0,417.0,422.0,413.0,3962,stock
2019-02-13,PRIN,417.0,410.0,417.0,408.0,6308,stock
2019-02-14,PRIN,403.0,403.0,410.0,400.0,5499,stock
2019-02-17,PRIN,411.0,406.0,419.0,403.0,3421,stock
2019-02-18,PRIN,408.0,406.0,408.0,403.0,4209,stock
2019-02-19,PRIN,413.0,426.0,426.0,406.0,6357,stock
2019-02-20,PRIN,432.0,405.0,433.0,405.0,4739,stock
2019-02-21,PRIN,400.0,414.0,415.0,400.0,1711,stock
2019-02-24,PRIN,408.0,402.0,414.0,401.0,2339,stock
2019-02-25,PRIN,404.0,408.0,413.0,400.0,1675,stock
2019-02-26,PRIN,416.0,402.0,416.0,402.0,3064,stock
2019-02-27,PRIN,405.0,408.0,414.0,402.0,1484,stock
2019-03-03,PRIN,410.0,403.0,410.0,403.0,3306,stock
2019-03-05,PRIN,400.0,406.0,409.0,400.0,2388,stock
2019-03-06,PRIN,405.0,410.0,410.0,400.0,9348,stock
2019-03-07,PRIN,414.0,418.0,418.0,407.0,9901,stock
2019-03-09,PRIN,410.0,418.0,418.0,401.0,3764,stock
2019-03-10,PRIN,410.0,418.0,418.0,401.0,3764,stock
2019-03-11,PRIN,411.0,420.0,421.0,411.0,16022,stock
2019-03-12,PRIN,436.0,424.0,436.0,417.0,12171,stock
2019-03-13,PRIN,424.0,417.0,430.0,417.0,11217,stock
2019-03-14,PRIN,409.0,424.0,425.0,409.0,4804,stock
2019-03-17,PRIN,425.0,420.0,425.0,418.0,3990,stock
2019-03-18,PRIN,428.0,418.0,428.0,414.0,4368,stock
2019-03-19,PRIN,411.0,418.0,418.0,410.0,6234,stock
2019-03-21,PRIN,410.0,410.0,413.0,410.0,4807,stock
2019-03-24,PRIN,406.0,405.0,410.0,405.0,3411,stock
2019-03-25,PRIN,406.0,410.0,413.0,405.0,2068,stock
2019-03-26,PRIN,411.0,415.0,415.0,410.0,419,stock
2019-03-27,PRIN,415.0,410.0,410.0,409.0,1224,stock
2019-03-28,PRIN,409.0,407.0,411.0,407.0,1900,stock
2019-03-31,PRIN,407.0,405.0,410.0,405.0,1001,stock
2019-04-01,PRIN,405.0,408.0,409.0,405.0,5955,stock
2019-04-02,PRIN,409.0,414.0,416.0,409.0,3127,stock
2019-04-03,PRIN,415.0,407.0,419.0,407.0,3974,stock
2019-04-04,PRIN,410.0,407.0,410.0,406.0,5150,stock
2019-04-07,PRIN,405.0,405.0,407.0,403.0,6606,stock
2019-04-08,PRIN,405.0,431.0,441.0,406.0,19977,stock
2019-04-09,PRIN,425.0,415.0,433.0,415.0,9469,stock
2019-04-10,PRIN,410.0,420.0,420.0,410.0,1372,stock
2019-04-11,PRIN,420.0,418.0,420.0,414.0,2463,stock
2019-04-15,PRIN,418.0,415.0,418.0,415.0,600,stock
2019-04-16,PRIN,410.0,416.0,420.0,410.0,15264,stock
2019-04-17,PRIN,416.0,418.0,434.0,416.0,4728,stock
2019-04-18,PRIN,412.0,423.0,424.0,411.0,6277,stock
2019-04-21,PRIN,425.0,419.0,425.0,411.0,7304,stock
2019-04-22,PRIN,420.0,418.0,435.0,418.0,10870,stock
2019-04-23,PRIN,425.0,427.0,430.0,417.0,4896,stock
2019-04-24,PRIN,425.0,427.0,429.0,422.0,6905,stock
2019-04-25,PRIN,430.0,430.0,440.0,427.0,14171,stock
2019-04-28,PRIN,438.0,461.0,469.0,436.0,30808,stock
2019-04-29,PRIN,465.0,445.0,470.0,441.0,20592,stock
2019-04-30,PRIN,440.0,435.0,440.0,433.0,8299,stock
2019-05-02,PRIN,431.0,435.0,436.0,427.0,4208,stock
2019-05-05,PRIN,428.0,421.0,428.0,421.0,5662,stock
2019-05-06,PRIN,416.0,427.0,429.0,416.0,2388,stock
2019-05-07,PRIN,425.0,427.0,430.0,420.0,2810,stock
2019-05-08,PRIN,435.0,415.0,435.0,414.0,10989,stock
2019-05-09,PRIN,422.0,424.0,430.0,418.0,4396,stock
2019-05-12,PRIN,428.0,423.0,428.0,417.0,4889,stock
2019-05-13,PRIN,417.0,417.0,420.0,416.0,5563,stock
2019-05-14,PRIN,418.0,420.0,420.0,417.0,4008,stock
2019-05-15,PRIN,415.0,417.0,419.0,415.0,7166,stock
2019-05-16,PRIN,415.0,420.0,420.0,414.0,7226,stock
2019-05-19,PRIN,412.0,418.0,418.0,410.0,4010,stock
2019-05-20,PRIN,410.0,409.0,410.0,408.0,4461,stock
2019-05-21,PRIN,408.0,411.0,418.0,404.0,6944,stock
2019-05-22,PRIN,416.0,414.0,425.0,406.0,4876,stock
2019-05-23,PRIN,411.0,412.0,413.0,410.0,5380,stock
2019-05-26,PRIN,414.0,408.0,415.0,408.0,3499,stock
2019-05-27,PRIN,404.0,407.0,410.0,404.0,1687,stock
2019-05-28,PRIN,401.0,405.0,409.0,400.0,3072,stock
2019-05-29,PRIN,407.0,408.0,410.0,404.0,5717,stock
2019-05-30,PRIN,416.0,405.0,423.0,405.0,11053,stock
2019-06-02,PRIN,407.0,402.0,409.0,401.0,4609,stock
2019-06-03,PRIN,410.0,403.0,410.0,400.0,6889,stock
2019-06-04,PRIN,398.0,402.0,402.0,398.0,5388,stock
2019-06-06,PRIN,400.0,396.0,400.0,395.0,2838,stock
2019-06-10,PRIN,395.0,395.0,400.0,392.0,3030,stock
2019-06-11,PRIN,395.0,393.0,396.0,390.0,3160,stock
2019-06-12,PRIN,392.0,388.0,393.0,387.0,3484,stock
2019-06-13,PRIN,386.0,382.0,391.0,382.0,4549,stock
2019-06-16,PRIN,379.0,387.0,388.0,379.0,8346,stock
2019-06-17,PRIN,380.0,378.0,390.0,373.0,2735,stock
2019-06-18,PRIN,381.0,382.0,385.0,381.0,804,stock
2019-06-19,PRIN,388.0,380.0,388.0,374.0,4651,stock
2019-06-20,PRIN,399.0,385.0,399.0,380.0,6110,stock
2019-06-23,PRIN,381.0,377.0,384.0,376.0,12603,stock
2019-06-24,PRIN,377.0,377.0,380.0,376.0,738,stock
2019-06-25,PRIN,375.0,375.0,377.0,375.0,2685,stock
2019-06-26,PRIN,375.0,374.0,377.0,374.0,2773,stock
2019-06-27,PRIN,375.0,375.0,375.0,373.0,2670,stock
2019-06-30,PRIN,382.0,365.0,382.0,365.0,2634,stock
2019-07-01,PRIN,365.0,365.0,368.0,365.0,3028,stock
2019-07-02,PRIN,365.0,370.0,370.0,365.0,2383,stock
2019-07-03,PRIN,375.0,377.0,381.0,371.0,9902,stock
2019-07-04,PRIN,382.0,377.0,382.0,370.0,4666,stock
2019-07-07,PRIN,372.0,373.0,379.0,370.0,10172,stock
2019-07-08,PRIN,374.0,370.0,374.0,370.0,3658,stock
2019-07-09,PRIN,364.0,366.0,370.0,364.0,2288,stock
2019-07-10,PRIN,361.0,364.0,365.0,360.0,5452,stock
2019-07-11,PRIN,360.0,358.0,360.0,358.0,4870,stock
2019-07-14,PRIN,365.0,361.0,365.0,358.0,1874,stock
2019-07-15,PRIN,364.0,364.0,365.0,362.0,958,stock
2019-07-16,PRIN,365.0,364.0,366.0,364.0,1863,stock
2019-07-17,PRIN,366.0,374.0,374.0,366.0,999,stock
2019-07-18,PRIN,374.0,376.0,377.0,372.0,10880,stock
2019-07-21,PRIN,383.0,376.0,383.0,376.0,60,stock
2019-07-22,PRIN,370.0,372.0,372.0,368.0,2270,stock
2019-07-23,PRIN,373.0,372.0,377.0,372.0,2576,stock
2019-07-24,PRIN,373.0,380.0,380.0,373.0,3628,stock
2019-07-25,PRIN,377.0,369.0,377.0,367.0,2498,stock
2019-07-28,PRIN,362.0,360.0,365.0,355.0,6975,stock
2019-07-29,PRIN,359.0,356.0,367.0,356.0,6480,stock
2019-07-30,PRIN,353.0,356.0,360.0,353.0,3903,stock
2019-07-31,PRIN,357.0,361.0,370.0,357.0,2728,stock
2019-08-01,PRIN,368.0,372.0,375.0,367.0,6492,stock
2019-08-04,PRIN,367.0,372.0,373.0,367.0,4871,stock
2019-08-05,PRIN,368.0,370.0,375.0,368.0,3269,stock
2019-08-06,PRIN,370.0,368.0,371.0,368.0,717,stock
2019-08-07,PRIN,364.0,365.0,365.0,364.0,456,stock
2019-08-08,PRIN,365.0,361.0,365.0,361.0,734,stock
2019-08-11,PRIN,354.0,352.0,354.0,352.0,1843,stock
2019-08-12,PRIN,350.0,352.0,355.0,350.0,1130,stock
2019-08-13,PRIN,350.0,349.0,350.0,347.0,4148,stock
2019-08-14,PRIN,350.0,351.0,355.0,349.0,1836,stock
2019-08-15,PRIN,348.0,348.0,351.0,347.0,841,stock
2019-08-18,PRIN,350.0,349.0,357.0,349.0,7021,stock
2019-08-19,PRIN,348.0,347.0,353.0,346.0,4229,stock
2019-08-20,PRIN,353.0,348.0,355.0,347.0,3761,stock
2019-08-21,PRIN,345.0,345.0,350.0,343.0,1691,stock
2019-08-22,PRIN,349.0,349.0,350.0,346.0,1017,stock
2019-08-25,PRIN,345.0,345.0,345.0,344.0,899,stock
2019-08-26,PRIN,348.0,343.0,348.0,339.0,3021,stock
2019-08-27,PRIN,343.0,337.0,344.0,337.0,4758,stock
2019-08-28,PRIN,339.0,331.0,343.0,331.0,3032,stock
2019-08-29,PRIN,331.0,330.0,337.0,330.0,2800,stock
2019-09-01,PRIN,327.0,330.0,330.0,327.0,1407,stock
2019-09-02,PRIN,330.0,328.0,330.0,325.0,2399,stock
2019-09-03,PRIN,330.0,338.0,338.0,316.0,2931,stock
2019-09-04,PRIN,335.0,333.0,344.0,333.0,1589,stock
2019-09-05,PRIN,333.0,329.0,339.0,329.0,4362,stock
2019-09-08,PRIN,329.0,328.0,329.0,324.0,1720,stock
2019-09-09,PRIN,322.0,322.0,323.0,322.0,738,stock
2019-09-10,PRIN,318.0,315.0,321.0,315.0,6821,stock
2019-09-11,PRIN,312.0,313.0,316.0,312.0,4057,stock
2019-09-12,PRIN,313.0,308.0,313.0,306.0,4594,stock
2019-09-15,PRIN,308.0,298.0,308.0,298.0,7390,stock
2019-09-16,PRIN,301.0,292.0,301.0,290.0,10081,stock
2019-09-17,PRIN,297.0,303.0,308.0,297.0,4323,stock
2019-09-18,PRIN,309.0,320.0,320.0,309.0,6001,stock
2019-09-19,PRIN,315.0,305.0,319.0,305.0,8085,stock
2019-09-22,PRIN,300.0,297.0,306.0,297.0,1810,stock
2019-09-23,PRIN,296.0,300.0,308.0,296.0,3701,stock
2019-09-24,PRIN,305.0,306.0,306.0,300.0,3306,stock
2019-09-26,PRIN,302.0,300.0,304.0,300.0,2931,stock
2019-09-29,PRIN,296.0,303.0,303.0,296.0,869,stock
2019-09-30,PRIN,303.0,312.0,314.0,303.0,1948,stock
2019-10-01,PRIN,310.0,314.0,316.0,307.0,5487,stock
2019-10-02,PRIN,312.0,311.0,312.0,311.0,567,stock
2019-10-03,PRIN,315.0,312.0,316.0,309.0,3284,stock
2019-10-10,PRIN,315.0,312.0,315.0,312.0,35,stock
2019-10-14,PRIN,312.0,304.0,312.0,304.0,659,stock
2019-10-15,PRIN,302.0,313.0,313.0,302.0,1328,stock
2019-10-16,PRIN,308.0,308.0,308.0,306.0,957,stock
2019-10-17,PRIN,306.0,306.0,307.0,305.0,1779,stock
2019-10-21,PRIN,300.0,306.0,316.0,300.0,1886,stock
2019-10-22,PRIN,302.0,310.0,310.0,302.0,1999,stock
2019-10-23,PRIN,308.0,307.0,315.0,307.0,1843,stock
2019-10-24,PRIN,313.0,315.0,315.0,313.0,1880,stock
2019-10-31,PRIN,315.0,312.0,315.0,310.0,1855,stock
2019-11-03,PRIN,310.0,310.0,312.0,310.0,2121,stock
2019-11-04,PRIN,308.0,310.0,310.0,308.0,1381,stock
2019-11-05,PRIN,315.0,312.0,315.0,311.0,603,stock
2019-11-06,PRIN,311.0,310.0,311.0,310.0,1201,stock
2019-11-07,PRIN,316.0,310.0,316.0,310.0,2759,stock
2019-11-10,PRIN,310.0,316.0,316.0,310.0,5414,stock
2019-11-11,PRIN,311.0,315.0,315.0,311.0,552,stock
2019-11-12,PRIN,311.0,310.0,311.0,310.0,410,stock
2019-11-13,PRIN,311.0,310.0,311.0,310.0,410,stock
2019-11-14,PRIN,310.0,311.0,311.0,310.0,3875,stock
2019-11-17,PRIN,312.0,310.0,312.0,310.0,3085,stock
2019-11-18,PRIN,311.0,312.0,312.0,310.0,3665,stock
2019-11-19,PRIN,313.0,312.0,313.0,312.0,150,stock
2019-11-20,PRIN,313.0,311.0,313.0,310.0,913,stock
2019-11-21,PRIN,311.0,306.0,311.0,306.0,6407,stock
2019-11-24,PRIN,305.0,310.0,310.0,305.0,3840,stock
2019-11-25,PRIN,310.0,300.0,310.0,300.0,6665,stock
2019-11-26,PRIN,301.0,300.0,305.0,300.0,655,stock
2019-11-27,PRIN,301.0,301.0,301.0,300.0,1635,stock
2019-11-28,PRIN,305.0,302.0,305.0,300.0,106,stock
2019-12-01,PRIN,297.0,293.0,300.0,293.0,1908,stock
2019-12-02,PRIN,296.0,294.0,296.0,292.0,1296,stock
2019-12-03,PRIN,295.0,294.0,300.0,294.0,2994,stock
2019-12-04,PRIN,295.0,319.0,319.0,295.0,2894,stock
2019-12-05,PRIN,319.0,318.0,321.0,313.0,15588,stock
2019-12-08,PRIN,313.0,312.0,313.0,307.0,1429,stock
2019-12-09,PRIN,318.0,320.0,328.0,318.0,11792,stock
2019-12-10,PRIN,326.0,320.0,327.0,315.0,5799,stock
2019-12-11,PRIN,320.0,337.0,337.0,320.0,5478,stock
2019-12-12,PRIN,339.0,354.0,365.0,328.0,36654,stock
2019-12-15,PRIN,355.0,344.0,358.0,335.0,35286,stock
2019-12-16,PRIN,340.0,332.0,342.0,330.0,9126,stock
2019-12-17,PRIN,330.0,337.0,340.0,327.0,5094,stock
2019-12-18,PRIN,331.0,335.0,337.0,331.0,3140,stock
2019-12-19,PRIN,335.0,329.0,335.0,327.0,6290,stock
2019-12-22,PRIN,325.0,325.0,325.0,322.0,3167,stock
2019-12-23,PRIN,331.0,336.0,346.0,325.0,5485,stock
2019-12-24,PRIN,336.0,338.0,341.0,333.0,3340,stock
2019-12-25,PRIN,335.0,333.0,342.0,329.0,11308,stock
2019-12-26,PRIN,335.0,333.0,337.0,333.0,5530,stock
2019-12-29,PRIN,333.0,333.0,333.0,330.0,2704,stock
2019-12-30,PRIN,335.0,335.0,343.0,332.0,5104,stock
2019-12-31,PRIN,340.0,330.0,340.0,330.0,4730,stock
2020-01-01,PRIN,330.0,333.0,333.0,329.0,687,stock
2020-01-02,PRIN,331.0,329.0,334.0,329.0,6294,stock
2020-01-05,PRIN,333.0,334.0,342.0,331.0,7248,stock
2020-01-06,PRIN,336.0,337.0,342.0,333.0,5186,stock
2020-01-07,PRIN,338.0,340.0,345.0,337.0,11320,stock
2020-01-08,PRIN,345.0,338.0,347.0,336.0,9559,stock
2020-01-09,PRIN,342.0,350.0,353.0,342.0,27642,stock
2020-01-12,PRIN,357.0,384.0,385.0,357.0,50470,stock
2020-01-13,PRIN,392.0,385.0,402.0,373.0,36448,stock
2020-01-14,PRIN,391.0,382.0,395.0,373.0,21865,stock
2020-01-15,PRIN,389.0,380.0,390.0,379.0,7200,stock
2020-01-16,PRIN,387.0,391.0,394.0,378.0,27465,stock
2020-01-19,PRIN,391.0,430.0,430.0,391.0,58173,stock
2020-01-20,PRIN,436.0,410.0,440.0,407.0,71098,stock
2020-01-21,PRIN,413.0,425.0,436.0,406.0,29025,stock
2020-01-22,PRIN,425.0,426.0,430.0,417.0,21808,stock
2020-01-23,PRIN,421.0,421.0,435.0,417.0,67372,stock
2020-01-26,PRIN,393.0,385.0,400.0,385.0,14336,stock
2020-01-27,PRIN,381.0,397.0,398.0,380.0,14294,stock
2020-01-28,PRIN,403.0,412.0,415.0,400.0,32843,stock
2020-01-29,PRIN,419.0,408.0,420.0,403.0,10984,stock
2020-01-30,PRIN,416.0,430.0,444.0,408.0,79979,stock
2020-02-02,PRIN,428.0,454.0,454.0,423.0,103404,stock
2020-02-03,PRIN,454.0,456.0,464.0,447.0,72863,stock
2020-02-04,PRIN,463.0,449.0,463.0,445.0,48316,stock
2020-02-05,PRIN,457.0,453.0,457.0,442.0,21616,stock
2020-02-06,PRIN,445.0,441.0,455.0,437.0,18758,stock
2020-02-09,PRIN,433.0,435.0,446.0,426.0,22722,stock
2020-02-10,PRIN,427.0,440.0,445.0,427.0,14367,stock
2020-02-11,PRIN,448.0,447.0,452.0,441.0,30458,stock
2020-02-12,PRIN,455.0,460.0,464.0,446.0,61400,stock
2020-02-13,PRIN,468.0,478.0,489.0,467.0,88829,stock
2020-02-16,PRIN,484.0,510.0,512.0,484.0,70354,stock
2020-02-17,PRIN,519.0,501.0,525.0,500.0,67242,stock
2020-02-18,PRIN,504.0,494.0,505.0,484.0,41125,stock
2020-02-19,PRIN,489.0,499.0,502.0,485.0,21761,stock
2020-02-20,PRIN,499.0,529.0,531.0,493.0,61420,stock
2020-02-23,PRIN,538.0,530.0,548.0,508.0,42633,stock
2020-02-24,PRIN,530.0,513.0,535.0,512.0,26233,stock
2020-02-25,PRIN,522.0,531.0,531.0,510.0,58503,stock
2020-02-26,PRIN,541.0,538.0,550.0,520.0,55487,stock
2020-02-27,PRIN,528.0,519.0,540.0,515.0,41000,stock
2020-03-01,PRIN,519.0,502.0,525.0,502.0,42037,stock
2020-03-02,PRIN,492.0,452.0,510.0,452.0,20265,stock
2020-03-03,PRIN,452.0,472.0,493.0,428.0,42376,stock
2020-03-04,PRIN,470.0,445.0,489.0,436.0,35361,stock
2020-03-05,PRIN,438.0,448.0,472.0,432.0,31526,stock
2020-03-10,PRIN,440.0,415.0,440.0,412.0,14185,stock
2020-03-11,PRIN,423.0,445.0,445.0,416.0,16928,stock
2020-03-12,PRIN,453.0,420.0,462.0,420.0,34527,stock
2020-03-15,PRIN,415.0,394.0,418.0,392.0,24039,stock
2020-03-16,PRIN,387.0,393.0,416.0,374.0,24538,stock
2020-03-17,PRIN,388.0,370.0,388.0,367.0,25202,stock
2020-03-18,PRIN,368.0,360.0,381.0,350.0,17547,stock
2020-03-19,PRIN,344.0,364.0,372.0,338.0,19961,stock
2020-03-22,PRIN,360.0,360.0,360.0,350.0,730,stock
2020-05-12,PRIN,353.0,350.0,353.0,350.0,20,stock
2020-05-13,PRIN,343.0,340.0,343.0,340.0,30,stock
2020-06-29,PRIN,334.0,340.0,342.0,310.0,7574,stock
2020-06-30,PRIN,340.0,346.0,346.0,340.0,570,stock
2020-07-01,PRIN,352.0,380.0,380.0,352.0,100,stock
2020-07-02,PRIN,387.0,373.0,395.0,368.0,7932,stock
2020-07-05,PRIN,373.0,392.0,405.0,370.0,11994,stock
2020-07-06,PRIN,397.0,415.0,415.0,393.0,12264,stock
2020-07-07,PRIN,423.0,456.0,456.0,423.0,22740,stock
2020-07-08,PRIN,457.0,456.0,479.0,440.0,17530,stock
2020-07-09,PRIN,447.0,464.0,477.0,445.0,9438,stock
2020-07-12,PRIN,473.0,470.0,475.0,458.0,12304,stock
2020-07-13,PRIN,465.0,465.0,470.0,461.0,12761,stock
2020-07-14,PRIN,470.0,467.0,474.0,461.0,13791,stock
2020-07-15,PRIN,476.0,475.0,480.0,468.0,14363,stock
2020-07-16,PRIN,476.0,482.0,494.0,475.0,11299,stock
2020-07-19,PRIN,491.0,500.0,500.0,491.0,20,stock
2020-07-20,PRIN,510.0,490.0,530.0,481.0,36188,stock
2020-07-21,PRIN,498.0,499.0,512.0,489.0,42213,stock
2020-07-22,PRIN,498.0,500.0,507.0,497.0,35987,stock
2020-07-23,PRIN,510.0,514.0,519.0,498.0,40710,stock
2020-07-26,PRIN,517.0,526.0,530.0,514.0,27815,stock
2020-07-27,PRIN,517.0,510.0,535.0,510.0,23062,stock
2020-07-28,PRIN,506.0,510.0,518.0,504.0,15966,stock
2020-07-29,PRIN,519.0,493.0,519.0,489.0,23566,stock
2020-07-30,PRIN,484.0,496.0,502.0,484.0,21756,stock
2020-08-02,PRIN,490.0,479.0,494.0,463.0,43250,stock
2020-08-03,PRIN,486.0,483.0,493.0,472.0,10109,stock
2020-08-05,PRIN,474.0,468.0,479.0,465.0,13055,stock
2020-08-06,PRIN,475.0,475.0,484.0,458.0,34916,stock
2020-08-09,PRIN,470.0,478.0,479.0,461.0,11350,stock
2020-08-10,PRIN,501.0,500.0,501.0,478.0,33600,stock
2020-08-11,PRIN,496.0,495.0,510.0,490.0,34210,stock
2020-08-12,PRIN,495.0,508.0,517.0,490.0,60234,stock
2020-08-13,PRIN,499.0,500.0,515.0,496.0,16243,stock
2020-08-16,PRIN,525.0,503.0,525.0,494.0,23880,stock
2020-08-17,PRIN,528.0,519.0,528.0,500.0,59091,stock
2020-08-18,PRIN,519.0,525.0,530.0,515.0,47455,stock
2020-08-19,PRIN,515.0,513.0,520.0,505.0,47160,stock
2020-08-20,PRIN,507.0,514.0,517.0,507.0,6653,stock
2020-08-23,PRIN,516.0,538.0,540.0,513.0,80251,stock
2020-08-24,PRIN,545.0,546.0,558.0,540.0,107911,stock
2020-08-25,PRIN,554.0,556.0,556.0,534.0,68498,stock
2020-08-26,PRIN,550.0,560.0,570.0,546.0,78058,stock
2020-08-27,PRIN,588.0,567.0,588.0,554.0,95536,stock
2020-08-30,PRIN,567.0,599.0,599.0,557.0,60523,stock
2020-08-31,PRIN,610.0,612.0,617.0,594.0,134630,stock
2020-09-02,PRIN,630.0,585.0,630.0,580.0,110307,stock
2020-09-03,PRIN,575.0,596.0,613.0,575.0,66570,stock
2020-09-06,PRIN,615.0,590.0,615.0,569.0,64826,stock
2020-09-07,PRIN,581.0,579.0,590.0,572.0,35400,stock
2020-09-08,PRIN,580.0,590.0,599.0,570.0,30522,stock
2020-09-09,PRIN,594.0,605.0,606.0,593.0,57552,stock
2020-09-10,PRIN,606.0,615.0,624.0,606.0,34227,stock
2020-09-13,PRIN,625.0,630.0,641.0,612.0,88085,stock
2020-09-14,PRIN,630.0,615.0,642.0,612.0,47507,stock
2020-09-15,PRIN,603.0,614.0,624.0,603.0,45906,stock
2020-09-16,PRIN,619.0,627.0,634.0,610.0,58449,stock
2020-09-17,PRIN,635.0,623.0,636.0,622.0,29255,stock
2020-09-20,PRIN,625.0,616.0,625.0,613.0,14554,stock
2020-09-21,PRIN,615.0,616.0,622.0,612.0,26745,stock
2020-09-22,PRIN,610.0,610.0,619.0,602.0,45976,stock
2020-09-23,PRIN,611.0,610.0,613.0,598.0,18871,stock
2020-09-24,PRIN,614.0,604.0,615.0,604.0,13239,stock
2020-09-27,PRIN,615.0,600.0,615.0,600.0,24685,stock
2020-09-28,PRIN,610.0,601.0,610.0,599.0,11501,stock
2020-09-29,PRIN,600.0,590.0,608.0,589.0,29753,stock
2020-09-30,PRIN,601.0,590.0,601.0,580.0,29640,stock
2020-10-01,PRIN,598.0,616.0,617.0,591.0,51144,stock
2020-10-04,PRIN,622.0,616.0,634.0,613.0,33152,stock
2020-10-05,PRIN,587.0,610.0,623.0,587.0,22211,stock
2020-10-06,PRIN,640.0,606.0,640.0,600.0,14181,stock
2020-10-07,PRIN,599.0,614.0,615.0,596.0,15313,stock
2020-10-08,PRIN,626.0,610.0,626.0,605.0,18072,stock
2020-10-11,PRIN,600.0,600.0,607.0,597.0,14837,stock
2020-10-12,PRIN,597.0,600.0,604.0,596.0,7897,stock
2020-10-13,PRIN,600.0,596.0,600.0,594.0,7709,stock
2020-10-14,PRIN,590.0,595.0,601.0,588.0,13822,stock
2020-10-15,PRIN,598.0,589.0,605.0,589.0,16827,stock
2020-10-18,PRIN,585.0,585.0,588.0,583.0,7348,stock
2020-10-19,PRIN,588.0,587.0,593.0,585.0,7148,stock
2020-10-20,PRIN,596.0,589.0,597.0,588.0,6975,stock
2020-10-21,PRIN,599.0,593.0,599.0,589.0,3078,stock
2020-10-22,PRIN,592.0,589.0,597.0,589.0,8585,stock
2020-10-28,PRIN,600.0,599.0,600.0,587.0,12056,stock
2020-10-29,PRIN,600.0,604.0,610.0,598.0,14968,stock
2020-11-01,PRIN,597.0,602.0,608.0,597.0,7752,stock
2020-11-02,PRIN,614.0,597.0,614.0,597.0,9450,stock
2020-11-03,PRIN,605.0,598.0,615.0,598.0,11123,stock
2020-11-04,PRIN,600.0,596.0,606.0,592.0,9432,stock
2020-11-05,PRIN,596.0,590.0,596.0,588.0,8991,stock
2020-11-08,PRIN,590.0,597.0,605.0,590.0,20335,stock
2020-11-09,PRIN,594.0,597.0,608.0,594.0,16359,stock
2020-11-10,PRIN,600.0,614.0,615.0,600.0,40239,stock
2020-11-11,PRIN,614.0,622.0,626.0,614.0,59694,stock
2020-11-12,PRIN,628.0,611.0,634.0,609.0,15926,stock
2020-11-18,PRIN,617.0,637.0,637.0,610.0,54434,stock
2020-11-19,PRIN,640.0,660.0,673.0,640.0,92554,stock
2020-11-22,PRIN,665.0,650.0,669.0,624.0,91733,stock
2020-11-23,PRIN,639.0,635.0,641.0,632.0,30718,stock
2020-11-24,PRIN,640.0,650.0,660.0,635.0,84753,stock
2020-11-25,PRIN,660.0,665.0,678.0,650.0,65164,stock
2020-11-26,PRIN,678.0,660.0,682.0,646.0,96829,stock
2020-11-29,PRIN,659.0,655.0,663.0,642.0,64989,stock
2020-11-30,PRIN,650.0,665.0,685.0,650.0,77095,stock
2020-12-01,PRIN,655.0,655.0,675.0,653.0,50090,stock
2020-12-02,PRIN,668.0,680.0,703.0,656.0,100176,stock
2020-12-03,PRIN,693.0,674.0,700.0,656.0,66098,stock
2020-12-06,PRIN,674.0,630.0,674.0,630.0,52273,stock
2020-12-07,PRIN,630.0,665.0,672.0,630.0,36966,stock
2020-12-08,PRIN,677.0,657.0,678.0,645.0,41122,stock
2020-12-09,PRIN,650.0,636.0,650.0,635.0,26584,stock
2020-12-10,PRIN,640.0,644.0,650.0,636.0,29270,stock
2020-12-13,PRIN,650.0,651.0,655.0,638.0,32235,stock
2020-12-14,PRIN,660.0,668.0,670.0,650.0,30839,stock
2020-12-15,PRIN,675.0,668.0,693.0,662.0,34966,stock
2020-12-16,PRIN,670.0,666.0,672.0,652.0,29803,stock
2020-12-17,PRIN,699.0,658.0,699.0,647.0,32659,stock
2020-12-20,PRIN,660.0,620.0,660.0,620.0,40410,stock
2020-12-21,PRIN,618.0,627.0,648.0,596.0,36992,stock
2020-12-22,PRIN,639.0,645.0,650.0,635.0,21753,stock
2020-12-23,PRIN,650.0,640.0,670.0,640.0,15206,stock
2020-12-24,PRIN,640.0,637.0,640.0,630.0,25578,stock
2020-12-27,PRIN,625.0,615.0,645.0,615.0,16326,stock
2020-12-28,PRIN,620.0,624.0,632.0,610.0,9435,stock
2020-12-29,PRIN,624.0,622.0,632.0,622.0,11879,stock
2020-12-30,PRIN,618.0,624.0,625.0,618.0,10228,stock
2020-12-31,PRIN,623.0,622.0,636.0,622.0,14301,stock
2021-01-03,PRIN,653.0,639.0,653.0,630.0,20746,stock
2021-01-04,PRIN,650.0,644.0,663.0,640.0,21541,stock
2021-01-05,PRIN,650.0,649.0,651.0,643.0,17074,stock
2021-01-06,PRIN,650.0,666.0,673.0,640.0,59831,stock
2021-01-07,PRIN,666.0,677.0,695.0,666.0,70533,stock
2021-01-10,PRIN,690.0,680.0,703.0,678.0,33154,stock
2021-01-11,PRIN,685.0,687.0,693.0,682.0,24985,stock
2021-01-12,PRIN,685.0,712.0,713.0,675.0,77719,stock
2021-01-13,PRIN,714.0,718.0,735.0,711.0,52910,stock
2021-01-17,PRIN,727.0,729.0,732.0,717.0,60183,stock
2021-01-18,PRIN,765.0,783.0,800.0,722.0,129121,stock
2021-01-19,PRIN,800.0,800.0,815.0,774.0,111470,stock
2021-01-20,PRIN,804.0,800.0,805.0,787.0,66359,stock
2021-01-21,PRIN,795.0,828.0,855.0,789.0,100808,stock
2021-01-24,PRIN,840.0,835.0,870.0,821.0,109000,stock
2021-01-25,PRIN,851.0,830.0,855.0,824.0,61706,stock
2021-01-26,PRIN,830.0,865.0,900.0,812.0,150939,stock
2021-01-27,PRIN,864.0,903.0,905.0,864.0,98118,stock
2021-01-28,PRIN,918.0,958.0,969.0,915.0,102708,stock
2021-01-31,PRIN,958.0,933.0,958.0,902.0,105725,stock
2021-02-01,PRIN,930.0,951.0,959.0,925.0,99328,stock
2021-02-02,PRIN,970.0,1013.0,1014.0,949.0,127127,stock
2021-02-03,PRIN,1060.0,985.0,1060.0,970.0,116070,stock
2021-02-04,PRIN,994.0,998.0,1009.0,957.0,69967,stock
2021-02-07,PRIN,1016.0,1033.0,1037.0,987.0,90450,stock
2021-02-08,PRIN,1040.0,1020.0,1040.0,1000.0,71793,stock
2021-02-09,PRIN,1019.0,1005.0,1019.0,995.0,50494,stock
2021-02-10,PRIN,1005.0,1008.0,1011.0,992.0,71397,stock
2021-02-11,PRIN,1005.0,993.0,1025.0,988.0,43570,stock
2021-02-14,PRIN,999.0,944.0,999.0,928.0,109799,stock
2021-02-15,PRIN,991.0,980.0,1000.0,950.0,106078,stock
2021-02-16,PRIN,990.0,969.0,998.0,945.0,53674,stock
2021-02-17,PRIN,977.0,964.0,977.0,930.0,79246,stock
2021-02-18,PRIN,964.0,955.0,974.0,947.0,41535,stock
2021-02-21,PRIN,1000.0,935.0,1000.0,935.0,33846,stock
2021-02-22,PRIN,981.0,920.0,981.0,912.0,33281,stock
2021-02-23,PRIN,909.0,907.0,910.0,870.0,86283,stock
2021-02-24,PRIN,925.0,929.0,943.0,912.0,35211,stock
2021-02-25,PRIN,945.0,917.0,945.0,910.0,28646,stock
2021-02-28,PRIN,918.0,883.0,918.0,883.0,48911,stock
2021-03-01,PRIN,883.0,900.0,918.0,880.0,40418,stock
2021-03-02,PRIN,945.0,880.0,945.0,870.0,34659,stock
2021-03-03,PRIN,864.0,856.0,889.0,856.0,40334,stock
2021-03-04,PRIN,873.0,892.0,905.0,873.0,29553,stock
2021-03-09,PRIN,880.0,871.0,881.0,863.0,16326,stock
2021-03-10,PRIN,860.0,869.0,876.0,859.0,10620,stock
2021-03-14,PRIN,860.0,842.0,865.0,840.0,21498,stock
2021-03-15,PRIN,832.0,832.0,875.0,830.0,14180,stock
2021-03-16,PRIN,840.0,835.0,848.0,826.0,12364,stock
2021-03-17,PRIN,835.0,850.0,851.0,830.0,11849,stock
2021-03-18,PRIN,850.0,870.0,877.0,850.0,16560,stock
2021-03-21,PRIN,870.0,899.0,900.0,870.0,24658,stock
2021-03-22,PRIN,915.0,878.0,925.0,875.0,15164,stock
2021-03-24,PRIN,890.0,880.0,899.0,878.0,22548,stock
2021-03-25,PRIN,896.0,887.0,912.0,879.0,21025,stock
2021-03-29,PRIN,885.0,891.0,900.0,879.0,15694,stock
2021-03-30,PRIN,905.0,935.0,938.0,905.0,54215,stock
2021-03-31,PRIN,980.0,967.0,980.0,942.0,52395,stock
2021-04-01,PRIN,967.0,966.0,990.0,956.0,84156,stock
2021-04-04,PRIN,1014.0,1015.0,1030.0,980.0,184032,stock
2021-04-05,PRIN,1045.0,995.0,1045.0,991.0,93042,stock
2021-04-06,PRIN,987.0,970.0,999.0,968.0,33116,stock
2021-04-07,PRIN,980.0,954.0,980.0,948.0,39804,stock
2021-04-08,PRIN,955.0,959.0,972.0,955.0,22277,stock
2021-04-12,PRIN,970.0,980.0,992.0,962.0,54114,stock
2021-04-13,PRIN,980.0,969.0,999.0,967.0,24085,stock
2021-04-15,PRIN,975.0,967.0,988.0,960.0,17923,stock
2021-04-18,PRIN,967.0,955.0,972.0,950.0,18389,stock
2021-04-19,PRIN,970.0,941.0,970.0,940.0,28034,stock
2021-04-20,PRIN,932.0,937.0,959.0,931.0,26897,stock
2021-04-21,PRIN,945.0,923.0,950.0,920.0,16635,stock
2021-04-22,PRIN,915.0,940.0,940.0,905.0,21167,stock
2021-04-25,PRIN,940.0,900.0,940.0,899.0,36242,stock
2021-04-26,PRIN,882.0,878.0,913.0,871.0,26377,stock
2021-04-27,PRIN,890.0,925.0,926.0,885.0,26323,stock
2021-04-28,PRIN,924.0,909.0,932.0,906.0,7102,stock
2021-04-29,PRIN,927.0,945.0,946.0,910.0,52580,stock
2021-05-02,PRIN,980.0,988.0,994.0,947.0,57632,stock
2021-05-03,PRIN,1000.0,975.0,1010.0,970.0,37056,stock
2021-05-04,PRIN,980.0,968.0,980.0,962.0,24214,stock
2021-05-05,PRIN,968.0,970.0,980.0,959.0,25487,stock
2021-05-06,PRIN,970.0,972.0,987.0,963.0,153690,stock
2021-05-23,PRIN,871.0,890.0,900.0,869.0,24356,stock
2021-05-24,PRIN,892.0,886.0,898.0,883.0,21208,stock
2021-05-25,PRIN,877.0,901.0,902.0,875.0,31614,stock
2021-05-27,PRIN,880.0,885.0,915.0,875.0,28254,stock
2021-05-30,PRIN,902.0,899.0,920.0,890.0,28041,stock
2021-05-31,PRIN,914.0,882.0,914.0,881.0,31603,stock
2021-06-01,PRIN,866.0,877.0,891.0,865.0,17889,stock
2021-06-02,PRIN,877.0,899.0,913.0,877.0,45017,stock
2021-06-03,PRIN,920.0,898.0,921.0,889.0,37840,stock
2021-06-06,PRIN,910.0,888.0,910.0,888.0,37982,stock
2021-06-07,PRIN,845.0,890.0,905.0,845.0,20458,stock
2021-06-08,PRIN,899.0,947.0,952.0,888.0,107055,stock
2021-06-09,PRIN,994.0,1038.0,1041.0,960.0,352311,stock
2021-06-10,PRIN,1089.0,1040.0,1091.0,1038.0,140224,stock
2021-06-13,PRIN,1050.0,1039.0,1050.0,991.0,137681,stock
2021-06-14,PRIN,1041.0,1120.0,1120.0,1025.0,175369,stock
2021-06-15,PRIN,1100.0,1102.0,1162.0,1100.0,103955,stock
2021-06-16,PRIN,1110.0,1050.0,1110.0,1036.0,81888,stock
2021-06-17,PRIN,1050.0,1048.0,1085.0,1029.0,63797,stock
2021-06-20,PRIN,1060.0,1017.0,1071.0,992.0,95442,stock
2021-06-21,PRIN,1022.0,980.0,1022.0,967.0,86905,stock
2021-06-22,PRIN,980.0,1000.0,1018.0,961.0,47584,stock
2021-06-23,PRIN,1020.0,995.0,1020.0,963.0,47457,stock
2021-06-24,PRIN,1010.0,971.0,1010.0,963.0,27285,stock
2021-06-27,PRIN,989.0,979.0,989.0,968.0,11367,stock
2021-06-28,PRIN,996.0,972.0,996.0,970.0,13707,stock
2021-06-29,PRIN,989.0,961.0,989.0,948.0,16949,stock
2021-06-30,PRIN,943.0,947.0,964.0,941.0,21973,stock
2021-07-01,PRIN,944.0,960.0,981.0,944.0,17508,stock
2021-07-04,PRIN,960.0,963.0,970.0,949.0,9849,stock
2021-07-05,PRIN,963.0,955.0,970.0,946.0,9919,stock
2021-07-06,PRIN,940.0,944.0,970.0,940.0,10376,stock
2021-07-07,PRIN,962.0,949.0,980.0,940.0,10902,stock
2021-07-08,PRIN,941.0,959.0,959.0,940.0,13616,stock
2021-07-11,PRIN,961.0,959.0,975.0,958.0,10228,stock
2021-07-12,PRIN,970.0,958.0,970.0,935.0,19738,stock
2021-07-13,PRIN,1005.0,959.0,1005.0,945.0,9637,stock
2021-07-14,PRIN,977.0,940.0,977.0,940.0,9713,stock
2021-07-15,PRIN,940.0,960.0,960.0,940.0,41730,stock
2021-07-18,PRIN,979.2,999.0,999.0,963.0,44798,stock
2021-07-19,PRIN,1010.0,1008.0,1031.0,999.0,67439,stock
2021-07-20,PRIN,1015.0,1015.0,1015.0,991.0,31784,stock
2021-07-22,PRIN,1018.0,1020.0,1030.2,1001.0,62569,stock
2021-07-25,PRIN,1021.0,1040.1,1050.0,1020.0,69350,stock
2021-07-26,PRIN,1039.0,1039.0,1050.0,1031.0,35364,stock
2021-07-27,PRIN,1025.4,1118.0,1122.0,1025.4,78535,stock
2021-07-28,PRIN,1101.0,1140.0,1140.0,1088.0,111698,stock
2021-07-29,PRIN,1142.0,1115.0,1148.0,1104.0,69638,stock
2021-08-01,PRIN,1137.3,1080.0,1144.0,1071.1,57402,stock
2021-08-02,PRIN,1070.1,1059.0,1080.0,1046.0,76162,stock
2021-08-03,PRIN,1065.0,1070.0,1082.2,1055.0,87333,stock
2021-08-04,PRIN,1079.0,1063.0,1088.0,1057.0,55696,stock
2021-08-05,PRIN,1067.0,1044.0,1074.0,1042.0,57301,stock
2021-08-08,PRIN,1025.5,1016.0,1044.0,1010.0,59060,stock
2021-08-09,PRIN,1021.0,1018.0,1037.0,1016.0,25413,stock
2021-08-10,PRIN,1020.0,1043.0,1055.0,1018.0,38923,stock
2021-08-11,PRIN,1063.8,1040.0,1064.0,1037.0,33338,stock
2021-08-12,PRIN,1040.0,1039.0,1065.0,1020.0,32857,stock
2021-08-15,PRIN,1018.3,1000.0,1047.5,990.0,51048,stock
2021-08-16,PRIN,1005.0,999.9,1013.0,995.0,29300,stock
2021-08-17,PRIN,1000.0,987.0,1000.0,985.0,21429,stock
2021-08-18,PRIN,981.0,1000.0,1030.0,970.0,42947,stock
2021-08-19,PRIN,1014.0,1039.0,1080.0,1000.0,113504,stock
2021-08-24,PRIN,1040.0,1022.0,1079.0,1018.4,45017,stock
2021-08-25,PRIN,1020.0,989.0,1020.0,981.0,35968,stock
2021-08-26,PRIN,1008.0,985.0,1008.0,981.0,30956,stock
2021-08-29,PRIN,1000.0,966.0,1004.0,957.0,29019,stock
2021-08-31,PRIN,949.0,938.5,965.0,930.0,43635,stock
2021-09-01,PRIN,938.0,953.0,980.0,920.0,42700,stock
2021-09-02,PRIN,971.9,925.0,972.0,918.0,24503,stock
2021-09-05,PRIN,907.0,888.0,920.0,876.0,32301,stock
2021-09-06,PRIN,905.0,945.0,949.0,873.0,20470,stock
2021-09-07,PRIN,930.0,920.0,955.0,910.0,20544,stock
2021-09-08,PRIN,902.0,890.0,908.0,885.0,20449,stock
2021-09-09,PRIN,895.0,897.0,900.0,878.0,13358,stock
2021-09-12,PRIN,909.0,901.0,909.0,885.0,11409,stock
2021-09-13,PRIN,918.0,900.0,923.0,890.2,19021,stock
2021-09-14,PRIN,910.0,888.0,910.0,885.0,7291,stock
2021-09-15,PRIN,903.0,871.0,904.0,870.4,7655,stock
2021-09-16,PRIN,859.0,830.0,865.0,819.0,37324,stock
2021-09-20,PRIN,830.0,800.0,830.0,789.0,24648,stock
2021-09-21,PRIN,785.0,800.0,827.0,753.7,19399,stock
2021-09-22,PRIN,816.0,833.8,839.0,801.0,10605,stock
2021-09-23,PRIN,841.0,821.0,849.1,803.6,10928,stock
2021-09-26,PRIN,837.0,792.0,837.0,792.0,13140,stock
2021-09-27,PRIN,778.0,770.0,791.0,765.0,7320,stock
2021-09-28,PRIN,754.8,753.0,800.0,744.0,19662,stock
2021-09-29,PRIN,768.0,782.9,783.0,738.3,14810,stock
2021-09-30,PRIN,797.0,757.0,798.5,757.0,7739,stock
2021-10-03,PRIN,758.0,740.9,758.0,731.0,10087,stock
2021-10-04,PRIN,740.0,744.9,750.0,734.1,6884,stock
2021-10-05,PRIN,759.0,754.0,759.0,740.0,5655,stock
2021-10-06,PRIN,746.0,789.9,809.9,746.0,15919,stock
2021-10-10,PRIN,800.0,778.0,815.0,770.0,8516,stock
2021-10-11,PRIN,763.0,768.0,768.0,750.0,6876,stock
2021-10-17,PRIN,768.0,780.0,794.0,753.0,6929,stock
2021-10-18,PRIN,766.1,747.0,766.1,739.0,6201,stock
2021-10-19,PRIN,732.2,746.0,776.2,725.0,11807,stock
2021-10-20,PRIN,760.0,761.0,770.0,752.8,4943,stock
2021-10-21,PRIN,756.0,746.0,760.0,746.0,5819,stock
2021-10-24,PRIN,746.0,751.0,760.0,746.0,8005,stock
2021-10-25,PRIN,742.0,803.0,803.0,742.0,8845,stock
2021-10-26,PRIN,803.0,834.0,852.0,801.0,13524,stock
2021-10-27,PRIN,820.0,848.9,882.3,805.0,17246,stock
2021-10-28,PRIN,835.0,847.0,855.0,821.0,2582,stock
2021-10-31,PRIN,844.0,890.0,897.0,844.0,12850,stock
2021-11-01,PRIN,907.0,875.0,907.0,867.1,14213,stock
2021-11-02,PRIN,869.0,880.0,925.0,843.8,13308,stock
2021-11-03,PRIN,896.5,870.0,896.5,866.0,5016,stock
2021-11-08,PRIN,886.8,843.0,887.0,840.1,5228,stock
2021-11-09,PRIN,845.0,822.0,845.0,810.0,8363,stock
2021-11-11,PRIN,806.0,798.5,815.0,790.0,7251,stock
2021-11-14,PRIN,785.0,792.0,813.0,785.0,4457,stock
2021-11-15,PRIN,800.0,808.0,814.0,795.0,6562,stock
2021-11-16,PRIN,816.0,885.0,885.0,811.0,13261,stock
2021-11-17,PRIN,894.0,867.0,894.0,860.0,12010,stock
2021-11-18,PRIN,849.7,840.0,862.0,836.0,8521,stock
2021-11-21,PRIN,824.1,842.0,854.0,824.1,4188,stock
2021-11-22,PRIN,826.3,848.0,892.5,826.3,7184,stock
2021-11-23,PRIN,855.0,824.0,855.0,810.0,5090,stock
2021-11-24,PRIN,811.0,835.0,840.0,811.0,3946,stock
2021-11-25,PRIN,822.1,821.0,837.0,820.0,4702,stock
2021-11-28,PRIN,810.1,793.0,810.1,790.0,11825,stock
2021-11-29,PRIN,780.0,784.0,800.0,779.5,7389,stock
2021-11-30,PRIN,798.0,794.0,798.0,770.0,5454,stock
2021-12-01,PRIN,798.0,786.0,798.0,785.0,2037,stock
2021-12-02,PRIN,771.0,768.2,790.0,765.0,8363,stock
2021-12-05,PRIN,755.1,739.0,775.0,720.0,10545,stock
2021-12-06,PRIN,728.0,748.0,750.0,711.0,6917,stock
2021-12-07,PRIN,734.0,740.0,777.9,734.0,2853,stock
2021-12-08,PRIN,728.5,720.0,743.8,715.0,3243,stock
2021-12-09,PRIN,720.0,729.0,730.0,711.5,2746,stock
2021-12-12,PRIN,720.0,690.0,720.0,690.0,5360,stock
2021-12-13,PRIN,676.3,656.0,683.0,653.9,17033,stock
2021-12-14,PRIN,669.0,690.0,698.0,669.0,2379,stock
2021-12-15,PRIN,703.0,686.0,731.3,683.0,7517,stock
2021-12-16,PRIN,680.0,668.9,680.0,656.6,7113,stock
2021-12-20,PRIN,655.6,670.0,693.0,655.6,1651,stock
2021-12-21,PRIN,683.3,685.0,692.0,676.0,3776,stock
2021-12-22,PRIN,698.7,716.0,734.0,696.0,4168,stock
2021-12-23,PRIN,730.0,738.0,748.8,701.7,13880,stock
2021-12-26,PRIN,743.0,811.8,811.8,740.0,36238,stock
2021-12-27,PRIN,827.0,772.0,828.0,760.0,28777,stock
2021-12-28,PRIN,757.0,770.2,787.0,750.0,5792,stock
2021-12-29,PRIN,755.0,780.0,793.5,751.0,11770,stock
2022-01-02,PRIN,785.4,819.0,820.0,780.0,22315,stock
2022-01-03,PRIN,835.0,806.0,835.0,805.0,18694,stock
2022-01-04,PRIN,806.0,811.0,821.9,806.0,6340,stock
2022-01-05,PRIN,819.9,804.0,819.9,784.0,13931,stock
2022-01-06,PRIN,807.0,798.1,807.0,790.0,4858,stock
2022-01-09,PRIN,801.0,821.0,830.0,801.0,20642,stock
2022-01-10,PRIN,822.0,837.0,837.0,820.0,31995,stock
2022-01-11,PRIN,850.0,869.9,879.0,837.3,29129,stock
2022-01-12,PRIN,878.0,847.0,880.0,835.0,35054,stock
2022-01-13,PRIN,830.1,878.3,884.0,820.0,31392,stock
2022-01-16,PRIN,878.3,906.0,927.0,890.0,33120,stock
2022-01-17,PRIN,924.0,905.0,942.0,888.0,22035,stock
2022-01-18,PRIN,919.0,878.0,919.0,877.0,18756,stock
2022-01-19,PRIN,880.0,876.0,902.0,868.0,18797,stock
2022-01-20,PRIN,868.0,890.9,893.0,864.9,13861,stock
2022-01-23,PRIN,900.0,897.0,918.0,892.0,22126,stock
2022-01-24,PRIN,908.0,860.0,908.0,850.0,24524,stock
2022-01-25,PRIN,855.1,862.0,880.0,852.0,21865,stock
2022-01-26,PRIN,851.2,843.1,860.0,834.0,12504,stock
2022-01-27,PRIN,856.0,855.0,869.0,846.0,8248,stock
2022-01-30,PRIN,872.0,875.0,905.0,866.5,28484,stock
2022-01-31,PRIN,875.0,878.0,885.0,870.1,8402,stock
2022-02-01,PRIN,870.0,889.9,894.0,870.0,15124,stock
2022-02-03,PRIN,891.0,873.0,898.0,873.0,28383,stock
2022-02-06,PRIN,866.0,864.5,877.0,855.7,12620,stock
2022-02-07,PRIN,851.0,880.0,890.0,851.0,8837,stock
2022-02-08,PRIN,880.0,890.0,906.5,880.0,53361,stock
2022-02-09,PRIN,877.1,879.0,880.0,861.0,9877,stock
2022-02-10,PRIN,885.0,868.3,885.0,868.3,4497,stock
2022-02-13,PRIN,851.0,844.0,851.0,830.0,10477,stock
2022-02-14,PRIN,845.9,832.0,848.9,825.0,4963,stock
2022-02-15,PRIN,818.1,844.0,847.0,818.1,4932,stock
2022-02-16,PRIN,855.0,828.1,860.0,828.1,6917,stock
2022-02-17,PRIN,828.0,833.0,839.0,828.0,5581,stock
2022-02-20,PRIN,817.0,817.0,830.0,816.0,11810,stock
2022-02-21,PRIN,833.0,812.0,833.0,801.1,4057,stock
2022-02-22,PRIN,812.0,821.0,828.0,812.0,6901,stock
2022-02-23,PRIN,810.1,812.0,815.0,810.1,4391,stock
2022-02-24,PRIN,800.6,790.0,804.0,790.0,9442,stock
2022-02-27,PRIN,800.0,779.0,805.8,777.0,7869,stock
2022-02-28,PRIN,794.5,768.0,794.5,754.6,7722,stock
2022-03-02,PRIN,757.0,748.0,757.0,747.0,8152,stock
2022-03-06,PRIN,738.0,764.0,765.0,738.0,2711,stock
2022-03-07,PRIN,775.0,760.0,775.0,755.0,3287,stock
2022-03-09,PRIN,748.0,774.8,774.9,715.5,14488,stock
2022-03-10,PRIN,760.0,769.0,775.2,750.0,4649,stock
2022-03-13,PRIN,784.3,800.0,803.0,775.0,12128,stock
2022-03-14,PRIN,808.0,824.0,830.0,801.0,3243,stock
2022-03-15,PRIN,810.0,820.0,823.0,810.0,8395,stock
2022-03-16,PRIN,820.0,820.0,824.9,816.0,10727,stock
2022-03-20,PRIN,827.8,825.0,835.0,815.0,4575,stock
2022-03-21,PRIN,815.1,827.0,827.0,811.1,1822,stock
2022-03-22,PRIN,834.0,826.2,834.0,816.0,1932,stock
2022-03-23,PRIN,820.0,830.0,835.0,820.0,4182,stock
2022-03-24,PRIN,821.1,838.0,855.0,815.0,17730,stock
2022-03-27,PRIN,854.7,826.2,893.0,826.2,77438,stock
2022-03-28,PRIN,830.0,830.0,834.0,815.0,16851,stock
2022-03-29,PRIN,830.0,814.0,830.0,810.0,8459,stock
2022-03-30,PRIN,829.8,825.0,829.9,802.1,16392,stock
2022-03-31,PRIN,758.1,731.0,768.0,731.0,6173,stock
2022-04-03,PRIN,732.0,723.0,732.0,718.0,5120,stock
2022-04-04,PRIN,720.0,694.0,723.0,694.0,13908,stock
2022-04-05,PRIN,690.0,667.0,692.0,667.0,16155,stock
2022-04-06,PRIN,665.0,680.0,680.3,665.0,5150,stock
2022-04-07,PRIN,693.6,688.0,700.0,680.0,7205,stock
2022-04-11,PRIN,691.0,666.4,692.0,666.4,4064,stock
2022-04-12,PRIN,666.4,654.0,669.9,654.0,3614,stock
2022-04-13,PRIN,660.0,658.0,673.0,658.0,3026,stock
2022-04-17,PRIN,671.1,659.0,683.0,659.0,5739,stock
2022-04-18,PRIN,660.0,649.0,660.0,640.0,4193,stock
2022-04-19,PRIN,641.0,645.0,674.0,638.0,3953,stock
2022-04-20,PRIN,646.0,635.1,657.9,635.1,5191,stock
2022-04-21,PRIN,624.0,643.3,643.3,623.1,3272,stock
2022-04-24,PRIN,640.0,685.0,689.0,640.0,7143,stock
2022-04-25,PRIN,672.0,670.0,685.0,660.0,5460,stock
2022-04-26,PRIN,675.0,673.8,675.0,662.0,1325,stock
2022-04-27,PRIN,663.0,664.0,664.0,661.0,614,stock
2022-04-28,PRIN,675.0,671.0,677.0,655.4,676,stock
2022-05-02,PRIN,659.0,649.0,659.0,646.0,3826,stock
2022-05-04,PRIN,637.0,640.0,643.0,631.0,2520,stock
2022-05-05,PRIN,628.0,621.0,640.0,620.0,3250,stock
2022-05-08,PRIN,610.1,617.0,620.8,610.0,1161,stock
2022-05-09,PRIN,628.0,625.0,640.0,619.0,2810,stock
2022-05-10,PRIN,635.0,649.0,656.0,625.0,2028,stock
2022-05-11,PRIN,649.0,655.0,660.0,642.0,3171,stock
2022-05-12,PRIN,667.9,644.0,667.9,641.0,3296,stock
2022-05-17,PRIN,632.0,601.7,640.1,593.7,5131,stock
2022-05-18,PRIN,590.1,585.0,596.0,568.4,8824,stock
2022-05-19,PRIN,575.0,574.0,586.5,553.0,3952,stock
2022-05-20,PRIN,570.0,564.0,570.0,555.1,3325,stock
2022-05-23,PRIN,555.7,535.0,555.7,534.0,4792,stock
2022-05-24,PRIN,527.0,543.7,548.0,525.0,1490,stock
2022-05-25,PRIN,537.0,551.6,555.5,537.0,740,stock
2022-05-26,PRIN,550.9,552.9,560.0,539.9,1252,stock
2022-05-27,PRIN,545.0,542.0,547.0,535.0,3397,stock
2022-05-30,PRIN,535.0,530.0,535.0,521.2,3101,stock
2022-05-31,PRIN,520.0,502.0,530.0,500.0,8086,stock
2022-06-01,PRIN,492.0,503.5,513.8,492.0,1360,stock
2022-06-02,PRIN,504.0,500.0,504.0,490.0,4323,stock
2022-06-03,PRIN,491.0,479.2,496.0,478.4,3365,stock
2022-06-06,PRIN,488.7,481.9,489.2,475.0,1823,stock
2022-06-07,PRIN,472.3,467.0,472.3,461.0,4753,stock
2022-06-08,PRIN,475.0,479.9,493.0,464.5,6167,stock
2022-06-09,PRIN,488.0,478.0,499.9,462.2,5962,stock
2022-06-10,PRIN,468.5,471.9,478.3,460.0,1378,stock
2022-06-13,PRIN,463.0,465.0,475.0,462.6,988,stock
2022-06-14,PRIN,460.0,454.9,465.0,438.1,2060,stock
2022-06-15,PRIN,446.0,448.8,455.0,435.0,4593,stock
2022-06-16,PRIN,450.0,454.5,454.7,441.1,915,stock
2022-06-17,PRIN,459.5,455.0,459.5,441.5,1705,stock
2022-06-19,PRIN,455.0,444.0,455.0,436.1,2068,stock
2022-06-20,PRIN,438.0,441.6,441.6,433.0,1255,stock
2022-06-21,PRIN,450.0,448.0,454.0,439.9,1941,stock
2022-06-22,PRIN,448.0,445.0,448.0,445.0,629,stock
2022-06-23,PRIN,437.0,420.2,440.0,418.0,3463,stock
2022-06-24,PRIN,415.0,437.0,437.0,415.0,2241,stock
2022-06-26,PRIN,445.7,450.0,454.6,442.0,4977,stock
2022-06-27,PRIN,455.0,440.0,455.0,431.7,3669,stock
2022-06-28,PRIN,432.0,434.9,440.0,415.1,3412,stock
2022-06-29,PRIN,443.5,438.0,460.0,425.0,5722,stock
2022-06-30,PRIN,446.7,460.0,468.0,437.8,14157,stock
2022-07-01,PRIN,465.0,460.0,468.0,450.0,3765,stock
2022-07-03,PRIN,451.0,464.0,464.1,445.0,5785,stock
2022-07-04,PRIN,469.0,460.0,491.0,459.0,15709,stock
2022-07-05,PRIN,451.0,455.0,467.0,447.1,6106,stock
2022-07-06,PRIN,463.8,457.8,463.8,448.0,1919,stock
2022-07-07,PRIN,455.0,447.0,455.0,443.1,3257,stock
2022-07-08,PRIN,439.0,433.0,443.1,433.0,2792,stock
2022-07-11,PRIN,433.0,422.0,433.0,410.9,3157,stock
2022-07-12,PRIN,421.0,415.0,425.0,413.0,3698,stock
2022-07-13,PRIN,420.0,422.0,434.0,420.0,1754,stock
2022-07-14,PRIN,430.0,419.9,438.0,412.0,8461,stock
2022-07-15,PRIN,425.0,428.0,428.1,421.0,3029,stock
2022-12-04,PRIN,419.5,423.2,433.4,411.2,6042,stock
2022-12-05,PRIN,423.2,419.0,436.4,419.0,5434,stock
2022-12-06,PRIN,420.0,416.0,422.5,415.2,1318,stock
2022-12-07,PRIN,413.2,419.0,421.0,413.0,1106,stock
2022-12-11,PRIN,412.1,409.0,415.0,400.0,7018,stock
2022-12-12,PRIN,405.0,406.0,413.0,399.0,3864,stock
2022-12-13,PRIN,397.9,415.0,420.9,394.3,2477,stock
2022-12-14,PRIN,406.8,412.0,412.0,400.0,407,stock
2022-12-15,PRIN,412.0,399.0,412.0,399.0,1782,stock
2022-12-18,PRIN,399.0,399.0,400.1,399.0,944,stock
2022-12-19,PRIN,399.0,400.0,400.0,391.2,1548,stock
2022-12-20,PRIN,392.0,399.0,401.0,392.0,513,stock
2022-12-21,PRIN,392.0,393.0,395.0,386.0,3686,stock
2022-12-22,PRIN,385.3,388.0,393.2,378.0,1867,stock
2022-12-26,PRIN,394.0,409.9,412.9,390.0,2505,stock
2022-12-27,PRIN,418.0,429.0,435.1,418.0,13585,stock
2022-12-28,PRIN,435.0,440.8,451.0,425.0,8789,stock
2022-12-29,PRIN,432.0,464.9,467.5,432.0,16703,stock
2023-01-01,PRIN,474.0,493.6,506.0,474.0,25290,stock
2023-01-02,PRIN,490.0,538.0,542.9,484.4,13524,stock
2023-01-03,PRIN,538.0,542.0,552.0,525.0,26178,stock
2023-01-04,PRIN,550.0,594.6,594.6,535.0,15557,stock
2023-01-05,PRIN,582.8,580.0,593.9,572.0,17024,stock
2023-01-08,PRIN,570.0,615.0,615.0,565.0,42600,stock
2023-01-09,PRIN,625.0,631.0,660.0,605.0,28299,stock
2023-01-10,PRIN,630.0,609.0,656.0,603.0,33788,stock
2023-01-12,PRIN,597.0,596.0,611.0,578.2,47194,stock
2023-01-17,PRIN,600.0,606.9,622.0,593.2,11465,stock
2023-01-18,PRIN,607.0,590.2,614.0,588.0,7369,stock
2023-01-19,PRIN,585.0,592.0,603.0,583.5,14665,stock
2023-01-23,PRIN,590.0,590.0,633.9,585.0,13399,stock
2023-01-24,PRIN,600.0,583.0,601.8,572.0,5469,stock
2023-01-25,PRIN,594.0,586.1,605.9,586.1,11087,stock
2023-01-26,PRIN,597.8,599.0,621.0,597.8,11533,stock
2023-01-29,PRIN,599.0,598.0,612.0,587.1,8779,stock
2023-01-30,PRIN,590.1,576.0,597.8,576.0,8361,stock
2023-01-31,PRIN,565.1,569.0,587.0,565.0,5914,stock
2023-02-01,PRIN,561.1,575.0,575.0,561.1,6097,stock
2023-02-02,PRIN,568.0,570.0,582.0,568.0,8706,stock
2023-02-05,PRIN,561.0,560.0,585.0,555.0,8274,stock
2023-02-06,PRIN,560.0,555.0,565.0,550.3,3257,stock
2023-02-07,PRIN,566.0,577.0,577.0,564.0,8095,stock
2023-02-08,PRIN,580.0,581.2,599.0,580.0,7140,stock
2023-02-09,PRIN,589.0,585.0,589.0,570.0,4059,stock
2023-02-12,PRIN,573.4,560.3,584.9,560.0,7305,stock
2023-02-14,PRIN,553.3,558.0,570.0,553.2,5438,stock
2023-02-15,PRIN,560.0,554.0,560.0,543.0,6090,stock
2023-02-16,PRIN,545.0,553.0,553.0,543.0,5315,stock
2023-02-20,PRIN,542.3,543.0,550.0,542.0,3864,stock
2023-02-22,PRIN,546.0,562.0,564.0,543.1,3083,stock
2023-02-23,PRIN,555.0,555.9,565.0,550.0,5516,stock
2023-02-26,PRIN,511.0,530.0,530.0,483.1,9848,stock
2023-02-27,PRIN,530.0,519.0,538.0,510.0,5110,stock
2023-02-28,PRIN,512.0,509.6,520.0,509.6,1754,stock
2023-03-01,PRIN,505.0,496.0,513.0,496.0,2029,stock
2023-03-02,PRIN,487.2,485.0,495.0,485.0,1612,stock
2023-03-05,PRIN,494.7,469.5,494.7,463.0,4431,stock
2023-03-07,PRIN,475.0,471.0,477.0,465.5,5001,stock
2023-03-09,PRIN,480.0,495.0,495.0,475.0,8293,stock
2023-03-12,PRIN,500.0,498.0,500.0,482.0,5797,stock
2023-03-13,PRIN,488.1,480.0,497.0,468.0,2389,stock
2023-03-14,PRIN,471.0,479.0,489.5,470.0,3373,stock
2023-03-15,PRIN,488.0,472.1,497.0,470.5,1100,stock
2023-03-16,PRIN,472.0,479.0,481.0,470.0,1870,stock
2023-03-19,PRIN,479.0,473.0,479.0,472.0,3256,stock
2023-03-20,PRIN,476.0,482.0,482.0,472.5,5905,stock
2023-03-22,PRIN,485.0,485.0,490.0,478.0,8442,stock
2023-03-23,PRIN,475.4,484.0,484.0,466.1,1476,stock
2023-03-26,PRIN,475.0,475.0,481.9,466.0,5047,stock
2023-03-27,PRIN,475.0,477.0,479.3,466.0,2209,stock
2023-03-28,PRIN,486.0,485.0,490.0,480.4,6979,stock
2023-03-29,PRIN,482.0,485.0,490.0,479.0,2946,stock
2023-03-30,PRIN,494.6,485.0,494.6,478.5,1543,stock
2023-04-02,PRIN,478.3,473.0,478.3,460.0,1898,stock
2023-04-03,PRIN,463.6,474.0,476.0,458.2,3375,stock
2023-04-04,PRIN,475.0,469.0,475.0,459.7,2993,stock
2023-04-05,PRIN,470.0,464.0,477.0,458.2,3130,stock
2023-04-06,PRIN,470.0,462.0,473.2,455.1,4265,stock
2023-04-09,PRIN,458.0,446.0,458.0,441.1,3225,stock
2023-04-10,PRIN,446.0,443.7,446.0,435.0,2264,stock
2023-04-11,PRIN,449.9,450.0,450.0,441.0,2996,stock
2023-04-12,PRIN,450.0,475.0,476.9,450.0,2944,stock
2023-04-13,PRIN,475.0,466.0,477.0,462.6,4773,stock
2023-04-16,PRIN,474.0,471.9,482.0,463.0,6441,stock
2023-04-17,PRIN,463.3,465.0,468.0,459.0,3488,stock
2023-04-18,PRIN,455.7,469.0,469.0,454.1,867,stock
2023-04-19,PRIN,474.3,471.0,483.7,466.0,4266,stock
2023-04-20,PRIN,470.1,469.0,470.1,460.0,4553,stock
2023-04-23,PRIN,469.0,456.1,469.0,454.1,2774,stock
2023-04-24,PRIN,450.4,455.0,462.0,450.0,2722,stock
2023-04-25,PRIN,452.5,465.0,468.0,448.5,5229,stock
2023-04-26,PRIN,465.0,460.4,465.0,460.4,1278,stock
2023-04-27,PRIN,460.0,457.0,467.1,457.0,1946,stock
2023-04-30,PRIN,451.0,452.1,464.0,450.0,3214,stock
2023-05-02,PRIN,450.0,458.8,458.8,450.0,1516,stock
2023-05-03,PRIN,452.0,460.9,460.9,445.0,6831,stock
2023-05-04,PRIN,452.1,470.0,470.0,450.0,3253,stock
2023-05-07,PRIN,462.0,459.0,462.0,451.4,5929,stock
2023-05-08,PRIN,459.0,450.0,459.0,448.0,3951,stock
2023-05-09,PRIN,442.0,444.0,456.0,436.3,2603,stock
2023-05-10,PRIN,444.0,450.0,452.8,444.0,396,stock
2023-05-11,PRIN,442.5,446.0,450.0,442.4,1261,stock
2023-05-14,PRIN,442.5,444.5,444.5,440.0,1199,stock
2023-05-15,PRIN,449.5,447.9,449.5,447.9,60,stock
2023-05-16,PRIN,440.1,454.4,456.7,440.1,2396,stock
2023-05-17,PRIN,463.4,468.1,470.2,461.0,8007,stock
2023-05-18,PRIN,477.0,490.0,496.0,476.0,14545,stock
2023-05-21,PRIN,499.8,490.0,509.0,486.0,13007,stock
2023-05-22,PRIN,484.2,492.0,505.0,484.0,12712,stock
2023-05-23,PRIN,501.5,512.0,520.0,501.0,19860,stock
2023-05-24,PRIN,512.0,517.0,519.0,505.0,22246,stock
2023-05-28,PRIN,526.0,505.0,526.0,496.1,17397,stock
2023-05-30,PRIN,507.0,485.5,507.0,485.0,13640,stock
2023-05-31,PRIN,476.2,475.0,503.0,472.0,7081,stock
2023-06-01,PRIN,471.2,480.0,485.0,460.6,13639,stock
2023-06-04,PRIN,489.0,507.0,513.0,489.0,16365,stock
2023-06-05,PRIN,501.1,498.0,510.0,495.0,13167,stock
2023-06-06,PRIN,500.0,537.8,540.9,488.3,39349,stock
2023-06-07,PRIN,547.0,555.0,561.0,540.0,35305,stock
2023-06-08,PRIN,556.0,574.3,584.0,539.0,31672,stock
2023-06-11,PRIN,585.7,577.0,597.4,570.0,27126,stock
2023-06-12,PRIN,577.0,570.0,577.0,558.0,36424,stock
2023-06-13,PRIN,573.8,584.0,607.0,567.0,58157,stock
2023-06-14,PRIN,583.1,574.0,594.9,572.0,32561,stock
2023-06-15,PRIN,577.0,600.0,600.0,575.3,30384,stock
2023-06-18,PRIN,612.0,655.0,655.0,602.0,61315,stock
2023-06-19,PRIN,666.6,635.2,666.6,635.2,41872,stock
2023-06-20,PRIN,630.3,616.0,654.0,615.0,32186,stock
2023-06-21,PRIN,616.0,625.5,643.5,615.0,31582,stock
2023-06-22,PRIN,625.1,654.0,654.0,625.0,62110,stock
2023-06-25,PRIN,667.0,715.0,717.0,661.0,91085,stock
2023-06-26,PRIN,725.0,711.0,739.5,703.0,69324,stock
2023-06-27,PRIN,721.0,711.0,721.0,710.0,47086,stock
2023-06-28,PRIN,700.0,725.0,744.9,697.0,52154,stock
2023-07-02,PRIN,724.0,715.0,744.0,715.0,58867,stock
2023-07-03,PRIN,709.0,717.0,743.9,708.0,82442,stock
2023-07-04,PRIN,731.3,743.5,750.0,723.9,69087,stock
2023-07-05,PRIN,758.0,723.0,758.0,714.5,43865,stock
2023-07-06,PRIN,731.0,717.9,732.0,695.1,58904,stock
2023-07-09,PRIN,710.0,739.0,743.0,710.0,42989,stock
2023-07-10,PRIN,751.0,750.0,760.5,744.0,56802,stock
2023-07-11,PRIN,760.5,748.0,760.5,747.0,24063,stock
2023-07-12,PRIN,748.0,761.0,766.0,748.0,24016,stock
2023-07-13,PRIN,772.0,740.0,772.0,740.0,22531,stock
2023-07-16,PRIN,754.8,747.0,760.1,742.1,34501,stock
2023-07-17,PRIN,743.2,776.9,777.0,743.0,38862,stock
2023-07-18,PRIN,789.7,780.0,798.0,774.0,41396,stock
2023-07-19,PRIN,770.1,768.0,787.6,764.0,21572,stock
2023-07-20,PRIN,770.0,759.0,775.0,755.1,22421,stock
2023-07-24,PRIN,774.1,768.9,779.0,757.0,47255,stock
2023-07-25,PRIN,754.2,758.0,770.0,754.1,14889,stock
2023-07-26,PRIN,760.0,750.0,767.0,744.1,12894,stock
2023-07-27,PRIN,764.0,725.3,764.0,725.3,15730,stock
2023-07-30,PRIN,725.0,695.0,725.0,688.3,25347,stock
2023-07-31,PRIN,695.3,709.0,723.0,695.0,19773,stock
2023-08-01,PRIN,715.0,690.0,715.0,685.0,9924,stock
2023-08-02,PRIN,681.0,697.0,697.5,677.0,4573,stock
2023-08-03,PRIN,700.0,695.0,708.0,692.0,11733,stock
2023-08-06,PRIN,685.0,670.0,694.7,665.0,16436,stock
2023-08-07,PRIN,661.2,675.5,696.0,660.0,15989,stock
2023-08-08,PRIN,688.0,670.0,688.0,670.0,5953,stock
2023-08-09,PRIN,678.0,689.0,689.0,665.0,6501,stock
2023-08-10,PRIN,689.0,699.0,700.0,676.8,11847,stock
2023-08-13,PRIN,695.0,710.0,710.0,695.0,8630,stock
2023-08-14,PRIN,710.0,696.1,710.0,695.0,8686,stock
2023-08-15,PRIN,705.0,683.0,705.0,680.5,6058,stock
2023-08-16,PRIN,671.1,680.0,691.9,671.1,2489,stock
2023-08-17,PRIN,675.0,687.0,699.9,675.0,6043,stock
2023-08-20,PRIN,687.0,678.0,691.0,674.7,5140,stock
2023-08-21,PRIN,665.2,676.0,690.0,665.2,3632,stock
2023-08-22,PRIN,676.0,677.0,678.9,667.0,4839,stock
2023-08-23,PRIN,680.0,693.0,695.0,680.0,5889,stock
2023-08-24,PRIN,681.1,684.5,704.8,675.5,5043,stock
2023-08-27,PRIN,697.7,672.1,697.7,671.0,2929,stock
2023-08-28,PRIN,671.1,672.4,684.9,671.0,4062,stock
2023-08-29,PRIN,661.1,674.9,683.9,661.1,1143,stock
2023-08-30,PRIN,686.8,662.1,686.8,661.4,8717,stock
2023-09-03,PRIN,675.3,657.0,675.3,652.0,2471,stock
2023-09-04,PRIN,650.1,661.0,682.5,650.1,11438,stock
2023-09-05,PRIN,674.0,660.0,674.0,655.2,4045,stock
2023-09-07,PRIN,672.0,640.0,672.0,638.0,12248,stock
2023-09-10,PRIN,652.0,650.0,665.0,645.1,7295,stock
2023-09-11,PRIN,663.0,673.9,676.2,660.0,6452,stock
2023-09-12,PRIN,680.0,661.3,681.0,661.3,2339,stock
2023-09-13,PRIN,674.0,685.0,687.0,657.1,17269,stock
2023-09-17,PRIN,672.0,659.4,685.0,659.4,9262,stock
2023-09-18,PRIN,665.0,668.0,685.8,647.2,1143,stock
2023-09-19,PRIN,656.3,684.0,685.0,656.3,3868,stock
2023-09-21,PRIN,695.0,700.0,718.0,685.1,12503,stock
2023-09-24,PRIN,713.0,690.2,716.0,690.2,6909,stock
2023-09-25,PRIN,676.4,690.0,704.0,676.4,7246,stock
2023-09-26,PRIN,703.8,694.0,703.8,692.0,5353,stock
2023-09-27,PRIN,691.9,687.0,691.9,680.4,6035,stock
2023-10-01,PRIN,680.0,679.9,685.0,672.0,9671,stock
2023-10-02,PRIN,669.0,677.0,693.4,669.0,7639,stock
2023-10-03,PRIN,689.0,675.0,689.0,667.0,9790,stock
2023-10-04,PRIN,675.0,681.0,684.0,675.0,2294,stock
2023-10-05,PRIN,671.1,675.0,675.0,669.1,3362,stock
2023-10-08,PRIN,664.0,663.9,675.0,660.6,12375,stock
2023-10-09,PRIN,660.0,671.1,677.1,651.0,5220,stock
2023-10-10,PRIN,660.0,668.4,669.0,657.7,6569,stock
2023-10-11,PRIN,681.7,665.0,681.7,656.0,3760,stock
2023-10-12,PRIN,663.9,650.2,667.0,650.2,5778,stock
2023-10-16,PRIN,641.0,645.0,675.0,635.2,4680,stock
2023-10-17,PRIN,656.0,651.9,657.0,648.5,4911,stock
2023-10-18,PRIN,650.0,672.0,690.0,646.3,3779,stock
2023-10-19,PRIN,660.0,656.0,668.6,655.2,4863,stock
2023-10-29,PRIN,646.5,645.5,656.0,645.5,2628,stock
2023-10-30,PRIN,648.0,661.0,679.9,646.0,2491,stock
2023-10-31,PRIN,660.0,648.0,660.0,641.0,3923,stock
2023-11-01,PRIN,635.3,643.0,651.0,635.3,3608,stock
2023-11-02,PRIN,642.0,640.0,650.0,632.2,3869,stock
2023-11-05,PRIN,628.0,637.9,637.9,621.0,1426,stock
2023-11-06,PRIN,635.0,642.0,647.0,635.0,2993,stock
2023-11-07,PRIN,645.0,655.0,656.0,641.0,2894,stock
2023-11-08,PRIN,666.0,651.0,666.0,645.0,1104,stock
2023-11-09,PRIN,640.2,650.0,650.0,640.2,610,stock
2023-11-20,PRIN,653.0,645.0,653.0,640.1,1732,stock
2023-11-21,PRIN,635.1,630.4,638.0,630.4,1276,stock
2023-11-22,PRIN,618.0,642.6,642.6,618.0,2888,stock
2023-11-23,PRIN,642.6,660.0,674.0,640.0,3093,stock
2023-11-26,PRIN,647.0,679.0,682.0,647.0,7601,stock
2023-11-27,PRIN,681.0,668.0,681.0,658.5,7227,stock
2023-11-28,PRIN,675.0,664.4,675.1,655.3,2523,stock
2023-11-29,PRIN,664.1,652.1,664.1,652.0,9808,stock
2023-11-30,PRIN,665.0,652.0,678.0,640.0,6685,stock
2023-12-03,PRIN,652.0,654.0,654.0,640.2,1166,stock
2023-12-04,PRIN,667.0,650.0,667.0,642.6,7610,stock
2023-12-05,PRIN,663.0,647.0,668.9,640.0,3326,stock
2023-12-06,PRIN,647.0,651.0,657.0,640.3,400,stock
2023-12-07,PRIN,660.0,671.0,691.0,645.0,30998,stock
2023-12-10,PRIN,684.4,733.0,733.0,684.4,2492,stock
2023-12-11,PRIN,739.0,753.0,755.0,708.0,60952,stock
2023-12-12,PRIN,745.0,775.0,799.6,745.0,58024,stock
2023-12-13,PRIN,775.0,760.1,790.0,753.0,24972,stock
2023-12-14,PRIN,746.1,790.1,797.9,745.0,55983,stock
2023-12-17,PRIN,774.3,816.7,833.0,774.3,91039,stock
2023-12-18,PRIN,830.9,800.1,830.9,800.0,71620,stock
2023-12-19,PRIN,816.0,817.0,820.0,796.0,51387,stock
2023-12-20,PRIN,833.3,821.2,849.9,817.0,87790,stock
2023-12-21,PRIN,836.0,819.0,836.0,801.0,58075,stock
2023-12-24,PRIN,803.1,828.5,854.0,803.1,96128,stock
2023-12-27,PRIN,831.0,859.9,872.1,822.5,105627,stock
2023-12-28,PRIN,860.0,880.0,892.0,860.0,87508,stock
2024-01-01,PRIN,885.0,851.0,896.9,851.0,57397,stock
2024-01-02,PRIN,852.0,827.0,852.0,820.0,55818,stock
2024-01-03,PRIN,837.0,872.0,880.0,830.0,67971,stock
2024-01-04,PRIN,888.0,875.0,889.0,860.0,85826,stock
2024-01-07,PRIN,874.0,851.9,874.0,850.1,31195,stock
2024-01-08,PRIN,868.0,857.9,868.0,842.8,27237,stock
2024-01-09,PRIN,861.0,869.0,897.0,861.0,70720,stock
2024-01-10,PRIN,885.0,874.0,886.3,865.0,44237,stock
2024-01-11,PRIN,880.0,866.0,885.0,865.0,31202,stock
2024-01-14,PRIN,879.9,864.9,879.9,851.2,21804,stock
2024-01-16,PRIN,880.0,882.0,886.3,860.0,92221,stock
2024-01-17,PRIN,890.0,867.0,897.0,861.5,47671,stock
2024-01-18,PRIN,856.0,850.1,864.0,847.3,27530,stock
2024-01-21,PRIN,867.0,842.9,867.0,835.0,27715,stock
2024-01-22,PRIN,826.6,835.5,857.0,820.0,16573,stock
2024-01-23,PRIN,820.0,820.0,838.0,820.0,25915,stock
2024-01-24,PRIN,836.0,813.9,836.0,800.1,13180,stock
2024-01-25,PRIN,802.0,827.0,835.0,802.0,15650,stock
2024-01-28,PRIN,814.0,830.0,839.0,814.0,12529,stock
2024-01-29,PRIN,814.0,829.0,845.0,814.0,9382,stock
2024-01-30,PRIN,839.0,827.9,839.0,818.7,9270,stock
2024-01-31,PRIN,840.0,806.0,840.0,800.0,20332,stock
2024-02-01,PRIN,791.0,805.0,822.0,791.0,20257,stock
2024-02-04,PRIN,800.0,825.0,825.0,799.0,7897,stock
2024-02-05,PRIN,830.0,814.0,830.0,806.0,10122,stock
2024-02-06,PRIN,800.1,811.0,824.0,800.1,8372,stock
2024-02-07,PRIN,825.0,820.0,825.0,806.1,17245,stock
2024-02-11,PRIN,824.0,811.3,830.0,810.0,21173,stock
2024-02-12,PRIN,827.0,825.0,829.0,814.0,12952,stock
2024-02-13,PRIN,809.1,807.0,821.9,795.0,23574,stock
2024-02-14,PRIN,807.0,800.0,807.9,791.0,12739,stock
2024-02-15,PRIN,793.0,782.0,799.0,782.0,22503,stock
2024-02-18,PRIN,770.0,772.0,778.0,766.0,15169,stock
2024-02-20,PRIN,760.1,775.0,799.0,760.1,19061,stock
2024-02-21,PRIN,785.0,778.9,785.0,772.0,9326,stock
2024-02-22,PRIN,783.0,772.0,792.0,767.0,8321,stock
2024-02-25,PRIN,765.1,767.2,777.0,765.1,7666,stock
2024-02-26,PRIN,769.9,769.9,769.9,756.1,4610,stock
2024-02-27,PRIN,777.0,786.0,807.0,760.1,8534,stock
2024-02-28,PRIN,775.0,765.0,784.0,765.0,3085,stock
2024-02-29,PRIN,761.0,761.0,765.0,760.3,4821,stock
2024-03-03,PRIN,776.0,739.9,776.0,735.0,14260,stock
2024-03-04,PRIN,750.0,799.0,799.0,750.0,2170,stock
2024-03-05,PRIN,814.9,730.0,814.9,728.0,22292,stock
2024-03-06,PRIN,728.0,735.0,741.0,705.0,39609,stock
2024-03-07,PRIN,744.4,763.8,764.8,729.6,10489,stock
2024-03-10,PRIN,775.0,771.0,784.0,765.0,10594,stock
2024-03-12,PRIN,775.0,808.0,823.0,770.1,36227,stock
2024-03-13,PRIN,798.0,794.0,811.9,787.0,19831,stock
2024-03-14,PRIN,782.5,780.2,797.0,780.2,12273,stock
2024-03-17,PRIN,771.1,773.0,787.0,770.0,13666,stock
2024-03-18,PRIN,784.0,783.5,784.0,773.1,3922,stock
2024-03-19,PRIN,787.0,774.0,789.5,774.0,8291,stock
2024-03-20,PRIN,780.0,781.0,805.1,770.0,5445,stock
2024-03-21,PRIN,785.0,770.0,785.0,770.0,5570,stock
2024-03-25,PRIN,765.0,763.0,766.0,760.0,5658,stock
2024-03-26,PRIN,770.0,770.0,770.0,759.2,2677,stock
2024-03-27,PRIN,761.0,770.0,785.4,761.0,2304,stock
2024-03-28,PRIN,755.0,765.0,775.0,755.0,7310,stock
2024-03-31,PRIN,750.0,776.0,784.8,750.0,12410,stock
2024-04-01,PRIN,791.0,769.0,791.0,765.0,4168,stock
2024-04-02,PRIN,774.0,772.0,775.0,762.5,8072,stock
2024-04-03,PRIN,757.0,772.8,772.9,757.0,7200,stock
2024-04-04,PRIN,762.0,781.9,788.2,762.0,12913,stock
2024-04-07,PRIN,775.1,799.8,800.0,772.3,10996,stock
2024-04-09,PRIN,814.0,804.1,814.8,801.2,32981,stock
2024-04-10,PRIN,790.0,795.0,805.0,780.0,11263,stock
2024-04-14,PRIN,780.0,778.0,800.0,777.0,4832,stock
2024-04-15,PRIN,777.0,771.2,779.8,771.2,3092,stock
2024-04-16,PRIN,762.0,772.0,775.0,761.1,4895,stock
2024-04-18,PRIN,770.0,772.5,773.0,765.1,9263,stock
2024-04-21,PRIN,740.0,780.3,780.3,740.0,13628,stock
2024-04-22,PRIN,785.0,769.0,795.0,765.0,6195,stock
2024-04-24,PRIN,765.0,769.9,772.0,760.4,4380,stock
2024-04-25,PRIN,785.0,766.0,798.0,755.3,2627,stock
2024-04-28,PRIN,758.1,779.0,779.0,758.1,7588,stock
2024-04-29,PRIN,773.0,771.4,773.9,762.0,3101,stock
2024-04-30,PRIN,773.0,794.7,804.3,771.4,31621,stock
2024-05-02,PRIN,810.5,790.0,812.0,790.0,15371,stock
2024-05-05,PRIN,805.0,785.0,807.5,780.2,18136,stock
2024-05-06,PRIN,772.0,763.1,783.0,761.0,6264,stock
2024-05-07,PRIN,778.0,775.8,790.0,770.0,6394,stock
2024-05-08,PRIN,790.0,773.0,790.0,765.0,7003,stock
2024-05-09,PRIN,780.0,775.2,785.0,764.0,7595,stock
2024-05-12,PRIN,783.0,787.0,812.0,782.1,31982,stock
2024-05-13,PRIN,791.0,782.0,791.0,778.5,5185,stock
2024-05-14,PRIN,777.0,791.0,795.0,777.0,8168,stock
2024-05-15,PRIN,805.0,785.0,805.0,777.3,16219,stock
2024-05-16,PRIN,788.9,767.2,789.0,767.2,5952,stock
2024-05-19,PRIN,782.5,800.0,820.0,782.5,42867,stock
2024-05-20,PRIN,808.0,798.0,816.0,790.0,15856,stock
2024-05-21,PRIN,802.5,799.0,804.0,793.1,6392,stock
2024-05-22,PRIN,799.1,795.0,807.0,793.1,7962,stock
2024-05-26,PRIN,810.0,785.5,810.0,784.0,12657,stock
2024-05-27,PRIN,780.0,775.0,804.6,775.0,9374,stock
2024-05-29,PRIN,790.0,780.9,795.0,780.0,2298,stock
2024-05-30,PRIN,785.0,772.1,794.8,772.0,7386,stock
2024-06-02,PRIN,787.5,782.9,787.5,767.0,5930,stock
2024-06-03,PRIN,774.1,772.3,784.0,772.3,7919,stock
2024-06-04,PRIN,772.0,777.0,784.0,770.2,15683,stock
2024-06-05,PRIN,779.0,770.5,785.1,770.4,4177,stock
2024-06-06,PRIN,770.0,765.0,770.0,764.0,6085,stock
2024-06-09,PRIN,768.0,765.1,771.9,765.0,9601,stock
2024-06-10,PRIN,769.0,765.1,774.5,765.0,6381,stock
2024-06-11,PRIN,779.0,800.0,800.0,770.1,30511,stock
2024-06-12,PRIN,801.0,798.1,817.0,798.1,27486,stock
2024-06-13,PRIN,786.9,783.1,803.0,783.1,11538,stock
2024-06-16,PRIN,781.1,771.8,794.0,770.0,13115,stock
2024-06-18,PRIN,783.0,773.9,783.0,773.0,11005,stock
2024-06-19,PRIN,789.3,775.0,789.3,770.0,3885,stock
2024-06-20,PRIN,770.0,769.0,779.0,768.0,3628,stock
2024-06-23,PRIN,766.0,770.0,780.0,766.0,5587,stock
2024-06-24,PRIN,770.0,773.9,785.0,761.0,6471,stock
2024-06-25,PRIN,773.9,768.4,786.0,764.1,8971,stock
2024-06-26,PRIN,783.0,770.0,783.0,765.0,5460,stock
2024-06-27,PRIN,762.1,764.0,776.0,761.0,2413,stock
2024-06-30,PRIN,763.0,764.9,774.0,756.0,4519,stock
2024-07-01,PRIN,757.0,765.0,769.5,757.0,6319,stock
2024-07-02,PRIN,780.3,805.0,805.0,779.0,68002,stock
2024-07-03,PRIN,805.0,798.0,810.0,786.0,23843,stock
2024-07-04,PRIN,810.0,815.0,821.0,794.0,28322,stock
2024-07-07,PRIN,827.0,828.0,837.0,818.0,43385,stock
2024-07-08,PRIN,844.5,823.4,844.5,806.8,15047,stock
2024-07-09,PRIN,820.0,822.8,822.8,809.0,11961,stock
2024-07-10,PRIN,830.0,824.0,838.0,820.0,26518,stock
2024-07-11,PRIN,830.0,827.1,839.0,826.2,32871,stock
2024-07-14,PRIN,843.6,834.7,843.6,830.0,37702,stock
2024-07-15,PRIN,849.9,826.0,849.9,822.0,48417,stock
2024-07-16,PRIN,809.5,849.9,851.0,809.5,16652,stock
2024-07-17,PRIN,865.0,873.0,875.0,850.0,49851,stock
2024-07-18,PRIN,879.0,883.9,895.0,865.2,45333,stock
2024-07-21,PRIN,888.0,890.0,897.4,863.0,33757,stock
2024-07-22,PRIN,887.2,878.0,898.5,866.0,38925,stock
2024-07-23,PRIN,889.9,908.0,910.0,878.2,65746,stock
2024-07-24,PRIN,900.1,897.0,920.9,880.0,33724,stock
2024-07-25,PRIN,890.0,920.0,925.0,881.0,75020,stock
2024-07-28,PRIN,938.4,929.0,950.0,903.0,45673,stock
2024-07-29,PRIN,915.5,900.0,933.0,897.0,34686,stock
2024-07-30,PRIN,900.0,904.0,912.0,869.0,39759,stock
2024-07-31,PRIN,910.0,965.0,965.0,910.0,125146,stock
2024-08-01,PRIN,970.0,1010.0,1020.0,956.0,143170,stock
2024-08-05,PRIN,1029.0,1020.0,1030.0,989.8,72211,stock
2024-08-06,PRIN,1034.9,960.0,1034.9,956.0,85280,stock
2024-08-07,PRIN,978.0,1018.0,1018.0,950.1,57155,stock
2024-08-08,PRIN,999.1,1018.8,1040.0,990.0,64646,stock
2024-08-11,PRIN,1019.0,1041.9,1041.9,1018.3,77045,stock
2024-08-12,PRIN,1060.0,1063.0,1070.0,1035.0,69796,stock
2024-08-13,PRIN,1070.0,1043.0,1075.0,1031.0,69812,stock
2024-08-14,PRIN,1063.0,1057.0,1103.0,1041.1,55133,stock
2024-08-15,PRIN,1070.0,1067.0,1099.0,1039.0,57112,stock
2024-08-18,PRIN,1088.3,1028.8,1088.3,1014.0,76342,stock
2024-08-21,PRIN,1036.0,1031.0,1048.1,1030.0,37845,stock
2024-08-22,PRIN,1040.0,1029.0,1049.0,1028.5,33307,stock
2024-08-25,PRIN,1030.1,1025.0,1048.0,1008.0,34757,stock
2024-08-27,PRIN,1027.0,988.0,1030.0,986.0,42187,stock
2024-08-28,PRIN,1000.0,989.0,1003.0,975.0,15858,stock
2024-08-29,PRIN,985.0,975.0,990.0,960.1,31395,stock
2024-09-01,PRIN,985.0,960.0,985.0,960.0,21552,stock
2024-09-02,PRIN,964.0,1009.0,1045.0,951.1,26106,stock
2024-09-03,PRIN,1010.0,1071.1,1101.0,1010.0,112272,stock
2024-09-04,PRIN,1090.0,1023.0,1113.0,1009.4,46518,stock
2024-09-05,PRIN,1002.6,1011.0,1085.0,1002.6,25664,stock
2024-09-08,PRIN,1005.0,1013.8,1026.0,1002.0,34394,stock
2024-09-09,PRIN,1013.8,995.1,1013.8,993.6,28172,stock
2024-09-10,PRIN,1015.0,981.1,1015.0,981.1,16138,stock
2024-09-11,PRIN,981.0,979.0,990.0,972.1,11881,stock
2024-09-12,PRIN,985.0,1003.0,1005.0,978.0,16532,stock
2024-09-15,PRIN,1023.0,974.0,1023.0,970.0,22480,stock
2024-09-16,PRIN,962.0,955.0,980.0,955.0,20334,stock
2024-09-18,PRIN,953.0,969.0,986.0,940.0,32817,stock
2024-09-22,PRIN,987.9,985.0,988.0,972.2,23361,stock
2024-09-23,PRIN,985.2,960.0,985.2,955.0,14531,stock
2024-09-24,PRIN,960.0,941.0,960.0,941.0,10888,stock
2024-09-25,PRIN,958.0,954.0,958.0,922.3,10956,stock
2024-09-26,PRIN,943.4,930.0,960.0,925.5,12810,stock
2024-09-29,PRIN,930.0,953.9,1007.9,912.0,12759,stock
2024-09-30,PRIN,954.0,968.8,969.0,938.1,10273,stock
2024-10-01,PRIN,978.9,997.0,1000.0,969.5,20524,stock
2024-10-02,PRIN,996.0,978.3,1017.0,978.1,21692,stock
2024-10-06,PRIN,981.1,998.0,999.5,981.1,8161,stock
2024-10-07,PRIN,1005.0,993.3,1005.5,990.1,10511,stock
2024-10-08,PRIN,992.0,984.0,1010.0,980.0,10743,stock
2024-10-09,PRIN,974.0,989.0,993.4,974.0,6544,stock
2024-10-15,PRIN,970.0,995.0,999.8,970.0,2072,stock
2024-10-16,PRIN,999.0,998.9,1000.0,991.1,7423,stock
2024-10-17,PRIN,1015.0,998.4,1015.0,994.7,8553,stock
2024-10-20,PRIN,980.1,974.0,997.0,964.0,12429,stock
2024-10-21,PRIN,960.1,963.0,987.9,960.0,13818,stock
2024-10-22,PRIN,963.0,964.0,967.0,957.0,10947,stock
2024-10-23,PRIN,945.3,968.0,983.0,945.3,3688,stock
2024-10-24,PRIN,953.1,955.0,968.0,950.0,6633,stock
2024-10-27,PRIN,955.0,951.5,968.0,951.5,13894,stock
2024-10-28,PRIN,955.0,959.0,960.0,954.9,3527,stock
2024-10-29,PRIN,978.0,1004.0,1004.8,965.1,14061,stock
2024-10-30,PRIN,1000.0,998.0,1004.0,986.0,4396,stock
2024-11-05,PRIN,1015.9,1002.0,1015.9,993.5,10056,stock
2024-11-06,PRIN,1000.0,1008.0,1010.0,995.1,16908,stock
2024-11-10,PRIN,1001.0,1039.0,1039.0,1001.0,35014,stock
2024-11-11,PRIN,1039.0,1025.0,1045.0,1010.0,19726,stock
2024-11-12,PRIN,1045.5,1025.0,1045.5,1020.0,21840,stock
2024-11-13,PRIN,1028.9,1020.0,1028.9,1015.0,10195,stock
2024-11-14,PRIN,1022.0,1016.0,1028.0,1015.1,6047,stock
2024-11-17,PRIN,1029.0,1008.1,1029.0,1007.7,11011,stock
2024-11-19,PRIN,1002.0,975.0,1002.0,975.0,19726,stock
2024-11-20,PRIN,985.0,977.0,995.0,966.0,10120,stock
2024-11-21,PRIN,996.3,972.3,996.3,972.3,16056,stock
2024-11-24,PRIN,991.7,973.8,991.7,960.0,6565,stock
2024-11-25,PRIN,991.9,974.9,991.9,970.0,6993,stock
2024-11-26,PRIN,980.0,989.0,994.0,969.0,10712,stock
2024-11-27,PRIN,989.0,999.9,1005.0,989.0,9178,stock
2024-11-28,PRIN,1008.0,990.0,1008.8,984.0,9443,stock
2024-12-01,PRIN,1009.5,991.0,1009.5,975.0,22491,stock
2024-12-02,PRIN,972.1,994.8,1007.9,972.1,9637,stock
2024-12-03,PRIN,997.9,1000.0,1005.0,980.0,27937,stock
2024-12-04,PRIN,995.0,1003.9,1003.9,987.0,11123,stock
2024-12-05,PRIN,1014.9,993.6,1022.9,990.0,19578,stock
2024-12-08,PRIN,979.0,994.5,994.5,975.0,16324,stock
2024-12-09,PRIN,980.0,969.4,996.0,965.1,9048,stock
2024-12-10,PRIN,966.3,979.0,984.0,966.2,6741,stock
2024-12-11,PRIN,970.0,980.0,983.0,970.0,3033,stock
2024-12-12,PRIN,972.0,975.0,985.0,970.1,9206,stock
2024-12-16,PRIN,975.0,964.9,975.0,956.0,5487,stock
2024-12-17,PRIN,950.1,962.0,968.0,949.1,6614,stock
2024-12-18,PRIN,943.1,963.0,979.9,943.1,9220,stock
2024-12-19,PRIN,948.0,963.4,966.9,948.0,8253,stock
2024-12-22,PRIN,970.0,940.1,970.0,939.0,5783,stock
2024-12-23,PRIN,936.0,941.0,948.0,935.0,9046,stock
2024-12-24,PRIN,945.0,944.9,954.0,936.0,6514,stock
2024-12-26,PRIN,936.4,941.0,955.0,934.1,4300,stock
2024-12-29,PRIN,958.9,947.0,959.7,940.0,7988,stock
2024-12-31,PRIN,936.1,947.9,947.9,936.1,5253,stock
2025-01-01,PRIN,958.4,960.0,960.0,940.2,7891,stock
2025-01-02,PRIN,949.7,965.0,968.4,946.0,5424,stock
2025-01-05,PRIN,963.0,973.0,975.0,961.0,13474,stock
2025-01-06,PRIN,973.0,978.3,982.2,963.0,7319,stock
2025-01-07,PRIN,978.0,984.9,993.9,975.0,3764,stock
2025-01-08,PRIN,999.9,970.6,999.9,970.5,9899,stock
2025-01-09,PRIN,963.2,974.8,975.9,963.0,11492,stock
2025-01-12,PRIN,956.1,968.4,975.2,956.0,14758,stock
2025-01-13,PRIN,978.0,964.8,978.0,950.1,19774,stock
2025-01-15,PRIN,951.0,980.0,980.0,945.6,4161,stock
2025-01-16,PRIN,988.0,972.9,988.0,961.1,3603,stock
2025-01-19,PRIN,972.0,973.0,975.0,960.1,2194,stock
2025-01-20,PRIN,989.0,973.9,989.0,961.2,8687,stock
2025-01-21,PRIN,970.0,998.0,1020.0,970.0,30513,stock
2025-01-22,PRIN,1014.9,998.0,1014.9,992.3,22298,stock
2025-01-23,PRIN,998.0,986.8,1007.0,986.0,8551,stock
2025-01-26,PRIN,991.0,980.0,1000.0,980.0,11727,stock
2025-01-27,PRIN,990.0,972.0,990.0,972.0,15117,stock
2025-01-28,PRIN,990.0,972.2,990.0,970.4,12254,stock
2025-02-02,PRIN,991.6,1001.2,1006.0,968.0,20719,stock
2025-02-03,PRIN,1001.5,1013.9,1018.0,1000.0,50970,stock
2025-02-04,PRIN,1018.9,998.0,1018.9,998.0,31759,stock
2025-02-05,PRIN,990.0,994.0,1005.0,990.0,17596,stock
2025-02-06,PRIN,998.0,1000.1,1009.0,984.0,13667,stock
2025-02-09,PRIN,996.0,1002.0,1006.0,995.0,8388,stock
2025-02-10,PRIN,1009.0,995.0,1009.0,985.6,9084,stock
2025-02-11,PRIN,1002.0,1009.0,1009.0,990.5,15003,stock
2025-02-12,PRIN,1019.0,1002.5,1029.0,988.9,3966,stock
2025-02-13,PRIN,983.2,987.2,1002.8,983.2,8553,stock
2025-02-16,PRIN,970.2,999.0,1009.2,970.2,8978,stock
2025-02-17,PRIN,996.0,1002.0,1004.0,990.0,9786,stock
2025-02-18,PRIN,1010.0,1005.0,1013.0,1000.0,12133,stock
2025-02-20,PRIN,1019.0,1005.0,1020.0,1000.0,6342,stock
2025-02-23,PRIN,985.1,1001.0,1004.7,983.6,10254,stock
2025-02-24,PRIN,1014.0,990.3,1014.0,988.0,7856,stock
2025-02-25,PRIN,990.3,990.0,1001.0,986.0,6942,stock
2025-02-27,PRIN,1008.0,997.0,1009.0,968.2,12978,stock
2025-03-02,PRIN,1010.0,1039.0,1045.0,1000.0,50370,stock
2025-03-03,PRIN,1056.0,1025.6,1077.1,1025.2,25628,stock
2025-03-04,PRIN,1044.0,1009.0,1044.0,1004.5,48150,stock
2025-03-05,PRIN,1006.0,1000.0,1025.0,998.0,12669,stock
2025-03-06,PRIN,1019.4,997.0,1019.4,979.2,10893,stock
2025-03-09,PRIN,979.3,989.0,1015.0,979.3,24646,stock
2025-03-10,PRIN,990.0,984.8,1008.0,980.0,11261,stock
2025-03-11,PRIN,981.0,989.9,995.0,980.6,8384,stock
2025-03-12,PRIN,970.2,1068.0,1088.8,970.2,42293,stock
2025-03-16,PRIN,1046.7,1000.0,1046.7,990.1,19709,stock
2025-03-17,PRIN,980.0,1000.0,1081.7,980.0,23668,stock
2025-03-18,PRIN,980.0,993.0,999.0,980.0,8304,stock
2025-03-19,PRIN,973.2,978.0,994.9,968.0,8508,stock
2025-03-20,PRIN,970.1,957.62,972.0,954.0,16771,stock
2025-03-23,PRIN,946.0,931.27,955.0,930.0,11423,stock
2025-03-24,PRIN,945.0,926.12,945.0,923.0,13963,stock
2025-03-25,PRIN,938.9,903.06,939.0,899.0,9866,stock
2025-03-26,PRIN,921.0,919.07,923.0,908.0,7754,stock
2025-03-27,PRIN,920.0,930.5,938.0,913.0,11147,stock
2025-03-30,PRIN,943.9,933.52,953.0,930.0,8145,stock
2025-04-01,PRIN,951.0,939.0,957.0,920.0,14860,stock
2025-04-02,PRIN,956.0,936.1,956.0,932.1,3034,stock
2025-04-03,PRIN,949.9,939.19,950.0,931.9,7116,stock
2025-04-07,PRIN,955.0,922.25,955.0,921.0,5732,stock
2025-04-08,PRIN,918.2,908.7,922.8,898.0,10089,stock
2025-04-09,PRIN,926.7,913.8,930.0,911.0,4280,stock
2025-04-10,PRIN,930.7,911.24,931.0,910.1,3327,stock
2025-04-13,PRIN,905.5,912.32,915.0,900.0,11069,stock
2025-04-15,PRIN,929.9,921.94,929.9,903.3,14266,stock
2025-04-16,PRIN,940.0,915.36,940.0,912.5,6968,stock
2025-04-17,PRIN,916.0,918.29,933.6,915.0,9051,stock
2025-04-20,PRIN,917.0,916.45,920.0,906.0,16456,stock
2025-04-21,PRIN,920.0,903.4,920.0,900.0,18746,stock
2025-04-22,PRIN,902.0,903.32,912.0,902.0,14288,stock
2025-04-23,PRIN,901.0,895.64,908.0,895.0,22020,stock
2025-04-24,PRIN,895.1,887.38,898.9,878.0,23485,stock
2025-04-27,PRIN,890.0,883.68,899.8,880.0,9999,stock
2025-04-28,PRIN,871.0,878.93,900.0,870.3,7029,stock
2025-04-29,PRIN,880.0,868.12,880.0,866.0,5269,stock
2025-04-30,PRIN,882.0,857.01,882.0,855.1,11599,stock
2025-05-04,PRIN,874.1,859.64,888.9,850.2,5890,stock
2025-05-05,PRIN,859.0,862.35,863.5,854.2,10313,stock
2025-05-06,PRIN,870.0,874.84,878.0,865.0,9073,stock
2025-05-07,PRIN,884.0,880.83,890.0,875.0,7299,stock
2025-05-08,PRIN,885.0,879.8,885.0,871.0,13260,stock
2025-05-11,PRIN,892.9,867.56,892.9,861.7,21373,stock
2025-05-13,PRIN,855.4,870.1,880.0,855.4,8743,stock
2025-05-14,PRIN,883.9,868.08,883.9,868.0,10901,stock
2025-05-15,PRIN,868.0,858.81,874.9,856.6,8289,stock
2025-05-18,PRIN,874.0,850.09,874.0,848.4,4972,stock
2025-05-19,PRIN,866.9,861.29,866.9,850.0,3328,stock
2025-05-20,PRIN,869.0,873.7,880.0,860.0,4787,stock
2025-05-21,PRIN,891.1,877.37,919.0,875.0,17651,stock
2025-05-22,PRIN,892.9,865.72,894.0,861.4,8831,stock
2025-05-25,PRIN,881.8,866.24,881.8,865.1,8187,stock
2025-05-26,PRIN,883.5,860.85,900.0,860.3,9831,stock
2025-05-27,PRIN,860.0,854.45,871.0,850.3,6531,stock
2025-05-28,PRIN,869.8,849.57,869.8,845.4,12658,stock
2025-06-02,PRIN,866.5,846.01,866.5,845.0,6848,stock
2025-06-03,PRIN,859.0,842.99,859.0,841.9,5928,stock
2025-06-04,PRIN,836.0,842.18,852.7,831.0,3703,stock
2025-06-05,PRIN,833.0,828.93,849.6,820.0,8802,stock
2025-06-08,PRIN,840.0,826.77,840.0,825.0,3153,stock
2025-06-09,PRIN,825.0,826.85,835.0,824.1,10554,stock
2025-06-10,PRIN,839.0,835.65,843.0,830.0,6347,stock
2025-06-11,PRIN,828.5,820.34,840.0,815.6,11589,stock
2025-06-12,PRIN,806.0,822.72,837.0,806.0,7548,stock
2025-06-15,PRIN,830.0,828.83,837.0,825.2,19902,stock
2025-06-16,PRIN,812.3,846.51,869.0,812.3,42588,stock
2025-06-17,PRIN,862.9,842.03,862.9,838.0,3992,stock
2025-06-18,PRIN,848.0,836.85,849.0,835.5,10130,stock
2025-06-19,PRIN,839.9,837.07,849.0,830.0,14209,stock
2025-06-22,PRIN,837.0,834.34,844.0,833.5,10770,stock
2025-06-23,PRIN,851.0,844.49,886.0,840.0,62467,stock
2025-06-24,PRIN,861.3,844.24,862.0,842.7,29157,stock
2025-06-25,PRIN,850.0,849.18,856.0,845.0,8459,stock
2025-06-26,PRIN,866.0,848.65,866.0,847.3,8861,stock
2025-06-29,PRIN,852.1,852.3,854.5,849.0,11574,stock
2025-06-30,PRIN,869.3,856.99,869.3,850.0,67118,stock
2025-07-01,PRIN,865.0,871.58,874.0,858.0,16691,stock
2025-07-02,PRIN,888.0,886.8,923.0,870.0,65797,stock
2025-07-03,PRIN,904.5,919.45,925.0,895.5,102202,stock
2025-07-06,PRIN,920.0,942.74,952.5,920.0,113782,stock
2025-07-07,PRIN,940.0,920.87,942.0,915.0,42278,stock
2025-07-08,PRIN,937.5,924.57,937.5,902.0,78448,stock
2025-07-09,PRIN,937.7,936.59,945.0,929.1,79551,stock
2025-07-10,PRIN,955.3,940.49,955.3,935.0,77417,stock
2025-07-13,PRIN,959.2,927.97,959.2,924.0,70776,stock
2025-07-14,PRIN,934.5,910.16,934.5,907.6,66175,stock
2025-07-15,PRIN,920.0,910.1,920.0,905.3,70841,stock
2025-07-16,PRIN,915.0,921.26,933.0,911.0,51407,stock
2025-07-17,PRIN,930.0,953.2,960.3,930.0,149443,stock
2025-07-20,PRIN,823.9,828.25,870.0,823.9,58347,stock
2025-07-21,PRIN,822.1,828.15,837.9,822.0,29515,stock
2025-07-22,PRIN,844.0,843.24,845.0,831.0,39804,stock
2025-07-23,PRIN,859.0,840.36,859.0,838.0,24404,stock
2025-07-24,PRIN,844.0,851.31,909.4,837.9,38862,stock
2025-07-27,PRIN,868.0,843.55,868.0,841.2,39545,stock
2025-07-28,PRIN,840.0,834.91,843.0,825.0,28848,stock
2025-07-29,PRIN,851.6,841.62,851.6,833.0,39402,stock
2025-07-30,PRIN,850.0,829.84,850.0,826.1,20438,stock
2025-07-31,PRIN,825.4,824.63,833.0,820.0,21092,stock
2025-08-03,PRIN,824.5,812.94,829.0,810.0,23938,stock
2025-08-04,PRIN,824.9,813.34,824.9,806.0,16405,stock
2025-08-05,PRIN,813.5,800.13,820.0,799.0,26635,stock
2025-08-06,PRIN,805.0,799.88,805.0,795.0,10576,stock
2025-08-07,PRIN,810.0,800.55,810.0,800.0,11797,stock
2025-08-11,PRIN,815.0,797.37,815.0,790.0,23096,stock
2025-08-12,PRIN,797.37,786.86,799.8,784.1,18292,stock
2025-08-13,PRIN,790.0,785.49,794.0,785.0,7516,stock
2025-08-14,PRIN,785.5,780.49,786.0,779.0,7016,stock
2025-08-17,PRIN,781.1,771.98,781.1,767.0,7926,stock
2025-08-18,PRIN,772.0,767.74,772.0,765.0,12976,stock
2025-08-19,PRIN,778.0,770.71,778.0,768.0,13441,stock
2025-08-20,PRIN,765.1,767.91,770.0,764.0,18683,stock
2025-08-21,PRIN,762.0,766.55,773.9,762.0,3381,stock
2025-08-24,PRIN,764.0,765.03,778.0,761.0,6919,stock
2025-08-25,PRIN,762.0,768.87,770.0,761.0,3761,stock
2025-08-26,PRIN,765.1,771.03,772.0,764.0,3662,stock
2025-08-27,PRIN,780.0,783.98,787.2,772.0,15067,stock
2025-08-28,PRIN,796.0,788.5,796.0,771.0,30377,stock
2025-08-31,PRIN,776.1,780.0,783.0,776.1,9777,stock
2025-09-01,PRIN,775.0,781.62,788.9,773.0,8975,stock
2025-09-02,PRIN,785.0,772.36,785.0,770.0,8419,stock
2025-09-03,PRIN,775.0,763.51,775.0,761.2,7060,stock
2025-09-04,PRIN,763.0,758.97,763.6,755.2,8497,stock
2025-09-07,PRIN,759.0,760.21,769.0,755.0,7808,stock
2025-09-08,PRIN,769.0,752.91,770.0,750.5,8694,stock
2025-09-18,PRIN,737.9,723.2,737.9,723.2,250,stock
2025-09-21,PRIN,709.0,691.95,709.0,658.1,38865,stock
2025-09-23,PRIN,680.0,713.5,716.0,680.0,14999,stock
2025-09-24,PRIN,713.5,720.0,720.0,710.0,9908,stock
2025-09-25,PRIN,707.0,696.0,708.0,693.4,14262,stock
2025-09-28,PRIN,700.0,692.0,700.0,686.0,6201,stock
2025-10-07,PRIN,680.1,686.0,689.0,675.0,7008,stock
2025-10-08,PRIN,675.0,644.0,697.5,644.0,12739,stock
2025-10-09,PRIN,656.8,667.0,695.6,656.8,27145,stock
2025-10-12,PRIN,663.0,650.0,663.0,643.2,20352,stock
2025-10-13,PRIN,661.0,660.0,661.0,640.0,10535,stock
2025-10-14,PRIN,659.9,652.8,659.9,638.5,6996,stock
2025-10-15,PRIN,642.0,649.9,652.8,640.0,3517,stock
2025-10-16,PRIN,661.8,646.0,661.8,638.0,2219,stock
2025-10-19,PRIN,658.9,640.0,658.9,640.0,2278,stock
2025-10-26,PRIN,630.1,637.9,640.0,630.0,2205,stock
2025-10-28,PRIN,642.0,660.0,693.0,634.1,7386,stock
2025-10-29,PRIN,673.0,657.1,683.7,657.0,2667,stock
2025-10-30,PRIN,670.0,656.3,670.0,636.0,18507,stock
2025-11-02,PRIN,660.0,684.0,684.0,660.0,44450,stock
2025-11-03,PRIN,690.0,675.0,695.0,668.0,12244,stock
2025-11-04,PRIN,675.0,666.0,678.5,658.0,7822,stock
2025-11-05,PRIN,678.0,668.0,678.0,660.4,3322,stock
2025-11-06,PRIN,664.1,665.0,675.0,660.0,19384,stock
2025-11-09,PRIN,656.0,643.3,665.0,643.3,13183,stock
2025-11-10,PRIN,655.0,650.0,655.0,637.0,10183,stock
2025-11-11,PRIN,661.9,653.0,661.9,646.3,7467,stock
2025-11-12,PRIN,653.0,655.0,663.0,648.9,20910,stock
2025-11-13,PRIN,651.0,653.0,654.9,644.0,2308,stock
2025-11-16,PRIN,662.0,648.9,662.0,641.2,6350,stock
2025-11-17,PRIN,660.0,653.9,660.0,637.3,9289,stock
2025-11-18,PRIN,653.0,662.7,663.9,653.0,4426,stock
2025-11-19,PRIN,674.7,656.1,674.7,656.1,6735,stock
2025-11-20,PRIN,664.9,648.0,664.9,646.1,7730,stock
2025-11-23,PRIN,650.0,662.0,680.0,650.0,16993,stock
2025-11-24,PRIN,674.0,677.6,715.0,671.0,54914,stock
2025-11-25,PRIN,688.0,687.0,688.0,674.4,29400,stock
2025-11-26,PRIN,690.0,680.0,695.0,679.0,15315,stock
2025-11-27,PRIN,690.0,682.2,690.0,679.0,9834,stock
2025-11-30,PRIN,685.0,683.0,700.0,681.1,22462,stock
2025-12-01,PRIN,695.0,685.0,695.0,679.0,18594,stock
2025-12-02,PRIN,689.4,683.1,689.4,680.0,7770,stock
2025-12-03,PRIN,696.7,682.0,696.7,666.0,11949,stock
2025-12-07,PRIN,676.0,675.0,677.9,673.0,6423,stock
2025-12-08,PRIN,674.0,670.3,675.0,670.0,4337,stock
2025-12-09,PRIN,661.7,669.0,669.8,661.2,6250,stock
2025-12-10,PRIN,681.0,666.0,681.0,662.7,4657,stock
2025-12-11,PRIN,660.1,668.0,673.0,660.1,4819,stock
2025-12-14,PRIN,665.0,666.0,673.7,665.0,11378,stock
2025-12-15,PRIN,661.0,668.8,669.9,661.0,4409,stock
2025-12-16,PRIN,671.0,670.0,673.7,662.0,2490,stock
2025-12-17,PRIN,668.0,671.0,674.0,668.0,5745,stock
2025-12-18,PRIN,681.0,670.0,681.1,670.0,7537,stock
2025-12-21,PRIN,661.5,664.0,670.0,661.5,8192,stock
2025-12-22,PRIN,660.1,650.0,668.9,646.8,16162,stock
2025-12-23,PRIN,660.0,650.6,660.0,649.0,4924,stock
2025-12-24,PRIN,643.1,657.0,671.0,643.1,3865,stock
2025-12-28,PRIN,657.1,680.0,684.0,657.0,17252,stock
2025-12-29,PRIN,689.0,679.8,690.0,675.0,18009,stock
2025-12-31,PRIN,678.0,683.0,685.0,678.0,9848,stock
2026-01-01,PRIN,696.6,684.0,696.6,674.0,10947,stock
2026-01-04,PRIN,685.0,689.0,689.0,675.0,13960,stock
2026-01-05,PRIN,680.0,693.0,693.0,678.0,16390,stock
2026-01-06,PRIN,706.6,695.0,706.6,690.0,11844,stock
2026-01-07,PRIN,695.0,695.0,705.8,691.0,12278,stock
2026-01-08,PRIN,703.0,697.0,703.0,691.0,8867,stock
2026-01-12,PRIN,707.9,704.5,707.9,694.0,9201,stock
2026-01-13,PRIN,705.0,700.0,710.0,693.0,9030,stock
2026-01-14,PRIN,709.9,697.0,709.9,696.0,12469,stock
2026-01-18,PRIN,710.9,725.1,725.1,702.2,33410,stock
2026-01-20,PRIN,737.0,728.0,740.0,724.0,13810,stock
2026-01-21,PRIN,725.0,730.0,734.4,721.1,20541,stock
2026-01-22,PRIN,741.0,733.0,741.0,715.5,19878,stock
2026-01-25,PRIN,746.6,738.0,746.6,728.0,26272,stock
2026-01-26,PRIN,740.9,755.0,755.0,736.0,48074,stock
2026-01-27,PRIN,740.0,734.0,769.7,733.0,25343,stock
2026-01-28,PRIN,731.0,736.1,763.4,724.0,14337,stock
2026-01-29,PRIN,750.0,735.0,750.0,724.0,16088,stock
2026-02-01,PRIN,749.0,719.0,749.0,715.2,17042,stock
2026-02-02,PRIN,732.0,721.0,732.0,717.3,14202,stock
2026-02-03,PRIN,729.4,711.0,729.4,709.0,8799,stock
2026-02-04,PRIN,696.8,715.0,730.9,696.8,10096,stock
2026-02-05,PRIN,724.0,738.8,739.0,710.0,25754,stock
2026-02-08,PRIN,749.9,726.0,753.0,725.2,12464,stock
2026-02-09,PRIN,718.2,708.0,730.0,700.7,36722,stock
2026-02-10,PRIN,714.0,700.0,715.0,692.6,45939,stock
2026-02-11,PRIN,714.0,722.6,725.0,700.0,26662,stock
2026-02-12,PRIN,737.0,723.0,737.0,715.0,11602,stock
2026-02-16,PRIN,737.0,719.0,737.0,712.0,12639,stock
2026-02-17,PRIN,732.5,703.2,732.5,701.3,19382,stock
2026-02-22,PRIN,709.0,700.0,715.0,700.0,29157,stock
2026-02-23,PRIN,714.0,712.9,714.0,700.1,13388,stock
2026-02-24,PRIN,705.0,716.0,720.0,705.0,9992,stock
2026-02-25,PRIN,726.0,717.5,726.0,712.0,22108,stock
2026-02-26,PRIN,722.0,719.0,727.0,715.0,15859,stock
2026-03-01,PRIN,729.0,719.0,729.0,690.7,30768,stock
2026-03-03,PRIN,730.9,730.0,730.9,716.3,20636,stock
2026-03-09,PRIN,744.5,759.3,759.3,744.5,65,stock
2026-03-10,PRIN,774.0,777.0,787.0,749.0,67703,stock
2026-03-11,PRIN,779.0,766.0,790.0,765.0,38234,stock
2026-03-12,PRIN,779.0,765.9,779.0,757.7,18328,stock
2026-03-15,PRIN,750.8,761.0,781.1,750.8,30098,stock
2026-03-16,PRIN,769.9,758.1,770.0,755.0,12031,stock
2026-03-17,PRIN,770.0,758.0,770.0,750.0,10425,stock
2026-03-19,PRIN,769.9,763.2,769.9,756.0,20152,stock
2026-03-22,PRIN,777.7,780.0,785.0,765.0,25607,stock
2026-03-23,PRIN,794.9,780.0,794.9,767.0,11004,stock
2026-03-24,PRIN,788.9,776.4,788.9,770.0,6324,stock
2026-03-25,PRIN,780.0,762.6,780.0,760.0,17512,stock
2026-03-26,PRIN,777.0,760.0,777.0,750.1,9444,stock
2026-03-29,PRIN,774.8,740.0,774.8,740.0,35718,stock
2026-03-30,PRIN,735.0,730.3,744.9,730.0,20325,stock
2026-03-31,PRIN,731.0,740.0,740.0,720.0,16807,stock
2026-04-01,PRIN,730.0,725.0,746.6,720.0,16984,stock
2026-04-02,PRIN,730.0,722.6,738.9,722.0,11770,stock
2026-04-05,PRIN,717.0,701.0,724.0,700.0,22762,stock
2026-04-06,PRIN,701.0,728.0,735.0,701.0,14678,stock
2026-04-07,PRIN,738.0,727.0,739.0,725.0,9041,stock
2026-04-08,PRIN,739.0,748.0,748.0,731.0,23869,stock
2026-04-09,PRIN,701.8,697.0,714.0,686.0,34086,stock
2026-04-10,PRIN,700.0,695.3,700.0,687.0,7946,stock
2026-04-13,PRIN,690.0,694.0,696.0,689.1,6305,stock
2026-04-15,PRIN,688.0,690.6,694.9,685.0,23735,stock
2026-04-16,PRIN,685.0,680.0,685.5,680.0,7835,stock
2026-04-17,PRIN,693.6,671.0,693.6,671.0,11754,stock
2026-04-20,PRIN,675.0,669.0,679.9,666.3,3695,stock
2026-04-21,PRIN,666.0,669.0,674.0,650.0,6464,stock
2026-04-22,PRIN,652.2,667.9,669.0,649.0,11529,stock
2026-04-23,PRIN,666.0,664.8,670.0,655.0,8815,stock
2026-04-24,PRIN,679.0,659.9,679.0,640.0,10519,stock
2026-04-27,PRIN,659.9,662.0,669.0,649.0,1652,stock
2026-04-28,PRIN,662.0,645.1,674.7,645.1,11500,stock
2026-04-29,PRIN,640.0,646.0,646.0,638.0,7930,stock
2026-04-30,PRIN,641.7,646.7,650.0,637.0,6676,stock
2026-05-04,PRIN,646.0,637.1,646.0,636.3,4762,stock
2026-05-05,PRIN,635.5,636.0,648.0,630.0,4451,stock
2026-05-06,PRIN,635.9,633.7,636.0,633.1,8098,stock
2026-05-07,PRIN,635.0,634.9,635.0,630.0,5341,stock
2026-05-08,PRIN,637.0,642.0,648.0,636.1,2152,stock
2026-05-11,PRIN,642.2,650.6,656.7,642.2,4956,stock
2026-05-12,PRIN,650.0,648.0,656.8,645.1,3398,stock
2026-05-13,PRIN,680.0,653.8,680.0,645.0,3884,stock
2026-05-14,PRIN,654.0,654.0,654.9,645.0,6964,stock
2026-05-15,PRIN,645.1,648.0,653.0,637.7,3587,stock
2026-05-18,PRIN,645.1,646.0,650.0,645.0,2639,stock
2026-05-19,PRIN,640.1,655.0,659.9,640.0,5625,stock
2026-05-20,PRIN,654.9,657.7,662.0,650.5,6468,stock
2026-05-21,PRIN,660.0,660.0,668.0,655.0,5447,stock
2026-05-22,PRIN,646.1,662.0,665.0,646.1,1089,stock
2026-05-25,PRIN,669.9,665.0,669.9,656.0,4007,stock
2026-05-26,PRIN,665.0,664.9,667.0,660.0,7881,stock
2026-05-27,PRIN,669.0,667.8,669.0,661.1,4490,stock
2026-06-01,PRIN,700.0,682.9,700.0,668.0,25728,stock
2026-06-02,PRIN,691.0,688.8,691.0,677.2,10356,stock
2026-06-03,PRIN,692.0,719.0,720.0,689.0,70734,stock
2026-06-04,PRIN,719.0,709.0,719.6,707.0,34446,stock
2026-06-05,PRIN,720.0,703.0,720.0,699.0,30446,stock
2026-06-08,PRIN,710.0,704.9,710.0,696.1,8610,stock
2026-06-09,PRIN,703.0,695.0,703.0,684.0,9400,stock
2026-06-10,PRIN,706.9,697.0,707.0,690.0,10986,stock
2026-06-11,PRIN,695.0,703.0,717.0,695.0,28027,stock
2026-06-12,PRIN,702.0,710.0,713.9,702.0,25328,stock
2026-06-15,PRIN,710.0,710.0,720.0,706.1,9145,stock
2026-06-16,PRIN,709.0,704.7,710.0,703.0,21023,stock
2026-06-17,PRIN,700.5,702.4,707.0,700.0,8960,stock
2026-06-18,PRIN,700.5,708.0,708.0,697.0,14920,stock
2026-06-19,PRIN,743.4,703.0,743.4,697.1,9210,stock
2026-06-22,PRIN,708.0,707.0,708.0,700.0,5609,stock
2026-06-23,PRIN,695.6,699.0,705.0,694.7,14791,stock
2026-06-24,PRIN,682.1,686.0,695.0,681.0,9834,stock
2026-06-25,PRIN,681.0,688.0,694.0,680.0,2201,stock
2026-06-26,PRIN,691.1,680.1,691.1,680.0,7689,stock
2026-06-29,PRIN,677.1,680.2,697.0,677.0,7216,stock
2026-06-30,PRIN,699.0,679.7,699.0,672.0,7156,stock
2026-07-01,PRIN,690.0,691.0,696.0,681.0,5819,stock
2026-07-02,PRIN,682.0,689.0,690.0,681.0,1837,stock
2026-07-03,PRIN,697.0,700.0,700.0,677.4,7843,stock
2026-07-06,PRIN,701.0,689.9,701.0,685.0,17880,stock
2026-07-07,PRIN,683.0,692.0,695.0,682.0,2927,stock
2026-07-08,PRIN,692.0,685.0,692.0,675.2,6422,stock
2026-07-09,PRIN,680.0,680.1,685.0,676.2,4913,stock
2026-07-10,PRIN,681.0,683.0,689.0,675.5,17699,stock
2026-07-13,PRIN,683.8,676.8,683.8,672.1,3349,stock
2026-07-14,PRIN,676.8,678.0,679.0,669.1,2449,stock
2026-07-15,PRIN,680.0,676.1,689.0,675.0,5128,stock
2026-07-16,PRIN,676.1,668.1,694.7,665.5,1666,stock
2026-07-17,PRIN,701.4,690.0,701.4,685.0,6967,stock
2026-07-20,PRIN,698.0,702.4,705.0,692.5,5527,stock
2026-07-21,PRIN,709.8,692.0,709.8,686.2,6285,stock
2026-07-22,PRIN,685.1,685.0,689.9,681.1,4288,stock
2026-07-23,PRIN,685.0,688.0,690.0,680.0,5611,stock
2026-07-24,PRIN,697.0,695.0,702.8,689.0,8742,stock
2026-07-27,PRIN,697.0,680.4,697.0,680.1,4966,stock
2026-07-28,PRIN,678.6,679.0,689.0,678.3,3693,stock
2026-07-29,PRIN,674.0,676.6,688.3,668.3,4698,stock
2026-07-30,PRIN,680.0,679.0,688.9,671.2,1156,stock
2026-07-31,PRIN,671.3,680.0,680.0,671.3,931,stock
2026-08-03,PRIN,682.0,673.2,682.0,671.0,1453,stock
2026-08-04,PRIN,675.0,674.0,682.0,663.1,3819,stock
2026-08-05,PRIN,661.0,670.0,675.0,661.0,809,stock
2026-08-06,PRIN,661.1,670.5,675.0,661.1,1869,stock
2026-08-07,PRIN,670.5,666.0,673.0,665.1,3998,stock
2026-08-10,PRIN,664.0,668.0,669.0,663.0,941,stock
2026-08-11,PRIN,668.0,669.3,680.0,663.8,1425,stock
2026-08-12,PRIN,669.5,666.9,670.0,663.7,4500,stock
2026-08-13,PRIN,656.0,664.5,668.9,656.0,1177,stock
2026-08-14,PRIN,665.0,662.0,670.0,661.2,5491,stock
2026-08-17,PRIN,663.0,658.1,665.0,658.1,971,stock
2026-08-18,PRIN,658.1,660.0,664.0,658.1,4200,stock
2026-08-19,PRIN,652.2,656.0,659.8,652.1,2403,stock
2026-08-20,PRIN,649.0,652.0,657.8,648.1,5322,stock
2026-08-21,PRIN,665.0,650.0,665.0,648.0,4800,stock
2026-08-24,PRIN,650.0,643.0,659.0,640.0,9309,stock
2026-08-25,PRIN,642.1,640.0,642.1,633.0,6724,stock
2026-08-26,PRIN,633.0,600.0,633.0,596.0,34021,stock
2026-08-27,PRIN,595.0,599.6,600.0,579.1,6616,stock
2026-08-31,PRIN,583.0,573.2,590.0,573.0,7325,stock
2026-09-01,PRIN,573.2,584.9,585.0,564.4,18237,stock
2026-09-02,PRIN,583.0,594.0,606.0,575.0,21512,stock
2026-09-03,PRIN,585.2,593.0,595.0,583.6,1668,stock
2026-09-07,PRIN,605.0,600.0,611.0,587.1,7620,stock
2026-09-09,PRIN,570.0,594.0,612.0,570.0,5985,stock
2026-09-10,PRIN,595.0,590.0,595.0,580.1,7097,stock
2026-09-11,PRIN,593.0,592.1,593.0,583.2,1733,stock
2026-09-14,PRIN,593.1,602.0,605.0,593.1,5810,stock
2026-09-15,PRIN,630.0,610.2,631.0,605.0,14313,stock
2026-09-16,PRIN,603.0,600.0,608.0,593.0,19333,stock
2026-09-17,PRIN,600.0,600.0,606.9,595.0,7600,stock
2026-09-18,PRIN,593.9,602.9,603.9,593.0,4527,stock
2026-09-22,PRIN,605.0,609.9,610.0,602.0,10612,stock
2026-09-23,PRIN,606.4,601.9,606.4,596.0,2657,stock
2026-09-24,PRIN,601.9,592.0,601.9,590.0,8386,stock
2026-09-28,PRIN,592.0,591.0,605.0,590.2,11676,stock
2026-09-29,PRIN,595.0,594.0,595.0,589.0,3895,stock
2026-09-30,PRIN,595.0,590.0,595.0,586.0,3864,stock
2026-10-01,PRIN,590.0,590.0,591.0,585.0,5275,stock
2026-10-02,PRIN,584.1,585.0,595.0,584.0,4007,stock
2026-10-05,PRIN,585.0,585.0,590.0,580.4,3103,stock
2026-10-06,PRIN,594.0,589.7,595.0,582.1,2605,stock
