time,symbol,open,close,high,low,volume,category
2013-08-18,SHINE,406.0,292.0,292.0,292.0,60,stock
2013-08-19,SHINE,292.0,272.0,287.0,272.0,60,stock
2013-08-20,SHINE,272.0,258.0,267.0,258.0,40,stock
2013-08-25,SHINE,258.0,248.0,253.0,248.0,7189,stock
2013-08-26,SHINE,248.0,244.0,244.0,244.0,38,stock
2013-08-27,SHINE,244.0,245.0,245.0,245.0,130,stock
2013-09-01,SHINE,245.0,239.0,241.0,239.0,666,stock
2013-09-03,SHINE,239.0,216.0,235.0,216.0,300,stock
2013-09-09,SHINE,216.0,195.0,212.0,195.0,6256,stock
2013-09-10,SHINE,195.0,195.0,197.0,190.0,10301,stock
2013-09-11,SHINE,195.0,202.0,202.0,190.0,5286,stock
2013-09-12,SHINE,202.0,201.0,201.0,196.0,1044,stock
2013-09-15,SHINE,201.0,200.0,205.0,196.0,2367,stock
2013-09-16,SHINE,200.0,196.0,204.0,196.0,1212,stock
2013-09-17,SHINE,196.0,198.0,201.0,193.0,734,stock
2013-09-19,SHINE,198.0,193.0,198.0,193.0,577,stock
2013-09-22,SHINE,193.0,198.0,201.0,195.0,2369,stock
2013-09-23,SHINE,198.0,196.0,196.0,191.0,617,stock
2013-09-24,SHINE,196.0,199.0,199.0,194.0,726,stock
2013-09-25,SHINE,199.0,196.0,197.0,194.0,828,stock
2013-09-26,SHINE,196.0,196.0,198.0,196.0,377,stock
2013-09-29,SHINE,196.0,201.0,201.0,196.0,484,stock
2013-09-30,SHINE,201.0,198.0,200.0,193.0,4997,stock
2013-10-01,SHINE,198.0,198.0,198.0,194.0,534,stock
2013-10-02,SHINE,198.0,196.0,200.0,196.0,42,stock
2013-10-03,SHINE,196.0,194.0,194.0,194.0,56,stock
2013-10-06,SHINE,194.0,195.0,195.0,192.0,135,stock
2013-10-07,SHINE,195.0,200.0,202.0,184.0,1463,stock
2013-10-08,SHINE,200.0,200.0,205.0,200.0,1366,stock
2013-10-09,SHINE,200.0,198.0,200.0,193.0,562,stock
2013-10-10,SHINE,198.0,200.0,204.0,198.0,1439,stock
2013-10-29,SHINE,200.0,167.0,167.0,167.0,28,stock
2013-11-11,SHINE,167.0,170.0,170.0,170.0,58,stock
2013-11-14,SHINE,170.0,167.0,167.0,167.0,56,stock
2013-11-24,SHINE,167.0,173.0,173.0,170.0,1084,stock
2013-11-26,SHINE,173.0,176.0,176.0,176.0,10,stock
2013-12-01,SHINE,176.0,188.0,188.0,179.0,86,stock
2013-12-02,SHINE,188.0,188.0,188.0,188.0,500,stock
2013-12-03,SHINE,188.0,197.0,197.0,191.0,30,stock
2013-12-05,SHINE,197.0,200.0,200.0,200.0,290,stock
2013-12-08,SHINE,200.0,204.0,204.0,204.0,53,stock
2013-12-10,SHINE,204.0,208.0,208.0,208.0,12,stock
2013-12-11,SHINE,208.0,208.0,212.0,208.0,28,stock
2013-12-12,SHINE,208.0,208.0,208.0,204.0,84,stock
2013-12-16,SHINE,208.0,216.0,216.0,212.0,853,stock
2013-12-18,SHINE,216.0,220.0,220.0,220.0,13,stock
2013-12-19,SHINE,220.0,224.0,224.0,224.0,232,stock
2013-12-22,SHINE,224.0,246.0,246.0,228.0,531,stock
2013-12-23,SHINE,246.0,250.0,250.0,250.0,181,stock
2013-12-24,SHINE,250.0,260.0,260.0,250.0,695,stock
2013-12-26,SHINE,260.0,275.0,275.0,265.0,221,stock
2013-12-29,SHINE,275.0,285.0,285.0,275.0,487,stock
2013-12-31,SHINE,285.0,296.0,296.0,290.0,405,stock
2014-01-01,SHINE,296.0,292.0,292.0,292.0,131,stock
2014-01-02,SHINE,292.0,277.0,287.0,272.0,983,stock
2014-01-05,SHINE,277.0,278.0,282.0,277.0,1186,stock
2014-01-06,SHINE,278.0,283.0,288.0,280.0,487,stock
2014-01-07,SHINE,283.0,304.0,304.0,288.0,2291,stock
2014-01-08,SHINE,304.0,316.0,316.0,310.0,400,stock
2014-01-09,SHINE,316.0,331.0,334.0,316.0,1045,stock
2014-01-12,SHINE,331.0,354.0,354.0,325.0,6751,stock
2014-01-13,SHINE,354.0,367.0,367.0,347.0,1193,stock
2014-01-14,SHINE,367.0,368.0,368.0,340.0,1236,stock
2014-01-16,SHINE,368.0,371.0,375.0,370.0,1235,stock
2014-01-19,SHINE,371.0,371.0,378.0,371.0,605,stock
2014-01-20,SHINE,371.0,380.0,387.0,373.0,3983,stock
2014-01-21,SHINE,380.0,397.0,397.0,378.0,1937,stock
2014-01-22,SHINE,397.0,388.0,397.0,388.0,889,stock
2014-01-23,SHINE,388.0,382.0,396.0,382.0,938,stock
2014-01-26,SHINE,382.0,355.0,375.0,355.0,2169,stock
2014-01-27,SHINE,355.0,338.0,350.0,337.0,1644,stock
2014-01-28,SHINE,338.0,335.0,341.0,334.0,684,stock
2014-01-29,SHINE,335.0,336.0,336.0,331.0,513,stock
2014-02-02,SHINE,336.0,330.0,330.0,310.0,447,stock
2014-02-03,SHINE,330.0,363.0,363.0,335.0,940,stock
2014-02-04,SHINE,363.0,399.0,399.0,370.0,4270,stock
2014-02-05,SHINE,399.0,394.0,422.0,393.0,2658,stock
2014-02-06,SHINE,394.0,391.0,394.0,391.0,168,stock
2014-02-09,SHINE,391.0,377.0,390.0,377.0,278,stock
2014-02-10,SHINE,377.0,365.0,370.0,365.0,130,stock
2014-02-11,SHINE,365.0,372.0,372.0,358.0,412,stock
2014-02-12,SHINE,372.0,362.0,365.0,362.0,238,stock
2014-02-13,SHINE,362.0,375.0,382.0,369.0,472,stock
2014-02-16,SHINE,375.0,402.0,402.0,380.0,1114,stock
2014-02-17,SHINE,402.0,387.0,394.0,387.0,466,stock
2014-02-18,SHINE,387.0,395.0,405.0,387.0,1512,stock
2014-02-20,SHINE,395.0,410.0,418.0,395.0,1506,stock
2014-02-23,SHINE,410.0,410.0,418.0,404.0,1166,stock
2014-02-24,SHINE,410.0,425.0,433.0,418.0,2805,stock
2014-02-25,SHINE,425.0,439.0,439.0,412.0,1124,stock
2014-02-26,SHINE,439.0,425.0,433.0,417.0,726,stock
2014-03-03,SHINE,425.0,418.0,418.0,418.0,205,stock
2014-03-04,SHINE,418.0,410.0,410.0,402.0,501,stock
2014-03-05,SHINE,410.0,423.0,423.0,410.0,282,stock
2014-03-06,SHINE,423.0,405.0,415.0,400.0,1699,stock
2014-03-09,SHINE,405.0,421.0,421.0,413.0,487,stock
2014-03-10,SHINE,421.0,418.0,418.0,418.0,224,stock
2014-03-11,SHINE,418.0,400.0,419.0,392.0,1876,stock
2014-03-12,SHINE,400.0,400.0,400.0,392.0,326,stock
2014-03-13,SHINE,400.0,399.0,405.0,392.0,967,stock
2014-03-19,SHINE,399.0,386.0,392.0,386.0,403,stock
2014-03-20,SHINE,386.0,398.0,398.0,381.0,3108,stock
2014-03-23,SHINE,398.0,391.0,395.0,390.0,161,stock
2014-03-24,SHINE,391.0,398.0,398.0,384.0,1157,stock
2014-03-25,SHINE,398.0,405.0,410.0,393.0,1181,stock
2014-03-26,SHINE,405.0,400.0,410.0,400.0,885,stock
2014-03-27,SHINE,400.0,417.0,417.0,405.0,1980,stock
2014-03-31,SHINE,417.0,433.0,433.0,409.0,2374,stock
2014-04-01,SHINE,433.0,430.0,433.0,425.0,1379,stock
2014-04-02,SHINE,430.0,432.0,434.0,425.0,543,stock
2014-04-03,SHINE,432.0,422.0,434.0,422.0,3259,stock
2014-04-06,SHINE,422.0,445.0,445.0,414.0,13755,stock
2014-04-07,SHINE,445.0,432.0,442.0,432.0,3122,stock
2014-04-09,SHINE,432.0,438.0,438.0,423.0,1037,stock
2014-04-10,SHINE,438.0,444.0,448.0,437.0,1949,stock
2014-04-13,SHINE,444.0,450.0,452.0,432.0,6902,stock
2014-04-15,SHINE,450.0,450.0,451.0,447.0,1313,stock
2014-04-16,SHINE,450.0,450.0,454.0,441.0,418,stock
2014-04-20,SHINE,445.0,449.0,449.0,441.0,271,stock
2014-04-21,SHINE,449.0,450.0,457.0,445.0,1523,stock
2014-04-22,SHINE,450.0,460.0,460.0,442.0,856,stock
2014-04-23,SHINE,460.0,464.0,464.0,449.0,2500,stock
2014-04-27,SHINE,464.0,456.0,456.0,441.0,1453,stock
2014-04-28,SHINE,456.0,455.0,461.0,441.0,10346,stock
2014-04-29,SHINE,455.0,472.0,472.0,460.0,6102,stock
2014-04-30,SHINE,472.0,470.0,470.0,458.0,1909,stock
2014-05-04,SHINE,470.0,517.0,517.0,479.0,6808,stock
2014-05-05,SHINE,517.0,535.0,562.0,527.0,5488,stock
2014-05-06,SHINE,535.0,542.0,559.0,539.0,4829,stock
2014-05-07,SHINE,542.0,535.0,550.0,530.0,12076,stock
2014-05-08,SHINE,535.0,536.0,545.0,530.0,7414,stock
2014-05-20,SHINE,536.0,429.0,429.0,398.0,1442,stock
2014-05-21,SHINE,429.0,414.0,437.0,411.0,510,stock
2014-05-22,SHINE,414.0,406.0,406.0,406.0,484,stock
2014-05-25,SHINE,406.0,406.0,407.0,406.0,479,stock
2014-05-26,SHINE,406.0,405.0,405.0,404.0,266,stock
2014-05-27,SHINE,405.0,397.0,405.0,397.0,497,stock
2014-05-28,SHINE,397.0,405.0,405.0,400.0,514,stock
2014-06-01,SHINE,405.0,397.0,397.0,395.0,273,stock
2014-06-02,SHINE,397.0,401.0,401.0,400.0,369,stock
2014-06-03,SHINE,401.0,400.0,401.0,400.0,439,stock
2014-06-04,SHINE,400.0,389.0,392.0,388.0,284,stock
2014-06-05,SHINE,389.0,395.0,395.0,385.0,365,stock
2014-06-08,SHINE,395.0,390.0,396.0,390.0,655,stock
2014-06-09,SHINE,390.0,376.0,383.0,376.0,128,stock
2014-06-10,SHINE,376.0,361.0,382.0,361.0,2421,stock
2014-06-11,SHINE,361.0,375.0,378.0,362.0,2094,stock
2014-06-12,SHINE,375.0,392.0,392.0,380.0,1633,stock
2014-06-15,SHINE,392.0,399.0,399.0,398.0,236,stock
2014-06-17,SHINE,399.0,385.0,392.0,385.0,30,stock
2014-06-18,SHINE,385.0,392.0,392.0,388.0,2545,stock
2014-06-19,SHINE,392.0,385.0,388.0,385.0,1667,stock
2014-06-23,SHINE,385.0,400.0,400.0,385.0,3953,stock
2014-06-24,SHINE,400.0,392.0,399.0,380.0,854,stock
2014-06-25,SHINE,392.0,395.0,395.0,395.0,16,stock
2014-06-26,SHINE,395.0,395.0,395.0,388.0,517,stock
2014-06-29,SHINE,395.0,399.0,400.0,399.0,1072,stock
2014-06-30,SHINE,399.0,395.0,395.0,392.0,44,stock
2014-07-01,SHINE,395.0,405.0,410.0,395.0,2810,stock
2014-07-03,SHINE,405.0,395.0,400.0,395.0,531,stock
2014-07-07,SHINE,395.0,390.0,390.0,388.0,1760,stock
2014-07-08,SHINE,390.0,428.0,428.0,397.0,874,stock
2014-07-09,SHINE,428.0,421.0,428.0,421.0,250,stock
2014-07-10,SHINE,421.0,424.0,424.0,397.0,5108,stock
2014-07-13,SHINE,424.0,440.0,440.0,424.0,2226,stock
2014-07-14,SHINE,440.0,416.0,435.0,416.0,785,stock
2014-07-15,SHINE,416.0,428.0,428.0,401.0,2498,stock
2014-07-16,SHINE,428.0,425.0,425.0,404.0,4742,stock
2014-07-17,SHINE,425.0,440.0,440.0,430.0,99,stock
2014-07-20,SHINE,440.0,450.0,456.0,432.0,3861,stock
2014-07-21,SHINE,450.0,467.0,477.0,450.0,5565,stock
2014-07-22,SHINE,467.0,449.0,470.0,441.0,2760,stock
2014-07-23,SHINE,449.0,456.0,461.0,445.0,4404,stock
2014-07-24,SHINE,456.0,465.0,465.0,440.0,866,stock
2014-07-27,SHINE,465.0,472.0,479.0,465.0,1261,stock
2014-07-28,SHINE,472.0,494.0,504.0,475.0,4269,stock
2014-07-30,SHINE,494.0,505.0,520.0,500.0,3205,stock
2014-07-31,SHINE,505.0,493.0,506.0,492.0,14060,stock
2014-08-03,SHINE,493.0,485.0,500.0,478.0,15711,stock
2014-08-04,SHINE,485.0,476.0,485.0,476.0,1531,stock
2014-08-05,SHINE,476.0,476.0,477.0,476.0,332,stock
2014-08-06,SHINE,476.0,485.0,494.0,467.0,1960,stock
2014-08-07,SHINE,485.0,478.0,480.0,478.0,311,stock
2014-08-12,SHINE,478.0,469.0,469.0,469.0,12,stock
2014-08-13,SHINE,469.0,452.0,460.0,452.0,379,stock
2014-08-14,SHINE,452.0,451.0,451.0,443.0,7702,stock
2014-08-18,SHINE,451.0,450.0,460.0,442.0,2046,stock
2014-08-19,SHINE,450.0,468.0,468.0,450.0,1918,stock
2014-08-20,SHINE,468.0,460.0,469.0,460.0,295,stock
2014-08-21,SHINE,460.0,452.0,452.0,451.0,463,stock
2014-08-24,SHINE,452.0,455.0,455.0,455.0,100,stock
2014-09-03,SHINE,455.0,430.0,450.0,430.0,728,stock
2014-09-04,SHINE,430.0,425.0,425.0,425.0,70,stock
2014-09-10,SHINE,425.0,420.0,420.0,420.0,104,stock
2014-09-15,SHINE,415.0,403.0,410.0,401.0,3051,stock
2014-09-16,SHINE,403.0,400.0,406.0,390.0,1291,stock
2014-09-17,SHINE,400.0,401.0,408.0,395.0,1958,stock
2014-09-21,SHINE,390.0,373.0,383.0,373.0,1494,stock
2014-09-22,SHINE,373.0,353.0,367.0,352.0,2016,stock
2014-09-23,SHINE,353.0,365.0,369.0,340.0,5562,stock
2014-09-24,SHINE,365.0,360.0,365.0,355.0,1302,stock
2014-09-28,SHINE,360.0,355.0,360.0,342.0,2476,stock
2014-09-29,SHINE,355.0,355.0,360.0,355.0,228,stock
2014-09-30,SHINE,355.0,369.0,370.0,362.0,567,stock
2014-10-08,SHINE,369.0,363.0,378.0,363.0,1146,stock
2014-10-09,SHINE,363.0,366.0,372.0,362.0,6094,stock
2014-10-12,SHINE,366.0,360.0,366.0,360.0,130,stock
2014-10-13,SHINE,360.0,360.0,361.0,360.0,882,stock
2014-10-14,SHINE,360.0,342.0,360.0,342.0,592,stock
2014-10-15,SHINE,342.0,355.0,360.0,343.0,870,stock
2014-10-16,SHINE,355.0,359.0,359.0,349.0,3513,stock
2014-10-19,SHINE,359.0,365.0,365.0,352.0,1003,stock
2014-10-20,SHINE,365.0,368.0,368.0,360.0,1187,stock
2014-10-21,SHINE,368.0,368.0,368.0,356.0,4522,stock
2014-10-22,SHINE,368.0,365.0,365.0,358.0,295,stock
2014-10-26,SHINE,365.0,360.0,360.0,359.0,896,stock
2014-10-27,SHINE,360.0,355.0,360.0,350.0,1542,stock
2014-10-28,SHINE,355.0,356.0,363.0,348.0,1055,stock
2014-10-30,SHINE,356.0,362.0,363.0,352.0,1658,stock
2014-11-02,SHINE,362.0,366.0,372.0,355.0,4442,stock
2014-11-03,SHINE,366.0,357.0,364.0,357.0,3208,stock
2014-11-04,SHINE,357.0,353.0,363.0,349.0,10323,stock
2014-11-05,SHINE,353.0,371.0,371.0,349.0,5554,stock
2014-11-06,SHINE,371.0,378.0,378.0,366.0,10799,stock
2014-11-09,SHINE,344.0,351.0,355.0,340.0,726,stock
2014-11-10,SHINE,351.0,357.0,357.0,357.0,290,stock
2014-11-12,SHINE,357.0,345.0,350.0,345.0,525,stock
2014-11-19,SHINE,345.0,339.0,339.0,339.0,67,stock
2014-11-20,SHINE,339.0,336.0,336.0,336.0,169,stock
2014-11-24,SHINE,336.0,330.0,330.0,330.0,114,stock
2014-11-25,SHINE,330.0,328.0,328.0,327.0,186,stock
2014-12-03,SHINE,328.0,334.0,334.0,322.0,499,stock
2014-12-04,SHINE,334.0,328.0,334.0,328.0,77,stock
2014-12-07,SHINE,328.0,309.0,333.0,309.0,2934,stock
2014-12-08,SHINE,309.0,298.0,310.0,298.0,1778,stock
2014-12-09,SHINE,298.0,290.0,298.0,275.0,4712,stock
2014-12-10,SHINE,290.0,306.0,306.0,290.0,1597,stock
2014-12-11,SHINE,306.0,324.0,324.0,312.0,667,stock
2014-12-14,SHINE,324.0,325.0,325.0,321.0,400,stock
2014-12-15,SHINE,325.0,328.0,331.0,326.0,1126,stock
2014-12-16,SHINE,328.0,330.0,330.0,322.0,1396,stock
2014-12-17,SHINE,330.0,325.0,325.0,322.0,3114,stock
2014-12-18,SHINE,325.0,321.0,325.0,321.0,423,stock
2014-12-21,SHINE,321.0,311.0,315.0,311.0,551,stock
2014-12-22,SHINE,311.0,311.0,315.0,308.0,1641,stock
2014-12-23,SHINE,311.0,307.0,313.0,307.0,2443,stock
2014-12-24,SHINE,307.0,313.0,313.0,307.0,424,stock
2014-12-28,SHINE,313.0,322.0,322.0,316.0,112,stock
2015-01-01,SHINE,322.0,340.0,340.0,328.0,1109,stock
2015-01-04,SHINE,340.0,340.0,345.0,340.0,1162,stock
2015-01-05,SHINE,340.0,341.0,341.0,340.0,700,stock
2015-01-06,SHINE,341.0,335.0,335.0,335.0,168,stock
2015-01-07,SHINE,335.0,324.0,329.0,324.0,765,stock
2015-01-08,SHINE,324.0,327.0,330.0,326.0,695,stock
2015-01-11,SHINE,327.0,315.0,321.0,315.0,113,stock
2015-01-12,SHINE,315.0,327.0,327.0,321.0,502,stock
2015-01-13,SHINE,327.0,330.0,330.0,330.0,241,stock
2015-01-14,SHINE,330.0,336.0,336.0,336.0,12,stock
2015-01-18,SHINE,336.0,346.0,346.0,339.0,2271,stock
2015-01-19,SHINE,346.0,340.0,358.0,340.0,3609,stock
2015-01-20,SHINE,340.0,345.0,352.0,340.0,2026,stock
2015-01-22,SHINE,345.0,358.0,358.0,345.0,2002,stock
2015-01-25,SHINE,358.0,367.0,378.0,360.0,1061,stock
2015-01-26,SHINE,367.0,371.0,377.0,370.0,1207,stock
2015-01-27,SHINE,371.0,374.0,375.0,364.0,2792,stock
2015-01-28,SHINE,374.0,385.0,385.0,375.0,1861,stock
2015-01-29,SHINE,385.0,385.0,406.0,380.0,2399,stock
2015-02-01,SHINE,385.0,395.0,395.0,383.0,3335,stock
2015-02-02,SHINE,395.0,395.0,395.0,395.0,1100,stock
2015-02-03,SHINE,395.0,388.0,388.0,388.0,80,stock
2015-02-08,SHINE,388.0,390.0,390.0,390.0,185,stock
2015-02-09,SHINE,390.0,400.0,400.0,390.0,609,stock
2015-02-10,SHINE,400.0,380.0,392.0,380.0,1125,stock
2015-02-11,SHINE,380.0,394.0,394.0,368.0,6320,stock
2015-02-12,SHINE,394.0,380.0,387.0,380.0,302,stock
2015-02-15,SHINE,380.0,382.0,386.0,379.0,1651,stock
2015-02-16,SHINE,382.0,380.0,385.0,378.0,672,stock
2015-02-19,SHINE,380.0,373.0,373.0,373.0,235,stock
2015-02-22,SHINE,373.0,364.0,366.0,362.0,1012,stock
2015-02-23,SHINE,362.0,369.0,369.0,356.0,355,stock
2015-02-24,SHINE,369.0,363.0,363.0,363.0,92,stock
2015-02-25,SHINE,363.0,363.0,363.0,356.0,1598,stock
2015-03-01,SHINE,359.0,365.0,365.0,360.0,519,stock
2015-03-02,SHINE,365.0,361.0,366.0,351.0,838,stock
2015-03-03,SHINE,361.0,366.0,373.0,366.0,1577,stock
2015-03-04,SHINE,366.0,373.0,373.0,370.0,1134,stock
2015-03-09,SHINE,373.0,376.0,383.0,373.0,851,stock
2015-03-10,SHINE,376.0,376.0,380.0,376.0,49,stock
2015-03-11,SHINE,376.0,370.0,370.0,365.0,588,stock
2015-03-12,SHINE,370.0,370.0,375.0,370.0,2362,stock
2015-03-15,SHINE,370.0,370.0,370.0,365.0,251,stock
2015-03-16,SHINE,370.0,360.0,363.0,360.0,36,stock
2015-03-17,SHINE,360.0,367.0,367.0,367.0,226,stock
2015-03-18,SHINE,367.0,360.0,360.0,353.0,281,stock
2015-03-19,SHINE,360.0,355.0,355.0,355.0,467,stock
2015-03-22,SHINE,355.0,350.0,350.0,350.0,34,stock
2015-03-23,SHINE,350.0,345.0,345.0,340.0,667,stock
2015-03-24,SHINE,345.0,341.0,341.0,341.0,16,stock
2015-03-25,SHINE,341.0,341.0,341.0,341.0,76,stock
2015-03-26,SHINE,341.0,343.0,347.0,341.0,810,stock
2015-03-30,SHINE,343.0,340.0,343.0,340.0,1379,stock
2015-03-31,SHINE,340.0,349.0,349.0,346.0,257,stock
2015-04-02,SHINE,349.0,350.0,350.0,343.0,898,stock
2015-04-05,SHINE,350.0,356.0,356.0,344.0,200,stock
2015-04-06,SHINE,356.0,360.0,363.0,356.0,182,stock
2015-04-07,SHINE,360.0,360.0,360.0,360.0,76,stock
2015-04-08,SHINE,360.0,353.0,366.0,353.0,232,stock
2015-04-09,SHINE,353.0,352.0,353.0,347.0,586,stock
2015-04-12,SHINE,352.0,351.0,357.0,350.0,689,stock
2015-04-13,SHINE,351.0,348.0,355.0,348.0,2914,stock
2015-04-15,SHINE,348.0,348.0,348.0,345.0,447,stock
2015-04-16,SHINE,348.0,350.0,350.0,346.0,493,stock
2015-04-19,SHINE,350.0,347.0,347.0,343.0,613,stock
2015-04-20,SHINE,347.0,350.0,355.0,343.0,1607,stock
2015-04-21,SHINE,350.0,360.0,361.0,357.0,892,stock
2015-04-22,SHINE,360.0,354.0,354.0,352.0,285,stock
2015-04-23,SHINE,354.0,361.0,361.0,346.0,4845,stock
2015-05-28,SHINE,361.0,325.0,354.0,325.0,589,stock
2015-05-31,SHINE,325.0,331.0,331.0,318.0,1119,stock
2015-06-01,SHINE,331.0,335.0,337.0,326.0,2209,stock
2015-06-02,SHINE,336.0,335.0,335.0,331.0,368,stock
2015-06-03,SHINE,335.0,340.0,341.0,335.0,1942,stock
2015-06-04,SHINE,340.0,345.0,353.0,345.0,3048,stock
2015-06-07,SHINE,345.0,343.0,343.0,343.0,294,stock
2015-06-08,SHINE,343.0,360.0,360.0,341.0,3042,stock
2015-06-09,SHINE,360.0,370.0,377.0,367.0,1663,stock
2015-06-10,SHINE,370.0,360.0,363.0,355.0,457,stock
2015-06-11,SHINE,360.0,348.0,355.0,345.0,1096,stock
2015-06-14,SHINE,348.0,352.0,352.0,343.0,1094,stock
2015-06-15,SHINE,352.0,353.0,353.0,350.0,896,stock
2015-06-16,SHINE,353.0,350.0,350.0,347.0,217,stock
2015-06-17,SHINE,350.0,346.0,346.0,346.0,25,stock
2015-06-18,SHINE,346.0,336.0,341.0,334.0,4201,stock
2015-06-21,SHINE,336.0,330.0,330.0,330.0,300,stock
2015-06-22,SHINE,327.0,340.0,340.0,327.0,1334,stock
2015-06-23,SHINE,334.0,340.0,340.0,334.0,587,stock
2015-06-24,SHINE,341.0,352.0,352.0,341.0,508,stock
2015-06-25,SHINE,345.0,346.0,350.0,343.0,7636,stock
2015-06-28,SHINE,352.0,341.0,352.0,340.0,1638,stock
2015-06-29,SHINE,347.0,351.0,351.0,338.0,3183,stock
2015-06-30,SHINE,345.0,348.0,355.0,344.0,878,stock
2015-07-01,SHINE,344.0,338.0,344.0,337.0,2550,stock
2015-07-02,SHINE,338.0,348.0,350.0,338.0,1042,stock
2015-07-05,SHINE,350.0,343.0,350.0,343.0,406,stock
2015-07-06,SHINE,345.0,348.0,353.0,341.0,1040,stock
2015-07-07,SHINE,345.0,346.0,346.0,345.0,297,stock
2015-07-08,SHINE,352.0,351.0,355.0,345.0,3431,stock
2015-07-09,SHINE,354.0,348.0,355.0,348.0,2340,stock
2015-07-12,SHINE,350.0,354.0,354.0,350.0,758,stock
2015-07-13,SHINE,352.0,358.0,358.0,350.0,405,stock
2015-07-14,SHINE,358.0,360.0,360.0,358.0,1945,stock
2015-07-15,SHINE,366.0,363.0,366.0,363.0,481,stock
2015-07-16,SHINE,363.0,360.0,360.0,360.0,829,stock
2015-07-22,SHINE,360.0,380.0,386.0,360.0,6712,stock
2015-07-23,SHINE,380.0,389.0,389.0,375.0,5146,stock
2015-07-26,SHINE,389.0,403.0,403.0,396.0,170,stock
2015-07-27,SHINE,403.0,398.0,411.0,381.0,2461,stock
2015-07-28,SHINE,398.0,391.0,391.0,391.0,261,stock
2015-07-29,SHINE,391.0,381.0,397.0,381.0,274,stock
2015-07-30,SHINE,381.0,375.0,385.0,370.0,4226,stock
2015-08-02,SHINE,375.0,390.0,395.0,382.0,4186,stock
2015-08-03,SHINE,390.0,392.0,392.0,384.0,9851,stock
2015-08-04,SHINE,392.0,413.0,413.0,386.0,9534,stock
2015-08-05,SHINE,413.0,397.0,405.0,395.0,1332,stock
2015-08-06,SHINE,402.0,399.0,404.0,396.0,3347,stock
2015-08-09,SHINE,399.0,401.0,406.0,398.0,3849,stock
2015-08-10,SHINE,401.0,397.0,400.0,392.0,10372,stock
2015-08-11,SHINE,397.0,390.0,394.0,384.0,1460,stock
2015-08-12,SHINE,384.0,387.0,387.0,378.0,912,stock
2015-08-13,SHINE,383.0,381.0,390.0,376.0,4037,stock
2015-08-16,SHINE,374.0,373.0,380.0,370.0,1577,stock
2015-08-23,SHINE,380.0,380.0,380.0,380.0,55,stock
2015-08-24,SHINE,387.0,418.0,418.0,387.0,266,stock
2015-08-25,SHINE,426.0,426.0,434.0,426.0,260,stock
2015-08-26,SHINE,421.0,428.0,429.0,421.0,1111,stock
2015-08-27,SHINE,436.0,436.0,452.0,436.0,793,stock
2015-08-31,SHINE,444.0,479.0,479.0,444.0,2464,stock
2015-09-01,SHINE,479.0,525.0,525.0,483.0,12945,stock
2015-09-02,SHINE,525.0,525.0,545.0,510.0,7587,stock
2015-09-03,SHINE,535.0,510.0,535.0,505.0,1783,stock
2015-09-06,SHINE,500.0,491.0,500.0,489.0,3284,stock
2015-09-07,SHINE,500.0,495.0,500.0,495.0,954,stock
2015-09-08,SHINE,490.0,500.0,500.0,490.0,2004,stock
2015-09-09,SHINE,495.0,504.0,504.0,495.0,510,stock
2015-09-10,SHINE,513.0,510.0,514.0,504.0,1173,stock
2015-09-13,SHINE,515.0,512.0,515.0,505.0,1736,stock
2015-09-14,SHINE,505.0,502.0,510.0,496.0,5416,stock
2015-09-15,SHINE,500.0,510.0,520.0,500.0,3074,stock
2015-09-16,SHINE,505.0,495.0,505.0,495.0,1054,stock
2015-09-17,SHINE,494.0,500.0,504.0,494.0,1425,stock
2015-09-22,SHINE,494.0,494.0,494.0,494.0,500,stock
2015-09-23,SHINE,490.0,495.0,495.0,481.0,463,stock
2015-09-24,SHINE,486.0,477.0,486.0,477.0,992,stock
2015-09-30,SHINE,468.0,468.0,468.0,459.0,1032,stock
2015-10-01,SHINE,472.0,485.0,485.0,468.0,1782,stock
2015-10-04,SHINE,494.0,494.0,503.0,492.0,3119,stock
2015-10-05,SHINE,490.0,485.0,490.0,485.0,1000,stock
2015-10-06,SHINE,485.0,493.0,493.0,476.0,1056,stock
2015-10-07,SHINE,492.0,492.0,492.0,492.0,500,stock
2015-10-08,SHINE,483.0,483.0,483.0,483.0,329,stock
2016-08-24,SHINE,380.0,417.0,417.0,387.0,496,stock
2016-08-28,SHINE,425.0,457.0,457.0,425.0,50,stock
2016-08-29,SHINE,466.0,502.0,502.0,466.0,400,stock
2016-08-30,SHINE,512.0,552.0,552.0,512.0,109,stock
2016-08-31,SHINE,563.0,607.0,607.0,563.0,1646,stock
2016-09-01,SHINE,619.0,667.0,667.0,619.0,45255,stock
2016-09-04,SHINE,660.0,681.0,695.0,656.0,16622,stock
2016-09-05,SHINE,680.0,681.0,688.0,680.0,7857,stock
2016-09-06,SHINE,680.0,675.0,690.0,671.0,16229,stock
2016-09-07,SHINE,674.0,674.0,675.0,668.0,5065,stock
2016-09-08,SHINE,670.0,670.0,670.0,661.0,2751,stock
2016-09-11,SHINE,683.0,675.0,683.0,670.0,3322,stock
2016-09-12,SHINE,674.0,670.0,676.0,666.0,3657,stock
2016-09-14,SHINE,661.0,670.0,670.0,655.0,5937,stock
2016-09-18,SHINE,674.0,658.0,674.0,655.0,2195,stock
2016-09-20,SHINE,646.0,650.0,650.0,638.0,2303,stock
2016-09-21,SHINE,637.0,633.0,640.0,630.0,5449,stock
2016-09-22,SHINE,640.0,640.0,674.0,640.0,5788,stock
2016-09-25,SHINE,640.0,640.0,674.0,640.0,5788,stock
2016-09-26,SHINE,625.0,635.0,647.0,625.0,2576,stock
2016-09-27,SHINE,635.0,620.0,635.0,615.0,3861,stock
2016-09-28,SHINE,615.0,611.0,619.0,603.0,7125,stock
2016-09-29,SHINE,615.0,611.0,619.0,610.0,5436,stock
2016-10-02,SHINE,622.0,630.0,635.0,616.0,1801,stock
2016-10-03,SHINE,633.0,630.0,638.0,620.0,808,stock
2016-10-04,SHINE,626.0,640.0,640.0,626.0,456,stock
2016-10-05,SHINE,630.0,630.0,630.0,630.0,428,stock
2016-10-06,SHINE,642.0,643.0,650.0,637.0,1473,stock
2016-10-17,SHINE,631.0,640.0,640.0,631.0,62,stock
2016-10-18,SHINE,628.0,628.0,639.0,628.0,122,stock
2016-10-19,SHINE,627.0,621.0,627.0,621.0,1027,stock
2016-10-20,SHINE,615.0,618.0,620.0,615.0,518,stock
2016-10-23,SHINE,615.0,623.0,630.0,615.0,3458,stock
2016-10-24,SHINE,633.0,630.0,633.0,625.0,970,stock
2016-10-25,SHINE,619.0,615.0,619.0,606.0,1497,stock
2016-10-26,SHINE,610.0,610.0,615.0,610.0,2256,stock
2016-10-27,SHINE,602.0,614.0,615.0,600.0,3699,stock
2016-11-03,SHINE,614.0,626.0,626.0,613.0,918,stock
2016-11-07,SHINE,625.0,615.0,626.0,615.0,808,stock
2016-11-08,SHINE,615.0,601.0,615.0,600.0,6347,stock
2016-11-09,SHINE,589.0,601.0,601.0,589.0,1674,stock
2016-11-10,SHINE,610.0,589.0,610.0,589.0,2016,stock
2016-11-13,SHINE,595.0,595.0,600.0,595.0,1014,stock
2016-11-14,SHINE,585.0,592.0,603.0,585.0,2646,stock
2016-11-15,SHINE,586.0,586.0,586.0,573.0,1512,stock
2016-11-16,SHINE,586.0,586.0,586.0,580.0,602,stock
2016-11-17,SHINE,575.0,555.0,575.0,555.0,1828,stock
2016-11-20,SHINE,555.0,541.0,555.0,540.0,1574,stock
2016-11-21,SHINE,530.0,528.0,540.0,522.0,4699,stock
2016-11-22,SHINE,527.0,515.0,527.0,505.0,8533,stock
2016-11-23,SHINE,505.0,486.0,510.0,485.0,16074,stock
2016-11-24,SHINE,494.0,482.0,495.0,482.0,5199,stock
2016-11-27,SHINE,485.0,473.0,488.0,473.0,4775,stock
2016-11-28,SHINE,465.0,490.0,500.0,439.0,5237,stock
2016-11-29,SHINE,499.0,505.0,510.0,491.0,7551,stock
2016-11-30,SHINE,398.0,405.0,417.0,391.0,7872,stock
2016-12-01,SHINE,397.0,402.0,408.0,397.0,2250,stock
2016-12-04,SHINE,395.0,395.0,395.0,395.0,300,stock
2016-12-05,SHINE,388.0,388.0,388.0,388.0,20,stock
2016-12-06,SHINE,388.0,377.0,390.0,370.0,6427,stock
2016-12-07,SHINE,377.0,374.0,384.0,370.0,1120,stock
2016-12-08,SHINE,370.0,362.0,370.0,361.0,2537,stock
2016-12-11,SHINE,356.0,360.0,360.0,354.0,3052,stock
2016-12-12,SHINE,353.0,347.0,359.0,340.0,6199,stock
2016-12-14,SHINE,350.0,346.0,350.0,330.0,5856,stock
2016-12-15,SHINE,340.0,352.0,352.0,340.0,1668,stock
2016-12-18,SHINE,351.0,366.0,366.0,351.0,2411,stock
2016-12-19,SHINE,367.0,355.0,368.0,355.0,590,stock
2016-12-20,SHINE,350.0,352.0,355.0,350.0,3441,stock
2016-12-21,SHINE,348.0,347.0,352.0,346.0,662,stock
2016-12-22,SHINE,345.0,347.0,347.0,345.0,519,stock
2016-12-26,SHINE,353.0,340.0,353.0,339.0,3584,stock
2016-12-27,SHINE,334.0,341.0,341.0,334.0,3945,stock
2016-12-28,SHINE,335.0,340.0,340.0,335.0,605,stock
2016-12-29,SHINE,341.0,341.0,341.0,341.0,150,stock
2017-01-01,SHINE,336.0,362.0,368.0,336.0,2329,stock
2017-01-02,SHINE,362.0,360.0,369.0,353.0,4287,stock
2017-01-03,SHINE,360.0,354.0,362.0,354.0,1759,stock
2017-01-04,SHINE,350.0,357.0,357.0,350.0,490,stock
2017-01-05,SHINE,358.0,358.0,358.0,358.0,59,stock
2017-01-08,SHINE,360.0,353.0,360.0,353.0,598,stock
2017-01-09,SHINE,346.0,344.0,350.0,340.0,3896,stock
2017-01-10,SHINE,345.0,345.0,345.0,344.0,523,stock
2017-01-11,SHINE,340.0,340.0,340.0,339.0,635,stock
2017-01-12,SHINE,335.0,332.0,335.0,332.0,1056,stock
2017-01-16,SHINE,332.0,338.0,340.0,332.0,534,stock
2017-01-17,SHINE,340.0,357.0,357.0,340.0,663,stock
2017-01-18,SHINE,355.0,350.0,355.0,350.0,504,stock
2017-01-19,SHINE,345.0,351.0,351.0,345.0,98,stock
2017-01-22,SHINE,345.0,342.0,346.0,339.0,1001,stock
2017-01-23,SHINE,345.0,341.0,345.0,341.0,1315,stock
2017-01-24,SHINE,347.0,340.0,345.0,340.0,350,stock
2017-01-25,SHINE,335.0,330.0,335.0,330.0,2617,stock
2017-01-26,SHINE,324.0,327.0,327.0,322.0,1840,stock
2017-01-30,SHINE,330.0,316.0,330.0,316.0,2340,stock
2017-01-31,SHINE,316.0,318.0,321.0,316.0,1776,stock
2017-02-01,SHINE,324.0,336.0,336.0,324.0,310,stock
2017-02-02,SHINE,342.0,360.0,360.0,342.0,640,stock
2017-02-05,SHINE,367.0,360.0,367.0,360.0,84,stock
2017-02-06,SHINE,367.0,357.0,367.0,354.0,1386,stock
2017-02-07,SHINE,350.0,345.0,350.0,345.0,330,stock
2017-02-08,SHINE,342.0,328.0,342.0,328.0,1427,stock
2017-02-09,SHINE,325.0,320.0,333.0,320.0,1641,stock
2017-02-12,SHINE,320.0,305.0,320.0,299.0,1843,stock
2017-02-13,SHINE,300.0,309.0,309.0,298.0,1400,stock
2017-02-14,SHINE,311.0,311.0,311.0,310.0,250,stock
2017-02-15,SHINE,316.0,334.0,334.0,316.0,140,stock
2017-02-16,SHINE,340.0,344.0,344.0,340.0,514,stock
2017-02-19,SHINE,350.0,359.0,360.0,346.0,2189,stock
2017-02-20,SHINE,360.0,349.0,360.0,349.0,870,stock
2017-02-21,SHINE,355.0,348.0,355.0,348.0,220,stock
2017-02-22,SHINE,352.0,352.0,352.0,352.0,69,stock
2017-02-23,SHINE,345.0,351.0,351.0,345.0,318,stock
2017-02-26,SHINE,349.0,349.0,349.0,349.0,200,stock
2017-02-28,SHINE,343.0,331.0,343.0,331.0,552,stock
2017-03-01,SHINE,335.0,335.0,335.0,335.0,200,stock
2017-03-02,SHINE,334.0,330.0,334.0,330.0,236,stock
2017-03-05,SHINE,330.0,341.0,341.0,330.0,923,stock
2017-03-06,SHINE,345.0,346.0,346.0,340.0,220,stock
2017-03-07,SHINE,346.0,334.0,346.0,334.0,338,stock
2017-03-09,SHINE,340.0,340.0,341.0,340.0,800,stock
2017-03-13,SHINE,334.0,350.0,350.0,334.0,680,stock
2017-03-14,SHINE,345.0,343.0,345.0,343.0,280,stock
2017-03-15,SHINE,345.0,345.0,345.0,345.0,100,stock
2017-03-16,SHINE,340.0,340.0,340.0,340.0,315,stock
2017-03-19,SHINE,340.0,345.0,345.0,339.0,2673,stock
2017-03-20,SHINE,340.0,359.0,359.0,340.0,542,stock
2017-03-21,SHINE,365.0,370.0,375.0,365.0,800,stock
2017-03-22,SHINE,382.0,399.0,406.0,380.0,1697,stock
2017-03-23,SHINE,400.0,403.0,405.0,385.0,4035,stock
2017-03-26,SHINE,410.0,415.0,424.0,410.0,2521,stock
2017-03-28,SHINE,415.0,439.0,439.0,410.0,4185,stock
2017-03-29,SHINE,439.0,423.0,439.0,423.0,2715,stock
2017-03-30,SHINE,423.0,405.0,420.0,398.0,1645,stock
2017-04-03,SHINE,413.0,421.0,445.0,413.0,2778,stock
2017-04-04,SHINE,415.0,415.0,425.0,399.0,8492,stock
2017-04-06,SHINE,415.0,408.0,410.0,408.0,394,stock
2017-04-09,SHINE,400.0,413.0,413.0,393.0,1889,stock
2017-04-10,SHINE,406.0,418.0,421.0,405.0,4022,stock
2017-04-11,SHINE,425.0,455.0,456.0,425.0,3626,stock
2017-04-12,SHINE,465.0,460.0,480.0,460.0,4456,stock
2017-04-13,SHINE,460.0,452.0,460.0,443.0,2500,stock
2017-04-16,SHINE,435.0,430.0,440.0,428.0,2010,stock
2017-04-18,SHINE,425.0,420.0,425.0,412.0,2193,stock
2017-04-19,SHINE,420.0,436.0,436.0,423.0,393,stock
2017-04-20,SHINE,430.0,430.0,430.0,422.0,1700,stock
2017-04-23,SHINE,430.0,438.0,438.0,430.0,380,stock
2017-04-24,SHINE,438.0,428.0,438.0,428.0,720,stock
2017-04-25,SHINE,436.0,430.0,436.0,422.0,4212,stock
2017-04-26,SHINE,432.0,425.0,432.0,420.0,1246,stock
2017-04-27,SHINE,425.0,433.0,438.0,425.0,10491,stock
2017-04-30,SHINE,425.0,468.0,469.0,425.0,9899,stock
2017-05-02,SHINE,471.0,465.0,475.0,459.0,4820,stock
2017-05-03,SHINE,478.0,475.0,487.0,466.0,5444,stock
2017-05-04,SHINE,475.0,463.0,475.0,460.0,3100,stock
2017-05-07,SHINE,456.0,451.0,458.0,451.0,7297,stock
2017-05-08,SHINE,451.0,450.0,460.0,449.0,2840,stock
2017-05-09,SHINE,450.0,464.0,464.0,454.0,989,stock
2017-05-11,SHINE,465.0,455.0,465.0,455.0,150,stock
2017-05-15,SHINE,460.0,455.0,460.0,451.0,1400,stock
2017-05-16,SHINE,447.0,448.0,451.0,447.0,4655,stock
2017-05-17,SHINE,448.0,447.0,459.0,441.0,1906,stock
2017-05-18,SHINE,441.0,460.0,460.0,440.0,2359,stock
2017-05-21,SHINE,451.0,455.0,460.0,451.0,3886,stock
2017-05-22,SHINE,453.0,454.0,455.0,446.0,8282,stock
2017-05-23,SHINE,455.0,449.0,455.0,441.0,5739,stock
2017-05-24,SHINE,449.0,458.0,458.0,441.0,4029,stock
2017-05-28,SHINE,450.0,445.0,455.0,439.0,7014,stock
2017-05-30,SHINE,445.0,435.0,445.0,430.0,3709,stock
2017-05-31,SHINE,435.0,447.0,451.0,425.0,2645,stock
2017-06-01,SHINE,445.0,440.0,445.0,438.0,450,stock
2017-06-04,SHINE,439.0,433.0,439.0,423.0,1827,stock
2017-06-05,SHINE,435.0,437.0,438.0,432.0,993,stock
2017-06-06,SHINE,445.0,445.0,449.0,441.0,2914,stock
2017-06-07,SHINE,440.0,440.0,441.0,440.0,407,stock
2017-06-08,SHINE,435.0,436.0,437.0,435.0,954,stock
2017-06-11,SHINE,436.0,426.0,436.0,423.0,1133,stock
2017-06-12,SHINE,422.0,425.0,426.0,410.0,3052,stock
2017-06-13,SHINE,417.0,424.0,425.0,417.0,577,stock
2017-06-14,SHINE,424.0,428.0,431.0,418.0,3274,stock
2017-06-15,SHINE,423.0,422.0,442.0,422.0,3786,stock
2017-06-18,SHINE,422.0,430.0,430.0,422.0,1107,stock
2017-06-19,SHINE,430.0,415.0,430.0,409.0,1233,stock
2017-06-20,SHINE,405.0,406.0,406.0,399.0,4744,stock
2017-06-21,SHINE,403.0,403.0,405.0,401.0,1292,stock
2017-06-22,SHINE,402.0,412.0,415.0,402.0,1172,stock
2017-06-25,SHINE,410.0,407.0,414.0,406.0,1403,stock
2017-06-27,SHINE,407.0,412.0,412.0,406.0,1396,stock
2017-06-28,SHINE,420.0,408.0,420.0,407.0,778,stock
2017-07-02,SHINE,410.0,400.0,410.0,400.0,3341,stock
2017-07-03,SHINE,408.0,416.0,416.0,404.0,269,stock
2017-07-04,SHINE,409.0,408.0,409.0,405.0,1205,stock
2017-07-05,SHINE,405.0,408.0,408.0,405.0,135,stock
2017-07-06,SHINE,414.0,430.0,430.0,408.0,1113,stock
2017-07-09,SHINE,430.0,417.0,432.0,417.0,2806,stock
2017-07-10,SHINE,410.0,417.0,420.0,409.0,551,stock
2017-07-11,SHINE,418.0,418.0,418.0,418.0,102,stock
2017-07-12,SHINE,418.0,422.0,422.0,418.0,310,stock
2017-07-13,SHINE,414.0,425.0,425.0,414.0,879,stock
2017-07-16,SHINE,430.0,423.0,435.0,418.0,2480,stock
2017-07-17,SHINE,416.0,428.0,428.0,416.0,319,stock
2017-07-18,SHINE,436.0,434.0,436.0,420.0,2229,stock
2017-07-19,SHINE,442.0,438.0,443.0,430.0,1396,stock
2017-07-20,SHINE,440.0,422.0,440.0,420.0,1373,stock
2017-07-23,SHINE,430.0,427.0,430.0,425.0,1564,stock
2017-07-24,SHINE,427.0,415.0,427.0,412.0,2188,stock
2017-07-25,SHINE,423.0,429.0,429.0,423.0,1222,stock
2017-07-26,SHINE,437.0,432.0,438.0,430.0,6434,stock
2017-07-27,SHINE,430.0,432.0,438.0,430.0,2771,stock
2017-07-30,SHINE,430.0,432.0,438.0,430.0,2796,stock
2017-07-31,SHINE,431.0,447.0,447.0,426.0,4161,stock
2017-08-01,SHINE,446.0,448.0,452.0,440.0,6449,stock
2017-08-02,SHINE,455.0,450.0,455.0,448.0,806,stock
2017-08-03,SHINE,450.0,441.0,450.0,441.0,642,stock
2017-08-06,SHINE,433.0,438.0,445.0,433.0,1404,stock
2017-08-07,SHINE,430.0,450.0,450.0,430.0,6237,stock
2017-08-09,SHINE,445.0,437.0,450.0,437.0,7732,stock
2017-08-10,SHINE,440.0,437.0,440.0,435.0,12046,stock
2017-08-13,SHINE,440.0,428.0,440.0,428.0,362,stock
2017-08-15,SHINE,425.0,423.0,429.0,421.0,13457,stock
2017-08-16,SHINE,428.0,421.0,436.0,420.0,1103,stock
2017-08-17,SHINE,422.0,415.0,422.0,415.0,12631,stock
2017-08-20,SHINE,410.0,412.0,415.0,408.0,10867,stock
2017-08-21,SHINE,409.0,416.0,430.0,409.0,15263,stock
2017-08-22,SHINE,413.0,425.0,432.0,413.0,2087,stock
2017-08-23,SHINE,422.0,422.0,424.0,420.0,1486,stock
2017-08-24,SHINE,422.0,430.0,430.0,422.0,1601,stock
2017-08-27,SHINE,430.0,423.0,428.0,422.0,1280,stock
2017-08-28,SHINE,415.0,415.0,423.0,414.0,1385,stock
2017-08-30,SHINE,415.0,417.0,423.0,410.0,2242,stock
2017-08-31,SHINE,417.0,413.0,414.0,410.0,311,stock
2017-09-04,SHINE,411.0,410.0,415.0,405.0,2631,stock
2017-09-06,SHINE,408.0,401.0,408.0,400.0,4702,stock
2017-09-07,SHINE,405.0,390.0,405.0,388.0,4697,stock
2017-09-10,SHINE,390.0,389.0,396.0,382.0,3329,stock
2017-09-11,SHINE,382.0,392.0,399.0,382.0,1974,stock
2017-09-12,SHINE,396.0,387.0,402.0,382.0,3299,stock
2017-09-13,SHINE,394.0,380.0,394.0,380.0,1950,stock
2017-09-14,SHINE,380.0,395.0,395.0,380.0,1549,stock
2017-09-17,SHINE,392.0,392.0,392.0,390.0,509,stock
2017-09-18,SHINE,390.0,395.0,402.0,390.0,1053,stock
2017-09-20,SHINE,402.0,415.0,416.0,402.0,4139,stock
2017-09-24,SHINE,416.0,416.0,419.0,415.0,1370,stock
2017-09-25,SHINE,410.0,412.0,414.0,410.0,626,stock
2017-09-26,SHINE,415.0,419.0,420.0,414.0,13403,stock
2017-10-04,SHINE,417.0,411.0,420.0,411.0,2273,stock
2017-10-08,SHINE,403.0,404.0,404.0,400.0,952,stock
2017-10-09,SHINE,402.0,406.0,410.0,402.0,1673,stock
2017-10-10,SHINE,407.0,405.0,415.0,405.0,1835,stock
2017-10-11,SHINE,400.0,407.0,409.0,400.0,2236,stock
2017-10-12,SHINE,410.0,410.0,410.0,406.0,2537,stock
2017-10-15,SHINE,404.0,405.0,405.0,400.0,633,stock
2017-10-16,SHINE,405.0,417.0,417.0,405.0,1511,stock
2017-10-17,SHINE,417.0,411.0,425.0,410.0,2435,stock
2017-10-18,SHINE,418.0,426.0,426.0,417.0,1814,stock
2017-10-22,SHINE,430.0,423.0,430.0,422.0,3160,stock
2017-10-23,SHINE,423.0,427.0,435.0,425.0,5528,stock
2017-10-24,SHINE,427.0,430.0,430.0,423.0,1173,stock
2017-10-25,SHINE,423.0,420.0,425.0,420.0,1616,stock
2017-10-29,SHINE,415.0,407.0,415.0,405.0,7810,stock
2017-10-30,SHINE,408.0,409.0,409.0,404.0,4098,stock
2017-10-31,SHINE,410.0,410.0,410.0,410.0,500,stock
2017-11-01,SHINE,405.0,405.0,412.0,405.0,4041,stock
2017-11-02,SHINE,402.0,410.0,410.0,402.0,1631,stock
2017-11-05,SHINE,405.0,401.0,405.0,400.0,1370,stock
2017-11-06,SHINE,401.0,395.0,402.0,395.0,3601,stock
2017-11-07,SHINE,402.0,397.0,402.0,397.0,1487,stock
2017-11-08,SHINE,397.0,383.0,397.0,383.0,1700,stock
2017-11-09,SHINE,390.0,390.0,397.0,390.0,326,stock
2017-11-12,SHINE,390.0,400.0,404.0,396.0,1771,stock
2017-11-13,SHINE,407.0,392.0,407.0,390.0,4808,stock
2017-11-14,SHINE,392.0,395.0,406.0,392.0,645,stock
2017-11-15,SHINE,402.0,401.0,402.0,400.0,119,stock
2017-11-16,SHINE,395.0,395.0,395.0,393.0,659,stock
2017-11-19,SHINE,395.0,390.0,390.0,390.0,200,stock
2017-11-20,SHINE,390.0,390.0,390.0,385.0,158,stock
2017-11-21,SHINE,390.0,392.0,392.0,390.0,462,stock
2017-11-22,SHINE,390.0,391.0,392.0,390.0,1463,stock
2017-11-23,SHINE,391.0,407.0,407.0,390.0,1759,stock
2017-11-26,SHINE,407.0,431.0,431.0,411.0,5888,stock
2017-11-27,SHINE,423.0,410.0,423.0,409.0,10338,stock
2017-11-28,SHINE,407.0,417.0,417.0,407.0,1913,stock
2017-11-29,SHINE,417.0,410.0,423.0,410.0,7018,stock
2017-11-30,SHINE,410.0,410.0,410.0,406.0,1986,stock
2017-12-04,SHINE,418.0,408.0,426.0,408.0,573,stock
2017-12-05,SHINE,410.0,409.0,413.0,406.0,1492,stock
2017-12-06,SHINE,414.0,412.0,414.0,410.0,1030,stock
2017-12-10,SHINE,420.0,420.0,420.0,420.0,50,stock
2017-12-11,SHINE,412.0,418.0,418.0,410.0,2770,stock
2017-12-12,SHINE,412.0,407.0,412.0,407.0,1993,stock
2017-12-13,SHINE,410.0,410.0,410.0,404.0,2599,stock
2017-12-14,SHINE,405.0,404.0,405.0,404.0,756,stock
2017-12-17,SHINE,413.0,410.0,413.0,405.0,2474,stock
2017-12-18,SHINE,418.0,404.0,418.0,402.0,686,stock
2017-12-19,SHINE,412.0,404.0,420.0,410.0,591,stock
2017-12-20,SHINE,404.0,404.0,404.0,401.0,1820,stock
2017-12-21,SHINE,400.0,400.0,401.0,395.0,2854,stock
2017-12-24,SHINE,399.0,391.0,400.0,391.0,5533,stock
2017-12-26,SHINE,313.0,301.0,307.0,296.0,3271,stock
2017-12-27,SHINE,295.0,298.0,303.0,290.0,1388,stock
2017-12-28,SHINE,303.0,299.0,303.0,296.0,1041,stock
2017-12-31,SHINE,295.0,295.0,295.0,295.0,50,stock
2018-01-01,SHINE,295.0,309.0,309.0,295.0,1239,stock
2018-01-02,SHINE,309.0,298.0,309.0,297.0,579,stock
2018-01-03,SHINE,295.0,302.0,302.0,295.0,580,stock
2018-01-04,SHINE,301.0,299.0,301.0,296.0,994,stock
2018-01-07,SHINE,295.0,295.0,296.0,295.0,2350,stock
2018-01-08,SHINE,297.0,302.0,302.0,297.0,669,stock
2018-01-09,SHINE,302.0,307.0,307.0,301.0,756,stock
2018-01-10,SHINE,303.0,304.0,310.0,303.0,2635,stock
2018-01-14,SHINE,298.0,300.0,301.0,298.0,495,stock
2018-01-16,SHINE,305.0,292.0,303.0,292.0,1032,stock
2018-01-17,SHINE,294.0,294.0,294.0,294.0,380,stock
2018-01-21,SHINE,295.0,296.0,300.0,295.0,1953,stock
2018-01-22,SHINE,295.0,300.0,300.0,295.0,115,stock
2018-01-23,SHINE,297.0,292.0,299.0,292.0,658,stock
2018-01-24,SHINE,295.0,290.0,295.0,286.0,3058,stock
2018-01-25,SHINE,289.0,290.0,306.0,289.0,1035,stock
2018-01-28,SHINE,292.0,291.0,295.0,291.0,2427,stock
2018-01-29,SHINE,295.0,291.0,295.0,291.0,118,stock
2018-01-31,SHINE,291.0,291.0,291.0,291.0,374,stock
2018-02-01,SHINE,291.0,291.0,291.0,291.0,149,stock
2018-02-04,SHINE,295.0,295.0,296.0,294.0,1526,stock
2018-02-05,SHINE,295.0,293.0,300.0,292.0,3330,stock
2018-02-06,SHINE,292.0,292.0,292.0,292.0,370,stock
2018-02-07,SHINE,297.0,295.0,297.0,295.0,240,stock
2018-02-08,SHINE,296.0,300.0,300.0,296.0,5744,stock
2018-02-11,SHINE,300.0,294.0,300.0,294.0,7697,stock
2018-02-12,SHINE,291.0,299.0,299.0,291.0,3268,stock
2018-02-14,SHINE,295.0,296.0,296.0,293.0,1863,stock
2018-02-15,SHINE,300.0,310.0,310.0,295.0,3305,stock
2018-02-18,SHINE,310.0,300.0,316.0,299.0,7881,stock
2018-02-20,SHINE,296.0,291.0,296.0,290.0,9040,stock
2018-02-21,SHINE,292.0,295.0,296.0,290.0,957,stock
2018-02-22,SHINE,290.0,291.0,295.0,290.0,306,stock
2018-02-25,SHINE,293.0,290.0,293.0,288.0,2161,stock
2018-02-26,SHINE,289.0,286.0,289.0,285.0,708,stock
2018-02-27,SHINE,282.0,290.0,290.0,282.0,374,stock
2018-02-28,SHINE,285.0,287.0,290.0,285.0,611,stock
2018-03-04,SHINE,282.0,279.0,285.0,275.0,1810,stock
2018-03-05,SHINE,280.0,270.0,280.0,265.0,2823,stock
2018-03-06,SHINE,266.0,280.0,280.0,263.0,2642,stock
2018-03-07,SHINE,285.0,290.0,290.0,282.0,3120,stock
2018-03-11,SHINE,290.0,282.0,285.0,280.0,1190,stock
2018-03-12,SHINE,282.0,270.0,280.0,270.0,4367,stock
2018-03-13,SHINE,275.0,275.0,275.0,275.0,900,stock
2018-03-14,SHINE,276.0,275.0,276.0,273.0,1185,stock
2018-03-15,SHINE,275.0,275.0,275.0,275.0,200,stock
2018-03-18,SHINE,274.0,272.0,274.0,271.0,441,stock
2018-03-19,SHINE,277.0,275.0,282.0,275.0,726,stock
2018-03-20,SHINE,271.0,271.0,272.0,271.0,325,stock
2018-03-21,SHINE,270.0,271.0,271.0,270.0,2469,stock
2018-03-22,SHINE,270.0,269.0,275.0,265.0,1784,stock
2018-03-26,SHINE,260.0,259.0,260.0,250.0,2966,stock
2018-03-27,SHINE,258.0,259.0,259.0,258.0,250,stock
2018-03-28,SHINE,264.0,265.0,270.0,264.0,1537,stock
2018-03-29,SHINE,270.0,270.0,275.0,265.0,1770,stock
2018-04-01,SHINE,269.0,268.0,270.0,265.0,1525,stock
2018-04-02,SHINE,265.0,260.0,265.0,260.0,400,stock
2018-04-03,SHINE,260.0,265.0,265.0,260.0,7018,stock
2018-04-04,SHINE,270.0,270.0,270.0,265.0,1642,stock
2018-04-05,SHINE,275.0,280.0,280.0,275.0,2905,stock
2018-04-08,SHINE,275.0,285.0,285.0,275.0,11306,stock
2018-04-09,SHINE,280.0,290.0,294.0,280.0,1681,stock
2018-04-10,SHINE,285.0,276.0,285.0,275.0,890,stock
2018-04-11,SHINE,280.0,267.0,280.0,265.0,1717,stock
2018-04-12,SHINE,270.0,276.0,280.0,270.0,1363,stock
2018-04-15,SHINE,280.0,272.0,275.0,270.0,1005,stock
2018-04-16,SHINE,273.0,275.0,279.0,269.0,478,stock
2018-04-17,SHINE,274.0,284.0,284.0,279.0,360,stock
2018-04-18,SHINE,284.0,312.0,312.0,281.0,9635,stock
2018-04-19,SHINE,318.0,306.0,318.0,304.0,12119,stock
2018-04-22,SHINE,306.0,320.0,324.0,312.0,5400,stock
2018-04-23,SHINE,326.0,315.0,326.0,308.0,10070,stock
2018-04-24,SHINE,311.0,310.0,315.0,305.0,2101,stock
2018-04-25,SHINE,307.0,310.0,313.0,307.0,2926,stock
2018-04-26,SHINE,307.0,307.0,307.0,306.0,4193,stock
2018-04-29,SHINE,305.0,307.0,310.0,305.0,1606,stock
2018-05-02,SHINE,307.0,302.0,307.0,302.0,58,stock
2018-05-03,SHINE,308.0,310.0,314.0,308.0,3128,stock
2018-05-06,SHINE,309.0,306.0,309.0,306.0,2003,stock
2018-05-07,SHINE,301.0,302.0,304.0,301.0,2209,stock
2018-05-08,SHINE,305.0,309.0,315.0,305.0,378,stock
2018-05-09,SHINE,309.0,303.0,305.0,303.0,450,stock
2018-05-10,SHINE,303.0,301.0,302.0,301.0,294,stock
2018-05-14,SHINE,298.0,298.0,298.0,298.0,100,stock
2018-05-16,SHINE,300.0,300.0,300.0,300.0,130,stock
2018-05-17,SHINE,306.0,307.0,307.0,304.0,740,stock
2018-05-20,SHINE,305.0,302.0,305.0,299.0,3690,stock
2018-05-21,SHINE,297.0,300.0,300.0,295.0,685,stock
2018-05-22,SHINE,295.0,295.0,295.0,295.0,17,stock
2018-05-23,SHINE,292.0,290.0,292.0,290.0,907,stock
2018-05-24,SHINE,290.0,292.0,292.0,292.0,100,stock
2018-05-27,SHINE,292.0,290.0,292.0,290.0,599,stock
2018-05-28,SHINE,290.0,302.0,302.0,295.0,1077,stock
2018-05-29,SHINE,297.0,300.0,305.0,296.0,3562,stock
2018-05-30,SHINE,300.0,297.0,300.0,296.0,1075,stock
2018-05-31,SHINE,297.0,296.0,297.0,296.0,1304,stock
2018-06-03,SHINE,301.0,293.0,301.0,293.0,452,stock
2018-06-04,SHINE,295.0,290.0,295.0,290.0,410,stock
2018-06-06,SHINE,288.0,290.0,290.0,288.0,1243,stock
2018-06-07,SHINE,288.0,290.0,290.0,288.0,1243,stock
2018-06-10,SHINE,285.0,281.0,285.0,280.0,492,stock
2018-06-11,SHINE,278.0,276.0,283.0,276.0,2733,stock
2018-06-12,SHINE,281.0,272.0,281.0,275.0,2316,stock
2018-06-13,SHINE,275.0,285.0,285.0,275.0,461,stock
2018-06-14,SHINE,290.0,295.0,295.0,280.0,4695,stock
2018-06-17,SHINE,295.0,295.0,295.0,295.0,57,stock
2018-06-18,SHINE,290.0,285.0,290.0,285.0,118,stock
2018-06-19,SHINE,284.0,280.0,284.0,280.0,414,stock
2018-06-20,SHINE,280.0,270.0,280.0,270.0,1016,stock
2018-06-21,SHINE,270.0,271.0,275.0,270.0,1706,stock
2018-06-24,SHINE,273.0,269.0,274.0,268.0,2984,stock
2018-06-25,SHINE,268.0,269.0,270.0,266.0,565,stock
2018-06-26,SHINE,267.0,266.0,270.0,266.0,563,stock
2018-06-27,SHINE,270.0,270.0,270.0,270.0,301,stock
2018-06-28,SHINE,270.0,275.0,275.0,268.0,482,stock
2018-07-01,SHINE,275.0,270.0,275.0,270.0,430,stock
2018-07-02,SHINE,279.0,273.0,280.0,272.0,2252,stock
2018-07-03,SHINE,269.0,272.0,272.0,267.0,1402,stock
2018-07-04,SHINE,269.0,275.0,275.0,269.0,315,stock
2018-07-05,SHINE,270.0,280.0,280.0,270.0,5772,stock
2018-07-08,SHINE,282.0,285.0,285.0,270.0,2045,stock
2018-07-09,SHINE,280.0,266.0,280.0,266.0,1958,stock
2018-07-10,SHINE,264.0,273.0,278.0,264.0,819,stock
2018-07-11,SHINE,275.0,280.0,280.0,275.0,75,stock
2018-07-12,SHINE,279.0,275.0,280.0,275.0,1213,stock
2018-07-15,SHINE,277.0,270.0,277.0,270.0,269,stock
2018-07-16,SHINE,268.0,271.0,271.0,268.0,22,stock
2018-07-17,SHINE,270.0,270.0,270.0,270.0,82,stock
2018-07-18,SHINE,272.0,272.0,272.0,270.0,123,stock
2018-07-19,SHINE,268.0,269.0,270.0,265.0,839,stock
2018-07-22,SHINE,270.0,270.0,270.0,270.0,971,stock
2018-07-23,SHINE,267.0,276.0,276.0,267.0,643,stock
2018-07-24,SHINE,272.0,272.0,280.0,272.0,2218,stock
2018-07-25,SHINE,270.0,278.0,280.0,270.0,2716,stock
2018-07-26,SHINE,273.0,275.0,275.0,273.0,511,stock
2018-07-29,SHINE,280.0,275.0,280.0,275.0,314,stock
2018-07-30,SHINE,275.0,279.0,279.0,275.0,219,stock
2018-07-31,SHINE,280.0,279.0,280.0,275.0,1295,stock
2018-08-01,SHINE,275.0,275.0,280.0,275.0,1204,stock
2018-08-02,SHINE,279.0,273.0,280.0,272.0,2252,stock
2018-08-05,SHINE,273.0,277.0,277.0,273.0,2632,stock
2018-08-06,SHINE,276.0,274.0,276.0,274.0,700,stock
2018-08-07,SHINE,274.0,270.0,274.0,270.0,1402,stock
2018-08-08,SHINE,270.0,268.0,271.0,268.0,4064,stock
2018-08-09,SHINE,264.0,270.0,270.0,264.0,1762,stock
2018-08-12,SHINE,273.0,266.0,273.0,266.0,680,stock
2018-08-13,SHINE,270.0,270.0,270.0,268.0,767,stock
2018-08-14,SHINE,275.0,274.0,275.0,270.0,3547,stock
2018-08-15,SHINE,280.0,285.0,285.0,275.0,11293,stock
2018-08-16,SHINE,284.0,285.0,285.0,280.0,1538,stock
2018-08-19,SHINE,280.0,275.0,280.0,272.0,3800,stock
2018-08-20,SHINE,276.0,272.0,276.0,272.0,1448,stock
2018-08-21,SHINE,270.0,270.0,270.0,270.0,1000,stock
2018-08-22,SHINE,271.0,275.0,276.0,270.0,542,stock
2018-08-23,SHINE,275.0,275.0,275.0,275.0,44,stock
2018-08-26,SHINE,271.0,270.0,275.0,270.0,2200,stock
2018-08-28,SHINE,268.0,270.0,270.0,268.0,204,stock
2018-08-29,SHINE,266.0,270.0,270.0,266.0,600,stock
2018-08-30,SHINE,275.0,281.0,285.0,275.0,9496,stock
2018-09-02,SHINE,286.0,281.0,288.0,280.0,2813,stock
2018-09-03,SHINE,285.0,289.0,295.0,284.0,4504,stock
2018-09-04,SHINE,290.0,285.0,290.0,285.0,1733,stock
2018-09-05,SHINE,285.0,289.0,289.0,285.0,4479,stock
2018-09-06,SHINE,289.0,286.0,290.0,284.0,18354,stock
2018-09-09,SHINE,287.0,285.0,287.0,285.0,5741,stock
2018-09-10,SHINE,285.0,280.0,285.0,280.0,8858,stock
2018-09-11,SHINE,285.0,280.0,285.0,277.0,8657,stock
2018-09-12,SHINE,275.0,284.0,285.0,275.0,11514,stock
2018-09-13,SHINE,283.0,286.0,293.0,283.0,9466,stock
2018-09-16,SHINE,283.0,293.0,293.0,283.0,5799,stock
2018-09-17,SHINE,291.0,292.0,292.0,289.0,4688,stock
2018-09-18,SHINE,291.0,291.0,291.0,290.0,1131,stock
2018-09-20,SHINE,288.0,290.0,293.0,288.0,1178,stock
2018-09-23,SHINE,294.0,290.0,294.0,289.0,2597,stock
2018-09-25,SHINE,295.0,308.0,308.0,292.0,3698,stock
2018-09-26,SHINE,310.0,301.0,310.0,301.0,3022,stock
2018-09-27,SHINE,305.0,300.0,305.0,298.0,2280,stock
2018-09-30,SHINE,300.0,297.0,300.0,295.0,5991,stock
2018-10-01,SHINE,294.0,290.0,298.0,286.0,9744,stock
2018-10-02,SHINE,246.0,235.0,244.0,234.0,1635,stock
2018-10-03,SHINE,233.0,237.0,240.0,233.0,561,stock
2018-10-04,SHINE,234.0,236.0,244.0,234.0,1842,stock
2018-10-07,SHINE,232.0,230.0,232.0,230.0,619,stock
2018-10-08,SHINE,234.0,232.0,234.0,232.0,832,stock
2018-10-09,SHINE,230.0,232.0,232.0,230.0,1527,stock
2018-10-10,SHINE,231.0,231.0,231.0,231.0,143,stock
2018-10-14,SHINE,235.0,235.0,235.0,235.0,293,stock
2018-10-21,SHINE,232.0,232.0,232.0,232.0,10,stock
2018-10-22,SHINE,230.0,232.0,232.0,230.0,450,stock
2018-10-23,SHINE,232.0,233.0,233.0,232.0,258,stock
2018-10-24,SHINE,233.0,235.0,235.0,233.0,1435,stock
2018-10-25,SHINE,232.0,232.0,232.0,232.0,63,stock
2018-10-28,SHINE,232.0,230.0,232.0,229.0,650,stock
2018-10-29,SHINE,225.0,221.0,228.0,221.0,1308,stock
2018-10-30,SHINE,225.0,229.0,229.0,225.0,613,stock
2018-10-31,SHINE,229.0,229.0,233.0,228.0,5788,stock
2018-11-01,SHINE,229.0,229.0,233.0,229.0,626,stock
2018-11-04,SHINE,233.0,236.0,236.0,232.0,2229,stock
2018-11-05,SHINE,240.0,239.0,243.0,239.0,580,stock
2018-11-14,SHINE,239.0,245.0,247.0,237.0,4645,stock
2018-11-15,SHINE,245.0,246.0,246.0,243.0,197,stock
2018-11-18,SHINE,246.0,244.0,246.0,242.0,3748,stock
2018-11-19,SHINE,244.0,240.0,244.0,240.0,4707,stock
2018-11-20,SHINE,242.0,238.0,246.0,238.0,696,stock
2018-11-21,SHINE,238.0,247.0,252.0,238.0,359,stock
2018-11-22,SHINE,247.0,244.0,249.0,244.0,700,stock
2018-11-25,SHINE,244.0,240.0,244.0,240.0,350,stock
2018-11-26,SHINE,240.0,238.0,240.0,238.0,1218,stock
2018-11-27,SHINE,238.0,232.0,238.0,232.0,3140,stock
2018-11-28,SHINE,232.0,230.0,232.0,230.0,392,stock
2018-11-29,SHINE,230.0,234.0,234.0,226.0,218,stock
2018-12-02,SHINE,234.0,234.0,237.0,233.0,922,stock
2018-12-03,SHINE,234.0,231.0,234.0,231.0,4923,stock
2018-12-04,SHINE,231.0,235.0,236.0,231.0,2230,stock
2018-12-06,SHINE,235.0,232.0,235.0,232.0,1150,stock
2018-12-09,SHINE,232.0,236.0,236.0,230.0,1449,stock
2018-12-10,SHINE,236.0,237.0,237.0,236.0,100,stock
2018-12-11,SHINE,237.0,235.0,238.0,235.0,1114,stock
2018-12-12,SHINE,235.0,245.0,245.0,235.0,1771,stock
2018-12-13,SHINE,245.0,242.0,245.0,240.0,180,stock
2018-12-16,SHINE,242.0,237.0,246.0,237.0,789,stock
2018-12-17,SHINE,237.0,233.0,237.0,233.0,135,stock
2018-12-19,SHINE,233.0,236.0,236.0,233.0,33,stock
2018-12-20,SHINE,236.0,237.0,241.0,236.0,2837,stock
2018-12-23,SHINE,237.0,245.0,245.0,237.0,3286,stock
2018-12-24,SHINE,245.0,248.0,250.0,245.0,3037,stock
2018-12-25,SHINE,248.0,247.0,249.0,246.0,5181,stock
2018-12-26,SHINE,247.0,250.0,252.0,247.0,2548,stock
2018-12-27,SHINE,250.0,256.0,259.0,250.0,2915,stock
2018-12-30,SHINE,256.0,256.0,256.0,253.0,1600,stock
2018-12-31,SHINE,256.0,252.0,256.0,252.0,1025,stock
2019-01-01,SHINE,252.0,251.0,252.0,249.0,736,stock
2019-01-02,SHINE,251.0,251.0,251.0,251.0,200,stock
2019-01-03,SHINE,251.0,240.0,251.0,240.0,2220,stock
2019-01-06,SHINE,240.0,235.0,240.0,233.0,6181,stock
2019-01-07,SHINE,235.0,241.0,243.0,235.0,538,stock
2019-01-08,SHINE,241.0,249.0,249.0,241.0,1495,stock
2019-01-09,SHINE,249.0,250.0,253.0,245.0,1215,stock
2019-01-10,SHINE,250.0,243.0,250.0,242.0,810,stock
2019-01-13,SHINE,243.0,236.0,243.0,236.0,1473,stock
2019-01-14,SHINE,236.0,239.0,242.0,236.0,706,stock
2019-01-15,SHINE,239.0,245.0,245.0,239.0,2876,stock
2019-01-16,SHINE,245.0,249.0,249.0,245.0,115,stock
2019-01-17,SHINE,249.0,250.0,250.0,245.0,1401,stock
2019-01-20,SHINE,250.0,245.0,250.0,245.0,200,stock
2019-01-21,SHINE,245.0,249.0,249.0,241.0,486,stock
2019-01-24,SHINE,249.0,246.0,253.0,246.0,3482,stock
2019-01-27,SHINE,246.0,247.0,250.0,246.0,1638,stock
2019-01-28,SHINE,247.0,250.0,250.0,247.0,778,stock
2019-01-29,SHINE,250.0,245.0,250.0,245.0,1652,stock
2019-01-30,SHINE,245.0,243.0,245.0,243.0,112,stock
2019-01-31,SHINE,243.0,247.0,247.0,243.0,10,stock
2019-02-03,SHINE,247.0,245.0,247.0,245.0,1620,stock
2019-02-04,SHINE,241.0,241.0,245.0,241.0,550,stock
2019-02-05,SHINE,245.0,249.0,249.0,241.0,769,stock
2019-02-06,SHINE,249.0,248.0,250.0,248.0,1946,stock
2019-02-07,SHINE,247.0,245.0,248.0,245.0,700,stock
2019-02-10,SHINE,243.0,237.0,245.0,237.0,2100,stock
2019-02-11,SHINE,236.0,244.0,244.0,236.0,632,stock
2019-02-12,SHINE,244.0,246.0,246.0,244.0,1027,stock
2019-02-13,SHINE,245.0,242.0,246.0,242.0,126,stock
2019-02-14,SHINE,240.0,238.0,242.0,236.0,1267,stock
2019-02-17,SHINE,241.0,243.0,243.0,238.0,499,stock
2019-02-18,SHINE,240.0,235.0,243.0,228.0,2906,stock
2019-02-19,SHINE,237.0,239.0,239.0,235.0,548,stock
2019-02-20,SHINE,241.0,237.0,241.0,237.0,432,stock
2019-02-21,SHINE,237.0,237.0,237.0,237.0,542,stock
2019-02-24,SHINE,238.0,242.0,242.0,235.0,3447,stock
2019-02-25,SHINE,238.0,246.0,246.0,238.0,2502,stock
2019-02-26,SHINE,243.0,242.0,246.0,238.0,1379,stock
2019-02-27,SHINE,238.0,243.0,243.0,238.0,596,stock
2019-03-03,SHINE,239.0,239.0,243.0,236.0,1205,stock
2019-03-05,SHINE,235.0,239.0,240.0,235.0,10325,stock
2019-03-06,SHINE,243.0,240.0,246.0,238.0,961,stock
2019-03-07,SHINE,239.0,240.0,241.0,236.0,5384,stock
2019-03-09,SHINE,244.0,240.0,244.0,236.0,1020,stock
2019-03-10,SHINE,244.0,240.0,244.0,236.0,1020,stock
2019-03-11,SHINE,239.0,239.0,241.0,236.0,3616,stock
2019-03-12,SHINE,240.0,239.0,241.0,239.0,2130,stock
2019-03-13,SHINE,237.0,239.0,240.0,237.0,480,stock
2019-03-17,SHINE,238.0,238.0,240.0,238.0,3852,stock
2019-03-18,SHINE,238.0,238.0,240.0,238.0,61827,stock
2019-03-19,SHINE,234.0,231.0,234.0,231.0,706,stock
2019-03-21,SHINE,235.0,237.0,238.0,230.0,24895,stock
2019-03-24,SHINE,235.0,233.0,235.0,233.0,1198,stock
2019-03-25,SHINE,233.0,232.0,235.0,232.0,1418,stock
2019-03-26,SHINE,231.0,232.0,235.0,231.0,951,stock
2019-03-27,SHINE,232.0,235.0,235.0,232.0,249,stock
2019-03-28,SHINE,231.0,234.0,234.0,231.0,61,stock
2019-03-31,SHINE,232.0,232.0,233.0,231.0,1148,stock
2019-04-01,SHINE,232.0,230.0,233.0,230.0,5127,stock
2019-04-02,SHINE,230.0,230.0,234.0,230.0,6500,stock
2019-04-03,SHINE,234.0,236.0,238.0,234.0,1568,stock
2019-04-04,SHINE,232.0,233.0,235.0,229.0,14004,stock
2019-04-07,SHINE,234.0,233.0,234.0,229.0,6516,stock
2019-04-08,SHINE,233.0,236.0,240.0,232.0,12708,stock
2019-04-09,SHINE,232.0,233.0,236.0,232.0,2049,stock
2019-04-10,SHINE,234.0,229.0,234.0,228.0,2238,stock
2019-04-11,SHINE,233.0,235.0,237.0,231.0,1768,stock
2019-04-15,SHINE,232.0,232.0,232.0,230.0,1700,stock
2019-04-16,SHINE,231.0,240.0,240.0,230.0,6310,stock
2019-04-17,SHINE,240.0,233.0,242.0,233.0,8852,stock
2019-04-18,SHINE,234.0,232.0,239.0,232.0,3524,stock
2019-04-21,SHINE,235.0,231.0,240.0,230.0,13614,stock
2019-04-22,SHINE,231.0,233.0,236.0,231.0,18507,stock
2019-04-23,SHINE,235.0,232.0,235.0,231.0,4661,stock
2019-04-24,SHINE,235.0,240.0,245.0,234.0,20237,stock
2019-04-25,SHINE,244.0,256.0,256.0,240.0,23497,stock
2019-04-28,SHINE,258.0,252.0,263.0,250.0,16243,stock
2019-04-29,SHINE,250.0,251.0,255.0,247.0,9690,stock
2019-04-30,SHINE,256.0,254.0,257.0,252.0,9988,stock
2019-05-02,SHINE,253.0,250.0,253.0,249.0,1981,stock
2019-05-05,SHINE,246.0,250.0,253.0,246.0,3838,stock
2019-05-06,SHINE,251.0,251.0,252.0,247.0,1720,stock
2019-05-07,SHINE,252.0,251.0,254.0,251.0,4137,stock
2019-05-08,SHINE,251.0,250.0,254.0,250.0,2213,stock
2019-05-09,SHINE,250.0,249.0,250.0,249.0,3266,stock
2019-05-12,SHINE,250.0,250.0,250.0,246.0,2194,stock
2019-05-13,SHINE,246.0,256.0,256.0,245.0,7730,stock
2019-05-14,SHINE,253.0,253.0,256.0,251.0,11752,stock
2019-05-15,SHINE,252.0,260.0,260.0,249.0,9613,stock
2019-05-16,SHINE,265.0,261.0,267.0,260.0,9515,stock
2019-05-19,SHINE,274.0,260.0,274.0,256.0,18094,stock
2019-05-20,SHINE,264.0,260.0,264.0,256.0,2930,stock
2019-05-21,SHINE,265.0,259.0,265.0,259.0,3100,stock
2019-05-22,SHINE,259.0,260.0,260.0,259.0,1165,stock
2019-05-23,SHINE,263.0,265.0,265.0,255.0,8065,stock
2019-05-26,SHINE,260.0,260.0,262.0,257.0,2682,stock
2019-05-27,SHINE,265.0,257.0,265.0,256.0,1782,stock
2019-05-28,SHINE,253.0,256.0,258.0,253.0,4909,stock
2019-05-29,SHINE,257.0,258.0,258.0,257.0,1516,stock
2019-05-30,SHINE,246.0,257.0,265.0,246.0,3890,stock
2019-06-02,SHINE,255.0,255.0,257.0,255.0,426,stock
2019-06-03,SHINE,257.0,255.0,257.0,252.0,2461,stock
2019-06-04,SHINE,252.0,259.0,259.0,252.0,1935,stock
2019-06-06,SHINE,254.0,255.0,255.0,254.0,188,stock
2019-06-10,SHINE,255.0,255.0,260.0,255.0,2841,stock
2019-06-11,SHINE,256.0,255.0,260.0,255.0,4016,stock
2019-06-12,SHINE,254.0,255.0,255.0,253.0,1729,stock
2019-06-13,SHINE,252.0,260.0,260.0,250.0,4927,stock
2019-06-16,SHINE,255.0,255.0,255.0,250.0,4043,stock
2019-06-17,SHINE,250.0,248.0,252.0,248.0,1157,stock
2019-06-18,SHINE,247.0,253.0,253.0,247.0,3740,stock
2019-06-19,SHINE,250.0,249.0,252.0,249.0,1063,stock
2019-06-20,SHINE,247.0,261.0,261.0,247.0,1868,stock
2019-06-23,SHINE,256.0,253.0,256.0,253.0,3596,stock
2019-06-24,SHINE,252.0,252.0,255.0,251.0,7379,stock
2019-06-25,SHINE,250.0,255.0,256.0,250.0,6658,stock
2019-06-26,SHINE,255.0,254.0,255.0,252.0,4858,stock
2019-06-27,SHINE,252.0,259.0,259.0,252.0,5548,stock
2019-06-30,SHINE,258.0,251.0,258.0,251.0,1106,stock
2019-07-01,SHINE,249.0,248.0,251.0,248.0,423,stock
2019-07-02,SHINE,251.0,253.0,255.0,251.0,3263,stock
2019-07-03,SHINE,255.0,255.0,256.0,253.0,9853,stock
2019-07-04,SHINE,255.0,254.0,256.0,253.0,8887,stock
2019-07-07,SHINE,250.0,254.0,254.0,250.0,3066,stock
2019-07-08,SHINE,250.0,252.0,252.0,249.0,2000,stock
2019-07-09,SHINE,250.0,253.0,253.0,248.0,907,stock
2019-07-10,SHINE,253.0,251.0,253.0,250.0,436,stock
2019-07-11,SHINE,251.0,251.0,252.0,249.0,12160,stock
2019-07-14,SHINE,252.0,249.0,253.0,249.0,7315,stock
2019-07-15,SHINE,247.0,252.0,252.0,247.0,3431,stock
2019-07-16,SHINE,264.0,252.0,264.0,252.0,331,stock
2019-07-17,SHINE,252.0,249.0,252.0,249.0,2904,stock
2019-07-18,SHINE,249.0,252.0,253.0,249.0,6321,stock
2019-07-21,SHINE,251.0,247.0,251.0,247.0,938,stock
2019-07-22,SHINE,251.0,250.0,252.0,250.0,908,stock
2019-07-23,SHINE,253.0,253.0,253.0,253.0,195,stock
2019-07-24,SHINE,258.0,256.0,258.0,256.0,910,stock
2019-07-25,SHINE,251.0,251.0,251.0,249.0,2279,stock
2019-07-28,SHINE,253.0,248.0,253.0,248.0,1158,stock
2019-07-29,SHINE,252.0,251.0,252.0,250.0,310,stock
2019-07-30,SHINE,251.0,251.0,253.0,250.0,1627,stock
2019-07-31,SHINE,253.0,253.0,253.0,253.0,200,stock
2019-08-04,SHINE,253.0,254.0,255.0,253.0,2307,stock
2019-08-05,SHINE,254.0,254.0,254.0,254.0,10,stock
2019-08-06,SHINE,250.0,254.0,256.0,250.0,14068,stock
2019-08-07,SHINE,250.0,254.0,255.0,250.0,6496,stock
2019-08-08,SHINE,253.0,254.0,254.0,253.0,2917,stock
2019-08-11,SHINE,254.0,254.0,256.0,254.0,4579,stock
2019-08-12,SHINE,255.0,255.0,255.0,253.0,9098,stock
2019-08-13,SHINE,254.0,252.0,254.0,252.0,150,stock
2019-08-14,SHINE,249.0,253.0,253.0,249.0,236,stock
2019-08-15,SHINE,255.0,254.0,255.0,254.0,133,stock
2019-08-18,SHINE,255.0,251.0,255.0,250.0,1015,stock
2019-08-19,SHINE,250.0,252.0,253.0,250.0,2122,stock
2019-08-20,SHINE,250.0,245.0,250.0,245.0,201,stock
2019-08-21,SHINE,245.0,247.0,249.0,245.0,486,stock
2019-08-22,SHINE,251.0,248.0,251.0,248.0,2499,stock
2019-08-25,SHINE,247.0,245.0,250.0,245.0,1418,stock
2019-08-26,SHINE,245.0,242.0,245.0,242.0,4509,stock
2019-08-27,SHINE,246.0,245.0,246.0,245.0,250,stock
2019-08-28,SHINE,245.0,243.0,245.0,243.0,800,stock
2019-08-29,SHINE,245.0,247.0,249.0,245.0,2754,stock
2019-09-01,SHINE,246.0,246.0,246.0,246.0,300,stock
2019-09-02,SHINE,242.0,246.0,247.0,242.0,2030,stock
2019-09-03,SHINE,246.0,255.0,255.0,246.0,481,stock
2019-09-04,SHINE,256.0,257.0,257.0,254.0,18764,stock
2019-09-05,SHINE,255.0,255.0,256.0,255.0,5983,stock
2019-09-08,SHINE,252.0,251.0,255.0,250.0,1642,stock
2019-09-09,SHINE,250.0,252.0,252.0,250.0,1578,stock
2019-09-10,SHINE,252.0,253.0,253.0,252.0,4778,stock
2019-09-11,SHINE,250.0,253.0,253.0,253.0,101,stock
2019-09-12,SHINE,253.0,252.0,253.0,251.0,5118,stock
2019-09-15,SHINE,251.0,249.0,253.0,249.0,10588,stock
2019-09-17,SHINE,251.0,258.0,258.0,251.0,1237,stock
2019-09-18,SHINE,258.0,253.0,258.0,253.0,840,stock
2019-09-19,SHINE,255.0,252.0,255.0,252.0,182,stock
2019-09-22,SHINE,248.0,245.0,248.0,245.0,1322,stock
2019-09-23,SHINE,245.0,253.0,253.0,243.0,1144,stock
2019-09-24,SHINE,248.0,246.0,250.0,246.0,341,stock
2019-09-26,SHINE,246.0,246.0,246.0,246.0,69,stock
2019-09-29,SHINE,246.0,246.0,246.0,245.0,1245,stock
2019-09-30,SHINE,246.0,244.0,246.0,244.0,285,stock
2019-10-01,SHINE,244.0,244.0,244.0,244.0,62,stock
2019-10-03,SHINE,248.0,248.0,248.0,248.0,204,stock
2019-10-10,SHINE,248.0,248.0,248.0,248.0,200,stock
2019-10-14,SHINE,252.0,252.0,254.0,250.0,827,stock
2019-10-15,SHINE,255.0,252.0,255.0,251.0,4627,stock
2019-10-16,SHINE,252.0,254.0,257.0,252.0,868,stock
2019-10-17,SHINE,252.0,253.0,253.0,252.0,1250,stock
2019-10-20,SHINE,252.0,252.0,252.0,251.0,1249,stock
2019-10-21,SHINE,251.0,252.0,252.0,251.0,2121,stock
2019-10-22,SHINE,252.0,253.0,253.0,252.0,11509,stock
2019-10-23,SHINE,253.0,254.0,255.0,253.0,3587,stock
2019-10-24,SHINE,254.0,255.0,255.0,249.0,882,stock
2019-10-31,SHINE,255.0,255.0,260.0,255.0,1151,stock
2019-11-03,SHINE,255.0,255.0,255.0,255.0,164,stock
2019-11-04,SHINE,250.0,253.0,255.0,250.0,615,stock
2019-11-05,SHINE,255.0,253.0,255.0,253.0,8912,stock
2019-11-06,SHINE,255.0,254.0,255.0,254.0,390,stock
2019-11-07,SHINE,254.0,254.0,255.0,254.0,2845,stock
2019-11-10,SHINE,255.0,255.0,255.0,253.0,2698,stock
2019-11-11,SHINE,255.0,256.0,258.0,255.0,3813,stock
2019-11-12,SHINE,254.0,254.0,254.0,254.0,43,stock
2019-11-13,SHINE,255.0,254.0,255.0,254.0,3331,stock
2019-11-14,SHINE,254.0,253.0,253.0,253.0,111,stock
2019-11-17,SHINE,250.0,248.0,250.0,247.0,4523,stock
2019-11-18,SHINE,252.0,252.0,252.0,252.0,130,stock
2019-11-19,SHINE,247.0,255.0,255.0,247.0,399,stock
2019-11-20,SHINE,257.0,255.0,257.0,255.0,219,stock
2019-11-21,SHINE,255.0,251.0,255.0,251.0,300,stock
2019-11-24,SHINE,250.0,248.0,252.0,243.0,5851,stock
2019-11-25,SHINE,247.0,247.0,247.0,247.0,35,stock
2019-11-26,SHINE,245.0,248.0,248.0,244.0,320,stock
2019-11-28,SHINE,248.0,245.0,250.0,245.0,1928,stock
2019-12-01,SHINE,243.0,241.0,246.0,241.0,1180,stock
2019-12-02,SHINE,240.0,227.0,242.0,227.0,12123,stock
2019-12-03,SHINE,223.0,223.0,227.0,219.0,21403,stock
2019-12-04,SHINE,224.0,226.0,229.0,224.0,15430,stock
2019-12-05,SHINE,228.0,229.0,229.0,227.0,9870,stock
2019-12-08,SHINE,230.0,227.0,230.0,226.0,14894,stock
2019-12-09,SHINE,226.0,228.0,228.0,226.0,13286,stock
2019-12-10,SHINE,228.0,227.0,228.0,226.0,14483,stock
2019-12-11,SHINE,226.0,226.0,229.0,224.0,13542,stock
2019-12-12,SHINE,229.0,230.0,230.0,226.0,20386,stock
2019-12-15,SHINE,234.0,240.0,243.0,234.0,19974,stock
2019-12-16,SHINE,237.0,235.0,238.0,232.0,23895,stock
2019-12-17,SHINE,235.0,237.0,238.0,232.0,13021,stock
2019-12-18,SHINE,241.0,239.0,241.0,236.0,12271,stock
2019-12-19,SHINE,236.0,235.0,238.0,235.0,15376,stock
2019-12-22,SHINE,233.0,232.0,234.0,229.0,20846,stock
2019-12-23,SHINE,232.0,234.0,235.0,231.0,5076,stock
2019-12-24,SHINE,232.0,230.0,234.0,230.0,25217,stock
2019-12-25,SHINE,230.0,232.0,232.0,230.0,12733,stock
2019-12-26,SHINE,230.0,234.0,234.0,230.0,10045,stock
2019-12-29,SHINE,232.0,234.0,234.0,231.0,6187,stock
2019-12-30,SHINE,235.0,231.0,235.0,230.0,4638,stock
2019-12-31,SHINE,235.0,234.0,235.0,232.0,2016,stock
2020-01-01,SHINE,230.0,236.0,240.0,230.0,3288,stock
2020-01-02,SHINE,235.0,231.0,235.0,231.0,12907,stock
2020-01-05,SHINE,232.0,237.0,237.0,231.0,12450,stock
2020-01-06,SHINE,238.0,235.0,238.0,233.0,13288,stock
2020-01-07,SHINE,236.0,238.0,239.0,236.0,19351,stock
2020-01-08,SHINE,239.0,241.0,241.0,235.0,20747,stock
2020-01-09,SHINE,241.0,250.0,251.0,237.0,44538,stock
2020-01-12,SHINE,248.0,254.0,256.0,248.0,24856,stock
2020-01-13,SHINE,258.0,255.0,266.0,248.0,50191,stock
2020-01-14,SHINE,256.0,256.0,259.0,252.0,15907,stock
2020-01-15,SHINE,258.0,259.0,262.0,256.0,7635,stock
2020-01-16,SHINE,263.0,264.0,267.0,261.0,16034,stock
2020-01-19,SHINE,264.0,268.0,269.0,260.0,37102,stock
2020-01-20,SHINE,274.0,262.0,274.0,261.0,31028,stock
2020-01-21,SHINE,263.0,264.0,273.0,260.0,19952,stock
2020-01-22,SHINE,262.0,260.0,264.0,259.0,18334,stock
2020-01-23,SHINE,258.0,255.0,260.0,254.0,20189,stock
2020-01-26,SHINE,251.0,256.0,256.0,250.0,19500,stock
2020-01-27,SHINE,253.0,259.0,259.0,253.0,9582,stock
2020-01-28,SHINE,258.0,260.0,261.0,257.0,16689,stock
2020-01-29,SHINE,256.0,257.0,259.0,255.0,4475,stock
2020-01-30,SHINE,262.0,259.0,262.0,254.0,14173,stock
2020-02-02,SHINE,260.0,262.0,264.0,258.0,15989,stock
2020-02-03,SHINE,265.0,275.0,277.0,264.0,97378,stock
2020-02-04,SHINE,278.0,282.0,295.0,278.0,106854,stock
2020-02-05,SHINE,282.0,279.0,283.0,275.0,29355,stock
2020-02-06,SHINE,284.0,280.0,289.0,276.0,66678,stock
2020-02-09,SHINE,278.0,278.0,281.0,275.0,13696,stock
2020-02-10,SHINE,280.0,276.0,280.0,276.0,9973,stock
2020-02-11,SHINE,280.0,279.0,281.0,278.0,21000,stock
2020-02-12,SHINE,280.0,278.0,283.0,274.0,40515,stock
2020-02-13,SHINE,278.0,277.0,280.0,277.0,14643,stock
2020-02-16,SHINE,277.0,279.0,282.0,277.0,28124,stock
2020-02-17,SHINE,283.0,279.0,283.0,278.0,38838,stock
2020-02-18,SHINE,284.0,299.0,304.0,279.0,225263,stock
2020-02-19,SHINE,304.0,297.0,307.0,292.0,62577,stock
2020-02-20,SHINE,297.0,302.0,302.0,295.0,48092,stock
2020-02-23,SHINE,305.0,305.0,309.0,301.0,94981,stock
2020-02-24,SHINE,305.0,301.0,317.0,301.0,77764,stock
2020-02-25,SHINE,300.0,314.0,316.0,300.0,81325,stock
2020-02-26,SHINE,320.0,327.0,329.0,315.0,113976,stock
2020-02-27,SHINE,321.0,332.0,332.0,316.0,96039,stock
2020-03-01,SHINE,332.0,327.0,337.0,324.0,78435,stock
2020-03-02,SHINE,327.0,307.0,328.0,307.0,30896,stock
2020-03-03,SHINE,307.0,316.0,318.0,285.0,69272,stock
2020-03-04,SHINE,311.0,299.0,311.0,299.0,46769,stock
2020-03-05,SHINE,294.0,305.0,310.0,289.0,35334,stock
2020-03-10,SHINE,300.0,291.0,300.0,289.0,13033,stock
2020-03-11,SHINE,296.0,305.0,305.0,287.0,42446,stock
2020-03-12,SHINE,303.0,293.0,303.0,292.0,45972,stock
2020-03-15,SHINE,295.0,281.0,298.0,276.0,46123,stock
2020-03-16,SHINE,276.0,281.0,287.0,276.0,21282,stock
2020-03-17,SHINE,277.0,264.0,279.0,261.0,108819,stock
2020-03-18,SHINE,259.0,264.0,268.0,245.0,36464,stock
2020-03-19,SHINE,260.0,260.0,269.0,246.0,39462,stock
2020-03-22,SHINE,256.0,255.0,256.0,255.0,1770,stock
2020-06-29,SHINE,218.0,210.0,218.0,214.0,5634,stock
2020-06-30,SHINE,213.0,220.0,220.0,213.0,852,stock
2020-07-01,SHINE,224.0,230.0,230.0,224.0,3403,stock
2020-07-02,SHINE,234.0,214.0,234.0,214.0,2058,stock
2020-07-05,SHINE,215.0,211.0,215.0,209.0,18031,stock
2020-07-06,SHINE,207.0,217.0,217.0,207.0,11181,stock
2020-07-07,SHINE,221.0,218.0,221.0,215.0,25610,stock
2020-07-08,SHINE,222.0,216.0,222.0,213.0,21104,stock
2020-07-09,SHINE,216.0,216.0,220.0,215.0,15690,stock
2020-07-12,SHINE,217.0,216.0,221.0,215.0,20539,stock
2020-07-13,SHINE,220.0,220.0,224.0,218.0,19052,stock
2020-07-14,SHINE,218.0,220.0,224.0,217.0,16653,stock
2020-07-15,SHINE,224.0,222.0,228.0,220.0,34858,stock
2020-07-16,SHINE,224.0,235.0,235.0,224.0,31102,stock
2020-07-19,SHINE,239.0,247.0,247.0,239.0,70,stock
2020-07-20,SHINE,259.0,250.0,269.0,247.0,44649,stock
2020-07-21,SHINE,248.0,248.0,252.0,244.0,53589,stock
2020-07-22,SHINE,246.0,242.0,250.0,242.0,34875,stock
2020-07-23,SHINE,245.0,243.0,245.0,241.0,18398,stock
2020-07-26,SHINE,239.0,246.0,247.0,239.0,13125,stock
2020-07-27,SHINE,250.0,250.0,253.0,248.0,13202,stock
2020-07-28,SHINE,246.0,246.0,247.0,243.0,5997,stock
2020-07-29,SHINE,243.0,243.0,245.0,240.0,8926,stock
2020-07-30,SHINE,255.0,243.0,255.0,240.0,16180,stock
2020-08-02,SHINE,255.0,235.0,255.0,230.0,35953,stock
2020-08-03,SHINE,233.0,236.0,239.0,231.0,6394,stock
2020-08-05,SHINE,232.0,231.0,236.0,224.0,7610,stock
2020-08-06,SHINE,227.0,231.0,232.0,227.0,8621,stock
2020-08-09,SHINE,231.0,230.0,231.0,227.0,12105,stock
2020-08-10,SHINE,230.0,240.0,240.0,230.0,16340,stock
2020-08-11,SHINE,240.0,236.0,242.0,236.0,6645,stock
2020-08-12,SHINE,234.0,239.0,244.0,232.0,4771,stock
2020-08-13,SHINE,235.0,235.0,238.0,234.0,6983,stock
2020-08-16,SHINE,234.0,232.0,235.0,230.0,9957,stock
2020-08-17,SHINE,235.0,236.0,236.0,233.0,3063,stock
2020-08-18,SHINE,236.0,234.0,236.0,233.0,9177,stock
2020-08-19,SHINE,232.0,230.0,234.0,224.0,4287,stock
2020-08-20,SHINE,234.0,234.0,237.0,231.0,7131,stock
2020-08-23,SHINE,234.0,233.0,235.0,232.0,8935,stock
2020-08-24,SHINE,237.0,237.0,240.0,235.0,8237,stock
2020-08-25,SHINE,241.0,239.0,245.0,238.0,11276,stock
2020-08-26,SHINE,239.0,241.0,243.0,237.0,14471,stock
2020-08-27,SHINE,245.0,235.0,247.0,231.0,32774,stock
2020-08-30,SHINE,235.0,231.0,237.0,231.0,24129,stock
2020-08-31,SHINE,232.0,238.0,241.0,232.0,10768,stock
2020-09-02,SHINE,242.0,239.0,245.0,238.0,10867,stock
2020-09-03,SHINE,240.0,241.0,243.0,239.0,17307,stock
2020-09-06,SHINE,245.0,238.0,253.0,237.0,28784,stock
2020-09-07,SHINE,237.0,233.0,238.0,233.0,17965,stock
2020-09-08,SHINE,232.0,233.0,236.0,232.0,15813,stock
2020-09-09,SHINE,234.0,235.0,236.0,234.0,14586,stock
2020-09-10,SHINE,233.0,238.0,243.0,233.0,12703,stock
2020-09-13,SHINE,249.0,238.0,249.0,235.0,31440,stock
2020-09-14,SHINE,236.0,243.0,246.0,236.0,37536,stock
2020-09-15,SHINE,243.0,239.0,244.0,238.0,22743,stock
2020-09-16,SHINE,238.0,241.0,242.0,237.0,22917,stock
2020-09-17,SHINE,240.0,246.0,250.0,238.0,61588,stock
2020-09-20,SHINE,258.0,252.0,263.0,249.0,88949,stock
2020-09-21,SHINE,254.0,250.0,254.0,248.0,65299,stock
2020-09-22,SHINE,250.0,244.0,250.0,239.0,45332,stock
2020-09-23,SHINE,245.0,250.0,250.0,239.0,44818,stock
2020-09-24,SHINE,255.0,248.0,255.0,245.0,14655,stock
2020-09-27,SHINE,236.0,248.0,252.0,236.0,36311,stock
2020-09-28,SHINE,249.0,247.0,250.0,244.0,18560,stock
2020-09-29,SHINE,247.0,246.0,250.0,245.0,17905,stock
2020-09-30,SHINE,246.0,249.0,255.0,242.0,37497,stock
2020-10-01,SHINE,253.0,251.0,253.0,248.0,44998,stock
2020-10-04,SHINE,256.0,258.0,267.0,256.0,69170,stock
2020-10-05,SHINE,262.0,256.0,263.0,253.0,54962,stock
2020-10-06,SHINE,261.0,258.0,265.0,258.0,27935,stock
2020-10-07,SHINE,258.0,263.0,263.0,257.0,59771,stock
2020-10-08,SHINE,268.0,266.0,273.0,265.0,66060,stock
2020-10-11,SHINE,268.0,264.0,271.0,263.0,42749,stock
2020-10-12,SHINE,277.0,267.0,277.0,257.0,51091,stock
2020-10-13,SHINE,272.0,265.0,276.0,264.0,89652,stock
2020-10-14,SHINE,266.0,262.0,271.0,261.0,24920,stock
2020-10-15,SHINE,265.0,263.0,266.0,261.0,32966,stock
2020-10-18,SHINE,267.0,261.0,267.0,260.0,13358,stock
2020-10-19,SHINE,263.0,261.0,264.0,259.0,10601,stock
2020-10-20,SHINE,264.0,262.0,264.0,261.0,8217,stock
2020-10-21,SHINE,265.0,267.0,267.0,263.0,17300,stock
2020-10-22,SHINE,272.0,266.0,272.0,266.0,23434,stock
2020-10-28,SHINE,270.0,275.0,276.0,267.0,29739,stock
2020-10-29,SHINE,280.0,276.0,288.0,275.0,49477,stock
2020-11-01,SHINE,280.0,277.0,281.0,274.0,29407,stock
2020-11-02,SHINE,264.0,273.0,279.0,264.0,31138,stock
2020-11-03,SHINE,273.0,270.0,274.0,269.0,21491,stock
2020-11-04,SHINE,270.0,270.0,271.0,269.0,12465,stock
2020-11-05,SHINE,274.0,270.0,274.0,267.0,12137,stock
2020-11-08,SHINE,270.0,269.0,270.0,267.0,22036,stock
2020-11-09,SHINE,266.0,266.0,270.0,266.0,26139,stock
2020-11-10,SHINE,271.0,266.0,271.0,266.0,21577,stock
2020-11-11,SHINE,271.0,266.0,271.0,266.0,28283,stock
2020-11-12,SHINE,271.0,267.0,271.0,265.0,28312,stock
2020-11-18,SHINE,267.0,260.0,268.0,257.0,63424,stock
2020-11-19,SHINE,260.0,259.0,262.0,256.0,52714,stock
2020-11-22,SHINE,264.0,255.0,269.0,253.0,54446,stock
2020-11-23,SHINE,255.0,255.0,259.0,253.0,33732,stock
2020-11-24,SHINE,259.0,258.0,260.0,254.0,28442,stock
2020-11-25,SHINE,263.0,257.0,263.0,256.0,14588,stock
2020-11-26,SHINE,273.0,259.0,273.0,256.0,49906,stock
2020-11-29,SHINE,263.0,278.0,284.0,262.0,109765,stock
2020-11-30,SHINE,291.0,273.0,291.0,268.0,74766,stock
2020-12-01,SHINE,270.0,262.0,275.0,262.0,49704,stock
2020-12-02,SHINE,260.0,264.0,275.0,260.0,48504,stock
2020-12-03,SHINE,265.0,261.0,268.0,261.0,34072,stock
2020-12-06,SHINE,261.0,251.0,262.0,251.0,30294,stock
2020-12-07,SHINE,251.0,256.0,260.0,243.0,40002,stock
2020-12-08,SHINE,261.0,257.0,267.0,257.0,32709,stock
2020-12-09,SHINE,257.0,253.0,259.0,251.0,30915,stock
2020-12-10,SHINE,251.0,257.0,258.0,251.0,23783,stock
2020-12-13,SHINE,256.0,262.0,262.0,256.0,26905,stock
2020-12-14,SHINE,264.0,270.0,270.0,262.0,45919,stock
2020-12-15,SHINE,272.0,266.0,275.0,265.0,41491,stock
2020-12-16,SHINE,264.0,272.0,278.0,261.0,101198,stock
2020-12-17,SHINE,277.0,271.0,279.0,271.0,54530,stock
2020-12-20,SHINE,270.0,264.0,279.0,260.0,94466,stock
2020-12-21,SHINE,264.0,265.0,267.0,254.0,48508,stock
2020-12-22,SHINE,266.0,269.0,270.0,266.0,44851,stock
2020-12-23,SHINE,273.0,270.0,276.0,267.0,21671,stock
2020-12-24,SHINE,270.0,268.0,274.0,268.0,45069,stock
2020-12-27,SHINE,270.0,269.0,272.0,268.0,34914,stock
2020-12-28,SHINE,271.0,267.0,271.0,267.0,24529,stock
2020-12-29,SHINE,267.0,265.0,268.0,262.0,29097,stock
2020-12-30,SHINE,269.0,266.0,269.0,264.0,66030,stock
2020-12-31,SHINE,235.0,234.0,238.0,232.0,28304,stock
2021-01-03,SHINE,236.0,237.0,240.0,235.0,16802,stock
2021-01-04,SHINE,248.0,239.0,248.0,236.0,29318,stock
2021-01-05,SHINE,236.0,241.0,244.0,235.0,20968,stock
2021-01-06,SHINE,243.0,239.0,244.0,238.0,12164,stock
2021-01-07,SHINE,240.0,240.0,242.0,238.0,25805,stock
2021-01-10,SHINE,244.0,248.0,249.0,240.0,47146,stock
2021-01-11,SHINE,252.0,250.0,256.0,247.0,41563,stock
2021-01-12,SHINE,249.0,254.0,254.0,245.0,33550,stock
2021-01-13,SHINE,254.0,256.0,261.0,254.0,41769,stock
2021-01-17,SHINE,259.0,275.0,277.0,259.0,118782,stock
2021-01-18,SHINE,284.0,273.0,286.0,272.0,102345,stock
2021-01-19,SHINE,278.0,265.0,278.0,264.0,37781,stock
2021-01-20,SHINE,262.0,265.0,277.0,258.0,41239,stock
2021-01-21,SHINE,260.0,271.0,282.0,260.0,52767,stock
2021-01-24,SHINE,271.0,274.0,284.0,271.0,50177,stock
2021-01-25,SHINE,279.0,268.0,284.0,266.0,71408,stock
2021-01-26,SHINE,273.0,267.0,276.0,265.0,51033,stock
2021-01-27,SHINE,270.0,267.0,270.0,266.0,24686,stock
2021-01-28,SHINE,271.0,260.0,271.0,258.0,55558,stock
2021-01-31,SHINE,255.0,256.0,264.0,255.0,33255,stock
2021-02-01,SHINE,260.0,256.0,266.0,255.0,39260,stock
2021-02-02,SHINE,259.0,258.0,262.0,255.0,42205,stock
2021-02-03,SHINE,262.0,256.0,265.0,255.0,44647,stock
2021-02-04,SHINE,268.0,256.0,268.0,252.0,47126,stock
2021-02-07,SHINE,255.0,255.0,260.0,254.0,54545,stock
2021-02-08,SHINE,260.0,265.0,269.0,256.0,89914,stock
2021-02-09,SHINE,270.0,262.0,272.0,261.0,40082,stock
2021-02-10,SHINE,260.0,265.0,265.0,259.0,51880,stock
2021-02-11,SHINE,269.0,273.0,284.0,262.0,134192,stock
2021-02-14,SHINE,286.0,274.0,286.0,266.0,66381,stock
2021-02-15,SHINE,275.0,278.0,280.0,270.0,134583,stock
2021-02-16,SHINE,291.0,277.0,291.0,273.0,82040,stock
2021-02-17,SHINE,275.0,274.0,277.0,272.0,57010,stock
2021-02-18,SHINE,278.0,278.0,281.0,276.0,101844,stock
2021-02-21,SHINE,282.0,285.0,285.0,278.0,96038,stock
2021-02-22,SHINE,289.0,279.0,289.0,278.0,81582,stock
2021-02-23,SHINE,284.0,273.0,284.0,268.0,68406,stock
2021-02-24,SHINE,270.0,274.0,284.0,270.0,35882,stock
2021-02-25,SHINE,274.0,271.0,278.0,270.0,41392,stock
2021-02-28,SHINE,266.0,265.0,273.0,263.0,26684,stock
2021-03-01,SHINE,264.0,269.0,271.0,262.0,31203,stock
2021-03-02,SHINE,270.0,263.0,271.0,262.0,22218,stock
2021-03-03,SHINE,259.0,260.0,263.0,257.0,25589,stock
2021-03-04,SHINE,260.0,265.0,266.0,258.0,24210,stock
2021-03-08,SHINE,268.0,262.0,270.0,261.0,12619,stock
2021-03-09,SHINE,258.0,259.0,261.0,258.0,14970,stock
2021-03-10,SHINE,258.0,258.0,263.0,256.0,11493,stock
2021-03-14,SHINE,255.0,255.0,258.0,253.0,25336,stock
2021-03-15,SHINE,251.0,254.0,257.0,251.0,10204,stock
2021-03-16,SHINE,253.0,255.0,260.0,253.0,10959,stock
2021-03-17,SHINE,259.0,258.0,259.0,252.0,12394,stock
2021-03-18,SHINE,262.0,259.0,262.0,255.0,12954,stock
2021-03-21,SHINE,263.0,263.0,265.0,260.0,15560,stock
2021-03-22,SHINE,276.0,261.0,276.0,260.0,10290,stock
2021-03-23,SHINE,265.0,262.0,265.0,257.0,12114,stock
2021-03-24,SHINE,265.0,264.0,266.0,261.0,28455,stock
2021-03-25,SHINE,267.0,261.0,267.0,260.0,21416,stock
2021-03-29,SHINE,261.0,261.0,262.0,257.0,10622,stock
2021-03-30,SHINE,274.0,263.0,274.0,258.0,22753,stock
2021-03-31,SHINE,265.0,266.0,266.0,261.0,23389,stock
2021-04-01,SHINE,266.0,267.0,276.0,265.0,62158,stock
2021-04-04,SHINE,267.0,269.0,270.0,265.0,22162,stock
2021-04-05,SHINE,273.0,266.0,273.0,266.0,29900,stock
2021-04-06,SHINE,265.0,270.0,270.0,264.0,34402,stock
2021-04-07,SHINE,271.0,270.0,275.0,270.0,39645,stock
2021-04-08,SHINE,270.0,273.0,275.0,270.0,40297,stock
2021-04-12,SHINE,278.0,275.0,278.0,272.0,34235,stock
2021-04-13,SHINE,275.0,286.0,290.0,273.0,119387,stock
2021-04-15,SHINE,300.0,293.0,300.0,283.0,129653,stock
2021-04-18,SHINE,295.0,286.0,295.0,284.0,110160,stock
2021-04-19,SHINE,278.0,285.0,291.0,278.0,61796,stock
2021-04-20,SHINE,283.0,289.0,289.0,282.0,56918,stock
2021-04-21,SHINE,289.0,281.0,289.0,280.0,47216,stock
2021-04-22,SHINE,281.0,283.0,284.0,278.0,48778,stock
2021-04-25,SHINE,284.0,274.0,284.0,274.0,66067,stock
2021-04-26,SHINE,269.0,269.0,270.0,261.0,33207,stock
2021-04-27,SHINE,269.0,275.0,277.0,264.0,23952,stock
2021-04-28,SHINE,276.0,270.0,276.0,260.0,18198,stock
2021-04-29,SHINE,267.0,269.0,271.0,266.0,41134,stock
2021-05-02,SHINE,274.0,272.0,277.0,269.0,25890,stock
2021-05-03,SHINE,274.0,270.0,275.0,267.0,30171,stock
2021-05-04,SHINE,270.0,268.0,270.0,266.0,15509,stock
2021-05-05,SHINE,266.0,270.0,272.0,265.0,10875,stock
2021-05-06,SHINE,269.0,267.0,270.0,266.0,23182,stock
2021-05-09,SHINE,270.0,271.0,275.0,269.0,59368,stock
2021-05-10,SHINE,284.0,272.0,284.0,267.0,27751,stock
2021-05-11,SHINE,275.0,274.0,275.0,272.0,28855,stock
2021-05-12,SHINE,272.0,274.0,274.0,271.0,20412,stock
2021-05-13,SHINE,272.0,277.0,277.0,272.0,67485,stock
2021-05-16,SHINE,280.0,297.0,298.0,280.0,313935,stock
2021-05-17,SHINE,305.0,302.0,311.0,299.0,205927,stock
2021-05-18,SHINE,304.0,303.0,306.0,300.0,113625,stock
2021-05-19,SHINE,305.0,298.0,308.0,295.0,124973,stock
2021-05-20,SHINE,298.0,315.0,316.0,294.0,214211,stock
2021-05-23,SHINE,310.0,335.0,337.0,304.0,258954,stock
2021-05-24,SHINE,340.0,327.0,344.0,321.0,266101,stock
2021-05-25,SHINE,332.0,319.0,332.0,318.0,108391,stock
2021-05-27,SHINE,318.0,333.0,341.0,306.0,167514,stock
2021-05-30,SHINE,339.0,366.0,366.0,337.0,391672,stock
2021-05-31,SHINE,380.0,359.0,390.0,355.0,363733,stock
2021-06-01,SHINE,359.0,362.0,375.0,348.0,190279,stock
2021-06-02,SHINE,362.0,390.0,392.0,360.0,323771,stock
2021-06-03,SHINE,395.0,421.0,429.0,391.0,635148,stock
2021-06-06,SHINE,442.0,422.0,442.0,392.0,340343,stock
2021-06-07,SHINE,426.0,444.0,444.0,417.0,448285,stock
2021-06-08,SHINE,466.0,488.0,488.0,448.0,461663,stock
2021-06-09,SHINE,490.0,458.0,497.0,453.0,352111,stock
2021-06-10,SHINE,460.0,467.0,472.0,438.0,356616,stock
2021-06-13,SHINE,470.0,494.0,507.0,457.0,421499,stock
2021-06-14,SHINE,505.0,480.0,510.0,472.0,323222,stock
2021-06-15,SHINE,482.0,459.0,486.0,455.0,244586,stock
2021-06-16,SHINE,437.0,440.0,473.0,422.0,248997,stock
2021-06-17,SHINE,442.0,451.0,466.0,424.0,185000,stock
2021-06-20,SHINE,458.0,440.0,474.0,428.0,129443,stock
2021-06-21,SHINE,440.0,420.0,448.0,416.0,142932,stock
2021-06-22,SHINE,425.0,445.0,445.0,404.0,157721,stock
2021-06-23,SHINE,449.0,427.0,457.0,426.0,102595,stock
2021-06-24,SHINE,425.0,418.0,429.0,416.0,84275,stock
2021-06-27,SHINE,420.0,413.0,426.0,411.0,71453,stock
2021-06-28,SHINE,415.0,402.0,415.0,401.0,48028,stock
2021-06-29,SHINE,404.0,383.0,407.0,379.0,142069,stock
2021-06-30,SHINE,380.0,398.0,412.0,366.0,133675,stock
2021-07-01,SHINE,405.0,414.0,425.0,400.0,117893,stock
2021-07-04,SHINE,416.0,412.0,426.0,410.0,84429,stock
2021-07-05,SHINE,418.0,399.0,418.0,398.0,55507,stock
2021-07-06,SHINE,418.0,400.0,418.0,398.0,38848,stock
2021-07-07,SHINE,400.0,402.0,403.0,397.0,45127,stock
2021-07-08,SHINE,396.0,411.0,412.0,395.0,59024,stock
2021-07-11,SHINE,413.0,452.0,452.0,413.0,163126,stock
2021-07-12,SHINE,461.0,442.0,469.0,432.0,260103,stock
2021-07-13,SHINE,440.0,449.0,457.0,434.0,86972,stock
2021-07-14,SHINE,457.0,450.0,457.0,443.0,39863,stock
2021-07-15,SHINE,472.0,447.0,472.0,445.0,52057,stock
2021-07-18,SHINE,452.0,462.9,464.0,452.0,162894,stock
2021-07-19,SHINE,472.0,468.2,481.0,457.0,153016,stock
2021-07-20,SHINE,468.2,464.0,472.0,460.0,79699,stock
2021-07-22,SHINE,472.0,457.0,473.0,456.0,74456,stock
2021-07-25,SHINE,464.0,456.7,464.0,452.2,76812,stock
2021-07-26,SHINE,455.0,449.8,460.0,448.0,86857,stock
2021-07-27,SHINE,441.0,455.0,463.0,432.2,109539,stock
2021-07-28,SHINE,463.0,463.5,470.0,455.0,127473,stock
2021-07-29,SHINE,463.0,471.0,475.0,463.0,237078,stock
2021-08-01,SHINE,475.0,472.4,480.3,470.1,125303,stock
2021-08-02,SHINE,480.0,464.0,480.0,463.5,56770,stock
2021-08-03,SHINE,465.0,466.0,470.0,460.0,61703,stock
2021-08-04,SHINE,471.0,470.0,473.7,462.0,87998,stock
2021-08-05,SHINE,475.5,484.0,498.0,469.0,332891,stock
2021-08-08,SHINE,490.0,488.0,498.0,484.0,183907,stock
2021-08-09,SHINE,488.0,480.5,495.0,479.0,107158,stock
2021-08-10,SHINE,484.9,528.5,528.5,484.0,546780,stock
2021-08-11,SHINE,539.0,526.0,555.0,517.0,341735,stock
2021-08-12,SHINE,536.5,578.6,578.6,530.0,860045,stock
2021-08-15,SHINE,567.1,559.0,585.1,538.1,604091,stock
2021-08-16,SHINE,555.0,562.0,576.0,539.0,270844,stock
2021-08-17,SHINE,562.0,605.0,616.8,560.0,398918,stock
2021-08-18,SHINE,617.1,625.0,655.0,603.0,537931,stock
2021-08-19,SHINE,637.5,608.0,650.2,603.0,378656,stock
2021-08-24,SHINE,596.0,574.0,610.0,571.0,330446,stock
2021-08-25,SHINE,562.6,563.0,590.0,555.1,251717,stock
2021-08-26,SHINE,563.0,588.0,600.0,560.6,230261,stock
2021-08-29,SHINE,596.0,590.0,610.9,584.0,252183,stock
2021-08-31,SHINE,590.0,568.0,590.0,562.1,174733,stock
2021-09-01,SHINE,575.0,563.0,582.4,561.0,125898,stock
2021-09-02,SHINE,562.0,545.0,570.0,529.0,139628,stock
2021-09-05,SHINE,535.1,495.0,535.1,490.5,217226,stock
2021-09-06,SHINE,485.1,544.5,544.5,475.0,194677,stock
2021-09-07,SHINE,555.0,543.0,565.0,520.1,156739,stock
2021-09-08,SHINE,543.0,524.0,543.0,522.0,73254,stock
2021-09-09,SHINE,525.0,524.0,535.5,520.0,65906,stock
2021-09-12,SHINE,534.0,549.0,550.0,525.0,112668,stock
2021-09-13,SHINE,555.0,554.0,572.0,545.0,130502,stock
2021-09-14,SHINE,563.0,545.0,563.0,541.1,60590,stock
2021-09-15,SHINE,545.0,526.0,545.0,525.0,87146,stock
2021-09-16,SHINE,530.0,505.0,530.0,495.0,189218,stock
2021-09-20,SHINE,494.9,470.0,510.0,463.0,166573,stock
2021-09-21,SHINE,461.0,474.0,500.0,442.0,144483,stock
2021-09-22,SHINE,483.4,521.0,521.4,483.4,188945,stock
2021-09-23,SHINE,531.0,515.0,542.0,506.0,119519,stock
2021-09-26,SHINE,516.0,493.0,525.0,490.0,122777,stock
2021-09-27,SHINE,497.0,474.0,497.0,460.0,82411,stock
2021-09-28,SHINE,474.0,455.0,485.9,450.0,93132,stock
2021-09-29,SHINE,460.0,473.0,490.0,445.0,80231,stock
2021-09-30,SHINE,473.0,451.0,484.0,450.8,51873,stock
2021-10-03,SHINE,460.0,431.1,460.0,425.4,52631,stock
2021-10-04,SHINE,424.0,425.0,446.0,416.0,72337,stock
2021-10-05,SHINE,425.0,439.9,448.0,425.0,42953,stock
2021-10-06,SHINE,440.0,472.1,475.0,440.0,59707,stock
2021-10-10,SHINE,481.5,456.0,485.0,452.0,62627,stock
2021-10-11,SHINE,452.0,459.0,460.0,440.0,41812,stock
2021-10-17,SHINE,459.9,460.0,468.1,452.0,8910,stock
2021-10-18,SHINE,451.1,447.0,454.1,441.0,31474,stock
2021-10-19,SHINE,440.0,428.0,447.0,414.0,46289,stock
2021-10-20,SHINE,436.5,447.0,454.1,435.0,29452,stock
2021-10-21,SHINE,447.0,435.0,450.0,435.0,22364,stock
2021-10-24,SHINE,430.0,437.0,449.9,419.0,17024,stock
2021-10-25,SHINE,445.0,477.0,477.9,442.0,96986,stock
2021-10-26,SHINE,481.0,510.0,521.0,480.0,128458,stock
2021-10-27,SHINE,515.0,506.0,520.0,490.0,96576,stock
2021-10-28,SHINE,497.1,505.0,510.0,497.0,57071,stock
2021-10-31,SHINE,514.0,532.0,536.0,510.0,146805,stock
2021-11-01,SHINE,530.0,514.0,545.0,512.1,165911,stock
2021-11-02,SHINE,514.0,535.0,543.0,506.0,167316,stock
2021-11-03,SHINE,545.0,538.0,553.0,534.0,185723,stock
2021-11-08,SHINE,548.7,538.0,563.0,537.0,115224,stock
2021-11-09,SHINE,535.0,507.0,545.0,502.0,247469,stock
2021-11-11,SHINE,507.0,500.0,515.0,497.0,127402,stock
2021-11-14,SHINE,500.0,512.0,515.0,495.0,138473,stock
2021-11-15,SHINE,522.0,534.9,537.0,516.0,212463,stock
2021-11-16,SHINE,537.0,536.0,544.0,530.0,152732,stock
2021-11-17,SHINE,546.7,526.0,546.7,522.0,127538,stock
2021-11-18,SHINE,520.0,518.0,535.0,510.0,85506,stock
2021-11-21,SHINE,528.3,516.0,528.3,513.5,46506,stock
2021-11-22,SHINE,520.0,514.0,523.9,512.1,33822,stock
2021-11-23,SHINE,510.0,501.0,518.0,494.0,105762,stock
2021-11-24,SHINE,511.0,510.0,514.0,487.0,71286,stock
2021-11-25,SHINE,520.0,503.9,520.0,501.0,52168,stock
2021-11-28,SHINE,493.9,475.0,499.8,474.0,142721,stock
2021-11-29,SHINE,474.0,460.0,489.0,454.0,186178,stock
2021-11-30,SHINE,469.2,463.5,471.2,450.0,94768,stock
2021-12-01,SHINE,472.7,471.0,480.0,464.0,46874,stock
2021-12-02,SHINE,472.0,448.0,472.0,447.0,125447,stock
2021-12-05,SHINE,405.0,389.0,409.2,386.0,86201,stock
2021-12-06,SHINE,396.7,403.0,406.0,375.0,90333,stock
2021-12-07,SHINE,411.0,392.0,418.0,392.0,85252,stock
2021-12-08,SHINE,392.0,382.0,395.0,379.0,37138,stock
2021-12-09,SHINE,387.0,377.0,387.0,368.0,36981,stock
2021-12-12,SHINE,370.0,351.0,375.0,345.0,71188,stock
2021-12-13,SHINE,344.0,333.0,355.0,324.0,82152,stock
2021-12-14,SHINE,339.6,365.0,366.0,333.5,32047,stock
2021-12-15,SHINE,372.0,364.0,382.5,358.0,108837,stock
2021-12-16,SHINE,360.0,349.0,362.0,345.8,39048,stock
2021-12-20,SHINE,354.0,338.0,354.0,338.0,21631,stock
2021-12-21,SHINE,344.0,349.0,349.9,338.2,22865,stock
2021-12-22,SHINE,355.0,373.0,375.0,353.1,79533,stock
2021-12-23,SHINE,380.4,365.0,384.0,360.7,71417,stock
2021-12-26,SHINE,365.0,374.9,381.0,365.0,46940,stock
2021-12-27,SHINE,377.0,355.2,378.0,355.2,51223,stock
2021-12-28,SHINE,349.1,362.0,364.0,348.5,34505,stock
2021-12-29,SHINE,365.0,361.0,368.0,356.2,25110,stock
2022-01-02,SHINE,366.5,372.0,375.0,358.2,46505,stock
2022-01-03,SHINE,372.0,379.1,391.0,364.6,59045,stock
2022-01-04,SHINE,380.0,403.0,408.0,373.0,125800,stock
2022-01-05,SHINE,403.0,392.0,410.0,390.0,66714,stock
2022-01-06,SHINE,385.0,405.0,405.0,385.0,68140,stock
2022-01-09,SHINE,413.0,431.9,437.5,410.0,120688,stock
2022-01-10,SHINE,435.0,440.1,443.0,425.0,142818,stock
2022-01-11,SHINE,434.0,453.0,463.0,433.1,114113,stock
2022-01-12,SHINE,448.0,441.0,458.0,437.0,114659,stock
2022-01-13,SHINE,445.0,451.0,453.0,435.0,77734,stock
2022-01-16,SHINE,451.0,461.0,473.0,452.0,137692,stock
2022-01-17,SHINE,468.9,460.1,468.9,455.1,64939,stock
2022-01-18,SHINE,469.3,446.0,469.3,438.5,62802,stock
2022-01-19,SHINE,438.0,447.0,455.0,438.0,66911,stock
2022-01-20,SHINE,445.0,455.1,459.0,445.0,57600,stock
2022-01-23,SHINE,464.2,450.0,471.0,446.0,116580,stock
2022-01-24,SHINE,450.0,430.0,450.0,421.1,144384,stock
2022-01-25,SHINE,430.0,428.0,443.0,420.0,73775,stock
2022-01-26,SHINE,425.0,418.0,430.0,415.1,61873,stock
2022-01-27,SHINE,420.0,419.6,426.0,416.0,46372,stock
2022-01-30,SHINE,427.9,452.0,452.0,427.9,97877,stock
2022-01-31,SHINE,458.0,443.0,458.0,442.1,38319,stock
2022-02-01,SHINE,434.9,450.8,450.8,434.9,76497,stock
2022-02-03,SHINE,459.0,444.0,459.9,444.0,84026,stock
2022-02-06,SHINE,439.0,436.0,447.0,435.3,42340,stock
2022-02-07,SHINE,428.0,439.0,443.0,427.3,22053,stock
2022-02-08,SHINE,447.7,436.0,465.0,432.0,65838,stock
2022-02-09,SHINE,427.3,430.0,440.1,427.3,37244,stock
2022-02-10,SHINE,430.0,427.5,436.0,424.0,45962,stock
2022-02-13,SHINE,420.0,408.0,420.0,403.9,69757,stock
2022-02-14,SHINE,415.0,409.0,422.0,407.0,48000,stock
2022-02-15,SHINE,411.0,422.5,423.0,410.0,27174,stock
2022-02-16,SHINE,429.0,416.0,429.0,411.6,27359,stock
2022-02-17,SHINE,408.0,413.0,423.0,407.8,16933,stock
2022-02-20,SHINE,409.9,406.9,410.0,395.0,57366,stock
2022-02-21,SHINE,412.5,407.0,412.5,405.0,29596,stock
2022-02-22,SHINE,407.0,407.0,415.0,405.8,39439,stock
2022-02-23,SHINE,400.3,402.2,410.0,400.3,23515,stock
2022-02-24,SHINE,401.0,396.0,404.0,391.0,63038,stock
2022-02-27,SHINE,390.0,393.0,403.0,390.0,26339,stock
2022-02-28,SHINE,400.0,389.8,408.0,385.0,33628,stock
2022-03-02,SHINE,386.0,373.0,390.0,372.1,70750,stock
2022-03-06,SHINE,373.0,377.0,387.0,373.0,37729,stock
2022-03-07,SHINE,375.0,379.8,384.0,375.0,27787,stock
2022-03-09,SHINE,380.0,372.0,380.1,369.5,34772,stock
2022-03-10,SHINE,372.0,390.0,390.0,366.0,35457,stock
2022-03-13,SHINE,397.8,406.5,409.9,392.0,67835,stock
2022-03-14,SHINE,412.0,408.0,412.9,400.0,12759,stock
2022-03-15,SHINE,408.0,404.0,410.0,395.0,58316,stock
2022-03-16,SHINE,404.0,400.0,410.0,398.0,45875,stock
2022-03-20,SHINE,405.0,397.6,405.0,397.0,53400,stock
2022-03-21,SHINE,405.0,413.0,413.1,391.4,46052,stock
2022-03-22,SHINE,420.0,416.9,424.0,413.0,77545,stock
2022-03-23,SHINE,411.0,414.0,418.0,408.8,48904,stock
2022-03-24,SHINE,410.0,406.1,415.0,406.0,34620,stock
2022-03-27,SHINE,406.1,395.2,406.1,395.1,54505,stock
2022-03-28,SHINE,390.0,390.0,402.0,387.3,32309,stock
2022-03-29,SHINE,396.0,388.0,396.0,385.2,20029,stock
2022-03-30,SHINE,388.0,402.0,403.9,385.0,30832,stock
2022-03-31,SHINE,405.0,392.0,408.0,392.0,23508,stock
2022-04-03,SHINE,390.0,386.0,391.1,384.3,14231,stock
2022-04-04,SHINE,385.0,386.0,392.0,379.1,16899,stock
2022-04-05,SHINE,381.0,377.0,382.0,371.0,45917,stock
2022-04-06,SHINE,373.0,376.0,384.0,370.0,29993,stock
2022-04-07,SHINE,376.0,384.0,389.0,376.0,30165,stock
2022-04-11,SHINE,390.0,379.9,396.9,378.0,34116,stock
2022-04-12,SHINE,380.0,375.0,383.0,370.0,29241,stock
2022-04-13,SHINE,380.0,382.0,382.0,364.0,29571,stock
2022-04-17,SHINE,382.0,376.0,386.0,374.0,17963,stock
2022-04-18,SHINE,370.0,365.0,375.0,363.0,31837,stock
2022-04-19,SHINE,361.0,369.0,375.0,358.0,19787,stock
2022-04-20,SHINE,365.0,360.8,375.0,360.2,8551,stock
2022-04-21,SHINE,358.0,358.0,362.1,349.0,18867,stock
2022-04-24,SHINE,365.1,386.0,388.0,358.0,27501,stock
2022-04-25,SHINE,386.0,372.4,391.7,370.5,26476,stock
2022-04-26,SHINE,370.0,370.0,380.4,365.7,13573,stock
2022-04-27,SHINE,377.0,375.0,377.4,362.6,15901,stock
2022-04-28,SHINE,374.0,367.1,380.0,367.0,28800,stock
2022-05-02,SHINE,366.8,354.1,366.8,354.1,36428,stock
2022-05-04,SHINE,348.0,345.0,357.0,343.0,25108,stock
2022-05-05,SHINE,340.1,336.0,355.0,334.0,24884,stock
2022-05-08,SHINE,335.1,351.8,354.7,330.0,18090,stock
2022-05-09,SHINE,350.0,351.0,357.9,343.0,21951,stock
2022-05-10,SHINE,351.0,355.1,358.5,350.1,13102,stock
2022-05-11,SHINE,362.2,370.0,372.0,351.0,38205,stock
2022-05-12,SHINE,376.9,361.8,377.0,361.8,32157,stock
2022-05-17,SHINE,355.0,346.0,361.0,344.0,23496,stock
2022-05-18,SHINE,352.8,351.9,352.9,339.0,20177,stock
2022-05-19,SHINE,347.0,343.9,351.9,341.0,21403,stock
2022-05-20,SHINE,341.0,341.0,350.0,339.1,20431,stock
2022-05-23,SHINE,341.0,334.0,341.0,330.0,22318,stock
2022-05-24,SHINE,334.0,338.0,341.7,330.5,10046,stock
2022-05-25,SHINE,344.0,339.0,347.0,338.0,29834,stock
2022-05-26,SHINE,342.0,337.0,342.0,335.0,11437,stock
2022-05-27,SHINE,341.0,334.0,341.0,332.0,11612,stock
2022-05-30,SHINE,334.0,326.1,335.0,325.0,16542,stock
2022-05-31,SHINE,320.1,318.5,329.8,315.1,28330,stock
2022-06-01,SHINE,324.8,320.7,331.0,318.0,13833,stock
2022-06-02,SHINE,324.0,321.9,326.9,316.0,15870,stock
2022-06-03,SHINE,321.0,316.0,322.0,310.0,16412,stock
2022-06-06,SHINE,320.0,315.0,321.0,312.0,35733,stock
2022-06-07,SHINE,310.0,306.0,316.2,305.1,20160,stock
2022-06-08,SHINE,300.0,316.0,321.7,300.0,21124,stock
2022-06-09,SHINE,322.0,310.0,326.0,309.0,39236,stock
2022-06-10,SHINE,310.0,310.0,314.9,308.0,5651,stock
2022-06-13,SHINE,315.0,308.0,315.0,306.0,5731,stock
2022-06-14,SHINE,306.0,297.8,306.0,297.2,21557,stock
2022-06-15,SHINE,297.8,297.0,300.0,290.0,18781,stock
2022-06-16,SHINE,292.0,298.0,305.0,292.0,59262,stock
2022-06-17,SHINE,300.9,295.0,301.4,290.1,7510,stock
2022-06-19,SHINE,293.0,282.3,293.0,282.3,25237,stock
2022-06-20,SHINE,280.0,274.0,282.4,272.5,22996,stock
2022-06-21,SHINE,278.0,288.0,290.0,269.1,28742,stock
2022-06-22,SHINE,290.0,276.0,290.0,273.5,18103,stock
2022-06-23,SHINE,276.0,265.0,276.0,261.0,27306,stock
2022-06-24,SHINE,259.7,266.0,283.0,255.1,18186,stock
2022-06-26,SHINE,271.0,284.9,285.0,267.3,52333,stock
2022-06-27,SHINE,287.0,274.0,290.7,274.0,44941,stock
2022-06-28,SHINE,268.6,272.0,276.0,267.0,12588,stock
2022-06-29,SHINE,276.0,286.0,286.0,274.0,33073,stock
2022-06-30,SHINE,291.0,302.0,304.8,283.0,63018,stock
2022-07-01,SHINE,304.0,296.0,306.0,294.0,35646,stock
2022-07-03,SHINE,301.9,304.4,307.5,291.2,54701,stock
2022-07-04,SHINE,310.0,306.0,319.9,299.0,117133,stock
2022-07-05,SHINE,300.0,295.0,312.0,292.0,55740,stock
2022-07-06,SHINE,295.0,297.5,300.0,286.0,29523,stock
2022-07-07,SHINE,303.4,294.0,308.0,293.0,34027,stock
2022-07-08,SHINE,299.8,290.0,299.8,286.0,27759,stock
2022-07-11,SHINE,284.2,278.0,285.0,275.0,33853,stock
2022-07-12,SHINE,282.9,278.0,285.0,274.0,20551,stock
2022-07-13,SHINE,283.0,294.0,296.0,279.2,47280,stock
2022-07-14,SHINE,299.0,293.0,300.0,289.0,32376,stock
2022-07-15,SHINE,288.0,294.9,295.0,287.2,20276,stock
2022-07-17,SHINE,295.0,297.4,301.0,290.0,34213,stock
2022-07-18,SHINE,298.0,300.0,301.0,292.1,19013,stock
2022-07-19,SHINE,305.0,303.0,306.0,298.9,32470,stock
2022-07-20,SHINE,303.0,306.5,308.8,296.0,39550,stock
2022-07-21,SHINE,307.0,302.9,307.0,301.1,30036,stock
2022-07-22,SHINE,298.0,296.0,301.0,295.2,28819,stock
2022-07-24,SHINE,297.0,308.0,311.0,296.2,72140,stock
2022-07-25,SHINE,314.1,327.5,336.0,310.0,99278,stock
2022-07-26,SHINE,327.0,318.9,332.0,317.0,81748,stock
2022-07-27,SHINE,315.0,320.0,325.0,310.1,97529,stock
2022-07-28,SHINE,326.0,331.0,341.8,325.6,187628,stock
2022-07-29,SHINE,336.9,346.0,350.0,330.0,96374,stock
2022-07-31,SHINE,344.0,352.9,360.0,344.0,142120,stock
2022-08-01,SHINE,346.0,345.0,352.0,341.1,109091,stock
2022-08-02,SHINE,351.0,341.0,351.0,335.9,62812,stock
2022-08-03,SHINE,347.0,337.0,352.0,337.0,82659,stock
2022-08-04,SHINE,340.0,330.0,343.0,330.0,72181,stock
2022-08-05,SHINE,336.6,326.0,336.6,325.0,50014,stock
2022-08-07,SHINE,326.0,328.0,334.0,325.0,35324,stock
2022-08-08,SHINE,334.0,328.8,334.9,321.0,48743,stock
2022-08-09,SHINE,325.0,318.0,331.1,314.5,50310,stock
2022-08-10,SHINE,313.0,314.0,320.0,311.9,34542,stock
2022-08-11,SHINE,320.0,313.0,320.0,310.7,25612,stock
2022-08-14,SHINE,316.9,309.0,318.0,306.0,27705,stock
2022-08-15,SHINE,309.5,327.0,327.0,307.0,46194,stock
2022-08-16,SHINE,333.4,317.2,334.0,316.1,62329,stock
2022-08-17,SHINE,317.5,318.0,326.0,316.0,24566,stock
2022-08-18,SHINE,321.0,327.0,330.1,320.1,40817,stock
2022-08-21,SHINE,330.4,325.0,331.0,324.0,32347,stock
2022-08-22,SHINE,321.1,321.0,324.9,320.0,12671,stock
2022-08-23,SHINE,318.0,322.0,325.0,317.0,17424,stock
2022-08-24,SHINE,327.5,322.0,328.0,317.8,15398,stock
2022-08-25,SHINE,322.1,316.0,324.9,316.0,28125,stock
2022-08-26,SHINE,312.0,315.0,315.9,312.0,9466,stock
2022-08-28,SHINE,312.0,307.9,316.0,306.0,29339,stock
2022-08-29,SHINE,313.9,308.0,313.9,303.0,18132,stock
2022-08-30,SHINE,312.0,308.4,312.0,307.0,44425,stock
2022-08-31,SHINE,306.0,304.0,311.9,302.0,14495,stock
2022-09-01,SHINE,300.2,303.1,307.0,297.0,22971,stock
2022-09-02,SHINE,309.0,301.9,309.0,300.0,11544,stock
2022-09-04,SHINE,302.0,310.0,310.0,302.0,23680,stock
2022-09-05,SHINE,314.0,309.0,315.0,307.5,11218,stock
2022-09-06,SHINE,303.0,302.5,309.0,302.0,10707,stock
2022-09-07,SHINE,300.0,300.5,302.0,298.0,11168,stock
2022-09-08,SHINE,300.0,304.6,305.8,298.0,15389,stock
2022-09-11,SHINE,301.1,300.0,304.0,299.1,16751,stock
2022-09-12,SHINE,301.0,298.0,301.0,295.0,10324,stock
2022-09-13,SHINE,303.0,302.0,305.0,300.0,13970,stock
2022-09-14,SHINE,302.0,315.5,316.2,302.0,23827,stock
2022-09-15,SHINE,310.2,303.0,316.4,299.9,38309,stock
2022-09-16,SHINE,297.0,298.0,300.0,290.2,41088,stock
2022-09-18,SHINE,299.9,286.0,302.0,285.0,24439,stock
2022-09-20,SHINE,282.0,278.1,283.0,277.0,23218,stock
2022-09-21,SHINE,282.0,282.5,285.9,278.0,15331,stock
2022-09-22,SHINE,286.0,280.0,286.0,278.5,11866,stock
2022-09-25,SHINE,276.0,274.5,281.4,270.3,7423,stock
2022-09-27,SHINE,278.0,280.0,283.0,272.6,19194,stock
2022-09-28,SHINE,284.0,280.0,284.0,278.1,6748,stock
2022-09-29,SHINE,284.0,282.9,284.9,278.0,14782,stock
2022-10-09,SHINE,285.0,291.0,294.7,284.1,11082,stock
2022-10-10,SHINE,296.8,287.0,296.8,282.0,13431,stock
2022-10-11,SHINE,289.0,284.0,289.0,281.0,9874,stock
2022-10-12,SHINE,285.0,285.0,291.0,281.2,34918,stock
2022-10-13,SHINE,290.0,290.4,291.0,286.0,12214,stock
2022-10-16,SHINE,286.0,283.1,288.9,282.0,9365,stock
2022-10-17,SHINE,281.0,281.5,286.0,280.5,3805,stock
2022-10-19,SHINE,281.0,278.0,281.0,277.1,8540,stock
2022-10-20,SHINE,275.0,278.0,280.1,273.0,8666,stock
2022-10-23,SHINE,278.0,280.0,282.0,276.0,4949,stock
2022-10-31,SHINE,285.6,299.8,301.5,285.0,52794,stock
2022-11-01,SHINE,302.0,310.0,312.9,298.0,57369,stock
2022-11-02,SHINE,310.0,315.0,318.0,304.0,75943,stock
2022-11-03,SHINE,309.1,315.0,321.0,308.8,84745,stock
2022-11-06,SHINE,321.3,324.9,326.0,312.0,42513,stock
2022-11-07,SHINE,326.0,324.0,331.9,320.0,76282,stock
2022-11-08,SHINE,330.4,323.0,330.4,318.5,56862,stock
2022-11-09,SHINE,329.0,313.0,329.0,310.0,52172,stock
2022-11-10,SHINE,319.2,305.3,319.2,305.0,75804,stock
2022-11-13,SHINE,310.5,307.0,315.0,305.0,23026,stock
2022-11-14,SHINE,307.0,314.0,314.0,305.6,29918,stock
2022-11-15,SHINE,317.9,310.0,317.9,309.0,30220,stock
2022-11-16,SHINE,314.0,317.0,318.0,311.0,22407,stock
2022-11-17,SHINE,323.0,322.0,324.6,317.6,89240,stock
2022-11-22,SHINE,326.0,320.0,328.0,316.8,37165,stock
2022-11-23,SHINE,316.1,327.0,329.0,315.4,55281,stock
2022-11-24,SHINE,333.0,343.0,345.9,333.0,225483,stock
2022-11-27,SHINE,345.0,350.0,350.5,341.1,108032,stock
2022-11-28,SHINE,344.0,341.0,352.0,339.0,170248,stock
2022-11-29,SHINE,339.0,341.9,344.0,338.1,44293,stock
2022-11-30,SHINE,341.5,340.0,342.1,339.2,32204,stock
2022-12-01,SHINE,340.0,341.0,344.8,338.0,101748,stock
2022-12-04,SHINE,341.1,340.1,344.0,340.1,41431,stock
2022-12-05,SHINE,338.1,332.1,341.9,332.1,45307,stock
2022-12-06,SHINE,330.1,330.0,335.0,329.0,48709,stock
2022-12-07,SHINE,330.0,326.0,332.0,326.0,35916,stock
2022-12-11,SHINE,327.0,325.0,330.0,322.7,31442,stock
2022-12-12,SHINE,328.9,334.0,334.9,325.0,31731,stock
2022-12-13,SHINE,329.0,334.0,335.0,328.1,22749,stock
2022-12-14,SHINE,330.7,329.0,334.8,328.0,16987,stock
2022-12-15,SHINE,333.8,325.3,333.8,325.0,30419,stock
2022-12-18,SHINE,327.0,324.4,327.0,321.0,34256,stock
2022-12-19,SHINE,324.0,329.9,333.0,324.0,13478,stock
2022-12-20,SHINE,330.0,335.9,338.0,330.0,37715,stock
2022-12-21,SHINE,342.0,332.0,342.5,332.0,43663,stock
2022-12-22,SHINE,335.0,333.0,336.0,331.1,35123,stock
2022-12-26,SHINE,339.6,344.0,345.9,336.0,155661,stock
2022-12-27,SHINE,309.6,318.0,325.0,309.6,97467,stock
2022-12-28,SHINE,318.0,314.0,320.1,311.7,27352,stock
2022-12-29,SHINE,314.0,323.0,324.9,309.1,50133,stock
2023-01-01,SHINE,328.0,321.0,329.0,314.0,56778,stock
2023-01-02,SHINE,321.0,321.0,326.0,319.0,58484,stock
2023-01-03,SHINE,324.5,316.4,324.5,314.6,41939,stock
2023-01-04,SHINE,320.7,326.1,330.0,315.1,83645,stock
2023-01-05,SHINE,332.0,331.0,337.0,326.1,89574,stock
2023-01-08,SHINE,332.9,337.0,340.0,326.1,93142,stock
2023-01-09,SHINE,338.0,350.0,350.0,331.0,111454,stock
2023-01-10,SHINE,354.5,351.1,369.9,350.0,253322,stock
2023-01-12,SHINE,358.1,345.2,371.0,345.0,129833,stock
2023-01-17,SHINE,352.1,353.0,358.0,342.0,88824,stock
2023-01-18,SHINE,353.0,353.3,364.0,353.0,92488,stock
2023-01-19,SHINE,353.5,354.9,360.9,350.0,84667,stock
2023-01-23,SHINE,360.0,357.0,365.0,357.0,150937,stock
2023-01-24,SHINE,358.0,358.2,364.0,353.0,55761,stock
2023-01-25,SHINE,363.0,360.1,367.0,358.7,50890,stock
2023-01-26,SHINE,365.0,359.0,365.0,355.1,35076,stock
2023-01-29,SHINE,352.0,355.0,360.3,351.9,42126,stock
2023-01-30,SHINE,359.0,347.4,359.0,345.0,88525,stock
2023-01-31,SHINE,341.0,345.0,348.0,341.0,46821,stock
2023-02-01,SHINE,345.0,344.0,348.0,342.5,28606,stock
2023-02-02,SHINE,349.0,341.0,350.0,341.0,34562,stock
2023-02-05,SHINE,347.0,341.1,347.0,340.0,23882,stock
2023-02-06,SHINE,340.9,341.0,343.0,336.0,20784,stock
2023-02-07,SHINE,344.0,359.0,360.0,343.0,65451,stock
2023-02-08,SHINE,365.0,360.9,369.9,351.9,95017,stock
2023-02-09,SHINE,354.6,364.0,365.0,354.6,34823,stock
2023-02-12,SHINE,357.0,351.0,357.0,346.3,79172,stock
2023-02-14,SHINE,346.0,348.0,355.0,345.1,36877,stock
2023-02-15,SHINE,348.0,341.9,351.9,340.0,22431,stock
2023-02-16,SHINE,340.1,339.0,344.0,338.0,27709,stock
2023-02-20,SHINE,335.0,338.3,340.0,335.0,17594,stock
2023-02-22,SHINE,338.0,344.9,350.0,338.0,32971,stock
2023-02-23,SHINE,339.0,342.0,345.0,337.1,35137,stock
2023-02-26,SHINE,339.0,344.0,344.0,330.1,33691,stock
2023-02-27,SHINE,346.0,343.8,346.0,333.5,20103,stock
2023-02-28,SHINE,348.0,346.9,348.0,340.0,21627,stock
2023-03-01,SHINE,342.0,339.0,342.0,335.0,10839,stock
2023-03-02,SHINE,334.1,334.0,338.5,332.0,21156,stock
2023-03-05,SHINE,334.0,334.8,337.0,323.0,39052,stock
2023-03-07,SHINE,338.8,335.0,340.0,330.0,15399,stock
2023-03-09,SHINE,341.0,343.1,348.8,338.0,34274,stock
2023-03-12,SHINE,344.1,339.0,345.9,336.0,22716,stock
2023-03-13,SHINE,335.2,335.0,338.0,333.1,12203,stock
2023-03-14,SHINE,334.0,341.0,341.7,330.0,36938,stock
2023-03-15,SHINE,342.9,337.0,342.9,330.0,32841,stock
2023-03-16,SHINE,333.0,333.9,337.0,330.0,19582,stock
2023-03-19,SHINE,335.0,331.7,335.0,331.0,7848,stock
2023-03-20,SHINE,334.0,335.9,336.0,332.0,12577,stock
2023-03-22,SHINE,335.0,329.8,336.0,328.6,24301,stock
2023-03-23,SHINE,325.0,326.0,330.0,322.1,28133,stock
2023-03-26,SHINE,320.0,319.0,328.0,314.1,29548,stock
2023-03-27,SHINE,315.1,325.5,327.0,315.1,20950,stock
2023-03-28,SHINE,331.0,324.0,332.0,318.7,35809,stock
2023-03-29,SHINE,325.0,321.9,325.0,319.0,19038,stock
2023-03-30,SHINE,321.9,318.6,325.0,318.6,13245,stock
2023-04-02,SHINE,324.0,314.0,326.0,312.0,27384,stock
2023-04-03,SHINE,318.0,307.0,318.0,306.0,28114,stock
2023-04-04,SHINE,305.0,312.0,313.1,304.1,21534,stock
2023-04-05,SHINE,314.9,311.5,314.9,307.4,8450,stock
2023-04-06,SHINE,314.0,310.0,314.0,306.8,21044,stock
2023-04-09,SHINE,306.5,303.0,309.9,302.0,27318,stock
2023-04-10,SHINE,300.2,305.0,308.0,300.2,20628,stock
2023-04-11,SHINE,309.0,311.0,311.0,303.0,27179,stock
2023-04-12,SHINE,311.1,329.9,330.0,311.0,49018,stock
2023-04-13,SHINE,325.0,323.0,335.0,322.0,48610,stock
2023-04-16,SHINE,325.0,327.0,327.0,319.0,23739,stock
2023-04-17,SHINE,322.0,318.0,327.0,316.7,15958,stock
2023-04-18,SHINE,317.0,318.0,321.9,310.7,15871,stock
2023-04-19,SHINE,324.0,324.0,324.0,318.0,10447,stock
2023-04-20,SHINE,330.0,320.4,330.0,318.1,13324,stock
2023-04-23,SHINE,320.0,319.9,322.0,318.0,23474,stock
2023-04-24,SHINE,326.0,319.0,326.0,317.0,16395,stock
2023-04-25,SHINE,319.0,326.0,327.4,317.0,36154,stock
2023-04-26,SHINE,328.9,321.9,328.9,321.0,20970,stock
2023-04-27,SHINE,318.0,323.0,324.5,318.0,15588,stock
2023-04-30,SHINE,328.0,319.0,328.0,318.5,12870,stock
2023-05-02,SHINE,320.8,318.2,321.0,318.0,13728,stock
2023-05-03,SHINE,316.0,318.0,322.0,314.5,8135,stock
2023-05-04,SHINE,320.0,319.1,322.0,315.5,10522,stock
2023-05-07,SHINE,315.0,318.0,321.0,315.0,9572,stock
2023-05-08,SHINE,314.0,316.0,319.0,314.0,14130,stock
2023-05-09,SHINE,315.0,316.8,320.0,313.0,13818,stock
2023-05-10,SHINE,317.3,319.0,321.0,314.1,20154,stock
2023-05-11,SHINE,320.0,318.0,320.0,315.7,11279,stock
2023-05-14,SHINE,320.0,314.7,323.0,314.0,18817,stock
2023-05-15,SHINE,313.2,316.0,318.0,313.1,8432,stock
2023-05-16,SHINE,316.0,316.1,318.4,315.0,8321,stock
2023-05-17,SHINE,322.4,321.0,324.8,319.0,20894,stock
2023-05-18,SHINE,324.5,333.1,335.0,324.0,30638,stock
2023-05-21,SHINE,334.0,335.0,343.7,331.0,61680,stock
2023-05-22,SHINE,332.0,337.5,340.0,330.0,33089,stock
2023-05-23,SHINE,340.0,345.0,348.0,336.0,46279,stock
2023-05-24,SHINE,345.0,344.0,348.0,340.0,17113,stock
2023-05-28,SHINE,340.3,334.0,348.0,334.0,45790,stock
2023-05-30,SHINE,328.1,325.1,332.0,322.0,38590,stock
2023-05-31,SHINE,321.0,319.0,330.0,316.6,44617,stock
2023-06-01,SHINE,325.0,321.3,327.0,317.0,15501,stock
2023-06-04,SHINE,327.7,334.0,340.0,327.7,22600,stock
2023-06-05,SHINE,339.0,330.0,339.8,329.0,37133,stock
2023-06-06,SHINE,330.0,331.2,335.0,330.0,14431,stock
2023-06-07,SHINE,336.0,338.0,342.0,335.0,48498,stock
2023-06-08,SHINE,342.9,341.0,345.6,337.0,38553,stock
2023-06-11,SHINE,342.0,358.0,361.0,340.0,124139,stock
2023-06-12,SHINE,361.0,356.1,366.0,353.0,102562,stock
2023-06-13,SHINE,363.1,365.0,369.0,350.0,110496,stock
2023-06-14,SHINE,368.9,360.0,371.0,352.0,102556,stock
2023-06-15,SHINE,367.2,358.7,367.2,353.1,61782,stock
2023-06-18,SHINE,364.0,358.0,367.0,356.1,88258,stock
2023-06-19,SHINE,358.0,376.9,377.0,358.0,227633,stock
2023-06-20,SHINE,376.0,377.0,394.5,372.0,220915,stock
2023-06-21,SHINE,379.9,373.0,382.0,368.1,99358,stock
2023-06-22,SHINE,369.1,368.0,376.0,365.0,70097,stock
2023-06-25,SHINE,369.0,387.1,390.0,369.0,156813,stock
2023-06-26,SHINE,393.0,390.0,399.5,380.0,132209,stock
2023-06-27,SHINE,390.0,390.0,395.0,385.0,110270,stock
2023-06-28,SHINE,390.0,380.1,394.3,380.0,79188,stock
2023-07-02,SHINE,376.0,367.0,382.0,367.0,91264,stock
2023-07-03,SHINE,367.5,367.0,377.0,366.0,80241,stock
2023-07-04,SHINE,374.3,370.0,374.5,366.0,47981,stock
2023-07-05,SHINE,377.0,363.7,377.0,363.6,48950,stock
2023-07-06,SHINE,366.9,369.9,377.1,360.3,69406,stock
2023-07-09,SHINE,376.0,376.0,377.0,370.0,71200,stock
2023-07-10,SHINE,379.0,378.8,384.0,375.4,77692,stock
2023-07-11,SHINE,384.0,387.0,395.0,373.4,169893,stock
2023-07-12,SHINE,393.0,389.0,395.0,387.2,125845,stock
2023-07-13,SHINE,394.5,385.0,396.0,383.3,95293,stock
2023-07-16,SHINE,392.0,384.0,392.0,380.0,45930,stock
2023-07-17,SHINE,389.0,410.0,410.0,382.0,193427,stock
2023-07-18,SHINE,415.0,405.0,415.0,401.0,158451,stock
2023-07-19,SHINE,405.0,405.0,409.9,400.0,91029,stock
2023-07-20,SHINE,405.0,402.0,408.8,399.0,105378,stock
2023-07-23,SHINE,405.0,414.8,424.0,400.0,159598,stock
2023-07-24,SHINE,415.0,399.0,415.0,399.0,169317,stock
2023-07-25,SHINE,406.9,393.0,406.9,391.0,99447,stock
2023-07-26,SHINE,400.0,392.0,400.0,391.0,70917,stock
2023-07-27,SHINE,392.0,392.1,413.0,392.0,146158,stock
2023-07-30,SHINE,397.0,385.1,399.0,384.2,77786,stock
2023-07-31,SHINE,385.0,389.0,398.0,384.0,68957,stock
2023-08-01,SHINE,396.0,383.0,396.0,379.5,44786,stock
2023-08-02,SHINE,389.0,383.0,389.0,377.0,48269,stock
2023-08-03,SHINE,387.9,382.0,392.0,381.4,43236,stock
2023-08-06,SHINE,384.0,374.0,384.8,373.1,65407,stock
2023-08-07,SHINE,375.4,375.0,383.0,372.0,50551,stock
2023-08-08,SHINE,375.2,373.0,382.5,373.0,47029,stock
2023-08-09,SHINE,372.0,384.9,385.0,370.0,42773,stock
2023-08-10,SHINE,390.0,384.0,390.0,380.0,49606,stock
2023-08-13,SHINE,388.0,386.0,388.9,382.1,50107,stock
2023-08-14,SHINE,380.0,386.0,392.5,380.0,66468,stock
2023-08-15,SHINE,385.0,376.0,389.0,375.0,51451,stock
2023-08-16,SHINE,370.0,378.0,382.0,370.0,50002,stock
2023-08-17,SHINE,378.0,379.0,387.0,378.0,45302,stock
2023-08-20,SHINE,375.0,379.0,382.0,374.0,31319,stock
2023-08-21,SHINE,377.0,378.9,384.0,376.3,25834,stock
2023-08-22,SHINE,380.9,387.0,387.0,375.0,29132,stock
2023-08-23,SHINE,383.5,389.0,391.0,383.5,38803,stock
2023-08-24,SHINE,389.0,381.0,392.0,379.0,57115,stock
2023-08-27,SHINE,380.0,378.0,383.0,375.2,25248,stock
2023-08-28,SHINE,378.0,381.8,383.9,375.3,12999,stock
2023-08-29,SHINE,377.5,377.1,381.9,377.1,17286,stock
2023-08-30,SHINE,377.0,379.9,381.0,375.1,23776,stock
2023-09-03,SHINE,377.0,373.0,378.0,373.0,21698,stock
2023-09-04,SHINE,375.0,375.0,379.0,369.0,27936,stock
2023-09-05,SHINE,375.0,375.0,376.0,372.0,13202,stock
2023-09-07,SHINE,375.0,371.4,377.9,370.5,19950,stock
2023-09-10,SHINE,375.0,374.0,377.0,372.3,20524,stock
2023-09-11,SHINE,371.1,381.0,383.0,371.1,26526,stock
2023-09-12,SHINE,385.0,373.6,385.0,373.6,21673,stock
2023-09-13,SHINE,375.0,388.0,388.0,375.0,37711,stock
2023-09-17,SHINE,380.4,376.0,387.0,375.2,16525,stock
2023-09-18,SHINE,376.0,375.7,378.0,371.1,13989,stock
2023-09-19,SHINE,376.0,381.0,384.5,374.1,18423,stock
2023-09-21,SHINE,388.6,402.0,402.0,386.0,123946,stock
2023-09-24,SHINE,403.0,390.1,403.0,390.1,57717,stock
2023-09-25,SHINE,386.0,390.0,395.0,385.2,37514,stock
2023-09-26,SHINE,397.0,392.0,398.0,392.0,34774,stock
2023-09-27,SHINE,391.0,386.0,394.0,385.0,36297,stock
2023-10-01,SHINE,386.0,382.0,386.0,380.0,24391,stock
2023-10-02,SHINE,379.0,383.2,387.9,377.2,23232,stock
2023-10-03,SHINE,385.0,387.0,387.0,381.1,57057,stock
2023-10-04,SHINE,387.0,388.0,392.0,383.0,21441,stock
2023-10-05,SHINE,388.9,386.9,390.0,385.5,25582,stock
2023-10-08,SHINE,380.0,379.0,385.0,377.0,25604,stock
2023-10-09,SHINE,379.0,375.0,380.0,372.0,25719,stock
2023-10-10,SHINE,375.0,368.0,375.0,367.0,47761,stock
2023-10-11,SHINE,374.9,368.0,374.9,360.0,27596,stock
2023-10-12,SHINE,370.0,366.0,372.0,366.0,18826,stock
2023-10-16,SHINE,359.1,358.4,366.0,355.0,17445,stock
2023-10-17,SHINE,364.0,358.0,371.0,353.0,15789,stock
2023-10-18,SHINE,358.0,369.8,369.9,358.0,11370,stock
2023-10-19,SHINE,365.3,367.2,372.0,362.5,18500,stock
2023-10-29,SHINE,364.0,365.0,366.0,360.0,15047,stock
2023-10-30,SHINE,365.0,368.0,371.5,358.5,10962,stock
2023-10-31,SHINE,364.0,361.0,367.0,360.0,9672,stock
2023-11-01,SHINE,364.0,360.0,366.0,359.0,9970,stock
2023-11-02,SHINE,360.0,356.2,363.0,356.0,8188,stock
2023-11-05,SHINE,356.0,353.5,363.2,348.5,15684,stock
2023-11-06,SHINE,353.1,362.0,363.8,353.1,10217,stock
2023-11-07,SHINE,362.1,360.0,364.0,358.0,5860,stock
2023-11-08,SHINE,360.0,360.0,364.1,357.0,4853,stock
2023-11-09,SHINE,364.9,363.2,364.9,357.0,15968,stock
2023-11-20,SHINE,370.0,368.0,372.0,364.0,17745,stock
2023-11-21,SHINE,361.0,370.0,370.0,361.0,18982,stock
2023-11-22,SHINE,370.0,368.0,370.0,362.6,12624,stock
2023-11-23,SHINE,368.0,374.0,376.9,365.0,19462,stock
2023-11-26,SHINE,376.0,390.0,391.0,374.1,109737,stock
2023-11-27,SHINE,352.9,361.0,363.0,352.9,39361,stock
2023-11-28,SHINE,358.1,358.0,362.0,355.2,41032,stock
2023-11-29,SHINE,358.0,358.9,360.0,352.1,29538,stock
2023-11-30,SHINE,366.0,350.0,366.0,350.0,17764,stock
2023-12-03,SHINE,354.0,350.0,354.0,346.6,16653,stock
2023-12-04,SHINE,348.0,355.4,361.0,348.0,15258,stock
2023-12-05,SHINE,351.0,349.9,363.1,349.9,26514,stock
2023-12-06,SHINE,355.0,353.0,355.0,349.0,22865,stock
2023-12-07,SHINE,347.8,354.5,357.0,347.8,13659,stock
2023-12-10,SHINE,361.5,373.9,376.0,361.5,9356,stock
2023-12-11,SHINE,378.0,364.0,378.0,363.1,94497,stock
2023-12-12,SHINE,362.0,380.0,382.5,361.1,112118,stock
2023-12-13,SHINE,387.6,380.0,387.6,372.4,73409,stock
2023-12-14,SHINE,379.9,387.0,387.0,374.0,68973,stock
2023-12-17,SHINE,394.7,420.0,420.0,379.2,113421,stock
2023-12-18,SHINE,428.0,409.9,428.0,400.0,189417,stock
2023-12-19,SHINE,414.0,435.0,435.0,395.0,218095,stock
2023-12-20,SHINE,426.3,420.0,426.5,409.7,180652,stock
2023-12-21,SHINE,420.0,411.0,422.0,402.0,128856,stock
2023-12-24,SHINE,419.2,398.9,419.2,397.0,117674,stock
2023-12-27,SHINE,398.9,398.0,400.1,392.1,104597,stock
2023-12-28,SHINE,398.0,391.0,399.5,387.0,97186,stock
2024-01-01,SHINE,394.9,395.3,400.0,385.0,81340,stock
2024-01-02,SHINE,403.2,386.0,403.2,384.0,35078,stock
2024-01-03,SHINE,386.5,390.0,392.8,382.0,41564,stock
2024-01-04,SHINE,397.8,384.0,397.8,383.0,78383,stock
2024-01-07,SHINE,390.0,381.9,390.0,380.0,65641,stock
2024-01-08,SHINE,388.0,395.5,409.0,381.2,59913,stock
2024-01-09,SHINE,397.0,410.9,426.0,394.0,174747,stock
2024-01-10,SHINE,418.0,401.0,419.0,399.0,108748,stock
2024-01-11,SHINE,405.0,396.0,405.0,395.1,39904,stock
2024-01-14,SHINE,403.9,398.0,405.0,392.0,54959,stock
2024-01-16,SHINE,405.0,405.0,412.9,403.0,63974,stock
2024-01-17,SHINE,413.1,415.0,420.0,403.1,220692,stock
2024-01-18,SHINE,423.0,409.0,423.0,404.1,168889,stock
2024-01-21,SHINE,408.0,400.0,411.0,398.1,117867,stock
2024-01-22,SHINE,394.2,393.0,402.0,390.0,79787,stock
2024-01-23,SHINE,400.8,392.0,400.8,388.0,48727,stock
2024-01-24,SHINE,392.0,386.5,399.7,386.4,67790,stock
2024-01-25,SHINE,386.0,389.9,392.8,383.1,37322,stock
2024-01-28,SHINE,390.0,397.4,397.8,387.0,58249,stock
2024-01-29,SHINE,405.3,398.0,405.3,393.0,63079,stock
2024-01-30,SHINE,399.0,393.0,400.0,392.1,26911,stock
2024-01-31,SHINE,399.0,387.0,399.0,383.1,66946,stock
2024-02-01,SHINE,379.5,381.0,387.0,379.5,46403,stock
2024-02-04,SHINE,373.7,385.0,390.0,373.7,50265,stock
2024-02-05,SHINE,384.3,383.0,386.0,381.0,23850,stock
2024-02-06,SHINE,385.0,388.0,392.0,383.0,21224,stock
2024-02-07,SHINE,395.7,389.0,395.7,387.1,25012,stock
2024-02-11,SHINE,395.0,389.0,395.0,388.0,18535,stock
2024-02-12,SHINE,387.0,390.0,393.0,386.2,16529,stock
2024-02-13,SHINE,382.3,382.5,390.0,382.1,19437,stock
2024-02-14,SHINE,386.0,393.0,403.0,379.0,120616,stock
2024-02-15,SHINE,394.2,387.0,396.0,382.3,61037,stock
2024-02-18,SHINE,380.0,381.0,386.0,380.0,35684,stock
2024-02-20,SHINE,388.0,380.0,388.0,378.0,45971,stock
2024-02-21,SHINE,382.0,380.0,386.0,377.1,33727,stock
2024-02-22,SHINE,380.0,375.1,395.3,374.0,34559,stock
2024-02-25,SHINE,375.1,370.0,382.4,368.2,52162,stock
2024-02-26,SHINE,372.0,372.0,374.0,370.0,26891,stock
2024-02-27,SHINE,372.0,375.0,376.9,370.0,29724,stock
2024-02-28,SHINE,379.0,370.8,379.0,369.0,33431,stock
2024-02-29,SHINE,368.0,359.9,370.0,358.0,28579,stock
2024-03-03,SHINE,358.8,362.0,367.0,353.0,30015,stock
2024-03-04,SHINE,369.0,390.0,390.0,369.0,9257,stock
2024-03-05,SHINE,397.8,372.0,397.8,371.0,50835,stock
2024-03-06,SHINE,365.0,373.0,379.5,360.0,42426,stock
2024-03-07,SHINE,380.0,374.9,380.3,372.5,24812,stock
2024-03-10,SHINE,375.0,372.5,382.0,372.5,24547,stock
2024-03-12,SHINE,379.0,383.7,385.5,377.2,48709,stock
2024-03-13,SHINE,391.3,385.0,391.3,382.0,46137,stock
2024-03-14,SHINE,387.0,380.0,389.1,377.5,43168,stock
2024-03-17,SHINE,380.0,378.0,387.5,378.0,41910,stock
2024-03-18,SHINE,385.0,378.0,390.0,377.0,41171,stock
2024-03-19,SHINE,378.0,373.3,385.0,373.3,30385,stock
2024-03-20,SHINE,380.7,373.0,380.7,370.0,24366,stock
2024-03-21,SHINE,365.6,376.8,380.0,365.6,49272,stock
2024-03-25,SHINE,384.3,372.3,384.3,371.5,27258,stock
2024-03-26,SHINE,364.9,373.0,378.0,364.9,34304,stock
2024-03-27,SHINE,379.9,368.0,379.9,366.0,16655,stock
2024-03-28,SHINE,363.5,371.0,373.0,363.5,19949,stock
2024-03-31,SHINE,364.0,369.8,371.0,364.0,16372,stock
2024-04-01,SHINE,368.0,370.0,372.0,368.0,16700,stock
2024-04-02,SHINE,368.7,371.0,371.0,368.3,25202,stock
2024-04-03,SHINE,378.4,366.5,378.4,365.2,19566,stock
2024-04-04,SHINE,373.8,364.8,373.8,363.0,33287,stock
2024-04-07,SHINE,370.0,377.0,379.0,360.0,50608,stock
2024-04-09,SHINE,378.0,376.0,383.9,373.0,39201,stock
2024-04-10,SHINE,375.6,369.0,380.0,367.0,19487,stock
2024-04-14,SHINE,364.0,370.0,375.0,364.0,37633,stock
2024-04-15,SHINE,365.0,369.8,384.0,365.0,24091,stock
2024-04-16,SHINE,368.0,367.0,371.0,365.4,16087,stock
2024-04-18,SHINE,365.0,360.2,371.0,360.0,22485,stock
2024-04-21,SHINE,360.0,363.0,363.5,354.0,23395,stock
2024-04-22,SHINE,369.0,359.0,370.0,358.0,10457,stock
2024-04-24,SHINE,359.0,359.5,364.9,355.0,16738,stock
2024-04-25,SHINE,360.0,358.1,363.9,358.0,29122,stock
2024-04-28,SHINE,358.0,366.0,369.0,358.0,29998,stock
2024-04-29,SHINE,366.0,371.0,375.0,363.0,30762,stock
2024-04-30,SHINE,363.6,397.7,407.5,363.6,459219,stock
2024-05-02,SHINE,389.8,400.0,431.0,389.8,324383,stock
2024-05-05,SHINE,392.0,391.0,412.0,390.0,234346,stock
2024-05-06,SHINE,392.0,385.9,393.0,383.0,77029,stock
2024-05-07,SHINE,391.9,387.0,396.0,381.3,60524,stock
2024-05-08,SHINE,393.8,384.0,393.9,378.0,47587,stock
2024-05-09,SHINE,391.6,393.4,398.6,381.1,86508,stock
2024-05-12,SHINE,396.9,392.5,410.0,387.0,66078,stock
2024-05-13,SHINE,395.0,387.9,397.0,386.0,68517,stock
2024-05-14,SHINE,395.0,412.0,426.0,382.7,291537,stock
2024-05-15,SHINE,412.0,396.9,412.0,395.1,109192,stock
2024-05-16,SHINE,400.0,391.0,400.0,390.0,49436,stock
2024-05-19,SHINE,398.8,408.0,423.0,385.0,185207,stock
2024-05-20,SHINE,409.9,418.0,430.0,398.3,329804,stock
2024-05-21,SHINE,410.0,400.1,413.0,400.1,72360,stock
2024-05-22,SHINE,395.3,400.0,407.0,395.3,86615,stock
2024-05-26,SHINE,399.8,392.6,405.9,392.6,73064,stock
2024-05-27,SHINE,399.0,398.0,402.0,391.2,92363,stock
2024-05-29,SHINE,405.9,395.0,407.0,391.0,161778,stock
2024-05-30,SHINE,401.0,388.0,401.0,387.0,92489,stock
2024-06-02,SHINE,394.4,390.3,397.0,388.0,48278,stock
2024-06-03,SHINE,398.0,389.0,398.0,388.5,34976,stock
2024-06-04,SHINE,393.0,386.2,393.9,385.0,38719,stock
2024-06-05,SHINE,387.0,385.0,392.0,385.0,61212,stock
2024-06-06,SHINE,391.0,384.0,391.0,384.0,85460,stock
2024-06-09,SHINE,384.0,380.0,387.0,378.6,66776,stock
2024-06-10,SHINE,380.0,381.8,385.0,379.7,60509,stock
2024-06-11,SHINE,389.0,387.0,391.0,379.1,81522,stock
2024-06-12,SHINE,393.9,387.0,393.9,385.7,34430,stock
2024-06-13,SHINE,385.0,389.0,405.0,384.2,128580,stock
2024-06-16,SHINE,390.0,387.0,392.0,384.2,29925,stock
2024-06-18,SHINE,379.3,382.0,387.0,379.3,30406,stock
2024-06-19,SHINE,381.0,381.5,385.0,380.5,14945,stock
2024-06-20,SHINE,389.1,380.1,389.1,380.0,35425,stock
2024-06-23,SHINE,378.1,379.5,384.0,378.0,29608,stock
2024-06-24,SHINE,378.0,384.0,386.0,378.0,61285,stock
2024-06-25,SHINE,385.0,383.0,388.0,382.0,32142,stock
2024-06-26,SHINE,389.8,380.0,389.8,378.2,20465,stock
2024-06-27,SHINE,380.0,376.0,383.0,373.4,45867,stock
2024-06-30,SHINE,373.2,373.4,378.9,373.2,22320,stock
2024-07-01,SHINE,374.0,378.0,379.0,374.0,33031,stock
2024-07-02,SHINE,385.5,384.9,401.0,380.1,47629,stock
2024-07-03,SHINE,384.0,390.5,394.0,378.1,90472,stock
2024-07-04,SHINE,398.3,404.0,407.0,385.0,340626,stock
2024-07-07,SHINE,412.0,402.0,412.0,400.0,166439,stock
2024-07-08,SHINE,403.0,402.0,408.0,397.5,89606,stock
2024-07-09,SHINE,405.0,410.0,416.0,403.3,190709,stock
2024-07-10,SHINE,418.2,408.0,418.2,404.6,87246,stock
2024-07-11,SHINE,412.0,407.0,416.1,405.1,99745,stock
2024-07-14,SHINE,410.0,415.0,417.0,407.0,223727,stock
2024-07-15,SHINE,418.0,405.1,421.1,405.1,169518,stock
2024-07-16,SHINE,405.2,431.0,431.7,405.2,237614,stock
2024-07-17,SHINE,434.0,455.0,472.2,425.0,369745,stock
2024-07-18,SHINE,458.0,475.0,486.3,457.0,585731,stock
2024-07-21,SHINE,475.0,485.0,494.4,467.1,431093,stock
2024-07-22,SHINE,487.0,481.6,490.9,472.0,306352,stock
2024-07-23,SHINE,482.0,497.0,502.8,478.0,436308,stock
2024-07-24,SHINE,506.9,496.0,516.0,492.0,314094,stock
2024-07-25,SHINE,499.0,494.0,504.0,487.0,300224,stock
2024-07-28,SHINE,503.8,530.5,539.0,481.0,314620,stock
2024-07-29,SHINE,541.1,509.9,541.1,508.0,278052,stock
2024-07-30,SHINE,511.0,555.0,560.8,503.0,498346,stock
2024-07-31,SHINE,560.0,546.0,562.9,540.0,546154,stock
2024-08-01,SHINE,535.1,523.0,545.8,519.0,461422,stock
2024-08-05,SHINE,520.0,529.0,532.9,507.0,466076,stock
2024-08-06,SHINE,537.0,503.0,537.0,502.1,373427,stock
2024-08-07,SHINE,503.0,553.0,553.0,495.1,427959,stock
2024-08-08,SHINE,549.0,535.0,550.0,533.0,365149,stock
2024-08-11,SHINE,540.0,536.0,545.0,532.0,380187,stock
2024-08-12,SHINE,536.0,548.1,560.0,530.0,573349,stock
2024-08-13,SHINE,554.0,537.3,565.0,533.0,255402,stock
2024-08-14,SHINE,536.0,540.0,549.9,522.0,258351,stock
2024-08-15,SHINE,545.0,532.0,554.0,532.0,350636,stock
2024-08-18,SHINE,542.6,539.0,574.0,524.5,296212,stock
2024-08-21,SHINE,539.0,590.0,590.0,530.0,237550,stock
2024-08-22,SHINE,578.2,590.0,625.0,555.7,1782742,stock
2024-08-25,SHINE,579.0,550.0,624.0,548.8,921071,stock
2024-08-27,SHINE,561.0,515.0,561.0,511.8,524208,stock
2024-08-28,SHINE,525.0,504.0,531.0,500.0,250753,stock
2024-08-29,SHINE,513.5,496.0,515.0,485.1,283193,stock
2024-09-01,SHINE,496.0,493.0,507.9,487.1,223417,stock
2024-09-02,SHINE,493.0,515.0,517.6,488.0,264138,stock
2024-09-03,SHINE,518.0,513.0,528.3,501.0,253985,stock
2024-09-04,SHINE,520.0,488.0,521.2,485.0,262130,stock
2024-09-05,SHINE,487.7,484.9,497.0,481.1,151516,stock
2024-09-08,SHINE,492.5,472.5,494.9,470.1,106667,stock
2024-09-09,SHINE,477.0,462.9,481.0,460.1,152989,stock
2024-09-10,SHINE,469.7,460.0,475.0,458.1,146789,stock
2024-09-11,SHINE,461.0,458.0,469.0,453.2,107265,stock
2024-09-12,SHINE,467.0,472.0,474.0,458.1,107695,stock
2024-09-15,SHINE,473.0,459.0,483.0,454.1,132978,stock
2024-09-16,SHINE,453.0,448.0,462.0,444.0,169556,stock
2024-09-18,SHINE,456.0,456.0,465.1,442.0,111454,stock
2024-09-22,SHINE,465.1,462.0,474.0,459.0,69090,stock
2024-09-23,SHINE,455.0,453.8,462.0,450.1,91204,stock
2024-09-24,SHINE,453.8,434.0,460.0,433.0,88165,stock
2024-09-25,SHINE,442.6,451.0,453.9,436.1,92556,stock
2024-09-26,SHINE,454.0,451.0,465.1,450.9,75876,stock
2024-09-29,SHINE,448.1,454.0,459.0,448.0,63818,stock
2024-09-30,SHINE,461.0,462.0,462.0,454.0,54319,stock
2024-10-01,SHINE,470.0,487.9,491.0,464.0,143780,stock
2024-10-02,SHINE,490.0,480.0,495.0,474.0,131563,stock
2024-10-06,SHINE,475.0,489.5,489.5,475.0,57746,stock
2024-10-07,SHINE,498.0,496.9,503.0,495.0,107365,stock
2024-10-08,SHINE,492.0,489.1,501.0,487.2,69568,stock
2024-10-09,SHINE,482.1,488.0,490.0,481.3,73779,stock
2024-10-15,SHINE,495.8,496.8,499.0,488.0,11737,stock
2024-10-16,SHINE,500.0,502.0,506.0,491.1,58947,stock
2024-10-17,SHINE,502.1,497.0,508.0,497.0,59560,stock
2024-10-20,SHINE,495.0,484.9,497.5,482.8,97995,stock
2024-10-21,SHINE,485.0,469.9,486.0,468.2,64117,stock
2024-10-22,SHINE,469.0,474.8,477.0,469.0,35272,stock
2024-10-23,SHINE,480.7,475.0,481.0,472.0,48526,stock
2024-10-24,SHINE,480.0,469.0,480.0,467.0,48716,stock
2024-10-27,SHINE,469.0,470.0,478.0,465.0,31498,stock
2024-10-28,SHINE,478.0,476.0,478.0,469.0,34414,stock
2024-10-29,SHINE,466.5,485.0,488.0,466.5,40672,stock
2024-10-30,SHINE,487.0,484.0,491.0,480.0,36985,stock
2024-11-05,SHINE,488.7,485.0,492.8,480.0,20164,stock
2024-11-06,SHINE,478.0,485.0,490.0,477.0,27637,stock
2024-11-10,SHINE,485.0,490.0,491.0,475.0,135690,stock
2024-11-11,SHINE,495.0,487.0,497.0,481.2,69223,stock
2024-11-12,SHINE,484.2,481.0,490.0,479.9,37724,stock
2024-11-13,SHINE,490.6,475.0,490.6,474.1,64208,stock
2024-11-14,SHINE,472.0,478.0,488.4,472.0,79104,stock
2024-11-17,SHINE,487.5,484.9,488.9,480.4,73996,stock
2024-11-19,SHINE,490.0,474.0,490.0,473.0,57097,stock
2024-11-20,SHINE,475.0,482.5,483.3,466.0,75007,stock
2024-11-21,SHINE,482.0,465.0,486.0,464.5,82331,stock
2024-11-24,SHINE,466.0,465.0,473.0,459.0,59044,stock
2024-11-25,SHINE,465.1,469.9,471.8,458.0,52192,stock
2024-11-26,SHINE,469.9,474.9,474.9,466.0,34064,stock
2024-11-27,SHINE,477.0,482.8,483.7,475.0,54693,stock
2024-11-28,SHINE,475.0,482.2,504.0,475.0,197728,stock
2024-12-01,SHINE,480.0,491.5,497.5,473.1,138254,stock
2024-12-02,SHINE,492.0,486.9,506.0,485.0,223212,stock
2024-12-03,SHINE,495.8,486.0,495.8,482.6,41480,stock
2024-12-04,SHINE,481.4,480.0,494.0,475.4,75103,stock
2024-12-05,SHINE,472.0,468.9,480.0,468.2,61479,stock
2024-12-08,SHINE,467.5,460.0,472.0,460.0,87115,stock
2024-12-09,SHINE,465.0,455.8,465.0,455.8,64720,stock
2024-12-10,SHINE,455.0,455.5,463.0,451.1,45369,stock
2024-12-11,SHINE,446.4,465.0,465.0,446.4,26447,stock
2024-12-12,SHINE,462.0,458.0,469.8,458.0,28886,stock
2024-12-16,SHINE,462.0,467.0,467.0,450.1,86640,stock
2024-12-17,SHINE,468.5,463.0,468.5,458.6,60935,stock
2024-12-18,SHINE,449.5,441.3,450.0,441.0,35347,stock
2024-12-19,SHINE,443.0,439.9,445.5,436.0,40307,stock
2024-12-22,SHINE,440.0,439.9,443.7,432.5,40238,stock
2024-12-23,SHINE,440.0,436.6,440.0,435.0,22027,stock
2024-12-24,SHINE,440.0,441.6,449.0,437.0,33851,stock
2024-12-26,SHINE,438.0,440.0,444.0,434.0,32912,stock
2024-12-29,SHINE,440.0,426.0,440.0,424.1,41651,stock
2024-12-31,SHINE,426.0,413.0,426.0,405.1,57986,stock
2025-01-01,SHINE,413.0,405.0,420.0,404.9,73680,stock
2025-01-02,SHINE,396.9,412.5,414.8,396.9,17376,stock
2025-01-05,SHINE,416.0,410.0,419.0,408.0,42483,stock
2025-01-06,SHINE,410.0,418.2,420.0,410.0,36416,stock
2025-01-07,SHINE,418.0,424.0,427.0,418.0,45932,stock
2025-01-08,SHINE,429.0,426.0,429.0,420.0,55012,stock
2025-01-09,SHINE,430.0,420.0,430.0,418.0,25462,stock
2025-01-12,SHINE,419.0,411.2,419.0,410.1,25191,stock
2025-01-13,SHINE,410.1,407.0,413.9,407.0,31084,stock
2025-01-15,SHINE,414.0,410.0,414.9,408.3,25603,stock
2025-01-16,SHINE,417.5,411.9,417.5,406.1,26765,stock
2025-01-19,SHINE,408.0,408.0,411.0,405.6,34582,stock
2025-01-20,SHINE,408.0,407.0,411.0,405.5,17424,stock
2025-01-21,SHINE,406.0,404.0,407.0,402.0,55649,stock
2025-01-22,SHINE,410.0,410.0,414.0,406.0,60674,stock
2025-01-23,SHINE,418.0,410.0,418.0,407.0,23635,stock
2025-01-26,SHINE,407.0,402.1,411.0,402.0,41203,stock
2025-01-27,SHINE,405.0,406.0,408.0,402.0,41184,stock
2025-01-28,SHINE,403.0,434.0,435.0,403.0,151109,stock
2025-02-02,SHINE,436.0,463.0,467.0,429.0,178920,stock
2025-02-03,SHINE,469.0,460.0,476.0,449.0,184297,stock
2025-02-04,SHINE,455.0,449.1,459.2,449.0,62406,stock
2025-02-05,SHINE,449.0,450.5,454.0,445.0,54946,stock
2025-02-06,SHINE,459.2,440.0,459.2,435.0,87782,stock
2025-02-09,SHINE,437.0,440.9,452.0,437.0,50708,stock
2025-02-10,SHINE,445.0,437.0,445.5,430.0,31520,stock
2025-02-11,SHINE,430.0,439.0,443.0,430.0,42640,stock
2025-02-12,SHINE,442.0,444.1,449.9,440.0,40428,stock
2025-02-13,SHINE,447.0,437.0,448.0,433.2,40361,stock
2025-02-16,SHINE,430.1,436.0,438.0,430.1,39370,stock
2025-02-17,SHINE,444.7,436.8,444.7,434.1,49471,stock
2025-02-18,SHINE,434.0,430.0,439.9,426.0,71651,stock
2025-02-20,SHINE,436.5,427.0,436.5,425.0,53720,stock
2025-02-23,SHINE,435.5,422.0,435.5,416.5,56229,stock
2025-02-24,SHINE,413.6,423.0,434.5,413.6,48979,stock
2025-02-25,SHINE,414.6,425.8,430.0,414.6,27323,stock
2025-02-27,SHINE,431.0,436.0,437.0,429.0,51761,stock
2025-03-02,SHINE,442.0,450.0,451.1,436.0,82510,stock
2025-03-03,SHINE,455.0,441.0,456.0,437.1,66009,stock
2025-03-04,SHINE,440.0,437.9,446.0,437.9,45674,stock
2025-03-05,SHINE,438.0,433.0,440.0,429.5,51166,stock
2025-03-06,SHINE,433.0,444.0,450.0,432.0,63300,stock
2025-03-09,SHINE,440.5,433.5,444.0,433.0,34125,stock
2025-03-10,SHINE,437.9,429.0,439.6,428.0,34192,stock
2025-03-11,SHINE,435.0,437.6,449.0,426.1,182384,stock
2025-03-12,SHINE,443.0,434.0,445.0,433.7,31246,stock
2025-03-16,SHINE,442.6,430.5,442.6,425.0,51435,stock
2025-03-17,SHINE,425.0,425.1,432.5,422.1,43232,stock
2025-03-18,SHINE,430.0,427.0,432.0,425.0,29201,stock
2025-03-19,SHINE,426.0,421.0,429.9,420.0,43759,stock
2025-03-20,SHINE,421.1,417.53,424.9,416.5,35556,stock
2025-03-23,SHINE,412.3,408.79,420.0,406.0,50195,stock
2025-03-24,SHINE,408.0,417.08,422.8,402.0,36712,stock
2025-03-25,SHINE,414.6,406.47,415.9,406.0,36477,stock
2025-03-26,SHINE,402.1,409.49,412.0,402.1,26280,stock
2025-03-27,SHINE,409.5,413.4,415.0,404.0,24144,stock
2025-03-30,SHINE,413.0,417.63,421.0,413.0,37890,stock
2025-04-01,SHINE,419.0,413.26,419.0,411.0,22074,stock
2025-04-02,SHINE,418.0,414.44,418.0,411.0,27288,stock
2025-04-03,SHINE,419.0,414.87,420.5,412.0,30054,stock
2025-04-07,SHINE,416.0,410.26,417.0,409.0,30204,stock
2025-04-08,SHINE,412.8,408.73,412.8,405.9,29914,stock
2025-04-09,SHINE,415.0,410.25,415.0,408.3,22267,stock
2025-04-10,SHINE,415.0,411.27,415.0,409.1,21795,stock
2025-04-13,SHINE,412.0,406.61,415.0,405.0,35412,stock
2025-04-15,SHINE,411.0,411.62,415.0,406.0,34102,stock
2025-04-16,SHINE,416.0,412.92,418.9,411.0,41360,stock
2025-04-17,SHINE,413.0,417.79,421.5,412.2,38730,stock
2025-04-20,SHINE,422.0,416.6,422.0,410.3,35852,stock
2025-04-21,SHINE,422.0,415.74,422.0,413.1,31514,stock
2025-04-22,SHINE,420.0,411.49,420.0,408.0,41163,stock
2025-04-23,SHINE,415.9,404.99,415.9,404.0,34022,stock
2025-04-24,SHINE,404.0,405.8,410.0,404.0,26133,stock
2025-04-27,SHINE,410.0,404.51,410.0,404.2,28895,stock
2025-04-28,SHINE,404.5,403.47,407.9,403.0,35040,stock
2025-04-29,SHINE,405.9,400.07,406.0,399.5,67176,stock
2025-04-30,SHINE,402.0,396.13,402.0,394.0,52650,stock
2025-05-04,SHINE,400.0,395.01,400.0,390.0,43748,stock
2025-05-05,SHINE,399.9,394.44,399.9,393.6,26512,stock
2025-05-06,SHINE,394.4,395.85,399.0,391.2,32227,stock
2025-05-07,SHINE,392.2,406.24,413.4,392.1,34573,stock
2025-05-08,SHINE,406.5,405.16,409.0,403.0,33686,stock
2025-05-11,SHINE,407.0,409.85,413.3,405.0,44573,stock
2025-05-13,SHINE,414.0,413.13,419.0,408.0,62873,stock
2025-05-14,SHINE,410.0,414.58,424.9,410.0,94801,stock
2025-05-15,SHINE,411.2,406.59,415.9,405.3,56191,stock
2025-05-18,SHINE,410.0,402.96,410.0,402.0,43383,stock
2025-05-19,SHINE,407.0,403.58,408.0,402.0,33122,stock
2025-05-20,SHINE,401.0,413.36,416.0,401.0,40005,stock
2025-05-21,SHINE,421.6,414.02,430.0,413.1,72355,stock
2025-05-22,SHINE,413.1,412.46,418.0,412.3,36064,stock
2025-05-25,SHINE,420.0,409.68,420.0,405.1,30876,stock
2025-05-26,SHINE,417.8,410.72,426.0,409.0,34881,stock
2025-05-27,SHINE,407.2,413.15,416.1,406.7,56637,stock
2025-05-28,SHINE,415.0,413.78,415.0,410.0,61175,stock
2025-06-02,SHINE,418.0,412.92,421.0,408.0,59933,stock
2025-06-03,SHINE,412.0,403.21,415.0,402.0,51289,stock
2025-06-04,SHINE,405.0,406.71,408.0,403.0,42201,stock
2025-06-05,SHINE,404.1,402.84,411.0,401.2,42573,stock
2025-06-08,SHINE,403.0,406.98,408.8,403.0,32646,stock
2025-06-09,SHINE,404.0,407.08,410.0,403.1,20377,stock
2025-06-10,SHINE,415.2,410.16,415.2,407.5,37247,stock
2025-06-11,SHINE,412.0,401.92,412.0,400.0,116148,stock
2025-06-12,SHINE,400.4,404.43,406.9,400.4,34959,stock
2025-06-15,SHINE,402.5,404.97,407.0,402.5,27419,stock
2025-06-16,SHINE,403.1,405.29,407.5,403.1,34047,stock
2025-06-17,SHINE,406.0,401.58,407.0,400.0,47065,stock
2025-06-18,SHINE,404.0,401.29,404.0,400.0,18649,stock
2025-06-19,SHINE,401.1,401.71,403.0,401.0,31286,stock
2025-06-22,SHINE,405.7,401.29,413.8,401.0,41536,stock
2025-06-23,SHINE,404.8,399.94,405.0,397.1,60557,stock
2025-06-24,SHINE,404.0,396.71,404.0,396.0,37574,stock
2025-06-25,SHINE,395.3,396.92,400.0,395.1,31994,stock
2025-06-26,SHINE,401.9,396.62,401.9,395.0,26857,stock
2025-06-29,SHINE,392.1,399.37,399.7,392.1,23462,stock
2025-06-30,SHINE,399.1,399.51,400.5,396.5,20675,stock
2025-07-01,SHINE,400.0,401.65,402.0,398.0,29338,stock
2025-07-02,SHINE,409.0,405.22,409.0,401.0,35008,stock
2025-07-03,SHINE,405.0,409.63,413.9,405.0,59087,stock
2025-07-06,SHINE,410.0,404.99,412.0,404.0,42335,stock
2025-07-07,SHINE,400.0,402.71,406.7,400.0,37152,stock
2025-07-08,SHINE,406.4,403.1,406.4,401.0,28782,stock
2025-07-09,SHINE,405.0,405.58,406.9,403.0,24468,stock
2025-07-10,SHINE,407.8,413.35,415.5,401.0,83281,stock
2025-07-13,SHINE,421.6,420.29,430.0,413.0,105482,stock
2025-07-14,SHINE,425.0,415.65,425.0,415.0,34747,stock
2025-07-15,SHINE,418.0,418.01,420.0,415.0,55367,stock
2025-07-16,SHINE,422.0,431.97,434.8,418.0,126073,stock
2025-07-17,SHINE,436.0,439.84,445.0,433.0,116335,stock
2025-07-20,SHINE,440.0,440.86,448.0,437.1,218508,stock
2025-07-21,SHINE,441.9,451.6,459.0,439.0,318195,stock
2025-07-22,SHINE,445.0,466.49,476.0,445.0,381669,stock
2025-07-23,SHINE,470.0,463.1,470.0,458.0,158258,stock
2025-07-24,SHINE,455.6,466.77,470.0,455.6,178635,stock
2025-07-27,SHINE,466.77,473.92,478.3,461.0,299849,stock
2025-07-28,SHINE,475.0,490.0,493.0,468.0,425513,stock
2025-07-29,SHINE,489.0,483.46,499.0,482.2,163983,stock
2025-07-30,SHINE,482.0,463.0,485.0,461.0,131717,stock
2025-07-31,SHINE,465.0,455.52,466.0,453.0,127604,stock
2025-08-03,SHINE,460.0,440.08,460.0,438.2,147690,stock
2025-08-04,SHINE,447.0,446.19,447.7,440.0,92244,stock
2025-08-05,SHINE,455.0,440.34,455.0,440.0,66522,stock
2025-08-06,SHINE,440.0,436.39,444.0,436.0,42717,stock
2025-08-07,SHINE,444.0,436.75,444.0,434.0,39656,stock
2025-08-11,SHINE,440.0,431.05,442.9,430.0,42289,stock
2025-08-12,SHINE,431.0,428.46,434.8,427.1,23561,stock
2025-08-13,SHINE,434.0,427.98,437.0,427.0,47260,stock
2025-08-14,SHINE,427.4,430.63,434.0,427.4,33047,stock
2025-08-17,SHINE,430.0,430.88,438.0,430.0,63115,stock
2025-08-18,SHINE,429.1,431.44,435.5,428.2,50475,stock
2025-08-19,SHINE,426.0,432.55,439.0,426.0,19376,stock
2025-08-20,SHINE,434.1,431.05,434.1,428.2,41992,stock
2025-08-21,SHINE,431.05,425.75,431.05,425.2,21451,stock
2025-08-24,SHINE,426.0,419.99,430.0,419.0,24997,stock
2025-08-25,SHINE,427.0,424.24,427.0,416.2,12061,stock
2025-08-26,SHINE,424.0,427.46,427.9,424.0,9020,stock
2025-08-27,SHINE,425.2,441.54,443.9,425.2,81637,stock
2025-08-28,SHINE,443.0,430.93,443.0,430.0,61803,stock
2025-08-31,SHINE,426.3,421.43,434.4,421.1,23450,stock
2025-09-01,SHINE,428.8,423.28,428.8,421.0,18413,stock
2025-09-02,SHINE,425.0,422.08,428.9,421.7,32146,stock
2025-09-03,SHINE,416.4,419.58,427.0,416.4,22812,stock
2025-09-04,SHINE,419.0,420.38,422.7,416.4,24128,stock
2025-09-07,SHINE,417.4,419.1,423.5,417.4,10834,stock
2025-09-08,SHINE,417.1,414.79,422.0,412.0,28729,stock
2025-09-18,SHINE,410.1,390.0,410.1,382.0,5171,stock
2025-09-21,SHINE,390.0,415.7,418.0,390.0,63790,stock
2025-09-23,SHINE,410.1,424.0,426.3,410.1,45134,stock
2025-09-24,SHINE,427.0,419.9,427.0,412.0,9776,stock
2025-09-25,SHINE,419.0,417.9,420.0,415.0,11832,stock
2025-09-28,SHINE,422.0,422.0,422.0,418.0,10764,stock
2025-10-07,SHINE,420.0,415.8,421.0,412.0,15535,stock
2025-10-08,SHINE,410.0,408.0,416.0,402.7,32411,stock
2025-10-09,SHINE,416.0,412.5,427.7,411.0,26000,stock
2025-10-12,SHINE,410.0,402.0,410.1,400.0,48857,stock
2025-10-13,SHINE,400.0,409.9,410.0,400.0,12579,stock
2025-10-14,SHINE,410.0,406.5,410.0,406.0,9641,stock
2025-10-15,SHINE,405.0,399.0,405.0,398.4,24690,stock
2025-10-16,SHINE,404.0,393.1,404.0,392.0,27595,stock
2025-10-19,SHINE,393.0,391.0,397.0,390.5,21400,stock
2025-10-26,SHINE,385.0,390.1,391.0,384.0,14143,stock
2025-10-28,SHINE,386.0,406.0,408.0,386.0,19429,stock
2025-10-29,SHINE,411.0,402.0,413.9,401.8,22725,stock
2025-10-30,SHINE,400.0,410.0,410.0,400.0,15974,stock
2025-11-02,SHINE,414.0,416.0,418.2,411.0,33481,stock
2025-11-03,SHINE,419.0,417.7,427.0,415.0,29828,stock
2025-11-04,SHINE,420.0,411.5,420.0,411.0,13426,stock
2025-11-05,SHINE,415.0,412.0,415.0,409.0,10613,stock
2025-11-06,SHINE,410.5,411.9,415.0,408.0,5473,stock
2025-11-09,SHINE,415.0,408.0,418.0,407.0,26268,stock
2025-11-10,SHINE,406.0,406.0,412.0,405.0,22370,stock
2025-11-11,SHINE,405.4,404.9,406.1,397.9,45769,stock
2025-11-12,SHINE,409.9,403.0,409.9,399.2,13352,stock
2025-11-13,SHINE,404.8,401.0,404.9,400.0,6718,stock
2025-11-16,SHINE,401.0,399.0,404.9,399.0,11826,stock
2025-11-17,SHINE,404.0,405.0,405.0,399.4,9678,stock
2025-11-18,SHINE,406.0,406.0,409.5,402.3,13249,stock
2025-11-19,SHINE,404.1,404.0,408.1,402.5,9189,stock
2025-11-20,SHINE,401.0,402.0,404.8,400.3,13613,stock
2025-11-23,SHINE,410.0,413.5,415.0,402.8,52758,stock
2025-11-24,SHINE,421.7,417.0,421.7,414.0,32121,stock
2025-11-25,SHINE,412.1,416.0,419.5,412.1,15593,stock
2025-11-26,SHINE,417.0,416.0,418.1,414.2,41131,stock
2025-11-27,SHINE,416.3,424.0,424.0,416.3,66716,stock
2025-11-30,SHINE,409.0,400.0,413.0,397.0,50004,stock
2025-12-01,SHINE,400.0,397.9,400.0,395.0,28665,stock
2025-12-02,SHINE,398.0,394.5,398.1,394.0,20658,stock
2025-12-03,SHINE,398.0,398.8,400.5,395.0,21697,stock
2025-12-07,SHINE,395.1,396.6,402.0,395.0,21235,stock
2025-12-08,SHINE,395.2,396.0,399.9,394.0,18265,stock
2025-12-09,SHINE,399.0,396.0,399.9,394.2,8652,stock
2025-12-10,SHINE,399.1,395.0,401.0,392.1,19081,stock
2025-12-11,SHINE,395.0,393.8,399.0,393.0,19684,stock
2025-12-14,SHINE,393.0,394.7,396.9,390.2,25965,stock
2025-12-15,SHINE,394.0,396.0,396.9,390.1,16449,stock
2025-12-16,SHINE,398.0,397.9,399.9,397.0,12097,stock
2025-12-17,SHINE,398.0,397.7,400.0,396.0,7081,stock
2025-12-18,SHINE,395.0,397.0,399.3,395.0,9659,stock
2025-12-21,SHINE,391.1,395.0,397.0,391.1,13557,stock
2025-12-22,SHINE,393.0,392.0,395.0,390.2,10938,stock
2025-12-23,SHINE,393.3,394.9,395.0,393.3,19307,stock
2025-12-24,SHINE,393.0,391.0,395.0,390.7,19517,stock
2025-12-28,SHINE,396.0,399.7,399.9,392.0,30339,stock
2025-12-29,SHINE,404.8,399.0,406.0,398.1,17991,stock
2025-12-31,SHINE,400.0,400.0,404.0,396.0,15909,stock
2026-01-01,SHINE,399.1,398.7,400.0,394.0,21944,stock
2026-01-04,SHINE,398.0,399.8,400.0,396.0,12252,stock
2026-01-05,SHINE,402.0,405.6,405.9,397.0,31015,stock
2026-01-06,SHINE,407.0,409.0,412.0,402.4,48765,stock
2026-01-07,SHINE,407.0,402.6,407.5,402.6,22594,stock
2026-01-08,SHINE,402.6,403.2,407.9,400.0,49873,stock
2026-01-12,SHINE,401.0,404.9,408.0,401.0,20810,stock
2026-01-13,SHINE,401.0,403.1,408.0,401.0,19315,stock
2026-01-14,SHINE,402.0,403.4,406.0,401.1,21546,stock
2026-01-18,SHINE,403.4,409.7,410.0,403.4,34252,stock
2026-01-20,SHINE,415.0,413.0,420.0,408.2,48264,stock
2026-01-21,SHINE,419.0,413.0,419.0,412.0,35235,stock
2026-01-22,SHINE,413.0,412.0,415.0,410.0,16996,stock
2026-01-25,SHINE,417.8,421.8,422.0,412.0,76910,stock
2026-01-26,SHINE,430.2,418.0,430.2,416.0,49096,stock
2026-01-27,SHINE,420.0,411.0,420.0,409.0,58534,stock
2026-01-28,SHINE,405.1,412.8,414.0,405.1,21402,stock
2026-01-29,SHINE,410.0,410.0,417.0,407.0,14992,stock
2026-02-01,SHINE,405.1,404.0,413.0,404.0,23169,stock
2026-02-02,SHINE,405.0,405.5,411.0,403.5,29089,stock
2026-02-03,SHINE,405.0,403.0,407.0,400.0,35045,stock
2026-02-04,SHINE,405.0,400.5,409.9,400.1,18789,stock
2026-02-05,SHINE,404.0,403.0,405.0,400.0,39410,stock
2026-02-08,SHINE,403.0,405.8,410.0,403.0,16839,stock
2026-02-09,SHINE,405.8,405.0,405.8,392.8,97507,stock
2026-02-10,SHINE,400.0,395.1,405.0,395.1,24032,stock
2026-02-11,SHINE,403.0,398.7,407.0,396.1,24806,stock
2026-02-12,SHINE,398.0,408.0,409.7,398.0,69045,stock
2026-02-16,SHINE,410.0,406.9,415.9,404.0,36512,stock
2026-02-17,SHINE,407.0,403.5,407.0,400.0,29362,stock
2026-02-22,SHINE,403.0,396.2,403.0,396.1,43153,stock
2026-02-23,SHINE,397.1,399.9,403.0,397.0,30515,stock
2026-02-24,SHINE,400.0,401.9,402.0,398.1,14669,stock
2026-02-25,SHINE,406.0,402.0,406.0,398.5,12331,stock
2026-02-26,SHINE,400.0,401.2,405.0,398.1,21256,stock
2026-03-01,SHINE,400.0,402.9,405.0,399.0,16852,stock
2026-03-03,SHINE,405.0,409.6,415.0,404.0,32334,stock
2026-03-09,SHINE,417.7,434.0,434.5,417.7,775,stock
2026-03-10,SHINE,440.0,429.0,440.0,415.0,87480,stock
2026-03-11,SHINE,430.0,418.0,430.0,418.0,32299,stock
2026-03-12,SHINE,415.0,425.7,426.0,415.0,52963,stock
2026-03-15,SHINE,425.8,435.5,437.0,422.0,73198,stock
2026-03-16,SHINE,444.2,425.1,444.2,424.0,64385,stock
2026-03-17,SHINE,424.0,423.0,429.9,417.0,31079,stock
2026-03-19,SHINE,422.0,433.0,438.5,421.4,120787,stock
2026-03-22,SHINE,441.6,443.9,449.7,437.0,244161,stock
2026-03-23,SHINE,439.0,439.9,444.0,433.0,78099,stock
2026-03-24,SHINE,437.0,449.0,449.0,435.8,147648,stock
2026-03-25,SHINE,447.0,438.4,447.0,438.0,96275,stock
2026-03-26,SHINE,429.7,440.0,440.0,429.7,69937,stock
2026-03-29,SHINE,440.0,427.0,440.0,427.0,75739,stock
2026-03-30,SHINE,427.0,418.0,430.0,415.5,63223,stock
2026-03-31,SHINE,410.0,421.1,426.5,410.0,59689,stock
2026-04-01,SHINE,415.1,408.1,420.0,406.9,58700,stock
2026-04-02,SHINE,408.0,410.0,413.0,402.0,35385,stock
2026-04-05,SHINE,418.0,399.0,418.0,398.0,68064,stock
2026-04-06,SHINE,405.0,410.0,413.0,400.0,98048,stock
2026-04-07,SHINE,412.0,407.0,414.6,403.3,30182,stock
2026-04-08,SHINE,407.0,413.4,414.5,406.2,25778,stock
2026-04-09,SHINE,412.0,419.0,420.0,411.3,30967,stock
2026-04-10,SHINE,419.0,413.0,419.9,410.0,43971,stock
2026-04-13,SHINE,408.0,413.0,415.0,408.0,13327,stock
2026-04-15,SHINE,409.0,420.0,422.5,409.0,17565,stock
2026-04-16,SHINE,420.0,415.7,420.0,412.0,27305,stock
2026-04-17,SHINE,418.8,415.0,418.8,409.1,21253,stock
2026-04-20,SHINE,408.2,410.1,415.0,408.1,11155,stock
2026-04-21,SHINE,410.0,407.0,419.0,407.0,18954,stock
2026-04-22,SHINE,427.3,411.4,427.3,396.0,33139,stock
2026-04-23,SHINE,411.0,407.1,411.0,403.0,11225,stock
2026-04-24,SHINE,427.4,402.1,427.4,396.0,21616,stock
2026-04-27,SHINE,402.1,404.0,407.0,402.0,17538,stock
2026-04-28,SHINE,404.0,401.8,409.0,401.2,17817,stock
2026-04-29,SHINE,401.0,401.4,405.0,400.1,18322,stock
2026-04-30,SHINE,400.0,405.0,407.0,400.0,25799,stock
2026-05-04,SHINE,400.1,402.5,409.5,400.0,16012,stock
2026-05-05,SHINE,400.1,406.0,406.0,398.0,46354,stock
2026-05-06,SHINE,410.0,406.0,415.0,401.5,10556,stock
2026-05-07,SHINE,401.1,407.8,407.8,401.1,5545,stock
2026-05-08,SHINE,408.0,409.6,410.0,405.0,8322,stock
2026-05-11,SHINE,414.8,413.5,414.8,408.0,25804,stock
2026-05-12,SHINE,412.0,411.5,414.0,410.0,23371,stock
2026-05-13,SHINE,411.5,410.5,411.5,407.0,5370,stock
2026-05-14,SHINE,410.5,410.0,410.5,405.0,26511,stock
2026-05-15,SHINE,430.5,408.3,430.5,401.1,3353,stock
2026-05-18,SHINE,406.0,409.0,409.9,405.0,7134,stock
2026-05-19,SHINE,409.0,408.3,411.0,407.6,8380,stock
2026-05-20,SHINE,408.3,411.7,413.0,408.3,10480,stock
2026-05-21,SHINE,411.0,412.9,414.8,411.0,7435,stock
2026-05-22,SHINE,412.0,412.0,413.0,406.1,7373,stock
2026-05-25,SHINE,414.9,415.0,415.9,412.5,14265,stock
2026-05-26,SHINE,418.0,416.5,418.0,412.2,7355,stock
2026-05-27,SHINE,419.0,418.0,419.1,415.1,21104,stock
2026-06-01,SHINE,410.0,414.0,419.0,410.0,14589,stock
2026-06-02,SHINE,415.0,417.7,417.8,412.0,18724,stock
2026-06-03,SHINE,432.0,419.0,432.0,414.0,13958,stock
2026-06-04,SHINE,415.1,416.0,417.1,415.0,8415,stock
2026-06-05,SHINE,416.0,417.0,419.3,414.2,16756,stock
2026-06-08,SHINE,414.0,413.0,416.0,412.5,15516,stock
2026-06-09,SHINE,412.0,412.0,413.0,409.0,17268,stock
2026-06-10,SHINE,408.4,411.1,414.0,408.4,7047,stock
2026-06-11,SHINE,411.0,410.0,414.5,408.4,10821,stock
2026-06-12,SHINE,430.5,408.6,430.5,407.0,7850,stock
2026-06-15,SHINE,408.6,408.0,411.0,407.4,14801,stock
2026-06-16,SHINE,410.0,407.5,410.0,403.1,20767,stock
2026-06-17,SHINE,410.0,405.0,410.0,400.0,40361,stock
2026-06-18,SHINE,409.0,406.9,409.0,405.0,8070,stock
2026-06-19,SHINE,410.0,409.9,410.0,406.0,14959,stock
2026-06-22,SHINE,409.9,408.2,409.9,406.0,16065,stock
2026-06-23,SHINE,408.0,404.9,408.0,404.0,21540,stock
2026-06-24,SHINE,405.0,405.5,406.0,403.2,20104,stock
2026-06-25,SHINE,405.5,402.5,406.9,402.5,17394,stock
2026-06-26,SHINE,406.0,404.0,406.0,402.4,13241,stock
2026-06-29,SHINE,402.6,400.0,403.0,399.0,24992,stock
2026-06-30,SHINE,401.0,396.4,401.0,396.2,17234,stock
2026-07-01,SHINE,398.1,403.0,406.0,398.0,11162,stock
2026-07-02,SHINE,415.6,403.0,415.6,398.0,8973,stock
2026-07-03,SHINE,404.9,402.0,406.5,402.0,13565,stock
2026-07-06,SHINE,401.5,400.0,402.0,398.3,12241,stock
2026-07-07,SHINE,400.1,407.8,408.0,398.1,12086,stock
2026-07-08,SHINE,410.0,403.0,410.0,399.1,22401,stock
2026-07-09,SHINE,403.0,399.9,403.0,399.0,26083,stock
2026-07-10,SHINE,402.0,398.0,405.0,398.0,14060,stock
2026-07-13,SHINE,398.0,397.0,399.4,396.0,15517,stock
2026-07-14,SHINE,397.0,396.9,398.9,395.3,21030,stock
2026-07-15,SHINE,397.5,397.5,402.3,397.0,14499,stock
2026-07-16,SHINE,417.3,415.0,417.3,395.0,22436,stock
2026-07-17,SHINE,412.5,413.9,413.9,407.0,18100,stock
2026-07-20,SHINE,414.0,419.0,425.0,412.0,33213,stock
2026-07-21,SHINE,416.0,415.9,423.0,412.0,22547,stock
2026-07-22,SHINE,415.9,414.0,415.9,412.0,22529,stock
2026-07-23,SHINE,414.0,417.0,417.0,410.0,11786,stock
2026-07-24,SHINE,420.0,417.5,421.7,417.0,23905,stock
2026-07-27,SHINE,420.9,415.0,420.9,414.0,23408,stock
2026-07-28,SHINE,414.0,414.5,415.0,410.0,24040,stock
2026-07-29,SHINE,414.5,412.4,414.9,411.6,6351,stock
2026-07-30,SHINE,410.0,410.0,414.5,407.0,13148,stock
2026-07-31,SHINE,410.0,413.0,413.0,406.0,10540,stock
2026-08-03,SHINE,407.4,411.9,415.0,407.4,8517,stock
2026-08-04,SHINE,415.0,412.7,416.0,411.0,19847,stock
2026-08-05,SHINE,415.0,411.5,415.0,409.1,22342,stock
2026-08-06,SHINE,410.2,408.2,413.0,408.1,20045,stock
2026-08-07,SHINE,408.5,407.2,410.0,407.0,7440,stock
2026-08-10,SHINE,408.0,407.0,410.0,406.0,13248,stock
2026-08-11,SHINE,418.1,410.0,418.1,406.0,14469,stock
2026-08-12,SHINE,410.0,410.0,410.0,405.0,15638,stock
2026-08-13,SHINE,414.9,414.7,415.0,409.0,10351,stock
2026-08-14,SHINE,414.7,414.9,415.5,410.2,9260,stock
2026-08-17,SHINE,414.0,414.0,416.0,412.0,19043,stock
2026-08-18,SHINE,414.0,411.5,415.0,410.1,7035,stock
2026-08-19,SHINE,410.5,412.0,415.0,409.0,12667,stock
2026-08-20,SHINE,412.0,411.6,413.0,409.0,2231,stock
2026-08-21,SHINE,410.0,409.0,411.0,409.0,7778,stock
2026-08-24,SHINE,408.0,408.0,409.9,405.4,23017,stock
2026-08-25,SHINE,406.2,409.0,409.0,405.0,13589,stock
2026-08-26,SHINE,405.2,405.0,409.0,402.3,10398,stock
2026-08-27,SHINE,405.0,408.0,410.0,402.5,7983,stock
2026-08-31,SHINE,404.0,407.0,408.5,404.0,19306,stock
2026-09-01,SHINE,414.8,407.9,414.8,404.0,11320,stock
2026-09-02,SHINE,411.0,407.8,415.0,405.5,21297,stock
2026-09-03,SHINE,405.5,408.9,410.0,401.0,20749,stock
2026-09-07,SHINE,410.0,419.9,423.0,410.0,37396,stock
2026-09-09,SHINE,417.1,416.5,422.6,413.0,20258,stock
2026-09-10,SHINE,415.0,417.0,418.0,412.2,21335,stock
2026-09-11,SHINE,415.0,422.0,422.0,414.2,24159,stock
2026-09-14,SHINE,428.0,426.1,430.0,425.0,86326,stock
2026-09-15,SHINE,434.0,432.0,438.2,427.2,91448,stock
2026-09-16,SHINE,433.3,427.6,433.3,427.0,44675,stock
2026-09-17,SHINE,433.0,430.0,433.0,428.5,39706,stock
2026-09-18,SHINE,431.0,430.0,434.0,428.0,89356,stock
2026-09-22,SHINE,433.0,431.9,433.0,430.0,67153,stock
2026-09-23,SHINE,433.0,429.1,433.0,428.7,66094,stock
2026-09-24,SHINE,428.1,433.0,434.0,428.0,81482,stock
2026-09-28,SHINE,435.0,428.9,435.0,426.9,214932,stock
2026-09-29,SHINE,407.5,398.0,407.5,398.0,37530,stock
2026-09-30,SHINE,398.0,396.9,401.0,395.0,29660,stock
2026-10-01,SHINE,394.4,396.6,399.1,391.0,41622,stock
2026-10-02,SHINE,398.7,393.9,400.0,393.5,32917,stock
