time,symbol,open,close,high,low,volume,category
2013-01-01,SHL,247.0,247.0,247.0,247.0,730,stock
2013-01-10,SHL,247.0,271.0,271.0,251.0,931,stock
2013-01-17,SHL,271.0,298.0,298.0,276.0,1321,stock
2013-01-20,SHL,298.0,294.0,294.0,290.0,625,stock
2013-01-22,SHL,294.0,304.0,304.0,295.0,550,stock
2013-01-23,SHL,304.0,301.0,310.0,301.0,1838,stock
2013-01-24,SHL,301.0,295.0,295.0,295.0,200,stock
2013-01-27,SHL,295.0,300.0,300.0,295.0,1090,stock
2013-01-28,SHL,300.0,300.0,300.0,300.0,100,stock
2013-01-30,SHL,300.0,295.0,295.0,295.0,108,stock
2013-01-31,SHL,295.0,290.0,291.0,290.0,200,stock
2013-02-03,SHL,290.0,282.0,285.0,282.0,660,stock
2013-02-04,SHL,282.0,280.0,280.0,280.0,220,stock
2013-02-05,SHL,280.0,285.0,285.0,285.0,333,stock
2013-02-06,SHL,285.0,272.0,280.0,272.0,1648,stock
2013-02-07,SHL,272.0,270.0,270.0,270.0,100,stock
2013-02-10,SHL,270.0,275.0,275.0,275.0,273,stock
2013-02-14,SHL,275.0,281.0,281.0,280.0,400,stock
2013-02-20,SHL,281.0,286.0,286.0,286.0,332,stock
2013-02-24,SHL,286.0,291.0,291.0,286.0,525,stock
2013-02-27,SHL,291.0,286.0,286.0,286.0,194,stock
2013-02-28,SHL,286.0,276.0,281.0,276.0,300,stock
2013-03-03,SHL,276.0,270.0,276.0,270.0,748,stock
2013-03-04,SHL,270.0,275.0,275.0,275.0,131,stock
2013-03-05,SHL,275.0,275.0,275.0,275.0,144,stock
2013-03-06,SHL,275.0,280.0,280.0,280.0,100,stock
2013-03-17,SHL,280.0,283.0,288.0,278.0,592,stock
2013-03-20,SHL,283.0,288.0,288.0,288.0,420,stock
2013-03-24,SHL,288.0,278.0,283.0,278.0,432,stock
2013-03-31,SHL,278.0,275.0,275.0,265.0,4016,stock
2013-04-02,SHL,275.0,270.0,270.0,270.0,261,stock
2013-04-03,SHL,270.0,261.0,266.0,261.0,1443,stock
2013-04-04,SHL,261.0,265.0,265.0,265.0,293,stock
2013-04-07,SHL,265.0,265.0,270.0,265.0,277,stock
2013-04-11,SHL,265.0,270.0,270.0,270.0,100,stock
2013-04-15,SHL,270.0,275.0,275.0,275.0,240,stock
2013-04-21,SHL,275.0,275.0,275.0,275.0,102,stock
2013-04-22,SHL,275.0,265.0,270.0,265.0,391,stock
2013-05-02,SHL,265.0,270.0,270.0,265.0,1616,stock
2013-05-06,SHL,270.0,270.0,270.0,270.0,138,stock
2013-05-15,SHL,270.0,265.0,265.0,265.0,2264,stock
2013-05-20,SHL,265.0,255.0,260.0,255.0,4392,stock
2013-06-12,SHL,255.0,266.0,270.0,260.0,1663,stock
2013-07-01,SHL,266.0,292.0,292.0,271.0,3810,stock
2013-07-02,SHL,292.0,290.0,294.0,290.0,549,stock
2013-07-03,SHL,290.0,291.0,291.0,291.0,133,stock
2013-07-04,SHL,291.0,280.0,286.0,280.0,874,stock
2013-07-07,SHL,280.0,280.0,280.0,280.0,2346,stock
2013-07-11,SHL,280.0,280.0,280.0,280.0,131,stock
2013-07-15,SHL,280.0,276.0,276.0,276.0,131,stock
2013-07-16,SHL,276.0,277.0,280.0,276.0,3704,stock
2013-07-18,SHL,277.0,280.0,280.0,280.0,177,stock
2013-07-21,SHL,280.0,285.0,285.0,285.0,100,stock
2013-07-22,SHL,285.0,285.0,285.0,285.0,1500,stock
2013-07-23,SHL,285.0,282.0,282.0,282.0,6000,stock
2013-07-24,SHL,282.0,275.0,277.0,275.0,10167,stock
2013-07-25,SHL,275.0,276.0,276.0,271.0,482,stock
2013-07-29,SHL,276.0,273.0,277.0,273.0,2303,stock
2013-08-07,SHL,273.0,283.0,283.0,278.0,641,stock
2013-08-08,SHL,283.0,282.0,282.0,282.0,3000,stock
2013-08-14,SHL,282.0,277.0,283.0,277.0,2200,stock
2013-08-15,SHL,277.0,270.0,282.0,270.0,27325,stock
2013-08-18,SHL,270.0,270.0,270.0,270.0,4392,stock
2013-08-19,SHL,270.0,280.0,280.0,275.0,900,stock
2013-08-20,SHL,280.0,286.0,287.0,275.0,21662,stock
2013-08-25,SHL,286.0,276.0,281.0,276.0,5281,stock
2013-08-26,SHL,276.0,276.0,276.0,276.0,438,stock
2013-08-27,SHL,276.0,282.0,282.0,280.0,900,stock
2013-09-01,SHL,282.0,282.0,282.0,277.0,14864,stock
2013-09-02,SHL,282.0,280.0,285.0,280.0,16900,stock
2013-09-03,SHL,280.0,280.0,284.0,280.0,30183,stock
2013-09-05,SHL,280.0,280.0,280.0,280.0,338,stock
2013-09-09,SHL,280.0,280.0,280.0,280.0,6000,stock
2013-09-10,SHL,280.0,280.0,280.0,280.0,1865,stock
2013-09-11,SHL,280.0,275.0,280.0,275.0,8487,stock
2013-09-16,SHL,275.0,279.0,279.0,279.0,500,stock
2013-09-17,SHL,279.0,275.0,280.0,274.0,9210,stock
2013-09-19,SHL,275.0,279.0,279.0,279.0,138,stock
2013-09-22,SHL,279.0,280.0,280.0,280.0,288,stock
2013-09-23,SHL,280.0,295.0,295.0,285.0,564,stock
2013-09-24,SHL,295.0,286.0,300.0,286.0,76569,stock
2013-09-25,SHL,286.0,290.0,290.0,290.0,108,stock
2013-09-26,SHL,290.0,306.0,312.0,285.0,9830,stock
2013-09-29,SHL,306.0,320.0,320.0,308.0,4657,stock
2013-09-30,SHL,320.0,325.0,332.0,325.0,1353,stock
2013-10-01,SHL,325.0,307.0,330.0,301.0,1360,stock
2013-10-02,SHL,307.0,307.0,307.0,301.0,1609,stock
2013-10-03,SHL,307.0,308.0,308.0,292.0,614,stock
2013-10-06,SHL,308.0,283.0,293.0,283.0,404,stock
2013-10-10,SHL,283.0,310.0,310.0,288.0,9142,stock
2013-10-20,SHL,310.0,341.0,341.0,316.0,4993,stock
2013-10-21,SHL,341.0,341.0,353.0,340.0,1382,stock
2013-10-22,SHL,341.0,347.0,347.0,341.0,4202,stock
2013-10-23,SHL,347.0,381.0,381.0,352.0,21957,stock
2013-10-24,SHL,381.0,395.0,410.0,385.0,11722,stock
2013-10-27,SHL,395.0,391.0,408.0,391.0,2525,stock
2013-10-28,SHL,391.0,392.0,398.0,392.0,2365,stock
2013-10-29,SHL,392.0,387.0,387.0,386.0,623,stock
2013-10-30,SHL,387.0,398.0,398.0,390.0,1823,stock
2013-10-31,SHL,398.0,391.0,391.0,391.0,1200,stock
2013-11-06,SHL,391.0,391.0,391.0,391.0,327,stock
2013-11-07,SHL,391.0,399.0,399.0,395.0,466,stock
2013-11-10,SHL,399.0,400.0,400.0,399.0,560,stock
2013-11-11,SHL,400.0,408.0,408.0,400.0,9432,stock
2013-11-12,SHL,408.0,399.0,401.0,399.0,4717,stock
2013-11-13,SHL,399.0,396.0,406.0,396.0,1441,stock
2013-11-14,SHL,396.0,399.0,408.0,399.0,5628,stock
2013-11-27,SHL,399.0,313.0,313.0,285.0,49732,stock
2013-11-28,SHL,313.0,331.0,331.0,319.0,300,stock
2013-12-01,SHL,331.0,364.0,364.0,337.0,2687,stock
2013-12-02,SHL,364.0,368.0,374.0,360.0,9800,stock
2013-12-03,SHL,368.0,360.0,375.0,360.0,661,stock
2013-12-04,SHL,360.0,353.0,353.0,353.0,48324,stock
2013-12-05,SHL,353.0,360.0,361.0,360.0,352,stock
2013-12-08,SHL,360.0,367.0,367.0,367.0,144,stock
2013-12-09,SHL,367.0,353.0,360.0,353.0,393,stock
2013-12-11,SHL,353.0,346.0,346.0,346.0,116,stock
2013-12-15,SHL,346.0,340.0,340.0,340.0,358,stock
2013-12-16,SHL,340.0,352.0,352.0,346.0,370,stock
2013-12-18,SHL,352.0,360.0,366.0,359.0,1528,stock
2013-12-19,SHL,360.0,373.0,373.0,366.0,2444,stock
2013-12-22,SHL,373.0,380.0,380.0,380.0,100,stock
2013-12-23,SHL,380.0,379.0,379.0,379.0,100,stock
2013-12-26,SHL,379.0,379.0,379.0,372.0,610,stock
2013-12-29,SHL,379.0,365.0,372.0,365.0,531,stock
2013-12-31,SHL,365.0,353.0,365.0,353.0,2960,stock
2014-01-02,SHL,353.0,365.0,365.0,355.0,650,stock
2014-01-05,SHL,365.0,335.0,364.0,335.0,5669,stock
2014-01-06,SHL,335.0,341.0,341.0,335.0,1329,stock
2014-01-07,SHL,341.0,325.0,360.0,325.0,13391,stock
2014-01-08,SHL,325.0,334.0,343.0,320.0,20508,stock
2014-01-09,SHL,334.0,330.0,339.0,322.0,8059,stock
2014-01-13,SHL,330.0,340.0,340.0,336.0,2482,stock
2014-01-14,SHL,340.0,346.0,346.0,346.0,187,stock
2014-01-16,SHL,346.0,380.0,380.0,352.0,5401,stock
2014-01-20,SHL,380.0,374.0,380.0,373.0,1250,stock
2014-01-21,SHL,374.0,360.0,367.0,360.0,1000,stock
2014-01-22,SHL,360.0,367.0,367.0,360.0,1147,stock
2014-01-23,SHL,367.0,360.0,370.0,360.0,1696,stock
2014-01-28,SHL,360.0,353.0,360.0,353.0,538,stock
2014-01-29,SHL,353.0,346.0,346.0,346.0,955,stock
2014-02-04,SHL,346.0,340.0,340.0,340.0,347,stock
2014-02-05,SHL,340.0,340.0,340.0,340.0,250,stock
2014-02-09,SHL,340.0,374.0,374.0,346.0,6790,stock
2014-02-10,SHL,374.0,393.0,411.0,381.0,1795,stock
2014-02-11,SHL,393.0,385.0,408.0,380.0,8046,stock
2014-02-12,SHL,385.0,423.0,423.0,380.0,32111,stock
2014-02-13,SHL,423.0,441.0,446.0,425.0,2138,stock
2014-02-16,SHL,441.0,440.0,449.0,440.0,1076,stock
2014-02-17,SHL,440.0,424.0,432.0,424.0,1100,stock
2014-02-18,SHL,424.0,432.0,432.0,420.0,22237,stock
2014-02-20,SHL,432.0,425.0,432.0,424.0,3797,stock
2014-02-23,SHL,425.0,425.0,433.0,425.0,2469,stock
2014-02-24,SHL,425.0,425.0,435.0,425.0,2706,stock
2014-02-25,SHL,425.0,420.0,420.0,400.0,17937,stock
2014-02-26,SHL,420.0,433.0,433.0,412.0,7599,stock
2014-03-03,SHL,433.0,453.0,453.0,422.0,7243,stock
2014-03-04,SHL,453.0,462.0,462.0,444.0,1718,stock
2014-03-05,SHL,462.0,467.0,470.0,441.0,33600,stock
2014-03-06,SHL,467.0,469.0,469.0,458.0,6252,stock
2014-03-11,SHL,469.0,456.0,465.0,456.0,200,stock
2014-03-12,SHL,456.0,440.0,447.0,440.0,300,stock
2014-03-13,SHL,440.0,417.0,433.0,417.0,749,stock
2014-03-17,SHL,417.0,401.0,415.0,400.0,3444,stock
2014-03-18,SHL,401.0,405.0,411.0,405.0,1920,stock
2014-03-19,SHL,405.0,413.0,418.0,413.0,2200,stock
2014-03-20,SHL,413.0,425.0,425.0,415.0,2531,stock
2014-03-23,SHL,425.0,420.0,420.0,411.0,2777,stock
2014-03-25,SHL,420.0,420.0,420.0,420.0,500,stock
2014-03-26,SHL,420.0,425.0,427.0,420.0,5085,stock
2014-03-27,SHL,425.0,446.0,446.0,422.0,5096,stock
2014-03-31,SHL,446.0,475.0,475.0,446.0,5130,stock
2014-04-01,SHL,475.0,465.0,489.0,465.0,9393,stock
2014-04-02,SHL,465.0,465.0,465.0,456.0,3659,stock
2014-04-03,SHL,465.0,455.0,460.0,447.0,11421,stock
2014-04-06,SHL,455.0,460.0,469.0,442.0,5423,stock
2014-04-07,SHL,460.0,455.0,455.0,455.0,500,stock
2014-04-09,SHL,455.0,455.0,464.0,450.0,2253,stock
2014-04-10,SHL,455.0,472.0,473.0,455.0,3936,stock
2014-04-13,SHL,472.0,465.0,480.0,463.0,9543,stock
2014-04-15,SHL,465.0,482.0,486.0,474.0,3962,stock
2014-04-16,SHL,482.0,476.0,485.0,475.0,4459,stock
2014-04-20,SHL,485.0,487.0,487.0,487.0,477,stock
2014-04-21,SHL,487.0,478.0,478.0,478.0,506,stock
2014-04-22,SHL,478.0,480.0,480.0,480.0,927,stock
2014-04-23,SHL,480.0,505.0,510.0,489.0,2715,stock
2014-04-27,SHL,505.0,508.0,508.0,500.0,2226,stock
2014-04-28,SHL,508.0,463.0,510.0,463.0,14499,stock
2014-04-29,SHL,463.0,454.0,454.0,454.0,7000,stock
2014-04-30,SHL,454.0,482.0,482.0,463.0,21068,stock
2014-05-04,SHL,482.0,501.0,501.0,491.0,1326,stock
2014-05-05,SHL,501.0,542.0,542.0,500.0,61777,stock
2014-05-06,SHL,542.0,548.0,555.0,543.0,3140,stock
2014-05-07,SHL,548.0,550.0,550.0,540.0,2100,stock
2014-05-08,SHL,550.0,508.0,544.0,500.0,20786,stock
2014-05-11,SHL,508.0,506.0,516.0,500.0,15166,stock
2014-05-12,SHL,506.0,490.0,499.0,481.0,272362,stock
2014-05-13,SHL,490.0,510.0,520.0,499.0,18472,stock
2014-05-15,SHL,510.0,538.0,549.0,520.0,4261,stock
2014-05-18,SHL,538.0,533.0,551.0,528.0,51188,stock
2014-05-19,SHL,533.0,540.0,549.0,484.0,48232,stock
2014-05-21,SHL,540.0,552.0,558.0,540.0,19903,stock
2014-05-22,SHL,552.0,542.0,563.0,542.0,4207,stock
2014-05-25,SHL,542.0,560.0,560.0,550.0,5600,stock
2014-05-26,SHL,560.0,540.0,558.0,540.0,4400,stock
2014-05-27,SHL,540.0,550.0,560.0,530.0,53477,stock
2014-05-28,SHL,550.0,550.0,550.0,540.0,12196,stock
2014-06-01,SHL,550.0,550.0,555.0,545.0,16879,stock
2014-06-02,SHL,550.0,565.0,565.0,549.0,8811,stock
2014-06-03,SHL,565.0,567.0,590.0,560.0,4188,stock
2014-06-04,SHL,567.0,557.0,557.0,557.0,2000,stock
2014-06-05,SHL,557.0,550.0,570.0,550.0,23191,stock
2014-06-08,SHL,550.0,550.0,560.0,550.0,24419,stock
2014-06-09,SHL,550.0,562.0,581.0,550.0,24759,stock
2014-06-10,SHL,562.0,575.0,576.0,553.0,41084,stock
2014-06-11,SHL,575.0,571.0,586.0,569.0,13211,stock
2014-06-12,SHL,571.0,577.0,588.0,574.0,6022,stock
2014-06-15,SHL,577.0,577.0,588.0,577.0,1073,stock
2014-06-16,SHL,577.0,600.0,600.0,570.0,26530,stock
2014-06-17,SHL,600.0,580.0,600.0,580.0,4620,stock
2014-06-18,SHL,580.0,592.0,592.0,582.0,482,stock
2014-06-19,SHL,592.0,591.0,595.0,590.0,2233,stock
2014-06-23,SHL,591.0,588.0,591.0,580.0,1726,stock
2014-06-24,SHL,588.0,580.0,580.0,580.0,1000,stock
2014-06-25,SHL,580.0,591.0,591.0,591.0,613,stock
2014-06-26,SHL,591.0,595.0,598.0,590.0,1238,stock
2014-06-29,SHL,595.0,601.0,601.0,592.0,2291,stock
2014-06-30,SHL,601.0,601.0,605.0,590.0,11140,stock
2014-07-01,SHL,601.0,595.0,615.0,595.0,1400,stock
2014-07-02,SHL,595.0,595.0,595.0,595.0,3884,stock
2014-07-03,SHL,595.0,588.0,595.0,588.0,1773,stock
2014-07-06,SHL,588.0,593.0,599.0,593.0,693,stock
2014-07-07,SHL,593.0,591.0,591.0,591.0,205,stock
2014-07-08,SHL,591.0,600.0,614.0,590.0,9477,stock
2014-07-09,SHL,600.0,606.0,606.0,600.0,897,stock
2014-07-10,SHL,606.0,597.0,606.0,595.0,2135,stock
2014-07-13,SHL,597.0,594.0,602.0,594.0,900,stock
2014-07-14,SHL,594.0,590.0,590.0,590.0,10921,stock
2014-07-15,SHL,590.0,589.0,590.0,589.0,12600,stock
2014-07-16,SHL,589.0,581.0,581.0,578.0,5234,stock
2014-07-17,SHL,581.0,592.0,592.0,592.0,136,stock
2014-07-20,SHL,592.0,596.0,606.0,590.0,6185,stock
2014-07-21,SHL,596.0,622.0,622.0,605.0,4055,stock
2014-07-22,SHL,622.0,620.0,625.0,620.0,1376,stock
2014-07-23,SHL,620.0,629.0,630.0,629.0,1300,stock
2014-07-24,SHL,629.0,629.0,641.0,629.0,440,stock
2014-07-27,SHL,629.0,605.0,617.0,605.0,5000,stock
2014-07-28,SHL,605.0,610.0,618.0,610.0,1825,stock
2014-07-30,SHL,610.0,642.0,642.0,622.0,861,stock
2014-07-31,SHL,642.0,646.0,652.0,636.0,2724,stock
2014-08-03,SHL,646.0,637.0,640.0,625.0,2713,stock
2014-08-04,SHL,637.0,628.0,628.0,628.0,2000,stock
2014-08-05,SHL,628.0,628.0,650.0,627.0,6324,stock
2014-08-06,SHL,628.0,630.0,635.0,629.0,9067,stock
2014-08-07,SHL,630.0,630.0,637.0,625.0,913,stock
2014-08-12,SHL,630.0,615.0,625.0,601.0,1443,stock
2014-08-13,SHL,615.0,615.0,615.0,603.0,3722,stock
2014-08-14,SHL,615.0,623.0,623.0,623.0,250,stock
2014-08-18,SHL,623.0,600.0,611.0,600.0,600,stock
2014-08-19,SHL,600.0,608.0,608.0,590.0,25469,stock
2014-08-20,SHL,608.0,600.0,610.0,600.0,1400,stock
2014-08-21,SHL,600.0,576.0,588.0,570.0,13519,stock
2014-08-24,SHL,576.0,600.0,600.0,544.0,19647,stock
2014-08-25,SHL,600.0,603.0,612.0,575.0,14728,stock
2014-08-26,SHL,603.0,598.0,608.0,590.0,4924,stock
2014-08-27,SHL,598.0,595.0,610.0,595.0,4262,stock
2014-08-28,SHL,595.0,605.0,612.0,599.0,1811,stock
2014-08-31,SHL,605.0,591.0,603.0,591.0,2883,stock
2014-09-03,SHL,591.0,590.0,602.0,589.0,1854,stock
2014-09-04,SHL,590.0,570.0,579.0,570.0,1265,stock
2014-09-07,SHL,570.0,559.0,559.0,559.0,100,stock
2014-09-09,SHL,559.0,570.0,570.0,560.0,3177,stock
2014-09-10,SHL,570.0,570.0,581.0,570.0,2023,stock
2014-09-15,SHL,575.0,590.0,590.0,585.0,5430,stock
2014-09-17,SHL,590.0,601.0,610.0,590.0,10225,stock
2014-09-21,SHL,585.0,583.0,597.0,575.0,14177,stock
2014-09-22,SHL,583.0,584.0,584.0,584.0,483,stock
2014-09-23,SHL,584.0,586.0,595.0,586.0,1342,stock
2014-09-24,SHL,586.0,597.0,597.0,594.0,1200,stock
2014-09-28,SHL,597.0,600.0,600.0,595.0,1213,stock
2014-09-29,SHL,600.0,630.0,630.0,610.0,5444,stock
2014-09-30,SHL,630.0,602.0,618.0,602.0,3724,stock
2014-10-09,SHL,602.0,600.0,612.0,600.0,1737,stock
2014-10-12,SHL,600.0,605.0,606.0,600.0,7597,stock
2014-10-13,SHL,605.0,600.0,610.0,600.0,2500,stock
2014-10-15,SHL,600.0,600.0,602.0,577.0,27353,stock
2014-10-16,SHL,600.0,600.0,600.0,588.0,3316,stock
2014-10-19,SHL,600.0,600.0,600.0,595.0,10100,stock
2014-10-20,SHL,600.0,600.0,600.0,575.0,42100,stock
2014-10-22,SHL,600.0,600.0,610.0,595.0,2713,stock
2014-10-26,SHL,600.0,595.0,609.0,595.0,3000,stock
2014-10-27,SHL,595.0,590.0,595.0,575.0,83178,stock
2014-10-28,SHL,590.0,605.0,605.0,594.0,12400,stock
2014-10-30,SHL,605.0,600.0,605.0,600.0,14300,stock
2014-11-02,SHL,600.0,602.0,605.0,591.0,5984,stock
2014-11-03,SHL,602.0,594.0,594.0,591.0,4440,stock
2014-11-04,SHL,594.0,591.0,597.0,586.0,3391,stock
2014-11-05,SHL,591.0,596.0,596.0,585.0,1200,stock
2014-11-06,SHL,596.0,600.0,600.0,596.0,10700,stock
2014-11-09,SHL,600.0,600.0,600.0,600.0,1100,stock
2014-11-11,SHL,600.0,595.0,595.0,595.0,100,stock
2014-11-12,SHL,595.0,604.0,604.0,592.0,1000,stock
2014-11-13,SHL,604.0,599.0,603.0,591.0,13781,stock
2014-11-16,SHL,599.0,590.0,600.0,590.0,12060,stock
2014-11-17,SHL,590.0,590.0,590.0,590.0,1000,stock
2014-11-18,SHL,590.0,580.0,585.0,569.0,9036,stock
2014-11-19,SHL,580.0,598.0,605.0,588.0,39361,stock
2014-11-20,SHL,598.0,600.0,609.0,593.0,21141,stock
2014-11-23,SHL,600.0,600.0,609.0,594.0,15261,stock
2014-11-24,SHL,600.0,598.0,608.0,593.0,15693,stock
2014-11-25,SHL,598.0,598.0,605.0,593.0,20377,stock
2014-11-30,SHL,598.0,602.0,602.0,596.0,3176,stock
2014-12-01,SHL,602.0,601.0,604.0,596.0,6708,stock
2014-12-02,SHL,601.0,606.0,606.0,598.0,4678,stock
2014-12-03,SHL,606.0,608.0,615.0,602.0,10815,stock
2014-12-04,SHL,608.0,610.0,610.0,600.0,4659,stock
2014-12-07,SHL,610.0,606.0,617.0,605.0,16307,stock
2014-12-08,SHL,606.0,605.0,609.0,600.0,7120,stock
2014-12-09,SHL,605.0,601.0,608.0,600.0,17049,stock
2014-12-10,SHL,601.0,599.0,607.0,599.0,14148,stock
2014-12-11,SHL,599.0,615.0,620.0,601.0,44745,stock
2014-12-14,SHL,439.0,482.0,482.0,447.0,1050,stock
2014-12-15,SHL,482.0,481.0,495.0,480.0,4373,stock
2014-12-16,SHL,481.0,485.0,485.0,472.0,1333,stock
2014-12-17,SHL,485.0,475.0,484.0,475.0,900,stock
2014-12-18,SHL,475.0,480.0,481.0,465.0,2640,stock
2014-12-21,SHL,480.0,480.0,480.0,480.0,500,stock
2014-12-22,SHL,480.0,466.0,473.0,466.0,1200,stock
2014-12-23,SHL,466.0,457.0,457.0,457.0,492,stock
2014-12-28,SHL,457.0,465.0,466.0,460.0,1500,stock
2014-12-29,SHL,465.0,475.0,475.0,470.0,510,stock
2014-12-31,SHL,475.0,471.0,475.0,470.0,1262,stock
2015-01-01,SHL,471.0,470.0,471.0,466.0,2400,stock
2015-01-04,SHL,470.0,470.0,470.0,470.0,500,stock
2015-01-05,SHL,470.0,475.0,488.0,475.0,1859,stock
2015-01-06,SHL,475.0,475.0,475.0,470.0,200,stock
2015-01-07,SHL,475.0,475.0,475.0,475.0,1120,stock
2015-01-08,SHL,475.0,480.0,484.0,470.0,2333,stock
2015-01-11,SHL,480.0,481.0,481.0,475.0,1600,stock
2015-01-12,SHL,481.0,475.0,485.0,475.0,1214,stock
2015-01-13,SHL,475.0,480.0,483.0,479.0,3200,stock
2015-01-14,SHL,480.0,475.0,482.0,471.0,3463,stock
2015-01-18,SHL,475.0,467.0,480.0,467.0,2700,stock
2015-01-19,SHL,467.0,480.0,490.0,476.0,2823,stock
2015-01-20,SHL,480.0,481.0,495.0,481.0,1800,stock
2015-01-22,SHL,481.0,482.0,485.0,478.0,2032,stock
2015-01-25,SHL,482.0,485.0,485.0,480.0,1046,stock
2015-01-26,SHL,485.0,480.0,485.0,480.0,3347,stock
2015-01-27,SHL,480.0,480.0,482.0,471.0,4679,stock
2015-01-28,SHL,480.0,470.0,480.0,466.0,12433,stock
2015-01-29,SHL,470.0,473.0,490.0,465.0,24394,stock
2015-02-01,SHL,473.0,470.0,480.0,470.0,4700,stock
2015-02-02,SHL,470.0,470.0,480.0,470.0,7429,stock
2015-02-03,SHL,470.0,472.0,475.0,452.0,29563,stock
2015-02-04,SHL,472.0,474.0,475.0,471.0,2000,stock
2015-02-05,SHL,474.0,470.0,470.0,466.0,1652,stock
2015-02-08,SHL,470.0,470.0,475.0,470.0,2200,stock
2015-02-09,SHL,470.0,466.0,475.0,466.0,3300,stock
2015-02-10,SHL,466.0,471.0,471.0,469.0,2189,stock
2015-02-11,SHL,471.0,470.0,470.0,470.0,510,stock
2015-02-12,SHL,470.0,467.0,475.0,465.0,4300,stock
2015-02-15,SHL,467.0,471.0,471.0,471.0,100,stock
2015-02-16,SHL,471.0,468.0,475.0,468.0,1200,stock
2015-02-22,SHL,468.0,460.0,469.0,460.0,1000,stock
2015-02-23,SHL,460.0,460.0,461.0,458.0,501,stock
2015-02-24,SHL,460.0,460.0,460.0,460.0,105,stock
2015-02-25,SHL,460.0,464.0,464.0,450.0,1945,stock
2015-02-26,SHL,464.0,470.0,474.0,465.0,547,stock
2015-03-01,SHL,487.0,478.0,478.0,478.0,800,stock
2015-03-02,SHL,478.0,486.0,487.0,486.0,200,stock
2015-03-04,SHL,486.0,471.0,480.0,467.0,1600,stock
2015-03-09,SHL,471.0,466.0,475.0,465.0,2200,stock
2015-03-10,SHL,466.0,461.0,470.0,461.0,6688,stock
2015-03-11,SHL,461.0,458.0,464.0,455.0,5000,stock
2015-03-12,SHL,458.0,458.0,467.0,455.0,3453,stock
2015-03-16,SHL,458.0,458.0,458.0,458.0,160,stock
2015-03-17,SHL,458.0,451.0,459.0,451.0,3530,stock
2015-03-18,SHL,451.0,460.0,460.0,451.0,1427,stock
2015-03-22,SHL,460.0,456.0,463.0,455.0,1243,stock
2015-03-23,SHL,456.0,457.0,457.0,450.0,1213,stock
2015-03-24,SHL,457.0,452.0,459.0,448.0,10500,stock
2015-03-25,SHL,452.0,443.0,461.0,443.0,2976,stock
2015-03-26,SHL,443.0,433.0,442.0,433.0,2065,stock
2015-03-29,SHL,433.0,441.0,441.0,440.0,1391,stock
2015-03-30,SHL,441.0,457.0,457.0,440.0,965,stock
2015-03-31,SHL,457.0,463.0,463.0,452.0,21250,stock
2015-04-01,SHL,463.0,455.0,463.0,446.0,4542,stock
2015-04-02,SHL,455.0,445.0,450.0,445.0,3222,stock
2015-04-08,SHL,445.0,453.0,453.0,450.0,304,stock
2015-04-09,SHL,453.0,450.0,456.0,450.0,3166,stock
2015-04-12,SHL,450.0,445.0,455.0,443.0,4952,stock
2015-04-13,SHL,445.0,450.0,451.0,450.0,1680,stock
2015-04-15,SHL,450.0,450.0,450.0,448.0,723,stock
2015-04-16,SHL,450.0,445.0,450.0,445.0,5700,stock
2015-04-19,SHL,445.0,447.0,448.0,445.0,2909,stock
2015-04-20,SHL,447.0,445.0,450.0,444.0,7533,stock
2015-04-21,SHL,445.0,445.0,446.0,445.0,2800,stock
2015-06-03,SHL,437.0,422.0,429.0,410.0,10467,stock
2015-06-04,SHL,422.0,420.0,428.0,415.0,8461,stock
2015-06-07,SHL,420.0,421.0,421.0,420.0,1023,stock
2015-06-08,SHL,421.0,419.0,420.0,415.0,4700,stock
2015-06-09,SHL,419.0,424.0,451.0,424.0,9279,stock
2015-06-10,SHL,424.0,417.0,421.0,416.0,5479,stock
2015-06-11,SHL,417.0,412.0,417.0,412.0,1040,stock
2015-06-14,SHL,412.0,408.0,413.0,408.0,2300,stock
2015-06-15,SHL,408.0,413.0,418.0,404.0,51320,stock
2015-06-16,SHL,413.0,412.0,417.0,411.0,3859,stock
2015-06-17,SHL,412.0,410.0,410.0,408.0,340,stock
2015-06-18,SHL,410.0,411.0,414.0,410.0,2657,stock
2015-06-21,SHL,411.0,408.0,415.0,404.0,11758,stock
2015-06-22,SHL,405.0,412.0,416.0,405.0,3177,stock
2015-06-23,SHL,411.0,413.0,413.0,410.0,10300,stock
2015-06-24,SHL,406.0,413.0,415.0,406.0,21052,stock
2015-06-25,SHL,415.0,418.0,418.0,412.0,7558,stock
2015-06-28,SHL,418.0,420.0,426.0,412.0,24967,stock
2015-06-29,SHL,413.0,424.0,430.0,412.0,6748,stock
2015-06-30,SHL,428.0,426.0,428.0,422.0,2245,stock
2015-07-01,SHL,427.0,426.0,427.0,425.0,20900,stock
2015-07-02,SHL,422.0,423.0,423.0,422.0,625,stock
2015-07-06,SHL,419.0,420.0,420.0,419.0,1107,stock
2015-07-07,SHL,420.0,425.0,425.0,418.0,6205,stock
2015-07-08,SHL,420.0,425.0,425.0,420.0,5859,stock
2015-07-09,SHL,421.0,425.0,425.0,421.0,2607,stock
2015-07-12,SHL,420.0,420.0,425.0,420.0,16080,stock
2015-07-13,SHL,420.0,420.0,420.0,420.0,2400,stock
2015-07-14,SHL,422.0,426.0,430.0,420.0,7258,stock
2015-07-15,SHL,425.0,433.0,433.0,424.0,4072,stock
2015-07-16,SHL,433.0,425.0,426.0,420.0,12635,stock
2015-07-22,SHL,430.0,438.0,438.0,430.0,1893,stock
2015-07-23,SHL,438.0,441.0,441.0,438.0,1820,stock
2015-07-26,SHL,441.0,450.0,450.0,449.0,300,stock
2015-07-27,SHL,450.0,442.0,460.0,442.0,1554,stock
2015-07-28,SHL,442.0,434.0,434.0,434.0,600,stock
2015-07-29,SHL,434.0,422.0,433.0,419.0,1343,stock
2015-07-30,SHL,422.0,425.0,425.0,420.0,1700,stock
2015-08-02,SHL,425.0,437.0,437.0,428.0,1101,stock
2015-08-03,SHL,437.0,429.0,429.0,429.0,1000,stock
2015-08-04,SHL,429.0,430.0,435.0,425.0,8563,stock
2015-08-05,SHL,430.0,432.0,446.0,427.0,3198,stock
2015-08-06,SHL,432.0,430.0,440.0,427.0,7121,stock
2015-08-11,SHL,430.0,438.0,438.0,438.0,140,stock
2015-08-17,SHL,446.0,446.0,446.0,446.0,100,stock
2015-08-19,SHL,454.0,490.0,490.0,454.0,3118,stock
2015-08-20,SHL,499.0,498.0,518.0,490.0,3100,stock
2015-08-23,SHL,500.0,485.0,500.0,481.0,2100,stock
2015-08-24,SHL,494.0,478.0,499.0,478.0,10300,stock
2015-08-25,SHL,470.0,470.0,480.0,470.0,4283,stock
2015-08-26,SHL,470.0,474.0,474.0,465.0,2100,stock
2015-08-27,SHL,470.0,478.0,478.0,470.0,600,stock
2015-08-31,SHL,470.0,479.0,479.0,470.0,1800,stock
2015-09-01,SHL,479.0,485.0,485.0,475.0,2884,stock
2015-09-02,SHL,487.0,478.0,487.0,478.0,520,stock
2015-09-03,SHL,470.0,470.0,470.0,470.0,500,stock
2015-09-06,SHL,470.0,455.0,470.0,450.0,7107,stock
2015-09-07,SHL,449.0,455.0,464.0,449.0,5285,stock
2015-09-08,SHL,448.0,450.0,455.0,448.0,4000,stock
2015-09-09,SHL,445.0,453.0,453.0,445.0,15451,stock
2015-09-10,SHL,455.0,449.0,455.0,445.0,5907,stock
2015-09-13,SHL,453.0,441.0,453.0,440.0,3700,stock
2015-09-14,SHL,445.0,446.0,446.0,441.0,5200,stock
2015-09-15,SHL,445.0,445.0,450.0,441.0,4900,stock
2015-09-16,SHL,448.0,448.0,451.0,447.0,8412,stock
2015-09-17,SHL,456.0,455.0,465.0,447.0,5317,stock
2015-09-22,SHL,446.0,438.0,446.0,438.0,1500,stock
2015-09-23,SHL,445.0,449.0,450.0,445.0,5780,stock
2015-09-24,SHL,446.0,450.0,450.0,446.0,2905,stock
2015-09-28,SHL,450.0,441.0,450.0,441.0,500,stock
2015-09-29,SHL,438.0,442.0,443.0,438.0,1818,stock
2015-09-30,SHL,450.0,450.0,450.0,450.0,100,stock
2015-10-01,SHL,450.0,448.0,450.0,448.0,1100,stock
2015-10-04,SHL,444.0,440.0,444.0,440.0,1200,stock
2015-10-05,SHL,440.0,440.0,445.0,435.0,2980,stock
2015-10-06,SHL,435.0,428.0,435.0,425.0,1613,stock
2015-10-07,SHL,422.0,422.0,422.0,422.0,280,stock
2015-10-08,SHL,428.0,436.0,436.0,428.0,700,stock
2015-10-11,SHL,428.0,428.0,428.0,428.0,200,stock
2015-10-14,SHL,430.0,430.0,430.0,430.0,100,stock
2015-10-15,SHL,430.0,425.0,430.0,425.0,936,stock
2015-10-18,SHL,422.0,422.0,422.0,422.0,100,stock
2015-10-19,SHL,430.0,430.0,440.0,430.0,1980,stock
2015-10-25,SHL,425.0,425.0,425.0,425.0,300,stock
2015-10-27,SHL,417.0,418.0,418.0,410.0,800,stock
2015-10-28,SHL,410.0,401.0,410.0,400.0,2600,stock
2015-10-29,SHL,400.0,408.0,408.0,400.0,740,stock
2015-11-01,SHL,416.0,420.0,420.0,416.0,471,stock
2015-11-02,SHL,428.0,415.0,444.0,415.0,2180,stock
2015-11-03,SHL,420.0,415.0,420.0,415.0,1700,stock
2015-11-04,SHL,410.0,422.0,422.0,410.0,1200,stock
2015-11-05,SHL,416.0,420.0,420.0,416.0,1300,stock
2015-11-09,SHL,425.0,430.0,430.0,425.0,1000,stock
2015-11-10,SHL,430.0,430.0,430.0,430.0,100,stock
2015-11-16,SHL,431.0,430.0,431.0,430.0,3074,stock
2015-11-18,SHL,432.0,427.0,432.0,427.0,946,stock
2015-11-19,SHL,420.0,427.0,430.0,420.0,2609,stock
2015-11-22,SHL,420.0,415.0,420.0,413.0,4240,stock
2015-11-23,SHL,415.0,419.0,419.0,407.0,5650,stock
2015-11-25,SHL,418.0,415.0,419.0,412.0,4333,stock
2015-11-26,SHL,408.0,415.0,415.0,406.0,6270,stock
2015-11-29,SHL,412.0,410.0,412.0,406.0,7682,stock
2015-11-30,SHL,411.0,415.0,415.0,411.0,2959,stock
2015-12-01,SHL,415.0,448.0,448.0,422.0,7280,stock
2015-12-03,SHL,456.0,418.0,440.0,410.0,10263,stock
2015-12-04,SHL,420.0,419.0,424.0,414.0,11114,stock
2015-12-07,SHL,420.0,415.0,420.0,409.0,10642,stock
2015-12-08,SHL,414.0,415.0,415.0,413.0,23500,stock
2015-12-09,SHL,421.0,421.0,445.0,415.0,14300,stock
2015-12-10,SHL,419.0,425.0,425.0,419.0,2340,stock
2015-12-13,SHL,430.0,425.0,433.0,425.0,7011,stock
2015-12-14,SHL,425.0,425.0,427.0,419.0,6150,stock
2015-12-15,SHL,423.0,434.0,438.0,421.0,28032,stock
2015-12-16,SHL,347.0,323.0,341.0,323.0,3600,stock
2015-12-17,SHL,317.0,340.0,341.0,317.0,6617,stock
2015-12-21,SHL,340.0,334.0,340.0,334.0,4300,stock
2015-12-22,SHL,333.0,327.0,333.0,326.0,4100,stock
2015-12-23,SHL,326.0,320.0,320.0,314.0,2700,stock
2015-12-24,SHL,316.0,317.0,325.0,314.0,2800,stock
2015-12-25,SHL,320.0,316.0,320.0,316.0,4100,stock
2015-12-28,SHL,316.0,325.0,326.0,316.0,7370,stock
2015-12-29,SHL,325.0,310.0,320.0,310.0,3749,stock
2015-12-31,SHL,316.0,320.0,328.0,316.0,5769,stock
2016-01-03,SHL,324.0,320.0,328.0,320.0,5316,stock
2016-01-04,SHL,320.0,310.0,325.0,310.0,12580,stock
2016-01-05,SHL,316.0,315.0,318.0,315.0,3200,stock
2016-01-06,SHL,320.0,320.0,320.0,320.0,200,stock
2016-01-07,SHL,325.0,323.0,326.0,320.0,5000,stock
2016-01-10,SHL,323.0,324.0,325.0,320.0,1500,stock
2016-01-11,SHL,325.0,320.0,325.0,320.0,600,stock
2016-01-12,SHL,320.0,318.0,324.0,318.0,4165,stock
2016-01-13,SHL,318.0,329.0,329.0,322.0,800,stock
2016-01-14,SHL,325.0,326.0,329.0,319.0,16613,stock
2016-01-17,SHL,332.0,330.0,337.0,330.0,1700,stock
2016-01-18,SHL,335.0,338.0,340.0,333.0,6398,stock
2016-01-19,SHL,337.0,335.0,340.0,335.0,750,stock
2016-01-20,SHL,335.0,331.0,335.0,331.0,2500,stock
2016-01-21,SHL,331.0,328.0,328.0,320.0,5500,stock
2016-01-24,SHL,328.0,338.0,338.0,320.0,7375,stock
2016-01-25,SHL,338.0,333.0,338.0,326.0,7911,stock
2016-01-26,SHL,333.0,325.0,334.0,325.0,4331,stock
2016-01-27,SHL,325.0,331.0,331.0,326.0,3080,stock
2016-01-28,SHL,331.0,330.0,331.0,330.0,1593,stock
2016-01-31,SHL,330.0,324.0,330.0,324.0,1300,stock
2016-02-01,SHL,324.0,342.0,348.0,325.0,10400,stock
2016-02-02,SHL,348.0,340.0,348.0,340.0,500,stock
2016-02-03,SHL,340.0,330.0,340.0,330.0,4400,stock
2016-02-04,SHL,330.0,330.0,330.0,328.0,1100,stock
2016-02-07,SHL,330.0,338.0,342.0,330.0,3870,stock
2016-02-08,SHL,338.0,326.0,332.0,326.0,2000,stock
2016-02-11,SHL,326.0,326.0,326.0,305.0,8586,stock
2016-02-14,SHL,322.0,314.0,322.0,314.0,1466,stock
2016-02-15,SHL,320.0,320.0,320.0,320.0,263,stock
2016-02-16,SHL,320.0,323.0,323.0,320.0,2801,stock
2016-02-17,SHL,323.0,324.0,324.0,317.0,2400,stock
2016-02-18,SHL,324.0,330.0,333.0,325.0,7198,stock
2016-02-21,SHL,335.0,333.0,335.0,330.0,2300,stock
2016-02-22,SHL,328.0,332.0,332.0,328.0,2733,stock
2016-02-23,SHL,332.0,328.0,331.0,328.0,900,stock
2016-02-24,SHL,323.0,322.0,323.0,322.0,4800,stock
2016-02-25,SHL,328.0,322.0,328.0,318.0,2950,stock
2016-02-28,SHL,322.0,320.0,323.0,317.0,3030,stock
2016-02-29,SHL,320.0,320.0,320.0,320.0,482,stock
2016-03-01,SHL,320.0,321.0,322.0,320.0,8380,stock
2016-03-02,SHL,316.0,318.0,321.0,316.0,9493,stock
2016-03-03,SHL,318.0,323.0,324.0,316.0,3470,stock
2016-03-06,SHL,323.0,329.0,329.0,317.0,5533,stock
2016-03-10,SHL,323.0,330.0,330.0,320.0,6880,stock
2016-03-13,SHL,330.0,325.0,332.0,325.0,4880,stock
2016-03-14,SHL,330.0,326.0,330.0,326.0,1220,stock
2016-03-15,SHL,330.0,326.0,330.0,326.0,3880,stock
2016-03-16,SHL,329.0,328.0,328.0,328.0,400,stock
2016-03-17,SHL,332.0,328.0,333.0,326.0,5153,stock
2016-03-20,SHL,328.0,329.0,334.0,328.0,6339,stock
2016-03-21,SHL,329.0,330.0,332.0,329.0,4900,stock
2016-03-23,SHL,325.0,330.0,330.0,325.0,1800,stock
2016-03-24,SHL,330.0,327.0,332.0,327.0,5613,stock
2016-03-27,SHL,327.0,327.0,332.0,326.0,13264,stock
2016-03-28,SHL,327.0,335.0,338.0,331.0,7257,stock
2016-03-29,SHL,330.0,332.0,332.0,330.0,3900,stock
2016-03-30,SHL,332.0,335.0,344.0,335.0,1758,stock
2016-03-31,SHL,335.0,331.0,333.0,331.0,541,stock
2016-04-03,SHL,331.0,340.0,340.0,337.0,1560,stock
2016-04-04,SHL,340.0,340.0,340.0,336.0,3000,stock
2016-04-05,SHL,345.0,338.0,345.0,338.0,3858,stock
2016-04-06,SHL,338.0,336.0,337.0,336.0,1850,stock
2016-04-10,SHL,336.0,335.0,335.0,330.0,3245,stock
2016-04-11,SHL,335.0,341.0,341.0,336.0,600,stock
2016-04-12,SHL,341.0,344.0,344.0,341.0,3107,stock
2016-04-14,SHL,344.0,348.0,348.0,342.0,2300,stock
2016-04-17,SHL,345.0,343.0,349.0,342.0,1300,stock
2016-04-18,SHL,343.0,351.0,351.0,343.0,10490,stock
2016-04-19,SHL,351.0,353.0,365.0,353.0,900,stock
2016-04-20,SHL,353.0,355.0,356.0,350.0,7946,stock
2016-04-21,SHL,355.0,358.0,369.0,353.0,7352,stock
2016-04-24,SHL,358.0,359.0,365.0,355.0,4286,stock
2016-04-25,SHL,359.0,362.0,374.0,360.0,5900,stock
2016-04-26,SHL,362.0,368.0,376.0,368.0,1300,stock
2016-04-27,SHL,368.0,355.0,368.0,355.0,2200,stock
2016-04-28,SHL,355.0,353.0,354.0,350.0,2498,stock
2016-05-02,SHL,353.0,350.0,350.0,350.0,500,stock
2016-05-03,SHL,350.0,357.0,364.0,355.0,77878,stock
2016-05-04,SHL,357.0,360.0,365.0,350.0,7988,stock
2016-05-05,SHL,360.0,367.0,367.0,355.0,4132,stock
2016-05-08,SHL,367.0,360.0,365.0,360.0,2100,stock
2016-05-09,SHL,360.0,362.0,363.0,359.0,3000,stock
2016-05-10,SHL,365.0,364.0,365.0,360.0,6229,stock
2016-05-11,SHL,364.0,370.0,371.0,359.0,2734,stock
2016-05-12,SHL,365.0,360.0,369.0,360.0,35600,stock
2016-05-15,SHL,360.0,364.0,365.0,360.0,7659,stock
2016-05-16,SHL,364.0,360.0,365.0,353.0,34200,stock
2016-05-17,SHL,356.0,363.0,363.0,355.0,3324,stock
2016-05-18,SHL,363.0,364.0,377.0,360.0,28600,stock
2016-05-19,SHL,364.0,365.0,370.0,360.0,2630,stock
2016-05-22,SHL,365.0,360.0,370.0,353.0,123900,stock
2016-05-23,SHL,360.0,360.0,364.0,355.0,3406,stock
2016-05-24,SHL,360.0,360.0,364.0,354.0,1580,stock
2016-05-25,SHL,360.0,355.0,360.0,353.0,2203,stock
2016-05-26,SHL,355.0,346.0,355.0,346.0,9541,stock
2016-05-29,SHL,346.0,350.0,354.0,346.0,5450,stock
2016-05-30,SHL,350.0,345.0,355.0,344.0,7400,stock
2016-05-31,SHL,345.0,348.0,351.0,345.0,6737,stock
2016-06-01,SHL,348.0,350.0,351.0,340.0,11600,stock
2016-06-02,SHL,350.0,357.0,364.0,350.0,3420,stock
2016-06-05,SHL,357.0,392.0,392.0,364.0,64476,stock
2016-06-06,SHL,392.0,384.0,431.0,365.0,122077,stock
2016-06-07,SHL,379.0,376.0,384.0,370.0,12316,stock
2016-06-08,SHL,376.0,369.0,396.0,369.0,7126,stock
2016-06-09,SHL,370.0,368.0,380.0,357.0,19291,stock
2016-06-12,SHL,368.0,370.0,389.0,370.0,6898,stock
2016-06-13,SHL,370.0,368.0,384.0,363.0,11015,stock
2016-06-14,SHL,375.0,380.0,389.0,372.0,20349,stock
2016-06-15,SHL,383.0,378.0,383.0,377.0,9415,stock
2016-06-16,SHL,378.0,372.0,385.0,371.0,9085,stock
2016-06-19,SHL,372.0,370.0,375.0,367.0,14911,stock
2016-06-20,SHL,370.0,368.0,372.0,364.0,13500,stock
2016-06-21,SHL,368.0,365.0,370.0,365.0,7600,stock
2016-06-22,SHL,372.0,379.0,380.0,366.0,28316,stock
2016-06-23,SHL,379.0,380.0,380.0,375.0,6425,stock
2016-06-26,SHL,380.0,378.0,380.0,371.0,8364,stock
2016-06-27,SHL,378.0,372.0,382.0,370.0,4740,stock
2016-06-28,SHL,372.0,377.0,377.0,371.0,11520,stock
2016-06-29,SHL,377.0,380.0,387.0,380.0,13706,stock
2016-06-30,SHL,380.0,381.0,386.0,373.0,8849,stock
2016-07-03,SHL,381.0,379.0,386.0,379.0,13264,stock
2016-07-04,SHL,379.0,380.0,380.0,372.0,10775,stock
2016-07-05,SHL,377.0,377.0,378.0,377.0,1400,stock
2016-07-06,SHL,379.0,384.0,401.0,372.0,102028,stock
2016-07-10,SHL,384.0,386.0,394.0,380.0,31301,stock
2016-07-11,SHL,386.0,375.0,380.0,375.0,34740,stock
2016-07-12,SHL,375.0,372.0,380.0,366.0,9720,stock
2016-07-13,SHL,372.0,379.0,380.0,363.0,7736,stock
2016-07-14,SHL,380.0,375.0,380.0,372.0,12575,stock
2016-07-17,SHL,375.0,372.0,385.0,372.0,8813,stock
2016-07-18,SHL,372.0,373.0,380.0,373.0,20407,stock
2016-07-19,SHL,378.0,385.0,385.0,372.0,6671,stock
2016-07-20,SHL,385.0,379.0,388.0,365.0,50116,stock
2016-07-21,SHL,379.0,380.0,390.0,379.0,13604,stock
2016-07-25,SHL,380.0,390.0,395.0,385.0,8835,stock
2016-07-26,SHL,390.0,399.0,403.0,385.0,30306,stock
2016-07-27,SHL,399.0,438.0,438.0,405.0,73121,stock
2016-07-28,SHL,438.0,437.0,463.0,422.0,77167,stock
2016-07-31,SHL,437.0,415.0,445.0,413.0,23775,stock
2016-08-01,SHL,415.0,425.0,438.0,412.0,37516,stock
2016-08-02,SHL,425.0,420.0,428.0,412.0,15203,stock
2016-08-03,SHL,420.0,418.0,420.0,407.0,22188,stock
2016-08-04,SHL,418.0,400.0,415.0,400.0,13249,stock
2016-08-07,SHL,400.0,400.0,429.0,400.0,18178,stock
2016-08-08,SHL,400.0,387.0,406.0,385.0,13040,stock
2016-08-09,SHL,394.0,417.0,417.0,394.0,400,stock
2016-08-10,SHL,425.0,406.0,433.0,405.0,16962,stock
2016-08-11,SHL,407.0,408.0,409.0,401.0,13249,stock
2016-08-14,SHL,400.0,386.0,400.0,372.0,28115,stock
2016-08-15,SHL,392.0,369.0,392.0,366.0,18075,stock
2016-08-16,SHL,375.0,385.0,385.0,370.0,8975,stock
2016-08-17,SHL,386.0,394.0,398.0,378.0,11044,stock
2016-08-21,SHL,405.0,413.0,413.0,391.0,66554,stock
2016-08-22,SHL,405.0,396.0,405.0,393.0,6950,stock
2016-08-23,SHL,401.0,395.0,401.0,384.0,7564,stock
2016-08-24,SHL,400.0,411.0,430.0,390.0,18667,stock
2016-08-28,SHL,415.0,410.0,415.0,400.0,13790,stock
2016-08-29,SHL,411.0,405.0,413.0,405.0,16814,stock
2016-08-30,SHL,405.0,409.0,412.0,405.0,10400,stock
2016-08-31,SHL,408.0,400.0,408.0,392.0,8140,stock
2016-09-01,SHL,407.0,400.0,407.0,395.0,8546,stock
2016-09-04,SHL,392.0,407.0,413.0,392.0,20356,stock
2016-09-05,SHL,405.0,420.0,420.0,403.0,13178,stock
2016-09-06,SHL,420.0,400.0,420.0,400.0,8886,stock
2016-09-07,SHL,407.0,400.0,407.0,396.0,4466,stock
2016-09-08,SHL,408.0,412.0,414.0,400.0,19695,stock
2016-09-11,SHL,420.0,405.0,420.0,400.0,11900,stock
2016-09-12,SHL,400.0,403.0,410.0,400.0,9354,stock
2016-09-14,SHL,408.0,410.0,423.0,407.0,33072,stock
2016-09-18,SHL,410.0,415.0,418.0,405.0,23708,stock
2016-09-20,SHL,415.0,417.0,420.0,412.0,15050,stock
2016-09-21,SHL,413.0,415.0,415.0,406.0,12128,stock
2016-09-22,SHL,412.0,417.0,418.0,408.0,11996,stock
2016-09-25,SHL,412.0,417.0,418.0,408.0,11996,stock
2016-09-26,SHL,411.0,418.0,420.0,409.0,15024,stock
2016-09-27,SHL,418.0,417.0,418.0,410.0,5818,stock
2016-09-28,SHL,417.0,414.0,417.0,411.0,9205,stock
2016-09-29,SHL,411.0,416.0,417.0,411.0,10119,stock
2016-10-02,SHL,415.0,413.0,417.0,413.0,8790,stock
2016-10-03,SHL,414.0,422.0,424.0,413.0,14399,stock
2016-10-04,SHL,420.0,437.0,448.0,420.0,41045,stock
2016-10-05,SHL,440.0,453.0,453.0,429.0,20696,stock
2016-10-06,SHL,462.0,476.0,490.0,450.0,111249,stock
2016-10-16,SHL,467.0,458.0,467.0,450.0,27927,stock
2016-10-17,SHL,467.0,453.0,467.0,445.0,9200,stock
2016-10-18,SHL,447.0,455.0,455.0,440.0,27842,stock
2016-10-19,SHL,450.0,455.0,455.0,445.0,4896,stock
2016-10-20,SHL,460.0,449.0,460.0,444.0,6800,stock
2016-10-23,SHL,440.0,449.0,450.0,440.0,12559,stock
2016-10-24,SHL,443.0,445.0,446.0,440.0,15405,stock
2016-10-25,SHL,440.0,437.0,440.0,437.0,3302,stock
2016-10-26,SHL,445.0,436.0,453.0,430.0,5200,stock
2016-10-27,SHL,430.0,433.0,438.0,430.0,1950,stock
2016-11-03,SHL,430.0,432.0,432.0,430.0,3100,stock
2016-11-07,SHL,433.0,435.0,435.0,431.0,8904,stock
2016-11-08,SHL,430.0,424.0,430.0,424.0,7000,stock
2016-11-09,SHL,420.0,409.0,433.0,409.0,14300,stock
2016-11-10,SHL,417.0,418.0,418.0,408.0,3773,stock
2016-11-13,SHL,412.0,417.0,422.0,410.0,32527,stock
2016-11-14,SHL,420.0,420.0,425.0,413.0,8030,stock
2016-11-15,SHL,420.0,412.0,422.0,412.0,4648,stock
2016-11-16,SHL,420.0,420.0,420.0,415.0,13270,stock
2016-11-17,SHL,412.0,407.0,415.0,407.0,11652,stock
2016-11-20,SHL,399.0,398.0,400.0,390.0,3898,stock
2016-11-21,SHL,392.0,404.0,405.0,383.0,12340,stock
2016-11-22,SHL,396.0,390.0,399.0,385.0,10869,stock
2016-11-23,SHL,391.0,370.0,391.0,370.0,5400,stock
2016-11-24,SHL,377.0,378.0,391.0,366.0,22282,stock
2016-11-27,SHL,371.0,341.0,371.0,341.0,5400,stock
2016-11-28,SHL,335.0,360.0,364.0,307.0,41630,stock
2016-11-29,SHL,353.0,360.0,360.0,324.0,44634,stock
2016-11-30,SHL,355.0,360.0,371.0,348.0,11108,stock
2016-12-01,SHL,353.0,351.0,363.0,347.0,3894,stock
2016-12-04,SHL,347.0,364.0,364.0,340.0,10750,stock
2016-12-05,SHL,359.0,352.0,360.0,345.0,11325,stock
2016-12-06,SHL,355.0,365.0,365.0,350.0,6636,stock
2016-12-07,SHL,358.0,360.0,360.0,357.0,2175,stock
2016-12-08,SHL,356.0,358.0,364.0,356.0,7833,stock
2016-12-11,SHL,356.0,343.0,356.0,343.0,3943,stock
2016-12-12,SHL,312.0,313.0,319.0,307.0,5162,stock
2016-12-14,SHL,310.0,311.0,315.0,309.0,2400,stock
2016-12-15,SHL,317.0,317.0,323.0,312.0,1785,stock
2016-12-18,SHL,315.0,318.0,324.0,315.0,2450,stock
2016-12-19,SHL,320.0,317.0,320.0,312.0,2650,stock
2016-12-20,SHL,317.0,312.0,317.0,312.0,1021,stock
2016-12-21,SHL,306.0,315.0,315.0,306.0,1498,stock
2016-12-22,SHL,317.0,309.0,317.0,309.0,500,stock
2016-12-26,SHL,306.0,300.0,306.0,294.0,4050,stock
2016-12-27,SHL,302.0,298.0,303.0,297.0,2100,stock
2016-12-28,SHL,300.0,306.0,307.0,300.0,11940,stock
2016-12-29,SHL,310.0,316.0,316.0,309.0,2900,stock
2017-01-01,SHL,322.0,322.0,328.0,318.0,7800,stock
2017-01-02,SHL,328.0,320.0,334.0,320.0,4890,stock
2017-01-03,SHL,314.0,313.0,320.0,308.0,2830,stock
2017-01-08,SHL,307.0,320.0,320.0,307.0,875,stock
2017-01-10,SHL,320.0,317.0,320.0,317.0,200,stock
2017-01-11,SHL,320.0,319.0,320.0,315.0,3500,stock
2017-01-12,SHL,315.0,315.0,315.0,314.0,700,stock
2017-01-15,SHL,312.0,311.0,312.0,311.0,2200,stock
2017-01-16,SHL,310.0,310.0,310.0,310.0,2655,stock
2017-01-17,SHL,305.0,315.0,316.0,304.0,2208,stock
2017-01-18,SHL,311.0,310.0,313.0,306.0,700,stock
2017-01-19,SHL,310.0,307.0,310.0,307.0,1300,stock
2017-01-22,SHL,313.0,309.0,313.0,309.0,1600,stock
2017-01-23,SHL,315.0,308.0,315.0,303.0,6225,stock
2017-01-24,SHL,305.0,306.0,309.0,304.0,1250,stock
2017-01-25,SHL,306.0,294.0,306.0,294.0,6750,stock
2017-01-26,SHL,299.0,290.0,300.0,285.0,6300,stock
2017-01-30,SHL,285.0,261.0,285.0,261.0,8962,stock
2017-01-31,SHL,256.0,287.0,287.0,256.0,9050,stock
2017-02-01,SHL,285.0,298.0,298.0,285.0,1700,stock
2017-02-02,SHL,293.0,290.0,298.0,287.0,5195,stock
2017-02-05,SHL,290.0,290.0,290.0,290.0,100,stock
2017-02-06,SHL,285.0,280.0,285.0,280.0,3700,stock
2017-02-07,SHL,275.0,271.0,275.0,270.0,4494,stock
2017-02-08,SHL,267.0,261.0,270.0,260.0,7905,stock
2017-02-09,SHL,266.0,261.0,270.0,261.0,3931,stock
2017-02-12,SHL,263.0,266.0,270.0,251.0,8665,stock
2017-02-13,SHL,270.0,262.0,272.0,260.0,9941,stock
2017-02-14,SHL,267.0,270.0,277.0,260.0,10625,stock
2017-02-15,SHL,275.0,280.0,280.0,265.0,39884,stock
2017-02-16,SHL,280.0,288.0,290.0,275.0,5179,stock
2017-02-19,SHL,278.0,277.0,288.0,275.0,6625,stock
2017-02-20,SHL,280.0,276.0,288.0,273.0,8173,stock
2017-02-21,SHL,280.0,279.0,282.0,273.0,7672,stock
2017-02-22,SHL,275.0,270.0,277.0,266.0,6785,stock
2017-02-23,SHL,265.0,275.0,275.0,265.0,7131,stock
2017-02-26,SHL,270.0,269.0,270.0,265.0,700,stock
2017-02-28,SHL,265.0,261.0,265.0,254.0,5900,stock
2017-03-01,SHL,266.0,268.0,268.0,262.0,14700,stock
2017-03-02,SHL,273.0,294.0,294.0,273.0,31037,stock
2017-03-05,SHL,299.0,305.0,316.0,298.0,17799,stock
2017-03-06,SHL,305.0,305.0,310.0,300.0,13875,stock
2017-03-07,SHL,299.0,296.0,300.0,294.0,10094,stock
2017-03-09,SHL,300.0,300.0,306.0,300.0,7650,stock
2017-03-13,SHL,306.0,300.0,312.0,300.0,8310,stock
2017-03-14,SHL,300.0,298.0,301.0,295.0,9000,stock
2017-03-15,SHL,300.0,300.0,300.0,299.0,6590,stock
2017-03-16,SHL,304.0,298.0,304.0,295.0,6200,stock
2017-03-19,SHL,298.0,308.0,308.0,303.0,3827,stock
2017-03-20,SHL,303.0,322.0,325.0,303.0,16167,stock
2017-03-21,SHL,325.0,329.0,329.0,310.0,12856,stock
2017-03-22,SHL,335.0,325.0,347.0,325.0,14975,stock
2017-03-23,SHL,325.0,323.0,325.0,322.0,2975,stock
2017-03-26,SHL,328.0,341.0,341.0,328.0,11535,stock
2017-03-28,SHL,341.0,350.0,357.0,328.0,22065,stock
2017-03-29,SHL,350.0,340.0,352.0,335.0,19114,stock
2017-03-30,SHL,340.0,338.0,345.0,330.0,16651,stock
2017-04-02,SHL,338.0,355.0,355.0,333.0,8473,stock
2017-04-03,SHL,362.0,344.0,383.0,344.0,15079,stock
2017-04-04,SHL,350.0,360.0,364.0,343.0,13752,stock
2017-04-06,SHL,362.0,350.0,355.0,350.0,19284,stock
2017-04-09,SHL,343.0,344.0,350.0,343.0,13120,stock
2017-04-10,SHL,350.0,356.0,356.0,347.0,8600,stock
2017-04-11,SHL,359.0,359.0,360.0,354.0,3400,stock
2017-04-12,SHL,366.0,356.0,372.0,355.0,21761,stock
2017-04-13,SHL,349.0,358.0,360.0,349.0,2245,stock
2017-04-16,SHL,351.0,346.0,353.0,346.0,7740,stock
2017-04-18,SHL,341.0,340.0,346.0,334.0,5799,stock
2017-04-19,SHL,338.0,354.0,354.0,344.0,2456,stock
2017-04-20,SHL,353.0,357.0,360.0,350.0,4035,stock
2017-04-23,SHL,364.0,357.0,378.0,356.0,2200,stock
2017-04-24,SHL,352.0,350.0,353.0,350.0,5900,stock
2017-04-25,SHL,357.0,355.0,357.0,348.0,15296,stock
2017-04-26,SHL,358.0,351.0,358.0,349.0,2700,stock
2017-04-27,SHL,350.0,364.0,370.0,345.0,3925,stock
2017-04-30,SHL,357.0,350.0,357.0,350.0,15120,stock
2017-05-02,SHL,350.0,343.0,350.0,343.0,2228,stock
2017-05-03,SHL,349.0,349.0,356.0,349.0,13485,stock
2017-05-04,SHL,353.0,347.0,355.0,345.0,5725,stock
2017-05-07,SHL,351.0,340.0,351.0,336.0,11375,stock
2017-05-08,SHL,342.0,356.0,356.0,339.0,41250,stock
2017-05-09,SHL,356.0,357.0,358.0,350.0,3500,stock
2017-05-11,SHL,356.0,357.0,360.0,350.0,13600,stock
2017-05-15,SHL,364.0,360.0,371.0,350.0,19379,stock
2017-05-16,SHL,360.0,356.0,367.0,356.0,6448,stock
2017-05-17,SHL,360.0,360.0,365.0,360.0,1894,stock
2017-05-18,SHL,360.0,366.0,366.0,348.0,10781,stock
2017-05-21,SHL,373.0,358.0,373.0,358.0,4216,stock
2017-05-22,SHL,360.0,360.0,360.0,359.0,2900,stock
2017-05-23,SHL,362.0,362.0,367.0,361.0,10795,stock
2017-05-24,SHL,361.0,357.0,364.0,357.0,2975,stock
2017-05-28,SHL,362.0,360.0,365.0,356.0,14335,stock
2017-05-30,SHL,365.0,360.0,365.0,356.0,68001,stock
2017-05-31,SHL,360.0,365.0,365.0,356.0,15086,stock
2017-06-01,SHL,365.0,361.0,368.0,358.0,7625,stock
2017-06-04,SHL,357.0,358.0,358.0,357.0,1550,stock
2017-06-05,SHL,360.0,358.0,364.0,358.0,3732,stock
2017-06-06,SHL,359.0,369.0,370.0,358.0,32462,stock
2017-06-07,SHL,374.0,364.0,374.0,360.0,5449,stock
2017-06-08,SHL,370.0,355.0,370.0,355.0,10645,stock
2017-06-11,SHL,351.0,362.0,362.0,348.0,18027,stock
2017-06-12,SHL,358.0,358.0,358.0,350.0,3143,stock
2017-06-13,SHL,351.0,360.0,360.0,351.0,2222,stock
2017-06-14,SHL,359.0,352.0,360.0,352.0,8385,stock
2017-06-15,SHL,357.0,358.0,358.0,345.0,8637,stock
2017-06-18,SHL,358.0,355.0,357.0,347.0,13879,stock
2017-06-19,SHL,349.0,351.0,351.0,345.0,10460,stock
2017-06-20,SHL,346.0,346.0,351.0,342.0,16421,stock
2017-06-21,SHL,349.0,351.0,351.0,342.0,17973,stock
2017-06-22,SHL,353.0,355.0,355.0,348.0,17318,stock
2017-06-25,SHL,352.0,356.0,357.0,351.0,9003,stock
2017-06-27,SHL,361.0,357.0,361.0,351.0,12754,stock
2017-06-28,SHL,355.0,359.0,361.0,346.0,21053,stock
2017-07-02,SHL,356.0,365.0,365.0,353.0,18433,stock
2017-07-03,SHL,360.0,358.0,360.0,357.0,6675,stock
2017-07-04,SHL,355.0,360.0,361.0,351.0,4120,stock
2017-07-05,SHL,359.0,360.0,362.0,358.0,10922,stock
2017-07-06,SHL,361.0,370.0,370.0,358.0,15947,stock
2017-07-09,SHL,370.0,366.0,372.0,351.0,17935,stock
2017-07-10,SHL,360.0,361.0,364.0,360.0,203779,stock
2017-07-11,SHL,363.0,366.0,367.0,363.0,3060,stock
2017-07-12,SHL,366.0,366.0,366.0,357.0,209173,stock
2017-07-13,SHL,366.0,360.0,366.0,360.0,8019,stock
2017-07-16,SHL,360.0,359.0,362.0,358.0,6234,stock
2017-07-17,SHL,361.0,360.0,363.0,360.0,7064,stock
2017-07-18,SHL,365.0,370.0,375.0,362.0,11700,stock
2017-07-19,SHL,376.0,374.0,376.0,366.0,14552,stock
2017-07-20,SHL,370.0,370.0,371.0,370.0,2263,stock
2017-07-23,SHL,370.0,370.0,372.0,366.0,5351,stock
2017-07-24,SHL,370.0,365.0,369.0,364.0,3110,stock
2017-07-25,SHL,363.0,365.0,365.0,361.0,3998,stock
2017-07-26,SHL,365.0,370.0,370.0,363.0,1030,stock
2017-07-27,SHL,364.0,364.0,365.0,364.0,1422,stock
2017-07-30,SHL,360.0,367.0,367.0,360.0,5105,stock
2017-07-31,SHL,373.0,389.0,400.0,370.0,54015,stock
2017-08-01,SHL,390.0,385.0,398.0,385.0,23006,stock
2017-08-02,SHL,392.0,385.0,394.0,379.0,6248,stock
2017-08-03,SHL,385.0,382.0,382.0,373.0,4818,stock
2017-08-06,SHL,385.0,376.0,387.0,373.0,6945,stock
2017-08-07,SHL,383.0,380.0,390.0,378.0,12269,stock
2017-08-09,SHL,380.0,384.0,385.0,378.0,13695,stock
2017-08-10,SHL,380.0,385.0,385.0,378.0,9936,stock
2017-08-13,SHL,379.0,377.0,380.0,375.0,10450,stock
2017-08-15,SHL,370.0,372.0,374.0,370.0,900,stock
2017-08-16,SHL,379.0,375.0,382.0,370.0,3007,stock
2017-08-17,SHL,375.0,376.0,376.0,372.0,5460,stock
2017-08-20,SHL,370.0,375.0,383.0,370.0,9202,stock
2017-08-21,SHL,369.0,376.0,376.0,369.0,13955,stock
2017-08-22,SHL,375.0,377.0,380.0,375.0,3865,stock
2017-08-23,SHL,376.0,376.0,378.0,375.0,4198,stock
2017-08-24,SHL,376.0,377.0,379.0,377.0,3017,stock
2017-08-27,SHL,377.0,374.0,375.0,374.0,4228,stock
2017-08-28,SHL,373.0,373.0,374.0,373.0,970,stock
2017-08-30,SHL,373.0,370.0,370.0,367.0,2697,stock
2017-08-31,SHL,370.0,365.0,368.0,364.0,8868,stock
2017-09-04,SHL,372.0,363.0,372.0,361.0,9936,stock
2017-09-06,SHL,367.0,363.0,367.0,361.0,870,stock
2017-09-07,SHL,361.0,362.0,366.0,360.0,13618,stock
2017-09-10,SHL,356.0,357.0,357.0,350.0,17934,stock
2017-09-11,SHL,357.0,360.0,360.0,357.0,1040,stock
2017-09-12,SHL,354.0,355.0,358.0,354.0,3800,stock
2017-09-13,SHL,353.0,357.0,357.0,350.0,5450,stock
2017-09-14,SHL,361.0,360.0,361.0,356.0,12451,stock
2017-09-17,SHL,355.0,358.0,362.0,355.0,5825,stock
2017-09-18,SHL,359.0,356.0,360.0,356.0,5283,stock
2017-09-20,SHL,357.0,357.0,359.0,357.0,6680,stock
2017-09-25,SHL,354.0,358.0,358.0,354.0,1255,stock
2017-09-26,SHL,358.0,358.0,358.0,358.0,500,stock
2017-10-03,SHL,358.0,358.0,358.0,358.0,1200,stock
2017-10-04,SHL,351.0,365.0,365.0,351.0,13291,stock
2017-10-08,SHL,358.0,355.0,358.0,351.0,1317,stock
2017-10-09,SHL,352.0,356.0,356.0,350.0,2800,stock
2017-10-10,SHL,360.0,353.0,360.0,353.0,6700,stock
2017-10-11,SHL,360.0,357.0,360.0,357.0,8001,stock
2017-10-12,SHL,357.0,358.0,358.0,356.0,600,stock
2017-10-15,SHL,358.0,360.0,360.0,358.0,1891,stock
2017-10-16,SHL,360.0,372.0,372.0,360.0,4909,stock
2017-10-17,SHL,365.0,370.0,370.0,365.0,600,stock
2017-10-18,SHL,363.0,372.0,372.0,363.0,4450,stock
2017-10-22,SHL,372.0,361.0,372.0,361.0,9090,stock
2017-10-23,SHL,361.0,361.0,365.0,354.0,7129,stock
2017-10-24,SHL,361.0,360.0,361.0,358.0,1607,stock
2017-10-25,SHL,364.0,361.0,364.0,355.0,11550,stock
2017-10-29,SHL,364.0,359.0,364.0,357.0,16802,stock
2017-10-30,SHL,355.0,354.0,355.0,352.0,310,stock
2017-10-31,SHL,351.0,350.0,351.0,350.0,500,stock
2017-11-01,SHL,350.0,352.0,357.0,350.0,1300,stock
2017-11-02,SHL,350.0,350.0,350.0,348.0,2870,stock
2017-11-05,SHL,348.0,348.0,349.0,340.0,3885,stock
2017-11-06,SHL,348.0,349.0,350.0,343.0,842,stock
2017-11-07,SHL,350.0,345.0,350.0,339.0,2494,stock
2017-11-08,SHL,339.0,330.0,343.0,330.0,14470,stock
2017-11-09,SHL,335.0,330.0,338.0,330.0,6312,stock
2017-11-12,SHL,330.0,334.0,335.0,329.0,6780,stock
2017-11-13,SHL,340.0,334.0,340.0,328.0,24087,stock
2017-11-14,SHL,332.0,334.0,335.0,330.0,15015,stock
2017-11-15,SHL,335.0,331.0,335.0,330.0,12460,stock
2017-11-16,SHL,325.0,322.0,327.0,321.0,12913,stock
2017-11-19,SHL,322.0,309.0,322.0,309.0,72575,stock
2017-11-20,SHL,269.0,265.0,274.0,262.0,1400,stock
2017-11-21,SHL,261.0,265.0,269.0,261.0,1411,stock
2017-11-22,SHL,265.0,274.0,274.0,262.0,2860,stock
2017-11-23,SHL,274.0,273.0,279.0,272.0,2252,stock
2017-11-26,SHL,273.0,275.0,278.0,275.0,3100,stock
2017-11-27,SHL,271.0,267.0,275.0,267.0,5615,stock
2017-11-28,SHL,270.0,272.0,273.0,270.0,2200,stock
2017-11-29,SHL,276.0,281.0,284.0,272.0,6699,stock
2017-11-30,SHL,286.0,282.0,290.0,280.0,9480,stock
2017-12-04,SHL,281.0,282.0,284.0,281.0,10283,stock
2017-12-05,SHL,282.0,280.0,282.0,278.0,3439,stock
2017-12-06,SHL,275.0,280.0,295.0,275.0,15444,stock
2017-12-10,SHL,285.0,282.0,290.0,282.0,3200,stock
2017-12-11,SHL,285.0,280.0,285.0,276.0,4828,stock
2017-12-12,SHL,277.0,276.0,277.0,276.0,1100,stock
2017-12-13,SHL,276.0,280.0,280.0,275.0,6100,stock
2017-12-14,SHL,275.0,275.0,275.0,275.0,1400,stock
2017-12-17,SHL,274.0,276.0,276.0,273.0,4177,stock
2017-12-18,SHL,280.0,274.0,280.0,274.0,3639,stock
2017-12-19,SHL,272.0,271.0,273.0,271.0,2715,stock
2017-12-20,SHL,271.0,272.0,272.0,271.0,1163,stock
2017-12-21,SHL,277.0,272.0,278.0,272.0,4301,stock
2017-12-24,SHL,275.0,270.0,275.0,270.0,4200,stock
2017-12-26,SHL,269.0,270.0,270.0,268.0,1405,stock
2017-12-27,SHL,267.0,269.0,269.0,267.0,600,stock
2017-12-28,SHL,267.0,269.0,269.0,266.0,1185,stock
2017-12-31,SHL,265.0,270.0,270.0,265.0,2090,stock
2018-01-01,SHL,270.0,285.0,285.0,270.0,3337,stock
2018-01-02,SHL,280.0,277.0,285.0,275.0,5139,stock
2018-01-03,SHL,273.0,273.0,273.0,272.0,700,stock
2018-01-04,SHL,272.0,273.0,278.0,272.0,866,stock
2018-01-08,SHL,272.0,270.0,272.0,270.0,1700,stock
2018-01-09,SHL,270.0,281.0,282.0,272.0,4900,stock
2018-01-10,SHL,285.0,280.0,285.0,280.0,1800,stock
2018-01-14,SHL,282.0,277.0,282.0,277.0,1700,stock
2018-01-16,SHL,275.0,275.0,275.0,275.0,853,stock
2018-01-17,SHL,274.0,273.0,275.0,273.0,2030,stock
2018-01-21,SHL,272.0,278.0,278.0,272.0,800,stock
2018-01-23,SHL,273.0,272.0,273.0,269.0,1625,stock
2018-01-24,SHL,275.0,273.0,275.0,273.0,1200,stock
2018-01-25,SHL,277.0,277.0,277.0,277.0,140,stock
2018-01-28,SHL,275.0,272.0,277.0,270.0,3100,stock
2018-01-29,SHL,271.0,270.0,271.0,270.0,3200,stock
2018-01-31,SHL,270.0,275.0,275.0,270.0,4325,stock
2018-02-01,SHL,272.0,274.0,276.0,272.0,3950,stock
2018-02-04,SHL,273.0,271.0,273.0,271.0,3780,stock
2018-02-05,SHL,270.0,270.0,271.0,270.0,6640,stock
2018-02-06,SHL,268.0,269.0,271.0,268.0,24500,stock
2018-02-07,SHL,273.0,267.0,273.0,267.0,828,stock
2018-02-08,SHL,269.0,267.0,270.0,267.0,4906,stock
2018-02-11,SHL,268.0,267.0,268.0,267.0,3200,stock
2018-02-12,SHL,267.0,266.0,267.0,266.0,4189,stock
2018-02-14,SHL,265.0,266.0,266.0,264.0,3629,stock
2018-02-15,SHL,271.0,270.0,274.0,270.0,4391,stock
2018-02-18,SHL,270.0,263.0,275.0,263.0,11697,stock
2018-02-20,SHL,268.0,249.0,268.0,264.0,3876,stock
2018-02-21,SHL,264.0,262.0,264.0,262.0,13308,stock
2018-02-22,SHL,262.0,260.0,262.0,260.0,2486,stock
2018-02-25,SHL,258.0,260.0,260.0,258.0,1197,stock
2018-02-26,SHL,265.0,252.0,265.0,252.0,3826,stock
2018-02-27,SHL,256.0,257.0,257.0,254.0,1374,stock
2018-02-28,SHL,253.0,253.0,253.0,252.0,500,stock
2018-03-04,SHL,250.0,246.0,252.0,245.0,3543,stock
2018-03-05,SHL,243.0,249.0,249.0,242.0,1396,stock
2018-03-06,SHL,245.0,245.0,252.0,240.0,2881,stock
2018-03-07,SHL,249.0,248.0,254.0,248.0,3725,stock
2018-03-11,SHL,248.0,241.0,244.0,241.0,1067,stock
2018-03-12,SHL,241.0,237.0,243.0,237.0,4096,stock
2018-03-13,SHL,234.0,250.0,250.0,230.0,21131,stock
2018-03-14,SHL,255.0,244.0,255.0,240.0,14024,stock
2018-03-15,SHL,240.0,256.0,261.0,240.0,8158,stock
2018-03-18,SHL,251.0,244.0,251.0,244.0,9955,stock
2018-03-19,SHL,248.0,240.0,248.0,240.0,4790,stock
2018-03-20,SHL,240.0,243.0,246.0,240.0,3713,stock
2018-03-21,SHL,242.0,243.0,246.0,239.0,4156,stock
2018-03-22,SHL,241.0,234.0,246.0,234.0,16896,stock
2018-03-26,SHL,230.0,222.0,231.0,222.0,9059,stock
2018-03-27,SHL,222.0,238.0,240.0,222.0,2014,stock
2018-03-28,SHL,237.0,240.0,242.0,236.0,6833,stock
2018-03-29,SHL,238.0,240.0,240.0,237.0,6813,stock
2018-04-01,SHL,236.0,235.0,236.0,231.0,3770,stock
2018-04-02,SHL,235.0,232.0,235.0,232.0,315,stock
2018-04-03,SHL,235.0,235.0,235.0,235.0,1189,stock
2018-04-04,SHL,239.0,241.0,242.0,237.0,1082,stock
2018-04-05,SHL,240.0,240.0,244.0,240.0,7798,stock
2018-04-08,SHL,244.0,254.0,257.0,243.0,9583,stock
2018-04-09,SHL,254.0,248.0,254.0,245.0,2442,stock
2018-04-10,SHL,248.0,250.0,252.0,247.0,2598,stock
2018-04-11,SHL,254.0,245.0,254.0,243.0,3477,stock
2018-04-12,SHL,248.0,249.0,249.0,243.0,2440,stock
2018-04-15,SHL,249.0,250.0,250.0,245.0,4270,stock
2018-04-16,SHL,250.0,255.0,259.0,249.0,12091,stock
2018-04-17,SHL,255.0,264.0,265.0,255.0,17107,stock
2018-04-18,SHL,269.0,271.0,283.0,256.0,16474,stock
2018-04-19,SHL,275.0,274.0,279.0,267.0,16130,stock
2018-04-22,SHL,274.0,281.0,283.0,274.0,19508,stock
2018-04-23,SHL,277.0,269.0,279.0,263.0,14083,stock
2018-04-24,SHL,274.0,268.0,274.0,261.0,8385,stock
2018-04-25,SHL,268.0,264.0,268.0,263.0,3006,stock
2018-04-26,SHL,260.0,259.0,270.0,259.0,53313,stock
2018-04-29,SHL,256.0,265.0,269.0,255.0,10264,stock
2018-05-02,SHL,265.0,268.0,268.0,263.0,1800,stock
2018-05-03,SHL,270.0,266.0,270.0,262.0,12637,stock
2018-05-06,SHL,262.0,260.0,264.0,253.0,7699,stock
2018-05-07,SHL,260.0,257.0,265.0,255.0,4950,stock
2018-05-08,SHL,255.0,261.0,261.0,253.0,3335,stock
2018-05-09,SHL,261.0,261.0,266.0,261.0,200,stock
2018-05-10,SHL,261.0,256.0,262.0,256.0,1078,stock
2018-05-14,SHL,255.0,258.0,260.0,255.0,2652,stock
2018-05-15,SHL,258.0,253.0,258.0,253.0,412,stock
2018-05-16,SHL,252.0,260.0,260.0,252.0,1336,stock
2018-05-17,SHL,260.0,261.0,261.0,256.0,2475,stock
2018-05-20,SHL,259.0,256.0,260.0,256.0,2872,stock
2018-05-21,SHL,255.0,260.0,260.0,254.0,4381,stock
2018-05-22,SHL,256.0,261.0,261.0,255.0,3407,stock
2018-05-23,SHL,260.0,260.0,260.0,256.0,363,stock
2018-05-24,SHL,260.0,260.0,260.0,254.0,1895,stock
2018-05-27,SHL,255.0,253.0,255.0,253.0,968,stock
2018-05-28,SHL,253.0,268.0,268.0,251.0,3018,stock
2018-05-29,SHL,265.0,262.0,265.0,262.0,600,stock
2018-05-30,SHL,257.0,262.0,267.0,257.0,3850,stock
2018-05-31,SHL,260.0,259.0,260.0,252.0,4912,stock
2018-06-03,SHL,254.0,250.0,254.0,249.0,4000,stock
2018-06-04,SHL,245.0,246.0,253.0,245.0,2062,stock
2018-06-06,SHL,248.0,244.0,248.0,243.0,8746,stock
2018-06-07,SHL,248.0,244.0,248.0,243.0,8746,stock
2018-06-10,SHL,241.0,239.0,244.0,237.0,5829,stock
2018-06-11,SHL,241.0,247.0,249.0,241.0,1950,stock
2018-06-12,SHL,247.0,242.0,247.0,242.0,550,stock
2018-06-13,SHL,241.0,244.0,245.0,240.0,5445,stock
2018-06-14,SHL,245.0,249.0,249.0,245.0,650,stock
2018-06-17,SHL,253.0,258.0,258.0,251.0,300,stock
2018-06-21,SHL,253.0,243.0,253.0,243.0,3778,stock
2018-06-24,SHL,246.0,243.0,247.0,243.0,2509,stock
2018-06-25,SHL,243.0,243.0,243.0,243.0,100,stock
2018-06-26,SHL,239.0,235.0,240.0,235.0,4688,stock
2018-06-27,SHL,237.0,237.0,241.0,237.0,1500,stock
2018-06-28,SHL,235.0,237.0,238.0,230.0,102478,stock
2018-07-01,SHL,235.0,234.0,239.0,234.0,2670,stock
2018-07-02,SHL,240.0,240.0,241.0,240.0,3599,stock
2018-07-03,SHL,235.0,237.0,237.0,232.0,1972,stock
2018-07-04,SHL,240.0,238.0,240.0,237.0,10862,stock
2018-07-05,SHL,240.0,247.0,247.0,239.0,6793,stock
2018-07-08,SHL,246.0,255.0,255.0,243.0,900,stock
2018-07-10,SHL,260.0,255.0,260.0,255.0,200,stock
2018-07-11,SHL,260.0,237.0,260.0,237.0,1859,stock
2018-07-12,SHL,241.0,230.0,245.0,230.0,9938,stock
2018-07-15,SHL,234.0,239.0,242.0,234.0,2002,stock
2018-07-16,SHL,240.0,243.0,243.0,240.0,1300,stock
2018-07-17,SHL,239.0,234.0,239.0,234.0,6000,stock
2018-07-18,SHL,234.0,234.0,234.0,234.0,530,stock
2018-07-19,SHL,235.0,239.0,239.0,234.0,3478,stock
2018-07-22,SHL,236.0,232.0,236.0,232.0,643,stock
2018-07-24,SHL,230.0,241.0,246.0,230.0,4497,stock
2018-07-25,SHL,238.0,238.0,238.0,237.0,1539,stock
2018-07-26,SHL,235.0,245.0,245.0,234.0,1800,stock
2018-07-29,SHL,249.0,241.0,253.0,241.0,1027,stock
2018-07-30,SHL,240.0,240.0,240.0,240.0,1105,stock
2018-07-31,SHL,244.0,236.0,244.0,236.0,1223,stock
2018-08-01,SHL,238.0,240.0,240.0,238.0,3616,stock
2018-08-02,SHL,240.0,240.0,241.0,240.0,3599,stock
2018-08-05,SHL,236.0,240.0,240.0,236.0,2551,stock
2018-08-06,SHL,238.0,239.0,240.0,238.0,4486,stock
2018-08-07,SHL,236.0,245.0,245.0,236.0,841,stock
2018-08-08,SHL,249.0,253.0,253.0,249.0,200,stock
2018-08-09,SHL,248.0,248.0,248.0,248.0,100,stock
2018-08-12,SHL,252.0,252.0,252.0,252.0,100,stock
2018-08-13,SHL,247.0,248.0,254.0,243.0,4790,stock
2018-08-14,SHL,244.0,248.0,248.0,240.0,3194,stock
2018-08-15,SHL,246.0,250.0,251.0,244.0,5803,stock
2018-08-16,SHL,250.0,247.0,255.0,247.0,6003,stock
2018-08-19,SHL,245.0,244.0,245.0,242.0,700,stock
2018-08-20,SHL,238.0,241.0,242.0,238.0,3375,stock
2018-08-21,SHL,240.0,241.0,241.0,240.0,1610,stock
2018-08-22,SHL,245.0,241.0,248.0,241.0,1020,stock
2018-08-23,SHL,238.0,240.0,240.0,234.0,5300,stock
2018-08-26,SHL,241.0,241.0,241.0,239.0,2600,stock
2018-08-28,SHL,240.0,242.0,242.0,240.0,2374,stock
2018-08-29,SHL,245.0,242.0,245.0,242.0,2088,stock
2018-08-30,SHL,240.0,240.0,243.0,240.0,2220,stock
2018-09-02,SHL,239.0,243.0,246.0,239.0,7381,stock
2018-09-03,SHL,249.0,245.0,253.0,245.0,3131,stock
2018-09-04,SHL,247.0,248.0,249.0,247.0,2245,stock
2018-09-05,SHL,251.0,250.0,252.0,246.0,2133,stock
2018-09-06,SHL,255.0,250.0,255.0,248.0,4845,stock
2018-09-09,SHL,250.0,250.0,250.0,250.0,500,stock
2018-09-10,SHL,245.0,242.0,245.0,242.0,777,stock
2018-09-11,SHL,246.0,250.0,250.0,246.0,2566,stock
2018-09-12,SHL,250.0,250.0,250.0,250.0,1345,stock
2018-09-13,SHL,255.0,256.0,256.0,250.0,1801,stock
2018-09-16,SHL,257.0,257.0,257.0,257.0,500,stock
2018-09-17,SHL,253.0,253.0,253.0,252.0,500,stock
2018-09-18,SHL,253.0,248.0,254.0,248.0,5284,stock
2018-09-20,SHL,248.0,252.0,252.0,248.0,10767,stock
2018-09-23,SHL,249.0,253.0,253.0,249.0,1915,stock
2018-09-25,SHL,254.0,255.0,255.0,254.0,1778,stock
2018-09-26,SHL,254.0,254.0,254.0,250.0,2844,stock
2018-09-27,SHL,259.0,256.0,259.0,256.0,300,stock
2018-09-30,SHL,251.0,251.0,255.0,250.0,201412,stock
2018-10-01,SHL,254.0,249.0,256.0,249.0,6875,stock
2018-10-02,SHL,247.0,249.0,251.0,247.0,2115,stock
2018-10-03,SHL,250.0,251.0,251.0,247.0,11706,stock
2018-10-04,SHL,249.0,246.0,250.0,245.0,3045,stock
2018-10-07,SHL,243.0,241.0,245.0,240.0,70549,stock
2018-10-08,SHL,245.0,249.0,253.0,245.0,729,stock
2018-10-09,SHL,246.0,246.0,246.0,246.0,100,stock
2018-10-10,SHL,245.0,245.0,245.0,242.0,873,stock
2018-10-11,SHL,242.0,238.0,242.0,238.0,12580,stock
2018-10-14,SHL,242.0,247.0,252.0,242.0,1110,stock
2018-10-15,SHL,251.0,248.0,251.0,248.0,865,stock
2018-10-21,SHL,246.0,245.0,246.0,245.0,1500,stock
2018-10-22,SHL,246.0,250.0,250.0,246.0,12869,stock
2018-10-23,SHL,255.0,250.0,255.0,250.0,400,stock
2018-10-24,SHL,254.0,260.0,264.0,250.0,1102,stock
2018-10-25,SHL,255.0,255.0,255.0,255.0,200,stock
2018-10-28,SHL,260.0,258.0,265.0,246.0,2464,stock
2018-10-29,SHL,253.0,248.0,253.0,248.0,1315,stock
2018-10-30,SHL,246.0,244.0,246.0,244.0,3256,stock
2018-10-31,SHL,245.0,244.0,245.0,244.0,515,stock
2018-11-01,SHL,243.0,246.0,250.0,241.0,3275,stock
2018-11-04,SHL,250.0,245.0,250.0,245.0,1500,stock
2018-11-05,SHL,249.0,253.0,253.0,249.0,200,stock
2018-11-14,SHL,249.0,245.0,249.0,245.0,1379,stock
2018-11-15,SHL,245.0,247.0,247.0,245.0,100,stock
2018-11-18,SHL,247.0,249.0,252.0,247.0,13522,stock
2018-11-19,SHL,248.0,246.0,250.0,246.0,4537,stock
2018-11-20,SHL,246.0,246.0,249.0,245.0,3579,stock
2018-11-21,SHL,246.0,241.0,247.0,241.0,5172,stock
2018-11-22,SHL,241.0,245.0,248.0,241.0,1650,stock
2018-11-25,SHL,245.44,241.0,246.0,241.0,51250,stock
2018-11-26,SHL,241.0,238.0,245.0,238.0,8971,stock
2018-11-27,SHL,238.0,240.0,245.0,238.0,4711,stock
2018-11-28,SHL,240.0,240.0,246.0,239.0,155622,stock
2018-11-29,SHL,240.0,240.0,244.0,239.0,3769,stock
2018-12-02,SHL,240.0,235.0,240.0,234.0,11923,stock
2018-12-03,SHL,235.0,234.0,240.0,234.0,6100,stock
2018-12-04,SHL,234.0,234.0,238.0,234.0,8012,stock
2018-12-06,SHL,233.0,232.0,240.0,230.0,14537,stock
2018-12-09,SHL,232.0,234.0,235.0,232.0,6800,stock
2018-12-10,SHL,234.0,237.0,237.0,234.0,9877,stock
2018-12-11,SHL,237.0,234.0,239.0,233.0,39724,stock
2018-12-12,SHL,234.0,206.0,234.0,199.0,8212,stock
2018-12-13,SHL,206.0,205.0,208.0,202.0,3856,stock
2018-12-16,SHL,205.0,206.0,206.0,202.0,2455,stock
2018-12-17,SHL,206.0,205.0,208.0,205.0,9203,stock
2018-12-18,SHL,205.0,205.0,205.0,203.0,1310,stock
2018-12-19,SHL,204.0,203.0,204.0,203.0,580,stock
2018-12-20,SHL,203.0,199.0,203.0,199.0,600,stock
2018-12-23,SHL,199.0,209.0,209.0,199.0,4700,stock
2018-12-24,SHL,209.0,207.0,210.0,205.0,3300,stock
2018-12-25,SHL,207.0,204.0,207.0,204.0,200,stock
2018-12-26,SHL,204.0,211.0,211.0,204.0,4555,stock
2018-12-27,SHL,211.0,202.0,214.0,201.0,4096,stock
2018-12-30,SHL,202.0,206.0,206.0,202.0,3100,stock
2018-12-31,SHL,206.0,204.0,208.0,204.0,2216,stock
2019-01-01,SHL,204.0,203.0,207.0,202.0,1820,stock
2019-01-02,SHL,203.0,202.0,204.0,202.0,528,stock
2019-01-03,SHL,202.0,205.0,207.0,201.0,12229,stock
2019-01-06,SHL,205.0,204.0,205.0,202.0,7752,stock
2019-01-07,SHL,204.0,206.0,206.0,203.0,5900,stock
2019-01-08,SHL,206.0,204.0,206.0,204.0,545,stock
2019-01-09,SHL,204.0,205.0,205.0,204.0,2400,stock
2019-01-10,SHL,205.0,204.0,205.0,204.0,750,stock
2019-01-13,SHL,204.0,203.0,204.0,203.0,960,stock
2019-01-14,SHL,203.0,205.0,206.0,203.0,1800,stock
2019-01-15,SHL,205.0,205.0,205.0,204.0,3602,stock
2019-01-16,SHL,205.0,205.0,205.0,205.0,362,stock
2019-01-17,SHL,205.0,204.0,206.0,204.0,1550,stock
2019-01-20,SHL,204.0,205.0,206.0,204.0,627,stock
2019-01-21,SHL,205.0,202.0,206.0,202.0,4140,stock
2019-01-22,SHL,202.0,205.0,206.0,202.0,9912,stock
2019-01-23,SHL,205.0,204.0,205.0,204.0,250,stock
2019-01-24,SHL,204.0,205.0,207.0,204.0,4924,stock
2019-01-27,SHL,205.0,203.0,205.0,202.0,7090,stock
2019-01-28,SHL,203.0,203.0,204.0,200.0,5803,stock
2019-01-29,SHL,203.0,203.0,204.0,200.0,4604,stock
2019-01-30,SHL,203.0,203.0,205.0,201.0,3684,stock
2019-01-31,SHL,203.0,205.0,205.0,200.0,4352,stock
2019-02-03,SHL,203.0,202.0,205.0,202.0,1246,stock
2019-02-04,SHL,202.0,203.0,203.0,201.0,2607,stock
2019-02-05,SHL,205.0,203.0,205.0,202.0,1865,stock
2019-02-06,SHL,201.0,201.0,203.0,201.0,1647,stock
2019-02-07,SHL,201.0,201.0,202.0,201.0,100000,stock
2019-02-10,SHL,203.0,204.0,204.0,201.0,4533,stock
2019-02-11,SHL,205.0,206.0,207.0,204.0,6842,stock
2019-02-12,SHL,207.0,205.0,207.0,205.0,4900,stock
2019-02-13,SHL,205.0,206.0,206.0,203.0,1200,stock
2019-02-14,SHL,202.0,202.0,206.0,202.0,2202,stock
2019-02-17,SHL,204.0,202.0,204.0,202.0,577,stock
2019-02-18,SHL,205.0,205.0,206.0,202.0,1591,stock
2019-02-19,SHL,206.0,206.0,206.0,205.0,500,stock
2019-02-20,SHL,204.0,204.0,206.0,204.0,1340,stock
2019-02-21,SHL,204.0,204.0,204.0,204.0,635,stock
2019-02-24,SHL,202.0,204.0,204.0,202.0,240,stock
2019-02-25,SHL,203.0,203.0,204.0,203.0,350,stock
2019-02-26,SHL,202.0,200.0,205.0,200.0,3410,stock
2019-02-27,SHL,204.0,200.0,204.0,200.0,4272,stock
2019-03-03,SHL,201.0,201.0,202.0,200.0,4055,stock
2019-03-05,SHL,202.0,202.0,202.0,201.0,1513,stock
2019-03-06,SHL,206.0,205.0,206.0,202.0,384,stock
2019-03-07,SHL,201.0,204.0,205.0,200.0,1459,stock
2019-03-09,SHL,202.0,205.0,205.0,201.0,1566,stock
2019-03-10,SHL,202.0,205.0,205.0,201.0,1566,stock
2019-03-11,SHL,204.0,205.0,205.0,204.0,510,stock
2019-03-12,SHL,209.0,206.0,209.0,205.0,6550,stock
2019-03-13,SHL,207.0,204.0,208.0,204.0,3644,stock
2019-03-14,SHL,206.0,210.0,210.0,206.0,500,stock
2019-03-17,SHL,214.0,206.0,214.0,206.0,1737,stock
2019-03-18,SHL,206.0,204.0,206.0,204.0,2442,stock
2019-03-19,SHL,205.0,204.0,205.0,204.0,400,stock
2019-03-21,SHL,206.0,205.0,206.0,202.0,5871,stock
2019-03-24,SHL,202.0,203.0,204.0,202.0,1430,stock
2019-03-25,SHL,204.0,204.0,204.0,200.0,8195,stock
2019-03-26,SHL,204.0,204.0,204.0,204.0,253,stock
2019-03-27,SHL,204.0,208.0,208.0,208.0,100,stock
2019-03-28,SHL,212.0,204.0,215.0,203.0,11700,stock
2019-03-31,SHL,203.0,205.0,207.0,203.0,595,stock
2019-04-01,SHL,208.0,209.0,209.0,208.0,400,stock
2019-04-02,SHL,211.0,212.0,213.0,208.0,3500,stock
2019-04-03,SHL,215.0,209.0,215.0,205.0,7728,stock
2019-04-04,SHL,207.0,205.0,207.0,205.0,1770,stock
2019-04-07,SHL,209.0,205.0,209.0,205.0,1448,stock
2019-04-09,SHL,206.0,206.0,208.0,205.0,1500,stock
2019-04-10,SHL,207.0,207.0,207.0,207.0,1100,stock
2019-04-11,SHL,208.0,206.0,209.0,206.0,2161,stock
2019-04-15,SHL,208.0,207.0,208.0,206.0,3255,stock
2019-04-16,SHL,207.0,210.0,210.0,207.0,3384,stock
2019-04-17,SHL,210.0,210.0,211.0,210.0,2200,stock
2019-04-18,SHL,209.0,213.0,213.0,209.0,1131,stock
2019-04-21,SHL,210.0,217.0,217.0,210.0,3127,stock
2019-04-22,SHL,220.0,213.0,221.0,213.0,9688,stock
2019-04-23,SHL,211.0,210.0,211.0,210.0,800,stock
2019-04-24,SHL,213.0,217.0,218.0,213.0,2853,stock
2019-04-25,SHL,221.0,222.0,223.0,217.0,11424,stock
2019-04-28,SHL,226.0,236.0,237.0,225.0,6881,stock
2019-04-29,SHL,237.0,233.0,240.0,227.0,8971,stock
2019-04-30,SHL,231.0,230.0,232.0,226.0,12860,stock
2019-05-02,SHL,227.0,230.0,232.0,227.0,6439,stock
2019-05-05,SHL,228.0,226.0,230.0,226.0,8274,stock
2019-05-06,SHL,226.0,228.0,228.0,223.0,3212,stock
2019-05-07,SHL,229.0,240.0,248.0,229.0,30118,stock
2019-05-08,SHL,240.0,236.0,240.0,234.0,8968,stock
2019-05-09,SHL,239.0,233.0,239.0,230.0,3959,stock
2019-05-12,SHL,229.0,243.0,244.0,227.0,19408,stock
2019-05-13,SHL,242.0,248.0,250.0,240.0,21194,stock
2019-05-14,SHL,249.0,245.0,253.0,244.0,33056,stock
2019-05-15,SHL,249.0,242.0,251.0,242.0,11316,stock
2019-05-16,SHL,242.0,239.0,250.0,239.0,8314,stock
2019-05-19,SHL,243.0,239.0,243.0,238.0,6653,stock
2019-05-20,SHL,237.0,237.0,241.0,236.0,11922,stock
2019-05-21,SHL,235.0,236.0,239.0,235.0,3888,stock
2019-05-22,SHL,237.0,240.0,245.0,237.0,21110,stock
2019-05-23,SHL,243.0,245.0,259.0,238.0,57760,stock
2019-05-26,SHL,249.0,244.0,253.0,243.0,8445,stock
2019-05-27,SHL,241.0,243.0,245.0,239.0,8075,stock
2019-05-28,SHL,243.0,242.0,243.0,239.0,3087,stock
2019-05-29,SHL,245.0,241.0,246.0,238.0,12203,stock
2019-05-30,SHL,245.0,240.0,245.0,239.0,22158,stock
2019-06-02,SHL,239.0,239.0,239.0,236.0,10980,stock
2019-06-03,SHL,237.0,237.0,239.0,237.0,5413,stock
2019-06-04,SHL,236.0,239.0,239.0,232.0,10919,stock
2019-06-06,SHL,243.0,239.0,244.0,239.0,20639,stock
2019-06-10,SHL,232.0,235.0,240.0,232.0,8034,stock
2019-06-11,SHL,236.0,233.0,239.0,233.0,8450,stock
2019-06-12,SHL,234.0,233.0,235.0,232.0,15780,stock
2019-06-13,SHL,230.0,233.0,236.0,230.0,4879,stock
2019-06-16,SHL,232.0,230.0,233.0,229.0,6476,stock
2019-06-17,SHL,230.0,233.0,234.0,230.0,4440,stock
2019-06-18,SHL,233.0,232.0,236.0,232.0,4350,stock
2019-06-19,SHL,234.0,231.0,234.0,230.0,5600,stock
2019-06-20,SHL,232.0,231.0,235.0,231.0,7220,stock
2019-06-23,SHL,232.0,230.0,233.0,230.0,21772,stock
2019-06-24,SHL,234.0,234.0,236.0,234.0,20500,stock
2019-06-25,SHL,234.0,231.0,234.0,230.0,8864,stock
2019-06-26,SHL,232.0,232.0,236.0,232.0,377,stock
2019-06-27,SHL,233.0,234.0,234.0,231.0,2827,stock
2019-06-30,SHL,235.0,234.0,235.0,232.0,2648,stock
2019-07-01,SHL,234.0,232.0,234.0,230.0,4932,stock
2019-07-02,SHL,232.0,234.0,234.0,231.0,1100,stock
2019-07-03,SHL,234.0,234.0,234.0,232.0,5480,stock
2019-07-04,SHL,233.0,231.0,233.0,230.0,8219,stock
2019-07-07,SHL,230.0,233.0,233.0,230.0,8219,stock
2019-07-08,SHL,231.0,232.0,232.0,230.0,7786,stock
2019-07-09,SHL,232.0,230.0,232.0,230.0,3998,stock
2019-07-10,SHL,231.0,231.0,231.0,230.0,4956,stock
2019-07-11,SHL,234.0,228.0,234.0,228.0,22134,stock
2019-07-14,SHL,231.0,230.0,239.0,230.0,7449,stock
2019-07-15,SHL,232.0,233.0,234.0,232.0,1606,stock
2019-07-16,SHL,244.0,244.0,244.0,244.0,100,stock
2019-07-17,SHL,240.0,236.0,240.0,232.0,4743,stock
2019-07-18,SHL,240.0,233.0,240.0,233.0,2330,stock
2019-07-21,SHL,231.0,232.0,235.0,231.0,915,stock
2019-07-22,SHL,231.0,234.0,234.0,228.0,1303,stock
2019-07-23,SHL,236.0,233.0,237.0,232.0,4497,stock
2019-07-24,SHL,233.0,237.0,239.0,233.0,16292,stock
2019-07-25,SHL,238.0,235.0,239.0,235.0,3916,stock
2019-07-28,SHL,232.0,234.0,235.0,231.0,7465,stock
2019-07-29,SHL,232.0,234.0,238.0,232.0,2310,stock
2019-07-30,SHL,235.0,235.0,235.0,235.0,1100,stock
2019-07-31,SHL,237.0,236.0,237.0,235.0,4660,stock
2019-08-01,SHL,235.0,234.0,237.0,234.0,3438,stock
2019-08-04,SHL,235.0,232.0,235.0,232.0,1242,stock
2019-08-05,SHL,232.0,234.0,234.0,232.0,820,stock
2019-08-06,SHL,233.0,231.0,233.0,230.0,5726,stock
2019-08-07,SHL,235.0,232.0,236.0,232.0,24039,stock
2019-08-08,SHL,230.0,230.0,231.0,230.0,3797,stock
2019-08-11,SHL,230.0,232.0,232.0,230.0,4616,stock
2019-08-12,SHL,232.0,234.0,234.0,232.0,4401,stock
2019-08-13,SHL,234.0,232.0,234.0,232.0,1200,stock
2019-08-14,SHL,233.0,230.0,233.0,230.0,1957,stock
2019-08-15,SHL,233.0,232.0,233.0,230.0,1776,stock
2019-08-18,SHL,232.0,232.0,232.0,228.0,8974,stock
2019-08-19,SHL,232.0,230.0,235.0,229.0,72599,stock
2019-08-20,SHL,228.0,231.0,232.0,226.0,189755,stock
2019-08-21,SHL,233.0,228.0,233.0,226.0,180509,stock
2019-08-22,SHL,231.0,229.0,231.0,229.0,2382,stock
2019-08-25,SHL,228.0,230.0,230.0,228.0,2332,stock
2019-08-26,SHL,228.0,228.0,229.0,228.0,1700,stock
2019-08-27,SHL,230.0,228.0,230.0,228.0,959,stock
2019-08-28,SHL,230.0,228.0,230.0,225.0,6690,stock
2019-08-29,SHL,229.0,228.0,232.0,228.0,2243,stock
2019-09-01,SHL,227.0,226.0,227.0,226.0,2300,stock
2019-09-02,SHL,229.0,224.0,230.0,222.0,24359,stock
2019-09-03,SHL,220.0,225.0,225.0,218.0,7728,stock
2019-09-04,SHL,227.0,226.0,229.0,225.0,2670,stock
2019-09-05,SHL,226.0,222.0,226.0,222.0,1400,stock
2019-09-08,SHL,222.0,223.0,223.0,221.0,3701,stock
2019-09-09,SHL,223.0,218.0,223.0,218.0,4581,stock
2019-09-10,SHL,220.0,224.0,224.0,217.0,2300,stock
2019-09-11,SHL,221.0,219.0,224.0,218.0,208860,stock
2019-09-12,SHL,220.0,217.0,220.0,217.0,6700,stock
2019-09-15,SHL,216.0,213.0,216.0,213.0,3793,stock
2019-09-16,SHL,212.0,212.0,217.0,211.0,16043,stock
2019-09-17,SHL,214.0,217.0,221.0,214.0,2159,stock
2019-09-18,SHL,221.0,222.0,223.0,215.0,4113,stock
2019-09-19,SHL,223.0,218.0,223.0,218.0,4710,stock
2019-09-22,SHL,216.0,211.0,216.0,211.0,1838,stock
2019-09-23,SHL,212.0,210.0,215.0,210.0,4084,stock
2019-09-24,SHL,214.0,214.0,214.0,214.0,1370,stock
2019-09-26,SHL,217.0,214.0,217.0,213.0,850,stock
2019-09-29,SHL,210.0,209.0,210.0,209.0,2250,stock
2019-09-30,SHL,212.0,217.0,217.0,212.0,1629,stock
2019-10-01,SHL,217.0,217.0,219.0,216.0,5442,stock
2019-10-02,SHL,216.0,211.0,216.0,211.0,1618,stock
2019-10-03,SHL,213.0,213.0,215.0,200.0,156504,stock
2019-10-10,SHL,210.0,212.0,212.0,210.0,2700,stock
2019-10-14,SHL,212.0,207.0,212.0,206.0,7473,stock
2019-10-15,SHL,207.0,207.0,209.0,205.0,9901,stock
2019-10-16,SHL,208.0,206.0,208.0,206.0,1638,stock
2019-10-17,SHL,207.0,207.0,208.0,205.0,5400,stock
2019-10-21,SHL,211.0,208.0,211.0,205.0,12864,stock
2019-10-22,SHL,208.0,206.0,210.0,206.0,3900,stock
2019-10-23,SHL,208.0,207.0,209.0,206.0,19315,stock
2019-10-24,SHL,205.0,207.0,210.0,204.0,21883,stock
2019-10-31,SHL,208.0,208.0,208.0,208.0,500,stock
2019-11-03,SHL,208.0,208.0,208.0,206.0,16308,stock
2019-11-04,SHL,210.0,208.0,210.0,208.0,700,stock
2019-11-05,SHL,208.0,207.0,208.0,207.0,1318,stock
2019-11-06,SHL,207.0,207.0,207.0,206.0,1500,stock
2019-11-07,SHL,207.0,206.0,207.0,204.0,6321,stock
2019-11-10,SHL,204.0,204.0,204.0,203.0,3462,stock
2019-11-11,SHL,208.0,209.0,209.0,207.0,3350,stock
2019-11-12,SHL,209.0,207.0,209.0,204.0,1320,stock
2019-11-13,SHL,208.0,207.0,208.0,204.0,3557,stock
2019-11-14,SHL,207.0,207.0,208.0,207.0,500,stock
2019-11-17,SHL,207.0,203.0,207.0,201.0,7667,stock
2019-11-18,SHL,203.0,204.0,204.0,202.0,2578,stock
2019-11-19,SHL,208.0,212.0,215.0,208.0,61640,stock
2019-11-20,SHL,215.0,211.0,216.0,210.0,10745,stock
2019-11-21,SHL,212.0,209.0,212.0,209.0,4720,stock
2019-11-24,SHL,210.0,207.0,210.0,207.0,9601,stock
2019-11-25,SHL,207.0,209.0,209.0,207.0,3071,stock
2019-11-26,SHL,209.0,208.0,209.0,207.0,5699,stock
2019-11-27,SHL,210.0,209.0,210.0,207.0,6552,stock
2019-11-28,SHL,212.0,208.0,212.0,208.0,6478,stock
2019-12-01,SHL,208.0,209.0,210.0,206.0,3606,stock
2019-12-02,SHL,210.0,207.0,210.0,207.0,5032,stock
2019-12-03,SHL,206.0,208.0,210.0,206.0,1700,stock
2019-12-04,SHL,210.0,207.0,212.0,206.0,7176,stock
2019-12-05,SHL,208.0,207.0,210.0,207.0,7619,stock
2019-12-08,SHL,208.0,210.0,212.0,206.0,7250,stock
2019-12-09,SHL,210.0,210.0,212.0,209.0,11458,stock
2019-12-10,SHL,213.0,216.0,216.0,210.0,53373,stock
2019-12-11,SHL,189.0,191.0,192.0,189.0,6770,stock
2019-12-12,SHL,191.0,191.0,191.0,190.0,3550,stock
2019-12-15,SHL,191.0,188.0,191.0,188.0,1277,stock
2019-12-16,SHL,186.0,185.0,189.0,185.0,6234,stock
2019-12-17,SHL,184.0,183.0,185.0,183.0,4700,stock
2019-12-18,SHL,186.0,177.0,186.0,177.0,12782,stock
2019-12-19,SHL,175.0,180.0,189.0,175.0,3495,stock
2019-12-22,SHL,180.0,185.0,185.0,180.0,5579,stock
2019-12-23,SHL,185.0,188.0,191.0,182.0,10874,stock
2019-12-24,SHL,188.0,185.0,188.0,183.0,6265,stock
2019-12-25,SHL,185.0,184.0,185.0,182.0,1591,stock
2019-12-26,SHL,186.0,182.0,186.0,182.0,600,stock
2019-12-29,SHL,185.0,182.0,185.0,181.0,1677,stock
2019-12-30,SHL,180.0,183.0,183.0,180.0,3080,stock
2019-12-31,SHL,186.0,186.0,190.0,183.0,8494,stock
2020-01-01,SHL,189.0,204.0,204.0,189.0,97665,stock
2020-01-02,SHL,208.0,197.0,211.0,196.0,81793,stock
2020-01-05,SHL,200.0,198.0,204.0,196.0,16442,stock
2020-01-06,SHL,200.0,198.0,200.0,196.0,3600,stock
2020-01-07,SHL,202.0,198.0,202.0,196.0,8405,stock
2020-01-08,SHL,200.0,197.0,201.0,196.0,3910,stock
2020-01-09,SHL,199.0,196.0,200.0,195.0,6551,stock
2020-01-12,SHL,197.0,202.0,206.0,197.0,24194,stock
2020-01-13,SHL,207.0,204.0,208.0,203.0,30492,stock
2020-01-14,SHL,201.0,204.0,205.0,201.0,7407,stock
2020-01-15,SHL,208.0,203.0,208.0,202.0,7121,stock
2020-01-16,SHL,207.0,211.0,216.0,200.0,67736,stock
2020-01-19,SHL,215.0,215.0,223.0,213.0,41779,stock
2020-01-20,SHL,213.0,209.0,214.0,207.0,13600,stock
2020-01-21,SHL,206.0,209.0,212.0,206.0,6426,stock
2020-01-22,SHL,205.0,206.0,208.0,205.0,8236,stock
2020-01-23,SHL,204.0,202.0,209.0,202.0,11944,stock
2020-01-26,SHL,200.0,198.0,208.0,197.0,18360,stock
2020-01-27,SHL,200.0,207.0,211.0,198.0,11450,stock
2020-01-28,SHL,210.0,203.0,211.0,203.0,3870,stock
2020-01-29,SHL,207.0,205.0,207.0,202.0,5052,stock
2020-01-30,SHL,203.0,207.0,212.0,203.0,23699,stock
2020-02-02,SHL,211.0,208.0,211.0,206.0,17846,stock
2020-02-03,SHL,206.0,206.0,208.0,205.0,7917,stock
2020-02-04,SHL,206.0,198.0,208.0,198.0,24667,stock
2020-02-05,SHL,200.0,204.0,206.0,200.0,12874,stock
2020-02-06,SHL,205.0,201.0,209.0,200.0,16626,stock
2020-02-09,SHL,197.0,196.0,200.0,194.0,38460,stock
2020-02-10,SHL,197.0,198.0,200.0,195.0,17241,stock
2020-02-11,SHL,198.0,197.0,201.0,196.0,18505,stock
2020-02-12,SHL,200.0,196.0,200.0,195.0,9197,stock
2020-02-13,SHL,198.0,193.0,198.0,193.0,23767,stock
2020-02-16,SHL,195.0,194.0,195.0,192.0,15599,stock
2020-02-17,SHL,195.0,198.0,200.0,192.0,29986,stock
2020-02-18,SHL,195.0,193.0,198.0,193.0,14750,stock
2020-02-19,SHL,192.0,193.0,195.0,190.0,10726,stock
2020-02-20,SHL,193.0,195.0,207.0,192.0,32381,stock
2020-02-23,SHL,198.0,200.0,205.0,195.0,36392,stock
2020-02-24,SHL,200.0,198.0,204.0,196.0,20392,stock
2020-02-25,SHL,198.0,197.0,202.0,195.0,24423,stock
2020-02-26,SHL,200.0,204.0,210.0,200.0,66705,stock
2020-02-27,SHL,205.0,201.0,206.0,200.0,24279,stock
2020-03-01,SHL,201.0,196.0,200.0,196.0,32853,stock
2020-03-02,SHL,194.0,188.0,194.0,188.0,26010,stock
2020-03-03,SHL,188.0,189.0,193.0,182.0,42058,stock
2020-03-04,SHL,186.0,180.0,189.0,180.0,20566,stock
2020-03-05,SHL,177.0,179.0,184.0,174.0,26188,stock
2020-03-10,SHL,176.0,166.0,176.0,166.0,5564,stock
2020-03-11,SHL,169.0,177.0,181.0,169.0,18460,stock
2020-03-12,SHL,178.0,167.0,178.0,167.0,27303,stock
2020-03-15,SHL,165.0,165.0,167.0,162.0,16950,stock
2020-03-16,SHL,168.0,164.0,171.0,164.0,15177,stock
2020-03-17,SHL,164.0,159.0,165.0,159.0,18671,stock
2020-03-18,SHL,158.0,159.0,162.0,155.0,9343,stock
2020-03-19,SHL,155.0,158.0,164.0,152.0,8458,stock
2020-03-22,SHL,161.0,166.0,169.0,161.0,600,stock
2020-06-29,SHL,163.0,163.0,163.0,163.0,100,stock
2020-06-30,SHL,160.0,160.0,160.0,160.0,100,stock
2020-07-02,SHL,157.0,144.0,157.0,144.0,5075,stock
2020-07-05,SHL,142.0,145.0,146.0,138.0,18212,stock
2020-07-06,SHL,143.0,152.0,153.0,139.0,25672,stock
2020-07-07,SHL,152.0,167.0,167.0,152.0,24911,stock
2020-07-08,SHL,170.0,161.0,173.0,158.0,16588,stock
2020-07-09,SHL,158.0,163.0,170.0,158.0,16245,stock
2020-07-12,SHL,160.0,155.0,160.0,154.0,11591,stock
2020-07-13,SHL,156.0,155.0,160.0,155.0,1979,stock
2020-07-14,SHL,158.0,161.0,161.0,157.0,3557,stock
2020-07-15,SHL,158.0,154.0,160.0,153.0,10927,stock
2020-07-16,SHL,157.0,159.0,159.0,154.0,10978,stock
2020-07-20,SHL,159.0,148.0,160.0,148.0,22266,stock
2020-07-21,SHL,150.0,158.0,162.0,148.0,46662,stock
2020-07-22,SHL,161.0,173.0,173.0,161.0,59357,stock
2020-07-23,SHL,176.0,173.0,180.0,167.0,48952,stock
2020-07-26,SHL,175.0,169.0,176.0,167.0,46691,stock
2020-07-27,SHL,170.0,167.0,172.0,166.0,22071,stock
2020-07-28,SHL,167.0,170.0,171.0,164.0,6287,stock
2020-07-29,SHL,167.0,164.0,170.0,163.0,16534,stock
2020-07-30,SHL,164.0,164.0,166.0,162.0,7650,stock
2020-08-02,SHL,164.0,158.0,164.0,158.0,14344,stock
2020-08-03,SHL,158.0,160.0,161.0,156.0,5523,stock
2020-08-05,SHL,157.0,157.0,157.0,156.0,4510,stock
2020-08-06,SHL,154.0,159.0,159.0,152.0,10069,stock
2020-08-09,SHL,156.0,155.0,157.0,151.0,9358,stock
2020-08-10,SHL,153.0,161.0,167.0,153.0,14486,stock
2020-08-11,SHL,164.0,156.0,167.0,156.0,10916,stock
2020-08-12,SHL,157.0,155.0,160.0,155.0,10308,stock
2020-08-13,SHL,157.0,156.0,160.0,155.0,27667,stock
2020-08-16,SHL,153.0,156.0,156.0,152.0,17907,stock
2020-08-17,SHL,154.0,158.0,158.0,151.0,210896,stock
2020-08-18,SHL,161.0,157.0,161.0,155.0,4959,stock
2020-08-19,SHL,154.0,157.0,160.0,154.0,9780,stock
2020-08-20,SHL,156.0,156.0,158.0,156.0,2900,stock
2020-08-23,SHL,159.0,157.0,159.0,155.0,2473,stock
2020-08-24,SHL,158.0,157.0,159.0,156.0,15000,stock
2020-08-25,SHL,160.0,159.0,160.0,155.0,24657,stock
2020-08-26,SHL,156.0,159.0,160.0,153.0,16070,stock
2020-08-27,SHL,156.0,157.0,159.0,153.0,11753,stock
2020-08-30,SHL,157.0,157.0,157.0,154.0,7064,stock
2020-08-31,SHL,159.0,158.0,163.0,157.0,14047,stock
2020-09-02,SHL,160.0,157.0,162.0,157.0,39242,stock
2020-09-03,SHL,160.0,161.0,163.0,157.0,28836,stock
2020-09-06,SHL,162.0,158.0,165.0,158.0,17505,stock
2020-09-07,SHL,157.0,158.0,159.0,156.0,11245,stock
2020-09-08,SHL,157.0,157.0,159.0,155.0,21854,stock
2020-09-09,SHL,158.0,159.0,159.0,156.0,11884,stock
2020-09-10,SHL,162.0,159.0,162.0,157.0,10031,stock
2020-09-13,SHL,158.0,164.0,165.0,155.0,28611,stock
2020-09-14,SHL,167.0,163.0,168.0,161.0,28845,stock
2020-09-15,SHL,165.0,164.0,166.0,162.0,21328,stock
2020-09-16,SHL,170.0,180.0,180.0,165.0,114858,stock
2020-09-17,SHL,189.0,198.0,198.0,189.0,229315,stock
2020-09-20,SHL,207.0,190.0,211.0,182.0,99387,stock
2020-09-21,SHL,190.0,186.0,195.0,179.0,33110,stock
2020-09-22,SHL,186.0,184.0,186.0,180.0,40413,stock
2020-09-23,SHL,182.0,181.0,183.0,177.0,59038,stock
2020-09-24,SHL,183.0,183.0,188.0,182.0,23338,stock
2020-09-27,SHL,183.0,190.0,196.0,183.0,8495440,stock
2020-09-28,SHL,189.0,187.0,194.0,186.0,24910,stock
2020-09-29,SHL,190.0,186.0,190.0,185.0,18208,stock
2020-09-30,SHL,189.0,184.0,189.0,182.0,15650,stock
2020-10-01,SHL,185.0,185.0,191.0,184.0,32732,stock
2020-10-04,SHL,186.0,182.0,190.0,182.0,61505,stock
2020-10-05,SHL,186.0,186.0,188.0,184.0,22447,stock
2020-10-06,SHL,185.0,187.0,188.0,185.0,21473,stock
2020-10-07,SHL,187.0,195.0,197.0,184.0,63991,stock
2020-10-08,SHL,197.0,190.0,198.0,188.0,51864,stock
2020-10-11,SHL,189.0,186.0,190.0,185.0,21659,stock
2020-10-12,SHL,185.0,187.0,188.0,182.0,25712,stock
2020-10-13,SHL,190.0,186.0,190.0,186.0,14556,stock
2020-10-14,SHL,183.0,187.0,188.0,183.0,4167,stock
2020-10-15,SHL,185.0,185.0,187.0,183.0,16889,stock
2020-10-18,SHL,183.0,184.0,185.0,179.0,8526,stock
2020-10-19,SHL,182.0,186.0,188.0,182.0,5623,stock
2020-10-20,SHL,189.0,188.0,189.0,185.0,12215,stock
2020-10-21,SHL,186.0,186.0,187.0,185.0,6210,stock
2020-10-22,SHL,186.0,185.0,190.0,185.0,16028,stock
2020-10-28,SHL,187.0,189.0,189.0,184.0,18603,stock
2020-10-29,SHL,190.0,186.0,190.0,185.0,14958,stock
2020-11-01,SHL,189.0,184.0,189.0,183.0,14632,stock
2020-11-02,SHL,186.0,186.0,188.0,185.0,16388,stock
2020-11-03,SHL,189.0,186.0,189.0,185.0,9458,stock
2020-11-04,SHL,183.0,187.0,189.0,183.0,14796,stock
2020-11-05,SHL,187.0,187.0,187.0,185.0,40581,stock
2020-11-08,SHL,185.0,191.0,192.0,184.0,31478,stock
2020-11-09,SHL,194.0,190.0,195.0,186.0,34531,stock
2020-11-10,SHL,192.0,199.0,201.0,190.0,84510,stock
2020-11-11,SHL,202.0,203.0,206.0,194.0,59310,stock
2020-11-12,SHL,200.0,201.0,203.0,197.0,41623,stock
2020-11-18,SHL,198.0,202.0,204.0,192.0,59816,stock
2020-11-19,SHL,198.0,222.0,222.0,198.0,315097,stock
2020-11-22,SHL,230.0,210.0,232.0,209.0,106154,stock
2020-11-23,SHL,214.0,219.0,224.0,210.0,140209,stock
2020-11-24,SHL,219.0,212.0,220.0,211.0,53363,stock
2020-11-25,SHL,215.0,213.0,223.0,208.0,62796,stock
2020-11-26,SHL,216.0,209.0,216.0,208.0,72941,stock
2020-11-29,SHL,208.0,209.0,212.0,205.0,78993,stock
2020-11-30,SHL,212.0,210.0,214.0,204.0,78431,stock
2020-12-01,SHL,214.0,207.0,214.0,203.0,75730,stock
2020-12-02,SHL,211.0,213.0,220.0,210.0,95204,stock
2020-12-03,SHL,217.0,210.0,217.0,209.0,28937,stock
2020-12-06,SHL,220.0,203.0,220.0,203.0,64407,stock
2020-12-07,SHL,207.0,207.0,210.0,201.0,32040,stock
2020-12-08,SHL,209.0,208.0,216.0,206.0,26188,stock
2020-12-09,SHL,208.0,201.0,208.0,200.0,82224,stock
2020-12-10,SHL,204.0,205.0,210.0,200.0,29396,stock
2020-12-13,SHL,205.0,203.0,208.0,203.0,17558,stock
2020-12-14,SHL,207.0,208.0,213.0,203.0,37689,stock
2020-12-15,SHL,208.0,205.0,208.0,204.0,22377,stock
2020-12-16,SHL,202.0,206.0,210.0,202.0,31113,stock
2020-12-17,SHL,204.0,204.0,207.0,203.0,11063,stock
2020-12-20,SHL,204.0,197.0,204.0,196.0,50965,stock
2020-12-21,SHL,196.0,194.0,200.0,186.0,42444,stock
2020-12-22,SHL,197.0,195.0,199.0,193.0,28672,stock
2020-12-23,SHL,192.0,194.0,195.0,192.0,17320,stock
2020-12-24,SHL,191.0,205.0,208.0,188.0,95322,stock
2020-12-27,SHL,206.0,194.0,209.0,193.0,32796,stock
2020-12-28,SHL,192.0,194.0,195.0,192.0,14217,stock
2020-12-29,SHL,192.0,194.0,197.0,190.0,27455,stock
2020-12-30,SHL,196.0,192.0,196.0,191.0,6640,stock
2020-12-31,SHL,193.0,191.0,194.0,191.0,26984,stock
2021-01-03,SHL,191.0,195.0,196.0,191.0,14722,stock
2021-01-04,SHL,203.0,196.0,203.0,193.0,7271,stock
2021-01-05,SHL,195.0,192.0,195.0,192.0,19767,stock
2021-01-06,SHL,195.0,192.0,197.0,192.0,12395,stock
2021-01-07,SHL,195.0,194.0,198.0,192.0,12228,stock
2021-01-10,SHL,197.0,195.0,197.0,193.0,22973,stock
2021-01-11,SHL,195.0,195.0,199.0,194.0,17257,stock
2021-01-12,SHL,196.0,197.0,199.0,195.0,14896,stock
2021-01-13,SHL,200.0,197.0,200.0,197.0,18446,stock
2021-01-17,SHL,200.0,198.0,200.0,196.0,39633,stock
2021-01-18,SHL,195.0,210.0,217.0,195.0,125467,stock
2021-01-19,SHL,206.0,208.0,216.0,204.0,54094,stock
2021-01-20,SHL,204.0,205.0,212.0,200.0,33457,stock
2021-01-21,SHL,201.0,207.0,213.0,201.0,41326,stock
2021-01-24,SHL,208.0,210.0,211.0,207.0,71280,stock
2021-01-25,SHL,208.0,206.0,209.0,204.0,28885,stock
2021-01-26,SHL,206.0,209.0,209.0,202.0,38160,stock
2021-01-27,SHL,213.0,207.0,213.0,205.0,41271,stock
2021-01-28,SHL,207.0,204.0,207.0,202.0,27326,stock
2021-01-31,SHL,208.0,202.0,211.0,199.0,38223,stock
2021-02-01,SHL,195.0,222.0,222.0,195.0,314705,stock
2021-02-02,SHL,228.0,216.0,228.0,214.0,121276,stock
2021-02-03,SHL,220.0,212.0,220.0,211.0,36729,stock
2021-02-04,SHL,202.0,208.0,217.0,202.0,80077,stock
2021-02-07,SHL,212.0,210.0,216.0,208.0,47852,stock
2021-02-08,SHL,220.0,213.0,220.0,210.0,41084,stock
2021-02-09,SHL,215.0,212.0,215.0,210.0,33234,stock
2021-02-10,SHL,208.0,214.0,218.0,208.0,51528,stock
2021-02-11,SHL,214.0,210.0,216.0,210.0,27291,stock
2021-02-14,SHL,208.0,208.0,210.0,206.0,44437,stock
2021-02-15,SHL,210.0,210.0,213.0,209.0,25270,stock
2021-02-16,SHL,210.0,210.0,214.0,206.0,38957,stock
2021-02-17,SHL,210.0,209.0,213.0,207.0,12893,stock
2021-02-18,SHL,211.0,208.0,211.0,207.0,50352,stock
2021-02-21,SHL,210.0,210.0,212.0,207.0,30908,stock
2021-02-22,SHL,210.0,209.0,212.0,207.0,25246,stock
2021-02-23,SHL,209.0,206.0,216.0,205.0,28364,stock
2021-02-24,SHL,210.0,211.0,215.0,208.0,45754,stock
2021-02-25,SHL,215.0,208.0,215.0,207.0,26718,stock
2021-02-28,SHL,204.0,206.0,210.0,204.0,24618,stock
2021-03-01,SHL,204.0,206.0,209.0,202.0,23040,stock
2021-03-02,SHL,209.0,204.0,210.0,204.0,24412,stock
2021-03-03,SHL,205.0,204.0,205.0,201.0,20016,stock
2021-03-04,SHL,204.0,201.0,207.0,201.0,28940,stock
2021-03-08,SHL,202.0,205.0,206.0,202.0,22162,stock
2021-03-09,SHL,207.0,206.0,208.0,204.0,7026,stock
2021-03-10,SHL,205.0,203.0,206.0,203.0,17530,stock
2021-03-14,SHL,200.0,201.0,204.0,200.0,13963,stock
2021-03-15,SHL,205.0,203.0,205.0,201.0,11702,stock
2021-03-16,SHL,200.0,201.0,204.0,200.0,11169,stock
2021-03-17,SHL,198.0,202.0,203.0,197.0,6380,stock
2021-03-18,SHL,202.0,203.0,204.0,201.0,9948,stock
2021-03-21,SHL,204.0,207.0,209.0,200.0,53264,stock
2021-03-22,SHL,208.0,203.0,208.0,202.0,12544,stock
2021-03-23,SHL,205.0,203.0,205.0,201.0,26723,stock
2021-03-24,SHL,205.0,204.0,216.0,200.0,49073,stock
2021-03-25,SHL,205.0,202.0,205.0,200.0,54190,stock
2021-03-29,SHL,202.0,202.0,204.0,200.0,17921,stock
2021-03-30,SHL,202.0,202.0,203.0,201.0,7780,stock
2021-03-31,SHL,202.0,202.0,203.0,201.0,17325,stock
2021-04-01,SHL,196.0,200.0,203.0,196.0,46173,stock
2021-04-04,SHL,200.0,202.0,203.0,200.0,30403,stock
2021-04-05,SHL,200.0,202.0,203.0,200.0,17058,stock
2021-04-06,SHL,202.0,202.0,202.0,200.0,15035,stock
2021-04-07,SHL,200.0,202.0,203.0,200.0,27081,stock
2021-04-08,SHL,202.0,200.0,202.0,200.0,16940,stock
2021-04-12,SHL,199.0,200.0,201.0,199.0,25666,stock
2021-04-13,SHL,199.0,200.0,202.0,199.0,19026,stock
2021-04-15,SHL,196.0,201.0,204.0,196.0,14735,stock
2021-04-18,SHL,201.0,200.0,201.0,198.0,34852,stock
2021-04-19,SHL,199.0,197.0,199.0,197.0,25650,stock
2021-04-20,SHL,196.0,196.0,199.0,194.0,28088,stock
2021-04-21,SHL,196.0,196.0,199.0,194.0,42413,stock
2021-04-22,SHL,195.0,193.0,196.0,192.0,23264,stock
2021-04-25,SHL,191.0,189.0,193.0,189.0,37100,stock
2021-04-26,SHL,192.0,183.0,192.0,183.0,27057,stock
2021-04-27,SHL,185.0,185.0,187.0,183.0,17538,stock
2021-04-28,SHL,188.0,186.0,188.0,184.0,6906,stock
2021-04-29,SHL,187.0,185.0,189.0,185.0,12764,stock
2021-05-02,SHL,184.0,189.0,191.0,183.0,13370,stock
2021-05-03,SHL,188.0,190.0,194.0,185.0,31108,stock
2021-05-04,SHL,190.0,189.0,190.0,188.0,7174,stock
2021-05-05,SHL,186.0,188.0,189.0,186.0,10696,stock
2021-05-06,SHL,184.0,186.0,189.0,182.0,19743,stock
2021-05-09,SHL,184.0,185.0,186.0,182.0,24284,stock
2021-05-10,SHL,188.0,185.0,188.0,183.0,8571,stock
2021-05-11,SHL,184.0,187.0,190.0,184.0,12880,stock
2021-05-12,SHL,188.0,187.0,190.0,185.0,5525,stock
2021-05-13,SHL,190.0,189.0,190.0,185.0,16864,stock
2021-05-16,SHL,187.0,191.0,194.0,186.0,34189,stock
2021-05-17,SHL,191.0,190.0,193.0,188.0,24004,stock
2021-05-18,SHL,187.0,209.0,209.0,187.0,231007,stock
2021-05-19,SHL,219.0,215.0,229.0,208.0,442020,stock
2021-05-20,SHL,215.0,219.0,223.0,212.0,142158,stock
2021-05-23,SHL,209.0,215.0,221.0,206.0,106646,stock
2021-05-24,SHL,215.0,213.0,219.0,212.0,79715,stock
2021-05-25,SHL,217.0,211.0,217.0,210.0,51902,stock
2021-05-27,SHL,207.0,212.0,217.0,206.0,90794,stock
2021-05-30,SHL,216.0,233.0,233.0,216.0,532669,stock
2021-05-31,SHL,244.0,240.0,256.0,239.0,282754,stock
2021-06-01,SHL,242.0,232.0,243.0,232.0,96760,stock
2021-06-02,SHL,232.0,237.0,237.0,226.0,107577,stock
2021-06-03,SHL,238.0,244.0,249.0,238.0,221161,stock
2021-06-06,SHL,245.0,241.0,250.0,238.0,177488,stock
2021-06-07,SHL,243.0,240.0,245.0,240.0,67073,stock
2021-06-08,SHL,244.0,240.0,244.0,238.0,95433,stock
2021-06-09,SHL,240.0,244.0,249.0,240.0,110174,stock
2021-06-10,SHL,256.0,242.0,256.0,241.0,95055,stock
2021-06-13,SHL,254.0,266.0,266.0,245.0,178288,stock
2021-06-14,SHL,279.0,292.0,292.0,279.0,68961,stock
2021-06-15,SHL,306.0,300.0,321.0,292.0,543079,stock
2021-06-16,SHL,285.0,273.0,298.0,272.0,411881,stock
2021-06-17,SHL,271.0,287.0,294.0,269.0,212860,stock
2021-06-20,SHL,290.0,276.0,299.0,268.0,182988,stock
2021-06-21,SHL,279.0,260.0,280.0,260.0,163796,stock
2021-06-22,SHL,260.0,274.0,281.0,260.0,165097,stock
2021-06-23,SHL,287.0,268.0,287.0,266.0,85623,stock
2021-06-24,SHL,271.0,271.0,279.0,265.0,102293,stock
2021-06-27,SHL,276.0,267.0,276.0,265.0,102254,stock
2021-06-28,SHL,265.0,267.0,279.0,262.0,76760,stock
2021-06-29,SHL,267.0,265.0,277.0,262.0,72233,stock
2021-06-30,SHL,270.0,258.0,270.0,251.0,71496,stock
2021-07-01,SHL,263.0,275.0,282.0,263.0,150679,stock
2021-07-04,SHL,280.0,277.0,289.0,277.0,178055,stock
2021-07-05,SHL,280.0,271.0,280.0,267.0,50847,stock
2021-07-06,SHL,284.0,266.0,284.0,265.0,23222,stock
2021-07-07,SHL,268.0,259.0,270.0,256.0,77363,stock
2021-07-08,SHL,263.0,261.0,266.0,253.0,75321,stock
2021-07-11,SHL,266.0,274.0,274.0,263.0,64966,stock
2021-07-12,SHL,276.0,265.0,278.0,263.0,68440,stock
2021-07-13,SHL,270.0,268.0,272.0,257.0,28331,stock
2021-07-14,SHL,281.0,268.0,281.0,260.0,46847,stock
2021-07-15,SHL,270.0,262.0,275.0,262.0,91471,stock
2021-07-18,SHL,267.2,270.0,277.0,267.2,63289,stock
2021-07-19,SHL,275.0,267.0,276.0,265.0,65265,stock
2021-07-20,SHL,272.0,272.0,276.0,266.6,88067,stock
2021-07-22,SHL,272.0,268.5,274.0,268.0,78080,stock
2021-07-25,SHL,273.0,270.0,273.0,266.5,94859,stock
2021-07-26,SHL,271.2,272.3,274.9,268.0,184102,stock
2021-07-27,SHL,275.0,273.0,276.0,270.0,83476,stock
2021-07-28,SHL,276.0,295.0,300.3,276.0,510002,stock
2021-07-29,SHL,300.0,290.0,312.0,283.3,232486,stock
2021-08-01,SHL,295.0,287.0,295.0,280.4,143400,stock
2021-08-02,SHL,290.0,286.8,290.0,282.0,98269,stock
2021-08-03,SHL,286.0,286.0,290.2,282.0,65628,stock
2021-08-04,SHL,290.0,292.0,292.0,285.0,128084,stock
2021-08-05,SHL,296.7,288.0,296.7,285.0,138589,stock
2021-08-08,SHL,288.0,283.9,293.0,282.0,62373,stock
2021-08-09,SHL,286.0,284.1,289.3,279.8,64616,stock
2021-08-10,SHL,288.9,285.0,294.0,281.0,118648,stock
2021-08-11,SHL,285.0,295.0,297.0,285.0,287797,stock
2021-08-12,SHL,295.0,296.2,304.0,295.0,310073,stock
2021-08-15,SHL,296.0,289.0,300.9,284.5,137402,stock
2021-08-16,SHL,290.0,286.0,292.0,281.3,63150,stock
2021-08-17,SHL,282.0,281.0,285.0,277.0,130859,stock
2021-08-18,SHL,280.0,278.0,280.0,271.5,133712,stock
2021-08-19,SHL,280.0,275.0,283.0,275.0,52137,stock
2021-08-24,SHL,272.0,273.9,295.8,267.0,72659,stock
2021-08-25,SHL,273.9,269.0,279.9,268.0,56325,stock
2021-08-26,SHL,270.0,270.0,275.5,262.0,44907,stock
2021-08-29,SHL,275.0,265.0,280.0,265.0,56779,stock
2021-08-31,SHL,265.0,261.9,269.1,260.6,56186,stock
2021-09-01,SHL,267.1,276.9,280.0,261.9,126710,stock
2021-09-02,SHL,281.0,268.0,285.0,268.0,88563,stock
2021-09-05,SHL,265.0,253.0,268.0,245.9,90243,stock
2021-09-06,SHL,257.0,271.3,274.0,254.0,71120,stock
2021-09-07,SHL,274.0,264.0,274.0,260.0,30548,stock
2021-09-08,SHL,269.0,260.0,269.0,258.0,52042,stock
2021-09-09,SHL,260.0,259.0,264.0,257.0,60014,stock
2021-09-12,SHL,263.0,262.0,265.5,257.0,42779,stock
2021-09-13,SHL,267.0,263.0,277.0,261.0,39243,stock
2021-09-14,SHL,267.0,264.0,268.1,259.0,31291,stock
2021-09-15,SHL,269.0,260.0,269.0,258.0,18616,stock
2021-09-16,SHL,255.0,257.0,260.0,250.0,58509,stock
2021-09-20,SHL,260.0,241.0,263.0,240.1,68811,stock
2021-09-21,SHL,245.0,250.0,255.9,236.2,58329,stock
2021-09-22,SHL,255.0,262.0,265.0,253.0,44516,stock
2021-09-23,SHL,266.0,254.0,266.0,254.0,40140,stock
2021-09-26,SHL,259.0,247.0,259.0,245.3,27068,stock
2021-09-27,SHL,250.0,241.9,250.0,240.4,30893,stock
2021-09-28,SHL,241.0,239.0,251.6,235.2,65295,stock
2021-09-29,SHL,243.0,241.0,243.7,234.6,33275,stock
2021-09-30,SHL,238.0,238.1,243.5,238.0,19910,stock
2021-10-03,SHL,234.2,227.5,237.9,227.2,40601,stock
2021-10-04,SHL,226.1,228.0,239.2,220.1,37890,stock
2021-10-05,SHL,232.0,230.0,236.0,229.9,20440,stock
2021-10-06,SHL,234.0,232.0,239.0,230.9,26310,stock
2021-10-10,SHL,235.0,228.0,239.0,227.5,26680,stock
2021-10-11,SHL,225.0,225.0,228.6,221.5,30788,stock
2021-10-17,SHL,222.0,226.9,230.9,222.0,14981,stock
2021-10-18,SHL,225.0,222.8,232.7,222.0,24893,stock
2021-10-19,SHL,219.0,217.0,221.5,213.1,31952,stock
2021-10-20,SHL,221.0,225.0,227.0,220.0,27963,stock
2021-10-21,SHL,229.0,219.1,229.0,219.0,21670,stock
2021-10-24,SHL,220.0,223.0,224.0,219.0,20701,stock
2021-10-25,SHL,223.0,230.0,231.0,221.0,26618,stock
2021-10-26,SHL,234.5,248.0,252.7,234.5,74955,stock
2021-10-27,SHL,250.0,243.5,252.9,238.0,45216,stock
2021-10-28,SHL,238.7,241.5,243.0,235.2,28779,stock
2021-10-31,SHL,245.0,246.0,250.0,241.1,54341,stock
2021-11-01,SHL,244.0,243.0,247.0,240.0,29041,stock
2021-11-02,SHL,243.0,243.0,243.0,238.1,24297,stock
2021-11-03,SHL,243.0,239.1,245.0,239.0,32533,stock
2021-11-08,SHL,243.8,240.0,248.0,238.0,15880,stock
2021-11-09,SHL,237.0,232.0,239.0,231.2,19628,stock
2021-11-11,SHL,229.4,225.5,236.0,225.5,25812,stock
2021-11-14,SHL,228.0,225.6,234.6,225.6,23154,stock
2021-11-15,SHL,226.0,231.5,235.0,226.0,20769,stock
2021-11-16,SHL,232.0,239.9,245.0,230.0,68154,stock
2021-11-17,SHL,243.0,240.0,244.0,236.0,63284,stock
2021-11-18,SHL,236.0,240.0,243.5,236.0,35804,stock
2021-11-21,SHL,242.7,234.4,243.0,234.1,14806,stock
2021-11-22,SHL,238.0,237.0,242.9,235.0,22672,stock
2021-11-23,SHL,233.5,230.1,238.0,230.0,16288,stock
2021-11-24,SHL,228.0,230.0,232.0,226.1,16450,stock
2021-11-25,SHL,233.0,237.0,243.2,227.0,32391,stock
2021-11-28,SHL,233.0,227.0,233.0,225.1,43285,stock
2021-11-29,SHL,227.0,225.0,232.0,224.5,19398,stock
2021-11-30,SHL,224.6,225.0,228.0,222.3,11492,stock
2021-12-01,SHL,226.0,224.5,230.5,223.0,15905,stock
2021-12-02,SHL,225.0,217.1,225.0,217.0,40918,stock
2021-12-05,SHL,215.0,211.0,217.0,210.8,26733,stock
2021-12-06,SHL,208.0,214.0,217.0,202.0,33417,stock
2021-12-07,SHL,218.0,211.0,221.9,211.0,15454,stock
2021-12-08,SHL,214.9,205.0,215.2,203.0,27472,stock
2021-12-09,SHL,208.7,206.0,209.0,201.0,28665,stock
2021-12-12,SHL,205.1,198.4,207.0,198.4,16534,stock
2021-12-13,SHL,195.0,192.0,206.8,187.0,52195,stock
2021-12-14,SHL,195.8,206.0,206.0,195.8,17583,stock
2021-12-15,SHL,210.0,203.5,214.2,203.3,34844,stock
2021-12-16,SHL,204.9,200.0,204.9,199.4,20174,stock
2021-12-20,SHL,200.1,198.0,204.0,198.0,10088,stock
2021-12-21,SHL,201.9,202.0,204.0,200.0,5946,stock
2021-12-22,SHL,206.0,209.1,212.0,205.0,23747,stock
2021-12-23,SHL,207.0,209.8,212.0,206.0,25613,stock
2021-12-26,SHL,206.0,213.6,218.2,206.0,43254,stock
2021-12-27,SHL,213.0,212.9,217.0,208.8,30104,stock
2021-12-28,SHL,212.9,206.2,212.9,206.0,12464,stock
2021-12-29,SHL,206.1,209.0,214.0,205.0,33123,stock
2022-01-02,SHL,210.5,208.0,210.5,205.8,18999,stock
2022-01-03,SHL,209.0,211.0,213.0,208.0,17758,stock
2022-01-04,SHL,210.0,214.0,215.3,208.0,36481,stock
2022-01-05,SHL,214.0,210.3,217.0,208.8,17351,stock
2022-01-06,SHL,211.0,217.0,220.0,208.0,29617,stock
2022-01-09,SHL,215.0,219.0,224.0,215.0,50239,stock
2022-01-10,SHL,223.0,219.0,225.9,218.0,73474,stock
2022-01-11,SHL,217.1,235.3,237.8,217.0,113978,stock
2022-01-12,SHL,233.0,229.5,240.0,225.7,50757,stock
2022-01-13,SHL,230.0,230.0,232.0,224.5,31963,stock
2022-01-16,SHL,230.0,232.0,239.0,231.0,57772,stock
2022-01-17,SHL,231.1,232.0,235.0,229.1,28213,stock
2022-01-18,SHL,230.1,239.9,245.0,229.0,141732,stock
2022-01-19,SHL,240.0,231.2,240.0,230.8,30408,stock
2022-01-20,SHL,230.0,232.0,235.0,230.0,30832,stock
2022-01-23,SHL,235.0,226.0,235.0,224.0,31568,stock
2022-01-24,SHL,223.1,218.9,227.0,217.6,55895,stock
2022-01-25,SHL,217.0,222.0,227.0,215.2,31022,stock
2022-01-26,SHL,226.2,217.1,226.2,215.0,26547,stock
2022-01-27,SHL,216.9,217.0,220.0,216.0,15214,stock
2022-01-30,SHL,220.0,228.0,228.8,220.0,29973,stock
2022-01-31,SHL,230.0,225.0,230.0,221.0,13772,stock
2022-02-01,SHL,225.0,226.1,231.0,221.5,22376,stock
2022-02-03,SHL,226.1,224.0,228.0,223.2,22385,stock
2022-02-06,SHL,222.0,223.0,224.0,220.0,24312,stock
2022-02-07,SHL,219.3,223.9,226.9,219.0,61428,stock
2022-02-08,SHL,228.0,223.0,237.4,223.0,19982,stock
2022-02-09,SHL,220.0,223.0,223.0,218.7,21852,stock
2022-02-10,SHL,224.0,218.2,224.0,218.2,17162,stock
2022-02-13,SHL,214.0,210.0,215.0,209.8,40020,stock
2022-02-14,SHL,212.9,210.5,214.0,208.1,18574,stock
2022-02-15,SHL,213.0,214.7,214.7,210.0,11726,stock
2022-02-16,SHL,213.9,211.0,216.9,210.5,23896,stock
2022-02-17,SHL,212.0,212.0,213.6,210.1,10796,stock
2022-02-20,SHL,207.8,208.0,210.0,205.0,21795,stock
2022-02-21,SHL,208.6,211.9,212.0,208.6,9968,stock
2022-02-22,SHL,213.0,211.3,214.8,209.1,13467,stock
2022-02-23,SHL,213.0,209.0,213.7,209.0,10883,stock
2022-02-24,SHL,207.0,206.7,209.0,206.0,22186,stock
2022-02-27,SHL,210.0,207.0,210.0,204.5,27384,stock
2022-02-28,SHL,210.0,205.0,212.9,205.0,22520,stock
2022-03-02,SHL,209.0,203.0,209.0,202.0,14188,stock
2022-03-06,SHL,202.1,203.0,207.0,202.0,17537,stock
2022-03-07,SHL,206.9,204.0,208.9,204.0,16553,stock
2022-03-09,SHL,206.0,202.0,206.0,200.0,13545,stock
2022-03-10,SHL,202.0,207.0,207.0,200.7,13640,stock
2022-03-13,SHL,207.3,220.5,225.0,207.0,110103,stock
2022-03-14,SHL,224.0,218.0,224.0,213.7,11919,stock
2022-03-15,SHL,222.0,232.2,239.7,217.0,144347,stock
2022-03-16,SHL,227.6,242.0,250.0,225.0,273035,stock
2022-03-20,SHL,242.0,236.0,243.0,230.0,127801,stock
2022-03-21,SHL,233.8,232.4,237.9,228.0,57454,stock
2022-03-22,SHL,235.0,236.0,238.3,229.4,42127,stock
2022-03-23,SHL,238.0,235.1,240.0,233.0,48415,stock
2022-03-24,SHL,234.0,231.9,236.0,226.1,35293,stock
2022-03-27,SHL,227.4,224.0,230.0,223.1,50463,stock
2022-03-28,SHL,223.0,223.5,227.0,220.0,35381,stock
2022-03-29,SHL,227.0,226.5,233.0,225.0,28293,stock
2022-03-30,SHL,230.9,234.5,234.8,226.3,28653,stock
2022-03-31,SHL,236.9,228.0,237.0,227.2,26758,stock
2022-04-03,SHL,225.0,225.0,229.0,224.0,18817,stock
2022-04-04,SHL,227.0,224.6,229.0,223.0,20419,stock
2022-04-05,SHL,222.0,227.9,230.0,221.1,44152,stock
2022-04-06,SHL,229.9,237.0,241.0,225.4,138035,stock
2022-04-07,SHL,241.7,235.5,241.7,234.9,45871,stock
2022-04-11,SHL,238.0,228.0,239.0,227.6,53171,stock
2022-04-12,SHL,230.0,228.0,233.0,225.0,77700,stock
2022-04-13,SHL,229.0,230.0,235.0,224.0,52948,stock
2022-04-17,SHL,228.0,225.0,232.7,224.0,39499,stock
2022-04-18,SHL,225.0,222.0,226.8,221.5,32816,stock
2022-04-19,SHL,221.0,225.0,230.0,221.0,25230,stock
2022-04-20,SHL,226.0,219.0,226.0,218.0,44988,stock
2022-04-21,SHL,219.0,220.0,224.4,215.0,37385,stock
2022-04-24,SHL,217.1,227.0,232.0,217.1,38956,stock
2022-04-25,SHL,227.0,228.8,231.0,225.1,36526,stock
2022-04-26,SHL,228.0,228.0,230.0,225.5,23146,stock
2022-04-27,SHL,226.1,230.8,230.9,225.0,30045,stock
2022-04-28,SHL,229.9,227.0,229.9,225.2,20035,stock
2022-05-02,SHL,223.0,218.7,224.0,218.1,31021,stock
2022-05-04,SHL,216.2,212.3,220.0,211.7,39752,stock
2022-05-05,SHL,210.0,212.0,215.0,209.0,36948,stock
2022-05-08,SHL,212.0,220.0,220.0,211.7,21117,stock
2022-05-09,SHL,220.0,217.0,221.0,215.6,13076,stock
2022-05-10,SHL,219.9,219.2,220.5,214.0,16240,stock
2022-05-11,SHL,221.0,224.0,225.0,218.1,40793,stock
2022-05-12,SHL,225.0,222.0,227.3,220.1,41004,stock
2022-05-17,SHL,220.0,218.5,222.0,216.0,26510,stock
2022-05-18,SHL,218.5,220.0,221.0,216.0,18975,stock
2022-05-19,SHL,218.0,217.0,220.0,215.8,17123,stock
2022-05-20,SHL,219.9,217.0,221.0,216.3,13950,stock
2022-05-23,SHL,215.0,211.2,215.0,211.1,23394,stock
2022-05-24,SHL,211.0,213.8,215.9,210.0,10785,stock
2022-05-25,SHL,215.0,213.4,215.4,208.0,32921,stock
2022-05-26,SHL,215.0,212.0,215.1,212.0,30756,stock
2022-05-27,SHL,215.0,212.0,215.0,207.8,37400,stock
2022-05-30,SHL,210.0,208.8,210.1,206.1,24038,stock
2022-05-31,SHL,205.0,207.0,208.9,204.8,18322,stock
2022-06-01,SHL,211.0,210.0,211.0,206.0,8700,stock
2022-06-02,SHL,211.0,206.4,211.0,206.1,8142,stock
2022-06-03,SHL,205.1,205.0,207.8,204.0,26076,stock
2022-06-06,SHL,208.0,206.5,210.0,205.1,11483,stock
2022-06-07,SHL,207.0,205.0,207.0,205.0,9834,stock
2022-06-08,SHL,207.0,210.1,215.0,204.0,13767,stock
2022-06-09,SHL,207.1,206.5,212.0,205.0,23200,stock
2022-06-10,SHL,204.0,205.0,205.9,202.4,4967,stock
2022-06-13,SHL,201.1,203.8,206.0,201.1,5776,stock
2022-06-14,SHL,202.0,202.0,205.4,200.7,23549,stock
2022-06-15,SHL,203.0,200.0,203.0,198.0,18912,stock
2022-06-16,SHL,204.0,202.0,204.0,199.3,15869,stock
2022-06-17,SHL,202.3,199.9,202.3,199.9,4373,stock
2022-06-19,SHL,198.0,196.2,201.8,196.1,18921,stock
2022-06-20,SHL,193.0,193.1,196.8,192.0,20188,stock
2022-06-21,SHL,196.0,196.5,204.0,191.1,11300,stock
2022-06-22,SHL,195.0,194.0,196.0,193.4,3960,stock
2022-06-23,SHL,191.0,189.1,194.0,186.7,29246,stock
2022-06-24,SHL,189.0,191.0,196.8,188.0,4150,stock
2022-06-26,SHL,194.0,203.0,207.0,194.0,15277,stock
2022-06-27,SHL,199.0,197.0,205.0,197.0,38792,stock
2022-06-28,SHL,195.1,194.8,197.0,194.0,6690,stock
2022-06-29,SHL,197.0,203.0,203.0,197.0,13421,stock
2022-06-30,SHL,203.0,213.0,213.0,200.0,48465,stock
2022-07-01,SHL,215.0,212.0,215.0,209.4,8548,stock
2022-07-03,SHL,212.0,215.0,217.0,208.4,31617,stock
2022-07-04,SHL,215.0,213.0,220.0,209.0,73106,stock
2022-07-05,SHL,209.0,208.0,214.0,206.0,21120,stock
2022-07-06,SHL,204.1,207.0,209.6,200.3,21307,stock
2022-07-07,SHL,204.0,204.8,211.9,203.5,9805,stock
2022-07-08,SHL,207.5,196.0,207.5,196.0,17535,stock
2022-07-11,SHL,195.0,197.0,200.4,193.1,20513,stock
2022-07-12,SHL,198.0,200.0,202.0,194.1,22097,stock
2022-07-13,SHL,203.0,202.1,204.0,199.0,19132,stock
2022-07-14,SHL,205.0,204.0,205.0,201.2,11145,stock
2022-07-15,SHL,202.0,202.5,203.5,200.1,8555,stock
2022-07-17,SHL,203.0,200.9,206.0,200.9,18328,stock
2022-07-18,SHL,199.3,210.2,215.2,199.3,60667,stock
2022-07-19,SHL,213.0,211.6,216.9,208.5,24379,stock
2022-07-20,SHL,215.8,210.0,215.8,207.7,12456,stock
2022-07-21,SHL,210.1,209.0,210.8,207.8,11175,stock
2022-07-22,SHL,207.0,206.9,207.0,204.0,13496,stock
2022-07-24,SHL,210.0,211.0,211.0,203.1,37948,stock
2022-07-25,SHL,213.9,218.0,218.0,212.0,44366,stock
2022-07-26,SHL,215.0,212.0,215.0,209.0,20546,stock
2022-07-27,SHL,208.0,212.0,212.0,206.0,21660,stock
2022-07-28,SHL,208.5,219.0,223.0,208.5,163476,stock
2022-07-29,SHL,221.0,231.4,235.0,220.0,150453,stock
2022-07-31,SHL,233.0,239.0,240.7,226.5,184324,stock
2022-08-01,SHL,239.0,234.4,252.6,233.7,102497,stock
2022-08-02,SHL,237.9,227.5,237.9,226.0,77279,stock
2022-08-03,SHL,228.0,229.0,235.0,220.5,48969,stock
2022-08-04,SHL,231.9,220.1,232.0,219.6,50063,stock
2022-08-05,SHL,221.0,220.0,225.0,218.0,29125,stock
2022-08-07,SHL,223.0,224.0,227.0,220.0,28027,stock
2022-08-08,SHL,226.9,218.2,227.0,217.5,44868,stock
2022-08-09,SHL,216.0,219.0,220.0,216.0,25658,stock
2022-08-10,SHL,216.0,219.0,219.1,215.1,21247,stock
2022-08-11,SHL,215.1,213.0,219.8,212.2,60194,stock
2022-08-14,SHL,211.0,210.9,215.0,207.0,49462,stock
2022-08-15,SHL,212.0,218.0,220.0,212.0,27472,stock
2022-08-16,SHL,219.0,215.0,220.1,214.0,17659,stock
2022-08-17,SHL,213.0,218.0,218.0,213.0,6745,stock
2022-08-18,SHL,214.0,217.8,221.0,214.0,17705,stock
2022-08-21,SHL,222.0,225.0,235.0,222.0,126011,stock
2022-08-22,SHL,229.0,224.0,229.0,222.0,14551,stock
2022-08-23,SHL,224.0,219.0,224.0,218.6,9621,stock
2022-08-24,SHL,222.0,218.1,223.0,217.1,23931,stock
2022-08-25,SHL,222.0,215.0,222.0,215.0,14301,stock
2022-08-26,SHL,215.0,214.0,216.0,212.3,13185,stock
2022-08-28,SHL,213.0,208.1,213.8,208.1,27461,stock
2022-08-29,SHL,205.7,212.0,213.0,205.7,16902,stock
2022-08-30,SHL,209.1,211.0,215.5,209.1,10434,stock
2022-08-31,SHL,208.4,207.9,213.5,207.6,28374,stock
2022-09-01,SHL,206.2,208.0,210.0,206.0,12210,stock
2022-09-02,SHL,211.0,209.0,212.1,196.5,100859,stock
2022-09-04,SHL,205.1,205.0,213.0,205.0,26850,stock
2022-09-05,SHL,207.5,206.1,209.0,206.0,15815,stock
2022-09-06,SHL,210.2,205.7,210.2,204.0,12203,stock
2022-09-07,SHL,205.0,205.0,206.0,203.0,5072,stock
2022-09-08,SHL,201.2,206.0,207.0,201.2,18471,stock
2022-09-11,SHL,209.0,202.0,210.0,202.0,15393,stock
2022-09-12,SHL,204.0,204.0,204.7,201.1,23809,stock
2022-09-13,SHL,205.9,206.4,206.8,202.8,18972,stock
2022-09-14,SHL,210.5,210.0,211.9,203.1,25799,stock
2022-09-15,SHL,212.9,203.7,212.9,203.2,34839,stock
2022-09-16,SHL,200.1,202.0,202.9,198.0,20136,stock
2022-09-18,SHL,199.1,198.0,204.0,197.0,23672,stock
2022-09-20,SHL,196.0,196.0,199.9,193.3,26080,stock
2022-09-21,SHL,199.8,198.0,199.8,195.2,8920,stock
2022-09-22,SHL,196.1,196.9,198.0,195.0,10853,stock
2022-09-25,SHL,194.0,194.7,195.0,192.9,39883,stock
2022-09-27,SHL,194.7,196.0,199.0,192.0,28123,stock
2022-09-28,SHL,192.5,195.6,197.9,192.1,22750,stock
2022-09-29,SHL,191.8,197.9,203.3,191.8,9229,stock
2022-10-09,SHL,200.5,203.0,203.0,197.0,8150,stock
2022-10-10,SHL,206.0,198.0,206.0,195.1,15451,stock
2022-10-11,SHL,194.3,199.8,202.0,194.3,7615,stock
2022-10-12,SHL,197.2,199.1,203.0,197.2,7227,stock
2022-10-13,SHL,199.0,200.0,207.0,199.0,4225,stock
2022-10-16,SHL,200.0,200.9,203.0,199.4,15177,stock
2022-10-17,SHL,198.3,203.0,203.0,198.3,4705,stock
2022-10-19,SHL,207.0,213.0,217.0,207.0,175173,stock
2022-10-20,SHL,216.0,209.5,217.0,206.0,33954,stock
2022-10-23,SHL,208.0,205.3,210.0,205.1,31614,stock
2022-10-31,SHL,208.9,208.6,209.5,205.0,16700,stock
2022-11-01,SHL,210.0,209.1,214.0,209.0,32440,stock
2022-11-02,SHL,212.0,212.0,215.0,210.0,21142,stock
2022-11-03,SHL,212.0,210.5,213.9,210.5,14595,stock
2022-11-06,SHL,211.5,213.0,213.5,210.1,30100,stock
2022-11-07,SHL,216.9,212.0,216.9,212.0,34237,stock
2022-11-08,SHL,212.0,212.0,213.8,207.8,15156,stock
2022-11-09,SHL,214.0,209.0,214.0,205.6,33272,stock
2022-11-10,SHL,211.0,206.0,211.0,205.0,31869,stock
2022-11-13,SHL,210.0,208.0,210.0,206.4,5345,stock
2022-11-14,SHL,205.0,209.0,209.0,205.0,13795,stock
2022-11-15,SHL,209.0,211.9,213.0,208.0,29930,stock
2022-11-16,SHL,210.0,210.0,212.5,210.0,19000,stock
2022-11-17,SHL,212.0,212.0,214.0,211.0,29515,stock
2022-11-22,SHL,214.0,212.9,214.9,211.0,17017,stock
2022-11-23,SHL,213.9,212.0,213.9,211.0,6444,stock
2022-11-24,SHL,209.5,213.0,213.0,209.5,10773,stock
2022-11-27,SHL,213.0,215.0,215.0,212.1,18525,stock
2022-11-28,SHL,215.0,214.9,217.0,213.4,18731,stock
2022-11-29,SHL,216.0,214.8,216.0,212.1,17274,stock
2022-11-30,SHL,214.0,214.5,215.5,213.1,8974,stock
2022-12-01,SHL,213.5,215.5,217.0,213.5,11833,stock
2022-12-04,SHL,215.1,218.0,221.9,215.1,41093,stock
2022-12-05,SHL,218.0,217.9,222.3,216.0,46778,stock
2022-12-06,SHL,218.0,216.7,218.8,215.0,13312,stock
2022-12-07,SHL,218.0,216.0,219.0,216.0,13400,stock
2022-12-11,SHL,215.0,215.0,216.8,213.0,25656,stock
2022-12-12,SHL,217.0,216.9,217.0,214.0,18262,stock
2022-12-13,SHL,216.0,218.0,218.0,215.0,13589,stock
2022-12-14,SHL,218.1,221.0,222.2,218.0,31896,stock
2022-12-15,SHL,219.0,220.1,221.0,218.0,19521,stock
2022-12-18,SHL,220.0,218.0,221.0,217.0,37964,stock
2022-12-19,SHL,219.0,219.0,220.1,218.0,27947,stock
2022-12-20,SHL,219.1,225.8,228.0,219.1,68695,stock
2022-12-21,SHL,227.0,226.0,230.5,225.2,145753,stock
2022-12-22,SHL,211.0,205.0,211.0,200.1,45923,stock
2022-12-26,SHL,208.0,207.5,212.1,203.9,67409,stock
2022-12-27,SHL,209.0,213.5,219.0,207.0,46844,stock
2022-12-28,SHL,212.0,210.7,215.0,210.7,27621,stock
2022-12-29,SHL,208.0,216.5,220.0,208.0,35944,stock
2023-01-01,SHL,217.0,214.0,218.9,213.0,39627,stock
2023-01-02,SHL,214.0,214.7,216.8,212.2,16700,stock
2023-01-03,SHL,218.8,220.3,227.0,215.2,84182,stock
2023-01-04,SHL,221.0,223.0,223.9,215.3,27977,stock
2023-01-05,SHL,225.0,233.0,234.9,221.0,98676,stock
2023-01-08,SHL,230.0,237.7,239.5,228.0,85874,stock
2023-01-09,SHL,239.5,235.0,239.5,231.5,50277,stock
2023-01-10,SHL,239.7,227.1,239.7,227.1,115889,stock
2023-01-12,SHL,231.6,222.0,231.6,219.0,61729,stock
2023-01-17,SHL,217.6,229.9,230.8,217.6,45224,stock
2023-01-18,SHL,234.0,228.5,235.5,225.4,62701,stock
2023-01-19,SHL,230.0,227.0,231.9,226.1,22499,stock
2023-01-23,SHL,231.0,224.2,231.0,224.0,32811,stock
2023-01-24,SHL,220.1,229.5,229.5,220.1,21270,stock
2023-01-25,SHL,226.0,231.5,234.5,226.0,46413,stock
2023-01-26,SHL,235.5,233.0,235.5,230.3,36977,stock
2023-01-29,SHL,230.0,233.9,235.0,225.4,29133,stock
2023-01-30,SHL,235.0,226.0,235.9,226.0,38767,stock
2023-01-31,SHL,225.3,223.0,227.0,221.7,48001,stock
2023-02-01,SHL,223.0,229.9,230.8,221.5,29472,stock
2023-02-02,SHL,225.6,224.0,229.6,223.0,14396,stock
2023-02-05,SHL,224.0,227.0,231.8,224.0,26776,stock
2023-02-06,SHL,224.2,228.9,229.0,224.0,18773,stock
2023-02-07,SHL,228.0,234.0,234.6,228.0,58890,stock
2023-02-08,SHL,236.0,232.0,237.9,231.0,85760,stock
2023-02-09,SHL,232.0,232.4,234.0,229.0,30918,stock
2023-02-12,SHL,229.0,229.0,233.9,224.3,46338,stock
2023-02-14,SHL,226.3,227.0,230.0,226.3,14868,stock
2023-02-15,SHL,229.0,223.0,229.0,221.5,21361,stock
2023-02-16,SHL,224.0,221.0,225.0,219.5,28217,stock
2023-02-22,SHL,222.2,226.4,226.5,220.0,14712,stock
2023-02-23,SHL,223.0,218.1,226.0,216.6,42279,stock
2023-02-26,SHL,215.6,225.0,225.0,215.6,25495,stock
2023-02-27,SHL,228.0,226.0,228.0,216.6,20830,stock
2023-02-28,SHL,222.4,224.6,227.0,222.4,17920,stock
2023-03-01,SHL,222.0,222.5,224.4,220.2,12383,stock
2023-03-02,SHL,222.0,220.9,223.9,216.4,18219,stock
2023-03-05,SHL,220.9,217.1,222.3,215.8,12135,stock
2023-03-07,SHL,218.5,218.9,221.0,217.0,15122,stock
2023-03-09,SHL,219.0,224.0,225.0,219.0,15282,stock
2023-03-12,SHL,225.0,225.0,225.0,221.0,11909,stock
2023-03-13,SHL,220.6,223.5,224.8,220.5,10945,stock
2023-03-14,SHL,221.6,224.0,225.0,220.4,12931,stock
2023-03-15,SHL,222.0,223.9,225.0,218.0,15741,stock
2023-03-16,SHL,223.0,221.1,225.9,221.0,14057,stock
2023-03-19,SHL,223.0,221.6,225.0,221.0,15447,stock
2023-03-20,SHL,222.5,226.0,226.0,222.1,21899,stock
2023-03-22,SHL,229.0,226.2,231.0,225.2,28957,stock
2023-03-23,SHL,225.0,224.0,226.5,222.1,14401,stock
2023-03-26,SHL,226.0,223.0,226.0,220.0,95553,stock
2023-03-27,SHL,223.0,227.0,227.0,222.1,16069,stock
2023-03-28,SHL,229.0,228.8,229.0,225.0,48446,stock
2023-03-29,SHL,228.8,233.0,235.5,225.5,65793,stock
2023-03-30,SHL,230.2,237.8,241.6,230.0,82795,stock
2023-04-02,SHL,242.5,238.0,247.7,230.4,78935,stock
2023-04-03,SHL,233.5,234.2,239.4,232.0,38791,stock
2023-04-04,SHL,232.0,234.0,237.1,230.1,34531,stock
2023-04-05,SHL,230.1,235.9,239.0,226.0,35964,stock
2023-04-06,SHL,238.0,234.8,238.0,233.1,23190,stock
2023-04-09,SHL,239.4,229.1,239.4,229.0,16168,stock
2023-04-10,SHL,229.0,232.5,233.4,228.1,8757,stock
2023-04-11,SHL,234.0,237.0,241.0,233.6,22177,stock
2023-04-12,SHL,241.0,245.0,245.0,237.0,121862,stock
2023-04-13,SHL,249.0,245.9,249.0,241.0,105415,stock
2023-04-16,SHL,249.0,259.0,268.0,247.0,151228,stock
2023-04-17,SHL,260.0,256.0,263.9,253.0,87714,stock
2023-04-18,SHL,255.5,261.8,263.0,250.0,93658,stock
2023-04-19,SHL,260.0,264.5,265.0,258.0,43624,stock
2023-04-20,SHL,260.5,262.9,268.9,260.5,57988,stock
2023-04-23,SHL,263.0,253.8,263.0,253.4,60555,stock
2023-04-24,SHL,253.0,252.8,257.0,251.0,21920,stock
2023-04-25,SHL,252.0,258.1,259.6,252.0,33353,stock
2023-04-26,SHL,256.0,258.6,263.0,256.0,49254,stock
2023-04-27,SHL,262.0,264.9,265.0,255.3,64446,stock
2023-04-30,SHL,263.0,266.0,269.0,260.6,59508,stock
2023-05-02,SHL,263.0,265.5,268.0,263.0,36591,stock
2023-05-03,SHL,267.0,260.0,267.0,259.0,33930,stock
2023-05-04,SHL,255.0,262.0,265.0,250.1,37970,stock
2023-05-07,SHL,260.0,259.9,262.5,258.3,30415,stock
2023-05-08,SHL,258.0,256.6,262.0,255.3,25102,stock
2023-05-09,SHL,261.0,261.0,265.0,257.1,41130,stock
2023-05-10,SHL,256.3,262.0,265.0,256.3,37566,stock
2023-05-11,SHL,264.0,263.8,264.5,260.0,26170,stock
2023-05-14,SHL,265.0,260.0,269.0,253.0,69568,stock
2023-05-15,SHL,260.9,257.0,260.9,252.5,24807,stock
2023-05-16,SHL,256.0,258.0,261.0,256.0,15359,stock
2023-05-17,SHL,255.3,258.8,260.0,255.0,26768,stock
2023-05-18,SHL,259.0,268.5,270.0,258.0,86158,stock
2023-05-21,SHL,270.0,279.0,280.0,267.0,95017,stock
2023-05-22,SHL,279.0,284.0,295.0,274.4,216022,stock
2023-05-23,SHL,284.0,291.5,295.0,284.0,129213,stock
2023-05-24,SHL,294.0,309.0,309.3,286.2,190776,stock
2023-05-28,SHL,315.1,301.0,320.0,300.0,284769,stock
2023-05-30,SHL,298.0,295.8,303.9,289.1,181915,stock
2023-05-31,SHL,290.0,286.0,300.0,284.2,122990,stock
2023-06-01,SHL,291.7,291.0,298.0,285.0,105855,stock
2023-06-04,SHL,296.0,319.0,320.0,296.0,260186,stock
2023-06-05,SHL,324.8,320.0,329.9,315.0,226079,stock
2023-06-06,SHL,320.0,348.0,350.7,318.1,284955,stock
2023-06-07,SHL,354.5,343.0,360.0,335.0,290070,stock
2023-06-08,SHL,344.0,342.0,351.0,338.0,218172,stock
2023-06-11,SHL,347.5,346.0,350.0,335.2,203084,stock
2023-06-12,SHL,340.2,375.3,377.0,340.2,421428,stock
2023-06-13,SHL,374.0,386.0,396.6,370.1,314880,stock
2023-06-14,SHL,385.0,381.0,393.7,376.0,275813,stock
2023-06-15,SHL,381.0,407.0,407.0,369.8,412405,stock
2023-06-18,SHL,411.0,443.4,444.0,402.5,391209,stock
2023-06-19,SHL,443.0,436.0,449.0,417.5,413282,stock
2023-06-20,SHL,433.0,438.0,450.8,428.5,248515,stock
2023-06-21,SHL,446.7,470.6,474.0,431.3,420174,stock
2023-06-22,SHL,470.5,513.3,517.6,458.0,595602,stock
2023-06-25,SHL,505.0,517.0,535.0,491.0,757920,stock
2023-06-26,SHL,517.0,519.9,536.0,507.0,520687,stock
2023-06-27,SHL,530.0,518.0,533.9,510.0,428144,stock
2023-06-28,SHL,528.0,503.1,528.0,496.0,462726,stock
2023-07-02,SHL,513.0,483.0,513.0,479.0,420702,stock
2023-07-03,SHL,485.0,484.8,505.0,465.0,429779,stock
2023-07-04,SHL,492.0,495.0,497.4,476.3,149335,stock
2023-07-05,SHL,503.0,480.0,503.0,478.0,196619,stock
2023-07-06,SHL,482.0,485.0,490.0,471.4,221429,stock
2023-07-09,SHL,487.0,502.0,505.0,487.0,281978,stock
2023-07-10,SHL,512.0,496.1,514.0,490.0,664961,stock
2023-07-11,SHL,506.0,491.0,506.0,485.1,215621,stock
2023-07-12,SHL,497.0,480.1,497.0,480.1,187533,stock
2023-07-13,SHL,475.0,486.0,499.0,475.0,364928,stock
2023-07-16,SHL,494.0,485.0,494.0,480.0,111915,stock
2023-07-17,SHL,488.0,497.0,499.5,479.0,157729,stock
2023-07-18,SHL,506.0,485.0,506.0,477.3,169862,stock
2023-07-19,SHL,490.0,481.9,490.0,473.4,105633,stock
2023-07-20,SHL,488.0,480.0,488.0,470.0,195233,stock
2023-07-23,SHL,485.0,478.0,492.0,474.5,166292,stock
2023-07-24,SHL,478.0,465.0,485.2,461.0,221811,stock
2023-07-25,SHL,460.0,473.0,483.0,451.8,326051,stock
2023-07-26,SHL,475.0,464.0,479.9,463.0,126019,stock
2023-07-27,SHL,464.5,457.0,469.0,455.1,104460,stock
2023-07-30,SHL,458.6,447.9,459.9,434.0,268774,stock
2023-07-31,SHL,450.0,447.0,457.5,441.0,121514,stock
2023-08-01,SHL,455.0,430.0,455.9,429.0,143373,stock
2023-08-02,SHL,438.0,439.0,443.0,424.4,121445,stock
2023-08-03,SHL,443.5,436.0,446.9,435.0,101469,stock
2023-08-06,SHL,436.1,422.8,441.9,418.2,152360,stock
2023-08-07,SHL,422.9,427.0,433.0,414.1,178122,stock
2023-08-08,SHL,434.0,420.0,434.0,411.6,96898,stock
2023-08-09,SHL,412.0,437.0,438.0,412.0,125094,stock
2023-08-10,SHL,437.1,461.7,471.1,431.3,372232,stock
2023-08-13,SHL,465.0,477.0,484.0,456.0,307246,stock
2023-08-14,SHL,484.8,463.0,484.9,462.0,231909,stock
2023-08-15,SHL,469.5,450.1,469.5,449.1,166147,stock
2023-08-16,SHL,447.0,453.0,454.0,438.0,133170,stock
2023-08-17,SHL,460.0,463.0,474.0,449.0,295677,stock
2023-08-20,SHL,468.0,452.0,468.4,452.0,88545,stock
2023-08-21,SHL,450.0,450.0,461.0,444.2,127440,stock
2023-08-22,SHL,451.0,458.0,461.0,445.9,90803,stock
2023-08-23,SHL,453.1,463.0,470.0,453.1,151713,stock
2023-08-24,SHL,463.0,455.1,470.0,453.8,170218,stock
2023-08-27,SHL,463.0,448.0,463.0,445.0,109762,stock
2023-08-28,SHL,449.0,452.0,458.0,441.0,109939,stock
2023-08-29,SHL,459.5,450.0,459.5,449.0,46892,stock
2023-08-30,SHL,455.0,451.0,455.0,449.0,55097,stock
2023-09-03,SHL,457.5,438.0,457.5,435.0,88202,stock
2023-09-04,SHL,442.0,443.0,448.0,433.0,76994,stock
2023-09-05,SHL,445.0,439.0,445.0,435.0,40884,stock
2023-09-07,SHL,435.0,434.0,439.0,432.1,92513,stock
2023-09-10,SHL,442.6,437.0,445.0,436.1,79082,stock
2023-09-11,SHL,438.2,456.0,460.0,438.2,115794,stock
2023-09-12,SHL,452.0,447.6,462.0,446.1,65591,stock
2023-09-13,SHL,440.0,464.0,466.0,440.0,146123,stock
2023-09-17,SHL,459.0,447.0,460.0,444.0,102798,stock
2023-09-18,SHL,445.2,451.1,458.0,443.0,51227,stock
2023-09-19,SHL,451.3,451.1,455.0,448.3,50582,stock
2023-09-21,SHL,460.0,460.0,470.0,451.8,161590,stock
2023-09-24,SHL,455.0,451.0,466.9,449.8,79104,stock
2023-09-25,SHL,450.0,450.0,459.0,447.2,52006,stock
2023-09-26,SHL,456.0,452.0,460.0,445.0,51455,stock
2023-09-27,SHL,454.0,447.0,454.0,445.0,64977,stock
2023-10-01,SHL,442.1,438.5,448.0,438.5,47500,stock
2023-10-02,SHL,430.0,431.1,437.0,421.0,189731,stock
2023-10-03,SHL,425.0,430.0,433.5,424.0,48353,stock
2023-10-04,SHL,430.0,438.2,443.0,430.0,48328,stock
2023-10-05,SHL,439.0,434.2,442.5,428.0,70679,stock
2023-10-08,SHL,442.0,422.0,442.0,422.0,98954,stock
2023-10-09,SHL,422.0,422.0,430.0,421.0,45986,stock
2023-10-10,SHL,422.5,414.0,425.0,410.0,59829,stock
2023-10-11,SHL,422.2,415.0,422.2,410.5,32563,stock
2023-10-12,SHL,416.0,407.7,417.0,407.7,59890,stock
2023-10-16,SHL,406.1,395.0,406.1,390.0,54778,stock
2023-10-17,SHL,401.0,393.0,409.0,391.0,36312,stock
2023-10-18,SHL,390.0,405.0,410.0,390.0,28545,stock
2023-10-19,SHL,404.0,398.0,405.0,394.9,37793,stock
2023-10-29,SHL,396.0,391.9,398.0,387.0,20693,stock
2023-10-30,SHL,385.0,390.0,393.0,385.0,27110,stock
2023-10-31,SHL,388.0,389.0,391.0,386.3,22040,stock
2023-11-01,SHL,390.0,383.7,392.0,382.2,26094,stock
2023-11-02,SHL,384.0,402.0,403.0,383.1,71809,stock
2023-11-05,SHL,402.0,405.0,409.0,390.0,45678,stock
2023-11-06,SHL,413.1,428.5,433.0,405.0,152580,stock
2023-11-07,SHL,435.0,434.0,437.0,423.0,86699,stock
2023-11-08,SHL,428.0,428.2,436.5,428.0,50391,stock
2023-11-09,SHL,428.0,420.0,428.0,420.0,90376,stock
2023-11-20,SHL,422.0,409.0,422.0,400.9,167100,stock
2023-11-21,SHL,404.0,400.0,408.0,396.2,71848,stock
2023-11-22,SHL,400.0,412.0,415.9,396.0,55249,stock
2023-11-23,SHL,407.0,415.0,422.0,405.1,63518,stock
2023-11-26,SHL,406.8,416.0,422.0,406.8,70024,stock
2023-11-27,SHL,416.0,416.0,423.4,413.1,79514,stock
2023-11-28,SHL,411.0,429.0,436.5,411.0,153446,stock
2023-11-29,SHL,429.0,429.8,439.0,422.0,98648,stock
2023-11-30,SHL,430.0,423.0,432.4,422.0,102921,stock
2023-12-03,SHL,423.0,424.9,425.4,415.0,54827,stock
2023-12-04,SHL,427.9,422.0,431.0,418.0,59446,stock
2023-12-05,SHL,423.0,420.0,426.0,416.0,34833,stock
2023-12-06,SHL,419.0,417.0,421.9,416.0,38533,stock
2023-12-07,SHL,415.0,420.0,429.9,415.0,70011,stock
2023-12-10,SHL,428.0,440.0,445.0,428.0,35292,stock
2023-12-11,SHL,445.0,440.1,448.0,433.0,244683,stock
2023-12-12,SHL,443.0,466.0,474.9,442.0,257055,stock
2023-12-13,SHL,470.0,455.0,474.0,452.0,126816,stock
2023-12-14,SHL,458.0,461.0,471.2,451.5,106831,stock
2023-12-17,SHL,455.0,471.0,475.5,451.0,173530,stock
2023-12-18,SHL,479.0,488.0,497.7,462.6,381248,stock
2023-12-19,SHL,495.0,515.0,519.6,482.2,569116,stock
2023-12-20,SHL,525.0,507.0,533.0,507.0,474000,stock
2023-12-21,SHL,492.0,468.8,492.0,466.0,221387,stock
2023-12-24,SHL,465.0,461.0,490.0,460.9,265774,stock
2023-12-27,SHL,467.9,459.9,470.0,452.0,104221,stock
2023-12-28,SHL,466.0,461.2,471.9,453.0,147502,stock
2024-01-01,SHL,468.0,458.0,474.0,455.9,137081,stock
2024-01-02,SHL,462.0,441.6,462.0,441.4,162562,stock
2024-01-03,SHL,450.0,455.0,457.0,439.1,138983,stock
2024-01-04,SHL,462.0,456.7,472.0,454.0,234252,stock
2024-01-07,SHL,454.0,453.1,465.0,450.0,122112,stock
2024-01-08,SHL,460.0,459.1,465.0,454.3,139242,stock
2024-01-09,SHL,468.2,484.0,492.0,464.0,363290,stock
2024-01-10,SHL,488.0,484.0,493.6,480.0,262213,stock
2024-01-11,SHL,481.0,477.6,490.0,470.4,77025,stock
2024-01-14,SHL,483.0,478.0,488.4,473.0,88633,stock
2024-01-16,SHL,483.0,485.1,492.0,476.3,160856,stock
2024-01-17,SHL,490.0,477.9,494.0,470.0,207694,stock
2024-01-18,SHL,475.0,469.0,480.0,463.0,150927,stock
2024-01-21,SHL,469.0,463.4,478.0,461.0,144246,stock
2024-01-22,SHL,460.1,461.0,475.0,455.8,97443,stock
2024-01-23,SHL,465.0,474.0,475.0,460.0,124374,stock
2024-01-24,SHL,483.0,467.3,483.0,463.3,170197,stock
2024-01-25,SHL,468.0,461.0,472.0,455.7,62533,stock
2024-01-28,SHL,460.0,459.5,469.0,451.0,66350,stock
2024-01-29,SHL,468.0,462.1,470.0,459.6,58265,stock
2024-01-30,SHL,464.0,461.2,465.0,460.0,73253,stock
2024-01-31,SHL,463.1,454.0,468.0,451.2,94199,stock
2024-02-01,SHL,460.0,454.1,460.0,452.4,60780,stock
2024-02-04,SHL,446.3,456.9,460.0,440.0,35190,stock
2024-02-05,SHL,458.0,457.0,465.0,449.9,61194,stock
2024-02-06,SHL,464.6,460.2,464.6,456.1,23978,stock
2024-02-07,SHL,462.0,468.0,473.0,460.0,110431,stock
2024-02-11,SHL,479.6,465.0,479.6,461.5,71112,stock
2024-02-12,SHL,462.0,464.7,466.5,459.3,37991,stock
2024-02-13,SHL,456.0,454.0,461.0,447.2,67454,stock
2024-02-14,SHL,454.0,453.1,459.0,444.0,52903,stock
2024-02-15,SHL,454.1,452.1,458.0,446.0,64029,stock
2024-02-18,SHL,461.0,449.8,461.0,440.9,33837,stock
2024-02-20,SHL,452.0,449.5,454.8,448.0,34012,stock
2024-02-21,SHL,456.5,447.0,456.5,439.5,35901,stock
2024-02-22,SHL,453.6,440.0,453.6,436.0,41416,stock
2024-02-25,SHL,433.0,433.0,445.0,432.0,32429,stock
2024-02-26,SHL,433.1,441.6,443.0,432.0,20224,stock
2024-02-27,SHL,440.0,437.1,445.0,435.2,17987,stock
2024-02-28,SHL,435.0,440.0,443.0,433.2,21604,stock
2024-02-29,SHL,440.0,428.5,441.0,428.3,33334,stock
2024-03-03,SHL,428.5,432.0,435.0,426.1,36893,stock
2024-03-04,SHL,440.6,457.0,457.0,440.6,2635,stock
2024-03-05,SHL,460.0,438.0,460.0,438.0,37220,stock
2024-03-06,SHL,430.1,442.0,450.0,428.0,75278,stock
2024-03-07,SHL,435.0,437.0,450.0,435.0,31188,stock
2024-03-10,SHL,437.2,444.0,453.4,427.6,41254,stock
2024-03-12,SHL,452.8,464.9,469.0,437.1,135840,stock
2024-03-13,SHL,470.0,462.9,470.0,452.8,128683,stock
2024-03-14,SHL,464.0,456.0,464.0,452.1,45249,stock
2024-03-17,SHL,453.1,447.1,457.9,441.0,46668,stock
2024-03-18,SHL,448.0,451.0,453.9,447.0,52648,stock
2024-03-19,SHL,451.0,452.9,458.9,442.0,31571,stock
2024-03-20,SHL,450.1,446.5,454.0,441.0,16285,stock
2024-03-21,SHL,444.1,443.0,452.0,440.0,31457,stock
2024-03-25,SHL,444.5,439.0,445.0,427.4,31276,stock
2024-03-26,SHL,437.1,442.0,447.7,434.3,44432,stock
2024-03-27,SHL,442.0,438.0,446.5,436.1,22753,stock
2024-03-28,SHL,438.0,438.0,441.9,426.0,49955,stock
2024-03-31,SHL,436.2,433.0,440.0,427.0,34904,stock
2024-04-01,SHL,434.0,434.0,436.5,432.7,28707,stock
2024-04-02,SHL,439.9,435.0,439.9,433.0,46085,stock
2024-04-03,SHL,436.4,439.0,439.5,428.8,29508,stock
2024-04-04,SHL,437.5,437.8,441.0,437.0,31434,stock
2024-04-07,SHL,438.0,449.0,450.7,438.0,48693,stock
2024-04-09,SHL,449.0,446.0,449.0,434.7,44526,stock
2024-04-10,SHL,437.1,439.0,444.9,437.1,45231,stock
2024-04-14,SHL,441.0,440.0,443.0,432.2,34260,stock
2024-04-15,SHL,431.7,436.6,440.3,431.7,12806,stock
2024-04-16,SHL,440.0,431.7,440.0,424.4,44301,stock
2024-04-18,SHL,431.4,430.0,439.0,421.7,23161,stock
2024-04-21,SHL,426.3,430.0,435.9,417.8,25730,stock
2024-04-22,SHL,435.0,430.0,437.0,429.1,19450,stock
2024-04-24,SHL,435.0,429.0,435.0,428.3,29267,stock
2024-04-25,SHL,429.0,431.0,431.0,420.0,26248,stock
2024-04-28,SHL,435.0,431.9,435.0,423.4,18704,stock
2024-04-29,SHL,430.0,429.0,432.0,422.0,19815,stock
2024-04-30,SHL,429.0,444.0,455.0,420.5,52235,stock
2024-05-02,SHL,441.0,440.0,445.0,433.4,58405,stock
2024-05-05,SHL,440.0,432.0,440.0,427.0,32470,stock
2024-05-06,SHL,432.0,431.9,434.4,427.2,23446,stock
2024-05-07,SHL,433.0,430.0,439.0,428.2,14148,stock
2024-05-08,SHL,430.5,429.2,432.0,427.1,20196,stock
2024-05-09,SHL,437.7,461.0,464.5,434.0,318419,stock
2024-05-12,SHL,470.2,444.0,470.2,436.1,146954,stock
2024-05-13,SHL,448.8,443.7,448.8,439.9,86024,stock
2024-05-14,SHL,450.0,444.0,452.5,436.6,53596,stock
2024-05-15,SHL,452.6,444.1,452.7,436.1,53023,stock
2024-05-16,SHL,451.0,436.9,451.0,430.0,126187,stock
2024-05-19,SHL,440.0,443.0,449.0,437.1,74909,stock
2024-05-20,SHL,449.6,444.0,451.4,435.0,74041,stock
2024-05-21,SHL,448.9,444.0,449.0,434.7,55493,stock
2024-05-22,SHL,444.0,448.5,455.0,442.0,112870,stock
2024-05-26,SHL,452.0,456.1,460.0,445.0,219886,stock
2024-05-27,SHL,459.0,450.0,460.0,445.2,78300,stock
2024-05-29,SHL,458.0,446.0,459.0,441.0,95456,stock
2024-05-30,SHL,454.0,437.8,454.0,433.2,122032,stock
2024-06-02,SHL,437.8,438.0,444.9,428.5,42346,stock
2024-06-03,SHL,439.0,436.0,443.0,430.0,33916,stock
2024-06-04,SHL,444.7,434.0,444.7,426.3,62805,stock
2024-06-05,SHL,433.0,432.0,438.9,424.4,38975,stock
2024-06-06,SHL,431.0,433.7,439.9,426.6,35450,stock
2024-06-09,SHL,436.0,439.9,445.0,431.5,71795,stock
2024-06-10,SHL,435.5,435.0,441.0,426.8,76850,stock
2024-06-11,SHL,440.0,438.0,440.0,426.5,45261,stock
2024-06-12,SHL,440.0,436.5,445.1,430.0,84800,stock
2024-06-13,SHL,442.0,436.0,443.0,429.4,75446,stock
2024-06-16,SHL,437.0,433.5,441.0,433.5,32087,stock
2024-06-18,SHL,432.5,432.0,436.1,432.0,25296,stock
2024-06-19,SHL,430.0,430.0,432.5,428.0,56948,stock
2024-06-20,SHL,434.5,425.2,434.5,425.0,53911,stock
2024-06-23,SHL,425.4,421.0,429.9,420.2,56865,stock
2024-06-24,SHL,422.0,421.0,427.0,416.5,46367,stock
2024-06-25,SHL,422.0,424.5,428.0,417.0,36994,stock
2024-06-26,SHL,422.0,425.5,429.9,419.0,41149,stock
2024-06-27,SHL,424.9,422.0,430.7,421.5,28010,stock
2024-06-30,SHL,422.7,420.2,423.5,420.2,35905,stock
2024-07-01,SHL,422.0,422.2,425.0,420.0,20589,stock
2024-07-02,SHL,430.6,426.9,447.0,424.1,39729,stock
2024-07-03,SHL,424.5,427.0,428.8,417.0,33526,stock
2024-07-04,SHL,430.0,430.0,432.0,422.2,75919,stock
2024-07-07,SHL,436.0,444.0,446.8,430.1,164987,stock
2024-07-08,SHL,444.6,442.0,448.4,440.4,58504,stock
2024-07-09,SHL,440.0,440.0,441.8,438.0,53976,stock
2024-07-10,SHL,448.0,441.2,448.0,431.5,53167,stock
2024-07-11,SHL,442.0,446.0,450.1,432.2,83393,stock
2024-07-14,SHL,454.9,451.0,462.0,445.0,69731,stock
2024-07-15,SHL,453.0,442.0,455.0,439.9,56867,stock
2024-07-16,SHL,442.1,456.0,458.5,440.0,118323,stock
2024-07-17,SHL,464.9,482.0,489.0,455.0,341883,stock
2024-07-18,SHL,482.0,477.2,491.0,471.4,205712,stock
2024-07-21,SHL,481.1,512.0,522.0,475.1,678574,stock
2024-07-22,SHL,517.0,515.5,527.3,500.8,361548,stock
2024-07-23,SHL,520.0,524.0,528.9,508.7,223141,stock
2024-07-24,SHL,524.0,517.0,528.0,497.9,405858,stock
2024-07-25,SHL,512.0,517.5,532.4,510.0,264891,stock
2024-07-28,SHL,520.0,518.6,530.0,504.1,270720,stock
2024-07-29,SHL,528.9,519.0,528.9,506.1,294150,stock
2024-07-30,SHL,512.0,559.0,561.0,511.0,663561,stock
2024-07-31,SHL,570.0,561.1,580.0,548.8,324978,stock
2024-08-01,SHL,570.0,553.8,570.0,545.1,369102,stock
2024-08-05,SHL,564.0,601.0,603.9,549.0,505999,stock
2024-08-06,SHL,613.0,555.0,617.0,555.0,511497,stock
2024-08-07,SHL,555.0,588.0,594.0,550.0,286409,stock
2024-08-08,SHL,599.7,578.0,611.6,565.0,371098,stock
2024-08-11,SHL,575.0,594.0,600.7,568.0,271619,stock
2024-08-12,SHL,601.0,619.0,632.0,601.0,569649,stock
2024-08-13,SHL,630.0,605.0,636.0,594.9,275702,stock
2024-08-14,SHL,617.1,624.1,628.2,583.1,490503,stock
2024-08-15,SHL,636.5,613.4,636.5,607.0,268580,stock
2024-08-18,SHL,601.2,585.0,617.9,583.0,252259,stock
2024-08-21,SHL,591.9,585.0,597.7,581.1,136878,stock
2024-08-22,SHL,596.7,580.0,596.7,573.5,138558,stock
2024-08-25,SHL,578.0,571.0,589.5,566.7,155127,stock
2024-08-27,SHL,563.0,563.0,583.9,560.0,260154,stock
2024-08-28,SHL,574.2,563.6,590.0,555.7,147818,stock
2024-08-29,SHL,565.0,561.0,577.0,551.1,126780,stock
2024-09-01,SHL,567.1,545.0,570.0,543.0,102695,stock
2024-09-02,SHL,549.9,564.0,565.0,530.0,128109,stock
2024-09-03,SHL,570.0,561.2,580.0,559.0,82223,stock
2024-09-04,SHL,560.1,541.0,567.0,538.0,144453,stock
2024-09-05,SHL,531.1,535.2,548.0,521.9,120114,stock
2024-09-08,SHL,545.9,527.0,545.9,525.0,80146,stock
2024-09-09,SHL,523.7,515.0,531.5,511.0,138659,stock
2024-09-10,SHL,525.3,520.0,525.3,510.4,78031,stock
2024-09-11,SHL,513.0,513.9,530.4,506.3,59545,stock
2024-09-12,SHL,513.0,526.5,530.0,507.0,101099,stock
2024-09-15,SHL,531.0,509.0,535.0,509.0,104852,stock
2024-09-16,SHL,519.0,498.7,519.0,495.0,92179,stock
2024-09-18,SHL,507.0,501.0,507.0,487.0,70257,stock
2024-09-22,SHL,510.0,495.7,514.0,495.0,45622,stock
2024-09-23,SHL,492.3,482.1,496.0,477.1,71985,stock
2024-09-24,SHL,480.1,473.0,491.0,471.1,75987,stock
2024-09-25,SHL,479.0,489.0,490.0,464.0,92639,stock
2024-09-26,SHL,495.0,481.0,495.0,477.0,40088,stock
2024-09-29,SHL,482.0,471.0,486.9,470.0,51661,stock
2024-09-30,SHL,480.0,483.5,483.9,471.0,25527,stock
2024-10-01,SHL,490.9,514.9,515.0,485.0,111234,stock
2024-10-02,SHL,514.9,508.0,515.0,495.8,82481,stock
2024-10-06,SHL,508.0,519.0,520.0,502.0,47525,stock
2024-10-07,SHL,520.1,535.2,549.0,520.0,117594,stock
2024-10-08,SHL,532.0,522.0,540.9,520.2,53086,stock
2024-10-09,SHL,517.0,528.0,535.0,515.0,30827,stock
2024-10-15,SHL,530.0,532.9,532.9,520.1,27169,stock
2024-10-16,SHL,530.0,541.0,544.0,530.0,53432,stock
2024-10-17,SHL,542.0,535.0,544.4,534.0,72803,stock
2024-10-20,SHL,530.0,522.0,535.0,520.0,85828,stock
2024-10-21,SHL,513.1,512.7,522.0,506.0,53723,stock
2024-10-22,SHL,517.0,516.5,519.0,508.0,20415,stock
2024-10-23,SHL,518.0,510.0,523.3,505.0,35926,stock
2024-10-24,SHL,511.5,508.0,516.5,505.0,32239,stock
2024-10-27,SHL,510.0,509.5,517.8,500.0,25356,stock
2024-10-28,SHL,509.6,514.9,516.0,501.8,17966,stock
2024-10-29,SHL,514.9,536.0,536.0,514.9,85283,stock
2024-10-30,SHL,546.7,563.5,588.0,546.7,373835,stock
2024-11-05,SHL,574.7,574.5,585.0,566.0,148281,stock
2024-11-06,SHL,575.0,568.0,575.0,564.0,77280,stock
2024-11-10,SHL,570.0,568.0,570.5,561.0,100647,stock
2024-11-11,SHL,573.0,567.0,574.0,553.0,99452,stock
2024-11-12,SHL,567.0,562.0,570.0,550.8,67155,stock
2024-11-13,SHL,562.0,555.2,566.0,553.7,61063,stock
2024-11-14,SHL,563.8,559.0,563.8,555.0,71045,stock
2024-11-17,SHL,559.0,575.0,577.0,559.0,174633,stock
2024-11-19,SHL,578.7,562.9,578.7,553.7,105407,stock
2024-11-20,SHL,570.0,562.0,570.0,555.0,49006,stock
2024-11-21,SHL,565.0,556.2,569.8,552.0,62966,stock
2024-11-24,SHL,556.0,555.6,567.0,555.1,63157,stock
2024-11-25,SHL,566.0,561.0,566.7,550.1,77555,stock
2024-11-26,SHL,570.0,562.0,570.0,555.0,89930,stock
2024-11-27,SHL,570.0,570.0,572.0,555.0,266148,stock
2024-11-28,SHL,518.2,520.0,530.0,518.2,100778,stock
2024-12-01,SHL,530.4,515.0,530.4,504.7,56228,stock
2024-12-02,SHL,505.0,530.2,546.0,505.0,173941,stock
2024-12-03,SHL,535.0,521.0,540.0,519.4,42731,stock
2024-12-04,SHL,519.0,522.3,531.4,519.0,37988,stock
2024-12-05,SHL,516.0,505.1,520.9,494.9,68151,stock
2024-12-08,SHL,511.0,493.1,511.0,491.0,57539,stock
2024-12-09,SHL,502.0,487.3,503.0,486.6,51779,stock
2024-12-10,SHL,488.9,487.9,495.0,485.2,24239,stock
2024-12-11,SHL,484.1,493.0,493.0,484.0,20593,stock
2024-12-12,SHL,493.0,485.0,494.9,481.2,30616,stock
2024-12-16,SHL,484.0,473.4,487.5,470.0,46458,stock
2024-12-17,SHL,481.0,477.0,481.0,470.0,25235,stock
2024-12-18,SHL,486.0,475.0,486.0,475.0,32056,stock
2024-12-19,SHL,480.0,470.0,483.0,470.0,28383,stock
2024-12-22,SHL,472.5,465.8,473.0,455.0,26896,stock
2024-12-23,SHL,472.0,466.0,472.0,458.1,34051,stock
2024-12-24,SHL,470.0,472.9,475.3,467.0,29507,stock
2024-12-26,SHL,470.0,469.0,471.9,460.6,20942,stock
2024-12-29,SHL,465.1,464.0,471.2,462.0,23710,stock
2024-12-31,SHL,470.0,463.1,470.0,457.2,33338,stock
2025-01-01,SHL,461.0,470.5,470.9,459.0,26776,stock
2025-01-02,SHL,465.3,471.1,474.8,465.0,17851,stock
2025-01-05,SHL,471.0,470.8,474.0,466.0,29220,stock
2025-01-06,SHL,475.0,490.0,492.0,470.0,58062,stock
2025-01-07,SHL,497.9,493.6,497.9,482.0,41687,stock
2025-01-08,SHL,492.0,492.0,494.8,481.5,23362,stock
2025-01-09,SHL,495.0,492.0,497.0,483.2,22261,stock
2025-01-12,SHL,492.0,490.0,492.0,480.0,20373,stock
2025-01-13,SHL,488.0,480.3,489.0,477.3,39562,stock
2025-01-15,SHL,480.3,489.9,491.0,479.1,31943,stock
2025-01-16,SHL,485.0,493.0,504.0,485.0,33445,stock
2025-01-19,SHL,495.0,489.5,495.0,485.0,28566,stock
2025-01-20,SHL,490.0,491.0,493.9,489.5,32693,stock
2025-01-21,SHL,491.0,500.0,504.9,490.0,40177,stock
2025-01-22,SHL,500.0,518.0,519.0,500.0,137082,stock
2025-01-23,SHL,520.0,513.9,520.0,500.0,43221,stock
2025-01-26,SHL,514.0,514.9,518.0,508.1,65954,stock
2025-01-27,SHL,514.0,509.7,514.8,500.8,38900,stock
2025-01-28,SHL,511.0,515.0,517.0,500.0,44820,stock
2025-02-02,SHL,510.0,521.0,526.1,510.0,101593,stock
2025-02-03,SHL,524.0,526.0,532.0,516.6,91197,stock
2025-02-04,SHL,525.9,515.0,525.9,513.5,41998,stock
2025-02-05,SHL,510.0,515.0,516.0,500.1,46341,stock
2025-02-06,SHL,517.0,510.0,517.9,506.0,38461,stock
2025-02-09,SHL,501.1,507.0,514.0,500.0,21170,stock
2025-02-10,SHL,507.0,505.9,507.0,500.0,18343,stock
2025-02-11,SHL,497.0,493.0,503.9,487.6,41220,stock
2025-02-12,SHL,491.0,494.0,499.0,485.5,34970,stock
2025-02-13,SHL,484.2,491.0,500.0,481.2,30489,stock
2025-02-16,SHL,491.0,499.0,503.7,475.3,127765,stock
2025-02-17,SHL,499.0,510.3,524.9,491.0,92094,stock
2025-02-18,SHL,511.0,506.0,523.5,500.1,59691,stock
2025-02-20,SHL,505.0,502.0,514.0,491.0,34200,stock
2025-02-23,SHL,495.0,499.0,510.0,486.2,52054,stock
2025-02-24,SHL,496.1,494.0,508.0,487.0,51003,stock
2025-02-25,SHL,494.0,495.0,502.0,486.3,40032,stock
2025-02-27,SHL,495.0,497.0,503.0,486.3,29342,stock
2025-03-02,SHL,504.0,518.0,522.9,496.0,117090,stock
2025-03-03,SHL,517.0,511.0,521.0,507.0,74206,stock
2025-03-04,SHL,515.0,506.0,519.0,497.9,66830,stock
2025-03-05,SHL,506.0,503.0,514.0,494.1,47814,stock
2025-03-06,SHL,503.0,500.0,506.0,491.0,41007,stock
2025-03-09,SHL,500.1,498.0,505.5,490.0,52240,stock
2025-03-10,SHL,499.0,493.3,503.0,490.0,44839,stock
2025-03-11,SHL,489.1,486.4,500.5,485.1,42471,stock
2025-03-12,SHL,495.0,489.5,496.1,488.0,18462,stock
2025-03-16,SHL,495.0,490.0,496.0,480.0,44346,stock
2025-03-17,SHL,485.0,490.0,494.0,485.0,24967,stock
2025-03-18,SHL,494.0,488.0,494.9,477.3,22131,stock
2025-03-19,SHL,493.8,490.0,495.0,488.1,37395,stock
2025-03-20,SHL,494.0,488.99,495.0,485.0,25574,stock
2025-03-23,SHL,485.2,480.78,490.5,480.0,40257,stock
2025-03-24,SHL,480.0,484.81,486.0,472.0,36437,stock
2025-03-25,SHL,476.0,471.94,482.0,470.4,56357,stock
2025-03-26,SHL,474.0,482.26,483.0,472.0,18612,stock
2025-03-27,SHL,478.0,481.41,484.5,469.0,38312,stock
2025-03-30,SHL,480.8,486.48,490.0,480.0,33419,stock
2025-04-01,SHL,480.0,478.85,486.0,470.0,25594,stock
2025-04-02,SHL,478.5,485.07,486.0,472.0,28246,stock
2025-04-03,SHL,482.4,486.36,490.0,482.3,35234,stock
2025-04-07,SHL,480.0,479.09,483.0,475.1,30666,stock
2025-04-08,SHL,475.0,476.13,480.0,469.2,32877,stock
2025-04-09,SHL,480.0,494.8,496.0,475.3,62267,stock
2025-04-10,SHL,496.9,492.02,496.9,480.4,22678,stock
2025-04-13,SHL,489.3,492.53,494.8,477.0,25099,stock
2025-04-15,SHL,497.0,506.04,507.0,490.0,107134,stock
2025-04-16,SHL,507.9,505.39,510.0,495.9,75902,stock
2025-04-17,SHL,512.0,509.12,515.0,500.3,94140,stock
2025-04-20,SHL,514.8,501.9,515.0,496.4,66230,stock
2025-04-21,SHL,499.5,501.18,508.0,490.0,60608,stock
2025-04-22,SHL,508.9,508.23,513.0,498.0,107177,stock
2025-04-23,SHL,509.0,500.97,510.0,500.0,78296,stock
2025-04-24,SHL,501.0,495.98,504.0,488.1,42546,stock
2025-04-27,SHL,494.0,502.71,509.0,493.0,109402,stock
2025-04-28,SHL,503.3,500.88,506.9,500.1,57009,stock
2025-04-29,SHL,502.0,499.8,502.0,489.0,30608,stock
2025-04-30,SHL,499.8,502.35,503.7,493.0,52501,stock
2025-05-04,SHL,502.0,502.97,506.0,501.6,61481,stock
2025-05-05,SHL,495.1,501.76,503.9,495.1,27528,stock
2025-05-06,SHL,501.5,500.85,504.9,490.5,49467,stock
2025-05-07,SHL,506.0,507.13,509.8,496.0,70383,stock
2025-05-08,SHL,513.0,511.16,515.0,500.0,109167,stock
2025-05-11,SHL,515.0,553.91,562.2,515.0,573286,stock
2025-05-13,SHL,562.2,542.5,566.6,534.6,253205,stock
2025-05-14,SHL,552.0,529.25,562.0,526.1,188073,stock
2025-05-15,SHL,529.0,571.85,575.5,525.0,824999,stock
2025-05-18,SHL,571.0,566.93,586.0,560.0,409600,stock
2025-05-19,SHL,555.6,555.34,574.9,544.9,346161,stock
2025-05-20,SHL,561.0,582.63,590.1,556.1,505312,stock
2025-05-21,SHL,594.2,585.38,606.0,570.0,412921,stock
2025-05-22,SHL,582.0,573.52,597.0,570.0,347850,stock
2025-05-25,SHL,571.1,563.14,577.0,545.9,318522,stock
2025-05-26,SHL,574.4,557.98,580.0,550.0,230821,stock
2025-05-27,SHL,551.0,561.8,565.0,546.7,226773,stock
2025-05-28,SHL,550.6,570.85,580.0,550.6,315844,stock
2025-06-02,SHL,582.2,585.4,601.0,578.0,561476,stock
2025-06-03,SHL,586.0,571.18,589.0,562.0,236083,stock
2025-06-04,SHL,572.0,565.87,578.5,564.0,123545,stock
2025-06-05,SHL,558.0,560.82,571.8,550.0,212462,stock
2025-06-08,SHL,558.1,565.74,574.8,557.1,297550,stock
2025-06-09,SHL,555.0,558.64,569.7,551.9,239199,stock
2025-06-10,SHL,565.0,572.03,578.0,558.6,315155,stock
2025-06-11,SHL,568.1,561.07,574.0,559.0,194522,stock
2025-06-12,SHL,572.2,570.28,579.9,551.0,350935,stock
2025-06-15,SHL,578.0,563.62,578.0,553.2,159010,stock
2025-06-16,SHL,554.0,599.15,604.0,554.0,900638,stock
2025-06-17,SHL,611.1,592.55,617.9,588.0,501929,stock
2025-06-18,SHL,593.0,588.75,597.0,583.0,144559,stock
2025-06-19,SHL,586.9,579.75,596.0,573.5,358731,stock
2025-06-22,SHL,579.9,556.64,581.0,555.0,213001,stock
2025-06-23,SHL,563.0,563.45,569.9,543.0,142891,stock
2025-06-24,SHL,572.0,556.9,574.0,556.0,96835,stock
2025-06-25,SHL,558.1,562.84,566.9,550.0,97030,stock
2025-06-26,SHL,561.0,550.65,578.3,546.0,204538,stock
2025-06-29,SHL,540.0,553.26,557.8,540.0,99674,stock
2025-06-30,SHL,553.2,553.27,561.7,550.0,96374,stock
2025-07-01,SHL,555.0,558.5,559.9,544.0,84327,stock
2025-07-02,SHL,556.0,561.66,565.0,550.0,87947,stock
2025-07-03,SHL,564.0,559.13,565.0,549.0,114750,stock
2025-07-06,SHL,564.9,559.1,564.9,550.0,106025,stock
2025-07-07,SHL,566.0,564.65,577.0,555.1,169163,stock
2025-07-08,SHL,570.0,564.25,570.0,550.0,84450,stock
2025-07-09,SHL,565.0,564.13,569.9,553.7,75423,stock
2025-07-10,SHL,569.0,564.16,576.3,553.0,72957,stock
2025-07-13,SHL,572.6,567.25,575.4,551.8,169044,stock
2025-07-14,SHL,568.1,566.02,574.8,558.6,120143,stock
2025-07-15,SHL,568.0,573.63,579.0,563.5,171988,stock
2025-07-16,SHL,585.1,577.58,585.1,567.0,181350,stock
2025-07-17,SHL,583.0,588.65,599.0,577.3,192333,stock
2025-07-20,SHL,590.0,584.27,599.3,575.0,228293,stock
2025-07-21,SHL,581.0,584.07,595.0,572.0,156962,stock
2025-07-22,SHL,594.0,612.98,615.0,586.0,544088,stock
2025-07-23,SHL,614.5,601.42,616.0,588.5,319537,stock
2025-07-24,SHL,613.3,605.47,613.3,590.0,212009,stock
2025-07-27,SHL,608.9,590.37,619.0,588.0,453779,stock
2025-07-28,SHL,581.1,589.33,595.0,575.0,210958,stock
2025-07-29,SHL,599.9,586.45,600.0,583.3,151771,stock
2025-07-30,SHL,590.0,576.19,593.0,567.0,237920,stock
2025-07-31,SHL,564.7,573.85,582.8,564.7,136308,stock
2025-08-03,SHL,580.0,568.76,580.0,560.0,101379,stock
2025-08-04,SHL,574.0,566.15,575.0,559.2,106407,stock
2025-08-05,SHL,570.9,559.43,570.9,557.0,113878,stock
2025-08-06,SHL,555.0,561.68,565.0,550.0,60761,stock
2025-08-07,SHL,560.0,565.31,570.0,560.0,45717,stock
2025-08-11,SHL,561.0,556.71,569.5,549.8,79745,stock
2025-08-12,SHL,556.71,556.1,560.8,550.0,43033,stock
2025-08-13,SHL,555.0,557.78,560.0,550.0,26187,stock
2025-08-14,SHL,557.5,560.85,564.9,556.0,42863,stock
2025-08-17,SHL,561.0,562.09,568.0,550.1,42265,stock
2025-08-18,SHL,566.8,565.49,567.0,555.0,29115,stock
2025-08-19,SHL,568.8,561.75,568.8,555.0,38347,stock
2025-08-20,SHL,560.4,571.9,579.0,560.0,86698,stock
2025-08-21,SHL,576.9,563.63,579.0,560.0,24961,stock
2025-08-24,SHL,569.0,558.48,572.0,550.0,45670,stock
2025-08-25,SHL,560.0,561.12,562.4,550.0,24835,stock
2025-08-26,SHL,564.0,561.8,565.0,555.0,15674,stock
2025-08-27,SHL,565.5,571.15,575.0,555.0,48014,stock
2025-08-28,SHL,571.0,561.95,575.0,560.0,87475,stock
2025-08-31,SHL,566.0,559.32,566.0,550.2,35900,stock
2025-09-01,SHL,555.0,561.44,565.0,552.0,21663,stock
2025-09-02,SHL,556.3,563.3,565.0,551.8,40466,stock
2025-09-03,SHL,558.1,557.34,564.5,555.0,44279,stock
2025-09-04,SHL,558.0,551.78,561.0,547.0,73684,stock
2025-09-07,SHL,554.0,552.15,557.0,550.1,40514,stock
2025-09-08,SHL,561.0,544.31,561.0,542.0,32918,stock
2025-09-18,SHL,533.5,489.9,533.5,489.9,5696,stock
2025-09-21,SHL,480.2,517.6,525.0,480.2,89896,stock
2025-09-23,SHL,521.0,537.1,540.0,519.0,37955,stock
2025-09-24,SHL,540.0,532.0,540.0,520.0,32711,stock
2025-09-25,SHL,523.4,530.2,535.0,515.0,26208,stock
2025-09-28,SHL,539.9,536.4,539.9,526.0,12303,stock
2025-10-07,SHL,526.0,521.0,530.0,515.5,40916,stock
2025-10-08,SHL,515.2,505.7,518.0,498.0,56489,stock
2025-10-09,SHL,515.8,511.0,536.5,506.0,31500,stock
2025-10-12,SHL,504.3,478.2,505.0,470.4,132788,stock
2025-10-13,SHL,477.0,501.0,501.0,477.0,55736,stock
2025-10-14,SHL,499.8,493.0,500.9,488.0,20551,stock
2025-10-15,SHL,486.0,488.5,498.0,486.0,30371,stock
2025-10-16,SHL,487.5,485.0,494.0,483.3,19520,stock
2025-10-19,SHL,494.0,494.5,495.5,485.0,21984,stock
2025-10-26,SHL,488.0,501.0,502.7,485.0,17881,stock
2025-10-28,SHL,505.8,518.9,518.9,499.1,61184,stock
2025-10-29,SHL,529.2,543.1,559.8,529.2,207945,stock
2025-10-30,SHL,553.0,549.0,555.0,538.1,102925,stock
2025-11-02,SHL,555.0,552.0,557.5,549.0,76357,stock
2025-11-03,SHL,549.0,548.0,555.0,538.1,47749,stock
2025-11-04,SHL,558.9,544.0,558.9,537.1,35815,stock
2025-11-05,SHL,534.0,542.2,545.0,534.0,41106,stock
2025-11-06,SHL,543.0,540.0,555.0,536.2,48155,stock
2025-11-09,SHL,545.0,540.0,545.0,535.0,35370,stock
2025-11-10,SHL,542.0,543.6,543.6,536.0,35661,stock
2025-11-11,SHL,545.0,548.8,554.4,531.0,83496,stock
2025-11-12,SHL,551.9,541.5,551.9,540.0,25230,stock
2025-11-13,SHL,547.0,539.7,547.0,536.0,48141,stock
2025-11-16,SHL,543.8,536.0,543.8,525.0,59547,stock
2025-11-17,SHL,540.0,543.0,550.0,533.0,28431,stock
2025-11-18,SHL,540.0,545.0,550.9,540.0,28435,stock
2025-11-19,SHL,552.0,545.8,552.0,542.0,28517,stock
2025-11-20,SHL,550.0,546.0,552.0,544.0,96431,stock
2025-11-23,SHL,480.0,471.9,481.0,464.0,46349,stock
2025-11-24,SHL,472.0,477.0,480.0,471.9,30245,stock
2025-11-25,SHL,477.5,477.9,479.7,470.0,15265,stock
2025-11-26,SHL,479.0,493.0,494.0,477.9,50083,stock
2025-11-27,SHL,494.0,495.0,496.5,490.0,24097,stock
2025-11-30,SHL,495.0,498.4,500.0,487.2,63990,stock
2025-12-01,SHL,491.3,493.0,500.0,488.0,24408,stock
2025-12-02,SHL,495.0,487.4,496.0,486.0,11361,stock
2025-12-03,SHL,481.0,484.0,496.7,478.2,16548,stock
2025-12-07,SHL,491.2,480.0,491.2,478.0,17710,stock
2025-12-08,SHL,470.4,479.7,485.1,470.4,11295,stock
2025-12-09,SHL,480.0,484.5,487.8,475.0,13710,stock
2025-12-10,SHL,488.0,489.0,490.0,479.3,19935,stock
2025-12-11,SHL,485.0,485.5,489.8,475.3,8582,stock
2025-12-14,SHL,485.0,487.0,487.8,475.9,11193,stock
2025-12-15,SHL,487.0,486.0,497.0,480.0,10782,stock
2025-12-16,SHL,487.0,495.0,495.0,483.0,13058,stock
2025-12-17,SHL,495.0,491.6,496.0,485.0,14580,stock
2025-12-18,SHL,491.0,494.7,494.8,486.0,15109,stock
2025-12-21,SHL,488.0,486.0,493.0,480.0,9156,stock
2025-12-22,SHL,477.0,478.6,485.7,470.0,34104,stock
2025-12-23,SHL,478.0,479.5,485.0,471.0,15466,stock
2025-12-24,SHL,479.5,480.5,486.0,475.0,11182,stock
2025-12-28,SHL,470.9,488.5,490.1,470.9,12144,stock
2025-12-29,SHL,485.0,488.1,493.0,480.0,29177,stock
2025-12-31,SHL,493.0,492.0,493.0,485.0,25981,stock
2026-01-01,SHL,490.0,487.9,494.0,480.0,14998,stock
2026-01-04,SHL,487.9,489.0,493.0,475.0,17633,stock
2026-01-05,SHL,485.0,494.0,496.0,485.0,42684,stock
2026-01-06,SHL,494.0,499.9,510.0,490.0,58331,stock
2026-01-07,SHL,500.0,495.0,500.0,490.0,14764,stock
2026-01-08,SHL,491.1,497.0,500.0,491.1,11547,stock
2026-01-12,SHL,492.2,493.0,498.9,483.2,62815,stock
2026-01-13,SHL,486.0,495.7,497.9,486.0,16894,stock
2026-01-14,SHL,499.0,498.0,503.0,487.7,46757,stock
2026-01-18,SHL,502.0,498.0,502.0,497.3,29400,stock
2026-01-20,SHL,502.0,515.0,515.2,499.0,99453,stock
2026-01-21,SHL,509.0,502.0,512.0,500.0,31970,stock
2026-01-22,SHL,500.0,501.8,510.0,495.0,17717,stock
2026-01-25,SHL,499.9,508.5,515.2,495.0,40572,stock
2026-01-26,SHL,507.0,513.0,514.4,498.5,33023,stock
2026-01-27,SHL,515.0,507.0,523.0,499.2,62156,stock
2026-01-28,SHL,505.0,503.1,507.1,493.0,22435,stock
2026-01-29,SHL,499.0,501.5,513.0,499.0,27785,stock
2026-02-01,SHL,501.5,496.1,504.9,490.0,30983,stock
2026-02-02,SHL,500.0,493.1,500.0,490.1,10981,stock
2026-02-03,SHL,493.2,497.0,513.0,493.1,38791,stock
2026-02-04,SHL,500.0,499.0,505.0,495.0,25371,stock
2026-02-05,SHL,494.0,503.5,504.0,494.0,16517,stock
2026-02-08,SHL,500.0,498.0,504.0,496.0,27063,stock
2026-02-09,SHL,495.0,497.0,499.0,490.0,25082,stock
2026-02-10,SHL,504.9,496.0,504.9,494.6,18543,stock
2026-02-11,SHL,505.9,497.0,507.0,494.0,10898,stock
2026-02-12,SHL,495.1,491.5,503.0,488.1,41181,stock
2026-02-16,SHL,492.0,491.0,498.0,485.0,20299,stock
2026-02-17,SHL,494.9,489.0,496.0,485.0,20615,stock
2026-02-22,SHL,489.0,487.1,492.0,485.0,31530,stock
2026-02-23,SHL,489.1,486.3,489.5,483.0,31198,stock
2026-02-24,SHL,488.0,490.0,490.0,480.0,16284,stock
2026-02-25,SHL,490.0,491.0,494.0,490.0,7134,stock
2026-02-26,SHL,490.0,493.1,500.0,488.0,10105,stock
2026-03-01,SHL,493.0,496.0,498.0,485.0,16267,stock
2026-03-03,SHL,496.0,501.8,505.0,495.0,19351,stock
2026-03-09,SHL,511.8,530.0,532.0,511.8,2165,stock
2026-03-10,SHL,530.0,515.0,530.0,503.0,137995,stock
2026-03-11,SHL,525.0,510.0,525.0,500.9,65828,stock
2026-03-12,SHL,503.0,511.0,515.0,498.9,43826,stock
2026-03-15,SHL,511.0,511.6,522.2,499.8,47014,stock
2026-03-16,SHL,510.0,508.9,520.0,500.0,37910,stock
2026-03-17,SHL,514.0,507.8,514.0,500.0,57512,stock
2026-03-19,SHL,507.6,516.0,525.0,502.0,107712,stock
2026-03-22,SHL,524.9,535.0,537.0,503.0,168314,stock
2026-03-23,SHL,538.0,528.4,540.0,520.0,111657,stock
2026-03-24,SHL,531.0,522.1,531.0,510.0,66533,stock
2026-03-25,SHL,525.0,518.0,527.0,514.5,73932,stock
2026-03-26,SHL,512.0,519.1,522.2,509.0,125133,stock
2026-03-29,SHL,519.0,508.9,520.0,505.0,82444,stock
2026-03-30,SHL,505.0,499.0,512.0,499.0,82569,stock
2026-03-31,SHL,500.2,504.1,506.0,488.0,35389,stock
2026-04-01,SHL,502.0,491.0,505.0,481.0,82708,stock
2026-04-02,SHL,492.2,492.0,495.0,481.2,33660,stock
2026-04-05,SHL,492.0,479.0,492.0,479.0,61854,stock
2026-04-06,SHL,479.0,491.0,499.0,475.0,36249,stock
2026-04-07,SHL,491.0,493.9,500.0,480.0,60466,stock
2026-04-08,SHL,497.0,496.9,500.0,488.0,75218,stock
2026-04-09,SHL,497.1,509.0,510.0,495.0,49840,stock
2026-04-10,SHL,510.0,501.0,512.0,495.0,67873,stock
2026-04-13,SHL,500.1,508.0,509.0,500.0,38220,stock
2026-04-15,SHL,505.0,521.1,535.0,501.0,186977,stock
2026-04-16,SHL,521.0,512.5,522.0,507.0,55865,stock
2026-04-17,SHL,513.0,515.0,522.5,502.4,96258,stock
2026-04-20,SHL,507.0,509.5,511.0,503.6,51947,stock
2026-04-21,SHL,505.1,506.9,515.0,503.1,32825,stock
2026-04-22,SHL,503.1,503.0,505.0,483.0,48418,stock
2026-04-23,SHL,506.0,497.5,510.0,483.1,18979,stock
2026-04-24,SHL,484.0,501.0,528.8,484.0,26882,stock
2026-04-27,SHL,501.0,504.8,505.9,500.0,13686,stock
2026-04-28,SHL,504.8,501.9,506.0,488.9,12445,stock
2026-04-29,SHL,500.0,498.0,501.0,490.0,14002,stock
2026-04-30,SHL,490.0,496.1,530.0,490.0,40288,stock
2026-05-04,SHL,490.2,492.1,500.0,489.0,21376,stock
2026-05-05,SHL,491.0,492.3,500.0,489.1,14185,stock
2026-05-06,SHL,492.3,495.9,497.0,480.0,22373,stock
2026-05-07,SHL,503.0,496.9,503.0,490.0,9486,stock
2026-05-08,SHL,497.0,495.6,498.5,490.0,20264,stock
2026-05-11,SHL,500.0,500.8,502.9,495.0,23853,stock
2026-05-12,SHL,500.0,497.9,504.0,487.0,14049,stock
2026-05-13,SHL,492.0,497.4,499.0,485.0,13938,stock
2026-05-14,SHL,493.0,497.7,498.0,490.0,12043,stock
2026-05-15,SHL,495.0,498.4,500.0,490.0,15141,stock
2026-05-18,SHL,495.0,497.8,500.0,494.0,17467,stock
2026-05-19,SHL,497.8,500.6,500.6,495.0,9518,stock
2026-05-20,SHL,503.0,505.0,505.0,496.3,18507,stock
2026-05-21,SHL,503.0,499.0,509.9,497.5,14641,stock
2026-05-22,SHL,500.0,500.1,504.0,497.0,10068,stock
2026-05-25,SHL,501.5,508.0,509.0,500.0,37226,stock
2026-05-26,SHL,508.0,508.0,512.0,498.0,34537,stock
2026-05-27,SHL,508.0,511.0,512.0,505.0,20202,stock
2026-06-01,SHL,506.0,510.0,520.0,500.0,22177,stock
2026-06-02,SHL,508.0,506.5,509.9,504.0,20630,stock
2026-06-03,SHL,509.9,505.7,512.9,500.0,18437,stock
2026-06-04,SHL,505.7,503.7,511.0,502.0,10883,stock
2026-06-05,SHL,505.0,503.1,518.0,500.0,18018,stock
2026-06-08,SHL,502.3,503.1,507.1,490.0,5320,stock
2026-06-09,SHL,503.0,502.7,503.0,480.6,39630,stock
2026-06-10,SHL,494.1,500.0,506.9,483.0,3657,stock
2026-06-11,SHL,507.0,505.0,507.9,495.0,31145,stock
2026-06-12,SHL,500.0,505.0,509.0,500.0,20365,stock
2026-06-15,SHL,500.0,500.0,505.0,498.0,14410,stock
2026-06-16,SHL,500.0,498.0,504.0,497.0,14809,stock
2026-06-17,SHL,500.0,495.8,500.0,492.0,48298,stock
2026-06-18,SHL,492.3,494.8,497.0,490.0,35377,stock
2026-06-19,SHL,498.0,494.0,498.0,490.1,13969,stock
2026-06-22,SHL,494.0,493.0,495.0,488.0,29833,stock
2026-06-23,SHL,500.0,492.3,522.0,491.0,20291,stock
2026-06-24,SHL,490.0,494.9,494.9,488.1,18141,stock
2026-06-25,SHL,490.0,494.0,499.9,490.0,10134,stock
2026-06-26,SHL,492.1,492.0,493.1,491.6,8477,stock
2026-06-29,SHL,492.0,488.2,492.0,488.2,10113,stock
2026-06-30,SHL,490.0,487.0,490.0,483.1,21792,stock
2026-07-01,SHL,489.9,492.0,500.0,489.1,13270,stock
2026-07-02,SHL,498.0,493.0,505.0,487.5,6333,stock
2026-07-03,SHL,490.0,491.2,498.0,485.0,7613,stock
2026-07-06,SHL,500.0,493.0,500.0,490.0,27533,stock
2026-07-07,SHL,499.8,496.0,521.0,490.0,54285,stock
2026-07-08,SHL,494.0,493.0,505.0,490.0,18401,stock
2026-07-09,SHL,492.9,492.0,500.0,488.5,33083,stock
2026-07-10,SHL,497.8,490.5,500.0,489.0,16511,stock
2026-07-13,SHL,490.5,486.4,492.0,486.4,29566,stock
2026-07-14,SHL,486.5,486.0,490.0,474.4,45360,stock
2026-07-15,SHL,496.0,487.0,496.0,487.0,21524,stock
2026-07-16,SHL,496.0,489.5,496.0,488.6,14876,stock
2026-07-17,SHL,492.0,499.5,500.0,490.2,17187,stock
2026-07-20,SHL,499.0,503.8,510.0,499.0,15033,stock
2026-07-21,SHL,503.9,505.0,510.0,500.0,31042,stock
2026-07-22,SHL,505.0,502.0,505.0,497.7,18022,stock
2026-07-23,SHL,498.0,499.6,504.4,496.4,9794,stock
2026-07-24,SHL,504.9,503.0,505.0,499.0,15100,stock
2026-07-27,SHL,502.0,502.0,505.5,499.1,25899,stock
2026-07-28,SHL,505.0,500.9,508.0,495.0,25363,stock
2026-07-29,SHL,499.0,500.0,502.0,498.2,10770,stock
2026-07-30,SHL,500.0,500.0,501.4,498.3,6446,stock
2026-07-31,SHL,496.0,501.0,501.0,496.0,9444,stock
2026-08-03,SHL,500.0,500.0,504.0,498.0,23716,stock
2026-08-04,SHL,500.0,500.0,513.4,496.0,5881,stock
2026-08-05,SHL,499.0,501.0,505.0,497.0,10373,stock
2026-08-06,SHL,500.0,498.6,502.0,498.0,16007,stock
2026-08-07,SHL,498.6,499.1,502.0,497.3,16785,stock
2026-08-10,SHL,499.0,498.0,501.0,497.3,12145,stock
2026-08-11,SHL,502.0,503.0,519.1,489.5,19086,stock
2026-08-12,SHL,502.0,508.0,508.0,502.0,23413,stock
2026-08-13,SHL,508.0,509.0,509.9,500.0,14077,stock
2026-08-14,SHL,511.9,504.4,511.9,500.0,6324,stock
2026-08-17,SHL,503.0,505.0,505.0,501.0,11790,stock
2026-08-18,SHL,500.2,502.9,502.9,498.1,27813,stock
2026-08-19,SHL,498.0,498.0,500.0,490.0,24850,stock
2026-08-20,SHL,499.0,498.0,499.3,496.0,19847,stock
2026-08-21,SHL,505.0,500.2,511.0,500.0,19907,stock
2026-08-24,SHL,500.0,509.9,515.2,495.0,52670,stock
2026-08-25,SHL,509.0,508.9,510.0,500.0,24876,stock
2026-08-26,SHL,503.0,508.0,508.9,500.0,29027,stock
2026-08-27,SHL,500.0,508.7,508.7,495.0,12179,stock
2026-08-31,SHL,511.0,497.1,511.0,496.0,12590,stock
2026-09-01,SHL,498.0,500.0,507.0,495.0,30819,stock
2026-09-02,SHL,501.5,500.0,501.5,495.0,28236,stock
2026-09-03,SHL,498.0,502.0,502.0,497.0,6427,stock
2026-09-07,SHL,503.0,502.5,503.0,488.0,27156,stock
2026-09-09,SHL,501.0,501.8,508.0,498.3,14645,stock
2026-09-10,SHL,500.0,501.9,508.5,495.0,101711,stock
2026-09-11,SHL,501.9,505.3,506.0,497.5,22053,stock
2026-09-14,SHL,505.0,505.0,507.5,490.0,28074,stock
2026-09-15,SHL,530.2,509.9,530.2,502.0,44897,stock
2026-09-16,SHL,509.0,508.1,510.0,501.0,20290,stock
2026-09-17,SHL,510.0,515.0,520.0,500.0,70692,stock
2026-09-18,SHL,508.0,516.5,520.5,508.0,49428,stock
2026-09-22,SHL,520.2,519.0,520.2,511.1,44000,stock
2026-09-23,SHL,519.0,517.6,520.3,515.0,35072,stock
2026-09-24,SHL,515.1,518.0,520.9,512.0,36250,stock
2026-09-28,SHL,513.2,516.0,520.0,513.0,30748,stock
2026-09-29,SHL,514.0,513.4,515.9,508.1,27271,stock
2026-09-30,SHL,510.2,509.1,515.0,509.0,19199,stock
2026-10-01,SHL,510.0,509.8,515.0,508.0,20385,stock
2026-10-02,SHL,512.0,509.0,512.0,506.3,34172,stock
