time,symbol,open,close,high,low,volume,category
2012-01-01,SIFC,197.0,191.0,194.0,191.0,105,stock
2012-01-02,SIFC,191.0,182.0,188.0,182.0,130,stock
2012-01-03,SIFC,182.0,173.0,179.0,173.0,239,stock
2012-01-04,SIFC,173.0,173.0,173.0,173.0,293,stock
2012-01-05,SIFC,173.0,176.0,176.0,176.0,57,stock
2012-01-08,SIFC,176.0,179.0,179.0,179.0,44,stock
2012-01-09,SIFC,179.0,170.0,176.0,167.0,491,stock
2012-01-11,SIFC,170.0,167.0,167.0,167.0,60,stock
2012-01-12,SIFC,167.0,170.0,170.0,170.0,200,stock
2012-01-16,SIFC,170.0,170.0,170.0,170.0,186,stock
2012-01-17,SIFC,170.0,170.0,170.0,170.0,403,stock
2012-01-23,SIFC,170.0,170.0,170.0,170.0,39,stock
2012-01-25,SIFC,170.0,170.0,170.0,170.0,140,stock
2012-01-26,SIFC,170.0,170.0,170.0,167.0,125,stock
2012-01-31,SIFC,170.0,170.0,171.0,170.0,71,stock
2012-02-01,SIFC,170.0,170.0,170.0,167.0,149,stock
2012-02-13,SIFC,170.0,170.0,170.0,170.0,34,stock
2012-02-14,SIFC,170.0,167.0,171.0,167.0,847,stock
2012-02-15,SIFC,167.0,168.0,168.0,168.0,160,stock
2012-02-23,SIFC,168.0,165.0,165.0,165.0,17,stock
2012-02-26,SIFC,165.0,162.0,162.0,162.0,70,stock
2012-02-27,SIFC,162.0,168.0,168.0,165.0,120,stock
2012-03-04,SIFC,168.0,165.0,168.0,165.0,342,stock
2012-03-12,SIFC,165.0,168.0,168.0,168.0,413,stock
2012-03-13,SIFC,168.0,170.0,170.0,170.0,400,stock
2012-03-14,SIFC,170.0,170.0,170.0,170.0,27,stock
2012-03-18,SIFC,170.0,168.0,168.0,168.0,80,stock
2012-03-19,SIFC,168.0,167.0,169.0,167.0,161,stock
2012-03-20,SIFC,167.0,168.0,168.0,167.0,180,stock
2012-03-21,SIFC,168.0,165.0,168.0,165.0,418,stock
2012-03-25,SIFC,165.0,171.0,171.0,168.0,290,stock
2012-03-27,SIFC,171.0,168.0,168.0,168.0,63,stock
2012-03-28,SIFC,168.0,168.0,168.0,166.0,536,stock
2012-04-01,SIFC,168.0,170.0,170.0,170.0,200,stock
2012-04-02,SIFC,170.0,168.0,168.0,165.0,300,stock
2012-04-03,SIFC,168.0,168.0,168.0,168.0,120,stock
2012-04-04,SIFC,168.0,168.0,169.0,168.0,754,stock
2012-04-10,SIFC,168.0,168.0,168.0,168.0,40,stock
2012-04-19,SIFC,168.0,171.0,171.0,171.0,1132,stock
2012-04-24,SIFC,171.0,174.0,174.0,174.0,1735,stock
2012-04-26,SIFC,174.0,183.0,183.0,177.0,1988,stock
2012-05-02,SIFC,183.0,183.0,183.0,183.0,53,stock
2012-05-10,SIFC,183.0,189.0,189.0,186.0,22,stock
2012-05-13,SIFC,189.0,186.0,186.0,186.0,80,stock
2012-05-20,SIFC,186.0,189.0,189.0,189.0,40,stock
2012-06-03,SIFC,189.0,190.0,190.0,190.0,24,stock
2012-06-05,SIFC,190.0,190.0,190.0,190.0,100,stock
2012-06-07,SIFC,190.0,196.0,196.0,193.0,320,stock
2012-06-10,SIFC,196.0,194.0,194.0,193.0,145,stock
2012-06-11,SIFC,194.0,200.0,200.0,197.0,379,stock
2012-06-12,SIFC,200.0,208.0,208.0,200.0,304,stock
2012-06-13,SIFC,208.0,204.0,204.0,204.0,66,stock
2012-06-17,SIFC,204.0,200.0,200.0,200.0,420,stock
2012-06-18,SIFC,200.0,196.0,196.0,196.0,100,stock
2012-06-19,SIFC,196.0,196.0,196.0,196.0,10,stock
2012-06-20,SIFC,196.0,199.0,199.0,199.0,10,stock
2012-06-26,SIFC,199.0,202.0,202.0,202.0,19,stock
2012-06-27,SIFC,202.0,206.0,206.0,202.0,175,stock
2012-07-02,SIFC,206.0,202.0,206.0,202.0,114,stock
2012-07-08,SIFC,202.0,198.0,198.0,198.0,80,stock
2012-07-09,SIFC,198.0,195.0,195.0,195.0,80,stock
2012-07-10,SIFC,195.0,195.0,195.0,195.0,80,stock
2012-07-17,SIFC,195.0,177.0,192.0,177.0,400,stock
2012-07-30,SIFC,177.0,180.0,180.0,180.0,30,stock
2012-08-05,SIFC,180.0,181.0,181.0,181.0,40,stock
2012-08-27,SIFC,181.0,175.0,178.0,175.0,290,stock
2012-09-10,SIFC,175.0,178.0,178.0,178.0,34,stock
2012-09-20,SIFC,178.0,181.0,181.0,181.0,240,stock
2012-09-24,SIFC,181.0,181.0,181.0,181.0,80,stock
2012-09-26,SIFC,181.0,180.0,180.0,180.0,100,stock
2012-09-30,SIFC,180.0,183.0,183.0,183.0,4000,stock
2012-10-01,SIFC,183.0,198.0,198.0,186.0,1553,stock
2012-10-02,SIFC,198.0,213.0,213.0,201.0,40,stock
2012-10-03,SIFC,213.0,217.0,217.0,209.0,120,stock
2012-10-11,SIFC,217.0,221.0,221.0,221.0,10,stock
2012-10-15,SIFC,221.0,225.0,225.0,225.0,192,stock
2012-12-13,SIFC,225.0,225.0,225.0,225.0,790,stock
2012-12-17,SIFC,225.0,221.0,221.0,221.0,28,stock
2012-12-18,SIFC,221.0,225.0,225.0,225.0,46,stock
2012-12-19,SIFC,225.0,225.0,225.0,225.0,183,stock
2013-01-02,SIFC,225.0,221.0,221.0,221.0,40,stock
2013-01-07,SIFC,221.0,217.0,217.0,217.0,100,stock
2013-01-31,SIFC,217.0,210.0,213.0,210.0,108,stock
2013-02-10,SIFC,210.0,206.0,206.0,206.0,40,stock
2013-02-20,SIFC,206.0,202.0,206.0,202.0,300,stock
2013-03-27,SIFC,202.0,198.0,198.0,198.0,40,stock
2013-03-28,SIFC,198.0,192.0,195.0,192.0,80,stock
2013-04-11,SIFC,192.0,192.0,192.0,192.0,504,stock
2013-04-16,SIFC,192.0,186.0,189.0,186.0,600,stock
2013-04-18,SIFC,186.0,185.0,186.0,185.0,506,stock
2013-04-22,SIFC,185.0,182.0,182.0,182.0,11,stock
2013-04-30,SIFC,182.0,179.0,179.0,179.0,40,stock
2013-05-02,SIFC,179.0,182.0,182.0,182.0,40,stock
2013-05-12,SIFC,182.0,179.0,179.0,179.0,25,stock
2013-05-21,SIFC,179.0,176.0,176.0,176.0,80,stock
2013-05-22,SIFC,176.0,173.0,173.0,173.0,160,stock
2013-05-26,SIFC,173.0,171.0,171.0,171.0,36,stock
2013-05-27,SIFC,171.0,168.0,168.0,168.0,120,stock
2013-05-28,SIFC,168.0,165.0,165.0,165.0,160,stock
2013-06-09,SIFC,165.0,162.0,165.0,162.0,280,stock
2013-06-27,SIFC,162.0,171.0,171.0,165.0,120,stock
2013-07-01,SIFC,171.0,177.0,177.0,174.0,612,stock
2013-07-02,SIFC,177.0,177.0,177.0,177.0,160,stock
2013-07-03,SIFC,177.0,180.0,180.0,180.0,40,stock
2013-07-04,SIFC,180.0,183.0,183.0,183.0,40,stock
2013-07-07,SIFC,183.0,201.0,201.0,186.0,482,stock
2013-07-08,SIFC,201.0,221.0,221.0,205.0,6134,stock
2013-07-09,SIFC,221.0,243.0,243.0,225.0,835,stock
2013-07-10,SIFC,243.0,256.0,256.0,247.0,59,stock
2013-07-11,SIFC,256.0,281.0,281.0,261.0,4913,stock
2013-07-14,SIFC,281.0,281.0,286.0,276.0,525,stock
2013-07-15,SIFC,281.0,284.0,286.0,280.0,1263,stock
2013-07-16,SIFC,284.0,279.0,285.0,279.0,3450,stock
2013-07-17,SIFC,279.0,279.0,279.0,279.0,40,stock
2013-07-18,SIFC,279.0,275.0,280.0,275.0,813,stock
2013-07-21,SIFC,275.0,285.0,290.0,280.0,928,stock
2013-07-22,SIFC,285.0,280.0,285.0,280.0,259,stock
2013-07-23,SIFC,280.0,280.0,280.0,275.0,185,stock
2013-07-24,SIFC,280.0,290.0,290.0,285.0,894,stock
2013-07-25,SIFC,290.0,280.0,285.0,280.0,1000,stock
2013-07-28,SIFC,280.0,290.0,290.0,285.0,579,stock
2013-07-29,SIFC,290.0,290.0,290.0,285.0,537,stock
2013-07-30,SIFC,290.0,289.0,290.0,289.0,1617,stock
2013-07-31,SIFC,289.0,290.0,290.0,285.0,351,stock
2013-08-01,SIFC,290.0,291.0,300.0,291.0,351,stock
2013-08-04,SIFC,291.0,296.0,296.0,296.0,454,stock
2013-08-05,SIFC,296.0,300.0,300.0,300.0,40,stock
2013-08-07,SIFC,300.0,275.0,294.0,275.0,392,stock
2013-08-13,SIFC,275.0,275.0,275.0,270.0,296,stock
2013-08-14,SIFC,275.0,275.0,276.0,275.0,2518,stock
2013-08-15,SIFC,275.0,285.0,285.0,280.0,140,stock
2013-08-18,SIFC,285.0,276.0,285.0,276.0,641,stock
2013-08-20,SIFC,276.0,271.0,271.0,271.0,36,stock
2013-08-25,SIFC,271.0,281.0,281.0,276.0,3896,stock
2013-08-26,SIFC,281.0,285.0,286.0,285.0,2740,stock
2013-08-27,SIFC,285.0,290.0,290.0,290.0,240,stock
2013-09-01,SIFC,290.0,285.0,285.0,285.0,80,stock
2013-09-02,SIFC,285.0,290.0,290.0,290.0,36,stock
2013-09-03,SIFC,290.0,285.0,285.0,285.0,125,stock
2013-09-04,SIFC,285.0,280.0,280.0,280.0,500,stock
2013-09-09,SIFC,280.0,275.0,275.0,275.0,80,stock
2013-09-11,SIFC,275.0,265.0,271.0,265.0,296,stock
2013-09-15,SIFC,265.0,255.0,260.0,255.0,46,stock
2013-09-16,SIFC,255.0,265.0,265.0,260.0,5579,stock
2013-09-17,SIFC,265.0,275.0,275.0,270.0,6101,stock
2013-09-19,SIFC,275.0,275.0,280.0,275.0,186,stock
2013-09-30,SIFC,275.0,288.0,288.0,288.0,10,stock
2013-10-07,SIFC,288.0,289.0,289.0,289.0,38,stock
2013-10-08,SIFC,289.0,284.0,284.0,284.0,48,stock
2013-10-17,SIFC,284.0,298.0,298.0,298.0,10,stock
2013-10-29,SIFC,298.0,293.0,293.0,293.0,70,stock
2013-10-30,SIFC,293.0,288.0,288.0,288.0,80,stock
2013-11-06,SIFC,288.0,285.0,285.0,280.0,390,stock
2013-11-10,SIFC,285.0,295.0,295.0,285.0,258,stock
2013-11-12,SIFC,295.0,295.0,295.0,295.0,80,stock
2013-11-13,SIFC,295.0,312.0,312.0,300.0,615,stock
2013-11-14,SIFC,312.0,308.0,312.0,308.0,7238,stock
2013-12-05,SIFC,308.0,285.0,285.0,285.0,20,stock
2013-12-09,SIFC,285.0,295.0,295.0,290.0,20,stock
2013-12-10,SIFC,295.0,330.0,330.0,300.0,100,stock
2013-12-11,SIFC,330.0,324.0,324.0,324.0,68,stock
2013-12-12,SIFC,324.0,336.0,336.0,330.0,839,stock
2013-12-16,SIFC,336.0,342.0,342.0,342.0,10,stock
2013-12-18,SIFC,342.0,348.0,348.0,348.0,188,stock
2013-12-19,SIFC,348.0,361.0,361.0,354.0,1515,stock
2013-12-22,SIFC,361.0,397.0,397.0,368.0,5028,stock
2013-12-23,SIFC,397.0,436.0,436.0,404.0,7372,stock
2013-12-24,SIFC,436.0,465.0,470.0,444.0,2400,stock
2013-12-26,SIFC,465.0,450.0,456.0,450.0,1200,stock
2013-12-29,SIFC,450.0,449.0,450.0,441.0,1070,stock
2013-12-31,SIFC,449.0,435.0,441.0,435.0,468,stock
2014-01-01,SIFC,435.0,419.0,427.0,419.0,320,stock
2014-01-05,SIFC,419.0,420.0,425.0,420.0,840,stock
2014-01-06,SIFC,420.0,415.0,415.0,415.0,420,stock
2014-01-07,SIFC,415.0,413.0,413.0,400.0,11100,stock
2014-01-08,SIFC,413.0,425.0,425.0,421.0,2022,stock
2014-01-09,SIFC,425.0,425.0,425.0,425.0,1000,stock
2014-01-12,SIFC,425.0,433.0,433.0,425.0,1500,stock
2014-01-13,SIFC,433.0,425.0,425.0,425.0,40,stock
2014-01-14,SIFC,425.0,426.0,426.0,426.0,38,stock
2014-01-23,SIFC,426.0,420.0,420.0,420.0,160,stock
2014-01-26,SIFC,420.0,440.0,445.0,428.0,3456,stock
2014-01-27,SIFC,440.0,465.0,465.0,440.0,351,stock
2014-01-28,SIFC,465.0,470.0,470.0,470.0,1000,stock
2014-01-29,SIFC,470.0,479.0,480.0,472.0,2152,stock
2014-02-02,SIFC,479.0,475.0,488.0,475.0,6420,stock
2014-02-06,SIFC,475.0,470.0,474.0,470.0,307,stock
2014-02-11,SIFC,470.0,487.0,487.0,469.0,2044,stock
2014-02-13,SIFC,487.0,478.0,478.0,478.0,20,stock
2014-02-17,SIFC,478.0,496.0,496.0,469.0,378,stock
2014-02-20,SIFC,496.0,499.0,499.0,499.0,50,stock
2014-02-26,SIFC,499.0,498.0,508.0,498.0,384,stock
2014-03-03,SIFC,498.0,498.0,498.0,498.0,308,stock
2014-03-23,SIFC,498.0,489.0,489.0,489.0,191,stock
2014-03-24,SIFC,489.0,480.0,480.0,480.0,1335,stock
2014-03-25,SIFC,480.0,432.0,471.0,432.0,773,stock
2014-03-26,SIFC,432.0,442.0,469.0,435.0,700,stock
2014-03-27,SIFC,442.0,419.0,435.0,419.0,132,stock
2014-03-31,SIFC,419.0,426.0,426.0,418.0,369,stock
2014-04-01,SIFC,426.0,418.0,425.0,418.0,317,stock
2014-04-02,SIFC,418.0,421.0,426.0,421.0,325,stock
2014-04-03,SIFC,421.0,437.0,437.0,428.0,320,stock
2014-04-06,SIFC,437.0,465.0,465.0,445.0,195,stock
2014-04-07,SIFC,465.0,465.0,465.0,456.0,369,stock
2014-04-09,SIFC,465.0,465.0,465.0,465.0,253,stock
2014-04-10,SIFC,465.0,460.0,460.0,460.0,1080,stock
2014-04-16,SIFC,460.0,451.0,452.0,451.0,264,stock
2014-04-21,SIFC,445.0,445.0,445.0,445.0,88,stock
2014-04-22,SIFC,445.0,437.0,437.0,421.0,4870,stock
2014-04-23,SIFC,437.0,445.0,445.0,445.0,92,stock
2014-04-28,SIFC,445.0,489.0,489.0,453.0,891,stock
2014-04-29,SIFC,489.0,490.0,490.0,490.0,15,stock
2014-05-11,SIFC,490.0,442.0,481.0,441.0,8501,stock
2014-05-12,SIFC,442.0,434.0,434.0,434.0,35,stock
2014-05-13,SIFC,434.0,430.0,430.0,430.0,29,stock
2014-05-20,SIFC,430.0,438.0,438.0,438.0,140,stock
2014-05-25,SIFC,438.0,446.0,463.0,446.0,982,stock
2014-05-26,SIFC,446.0,454.0,454.0,454.0,100,stock
2014-05-27,SIFC,454.0,455.0,455.0,455.0,134,stock
2014-06-01,SIFC,455.0,455.0,455.0,455.0,100,stock
2014-06-02,SIFC,455.0,465.0,465.0,450.0,616,stock
2014-06-03,SIFC,465.0,465.0,465.0,465.0,30,stock
2014-06-05,SIFC,465.0,459.0,459.0,445.0,4239,stock
2014-06-09,SIFC,459.0,451.0,460.0,451.0,585,stock
2014-06-10,SIFC,451.0,450.0,450.0,450.0,5695,stock
2014-06-11,SIFC,450.0,450.0,464.0,443.0,20098,stock
2014-06-12,SIFC,450.0,475.0,475.0,459.0,1800,stock
2015-05-31,SIFC,424.0,416.0,416.0,416.0,10,stock
2015-06-02,SIFC,416.0,408.0,408.0,408.0,10,stock
2015-06-08,SIFC,408.0,386.0,400.0,386.0,271,stock
2015-06-09,SIFC,386.0,379.0,408.0,379.0,5320,stock
2015-06-10,SIFC,379.0,374.0,386.0,373.0,3562,stock
2015-06-11,SIFC,374.0,365.0,370.0,365.0,1800,stock
2015-06-16,SIFC,365.0,365.0,365.0,365.0,49,stock
2015-06-18,SIFC,365.0,346.0,362.0,346.0,495,stock
2015-06-21,SIFC,346.0,340.0,340.0,340.0,183,stock
2015-06-22,SIFC,345.0,344.0,350.0,344.0,1335,stock
2015-06-23,SIFC,338.0,338.0,338.0,338.0,197,stock
2015-06-25,SIFC,338.0,338.0,338.0,338.0,360,stock
2015-06-29,SIFC,344.0,344.0,344.0,338.0,781,stock
2015-06-30,SIFC,350.0,350.0,350.0,350.0,10,stock
2015-07-12,SIFC,343.0,325.0,343.0,325.0,270,stock
2015-07-13,SIFC,320.0,320.0,320.0,320.0,98,stock
2015-07-14,SIFC,320.0,321.0,327.0,320.0,966,stock
2015-07-15,SIFC,327.0,327.0,327.0,327.0,10,stock
2015-07-23,SIFC,327.0,321.0,321.0,321.0,59,stock
2015-07-27,SIFC,321.0,327.0,333.0,327.0,537,stock
2015-07-28,SIFC,327.0,339.0,339.0,333.0,266,stock
2015-07-29,SIFC,339.0,372.0,372.0,344.0,255,stock
2015-07-30,SIFC,390.0,369.0,390.0,369.0,402,stock
2015-08-04,SIFC,369.0,376.0,376.0,376.0,10,stock
2015-08-05,SIFC,376.0,369.0,369.0,369.0,49,stock
2015-08-06,SIFC,369.0,383.0,383.0,376.0,22,stock
2015-08-09,SIFC,383.0,379.0,383.0,379.0,5120,stock
2015-08-10,SIFC,379.0,345.0,372.0,345.0,889,stock
2015-08-11,SIFC,345.0,364.0,364.0,350.0,314,stock
2015-08-12,SIFC,357.0,346.0,357.0,335.0,651,stock
2015-08-13,SIFC,0.0,340.0,340.0,334.0,1235,stock
2015-08-17,SIFC,340.0,340.0,340.0,340.0,82,stock
2015-08-18,SIFC,340.0,345.0,345.0,340.0,196,stock
2015-08-19,SIFC,351.0,351.0,358.0,351.0,755,stock
2015-08-20,SIFC,346.0,345.0,346.0,345.0,1055,stock
2015-08-23,SIFC,351.0,351.0,351.0,351.0,49,stock
2015-08-24,SIFC,351.0,358.0,358.0,351.0,481,stock
2015-08-25,SIFC,352.0,351.0,352.0,351.0,696,stock
2015-08-31,SIFC,350.0,350.0,350.0,350.0,81,stock
2015-09-01,SIFC,350.0,360.0,363.0,356.0,543,stock
2015-09-02,SIFC,367.0,367.0,367.0,360.0,425,stock
2015-09-03,SIFC,360.0,360.0,360.0,360.0,197,stock
2015-09-08,SIFC,353.0,353.0,353.0,353.0,197,stock
2015-09-10,SIFC,350.0,355.0,355.0,350.0,2837,stock
2015-09-13,SIFC,355.0,350.0,355.0,350.0,2302,stock
2015-09-14,SIFC,345.0,346.0,346.0,345.0,2100,stock
2015-09-17,SIFC,345.0,345.0,345.0,345.0,50,stock
2015-09-22,SIFC,341.0,345.0,351.0,341.0,718,stock
2015-09-23,SIFC,309.0,309.0,309.0,309.0,74,stock
2015-10-01,SIFC,309.0,315.0,315.0,305.0,455,stock
2015-10-04,SIFC,321.0,333.0,333.0,321.0,1539,stock
2015-10-14,SIFC,333.0,333.0,333.0,333.0,591,stock
2015-11-15,SIFC,333.0,339.0,339.0,333.0,88,stock
2015-11-18,SIFC,333.0,330.0,333.0,327.0,374,stock
2015-11-19,SIFC,330.0,330.0,330.0,330.0,29,stock
2015-11-22,SIFC,324.0,324.0,324.0,324.0,300,stock
2015-11-25,SIFC,328.0,325.0,328.0,325.0,350,stock
2015-12-01,SIFC,325.0,319.0,319.0,319.0,13,stock
2015-12-08,SIFC,313.0,310.0,313.0,310.0,98,stock
2015-12-13,SIFC,311.0,311.0,311.0,311.0,158,stock
2017-04-24,SIFC,281.0,309.0,309.0,286.0,170,stock
2017-04-25,SIFC,315.0,339.0,339.0,315.0,70,stock
2017-04-26,SIFC,345.0,372.0,372.0,345.0,8500,stock
2017-04-27,SIFC,379.0,377.0,409.0,376.0,9201,stock
2017-04-30,SIFC,382.0,366.0,382.0,366.0,1652,stock
2017-05-02,SIFC,359.0,359.0,359.0,359.0,110,stock
2017-05-03,SIFC,366.0,366.0,366.0,359.0,1277,stock
2017-05-04,SIFC,373.0,357.0,373.0,357.0,2994,stock
2017-05-08,SIFC,352.0,339.0,352.0,339.0,557,stock
2017-05-09,SIFC,339.0,340.0,346.0,340.0,768,stock
2017-05-11,SIFC,346.0,348.0,348.0,346.0,66,stock
2017-05-16,SIFC,354.0,354.0,354.0,354.0,80,stock
2017-05-17,SIFC,348.0,342.0,348.0,342.0,118,stock
2017-05-18,SIFC,342.0,336.0,336.0,336.0,2980,stock
2017-05-21,SIFC,340.0,340.0,340.0,340.0,1879,stock
2017-05-22,SIFC,334.0,334.0,334.0,334.0,200,stock
2017-05-23,SIFC,340.0,360.0,367.0,340.0,1759,stock
2017-05-24,SIFC,360.0,342.0,360.0,342.0,6304,stock
2017-05-28,SIFC,347.0,354.0,355.0,347.0,3010,stock
2017-05-31,SIFC,354.0,354.0,354.0,354.0,349,stock
2017-06-01,SIFC,355.0,336.0,355.0,336.0,3150,stock
2017-06-05,SIFC,335.0,338.0,341.0,335.0,4637,stock
2017-06-06,SIFC,340.0,338.0,344.0,338.0,3493,stock
2017-06-07,SIFC,341.0,360.0,360.0,341.0,333,stock
2017-06-08,SIFC,353.0,350.0,353.0,346.0,4737,stock
2017-06-11,SIFC,343.0,349.0,349.0,343.0,906,stock
2017-06-12,SIFC,343.0,340.0,343.0,340.0,2976,stock
2017-06-13,SIFC,334.0,344.0,345.0,334.0,3632,stock
2017-06-14,SIFC,344.0,344.0,344.0,338.0,3092,stock
2017-06-15,SIFC,350.0,354.0,357.0,350.0,3194,stock
2017-06-18,SIFC,354.0,350.0,350.0,347.0,510,stock
2017-06-19,SIFC,356.0,344.0,356.0,344.0,769,stock
2017-06-20,SIFC,350.0,349.0,350.0,343.0,647,stock
2017-06-21,SIFC,352.0,350.0,352.0,350.0,155,stock
2017-06-22,SIFC,359.0,359.0,359.0,359.0,200,stock
2017-06-25,SIFC,360.0,380.0,386.0,360.0,13867,stock
2017-06-27,SIFC,380.0,374.0,380.0,364.0,3614,stock
2017-06-28,SIFC,367.0,374.0,374.0,367.0,676,stock
2017-07-02,SIFC,374.0,377.0,377.0,374.0,600,stock
2017-07-03,SIFC,382.0,373.0,382.0,373.0,3250,stock
2017-07-04,SIFC,380.0,379.0,380.0,379.0,1440,stock
2017-07-05,SIFC,375.0,374.0,375.0,368.0,2668,stock
2017-07-06,SIFC,382.0,383.0,389.0,370.0,2649,stock
2017-07-09,SIFC,389.0,392.0,411.0,374.0,12950,stock
2017-07-10,SIFC,388.0,381.0,388.0,380.0,3523,stock
2017-07-11,SIFC,375.0,388.0,388.0,375.0,1329,stock
2017-07-12,SIFC,394.0,392.0,400.0,391.0,3038,stock
2017-07-13,SIFC,398.0,384.0,398.0,383.0,5018,stock
2017-07-16,SIFC,390.0,382.0,390.0,382.0,2365,stock
2017-07-17,SIFC,389.0,391.0,391.0,389.0,153,stock
2017-07-18,SIFC,395.0,392.0,399.0,392.0,7899,stock
2017-07-19,SIFC,398.0,390.0,400.0,390.0,5459,stock
2017-07-20,SIFC,395.0,398.0,400.0,394.0,2119,stock
2017-07-23,SIFC,400.0,395.0,400.0,392.0,5798,stock
2017-07-24,SIFC,395.0,394.0,400.0,392.0,13819,stock
2017-07-25,SIFC,400.0,404.0,405.0,398.0,5023,stock
2017-07-26,SIFC,405.0,430.0,430.0,405.0,7671,stock
2017-07-27,SIFC,422.0,424.0,424.0,420.0,3230,stock
2017-07-30,SIFC,425.0,424.0,427.0,417.0,2802,stock
2017-07-31,SIFC,430.0,466.0,466.0,430.0,32854,stock
2017-08-01,SIFC,475.0,470.0,490.0,461.0,11545,stock
2017-08-02,SIFC,464.0,462.0,467.0,459.0,8120,stock
2017-08-03,SIFC,462.0,472.0,487.0,470.0,10120,stock
2017-08-06,SIFC,481.0,499.0,519.0,481.0,20268,stock
2017-08-07,SIFC,508.0,498.0,508.0,491.0,3078,stock
2017-08-09,SIFC,491.0,494.0,495.0,491.0,2379,stock
2017-08-10,SIFC,495.0,476.0,495.0,476.0,1410,stock
2017-08-13,SIFC,482.0,480.0,482.0,480.0,1500,stock
2017-08-15,SIFC,475.0,479.0,479.0,470.0,726,stock
2017-08-16,SIFC,472.0,471.0,472.0,470.0,7439,stock
2017-08-17,SIFC,466.0,473.0,473.0,463.0,3702,stock
2017-08-20,SIFC,468.0,471.0,471.0,468.0,113,stock
2017-08-21,SIFC,464.0,464.0,464.0,464.0,69,stock
2017-08-22,SIFC,455.0,466.0,473.0,455.0,310,stock
2017-08-23,SIFC,475.0,471.0,486.0,470.0,1350,stock
2017-08-24,SIFC,470.0,486.0,486.0,471.0,4001,stock
2017-08-27,SIFC,486.0,496.0,499.0,490.0,551,stock
2017-08-28,SIFC,496.0,490.0,499.0,483.0,1861,stock
2017-08-30,SIFC,490.0,484.0,486.0,481.0,1876,stock
2017-08-31,SIFC,484.0,478.0,493.0,478.0,2124,stock
2017-09-04,SIFC,470.0,461.0,470.0,461.0,730,stock
2017-09-06,SIFC,470.0,475.0,488.0,470.0,1920,stock
2017-09-07,SIFC,484.0,470.0,484.0,470.0,680,stock
2017-09-10,SIFC,470.0,464.0,470.0,463.0,550,stock
2017-09-11,SIFC,472.0,472.0,472.0,472.0,320,stock
2017-09-12,SIFC,465.0,463.0,465.0,463.0,1130,stock
2017-09-13,SIFC,463.0,455.0,463.0,455.0,2896,stock
2017-09-14,SIFC,464.0,470.0,470.0,464.0,488,stock
2017-09-17,SIFC,472.0,465.0,472.0,463.0,1724,stock
2017-09-18,SIFC,472.0,472.0,472.0,472.0,50,stock
2017-09-20,SIFC,464.0,462.0,464.0,457.0,1590,stock
2017-09-24,SIFC,466.0,460.0,466.0,460.0,178,stock
2017-09-25,SIFC,460.0,465.0,465.0,460.0,476,stock
2017-09-26,SIFC,470.0,474.0,474.0,470.0,99,stock
2017-10-09,SIFC,470.0,457.0,470.0,456.0,999,stock
2017-10-10,SIFC,447.0,460.0,460.0,420.0,27362,stock
2017-10-11,SIFC,460.0,448.0,460.0,447.0,1066,stock
2017-10-12,SIFC,450.0,438.0,450.0,435.0,6683,stock
2017-10-15,SIFC,443.0,440.0,443.0,440.0,1010,stock
2017-10-16,SIFC,435.0,440.0,440.0,432.0,5801,stock
2017-10-17,SIFC,434.0,440.0,440.0,432.0,4250,stock
2017-10-18,SIFC,432.0,448.0,448.0,432.0,595,stock
2017-10-22,SIFC,440.0,455.0,460.0,440.0,4108,stock
2017-10-23,SIFC,460.0,468.0,468.0,468.0,10,stock
2017-10-24,SIFC,468.0,470.0,470.0,467.0,574,stock
2017-10-25,SIFC,466.0,456.0,466.0,456.0,536,stock
2017-10-31,SIFC,447.0,447.0,447.0,447.0,500,stock
2017-11-01,SIFC,441.0,440.0,441.0,440.0,500,stock
2017-11-02,SIFC,432.0,429.0,432.0,429.0,587,stock
2017-11-06,SIFC,429.0,428.0,435.0,428.0,564,stock
2017-11-07,SIFC,430.0,430.0,430.0,430.0,614,stock
2017-11-08,SIFC,422.0,425.0,428.0,420.0,352,stock
2017-11-09,SIFC,417.0,415.0,425.0,415.0,840,stock
2017-11-12,SIFC,415.0,431.0,431.0,423.0,20,stock
2017-11-13,SIFC,423.0,423.0,423.0,423.0,500,stock
2017-11-14,SIFC,431.0,431.0,439.0,431.0,66,stock
2017-11-15,SIFC,439.0,445.0,445.0,439.0,230,stock
2017-11-16,SIFC,444.0,444.0,444.0,444.0,20,stock
2017-11-20,SIFC,436.0,426.0,436.0,426.0,3500,stock
2017-11-22,SIFC,419.0,430.0,430.0,419.0,2267,stock
2017-11-23,SIFC,430.0,454.0,454.0,438.0,360,stock
2017-11-26,SIFC,454.0,445.0,450.0,440.0,2537,stock
2017-11-27,SIFC,444.0,449.0,449.0,440.0,2452,stock
2017-11-28,SIFC,457.0,448.0,457.0,448.0,430,stock
2017-11-29,SIFC,456.0,441.0,456.0,441.0,2079,stock
2017-11-30,SIFC,448.0,449.0,449.0,448.0,267,stock
2017-12-04,SIFC,455.0,442.0,455.0,441.0,485,stock
2017-12-05,SIFC,449.0,449.0,450.0,442.0,559,stock
2017-12-06,SIFC,457.0,441.0,457.0,440.0,2988,stock
2017-12-10,SIFC,434.0,434.0,435.0,434.0,120,stock
2017-12-11,SIFC,442.0,442.0,442.0,442.0,10,stock
2017-12-13,SIFC,434.0,434.0,434.0,434.0,22317,stock
2017-12-14,SIFC,439.0,439.0,439.0,439.0,144,stock
2017-12-17,SIFC,444.0,439.0,444.0,439.0,120,stock
2017-12-18,SIFC,440.0,436.0,442.0,435.0,820,stock
2017-12-19,SIFC,430.0,425.0,430.0,422.0,825,stock
2017-12-20,SIFC,418.0,410.0,418.0,410.0,400,stock
2017-12-21,SIFC,405.0,405.0,405.0,400.0,2159,stock
2017-12-24,SIFC,413.0,421.0,429.0,413.0,390,stock
2017-12-26,SIFC,413.0,402.0,415.0,402.0,1180,stock
2017-12-27,SIFC,396.0,396.0,396.0,396.0,60,stock
2017-12-28,SIFC,392.0,392.0,392.0,392.0,200,stock
2017-12-31,SIFC,390.0,366.0,390.0,365.0,3785,stock
2018-01-01,SIFC,372.0,372.0,372.0,372.0,10,stock
2018-01-02,SIFC,379.0,399.0,399.0,379.0,40,stock
2018-01-04,SIFC,406.0,398.0,406.0,398.0,20,stock
2018-01-07,SIFC,405.0,397.0,421.0,397.0,501,stock
2018-01-08,SIFC,390.0,378.0,390.0,374.0,1054,stock
2018-01-09,SIFC,378.0,392.0,410.0,385.0,3730,stock
2018-01-10,SIFC,395.0,385.0,395.0,383.0,8987,stock
2018-01-14,SIFC,256.0,240.0,251.0,234.0,2620,stock
2018-01-16,SIFC,236.0,233.0,240.0,233.0,679,stock
2018-01-17,SIFC,229.0,229.0,229.0,229.0,45,stock
2018-01-21,SIFC,227.0,227.0,227.0,226.0,200,stock
2018-01-22,SIFC,223.0,230.0,230.0,222.0,507,stock
2018-01-23,SIFC,226.0,228.0,228.0,222.0,162,stock
2018-01-24,SIFC,232.0,230.0,232.0,230.0,110,stock
2018-01-25,SIFC,236.0,240.0,240.0,236.0,196,stock
2018-01-29,SIFC,244.0,248.0,248.0,244.0,237,stock
2018-01-31,SIFC,252.0,243.0,252.0,243.0,50,stock
2018-02-01,SIFC,239.0,243.0,243.0,235.0,810,stock
2018-02-04,SIFC,247.0,240.0,247.0,240.0,1492,stock
2018-02-05,SIFC,244.0,232.0,244.0,232.0,1550,stock
2018-02-07,SIFC,230.0,232.0,236.0,230.0,814,stock
2018-02-12,SIFC,228.0,228.0,228.0,228.0,50,stock
2018-02-14,SIFC,224.0,224.0,224.0,224.0,150,stock
2018-02-15,SIFC,225.0,246.0,246.0,225.0,830,stock
2018-02-18,SIFC,246.0,245.0,255.0,245.0,1210,stock
2018-02-20,SIFC,249.0,246.0,249.0,246.0,341,stock
2018-02-21,SIFC,250.0,241.0,250.0,241.0,660,stock
2018-02-26,SIFC,237.0,233.0,237.0,233.0,370,stock
2018-02-28,SIFC,229.0,229.0,229.0,229.0,92,stock
2018-03-04,SIFC,225.0,221.0,225.0,217.0,1171,stock
2018-03-05,SIFC,224.0,224.0,224.0,216.0,1541,stock
2018-03-06,SIFC,223.0,225.0,225.0,223.0,200,stock
2018-03-07,SIFC,229.0,224.0,233.0,224.0,1251,stock
2018-03-11,SIFC,224.0,228.0,228.0,224.0,600,stock
2018-03-12,SIFC,228.0,224.0,228.0,224.0,417,stock
2018-03-13,SIFC,228.0,240.0,244.0,228.0,230,stock
2018-03-14,SIFC,238.0,231.0,238.0,231.0,936,stock
2018-03-15,SIFC,235.0,234.0,234.0,234.0,10,stock
2018-03-18,SIFC,230.0,230.0,230.0,230.0,50,stock
2018-03-19,SIFC,226.0,226.0,226.0,226.0,71,stock
2018-03-20,SIFC,222.0,215.0,222.0,215.0,410,stock
2018-03-21,SIFC,217.0,212.0,217.0,208.0,1871,stock
2018-03-22,SIFC,216.0,208.0,216.0,208.0,110,stock
2018-03-26,SIFC,204.0,208.0,208.0,200.0,543,stock
2018-03-27,SIFC,204.0,208.0,208.0,193.0,1634,stock
2018-03-28,SIFC,204.0,205.0,205.0,197.0,829,stock
2018-03-29,SIFC,209.0,209.0,209.0,205.0,859,stock
2018-04-01,SIFC,205.0,204.0,205.0,203.0,400,stock
2018-04-02,SIFC,207.0,211.0,211.0,207.0,20,stock
2018-04-03,SIFC,207.0,210.0,210.0,206.0,1170,stock
2018-04-04,SIFC,214.0,219.0,220.0,213.0,1789,stock
2018-04-05,SIFC,224.0,235.0,235.0,224.0,2269,stock
2018-04-08,SIFC,239.0,238.0,239.0,235.0,710,stock
2018-04-09,SIFC,238.0,242.0,242.0,238.0,100,stock
2018-04-10,SIFC,243.0,239.0,243.0,239.0,85,stock
2018-04-11,SIFC,235.0,234.0,235.0,231.0,300,stock
2018-04-12,SIFC,230.0,227.0,230.0,227.0,550,stock
2018-04-15,SIFC,227.0,224.0,224.0,224.0,60,stock
2018-04-16,SIFC,228.0,236.0,236.0,228.0,30,stock
2018-04-17,SIFC,236.0,232.0,240.0,232.0,610,stock
2018-04-18,SIFC,234.0,232.0,236.0,232.0,1070,stock
2018-04-19,SIFC,236.0,236.0,236.0,236.0,200,stock
2018-04-22,SIFC,236.0,247.0,252.0,236.0,7327,stock
2018-04-23,SIFC,247.0,244.0,247.0,238.0,2110,stock
2018-04-24,SIFC,248.0,242.0,248.0,240.0,320,stock
2018-04-25,SIFC,244.0,236.0,244.0,236.0,200,stock
2018-04-26,SIFC,233.0,226.0,233.0,225.0,600,stock
2018-04-29,SIFC,225.0,236.0,236.0,225.0,3190,stock
2018-05-02,SIFC,236.0,225.0,249.0,224.0,2801,stock
2018-05-03,SIFC,229.0,231.0,241.0,229.0,5059,stock
2018-05-06,SIFC,235.0,240.0,249.0,235.0,7315,stock
2018-05-07,SIFC,238.0,237.0,242.0,236.0,6680,stock
2018-05-08,SIFC,241.0,239.0,241.0,235.0,2396,stock
2018-05-09,SIFC,239.0,237.0,237.0,237.0,995,stock
2018-05-10,SIFC,237.0,234.0,241.0,234.0,780,stock
2018-05-14,SIFC,232.0,232.0,232.0,232.0,139,stock
2018-05-15,SIFC,236.0,236.0,236.0,236.0,50,stock
2018-05-16,SIFC,232.0,229.0,232.0,227.0,2268,stock
2018-05-17,SIFC,225.0,226.0,226.0,224.0,2329,stock
2018-05-20,SIFC,225.0,220.0,226.0,220.0,9301,stock
2018-05-21,SIFC,220.0,220.0,220.0,220.0,807,stock
2018-05-22,SIFC,224.0,225.0,226.0,220.0,9805,stock
2018-05-23,SIFC,227.0,225.0,227.0,225.0,151,stock
2018-05-24,SIFC,225.0,221.0,225.0,221.0,401,stock
2018-05-27,SIFC,222.0,219.0,222.0,219.0,800,stock
2018-05-28,SIFC,219.0,224.0,224.0,220.0,1000,stock
2018-05-29,SIFC,227.0,224.0,228.0,222.0,2300,stock
2018-05-30,SIFC,228.0,228.0,228.0,228.0,45,stock
2018-05-31,SIFC,225.0,226.0,226.0,224.0,515,stock
2018-06-03,SIFC,222.0,222.0,222.0,218.0,1700,stock
2018-06-04,SIFC,219.0,219.0,219.0,218.0,800,stock
2018-06-10,SIFC,225.0,224.0,225.0,224.0,122,stock
2018-06-11,SIFC,229.0,218.0,229.0,217.0,2790,stock
2018-06-12,SIFC,221.0,219.0,221.0,213.0,5952,stock
2018-06-13,SIFC,223.0,217.0,223.0,217.0,322,stock
2018-06-14,SIFC,218.0,218.0,220.0,218.0,1976,stock
2018-06-17,SIFC,221.0,214.0,222.0,212.0,10029,stock
2018-06-18,SIFC,168.0,163.0,166.0,163.0,680,stock
2018-06-19,SIFC,165.0,163.0,165.0,163.0,528,stock
2018-06-21,SIFC,161.0,160.0,161.0,160.0,135,stock
2018-06-25,SIFC,160.0,158.0,160.0,158.0,430,stock
2018-06-26,SIFC,155.0,152.0,155.0,152.0,738,stock
2018-06-27,SIFC,155.0,151.0,155.0,151.0,392,stock
2018-06-28,SIFC,153.0,151.0,154.0,151.0,2951,stock
2018-07-01,SIFC,149.0,147.0,150.0,147.0,5500,stock
2018-07-02,SIFC,148.0,148.0,148.0,147.0,915,stock
2018-07-04,SIFC,146.0,145.0,146.0,145.0,500,stock
2018-07-05,SIFC,147.0,149.0,149.0,147.0,1270,stock
2018-07-08,SIFC,151.0,148.0,151.0,148.0,3757,stock
2018-07-09,SIFC,150.0,150.0,150.0,150.0,101,stock
2018-07-11,SIFC,153.0,150.0,153.0,150.0,1550,stock
2018-07-12,SIFC,153.0,146.0,153.0,146.0,1564,stock
2018-07-15,SIFC,145.0,147.0,147.0,144.0,1201,stock
2018-07-16,SIFC,149.0,149.0,149.0,149.0,10,stock
2018-07-17,SIFC,151.0,151.0,151.0,151.0,10,stock
2018-07-18,SIFC,154.0,151.0,154.0,151.0,200,stock
2018-07-19,SIFC,148.0,150.0,150.0,148.0,620,stock
2018-07-22,SIFC,148.0,152.0,153.0,148.0,491,stock
2018-07-24,SIFC,155.0,153.0,155.0,153.0,821,stock
2018-07-25,SIFC,153.0,152.0,153.0,150.0,1751,stock
2018-07-26,SIFC,149.0,148.0,150.0,148.0,357,stock
2018-07-29,SIFC,150.0,148.0,150.0,148.0,200,stock
2018-07-30,SIFC,150.0,150.0,150.0,150.0,50,stock
2018-07-31,SIFC,150.0,150.0,150.0,150.0,1000,stock
2018-08-02,SIFC,148.0,148.0,148.0,147.0,915,stock
2018-08-06,SIFC,149.0,149.0,149.0,149.0,200,stock
2018-08-07,SIFC,147.0,143.0,147.0,143.0,352,stock
2018-08-08,SIFC,143.0,145.0,149.0,143.0,2641,stock
2018-08-09,SIFC,147.0,149.0,149.0,147.0,1795,stock
2018-08-12,SIFC,151.0,147.0,151.0,147.0,2360,stock
2018-08-13,SIFC,148.0,146.0,148.0,146.0,29,stock
2018-08-14,SIFC,148.0,150.0,150.0,148.0,2100,stock
2018-08-15,SIFC,150.0,149.0,150.0,149.0,1000,stock
2018-08-16,SIFC,147.0,151.0,151.0,145.0,575,stock
2018-08-20,SIFC,148.0,146.0,148.0,146.0,700,stock
2018-08-21,SIFC,144.0,146.0,147.0,144.0,2683,stock
2018-08-22,SIFC,146.0,147.0,147.0,146.0,540,stock
2018-08-23,SIFC,145.0,145.0,145.0,145.0,500,stock
2018-08-28,SIFC,143.0,146.0,146.0,143.0,2500,stock
2018-08-29,SIFC,144.0,144.0,144.0,142.0,3836,stock
2018-08-30,SIFC,144.0,143.0,145.0,143.0,1310,stock
2018-09-02,SIFC,143.0,144.0,144.0,141.0,1872,stock
2018-09-03,SIFC,145.0,145.0,147.0,144.0,3976,stock
2018-09-04,SIFC,145.0,146.0,147.0,145.0,3900,stock
2018-09-05,SIFC,149.0,154.0,154.0,148.0,2234,stock
2018-09-06,SIFC,151.0,148.0,151.0,148.0,101,stock
2018-09-10,SIFC,148.0,148.0,148.0,148.0,10,stock
2018-09-11,SIFC,148.0,148.0,149.0,144.0,2850,stock
2018-09-12,SIFC,148.0,148.0,148.0,147.0,350,stock
2018-09-13,SIFC,147.0,150.0,153.0,147.0,4905,stock
2018-09-16,SIFC,152.0,152.0,152.0,152.0,100,stock
2018-09-18,SIFC,149.0,148.0,149.0,148.0,1780,stock
2018-09-20,SIFC,150.0,150.0,151.0,150.0,1250,stock
2018-09-25,SIFC,153.0,151.0,153.0,151.0,870,stock
2018-09-26,SIFC,150.0,149.0,150.0,149.0,1217,stock
2018-09-27,SIFC,149.0,148.0,149.0,148.0,683,stock
2018-09-30,SIFC,147.0,149.0,149.0,146.0,3216,stock
2018-10-01,SIFC,148.0,148.0,149.0,148.0,2550,stock
2018-10-02,SIFC,147.0,147.0,147.0,147.0,1000,stock
2018-10-03,SIFC,146.0,146.0,146.0,145.0,6434,stock
2018-10-04,SIFC,146.0,147.0,148.0,146.0,2862,stock
2018-10-07,SIFC,145.0,142.0,145.0,141.0,3343,stock
2018-10-08,SIFC,142.0,147.0,148.0,142.0,1449,stock
2018-10-10,SIFC,146.0,144.0,146.0,144.0,1038,stock
2018-10-11,SIFC,146.0,148.0,148.0,146.0,600,stock
2018-10-23,SIFC,150.0,150.0,150.0,150.0,10,stock
2018-10-24,SIFC,153.0,147.0,153.0,147.0,210,stock
2018-10-25,SIFC,145.0,147.0,147.0,145.0,1200,stock
2018-10-28,SIFC,146.0,146.0,146.0,145.0,700,stock
2018-10-29,SIFC,143.0,143.0,143.0,143.0,10,stock
2018-10-30,SIFC,145.0,144.0,145.0,144.0,1450,stock
2018-10-31,SIFC,143.0,143.0,143.0,143.0,4000,stock
2018-11-01,SIFC,145.0,147.0,147.0,143.0,6858,stock
2018-11-04,SIFC,145.0,143.0,145.0,143.0,30,stock
2018-11-05,SIFC,145.0,145.0,145.0,145.0,200,stock
2018-11-14,SIFC,144.0,144.0,146.0,142.0,1117,stock
2018-11-18,SIFC,144.0,146.0,146.0,144.0,424,stock
2018-11-19,SIFC,146.0,148.0,148.0,146.0,80,stock
2018-11-20,SIFC,148.0,142.0,148.0,142.0,1380,stock
2018-11-21,SIFC,142.0,146.0,146.0,142.0,853,stock
2018-11-22,SIFC,145.0,143.0,147.0,143.0,2499,stock
2018-11-25,SIFC,143.0,143.0,144.0,143.0,523,stock
2018-11-26,SIFC,143.0,142.0,143.0,142.0,53,stock
2018-11-27,SIFC,142.0,144.0,144.0,142.0,136,stock
2018-11-28,SIFC,144.0,144.0,144.0,140.0,2155,stock
2018-11-29,SIFC,144.0,143.0,148.0,143.0,1498,stock
2018-12-03,SIFC,140.0,136.0,140.0,136.0,2941,stock
2018-12-04,SIFC,136.0,137.0,137.0,135.0,1117,stock
2018-12-06,SIFC,135.0,133.0,135.0,129.0,189,stock
2018-12-09,SIFC,133.0,133.0,133.0,133.0,121,stock
2018-12-10,SIFC,133.0,133.0,133.0,131.0,516,stock
2018-12-11,SIFC,133.0,133.0,133.0,131.0,784,stock
2018-12-12,SIFC,133.0,135.0,135.0,133.0,100,stock
2018-12-16,SIFC,135.0,140.0,140.0,135.0,1529,stock
2018-12-23,SIFC,140.0,138.0,140.0,138.0,500,stock
2018-12-25,SIFC,138.0,135.0,138.0,135.0,897,stock
2018-12-26,SIFC,135.0,139.0,139.0,133.0,712,stock
2018-12-27,SIFC,139.0,135.0,141.0,135.0,1135,stock
2018-12-30,SIFC,135.0,135.0,135.0,135.0,79,stock
2018-12-31,SIFC,135.0,134.0,135.0,133.0,109,stock
2019-01-01,SIFC,134.0,132.0,134.0,132.0,69,stock
2019-01-02,SIFC,132.0,134.0,134.0,132.0,83,stock
2019-01-03,SIFC,134.0,136.0,136.0,134.0,158,stock
2019-01-06,SIFC,136.0,133.0,137.0,133.0,700,stock
2019-01-08,SIFC,133.0,134.0,134.0,132.0,42,stock
2019-01-09,SIFC,134.0,134.0,136.0,134.0,169,stock
2019-01-10,SIFC,134.0,134.0,136.0,134.0,86,stock
2019-01-13,SIFC,134.0,132.0,134.0,132.0,243,stock
2019-01-14,SIFC,132.0,133.0,134.0,132.0,114,stock
2019-01-15,SIFC,133.0,135.0,137.0,133.0,483,stock
2019-01-16,SIFC,135.0,133.0,135.0,133.0,1200,stock
2019-01-17,SIFC,133.0,135.0,135.0,133.0,60,stock
2019-01-21,SIFC,135.0,134.0,135.0,134.0,688,stock
2019-01-22,SIFC,134.0,138.0,138.0,134.0,70,stock
2019-01-24,SIFC,138.0,140.0,140.0,138.0,100,stock
2019-01-27,SIFC,140.0,136.0,140.0,136.0,150,stock
2019-01-28,SIFC,136.0,135.0,136.0,134.0,853,stock
2019-01-30,SIFC,135.0,137.0,137.0,135.0,873,stock
2019-01-31,SIFC,137.0,137.0,137.0,137.0,116,stock
2019-02-03,SIFC,139.0,139.0,139.0,137.0,10,stock
2019-02-05,SIFC,137.0,137.0,139.0,137.0,50,stock
2019-02-06,SIFC,135.0,136.0,137.0,135.0,575,stock
2019-02-10,SIFC,136.0,128.0,136.0,128.0,3356,stock
2019-02-11,SIFC,129.0,135.0,135.0,128.0,222,stock
2019-02-12,SIFC,135.0,134.0,135.0,134.0,826,stock
2019-02-13,SIFC,133.0,133.0,134.0,133.0,300,stock
2019-02-17,SIFC,132.0,131.0,133.0,131.0,950,stock
2019-02-18,SIFC,133.0,132.0,133.0,131.0,700,stock
2019-02-19,SIFC,132.0,133.0,133.0,132.0,296,stock
2019-02-20,SIFC,133.0,133.0,133.0,133.0,2,stock
2019-02-25,SIFC,133.0,133.0,133.0,133.0,157,stock
2019-02-26,SIFC,134.0,132.0,134.0,132.0,972,stock
2019-02-27,SIFC,132.0,132.0,132.0,132.0,20,stock
2019-03-03,SIFC,134.0,134.0,134.0,132.0,779,stock
2019-03-05,SIFC,134.0,134.0,134.0,134.0,1000,stock
2019-03-07,SIFC,132.0,135.0,135.0,132.0,2334,stock
2019-03-09,SIFC,133.0,133.0,135.0,133.0,779,stock
2019-03-10,SIFC,133.0,133.0,135.0,133.0,779,stock
2019-03-11,SIFC,134.0,132.0,134.0,132.0,391,stock
2019-03-12,SIFC,134.0,138.0,138.0,132.0,80,stock
2019-03-13,SIFC,136.0,136.0,138.0,136.0,50,stock
2019-03-14,SIFC,135.0,139.0,139.0,135.0,2830,stock
2019-03-18,SIFC,141.0,137.0,141.0,137.0,199,stock
2019-03-19,SIFC,135.0,135.0,135.0,135.0,60,stock
2019-03-21,SIFC,134.0,135.0,135.0,134.0,387,stock
2019-03-24,SIFC,133.0,136.0,136.0,133.0,720,stock
2019-03-25,SIFC,135.0,132.0,135.0,132.0,3000,stock
2019-03-26,SIFC,133.0,132.0,136.0,132.0,4023,stock
2019-03-27,SIFC,132.0,134.0,134.0,134.0,70,stock
2019-03-28,SIFC,134.0,134.0,134.0,134.0,12,stock
2019-03-31,SIFC,134.0,134.0,134.0,132.0,4400,stock
2019-04-01,SIFC,135.0,136.0,136.0,135.0,883,stock
2019-04-02,SIFC,136.0,136.0,136.0,136.0,17,stock
2019-04-03,SIFC,136.0,136.0,136.0,136.0,400,stock
2019-04-04,SIFC,137.0,134.0,137.0,134.0,507,stock
2019-04-08,SIFC,134.0,137.0,138.0,135.0,1239,stock
2019-04-09,SIFC,137.0,137.0,138.0,137.0,2940,stock
2019-04-10,SIFC,137.0,137.0,137.0,137.0,100,stock
2019-04-11,SIFC,137.0,137.0,137.0,137.0,1200,stock
2019-04-15,SIFC,135.0,135.0,135.0,135.0,129,stock
2019-04-16,SIFC,137.0,144.0,144.0,137.0,377,stock
2019-04-17,SIFC,144.0,140.0,142.0,140.0,1395,stock
2019-04-18,SIFC,141.0,141.0,141.0,141.0,200,stock
2019-04-21,SIFC,140.0,139.0,140.0,139.0,117,stock
2019-04-22,SIFC,141.0,140.0,146.0,140.0,18772,stock
2019-04-23,SIFC,142.0,150.0,150.0,142.0,34772,stock
2019-04-24,SIFC,147.0,149.0,150.0,147.0,6112,stock
2019-04-25,SIFC,151.0,148.0,151.0,146.0,4410,stock
2019-04-28,SIFC,146.0,147.0,148.0,146.0,1436,stock
2019-04-29,SIFC,147.0,151.0,151.0,147.0,1645,stock
2019-04-30,SIFC,153.0,152.0,158.0,152.0,798,stock
2019-05-02,SIFC,149.0,149.0,149.0,149.0,550,stock
2019-05-05,SIFC,147.0,143.0,147.0,141.0,792,stock
2019-05-06,SIFC,142.0,147.0,147.0,142.0,85,stock
2019-05-07,SIFC,146.0,144.0,151.0,144.0,1774,stock
2019-05-08,SIFC,143.0,144.0,145.0,143.0,376,stock
2019-05-09,SIFC,142.0,142.0,142.0,142.0,996,stock
2019-05-12,SIFC,141.0,143.0,143.0,141.0,2726,stock
2019-05-13,SIFC,141.0,146.0,146.0,141.0,235,stock
2019-05-14,SIFC,144.0,149.0,149.0,141.0,1809,stock
2019-05-15,SIFC,151.0,147.0,156.0,147.0,710,stock
2019-05-16,SIFC,149.0,150.0,150.0,146.0,3463,stock
2019-05-19,SIFC,152.0,159.0,159.0,150.0,5723,stock
2019-05-20,SIFC,156.0,159.0,159.0,151.0,5267,stock
2019-05-21,SIFC,156.0,160.0,161.0,154.0,13246,stock
2019-05-22,SIFC,157.0,169.0,169.0,157.0,7133,stock
2019-05-23,SIFC,167.0,156.0,167.0,154.0,1149,stock
2019-05-26,SIFC,159.0,153.0,159.0,153.0,3251,stock
2019-05-27,SIFC,156.0,156.0,156.0,156.0,500,stock
2019-05-28,SIFC,159.0,156.0,159.0,156.0,7000,stock
2019-05-29,SIFC,158.0,155.0,158.0,155.0,6610,stock
2019-05-30,SIFC,156.0,159.0,159.0,156.0,10598,stock
2019-06-02,SIFC,159.0,158.0,160.0,158.0,532,stock
2019-06-03,SIFC,160.0,152.0,160.0,150.0,5635,stock
2019-06-04,SIFC,150.0,153.0,153.0,150.0,2513,stock
2019-06-06,SIFC,156.0,159.0,160.0,156.0,585,stock
2019-06-10,SIFC,162.0,153.0,162.0,153.0,7970,stock
2019-06-11,SIFC,155.0,156.0,157.0,152.0,8397,stock
2019-06-13,SIFC,153.0,155.0,156.0,153.0,7195,stock
2019-06-16,SIFC,158.0,153.0,158.0,153.0,922,stock
2019-06-17,SIFC,153.0,153.0,153.0,153.0,30,stock
2019-06-18,SIFC,155.0,154.0,156.0,154.0,1941,stock
2019-06-19,SIFC,157.0,158.0,158.0,156.0,676,stock
2019-06-20,SIFC,155.0,156.0,156.0,154.0,5764,stock
2019-06-23,SIFC,157.0,154.0,157.0,154.0,1373,stock
2019-06-24,SIFC,157.0,152.0,157.0,152.0,2001,stock
2019-06-25,SIFC,155.0,154.0,155.0,153.0,6784,stock
2019-06-26,SIFC,155.0,155.0,155.0,153.0,4158,stock
2019-06-27,SIFC,155.0,155.0,155.0,155.0,637,stock
2019-06-30,SIFC,154.0,154.0,154.0,154.0,87,stock
2019-07-01,SIFC,153.0,153.0,153.0,153.0,721,stock
2019-07-02,SIFC,155.0,153.0,155.0,153.0,290,stock
2019-07-03,SIFC,155.0,155.0,155.0,155.0,190,stock
2019-07-04,SIFC,157.0,157.0,157.0,157.0,270,stock
2019-07-07,SIFC,157.0,160.0,160.0,157.0,438,stock
2019-07-08,SIFC,157.0,154.0,157.0,152.0,3241,stock
2019-07-09,SIFC,155.0,155.0,155.0,155.0,400,stock
2019-07-10,SIFC,155.0,154.0,157.0,154.0,1353,stock
2019-07-11,SIFC,153.0,159.0,159.0,152.0,7769,stock
2019-07-14,SIFC,156.0,157.0,157.0,156.0,959,stock
2019-07-15,SIFC,157.0,160.0,160.0,157.0,2030,stock
2019-07-16,SIFC,157.0,157.0,157.0,157.0,35,stock
2019-07-17,SIFC,160.0,158.0,160.0,158.0,350,stock
2019-07-18,SIFC,159.0,159.0,159.0,159.0,350,stock
2019-07-21,SIFC,156.0,160.0,160.0,158.0,5501,stock
2019-07-22,SIFC,161.0,162.0,162.0,161.0,336,stock
2019-07-23,SIFC,165.0,162.0,165.0,162.0,60,stock
2019-07-24,SIFC,162.0,158.0,162.0,158.0,1600,stock
2019-07-25,SIFC,158.0,157.0,159.0,157.0,860,stock
2019-07-28,SIFC,154.0,156.0,157.0,154.0,280,stock
2019-07-29,SIFC,156.0,156.0,159.0,156.0,692,stock
2019-07-30,SIFC,159.0,159.0,159.0,159.0,110,stock
2019-07-31,SIFC,159.0,156.0,159.0,156.0,43,stock
2019-08-01,SIFC,159.0,159.0,160.0,156.0,272,stock
2019-08-04,SIFC,158.0,156.0,158.0,156.0,1710,stock
2019-08-05,SIFC,159.0,159.0,162.0,159.0,8355,stock
2019-08-06,SIFC,159.0,158.0,159.0,158.0,1561,stock
2019-08-07,SIFC,158.0,159.0,159.0,156.0,955,stock
2019-08-08,SIFC,157.0,156.0,157.0,156.0,1500,stock
2019-08-11,SIFC,158.0,158.0,158.0,158.0,538,stock
2019-08-12,SIFC,160.0,157.0,160.0,156.0,965,stock
2019-08-13,SIFC,160.0,160.0,160.0,160.0,50,stock
2019-08-14,SIFC,160.0,161.0,161.0,160.0,120,stock
2019-08-18,SIFC,160.0,160.0,160.0,160.0,180,stock
2019-08-19,SIFC,158.0,158.0,158.0,158.0,10,stock
2019-08-20,SIFC,160.0,159.0,160.0,157.0,2002,stock
2019-08-21,SIFC,158.0,156.0,158.0,156.0,118,stock
2019-08-22,SIFC,159.0,153.0,159.0,153.0,3410,stock
2019-08-25,SIFC,154.0,153.0,154.0,153.0,1500,stock
2019-08-26,SIFC,154.0,153.0,154.0,153.0,357,stock
2019-08-27,SIFC,156.0,156.0,156.0,153.0,3750,stock
2019-08-28,SIFC,154.0,153.0,154.0,153.0,220,stock
2019-08-29,SIFC,153.0,153.0,153.0,153.0,284,stock
2019-09-01,SIFC,156.0,152.0,156.0,152.0,2460,stock
2019-09-02,SIFC,150.0,151.0,152.0,150.0,200,stock
2019-09-03,SIFC,152.0,157.0,157.0,150.0,2211,stock
2019-09-04,SIFC,156.0,157.0,157.0,156.0,4014,stock
2019-09-05,SIFC,157.0,155.0,157.0,155.0,3992,stock
2019-09-08,SIFC,155.0,154.0,155.0,154.0,1662,stock
2019-09-09,SIFC,152.0,152.0,152.0,152.0,600,stock
2019-09-10,SIFC,150.0,150.0,150.0,150.0,311,stock
2019-09-11,SIFC,151.0,148.0,151.0,148.0,143,stock
2019-09-16,SIFC,146.0,146.0,146.0,146.0,300,stock
2019-09-17,SIFC,145.0,148.0,149.0,145.0,43,stock
2019-09-18,SIFC,150.0,150.0,153.0,150.0,791,stock
2019-09-23,SIFC,149.0,150.0,150.0,149.0,25,stock
2019-09-24,SIFC,153.0,153.0,153.0,153.0,250,stock
2019-09-30,SIFC,147.0,154.0,154.0,150.0,118,stock
2019-10-01,SIFC,157.0,157.0,157.0,157.0,121,stock
2019-10-03,SIFC,157.0,154.0,157.0,154.0,660,stock
2019-10-10,SIFC,155.0,155.0,155.0,155.0,200,stock
2019-10-14,SIFC,154.0,153.0,154.0,153.0,550,stock
2019-10-15,SIFC,151.0,152.0,152.0,151.0,1096,stock
2019-10-22,SIFC,155.0,155.0,155.0,155.0,20,stock
2019-10-23,SIFC,155.0,156.0,156.0,155.0,34,stock
2019-11-03,SIFC,157.0,154.0,157.0,154.0,1250,stock
2019-11-04,SIFC,153.0,153.0,153.0,153.0,181,stock
2019-11-05,SIFC,154.0,153.0,154.0,153.0,273,stock
2019-11-06,SIFC,154.0,153.0,154.0,153.0,711,stock
2019-11-07,SIFC,152.0,150.0,152.0,150.0,1472,stock
2019-11-11,SIFC,150.0,150.0,150.0,149.0,525,stock
2019-11-14,SIFC,150.0,152.0,152.0,152.0,866,stock
2019-11-17,SIFC,149.0,149.0,149.0,149.0,79,stock
2019-11-18,SIFC,148.0,148.0,148.0,148.0,294,stock
2019-11-20,SIFC,150.0,148.0,150.0,148.0,1795,stock
2019-11-21,SIFC,148.0,149.0,149.0,148.0,219,stock
2019-11-24,SIFC,147.0,148.0,148.0,147.0,232,stock
2019-11-26,SIFC,147.0,149.0,149.0,147.0,210,stock
2019-11-27,SIFC,150.0,149.0,150.0,147.0,2380,stock
2019-11-28,SIFC,148.0,148.0,148.0,148.0,250,stock
2019-12-01,SIFC,150.0,149.0,150.0,149.0,358,stock
2019-12-02,SIFC,151.0,154.0,154.0,151.0,903,stock
2019-12-03,SIFC,157.0,156.0,157.0,156.0,40,stock
2019-12-04,SIFC,155.0,155.0,155.0,152.0,886,stock
2019-12-05,SIFC,154.0,155.0,155.0,154.0,609,stock
2019-12-08,SIFC,153.0,153.0,153.0,153.0,353,stock
2019-12-10,SIFC,153.0,156.0,156.0,153.0,10614,stock
2019-12-11,SIFC,158.0,158.0,158.0,158.0,10,stock
2019-12-15,SIFC,156.0,158.0,158.0,156.0,3980,stock
2019-12-16,SIFC,161.0,155.0,163.0,153.0,3615,stock
2019-12-17,SIFC,151.0,150.0,151.0,150.0,200,stock
2019-12-22,SIFC,147.0,147.0,147.0,147.0,109,stock
2019-12-23,SIFC,147.0,145.0,149.0,145.0,450,stock
2019-12-26,SIFC,147.0,147.0,147.0,147.0,50,stock
2019-12-30,SIFC,145.0,144.0,145.0,144.0,660,stock
2019-12-31,SIFC,146.0,143.0,146.0,143.0,750,stock
2020-01-01,SIFC,142.0,141.0,142.0,141.0,570,stock
2020-01-05,SIFC,143.0,141.0,143.0,141.0,520,stock
2020-01-06,SIFC,142.0,141.0,143.0,140.0,18787,stock
2020-01-07,SIFC,142.0,143.0,143.0,141.0,1208,stock
2020-01-08,SIFC,142.0,139.0,142.0,139.0,10034,stock
2020-01-09,SIFC,141.0,142.0,142.0,141.0,320,stock
2020-01-12,SIFC,144.0,146.0,146.0,144.0,60,stock
2020-01-13,SIFC,150.0,154.0,154.0,148.0,2600,stock
2020-01-14,SIFC,155.0,150.0,157.0,150.0,5570,stock
2020-01-15,SIFC,153.0,160.0,160.0,153.0,920,stock
2020-01-16,SIFC,163.0,172.0,172.0,163.0,11414,stock
2020-01-19,SIFC,170.0,166.0,178.0,166.0,19520,stock
2020-01-20,SIFC,169.0,165.0,172.0,165.0,7592,stock
2020-01-21,SIFC,166.0,160.0,168.0,160.0,3300,stock
2020-01-22,SIFC,162.0,158.0,164.0,158.0,1752,stock
2020-01-23,SIFC,156.0,155.0,158.0,155.0,5000,stock
2020-01-26,SIFC,152.0,151.0,152.0,151.0,1070,stock
2020-01-27,SIFC,154.0,151.0,154.0,151.0,956,stock
2020-01-28,SIFC,153.0,153.0,157.0,153.0,10272,stock
2020-01-29,SIFC,156.0,156.0,156.0,156.0,511,stock
2020-01-30,SIFC,159.0,156.0,162.0,156.0,8328,stock
2020-02-02,SIFC,162.0,165.0,165.0,162.0,4499,stock
2020-02-03,SIFC,162.0,165.0,165.0,162.0,2271,stock
2020-02-04,SIFC,165.0,166.0,171.0,162.0,16575,stock
2020-02-05,SIFC,163.0,170.0,170.0,166.0,3463,stock
2020-02-06,SIFC,168.0,167.0,170.0,167.0,7972,stock
2020-02-09,SIFC,164.0,165.0,167.0,164.0,2070,stock
2020-02-10,SIFC,163.0,166.0,166.0,163.0,5090,stock
2020-02-11,SIFC,168.0,166.0,169.0,166.0,773,stock
2020-02-12,SIFC,169.0,169.0,169.0,169.0,103,stock
2020-02-13,SIFC,168.0,165.0,169.0,165.0,3248,stock
2020-02-16,SIFC,167.0,171.0,171.0,167.0,552,stock
2020-02-17,SIFC,174.0,171.0,174.0,166.0,8714,stock
2020-02-18,SIFC,174.0,168.0,174.0,165.0,3690,stock
2020-02-19,SIFC,166.0,165.0,166.0,165.0,80,stock
2020-02-20,SIFC,165.0,168.0,171.0,168.0,484,stock
2020-02-23,SIFC,170.0,177.0,177.0,170.0,2705,stock
2020-02-24,SIFC,177.0,171.0,180.0,171.0,2109,stock
2020-02-25,SIFC,171.0,176.0,178.0,168.0,13541,stock
2020-02-26,SIFC,175.0,173.0,179.0,173.0,9910,stock
2020-02-27,SIFC,176.0,172.0,179.0,170.0,6625,stock
2020-03-01,SIFC,172.0,166.0,179.0,166.0,3453,stock
2020-03-02,SIFC,164.0,167.0,167.0,163.0,2725,stock
2020-03-03,SIFC,167.0,170.0,171.0,169.0,5215,stock
2020-03-04,SIFC,168.0,163.0,168.0,163.0,676,stock
2020-03-05,SIFC,161.0,161.0,163.0,158.0,5738,stock
2020-03-10,SIFC,158.0,155.0,158.0,155.0,1367,stock
2020-03-11,SIFC,158.0,161.0,161.0,158.0,3285,stock
2020-03-12,SIFC,164.0,165.0,167.0,164.0,120,stock
2020-03-15,SIFC,168.0,157.0,171.0,157.0,3923,stock
2020-03-16,SIFC,160.0,157.0,160.0,156.0,1757,stock
2020-03-17,SIFC,155.0,151.0,155.0,151.0,3050,stock
2020-03-18,SIFC,150.0,153.0,153.0,147.0,8650,stock
2020-03-19,SIFC,153.0,143.0,153.0,143.0,7371,stock
2020-03-22,SIFC,141.0,141.0,141.0,141.0,500,stock
2020-06-29,SIFC,140.0,142.0,140.0,140.0,956,stock
2020-06-30,SIFC,143.0,143.0,143.0,143.0,200,stock
2020-07-02,SIFC,145.0,142.0,145.0,142.0,2616,stock
2020-07-05,SIFC,143.0,140.0,143.0,140.0,100,stock
2020-07-06,SIFC,140.0,144.0,144.0,140.0,415,stock
2020-07-07,SIFC,143.0,149.0,149.0,143.0,243,stock
2020-07-08,SIFC,150.0,150.0,150.0,150.0,100,stock
2020-07-09,SIFC,153.0,153.0,159.0,153.0,577,stock
2020-07-12,SIFC,153.0,154.0,154.0,153.0,139,stock
2020-07-13,SIFC,157.0,160.0,163.0,154.0,543,stock
2020-07-14,SIFC,160.0,160.0,160.0,158.0,1120,stock
2020-07-15,SIFC,158.0,159.0,161.0,158.0,2023,stock
2020-07-16,SIFC,156.0,162.0,162.0,156.0,730,stock
2020-07-20,SIFC,165.0,159.0,170.0,159.0,2747,stock
2020-07-21,SIFC,157.0,158.0,158.0,153.0,560,stock
2020-07-22,SIFC,158.0,153.0,161.0,153.0,3099,stock
2020-07-23,SIFC,152.0,155.0,158.0,152.0,1707,stock
2020-07-26,SIFC,155.0,155.0,160.0,155.0,1660,stock
2020-07-27,SIFC,155.0,153.0,156.0,153.0,7071,stock
2020-07-28,SIFC,156.0,159.0,159.0,156.0,450,stock
2020-07-29,SIFC,162.0,159.0,165.0,159.0,2507,stock
2020-07-30,SIFC,159.0,160.0,165.0,159.0,596,stock
2020-08-02,SIFC,157.0,157.0,159.0,155.0,1866,stock
2020-08-03,SIFC,159.0,155.0,160.0,155.0,1372,stock
2020-08-05,SIFC,154.0,151.0,154.0,151.0,147,stock
2020-08-09,SIFC,155.0,155.0,155.0,155.0,500,stock
2020-08-10,SIFC,158.0,161.0,161.0,155.0,976,stock
2020-08-11,SIFC,158.0,155.0,158.0,155.0,498,stock
2020-08-12,SIFC,153.0,152.0,153.0,152.0,2302,stock
2020-08-13,SIFC,155.0,152.0,155.0,152.0,64,stock
2020-08-16,SIFC,152.0,154.0,154.0,150.0,1520,stock
2020-08-17,SIFC,153.0,157.0,157.0,153.0,311,stock
2020-08-18,SIFC,160.0,152.0,160.0,148.0,603,stock
2020-08-19,SIFC,152.0,150.0,152.0,150.0,613,stock
2020-08-20,SIFC,153.0,147.0,153.0,147.0,4114,stock
2020-08-23,SIFC,149.0,152.0,153.0,149.0,2534,stock
2020-08-24,SIFC,155.0,149.0,158.0,149.0,1259,stock
2020-08-25,SIFC,151.0,154.0,157.0,151.0,1114,stock
2020-08-26,SIFC,155.0,155.0,158.0,154.0,2075,stock
2020-08-27,SIFC,155.0,152.0,155.0,151.0,5533,stock
2020-08-30,SIFC,152.0,150.0,154.0,150.0,3496,stock
2020-08-31,SIFC,153.0,152.0,156.0,151.0,8994,stock
2020-09-02,SIFC,151.0,154.0,154.0,151.0,6953,stock
2020-09-03,SIFC,153.0,160.0,160.0,151.0,13011,stock
2020-09-06,SIFC,157.0,154.0,157.0,154.0,2464,stock
2020-09-07,SIFC,157.0,156.0,157.0,155.0,8919,stock
2020-09-08,SIFC,154.0,153.0,156.0,153.0,2200,stock
2020-09-09,SIFC,156.0,156.0,161.0,156.0,1255,stock
2020-09-10,SIFC,157.0,154.0,157.0,154.0,2549,stock
2020-09-13,SIFC,156.0,159.0,160.0,156.0,7916,stock
2020-09-14,SIFC,162.0,161.0,162.0,159.0,8141,stock
2020-09-15,SIFC,164.0,162.0,165.0,159.0,5731,stock
2020-09-16,SIFC,159.0,162.0,162.0,156.0,4029,stock
2020-09-17,SIFC,164.0,178.0,178.0,163.0,27402,stock
2020-09-20,SIFC,186.0,183.0,195.0,177.0,26024,stock
2020-09-21,SIFC,180.0,179.0,180.0,173.0,11832,stock
2020-09-22,SIFC,177.0,171.0,177.0,168.0,26341,stock
2020-09-23,SIFC,170.0,176.0,178.0,162.0,25334,stock
2020-09-24,SIFC,179.0,181.0,186.0,176.0,22423,stock
2020-09-27,SIFC,179.0,180.0,183.0,176.0,23137,stock
2020-09-28,SIFC,178.0,182.0,185.0,178.0,10347,stock
2020-09-29,SIFC,182.0,176.0,182.0,176.0,13305,stock
2020-09-30,SIFC,179.0,179.0,179.0,174.0,13448,stock
2020-10-01,SIFC,180.0,188.0,188.0,180.0,111603,stock
2020-10-04,SIFC,191.0,194.0,195.0,185.0,63026,stock
2020-10-05,SIFC,203.0,189.0,203.0,187.0,16258,stock
2020-10-06,SIFC,188.0,184.0,194.0,184.0,20285,stock
2020-10-07,SIFC,187.0,193.0,197.0,185.0,44468,stock
2020-10-08,SIFC,196.0,198.0,207.0,196.0,88749,stock
2020-10-11,SIFC,199.0,210.0,217.0,192.0,116800,stock
2020-10-12,SIFC,220.0,201.0,220.0,201.0,13842,stock
2020-10-13,SIFC,205.0,197.0,209.0,195.0,20056,stock
2020-10-14,SIFC,194.0,190.0,204.0,189.0,15137,stock
2020-10-15,SIFC,193.0,192.0,196.0,191.0,10758,stock
2020-10-18,SIFC,189.0,193.0,193.0,186.0,4190,stock
2020-10-19,SIFC,196.0,196.0,198.0,188.0,5632,stock
2020-10-20,SIFC,199.0,206.0,206.0,195.0,33893,stock
2020-10-21,SIFC,208.0,203.0,208.0,198.0,18691,stock
2020-10-22,SIFC,205.0,200.0,207.0,200.0,18186,stock
2020-10-28,SIFC,204.0,206.0,206.0,200.0,20324,stock
2020-10-29,SIFC,209.0,199.0,209.0,199.0,20446,stock
2020-11-01,SIFC,201.0,204.0,204.0,196.0,21069,stock
2020-11-02,SIFC,214.0,202.0,214.0,200.0,12789,stock
2020-11-03,SIFC,204.0,209.0,211.0,202.0,58180,stock
2020-11-04,SIFC,212.0,208.0,212.0,207.0,11232,stock
2020-11-05,SIFC,208.0,204.0,208.0,204.0,8863,stock
2020-11-08,SIFC,202.0,203.0,206.0,200.0,20207,stock
2020-11-09,SIFC,203.0,205.0,207.0,203.0,7893,stock
2020-11-10,SIFC,215.0,206.0,215.0,203.0,11880,stock
2020-11-11,SIFC,210.0,206.0,210.0,202.0,8441,stock
2020-11-12,SIFC,206.0,204.0,206.0,202.0,11544,stock
2020-11-18,SIFC,202.0,204.0,204.0,200.0,8181,stock
2020-11-19,SIFC,200.0,205.0,207.0,197.0,24534,stock
2020-11-22,SIFC,206.0,201.0,206.0,200.0,15773,stock
2020-11-23,SIFC,205.0,202.0,206.0,201.0,9970,stock
2020-11-24,SIFC,204.0,203.0,206.0,200.0,6926,stock
2020-11-25,SIFC,200.0,209.0,209.0,200.0,8011,stock
2020-11-26,SIFC,207.0,210.0,210.0,204.0,33652,stock
2020-11-29,SIFC,208.0,218.0,218.0,205.0,37163,stock
2020-11-30,SIFC,220.0,210.0,220.0,207.0,14075,stock
2020-12-01,SIFC,207.0,207.0,210.0,206.0,5134,stock
2020-12-02,SIFC,209.0,205.0,211.0,205.0,14544,stock
2020-12-03,SIFC,215.0,211.0,219.0,204.0,16760,stock
2020-12-06,SIFC,201.0,199.0,217.0,198.0,30422,stock
2020-12-07,SIFC,198.0,207.0,207.0,198.0,9673,stock
2020-12-08,SIFC,204.0,200.0,205.0,200.0,12003,stock
2020-12-09,SIFC,200.0,205.0,205.0,198.0,28225,stock
2020-12-10,SIFC,202.0,208.0,209.0,201.0,6394,stock
2020-12-13,SIFC,208.0,204.0,208.0,204.0,1756,stock
2020-12-14,SIFC,203.0,201.0,204.0,201.0,2858,stock
2020-12-15,SIFC,200.0,201.0,207.0,200.0,2568,stock
2020-12-16,SIFC,202.0,199.0,202.0,198.0,8362,stock
2020-12-17,SIFC,200.0,208.0,208.0,199.0,11308,stock
2020-12-20,SIFC,206.0,200.0,206.0,197.0,6402,stock
2020-12-21,SIFC,196.0,202.0,202.0,195.0,12176,stock
2020-12-22,SIFC,205.0,198.0,205.0,197.0,6786,stock
2020-12-23,SIFC,201.0,196.0,203.0,196.0,10655,stock
2020-12-24,SIFC,193.0,200.0,200.0,193.0,7885,stock
2020-12-27,SIFC,204.0,198.0,206.0,198.0,384,stock
2020-12-28,SIFC,200.0,198.0,200.0,197.0,7209,stock
2020-12-29,SIFC,200.0,200.0,203.0,196.0,3392,stock
2020-12-30,SIFC,183.0,179.0,183.0,176.0,3838,stock
2020-12-31,SIFC,182.0,176.0,185.0,174.0,3777,stock
2021-01-03,SIFC,176.0,180.0,180.0,175.0,6776,stock
2021-01-04,SIFC,180.0,182.0,185.0,180.0,5405,stock
2021-01-05,SIFC,184.0,184.0,184.0,181.0,530,stock
2021-01-06,SIFC,181.0,177.0,181.0,175.0,7533,stock
2021-01-07,SIFC,180.0,179.0,183.0,176.0,2006,stock
2021-01-10,SIFC,180.0,181.0,184.0,180.0,3105,stock
2021-01-11,SIFC,184.0,183.0,184.0,178.0,9844,stock
2021-01-12,SIFC,182.0,184.0,185.0,180.0,9433,stock
2021-01-13,SIFC,187.0,200.0,202.0,186.0,36100,stock
2021-01-17,SIFC,204.0,204.0,204.0,197.0,10770,stock
2021-01-18,SIFC,208.0,204.0,211.0,202.0,18306,stock
2021-01-19,SIFC,206.0,216.0,217.0,205.0,42012,stock
2021-01-20,SIFC,215.0,237.0,237.0,215.0,89591,stock
2021-01-21,SIFC,241.0,260.0,260.0,234.0,140573,stock
2021-01-24,SIFC,265.0,258.0,270.0,253.0,42184,stock
2021-01-25,SIFC,261.0,240.0,261.0,239.0,50844,stock
2021-01-26,SIFC,244.0,255.0,262.0,239.0,29652,stock
2021-01-27,SIFC,250.0,243.0,250.0,241.0,10363,stock
2021-01-28,SIFC,243.0,235.0,247.0,233.0,27996,stock
2021-01-31,SIFC,231.0,229.0,235.0,227.0,12271,stock
2021-02-01,SIFC,228.0,229.0,230.0,225.0,10321,stock
2021-02-02,SIFC,229.0,223.0,230.0,221.0,12777,stock
2021-02-03,SIFC,223.0,221.0,235.0,219.0,24103,stock
2021-02-04,SIFC,225.0,225.0,229.0,220.0,6109,stock
2021-02-07,SIFC,224.0,222.0,231.0,222.0,20415,stock
2021-02-08,SIFC,226.0,228.0,236.0,226.0,12374,stock
2021-02-09,SIFC,230.0,250.0,250.0,229.0,47741,stock
2021-02-10,SIFC,262.0,248.0,262.0,245.0,17123,stock
2021-02-11,SIFC,252.0,237.0,256.0,236.0,26550,stock
2021-02-14,SIFC,235.0,236.0,236.0,230.0,9351,stock
2021-02-15,SIFC,240.0,242.0,244.0,234.0,11051,stock
2021-02-16,SIFC,238.0,240.0,243.0,234.0,20222,stock
2021-02-17,SIFC,237.0,246.0,248.0,236.0,10459,stock
2021-02-18,SIFC,248.0,243.0,248.0,240.0,8581,stock
2021-02-21,SIFC,242.0,239.0,242.0,236.0,2942,stock
2021-02-22,SIFC,236.0,236.0,240.0,236.0,6548,stock
2021-02-23,SIFC,240.0,240.0,240.0,224.0,12980,stock
2021-02-24,SIFC,244.0,235.0,252.0,223.0,19421,stock
2021-02-25,SIFC,235.0,222.0,238.0,222.0,11063,stock
2021-02-28,SIFC,222.0,221.0,230.0,220.0,6493,stock
2021-03-01,SIFC,225.0,222.0,226.0,222.0,6400,stock
2021-03-02,SIFC,226.0,213.0,226.0,213.0,10540,stock
2021-03-03,SIFC,215.0,212.0,218.0,212.0,6950,stock
2021-03-04,SIFC,215.0,232.0,232.0,215.0,1922,stock
2021-03-08,SIFC,228.0,224.0,228.0,223.0,3983,stock
2021-03-09,SIFC,222.0,222.0,225.0,222.0,2128,stock
2021-03-10,SIFC,222.0,224.0,224.0,218.0,5684,stock
2021-03-14,SIFC,221.0,215.0,221.0,213.0,5252,stock
2021-03-15,SIFC,213.0,215.0,225.0,211.0,7493,stock
2021-03-16,SIFC,212.0,215.0,219.0,212.0,6758,stock
2021-03-17,SIFC,211.0,223.0,223.0,211.0,5417,stock
2021-03-18,SIFC,234.0,219.0,234.0,218.0,3410,stock
2021-03-21,SIFC,219.0,225.0,226.0,219.0,7633,stock
2021-03-22,SIFC,225.0,217.0,225.0,217.0,11215,stock
2021-03-23,SIFC,217.0,220.0,228.0,217.0,11786,stock
2021-03-24,SIFC,221.0,228.0,233.0,221.0,11290,stock
2021-03-25,SIFC,224.0,221.0,227.0,221.0,6940,stock
2021-03-29,SIFC,225.0,220.0,225.0,220.0,2499,stock
2021-03-30,SIFC,224.0,220.0,224.0,218.0,6035,stock
2021-03-31,SIFC,220.0,225.0,228.0,220.0,9570,stock
2021-04-01,SIFC,225.0,247.0,247.0,225.0,73613,stock
2021-04-04,SIFC,250.0,268.0,268.0,238.0,84362,stock
2021-04-05,SIFC,275.0,259.0,280.0,259.0,44600,stock
2021-04-06,SIFC,254.0,251.0,255.0,244.0,51596,stock
2021-04-07,SIFC,250.0,251.0,252.0,245.0,38958,stock
2021-04-08,SIFC,252.0,272.0,276.0,246.0,180661,stock
2021-04-12,SIFC,278.0,266.0,279.0,263.0,49931,stock
2021-04-13,SIFC,263.0,257.0,266.0,254.0,65834,stock
2021-04-15,SIFC,261.0,262.0,276.0,260.0,30438,stock
2021-04-18,SIFC,275.0,262.0,275.0,257.0,11464,stock
2021-04-19,SIFC,262.0,264.0,267.0,260.0,21175,stock
2021-04-20,SIFC,261.0,265.0,266.0,259.0,15624,stock
2021-04-21,SIFC,260.0,260.0,264.0,257.0,10736,stock
2021-04-22,SIFC,255.0,257.0,262.0,250.0,6584,stock
2021-04-25,SIFC,257.0,250.0,257.0,247.0,19927,stock
2021-04-26,SIFC,245.0,234.0,262.0,230.0,33672,stock
2021-04-27,SIFC,245.0,240.0,252.0,240.0,17934,stock
2021-04-28,SIFC,240.0,248.0,248.0,240.0,9458,stock
2021-04-29,SIFC,245.0,241.0,248.0,241.0,14554,stock
2021-05-02,SIFC,241.0,249.0,252.0,241.0,17442,stock
2021-05-03,SIFC,250.0,253.0,265.0,245.0,18593,stock
2021-05-04,SIFC,256.0,252.0,256.0,251.0,5641,stock
2021-05-05,SIFC,250.0,252.0,257.0,250.0,9336,stock
2021-05-06,SIFC,249.0,252.0,252.0,247.0,2430,stock
2021-05-09,SIFC,248.0,246.0,249.0,243.0,5158,stock
2021-05-10,SIFC,247.0,248.0,248.0,245.0,1545,stock
2021-05-11,SIFC,248.0,253.0,257.0,248.0,11260,stock
2021-05-12,SIFC,254.0,259.0,270.0,251.0,56711,stock
2021-05-13,SIFC,263.0,273.0,275.0,263.0,78819,stock
2021-05-16,SIFC,278.0,284.0,288.0,275.0,62368,stock
2021-05-17,SIFC,284.0,279.0,285.0,275.0,33526,stock
2021-05-18,SIFC,284.0,301.0,301.0,276.0,138923,stock
2021-05-19,SIFC,301.0,288.0,306.0,283.0,69028,stock
2021-05-20,SIFC,292.0,306.0,316.0,286.0,102059,stock
2021-05-23,SIFC,291.0,336.0,336.0,291.0,198596,stock
2021-05-24,SIFC,352.0,330.0,353.0,319.0,83473,stock
2021-05-25,SIFC,346.0,328.0,346.0,319.0,66269,stock
2021-05-27,SIFC,344.0,338.0,344.0,317.0,64749,stock
2021-05-30,SIFC,341.0,358.0,368.0,324.0,115554,stock
2021-05-31,SIFC,363.0,345.0,364.0,341.0,76042,stock
2021-06-01,SIFC,350.0,346.0,351.0,335.0,45058,stock
2021-06-02,SIFC,363.0,380.0,380.0,346.0,151855,stock
2021-06-03,SIFC,390.0,400.0,411.0,366.0,193895,stock
2021-06-06,SIFC,400.0,391.0,400.0,372.0,92004,stock
2021-06-07,SIFC,391.0,430.0,430.0,387.0,193622,stock
2021-06-08,SIFC,440.0,473.0,473.0,440.0,76391,stock
2021-06-09,SIFC,496.0,473.0,515.0,453.0,141620,stock
2021-06-10,SIFC,482.0,500.0,506.0,454.0,205582,stock
2021-06-13,SIFC,500.0,550.0,550.0,500.0,186380,stock
2021-06-14,SIFC,577.0,548.0,599.0,535.0,126669,stock
2021-06-15,SIFC,550.0,512.0,550.0,501.0,121010,stock
2021-06-16,SIFC,511.0,480.0,516.0,461.0,89572,stock
2021-06-17,SIFC,456.0,475.0,497.0,456.0,113334,stock
2021-06-20,SIFC,471.0,433.0,480.0,428.0,54722,stock
2021-06-21,SIFC,440.0,410.0,449.0,404.0,63449,stock
2021-06-22,SIFC,418.0,443.0,445.0,400.0,73766,stock
2021-06-23,SIFC,460.0,433.0,465.0,430.0,52667,stock
2021-06-24,SIFC,412.0,419.0,440.0,412.0,28871,stock
2021-06-27,SIFC,416.0,417.0,430.0,408.0,21028,stock
2021-06-28,SIFC,425.0,404.0,425.0,401.0,24052,stock
2021-06-29,SIFC,384.0,375.0,415.0,365.0,64961,stock
2021-06-30,SIFC,380.0,402.0,412.0,360.0,55178,stock
2021-07-01,SIFC,410.0,421.0,429.0,404.0,72123,stock
2021-07-04,SIFC,430.0,412.0,430.0,410.0,55485,stock
2021-07-05,SIFC,410.0,400.0,413.0,399.0,24776,stock
2021-07-06,SIFC,407.0,408.0,413.0,400.0,25665,stock
2021-07-07,SIFC,415.0,401.0,415.0,397.0,15799,stock
2021-07-08,SIFC,405.0,410.0,428.0,400.0,33026,stock
2021-07-11,SIFC,418.0,451.0,451.0,418.0,100412,stock
2021-07-12,SIFC,473.0,455.0,487.0,427.0,120450,stock
2021-07-13,SIFC,464.0,480.0,486.0,440.0,87268,stock
2021-07-14,SIFC,487.0,490.0,501.0,471.0,75616,stock
2021-07-15,SIFC,498.0,489.0,501.0,482.0,85934,stock
2021-07-18,SIFC,498.0,500.0,507.0,488.1,92841,stock
2021-07-19,SIFC,503.0,488.0,508.0,485.0,59053,stock
2021-07-20,SIFC,481.0,487.0,497.6,479.0,36413,stock
2021-07-22,SIFC,490.0,482.0,490.0,479.0,58394,stock
2021-07-25,SIFC,491.3,482.0,491.3,472.0,50021,stock
2021-07-26,SIFC,490.0,495.0,500.0,483.0,106971,stock
2021-07-27,SIFC,485.1,533.0,544.0,485.1,170726,stock
2021-07-28,SIFC,543.0,546.0,571.0,539.0,115617,stock
2021-07-29,SIFC,539.0,526.0,550.0,524.4,81872,stock
2021-08-01,SIFC,536.0,513.0,536.0,508.0,73188,stock
2021-08-02,SIFC,518.0,520.0,540.0,515.0,100388,stock
2021-08-03,SIFC,522.0,515.0,532.0,515.0,42556,stock
2021-08-04,SIFC,515.0,533.0,549.0,515.0,104055,stock
2021-08-05,SIFC,540.0,523.8,553.0,515.0,78261,stock
2021-08-08,SIFC,526.0,530.0,540.0,526.0,58619,stock
2021-08-09,SIFC,540.0,569.0,575.0,538.0,191524,stock
2021-08-10,SIFC,580.3,625.9,625.9,580.3,274253,stock
2021-08-11,SIFC,638.4,614.0,648.0,607.0,172877,stock
2021-08-12,SIFC,614.0,660.0,662.9,600.1,210818,stock
2021-08-15,SIFC,647.0,608.0,647.0,594.0,256385,stock
2021-08-16,SIFC,608.0,608.0,620.0,587.0,107538,stock
2021-08-17,SIFC,618.9,637.0,654.9,608.0,122343,stock
2021-08-18,SIFC,649.0,653.0,688.0,645.0,191673,stock
2021-08-19,SIFC,660.0,630.0,670.0,629.0,147044,stock
2021-08-24,SIFC,639.8,645.0,670.0,610.0,168232,stock
2021-08-25,SIFC,632.1,620.0,648.0,615.0,90413,stock
2021-08-26,SIFC,620.0,682.0,682.0,620.0,294436,stock
2021-08-29,SIFC,695.6,716.0,741.0,695.6,336326,stock
2021-08-31,SIFC,720.0,682.0,725.0,675.0,168359,stock
2021-09-01,SIFC,682.0,650.0,709.9,650.0,97412,stock
2021-09-02,SIFC,663.0,630.0,682.0,614.0,91014,stock
2021-09-05,SIFC,630.0,570.0,630.0,567.0,120384,stock
2021-09-06,SIFC,571.0,627.0,627.0,548.0,100498,stock
2021-09-07,SIFC,639.5,621.0,652.0,603.0,74856,stock
2021-09-08,SIFC,610.0,597.9,621.0,588.1,77071,stock
2021-09-09,SIFC,609.0,589.0,609.0,588.0,41573,stock
2021-09-12,SIFC,600.0,618.0,627.0,600.0,80641,stock
2021-09-13,SIFC,630.0,638.0,656.0,628.1,113187,stock
2021-09-14,SIFC,649.0,625.1,649.0,621.1,51360,stock
2021-09-15,SIFC,637.6,613.0,637.6,604.0,60302,stock
2021-09-16,SIFC,600.8,574.0,612.0,568.4,73791,stock
2021-09-20,SIFC,584.0,517.0,584.0,516.6,63545,stock
2021-09-21,SIFC,527.0,518.0,547.0,481.2,73822,stock
2021-09-22,SIFC,528.0,569.7,569.8,528.0,56864,stock
2021-09-23,SIFC,581.0,569.0,600.0,550.0,67039,stock
2021-09-26,SIFC,570.0,532.0,570.0,526.4,45469,stock
2021-09-27,SIFC,523.0,499.0,530.0,490.7,42323,stock
2021-09-28,SIFC,490.0,450.0,510.0,449.1,54263,stock
2021-09-29,SIFC,453.0,477.0,480.0,423.9,34489,stock
2021-09-30,SIFC,486.0,457.0,500.0,451.0,28554,stock
2021-10-03,SIFC,450.0,442.0,466.0,436.3,25083,stock
2021-10-04,SIFC,443.0,437.0,456.0,426.0,28599,stock
2021-10-05,SIFC,445.0,455.6,458.0,437.1,21654,stock
2021-10-06,SIFC,464.7,481.0,488.0,446.9,42049,stock
2021-10-10,SIFC,490.0,477.0,509.0,477.0,48489,stock
2021-10-11,SIFC,486.0,470.0,486.0,460.0,14042,stock
2021-10-17,SIFC,479.4,470.0,498.4,461.0,6210,stock
2021-10-18,SIFC,460.6,445.1,467.0,442.0,21679,stock
2021-10-19,SIFC,454.0,418.0,454.0,411.0,22969,stock
2021-10-20,SIFC,426.3,443.9,450.0,426.3,17250,stock
2021-10-21,SIFC,447.0,425.3,451.0,422.0,13372,stock
2021-10-24,SIFC,425.0,447.0,447.0,421.0,14192,stock
2021-10-25,SIFC,454.0,491.7,491.7,454.0,53150,stock
2021-10-26,SIFC,501.5,540.8,540.8,501.5,52254,stock
2021-10-27,SIFC,545.0,538.0,565.0,520.0,46160,stock
2021-10-28,SIFC,538.0,539.0,546.1,517.9,34204,stock
2021-10-31,SIFC,549.0,572.0,574.0,537.2,47514,stock
2021-11-01,SIFC,583.3,551.0,586.0,551.0,42485,stock
2021-11-02,SIFC,552.0,565.0,582.0,538.2,26036,stock
2021-11-03,SIFC,575.0,542.0,575.0,542.0,30708,stock
2021-11-08,SIFC,552.8,549.0,561.9,545.0,25559,stock
2021-11-09,SIFC,542.0,517.0,557.0,516.0,41647,stock
2021-11-11,SIFC,506.7,489.0,520.0,488.0,53202,stock
2021-11-14,SIFC,495.0,509.0,518.0,490.0,30424,stock
2021-11-15,SIFC,519.0,521.8,538.0,517.9,43156,stock
2021-11-16,SIFC,530.0,571.0,572.0,519.0,99219,stock
2021-11-17,SIFC,572.0,585.0,593.0,569.0,92611,stock
2021-11-18,SIFC,573.4,582.0,585.0,565.0,98096,stock
2021-11-21,SIFC,582.0,575.0,591.0,572.0,31522,stock
2021-11-22,SIFC,570.0,565.0,583.0,564.1,13872,stock
2021-11-23,SIFC,561.59,542.0,565.0,540.0,40318,stock
2021-11-24,SIFC,535.0,555.0,572.0,530.0,24274,stock
2021-11-25,SIFC,564.9,555.0,565.0,545.0,14771,stock
2021-11-28,SIFC,543.9,524.9,553.0,518.0,51445,stock
2021-11-29,SIFC,524.9,525.0,552.0,515.0,25905,stock
2021-11-30,SIFC,525.0,528.0,535.5,517.0,21442,stock
2021-12-01,SIFC,535.0,521.0,535.0,515.0,27314,stock
2021-12-02,SIFC,525.0,492.0,528.0,488.0,47837,stock
2021-12-05,SIFC,482.2,465.0,492.8,460.0,25290,stock
2021-12-06,SIFC,460.0,475.0,485.0,440.0,42699,stock
2021-12-07,SIFC,477.0,450.0,488.0,450.0,21472,stock
2021-12-08,SIFC,449.0,428.0,457.9,420.5,19328,stock
2021-12-09,SIFC,427.0,406.0,437.0,406.0,66872,stock
2021-12-12,SIFC,410.0,393.0,414.0,385.0,38738,stock
2021-12-13,SIFC,388.0,360.0,393.0,353.7,111989,stock
2021-12-14,SIFC,367.2,391.0,396.0,355.0,36627,stock
2021-12-15,SIFC,395.0,404.0,427.0,381.0,59467,stock
2021-12-16,SIFC,400.0,390.0,400.0,383.0,34067,stock
2021-12-20,SIFC,382.2,383.0,394.0,375.0,22636,stock
2021-12-21,SIFC,390.0,397.9,406.0,383.0,26164,stock
2021-12-22,SIFC,404.0,414.0,416.0,399.0,44350,stock
2021-12-23,SIFC,416.0,406.0,420.0,399.9,42797,stock
2021-12-26,SIFC,412.0,403.5,420.2,400.0,32482,stock
2021-12-27,SIFC,411.5,384.0,412.0,381.3,38649,stock
2021-12-28,SIFC,378.3,398.0,406.0,372.0,29190,stock
2021-12-29,SIFC,404.0,392.0,405.0,392.0,18944,stock
2022-01-02,SIFC,398.0,420.0,422.5,395.0,69431,stock
2022-01-03,SIFC,428.0,439.0,449.8,420.0,67925,stock
2022-01-04,SIFC,440.0,482.9,482.9,431.0,64781,stock
2022-01-05,SIFC,490.0,476.0,500.0,470.5,109895,stock
2022-01-06,SIFC,438.0,442.0,449.0,432.0,29106,stock
2022-01-09,SIFC,442.0,459.0,465.1,442.0,50078,stock
2022-01-10,SIFC,468.0,466.0,476.9,450.0,46119,stock
2022-01-11,SIFC,466.0,493.0,505.0,461.0,76464,stock
2022-01-12,SIFC,495.1,484.0,510.0,475.0,46145,stock
2022-01-13,SIFC,474.4,508.9,508.9,470.0,55315,stock
2022-01-16,SIFC,508.9,507.0,529.3,505.0,57954,stock
2022-01-17,SIFC,497.0,519.0,523.0,497.0,53835,stock
2022-01-18,SIFC,510.0,498.0,522.0,490.0,51200,stock
2022-01-19,SIFC,507.9,488.2,528.0,484.0,46522,stock
2022-01-20,SIFC,488.0,510.0,512.0,480.0,30440,stock
2022-01-23,SIFC,510.1,499.0,518.0,492.0,34583,stock
2022-01-24,SIFC,489.1,470.0,495.0,461.0,61281,stock
2022-01-25,SIFC,461.0,460.0,485.0,458.0,34527,stock
2022-01-26,SIFC,460.0,451.0,466.9,447.2,35252,stock
2022-01-27,SIFC,447.0,455.0,466.0,447.0,18270,stock
2022-01-30,SIFC,464.1,488.7,490.0,464.1,31603,stock
2022-01-31,SIFC,492.0,474.0,494.0,473.5,26504,stock
2022-02-01,SIFC,483.0,490.0,494.0,474.2,22720,stock
2022-02-03,SIFC,499.6,478.0,508.0,476.0,34430,stock
2022-02-06,SIFC,476.0,465.0,490.0,465.0,21993,stock
2022-02-07,SIFC,469.0,475.0,478.0,465.0,10428,stock
2022-02-08,SIFC,484.5,467.0,500.0,466.0,39797,stock
2022-02-09,SIFC,464.5,471.0,473.0,462.0,16523,stock
2022-02-10,SIFC,480.0,461.0,480.0,459.0,10608,stock
2022-02-13,SIFC,452.0,444.0,470.2,436.1,26093,stock
2022-02-14,SIFC,450.0,444.9,452.0,439.0,10015,stock
2022-02-15,SIFC,453.0,464.0,464.0,444.0,10186,stock
2022-02-16,SIFC,462.5,450.0,465.0,447.0,8295,stock
2022-02-17,SIFC,442.0,445.1,462.8,442.0,9469,stock
2022-02-20,SIFC,444.0,435.0,446.0,434.0,17658,stock
2022-02-21,SIFC,440.0,444.0,447.0,435.3,8154,stock
2022-02-22,SIFC,445.0,447.2,458.9,445.0,9434,stock
2022-02-23,SIFC,450.0,450.0,453.0,445.0,5747,stock
2022-02-24,SIFC,441.0,436.0,450.0,433.1,17488,stock
2022-02-27,SIFC,436.0,436.0,436.6,426.0,7812,stock
2022-02-28,SIFC,444.7,418.2,444.7,417.0,9512,stock
2022-03-02,SIFC,426.5,403.0,430.0,400.9,14758,stock
2022-03-06,SIFC,411.0,403.0,419.0,397.0,10233,stock
2022-03-07,SIFC,409.0,400.0,415.0,395.0,8690,stock
2022-03-09,SIFC,407.9,395.0,408.0,393.0,30028,stock
2022-03-10,SIFC,395.0,410.0,417.0,395.0,10016,stock
2022-03-13,SIFC,418.2,431.0,435.0,417.0,13611,stock
2022-03-14,SIFC,432.0,424.5,435.0,422.4,8170,stock
2022-03-15,SIFC,419.0,428.4,428.4,416.6,9389,stock
2022-03-16,SIFC,425.0,420.0,425.0,418.0,6724,stock
2022-03-20,SIFC,411.6,418.4,426.0,411.6,7271,stock
2022-03-21,SIFC,421.0,437.8,443.0,411.0,11310,stock
2022-03-22,SIFC,440.0,429.1,440.0,429.1,3981,stock
2022-03-23,SIFC,422.1,420.0,429.5,417.0,4788,stock
2022-03-24,SIFC,412.1,417.0,420.0,411.6,6363,stock
2022-03-27,SIFC,412.0,400.0,412.0,397.0,10095,stock
2022-03-28,SIFC,408.0,395.0,408.0,392.2,5745,stock
2022-03-29,SIFC,400.0,394.0,405.0,388.0,6115,stock
2022-03-30,SIFC,393.0,415.0,415.0,388.0,7718,stock
2022-03-31,SIFC,415.0,408.0,415.0,402.0,7073,stock
2022-04-03,SIFC,400.0,396.1,402.1,396.0,3151,stock
2022-04-04,SIFC,395.0,398.0,404.0,394.5,3187,stock
2022-04-05,SIFC,391.1,393.0,396.0,381.1,6472,stock
2022-04-06,SIFC,387.0,384.0,393.0,376.6,7524,stock
2022-04-07,SIFC,390.0,386.0,397.0,383.3,5515,stock
2022-04-11,SIFC,393.7,375.0,408.0,372.0,6086,stock
2022-04-12,SIFC,375.0,368.0,376.0,361.0,6337,stock
2022-04-13,SIFC,372.0,379.5,380.0,366.0,3161,stock
2022-04-17,SIFC,380.0,369.0,387.0,369.0,2132,stock
2022-04-18,SIFC,364.0,357.0,364.1,350.0,4080,stock
2022-04-19,SIFC,364.0,362.0,364.0,353.0,3181,stock
2022-04-20,SIFC,365.0,348.0,365.0,339.0,4315,stock
2022-04-21,SIFC,341.1,350.0,353.0,328.3,6572,stock
2022-04-24,SIFC,346.1,385.0,385.0,346.1,10835,stock
2022-04-25,SIFC,392.0,385.0,404.0,366.1,8744,stock
2022-04-26,SIFC,385.0,375.0,391.0,370.1,7178,stock
2022-04-27,SIFC,381.0,375.0,381.0,365.1,7411,stock
2022-04-28,SIFC,380.0,374.6,392.5,368.0,16081,stock
2022-05-02,SIFC,368.0,354.0,368.0,352.0,5322,stock
2022-05-04,SIFC,350.0,347.0,361.0,340.0,8554,stock
2022-05-05,SIFC,340.1,339.0,350.0,327.1,6738,stock
2022-05-08,SIFC,333.0,363.0,369.0,332.9,7980,stock
2022-05-09,SIFC,370.0,367.0,370.0,349.0,7459,stock
2022-05-10,SIFC,367.0,375.0,380.0,365.0,7303,stock
2022-05-11,SIFC,381.5,390.0,390.0,375.1,12281,stock
2022-05-12,SIFC,394.0,370.0,397.0,368.0,14916,stock
2022-05-17,SIFC,375.0,353.9,375.0,349.0,5841,stock
2022-05-18,SIFC,346.9,360.0,365.1,338.0,9030,stock
2022-05-19,SIFC,359.9,343.0,360.0,340.0,6377,stock
2022-05-20,SIFC,337.0,351.9,355.0,337.0,3822,stock
2022-05-23,SIFC,345.0,340.0,350.0,332.0,8340,stock
2022-05-24,SIFC,346.0,345.0,353.8,339.1,10144,stock
2022-05-25,SIFC,351.0,344.9,358.0,344.9,5272,stock
2022-05-26,SIFC,351.7,344.5,351.7,338.1,3846,stock
2022-05-27,SIFC,345.0,336.5,345.0,335.1,4718,stock
2022-05-30,SIFC,343.0,329.5,343.0,326.0,10535,stock
2022-05-31,SIFC,324.0,328.0,334.0,315.2,11723,stock
2022-06-01,SIFC,334.5,329.0,340.5,318.1,3161,stock
2022-06-02,SIFC,332.0,329.0,335.5,324.5,2636,stock
2022-06-03,SIFC,325.2,322.9,328.0,308.1,10713,stock
2022-06-06,SIFC,322.0,314.9,326.0,312.1,12523,stock
2022-06-07,SIFC,315.0,309.8,317.9,305.3,5793,stock
2022-06-08,SIFC,314.0,325.0,330.0,309.0,9868,stock
2022-06-09,SIFC,330.8,320.0,334.0,314.0,11094,stock
2022-06-10,SIFC,323.9,319.0,323.9,313.6,2658,stock
2022-06-13,SIFC,320.0,309.1,320.0,308.1,3164,stock
2022-06-14,SIFC,309.0,300.0,309.0,294.0,9059,stock
2022-06-15,SIFC,295.0,295.0,298.0,287.5,8722,stock
2022-06-16,SIFC,300.0,298.6,306.0,290.3,4327,stock
2022-06-17,SIFC,304.0,300.0,304.0,286.4,2862,stock
2022-06-19,SIFC,294.0,282.6,294.0,282.6,4784,stock
2022-06-20,SIFC,277.0,266.5,282.0,254.4,25004,stock
2022-06-21,SIFC,266.5,277.0,278.6,263.5,8986,stock
2022-06-22,SIFC,271.5,265.0,275.9,260.3,6388,stock
2022-06-23,SIFC,260.0,255.0,260.0,246.5,7419,stock
2022-06-24,SIFC,250.0,256.9,271.0,236.3,9139,stock
2022-06-26,SIFC,262.0,282.3,282.3,259.0,31963,stock
2022-06-27,SIFC,285.0,272.0,296.0,272.0,17517,stock
2022-06-28,SIFC,267.0,264.0,271.0,257.8,11013,stock
2022-06-29,SIFC,259.0,280.0,280.0,259.0,18664,stock
2022-06-30,SIFC,285.6,303.9,304.0,283.0,28329,stock
2022-07-01,SIFC,303.8,297.0,309.9,293.0,13948,stock
2022-07-03,SIFC,297.0,305.6,309.0,294.0,16976,stock
2022-07-04,SIFC,310.0,300.0,328.0,295.1,39071,stock
2022-07-05,SIFC,294.0,290.5,308.9,282.5,41118,stock
2022-07-06,SIFC,286.5,305.0,310.0,280.1,19285,stock
2022-07-07,SIFC,311.0,301.7,317.0,298.9,17756,stock
2022-07-08,SIFC,295.7,290.0,295.7,290.0,6897,stock
2022-07-11,SIFC,286.0,268.0,289.0,268.0,17476,stock
2022-07-12,SIFC,273.0,273.0,279.9,264.2,12783,stock
2022-07-13,SIFC,278.0,295.0,296.0,275.0,24036,stock
2022-07-14,SIFC,300.0,305.0,313.0,294.0,34672,stock
2022-07-15,SIFC,311.0,299.0,311.0,289.2,17488,stock
2022-07-17,SIFC,295.0,295.0,301.2,294.0,7173,stock
2022-07-18,SIFC,290.0,302.0,310.0,290.0,9145,stock
2022-07-19,SIFC,308.0,309.9,316.0,305.1,25100,stock
2022-07-20,SIFC,312.9,318.0,324.9,306.7,55761,stock
2022-07-21,SIFC,313.0,318.0,324.0,313.0,16382,stock
2022-07-22,SIFC,312.0,309.0,315.0,307.0,21486,stock
2022-07-24,SIFC,315.0,338.0,339.9,304.0,66072,stock
2022-07-25,SIFC,344.0,371.0,371.8,344.0,79399,stock
2022-07-26,SIFC,364.0,357.9,378.0,352.0,55073,stock
2022-07-27,SIFC,351.0,371.4,373.0,345.2,77959,stock
2022-07-28,SIFC,378.0,395.0,408.5,375.0,73534,stock
2022-07-29,SIFC,402.0,390.0,402.0,380.0,33940,stock
2022-07-31,SIFC,390.0,386.0,397.0,380.0,47426,stock
2022-08-01,SIFC,389.0,388.6,396.7,378.3,46142,stock
2022-08-02,SIFC,385.0,392.5,403.0,376.0,42860,stock
2022-08-03,SIFC,399.0,389.3,399.0,381.7,37823,stock
2022-08-04,SIFC,381.6,375.0,390.0,375.0,32851,stock
2022-08-05,SIFC,382.0,362.0,382.0,360.0,23716,stock
2022-08-07,SIFC,361.0,370.0,374.0,358.0,21292,stock
2022-08-08,SIFC,377.0,366.0,380.0,360.0,22825,stock
2022-08-09,SIFC,359.0,347.0,365.0,341.0,37997,stock
2022-08-10,SIFC,342.0,352.0,357.5,335.0,15106,stock
2022-08-11,SIFC,356.8,337.0,358.0,335.0,14963,stock
2022-08-14,SIFC,343.0,335.0,343.0,329.4,17281,stock
2022-08-15,SIFC,341.7,368.5,368.5,338.5,35861,stock
2022-08-16,SIFC,375.8,359.0,382.0,350.0,50616,stock
2022-08-17,SIFC,352.1,360.0,367.9,352.0,18929,stock
2022-08-18,SIFC,367.2,371.0,374.1,356.1,22726,stock
2022-08-21,SIFC,378.0,365.0,383.0,356.0,20594,stock
2022-08-22,SIFC,357.9,361.0,370.0,356.0,9490,stock
2022-08-23,SIFC,362.5,361.5,368.0,358.4,5422,stock
2022-08-24,SIFC,361.5,362.0,368.0,356.0,12436,stock
2022-08-25,SIFC,368.0,352.9,368.0,352.8,13586,stock
2022-08-26,SIFC,346.5,347.0,348.0,340.2,14943,stock
2022-08-28,SIFC,341.0,330.1,346.9,330.0,25825,stock
2022-08-29,SIFC,323.7,339.0,341.0,323.5,19335,stock
2022-08-30,SIFC,344.9,338.9,345.0,336.0,5216,stock
2022-08-31,SIFC,333.0,323.5,333.0,323.5,5898,stock
2022-09-01,SIFC,327.8,333.8,335.5,317.1,11330,stock
2022-09-02,SIFC,335.0,328.0,335.1,327.5,3811,stock
2022-09-04,SIFC,334.5,330.0,336.6,328.0,7542,stock
2022-09-05,SIFC,336.6,328.3,343.2,328.3,5553,stock
2022-09-06,SIFC,329.0,320.0,329.0,320.0,7909,stock
2022-09-07,SIFC,318.0,319.8,321.0,315.0,13817,stock
2022-09-08,SIFC,326.1,329.0,329.0,315.0,7580,stock
2022-09-11,SIFC,329.0,327.0,332.6,321.0,6069,stock
2022-09-12,SIFC,322.0,324.0,326.4,321.0,3802,stock
2022-09-13,SIFC,327.5,331.9,332.9,323.5,8087,stock
2022-09-14,SIFC,325.3,350.0,351.0,325.3,20095,stock
2022-09-15,SIFC,343.0,327.0,346.3,326.7,23410,stock
2022-09-16,SIFC,320.5,324.0,324.0,314.0,13013,stock
2022-09-18,SIFC,319.0,317.0,324.0,313.0,7779,stock
2022-09-20,SIFC,311.0,304.0,311.0,302.3,8680,stock
2022-09-21,SIFC,309.4,312.9,315.0,307.7,5491,stock
2022-09-22,SIFC,312.0,306.0,314.6,303.8,4028,stock
2022-09-25,SIFC,300.0,299.9,306.0,294.1,5990,stock
2022-09-27,SIFC,300.0,304.0,311.0,300.0,5145,stock
2022-09-28,SIFC,301.2,306.0,306.0,300.0,2365,stock
2022-09-29,SIFC,312.0,297.0,312.0,297.0,8091,stock
2022-10-09,SIFC,302.9,313.0,314.0,297.0,5252,stock
2022-10-10,SIFC,315.0,301.0,315.0,299.0,7780,stock
2022-10-11,SIFC,295.2,300.0,301.1,295.0,21117,stock
2022-10-12,SIFC,298.0,312.0,316.0,294.4,8240,stock
2022-10-13,SIFC,314.6,316.0,316.9,309.1,5777,stock
2022-10-16,SIFC,315.9,314.0,322.0,306.1,21257,stock
2022-10-17,SIFC,313.0,311.8,314.0,303.6,2253,stock
2022-10-19,SIFC,318.0,300.0,318.0,296.1,6744,stock
2022-10-20,SIFC,296.2,303.0,305.0,294.0,2230,stock
2022-10-23,SIFC,297.0,303.7,305.9,297.0,2411,stock
2022-10-31,SIFC,301.8,295.4,301.8,292.4,3997,stock
2022-11-01,SIFC,290.0,313.0,313.0,290.0,11124,stock
2022-11-02,SIFC,313.1,319.0,325.0,313.0,18434,stock
2022-11-03,SIFC,323.0,315.0,323.0,313.0,2441,stock
2022-11-06,SIFC,312.0,338.0,338.0,312.0,9636,stock
2022-11-07,SIFC,342.0,329.9,342.0,319.0,15595,stock
2022-11-08,SIFC,330.0,326.4,333.5,322.0,6433,stock
2022-11-09,SIFC,320.3,306.8,320.5,306.8,16717,stock
2022-11-10,SIFC,303.0,300.0,311.0,296.0,19252,stock
2022-11-13,SIFC,300.0,299.0,306.0,295.0,6065,stock
2022-11-14,SIFC,302.9,308.0,308.0,300.3,6850,stock
2022-11-15,SIFC,311.0,303.0,311.0,300.3,5026,stock
2022-11-16,SIFC,303.0,300.5,307.0,295.0,14672,stock
2022-11-17,SIFC,304.0,310.0,314.9,303.3,13013,stock
2022-11-22,SIFC,314.0,308.0,321.0,308.0,9855,stock
2022-11-23,SIFC,303.0,305.0,307.0,303.0,5225,stock
2022-11-24,SIFC,299.0,314.0,315.9,299.0,6634,stock
2022-11-27,SIFC,308.0,317.0,318.8,308.0,15355,stock
2022-11-28,SIFC,322.0,313.0,323.3,311.0,9909,stock
2022-11-29,SIFC,315.0,315.0,317.0,309.0,4542,stock
2022-11-30,SIFC,318.0,311.0,318.0,310.0,2501,stock
2022-12-01,SIFC,311.0,311.0,316.0,309.0,3357,stock
2022-12-04,SIFC,308.0,313.9,314.1,308.0,2936,stock
2022-12-05,SIFC,309.0,305.9,309.0,303.0,3571,stock
2022-12-06,SIFC,300.1,308.9,310.0,300.0,4806,stock
2022-12-07,SIFC,303.1,301.0,306.0,299.0,5115,stock
2022-12-11,SIFC,295.3,304.8,304.8,295.0,3183,stock
2022-12-12,SIFC,306.0,305.8,306.0,295.0,4911,stock
2022-12-13,SIFC,299.7,304.0,305.0,299.0,7612,stock
2022-12-14,SIFC,308.0,303.0,310.0,300.8,4041,stock
2022-12-15,SIFC,302.0,296.4,302.0,290.6,4336,stock
2022-12-18,SIFC,294.0,284.0,294.0,278.9,14121,stock
2022-12-19,SIFC,284.0,282.6,287.5,277.0,3310,stock
2022-12-20,SIFC,287.0,283.0,288.2,283.0,3624,stock
2022-12-21,SIFC,284.9,277.5,285.0,277.5,3121,stock
2022-12-22,SIFC,273.1,275.7,280.0,273.1,1675,stock
2022-12-26,SIFC,280.2,300.0,300.0,280.2,7985,stock
2022-12-27,SIFC,305.9,315.0,321.3,305.0,37393,stock
2022-12-28,SIFC,310.0,324.0,334.0,309.1,39631,stock
2022-12-29,SIFC,329.9,339.9,339.9,318.0,25749,stock
2023-01-01,SIFC,335.0,333.0,345.0,323.8,34221,stock
2023-01-02,SIFC,328.0,337.0,339.6,325.3,33676,stock
2023-01-03,SIFC,326.2,321.0,331.9,320.2,28536,stock
2023-01-04,SIFC,320.0,334.0,334.0,320.0,27329,stock
2023-01-05,SIFC,334.0,362.0,367.4,334.0,95531,stock
2023-01-08,SIFC,368.0,378.0,382.0,359.7,27870,stock
2023-01-09,SIFC,379.9,390.0,407.0,371.0,15651,stock
2023-01-10,SIFC,391.0,367.9,395.6,363.0,120502,stock
2023-01-12,SIFC,375.2,342.0,382.0,342.0,38362,stock
2023-01-17,SIFC,348.8,360.0,365.0,340.0,34472,stock
2023-01-18,SIFC,362.0,362.0,373.8,359.0,20508,stock
2023-01-19,SIFC,355.0,359.0,365.0,354.0,12219,stock
2023-01-23,SIFC,358.0,350.0,364.0,346.0,17586,stock
2023-01-24,SIFC,346.0,357.1,367.8,339.2,30637,stock
2023-01-25,SIFC,359.0,359.5,371.2,356.0,30877,stock
2023-01-26,SIFC,360.0,359.0,365.0,352.8,6932,stock
2023-01-29,SIFC,352.3,346.3,359.0,345.1,10981,stock
2023-01-30,SIFC,351.0,331.0,351.0,331.0,21833,stock
2023-01-31,SIFC,325.4,335.9,344.7,325.3,15109,stock
2023-02-01,SIFC,338.0,339.0,350.0,333.0,6769,stock
2023-02-02,SIFC,340.0,334.0,346.8,325.0,10099,stock
2023-02-05,SIFC,327.4,344.0,345.0,327.4,16502,stock
2023-02-06,SIFC,344.0,341.0,344.0,338.0,7128,stock
2023-02-07,SIFC,344.0,366.0,366.0,343.0,39099,stock
2023-02-08,SIFC,373.0,357.0,373.0,355.2,29346,stock
2023-02-09,SIFC,356.0,360.0,362.0,356.0,11846,stock
2023-02-12,SIFC,352.8,339.0,352.9,339.0,19084,stock
2023-02-14,SIFC,343.9,330.5,343.9,330.0,18880,stock
2023-02-15,SIFC,324.0,330.0,339.0,324.0,10124,stock
2023-02-16,SIFC,334.0,327.0,334.0,324.0,9922,stock
2023-02-20,SIFC,320.5,332.5,332.5,320.5,11295,stock
2023-02-22,SIFC,332.5,341.0,342.0,330.0,7487,stock
2023-02-23,SIFC,335.0,328.0,336.6,328.0,8527,stock
2023-02-26,SIFC,322.0,329.0,332.0,315.0,11730,stock
2023-02-27,SIFC,330.0,327.0,335.0,318.1,8981,stock
2023-02-28,SIFC,330.0,323.8,335.0,323.8,6167,stock
2023-03-01,SIFC,324.0,322.0,324.0,319.0,5335,stock
2023-03-02,SIFC,317.0,315.0,323.3,311.2,7060,stock
2023-03-05,SIFC,311.0,308.0,314.0,305.0,12148,stock
2023-03-07,SIFC,314.1,314.0,320.1,310.0,2904,stock
2023-03-09,SIFC,319.2,332.5,334.0,319.0,8325,stock
2023-03-12,SIFC,335.1,323.0,339.9,323.0,8241,stock
2023-03-13,SIFC,316.6,322.0,322.0,316.2,1755,stock
2023-03-14,SIFC,324.0,326.8,327.0,322.1,6319,stock
2023-03-15,SIFC,321.0,317.1,323.0,315.5,6720,stock
2023-03-16,SIFC,315.0,324.9,325.4,315.0,4001,stock
2023-03-19,SIFC,320.0,324.0,326.8,318.0,4687,stock
2023-03-20,SIFC,326.0,330.0,330.0,322.1,6266,stock
2023-03-22,SIFC,335.0,324.0,335.0,320.0,5666,stock
2023-03-23,SIFC,318.1,313.6,323.5,313.6,4752,stock
2023-03-26,SIFC,318.0,312.3,318.0,312.3,2577,stock
2023-03-27,SIFC,308.0,326.0,327.0,306.1,4847,stock
2023-03-28,SIFC,325.0,320.0,328.0,315.6,12777,stock
2023-03-29,SIFC,320.0,322.0,323.0,316.0,1403,stock
2023-03-30,SIFC,321.0,318.0,323.9,315.0,4769,stock
2023-04-02,SIFC,321.0,314.0,321.1,310.0,3740,stock
2023-04-03,SIFC,316.0,311.4,316.0,307.3,3281,stock
2023-04-04,SIFC,317.0,313.9,317.0,306.2,2900,stock
2023-04-05,SIFC,310.0,315.0,315.0,308.0,3027,stock
2023-04-06,SIFC,319.9,306.0,319.9,306.0,2324,stock
2023-04-09,SIFC,300.2,300.0,306.0,295.0,7478,stock
2023-04-10,SIFC,304.8,302.0,309.8,300.0,2541,stock
2023-04-11,SIFC,308.0,309.0,309.0,303.0,2071,stock
2023-04-12,SIFC,312.9,325.0,327.8,312.9,12879,stock
2023-04-13,SIFC,325.0,319.9,330.0,318.0,5927,stock
2023-04-16,SIFC,319.0,321.0,328.4,316.0,1873,stock
2023-04-17,SIFC,318.0,314.0,318.0,308.4,3472,stock
2023-04-18,SIFC,310.0,310.6,315.0,309.2,2516,stock
2023-04-19,SIFC,316.8,316.0,318.0,310.5,3090,stock
2023-04-20,SIFC,315.0,308.7,315.0,308.7,4140,stock
2023-04-23,SIFC,305.1,305.0,305.4,303.0,3113,stock
2023-04-24,SIFC,305.0,311.0,311.0,305.0,1198,stock
2023-04-25,SIFC,310.0,314.9,315.0,307.5,1969,stock
2023-04-26,SIFC,312.0,308.7,312.0,308.7,2277,stock
2023-04-27,SIFC,308.0,305.0,310.0,305.0,3955,stock
2023-04-30,SIFC,301.0,304.9,307.0,301.0,2289,stock
2023-05-02,SIFC,304.0,304.9,308.0,302.1,2799,stock
2023-05-03,SIFC,300.0,309.0,309.0,299.5,3460,stock
2023-05-04,SIFC,303.1,309.0,309.0,303.1,1761,stock
2023-05-07,SIFC,302.9,311.8,311.8,301.1,2268,stock
2023-05-08,SIFC,305.6,307.8,307.8,300.0,4327,stock
2023-05-09,SIFC,307.8,302.0,309.9,302.0,1837,stock
2023-05-10,SIFC,296.3,305.9,306.0,296.3,325,stock
2023-05-11,SIFC,310.0,303.0,310.0,301.1,579,stock
2023-05-14,SIFC,303.0,301.0,303.0,300.0,1153,stock
2023-05-15,SIFC,300.1,300.0,301.9,296.0,1719,stock
2023-05-16,SIFC,295.0,304.7,304.7,295.0,1916,stock
2023-05-17,SIFC,307.3,311.9,311.9,304.0,2603,stock
2023-05-18,SIFC,310.0,310.4,318.1,310.0,4602,stock
2023-05-21,SIFC,313.0,312.0,316.6,306.1,4878,stock
2023-05-22,SIFC,306.0,317.4,324.0,306.0,7783,stock
2023-05-23,SIFC,322.0,324.0,330.0,315.0,17991,stock
2023-05-24,SIFC,317.6,322.0,325.0,317.6,5129,stock
2023-05-28,SIFC,317.1,314.8,326.0,311.6,17916,stock
2023-05-30,SIFC,309.0,311.0,315.0,300.1,12994,stock
2023-05-31,SIFC,305.0,300.0,309.9,293.2,9787,stock
2023-06-01,SIFC,297.1,300.0,303.9,294.0,11184,stock
2023-06-04,SIFC,305.0,308.8,313.9,305.0,9173,stock
2023-06-05,SIFC,305.0,305.0,314.9,302.7,5216,stock
2023-06-06,SIFC,302.1,312.8,316.0,302.1,11814,stock
2023-06-07,SIFC,315.8,309.7,319.0,309.7,10860,stock
2023-06-08,SIFC,307.1,308.3,312.0,307.0,7171,stock
2023-06-11,SIFC,314.0,328.9,331.5,308.5,28520,stock
2023-06-12,SIFC,328.9,329.4,336.0,325.0,19927,stock
2023-06-13,SIFC,330.0,338.2,339.9,325.0,16858,stock
2023-06-14,SIFC,335.0,340.0,356.0,333.2,58824,stock
2023-06-15,SIFC,337.0,340.0,342.0,332.1,22018,stock
2023-06-18,SIFC,345.0,352.9,353.7,338.1,17816,stock
2023-06-19,SIFC,356.9,365.9,374.0,346.0,63612,stock
2023-06-20,SIFC,367.0,343.9,370.0,343.9,26854,stock
2023-06-21,SIFC,349.9,335.0,350.0,335.0,24483,stock
2023-06-22,SIFC,341.7,333.3,347.0,333.3,10156,stock
2023-06-25,SIFC,330.1,354.0,360.0,327.0,34515,stock
2023-06-26,SIFC,360.9,365.0,374.0,360.0,59022,stock
2023-06-27,SIFC,371.9,386.0,389.8,364.9,71759,stock
2023-06-28,SIFC,393.0,370.0,393.0,367.0,57032,stock
2023-07-02,SIFC,367.0,368.0,375.0,364.0,39249,stock
2023-07-03,SIFC,373.5,362.0,374.7,361.0,17940,stock
2023-07-04,SIFC,368.9,367.0,369.0,357.0,16862,stock
2023-07-05,SIFC,374.0,358.0,374.0,356.0,17620,stock
2023-07-06,SIFC,356.0,358.0,365.0,352.0,11946,stock
2023-07-09,SIFC,360.0,370.0,379.0,360.0,14349,stock
2023-07-10,SIFC,377.4,386.0,389.5,372.0,60545,stock
2023-07-11,SIFC,390.0,395.0,408.0,383.0,82934,stock
2023-07-12,SIFC,400.0,387.0,402.0,385.0,51261,stock
2023-07-13,SIFC,394.0,378.0,394.7,376.0,29961,stock
2023-07-16,SIFC,384.0,375.0,384.0,370.0,11456,stock
2023-07-17,SIFC,382.0,390.3,393.0,377.5,20421,stock
2023-07-18,SIFC,393.0,392.6,402.5,388.2,25477,stock
2023-07-19,SIFC,394.0,385.0,395.0,385.0,22842,stock
2023-07-20,SIFC,385.0,377.3,390.0,377.3,13245,stock
2023-07-23,SIFC,380.0,386.0,394.7,369.8,29678,stock
2023-07-24,SIFC,391.8,378.9,392.8,372.1,15749,stock
2023-07-25,SIFC,372.0,372.0,380.0,371.0,14398,stock
2023-07-26,SIFC,371.0,374.0,377.9,368.0,7759,stock
2023-07-27,SIFC,381.2,364.0,381.2,363.0,11154,stock
2023-07-30,SIFC,361.0,354.0,365.0,352.0,17324,stock
2023-07-31,SIFC,361.0,363.8,367.0,350.0,18145,stock
2023-08-01,SIFC,371.0,353.9,371.0,349.0,10042,stock
2023-08-02,SIFC,347.5,359.0,359.0,341.0,14553,stock
2023-08-03,SIFC,362.0,354.0,369.0,353.3,11576,stock
2023-08-06,SIFC,347.0,342.0,353.0,337.0,15295,stock
2023-08-07,SIFC,340.3,344.5,355.6,340.3,5772,stock
2023-08-08,SIFC,341.3,344.9,344.9,338.0,8771,stock
2023-08-09,SIFC,349.0,353.0,353.0,338.1,10633,stock
2023-08-10,SIFC,360.0,350.0,374.5,346.1,7299,stock
2023-08-13,SIFC,345.0,345.0,356.0,345.0,5072,stock
2023-08-14,SIFC,351.9,344.9,353.9,340.0,13954,stock
2023-08-15,SIFC,340.0,340.0,343.0,335.0,4168,stock
2023-08-16,SIFC,335.0,339.0,339.0,330.0,5750,stock
2023-08-17,SIFC,339.0,341.0,345.0,335.0,5630,stock
2023-08-20,SIFC,341.0,343.3,346.0,338.0,4836,stock
2023-08-21,SIFC,345.0,334.0,345.0,334.0,2752,stock
2023-08-22,SIFC,334.0,343.9,343.9,333.0,5681,stock
2023-08-23,SIFC,350.0,348.0,350.0,344.0,3943,stock
2023-08-24,SIFC,348.0,337.0,348.0,336.0,4821,stock
2023-08-27,SIFC,336.0,334.9,336.0,329.1,4303,stock
2023-08-28,SIFC,341.0,334.8,341.0,330.0,3073,stock
2023-08-29,SIFC,331.2,330.0,334.8,328.3,6046,stock
2023-08-30,SIFC,331.0,332.0,337.6,331.0,4017,stock
2023-09-03,SIFC,330.0,330.5,330.9,327.3,3219,stock
2023-09-04,SIFC,337.1,325.0,337.1,324.4,2232,stock
2023-09-05,SIFC,325.0,325.1,329.0,322.2,2029,stock
2023-09-07,SIFC,324.9,320.0,325.0,315.0,3889,stock
2023-09-10,SIFC,324.9,317.0,325.0,309.7,8941,stock
2023-09-11,SIFC,323.0,330.0,332.0,323.0,4348,stock
2023-09-12,SIFC,330.0,317.0,330.0,317.0,2870,stock
2023-09-13,SIFC,323.2,334.0,334.5,323.2,14936,stock
2023-09-17,SIFC,330.1,322.0,330.1,322.0,3701,stock
2023-09-18,SIFC,325.0,333.0,334.0,323.0,1928,stock
2023-09-19,SIFC,333.0,337.0,337.0,325.8,7795,stock
2023-09-21,SIFC,343.0,353.9,354.0,336.2,15289,stock
2023-09-24,SIFC,347.0,345.0,354.8,342.0,12122,stock
2023-09-25,SIFC,339.0,346.0,351.9,339.0,9266,stock
2023-09-26,SIFC,352.9,352.0,357.5,347.2,16677,stock
2023-09-27,SIFC,345.3,352.9,354.9,340.0,18703,stock
2023-10-01,SIFC,345.9,344.0,345.9,335.6,12326,stock
2023-10-02,SIFC,340.0,346.5,348.9,340.0,6394,stock
2023-10-03,SIFC,351.0,342.0,351.0,335.1,6687,stock
2023-10-04,SIFC,340.0,342.9,343.0,338.0,18701,stock
2023-10-05,SIFC,336.2,339.8,342.8,336.1,7291,stock
2023-10-08,SIFC,333.1,330.0,336.0,326.5,23595,stock
2023-10-09,SIFC,335.0,329.0,336.0,324.0,12440,stock
2023-10-10,SIFC,323.5,311.0,325.2,311.0,13261,stock
2023-10-11,SIFC,317.2,321.9,323.5,312.0,10098,stock
2023-10-12,SIFC,325.0,314.0,325.0,310.0,11048,stock
2023-10-16,SIFC,310.0,313.0,315.0,307.5,8195,stock
2023-10-17,SIFC,319.0,309.0,319.0,309.0,8753,stock
2023-10-18,SIFC,315.1,320.0,320.0,315.0,4732,stock
2023-10-19,SIFC,319.0,310.0,319.0,310.0,2842,stock
2023-10-29,SIFC,305.0,306.0,307.0,304.1,2745,stock
2023-10-30,SIFC,311.0,312.1,312.1,304.0,2920,stock
2023-10-31,SIFC,312.0,309.0,312.0,305.9,1416,stock
2023-11-01,SIFC,309.0,309.0,309.0,303.6,2432,stock
2023-11-02,SIFC,309.0,309.0,309.0,305.0,6140,stock
2023-11-05,SIFC,303.0,304.2,306.1,302.9,1713,stock
2023-11-06,SIFC,310.0,302.3,313.0,300.1,6561,stock
2023-11-07,SIFC,307.4,305.0,308.3,305.0,4717,stock
2023-11-08,SIFC,304.0,307.8,308.0,304.0,1717,stock
2023-11-09,SIFC,312.0,318.0,318.0,303.0,5111,stock
2023-11-20,SIFC,321.9,310.0,321.9,310.0,6740,stock
2023-11-21,SIFC,314.9,309.9,314.9,308.7,4540,stock
2023-11-22,SIFC,314.4,311.0,314.4,310.0,1978,stock
2023-11-23,SIFC,314.0,317.0,323.1,314.0,9461,stock
2023-11-26,SIFC,317.0,342.0,342.9,317.0,21119,stock
2023-11-27,SIFC,344.0,336.0,344.0,328.0,7819,stock
2023-11-28,SIFC,330.1,333.9,336.8,330.0,3017,stock
2023-11-29,SIFC,339.0,326.0,341.9,325.1,3895,stock
2023-11-30,SIFC,320.0,322.5,332.0,320.0,3815,stock
2023-12-03,SIFC,318.0,323.0,324.9,310.2,6183,stock
2023-12-04,SIFC,328.9,323.5,328.9,317.2,1404,stock
2023-12-05,SIFC,326.0,318.0,329.9,315.0,4237,stock
2023-12-06,SIFC,323.0,317.0,323.0,317.0,2079,stock
2023-12-07,SIFC,312.1,320.5,323.3,312.1,1504,stock
2023-12-10,SIFC,326.9,344.9,344.9,326.9,40,stock
2023-12-11,SIFC,344.9,338.7,345.0,332.0,9003,stock
2023-12-12,SIFC,345.0,355.0,364.0,340.0,30423,stock
2023-12-13,SIFC,355.0,353.3,364.0,346.6,24654,stock
2023-12-14,SIFC,346.8,360.0,360.0,346.8,11368,stock
2023-12-17,SIFC,354.0,368.0,370.0,353.0,20334,stock
2023-12-18,SIFC,370.0,379.9,386.0,370.0,51588,stock
2023-12-19,SIFC,376.0,379.2,383.0,369.2,15471,stock
2023-12-20,SIFC,385.0,374.0,392.7,374.0,17720,stock
2023-12-21,SIFC,374.1,370.0,388.0,369.4,32756,stock
2023-12-24,SIFC,370.0,361.8,376.9,358.1,27554,stock
2023-12-27,SIFC,364.0,362.2,373.0,355.1,17050,stock
2023-12-28,SIFC,362.0,360.9,368.0,357.0,7780,stock
2024-01-01,SIFC,364.0,358.7,375.0,358.7,13595,stock
2024-01-02,SIFC,353.1,357.0,365.8,353.0,15240,stock
2024-01-03,SIFC,364.0,369.0,369.0,352.0,6318,stock
2024-01-04,SIFC,369.9,362.0,369.9,360.0,7971,stock
2024-01-07,SIFC,361.9,352.0,362.0,348.0,4667,stock
2024-01-08,SIFC,355.0,360.0,360.0,353.0,15420,stock
2024-01-09,SIFC,365.0,373.9,380.0,365.0,16033,stock
2024-01-10,SIFC,380.0,368.0,386.1,363.0,32042,stock
2024-01-11,SIFC,370.0,364.0,374.9,363.6,12852,stock
2024-01-14,SIFC,370.0,373.0,378.0,369.9,5026,stock
2024-01-16,SIFC,380.4,385.7,387.1,377.0,43545,stock
2024-01-17,SIFC,390.0,375.0,398.0,369.5,45324,stock
2024-01-18,SIFC,367.5,377.1,380.9,362.1,12255,stock
2024-01-21,SIFC,371.0,364.0,375.0,364.0,13486,stock
2024-01-22,SIFC,364.0,353.0,365.0,347.0,15879,stock
2024-01-23,SIFC,360.0,353.9,366.9,344.3,7864,stock
2024-01-24,SIFC,360.0,354.0,360.0,348.0,3994,stock
2024-01-25,SIFC,353.0,350.0,357.0,345.0,10440,stock
2024-01-28,SIFC,350.0,355.0,355.0,350.0,5289,stock
2024-01-29,SIFC,361.9,360.5,363.0,356.0,5666,stock
2024-01-30,SIFC,366.9,361.0,366.9,355.3,15142,stock
2024-01-31,SIFC,360.0,347.1,360.0,345.5,14216,stock
2024-02-01,SIFC,353.0,350.0,360.0,345.0,24447,stock
2024-02-04,SIFC,344.2,350.0,356.0,344.2,6101,stock
2024-02-05,SIFC,357.0,355.5,357.0,350.3,7540,stock
2024-02-06,SIFC,361.9,358.0,361.9,349.1,6895,stock
2024-02-07,SIFC,363.9,361.0,364.0,352.3,8884,stock
2024-02-11,SIFC,365.0,358.2,369.0,358.2,2735,stock
2024-02-12,SIFC,364.0,363.0,364.0,353.7,8419,stock
2024-02-13,SIFC,359.9,354.0,359.9,348.1,10349,stock
2024-02-14,SIFC,357.9,385.0,389.4,357.8,93389,stock
2024-02-15,SIFC,385.0,370.0,385.0,370.0,33352,stock
2024-02-18,SIFC,375.0,364.9,375.0,358.0,16165,stock
2024-02-20,SIFC,371.0,364.0,371.0,359.7,13492,stock
2024-02-21,SIFC,370.0,357.0,370.0,356.0,11032,stock
2024-02-22,SIFC,363.9,358.9,375.0,355.0,30907,stock
2024-02-25,SIFC,358.0,364.0,371.9,356.0,35623,stock
2024-02-26,SIFC,370.0,364.5,370.0,358.5,4665,stock
2024-02-27,SIFC,360.0,368.0,368.0,358.0,4036,stock
2024-02-28,SIFC,360.7,359.8,364.0,354.9,6499,stock
2024-02-29,SIFC,366.0,350.0,370.0,345.2,13662,stock
2024-03-03,SIFC,344.0,343.2,358.9,336.2,5998,stock
2024-03-04,SIFC,350.0,370.0,370.0,350.0,40,stock
2024-03-05,SIFC,363.0,357.8,364.0,352.0,14496,stock
2024-03-06,SIFC,363.0,353.0,370.0,345.4,21185,stock
2024-03-07,SIFC,358.0,358.3,362.5,355.0,5954,stock
2024-03-10,SIFC,364.9,362.3,370.0,357.0,14300,stock
2024-03-12,SIFC,369.5,378.0,379.0,362.3,24129,stock
2024-03-13,SIFC,378.0,380.0,388.0,374.0,30752,stock
2024-03-14,SIFC,386.0,374.0,390.0,374.0,19308,stock
2024-03-17,SIFC,366.6,373.0,383.0,366.6,8248,stock
2024-03-18,SIFC,378.0,369.0,378.0,368.0,8047,stock
2024-03-19,SIFC,375.0,377.0,390.9,374.0,24201,stock
2024-03-20,SIFC,382.0,372.0,382.0,371.0,17109,stock
2024-03-21,SIFC,370.0,373.0,386.9,369.2,26852,stock
2024-03-25,SIFC,377.0,369.0,377.0,366.0,9213,stock
2024-03-26,SIFC,367.7,368.0,372.8,366.2,5600,stock
2024-03-27,SIFC,365.3,364.0,368.0,363.2,8570,stock
2024-03-28,SIFC,356.8,362.0,371.7,356.8,10452,stock
2024-03-31,SIFC,354.8,360.0,373.0,354.8,11271,stock
2024-04-01,SIFC,352.8,362.9,369.0,352.8,2616,stock
2024-04-02,SIFC,369.0,360.0,369.0,355.4,7726,stock
2024-04-03,SIFC,356.6,356.0,364.0,355.0,4883,stock
2024-04-04,SIFC,357.1,361.9,364.0,357.1,13673,stock
2024-04-07,SIFC,356.7,382.0,387.0,356.7,54410,stock
2024-04-09,SIFC,389.0,393.0,402.9,383.0,98434,stock
2024-04-10,SIFC,394.0,381.0,400.5,381.0,48276,stock
2024-04-14,SIFC,382.0,381.0,391.1,375.1,29804,stock
2024-04-15,SIFC,384.0,379.8,394.0,377.6,36331,stock
2024-04-16,SIFC,379.0,372.8,385.4,372.0,18062,stock
2024-04-18,SIFC,372.9,374.9,385.0,372.0,18151,stock
2024-04-21,SIFC,379.4,373.8,380.0,371.0,13881,stock
2024-04-22,SIFC,375.0,366.4,379.0,366.4,21171,stock
2024-04-24,SIFC,373.0,378.0,385.9,373.0,19119,stock
2024-04-25,SIFC,380.0,397.0,406.0,380.0,118295,stock
2024-04-28,SIFC,400.0,424.0,434.5,400.0,116643,stock
2024-04-29,SIFC,426.0,447.0,453.0,410.1,149594,stock
2024-04-30,SIFC,455.0,434.0,470.0,416.0,139703,stock
2024-05-02,SIFC,442.6,427.9,451.0,422.5,85074,stock
2024-05-05,SIFC,427.9,419.0,435.0,418.0,97798,stock
2024-05-06,SIFC,417.0,420.1,427.0,414.0,54157,stock
2024-05-07,SIFC,420.1,415.0,429.9,407.0,44918,stock
2024-05-08,SIFC,419.9,434.8,440.0,412.4,65455,stock
2024-05-09,SIFC,443.0,439.0,448.0,431.0,82138,stock
2024-05-12,SIFC,440.0,426.0,443.7,424.0,53892,stock
2024-05-13,SIFC,434.0,425.0,434.0,419.0,27464,stock
2024-05-14,SIFC,425.9,422.0,430.0,419.1,25154,stock
2024-05-15,SIFC,430.4,418.0,430.4,417.2,34858,stock
2024-05-16,SIFC,418.0,415.5,424.9,415.0,26166,stock
2024-05-19,SIFC,423.8,425.0,426.0,412.0,43165,stock
2024-05-20,SIFC,425.0,419.8,433.0,417.0,30865,stock
2024-05-21,SIFC,424.7,435.0,442.0,421.1,84763,stock
2024-05-22,SIFC,436.2,428.0,443.0,424.0,51016,stock
2024-05-26,SIFC,419.5,414.0,430.0,414.0,30769,stock
2024-05-27,SIFC,409.3,420.0,437.0,409.3,47908,stock
2024-05-29,SIFC,428.4,415.0,435.0,412.0,21354,stock
2024-05-30,SIFC,418.0,423.0,431.4,415.0,48336,stock
2024-06-02,SIFC,426.0,436.0,444.0,423.1,63135,stock
2024-06-03,SIFC,436.0,428.8,451.8,425.1,74698,stock
2024-06-04,SIFC,435.0,429.0,436.5,423.6,24923,stock
2024-06-05,SIFC,434.8,429.9,438.0,426.0,17322,stock
2024-06-06,SIFC,436.8,422.0,436.8,416.0,32107,stock
2024-06-09,SIFC,429.0,419.0,429.0,415.0,18080,stock
2024-06-10,SIFC,411.1,425.0,430.0,411.1,20694,stock
2024-06-11,SIFC,431.0,430.9,432.9,425.0,34548,stock
2024-06-12,SIFC,428.0,437.0,443.9,426.0,90511,stock
2024-06-13,SIFC,442.0,447.0,460.0,442.0,115517,stock
2024-06-16,SIFC,448.0,436.0,455.0,432.0,60842,stock
2024-06-18,SIFC,436.0,430.0,444.6,428.0,35190,stock
2024-06-19,SIFC,432.0,436.0,446.0,432.0,35327,stock
2024-06-20,SIFC,444.0,443.5,452.7,431.3,62141,stock
2024-06-23,SIFC,446.1,473.9,479.0,446.0,127394,stock
2024-06-24,SIFC,483.3,462.0,485.6,459.1,112945,stock
2024-06-25,SIFC,465.1,467.6,489.6,462.0,81843,stock
2024-06-26,SIFC,467.0,459.9,475.0,457.0,53278,stock
2024-06-27,SIFC,465.0,456.1,465.0,453.0,41608,stock
2024-06-30,SIFC,455.0,457.4,470.0,454.0,50843,stock
2024-07-01,SIFC,463.3,452.1,463.3,452.0,32413,stock
2024-07-02,SIFC,461.1,465.0,480.0,457.2,41950,stock
2024-07-03,SIFC,473.0,489.0,500.0,458.0,150090,stock
2024-07-04,SIFC,497.5,486.0,504.0,478.0,89216,stock
2024-07-07,SIFC,493.0,470.4,493.0,470.4,71767,stock
2024-07-08,SIFC,479.0,473.0,480.0,471.0,36111,stock
2024-07-09,SIFC,482.4,486.9,501.8,475.0,73842,stock
2024-07-10,SIFC,477.2,494.5,503.0,477.2,58391,stock
2024-07-11,SIFC,502.0,485.0,502.0,481.0,49453,stock
2024-07-14,SIFC,494.7,487.0,504.0,484.2,40716,stock
2024-07-15,SIFC,496.7,490.0,508.0,480.6,116895,stock
2024-07-16,SIFC,498.0,504.9,504.9,496.0,49282,stock
2024-07-17,SIFC,511.0,539.0,550.0,506.0,92739,stock
2024-07-18,SIFC,540.0,518.0,546.0,511.0,87359,stock
2024-07-21,SIFC,521.0,525.0,540.0,516.0,141873,stock
2024-07-22,SIFC,524.1,525.0,531.0,514.1,68899,stock
2024-07-23,SIFC,524.0,536.1,540.0,524.0,55977,stock
2024-07-24,SIFC,544.0,539.0,566.0,536.1,152238,stock
2024-07-25,SIFC,545.0,537.0,553.0,532.2,71844,stock
2024-07-28,SIFC,547.7,545.9,558.0,529.0,62056,stock
2024-07-29,SIFC,539.0,543.0,554.0,535.0,78780,stock
2024-07-30,SIFC,545.0,576.0,582.0,545.0,143598,stock
2024-07-31,SIFC,587.0,633.6,633.6,583.0,167230,stock
2024-08-01,SIFC,646.2,686.0,696.9,646.2,211729,stock
2024-08-05,SIFC,699.7,643.1,699.7,634.2,172215,stock
2024-08-06,SIFC,643.1,579.0,655.0,579.0,200569,stock
2024-08-07,SIFC,567.5,635.0,636.9,567.5,195275,stock
2024-08-08,SIFC,647.0,616.0,653.0,610.0,72077,stock
2024-08-11,SIFC,627.9,629.0,645.1,605.0,126679,stock
2024-08-12,SIFC,641.5,654.0,667.9,630.0,170251,stock
2024-08-13,SIFC,667.0,685.0,705.0,657.0,119633,stock
2024-08-14,SIFC,691.0,741.0,753.0,674.2,198112,stock
2024-08-15,SIFC,741.0,722.0,785.0,717.1,169916,stock
2024-08-18,SIFC,707.6,719.9,773.9,695.0,182755,stock
2024-08-21,SIFC,734.2,745.0,761.9,734.2,140242,stock
2024-08-22,SIFC,759.9,764.9,795.0,759.0,142842,stock
2024-08-25,SIFC,780.1,726.0,780.1,722.0,134952,stock
2024-08-27,SIFC,740.5,700.0,748.6,690.0,122730,stock
2024-08-28,SIFC,714.0,683.5,725.0,675.0,84712,stock
2024-08-29,SIFC,697.1,655.0,703.9,655.0,83996,stock
2024-09-01,SIFC,654.1,648.0,681.0,637.0,72075,stock
2024-09-02,SIFC,660.0,705.0,712.8,643.2,119203,stock
2024-09-03,SIFC,719.1,688.0,724.9,688.0,92944,stock
2024-09-04,SIFC,701.0,658.0,711.9,651.0,65447,stock
2024-09-05,SIFC,644.9,648.1,669.0,634.0,54236,stock
2024-09-08,SIFC,635.2,637.0,671.1,635.2,36890,stock
2024-09-09,SIFC,645.0,625.0,649.7,624.0,39951,stock
2024-09-10,SIFC,630.0,613.0,643.0,607.7,45904,stock
2024-09-11,SIFC,608.0,623.9,635.0,608.0,41498,stock
2024-09-12,SIFC,626.0,645.0,647.0,622.4,41545,stock
2024-09-15,SIFC,657.0,620.2,658.0,617.5,44871,stock
2024-09-16,SIFC,620.2,595.0,620.2,595.0,55583,stock
2024-09-18,SIFC,590.0,575.0,594.0,575.0,40549,stock
2024-09-22,SIFC,585.0,580.0,596.7,570.6,18519,stock
2024-09-23,SIFC,591.0,540.3,591.0,535.0,46142,stock
2024-09-24,SIFC,551.0,514.0,551.0,509.0,33313,stock
2024-09-25,SIFC,510.0,528.0,537.0,500.0,37032,stock
2024-09-26,SIFC,534.0,519.0,538.4,518.3,23060,stock
2024-09-29,SIFC,508.7,509.0,520.0,504.2,26119,stock
2024-09-30,SIFC,517.0,542.0,546.0,512.0,28936,stock
2024-10-01,SIFC,543.0,596.2,596.2,532.0,56726,stock
2024-10-02,SIFC,608.1,593.4,628.0,587.0,76390,stock
2024-10-06,SIFC,590.0,629.0,633.0,590.0,52384,stock
2024-10-07,SIFC,641.0,619.0,649.9,595.1,56458,stock
2024-10-08,SIFC,609.0,611.0,622.0,607.0,33133,stock
2024-10-09,SIFC,611.0,610.0,620.9,606.0,49884,stock
2024-10-15,SIFC,622.0,638.1,644.9,612.0,32716,stock
2024-10-16,SIFC,649.0,638.0,655.0,628.0,32353,stock
2024-10-17,SIFC,630.0,639.8,649.0,629.1,32099,stock
2024-10-20,SIFC,627.1,619.0,646.0,602.7,60779,stock
2024-10-21,SIFC,613.0,599.0,625.2,597.0,44641,stock
2024-10-22,SIFC,600.5,618.0,624.0,600.5,27918,stock
2024-10-23,SIFC,615.0,620.0,642.0,610.0,69268,stock
2024-10-24,SIFC,620.1,619.0,638.0,615.0,40628,stock
2024-10-27,SIFC,621.0,620.0,628.0,615.0,27533,stock
2024-10-28,SIFC,632.0,645.3,647.0,626.0,65523,stock
2024-10-29,SIFC,655.8,653.0,672.0,647.0,71068,stock
2024-10-30,SIFC,665.0,644.9,665.0,640.2,18944,stock
2024-11-05,SIFC,657.0,649.9,657.0,641.0,19518,stock
2024-11-06,SIFC,660.0,655.7,663.0,645.6,38564,stock
2024-11-10,SIFC,662.0,675.9,680.0,658.0,56628,stock
2024-11-11,SIFC,689.4,666.0,692.0,655.0,58704,stock
2024-11-12,SIFC,679.0,677.9,684.0,662.0,61435,stock
2024-11-13,SIFC,687.9,713.9,715.0,681.0,150045,stock
2024-11-14,SIFC,728.1,710.0,728.1,710.0,96801,stock
2024-11-17,SIFC,696.0,690.0,725.0,687.3,60322,stock
2024-11-19,SIFC,690.0,676.0,706.0,672.0,58473,stock
2024-11-20,SIFC,665.5,689.0,690.0,662.5,53519,stock
2024-11-21,SIFC,700.0,675.0,701.0,670.0,42152,stock
2024-11-24,SIFC,675.0,661.6,688.0,661.6,25373,stock
2024-11-25,SIFC,666.0,673.0,685.0,664.0,35234,stock
2024-11-26,SIFC,685.0,690.0,694.8,671.0,42909,stock
2024-11-27,SIFC,703.8,696.0,705.0,689.0,58886,stock
2024-11-28,SIFC,708.0,690.0,708.0,683.1,30808,stock
2024-12-01,SIFC,676.2,673.0,688.0,672.0,30059,stock
2024-12-02,SIFC,683.0,666.9,683.0,660.0,32326,stock
2024-12-03,SIFC,675.0,682.0,691.5,668.5,39753,stock
2024-12-04,SIFC,670.0,666.3,690.0,666.0,40788,stock
2024-12-05,SIFC,660.0,651.0,671.0,650.1,48652,stock
2024-12-08,SIFC,651.0,640.0,652.9,635.0,53284,stock
2024-12-09,SIFC,640.0,639.0,651.0,629.0,32479,stock
2024-12-10,SIFC,645.0,637.0,656.9,630.0,15322,stock
2024-12-11,SIFC,632.2,648.0,648.9,632.0,20664,stock
2024-12-12,SIFC,660.9,629.8,660.9,625.0,18331,stock
2024-12-16,SIFC,618.1,603.0,618.1,597.0,39457,stock
2024-12-17,SIFC,593.0,603.0,614.0,592.0,21414,stock
2024-12-18,SIFC,609.9,602.0,614.0,598.0,22051,stock
2024-12-19,SIFC,593.1,581.3,603.0,581.3,15608,stock
2024-12-22,SIFC,575.0,575.0,587.0,569.7,27413,stock
2024-12-23,SIFC,584.0,600.0,600.0,578.0,14272,stock
2024-12-24,SIFC,602.0,606.1,622.0,600.0,31536,stock
2024-12-26,SIFC,600.0,580.3,601.5,579.4,18385,stock
2024-12-29,SIFC,570.0,571.9,582.0,561.0,44844,stock
2024-12-31,SIFC,561.0,541.0,561.0,525.5,51861,stock
2025-01-01,SIFC,550.0,560.5,570.0,549.0,19883,stock
2025-01-02,SIFC,566.0,565.0,566.0,550.0,15350,stock
2025-01-05,SIFC,561.0,564.0,571.0,545.0,12997,stock
2025-01-06,SIFC,570.0,574.5,575.0,556.2,17721,stock
2025-01-07,SIFC,575.0,592.0,592.9,570.0,19766,stock
2025-01-08,SIFC,597.0,618.0,630.3,592.2,38944,stock
2025-01-09,SIFC,619.0,597.1,624.0,588.0,35383,stock
2025-01-12,SIFC,586.0,581.4,590.0,569.0,17655,stock
2025-01-13,SIFC,581.4,566.0,600.0,563.5,29134,stock
2025-01-15,SIFC,568.9,549.0,568.9,545.3,35993,stock
2025-01-16,SIFC,559.0,530.0,559.0,512.0,55869,stock
2025-01-19,SIFC,519.4,545.0,560.0,519.4,39982,stock
2025-01-20,SIFC,551.9,533.0,551.9,530.0,20612,stock
2025-01-21,SIFC,542.9,526.0,542.9,525.0,20606,stock
2025-01-22,SIFC,518.1,536.0,548.0,518.1,17608,stock
2025-01-23,SIFC,544.9,527.0,544.9,521.0,20201,stock
2025-01-26,SIFC,527.2,506.8,534.9,498.0,59119,stock
2025-01-27,SIFC,497.2,518.0,533.9,490.0,33531,stock
2025-01-28,SIFC,528.0,528.5,533.0,505.0,32717,stock
2025-02-02,SIFC,533.0,533.4,538.4,524.2,21060,stock
2025-02-03,SIFC,539.9,528.0,541.0,520.1,17884,stock
2025-02-04,SIFC,538.5,525.0,538.5,520.0,20139,stock
2025-02-05,SIFC,530.0,559.0,565.8,520.0,45052,stock
2025-02-06,SIFC,566.9,553.0,588.9,550.0,39021,stock
2025-02-09,SIFC,563.0,545.0,564.0,538.0,44851,stock
2025-02-10,SIFC,555.0,552.7,564.0,546.1,51106,stock
2025-02-11,SIFC,562.8,555.0,563.0,551.1,16096,stock
2025-02-12,SIFC,563.7,568.9,578.0,555.0,46889,stock
2025-02-13,SIFC,568.9,586.0,595.0,568.9,61023,stock
2025-02-16,SIFC,597.7,600.0,615.0,590.0,97295,stock
2025-02-17,SIFC,600.0,590.0,611.9,585.1,36517,stock
2025-02-18,SIFC,578.2,588.0,601.0,578.0,32579,stock
2025-02-20,SIFC,588.0,592.0,604.0,578.3,32767,stock
2025-02-23,SIFC,582.0,580.0,595.0,560.6,34773,stock
2025-02-24,SIFC,590.0,576.0,590.0,569.0,21746,stock
2025-02-25,SIFC,586.0,575.0,587.0,566.0,22328,stock
2025-02-27,SIFC,586.5,570.0,588.0,565.1,20007,stock
2025-03-02,SIFC,580.0,596.0,596.0,574.0,29164,stock
2025-03-03,SIFC,601.1,594.0,614.0,590.0,34664,stock
2025-03-04,SIFC,605.0,575.0,605.0,575.0,24595,stock
2025-03-05,SIFC,575.0,566.0,580.9,554.0,32220,stock
2025-03-06,SIFC,561.3,566.0,574.0,560.0,15705,stock
2025-03-09,SIFC,568.0,545.0,570.0,545.0,20890,stock
2025-03-10,SIFC,555.0,550.0,566.7,545.1,15502,stock
2025-03-11,SIFC,551.0,541.6,554.0,541.2,10372,stock
2025-03-12,SIFC,542.0,543.0,547.0,540.0,8825,stock
2025-03-16,SIFC,541.0,536.0,543.0,529.0,16723,stock
2025-03-17,SIFC,544.0,535.0,544.0,531.2,12848,stock
2025-03-18,SIFC,535.0,540.0,556.0,532.0,9558,stock
2025-03-19,SIFC,545.3,533.1,550.0,530.0,9735,stock
2025-03-20,SIFC,530.0,526.34,533.9,525.1,7272,stock
2025-03-23,SIFC,527.1,509.51,531.9,508.1,11747,stock
2025-03-24,SIFC,508.0,526.91,535.5,506.0,11671,stock
2025-03-25,SIFC,516.5,508.78,533.0,505.0,11846,stock
2025-03-26,SIFC,518.9,523.69,525.0,515.0,7328,stock
2025-03-27,SIFC,521.9,525.79,533.7,517.3,12290,stock
2025-03-30,SIFC,525.0,541.7,551.0,525.0,23404,stock
2025-04-01,SIFC,550.0,529.9,550.0,522.2,6692,stock
2025-04-02,SIFC,537.5,541.67,559.0,527.0,14040,stock
2025-04-03,SIFC,552.5,531.59,552.5,531.0,20707,stock
2025-04-07,SIFC,530.0,523.0,537.0,522.0,15143,stock
2025-04-08,SIFC,523.0,528.17,532.0,518.3,15163,stock
2025-04-09,SIFC,535.9,540.94,546.0,530.1,17645,stock
2025-04-10,SIFC,543.0,536.13,543.0,534.6,1718,stock
2025-04-13,SIFC,532.0,525.99,540.0,525.6,8952,stock
2025-04-15,SIFC,531.0,536.15,541.6,526.0,9307,stock
2025-04-16,SIFC,528.0,533.23,543.0,525.5,14387,stock
2025-04-17,SIFC,540.0,533.29,540.0,529.0,10176,stock
2025-04-20,SIFC,526.0,527.91,542.0,526.0,6902,stock
2025-04-21,SIFC,527.0,522.72,533.0,520.0,15927,stock
2025-04-22,SIFC,533.0,522.63,533.0,522.0,5461,stock
2025-04-23,SIFC,521.0,510.9,523.0,510.0,20960,stock
2025-04-24,SIFC,511.0,507.16,519.0,502.0,13574,stock
2025-04-27,SIFC,505.0,501.76,515.0,495.0,18491,stock
2025-04-28,SIFC,501.0,516.46,529.0,501.0,28218,stock
2025-04-29,SIFC,525.0,510.54,526.0,508.0,9448,stock
2025-04-30,SIFC,511.0,501.6,512.0,500.8,18290,stock
2025-05-04,SIFC,509.0,496.21,509.0,495.0,15496,stock
2025-05-05,SIFC,503.0,497.73,503.0,496.0,7934,stock
2025-05-06,SIFC,495.3,490.85,504.0,490.1,15621,stock
2025-05-07,SIFC,486.0,512.93,518.0,481.0,22726,stock
2025-05-08,SIFC,512.0,534.45,542.0,501.8,35503,stock
2025-05-11,SIFC,541.0,512.76,541.9,510.0,12086,stock
2025-05-13,SIFC,519.0,498.69,520.0,497.0,12724,stock
2025-05-14,SIFC,505.0,503.92,514.9,495.0,9971,stock
2025-05-15,SIFC,510.0,499.83,510.0,497.0,12523,stock
2025-05-18,SIFC,500.0,494.83,503.0,492.1,15028,stock
2025-05-19,SIFC,502.0,495.32,505.0,495.0,13105,stock
2025-05-20,SIFC,495.0,508.79,512.0,494.0,11052,stock
2025-05-21,SIFC,518.9,502.51,528.0,502.0,24652,stock
2025-05-22,SIFC,509.0,500.84,509.9,498.9,15008,stock
2025-05-25,SIFC,505.0,497.3,506.0,496.0,10268,stock
2025-05-26,SIFC,507.2,497.91,527.0,496.0,9046,stock
2025-05-27,SIFC,494.0,494.84,504.0,491.0,7228,stock
2025-05-28,SIFC,490.0,497.35,500.0,490.0,8998,stock
2025-06-02,SIFC,507.2,494.78,509.0,492.0,16264,stock
2025-06-03,SIFC,502.0,491.27,504.6,490.0,7640,stock
2025-06-04,SIFC,494.0,487.89,500.0,486.0,15552,stock
2025-06-05,SIFC,491.1,485.56,496.0,485.0,6262,stock
2025-06-08,SIFC,485.0,483.67,489.0,483.0,6945,stock
2025-06-09,SIFC,493.0,487.6,493.0,485.3,5886,stock
2025-06-10,SIFC,495.0,536.3,536.3,489.0,98716,stock
2025-06-11,SIFC,547.0,568.84,580.0,537.0,172151,stock
2025-06-12,SIFC,580.0,586.56,599.5,554.0,111648,stock
2025-06-15,SIFC,598.0,583.71,608.2,574.4,152410,stock
2025-06-16,SIFC,572.1,546.78,590.0,543.9,143282,stock
2025-06-17,SIFC,541.1,542.88,545.0,520.0,61958,stock
2025-06-18,SIFC,535.1,529.04,556.0,528.0,47760,stock
2025-06-19,SIFC,520.0,510.63,532.9,508.3,63082,stock
2025-06-22,SIFC,501.0,498.42,508.0,496.0,29472,stock
2025-06-23,SIFC,503.9,518.95,528.0,495.0,37925,stock
2025-06-24,SIFC,524.0,515.23,529.5,514.0,22145,stock
2025-06-25,SIFC,523.0,508.94,523.0,505.1,16966,stock
2025-06-26,SIFC,500.0,505.96,515.0,500.0,20472,stock
2025-06-29,SIFC,513.0,514.41,517.0,504.0,19302,stock
2025-06-30,SIFC,524.6,519.48,524.6,515.0,18414,stock
2025-07-01,SIFC,529.0,517.22,529.0,513.0,12642,stock
2025-07-02,SIFC,527.5,527.13,535.0,518.0,25843,stock
2025-07-03,SIFC,537.0,539.59,555.9,527.0,48040,stock
2025-07-06,SIFC,550.0,548.74,566.1,535.2,82107,stock
2025-07-07,SIFC,542.5,525.65,546.0,525.0,33160,stock
2025-07-08,SIFC,530.0,531.73,540.0,521.0,13683,stock
2025-07-09,SIFC,539.0,525.4,540.6,520.0,19071,stock
2025-07-10,SIFC,533.2,532.63,540.0,528.0,17119,stock
2025-07-13,SIFC,543.2,545.37,561.0,540.0,28836,stock
2025-07-14,SIFC,540.0,532.31,544.5,531.6,16750,stock
2025-07-15,SIFC,538.0,540.4,548.7,532.0,18774,stock
2025-07-16,SIFC,551.2,543.54,558.0,540.0,22303,stock
2025-07-17,SIFC,554.4,560.91,574.0,546.0,48758,stock
2025-07-20,SIFC,572.0,545.91,572.0,540.0,63531,stock
2025-07-21,SIFC,545.0,546.14,555.0,543.0,36920,stock
2025-07-22,SIFC,555.0,556.18,564.0,549.0,32995,stock
2025-07-23,SIFC,567.0,572.95,586.0,556.0,72679,stock
2025-07-24,SIFC,584.4,566.43,584.4,560.0,38954,stock
2025-07-27,SIFC,575.0,549.84,575.0,547.0,45035,stock
2025-07-28,SIFC,560.8,567.16,572.0,542.2,43729,stock
2025-07-29,SIFC,578.0,565.41,585.0,562.3,39495,stock
2025-07-30,SIFC,576.0,553.81,576.0,550.0,31323,stock
2025-07-31,SIFC,546.4,557.83,575.0,546.3,61689,stock
2025-08-03,SIFC,565.0,550.58,568.9,548.4,32516,stock
2025-08-04,SIFC,560.0,540.62,560.0,537.0,32547,stock
2025-08-05,SIFC,541.0,529.7,548.0,525.5,17457,stock
2025-08-06,SIFC,520.1,525.51,539.0,520.1,17018,stock
2025-08-07,SIFC,534.0,534.62,536.0,520.2,15954,stock
2025-08-11,SIFC,540.0,524.17,541.0,523.2,12506,stock
2025-08-12,SIFC,531.0,520.91,531.0,518.2,14673,stock
2025-08-13,SIFC,527.9,521.85,531.0,517.5,8504,stock
2025-08-14,SIFC,525.0,520.87,526.9,520.1,9160,stock
2025-08-17,SIFC,527.4,515.23,527.9,514.2,10909,stock
2025-08-18,SIFC,521.0,515.41,521.0,511.5,11364,stock
2025-08-19,SIFC,520.0,517.21,522.0,515.3,8450,stock
2025-08-20,SIFC,524.0,510.75,524.0,510.0,10752,stock
2025-08-21,SIFC,506.0,508.34,517.0,505.1,9039,stock
2025-08-24,SIFC,511.0,509.24,515.0,506.5,8291,stock
2025-08-25,SIFC,510.0,509.47,512.0,504.0,8999,stock
2025-08-26,SIFC,515.0,513.16,515.0,510.0,5794,stock
2025-08-27,SIFC,513.16,523.84,525.0,513.16,7771,stock
2025-08-28,SIFC,520.0,510.0,521.9,509.6,16764,stock
2025-08-31,SIFC,517.0,507.24,517.0,506.0,8129,stock
2025-09-01,SIFC,503.6,506.95,511.0,503.0,5711,stock
2025-09-02,SIFC,512.0,501.94,512.0,500.1,15301,stock
2025-09-03,SIFC,501.0,501.99,508.0,501.0,11796,stock
2025-09-04,SIFC,507.0,501.6,508.0,499.5,20170,stock
2025-09-07,SIFC,500.0,498.27,503.9,495.0,9431,stock
2025-09-08,SIFC,496.0,500.99,503.0,494.4,7123,stock
2025-09-21,SIFC,491.0,510.54,519.0,471.6,26452,stock
2025-09-23,SIFC,517.0,519.9,525.0,506.7,16344,stock
2025-09-24,SIFC,512.0,510.0,523.5,502.0,7754,stock
2025-09-25,SIFC,516.9,511.0,516.9,502.0,9766,stock
2025-09-28,SIFC,503.0,510.0,510.0,502.0,4148,stock
2025-10-07,SIFC,508.0,507.0,508.0,500.2,12886,stock
2025-10-08,SIFC,504.0,496.9,504.9,486.0,12015,stock
2025-10-09,SIFC,506.8,499.8,525.0,499.8,14009,stock
2025-10-12,SIFC,505.0,482.0,505.0,480.3,26797,stock
2025-10-13,SIFC,487.0,486.0,487.0,472.4,7476,stock
2025-10-14,SIFC,493.0,478.5,493.0,478.5,5871,stock
2025-10-15,SIFC,487.0,472.6,487.0,470.1,7046,stock
2025-10-16,SIFC,479.0,459.0,479.0,459.0,15343,stock
2025-10-19,SIFC,465.0,464.0,470.0,463.0,726,stock
2025-10-26,SIFC,463.0,467.0,469.0,460.0,1562,stock
2025-10-28,SIFC,471.0,485.5,507.0,471.0,3047,stock
2025-10-29,SIFC,490.0,475.0,491.0,475.0,11644,stock
2025-10-30,SIFC,482.0,482.1,490.0,475.0,7605,stock
2025-11-02,SIFC,490.0,512.0,515.0,483.0,34290,stock
2025-11-03,SIFC,518.0,504.9,522.2,498.0,17322,stock
2025-11-04,SIFC,510.0,490.0,510.0,490.0,9398,stock
2025-11-05,SIFC,497.0,501.0,511.0,482.0,17669,stock
2025-11-06,SIFC,510.0,500.2,518.0,500.2,13366,stock
2025-11-09,SIFC,507.0,489.0,507.0,488.7,9045,stock
2025-11-10,SIFC,496.0,490.0,496.0,480.0,6836,stock
2025-11-11,SIFC,490.0,493.5,497.0,485.0,6085,stock
2025-11-12,SIFC,488.0,490.0,495.0,485.0,5815,stock
2025-11-13,SIFC,492.9,489.0,492.9,482.0,4687,stock
2025-11-16,SIFC,482.2,485.0,485.3,481.0,5134,stock
2025-11-17,SIFC,485.0,485.0,493.0,485.0,5026,stock
2025-11-18,SIFC,491.0,493.7,510.9,485.0,9722,stock
2025-11-19,SIFC,493.0,489.8,493.0,485.0,2381,stock
2025-11-20,SIFC,485.0,485.2,490.0,485.0,3588,stock
2025-11-23,SIFC,494.9,494.9,494.9,486.0,10994,stock
2025-11-24,SIFC,501.0,498.0,501.0,494.0,4990,stock
2025-11-25,SIFC,505.0,502.0,505.9,496.1,6595,stock
2025-11-26,SIFC,508.0,500.0,508.0,494.0,6774,stock
2025-11-27,SIFC,507.0,506.0,510.0,498.1,15172,stock
2025-11-30,SIFC,500.0,507.0,516.1,500.0,39368,stock
2025-12-01,SIFC,504.1,514.0,519.0,503.0,23079,stock
2025-12-02,SIFC,510.0,511.0,520.0,510.0,9840,stock
2025-12-03,SIFC,506.7,520.0,534.0,506.0,42452,stock
2025-12-07,SIFC,530.4,513.0,530.4,509.2,13261,stock
2025-12-08,SIFC,519.0,504.9,519.0,499.9,18803,stock
2025-12-09,SIFC,500.1,507.0,507.0,500.1,11531,stock
2025-12-10,SIFC,507.0,508.0,517.1,500.0,17447,stock
2025-12-11,SIFC,504.3,507.0,511.9,503.1,7318,stock
2025-12-14,SIFC,510.1,490.0,511.0,490.0,11512,stock
2025-12-15,SIFC,496.0,494.2,498.0,490.0,3661,stock
2025-12-16,SIFC,500.0,493.0,509.0,491.2,7867,stock
2025-12-17,SIFC,500.0,508.2,512.9,495.3,25552,stock
2025-12-18,SIFC,508.0,499.3,512.8,499.3,13795,stock
2025-12-21,SIFC,490.0,494.0,505.1,490.0,3161,stock
2025-12-22,SIFC,491.0,498.5,503.8,489.8,7843,stock
2025-12-23,SIFC,490.0,499.5,500.0,490.0,2896,stock
2025-12-24,SIFC,500.0,492.4,500.0,490.3,2919,stock
2025-12-28,SIFC,500.0,505.1,509.9,496.3,7093,stock
2025-12-29,SIFC,510.9,503.0,510.9,502.0,7280,stock
2025-12-31,SIFC,512.9,501.0,512.9,500.0,5517,stock
2026-01-01,SIFC,507.9,499.9,507.9,496.1,6235,stock
2026-01-04,SIFC,493.0,494.0,500.0,492.0,3719,stock
2026-01-05,SIFC,495.0,500.0,501.4,492.5,11643,stock
2026-01-06,SIFC,507.5,512.0,515.1,500.0,28739,stock
2026-01-07,SIFC,515.0,508.0,518.9,505.0,19332,stock
2026-01-08,SIFC,508.0,505.0,511.1,503.0,13754,stock
2026-01-12,SIFC,503.0,499.0,510.0,493.0,18407,stock
2026-01-13,SIFC,501.0,495.0,501.0,494.0,8627,stock
2026-01-14,SIFC,501.0,511.0,514.0,496.1,32198,stock
2026-01-18,SIFC,517.7,544.0,544.0,515.0,88259,stock
2026-01-20,SIFC,549.0,561.0,566.1,542.0,89979,stock
2026-01-21,SIFC,561.0,555.3,567.1,550.0,93094,stock
2026-01-22,SIFC,552.0,598.0,608.0,546.0,111833,stock
2026-01-25,SIFC,587.0,600.0,605.0,586.0,112934,stock
2026-01-26,SIFC,609.9,616.0,616.0,580.2,194914,stock
2026-01-27,SIFC,615.0,607.0,628.0,596.0,150925,stock
2026-01-28,SIFC,600.0,658.0,667.0,593.0,152844,stock
2026-01-29,SIFC,650.0,648.0,650.0,624.3,146345,stock
2026-02-01,SIFC,640.0,650.0,687.4,631.0,111598,stock
2026-02-02,SIFC,637.0,636.0,660.0,635.0,115363,stock
2026-02-03,SIFC,645.0,620.0,648.5,620.0,103617,stock
2026-02-04,SIFC,628.0,635.0,644.0,620.1,82902,stock
2026-02-05,SIFC,640.0,627.9,640.0,621.9,46025,stock
2026-02-08,SIFC,630.0,611.4,638.8,595.0,61587,stock
2026-02-09,SIFC,599.2,587.6,611.0,587.6,90611,stock
2026-02-10,SIFC,576.0,575.0,598.0,573.0,40873,stock
2026-02-11,SIFC,564.0,575.0,609.0,564.0,19622,stock
2026-02-12,SIFC,564.0,591.0,600.0,564.0,36033,stock
2026-02-16,SIFC,602.8,586.0,602.8,582.1,18535,stock
2026-02-17,SIFC,597.7,577.0,598.0,575.3,14276,stock
2026-02-22,SIFC,573.0,573.1,584.0,572.2,40506,stock
2026-02-23,SIFC,583.9,581.6,591.6,576.1,15328,stock
2026-02-24,SIFC,570.0,574.0,604.0,570.0,14473,stock
2026-02-25,SIFC,585.0,585.0,589.8,582.0,15375,stock
2026-02-26,SIFC,573.3,584.9,589.0,573.3,9521,stock
2026-03-01,SIFC,573.3,600.0,602.5,573.3,43510,stock
2026-03-03,SIFC,588.0,604.7,610.0,588.0,16638,stock
2026-03-09,SIFC,616.7,641.5,641.5,616.7,676,stock
2026-03-10,SIFC,641.5,620.0,641.5,604.8,48104,stock
2026-03-11,SIFC,608.1,604.9,628.9,600.0,18181,stock
2026-03-12,SIFC,594.1,605.0,614.0,594.1,38433,stock
2026-03-15,SIFC,615.0,603.0,616.9,595.3,27518,stock
2026-03-16,SIFC,601.0,600.0,613.0,597.4,33137,stock
2026-03-17,SIFC,590.5,598.5,605.0,590.5,21925,stock
2026-03-19,SIFC,600.0,614.0,614.0,592.0,34230,stock
2026-03-22,SIFC,601.8,624.5,634.0,601.8,49698,stock
2026-03-23,SIFC,625.0,615.0,632.8,607.6,40861,stock
2026-03-24,SIFC,610.0,619.7,622.9,609.0,25389,stock
2026-03-25,SIFC,610.0,603.4,621.0,602.0,18745,stock
2026-03-26,SIFC,610.0,604.9,610.0,598.4,13665,stock
2026-03-29,SIFC,600.0,592.6,613.0,585.0,21000,stock
2026-03-30,SIFC,584.0,578.9,590.0,572.0,34591,stock
2026-03-31,SIFC,571.5,585.0,587.0,570.1,9020,stock
2026-04-01,SIFC,575.0,559.5,578.2,555.1,18465,stock
2026-04-02,SIFC,550.1,561.0,570.6,538.4,23124,stock
2026-04-05,SIFC,550.1,534.9,561.0,518.6,30995,stock
2026-04-06,SIFC,530.0,560.0,566.0,530.0,16655,stock
2026-04-07,SIFC,562.0,556.0,562.0,535.0,21802,stock
2026-04-08,SIFC,564.0,559.0,564.0,545.0,9218,stock
2026-04-09,SIFC,555.0,564.7,567.0,555.0,23468,stock
2026-04-10,SIFC,562.0,564.9,569.8,550.1,15758,stock
2026-04-13,SIFC,556.1,556.0,556.2,545.3,7215,stock
2026-04-15,SIFC,564.8,563.8,578.0,551.2,18585,stock
2026-04-16,SIFC,565.0,556.2,565.0,545.6,14654,stock
2026-04-17,SIFC,545.7,554.1,555.0,536.0,5715,stock
2026-04-20,SIFC,555.0,554.0,570.0,542.0,7999,stock
2026-04-21,SIFC,581.7,552.9,581.7,546.0,5496,stock
2026-04-22,SIFC,541.0,570.0,603.0,537.0,16115,stock
2026-04-23,SIFC,598.5,545.0,598.5,541.0,27571,stock
2026-04-24,SIFC,537.0,550.0,552.0,536.0,3160,stock
2026-04-27,SIFC,550.0,546.3,563.0,546.2,3489,stock
2026-04-28,SIFC,546.3,548.5,555.0,545.0,2158,stock
2026-04-29,SIFC,535.6,543.0,547.0,535.6,2462,stock
2026-04-30,SIFC,530.0,530.0,540.0,528.0,11738,stock
2026-05-04,SIFC,537.0,534.0,537.0,525.0,1510,stock
2026-05-05,SIFC,525.0,523.0,539.0,522.1,1926,stock
2026-05-06,SIFC,538.6,520.0,538.6,520.0,3101,stock
2026-05-07,SIFC,520.0,517.4,523.0,517.1,3669,stock
2026-05-08,SIFC,521.0,535.0,535.0,521.0,3725,stock
2026-05-11,SIFC,540.0,544.0,544.7,535.0,4428,stock
2026-05-12,SIFC,540.0,537.0,540.0,525.0,8615,stock
2026-05-13,SIFC,522.5,533.0,535.0,521.1,2961,stock
2026-05-14,SIFC,525.1,525.0,528.5,522.2,951,stock
2026-05-15,SIFC,534.0,530.9,536.0,523.1,5412,stock
2026-05-18,SIFC,530.0,533.0,533.0,526.3,948,stock
2026-05-19,SIFC,506.4,532.0,537.1,506.4,6656,stock
2026-05-20,SIFC,527.5,541.0,542.0,527.4,3760,stock
2026-05-21,SIFC,526.1,538.0,544.6,526.1,4434,stock
2026-05-22,SIFC,536.0,541.0,542.5,530.0,5350,stock
2026-05-25,SIFC,540.0,545.0,548.0,535.3,6519,stock
2026-05-26,SIFC,545.0,546.9,550.0,538.7,9847,stock
2026-05-27,SIFC,548.0,543.0,548.0,533.0,8283,stock
2026-06-01,SIFC,543.0,534.9,543.0,522.1,9153,stock
2026-06-02,SIFC,542.0,574.0,583.0,521.0,81152,stock
2026-06-03,SIFC,550.0,566.0,577.0,550.0,21601,stock
2026-06-04,SIFC,550.0,560.0,580.0,550.0,26960,stock
2026-06-05,SIFC,550.0,572.6,587.0,550.0,83612,stock
2026-06-08,SIFC,572.0,573.8,587.0,565.1,30889,stock
2026-06-09,SIFC,557.0,558.4,575.0,545.0,38138,stock
2026-06-10,SIFC,570.0,565.0,584.9,560.1,35315,stock
2026-06-11,SIFC,573.5,559.0,573.5,551.1,13033,stock
2026-06-12,SIFC,560.0,561.5,575.0,560.0,24366,stock
2026-06-15,SIFC,589.5,556.0,589.5,550.1,14879,stock
2026-06-16,SIFC,560.0,545.0,560.0,545.0,13784,stock
2026-06-17,SIFC,550.0,555.0,561.0,545.2,10186,stock
2026-06-18,SIFC,550.0,553.9,555.0,547.1,8732,stock
2026-06-19,SIFC,560.0,559.0,560.0,546.3,10540,stock
2026-06-22,SIFC,551.1,565.0,570.0,551.1,20172,stock
2026-06-23,SIFC,560.0,554.0,560.0,548.1,9907,stock
2026-06-24,SIFC,547.0,552.9,558.0,540.5,21188,stock
2026-06-25,SIFC,550.0,546.0,550.0,542.1,3693,stock
2026-06-26,SIFC,559.8,540.0,559.8,539.1,10518,stock
2026-06-29,SIFC,554.6,534.0,554.6,534.0,15032,stock
2026-06-30,SIFC,537.0,526.1,540.0,521.4,66995,stock
2026-07-01,SIFC,538.9,540.0,540.0,532.1,2118,stock
2026-07-02,SIFC,538.0,537.0,538.0,527.9,1125,stock
2026-07-03,SIFC,540.0,535.0,542.0,533.1,14480,stock
2026-07-06,SIFC,523.1,533.0,539.9,523.1,5236,stock
2026-07-07,SIFC,540.0,539.7,540.0,531.0,2635,stock
2026-07-08,SIFC,539.9,524.0,539.9,522.0,3009,stock
2026-07-09,SIFC,521.0,515.0,521.0,511.2,3474,stock
2026-07-10,SIFC,520.0,520.0,526.0,516.4,5616,stock
2026-07-13,SIFC,511.1,500.0,511.5,500.0,11936,stock
2026-07-14,SIFC,501.0,507.0,510.0,500.0,5153,stock
2026-07-15,SIFC,520.0,510.0,520.0,510.0,5368,stock
2026-07-16,SIFC,505.0,509.0,511.0,500.0,2114,stock
2026-07-17,SIFC,523.0,525.0,529.9,514.1,8988,stock
2026-07-20,SIFC,525.0,533.9,540.7,525.0,13965,stock
2026-07-21,SIFC,532.0,527.9,537.6,521.0,10811,stock
2026-07-22,SIFC,522.0,527.0,540.0,520.0,18006,stock
2026-07-23,SIFC,520.0,533.0,535.0,520.0,7222,stock
2026-07-24,SIFC,530.0,529.0,535.0,526.1,6762,stock
2026-07-27,SIFC,521.0,520.0,536.0,515.0,9051,stock
2026-07-28,SIFC,520.0,520.0,526.0,520.0,7712,stock
2026-07-29,SIFC,505.1,518.1,526.0,505.1,3492,stock
2026-07-30,SIFC,520.0,517.8,520.0,514.0,3324,stock
2026-07-31,SIFC,520.0,519.0,520.9,508.0,2223,stock
2026-08-03,SIFC,510.0,514.2,525.0,510.0,24228,stock
2026-08-04,SIFC,521.0,517.0,521.0,509.2,5592,stock
2026-08-05,SIFC,517.0,510.0,518.5,508.0,5279,stock
2026-08-06,SIFC,503.0,510.0,512.0,503.0,5130,stock
2026-08-07,SIFC,510.0,505.5,510.9,505.4,7215,stock
2026-08-10,SIFC,504.1,503.0,509.0,499.0,9194,stock
2026-08-11,SIFC,505.0,505.6,510.0,505.0,2727,stock
2026-08-12,SIFC,504.0,503.2,507.9,503.0,3182,stock
2026-08-13,SIFC,500.3,509.8,509.8,500.0,5706,stock
2026-08-14,SIFC,510.1,512.0,514.0,508.0,5438,stock
2026-08-17,SIFC,510.0,506.9,510.0,505.2,4544,stock
2026-08-18,SIFC,505.0,503.9,505.0,499.0,5486,stock
2026-08-19,SIFC,497.0,499.0,504.7,490.0,7578,stock
2026-08-20,SIFC,495.0,497.9,500.0,491.6,3281,stock
2026-08-21,SIFC,497.9,497.0,505.0,494.0,3449,stock
2026-08-24,SIFC,497.0,497.8,501.9,490.0,6325,stock
2026-08-25,SIFC,494.0,495.0,495.0,490.0,3226,stock
2026-08-26,SIFC,490.0,482.0,495.0,481.0,9919,stock
2026-08-27,SIFC,480.0,485.1,490.0,474.2,4744,stock
2026-08-31,SIFC,485.0,482.4,495.0,475.0,4637,stock
2026-09-01,SIFC,482.0,480.0,484.0,480.0,4405,stock
2026-09-02,SIFC,480.1,482.5,485.0,475.0,7680,stock
2026-09-03,SIFC,480.0,478.0,483.0,478.0,2743,stock
2026-09-07,SIFC,487.9,480.1,487.9,480.1,1834,stock
2026-09-09,SIFC,479.7,469.0,480.0,461.0,21246,stock
2026-09-10,SIFC,465.0,466.8,466.8,450.0,8972,stock
2026-09-11,SIFC,465.0,470.0,475.0,465.0,4554,stock
2026-09-14,SIFC,478.4,479.5,480.0,468.0,12158,stock
2026-09-15,SIFC,492.3,485.0,507.0,481.2,26586,stock
2026-09-16,SIFC,493.5,484.0,493.5,480.0,5469,stock
2026-09-17,SIFC,465.0,484.0,490.0,465.0,5262,stock
2026-09-18,SIFC,465.0,484.4,488.0,465.0,8974,stock
2026-09-22,SIFC,488.5,485.7,488.5,479.4,3432,stock
2026-09-23,SIFC,483.1,481.0,487.0,477.0,11886,stock
2026-09-24,SIFC,475.5,480.3,481.3,475.5,10755,stock
2026-09-28,SIFC,477.0,480.0,480.0,465.0,6028,stock
2026-09-29,SIFC,481.0,479.8,481.0,470.0,5662,stock
2026-09-30,SIFC,455.9,479.0,480.0,455.9,14333,stock
2026-10-01,SIFC,478.0,478.0,479.9,472.1,14050,stock
2026-10-02,SIFC,479.0,475.0,480.0,471.1,14657,stock
2026-10-05,SIFC,471.0,470.0,471.0,467.0,1741,stock
