time,symbol,open,close,high,low,volume,category
2017-05-16,SPDL,234.0,246.0,246.0,234.0,40,stock
2017-05-17,SPDL,250.92,265.0,265.0,250.92,40,stock
2017-05-18,SPDL,265.0,291.0,291.0,278.0,45,stock
2017-05-21,SPDL,296.0,320.0,320.0,296.0,490,stock
2017-05-22,SPDL,326.0,352.0,352.0,326.0,3075,stock
2017-05-23,SPDL,359.0,338.0,387.0,337.0,60115,stock
2017-05-24,SPDL,338.0,329.0,335.0,316.0,20312,stock
2017-05-28,SPDL,323.0,316.0,323.0,314.0,8829,stock
2017-05-30,SPDL,320.0,299.0,324.0,292.0,24367,stock
2017-05-31,SPDL,299.0,310.0,310.0,289.0,14943,stock
2017-06-01,SPDL,304.0,298.0,309.0,294.0,5541,stock
2017-06-04,SPDL,299.0,297.0,299.0,286.0,4147,stock
2017-06-05,SPDL,300.0,291.0,302.0,288.0,6799,stock
2017-06-06,SPDL,290.0,292.0,296.0,280.0,18296,stock
2017-06-07,SPDL,288.0,286.0,291.0,278.0,18642,stock
2017-06-08,SPDL,280.0,281.0,285.0,272.0,7726,stock
2017-06-11,SPDL,287.0,272.0,287.0,269.0,3025,stock
2017-06-12,SPDL,270.0,270.0,277.0,264.0,3103,stock
2017-06-13,SPDL,267.0,263.0,272.0,258.0,5396,stock
2017-06-14,SPDL,256.0,275.0,275.0,253.0,5417,stock
2017-06-15,SPDL,270.0,266.0,275.0,266.0,5306,stock
2017-06-18,SPDL,266.0,260.0,265.0,256.0,2859,stock
2017-06-19,SPDL,256.0,255.0,267.0,247.0,6232,stock
2017-06-20,SPDL,250.0,257.0,260.0,245.0,2615,stock
2017-06-21,SPDL,255.0,265.0,265.0,249.0,2045,stock
2017-06-22,SPDL,270.0,267.0,270.0,255.0,1747,stock
2017-06-25,SPDL,270.0,258.0,270.0,253.0,3245,stock
2017-06-27,SPDL,253.0,255.0,260.0,249.0,2025,stock
2017-06-28,SPDL,250.0,253.0,256.0,250.0,1953,stock
2017-07-02,SPDL,249.0,246.0,250.0,242.0,3408,stock
2017-07-03,SPDL,250.0,242.0,250.0,241.0,4484,stock
2017-07-04,SPDL,245.0,240.0,245.0,238.0,1526,stock
2017-07-05,SPDL,238.0,242.0,246.0,236.0,1250,stock
2017-07-06,SPDL,238.0,255.0,255.0,238.0,1462,stock
2017-07-09,SPDL,255.0,260.0,260.0,250.0,4474,stock
2017-07-10,SPDL,260.0,250.0,260.0,248.0,7216,stock
2017-07-11,SPDL,255.0,250.0,255.0,246.0,2555,stock
2017-07-12,SPDL,246.0,250.0,250.0,245.0,1985,stock
2017-07-13,SPDL,245.0,243.0,250.0,238.0,3924,stock
2017-07-16,SPDL,239.0,241.0,244.0,239.0,359,stock
2017-07-17,SPDL,245.0,256.0,257.0,238.0,3747,stock
2017-07-18,SPDL,252.0,272.0,272.0,241.0,2191,stock
2017-07-20,SPDL,267.0,254.0,267.0,248.0,7991,stock
2017-07-23,SPDL,249.0,246.0,249.0,243.0,1556,stock
2017-07-24,SPDL,245.0,248.0,250.0,242.0,5596,stock
2017-07-25,SPDL,247.0,240.0,245.0,233.0,8800,stock
2017-07-26,SPDL,242.0,240.0,252.0,240.0,2062,stock
2017-07-27,SPDL,236.0,240.0,244.0,234.0,1427,stock
2017-07-30,SPDL,236.0,243.0,247.0,232.0,3011,stock
2017-07-31,SPDL,239.0,235.0,239.0,231.0,767,stock
2017-08-01,SPDL,231.0,237.0,241.0,231.0,1307,stock
2017-08-02,SPDL,235.0,242.0,245.0,231.0,2560,stock
2017-08-03,SPDL,245.0,245.0,245.0,231.0,3579,stock
2017-08-06,SPDL,249.0,229.0,241.0,229.0,5604,stock
2017-08-07,SPDL,227.0,224.0,227.0,221.0,5932,stock
2017-08-09,SPDL,220.0,214.0,223.0,213.0,4429,stock
2017-08-10,SPDL,210.0,212.0,213.0,209.0,4095,stock
2017-08-13,SPDL,208.0,207.0,210.0,202.0,720,stock
2017-08-15,SPDL,207.0,200.0,207.0,199.0,4253,stock
2017-08-16,SPDL,199.0,203.0,204.0,199.0,5058,stock
2017-08-17,SPDL,200.0,193.0,200.0,193.0,3813,stock
2017-08-20,SPDL,192.0,193.0,195.0,190.0,3083,stock
2017-08-21,SPDL,196.0,193.0,196.0,191.0,1275,stock
2017-08-22,SPDL,190.0,195.0,200.0,185.0,3573,stock
2017-08-23,SPDL,194.0,197.0,198.0,191.0,7952,stock
2017-08-24,SPDL,198.0,190.0,195.0,190.0,1818,stock
2017-08-27,SPDL,190.0,199.0,199.0,187.0,2071,stock
2017-08-28,SPDL,196.0,190.0,196.0,187.0,1846,stock
2017-08-30,SPDL,190.0,187.0,195.0,186.0,906,stock
2017-08-31,SPDL,187.0,178.0,187.0,177.0,1179,stock
2017-09-04,SPDL,178.0,168.0,178.0,164.0,2177,stock
2017-09-06,SPDL,170.0,167.0,173.0,164.0,2252,stock
2017-09-07,SPDL,164.0,165.0,170.0,163.0,1202,stock
2017-09-10,SPDL,162.0,156.0,162.0,150.0,10680,stock
2017-09-11,SPDL,154.0,158.0,160.0,154.0,1232,stock
2017-09-12,SPDL,158.0,165.0,165.0,157.0,1873,stock
2017-09-13,SPDL,163.0,168.0,171.0,161.0,479,stock
2017-09-14,SPDL,166.0,169.0,169.0,161.0,1192,stock
2017-09-17,SPDL,169.0,165.0,169.0,160.0,1094,stock
2017-09-18,SPDL,166.0,160.0,166.0,157.0,1364,stock
2017-09-20,SPDL,160.0,168.0,168.0,153.0,2268,stock
2017-09-24,SPDL,170.0,167.0,170.0,165.0,9458,stock
2017-09-25,SPDL,167.0,167.0,167.0,167.0,15,stock
2017-09-26,SPDL,170.0,162.0,170.0,161.0,130,stock
2017-10-03,SPDL,160.0,160.0,160.0,160.0,293,stock
2017-10-04,SPDL,163.0,169.0,169.0,160.0,1044,stock
2017-10-08,SPDL,166.0,166.0,166.0,160.0,8885,stock
2017-10-09,SPDL,167.0,163.0,167.0,163.0,125,stock
2017-10-10,SPDL,160.0,162.0,163.0,157.0,179,stock
2017-10-11,SPDL,159.0,162.0,162.0,156.0,150,stock
2017-10-12,SPDL,164.0,162.0,164.0,162.0,130,stock
2017-10-15,SPDL,162.0,162.0,164.0,162.0,332,stock
2017-10-16,SPDL,164.0,168.0,168.0,161.0,398,stock
2017-10-17,SPDL,165.0,162.0,169.0,162.0,415,stock
2017-10-18,SPDL,159.0,162.0,162.0,157.0,206,stock
2017-10-22,SPDL,162.0,159.0,162.0,159.0,239,stock
2017-10-23,SPDL,159.0,165.0,165.0,160.0,295,stock
2017-10-24,SPDL,165.0,163.0,163.0,160.0,265,stock
2017-10-25,SPDL,163.0,161.0,166.0,161.0,335,stock
2017-10-29,SPDL,164.0,159.0,165.0,159.0,342,stock
2017-10-30,SPDL,157.0,162.0,162.0,157.0,95,stock
2017-10-31,SPDL,160.0,161.0,166.0,158.0,969,stock
2017-11-01,SPDL,160.0,159.0,165.0,158.0,1777,stock
2017-11-02,SPDL,156.0,159.0,160.0,156.0,546,stock
2017-11-05,SPDL,157.0,160.0,160.0,156.0,1277,stock
2017-11-06,SPDL,160.0,157.0,160.0,154.0,754,stock
2017-11-07,SPDL,154.0,157.0,160.0,154.0,805,stock
2017-11-08,SPDL,156.0,159.0,159.0,156.0,238,stock
2017-11-09,SPDL,160.0,154.0,160.0,151.0,601,stock
2017-11-12,SPDL,154.0,154.0,155.0,151.0,1690,stock
2017-11-13,SPDL,152.0,165.0,165.0,152.0,1185,stock
2017-11-14,SPDL,167.0,164.0,170.0,164.0,2315,stock
2017-11-15,SPDL,161.0,160.0,162.0,160.0,1307,stock
2017-11-16,SPDL,157.0,155.0,161.0,154.0,1701,stock
2017-11-19,SPDL,155.0,154.0,156.0,149.0,3157,stock
2017-11-20,SPDL,151.0,148.0,153.0,147.0,6626,stock
2017-11-21,SPDL,145.0,153.0,153.0,145.0,4060,stock
2017-11-22,SPDL,153.0,150.0,154.0,150.0,960,stock
2017-11-23,SPDL,150.0,163.0,163.0,150.0,13935,stock
2017-11-26,SPDL,163.0,172.0,172.0,158.0,3801,stock
2017-11-27,SPDL,169.0,166.0,170.0,160.0,2848,stock
2017-11-28,SPDL,163.0,164.0,169.0,161.0,1950,stock
2017-11-29,SPDL,167.0,170.0,173.0,159.0,10954,stock
2017-11-30,SPDL,169.0,169.0,169.0,163.0,8153,stock
2017-12-04,SPDL,165.0,173.0,174.0,165.0,2637,stock
2017-12-05,SPDL,172.0,182.0,184.0,170.0,9552,stock
2017-12-06,SPDL,185.0,194.0,195.0,179.0,9024,stock
2017-12-10,SPDL,191.0,194.0,194.0,179.0,3164,stock
2017-12-11,SPDL,195.0,187.0,195.0,181.0,1570,stock
2017-12-12,SPDL,184.0,188.0,188.0,180.0,1912,stock
2017-12-13,SPDL,189.0,188.0,189.0,177.0,2332,stock
2017-12-14,SPDL,188.0,185.0,188.0,182.0,101,stock
2017-12-17,SPDL,195.0,182.0,198.0,182.0,564,stock
2017-12-18,SPDL,179.0,184.0,184.0,176.0,8867,stock
2017-12-19,SPDL,181.0,173.0,181.0,172.0,489,stock
2017-12-20,SPDL,171.0,178.0,178.0,171.0,340,stock
2017-12-21,SPDL,175.0,170.0,175.0,169.0,4300,stock
2017-12-24,SPDL,173.0,171.0,176.0,170.0,1447,stock
2017-12-26,SPDL,172.0,171.0,172.0,167.0,925,stock
2017-12-27,SPDL,171.0,165.0,171.0,164.0,1149,stock
2017-12-28,SPDL,163.0,165.0,165.0,159.0,1693,stock
2017-12-31,SPDL,165.0,165.0,165.0,159.0,1052,stock
2018-01-01,SPDL,167.0,164.0,167.0,162.0,1675,stock
2018-01-02,SPDL,161.0,164.0,168.0,161.0,1321,stock
2018-01-03,SPDL,164.0,161.0,165.0,158.0,407,stock
2018-01-04,SPDL,158.0,162.0,169.0,158.0,1380,stock
2018-01-07,SPDL,163.0,169.0,169.0,163.0,185,stock
2018-01-08,SPDL,167.0,166.0,169.0,165.0,885,stock
2018-01-09,SPDL,166.0,172.0,174.0,165.0,4641,stock
2018-01-10,SPDL,169.0,169.0,171.0,169.0,640,stock
2018-01-14,SPDL,167.0,164.0,167.0,164.0,296,stock
2018-01-16,SPDL,161.0,161.0,162.0,160.0,480,stock
2018-01-17,SPDL,159.0,161.0,161.0,154.0,325,stock
2018-01-21,SPDL,158.0,158.0,161.0,158.0,1142,stock
2018-01-22,SPDL,160.0,159.0,160.0,159.0,25,stock
2018-01-23,SPDL,156.0,156.0,159.0,156.0,678,stock
2018-01-24,SPDL,157.0,163.0,163.0,155.0,2534,stock
2018-01-25,SPDL,165.0,159.0,165.0,159.0,346,stock
2018-01-28,SPDL,156.0,160.0,165.0,156.0,1054,stock
2018-01-29,SPDL,157.0,156.0,160.0,156.0,475,stock
2018-01-31,SPDL,154.0,157.0,159.0,154.0,471,stock
2018-02-01,SPDL,154.0,157.0,160.0,154.0,148,stock
2018-02-04,SPDL,154.0,157.0,158.0,154.0,180,stock
2018-02-05,SPDL,160.0,157.0,160.0,154.0,2486,stock
2018-02-06,SPDL,157.0,151.0,157.0,151.0,2083,stock
2018-02-07,SPDL,148.0,150.0,153.0,148.0,985,stock
2018-02-08,SPDL,149.0,153.0,153.0,149.0,243,stock
2018-02-11,SPDL,151.0,154.0,157.0,151.0,620,stock
2018-02-12,SPDL,151.0,151.0,152.0,149.0,344,stock
2018-02-14,SPDL,152.0,158.0,158.0,152.0,845,stock
2018-02-15,SPDL,156.0,156.0,156.0,156.0,128,stock
2018-02-18,SPDL,156.0,153.0,156.0,152.0,4331,stock
2018-02-20,SPDL,155.0,150.0,155.0,150.0,1618,stock
2018-02-21,SPDL,148.0,150.0,153.0,148.0,1368,stock
2018-02-22,SPDL,149.0,150.0,153.0,149.0,7887,stock
2018-02-25,SPDL,147.0,153.0,154.0,147.0,573,stock
2018-02-26,SPDL,150.0,145.0,153.0,145.0,4141,stock
2018-02-27,SPDL,145.0,144.0,147.0,141.0,693,stock
2018-02-28,SPDL,144.0,140.0,145.0,140.0,2180,stock
2018-03-04,SPDL,138.0,137.0,138.0,135.0,850,stock
2018-03-05,SPDL,137.0,131.0,139.0,130.0,5750,stock
2018-03-06,SPDL,128.0,137.0,139.0,128.0,3702,stock
2018-03-07,SPDL,137.0,146.0,146.0,135.0,2380,stock
2018-03-11,SPDL,146.0,140.0,145.0,135.0,1083,stock
2018-03-12,SPDL,140.0,135.0,138.0,133.0,1664,stock
2018-03-13,SPDL,133.0,135.0,135.0,133.0,193,stock
2018-03-14,SPDL,134.0,137.0,137.0,134.0,94,stock
2018-03-15,SPDL,137.0,137.0,139.0,137.0,65,stock
2018-03-18,SPDL,136.0,136.0,140.0,135.0,2026,stock
2018-03-19,SPDL,135.0,137.0,137.0,135.0,783,stock
2018-03-20,SPDL,136.0,130.0,136.0,130.0,3668,stock
2018-03-21,SPDL,129.0,128.0,130.0,128.0,1995,stock
2018-03-22,SPDL,130.0,130.0,132.0,130.0,3398,stock
2018-03-26,SPDL,128.0,124.0,129.0,123.0,4766,stock
2018-03-27,SPDL,122.0,124.0,124.0,122.0,817,stock
2018-03-28,SPDL,124.0,132.0,132.0,124.0,235,stock
2018-03-29,SPDL,130.0,136.0,136.0,128.0,1505,stock
2018-04-01,SPDL,134.0,129.0,134.0,127.0,1171,stock
2018-04-02,SPDL,127.0,130.0,131.0,127.0,556,stock
2018-04-03,SPDL,131.0,131.0,132.0,131.0,864,stock
2018-04-04,SPDL,133.0,132.0,133.0,131.0,1450,stock
2018-04-05,SPDL,132.0,133.0,136.0,131.0,3096,stock
2018-04-08,SPDL,131.0,139.0,141.0,131.0,1294,stock
2018-04-09,SPDL,139.0,138.0,141.0,136.0,3022,stock
2018-04-10,SPDL,138.0,136.0,138.0,136.0,419,stock
2018-04-11,SPDL,134.0,133.0,138.0,133.0,140,stock
2018-04-12,SPDL,131.0,136.0,136.0,131.0,902,stock
2018-04-15,SPDL,136.0,133.0,134.0,133.0,63,stock
2018-04-16,SPDL,133.0,133.0,135.0,131.0,253,stock
2018-04-17,SPDL,133.0,136.0,139.0,135.0,637,stock
2018-04-18,SPDL,134.0,149.0,149.0,134.0,4596,stock
2018-04-19,SPDL,151.0,157.0,157.0,146.0,2673,stock
2018-04-22,SPDL,157.0,154.0,162.0,150.0,593,stock
2018-04-23,SPDL,154.0,147.0,155.0,145.0,6833,stock
2018-04-24,SPDL,147.0,140.0,147.0,140.0,881,stock
2018-04-25,SPDL,140.0,136.0,142.0,136.0,2800,stock
2018-04-26,SPDL,135.0,136.0,138.0,135.0,303,stock
2018-04-29,SPDL,135.0,138.0,138.0,135.0,580,stock
2018-05-02,SPDL,138.0,136.0,137.0,135.0,1394,stock
2018-05-03,SPDL,137.0,140.0,140.0,136.0,668,stock
2018-05-06,SPDL,141.0,141.0,143.0,139.0,1130,stock
2018-05-07,SPDL,139.0,141.0,144.0,139.0,998,stock
2018-05-08,SPDL,143.0,142.0,144.0,140.0,2084,stock
2018-05-09,SPDL,142.0,144.0,144.0,138.0,511,stock
2018-05-10,SPDL,144.0,139.0,145.0,136.0,900,stock
2018-05-14,SPDL,137.0,135.0,137.0,135.0,1046,stock
2018-05-15,SPDL,135.0,135.0,135.0,135.0,60,stock
2018-05-16,SPDL,134.0,136.0,136.0,134.0,131,stock
2018-05-17,SPDL,134.0,135.0,135.0,134.0,60,stock
2018-05-20,SPDL,137.0,134.0,137.0,134.0,1546,stock
2018-05-21,SPDL,134.0,134.0,136.0,134.0,370,stock
2018-05-22,SPDL,135.0,134.0,135.0,134.0,199,stock
2018-05-23,SPDL,133.0,135.0,136.0,133.0,90,stock
2018-05-24,SPDL,135.0,135.0,137.0,135.0,1181,stock
2018-05-27,SPDL,133.0,129.0,133.0,129.0,143,stock
2018-05-28,SPDL,129.0,135.0,137.0,131.0,590,stock
2018-05-29,SPDL,135.0,135.0,137.0,135.0,622,stock
2018-05-30,SPDL,133.0,133.0,135.0,133.0,587,stock
2018-05-31,SPDL,132.0,134.0,134.0,131.0,636,stock
2018-06-03,SPDL,132.0,132.0,132.0,130.0,583,stock
2018-06-04,SPDL,130.0,126.0,130.0,124.0,438,stock
2018-06-06,SPDL,126.0,131.0,133.0,126.0,1133,stock
2018-06-07,SPDL,126.0,131.0,133.0,126.0,1133,stock
2018-06-10,SPDL,130.0,132.0,132.0,129.0,1058,stock
2018-06-11,SPDL,132.0,129.0,132.0,129.0,3891,stock
2018-06-12,SPDL,130.0,130.0,130.0,129.0,1024,stock
2018-06-13,SPDL,131.0,128.0,131.0,128.0,769,stock
2018-06-14,SPDL,129.0,131.0,132.0,127.0,779,stock
2018-06-17,SPDL,129.0,128.0,131.0,128.0,265,stock
2018-06-18,SPDL,126.0,132.0,132.0,126.0,214,stock
2018-06-19,SPDL,131.0,128.0,131.0,128.0,400,stock
2018-06-20,SPDL,127.0,128.0,128.0,126.0,67,stock
2018-06-21,SPDL,126.0,126.0,126.0,126.0,188,stock
2018-06-24,SPDL,124.0,125.0,127.0,124.0,214,stock
2018-06-25,SPDL,126.0,129.0,130.0,125.0,635,stock
2018-06-26,SPDL,129.0,124.0,129.0,124.0,765,stock
2018-06-27,SPDL,124.0,127.0,128.0,124.0,180,stock
2018-06-28,SPDL,126.0,125.0,128.0,125.0,490,stock
2018-07-01,SPDL,116.0,115.0,116.0,115.0,115,stock
2018-07-02,SPDL,130.0,123.0,130.0,123.0,1256,stock
2018-07-03,SPDL,123.0,124.0,126.0,123.0,433,stock
2018-07-04,SPDL,124.0,125.0,125.0,123.0,880,stock
2018-07-05,SPDL,126.0,125.0,127.0,124.0,428,stock
2018-07-08,SPDL,127.0,128.0,129.0,125.0,245,stock
2018-07-09,SPDL,129.0,123.0,129.0,123.0,155,stock
2018-07-10,SPDL,124.0,125.0,125.0,123.0,267,stock
2018-07-11,SPDL,125.0,126.0,126.0,123.0,182,stock
2018-07-12,SPDL,128.0,125.0,128.0,125.0,423,stock
2018-07-15,SPDL,125.0,123.0,125.0,119.0,1918,stock
2018-07-16,SPDL,121.0,124.0,124.0,121.0,80,stock
2018-07-17,SPDL,126.0,125.0,126.0,125.0,80,stock
2018-07-18,SPDL,125.0,127.0,128.0,124.0,100,stock
2018-07-19,SPDL,125.0,120.0,125.0,120.0,76,stock
2018-07-22,SPDL,120.0,120.0,122.0,120.0,287,stock
2018-07-23,SPDL,118.0,121.0,121.0,118.0,265,stock
2018-07-24,SPDL,121.0,121.0,124.0,120.0,440,stock
2018-07-25,SPDL,119.0,120.0,120.0,119.0,455,stock
2018-07-26,SPDL,118.0,119.0,119.0,118.0,125,stock
2018-07-29,SPDL,118.0,118.0,118.0,118.0,25,stock
2018-07-30,SPDL,117.0,118.0,119.0,117.0,159,stock
2018-07-31,SPDL,116.0,117.0,119.0,116.0,898,stock
2018-08-01,SPDL,116.0,115.0,116.0,115.0,115,stock
2018-08-02,SPDL,116.0,116.0,116.0,115.0,547,stock
2018-08-05,SPDL,115.0,115.0,117.0,115.0,235,stock
2018-08-06,SPDL,113.0,116.0,118.0,113.0,288,stock
2018-08-07,SPDL,116.0,113.0,117.0,112.0,991,stock
2018-08-08,SPDL,112.0,113.0,114.0,112.0,192,stock
2018-08-09,SPDL,111.0,110.0,112.0,110.0,333,stock
2018-08-12,SPDL,109.0,111.0,111.0,109.0,1731,stock
2018-08-13,SPDL,110.0,110.0,110.0,110.0,29,stock
2018-08-14,SPDL,110.0,112.0,112.0,110.0,105,stock
2018-08-15,SPDL,110.0,112.0,114.0,110.0,520,stock
2018-08-16,SPDL,110.0,116.0,118.0,110.0,3063,stock
2018-08-19,SPDL,116.0,116.0,116.0,113.0,979,stock
2018-08-20,SPDL,116.0,112.0,116.0,112.0,85,stock
2018-08-21,SPDL,110.0,110.0,112.0,110.0,170,stock
2018-08-22,SPDL,109.0,109.0,110.0,107.0,750,stock
2018-08-23,SPDL,108.0,108.0,108.0,107.0,45,stock
2018-08-26,SPDL,106.0,108.0,108.0,106.0,85,stock
2018-08-28,SPDL,108.0,108.0,108.0,107.0,680,stock
2018-08-29,SPDL,106.0,107.0,108.0,104.0,334,stock
2018-08-30,SPDL,109.0,107.0,111.0,107.0,496,stock
2018-09-02,SPDL,105.0,106.0,106.0,105.0,828,stock
2018-09-03,SPDL,107.0,109.0,109.0,107.0,233,stock
2018-09-04,SPDL,108.0,111.0,111.0,107.0,287,stock
2018-09-05,SPDL,109.0,112.0,112.0,108.0,573,stock
2018-09-06,SPDL,111.0,110.0,112.0,109.0,894,stock
2018-09-09,SPDL,111.0,108.0,111.0,105.0,664,stock
2018-09-10,SPDL,108.0,108.0,111.0,106.0,1362,stock
2018-09-11,SPDL,108.0,108.0,108.0,108.0,10,stock
2018-09-12,SPDL,110.0,110.0,110.0,110.0,25,stock
2018-09-13,SPDL,108.0,107.0,109.0,105.0,2001,stock
2018-09-16,SPDL,105.0,109.0,109.0,105.0,222,stock
2018-09-17,SPDL,113.0,113.0,113.0,111.0,20,stock
2018-09-18,SPDL,111.0,119.0,119.0,111.0,2243,stock
2018-09-20,SPDL,117.0,112.0,117.0,112.0,779,stock
2018-09-23,SPDL,110.0,114.0,114.0,109.0,1422,stock
2018-09-25,SPDL,116.0,110.0,116.0,110.0,225,stock
2018-09-26,SPDL,108.0,111.0,112.0,108.0,1024,stock
2018-09-27,SPDL,109.0,112.0,112.0,109.0,270,stock
2018-09-30,SPDL,111.0,109.0,111.0,108.0,770,stock
2018-10-01,SPDL,108.0,112.0,113.0,108.0,1102,stock
2018-10-02,SPDL,110.0,110.0,110.0,109.0,483,stock
2018-10-03,SPDL,109.0,109.0,109.0,109.0,302,stock
2018-10-04,SPDL,109.0,110.0,110.0,107.0,796,stock
2018-10-07,SPDL,108.0,110.0,110.0,108.0,45,stock
2018-10-08,SPDL,108.0,108.0,108.0,108.0,25,stock
2018-10-09,SPDL,107.0,107.0,108.0,106.0,1007,stock
2018-10-10,SPDL,109.0,106.0,109.0,103.0,925,stock
2018-10-11,SPDL,105.0,107.0,108.0,105.0,233,stock
2018-10-14,SPDL,109.0,111.0,111.0,109.0,75,stock
2018-10-15,SPDL,111.0,110.0,111.0,110.0,125,stock
2018-10-21,SPDL,108.0,110.0,110.0,108.0,70,stock
2018-10-22,SPDL,109.0,108.0,110.0,108.0,55,stock
2018-10-23,SPDL,107.0,108.0,108.0,107.0,575,stock
2018-10-24,SPDL,108.0,106.0,108.0,104.0,219,stock
2018-10-25,SPDL,104.0,106.0,106.0,104.0,339,stock
2018-10-28,SPDL,106.0,105.0,106.0,101.0,120,stock
2018-10-29,SPDL,103.0,102.0,104.0,101.0,1405,stock
2018-10-30,SPDL,102.0,103.0,105.0,102.0,167,stock
2018-10-31,SPDL,103.0,103.0,105.0,103.0,258,stock
2018-11-04,SPDL,101.0,100.0,101.0,99.0,458,stock
2018-11-05,SPDL,100.0,101.0,101.0,100.0,25,stock
2018-11-14,SPDL,100.0,100.0,101.0,99.0,135,stock
2018-11-15,SPDL,100.0,100.0,102.0,100.0,443,stock
2018-11-18,SPDL,100.0,100.0,100.0,99.0,295,stock
2018-11-19,SPDL,100.0,101.0,101.0,98.0,50,stock
2018-11-20,SPDL,101.0,101.0,101.0,101.0,98,stock
2018-11-21,SPDL,101.0,101.0,101.0,101.0,616,stock
2018-11-22,SPDL,101.0,103.0,103.0,98.0,1545,stock
2018-11-25,SPDL,103.0,99.0,103.0,99.0,210,stock
2018-11-26,SPDL,99.0,98.0,99.0,97.0,808,stock
2018-11-27,SPDL,98.0,97.0,98.0,97.0,329,stock
2018-11-28,SPDL,97.0,98.0,98.0,96.0,60,stock
2018-11-29,SPDL,98.0,98.0,98.0,97.0,75,stock
2018-12-02,SPDL,98.0,96.0,98.0,96.0,646,stock
2018-12-03,SPDL,96.0,96.0,98.0,96.0,2270,stock
2018-12-04,SPDL,96.0,99.0,99.0,96.0,195,stock
2018-12-06,SPDL,98.0,99.0,99.0,97.0,1450,stock
2018-12-09,SPDL,99.0,98.0,100.0,98.0,385,stock
2018-12-10,SPDL,98.0,96.0,98.0,96.0,2295,stock
2018-12-11,SPDL,96.0,96.0,97.0,96.0,600,stock
2018-12-12,SPDL,96.0,97.0,97.0,95.0,70,stock
2018-12-16,SPDL,97.0,95.0,97.0,95.0,865,stock
2018-12-17,SPDL,95.0,94.0,95.0,94.0,585,stock
2018-12-18,SPDL,94.0,97.0,97.0,94.0,505,stock
2018-12-19,SPDL,97.0,97.0,97.0,97.0,90,stock
2018-12-20,SPDL,97.0,98.0,99.0,97.0,160,stock
2018-12-23,SPDL,98.0,97.0,98.0,97.0,322,stock
2018-12-24,SPDL,97.0,96.0,97.0,96.0,35,stock
2018-12-25,SPDL,96.0,96.0,96.0,96.0,686,stock
2018-12-26,SPDL,95.0,96.0,96.0,95.0,546,stock
2018-12-27,SPDL,96.0,94.0,96.0,93.0,1847,stock
2018-12-30,SPDL,94.0,94.0,94.0,93.0,311,stock
2019-01-01,SPDL,94.0,94.0,94.0,93.0,557,stock
2019-01-02,SPDL,94.0,94.0,95.0,93.0,956,stock
2019-01-03,SPDL,94.0,93.0,94.0,92.0,1755,stock
2019-01-06,SPDL,93.0,92.0,93.0,92.0,248,stock
2019-01-07,SPDL,92.0,98.0,98.0,92.0,214,stock
2019-01-08,SPDL,98.0,98.0,98.0,98.0,15,stock
2019-01-10,SPDL,98.0,93.0,98.0,92.0,2862,stock
2019-01-13,SPDL,93.0,93.0,93.0,93.0,10,stock
2019-01-14,SPDL,93.0,93.0,94.0,92.0,120,stock
2019-01-15,SPDL,93.0,93.0,93.0,92.0,109,stock
2019-01-16,SPDL,93.0,95.0,95.0,93.0,115,stock
2019-01-17,SPDL,95.0,93.0,95.0,93.0,490,stock
2019-01-20,SPDL,93.0,92.0,93.0,92.0,10,stock
2019-01-21,SPDL,92.0,93.0,93.0,92.0,275,stock
2019-01-22,SPDL,93.0,92.0,93.0,92.0,247,stock
2019-01-23,SPDL,92.0,92.0,92.0,91.0,155,stock
2019-01-24,SPDL,92.0,93.0,93.0,92.0,426,stock
2019-01-27,SPDL,93.0,92.0,93.0,92.0,621,stock
2019-01-28,SPDL,92.0,93.0,93.0,92.0,129,stock
2019-01-29,SPDL,93.0,92.0,93.0,92.0,335,stock
2019-01-30,SPDL,92.0,93.0,93.0,92.0,130,stock
2019-01-31,SPDL,93.0,95.0,95.0,92.0,426,stock
2019-02-03,SPDL,94.0,94.0,95.0,94.0,93,stock
2019-02-04,SPDL,93.0,91.0,94.0,91.0,1127,stock
2019-02-05,SPDL,91.0,92.0,92.0,91.0,60,stock
2019-02-06,SPDL,91.0,91.0,95.0,91.0,946,stock
2019-02-07,SPDL,91.0,91.0,91.0,91.0,198,stock
2019-02-10,SPDL,91.0,91.0,92.0,91.0,286,stock
2019-02-11,SPDL,91.0,91.0,91.0,90.0,1925,stock
2019-02-12,SPDL,90.0,89.0,91.0,87.0,1388,stock
2019-02-13,SPDL,88.0,88.0,89.0,88.0,1295,stock
2019-02-14,SPDL,87.0,89.0,89.0,87.0,2223,stock
2019-02-17,SPDL,88.0,88.0,90.0,87.0,571,stock
2019-02-18,SPDL,88.0,87.0,88.0,87.0,528,stock
2019-02-19,SPDL,87.0,86.0,87.0,86.0,1768,stock
2019-02-20,SPDL,86.0,87.0,87.0,86.0,907,stock
2019-02-21,SPDL,86.0,87.0,87.0,86.0,135,stock
2019-02-24,SPDL,87.0,87.0,88.0,87.0,1423,stock
2019-02-25,SPDL,87.0,88.0,88.0,87.0,787,stock
2019-02-26,SPDL,87.0,87.0,88.0,87.0,675,stock
2019-02-27,SPDL,88.0,88.0,89.0,87.0,348,stock
2019-03-03,SPDL,88.0,87.0,88.0,87.0,1293,stock
2019-03-05,SPDL,88.0,88.0,91.0,87.0,904,stock
2019-03-06,SPDL,88.0,90.0,92.0,88.0,651,stock
2019-03-07,SPDL,89.0,91.0,92.0,89.0,336,stock
2019-03-09,SPDL,90.0,90.0,91.0,89.0,165,stock
2019-03-10,SPDL,90.0,90.0,91.0,89.0,165,stock
2019-03-11,SPDL,92.0,90.0,93.0,90.0,662,stock
2019-03-12,SPDL,91.0,99.0,99.0,90.0,4177,stock
2019-03-13,SPDL,100.0,102.0,108.0,97.0,2722,stock
2019-03-14,SPDL,100.0,106.0,111.0,99.0,4737,stock
2019-03-17,SPDL,106.0,103.0,107.0,103.0,2278,stock
2019-03-18,SPDL,101.0,103.0,105.0,101.0,408,stock
2019-03-19,SPDL,101.0,101.0,102.0,101.0,964,stock
2019-03-21,SPDL,100.0,102.0,102.0,100.0,301,stock
2019-03-24,SPDL,102.0,102.0,103.0,100.0,1334,stock
2019-03-25,SPDL,101.0,105.0,106.0,100.0,1988,stock
2019-03-26,SPDL,103.0,106.0,106.0,101.0,434,stock
2019-03-27,SPDL,106.0,107.0,107.0,104.0,430,stock
2019-03-28,SPDL,105.0,101.0,105.0,101.0,45,stock
2019-03-31,SPDL,101.0,104.0,106.0,101.0,1644,stock
2019-04-01,SPDL,105.0,103.0,107.0,103.0,1579,stock
2019-04-02,SPDL,101.0,101.0,103.0,101.0,190,stock
2019-04-03,SPDL,103.0,101.0,105.0,101.0,4725,stock
2019-04-04,SPDL,103.0,102.0,104.0,100.0,2684,stock
2019-04-07,SPDL,104.0,102.0,106.0,102.0,1306,stock
2019-04-08,SPDL,102.0,101.0,103.0,100.0,249,stock
2019-04-09,SPDL,99.0,100.0,101.0,99.0,167,stock
2019-04-10,SPDL,101.0,101.0,101.0,99.0,588,stock
2019-04-11,SPDL,100.0,100.0,101.0,99.0,1725,stock
2019-04-15,SPDL,98.0,105.0,105.0,98.0,40,stock
2019-04-16,SPDL,98.0,103.0,103.0,98.0,85,stock
2019-04-23,SPDL,101.0,99.0,101.0,99.0,57,stock
2019-04-24,SPDL,98.0,99.0,100.0,97.0,595,stock
2019-04-25,SPDL,98.0,97.0,98.0,95.0,457,stock
2019-04-28,SPDL,96.0,106.0,106.0,96.0,885,stock
2019-04-30,SPDL,104.0,106.0,106.0,104.0,401,stock
2019-05-06,SPDL,104.0,104.0,104.0,104.0,10,stock
2019-05-09,SPDL,97.0,102.0,102.0,97.0,65,stock
2019-05-12,SPDL,100.0,97.0,100.0,97.0,463,stock
2019-05-13,SPDL,96.0,96.0,96.0,95.0,163,stock
2019-05-14,SPDL,95.0,93.0,96.0,93.0,418,stock
2019-05-15,SPDL,92.0,91.0,93.0,90.0,1778,stock
2019-05-16,SPDL,91.0,92.0,92.0,91.0,761,stock
2019-05-19,SPDL,93.0,94.0,94.0,92.0,619,stock
2019-05-20,SPDL,93.0,93.0,94.0,92.0,811,stock
2019-05-21,SPDL,97.0,97.0,99.0,96.0,1445,stock
2019-05-22,SPDL,96.0,100.0,102.0,92.0,6805,stock
2019-05-23,SPDL,100.0,100.0,100.0,100.0,16,stock
2019-05-27,SPDL,98.0,92.0,98.0,91.0,2165,stock
2019-05-28,SPDL,93.0,95.0,95.0,93.0,1496,stock
2019-05-29,SPDL,94.0,98.0,100.0,94.0,226,stock
2019-05-30,SPDL,98.0,94.0,98.0,94.0,760,stock
2019-06-02,SPDL,93.0,94.0,95.0,92.0,200,stock
2019-06-03,SPDL,94.0,94.0,94.0,94.0,5041,stock
2019-06-04,SPDL,93.0,92.0,93.0,91.0,2100,stock
2019-06-06,SPDL,93.0,91.0,93.0,91.0,152,stock
2019-06-10,SPDL,91.0,91.0,92.0,90.0,1110,stock
2019-06-11,SPDL,90.0,98.0,98.0,90.0,3517,stock
2019-06-12,SPDL,99.0,100.0,100.0,97.0,6344,stock
2019-06-13,SPDL,100.0,100.0,100.0,100.0,1000,stock
2019-06-16,SPDL,100.0,98.0,100.0,98.0,85,stock
2019-06-17,SPDL,97.0,95.0,97.0,95.0,40,stock
2019-06-18,SPDL,95.0,96.0,96.0,95.0,267,stock
2019-06-19,SPDL,95.0,96.0,96.0,94.0,5588,stock
2019-06-20,SPDL,95.0,95.0,95.0,95.0,60,stock
2019-06-23,SPDL,94.0,92.0,94.0,92.0,119,stock
2019-06-24,SPDL,92.0,92.0,92.0,92.0,113,stock
2019-06-25,SPDL,91.0,92.0,93.0,91.0,204,stock
2019-06-26,SPDL,91.0,91.0,91.0,91.0,281,stock
2019-06-27,SPDL,90.0,91.0,92.0,90.0,209,stock
2019-06-30,SPDL,90.0,92.0,92.0,90.0,310,stock
2019-07-01,SPDL,93.0,90.0,93.0,90.0,114,stock
2019-07-02,SPDL,91.0,91.0,91.0,90.0,427,stock
2019-07-03,SPDL,90.0,92.0,92.0,90.0,148,stock
2019-07-04,SPDL,91.0,90.0,91.0,90.0,124,stock
2019-07-07,SPDL,89.0,89.0,91.0,89.0,297,stock
2019-07-08,SPDL,89.0,92.0,94.0,88.0,2369,stock
2019-07-09,SPDL,92.0,92.0,93.0,91.0,131,stock
2019-07-10,SPDL,91.0,92.0,92.0,89.0,1559,stock
2019-07-11,SPDL,92.0,91.0,92.0,90.0,390,stock
2019-07-14,SPDL,90.0,90.0,90.0,90.0,170,stock
2019-07-15,SPDL,90.0,90.0,90.0,90.0,39,stock
2019-07-16,SPDL,89.0,90.0,91.0,89.0,330,stock
2019-07-17,SPDL,89.0,92.0,92.0,89.0,1397,stock
2019-07-18,SPDL,91.0,92.0,92.0,92.0,3,stock
2019-07-21,SPDL,91.0,91.0,91.0,91.0,98,stock
2019-07-22,SPDL,90.0,90.0,91.0,89.0,595,stock
2019-07-23,SPDL,91.0,92.0,92.0,90.0,166,stock
2019-07-24,SPDL,91.0,92.0,92.0,91.0,74,stock
2019-07-25,SPDL,92.0,91.0,92.0,91.0,685,stock
2019-07-29,SPDL,90.0,88.0,90.0,88.0,1117,stock
2019-07-30,SPDL,88.0,87.0,88.0,87.0,87,stock
2019-07-31,SPDL,86.0,86.0,86.0,86.0,15,stock
2019-08-01,SPDL,85.0,87.0,87.0,85.0,588,stock
2019-08-04,SPDL,86.0,87.0,87.0,86.0,470,stock
2019-08-05,SPDL,86.0,86.0,87.0,86.0,174,stock
2019-08-06,SPDL,87.0,87.0,87.0,87.0,30,stock
2019-08-07,SPDL,86.0,86.0,86.0,85.0,3132,stock
2019-08-08,SPDL,85.0,86.0,86.0,85.0,358,stock
2019-08-11,SPDL,85.0,86.0,86.0,85.0,136,stock
2019-08-12,SPDL,85.0,85.0,85.0,85.0,522,stock
2019-08-13,SPDL,86.0,86.0,87.0,86.0,87,stock
2019-08-14,SPDL,86.0,86.0,87.0,86.0,95,stock
2019-08-15,SPDL,86.0,86.0,86.0,86.0,87,stock
2019-08-18,SPDL,85.0,84.0,85.0,84.0,479,stock
2019-08-19,SPDL,84.0,84.0,85.0,84.0,528,stock
2019-08-20,SPDL,84.0,81.0,84.0,81.0,1769,stock
2019-08-21,SPDL,81.0,82.0,82.0,81.0,59,stock
2019-08-22,SPDL,83.0,82.0,83.0,82.0,64,stock
2019-08-25,SPDL,82.0,81.0,82.0,81.0,222,stock
2019-08-26,SPDL,81.0,82.0,82.0,81.0,214,stock
2019-08-27,SPDL,81.0,80.0,83.0,80.0,2126,stock
2019-08-28,SPDL,80.0,78.0,80.0,78.0,346,stock
2019-08-29,SPDL,78.0,78.0,78.0,77.0,248,stock
2019-09-01,SPDL,77.0,75.0,77.0,75.0,398,stock
2019-09-02,SPDL,74.0,71.0,74.0,71.0,149,stock
2019-09-03,SPDL,70.0,71.0,71.0,68.0,2502,stock
2019-09-04,SPDL,72.0,71.0,72.0,71.0,149,stock
2019-09-08,SPDL,70.0,70.0,70.0,68.0,319,stock
2019-09-09,SPDL,70.0,70.0,71.0,69.0,65,stock
2019-09-10,SPDL,71.0,70.0,71.0,67.0,570,stock
2019-09-11,SPDL,69.0,68.0,69.0,68.0,119,stock
2019-09-12,SPDL,67.0,68.0,68.0,66.0,71,stock
2019-09-15,SPDL,67.0,66.0,67.0,65.0,1095,stock
2019-09-16,SPDL,65.0,62.0,65.0,62.0,450,stock
2019-09-17,SPDL,63.0,65.0,65.0,62.0,390,stock
2019-09-18,SPDL,66.0,70.0,70.0,66.0,2547,stock
2019-09-19,SPDL,70.0,70.0,72.0,70.0,2889,stock
2019-09-22,SPDL,71.0,70.0,71.0,68.0,72,stock
2019-09-23,SPDL,70.0,70.0,70.0,70.0,456,stock
2019-09-24,SPDL,70.0,69.0,70.0,69.0,95,stock
2019-09-26,SPDL,67.0,72.0,73.0,66.0,1580,stock
2019-09-29,SPDL,71.0,72.0,72.0,66.0,2457,stock
2019-09-30,SPDL,71.0,73.0,73.0,69.0,827,stock
2019-10-01,SPDL,74.0,78.0,78.0,72.0,2358,stock
2019-10-02,SPDL,77.0,76.0,77.0,76.0,125,stock
2019-10-03,SPDL,77.0,77.0,77.0,77.0,60,stock
2019-10-10,SPDL,77.0,77.0,77.0,77.0,100,stock
2019-10-14,SPDL,76.0,72.0,76.0,72.0,410,stock
2019-10-15,SPDL,73.0,75.0,76.0,73.0,650,stock
2019-10-17,SPDL,74.0,75.0,75.0,74.0,2849,stock
2019-10-20,SPDL,76.0,71.0,77.0,71.0,640,stock
2019-10-21,SPDL,72.0,72.0,78.0,71.0,3724,stock
2019-10-22,SPDL,73.0,72.0,73.0,72.0,65,stock
2019-10-23,SPDL,72.0,76.0,76.0,72.0,129,stock
2019-10-24,SPDL,77.0,81.0,82.0,77.0,2671,stock
2019-10-31,SPDL,81.0,81.0,82.0,81.0,160,stock
2019-11-04,SPDL,80.0,80.0,80.0,80.0,50,stock
2019-11-05,SPDL,81.0,72.0,81.0,72.0,2040,stock
2019-11-06,SPDL,73.0,75.0,77.0,73.0,821,stock
2019-11-07,SPDL,72.0,72.0,73.0,72.0,658,stock
2019-11-10,SPDL,72.0,73.0,74.0,72.0,2070,stock
2019-11-11,SPDL,73.0,76.0,76.0,73.0,57,stock
2019-11-12,SPDL,77.0,73.0,78.0,72.0,490,stock
2019-11-13,SPDL,72.0,72.0,73.0,72.0,538,stock
2019-11-14,SPDL,72.0,73.0,74.0,72.0,1226,stock
2019-11-17,SPDL,74.0,77.0,77.0,74.0,1138,stock
2019-11-18,SPDL,78.0,81.0,82.0,78.0,693,stock
2019-11-19,SPDL,82.0,81.0,83.0,80.0,4666,stock
2019-11-20,SPDL,82.0,85.0,86.0,81.0,15882,stock
2019-11-21,SPDL,84.0,84.0,84.0,83.0,101,stock
2019-11-24,SPDL,83.0,83.0,83.0,83.0,25,stock
2019-11-25,SPDL,87.0,83.0,87.0,83.0,569,stock
2019-11-26,SPDL,83.0,84.0,84.0,82.0,2016,stock
2019-11-27,SPDL,84.0,83.0,84.0,82.0,17329,stock
2019-11-28,SPDL,82.0,82.0,83.0,78.0,2452,stock
2019-12-01,SPDL,81.0,83.0,83.0,81.0,81,stock
2019-12-02,SPDL,82.0,79.0,82.0,79.0,5497,stock
2019-12-03,SPDL,79.0,83.0,83.0,78.0,6195,stock
2019-12-04,SPDL,82.0,84.0,84.0,82.0,2916,stock
2019-12-05,SPDL,85.0,87.0,87.0,85.0,2124,stock
2019-12-08,SPDL,86.0,85.0,87.0,85.0,665,stock
2019-12-09,SPDL,86.0,90.0,90.0,85.0,431,stock
2019-12-10,SPDL,91.0,91.0,91.0,87.0,2065,stock
2019-12-11,SPDL,90.0,90.0,93.0,89.0,2002,stock
2019-12-12,SPDL,91.0,95.0,96.0,91.0,2078,stock
2019-12-15,SPDL,99.0,99.0,99.0,99.0,50,stock
2019-12-17,SPDL,98.0,96.0,98.0,96.0,30,stock
2019-12-18,SPDL,95.0,91.0,95.0,91.0,4833,stock
2019-12-19,SPDL,90.0,90.0,90.0,85.0,628,stock
2019-12-22,SPDL,89.0,85.0,89.0,85.0,60,stock
2019-12-23,SPDL,86.0,87.0,89.0,85.0,3095,stock
2019-12-24,SPDL,86.0,86.0,86.0,86.0,10,stock
2019-12-25,SPDL,85.0,86.0,86.0,84.0,1165,stock
2019-12-26,SPDL,85.0,88.0,88.0,85.0,1355,stock
2019-12-29,SPDL,87.0,87.0,87.0,86.0,614,stock
2019-12-30,SPDL,86.0,88.0,88.0,86.0,2858,stock
2019-12-31,SPDL,87.0,86.0,87.0,86.0,164,stock
2020-01-01,SPDL,85.0,90.0,91.0,83.0,2828,stock
2020-01-02,SPDL,90.0,89.0,91.0,89.0,70,stock
2020-01-05,SPDL,88.0,95.0,95.0,88.0,823,stock
2020-01-06,SPDL,94.0,97.0,97.0,94.0,760,stock
2020-01-07,SPDL,96.0,95.0,96.0,95.0,20,stock
2020-01-08,SPDL,95.0,95.0,95.0,95.0,15,stock
2020-01-09,SPDL,99.0,96.0,99.0,96.0,30,stock
2020-01-12,SPDL,95.0,94.0,96.0,94.0,719,stock
2020-01-13,SPDL,93.0,93.0,95.0,92.0,2717,stock
2020-01-14,SPDL,93.0,97.0,97.0,93.0,365,stock
2020-01-15,SPDL,96.0,97.0,98.0,96.0,1290,stock
2020-01-16,SPDL,97.0,104.0,104.0,95.0,3450,stock
2020-01-19,SPDL,102.0,104.0,104.0,96.0,1741,stock
2020-01-20,SPDL,104.0,106.0,106.0,104.0,30,stock
2020-01-21,SPDL,104.0,100.0,104.0,96.0,6168,stock
2020-01-22,SPDL,99.0,95.0,102.0,94.0,17686,stock
2020-01-23,SPDL,95.0,104.0,104.0,95.0,5723,stock
2020-01-26,SPDL,102.0,100.0,102.0,98.0,1534,stock
2020-01-27,SPDL,102.0,102.0,104.0,98.0,4346,stock
2020-01-28,SPDL,100.0,100.0,102.0,99.0,3012,stock
2020-01-29,SPDL,99.0,102.0,104.0,97.0,4437,stock
2020-01-30,SPDL,101.0,106.0,106.0,99.0,4052,stock
2020-02-02,SPDL,104.0,101.0,105.0,101.0,4114,stock
2020-02-03,SPDL,101.0,100.0,105.0,100.0,1699,stock
2020-02-04,SPDL,102.0,101.0,103.0,101.0,3730,stock
2020-02-05,SPDL,100.0,100.0,100.0,100.0,564,stock
2020-02-06,SPDL,100.0,100.0,100.0,100.0,1178,stock
2020-02-09,SPDL,100.0,100.0,100.0,100.0,587,stock
2020-02-10,SPDL,98.0,98.0,99.0,97.0,895,stock
2020-02-11,SPDL,99.0,98.0,100.0,98.0,1611,stock
2020-02-12,SPDL,97.0,97.0,99.0,96.0,1326,stock
2020-02-13,SPDL,96.0,99.0,106.0,96.0,2814,stock
2020-02-16,SPDL,98.0,104.0,104.0,98.0,6106,stock
2020-02-17,SPDL,101.0,103.0,105.0,101.0,7231,stock
2020-02-18,SPDL,104.0,100.0,106.0,98.0,9427,stock
2020-02-19,SPDL,98.0,102.0,103.0,98.0,6347,stock
2020-02-20,SPDL,102.0,105.0,110.0,104.0,12842,stock
2020-02-23,SPDL,107.0,111.0,115.0,107.0,7581,stock
2020-02-24,SPDL,111.0,106.0,110.0,105.0,10749,stock
2020-02-25,SPDL,104.0,115.0,116.0,104.0,19438,stock
2020-02-26,SPDL,117.0,123.0,123.0,115.0,15320,stock
2020-02-27,SPDL,123.0,115.0,123.0,113.0,2742,stock
2020-03-01,SPDL,115.0,111.0,115.0,107.0,15942,stock
2020-03-02,SPDL,109.0,103.0,109.0,103.0,3799,stock
2020-03-03,SPDL,103.0,103.0,106.0,99.0,19431,stock
2020-03-04,SPDL,102.0,101.0,104.0,100.0,18641,stock
2020-03-05,SPDL,99.0,100.0,103.0,99.0,3107,stock
2020-03-10,SPDL,101.0,99.0,101.0,99.0,385,stock
2020-03-11,SPDL,98.0,101.0,101.0,98.0,5562,stock
2020-03-12,SPDL,99.0,99.0,100.0,99.0,4488,stock
2020-03-15,SPDL,97.0,98.0,100.0,97.0,6189,stock
2020-03-16,SPDL,97.0,98.0,99.0,97.0,4454,stock
2020-03-17,SPDL,98.0,92.0,99.0,92.0,4897,stock
2020-03-18,SPDL,92.0,92.0,92.0,91.0,3371,stock
2020-03-19,SPDL,91.0,92.0,94.0,90.0,2827,stock
2020-05-12,SPDL,91.0,91.0,91.0,90.0,300,stock
2020-05-13,SPDL,90.0,90.0,90.0,90.0,200,stock
2020-06-29,SPDL,89.0,95.0,93.0,89.0,229,stock
2020-06-30,SPDL,96.0,98.0,98.0,96.0,42,stock
2020-07-02,SPDL,99.0,98.0,99.0,98.0,43,stock
2020-07-05,SPDL,99.0,106.0,106.0,98.0,1267,stock
2020-07-06,SPDL,104.0,104.0,104.0,100.0,828,stock
2020-07-07,SPDL,105.0,102.0,105.0,100.0,4496,stock
2020-07-08,SPDL,100.0,100.0,102.0,99.0,1224,stock
2020-07-09,SPDL,98.0,101.0,102.0,98.0,416,stock
2020-07-12,SPDL,102.0,102.0,104.0,102.0,1937,stock
2020-07-13,SPDL,101.0,103.0,103.0,100.0,1474,stock
2020-07-14,SPDL,101.0,100.0,102.0,100.0,627,stock
2020-07-15,SPDL,100.0,98.0,101.0,98.0,2716,stock
2020-07-16,SPDL,98.0,97.0,100.0,97.0,10619,stock
2020-07-19,SPDL,101.0,105.0,105.0,101.0,73,stock
2020-07-20,SPDL,110.0,109.0,112.0,105.0,6217,stock
2020-07-21,SPDL,107.0,107.0,107.0,101.0,378,stock
2020-07-22,SPDL,105.0,100.0,105.0,98.0,7814,stock
2020-07-23,SPDL,98.0,101.0,101.0,97.0,15296,stock
2020-07-26,SPDL,102.0,103.0,103.0,98.0,14055,stock
2020-07-27,SPDL,101.0,99.0,103.0,99.0,3344,stock
2020-07-28,SPDL,95.0,99.0,102.0,95.0,3093,stock
2020-07-29,SPDL,98.0,100.0,102.0,98.0,4726,stock
2020-07-30,SPDL,100.0,102.0,106.0,100.0,12418,stock
2020-08-02,SPDL,101.0,97.0,101.0,97.0,26563,stock
2020-08-03,SPDL,98.0,97.0,99.0,97.0,7454,stock
2020-08-05,SPDL,96.0,97.0,100.0,96.0,9364,stock
2020-08-06,SPDL,97.0,98.0,99.0,97.0,2795,stock
2020-08-09,SPDL,98.0,98.0,99.0,97.0,2945,stock
2020-08-10,SPDL,97.0,99.0,100.0,97.0,12528,stock
2020-08-11,SPDL,98.0,98.0,98.0,95.0,20821,stock
2020-08-12,SPDL,97.0,97.0,98.0,97.0,3439,stock
2020-08-13,SPDL,98.0,97.0,99.0,96.0,18127,stock
2020-08-16,SPDL,98.0,105.0,106.0,98.0,101654,stock
2020-08-17,SPDL,107.0,104.0,107.0,103.0,5143,stock
2020-08-18,SPDL,105.0,104.0,107.0,103.0,14715,stock
2020-08-19,SPDL,103.0,106.0,106.0,103.0,9439,stock
2020-08-20,SPDL,107.0,106.0,108.0,105.0,20984,stock
2020-08-23,SPDL,111.0,108.0,111.0,103.0,22520,stock
2020-08-24,SPDL,109.0,113.0,116.0,107.0,49549,stock
2020-08-25,SPDL,112.0,112.0,114.0,110.0,17631,stock
2020-08-26,SPDL,112.0,111.0,112.0,110.0,17017,stock
2020-08-27,SPDL,110.0,110.0,112.0,110.0,5822,stock
2020-08-30,SPDL,110.0,114.0,115.0,111.0,31490,stock
2020-08-31,SPDL,116.0,125.0,125.0,115.0,73237,stock
2020-09-02,SPDL,131.0,137.0,137.0,131.0,57285,stock
2020-09-03,SPDL,143.0,133.0,147.0,131.0,41086,stock
2020-09-06,SPDL,139.0,134.0,144.0,128.0,86068,stock
2020-09-07,SPDL,134.0,132.0,136.0,128.0,21802,stock
2020-09-08,SPDL,130.0,130.0,134.0,129.0,21449,stock
2020-09-09,SPDL,136.0,133.0,136.0,129.0,19748,stock
2020-09-10,SPDL,131.0,131.0,131.0,128.0,18397,stock
2020-09-13,SPDL,130.0,141.0,144.0,130.0,27961,stock
2020-09-14,SPDL,141.0,154.0,155.0,141.0,104285,stock
2020-09-15,SPDL,157.0,150.0,163.0,149.0,100693,stock
2020-09-16,SPDL,149.0,165.0,165.0,148.0,82027,stock
2020-09-17,SPDL,173.0,181.0,181.0,169.0,56587,stock
2020-09-20,SPDL,190.0,180.0,199.0,172.0,112759,stock
2020-09-21,SPDL,180.0,184.0,186.0,165.0,89421,stock
2020-09-22,SPDL,184.0,180.0,185.0,178.0,54089,stock
2020-09-23,SPDL,182.0,186.0,188.0,175.0,117055,stock
2020-09-24,SPDL,184.0,204.0,204.0,184.0,126112,stock
2020-09-27,SPDL,204.0,207.0,224.0,192.0,93202,stock
2020-09-28,SPDL,208.0,202.0,208.0,195.0,54657,stock
2020-09-29,SPDL,198.0,212.0,212.0,192.0,100870,stock
2020-09-30,SPDL,210.0,212.0,214.0,206.0,97684,stock
2020-10-01,SPDL,216.0,208.0,216.0,205.0,113722,stock
2020-10-04,SPDL,212.0,208.0,212.0,197.0,110340,stock
2020-10-05,SPDL,204.0,218.0,227.0,204.0,100424,stock
2020-10-06,SPDL,220.0,232.0,239.0,220.0,135430,stock
2020-10-07,SPDL,236.0,240.0,252.0,232.0,91249,stock
2020-10-08,SPDL,244.0,223.0,248.0,223.0,105942,stock
2020-10-11,SPDL,234.0,220.0,234.0,214.0,87047,stock
2020-10-12,SPDL,217.0,219.0,226.0,214.0,43854,stock
2020-10-13,SPDL,216.0,211.0,222.0,209.0,40156,stock
2020-10-14,SPDL,207.0,211.0,221.0,206.0,42006,stock
2020-10-15,SPDL,211.0,212.0,222.0,209.0,19078,stock
2020-10-18,SPDL,210.0,215.0,218.0,209.0,33367,stock
2020-10-19,SPDL,215.0,226.0,228.0,215.0,31064,stock
2020-10-20,SPDL,228.0,230.0,233.0,223.0,64957,stock
2020-10-21,SPDL,230.0,227.0,232.0,225.0,41527,stock
2020-10-22,SPDL,238.0,227.0,238.0,225.0,13753,stock
2020-10-28,SPDL,224.0,226.0,226.0,223.0,27254,stock
2020-10-29,SPDL,223.0,228.0,232.0,223.0,32667,stock
2020-11-01,SPDL,232.0,233.0,238.0,225.0,54854,stock
2020-11-02,SPDL,231.0,229.0,232.0,229.0,25656,stock
2020-11-03,SPDL,228.0,227.0,230.0,227.0,38002,stock
2020-11-04,SPDL,225.0,230.0,233.0,225.0,41015,stock
2020-11-05,SPDL,230.0,236.0,238.0,230.0,66246,stock
2020-11-08,SPDL,240.0,244.0,244.0,237.0,111685,stock
2020-11-09,SPDL,244.0,236.0,245.0,235.0,36691,stock
2020-11-10,SPDL,232.0,236.0,244.0,232.0,35168,stock
2020-11-11,SPDL,235.0,235.0,239.0,235.0,14564,stock
2020-11-12,SPDL,233.0,230.0,236.0,230.0,20401,stock
2020-11-18,SPDL,227.0,230.0,234.0,220.0,85859,stock
2020-11-19,SPDL,234.0,242.0,249.0,234.0,104093,stock
2020-11-22,SPDL,242.0,237.0,246.0,233.0,57844,stock
2020-11-23,SPDL,235.0,234.0,244.0,234.0,37996,stock
2020-11-24,SPDL,238.0,240.0,244.0,231.0,107082,stock
2020-11-25,SPDL,240.0,235.0,247.0,233.0,45395,stock
2020-11-26,SPDL,246.0,229.0,246.0,229.0,89800,stock
2020-11-29,SPDL,229.0,233.0,245.0,229.0,50286,stock
2020-11-30,SPDL,236.0,245.0,245.0,233.0,63174,stock
2020-12-01,SPDL,249.0,254.0,257.0,243.0,212089,stock
2020-12-02,SPDL,254.0,251.0,265.0,247.0,125566,stock
2020-12-03,SPDL,255.0,249.0,255.0,247.0,48674,stock
2020-12-06,SPDL,247.0,235.0,247.0,235.0,51578,stock
2020-12-07,SPDL,233.0,241.0,244.0,231.0,57377,stock
2020-12-08,SPDL,244.0,240.0,255.0,237.0,86140,stock
2020-12-09,SPDL,244.0,235.0,252.0,234.0,93058,stock
2020-12-10,SPDL,233.0,231.0,243.0,231.0,91586,stock
2020-12-13,SPDL,231.0,235.0,239.0,230.0,51177,stock
2020-12-14,SPDL,239.0,239.0,244.0,235.0,38185,stock
2020-12-15,SPDL,230.0,233.0,242.0,230.0,54653,stock
2020-12-16,SPDL,229.0,229.0,235.0,224.0,40355,stock
2020-12-17,SPDL,226.0,221.0,229.0,221.0,53032,stock
2020-12-20,SPDL,220.0,205.0,223.0,204.0,47707,stock
2020-12-21,SPDL,204.0,208.0,220.0,197.0,45668,stock
2020-12-22,SPDL,204.0,210.0,216.0,204.0,29957,stock
2020-12-23,SPDL,214.0,215.0,222.0,211.0,13253,stock
2020-12-24,SPDL,205.0,217.0,220.0,205.0,20895,stock
2020-12-27,SPDL,203.0,200.0,207.0,200.0,95888,stock
2020-12-28,SPDL,204.0,198.0,206.0,195.0,73847,stock
2020-12-29,SPDL,199.0,195.0,207.0,195.0,39670,stock
2020-12-30,SPDL,198.0,197.0,200.0,195.0,7476,stock
2020-12-31,SPDL,195.0,206.0,216.0,195.0,42125,stock
2021-01-03,SPDL,209.0,210.0,218.0,208.0,24058,stock
2021-01-04,SPDL,210.0,215.0,217.0,207.0,19848,stock
2021-01-05,SPDL,219.0,225.0,227.0,211.0,150811,stock
2021-01-06,SPDL,229.0,219.0,230.0,219.0,43225,stock
2021-01-07,SPDL,223.0,219.0,224.0,215.0,24102,stock
2021-01-10,SPDL,216.0,218.0,225.0,213.0,18980,stock
2021-01-11,SPDL,222.0,217.0,222.0,215.0,36790,stock
2021-01-12,SPDL,214.0,218.0,223.0,214.0,8773,stock
2021-01-13,SPDL,218.0,223.0,228.0,218.0,48779,stock
2021-01-17,SPDL,223.0,228.0,229.0,223.0,46318,stock
2021-01-18,SPDL,228.0,227.0,229.0,225.0,16967,stock
2021-01-19,SPDL,227.0,223.0,230.0,222.0,37220,stock
2021-01-20,SPDL,223.0,226.0,227.0,220.0,39369,stock
2021-01-21,SPDL,216.0,238.0,239.0,216.0,96503,stock
2021-01-24,SPDL,238.0,236.0,241.0,231.0,70892,stock
2021-01-25,SPDL,235.0,230.0,240.0,228.0,88362,stock
2021-01-26,SPDL,233.0,235.0,243.0,230.0,48780,stock
2021-01-27,SPDL,235.0,247.0,258.0,231.0,136268,stock
2021-01-28,SPDL,250.0,240.0,259.0,239.0,195529,stock
2021-01-31,SPDL,241.0,238.0,242.0,236.0,64452,stock
2021-02-01,SPDL,242.0,239.0,246.0,238.0,35333,stock
2021-02-02,SPDL,243.0,247.0,247.0,236.0,49522,stock
2021-02-03,SPDL,256.0,253.0,265.0,245.0,199302,stock
2021-02-04,SPDL,265.0,278.0,278.0,248.0,336039,stock
2021-02-07,SPDL,291.0,305.0,305.0,290.0,277700,stock
2021-02-08,SPDL,320.0,296.0,320.0,291.0,104975,stock
2021-02-09,SPDL,296.0,294.0,300.0,280.0,118254,stock
2021-02-10,SPDL,307.0,288.0,307.0,285.0,59199,stock
2021-02-11,SPDL,288.0,280.0,297.0,279.0,76982,stock
2021-02-14,SPDL,294.0,273.0,294.0,267.0,102882,stock
2021-02-15,SPDL,278.0,294.0,297.0,278.0,118395,stock
2021-02-16,SPDL,298.0,284.0,299.0,279.0,89001,stock
2021-02-17,SPDL,280.0,285.0,285.0,276.0,48760,stock
2021-02-18,SPDL,286.0,281.0,286.0,280.0,31284,stock
2021-02-21,SPDL,295.0,285.0,295.0,274.0,95224,stock
2021-02-22,SPDL,290.0,277.0,295.0,277.0,51681,stock
2021-02-23,SPDL,290.0,278.0,290.0,267.0,42045,stock
2021-02-24,SPDL,291.0,277.0,291.0,271.0,34813,stock
2021-02-25,SPDL,272.0,268.0,277.0,268.0,28524,stock
2021-02-28,SPDL,273.0,258.0,273.0,257.0,34679,stock
2021-03-01,SPDL,258.0,264.0,278.0,255.0,16541,stock
2021-03-02,SPDL,262.0,247.0,262.0,246.0,66378,stock
2021-03-03,SPDL,245.0,255.0,258.0,245.0,61677,stock
2021-03-04,SPDL,251.0,272.0,274.0,251.0,45982,stock
2021-03-09,SPDL,260.0,273.0,287.0,260.0,103727,stock
2021-03-10,SPDL,269.0,274.0,281.0,269.0,35416,stock
2021-03-14,SPDL,272.0,266.0,276.0,261.0,21533,stock
2021-03-15,SPDL,266.0,262.0,276.0,256.0,33845,stock
2021-03-16,SPDL,263.0,263.0,265.0,257.0,17496,stock
2021-03-17,SPDL,258.0,270.0,270.0,258.0,39153,stock
2021-03-18,SPDL,283.0,266.0,283.0,265.0,31237,stock
2021-03-21,SPDL,279.0,265.0,279.0,260.0,22639,stock
2021-03-22,SPDL,260.0,265.0,277.0,260.0,27237,stock
2021-03-23,SPDL,261.0,274.0,279.0,261.0,53400,stock
2021-03-24,SPDL,274.0,275.0,285.0,273.0,98559,stock
2021-03-25,SPDL,280.0,267.0,280.0,265.0,43438,stock
2021-03-29,SPDL,258.0,268.0,278.0,258.0,25773,stock
2021-03-30,SPDL,273.0,273.0,278.0,265.0,14966,stock
2021-03-31,SPDL,270.0,269.0,278.0,265.0,27160,stock
2021-04-01,SPDL,271.0,274.0,285.0,269.0,51014,stock
2021-04-04,SPDL,272.0,280.0,285.0,272.0,62563,stock
2021-04-05,SPDL,278.0,276.0,281.0,274.0,33238,stock
2021-04-06,SPDL,272.0,286.0,295.0,268.0,137005,stock
2021-04-07,SPDL,287.0,279.0,292.0,279.0,57193,stock
2021-04-08,SPDL,283.0,274.0,283.0,271.0,47472,stock
2021-04-12,SPDL,271.0,271.0,278.0,269.0,38104,stock
2021-04-13,SPDL,270.0,274.0,276.0,270.0,32367,stock
2021-04-15,SPDL,287.0,275.0,287.0,272.0,49922,stock
2021-04-18,SPDL,279.0,275.0,282.0,272.0,52222,stock
2021-04-19,SPDL,274.0,273.0,280.0,269.0,44529,stock
2021-04-20,SPDL,277.0,280.0,280.0,271.0,48695,stock
2021-04-21,SPDL,284.0,280.0,286.0,277.0,131755,stock
2021-04-22,SPDL,280.0,287.0,288.0,279.0,82530,stock
2021-04-25,SPDL,290.0,277.0,290.0,271.0,88394,stock
2021-04-26,SPDL,272.0,263.0,274.0,261.0,68119,stock
2021-04-27,SPDL,258.0,272.0,273.0,258.0,44891,stock
2021-04-28,SPDL,275.0,270.0,275.0,269.0,16753,stock
2021-04-29,SPDL,270.0,280.0,284.0,270.0,76124,stock
2021-05-02,SPDL,284.0,299.0,300.0,280.0,318769,stock
2021-05-03,SPDL,313.0,294.0,313.0,290.0,197335,stock
2021-05-04,SPDL,297.0,318.0,323.0,291.0,329187,stock
2021-05-05,SPDL,325.0,323.0,344.0,315.0,227303,stock
2021-05-06,SPDL,339.0,308.0,339.0,308.0,318939,stock
2021-05-09,SPDL,310.0,313.0,321.0,301.0,181547,stock
2021-05-10,SPDL,318.0,325.0,332.0,309.0,209861,stock
2021-05-11,SPDL,330.0,338.0,342.0,325.0,288852,stock
2021-05-12,SPDL,345.0,339.0,347.0,333.0,222444,stock
2021-05-13,SPDL,349.0,344.0,349.0,338.0,204117,stock
2021-05-16,SPDL,361.0,340.0,361.0,336.0,195570,stock
2021-05-17,SPDL,335.0,356.0,365.0,335.0,229314,stock
2021-05-18,SPDL,363.0,391.0,391.0,363.0,489911,stock
2021-05-19,SPDL,400.0,385.0,416.0,375.0,258698,stock
2021-05-20,SPDL,400.0,377.0,400.0,374.0,214747,stock
2021-05-23,SPDL,375.0,414.0,414.0,364.0,508135,stock
2021-05-24,SPDL,434.0,407.0,434.0,403.0,257291,stock
2021-05-25,SPDL,415.0,423.0,428.0,406.0,189043,stock
2021-05-27,SPDL,420.0,449.0,465.0,404.0,340911,stock
2021-05-30,SPDL,471.0,431.0,471.0,423.0,381875,stock
2021-05-31,SPDL,431.0,405.0,451.0,402.0,254624,stock
2021-06-01,SPDL,406.0,408.0,423.0,392.0,146313,stock
2021-06-02,SPDL,408.0,429.0,423.0,392.0,171032,stock
2021-06-03,SPDL,435.0,414.0,443.0,411.0,164034,stock
2021-06-06,SPDL,409.0,405.0,419.0,403.0,92978,stock
2021-06-07,SPDL,405.0,421.0,426.0,405.0,109984,stock
2021-06-08,SPDL,434.0,428.0,455.0,425.0,210875,stock
2021-06-09,SPDL,432.0,445.0,464.0,429.0,340734,stock
2021-06-10,SPDL,450.0,476.0,487.0,447.0,289012,stock
2021-06-13,SPDL,480.0,497.0,504.0,470.0,290999,stock
2021-06-14,SPDL,521.0,479.0,521.0,462.0,246227,stock
2021-06-15,SPDL,497.0,456.0,497.0,454.0,160264,stock
2021-06-16,SPDL,435.0,460.0,471.0,416.0,289713,stock
2021-06-17,SPDL,470.0,460.0,470.0,432.0,111602,stock
2021-06-20,SPDL,465.0,430.0,468.0,420.0,132655,stock
2021-06-21,SPDL,430.0,398.0,435.0,396.0,136359,stock
2021-06-22,SPDL,405.0,437.0,437.0,392.0,132352,stock
2021-06-23,SPDL,442.0,421.0,455.0,417.0,88774,stock
2021-06-24,SPDL,418.0,414.0,430.0,412.0,56524,stock
2021-06-27,SPDL,420.0,412.0,428.0,410.0,34520,stock
2021-06-28,SPDL,420.0,410.0,428.0,404.0,96794,stock
2021-06-29,SPDL,415.0,394.0,415.0,385.0,58368,stock
2021-06-30,SPDL,390.0,398.0,401.0,375.0,105391,stock
2021-07-01,SPDL,392.0,405.0,414.0,391.0,60563,stock
2021-07-04,SPDL,385.0,406.0,416.0,385.0,56910,stock
2021-07-05,SPDL,386.0,399.0,410.0,386.0,37904,stock
2021-07-06,SPDL,392.0,396.0,407.0,392.0,20691,stock
2021-07-07,SPDL,400.0,398.0,404.0,387.0,35476,stock
2021-07-08,SPDL,398.0,402.0,407.0,392.0,32507,stock
2021-07-11,SPDL,422.0,422.0,424.0,405.0,57601,stock
2021-07-12,SPDL,401.0,408.0,433.0,401.0,74610,stock
2021-07-13,SPDL,400.0,413.0,422.0,400.0,35126,stock
2021-07-14,SPDL,415.0,434.0,441.0,409.0,89968,stock
2021-07-15,SPDL,440.0,449.0,459.0,440.0,170902,stock
2021-07-18,SPDL,457.0,468.0,470.0,450.0,224897,stock
2021-07-19,SPDL,474.0,514.8,514.8,469.0,578943,stock
2021-07-20,SPDL,520.0,518.0,545.0,505.0,234940,stock
2021-07-22,SPDL,526.0,520.0,539.0,509.0,238223,stock
2021-07-25,SPDL,519.0,544.0,545.0,519.0,283275,stock
2021-07-26,SPDL,554.0,539.0,570.0,535.0,215755,stock
2021-07-27,SPDL,545.0,590.0,592.9,535.0,345960,stock
2021-07-28,SPDL,601.0,592.0,615.0,585.1,432300,stock
2021-07-29,SPDL,599.0,605.0,605.0,580.2,250657,stock
2021-08-01,SPDL,617.1,665.5,665.5,605.0,495758,stock
2021-08-02,SPDL,678.8,656.0,692.0,650.0,331828,stock
2021-08-03,SPDL,656.0,704.0,706.0,646.0,331444,stock
2021-08-04,SPDL,700.0,705.0,745.0,680.0,389539,stock
2021-08-05,SPDL,711.1,690.0,725.0,686.0,316268,stock
2021-08-08,SPDL,703.8,749.0,759.0,690.0,394431,stock
2021-08-09,SPDL,763.9,765.0,823.9,760.0,645881,stock
2021-08-10,SPDL,780.0,729.0,795.0,725.0,350404,stock
2021-08-11,SPDL,743.0,748.0,767.9,734.0,257327,stock
2021-08-12,SPDL,760.0,739.0,770.0,734.0,248220,stock
2021-08-15,SPDL,725.0,724.0,745.0,690.0,163960,stock
2021-08-16,SPDL,738.4,712.0,753.0,709.6,94189,stock
2021-08-17,SPDL,725.0,725.0,765.0,698.0,139072,stock
2021-08-18,SPDL,739.5,717.9,753.0,711.0,122625,stock
2021-08-19,SPDL,732.2,697.0,732.2,690.0,200570,stock
2021-08-24,SPDL,634.0,570.6,634.0,570.6,124947,stock
2021-08-25,SPDL,560.0,559.0,599.9,529.2,116876,stock
2021-08-26,SPDL,570.0,614.0,614.9,568.0,123921,stock
2021-08-29,SPDL,626.2,613.0,650.0,602.0,73961,stock
2021-08-31,SPDL,625.2,586.0,625.2,580.0,87767,stock
2021-09-01,SPDL,586.0,575.2,597.0,575.0,51493,stock
2021-09-02,SPDL,580.0,550.0,586.7,543.0,40677,stock
2021-09-05,SPDL,539.0,503.0,549.0,495.0,70761,stock
2021-09-06,SPDL,493.0,553.3,553.3,483.0,71725,stock
2021-09-07,SPDL,560.0,553.0,582.0,542.5,42555,stock
2021-09-08,SPDL,542.0,541.0,559.0,540.0,27584,stock
2021-09-09,SPDL,550.0,562.0,570.0,548.0,51995,stock
2021-09-12,SPDL,573.0,617.0,618.0,573.0,119503,stock
2021-09-13,SPDL,629.3,604.0,632.4,596.0,58984,stock
2021-09-14,SPDL,608.0,594.0,612.0,590.0,32706,stock
2021-09-15,SPDL,588.0,575.0,597.0,568.0,49527,stock
2021-09-16,SPDL,570.0,539.0,570.0,532.2,74158,stock
2021-09-20,SPDL,539.0,498.0,539.0,496.0,62350,stock
2021-09-21,SPDL,489.2,499.0,525.1,462.0,68013,stock
2021-09-22,SPDL,508.9,533.0,545.0,508.9,36785,stock
2021-09-23,SPDL,543.0,514.0,543.6,509.0,52322,stock
2021-09-26,SPDL,510.0,485.0,515.0,480.2,47984,stock
2021-09-27,SPDL,477.0,454.0,510.0,453.0,54862,stock
2021-09-28,SPDL,447.0,415.0,468.0,409.0,79494,stock
2021-09-29,SPDL,415.0,443.7,455.6,395.0,76235,stock
2021-09-30,SPDL,451.0,423.0,453.0,419.0,30807,stock
2021-10-03,SPDL,415.0,395.0,420.0,394.1,55792,stock
2021-10-04,SPDL,387.2,407.0,410.0,379.0,43032,stock
2021-10-05,SPDL,411.9,421.0,423.4,406.0,40786,stock
2021-10-06,SPDL,429.0,420.0,433.0,416.0,38121,stock
2021-10-10,SPDL,428.0,409.8,429.0,406.0,32380,stock
2021-10-11,SPDL,406.0,410.0,411.0,395.0,17288,stock
2021-10-17,SPDL,410.0,410.0,415.0,403.0,4305,stock
2021-10-18,SPDL,418.0,388.0,418.0,385.0,22086,stock
2021-10-19,SPDL,380.3,363.0,383.0,352.0,54307,stock
2021-10-20,SPDL,370.2,380.0,384.0,370.2,28279,stock
2021-10-21,SPDL,387.6,381.0,395.0,375.0,15706,stock
2021-10-24,SPDL,383.0,396.0,403.0,372.4,34547,stock
2021-10-25,SPDL,403.0,435.6,435.6,403.0,100418,stock
2021-10-26,SPDL,444.3,479.1,479.1,443.0,103988,stock
2021-10-27,SPDL,488.6,481.0,504.9,462.5,81890,stock
2021-10-28,SPDL,481.0,497.1,500.0,463.0,85654,stock
2021-10-31,SPDL,506.0,542.0,543.0,495.0,99725,stock
2021-11-01,SPDL,552.0,523.0,571.0,510.0,89357,stock
2021-11-02,SPDL,513.1,530.0,541.0,503.0,66597,stock
2021-11-03,SPDL,540.0,535.0,554.0,530.0,54967,stock
2021-11-08,SPDL,526.0,522.0,550.0,518.1,52567,stock
2021-11-09,SPDL,512.1,495.0,522.0,485.0,102046,stock
2021-11-11,SPDL,504.9,465.0,504.9,457.7,85823,stock
2021-11-14,SPDL,457.1,465.5,487.5,456.0,65446,stock
2021-11-15,SPDL,474.8,484.9,493.0,467.0,77463,stock
2021-11-16,SPDL,494.5,512.0,515.0,485.0,122674,stock
2021-11-17,SPDL,501.8,515.0,526.0,501.8,102927,stock
2021-11-18,SPDL,509.0,497.2,519.0,493.0,79705,stock
2021-11-21,SPDL,487.3,496.0,508.9,487.3,43218,stock
2021-11-22,SPDL,505.0,498.0,512.0,492.2,50364,stock
2021-11-23,SPDL,490.0,482.0,499.0,476.0,48893,stock
2021-11-24,SPDL,474.0,489.0,498.7,468.0,64171,stock
2021-11-25,SPDL,479.3,481.0,507.0,478.3,27267,stock
2021-11-28,SPDL,472.0,455.0,480.0,453.4,73355,stock
2021-11-29,SPDL,445.9,453.9,472.0,444.0,55811,stock
2021-11-30,SPDL,462.9,462.0,472.0,446.0,39028,stock
2021-12-01,SPDL,470.9,466.0,479.0,461.0,39522,stock
2021-12-02,SPDL,460.0,444.0,472.0,439.3,48756,stock
2021-12-05,SPDL,446.0,424.0,446.0,421.0,62454,stock
2021-12-06,SPDL,420.0,445.0,454.0,402.0,89251,stock
2021-12-07,SPDL,453.9,417.0,459.0,414.0,49740,stock
2021-12-08,SPDL,425.0,400.0,430.0,399.0,74343,stock
2021-12-09,SPDL,400.0,418.2,418.2,394.0,57012,stock
2021-12-12,SPDL,410.0,388.0,425.0,386.1,75447,stock
2021-12-13,SPDL,381.0,364.1,395.0,360.0,52353,stock
2021-12-14,SPDL,371.0,400.5,400.5,365.0,32679,stock
2021-12-15,SPDL,408.5,400.0,432.0,392.1,72242,stock
2021-12-16,SPDL,407.0,380.0,408.0,378.0,37132,stock
2021-12-20,SPDL,387.6,375.9,387.6,372.5,35199,stock
2021-12-21,SPDL,380.0,399.0,400.0,380.0,45361,stock
2021-12-22,SPDL,405.0,429.0,430.0,400.0,63735,stock
2021-12-23,SPDL,435.0,418.1,442.0,418.0,51662,stock
2021-12-26,SPDL,418.2,415.0,425.9,414.0,50995,stock
2021-12-27,SPDL,421.9,398.0,422.0,392.0,53295,stock
2021-12-28,SPDL,390.1,397.0,407.9,385.0,37367,stock
2021-12-29,SPDL,403.0,396.0,403.0,390.0,19705,stock
2022-01-02,SPDL,397.0,401.0,402.5,390.0,22742,stock
2022-01-03,SPDL,401.0,401.9,408.9,395.0,32334,stock
2022-01-04,SPDL,408.9,408.8,411.0,395.0,34763,stock
2022-01-05,SPDL,410.1,418.6,430.0,407.1,88887,stock
2022-01-06,SPDL,410.4,438.0,440.0,410.4,88984,stock
2022-01-09,SPDL,446.7,465.9,471.0,446.0,126171,stock
2022-01-10,SPDL,475.2,464.0,483.0,455.0,114789,stock
2022-01-11,SPDL,466.1,477.0,486.0,461.0,71521,stock
2022-01-12,SPDL,485.0,469.0,495.0,461.1,158461,stock
2022-01-13,SPDL,460.1,488.0,493.0,460.1,104544,stock
2022-01-16,SPDL,488.0,499.9,512.0,491.0,155149,stock
2022-01-17,SPDL,505.0,517.0,525.0,487.0,171643,stock
2022-01-18,SPDL,524.0,502.0,530.0,499.0,179475,stock
2022-01-19,SPDL,510.0,494.0,512.0,490.0,97323,stock
2022-01-20,SPDL,488.1,514.0,514.0,488.1,102960,stock
2022-01-23,SPDL,522.0,498.0,524.0,495.0,110279,stock
2022-01-24,SPDL,498.0,465.0,498.0,465.0,147611,stock
2022-01-25,SPDL,474.2,470.0,485.1,457.7,90104,stock
2022-01-26,SPDL,465.0,458.1,478.0,450.0,82329,stock
2022-01-27,SPDL,449.0,459.0,469.0,449.0,46075,stock
2022-01-30,SPDL,468.1,493.0,495.0,468.1,140689,stock
2022-01-31,SPDL,500.0,485.5,501.9,481.0,72564,stock
2022-02-01,SPDL,481.0,503.1,509.0,480.0,167330,stock
2022-02-03,SPDL,513.0,520.0,525.3,509.0,330339,stock
2022-02-06,SPDL,520.0,529.9,534.0,510.0,290432,stock
2022-02-07,SPDL,530.0,528.0,549.0,519.4,193688,stock
2022-02-08,SPDL,538.5,516.0,555.0,511.0,182095,stock
2022-02-09,SPDL,511.0,506.0,515.0,502.0,83263,stock
2022-02-10,SPDL,510.0,500.0,512.0,499.0,48933,stock
2022-02-13,SPDL,490.9,468.0,490.9,467.1,156256,stock
2022-02-14,SPDL,471.0,468.0,482.9,460.0,68108,stock
2022-02-15,SPDL,477.0,503.0,506.0,472.0,63964,stock
2022-02-16,SPDL,510.0,488.0,512.0,482.0,74938,stock
2022-02-17,SPDL,489.0,486.0,497.0,479.3,42175,stock
2022-02-20,SPDL,476.3,484.0,500.0,466.8,81206,stock
2022-02-21,SPDL,492.9,493.0,499.0,485.5,50955,stock
2022-02-22,SPDL,500.0,498.0,509.0,493.0,71083,stock
2022-02-23,SPDL,500.0,502.0,508.0,491.0,82727,stock
2022-02-24,SPDL,496.0,481.1,499.0,480.0,62275,stock
2022-02-27,SPDL,483.0,487.9,500.0,483.0,44706,stock
2022-02-28,SPDL,497.6,470.0,505.0,466.0,69929,stock
2022-03-02,SPDL,465.0,453.0,469.0,450.0,69001,stock
2022-03-06,SPDL,462.0,449.0,469.0,445.0,32409,stock
2022-03-07,SPDL,445.0,441.0,456.0,438.0,32386,stock
2022-03-09,SPDL,448.0,425.0,448.0,418.0,34515,stock
2022-03-10,SPDL,432.0,450.0,453.0,418.0,96183,stock
2022-03-13,SPDL,459.0,462.0,467.0,450.0,62305,stock
2022-03-14,SPDL,465.0,454.0,466.0,450.0,18706,stock
2022-03-15,SPDL,462.7,456.0,462.7,444.0,61077,stock
2022-03-16,SPDL,447.6,444.0,453.0,444.0,24483,stock
2022-03-20,SPDL,444.0,449.5,459.0,444.0,38622,stock
2022-03-21,SPDL,457.0,467.7,468.0,443.0,56603,stock
2022-03-22,SPDL,460.1,461.0,474.0,458.4,34871,stock
2022-03-23,SPDL,457.0,454.0,461.0,452.0,12938,stock
2022-03-24,SPDL,463.0,436.1,463.0,436.1,37591,stock
2022-03-27,SPDL,444.0,420.0,444.0,414.0,52381,stock
2022-03-28,SPDL,420.0,413.9,427.0,411.6,27052,stock
2022-03-29,SPDL,421.0,408.2,421.0,405.0,48959,stock
2022-03-30,SPDL,409.0,424.9,425.0,406.0,27218,stock
2022-03-31,SPDL,425.1,412.5,425.2,411.0,17800,stock
2022-04-03,SPDL,415.0,404.9,415.0,401.8,17273,stock
2022-04-04,SPDL,405.0,401.0,413.0,399.0,25614,stock
2022-04-05,SPDL,398.0,396.0,399.0,388.0,33314,stock
2022-04-06,SPDL,391.0,395.0,401.0,390.0,16035,stock
2022-04-07,SPDL,392.0,398.1,408.0,392.0,37512,stock
2022-04-11,SPDL,406.0,390.0,414.0,390.0,29179,stock
2022-04-12,SPDL,390.0,382.9,391.0,377.0,24829,stock
2022-04-13,SPDL,382.9,386.2,390.4,375.0,20303,stock
2022-04-17,SPDL,393.8,375.0,401.0,373.0,12070,stock
2022-04-18,SPDL,368.0,360.0,374.9,356.0,23365,stock
2022-04-19,SPDL,356.0,363.0,367.6,350.0,18791,stock
2022-04-20,SPDL,360.0,347.0,365.0,343.0,49158,stock
2022-04-21,SPDL,342.3,349.0,360.0,336.2,18596,stock
2022-04-24,SPDL,355.0,380.9,383.9,345.1,54194,stock
2022-04-25,SPDL,388.0,370.0,395.0,366.0,39227,stock
2022-04-26,SPDL,370.0,363.0,373.0,357.7,13512,stock
2022-04-27,SPDL,365.0,367.0,370.0,353.1,19789,stock
2022-04-28,SPDL,368.0,361.0,374.0,361.0,43686,stock
2022-05-02,SPDL,354.1,346.0,356.0,343.0,26298,stock
2022-05-04,SPDL,346.0,333.5,348.8,333.1,31891,stock
2022-05-05,SPDL,327.0,330.0,338.0,323.4,21933,stock
2022-05-08,SPDL,329.5,349.8,349.8,325.3,21176,stock
2022-05-09,SPDL,350.0,346.0,357.0,337.0,25253,stock
2022-05-10,SPDL,352.8,370.0,373.0,345.0,52492,stock
2022-05-11,SPDL,377.4,407.0,407.0,377.0,106541,stock
2022-05-12,SPDL,415.0,400.0,423.0,396.0,58071,stock
2022-05-17,SPDL,392.0,372.0,394.0,365.6,60552,stock
2022-05-18,SPDL,366.0,394.0,396.0,352.8,57366,stock
2022-05-19,SPDL,398.0,383.1,399.9,372.4,43748,stock
2022-05-20,SPDL,376.0,385.0,392.0,375.5,29335,stock
2022-05-23,SPDL,378.0,369.1,378.0,365.0,32572,stock
2022-05-24,SPDL,376.0,375.1,383.0,363.1,34006,stock
2022-05-25,SPDL,381.9,380.0,389.0,370.3,26092,stock
2022-05-26,SPDL,385.0,375.2,386.0,374.0,22783,stock
2022-05-27,SPDL,380.0,372.0,380.0,368.0,20848,stock
2022-05-30,SPDL,370.0,358.0,370.0,357.0,35767,stock
2022-05-31,SPDL,351.0,352.6,364.0,351.0,27336,stock
2022-06-01,SPDL,352.6,359.0,365.1,352.6,17047,stock
2022-06-02,SPDL,366.0,364.0,372.0,358.0,18443,stock
2022-06-03,SPDL,364.0,355.0,364.0,351.0,28640,stock
2022-06-06,SPDL,362.0,357.0,365.0,350.1,19643,stock
2022-06-07,SPDL,352.2,349.0,357.0,346.2,21379,stock
2022-06-08,SPDL,355.0,364.0,372.0,346.0,21977,stock
2022-06-09,SPDL,362.0,355.0,371.2,353.0,25844,stock
2022-06-10,SPDL,355.0,353.9,359.0,351.0,15612,stock
2022-06-13,SPDL,354.0,350.0,358.0,348.0,4774,stock
2022-06-14,SPDL,345.3,339.0,348.8,336.1,26673,stock
2022-06-15,SPDL,335.0,340.0,340.0,330.0,23204,stock
2022-06-16,SPDL,340.1,340.0,346.0,335.0,21734,stock
2022-06-17,SPDL,344.0,332.0,344.0,331.3,3343,stock
2022-06-19,SPDL,335.0,313.0,335.0,310.0,28506,stock
2022-06-20,SPDL,307.1,297.8,309.0,295.0,35264,stock
2022-06-21,SPDL,303.7,312.7,320.0,300.0,23843,stock
2022-06-22,SPDL,307.2,301.0,313.0,301.0,13033,stock
2022-06-23,SPDL,295.2,284.0,295.2,275.0,25722,stock
2022-06-24,SPDL,279.0,293.0,298.5,265.0,21010,stock
2022-06-26,SPDL,298.8,322.3,322.3,292.0,62644,stock
2022-06-27,SPDL,328.0,307.0,333.0,307.0,57446,stock
2022-06-28,SPDL,302.0,307.0,313.0,302.0,26895,stock
2022-06-29,SPDL,308.0,326.0,331.0,308.0,52744,stock
2022-06-30,SPDL,330.0,345.0,352.0,322.2,44882,stock
2022-07-01,SPDL,348.0,338.0,351.0,332.3,29264,stock
2022-07-03,SPDL,331.5,353.0,358.0,331.5,53111,stock
2022-07-04,SPDL,354.0,353.9,370.0,343.0,115833,stock
2022-07-05,SPDL,346.9,348.0,360.0,340.1,96676,stock
2022-07-06,SPDL,344.2,359.0,367.0,336.2,52353,stock
2022-07-07,SPDL,362.0,353.0,372.0,350.0,70028,stock
2022-07-08,SPDL,359.0,339.0,359.0,338.0,29032,stock
2022-07-11,SPDL,333.0,316.0,333.0,315.2,53731,stock
2022-07-12,SPDL,322.0,318.0,328.0,311.0,29509,stock
2022-07-13,SPDL,324.0,343.0,343.0,324.0,53350,stock
2022-07-14,SPDL,348.0,343.0,349.9,337.0,38793,stock
2022-07-15,SPDL,341.0,335.0,344.0,331.0,29001,stock
2022-07-17,SPDL,330.0,337.2,344.8,328.0,20477,stock
2022-07-18,SPDL,343.0,340.0,343.0,334.0,17028,stock
2022-07-19,SPDL,345.9,339.0,346.8,338.0,22226,stock
2022-07-20,SPDL,339.0,342.9,345.7,337.0,18300,stock
2022-07-21,SPDL,337.1,335.0,342.0,333.3,35223,stock
2022-07-22,SPDL,340.0,327.2,340.0,327.0,13389,stock
2022-07-24,SPDL,333.0,344.0,345.7,328.0,38662,stock
2022-07-25,SPDL,350.0,361.0,362.0,342.0,76879,stock
2022-07-26,SPDL,358.0,351.0,366.0,347.9,91795,stock
2022-07-27,SPDL,349.0,367.0,370.0,348.0,56983,stock
2022-07-28,SPDL,374.0,370.0,386.0,365.0,127761,stock
2022-07-29,SPDL,364.0,369.1,374.0,364.0,35574,stock
2022-07-31,SPDL,376.0,368.4,377.0,363.0,37259,stock
2022-08-01,SPDL,368.0,374.0,382.5,362.0,66341,stock
2022-08-02,SPDL,373.8,369.0,381.4,364.0,48583,stock
2022-08-03,SPDL,376.0,375.1,386.0,375.0,57415,stock
2022-08-04,SPDL,382.6,363.0,382.6,363.0,44919,stock
2022-08-05,SPDL,357.0,356.0,365.0,350.0,41114,stock
2022-08-07,SPDL,356.5,363.0,364.0,355.0,30510,stock
2022-08-08,SPDL,369.0,350.1,369.0,350.0,43715,stock
2022-08-09,SPDL,344.1,334.0,351.0,334.0,42720,stock
2022-08-10,SPDL,328.0,335.0,340.0,328.0,34185,stock
2022-08-11,SPDL,331.0,329.0,341.0,327.0,19739,stock
2022-08-14,SPDL,326.0,330.0,335.0,323.0,20419,stock
2022-08-15,SPDL,334.0,346.0,346.0,334.0,32856,stock
2022-08-16,SPDL,346.0,336.0,351.1,327.5,45304,stock
2022-08-17,SPDL,333.0,333.0,341.9,329.3,24210,stock
2022-08-18,SPDL,328.1,337.4,341.4,328.1,24493,stock
2022-08-21,SPDL,337.5,334.0,342.0,328.0,24742,stock
2022-08-22,SPDL,327.5,331.0,338.0,322.0,21094,stock
2022-08-23,SPDL,325.1,329.9,337.5,325.1,12825,stock
2022-08-24,SPDL,325.4,337.0,337.0,325.4,27354,stock
2022-08-25,SPDL,343.7,330.0,343.7,325.0,42557,stock
2022-08-26,SPDL,324.1,321.0,327.0,320.1,11401,stock
2022-08-28,SPDL,322.0,307.0,322.0,307.0,44008,stock
2022-08-29,SPDL,313.0,304.5,313.0,303.1,14534,stock
2022-08-30,SPDL,310.0,306.0,316.0,304.1,16756,stock
2022-08-31,SPDL,306.0,300.1,306.0,300.1,9381,stock
2022-09-01,SPDL,301.0,302.0,308.9,292.7,24839,stock
2022-09-02,SPDL,303.0,299.0,306.0,296.2,7357,stock
2022-09-04,SPDL,301.0,299.0,304.9,298.2,12537,stock
2022-09-05,SPDL,304.9,300.0,304.9,297.1,9009,stock
2022-09-06,SPDL,305.0,290.0,305.0,284.5,40808,stock
2022-09-07,SPDL,295.0,290.0,295.0,285.0,15081,stock
2022-09-08,SPDL,286.0,295.0,296.8,285.0,10641,stock
2022-09-11,SPDL,290.1,285.0,296.0,285.0,10532,stock
2022-09-12,SPDL,285.0,285.0,289.0,276.0,10136,stock
2022-09-13,SPDL,285.0,290.0,295.0,283.0,19578,stock
2022-09-14,SPDL,294.0,302.0,303.0,290.0,33508,stock
2022-09-15,SPDL,304.0,287.5,304.0,280.3,25924,stock
2022-09-16,SPDL,281.8,281.0,286.0,275.0,14000,stock
2022-09-18,SPDL,276.1,272.0,279.0,268.0,25757,stock
2022-09-20,SPDL,268.0,255.1,270.7,255.0,44267,stock
2022-09-21,SPDL,255.0,263.0,265.2,254.8,16755,stock
2022-09-22,SPDL,262.0,259.8,264.0,255.0,7039,stock
2022-09-25,SPDL,256.0,250.9,256.0,249.3,11499,stock
2022-09-27,SPDL,254.0,253.0,255.9,249.1,11454,stock
2022-09-28,SPDL,255.0,248.1,256.6,248.1,8107,stock
2022-09-29,SPDL,244.3,252.0,253.0,244.3,8213,stock
2022-10-09,SPDL,256.8,257.0,257.0,252.0,6578,stock
2022-10-10,SPDL,255.0,252.0,257.0,248.2,14126,stock
2022-10-11,SPDL,247.3,248.0,250.0,246.0,2765,stock
2022-10-12,SPDL,244.0,255.0,255.0,243.1,6014,stock
2022-10-13,SPDL,255.0,251.0,257.0,250.0,5953,stock
2022-10-16,SPDL,252.0,251.3,252.0,246.0,3698,stock
2022-10-17,SPDL,246.3,248.0,251.3,244.0,5338,stock
2022-10-19,SPDL,251.0,237.3,252.0,234.0,13632,stock
2022-10-20,SPDL,237.0,241.9,241.9,235.0,3357,stock
2022-10-23,SPDL,245.0,242.0,245.0,239.0,4235,stock
2022-10-31,SPDL,243.9,242.7,244.0,234.3,5784,stock
2022-11-01,SPDL,238.0,258.0,258.0,237.9,17671,stock
2022-11-02,SPDL,258.0,259.0,273.5,252.0,35983,stock
2022-11-03,SPDL,260.0,254.0,260.0,251.0,19523,stock
2022-11-06,SPDL,249.0,262.0,266.3,245.6,39685,stock
2022-11-07,SPDL,264.5,261.0,271.0,259.6,64524,stock
2022-11-08,SPDL,263.0,256.8,263.0,256.8,9563,stock
2022-11-09,SPDL,256.0,253.0,256.0,245.2,33874,stock
2022-11-10,SPDL,253.0,244.9,254.0,240.0,11060,stock
2022-11-13,SPDL,241.0,240.1,246.8,238.0,5307,stock
2022-11-14,SPDL,237.0,247.9,247.9,237.0,13744,stock
2022-11-15,SPDL,248.0,247.0,257.0,243.1,15335,stock
2022-11-16,SPDL,251.9,254.0,258.0,243.1,35843,stock
2022-11-17,SPDL,258.9,266.4,267.0,254.0,47622,stock
2022-11-22,SPDL,267.0,263.0,270.9,257.5,33088,stock
2022-11-23,SPDL,261.0,258.0,261.0,253.9,8791,stock
2022-11-24,SPDL,255.0,270.0,270.9,255.0,47063,stock
2022-11-27,SPDL,275.0,285.4,285.4,267.0,40240,stock
2022-11-28,SPDL,288.9,272.4,288.9,271.0,42169,stock
2022-11-29,SPDL,276.0,278.0,280.0,268.1,20525,stock
2022-11-30,SPDL,278.0,277.0,281.0,274.0,18474,stock
2022-12-01,SPDL,272.6,282.0,285.0,272.5,34035,stock
2022-12-04,SPDL,279.5,275.2,282.0,273.0,26998,stock
2022-12-05,SPDL,275.0,266.0,275.0,264.1,29668,stock
2022-12-06,SPDL,266.0,265.0,270.0,263.0,23651,stock
2022-12-07,SPDL,265.0,264.1,267.0,263.0,11428,stock
2022-12-11,SPDL,260.0,260.6,264.0,257.0,22526,stock
2022-12-12,SPDL,257.1,264.5,265.0,256.0,11040,stock
2022-12-13,SPDL,267.8,263.0,268.0,261.5,7911,stock
2022-12-14,SPDL,258.1,263.0,265.0,258.0,9188,stock
2022-12-15,SPDL,258.0,258.9,261.0,257.5,8760,stock
2022-12-18,SPDL,259.9,255.0,259.9,249.5,8580,stock
2022-12-19,SPDL,250.0,252.0,255.0,250.0,9249,stock
2022-12-20,SPDL,255.9,257.0,257.0,253.0,8929,stock
2022-12-21,SPDL,254.1,248.0,256.0,248.0,9072,stock
2022-12-22,SPDL,252.0,250.0,254.0,247.2,9117,stock
2022-12-26,SPDL,254.0,266.9,267.0,254.0,42504,stock
2022-12-27,SPDL,272.0,274.0,280.0,267.0,75728,stock
2022-12-28,SPDL,279.4,272.7,279.4,264.2,32182,stock
2022-12-29,SPDL,274.0,284.3,284.3,270.0,79401,stock
2023-01-01,SPDL,288.0,287.0,298.0,280.0,57680,stock
2023-01-02,SPDL,289.0,290.0,296.8,278.0,37718,stock
2023-01-03,SPDL,295.8,295.0,306.0,284.0,90534,stock
2023-01-04,SPDL,293.0,308.0,310.0,293.0,76612,stock
2023-01-05,SPDL,314.1,310.0,318.0,302.0,82495,stock
2023-01-08,SPDL,311.0,322.0,331.0,305.0,118027,stock
2023-01-09,SPDL,316.1,342.0,344.0,316.0,92760,stock
2023-01-10,SPDL,348.8,331.5,359.9,331.0,111391,stock
2023-01-12,SPDL,338.1,316.2,355.9,316.2,114644,stock
2023-01-17,SPDL,322.0,332.0,338.0,315.6,130270,stock
2023-01-18,SPDL,338.6,334.0,349.0,327.0,95159,stock
2023-01-19,SPDL,335.9,336.0,340.0,330.0,48077,stock
2023-01-23,SPDL,336.0,328.2,345.0,325.0,62261,stock
2023-01-24,SPDL,323.0,334.0,335.0,320.5,38844,stock
2023-01-25,SPDL,334.0,336.0,344.7,331.0,49517,stock
2023-01-26,SPDL,340.0,336.5,345.0,336.0,57048,stock
2023-01-29,SPDL,333.0,338.5,349.8,330.0,57277,stock
2023-01-30,SPDL,345.0,331.5,349.9,331.4,87111,stock
2023-01-31,SPDL,330.2,325.6,337.1,325.5,52124,stock
2023-02-01,SPDL,332.0,332.9,336.0,329.0,53541,stock
2023-02-02,SPDL,339.5,327.7,339.5,324.0,24167,stock
2023-02-05,SPDL,326.0,327.0,333.6,324.0,18916,stock
2023-02-06,SPDL,330.0,326.9,330.0,324.0,6845,stock
2023-02-07,SPDL,333.0,343.0,343.0,327.1,79658,stock
2023-02-08,SPDL,349.7,338.0,349.8,335.0,59760,stock
2023-02-09,SPDL,333.1,334.0,341.6,332.3,57548,stock
2023-02-12,SPDL,331.0,322.9,331.6,316.0,71131,stock
2023-02-14,SPDL,318.0,319.9,324.0,316.5,21229,stock
2023-02-15,SPDL,318.3,319.0,324.5,314.1,16620,stock
2023-02-16,SPDL,315.0,305.3,320.0,305.0,26687,stock
2023-02-20,SPDL,306.0,304.5,309.9,300.5,22805,stock
2023-02-22,SPDL,310.0,321.0,324.0,308.0,22072,stock
2023-02-23,SPDL,315.0,312.0,315.0,308.7,26053,stock
2023-02-26,SPDL,306.0,306.7,313.0,301.0,35592,stock
2023-02-27,SPDL,312.8,309.0,317.0,293.1,29050,stock
2023-02-28,SPDL,309.0,310.1,316.0,307.0,24884,stock
2023-03-01,SPDL,315.0,305.0,315.0,302.6,10759,stock
2023-03-02,SPDL,300.2,298.0,305.0,298.0,17846,stock
2023-03-05,SPDL,298.0,293.0,303.9,293.0,18129,stock
2023-03-07,SPDL,298.8,298.9,303.8,295.1,7253,stock
2023-03-09,SPDL,304.0,312.0,312.0,304.0,18515,stock
2023-03-12,SPDL,318.0,308.5,323.9,305.0,17164,stock
2023-03-13,SPDL,304.2,308.5,309.0,304.2,8651,stock
2023-03-14,SPDL,312.0,309.0,312.0,306.0,6927,stock
2023-03-15,SPDL,314.8,304.8,314.8,303.8,5561,stock
2023-03-16,SPDL,309.0,304.0,309.0,302.0,11720,stock
2023-03-19,SPDL,308.0,308.4,310.0,300.0,10490,stock
2023-03-20,SPDL,311.9,314.0,314.0,308.4,10490,stock
2023-03-22,SPDL,315.0,307.0,315.0,307.0,9479,stock
2023-03-23,SPDL,310.0,305.0,310.0,300.0,10394,stock
2023-03-26,SPDL,310.5,300.0,310.5,295.0,16035,stock
2023-03-27,SPDL,300.0,306.9,309.9,295.0,37930,stock
2023-03-28,SPDL,311.9,306.7,312.0,304.0,16218,stock
2023-03-29,SPDL,306.0,304.1,306.5,303.0,6408,stock
2023-03-30,SPDL,305.0,304.0,310.0,300.0,14787,stock
2023-04-02,SPDL,309.5,303.0,310.0,299.1,6532,stock
2023-04-03,SPDL,304.4,297.4,304.4,294.0,10638,stock
2023-04-04,SPDL,301.9,295.0,301.9,295.0,9720,stock
2023-04-05,SPDL,300.5,297.0,300.5,294.0,7852,stock
2023-04-06,SPDL,297.0,295.0,298.0,292.6,6895,stock
2023-04-09,SPDL,291.0,290.0,293.0,286.0,13110,stock
2023-04-10,SPDL,293.9,292.0,293.9,288.2,4905,stock
2023-04-11,SPDL,289.1,296.1,301.0,289.1,5104,stock
2023-04-12,SPDL,302.0,314.0,314.0,302.0,12207,stock
2023-04-13,SPDL,311.0,308.0,318.9,305.2,10869,stock
2023-04-16,SPDL,307.0,306.9,314.0,302.0,9183,stock
2023-04-17,SPDL,302.2,302.0,307.0,300.0,4052,stock
2023-04-18,SPDL,299.0,298.5,302.0,298.3,2985,stock
2023-04-19,SPDL,304.0,303.0,304.0,299.0,16034,stock
2023-04-20,SPDL,303.2,298.0,303.2,295.0,21798,stock
2023-04-23,SPDL,292.2,291.0,295.0,286.5,15840,stock
2023-04-24,SPDL,288.5,295.0,301.9,285.2,5099,stock
2023-04-25,SPDL,292.0,299.0,299.7,290.0,4684,stock
2023-04-26,SPDL,304.0,296.8,304.0,294.0,6381,stock
2023-04-27,SPDL,296.0,293.0,296.0,290.0,4043,stock
2023-04-30,SPDL,290.0,286.9,298.0,286.0,5749,stock
2023-05-02,SPDL,287.0,285.0,287.0,282.0,8929,stock
2023-05-03,SPDL,280.0,279.9,285.6,278.0,6992,stock
2023-05-04,SPDL,278.1,285.0,285.6,275.2,2100,stock
2023-05-07,SPDL,285.0,277.0,285.0,275.0,2886,stock
2023-05-08,SPDL,272.3,273.0,277.0,268.6,6106,stock
2023-05-09,SPDL,274.0,276.0,280.4,268.6,4191,stock
2023-05-10,SPDL,272.2,271.9,274.9,266.0,3508,stock
2023-05-11,SPDL,275.0,270.0,277.0,267.0,3249,stock
2023-05-14,SPDL,275.4,262.0,275.4,260.0,6997,stock
2023-05-15,SPDL,257.2,262.0,265.0,257.2,5384,stock
2023-05-16,SPDL,257.0,270.2,271.0,257.0,2502,stock
2023-05-17,SPDL,274.9,275.0,275.6,268.0,8361,stock
2023-05-18,SPDL,275.0,290.0,290.0,275.0,12983,stock
2023-05-21,SPDL,294.9,285.0,294.9,274.4,12046,stock
2023-05-22,SPDL,279.3,283.5,284.0,274.1,5415,stock
2023-05-23,SPDL,289.0,290.0,295.0,288.0,19955,stock
2023-05-24,SPDL,291.0,285.0,293.5,284.3,13647,stock
2023-05-28,SPDL,290.6,281.0,291.0,279.3,10559,stock
2023-05-30,SPDL,286.6,274.3,286.6,273.0,8258,stock
2023-05-31,SPDL,268.9,268.0,279.5,263.6,28353,stock
2023-06-01,SPDL,273.0,269.9,276.0,263.0,12640,stock
2023-06-04,SPDL,272.0,282.0,292.0,272.0,9266,stock
2023-06-05,SPDL,287.6,282.0,290.0,277.0,52712,stock
2023-06-06,SPDL,277.5,291.0,291.0,277.5,18220,stock
2023-06-07,SPDL,296.0,290.0,300.0,285.0,24381,stock
2023-06-08,SPDL,294.7,284.0,294.7,284.0,13516,stock
2023-06-11,SPDL,289.5,290.0,295.3,286.0,13648,stock
2023-06-12,SPDL,295.0,289.9,295.0,286.0,23822,stock
2023-06-13,SPDL,293.0,298.7,299.9,285.0,25335,stock
2023-06-14,SPDL,302.9,289.5,304.6,289.5,35267,stock
2023-06-15,SPDL,290.0,289.9,299.7,285.2,29242,stock
2023-06-18,SPDL,290.0,293.0,297.0,290.0,18567,stock
2023-06-19,SPDL,298.8,294.0,298.8,291.0,29421,stock
2023-06-20,SPDL,299.0,289.8,299.9,285.0,25940,stock
2023-06-21,SPDL,285.2,282.0,292.0,280.0,15164,stock
2023-06-22,SPDL,279.0,278.0,293.0,275.7,16717,stock
2023-06-25,SPDL,282.0,284.9,284.9,270.0,52754,stock
2023-06-26,SPDL,285.0,277.0,291.3,277.0,28852,stock
2023-06-27,SPDL,282.0,285.0,292.0,277.7,23613,stock
2023-06-28,SPDL,289.5,270.0,290.0,270.0,12191,stock
2023-07-02,SPDL,275.0,268.0,280.0,263.8,20365,stock
2023-07-03,SPDL,268.0,266.0,271.0,263.7,11820,stock
2023-07-04,SPDL,271.0,266.0,271.0,263.2,10714,stock
2023-07-05,SPDL,262.0,260.0,270.0,259.0,9128,stock
2023-07-06,SPDL,260.0,248.0,262.0,248.0,23969,stock
2023-07-09,SPDL,252.9,245.2,263.0,245.0,42410,stock
2023-07-10,SPDL,250.0,243.1,257.0,243.1,50652,stock
2023-07-11,SPDL,245.0,240.9,249.9,238.0,24328,stock
2023-07-12,SPDL,245.0,259.9,262.0,242.5,35471,stock
2023-07-13,SPDL,260.0,253.0,265.0,253.0,37502,stock
2023-07-16,SPDL,253.0,250.1,254.5,250.0,11513,stock
2023-07-17,SPDL,250.0,258.4,258.5,250.0,16805,stock
2023-07-18,SPDL,258.0,262.9,268.1,257.0,24352,stock
2023-07-19,SPDL,258.0,260.0,265.0,257.7,18347,stock
2023-07-20,SPDL,265.0,256.0,265.0,256.0,67850,stock
2023-07-23,SPDL,261.1,260.9,263.0,256.0,65535,stock
2023-07-24,SPDL,260.1,261.9,270.0,259.0,38116,stock
2023-07-25,SPDL,267.0,261.9,267.0,259.2,22588,stock
2023-07-26,SPDL,261.0,254.8,265.1,253.0,31427,stock
2023-07-27,SPDL,258.4,255.0,260.0,253.0,89046,stock
2023-07-30,SPDL,207.0,207.0,210.8,205.0,37361,stock
2023-07-31,SPDL,205.0,204.0,208.4,202.1,28647,stock
2023-08-01,SPDL,202.1,198.7,207.8,197.1,22557,stock
2023-08-02,SPDL,195.0,197.2,199.9,195.0,9939,stock
2023-08-03,SPDL,200.0,196.0,201.1,196.0,15009,stock
2023-08-06,SPDL,198.8,189.0,198.8,187.0,12717,stock
2023-08-07,SPDL,188.0,192.0,195.0,185.5,15544,stock
2023-08-08,SPDL,195.0,187.0,195.0,184.0,13694,stock
2023-08-09,SPDL,190.0,191.0,191.0,184.0,5983,stock
2023-08-10,SPDL,194.4,185.1,198.5,185.1,14637,stock
2023-08-13,SPDL,187.0,190.9,194.5,187.0,12222,stock
2023-08-14,SPDL,193.0,189.9,193.0,186.0,13095,stock
2023-08-15,SPDL,189.0,187.5,189.0,182.1,12411,stock
2023-08-16,SPDL,184.0,186.6,186.6,180.4,6421,stock
2023-08-17,SPDL,187.0,182.9,187.0,181.6,8972,stock
2023-08-20,SPDL,180.2,180.0,182.0,175.3,21405,stock
2023-08-21,SPDL,176.5,173.0,178.0,170.0,15692,stock
2023-08-22,SPDL,170.2,176.4,176.4,170.2,5889,stock
2023-08-23,SPDL,177.9,184.8,184.9,177.0,8114,stock
2023-08-24,SPDL,181.2,179.9,186.0,177.4,7267,stock
2023-08-27,SPDL,182.0,177.9,182.0,174.0,4697,stock
2023-08-28,SPDL,177.9,175.0,179.8,174.0,4903,stock
2023-08-29,SPDL,175.0,175.0,177.0,171.8,8436,stock
2023-08-30,SPDL,172.5,174.5,174.5,171.5,5124,stock
2023-09-03,SPDL,172.0,169.8,175.0,167.0,9710,stock
2023-09-04,SPDL,171.8,166.0,171.8,164.0,11047,stock
2023-09-05,SPDL,166.0,163.9,166.0,161.1,5562,stock
2023-09-07,SPDL,161.0,163.1,166.0,161.0,12365,stock
2023-09-10,SPDL,162.0,163.5,166.3,160.1,10128,stock
2023-09-11,SPDL,163.0,165.0,169.8,161.0,10429,stock
2023-09-12,SPDL,168.0,164.0,168.0,164.0,10952,stock
2023-09-13,SPDL,166.9,175.0,177.3,164.0,13522,stock
2023-09-17,SPDL,176.0,171.9,178.0,167.5,15916,stock
2023-09-18,SPDL,175.0,174.0,177.8,172.0,4304,stock
2023-09-19,SPDL,177.4,183.0,184.0,174.0,15988,stock
2023-09-21,SPDL,186.6,191.0,196.0,181.5,36696,stock
2023-09-24,SPDL,193.0,188.0,197.7,186.0,31230,stock
2023-09-25,SPDL,191.6,188.0,193.1,185.0,14467,stock
2023-09-26,SPDL,191.7,193.0,196.0,191.1,26225,stock
2023-09-27,SPDL,193.3,191.3,194.0,189.2,17674,stock
2023-10-01,SPDL,188.0,184.5,188.0,180.4,12782,stock
2023-10-02,SPDL,181.0,186.0,189.9,180.2,8313,stock
2023-10-03,SPDL,186.0,180.0,186.0,179.0,8578,stock
2023-10-04,SPDL,182.9,186.8,190.0,182.9,8252,stock
2023-10-05,SPDL,183.9,183.0,187.0,183.0,3562,stock
2023-10-08,SPDL,186.6,177.0,186.6,177.0,15730,stock
2023-10-09,SPDL,177.0,176.0,180.0,175.3,4946,stock
2023-10-10,SPDL,176.0,169.0,176.0,169.0,11784,stock
2023-10-11,SPDL,172.3,169.0,175.0,169.0,5308,stock
2023-10-12,SPDL,172.3,167.8,172.3,165.1,11242,stock
2023-10-16,SPDL,167.4,167.0,170.5,164.5,9977,stock
2023-10-17,SPDL,170.3,162.0,172.9,161.7,25536,stock
2023-10-18,SPDL,165.2,169.0,171.2,161.5,8004,stock
2023-10-19,SPDL,172.0,168.0,172.0,167.0,7108,stock
2023-10-29,SPDL,171.0,167.0,171.0,165.0,2493,stock
2023-10-30,SPDL,170.0,168.5,170.0,163.9,1393,stock
2023-10-31,SPDL,170.0,165.5,170.0,163.0,1280,stock
2023-11-01,SPDL,168.8,165.0,168.8,161.7,1934,stock
2023-11-02,SPDL,164.5,164.0,164.5,161.7,3138,stock
2023-11-05,SPDL,160.9,160.0,162.0,160.0,9336,stock
2023-11-06,SPDL,163.0,165.0,166.6,163.0,12689,stock
2023-11-07,SPDL,167.0,165.2,167.5,161.7,4793,stock
2023-11-08,SPDL,165.0,166.0,166.0,164.8,1372,stock
2023-11-09,SPDL,162.7,165.0,166.3,162.7,3499,stock
2023-11-20,SPDL,168.3,168.9,171.6,163.7,4057,stock
2023-11-21,SPDL,165.6,163.0,165.6,162.3,7891,stock
2023-11-22,SPDL,163.0,168.0,168.0,163.0,3329,stock
2023-11-23,SPDL,168.0,170.3,170.8,166.5,8283,stock
2023-11-26,SPDL,171.9,184.0,184.0,171.5,16510,stock
2023-11-27,SPDL,187.6,181.9,187.6,180.0,14219,stock
2023-11-28,SPDL,179.3,178.7,183.0,178.7,5626,stock
2023-11-29,SPDL,178.0,178.8,179.0,176.1,4634,stock
2023-11-30,SPDL,176.3,173.5,176.3,173.5,13686,stock
2023-12-03,SPDL,170.2,172.4,172.4,169.0,2848,stock
2023-12-04,SPDL,170.0,171.0,175.0,170.0,7358,stock
2023-12-05,SPDL,173.0,167.9,176.4,167.9,3740,stock
2023-12-06,SPDL,168.0,171.2,171.2,165.1,7836,stock
2023-12-07,SPDL,172.0,172.0,173.0,169.6,5292,stock
2023-12-10,SPDL,175.4,186.0,186.0,175.4,1800,stock
2023-12-11,SPDL,185.0,180.0,185.0,174.5,119951,stock
2023-12-12,SPDL,180.0,192.0,192.9,176.5,104120,stock
2023-12-13,SPDL,195.8,200.0,204.0,190.2,111090,stock
2023-12-14,SPDL,197.0,198.4,206.0,195.2,81201,stock
2023-12-17,SPDL,194.5,217.0,217.0,192.1,236167,stock
2023-12-18,SPDL,221.3,215.0,225.7,209.0,172438,stock
2023-12-19,SPDL,218.0,214.9,220.0,206.8,60473,stock
2023-12-20,SPDL,219.1,217.0,223.0,211.1,149638,stock
2023-12-21,SPDL,221.0,222.1,234.0,213.0,184067,stock
2023-12-24,SPDL,225.0,227.5,242.3,218.1,219856,stock
2023-12-27,SPDL,227.5,225.0,239.0,222.4,163821,stock
2023-12-28,SPDL,229.5,225.0,233.9,220.6,59928,stock
2024-01-01,SPDL,229.5,217.0,229.5,212.0,79168,stock
2024-01-02,SPDL,219.0,208.0,219.0,201.0,77682,stock
2024-01-03,SPDL,212.0,217.0,217.1,207.8,66262,stock
2024-01-04,SPDL,221.3,224.5,234.6,217.7,300866,stock
2024-01-07,SPDL,228.9,245.0,246.9,228.9,491109,stock
2024-01-08,SPDL,249.9,258.0,260.0,238.0,181103,stock
2024-01-09,SPDL,260.0,245.0,260.1,243.6,136231,stock
2024-01-10,SPDL,245.0,242.0,252.5,242.0,87133,stock
2024-01-11,SPDL,240.0,249.2,253.7,240.0,246351,stock
2024-01-14,SPDL,249.2,258.0,264.1,249.2,205639,stock
2024-01-16,SPDL,260.0,269.9,277.0,255.1,268216,stock
2024-01-17,SPDL,270.0,254.0,275.0,253.0,260405,stock
2024-01-18,SPDL,254.0,279.4,279.4,249.5,369070,stock
2024-01-21,SPDL,284.0,283.2,299.8,277.0,366276,stock
2024-01-22,SPDL,283.5,270.0,286.7,260.0,222871,stock
2024-01-23,SPDL,273.0,269.5,276.0,267.1,161816,stock
2024-01-24,SPDL,270.1,261.0,274.8,257.1,90971,stock
2024-01-25,SPDL,266.0,259.0,267.0,256.0,81584,stock
2024-01-28,SPDL,264.0,264.0,266.0,256.2,99335,stock
2024-01-29,SPDL,269.0,264.9,269.0,262.0,95527,stock
2024-01-30,SPDL,270.0,288.0,290.7,268.0,329828,stock
2024-01-31,SPDL,293.7,281.0,297.0,278.4,279233,stock
2024-02-01,SPDL,280.0,274.0,284.9,272.1,123047,stock
2024-02-04,SPDL,268.6,274.9,277.0,266.1,78287,stock
2024-02-05,SPDL,275.0,274.9,280.0,273.0,45667,stock
2024-02-06,SPDL,278.0,277.3,281.0,273.0,61375,stock
2024-02-07,SPDL,282.8,279.0,285.0,278.0,65640,stock
2024-02-11,SPDL,284.9,279.9,287.0,276.0,94258,stock
2024-02-12,SPDL,280.0,280.0,283.5,276.1,62855,stock
2024-02-13,SPDL,277.2,277.0,282.0,271.0,119037,stock
2024-02-14,SPDL,275.0,271.8,276.0,270.0,58746,stock
2024-02-15,SPDL,271.9,273.7,281.5,271.9,132545,stock
2024-02-18,SPDL,274.0,266.1,275.0,266.0,64794,stock
2024-02-20,SPDL,266.0,262.8,271.0,261.9,47072,stock
2024-02-21,SPDL,265.0,264.0,272.0,260.4,33340,stock
2024-02-22,SPDL,267.9,259.0,267.9,256.0,64883,stock
2024-02-25,SPDL,256.0,247.1,258.9,246.5,50945,stock
2024-02-26,SPDL,244.0,251.0,257.0,244.0,34070,stock
2024-02-27,SPDL,256.0,255.0,265.0,246.1,33284,stock
2024-02-28,SPDL,251.2,252.9,258.0,250.1,19832,stock
2024-02-29,SPDL,248.5,244.8,252.8,243.0,46825,stock
2024-03-03,SPDL,240.1,242.5,247.0,239.0,34393,stock
2024-03-04,SPDL,247.3,257.2,257.2,247.3,60,stock
2024-03-05,SPDL,262.3,252.7,263.0,250.0,46472,stock
2024-03-06,SPDL,257.7,254.0,258.0,244.0,55288,stock
2024-03-07,SPDL,259.0,255.0,264.0,253.0,27674,stock
2024-03-10,SPDL,260.1,254.0,263.9,253.0,22660,stock
2024-03-12,SPDL,259.0,263.8,264.1,255.0,57425,stock
2024-03-13,SPDL,269.0,260.1,269.0,259.0,43511,stock
2024-03-14,SPDL,257.7,257.1,263.9,255.3,19303,stock
2024-03-17,SPDL,260.0,253.0,260.0,252.6,17104,stock
2024-03-18,SPDL,258.0,250.0,258.0,249.0,28690,stock
2024-03-19,SPDL,254.0,250.0,256.0,250.0,19637,stock
2024-03-20,SPDL,255.0,248.1,255.0,247.3,19154,stock
2024-03-21,SPDL,249.0,245.0,249.0,244.0,29131,stock
2024-03-25,SPDL,245.0,241.0,245.7,240.0,31556,stock
2024-03-26,SPDL,243.0,248.0,248.8,241.0,22617,stock
2024-03-27,SPDL,251.9,243.9,251.9,237.3,25438,stock
2024-03-28,SPDL,240.0,245.0,245.8,236.0,36774,stock
2024-03-31,SPDL,241.0,245.0,254.0,240.1,28262,stock
2024-04-01,SPDL,242.0,238.6,244.0,238.3,19948,stock
2024-04-02,SPDL,238.0,238.6,245.0,236.1,19682,stock
2024-04-03,SPDL,241.9,233.3,241.9,233.3,17024,stock
2024-04-04,SPDL,230.0,231.0,239.0,229.1,23362,stock
2024-04-07,SPDL,235.6,236.0,240.3,230.9,23539,stock
2024-04-09,SPDL,240.5,237.0,249.0,235.4,24303,stock
2024-04-10,SPDL,241.0,235.0,241.4,235.0,26988,stock
2024-04-14,SPDL,231.1,236.5,240.5,231.1,13739,stock
2024-04-15,SPDL,232.5,239.0,240.4,232.5,19442,stock
2024-04-16,SPDL,235.6,234.5,239.4,232.0,15528,stock
2024-04-18,SPDL,230.0,229.0,230.5,226.0,16469,stock
2024-04-21,SPDL,226.1,236.8,237.1,226.0,25057,stock
2024-04-22,SPDL,241.0,231.0,241.4,229.0,7950,stock
2024-04-24,SPDL,228.1,229.0,234.0,227.0,10553,stock
2024-04-25,SPDL,233.5,229.0,237.8,222.0,23247,stock
2024-04-28,SPDL,233.0,227.7,233.0,226.1,10682,stock
2024-04-29,SPDL,232.0,224.1,232.0,224.1,20094,stock
2024-04-30,SPDL,220.2,232.9,239.0,220.2,31675,stock
2024-05-02,SPDL,237.0,230.0,237.0,228.0,21602,stock
2024-05-05,SPDL,225.6,228.9,234.7,225.1,35126,stock
2024-05-06,SPDL,233.0,226.5,233.0,225.0,19702,stock
2024-05-07,SPDL,231.0,227.0,233.1,226.0,11986,stock
2024-05-08,SPDL,231.5,228.0,231.5,225.0,12050,stock
2024-05-09,SPDL,232.5,228.0,232.5,225.0,28482,stock
2024-05-12,SPDL,232.5,232.7,246.0,224.1,45317,stock
2024-05-13,SPDL,230.0,229.7,253.6,225.0,8357,stock
2024-05-14,SPDL,226.4,239.0,239.9,226.4,40366,stock
2024-05-15,SPDL,236.0,239.0,245.0,233.4,24742,stock
2024-05-16,SPDL,235.0,234.1,239.7,233.0,9655,stock
2024-05-19,SPDL,237.9,236.9,241.7,230.0,35452,stock
2024-05-20,SPDL,241.5,239.9,244.0,238.0,48028,stock
2024-05-21,SPDL,236.0,244.3,248.7,236.0,59340,stock
2024-05-22,SPDL,248.0,244.0,251.0,242.2,67991,stock
2024-05-26,SPDL,240.0,240.9,244.9,237.2,36952,stock
2024-05-27,SPDL,245.7,245.0,245.7,238.2,34202,stock
2024-05-29,SPDL,249.9,237.8,249.9,237.4,24309,stock
2024-05-30,SPDL,242.5,235.0,242.5,233.0,46490,stock
2024-06-02,SPDL,231.0,234.0,238.9,231.0,26042,stock
2024-06-03,SPDL,238.5,236.0,240.0,231.0,19517,stock
2024-06-04,SPDL,236.0,233.8,236.0,231.4,16982,stock
2024-06-05,SPDL,230.4,231.9,234.0,229.0,25644,stock
2024-06-06,SPDL,229.0,230.0,231.9,227.8,11707,stock
2024-06-09,SPDL,230.0,242.0,244.0,228.7,54048,stock
2024-06-10,SPDL,238.0,243.5,247.0,238.0,86305,stock
2024-06-11,SPDL,240.0,251.0,256.7,240.0,127225,stock
2024-06-12,SPDL,255.9,249.9,258.0,247.0,121098,stock
2024-06-13,SPDL,254.0,252.0,254.0,245.5,79235,stock
2024-06-16,SPDL,256.0,252.0,259.9,250.0,97460,stock
2024-06-18,SPDL,247.0,247.0,253.0,244.0,47553,stock
2024-06-19,SPDL,244.0,250.0,255.0,244.0,52663,stock
2024-06-20,SPDL,245.0,258.9,269.0,245.0,49090,stock
2024-06-23,SPDL,253.8,249.6,268.0,240.0,74549,stock
2024-06-24,SPDL,245.0,245.0,254.5,242.1,34922,stock
2024-06-25,SPDL,243.0,242.0,247.8,241.5,29140,stock
2024-06-26,SPDL,246.6,237.4,246.6,237.4,31549,stock
2024-06-27,SPDL,232.8,238.5,242.3,232.8,23122,stock
2024-06-30,SPDL,235.0,235.0,241.0,230.5,40809,stock
2024-07-01,SPDL,237.6,234.0,238.0,232.0,20132,stock
2024-07-02,SPDL,238.6,240.0,256.8,238.0,41240,stock
2024-07-03,SPDL,238.0,241.0,242.7,235.0,20390,stock
2024-07-04,SPDL,244.9,237.0,245.8,235.2,68023,stock
2024-07-07,SPDL,241.0,239.0,241.9,236.0,40264,stock
2024-07-08,SPDL,242.0,236.5,242.0,236.1,13231,stock
2024-07-09,SPDL,239.3,240.0,242.0,235.0,37718,stock
2024-07-10,SPDL,239.1,241.0,245.0,239.0,72726,stock
2024-07-11,SPDL,244.7,253.9,253.9,241.1,86135,stock
2024-07-14,SPDL,258.0,259.0,264.0,250.0,57797,stock
2024-07-15,SPDL,264.1,254.9,264.1,252.5,73276,stock
2024-07-16,SPDL,259.9,273.0,274.9,252.0,234693,stock
2024-07-17,SPDL,273.0,279.0,285.0,272.0,247684,stock
2024-07-18,SPDL,280.0,274.0,284.9,271.0,167471,stock
2024-07-21,SPDL,274.0,285.0,294.0,270.0,220287,stock
2024-07-22,SPDL,285.0,297.9,299.5,284.0,294743,stock
2024-07-23,SPDL,300.0,310.0,310.0,294.0,297312,stock
2024-07-24,SPDL,316.2,299.1,316.2,294.0,186043,stock
2024-07-25,SPDL,295.0,295.3,303.0,288.2,165082,stock
2024-07-28,SPDL,300.0,298.9,313.0,291.0,174330,stock
2024-07-29,SPDL,300.0,307.0,312.0,294.1,322145,stock
2024-07-30,SPDL,307.0,332.0,334.0,304.0,323317,stock
2024-07-31,SPDL,336.0,343.0,364.1,336.0,307551,stock
2024-08-01,SPDL,340.5,324.4,345.0,323.0,331202,stock
2024-08-05,SPDL,324.0,334.0,340.0,318.0,285319,stock
2024-08-06,SPDL,330.0,308.0,346.8,305.1,303042,stock
2024-08-07,SPDL,310.0,328.0,329.8,309.0,156919,stock
2024-08-08,SPDL,334.3,321.0,336.5,320.0,204244,stock
2024-08-11,SPDL,327.4,339.8,343.6,327.0,278908,stock
2024-08-12,SPDL,346.5,358.0,358.0,338.1,334682,stock
2024-08-13,SPDL,365.0,350.0,365.1,340.0,215363,stock
2024-08-14,SPDL,357.0,356.1,359.8,338.0,214455,stock
2024-08-15,SPDL,363.0,373.0,389.0,355.0,467787,stock
2024-08-18,SPDL,375.0,354.0,380.0,343.1,298785,stock
2024-08-21,SPDL,360.9,358.0,368.0,350.0,184079,stock
2024-08-22,SPDL,363.9,364.0,365.0,350.0,164286,stock
2024-08-25,SPDL,365.0,346.0,365.0,344.0,166246,stock
2024-08-27,SPDL,340.1,323.0,349.0,320.0,178579,stock
2024-08-28,SPDL,329.0,323.0,338.7,318.6,271270,stock
2024-08-29,SPDL,329.4,320.0,330.0,316.7,146268,stock
2024-09-01,SPDL,326.0,313.0,326.0,309.0,127536,stock
2024-09-02,SPDL,315.0,330.0,332.0,309.0,129471,stock
2024-09-03,SPDL,335.0,332.0,338.5,322.5,173073,stock
2024-09-04,SPDL,330.0,320.0,334.9,315.1,164921,stock
2024-09-05,SPDL,313.7,316.0,321.0,310.0,83812,stock
2024-09-08,SPDL,322.0,313.0,322.3,310.0,81368,stock
2024-09-09,SPDL,308.5,305.0,313.0,302.1,76341,stock
2024-09-10,SPDL,310.0,299.0,316.0,298.1,70335,stock
2024-09-11,SPDL,296.0,293.0,312.0,291.1,51785,stock
2024-09-12,SPDL,293.0,307.0,310.0,291.0,70604,stock
2024-09-15,SPDL,309.0,300.0,313.5,296.0,129677,stock
2024-09-16,SPDL,294.0,293.0,300.0,291.0,52914,stock
2024-09-18,SPDL,298.8,291.3,298.8,289.0,54539,stock
2024-09-22,SPDL,297.1,292.0,300.0,288.0,19058,stock
2024-09-23,SPDL,290.0,280.7,290.0,280.0,56240,stock
2024-09-24,SPDL,280.0,262.1,285.0,260.0,61108,stock
2024-09-25,SPDL,267.3,282.5,282.5,260.0,86566,stock
2024-09-26,SPDL,282.0,270.0,286.5,266.6,60899,stock
2024-09-29,SPDL,269.0,265.0,273.0,262.0,37494,stock
2024-09-30,SPDL,266.1,274.9,275.0,266.0,40961,stock
2024-10-01,SPDL,279.9,297.0,298.0,275.0,110855,stock
2024-10-02,SPDL,292.0,295.0,301.0,285.4,96032,stock
2024-10-06,SPDL,295.0,319.0,319.0,289.3,89828,stock
2024-10-07,SPDL,319.0,313.0,323.9,313.0,87837,stock
2024-10-08,SPDL,309.0,303.1,313.2,303.0,67753,stock
2024-10-09,SPDL,304.0,305.0,309.0,301.0,66405,stock
2024-10-15,SPDL,311.1,306.2,316.2,304.5,12290,stock
2024-10-16,SPDL,312.3,311.1,315.0,310.7,30545,stock
2024-10-17,SPDL,315.0,310.0,319.0,307.0,80800,stock
2024-10-20,SPDL,305.0,308.9,317.1,304.0,171619,stock
2024-10-21,SPDL,304.0,299.9,310.9,298.0,66248,stock
2024-10-22,SPDL,296.0,305.0,309.0,295.0,30201,stock
2024-10-23,SPDL,310.0,310.0,311.0,302.0,76994,stock
2024-10-24,SPDL,310.0,310.0,310.0,304.0,48043,stock
2024-10-27,SPDL,310.0,310.0,310.9,306.5,60326,stock
2024-10-28,SPDL,307.0,315.8,317.0,307.0,131682,stock
2024-10-29,SPDL,316.5,317.9,322.0,315.2,175102,stock
2024-10-30,SPDL,324.2,319.0,326.0,314.0,93343,stock
2024-11-05,SPDL,320.0,318.0,324.0,316.0,79389,stock
2024-11-06,SPDL,324.3,334.0,335.0,317.0,302231,stock
2024-11-10,SPDL,340.6,340.0,344.0,334.0,170678,stock
2024-11-11,SPDL,335.0,328.1,343.0,322.6,296145,stock
2024-11-12,SPDL,327.2,325.0,333.7,323.0,78650,stock
2024-11-13,SPDL,325.1,325.0,328.5,321.0,57778,stock
2024-11-14,SPDL,325.0,334.0,338.0,322.0,156719,stock
2024-11-17,SPDL,340.0,329.0,347.0,329.0,153634,stock
2024-11-19,SPDL,330.0,316.0,330.0,314.1,134758,stock
2024-11-20,SPDL,319.8,318.9,322.5,316.0,69510,stock
2024-11-21,SPDL,324.0,312.9,325.0,312.9,69155,stock
2024-11-24,SPDL,316.0,308.0,317.0,307.7,45029,stock
2024-11-25,SPDL,314.0,309.1,314.0,308.1,50340,stock
2024-11-26,SPDL,315.0,318.3,321.0,310.2,53199,stock
2024-11-27,SPDL,324.6,327.9,328.5,319.0,64159,stock
2024-11-28,SPDL,334.4,322.7,334.4,320.0,53080,stock
2024-12-01,SPDL,323.0,319.9,324.3,308.0,72720,stock
2024-12-02,SPDL,324.9,320.0,331.0,320.0,87513,stock
2024-12-03,SPDL,326.0,323.0,329.1,320.0,64183,stock
2024-12-04,SPDL,327.9,332.5,340.0,320.0,249053,stock
2024-12-05,SPDL,338.0,326.0,338.0,323.4,175429,stock
2024-12-08,SPDL,329.8,323.0,331.0,318.0,90889,stock
2024-12-09,SPDL,329.4,325.4,329.4,323.0,60610,stock
2024-12-10,SPDL,321.0,323.2,328.9,321.0,44312,stock
2024-12-11,SPDL,317.1,334.1,337.1,317.1,158567,stock
2024-12-12,SPDL,337.0,334.9,343.2,332.0,174021,stock
2024-12-16,SPDL,330.0,324.4,332.5,323.1,93933,stock
2024-12-17,SPDL,320.0,324.0,330.6,309.0,59067,stock
2024-12-18,SPDL,320.1,323.5,327.7,320.1,54786,stock
2024-12-19,SPDL,329.9,317.1,329.9,317.0,87900,stock
2024-12-22,SPDL,311.0,317.0,329.0,311.0,51508,stock
2024-12-23,SPDL,323.0,325.9,329.0,318.5,48871,stock
2024-12-24,SPDL,332.4,334.0,334.0,325.8,102644,stock
2024-12-26,SPDL,334.0,330.0,334.0,327.0,75284,stock
2024-12-29,SPDL,335.0,322.9,335.0,320.3,48068,stock
2024-12-31,SPDL,319.0,316.0,321.0,311.6,47926,stock
2025-01-01,SPDL,320.1,319.1,323.0,317.5,21448,stock
2025-01-02,SPDL,325.0,325.1,330.0,318.6,45923,stock
2025-01-05,SPDL,328.0,331.0,333.0,325.1,75652,stock
2025-01-06,SPDL,337.0,338.0,338.0,328.3,149810,stock
2025-01-07,SPDL,344.7,335.0,344.7,331.0,109067,stock
2025-01-08,SPDL,340.0,339.0,341.0,332.1,112029,stock
2025-01-09,SPDL,339.0,358.0,369.0,336.5,806194,stock
2025-01-12,SPDL,365.0,342.7,365.0,340.1,216295,stock
2025-01-13,SPDL,349.5,333.0,349.5,332.0,199800,stock
2025-01-15,SPDL,338.8,327.5,338.9,326.5,108089,stock
2025-01-16,SPDL,331.9,325.7,334.5,322.0,94215,stock
2025-01-19,SPDL,332.0,335.0,335.0,322.0,81148,stock
2025-01-20,SPDL,338.9,332.9,338.9,331.1,84791,stock
2025-01-21,SPDL,330.1,326.5,335.0,325.5,66470,stock
2025-01-22,SPDL,333.0,335.0,336.0,327.2,101854,stock
2025-01-23,SPDL,338.0,336.1,343.9,334.5,175164,stock
2025-01-26,SPDL,335.2,338.0,346.8,335.2,158467,stock
2025-01-27,SPDL,344.0,340.0,350.8,338.0,228566,stock
2025-01-28,SPDL,344.9,345.0,351.0,343.0,167367,stock
2025-02-02,SPDL,350.9,348.0,357.0,339.0,245001,stock
2025-02-03,SPDL,353.9,344.0,354.0,340.0,215028,stock
2025-02-04,SPDL,347.0,347.0,355.0,340.3,172731,stock
2025-02-05,SPDL,348.0,364.0,369.0,348.0,612997,stock
2025-02-06,SPDL,370.0,366.0,378.0,364.0,383545,stock
2025-02-09,SPDL,370.0,362.8,373.0,357.5,260447,stock
2025-02-10,SPDL,357.0,355.9,364.0,352.2,211156,stock
2025-02-11,SPDL,355.0,371.0,377.2,355.0,352084,stock
2025-02-12,SPDL,378.0,374.5,387.0,370.5,419100,stock
2025-02-13,SPDL,373.0,376.0,381.9,372.5,282767,stock
2025-02-16,SPDL,373.0,371.0,380.0,369.0,225743,stock
2025-02-17,SPDL,373.0,366.9,376.5,365.2,147977,stock
2025-02-18,SPDL,370.0,363.0,370.0,358.2,151757,stock
2025-02-20,SPDL,369.9,356.0,369.9,355.3,117045,stock
2025-02-23,SPDL,350.1,354.4,366.0,345.0,146408,stock
2025-02-24,SPDL,359.0,353.7,364.0,352.2,110697,stock
2025-02-25,SPDL,359.0,353.9,359.0,350.2,85709,stock
2025-02-27,SPDL,360.0,362.0,367.0,353.1,140091,stock
2025-03-02,SPDL,365.0,367.0,370.0,359.0,115672,stock
2025-03-03,SPDL,371.9,358.9,373.9,355.3,116970,stock
2025-03-04,SPDL,351.8,358.0,366.9,351.8,137341,stock
2025-03-05,SPDL,359.1,354.0,362.9,352.3,98280,stock
2025-03-06,SPDL,359.8,352.9,359.8,350.0,80991,stock
2025-03-09,SPDL,356.9,346.0,359.0,345.1,89983,stock
2025-03-10,SPDL,348.0,343.0,352.0,340.7,58814,stock
2025-03-11,SPDL,340.0,334.9,348.0,334.7,95924,stock
2025-03-12,SPDL,339.8,339.5,354.9,338.0,109972,stock
2025-03-16,SPDL,340.0,339.9,344.0,334.0,52204,stock
2025-03-17,SPDL,339.0,335.0,342.9,335.0,31253,stock
2025-03-18,SPDL,340.0,332.0,340.0,331.0,34998,stock
2025-03-19,SPDL,329.0,332.4,335.0,328.1,72485,stock
2025-03-20,SPDL,339.0,333.82,339.0,326.0,48072,stock
2025-03-23,SPDL,340.0,323.7,340.0,322.0,75464,stock
2025-03-24,SPDL,322.1,326.09,331.9,315.7,56506,stock
2025-03-25,SPDL,324.0,315.52,325.0,314.0,59031,stock
2025-03-26,SPDL,315.0,319.92,324.0,313.1,44915,stock
2025-03-27,SPDL,320.0,319.6,325.0,308.9,60307,stock
2025-03-30,SPDL,320.1,325.43,334.0,320.1,88882,stock
2025-04-01,SPDL,327.0,321.8,328.0,320.1,38110,stock
2025-04-02,SPDL,320.0,323.74,326.9,320.0,44906,stock
2025-04-03,SPDL,324.0,325.49,332.0,324.0,73855,stock
2025-04-07,SPDL,325.0,324.66,330.0,320.4,64695,stock
2025-04-08,SPDL,319.0,322.12,324.0,315.0,41989,stock
2025-04-09,SPDL,322.0,320.04,332.0,319.0,59205,stock
2025-04-10,SPDL,326.4,325.52,328.0,320.5,62280,stock
2025-04-13,SPDL,331.0,329.28,334.8,325.0,65683,stock
2025-04-15,SPDL,335.0,335.66,340.4,324.2,86165,stock
2025-04-16,SPDL,340.0,345.35,347.8,331.0,105624,stock
2025-04-17,SPDL,348.9,342.47,353.0,340.0,114764,stock
2025-04-20,SPDL,342.0,342.83,345.0,337.0,88291,stock
2025-04-21,SPDL,343.9,357.37,360.0,342.0,265023,stock
2025-04-22,SPDL,363.0,348.65,364.4,348.0,131911,stock
2025-04-23,SPDL,345.0,340.46,348.0,335.3,75294,stock
2025-04-24,SPDL,347.0,346.39,349.0,332.2,118011,stock
2025-04-27,SPDL,352.0,345.61,355.9,341.2,146740,stock
2025-04-28,SPDL,346.0,343.73,356.0,342.1,103385,stock
2025-04-29,SPDL,349.9,354.51,359.0,345.0,300172,stock
2025-04-30,SPDL,348.0,384.15,389.0,348.0,679566,stock
2025-05-04,SPDL,391.8,392.47,409.8,386.7,675678,stock
2025-05-05,SPDL,400.0,390.6,400.0,377.3,399182,stock
2025-05-06,SPDL,383.1,406.0,410.0,383.1,434214,stock
2025-05-07,SPDL,406.3,398.43,412.9,396.0,404169,stock
2025-05-08,SPDL,391.6,403.33,419.9,391.6,488684,stock
2025-05-11,SPDL,396.1,383.43,412.0,380.0,335696,stock
2025-05-13,SPDL,383.0,390.46,399.0,383.0,299367,stock
2025-05-14,SPDL,396.1,375.43,396.1,372.0,244954,stock
2025-05-15,SPDL,370.0,367.46,383.5,364.0,221206,stock
2025-05-18,SPDL,368.0,352.35,374.0,346.2,225267,stock
2025-05-19,SPDL,346.0,358.91,370.0,346.0,131019,stock
2025-05-20,SPDL,352.1,372.04,376.0,352.0,118257,stock
2025-05-21,SPDL,379.4,364.47,397.0,363.2,228953,stock
2025-05-22,SPDL,365.0,356.51,371.5,355.0,129969,stock
2025-05-25,SPDL,352.0,357.08,366.0,352.0,91209,stock
2025-05-26,SPDL,364.2,356.36,371.4,355.0,146855,stock
2025-05-27,SPDL,353.1,360.64,369.0,352.1,130013,stock
2025-05-28,SPDL,353.5,370.94,377.0,353.5,183864,stock
2025-06-02,SPDL,378.3,366.11,384.0,365.5,93333,stock
2025-06-03,SPDL,365.0,358.21,367.0,357.0,102557,stock
2025-06-04,SPDL,358.0,354.68,362.0,352.4,78375,stock
2025-06-05,SPDL,355.0,364.45,371.0,353.1,106150,stock
2025-06-08,SPDL,368.0,386.98,393.0,367.0,370682,stock
2025-06-09,SPDL,390.0,390.77,394.0,378.4,192702,stock
2025-06-10,SPDL,398.5,389.67,406.4,385.3,375635,stock
2025-06-11,SPDL,397.4,428.6,428.6,389.0,795464,stock
2025-06-12,SPDL,435.0,434.61,458.0,428.0,636013,stock
2025-06-15,SPDL,429.9,438.23,448.8,429.9,744753,stock
2025-06-16,SPDL,438.0,417.04,445.0,415.0,585762,stock
2025-06-17,SPDL,419.0,427.93,429.8,410.1,270573,stock
2025-06-18,SPDL,420.0,455.24,458.0,420.0,612784,stock
2025-06-19,SPDL,464.3,437.63,465.0,435.0,591161,stock
2025-06-22,SPDL,435.0,417.59,443.0,416.5,353789,stock
2025-06-23,SPDL,409.3,421.02,427.3,409.3,208159,stock
2025-06-24,SPDL,413.0,413.89,433.5,412.6,199186,stock
2025-06-25,SPDL,408.0,421.66,430.0,408.0,240492,stock
2025-06-26,SPDL,414.0,414.09,433.0,413.0,237011,stock
2025-06-29,SPDL,407.5,410.41,419.5,407.5,161764,stock
2025-06-30,SPDL,408.0,408.9,418.9,407.0,165401,stock
2025-07-01,SPDL,416.8,427.82,430.0,409.0,304714,stock
2025-07-02,SPDL,422.0,423.79,438.6,419.1,303209,stock
2025-07-03,SPDL,418.0,411.21,429.5,410.0,184791,stock
2025-07-06,SPDL,406.0,398.76,414.0,397.0,225873,stock
2025-07-07,SPDL,391.0,395.43,407.9,391.0,127056,stock
2025-07-08,SPDL,400.0,397.54,405.0,387.0,95863,stock
2025-07-09,SPDL,405.0,408.02,416.0,397.2,161581,stock
2025-07-10,SPDL,416.1,399.57,416.1,397.0,209843,stock
2025-07-13,SPDL,407.5,395.16,415.0,392.3,168588,stock
2025-07-14,SPDL,387.3,411.44,416.0,387.3,212737,stock
2025-07-15,SPDL,404.7,420.36,422.2,404.7,163606,stock
2025-07-16,SPDL,412.0,417.51,433.0,412.0,198538,stock
2025-07-17,SPDL,410.0,428.53,438.0,410.0,238043,stock
2025-07-20,SPDL,437.1,421.77,437.1,419.1,272076,stock
2025-07-21,SPDL,426.0,421.95,426.0,418.0,198935,stock
2025-07-22,SPDL,421.9,422.5,435.0,420.0,204295,stock
2025-07-23,SPDL,430.9,424.02,430.9,420.0,184176,stock
2025-07-24,SPDL,432.0,438.0,444.9,422.0,384733,stock
2025-07-27,SPDL,444.9,435.9,456.5,435.0,440087,stock
2025-07-28,SPDL,427.2,438.0,443.1,427.2,230952,stock
2025-07-29,SPDL,429.3,432.0,450.0,429.3,154177,stock
2025-07-30,SPDL,427.6,416.43,434.0,414.6,191823,stock
2025-07-31,SPDL,416.1,410.49,421.6,410.0,158705,stock
2025-08-03,SPDL,410.0,413.32,417.0,408.3,113208,stock
2025-08-04,SPDL,415.0,410.77,418.0,407.0,125497,stock
2025-08-05,SPDL,416.9,404.58,416.9,404.0,75615,stock
2025-08-06,SPDL,405.0,408.29,415.0,401.0,68236,stock
2025-08-07,SPDL,415.9,409.82,415.9,405.0,79582,stock
2025-08-11,SPDL,417.9,404.66,417.9,400.0,116853,stock
2025-08-12,SPDL,400.0,401.81,407.9,398.2,82676,stock
2025-08-13,SPDL,409.8,406.8,414.5,402.1,68834,stock
2025-08-14,SPDL,404.0,406.46,410.0,404.0,63676,stock
2025-08-17,SPDL,407.0,401.07,413.2,400.1,87165,stock
2025-08-18,SPDL,405.0,403.75,408.0,400.0,46970,stock
2025-08-19,SPDL,396.0,404.52,410.0,396.0,42538,stock
2025-08-20,SPDL,401.4,401.19,407.8,400.3,39967,stock
2025-08-21,SPDL,402.0,397.56,404.0,396.1,65148,stock
2025-08-24,SPDL,397.0,392.98,401.0,391.5,53699,stock
2025-08-25,SPDL,390.0,395.49,399.8,388.3,45788,stock
2025-08-26,SPDL,395.5,394.67,399.0,393.0,32807,stock
2025-08-27,SPDL,395.0,412.37,414.0,395.0,78873,stock
2025-08-28,SPDL,404.2,400.03,420.0,398.0,133784,stock
2025-08-31,SPDL,400.0,396.21,404.9,395.0,69328,stock
2025-09-01,SPDL,396.0,395.96,401.0,393.2,47971,stock
2025-09-02,SPDL,403.0,391.14,403.0,391.0,45915,stock
2025-09-03,SPDL,390.0,393.0,403.6,390.0,57621,stock
2025-09-04,SPDL,394.0,396.67,399.0,393.0,102347,stock
2025-09-07,SPDL,394.1,396.1,404.0,394.0,38060,stock
2025-09-08,SPDL,396.0,402.65,408.0,396.0,173738,stock
2025-09-18,SPDL,395.0,362.4,395.0,362.4,9385,stock
2025-09-21,SPDL,362.4,392.26,395.6,362.4,142092,stock
2025-09-23,SPDL,398.0,397.0,400.9,389.1,60954,stock
2025-09-24,SPDL,397.5,390.5,399.0,386.3,59096,stock
2025-09-25,SPDL,384.0,388.5,393.0,384.0,52319,stock
2025-09-28,SPDL,394.9,402.0,404.9,390.0,105654,stock
2025-10-07,SPDL,399.0,413.9,420.0,398.1,292100,stock
2025-10-08,SPDL,416.0,420.0,427.9,412.7,535359,stock
2025-10-09,SPDL,428.0,417.0,436.0,416.0,253942,stock
2025-10-12,SPDL,412.0,387.0,417.0,385.0,261681,stock
2025-10-13,SPDL,387.0,397.0,399.0,382.0,147353,stock
2025-10-14,SPDL,404.0,386.8,404.0,384.2,90428,stock
2025-10-15,SPDL,394.5,377.0,394.5,377.0,115271,stock
2025-10-16,SPDL,377.0,367.0,384.0,367.0,95746,stock
2025-10-19,SPDL,372.0,378.3,381.9,370.0,80083,stock
2025-10-26,SPDL,383.0,387.0,387.0,375.0,45782,stock
2025-10-28,SPDL,387.0,401.9,404.8,387.0,126971,stock
2025-10-29,SPDL,394.5,389.0,407.0,388.0,193729,stock
2025-10-30,SPDL,396.7,412.0,412.0,388.2,248573,stock
2025-11-02,SPDL,404.0,423.0,434.0,404.0,473402,stock
2025-11-03,SPDL,423.0,437.0,438.0,422.1,562831,stock
2025-11-04,SPDL,428.3,423.9,444.0,418.0,257687,stock
2025-11-05,SPDL,420.0,427.9,428.0,413.1,247164,stock
2025-11-06,SPDL,422.0,418.0,432.0,417.0,277371,stock
2025-11-09,SPDL,412.0,404.7,417.0,403.0,253281,stock
2025-11-10,SPDL,405.0,419.7,420.0,400.1,262829,stock
2025-11-11,SPDL,428.0,417.1,428.0,417.1,225839,stock
2025-11-12,SPDL,409.0,406.0,420.0,405.0,136502,stock
2025-11-13,SPDL,408.0,412.4,417.0,407.0,104229,stock
2025-11-16,SPDL,416.4,404.9,416.4,401.0,146537,stock
2025-11-17,SPDL,398.0,412.0,416.0,398.0,161026,stock
2025-11-18,SPDL,418.3,419.9,452.0,404.0,236605,stock
2025-11-19,SPDL,422.0,421.0,424.9,416.1,258323,stock
2025-11-20,SPDL,413.0,419.7,453.0,413.0,158000,stock
2025-11-23,SPDL,425.0,430.0,431.0,421.0,286980,stock
2025-11-24,SPDL,438.6,429.9,438.6,426.0,286046,stock
2025-11-25,SPDL,433.0,429.0,435.0,424.1,153585,stock
2025-11-26,SPDL,421.0,425.0,430.0,419.0,153648,stock
2025-11-27,SPDL,433.5,429.0,433.5,417.0,319081,stock
2025-11-30,SPDL,437.5,418.0,437.5,416.0,195374,stock
2025-12-01,SPDL,426.3,415.2,426.3,410.0,136395,stock
2025-12-02,SPDL,406.9,423.0,428.0,406.9,144787,stock
2025-12-03,SPDL,414.6,421.0,429.0,414.6,108976,stock
2025-12-07,SPDL,428.0,419.9,428.0,415.0,78699,stock
2025-12-08,SPDL,415.0,418.0,423.0,414.3,106023,stock
2025-12-09,SPDL,409.7,419.0,423.9,409.7,101424,stock
2025-12-10,SPDL,410.7,415.5,426.0,410.7,58915,stock
2025-12-11,SPDL,423.8,418.9,423.8,411.0,118250,stock
2025-12-14,SPDL,425.0,411.0,425.0,410.1,42477,stock
2025-12-15,SPDL,412.0,410.0,412.0,407.5,71333,stock
2025-12-16,SPDL,405.0,412.0,415.0,405.0,80339,stock
2025-12-17,SPDL,403.8,417.5,424.3,403.8,130702,stock
2025-12-18,SPDL,423.5,414.8,423.5,413.4,66953,stock
2025-12-21,SPDL,415.1,415.8,419.9,413.0,141734,stock
2025-12-22,SPDL,421.0,416.8,421.0,411.0,85444,stock
2025-12-23,SPDL,419.4,416.0,419.4,414.0,36044,stock
2025-12-24,SPDL,417.9,416.9,420.0,415.0,89560,stock
2025-12-28,SPDL,423.0,430.2,432.0,419.0,532395,stock
2025-12-29,SPDL,398.9,393.0,405.0,392.5,170727,stock
2025-12-31,SPDL,399.2,388.2,399.2,388.2,57045,stock
2026-01-01,SPDL,385.0,383.0,388.0,382.0,91375,stock
2026-01-04,SPDL,384.9,383.9,384.9,380.3,48961,stock
2026-01-05,SPDL,383.0,388.3,392.6,382.0,64846,stock
2026-01-06,SPDL,396.0,385.0,396.0,383.2,63846,stock
2026-01-07,SPDL,392.7,383.9,392.7,381.6,40374,stock
2026-01-08,SPDL,383.0,382.9,383.1,379.1,69376,stock
2026-01-12,SPDL,388.5,384.0,389.0,380.0,56625,stock
2026-01-13,SPDL,376.4,388.0,390.0,376.4,57957,stock
2026-01-14,SPDL,380.3,387.8,393.0,380.3,88704,stock
2026-01-18,SPDL,380.1,386.0,392.8,380.1,64257,stock
2026-01-20,SPDL,393.7,392.0,398.0,388.0,92987,stock
2026-01-21,SPDL,384.2,392.0,397.6,384.2,67168,stock
2026-01-22,SPDL,399.8,391.0,399.8,389.0,140393,stock
2026-01-25,SPDL,396.0,399.0,405.0,396.0,148075,stock
2026-01-26,SPDL,399.0,423.0,436.0,395.0,474705,stock
2026-01-27,SPDL,426.0,420.0,439.0,415.0,326568,stock
2026-01-28,SPDL,415.2,416.8,425.0,410.0,215138,stock
2026-01-29,SPDL,413.7,422.9,431.0,412.0,228522,stock
2026-02-01,SPDL,417.0,414.9,422.0,412.6,78486,stock
2026-02-02,SPDL,419.0,404.0,419.0,404.0,183719,stock
2026-02-03,SPDL,403.0,403.0,414.0,399.0,191733,stock
2026-02-04,SPDL,395.0,407.9,410.0,395.0,173734,stock
2026-02-05,SPDL,413.8,410.8,415.0,406.0,137365,stock
2026-02-08,SPDL,402.6,408.0,421.0,402.6,90951,stock
2026-02-09,SPDL,414.9,412.0,414.9,400.0,102598,stock
2026-02-10,SPDL,403.8,403.7,419.0,400.0,98469,stock
2026-02-11,SPDL,411.7,400.0,411.7,400.0,95122,stock
2026-02-12,SPDL,408.0,407.9,412.0,401.0,99555,stock
2026-02-16,SPDL,410.0,401.9,414.0,399.8,70473,stock
2026-02-17,SPDL,394.1,401.9,404.1,394.1,101821,stock
2026-02-22,SPDL,400.0,400.0,400.0,394.0,93167,stock
2026-02-23,SPDL,408.0,408.0,408.0,392.3,83486,stock
2026-02-24,SPDL,400.0,400.3,410.0,399.0,87164,stock
2026-02-25,SPDL,407.0,399.0,407.0,396.0,56573,stock
2026-02-26,SPDL,398.0,395.0,403.9,395.0,28768,stock
2026-03-01,SPDL,389.1,400.0,400.0,389.1,17218,stock
2026-03-03,SPDL,404.0,403.0,404.8,399.5,59635,stock
2026-03-09,SPDL,411.0,430.0,434.5,411.0,865,stock
2026-03-10,SPDL,438.0,416.0,438.0,408.1,157238,stock
2026-03-11,SPDL,417.0,429.5,453.9,413.6,350009,stock
2026-03-12,SPDL,436.5,436.8,446.0,432.2,322188,stock
2026-03-15,SPDL,445.0,435.0,445.0,428.1,209219,stock
2026-03-16,SPDL,426.3,433.0,443.4,426.3,373357,stock
2026-03-17,SPDL,430.0,450.1,454.7,430.0,523881,stock
2026-03-19,SPDL,452.0,444.0,458.0,443.0,387433,stock
2026-03-22,SPDL,435.2,457.0,474.0,435.2,695977,stock
2026-03-23,SPDL,458.6,463.0,467.0,450.9,358312,stock
2026-03-24,SPDL,453.8,463.0,470.0,453.8,379475,stock
2026-03-25,SPDL,464.0,450.0,468.0,446.0,313809,stock
2026-03-26,SPDL,450.0,455.1,473.0,442.2,194971,stock
2026-03-29,SPDL,460.0,439.0,460.0,436.0,193481,stock
2026-03-30,SPDL,436.2,430.0,447.5,426.0,165507,stock
2026-03-31,SPDL,438.6,430.9,438.6,416.0,122558,stock
2026-04-01,SPDL,438.0,415.0,438.0,409.0,184203,stock
2026-04-02,SPDL,408.0,411.0,421.9,406.7,89923,stock
2026-04-05,SPDL,405.1,398.8,410.0,385.1,177693,stock
2026-04-06,SPDL,399.0,418.9,418.9,394.0,143879,stock
2026-04-07,SPDL,420.0,409.0,422.0,406.7,76335,stock
2026-04-08,SPDL,416.9,414.0,418.0,408.0,72587,stock
2026-04-09,SPDL,419.5,425.0,429.0,413.0,159709,stock
2026-04-10,SPDL,425.0,418.8,428.0,417.0,100991,stock
2026-04-13,SPDL,427.1,425.0,427.1,414.1,85380,stock
2026-04-15,SPDL,427.9,427.0,435.0,423.4,98096,stock
2026-04-16,SPDL,435.5,412.0,435.5,411.0,90600,stock
2026-04-17,SPDL,415.0,413.2,418.8,411.0,61906,stock
2026-04-20,SPDL,423.0,410.9,425.5,408.1,50738,stock
2026-04-21,SPDL,431.4,403.2,431.4,399.7,75085,stock
2026-04-22,SPDL,404.0,409.7,412.0,396.0,66229,stock
2026-04-23,SPDL,430.1,401.0,430.1,399.6,44777,stock
2026-04-24,SPDL,398.2,407.7,407.7,390.0,56994,stock
2026-04-27,SPDL,396.0,408.0,413.0,396.0,42855,stock
2026-04-28,SPDL,408.0,399.0,406.3,396.0,64356,stock
2026-04-29,SPDL,396.0,393.0,402.0,392.0,21687,stock
2026-04-30,SPDL,392.0,394.0,401.4,386.2,61161,stock
2026-05-04,SPDL,400.0,390.0,400.0,389.1,16619,stock
2026-05-05,SPDL,392.0,393.9,397.0,387.0,24582,stock
2026-05-06,SPDL,395.0,394.0,397.0,392.7,36564,stock
2026-05-07,SPDL,397.2,395.9,397.2,391.0,19480,stock
2026-05-08,SPDL,415.6,404.5,415.6,393.5,58267,stock
2026-05-11,SPDL,409.0,409.0,414.2,402.1,42613,stock
2026-05-12,SPDL,417.0,403.5,417.0,400.0,53629,stock
2026-05-13,SPDL,405.0,400.0,405.0,398.3,22511,stock
2026-05-14,SPDL,420.0,400.0,420.0,396.8,24525,stock
2026-05-15,SPDL,420.0,401.0,420.0,398.1,39993,stock
2026-05-18,SPDL,404.0,401.7,404.0,400.0,17353,stock
2026-05-19,SPDL,402.0,404.0,405.0,398.4,26582,stock
2026-05-20,SPDL,424.2,409.5,424.2,397.0,45612,stock
2026-05-21,SPDL,429.9,407.6,429.9,400.0,109479,stock
2026-05-22,SPDL,410.0,407.0,410.0,401.4,33894,stock
2026-05-25,SPDL,427.0,411.0,427.0,408.1,54833,stock
2026-05-26,SPDL,413.8,406.8,414.0,403.1,60503,stock
2026-05-27,SPDL,405.0,406.0,408.6,403.5,47517,stock
2026-06-01,SPDL,426.3,403.0,426.3,400.0,20927,stock
2026-06-02,SPDL,408.0,404.0,408.0,398.5,57248,stock
2026-06-03,SPDL,404.0,409.5,410.0,402.0,63536,stock
2026-06-04,SPDL,390.0,401.0,410.9,390.0,67909,stock
2026-06-05,SPDL,405.0,398.3,405.0,395.7,45051,stock
2026-06-08,SPDL,418.0,396.9,418.0,394.0,20571,stock
2026-06-09,SPDL,396.9,399.8,400.0,391.1,14933,stock
2026-06-10,SPDL,399.9,396.9,404.0,394.2,33479,stock
2026-06-11,SPDL,403.0,397.9,403.0,393.3,25122,stock
2026-06-12,SPDL,417.0,393.6,417.0,392.5,15738,stock
2026-06-15,SPDL,400.0,392.0,400.0,388.5,34179,stock
2026-06-16,SPDL,411.6,388.3,411.6,388.0,24132,stock
2026-06-17,SPDL,407.0,390.0,407.0,387.2,25243,stock
2026-06-18,SPDL,409.5,387.0,409.5,386.4,17351,stock
2026-06-19,SPDL,390.0,389.0,390.0,385.0,11285,stock
2026-06-22,SPDL,389.0,392.0,394.0,387.2,36884,stock
2026-06-23,SPDL,387.0,380.0,390.0,380.0,62513,stock
2026-06-24,SPDL,399.0,373.9,399.0,365.1,46128,stock
2026-06-25,SPDL,377.0,368.0,377.0,364.8,46952,stock
2026-06-26,SPDL,374.5,362.5,374.5,360.0,35362,stock
2026-06-29,SPDL,370.0,363.0,370.0,360.0,10438,stock
2026-06-30,SPDL,356.6,357.0,363.0,354.8,32023,stock
2026-07-01,SPDL,362.0,368.6,371.9,359.9,21140,stock
2026-07-02,SPDL,387.0,368.0,387.0,360.5,8083,stock
2026-07-03,SPDL,386.4,372.0,400.0,365.0,47415,stock
2026-07-06,SPDL,383.0,367.9,383.0,361.2,36969,stock
2026-07-07,SPDL,377.0,376.0,383.0,365.7,43346,stock
2026-07-08,SPDL,386.0,375.1,386.0,366.0,17802,stock
2026-07-09,SPDL,365.8,369.9,374.0,361.5,18187,stock
2026-07-10,SPDL,370.0,367.9,370.0,363.0,15833,stock
2026-07-13,SPDL,365.0,360.0,367.0,356.9,18675,stock
2026-07-14,SPDL,364.0,359.2,370.0,355.0,22838,stock
2026-07-15,SPDL,369.0,361.0,369.0,353.1,27047,stock
2026-07-16,SPDL,367.0,382.9,382.9,355.3,62421,stock
2026-07-17,SPDL,372.0,394.7,401.0,372.0,117709,stock
2026-07-20,SPDL,394.7,393.3,406.0,372.0,37456,stock
2026-07-21,SPDL,412.9,402.0,412.9,389.0,140886,stock
2026-07-22,SPDL,398.0,399.9,411.0,392.1,130096,stock
2026-07-23,SPDL,380.0,396.0,398.8,380.0,76025,stock
2026-07-24,SPDL,392.0,389.0,399.9,384.0,91184,stock
2026-07-27,SPDL,396.5,383.0,396.5,376.1,44293,stock
2026-07-28,SPDL,402.0,378.0,402.0,372.3,94930,stock
2026-07-29,SPDL,384.0,385.0,395.0,369.0,112049,stock
2026-07-30,SPDL,376.0,374.9,385.0,370.0,25621,stock
2026-07-31,SPDL,370.1,372.1,374.0,365.2,34892,stock
2026-08-03,SPDL,375.0,365.0,376.6,365.0,94413,stock
2026-08-04,SPDL,365.2,356.1,370.0,356.1,66102,stock
2026-08-05,SPDL,362.0,371.0,374.9,361.2,98435,stock
2026-08-06,SPDL,389.0,362.4,389.0,362.1,34094,stock
2026-08-07,SPDL,345.0,368.0,369.9,345.0,27048,stock
2026-08-10,SPDL,358.0,372.0,375.0,358.0,54800,stock
2026-08-11,SPDL,368.0,379.8,379.8,368.0,47077,stock
2026-08-12,SPDL,360.9,370.5,381.0,360.9,31236,stock
2026-08-13,SPDL,377.9,375.0,378.0,370.1,54290,stock
2026-08-14,SPDL,377.0,372.0,377.0,368.2,25744,stock
2026-08-17,SPDL,367.0,368.0,370.0,364.0,16229,stock
2026-08-18,SPDL,386.0,364.5,386.0,363.4,17086,stock
2026-08-19,SPDL,360.5,366.9,367.0,360.1,13337,stock
2026-08-20,SPDL,360.2,365.0,365.0,360.2,23274,stock
2026-08-21,SPDL,365.0,361.0,367.0,359.5,38965,stock
2026-08-24,SPDL,379.0,360.0,379.0,358.2,25694,stock
2026-08-25,SPDL,352.0,359.5,362.0,352.0,15058,stock
2026-08-26,SPDL,358.1,352.0,358.1,351.0,24777,stock
2026-08-27,SPDL,345.4,353.0,355.0,345.3,23695,stock
2026-08-31,SPDL,359.8,349.7,359.9,345.1,32622,stock
2026-09-01,SPDL,340.3,349.5,350.0,340.3,15860,stock
2026-09-02,SPDL,345.0,345.0,345.9,339.8,23918,stock
2026-09-03,SPDL,350.0,348.9,350.0,341.3,11031,stock
2026-09-07,SPDL,342.2,346.0,355.3,342.2,16760,stock
2026-09-09,SPDL,354.9,345.0,354.9,342.0,12009,stock
2026-09-10,SPDL,362.2,341.0,362.2,326.0,32989,stock
2026-09-11,SPDL,336.0,345.0,346.0,336.0,18850,stock
2026-09-14,SPDL,353.0,352.5,353.0,349.9,26686,stock
2026-09-15,SPDL,370.0,370.0,390.0,359.0,98941,stock
2026-09-16,SPDL,363.0,368.0,373.0,362.1,33148,stock
2026-09-17,SPDL,373.9,363.0,373.9,362.0,28869,stock
2026-09-18,SPDL,363.0,362.0,366.5,361.4,11488,stock
2026-09-22,SPDL,380.1,366.0,380.1,361.8,22208,stock
2026-09-23,SPDL,349.0,356.0,369.0,349.0,20762,stock
2026-09-24,SPDL,356.0,358.9,359.0,352.0,16491,stock
2026-09-28,SPDL,358.9,352.0,358.9,346.6,31053,stock
2026-09-29,SPDL,335.0,347.0,355.0,335.0,34591,stock
2026-09-30,SPDL,347.0,345.0,350.0,342.0,22965,stock
2026-10-01,SPDL,362.2,347.8,362.2,343.1,25878,stock
2026-10-02,SPDL,345.0,345.1,349.6,342.1,50308,stock
