time,symbol,open,close,high,low,volume,category
2017-11-01,MICROFINANCE,1845.45,1832.52,1846.12,1827.97,40494600,subindex
2017-11-02,MICROFINANCE,1832.52,1818.26,1832.71,1813.99,44623800,subindex
2017-11-05,MICROFINANCE,1818.26,1787.67,1822.12,1781.66,73344496,subindex
2017-11-06,MICROFINANCE,1787.67,1776.45,1805.88,1775.88,59516100,subindex
2017-11-07,MICROFINANCE,1776.45,1758.78,1790.65,1758.34,51459200,subindex
2017-11-08,MICROFINANCE,1758.78,1737.2,1759.61,1727.16,55760000,subindex
2017-11-09,MICROFINANCE,1737.2,1738.5,1758.57,1718.27,79774304,subindex
2017-11-12,MICROFINANCE,1738.5,1739.78,1743.17,1716.67,40810600,subindex
2017-11-13,MICROFINANCE,1739.78,1750.77,1750.87,1728.51,51062200,subindex
2017-11-14,MICROFINANCE,1750.77,1809.62,1817.77,1750.14,72696704,subindex
2017-11-15,MICROFINANCE,1809.62,1791.48,1821.54,1789.14,85170704,subindex
2017-11-16,MICROFINANCE,1791.48,1777.7,1791.25,1771.25,45789700,subindex
2017-11-19,MICROFINANCE,1777.7,1752.83,1777.7,1745.25,34177500,subindex
2017-11-20,MICROFINANCE,1752.83,1742.07,1754.09,1740.61,32349900,subindex
2017-11-21,MICROFINANCE,1742.07,1745.36,1753.76,1736.49,32723400,subindex
2017-11-22,MICROFINANCE,1742.07,1751.96,1758.8,1743.73,0,subindex
2017-11-23,MICROFINANCE,1751.96,1776.35,1777.97,1751.78,65635300,subindex
2017-11-26,MICROFINANCE,1776.35,1804.87,1806.13,1776.35,66891500,subindex
2017-11-27,MICROFINANCE,1804.87,1802.08,1816.72,1798.92,88553504,subindex
2017-11-28,MICROFINANCE,1802.08,1815.95,1815.95,1798.23,114906000,subindex
2017-11-29,MICROFINANCE,1815.95,1857.57,1875.75,1814.25,136644000,subindex
2017-11-30,MICROFINANCE,1857.57,1863.64,1864.76,1840.57,94417504,subindex
2017-12-04,MICROFINANCE,1863.64,1843.58,1877.13,1842.18,75419696,subindex
2017-12-05,MICROFINANCE,1843.58,1850.19,1853.3,1835.26,35471100,subindex
2017-12-06,MICROFINANCE,1850.19,1874.77,1874.77,1849.52,77257696,subindex
2017-12-10,MICROFINANCE,1874.77,1854.43,1901.53,1853.58,73264704,subindex
2017-12-11,MICROFINANCE,1854.43,1848.96,1856.72,1845.42,41989000,subindex
2017-12-12,MICROFINANCE,1848.96,1828.33,1849.36,1826.15,51899600,subindex
2017-12-13,MICROFINANCE,1828.33,1842.89,1842.91,1820.31,31193700,subindex
2017-12-14,MICROFINANCE,1842.89,1845.48,1845.48,1837.18,72623400,subindex
2017-12-17,MICROFINANCE,1845.48,1833.02,1847.12,1831.19,105989000,subindex
2017-12-18,MICROFINANCE,1833.02,1830.98,1841.97,1828.8,74447000,subindex
2017-12-19,MICROFINANCE,1833.02,1810.75,1833.22,1809.58,51964800,subindex
2017-12-20,MICROFINANCE,1810.75,1803.13,1812.19,1797.11,42607500,subindex
2017-12-21,MICROFINANCE,1803.13,1782.08,1807.23,1781.32,42849900,subindex
2017-12-24,MICROFINANCE,1782.08,1778.73,1797.89,1778.12,68418200,subindex
2017-12-26,MICROFINANCE,1778.73,1746.06,1778.26,1744.54,55520800,subindex
2017-12-27,MICROFINANCE,1746.06,1722.34,1746.01,1716.7,50564500,subindex
2017-12-28,MICROFINANCE,1722.34,1719.25,1742.45,1708.84,53549600,subindex
2017-12-31,MICROFINANCE,1719.25,1681.73,1720.55,1675.59,65363900,subindex
2018-01-01,MICROFINANCE,1386.33,1389.16,1392.66,1378.59,27514600,subindex
2018-01-02,MICROFINANCE,1751.2,1742.94,1766.17,1731.83,74621200,subindex
2018-01-03,MICROFINANCE,1742.94,1716.26,1745.02,1712.3,50646500,subindex
2018-01-04,MICROFINANCE,1716.26,1724.54,1725.29,1705.97,41762000,subindex
2018-01-07,MICROFINANCE,1724.54,1745.14,1752.43,1722.61,28624900,subindex
2018-01-08,MICROFINANCE,1745.14,1747.99,1753.72,1740.12,49410300,subindex
2018-01-09,MICROFINANCE,1747.99,1765.94,1769.35,1747.76,41413000,subindex
2018-01-10,MICROFINANCE,1765.94,1741.97,1765.94,1739.49,47036800,subindex
2018-01-14,MICROFINANCE,1741.97,1715.67,1744.33,1711.62,51281900,subindex
2018-01-16,MICROFINANCE,1715.67,1697.97,1719.43,1693.47,33859400,subindex
2018-01-17,MICROFINANCE,1697.97,1701.98,1706.46,1687.28,29166200,subindex
2018-01-21,MICROFINANCE,1701.98,1689.81,1702.87,1688.34,50106400,subindex
2018-01-22,MICROFINANCE,1689.81,1676.52,1689.81,1675.35,56288400,subindex
2018-01-23,MICROFINANCE,1676.52,1667.31,1677.79,1664.61,35202900,subindex
2018-01-24,MICROFINANCE,1667.31,1664.69,1671.99,1660.15,22640700,subindex
2018-01-25,MICROFINANCE,1664.69,1687.12,1687.12,1664.69,35981200,subindex
2018-01-28,MICROFINANCE,1687.12,1681.67,1691.34,1679.62,26356400,subindex
2018-01-29,MICROFINANCE,1681.67,1678.09,1685.49,1671.51,21591600,subindex
2018-01-31,MICROFINANCE,1678.09,1686.13,1686.13,1672.98,22153700,subindex
2018-02-01,MICROFINANCE,1686.13,1698.54,1700.87,1686.22,32898200,subindex
2018-02-04,MICROFINANCE,1686.13,1695.11,1701.92,1691.76,26822600,subindex
2018-02-05,MICROFINANCE,1686.13,1677.73,1702.24,1677.14,32972000,subindex
2018-02-06,MICROFINANCE,1677.73,1670.18,1677.93,1668.48,27868200,subindex
2018-02-07,MICROFINANCE,1670.18,1654.27,1675.48,1654.27,30539500,subindex
2018-02-08,MICROFINANCE,1654.27,1661.72,1666.45,1644.84,37521700,subindex
2018-02-11,MICROFINANCE,1661.72,1648.98,1665.28,1646.25,34326800,subindex
2018-02-12,MICROFINANCE,1648.98,1642.28,1649.34,1639.38,26399700,subindex
2018-02-14,MICROFINANCE,1642.28,1662.83,1662.83,1635.73,28238100,subindex
2018-02-15,MICROFINANCE,1662.83,1725.74,1726.66,1663.67,85308304,subindex
2018-02-18,MICROFINANCE,1725.74,1695.42,1742.15,1693.8,60040900,subindex
2018-02-20,MICROFINANCE,1695.42,1657.91,1700.25,1654.72,32974600,subindex
2018-02-21,MICROFINANCE,1657.91,1654.01,1658.58,1647.98,16511800,subindex
2018-02-22,MICROFINANCE,1654.01,1649.53,1657.67,1647.45,35663800,subindex
2018-02-25,MICROFINANCE,1649.53,1636.63,1651.4,1634.96,25906900,subindex
2018-02-26,MICROFINANCE,1636.63,1606.47,1637.19,1604.04,45226400,subindex
2018-02-27,MICROFINANCE,1606.47,1607.45,1632.55,1604.43,44854900,subindex
2018-02-28,MICROFINANCE,1607.45,1584.92,1608.4,1577.7,47032100,subindex
2018-03-04,MICROFINANCE,1584.92,1525.91,1583.71,1503.27,48250400,subindex
2018-03-05,MICROFINANCE,1525.91,1482.15,1536.44,1475.8,44295900,subindex
2018-03-06,MICROFINANCE,1482.15,1501.16,1517.75,1448.68,47574300,subindex
2018-03-07,MICROFINANCE,1501.16,1526.8,1532.82,1501.01,45392900,subindex
2018-03-11,MICROFINANCE,1526.8,1481.28,1527.0,1479.87,33481700,subindex
2018-03-12,MICROFINANCE,1481.28,1461.98,1485.68,1460.43,25558100,subindex
2018-03-13,MICROFINANCE,1461.98,1457.69,1461.93,1452.37,19315000,subindex
2018-03-14,MICROFINANCE,1457.69,1466.26,1466.26,1456.45,17719100,subindex
2018-03-15,MICROFINANCE,1466.26,1468.75,1469.29,1460.31,22813600,subindex
2018-03-18,MICROFINANCE,1468.75,1457.83,1472.48,1457.61,32090000,subindex
2018-03-19,MICROFINANCE,1457.83,1447.48,1458.46,1444.37,16028900,subindex
2018-03-20,MICROFINANCE,1447.48,1427.12,1447.94,1417.09,30738500,subindex
2018-03-21,MICROFINANCE,1427.12,1378.6,1427.12,1372.71,44011400,subindex
2018-03-22,MICROFINANCE,1378.6,1359.35,1393.39,1334.32,39202500,subindex
2018-03-26,MICROFINANCE,1359.35,1283.83,1360.07,1280.43,20928600,subindex
2018-03-27,MICROFINANCE,1283.83,1349.33,1350.84,1225.35,41354300,subindex
2018-03-28,MICROFINANCE,1349.33,1320.24,1360.79,1315.31,50190300,subindex
2018-03-29,MICROFINANCE,1320.24,1340.23,1341.05,1314.29,39146200,subindex
2018-04-01,MICROFINANCE,1320.24,1313.99,1340.71,1312.15,23986300,subindex
2018-04-02,MICROFINANCE,1313.99,1308.73,1317.08,1306.66,13937100,subindex
2018-04-03,MICROFINANCE,1308.73,1310.87,1316.2,1304.33,25640600,subindex
2018-04-04,MICROFINANCE,1310.87,1373.93,1373.93,1311.16,38888200,subindex
2018-04-05,MICROFINANCE,1373.93,1409.38,1411.29,1368.42,79202000,subindex
2018-04-08,MICROFINANCE,1409.38,1495.04,1516.69,1408.89,131452000,subindex
2018-04-09,MICROFINANCE,1495.04,1488.87,1539.03,1483.28,127840000,subindex
2018-04-10,MICROFINANCE,1488.87,1462.41,1506.35,1459.43,45124500,subindex
2018-04-11,MICROFINANCE,1462.41,1467.13,1468.86,1439.35,36334700,subindex
2018-04-12,MICROFINANCE,1467.13,1477.84,1497.27,1467.38,61401600,subindex
2018-04-15,MICROFINANCE,1477.84,1489.58,1489.67,1457.69,37872900,subindex
2018-04-16,MICROFINANCE,1489.58,1561.69,1568.82,1488.62,85755800,subindex
2018-04-17,MICROFINANCE,1561.69,1681.8,1683.38,1561.97,206182000,subindex
2018-04-18,MICROFINANCE,1681.8,1687.19,1722.6,1664.09,157236992,subindex
2018-04-19,MICROFINANCE,1687.19,1701.45,1708.83,1672.75,140780000,subindex
2018-04-22,MICROFINANCE,1701.45,1801.68,1803.63,1701.45,162464000,subindex
2018-04-23,MICROFINANCE,1801.68,1770.9,1847.8,1738.62,281878016,subindex
2018-04-24,MICROFINANCE,1770.9,1760.39,1778.42,1731.91,133471000,subindex
2018-04-25,MICROFINANCE,1760.39,1742.07,1762.09,1737.83,118081000,subindex
2018-04-26,MICROFINANCE,1742.07,1698.81,1750.0,1689.26,102864000,subindex
2018-04-29,MICROFINANCE,1698.81,1694.74,1722.58,1676.76,58939500,subindex
2018-05-02,MICROFINANCE,1694.74,1741.1,1743.23,1670.63,81861000,subindex
2018-05-03,MICROFINANCE,1741.1,1757.65,1776.09,1741.14,179791008,subindex
2018-05-06,MICROFINANCE,1757.65,1750.11,1762.66,1747.44,67793296,subindex
2018-05-07,MICROFINANCE,1750.11,1728.21,1750.11,1722.48,64604800,subindex
2018-05-08,MICROFINANCE,1728.21,1763.97,1765.72,1720.68,71183000,subindex
2018-05-09,MICROFINANCE,1763.97,1757.34,1769.99,1749.05,86030200,subindex
2018-05-10,MICROFINANCE,1757.34,1742.93,1761.59,1741.63,72387104,subindex
2018-05-14,MICROFINANCE,1742.93,1720.34,1744.05,1718.9,66450400,subindex
2018-05-15,MICROFINANCE,1720.34,1714.72,1725.88,1713.85,33014600,subindex
2018-05-16,MICROFINANCE,1714.72,1737.56,1737.56,1713.66,54801100,subindex
2018-05-17,MICROFINANCE,1737.56,1733.54,1750.69,1730.17,78628400,subindex
2018-05-20,MICROFINANCE,1733.54,1741.44,1760.25,1733.41,75822896,subindex
2018-05-21,MICROFINANCE,1741.44,1777.26,1778.13,1732.38,85067200,subindex
2018-05-22,MICROFINANCE,1777.73,1783.01,1783.01,1760.39,107175000,subindex
2018-05-23,MICROFINANCE,1783.01,1788.58,1790.8,1765.53,99888704,subindex
2018-05-24,MICROFINANCE,1788.58,1754.6,1794.8,1749.28,138648000,subindex
2018-05-27,MICROFINANCE,1754.6,1726.68,1755.99,1723.64,74831696,subindex
2018-05-28,MICROFINANCE,1726.68,1785.74,1786.1,1712.46,92266800,subindex
2018-05-29,MICROFINANCE,1785.74,1770.26,1794.3,1766.41,74134496,subindex
2018-05-30,MICROFINANCE,1770.26,1774.64,1804.13,1759.25,134175000,subindex
2018-05-31,MICROFINANCE,1770.26,1757.07,1775.34,1752.94,83678600,subindex
2018-06-03,MICROFINANCE,1757.07,1702.0,1756.5,1701.96,126404000,subindex
2018-06-04,MICROFINANCE,1702.0,1670.87,1713.73,1659.69,95833504,subindex
2018-06-06,MICROFINANCE,1670.87,1705.85,1733.3,1672.12,46112500,subindex
2018-06-07,MICROFINANCE,1705.85,1670.31,1709.22,1664.84,70058600,subindex
2018-06-10,MICROFINANCE,1670.31,1626.35,1672.24,1625.39,67240304,subindex
2018-06-11,MICROFINANCE,1626.35,1649.24,1657.84,1613.17,72090800,subindex
2018-06-12,MICROFINANCE,1649.24,1648.08,1654.65,1624.75,53088900,subindex
2018-06-13,MICROFINANCE,1648.08,1653.33,1656.17,1635.02,43900600,subindex
2018-06-14,MICROFINANCE,1648.08,1666.7,1667.38,1648.59,55247000,subindex
2018-06-17,MICROFINANCE,1666.7,1645.94,1673.77,1642.34,60265100,subindex
2018-06-18,MICROFINANCE,1645.94,1654.64,1655.69,1630.78,47697000,subindex
2018-06-19,MICROFINANCE,1654.64,1640.35,1659.67,1638.52,29085800,subindex
2018-06-20,MICROFINANCE,1640.35,1630.24,1641.83,1626.96,49016500,subindex
2018-06-21,MICROFINANCE,1630.24,1623.69,1640.92,1618.31,36002700,subindex
2018-06-24,MICROFINANCE,1623.69,1621.29,1637.84,1621.08,31354500,subindex
2018-06-25,MICROFINANCE,1621.29,1607.54,1621.44,1607.12,38050500,subindex
2018-06-26,MICROFINANCE,1621.29,1575.37,1607.75,1573.71,36917000,subindex
2018-06-27,MICROFINANCE,1575.37,1579.81,1598.27,1559.48,21273200,subindex
2018-06-28,MICROFINANCE,1579.81,1579.32,1586.52,1575.05,19564300,subindex
2018-07-01,MICROFINANCE,1579.32,1553.58,1579.16,1552.7,28871000,subindex
2018-07-02,MICROFINANCE,1553.58,1548.34,1569.81,1538.81,25782600,subindex
2018-07-03,MICROFINANCE,1548.34,1538.8,1553.59,1532.37,23620800,subindex
2018-07-04,MICROFINANCE,1538.8,1551.56,1558.22,1534.96,44701300,subindex
2018-07-05,MICROFINANCE,1551.56,1637.46,1638.17,1551.55,92284896,subindex
2018-07-08,MICROFINANCE,1637.46,1617.94,1660.31,1615.87,137116000,subindex
2018-07-09,MICROFINANCE,1617.94,1596.05,1617.46,1590.99,40898900,subindex
2018-07-10,MICROFINANCE,1596.05,1595.52,1615.91,1591.6,51273500,subindex
2018-07-11,MICROFINANCE,1595.52,1623.97,1671.79,1597.6,109227000,subindex
2018-07-12,MICROFINANCE,1623.97,1587.91,1638.49,1576.9,79021800,subindex
2018-07-15,MICROFINANCE,1623.97,1594.46,1598.33,1585.19,29116000,subindex
2018-07-16,MICROFINANCE,1594.46,1607.08,1607.28,1586.06,14160900,subindex
2018-07-17,MICROFINANCE,1607.08,1593.76,1610.02,1593.66,21251800,subindex
2018-07-18,MICROFINANCE,1593.76,1577.84,1592.1,1577.79,23726700,subindex
2018-07-19,MICROFINANCE,1577.84,1561.61,1578.54,1561.59,26633700,subindex
2018-07-22,MICROFINANCE,1561.61,1528.68,1562.48,1527.6,44335100,subindex
2018-07-23,MICROFINANCE,1528.68,1564.13,1564.76,1528.51,27916100,subindex
2018-07-24,MICROFINANCE,1564.13,1563.43,1597.25,1561.72,41208300,subindex
2018-07-25,MICROFINANCE,1564.13,1556.66,1568.05,1550.47,24086900,subindex
2018-07-26,MICROFINANCE,1556.66,1541.5,1558.73,1539.74,30764700,subindex
2018-07-29,MICROFINANCE,1541.5,1540.0,1549.91,1535.97,21470200,subindex
2018-07-30,MICROFINANCE,1540.0,1539.95,1546.73,1537.94,18840200,subindex
2018-07-31,MICROFINANCE,1539.95,1534.34,1542.21,1529.97,22958400,subindex
2018-08-01,MICROFINANCE,1534.34,1541.72,1541.72,1529.94,20559600,subindex
2018-08-02,MICROFINANCE,1541.72,1531.0,1542.11,1530.42,23665500,subindex
2018-08-05,MICROFINANCE,1531.0,1531.21,1536.85,1527.27,26014000,subindex
2018-08-06,MICROFINANCE,1531.21,1537.57,1538.65,1530.74,32577400,subindex
2018-08-07,MICROFINANCE,1537.57,1526.76,1541.02,1525.03,50036900,subindex
2018-08-08,MICROFINANCE,1526.76,1525.35,1528.07,1519.68,30229700,subindex
2018-08-09,MICROFINANCE,1525.35,1508.88,1526.92,1506.97,37017100,subindex
2018-08-12,MICROFINANCE,1508.88,1477.35,1509.56,1476.87,27417200,subindex
2018-08-13,MICROFINANCE,1477.35,1492.37,1495.17,1474.75,16778600,subindex
2018-08-14,MICROFINANCE,1492.37,1507.97,1507.97,1488.07,28249000,subindex
2018-08-15,MICROFINANCE,1507.97,1543.25,1544.07,1499.35,51521100,subindex
2018-08-16,MICROFINANCE,1543.25,1529.47,1546.63,1525.41,51628500,subindex
2018-08-19,MICROFINANCE,1529.47,1506.04,1533.66,1504.04,72032800,subindex
2018-08-20,MICROFINANCE,1506.04,1494.35,1509.16,1492.98,25862200,subindex
2018-08-21,MICROFINANCE,1506.04,1484.02,1494.54,1482.8,23385700,subindex
2018-08-22,MICROFINANCE,1484.02,1483.64,1485.64,1480.12,11220000,subindex
2018-08-23,MICROFINANCE,1483.64,1479.23,1487.25,1475.07,22245400,subindex
2018-08-26,MICROFINANCE,1479.23,1466.61,1482.45,1465.84,21009000,subindex
2018-08-28,MICROFINANCE,1466.61,1469.53,1470.52,1459.28,15142500,subindex
2018-08-29,MICROFINANCE,1469.53,1459.9,1470.19,1457.72,22440700,subindex
2018-08-30,MICROFINANCE,1459.9,1473.93,1482.73,1460.09,19162800,subindex
2018-09-02,MICROFINANCE,1473.93,1484.07,1484.29,1472.56,21982900,subindex
2018-09-03,MICROFINANCE,1484.07,1487.37,1499.33,1467.07,42609200,subindex
2018-09-04,MICROFINANCE,1487.37,1487.14,1491.94,1483.77,23374800,subindex
2018-09-05,MICROFINANCE,1487.14,1529.23,1539.55,1487.28,68978096,subindex
2018-09-06,MICROFINANCE,1487.14,1514.15,1542.79,1511.67,64815300,subindex
2018-09-09,MICROFINANCE,1514.15,1489.22,1514.34,1488.81,26617600,subindex
2018-09-10,MICROFINANCE,1489.22,1502.53,1502.53,1481.63,30110900,subindex
2018-09-11,MICROFINANCE,1502.53,1514.33,1531.63,1503.04,52991000,subindex
2018-09-12,MICROFINANCE,1514.33,1530.21,1530.21,1510.65,41257800,subindex
2018-09-13,MICROFINANCE,1530.21,1529.52,1542.05,1525.41,44878200,subindex
2018-09-16,MICROFINANCE,1529.52,1537.83,1556.4,1532.41,80127104,subindex
2018-09-17,MICROFINANCE,1529.52,1543.46,1549.76,1536.96,46220700,subindex
2018-09-18,MICROFINANCE,1543.46,1552.91,1557.65,1544.38,29512400,subindex
2018-09-20,MICROFINANCE,1552.91,1547.85,1555.95,1545.44,48001400,subindex
2018-09-23,MICROFINANCE,1552.91,1538.93,1552.78,1536.29,49021900,subindex
2018-09-25,MICROFINANCE,1538.93,1549.37,1554.01,1540.12,54696200,subindex
2018-09-26,MICROFINANCE,1549.48,1548.44,1555.2,1539.02,62434100,subindex
2018-09-27,MICROFINANCE,1548.44,1538.98,1547.83,1536.15,38304300,subindex
2018-09-30,MICROFINANCE,1538.98,1523.28,1544.69,1522.51,35799000,subindex
2018-10-01,MICROFINANCE,1523.28,1504.56,1525.01,1502.38,43062300,subindex
2018-10-02,MICROFINANCE,1504.56,1507.64,1512.23,1502.12,32023900,subindex
2018-10-03,MICROFINANCE,1507.64,1497.89,1509.58,1493.28,26662900,subindex
2018-10-04,MICROFINANCE,1497.89,1486.69,1501.12,1483.47,36407000,subindex
2018-10-07,MICROFINANCE,1486.69,1467.83,1486.55,1466.54,27934700,subindex
2018-10-08,MICROFINANCE,1467.83,1476.85,1476.96,1466.87,25327400,subindex
2018-10-09,MICROFINANCE,1476.85,1469.23,1486.38,1467.81,61634600,subindex
2018-10-10,MICROFINANCE,1469.23,1463.3,1469.18,1461.58,21221900,subindex
2018-10-11,MICROFINANCE,1463.3,1472.9,1472.9,1460.48,19370400,subindex
2018-10-14,MICROFINANCE,1472.9,1484.04,1486.13,1474.3,21392100,subindex
2018-10-15,MICROFINANCE,1484.04,1482.94,1488.76,1482.86,23957500,subindex
2018-10-21,MICROFINANCE,1482.94,1478.55,1483.61,1478.49,5209920,subindex
2018-10-22,MICROFINANCE,1478.55,1480.04,1480.04,1476.1,9758730,subindex
2018-10-23,MICROFINANCE,1480.04,1471.45,1480.2,1469.81,15277900,subindex
2018-10-24,MICROFINANCE,1471.45,1472.92,1476.71,1468.77,16865700,subindex
2018-10-25,MICROFINANCE,1472.92,1466.47,1477.12,1466.31,27061900,subindex
2018-10-28,MICROFINANCE,1466.47,1451.74,1466.95,1449.61,17998400,subindex
2018-10-29,MICROFINANCE,1451.74,1442.34,1451.74,1440.6,25005300,subindex
2018-10-30,MICROFINANCE,1442.34,1441.34,1450.54,1437.53,18156100,subindex
2018-10-31,MICROFINANCE,1441.34,1433.98,1441.38,1431.09,19317500,subindex
2018-11-01,MICROFINANCE,1433.98,1435.79,1437.59,1430.55,18802800,subindex
2018-11-04,MICROFINANCE,1435.79,1427.13,1437.59,1426.61,11912200,subindex
2018-11-05,MICROFINANCE,1427.13,1445.11,1445.11,1423.01,23004500,subindex
2018-11-06,MICROFINANCE,1450.0,1450.0,1450.0,1450.0,2685660,subindex
2018-11-11,MICROFINANCE,1450.41,1446.92,1453.98,1446.6,7354690,subindex
2018-11-12,MICROFINANCE,1444.48,1426.51,1444.48,1422.72,12817100,subindex
2018-11-13,MICROFINANCE,1426.41,1438.59,1440.14,1424.36,16427300,subindex
2018-11-14,MICROFINANCE,1439.13,1438.59,1439.76,1432.09,11579800,subindex
2018-11-15,MICROFINANCE,1437.05,1423.95,1440.11,1423.28,19156800,subindex
2018-11-18,MICROFINANCE,1425.86,1414.96,1425.86,1414.87,16960000,subindex
2018-11-19,MICROFINANCE,1415.0,1407.47,1419.26,1404.13,21138700,subindex
2018-11-20,MICROFINANCE,1406.91,1400.16,1409.08,1400.58,22025900,subindex
2018-11-21,MICROFINANCE,1399.52,1399.37,1400.01,1394.81,18934900,subindex
2018-11-22,MICROFINANCE,1399.48,1392.25,1399.48,1391.06,24293000,subindex
2018-11-25,MICROFINANCE,1394.37,1369.88,1395.17,1369.81,21793900,subindex
2018-11-26,MICROFINANCE,1369.51,1351.69,1369.51,1354.67,39208500,subindex
2018-11-27,MICROFINANCE,1350.98,1347.52,1362.53,1349.06,29822300,subindex
2018-11-28,MICROFINANCE,1347.52,1334.8,1350.29,1334.61,20876400,subindex
2018-11-29,MICROFINANCE,1334.82,1310.57,1335.05,1309.74,30100500,subindex
2018-12-02,MICROFINANCE,1311.49,1281.75,1312.34,1280.42,35195000,subindex
2018-12-03,MICROFINANCE,1281.93,1273.78,1302.32,1273.72,27030500,subindex
2018-12-04,MICROFINANCE,1274.26,1281.37,1283.87,1271.75,16706300,subindex
2018-12-05,MICROFINANCE,1280.63,1252.27,1280.63,1250.71,18788900,subindex
2018-12-06,MICROFINANCE,1252.91,1252.78,1262.46,1244.71,20731200,subindex
2018-12-09,MICROFINANCE,1252.25,1257.75,1253.49,1246.42,26120700,subindex
2018-12-10,MICROFINANCE,1258.46,1275.82,1281.6,1257.94,39535900,subindex
2018-12-11,MICROFINANCE,1274.19,1265.58,1275.08,1264.91,19627700,subindex
2018-12-12,MICROFINANCE,1265.68,1257.12,1267.05,1256.02,15846100,subindex
2018-12-13,MICROFINANCE,1258.05,1268.73,1275.67,1253.85,38933900,subindex
2018-12-16,MICROFINANCE,1269.0,1306.24,1306.24,1269.0,76609200,subindex
2018-12-17,MICROFINANCE,1309.41,1346.46,1346.46,1306.89,72448304,subindex
2018-12-18,MICROFINANCE,1346.85,1327.96,1355.95,1323.1,50477300,subindex
2018-12-19,MICROFINANCE,1328.2,1321.65,1331.08,1318.95,24831700,subindex
2018-12-20,MICROFINANCE,1325.95,1322.77,1336.78,1317.0,34321100,subindex
2018-12-23,MICROFINANCE,1325.36,1386.55,1386.55,1322.79,82163904,subindex
2018-12-24,MICROFINANCE,1387.38,1380.66,1406.47,1376.85,64231400,subindex
2018-12-25,MICROFINANCE,1380.3,1366.82,1382.12,1358.87,22010400,subindex
2018-12-26,MICROFINANCE,1366.08,1417.03,1417.03,1365.97,61963900,subindex
2018-12-27,MICROFINANCE,1419.65,1414.28,1450.38,1405.52,114525000,subindex
2018-12-30,MICROFINANCE,1412.48,1409.67,1431.48,1407.78,46365700,subindex
2018-12-31,MICROFINANCE,1410.79,1388.14,1410.79,1387.6,56089000,subindex
2019-01-01,MICROFINANCE,1386.33,1389.16,1392.66,1378.59,27514600,subindex
2019-01-02,MICROFINANCE,1389.16,1394.49,1395.29,1387.08,44582000,subindex
2019-01-03,MICROFINANCE,1394.82,1395.71,1404.45,1391.62,29678200,subindex
2019-01-06,MICROFINANCE,1392.99,1372.87,1392.99,1372.43,40105600,subindex
2019-01-07,MICROFINANCE,1374.23,1384.4,1387.56,1374.23,22371400,subindex
2019-01-08,MICROFINANCE,1383.53,1389.82,1389.89,1381.42,41104000,subindex
2019-01-09,MICROFINANCE,1383.53,1392.26,1389.82,1397.26,21477300,subindex
2019-01-10,MICROFINANCE,1392.26,1397.96,1398.32,1391.1,24144800,subindex
2019-01-13,MICROFINANCE,1398.26,1385.26,1398.31,1384.5,18910900,subindex
2019-01-14,MICROFINANCE,1385.26,1400.32,1400.32,1385.4,32473100,subindex
2019-01-15,MICROFINANCE,1407.7,1453.87,1453.87,1407.7,59715900,subindex
2019-01-16,MICROFINANCE,1453.87,1438.19,1463.57,1436.38,59672500,subindex
2019-01-17,MICROFINANCE,1440.01,1447.45,1447.45,1436.41,40738200,subindex
2019-01-20,MICROFINANCE,1444.72,1436.86,1445.13,1435.07,24828200,subindex
2019-01-21,MICROFINANCE,1437.33,1415.92,1437.33,1415.92,28968500,subindex
2019-01-22,MICROFINANCE,1416.55,1430.08,1430.08,1415.97,31089400,subindex
2019-01-23,MICROFINANCE,1430.09,1443.07,1443.07,1429.77,21635700,subindex
2019-01-24,MICROFINANCE,1442.94,1440.81,1443.34,1434.86,38801100,subindex
2019-01-27,MICROFINANCE,1441.16,1425.81,1441.16,1425.09,25774800,subindex
2019-01-28,MICROFINANCE,1428.84,1445.72,1445.72,1428.72,30553100,subindex
2019-01-29,MICROFINANCE,1448.29,1439.6,1448.29,1431.37,53333900,subindex
2019-01-30,MICROFINANCE,1439.71,1444.91,1444.91,1438.98,22805000,subindex
2019-01-31,MICROFINANCE,1445.15,1445.41,1453.09,1444.01,40043300,subindex
2019-02-03,MICROFINANCE,1449.37,1442.61,1452.92,1440.26,47495900,subindex
2019-02-04,MICROFINANCE,1445.54,1428.8,1447.0,1428.06,39459900,subindex
2019-02-05,MICROFINANCE,1427.82,1435.53,1436.97,1427.82,31447000,subindex
2019-02-06,MICROFINANCE,1436.67,1424.7,1436.89,1422.08,33502800,subindex
2019-02-07,MICROFINANCE,1424.72,1425.5,1425.6,1423.15,43181500,subindex
2019-02-10,MICROFINANCE,1428.61,1409.78,1429.33,1407.85,27194000,subindex
2019-02-11,MICROFINANCE,1409.11,1420.24,1420.24,1407.11,18829800,subindex
2019-02-12,MICROFINANCE,1420.22,1415.96,1422.94,1413.53,15283300,subindex
2019-02-13,MICROFINANCE,1415.97,1404.06,1416.14,1399.66,24970300,subindex
2019-02-14,MICROFINANCE,1403.78,1388.72,1403.78,1385.79,22618000,subindex
2019-02-17,MICROFINANCE,1391.13,1387.06,1394.41,1384.5,14081700,subindex
2019-02-18,MICROFINANCE,1388.13,1380.32,1388.13,1376.63,16540000,subindex
2019-02-19,MICROFINANCE,1381.05,1420.03,1420.03,1379.61,26512400,subindex
2019-02-20,MICROFINANCE,1423.39,1402.27,1424.34,1400.36,17887900,subindex
2019-02-21,MICROFINANCE,1403.22,1399.69,1406.11,1400.75,39447100,subindex
2019-02-24,MICROFINANCE,1397.28,1378.97,1399.41,1378.97,28726100,subindex
2019-02-25,MICROFINANCE,1378.78,1389.48,1389.52,1369.41,19575600,subindex
2019-02-26,MICROFINANCE,1392.46,1375.15,1392.46,1373.93,17652500,subindex
2019-02-27,MICROFINANCE,1375.45,1372.78,1385.7,1372.78,23123000,subindex
2019-03-03,MICROFINANCE,1373.19,1365.23,1375.24,1365.23,18921000,subindex
2019-03-05,MICROFINANCE,1365.38,1370.51,1375.73,1363.66,19645300,subindex
2019-03-06,MICROFINANCE,1370.56,1390.01,1390.01,1369.71,22656100,subindex
2019-03-07,MICROFINANCE,1390.38,1412.12,1412.12,1389.16,32972400,subindex
2019-03-10,MICROFINANCE,1412.97,1410.54,1412.97,1403.2,5028250,subindex
2019-03-11,MICROFINANCE,1410.55,1424.77,1424.77,1408.44,27415600,subindex
2019-03-12,MICROFINANCE,1427.93,1434.7,1438.04,1422.47,37658500,subindex
2019-03-13,MICROFINANCE,1431.59,1413.09,1432.89,1413.09,22403400,subindex
2019-03-14,MICROFINANCE,1413.46,1415.2,1420.94,1409.07,12812700,subindex
2019-03-17,MICROFINANCE,1414.81,1414.66,1423.36,1414.66,18955600,subindex
2019-03-18,MICROFINANCE,1414.21,1403.98,1418.57,1403.98,28111500,subindex
2019-03-19,MICROFINANCE,1404.91,1396.54,1405.48,1395.03,9727400,subindex
2019-03-21,MICROFINANCE,1398.47,1386.83,1399.77,1382.05,23586600,subindex
2019-03-24,MICROFINANCE,1385.77,1377.52,1386.59,1374.07,28844400,subindex
2019-03-25,MICROFINANCE,1376.25,1383.39,1383.39,1372.61,31654900,subindex
2019-03-26,MICROFINANCE,1383.15,1377.91,1383.31,1373.87,22142100,subindex
2019-03-27,MICROFINANCE,1374.29,1383.04,1382.53,1374.21,7802680,subindex
2019-03-28,MICROFINANCE,1382.0,1385.39,1385.39,1376.55,21977100,subindex
2019-03-31,MICROFINANCE,1385.46,1376.92,1385.71,1375.95,18518200,subindex
2019-04-01,MICROFINANCE,1378.81,1381.15,1383.25,1374.86,25370300,subindex
2019-04-02,MICROFINANCE,1382.49,1383.49,1388.6,1380.11,21710500,subindex
2019-04-03,MICROFINANCE,1383.48,1381.1,1386.63,1381.1,18739000,subindex
2019-04-04,MICROFINANCE,1381.07,1372.33,1381.07,1371.39,15462600,subindex
2019-04-07,MICROFINANCE,1372.43,1371.38,1372.68,1366.78,18537400,subindex
2019-04-08,MICROFINANCE,1371.5,1407.89,1411.2,1368.08,45519000,subindex
2019-04-09,MICROFINANCE,1407.86,1392.78,1413.61,1391.57,44560100,subindex
2019-04-10,MICROFINANCE,1392.67,1395.13,1395.13,1373.48,21981800,subindex
2019-04-11,MICROFINANCE,1393.05,1395.16,1399.24,1391.57,46149300,subindex
2019-04-15,MICROFINANCE,1393.62,1437.6,1437.6,1392.51,48241500,subindex
2019-04-16,MICROFINANCE,1437.51,1473.41,1474.01,1437.51,94149000,subindex
2019-04-17,MICROFINANCE,1475.24,1459.39,1483.5,1454.48,56481500,subindex
2019-04-18,MICROFINANCE,1456.9,1471.38,1482.8,1451.84,68674496,subindex
2019-04-21,MICROFINANCE,1474.54,1498.29,1500.89,1474.54,78665296,subindex
2019-04-22,MICROFINANCE,1498.88,1477.31,1506.14,1475.85,54047800,subindex
2019-04-23,MICROFINANCE,1477.15,1472.36,1480.42,1465.4,78224896,subindex
2019-04-24,MICROFINANCE,1470.0,1478.37,1479.61,1466.64,48670900,subindex
2019-04-25,MICROFINANCE,1478.69,1488.75,1495.41,1478.04,109210000,subindex
2019-04-28,MICROFINANCE,1488.06,1579.83,1579.83,1488.06,185424000,subindex
2019-04-29,MICROFINANCE,1589.33,1574.21,1595.63,1558.48,106573000,subindex
2019-04-30,MICROFINANCE,1581.29,1556.2,1585.15,1556.2,66408100,subindex
2019-05-02,MICROFINANCE,1556.1,1549.29,1556.1,1542.93,60882600,subindex
2019-05-05,MICROFINANCE,1549.92,1523.42,1553.01,1523.42,50660900,subindex
2019-05-06,MICROFINANCE,1523.6,1533.59,1533.59,1517.98,42758400,subindex
2019-05-07,MICROFINANCE,1533.98,1537.72,1546.22,1531.19,44326100,subindex
2019-05-08,MICROFINANCE,1541.25,1532.76,1544.32,1531.79,29017800,subindex
2019-05-09,MICROFINANCE,1532.14,1524.58,1533.67,1522.71,29251700,subindex
2019-05-12,MICROFINANCE,1524.53,1522.98,1527.12,1517.5,25105500,subindex
2019-05-13,MICROFINANCE,1523.1,1521.52,1524.95,1513.71,30473900,subindex
2019-05-14,MICROFINANCE,1518.39,1531.02,1535.77,1518.21,51523600,subindex
2019-05-15,MICROFINANCE,1531.26,1531.15,1547.09,1528.46,66188000,subindex
2019-05-16,MICROFINANCE,1531.78,1525.92,1533.04,1516.98,40133300,subindex
2019-05-19,MICROFINANCE,1522.9,1517.42,1523.23,1514.0,44272800,subindex
2019-05-20,MICROFINANCE,1517.79,1500.61,1523.37,1500.61,31765500,subindex
2019-05-21,MICROFINANCE,1500.87,1497.55,1509.41,1494.09,27244800,subindex
2019-05-22,MICROFINANCE,1498.57,1504.76,1514.19,1498.57,29386800,subindex
2019-05-23,MICROFINANCE,1504.63,1506.46,1508.62,1495.59,32739600,subindex
2019-05-26,MICROFINANCE,1506.56,1501.31,1507.98,1497.68,33879800,subindex
2019-05-27,MICROFINANCE,1501.93,1502.11,1510.54,1497.95,30906300,subindex
2019-05-28,MICROFINANCE,1502.64,1501.43,1503.31,1495.69,30157100,subindex
2019-05-29,MICROFINANCE,1501.59,1508.88,1512.9,1501.44,45379400,subindex
2019-05-30,MICROFINANCE,1520.65,1507.1,1540.72,1506.86,61336600,subindex
2019-06-02,MICROFINANCE,1509.33,1489.02,1510.07,1486.6,23243300,subindex
2019-06-03,MICROFINANCE,1488.89,1476.5,1490.01,1471.87,29158900,subindex
2019-06-04,MICROFINANCE,1476.01,1464.11,1482.13,1460.19,37299700,subindex
2019-06-06,MICROFINANCE,1466.89,1459.04,1466.89,1458.31,25896400,subindex
2019-06-10,MICROFINANCE,1458.63,1447.56,1462.05,1447.2,29474100,subindex
2019-06-11,MICROFINANCE,1443.61,1451.14,1451.14,1442.78,26133600,subindex
2019-06-12,MICROFINANCE,1454.01,1443.57,1454.01,1434.74,30015200,subindex
2019-06-13,MICROFINANCE,1446.18,1440.72,1446.18,1434.16,28560500,subindex
2019-06-16,MICROFINANCE,1444.25,1411.23,1445.07,1410.11,58654700,subindex
2019-06-17,MICROFINANCE,1411.08,1408.04,1411.58,1396.19,27110600,subindex
2019-06-18,MICROFINANCE,1408.14,1412.89,1412.93,1403.18,38384000,subindex
2019-06-19,MICROFINANCE,1413.09,1411.24,1416.56,1408.26,31294100,subindex
2019-06-20,MICROFINANCE,1414.41,1424.92,1431.23,1411.42,18974400,subindex
2019-06-23,MICROFINANCE,1422.25,1409.87,1422.42,1409.21,57192200,subindex
2019-06-24,MICROFINANCE,1410.64,1427.25,1427.25,1409.32,62558700,subindex
2019-06-25,MICROFINANCE,1429.74,1429.77,1435.89,1426.8,28856500,subindex
2019-06-26,MICROFINANCE,1430.37,1425.91,1433.23,1425.23,30176400,subindex
2019-06-27,MICROFINANCE,1425.19,1424.28,1430.19,1421.28,36536200,subindex
2019-06-30,MICROFINANCE,1424.87,1408.89,1424.87,1408.26,29374900,subindex
2019-07-01,MICROFINANCE,1408.46,1406.53,1409.42,1401.75,27864000,subindex
2019-07-02,MICROFINANCE,1408.5,1422.06,1422.06,1405.62,28170600,subindex
2019-07-03,MICROFINANCE,1425.7,1448.08,1448.08,1419.67,35781400,subindex
2019-07-04,MICROFINANCE,1450.7,1441.66,1455.5,1441.45,38261600,subindex
2019-07-07,MICROFINANCE,1442.17,1433.18,1443.45,1431.7,29050800,subindex
2019-07-08,MICROFINANCE,1434.9,1426.68,1434.9,1424.79,31474100,subindex
2019-07-09,MICROFINANCE,1425.03,1426.27,1429.28,1422.93,22150700,subindex
2019-07-10,MICROFINANCE,1427.37,1429.79,1430.19,1424.01,36185100,subindex
2019-07-11,MICROFINANCE,1430.43,1424.26,1430.43,1421.06,47127300,subindex
2019-07-14,MICROFINANCE,1423.6,1424.11,1427.82,1421.38,21853400,subindex
2019-07-15,MICROFINANCE,1424.04,1428.81,1432.61,1423.89,21470300,subindex
2019-07-16,MICROFINANCE,1448.95,1434.32,1454.52,1433.19,38103400,subindex
2019-07-17,MICROFINANCE,1435.87,1460.3,1460.3,1433.76,32715000,subindex
2019-07-18,MICROFINANCE,1460.41,1460.48,1470.81,1458.64,22779200,subindex
2019-07-21,MICROFINANCE,1462.35,1460.38,1464.06,1454.68,29844800,subindex
2019-07-22,MICROFINANCE,1460.85,1467.85,1469.39,1458.41,29894800,subindex
2019-07-23,MICROFINANCE,1468.1,1495.85,1495.85,1467.41,38043500,subindex
2019-07-24,MICROFINANCE,1496.05,1510.83,1511.43,1494.33,57381000,subindex
2019-07-25,MICROFINANCE,1510.65,1491.15,1510.65,1485.76,68340096,subindex
2019-07-28,MICROFINANCE,1490.18,1463.45,1490.18,1460.33,60275700,subindex
2019-07-29,MICROFINANCE,1463.55,1486.85,1488.03,1463.41,58547400,subindex
2019-07-30,MICROFINANCE,1487.21,1501.57,1502.61,1487.21,64188800,subindex
2019-07-31,MICROFINANCE,1503.69,1554.01,1554.01,1500.74,112584000,subindex
2019-08-01,MICROFINANCE,1555.44,1569.65,1591.48,1534.79,212731008,subindex
2019-08-04,MICROFINANCE,1570.73,1569.88,1595.57,1565.02,142604000,subindex
2019-08-05,MICROFINANCE,1570.8,1542.85,1581.75,1540.3,132336000,subindex
2019-08-06,MICROFINANCE,1543.53,1521.76,1546.57,1513.72,54179400,subindex
2019-08-07,MICROFINANCE,1522.18,1544.31,1547.51,1509.27,57002800,subindex
2019-08-08,MICROFINANCE,1544.42,1523.99,1545.26,1522.01,29475800,subindex
2019-08-11,MICROFINANCE,1524.56,1517.39,1526.46,1509.53,29977500,subindex
2019-08-12,MICROFINANCE,1517.21,1522.44,1523.98,1516.21,31488900,subindex
2019-08-13,MICROFINANCE,1521.87,1521.02,1531.47,1518.87,41167200,subindex
2019-08-14,MICROFINANCE,1521.59,1521.16,1525.07,1513.66,23710500,subindex
2019-08-15,MICROFINANCE,1520.99,1517.15,1521.19,1513.11,24292800,subindex
2019-08-18,MICROFINANCE,1517.35,1508.57,1517.61,1507.39,29932500,subindex
2019-08-19,MICROFINANCE,1509.05,1530.08,1539.57,1505.07,40240500,subindex
2019-08-20,MICROFINANCE,1529.6,1516.96,1529.6,1514.57,26438100,subindex
2019-08-21,MICROFINANCE,1517.64,1515.72,1517.66,1508.27,31491200,subindex
2019-08-22,MICROFINANCE,1515.8,1516.89,1525.13,1515.8,31774300,subindex
2019-08-25,MICROFINANCE,1516.64,1512.69,1517.73,1504.51,36067100,subindex
2019-08-26,MICROFINANCE,1513.7,1511.88,1516.91,1507.34,31815300,subindex
2019-08-27,MICROFINANCE,1512.88,1521.83,1527.38,1512.77,31081000,subindex
2019-08-28,MICROFINANCE,1522.56,1512.58,1526.38,1512.58,28658400,subindex
2019-08-29,MICROFINANCE,1514.79,1510.74,1514.92,1503.43,35063200,subindex
2019-09-01,MICROFINANCE,1514.45,1497.7,1514.45,1495.42,29505700,subindex
2019-09-02,MICROFINANCE,1500.54,1472.72,1500.77,1470.73,74329900,subindex
2019-09-03,MICROFINANCE,1472.51,1506.15,1506.15,1459.94,58991500,subindex
2019-09-04,MICROFINANCE,1508.96,1508.96,1513.33,1494.81,41287500,subindex
2019-09-05,MICROFINANCE,1509.54,1505.59,1510.84,1499.23,41028600,subindex
2019-09-08,MICROFINANCE,1505.59,1498.09,1505.7,1493.24,29364100,subindex
2019-09-09,MICROFINANCE,1498.43,1484.33,1498.62,1482.13,31097200,subindex
2019-09-10,MICROFINANCE,1484.33,1480.21,1493.37,1478.91,28788600,subindex
2019-09-11,MICROFINANCE,1480.21,1474.4,1482.63,1471.9,58319000,subindex
2019-09-12,MICROFINANCE,1474.4,1467.98,1476.22,1465.55,36730200,subindex
2019-09-15,MICROFINANCE,1467.93,1448.52,1472.61,1447.83,31989600,subindex
2019-09-16,MICROFINANCE,1450.41,1437.29,1451.32,1430.02,47665000,subindex
2019-09-17,MICROFINANCE,1437.29,1467.49,1472.49,1437.29,32330600,subindex
2019-09-18,MICROFINANCE,1467.49,1496.65,1496.65,1467.49,35437000,subindex
2019-09-19,MICROFINANCE,1500.28,1487.44,1509.14,1486.42,46536800,subindex
2019-09-22,MICROFINANCE,1487.44,1457.12,1489.6,1453.1,26181600,subindex
2019-09-23,MICROFINANCE,1457.12,1460.91,1465.21,1451.65,15317000,subindex
2019-09-24,MICROFINANCE,1461.21,1453.05,1461.21,1451.24,19724800,subindex
2019-09-25,MICROFINANCE,1453.06,1453.85,1455.24,1450.55,9717890,subindex
2019-09-26,MICROFINANCE,1453.6,1449.12,1455.9,1449.05,26676800,subindex
2019-09-29,MICROFINANCE,1449.03,1443.06,1451.3,1443.06,16233400,subindex
2019-09-30,MICROFINANCE,1442.95,1453.06,1453.06,1441.31,13350300,subindex
2019-10-01,MICROFINANCE,1453.65,1464.35,1468.33,1452.87,10511500,subindex
2019-10-02,MICROFINANCE,1464.39,1461.96,1468.52,1459.52,14165500,subindex
2019-10-03,MICROFINANCE,1463.69,1476.2,1477.33,1463.69,17039700,subindex
2019-10-10,MICROFINANCE,1476.2,1473.79,1478.53,1472.94,1862110,subindex
2019-10-14,MICROFINANCE,1473.71,1459.94,1473.75,1456.47,12639200,subindex
2019-10-15,MICROFINANCE,1459.83,1465.27,1465.27,1458.52,9107480,subindex
2019-10-16,MICROFINANCE,1466.17,1457.35,1466.17,1455.66,25628300,subindex
2019-10-17,MICROFINANCE,1457.35,1459.52,1460.14,1455.28,16986400,subindex
2019-10-20,MICROFINANCE,1462.22,1456.97,1463.32,1456.97,11052400,subindex
2019-10-21,MICROFINANCE,1456.93,1457.49,1457.72,1454.59,11338100,subindex
2019-10-22,MICROFINANCE,1457.63,1458.9,1460.38,1454.2,15092000,subindex
2019-10-23,MICROFINANCE,1460.14,1467.78,1467.78,1458.7,20667300,subindex
2019-10-24,MICROFINANCE,1467.87,1474.16,1475.07,1467.87,22296500,subindex
2019-10-31,MICROFINANCE,1473.85,1469.0,1477.0,1468.78,13804600,subindex
2019-11-03,MICROFINANCE,1468.87,1465.99,1474.11,1464.01,15440800,subindex
2019-11-04,MICROFINANCE,1466.01,1471.59,1473.55,1465.98,18443100,subindex
2019-11-05,MICROFINANCE,1472.85,1475.24,1476.62,1472.13,35408700,subindex
2019-11-06,MICROFINANCE,1475.34,1479.71,1479.71,1474.15,22212300,subindex
2019-11-07,MICROFINANCE,1479.71,1479.29,1479.89,1474.34,21290500,subindex
2019-11-10,MICROFINANCE,1479.88,1483.56,1487.06,1479.88,34933700,subindex
2019-11-11,MICROFINANCE,1483.82,1514.31,1516.07,1483.82,56275300,subindex
2019-11-12,MICROFINANCE,1514.69,1503.32,1515.42,1502.06,36452700,subindex
2019-11-14,MICROFINANCE,1499.24,1492.74,1502.99,1490.79,23677400,subindex
2019-11-17,MICROFINANCE,1492.98,1488.98,1494.05,1485.73,27807800,subindex
2019-11-18,MICROFINANCE,1489.07,1489.51,1490.17,1486.59,14298900,subindex
2019-11-19,MICROFINANCE,1489.61,1488.64,1491.12,1486.68,21053200,subindex
2019-11-20,MICROFINANCE,1488.75,1485.2,1502.06,1485.2,24032100,subindex
2019-11-21,MICROFINANCE,1485.32,1473.67,1486.65,1471.07,39249700,subindex
2019-11-24,MICROFINANCE,1473.67,1467.33,1481.06,1463.6,43999200,subindex
2019-11-25,MICROFINANCE,1467.43,1471.12,1472.85,1462.78,35925200,subindex
2019-11-26,MICROFINANCE,1470.95,1469.13,1474.59,1467.93,22512200,subindex
2019-11-27,MICROFINANCE,1469.13,1484.06,1484.06,1468.02,31154200,subindex
2019-11-28,MICROFINANCE,1483.8,1480.83,1485.42,1480.22,35838300,subindex
2019-12-01,MICROFINANCE,1480.83,1474.01,1484.59,1471.72,29729000,subindex
2019-12-02,MICROFINANCE,1474.29,1472.96,1476.5,1468.97,43399100,subindex
2019-12-03,MICROFINANCE,1473.39,1487.6,1490.33,1473.39,49629700,subindex
2019-12-04,MICROFINANCE,1488.13,1520.64,1527.01,1487.43,68730100,subindex
2019-12-05,MICROFINANCE,1520.64,1545.19,1546.2,1519.96,78318000,subindex
2019-12-08,MICROFINANCE,1545.01,1562.28,1562.28,1537.45,52584000,subindex
2019-12-09,MICROFINANCE,1562.76,1612.71,1623.85,1562.57,152764000,subindex
2019-12-10,MICROFINANCE,1613.75,1614.59,1628.04,1598.08,104012000,subindex
2019-12-11,MICROFINANCE,1622.01,1671.67,1694.48,1622.01,163934000,subindex
2019-12-12,MICROFINANCE,1675.83,1663.45,1699.11,1659.86,155852000,subindex
2019-12-15,MICROFINANCE,1664.13,1627.17,1664.67,1627.17,100636000,subindex
2019-12-16,MICROFINANCE,1627.07,1613.13,1632.72,1612.6,78080900,subindex
2019-12-17,MICROFINANCE,1614.13,1623.01,1628.73,1612.63,57610300,subindex
2019-12-18,MICROFINANCE,1622.22,1614.83,1626.8,1609.22,50463800,subindex
2019-12-19,MICROFINANCE,1616.28,1609.76,1617.44,1603.1,48674300,subindex
2019-12-22,MICROFINANCE,1609.46,1611.21,1615.17,1606.02,26802200,subindex
2019-12-23,MICROFINANCE,1610.61,1641.95,1641.95,1609.36,64683800,subindex
2019-12-24,MICROFINANCE,1642.06,1631.04,1646.89,1626.15,56887600,subindex
2019-12-25,MICROFINANCE,1636.93,1625.06,1641.49,1620.06,38242700,subindex
2019-12-26,MICROFINANCE,1625.3,1624.33,1627.84,1622.16,55838000,subindex
2019-12-29,MICROFINANCE,1624.71,1615.51,1628.3,1612.9,38332000,subindex
2019-12-30,MICROFINANCE,1615.2,1619.26,1620.66,1613.25,52460000,subindex
2019-12-31,MICROFINANCE,1619.58,1638.23,1638.23,1619.5,54119700,subindex
2020-01-01,MICROFINANCE,1638.23,1663.92,1664.25,1634.36,62227700,subindex
2020-01-02,MICROFINANCE,1671.46,1679.48,1686.25,1671.46,102421000,subindex
2020-01-05,MICROFINANCE,1679.55,1719.72,1735.83,1678.9,194252000,subindex
2020-01-06,MICROFINANCE,1725.07,1756.05,1757.29,1725.07,188183000,subindex
2020-01-07,MICROFINANCE,1756.2,1788.95,1788.95,1756.2,215028000,subindex
2020-01-08,MICROFINANCE,1790.17,1803.41,1817.02,1776.98,246388000,subindex
2020-01-09,MICROFINANCE,1803.52,1866.41,1869.61,1801.99,279112000,subindex
2020-01-12,MICROFINANCE,1867.88,1988.61,1988.61,1867.88,362595000,subindex
2020-01-13,MICROFINANCE,1992.44,1974.72,2042.47,1968.8,328704000,subindex
2020-01-14,MICROFINANCE,1974.32,1966.0,1986.56,1939.89,207741000,subindex
2020-01-15,MICROFINANCE,1964.93,1993.2,1996.04,1964.93,159115000,subindex
2020-01-16,MICROFINANCE,1994.18,2069.38,2076.3,1994.18,292468000,subindex
2020-01-19,MICROFINANCE,2071.6,2101.44,2123.22,2071.6,289986000,subindex
2020-01-20,MICROFINANCE,2101.44,2043.56,2109.91,2018.58,223986000,subindex
2020-01-21,MICROFINANCE,2044.81,2041.17,2054.54,2009.39,150333000,subindex
2020-01-22,MICROFINANCE,2040.59,2030.81,2040.89,2012.63,108389000,subindex
2020-01-23,MICROFINANCE,2030.81,2015.82,2048.65,2006.32,216064000,subindex
2020-01-26,MICROFINANCE,2016.8,1989.01,2022.99,1986.6,204883000,subindex
2020-01-27,MICROFINANCE,1992.24,2055.44,2055.44,1990.84,222187000,subindex
2020-01-28,MICROFINANCE,2056.64,2098.01,2116.52,2056.64,322231000,subindex
2020-01-29,MICROFINANCE,2098.74,2188.96,2188.96,2098.74,524523000,subindex
2020-01-30,MICROFINANCE,2189.01,2207.57,2236.42,2189.01,484556000,subindex
2020-02-02,MICROFINANCE,2209.01,2229.7,2243.15,2201.96,454087000,subindex
2020-02-03,MICROFINANCE,2234.27,2221.95,2243.07,2205.54,298851000,subindex
2020-02-04,MICROFINANCE,2223.59,2199.07,2227.68,2189.22,223303000,subindex
2020-02-05,MICROFINANCE,2201.61,2205.09,2214.06,2189.35,171243000,subindex
2020-02-06,MICROFINANCE,2204.38,2187.63,2216.98,2173.61,184255000,subindex
2020-02-09,MICROFINANCE,2187.04,2166.94,2191.12,2159.86,166541000,subindex
2020-02-10,MICROFINANCE,2165.86,2196.73,2206.25,2159.18,165644000,subindex
2020-02-11,MICROFINANCE,2198.3,2266.95,2270.07,2198.3,355611000,subindex
2020-02-12,MICROFINANCE,2267.89,2322.58,2326.84,2267.89,425067000,subindex
2020-02-13,MICROFINANCE,2323.31,2352.12,2375.35,2323.31,484993000,subindex
2020-02-16,MICROFINANCE,2352.71,2409.93,2409.93,2352.64,321687000,subindex
2020-02-17,MICROFINANCE,2410.35,2419.6,2448.56,2410.35,438989000,subindex
2020-02-18,MICROFINANCE,2420.9,2406.5,2428.49,2378.51,299031000,subindex
2020-02-19,MICROFINANCE,2407.95,2510.89,2508.93,2396.99,467424000,subindex
2020-02-20,MICROFINANCE,2515.86,2670.21,2670.21,2515.86,780311000,subindex
2020-02-23,MICROFINANCE,2691.15,2725.1,2786.31,2691.15,669187000,subindex
2020-02-24,MICROFINANCE,2727.05,2693.06,2755.53,2686.9,497479000,subindex
2020-02-25,MICROFINANCE,2693.9,2776.5,2766.71,2638.72,449372000,subindex
2020-02-26,MICROFINANCE,2779.55,2803.65,2838.63,2779.55,529903000,subindex
2020-02-27,MICROFINANCE,2802.66,2747.3,2802.66,2738.13,509217000,subindex
2020-03-01,MICROFINANCE,2754.32,2657.04,2762.72,2652.16,586911000,subindex
2020-03-02,MICROFINANCE,2658.61,2521.4,2658.61,2521.4,241798000,subindex
2020-03-03,MICROFINANCE,2512.27,2405.27,2512.27,2339.88,596388000,subindex
2020-03-04,MICROFINANCE,2402.2,2257.02,2402.2,2246.36,384894000,subindex
2020-03-05,MICROFINANCE,2252.24,2305.05,2394.21,2189.27,325268000,subindex
2020-03-10,MICROFINANCE,2305.05,2202.09,2305.05,2202.09,109248000,subindex
2020-03-11,MICROFINANCE,2207.13,2319.37,2319.37,2204.32,269437000,subindex
2020-03-12,MICROFINANCE,2321.09,2229.74,2330.38,2221.53,338522000,subindex
2020-03-15,MICROFINANCE,2206.03,2136.32,2206.36,2123.35,306064000,subindex
2020-03-16,MICROFINANCE,2134.78,2159.54,2186.73,2100.17,221684000,subindex
2020-03-17,MICROFINANCE,2160.02,2065.87,2164.82,2052.66,181060000,subindex
2020-03-18,MICROFINANCE,2066.56,2047.65,2111.33,1991.97,141312000,subindex
2020-03-19,MICROFINANCE,2048.93,2068.24,2085.13,1992.75,215696000,subindex
2020-03-22,MICROFINANCE,2063.91,2050.3,2074.33,2046.55,16127900,subindex
2020-05-12,MICROFINANCE,2045.96,2032.25,2045.96,2032.25,5073400,subindex
2020-05-13,MICROFINANCE,2028.15,2008.29,2028.15,2008.29,278118,subindex
2020-06-29,MICROFINANCE,2007.38,1968.92,2007.38,1963.98,30671500,subindex
2020-06-30,MICROFINANCE,1971.06,2046.62,2046.62,1967.94,37361300,subindex
2020-07-01,MICROFINANCE,2056.58,2147.85,2147.85,2056.58,23698100,subindex
2020-07-02,MICROFINANCE,2147.85,2076.59,2168.74,2076.59,25504000,subindex
2020-07-05,MICROFINANCE,2076.23,2086.42,2106.68,2065.11,87779300,subindex
2020-07-06,MICROFINANCE,2086.42,2170.53,2170.53,2066.9,97950700,subindex
2020-07-07,MICROFINANCE,2175.92,2247.09,2274.97,2175.92,186976000,subindex
2020-07-08,MICROFINANCE,2247.39,2236.96,2264.12,2216.87,131787000,subindex
2020-07-09,MICROFINANCE,2237.03,2249.85,2251.91,2215.4,160229000,subindex
2020-07-12,MICROFINANCE,2268.98,2332.49,2332.49,2266.41,207551000,subindex
2020-07-13,MICROFINANCE,2333.08,2383.84,2383.84,2333.08,218402000,subindex
2020-07-14,MICROFINANCE,2387.01,2448.78,2448.78,2387.01,267667000,subindex
2020-07-15,MICROFINANCE,2456.92,2438.99,2475.3,2430.76,198505000,subindex
2020-07-16,MICROFINANCE,2445.69,2445.46,2458.5,2437.69,145754000,subindex
2020-07-19,MICROFINANCE,2458.21,2537.85,2537.85,2458.21,7776150,subindex
2020-07-20,MICROFINANCE,2611.47,2450.46,2630.97,2446.95,242962000,subindex
2020-07-21,MICROFINANCE,2459.75,2443.44,2479.66,2437.43,185619000,subindex
2020-07-22,MICROFINANCE,2453.24,2428.34,2471.54,2420.85,293341000,subindex
2020-07-23,MICROFINANCE,2434.28,2456.78,2456.15,2408.18,205974000,subindex
2020-07-26,MICROFINANCE,2460.42,2486.2,2487.57,2457.03,234740000,subindex
2020-07-27,MICROFINANCE,2485.99,2498.66,2526.61,2482.89,315345000,subindex
2020-07-28,MICROFINANCE,2496.71,2488.67,2505.16,2477.96,215340000,subindex
2020-07-29,MICROFINANCE,2489.26,2432.99,2489.26,2431.16,359225000,subindex
2020-07-30,MICROFINANCE,2434.36,2448.0,2448.0,2407.78,204824000,subindex
2020-08-02,MICROFINANCE,2449.19,2373.23,2450.06,2366.89,244141000,subindex
2020-08-03,MICROFINANCE,2373.66,2388.96,2394.08,2358.11,135468000,subindex
2020-08-06,MICROFINANCE,2351.96,2347.75,2357.03,2326.15,157926000,subindex
2020-08-09,MICROFINANCE,2351.04,2362.33,2362.53,2313.26,135730000,subindex
2020-08-10,MICROFINANCE,2365.53,2433.89,2433.89,2364.13,201950000,subindex
2020-08-11,MICROFINANCE,2433.89,2412.32,2439.08,2403.3,151794000,subindex
2020-08-12,MICROFINANCE,2411.67,2405.58,2415.68,2396.32,113177000,subindex
2020-08-13,MICROFINANCE,2404.42,2377.61,2404.9,2370.2,153979000,subindex
2020-08-16,MICROFINANCE,2387.6,2348.39,2387.6,2340.44,125271000,subindex
2020-08-17,MICROFINANCE,2348.8,2356.02,2356.02,2328.27,94913800,subindex
2020-08-18,MICROFINANCE,2358.21,2373.44,2375.72,2356.99,79357000,subindex
2020-08-19,MICROFINANCE,2376.09,2343.55,2376.09,2342.35,119901000,subindex
2020-08-20,MICROFINANCE,2342.84,2355.56,2365.24,2342.27,49549900,subindex
2020-08-23,MICROFINANCE,2355.94,2379.17,2379.17,2351.66,99356500,subindex
2020-08-24,MICROFINANCE,2380.17,2434.9,2434.9,2380.17,259396000,subindex
2020-08-25,MICROFINANCE,2445.54,2454.98,2457.73,2427.37,210682000,subindex
2020-08-26,MICROFINANCE,2458.61,2496.12,2509.21,2458.61,326233000,subindex
2020-08-27,MICROFINANCE,2506.57,2472.62,2510.85,2467.35,200618000,subindex
2020-08-30,MICROFINANCE,2473.79,2474.98,2474.98,2460.43,113593000,subindex
2020-08-31,MICROFINANCE,2483.73,2483.56,2494.6,2476.31,322736000,subindex
2020-09-02,MICROFINANCE,2511.29,2500.84,2517.32,2495.56,302321000,subindex
2020-09-03,MICROFINANCE,2500.23,2508.3,2514.5,2480.51,222231000,subindex
2020-09-06,MICROFINANCE,2545.35,2498.03,2545.35,2488.36,257538000,subindex
2020-09-07,MICROFINANCE,2501.9,2499.18,2506.95,2484.05,259329000,subindex
2020-09-08,MICROFINANCE,2499.18,2518.34,2527.7,2489.74,177765000,subindex
2020-09-09,MICROFINANCE,2534.62,2573.77,2580.99,2529.15,417017000,subindex
2020-09-10,MICROFINANCE,2583.67,2607.51,2630.79,2583.5,305948000,subindex
2020-09-13,MICROFINANCE,2617.65,2615.71,2632.41,2605.26,319457000,subindex
2020-09-14,MICROFINANCE,2619.79,2592.51,2626.11,2591.74,303241000,subindex
2020-09-15,MICROFINANCE,2595.35,2588.38,2597.29,2576.03,182606000,subindex
2020-09-16,MICROFINANCE,2591.65,2593.25,2594.92,2580.88,177443000,subindex
2020-09-17,MICROFINANCE,2599.55,2605.46,2616.69,2586.5,354555000,subindex
2020-09-20,MICROFINANCE,2616.54,2591.65,2630.14,2589.4,126991000,subindex
2020-09-21,MICROFINANCE,2596.98,2584.27,2603.53,2578.04,266953000,subindex
2020-09-22,MICROFINANCE,2585.07,2561.03,2587.2,2553.49,262188000,subindex
2020-09-23,MICROFINANCE,2564.51,2571.25,2571.25,2545.92,139483000,subindex
2020-09-24,MICROFINANCE,2569.89,2570.73,2583.86,2567.05,150095000,subindex
2020-09-27,MICROFINANCE,2573.39,2564.11,2574.45,2563.33,120065000,subindex
2020-09-28,MICROFINANCE,2565.51,2556.49,2565.51,2551.25,123710000,subindex
2020-09-29,MICROFINANCE,2556.55,2542.91,2557.05,2539.57,143385000,subindex
2020-09-30,MICROFINANCE,2540.13,2536.04,2541.94,2525.43,106061000,subindex
2020-10-01,MICROFINANCE,2535.08,2556.86,2558.99,2532.62,119309000,subindex
2020-10-04,MICROFINANCE,2556.73,2560.89,2563.94,2556.07,109936000,subindex
2020-10-05,MICROFINANCE,2561.07,2550.08,2562.74,2546.19,123382000,subindex
2020-10-06,MICROFINANCE,2555.79,2540.79,2560.46,2535.06,113788000,subindex
2020-10-07,MICROFINANCE,2540.31,2540.59,2545.94,2527.23,134620000,subindex
2020-10-08,MICROFINANCE,2540.51,2541.44,2547.15,2531.14,130683000,subindex
2020-10-11,MICROFINANCE,2541.66,2532.51,2543.83,2518.92,121494000,subindex
2020-10-12,MICROFINANCE,2540.36,2536.44,2541.08,2525.13,115929000,subindex
2020-10-13,MICROFINANCE,2535.4,2522.81,2537.56,2522.49,92179400,subindex
2020-10-14,MICROFINANCE,2521.65,2517.49,2523.91,2510.13,80920500,subindex
2020-10-15,MICROFINANCE,2510.58,2515.89,2536.45,2507.53,74038300,subindex
2020-10-18,MICROFINANCE,2515.73,2504.66,2515.89,2498.4,57083800,subindex
2020-10-19,MICROFINANCE,2505.23,2515.3,2520.67,2504.25,51316000,subindex
2020-10-20,MICROFINANCE,2516.56,2531.74,2531.74,2515.13,65327000,subindex
2020-10-21,MICROFINANCE,2532.58,2535.15,2536.99,2531.44,64384100,subindex
2020-10-22,MICROFINANCE,2538.27,2535.96,2539.1,2532.44,74568500,subindex
2020-10-28,MICROFINANCE,2535.74,2561.15,2561.15,2535.38,86322500,subindex
2020-10-29,MICROFINANCE,2562.61,2573.88,2578.1,2561.74,175112000,subindex
2020-11-01,MICROFINANCE,2575.21,2603.29,2603.29,2568.34,193264000,subindex
2020-11-02,MICROFINANCE,2602.91,2665.59,2666.7,2602.91,502662000,subindex
2020-11-03,MICROFINANCE,2666.93,2672.42,2708.0,2663.2,412460000,subindex
2020-11-04,MICROFINANCE,2676.45,2668.75,2682.53,2662.01,187323000,subindex
2020-11-05,MICROFINANCE,2670.56,2655.41,2673.89,2651.85,204883000,subindex
2020-11-08,MICROFINANCE,2657.47,2666.27,2666.27,2647.07,264559000,subindex
2020-11-09,MICROFINANCE,2670.02,2697.89,2707.06,2668.46,390153000,subindex
2020-11-10,MICROFINANCE,2707.34,2702.78,2713.87,2695.42,309517000,subindex
2020-11-11,MICROFINANCE,2699.04,2709.92,2709.92,2686.26,382570000,subindex
2020-11-12,MICROFINANCE,2716.04,2708.2,2717.26,2696.29,310296000,subindex
2020-11-18,MICROFINANCE,2710.51,2722.8,2722.8,2699.06,274460000,subindex
2020-11-19,MICROFINANCE,2724.3,2769.18,2769.18,2724.3,539092000,subindex
2020-11-22,MICROFINANCE,2775.76,2764.3,2813.14,2732.85,470363000,subindex
2020-11-23,MICROFINANCE,2766.55,2743.38,2773.62,2738.67,254043000,subindex
2020-11-24,MICROFINANCE,2740.93,2768.98,2769.25,2735.54,349671000,subindex
2020-11-25,MICROFINANCE,2770.76,2875.84,2878.59,2770.76,569069000,subindex
2020-11-26,MICROFINANCE,2889.34,2859.19,2929.05,2856.33,433296000,subindex
2020-11-29,MICROFINANCE,2866.69,2886.94,2886.94,2850.45,429070000,subindex
2020-11-30,MICROFINANCE,2887.75,2924.54,2924.54,2887.75,553032000,subindex
2020-12-01,MICROFINANCE,2929.02,2925.97,2951.29,2910.12,485245000,subindex
2020-12-02,MICROFINANCE,2936.47,3158.54,3158.54,2936.41,1056940000,subindex
2020-12-03,MICROFINANCE,3213.4,3188.61,3324.15,3155.42,1044790000,subindex
2020-12-06,MICROFINANCE,3182.7,2964.43,3182.7,2962.87,609496000,subindex
2020-12-07,MICROFINANCE,2959.14,3091.98,3091.98,2959.14,628364000,subindex
2020-12-08,MICROFINANCE,3105.42,3088.27,3160.81,3065.93,736252000,subindex
2020-12-09,MICROFINANCE,3092.92,3018.46,3101.17,3003.5,427798000,subindex
2020-12-10,MICROFINANCE,3017.44,3019.25,3042.71,2986.34,295928000,subindex
2020-12-13,MICROFINANCE,3023.62,3075.54,3075.54,3023.62,340318000,subindex
2020-12-14,MICROFINANCE,3078.34,3211.75,3214.83,3078.34,785593000,subindex
2020-12-15,MICROFINANCE,3225.39,3271.34,3288.26,3225.39,1045280000,subindex
2020-12-16,MICROFINANCE,3276.49,3347.91,3372.48,3249.22,1168210000,subindex
2020-12-17,MICROFINANCE,3352.55,3357.19,3432.56,3320.35,961410000,subindex
2020-12-21,MICROFINANCE,3143.76,3186.93,3218.12,3015.47,742248000,subindex
2020-12-22,MICROFINANCE,3206.48,3293.98,3293.98,3206.48,550183000,subindex
2020-12-23,MICROFINANCE,3305.44,3263.05,3359.01,3259.46,432840000,subindex
2020-12-24,MICROFINANCE,3265.27,3225.11,3267.73,3211.78,378560000,subindex
2020-12-27,MICROFINANCE,3218.58,3183.26,3230.55,3171.74,362373000,subindex
2020-12-28,MICROFINANCE,3182.49,3189.2,3205.38,3161.79,321801000,subindex
2020-12-29,MICROFINANCE,3195.4,3200.57,3226.76,3194.7,379593000,subindex
2020-12-30,MICROFINANCE,3217.88,3285.65,3285.65,3210.51,438654000,subindex
2020-12-31,MICROFINANCE,3312.33,3285.83,3337.81,3280.71,499587000,subindex
2021-01-03,MICROFINANCE,3316.11,3363.43,3363.61,3310.35,471535000,subindex
2021-01-04,MICROFINANCE,3372.39,3358.7,3397.73,3344.91,491685000,subindex
2021-01-05,MICROFINANCE,3351.04,3352.76,3364.79,3342.91,268494000,subindex
2021-01-06,MICROFINANCE,3335.13,3409.06,3409.06,3335.13,491268000,subindex
2021-01-07,MICROFINANCE,3427.58,3455.59,3469.08,3419.4,693832000,subindex
2021-01-10,MICROFINANCE,3456.51,3477.4,3481.54,3452.58,607004000,subindex
2021-01-11,MICROFINANCE,3478.6,3468.16,3485.31,3443.3,400356000,subindex
2021-01-12,MICROFINANCE,3484.48,3521.35,3521.35,3462.22,566864000,subindex
2021-01-13,MICROFINANCE,3533.64,3617.84,3617.84,3528.27,917927000,subindex
2021-01-17,MICROFINANCE,3630.09,3733.4,3733.4,3630.09,835889000,subindex
2021-01-18,MICROFINANCE,3739.86,3833.5,3833.5,3738.39,967759000,subindex
2021-01-19,MICROFINANCE,3847.53,3825.09,3874.87,3765.64,998397000,subindex
2021-01-20,MICROFINANCE,3827.04,3854.28,3854.28,3805.34,654564000,subindex
2021-01-21,MICROFINANCE,3858.91,4008.45,4012.94,3858.06,1107060000,subindex
2021-01-24,MICROFINANCE,4041.72,4110.98,4121.41,4041.72,1249160000,subindex
2021-01-25,MICROFINANCE,4134.77,4061.38,4149.24,4025.27,1093360000,subindex
2021-01-26,MICROFINANCE,4063.9,4001.66,4063.9,3996.42,900678000,subindex
2021-01-27,MICROFINANCE,3997.45,4069.17,4069.17,3978.83,1108910000,subindex
2021-01-28,MICROFINANCE,4080.38,4156.41,4237.84,4080.38,1620370000,subindex
2021-01-31,MICROFINANCE,4174.82,4035.18,4174.82,4012.9,1428080000,subindex
2021-02-01,MICROFINANCE,4046.57,4007.37,4095.72,3990.2,1045430000,subindex
2021-02-02,MICROFINANCE,4042.0,4158.99,4158.99,4042.0,1068560000,subindex
2021-02-03,MICROFINANCE,4197.05,4160.0,4236.23,4127.63,1205590000,subindex
2021-02-04,MICROFINANCE,4168.16,4306.37,4309.18,4144.88,1849100000,subindex
2021-02-07,MICROFINANCE,4374.99,4640.62,4640.62,4374.99,2537610000,subindex
2021-02-08,MICROFINANCE,4790.97,4609.2,4856.37,4548.6,2336710000,subindex
2021-02-09,MICROFINANCE,4622.51,4480.95,4624.35,4459.52,1824260000,subindex
2021-02-10,MICROFINANCE,4508.5,4441.64,4508.5,4432.87,1171090000,subindex
2021-02-11,MICROFINANCE,4455.24,4313.59,4491.81,4311.5,1587510000,subindex
2021-02-14,MICROFINANCE,4337.28,4234.78,4337.28,4208.08,1028970000,subindex
2021-02-15,MICROFINANCE,4252.64,4605.08,4609.54,4422.35,2887790000,subindex
2021-02-16,MICROFINANCE,4724.13,4580.27,4750.5,4548.58,1705680000,subindex
2021-02-17,MICROFINANCE,4611.43,4534.63,4616.7,4511.52,817935000,subindex
2021-02-18,MICROFINANCE,4535.5,4506.62,4549.47,4481.31,776054000,subindex
2021-02-21,MICROFINANCE,4521.24,4461.16,4533.92,4441.67,856242000,subindex
2021-02-22,MICROFINANCE,4468.22,4404.21,4469.58,4394.92,955738000,subindex
2021-02-23,MICROFINANCE,4414.17,4397.89,4414.17,4277.35,850702000,subindex
2021-02-24,MICROFINANCE,4456.93,4420.04,4492.65,4405.67,572073000,subindex
2021-02-25,MICROFINANCE,4425.42,4359.56,4430.02,4346.12,675710000,subindex
2021-02-28,MICROFINANCE,4361.9,4218.27,4361.9,4216.62,795080000,subindex
2021-03-01,MICROFINANCE,4218.48,4299.76,4311.96,4150.5,593749000,subindex
2021-03-02,MICROFINANCE,4299.85,4187.68,4316.25,4164.4,682812000,subindex
2021-03-03,MICROFINANCE,4187.89,4131.25,4196.16,4084.15,776562000,subindex
2021-03-04,MICROFINANCE,4132.88,4340.31,4340.31,4135.02,838540000,subindex
2021-03-07,MICROFINANCE,4352.32,4288.52,4361.64,4284.22,574808000,subindex
2021-03-09,MICROFINANCE,4288.35,4241.06,4298.77,4225.71,411608000,subindex
2021-03-10,MICROFINANCE,4276.0,4201.06,4276.0,4196.3,389332000,subindex
2021-03-14,MICROFINANCE,4213.09,4110.38,4213.09,4096.58,507283000,subindex
2021-03-15,MICROFINANCE,4105.82,4085.15,4138.39,4060.73,393770000,subindex
2021-03-16,MICROFINANCE,4086.44,4112.51,4151.56,4081.25,376592000,subindex
2021-03-17,MICROFINANCE,4144.04,4226.38,4226.38,4117.07,346580000,subindex
2021-03-18,MICROFINANCE,4230.22,4328.51,4328.51,4230.22,537035000,subindex
2021-03-21,MICROFINANCE,4337.71,4575.11,4587.69,4337.71,1177310000,subindex
2021-03-22,MICROFINANCE,4615.5,4482.33,4618.4,4478.63,1188560000,subindex
2021-03-23,MICROFINANCE,4488.07,4551.33,4555.43,4452.93,823123000,subindex
2021-03-24,MICROFINANCE,4588.45,4673.8,4673.8,4577.28,1210910000,subindex
2021-03-25,MICROFINANCE,4705.67,4626.26,4712.36,4618.53,1059350000,subindex
2021-03-29,MICROFINANCE,4632.14,4670.76,4698.4,4625.42,765261000,subindex
2021-03-30,MICROFINANCE,4679.89,4820.44,4823.87,4679.89,1550190000,subindex
2021-03-31,MICROFINANCE,4879.44,4848.04,4907.0,4847.4,1172620000,subindex
2021-04-01,MICROFINANCE,4878.92,4850.72,4894.76,4838.53,951417000,subindex
2021-04-04,MICROFINANCE,4899.09,4873.73,4915.58,4863.62,1110850000,subindex
2021-04-05,MICROFINANCE,4900.98,4908.35,4928.54,4876.06,805315000,subindex
2021-04-06,MICROFINANCE,4925.07,4972.55,4973.07,4924.84,713724000,subindex
2021-04-07,MICROFINANCE,4997.2,5079.99,5112.58,4997.2,1388780000,subindex
2021-04-08,MICROFINANCE,5102.12,5186.12,5186.12,5099.35,1274420000,subindex
2021-04-12,MICROFINANCE,5239.71,5374.68,5424.82,5239.71,2008210000,subindex
2021-04-13,MICROFINANCE,5436.7,5360.29,5455.98,5344.9,1260290000,subindex
2021-04-15,MICROFINANCE,5409.24,5366.43,5413.29,5361.46,1321200000,subindex
2021-04-18,MICROFINANCE,5375.47,5316.11,5384.02,5312.85,1380020000,subindex
2021-04-19,MICROFINANCE,5329.18,5253.41,5342.25,5250.35,1060090000,subindex
2021-04-20,MICROFINANCE,5272.68,5259.6,5306.39,5227.12,943387000,subindex
2021-04-21,MICROFINANCE,5289.58,5203.41,5296.78,5190.75,934652000,subindex
2021-04-22,MICROFINANCE,5233.91,5256.6,5265.5,5152.81,942639000,subindex
2021-04-25,MICROFINANCE,5280.94,5095.08,5280.94,5077.6,1082210000,subindex
2021-04-26,MICROFINANCE,5105.63,4982.74,5134.06,4973.21,1135520000,subindex
2021-04-27,MICROFINANCE,5005.22,5220.59,5220.61,5005.22,967336000,subindex
2021-04-28,MICROFINANCE,5287.55,5174.17,5273.92,5152.06,622951000,subindex
2021-04-29,MICROFINANCE,5182.76,5218.52,5219.47,5173.63,520723000,subindex
2021-05-02,MICROFINANCE,5240.68,5323.25,5323.25,5210.3,1143290000,subindex
2021-05-03,MICROFINANCE,5340.89,5392.23,5421.13,5340.89,1737550000,subindex
2021-05-04,MICROFINANCE,5399.37,5529.88,5537.51,5386.41,1884560000,subindex
2021-05-05,MICROFINANCE,5608.59,5525.98,5608.59,5518.71,1670440000,subindex
2021-05-06,MICROFINANCE,5553.36,5462.5,5553.36,5436.8,1244500000,subindex
2021-05-09,MICROFINANCE,5469.24,5365.44,5469.24,5361.83,1251160000,subindex
2021-05-10,MICROFINANCE,5361.22,5416.32,5422.37,5330.87,836094000,subindex
2021-05-11,MICROFINANCE,5446.89,5481.41,5490.49,5428.81,907558000,subindex
2021-05-12,MICROFINANCE,5498.13,5463.61,5502.13,5445.52,667559000,subindex
2021-05-13,MICROFINANCE,5467.22,5469.0,5482.62,5461.97,788051000,subindex
2021-05-16,MICROFINANCE,5514.12,5572.23,5572.23,5484.69,1141200000,subindex
2021-05-17,MICROFINANCE,5588.53,5587.53,5639.19,5580.07,1169390000,subindex
2021-05-18,MICROFINANCE,5615.32,5672.94,5672.94,5590.07,1549400000,subindex
2021-05-19,MICROFINANCE,5699.37,5664.34,5744.54,5637.47,1576540000,subindex
2021-05-20,MICROFINANCE,5702.07,5650.51,5702.07,5637.68,985580000,subindex
2021-05-23,MICROFINANCE,5646.57,5629.81,5648.01,5568.89,1150430000,subindex
2021-05-24,MICROFINANCE,5665.09,5624.43,5678.06,5603.71,1241180000,subindex
2021-05-25,MICROFINANCE,5644.77,5626.74,5673.97,5608.65,1013320000,subindex
2021-05-27,MICROFINANCE,5366.75,5435.05,5492.11,5345.55,2481380000,subindex
2021-05-30,MICROFINANCE,5448.37,5360.65,5475.55,5354.39,1249270000,subindex
2021-05-31,MICROFINANCE,5366.6,5350.11,5417.76,5349.33,1040658316,subindex
2021-06-01,MICROFINANCE,5344.96,5337.88,5392.01,5307.42,655662328,subindex
2021-06-02,MICROFINANCE,5605.63,5407.5,5407.5,5605.63,1038990000,subindex
2021-06-03,MICROFINANCE,5323.02,5447.85,5512.05,5408.79,1588120000,subindex
2021-06-06,MICROFINANCE,5501.32,5452.13,5503.05,5442.12,910669000,subindex
2021-06-07,MICROFINANCE,5495.94,5429.7,5495.94,5409.13,798307000,subindex
2021-06-08,MICROFINANCE,5460.02,5405.48,5460.02,5387.96,828474000,subindex
2021-06-09,MICROFINANCE,5425.49,5386.8,5441.64,5384.24,711508000,subindex
2021-06-10,MICROFINANCE,5450.34,5394.15,5450.34,5358.56,938699000,subindex
2021-06-13,MICROFINANCE,5393.51,5376.46,5414.82,5360.6,1037820000,subindex
2021-06-14,MICROFINANCE,5404.35,5350.9,5405.89,5345.03,786394465,subindex
2021-06-15,MICROFINANCE,5362.91,5311.76,5366.48,5303.61,793270547,subindex
2021-06-16,MICROFINANCE,5275.7,5451.49,5626.89,5275.7,1802208504,subindex
2021-06-17,MICROFINANCE,5473.02,5388.04,5521.36,5378.87,573348000,subindex
2021-06-20,MICROFINANCE,5378.39,5271.43,5394.58,5245.87,768243000,subindex
2021-06-21,MICROFINANCE,5253.41,5166.43,5292.31,5165.69,698388000,subindex
2021-06-22,MICROFINANCE,5168.56,5231.15,5239.96,5142.97,561216000,subindex
2021-06-23,MICROFINANCE,5262.33,5124.44,5268.99,5116.74,508080686,subindex
2021-06-24,MICROFINANCE,5111.41,5074.86,5130.41,5066.77,467936951,subindex
2021-06-27,MICROFINANCE,5074.86,5079.77,5109.34,5064.36,313613796,subindex
2021-06-28,MICROFINANCE,5066.71,5191.17,5244.72,5065.28,659981364,subindex
2021-06-29,MICROFINANCE,5246.28,5217.57,5341.24,5195.5,712830106,subindex
2021-06-30,MICROFINANCE,5242.53,5169.97,5246.1,5131.59,301299999,subindex
2021-07-01,MICROFINANCE,5207.82,5172.03,5213.24,5160.68,474872752,subindex
2021-07-04,MICROFINANCE,5208.51,5146.17,5208.51,5138.99,387430933,subindex
2021-07-05,MICROFINANCE,5159.22,5112.57,5183.52,5107.42,317047939,subindex
2021-07-06,MICROFINANCE,5121.33,5114.29,5128.12,5097.82,434947857,subindex
2021-07-07,MICROFINANCE,5072.05,5133.48,5169.43,5070.45,951210786,subindex
2021-07-08,MICROFINANCE,5115.35,5201.61,5202.24,5115.35,468974164,subindex
2021-07-11,MICROFINANCE,5218.47,5335.11,5335.26,5218.47,971794843,subindex
2021-07-12,MICROFINANCE,5328.25,5262.52,5395.43,5244.16,1400842725,subindex
2021-07-13,MICROFINANCE,5293.36,5296.44,5320.28,5261.32,602340134,subindex
2021-07-14,MICROFINANCE,5306.19,5276.89,5310.51,5268.02,605577052,subindex
2021-07-15,MICROFINANCE,5285.96,5323.81,5323.97,5283.22,607187067,subindex
2021-07-18,MICROFINANCE,5338.32,5514.78,5514.78,5336.14,1068708686,subindex
2021-07-19,MICROFINANCE,5518.31,5510.37,5605.31,5491.9,1007718273,subindex
2021-07-20,MICROFINANCE,5512.48,5483.26,5517.77,5469.06,558449386,subindex
2021-07-22,MICROFINANCE,5484.4,5470.53,5497.94,5461.53,571512082,subindex
2021-07-25,MICROFINANCE,5472.88,5557.47,5562.57,5472.89,957516595,subindex
2021-07-26,MICROFINANCE,5555.27,5655.55,5674.57,5555.28,1426038119,subindex
2021-07-27,MICROFINANCE,5544.97,5538.88,5584.77,5441.75,1630076058,subindex
2021-07-28,MICROFINANCE,5540.38,5576.13,5595.91,5540.38,771036667,subindex
2021-07-29,MICROFINANCE,5589.06,5570.58,5610.45,5556.66,719613015,subindex
2021-08-01,MICROFINANCE,5585.81,5636.12,5648.86,5585.81,1246027432,subindex
2021-08-02,MICROFINANCE,5672.33,5761.05,5762.15,5663.21,1995886767,subindex
2021-08-03,MICROFINANCE,5813.81,5982.97,6003.51,5812.92,3277769887,subindex
2021-08-04,MICROFINANCE,6053.83,5857.24,6101.17,5839.88,2530276662,subindex
2021-08-05,MICROFINANCE,5848.31,5818.4,5883.09,5781.74,1847618689,subindex
2021-08-08,MICROFINANCE,5843.26,5743.68,5848.62,5724.92,1251043410,subindex
2021-08-09,MICROFINANCE,5752.86,5685.78,5760.53,5676.61,1089757878,subindex
2021-08-10,MICROFINANCE,5689.1,5759.22,5798.45,5681.55,919060572,subindex
2021-08-11,MICROFINANCE,5760.31,5767.0,5802.95,5757.1,971409850,subindex
2021-08-12,MICROFINANCE,5769.95,5761.35,5785.02,5749.1,966360320,subindex
2021-08-15,MICROFINANCE,5761.22,5876.61,5941.71,5753.14,1987541230,subindex
2021-08-16,MICROFINANCE,5895.78,5933.43,5951.51,5891.49,1788100163,subindex
2021-08-17,MICROFINANCE,5941.31,5938.75,5989.45,5924.95,1624985831,subindex
2021-08-18,MICROFINANCE,5948.92,5940.39,5968.4,5899.84,1381572395,subindex
2021-08-19,MICROFINANCE,5941.13,5979.85,6022.79,5940.32,1326656867,subindex
2021-08-24,MICROFINANCE,5992.59,5948.4,6038.03,5931.81,967996781,subindex
2021-08-25,MICROFINANCE,5965.67,5889.97,5987.8,5884.1,906902289,subindex
2021-08-26,MICROFINANCE,5910.12,5928.69,5959.06,5904.02,924735923,subindex
2021-08-29,MICROFINANCE,5942.49,5813.74,5960.24,5796.62,1683949552,subindex
2021-08-31,MICROFINANCE,5811.18,5649.68,5812.54,5627.87,1346000146,subindex
2021-09-01,MICROFINANCE,5651.27,5643.75,5707.92,5608.59,948632999,subindex
2021-09-02,MICROFINANCE,5650.29,5620.27,5722.47,5582.73,931473626,subindex
2021-09-05,MICROFINANCE,5615.74,5457.2,5622.0,5361.1,1005648601,subindex
2021-09-06,MICROFINANCE,5457.2,5698.2,5700.17,5416.39,825375534,subindex
2021-09-07,MICROFINANCE,5712.69,5551.46,5712.7,5530.0,636206876,subindex
2021-09-08,MICROFINANCE,5560.6,5484.39,5570.17,5466.93,793040402,subindex
2021-09-09,MICROFINANCE,5487.98,5465.11,5532.32,5450.28,514921985,subindex
2021-09-12,MICROFINANCE,5469.1,5578.32,5581.81,5468.71,794469966,subindex
2021-09-13,MICROFINANCE,5585.91,5547.27,5619.2,5535.69,666714823,subindex
2021-09-14,MICROFINANCE,5549.03,5518.65,5564.16,5491.1,498969817,subindex
2021-09-15,MICROFINANCE,5519.6,5466.46,5521.51,5452.03,434237177,subindex
2021-09-16,MICROFINANCE,5473.22,5295.31,5473.23,5274.35,839760588,subindex
2021-09-20,MICROFINANCE,5309.03,5132.98,5318.71,5122.62,983297961,subindex
2021-09-21,MICROFINANCE,5132.8,5147.47,5213.21,4992.84,658488819,subindex
2021-09-22,MICROFINANCE,5155.69,5321.62,5330.05,5155.7,688047798,subindex
2021-09-23,MICROFINANCE,5327.67,5276.74,5379.36,5257.84,568456347,subindex
2021-09-26,MICROFINANCE,5277.41,5156.34,5288.39,5147.32,389793254,subindex
2021-09-27,MICROFINANCE,5164.39,5024.58,5165.35,5019.6,465977874,subindex
2021-09-28,MICROFINANCE,5019.62,4912.03,5054.01,4881.57,560811504,subindex
2021-09-29,MICROFINANCE,4911.82,5000.79,5000.79,4865.85,414569194,subindex
2021-09-30,MICROFINANCE,5002.33,4962.58,5051.49,4952.78,407525316,subindex
2021-10-03,MICROFINANCE,4965.6,4893.19,4970.06,4876.08,404495790,subindex
2021-10-04,MICROFINANCE,4901.49,4965.29,4993.02,4841.29,458373965,subindex
2021-10-05,MICROFINANCE,4959.29,5101.82,5105.21,4950.36,585006588,subindex
2021-10-06,MICROFINANCE,5117.89,5398.01,5407.02,5112.68,1249548809,subindex
2021-10-10,MICROFINANCE,5440.73,5350.14,5577.75,5337.35,1154992334,subindex
2021-10-11,MICROFINANCE,5359.9,5282.66,5359.91,5221.97,633751377,subindex
2021-10-17,MICROFINANCE,5284.54,5299.75,5341.53,5243.61,193094439,subindex
2021-10-18,MICROFINANCE,5309.62,5116.24,5309.62,5099.27,430063125,subindex
2021-10-19,MICROFINANCE,5109.57,4987.98,5110.67,4900.54,509409913,subindex
2021-10-20,MICROFINANCE,5006.62,5086.99,5129.64,5004.73,381699181,subindex
2021-10-21,MICROFINANCE,5089.89,5073.2,5109.87,5014.77,377719029,subindex
2021-10-24,MICROFINANCE,5068.58,5128.26,5129.99,5056.01,354910900,subindex
2021-10-25,MICROFINANCE,5126.61,5249.39,5253.6,5123.42,589750484,subindex
2021-10-26,MICROFINANCE,5257.34,5317.7,5344.5,5257.34,701935518,subindex
2021-10-27,MICROFINANCE,5323.41,5376.31,5422.97,5295.92,831753429,subindex
2021-10-28,MICROFINANCE,5385.09,5505.87,5506.57,5366.14,1059927363,subindex
2021-10-31,MICROFINANCE,5510.82,5648.78,5648.86,5503.47,945869401,subindex
2021-11-01,MICROFINANCE,5657.8,5557.46,5709.4,5526.01,998607362,subindex
2021-11-02,MICROFINANCE,5565.76,5558.25,5573.32,5491.58,603739685,subindex
2021-11-03,MICROFINANCE,5566.2,5575.66,5611.85,5547.0,547560514,subindex
2021-11-08,MICROFINANCE,5577.03,5520.3,5595.02,5507.75,445703936,subindex
2021-11-09,MICROFINANCE,5539.29,5362.99,5542.87,5326.58,662084516,subindex
2021-11-11,MICROFINANCE,5363.2,5248.83,5364.15,5239.48,399795611,subindex
2021-11-14,MICROFINANCE,5258.34,5253.11,5278.64,5229.61,346204589,subindex
2021-11-15,MICROFINANCE,5266.52,5316.49,5320.26,5264.52,472735773,subindex
2021-11-16,MICROFINANCE,5334.23,5406.04,5406.04,5319.11,443344414,subindex
2021-11-17,MICROFINANCE,5411.04,5414.71,5463.83,5408.52,544453726,subindex
2021-11-18,MICROFINANCE,5431.21,5406.44,5456.13,5377.92,745498149,subindex
2021-11-21,MICROFINANCE,5424.9,5389.02,5428.83,5376.91,385021460,subindex
2021-11-22,MICROFINANCE,5391.03,5374.45,5409.25,5367.91,355541217,subindex
2021-11-23,MICROFINANCE,5374.98,5318.41,5376.65,5293.04,406304014,subindex
2021-11-24,MICROFINANCE,5321.42,5321.35,5326.46,5236.41,410296181,subindex
2021-11-25,MICROFINANCE,5331.15,5269.95,5335.27,5260.79,406443546,subindex
2021-11-28,MICROFINANCE,5271.45,5130.54,5292.04,5122.08,637153545,subindex
2021-11-29,MICROFINANCE,5127.12,5089.71,5174.76,5076.83,338762429,subindex
2021-11-30,MICROFINANCE,5093.88,5078.06,5121.65,5049.38,289073185,subindex
2021-12-01,MICROFINANCE,5058.38,5072.16,5116.64,5067.95,335892334,subindex
2021-12-02,MICROFINANCE,5074.69,4990.23,5111.93,4983.16,445390683,subindex
2021-12-05,MICROFINANCE,4992.57,4858.66,4994.08,4836.33,382665571,subindex
2021-12-06,MICROFINANCE,4860.68,4924.07,4924.07,4719.96,411242797,subindex
2021-12-07,MICROFINANCE,4930.83,4851.51,5000.78,4846.95,278429576,subindex
2021-12-08,MICROFINANCE,4857.89,4725.9,4862.47,4714.86,296312714,subindex
2021-12-09,MICROFINANCE,4725.9,4700.72,4733.08,4670.97,275532881,subindex
2021-12-12,MICROFINANCE,4700.64,4525.03,4709.23,4519.51,306363457,subindex
2021-12-13,MICROFINANCE,4523.54,4337.7,4523.53,4306.63,397448586,subindex
2021-12-14,MICROFINANCE,4338.98,4623.27,4623.43,4338.97,161615314,subindex
2021-12-15,MICROFINANCE,4652.34,4605.48,4773.79,4549.34,403457125,subindex
2021-12-16,MICROFINANCE,4605.49,4524.43,4605.97,4522.11,160175498,subindex
2021-12-20,MICROFINANCE,4543.48,4530.77,4549.37,4485.27,242272483,subindex
2021-12-21,MICROFINANCE,4538.66,4621.49,4624.76,4534.87,248278360,subindex
2021-12-22,MICROFINANCE,4630.62,4804.35,4804.95,4630.36,375156835,subindex
2021-12-23,MICROFINANCE,4814.24,4851.65,4877.87,4778.03,410318652,subindex
2021-12-26,MICROFINANCE,4859.9,5024.77,5024.88,4859.9,496938537,subindex
2021-12-27,MICROFINANCE,5028.37,4906.72,5078.98,4887.7,564183536,subindex
2021-12-28,MICROFINANCE,4918.02,4880.44,4919.21,4836.15,233500216,subindex
2021-12-29,MICROFINANCE,4880.44,4892.25,4903.32,4872.14,245949673,subindex
2022-01-02,MICROFINANCE,4897.9,5033.12,5034.41,4897.07,360665508,subindex
2022-01-03,MICROFINANCE,5050.61,5178.27,5207.6,5050.6,575795410,subindex
2022-01-04,MICROFINANCE,5185.94,5269.78,5280.46,5127.48,532382530,subindex
2022-01-05,MICROFINANCE,5275.1,5158.91,5308.59,5148.35,370841474,subindex
2022-01-06,MICROFINANCE,5163.79,5211.98,5213.19,5126.23,334578017,subindex
2022-01-09,MICROFINANCE,5211.99,5282.52,5312.62,5211.98,512472950,subindex
2022-01-10,MICROFINANCE,5286.62,5294.76,5326.42,5269.77,537945098,subindex
2022-01-11,MICROFINANCE,5302.28,5501.51,5549.49,5300.9,839417965,subindex
2022-01-12,MICROFINANCE,5503.29,5439.96,5586.29,5413.87,685102092,subindex
2022-01-13,MICROFINANCE,5446.19,5614.3,5616.01,5431.53,780305604,subindex
2022-01-16,MICROFINANCE,5621.59,5724.74,5766.84,5621.59,819896784,subindex
2022-01-17,MICROFINANCE,5729.35,5718.21,5769.26,5665.76,584748691,subindex
2022-01-18,MICROFINANCE,5721.73,5628.64,5735.2,5596.86,544102165,subindex
2022-01-19,MICROFINANCE,5640.98,5551.78,5660.7,5536.73,452935378,subindex
2022-01-20,MICROFINANCE,5555.18,5611.96,5611.96,5525.89,374860904,subindex
2022-01-23,MICROFINANCE,5615.97,5601.01,5674.36,5572.21,444627159,subindex
2022-01-24,MICROFINANCE,5614.69,5417.25,5619.3,5377.76,576984942,subindex
2022-01-25,MICROFINANCE,5430.58,5402.02,5483.94,5357.1,452618419,subindex
2022-01-26,MICROFINANCE,5406.83,5338.9,5409.82,5305.94,340689879,subindex
2022-01-27,MICROFINANCE,5338.9,5344.2,5393.48,5336.71,269947377,subindex
2022-01-30,MICROFINANCE,5363.81,5517.66,5522.07,5363.8,421242807,subindex
2022-01-31,MICROFINANCE,5529.0,5547.83,5580.04,5529.0,550760506,subindex
2022-02-01,MICROFINANCE,5555.23,5597.49,5609.91,5555.23,659015390,subindex
2022-02-03,MICROFINANCE,5597.98,5543.16,5663.1,5537.65,520012271,subindex
2022-02-06,MICROFINANCE,5543.55,5460.89,5543.54,5453.51,373144150,subindex
2022-02-07,MICROFINANCE,5460.89,5456.5,5483.27,5435.41,219372409,subindex
2022-02-08,MICROFINANCE,5483.98,5421.5,5563.93,5401.86,409755299,subindex
2022-02-09,MICROFINANCE,5437.75,5371.46,5437.74,5351.05,267569400,subindex
2022-02-10,MICROFINANCE,5369.26,5334.21,5384.61,5329.63,240770049,subindex
2022-02-13,MICROFINANCE,5332.66,5147.85,5332.65,5141.34,445728238,subindex
2022-02-14,MICROFINANCE,5149.58,5161.25,5193.77,5146.36,240998764,subindex
2022-02-15,MICROFINANCE,5162.66,5307.01,5307.15,5161.73,294859302,subindex
2022-02-16,MICROFINANCE,5315.26,5266.27,5324.38,5250.0,253316359,subindex
2022-02-17,MICROFINANCE,5270.18,5261.8,5285.17,5251.57,351771551,subindex
2022-02-20,MICROFINANCE,5247.07,5195.55,5272.56,5175.57,792349995,subindex
2022-02-21,MICROFINANCE,5209.04,5207.83,5229.4,5179.31,407913997,subindex
2022-02-22,MICROFINANCE,5215.37,5223.63,5261.04,5214.43,284374002,subindex
2022-02-23,MICROFINANCE,5234.15,5197.5,5241.94,5191.63,182614923,subindex
2022-02-24,MICROFINANCE,5197.82,5087.71,5197.82,5083.11,406540559,subindex
2022-02-27,MICROFINANCE,5087.83,5056.65,5100.42,5049.88,210781320,subindex
2022-02-28,MICROFINANCE,5059.56,4994.29,5097.35,4989.98,222859050,subindex
2022-03-02,MICROFINANCE,4995.85,4887.47,4998.49,4880.79,259831503,subindex
2022-03-06,MICROFINANCE,4887.56,4884.31,4920.76,4868.78,203252293,subindex
2022-03-07,MICROFINANCE,4880.89,4879.74,4922.07,4875.27,181525113,subindex
2022-03-09,MICROFINANCE,4881.04,4834.9,4909.42,4827.08,211548109,subindex
2022-03-10,MICROFINANCE,4836.02,4933.49,4933.49,4827.99,199810528,subindex
2022-03-13,MICROFINANCE,4938.43,5097.28,5097.28,4938.43,312015784,subindex
2022-03-14,MICROFINANCE,5097.27,5115.58,5125.35,5074.26,75335240,subindex
2022-03-15,MICROFINANCE,5115.85,5076.09,5131.21,5059.94,191380608,subindex
2022-03-16,MICROFINANCE,5076.09,5066.82,5087.96,5052.48,147081599,subindex
2022-03-20,MICROFINANCE,5075.4,5061.42,5089.4,5040.52,239629724,subindex
2022-03-21,MICROFINANCE,5069.54,5094.79,5095.26,5046.93,187352281,subindex
2022-03-22,MICROFINANCE,5101.95,5121.18,5138.0,5101.94,198144086,subindex
2022-03-23,MICROFINANCE,5121.19,5100.43,5148.54,5085.6,200072578,subindex
2022-03-24,MICROFINANCE,5103.6,5079.95,5112.47,5072.7,446779709,subindex
2022-03-27,MICROFINANCE,5088.33,5040.24,5134.33,5037.78,167568820,subindex
2022-03-28,MICROFINANCE,5058.57,4999.76,5081.49,4988.21,333542497,subindex
2022-03-29,MICROFINANCE,5004.21,4965.22,5014.02,4954.13,147695734,subindex
2022-03-30,MICROFINANCE,4971.72,5036.24,5036.57,4947.8,154257661,subindex
2022-03-31,MICROFINANCE,5040.06,4990.7,5072.56,4986.58,127687277,subindex
2022-04-03,MICROFINANCE,4990.43,4922.51,4998.76,4917.23,125465407,subindex
2022-04-04,MICROFINANCE,4930.83,4900.4,4953.57,4898.96,143455873,subindex
2022-04-05,MICROFINANCE,4900.71,4832.07,4908.04,4812.89,205861892,subindex
2022-04-06,MICROFINANCE,4833.14,4778.26,4836.85,4771.83,254682642,subindex
2022-04-07,MICROFINANCE,4778.27,4842.03,4863.78,4774.5,205164423,subindex
2022-04-11,MICROFINANCE,4843.95,4790.44,4921.7,4784.88,187126197,subindex
2022-04-12,MICROFINANCE,4790.16,4739.07,4798.76,4721.65,147031145,subindex
2022-04-13,MICROFINANCE,4734.69,4840.58,4840.58,4711.42,131400111,subindex
2022-04-17,MICROFINANCE,4850.01,4795.83,4876.21,4782.07,142789859,subindex
2022-04-18,MICROFINANCE,4797.79,4759.61,4810.82,4732.74,120546100,subindex
2022-04-19,MICROFINANCE,4759.62,4792.81,4808.59,4721.93,114478847,subindex
2022-04-20,MICROFINANCE,4795.57,4719.3,4805.88,4704.24,247500546,subindex
2022-04-21,MICROFINANCE,4718.22,4726.06,4735.59,4637.55,255498944,subindex
2022-04-24,MICROFINANCE,4727.31,4905.48,4921.78,4720.86,225377537,subindex
2022-04-25,MICROFINANCE,4909.26,4828.61,4948.79,4828.61,205817293,subindex
2022-04-26,MICROFINANCE,4829.88,4815.02,4867.21,4788.23,129810601,subindex
2022-04-27,MICROFINANCE,4815.45,4811.47,4820.04,4767.11,98807717,subindex
2022-04-28,MICROFINANCE,4812.68,4773.44,4837.6,4763.76,130773995,subindex
2022-05-02,MICROFINANCE,4772.59,4704.37,4772.59,4691.54,137620022,subindex
2022-05-04,MICROFINANCE,4705.63,4650.78,4721.77,4644.67,125223267,subindex
2022-05-05,MICROFINANCE,4650.79,4577.41,4650.78,4557.3,153145302,subindex
2022-05-08,MICROFINANCE,4578.07,4577.38,4582.29,4502.26,133089003,subindex
2022-05-09,MICROFINANCE,4579.61,4638.12,4674.87,4579.61,132820393,subindex
2022-05-10,MICROFINANCE,4640.27,4724.62,4729.01,4636.59,128454910,subindex
2022-05-11,MICROFINANCE,4729.22,4878.51,4878.68,4729.21,191025915,subindex
2022-05-12,MICROFINANCE,4881.69,4803.94,4894.34,4802.35,178836756,subindex
2022-05-17,MICROFINANCE,4803.94,4660.65,4803.94,4649.99,216918624,subindex
2022-05-18,MICROFINANCE,4659.51,4661.22,4667.77,4596.24,161706911,subindex
2022-05-19,MICROFINANCE,4661.63,4610.5,4677.0,4607.97,111375003,subindex
2022-05-20,MICROFINANCE,4610.51,4589.51,4627.33,4583.48,85588935,subindex
2022-05-23,MICROFINANCE,4596.27,4511.48,4600.5,4492.61,177764080,subindex
2022-05-24,MICROFINANCE,4512.71,4537.17,4566.18,4492.84,134900162,subindex
2022-05-25,MICROFINANCE,4546.18,4566.2,4578.68,4536.88,99689970,subindex
2022-05-26,MICROFINANCE,4573.96,4569.0,4593.61,4539.74,102305527,subindex
2022-05-27,MICROFINANCE,4571.98,4549.74,4590.65,4543.05,96119670,subindex
2022-05-30,MICROFINANCE,4550.96,4478.15,4577.16,4476.39,120183059,subindex
2022-05-31,MICROFINANCE,4477.31,4403.44,4477.3,4395.65,149461188,subindex
2022-06-01,MICROFINANCE,4403.44,4390.14,4453.26,4375.65,99575373,subindex
2022-06-02,MICROFINANCE,4391.26,4360.72,4425.52,4357.86,107370248,subindex
2022-06-03,MICROFINANCE,4359.34,4297.9,4364.1,4274.71,138445825,subindex
2022-06-06,MICROFINANCE,4297.8,4320.7,4341.99,4282.0,112535311,subindex
2022-06-07,MICROFINANCE,4320.51,4250.76,4329.02,4240.93,120120598,subindex
2022-06-08,MICROFINANCE,4250.77,4405.57,4428.03,4248.17,149636725,subindex
2022-06-09,MICROFINANCE,4412.73,4367.54,4495.16,4361.2,139303006,subindex
2022-06-10,MICROFINANCE,4372.93,4348.16,4379.82,4323.45,67351408,subindex
2022-06-13,MICROFINANCE,4352.25,4320.13,4354.24,4307.85,128435296,subindex
2022-06-14,MICROFINANCE,4320.47,4242.93,4320.47,4233.93,140846857,subindex
2022-06-15,MICROFINANCE,4245.01,4176.13,4250.93,4144.94,141485171,subindex
2022-06-16,MICROFINANCE,4176.29,4215.28,4242.08,4164.94,90930091,subindex
2022-06-17,MICROFINANCE,4217.95,4213.48,4237.79,4193.6,44147587,subindex
2022-06-19,MICROFINANCE,4213.48,4148.45,4213.62,4130.5,98370701,subindex
2022-06-20,MICROFINANCE,4147.55,4033.1,4147.98,4022.25,158027673,subindex
2022-06-21,MICROFINANCE,4043.34,4129.8,4145.51,4030.89,126434011,subindex
2022-06-22,MICROFINANCE,4128.44,4083.93,4130.82,4074.72,84398197,subindex
2022-06-23,MICROFINANCE,4083.29,3981.77,4083.34,3956.1,131206613,subindex
2022-06-24,MICROFINANCE,3986.4,4013.54,4037.44,3901.67,124505235,subindex
2022-06-26,MICROFINANCE,4015.4,4244.57,4246.38,4015.19,221242141,subindex
2022-06-27,MICROFINANCE,4249.48,4177.36,4298.72,4168.85,179783665,subindex
2022-06-28,MICROFINANCE,4183.12,4138.56,4184.49,4106.09,84543375,subindex
2022-06-29,MICROFINANCE,4145.06,4253.33,4253.33,4137.75,151159883,subindex
2022-06-30,MICROFINANCE,4258.09,4458.31,4464.92,4258.08,316767651,subindex
2022-07-01,MICROFINANCE,4474.74,4487.79,4514.52,4429.69,194325171,subindex
2022-07-03,MICROFINANCE,4487.79,4626.94,4628.07,4476.51,302712459,subindex
2022-07-04,MICROFINANCE,4631.91,4565.69,4753.93,4523.35,552354777,subindex
2022-07-05,MICROFINANCE,4555.14,4452.66,4594.91,4424.55,318317598,subindex
2022-07-06,MICROFINANCE,4461.91,4463.23,4477.01,4364.93,191282400,subindex
2022-07-07,MICROFINANCE,4476.7,4425.94,4541.49,4412.92,182395756,subindex
2022-07-08,MICROFINANCE,4432.58,4360.39,4436.18,4349.84,122071177,subindex
2022-07-11,MICROFINANCE,4359.11,4172.86,4362.27,4168.21,271603615,subindex
2022-07-12,MICROFINANCE,4174.53,4187.04,4236.99,4154.62,172844286,subindex
2022-07-13,MICROFINANCE,4190.6,4321.78,4321.78,4190.6,180894343,subindex
2022-07-14,MICROFINANCE,4329.42,4383.14,4399.97,4308.85,240027437,subindex
2022-07-15,MICROFINANCE,4383.14,4451.78,4451.96,4337.59,176262166,subindex
2022-07-17,MICROFINANCE,4454.77,4434.6,4463.11,4401.72,180424170,subindex
2022-07-18,MICROFINANCE,4436.3,4466.75,4466.75,4392.98,170261715,subindex
2022-07-19,MICROFINANCE,4468.8,4548.38,4583.43,4468.8,349708633,subindex
2022-07-20,MICROFINANCE,4548.68,4550.92,4581.61,4520.72,229421426,subindex
2022-07-21,MICROFINANCE,4558.29,4534.38,4571.83,4524.39,218236133,subindex
2022-07-22,MICROFINANCE,4536.36,4485.53,4542.97,4453.81,177186604,subindex
2022-07-24,MICROFINANCE,4491.68,4660.7,4660.71,4491.47,417633781,subindex
2022-07-25,MICROFINANCE,4664.55,4846.67,4854.84,4664.54,617165158,subindex
2022-07-26,MICROFINANCE,4851.59,4736.19,4876.17,4721.18,499798323,subindex
2022-07-27,MICROFINANCE,4742.32,4843.91,4844.2,4672.05,512889994,subindex
2022-07-28,MICROFINANCE,4854.59,4914.64,5019.65,4854.59,760333967,subindex
2022-07-29,MICROFINANCE,4918.7,4934.8,4949.05,4882.2,243806024,subindex
2022-07-31,MICROFINANCE,4939.91,4989.06,4989.69,4939.9,505316682,subindex
2022-08-01,MICROFINANCE,4985.44,4930.37,5015.09,4923.18,514536178,subindex
2022-08-02,MICROFINANCE,4936.92,4972.03,4986.4,4868.58,565448994,subindex
2022-08-03,MICROFINANCE,4975.06,4979.29,5028.28,4965.04,489192093,subindex
2022-08-04,MICROFINANCE,4989.96,4898.68,4992.12,4892.88,506650433,subindex
2022-08-05,MICROFINANCE,4901.99,4782.51,4901.98,4769.32,352835701,subindex
2022-08-07,MICROFINANCE,4789.98,4810.39,4835.11,4776.99,439372841,subindex
2022-08-08,MICROFINANCE,4819.16,4792.91,4880.17,4787.69,443378953,subindex
2022-08-09,MICROFINANCE,4795.1,4667.29,4809.23,4660.44,364471737,subindex
2022-08-10,MICROFINANCE,4666.74,4651.77,4688.45,4607.53,266651326,subindex
2022-08-11,MICROFINANCE,4655.45,4617.83,4701.52,4616.52,322103188,subindex
2022-08-14,MICROFINANCE,4617.91,4567.33,4647.69,4565.93,297667757,subindex
2022-08-15,MICROFINANCE,4567.69,4703.35,4703.35,4563.39,343003902,subindex
2022-08-16,MICROFINANCE,4709.16,4643.65,4755.58,4633.64,349053298,subindex
2022-08-17,MICROFINANCE,4643.3,4646.74,4673.39,4633.21,155667378,subindex
2022-08-18,MICROFINANCE,4650.37,4708.3,4716.85,4650.37,236655972,subindex
2022-08-21,MICROFINANCE,4707.95,4700.59,4762.96,4690.6,325193333,subindex
2022-08-22,MICROFINANCE,4701.18,4685.26,4705.75,4664.2,226272217,subindex
2022-08-23,MICROFINANCE,4685.56,4673.71,4702.45,4659.12,151154102,subindex
2022-08-24,MICROFINANCE,4674.08,4683.22,4712.19,4667.66,180930923,subindex
2022-08-25,MICROFINANCE,4691.45,4656.15,4707.57,4647.03,303403337,subindex
2022-08-26,MICROFINANCE,4660.54,4614.74,4663.04,4605.82,107208627,subindex
2022-08-28,MICROFINANCE,4614.74,4511.1,4628.78,4503.34,230681586,subindex
2022-08-29,MICROFINANCE,4511.45,4507.12,4529.06,4484.07,158157800,subindex
2022-08-30,MICROFINANCE,4507.46,4511.39,4567.39,4498.41,120416252,subindex
2022-08-31,MICROFINANCE,4512.81,4446.26,4519.78,4435.94,142216350,subindex
2022-09-01,MICROFINANCE,4441.17,4447.95,4471.11,4399.47,178201256,subindex
2022-09-02,MICROFINANCE,4447.38,4448.41,4476.55,4440.44,58498841,subindex
2022-09-04,MICROFINANCE,4449.14,4470.01,4493.28,4449.14,122845177,subindex
2022-09-05,MICROFINANCE,4470.9,4473.01,4500.99,4464.77,109406707,subindex
2022-09-06,MICROFINANCE,4484.55,4420.6,4485.85,4411.34,107764995,subindex
2022-09-07,MICROFINANCE,4421.37,4388.28,4426.56,4371.83,110436837,subindex
2022-09-08,MICROFINANCE,4389.14,4386.72,4417.27,4351.56,99336604,subindex
2022-09-11,MICROFINANCE,4387.66,4350.11,4411.85,4344.44,84087197,subindex
2022-09-12,MICROFINANCE,4350.96,4319.85,4357.34,4314.48,121925962,subindex
2022-09-13,MICROFINANCE,4320.54,4373.43,4390.0,4320.53,115585234,subindex
2022-09-14,MICROFINANCE,4375.47,4479.26,4484.99,4375.47,165056674,subindex
2022-09-15,MICROFINANCE,4483.16,4339.66,4510.19,4333.33,193239123,subindex
2022-09-16,MICROFINANCE,4339.67,4295.8,4339.66,4234.87,101779182,subindex
2022-09-18,MICROFINANCE,4296.61,4218.37,4298.93,4214.05,138547234,subindex
2022-09-20,MICROFINANCE,4219.18,4114.06,4221.12,4100.09,152077200,subindex
2022-09-21,MICROFINANCE,4114.83,4142.41,4180.03,4114.82,91178624,subindex
2022-09-22,MICROFINANCE,4143.17,4099.12,4151.61,4096.4,86363360,subindex
2022-09-25,MICROFINANCE,4099.42,4047.88,4100.31,4042.3,112316080,subindex
2022-09-27,MICROFINANCE,4048.12,4084.24,4119.1,4048.12,100474309,subindex
2022-09-28,MICROFINANCE,4085.01,4123.45,4129.54,4085.01,49396968,subindex
2022-09-29,MICROFINANCE,4125.0,4191.82,4192.88,4124.14,90531549,subindex
2022-10-09,MICROFINANCE,4193.38,4304.19,4304.19,4193.38,74224748,subindex
2022-10-10,MICROFINANCE,4305.5,4230.34,4327.74,4226.87,101860653,subindex
2022-10-11,MICROFINANCE,4230.95,4212.67,4239.04,4187.77,63965497,subindex
2022-10-12,MICROFINANCE,4212.96,4231.23,4251.17,4194.12,93340343,subindex
2022-10-13,MICROFINANCE,4231.54,4234.94,4253.78,4221.44,75106973,subindex
2022-10-16,MICROFINANCE,4235.23,4199.52,4245.12,4194.69,76567249,subindex
2022-10-17,MICROFINANCE,4200.3,4193.5,4207.6,4190.6,63101234,subindex
2022-10-19,MICROFINANCE,4194.18,4161.59,4210.45,4152.07,76265502,subindex
2022-10-20,MICROFINANCE,4163.42,4161.52,4169.04,4129.58,95120415,subindex
2022-10-23,MICROFINANCE,4161.52,4191.02,4191.41,4157.76,48149454,subindex
2022-10-31,MICROFINANCE,4193.01,4203.35,4203.35,4183.85,70886070,subindex
2022-11-01,MICROFINANCE,4205.8,4297.07,4297.94,4203.71,125570131,subindex
2022-11-02,MICROFINANCE,4297.35,4333.96,4347.65,4278.51,140145933,subindex
2022-11-03,MICROFINANCE,4333.61,4286.73,4340.45,4277.55,78768112,subindex
2022-11-06,MICROFINANCE,4297.17,4482.93,4486.97,4297.16,388234426,subindex
2022-11-07,MICROFINANCE,4508.81,4461.41,4532.99,4455.92,530348929,subindex
2022-11-08,MICROFINANCE,4461.73,4433.49,4479.47,4423.66,161737085,subindex
2022-11-09,MICROFINANCE,4436.0,4314.03,4436.0,4306.27,230227730,subindex
2022-11-10,MICROFINANCE,4316.5,4263.46,4341.23,4254.49,151756870,subindex
2022-11-13,MICROFINANCE,4258.77,4209.64,4258.83,4196.83,162855506,subindex
2022-11-14,MICROFINANCE,4209.92,4233.65,4234.29,4179.51,114315029,subindex
2022-11-15,MICROFINANCE,4235.47,4208.37,4262.1,4201.84,127107935,subindex
2022-11-16,MICROFINANCE,4207.86,4225.39,4236.91,4207.85,115281340,subindex
2022-11-17,MICROFINANCE,4220.46,4263.79,4267.98,4211.44,260629881,subindex
2022-11-22,MICROFINANCE,4263.03,4244.35,4280.93,4231.37,104797207,subindex
2022-11-23,MICROFINANCE,4244.58,4226.75,4257.81,4213.97,97646219,subindex
2022-11-24,MICROFINANCE,4231.05,4254.13,4260.36,4231.05,107825567,subindex
2022-11-27,MICROFINANCE,4255.49,4384.99,4385.16,4255.49,257252006,subindex
2022-11-28,MICROFINANCE,4391.94,4369.87,4417.09,4361.44,181198138,subindex
2022-11-29,MICROFINANCE,4370.1,4395.16,4399.33,4329.63,130900490,subindex
2022-11-30,MICROFINANCE,4389.76,4395.44,4397.85,4363.4,152270553,subindex
2022-12-01,MICROFINANCE,4399.39,4406.15,4430.47,4378.51,177363645,subindex
2022-12-04,MICROFINANCE,4408.93,4422.5,4456.29,4407.64,308251922,subindex
2022-12-05,MICROFINANCE,4424.55,4363.93,4429.71,4355.77,156250114,subindex
2022-12-06,MICROFINANCE,4367.28,4376.33,4384.64,4345.68,147580331,subindex
2022-12-07,MICROFINANCE,4387.31,4366.46,4392.17,4358.1,135483034,subindex
2022-12-11,MICROFINANCE,4369.16,4311.12,4373.16,4302.86,148755682,subindex
2022-12-12,MICROFINANCE,4313.09,4342.77,4347.83,4297.8,150037867,subindex
2022-12-13,MICROFINANCE,4342.94,4349.22,4385.24,4338.71,123339664,subindex
2022-12-14,MICROFINANCE,4350.58,4342.41,4358.15,4333.22,87354855,subindex
2022-12-15,MICROFINANCE,4344.49,4305.45,4346.95,4295.79,173770876,subindex
2022-12-18,MICROFINANCE,4305.45,4249.19,4305.56,4234.07,138058990,subindex
2022-12-19,MICROFINANCE,4249.4,4235.45,4251.55,4214.22,145727476,subindex
2022-12-20,MICROFINANCE,4235.89,4265.68,4278.15,4229.94,148367871,subindex
2022-12-21,MICROFINANCE,4263.79,4252.12,4282.56,4243.59,137018238,subindex
2022-12-22,MICROFINANCE,4251.81,4244.74,4265.21,4222.66,152447628,subindex
2022-12-26,MICROFINANCE,4246.04,4363.55,4367.11,4246.04,263731268,subindex
2022-12-27,MICROFINANCE,4367.64,4419.1,4440.91,4367.64,346655855,subindex
2022-12-28,MICROFINANCE,4419.1,4372.8,4423.84,4360.01,177637919,subindex
2022-12-29,MICROFINANCE,4375.28,4486.67,4486.97,4369.94,309189944,subindex
2023-01-01,MICROFINANCE,4496.11,4515.16,4570.13,4475.55,365731825,subindex
2023-01-02,MICROFINANCE,4515.16,4564.07,4570.13,4500.04,286828390,subindex
2023-01-03,MICROFINANCE,4567.23,4675.41,4700.58,4560.38,536432175,subindex
2023-01-04,MICROFINANCE,4678.46,4940.57,4940.57,4678.46,579909382,subindex
2023-01-05,MICROFINANCE,4959.92,5005.01,5048.23,4915.42,734868530,subindex
2023-01-08,MICROFINANCE,5021.18,4994.02,5049.94,4945.96,674344700,subindex
2023-01-09,MICROFINANCE,4996.1,5002.79,5022.38,4972.14,548137282,subindex
2023-01-10,MICROFINANCE,5003.39,4902.44,5053.8,4886.49,730519621,subindex
2023-01-12,MICROFINANCE,4920.76,4809.12,4987.05,4797.83,636609456,subindex
2023-01-17,MICROFINANCE,4812.58,4865.52,4865.82,4811.34,372647500,subindex
2023-01-18,MICROFINANCE,4880.73,4864.57,4939.51,4846.86,407601585,subindex
2023-01-19,MICROFINANCE,4871.05,4828.58,4876.76,4817.52,273900328,subindex
2023-01-23,MICROFINANCE,4827.48,4786.33,4855.78,4778.26,306823523,subindex
2023-01-24,MICROFINANCE,4788.85,4790.53,4791.87,4726.52,282357731,subindex
2023-01-25,MICROFINANCE,4794.45,4838.46,4869.5,4794.45,390226485,subindex
2023-01-26,MICROFINANCE,4846.19,4822.74,4875.6,4810.72,220546363,subindex
2023-01-29,MICROFINANCE,4821.0,4781.16,4828.24,4776.76,300542640,subindex
2023-01-30,MICROFINANCE,4775.97,4695.43,4778.37,4680.78,313200093,subindex
2023-01-31,MICROFINANCE,4693.01,4641.39,4693.01,4629.5,211200147,subindex
2023-02-01,MICROFINANCE,4642.05,4625.91,4649.51,4611.48,135574510,subindex
2023-02-02,MICROFINANCE,4625.16,4583.72,4652.29,4576.79,168424650,subindex
2023-02-05,MICROFINANCE,4583.26,4568.05,4618.0,4563.09,188022599,subindex
2023-02-06,MICROFINANCE,4565.84,4575.29,4581.72,4543.8,132421435,subindex
2023-02-07,MICROFINANCE,4576.39,4722.18,4722.56,4576.39,251563009,subindex
2023-02-08,MICROFINANCE,4721.26,4704.31,4806.29,4682.15,276968087,subindex
2023-02-09,MICROFINANCE,4705.08,4720.83,4727.4,4673.16,142834999,subindex
2023-02-12,MICROFINANCE,4727.18,4618.11,4728.25,4609.05,257198606,subindex
2023-02-14,MICROFINANCE,4630.37,4571.18,4632.64,4558.43,180587140,subindex
2023-02-15,MICROFINANCE,4571.5,4540.71,4584.4,4527.37,170741850,subindex
2023-02-16,MICROFINANCE,4537.29,4484.35,4554.66,4481.75,191775069,subindex
2023-02-20,MICROFINANCE,4476.89,4379.29,4480.38,4373.51,243188229,subindex
2023-02-22,MICROFINANCE,4376.03,4319.04,4393.97,4310.38,261731808,subindex
2023-02-23,MICROFINANCE,4288.21,3907.02,4289.75,3893.84,733116964,subindex
2023-02-26,MICROFINANCE,3868.86,4015.46,4027.13,3664.39,561995729,subindex
2023-02-27,MICROFINANCE,4015.96,3976.09,4062.08,3914.98,266484210,subindex
2023-02-28,MICROFINANCE,3977.11,3944.97,3986.47,3932.62,152389348,subindex
2023-03-01,MICROFINANCE,3945.28,3840.3,3949.9,3838.8,208721615,subindex
2023-03-02,MICROFINANCE,3831.08,3739.04,3832.46,3731.4,189615474,subindex
2023-03-05,MICROFINANCE,3739.34,3650.14,3755.14,3645.46,198409080,subindex
2023-03-07,MICROFINANCE,3645.73,3668.49,3699.79,3637.34,171446649,subindex
2023-03-09,MICROFINANCE,3675.48,3778.22,3778.22,3675.48,145897760,subindex
2023-03-12,MICROFINANCE,3793.65,3748.3,3817.11,3728.35,143329703,subindex
2023-03-13,MICROFINANCE,3749.41,3687.46,3750.46,3669.83,120841375,subindex
2023-03-14,MICROFINANCE,3688.68,3673.01,3701.95,3653.94,102983014,subindex
2023-03-15,MICROFINANCE,3674.41,3604.66,3679.54,3582.05,109022992,subindex
2023-03-16,MICROFINANCE,3604.96,3572.15,3615.47,3559.2,95772885,subindex
2023-03-19,MICROFINANCE,3571.72,3534.47,3582.93,3526.17,105620566,subindex
2023-03-20,MICROFINANCE,3534.99,3549.47,3563.94,3529.34,95807832,subindex
2023-03-22,MICROFINANCE,3551.06,3537.73,3576.42,3530.4,112163203,subindex
2023-03-23,MICROFINANCE,3538.7,3478.57,3541.08,3470.7,125727176,subindex
2023-03-26,MICROFINANCE,3480.86,3344.65,3484.25,3324.3,188421510,subindex
2023-03-27,MICROFINANCE,3339.62,3327.63,3339.62,3228.47,204982420,subindex
2023-03-28,MICROFINANCE,3325.86,3443.53,3469.02,3325.67,189523667,subindex
2023-03-29,MICROFINANCE,3445.14,3452.72,3463.14,3401.73,95379795,subindex
2023-03-30,MICROFINANCE,3450.25,3420.26,3463.94,3407.64,99144277,subindex
2023-04-02,MICROFINANCE,3425.34,3384.42,3459.07,3371.64,91243322,subindex
2023-04-03,MICROFINANCE,3384.42,3345.43,3393.26,3321.11,77779594,subindex
2023-04-04,MICROFINANCE,3345.43,3353.07,3371.37,3313.79,61434851,subindex
2023-04-05,MICROFINANCE,3352.68,3382.12,3385.2,3335.42,61805090,subindex
2023-04-06,MICROFINANCE,3382.12,3368.98,3403.0,3355.34,91228246,subindex
2023-04-09,MICROFINANCE,3368.27,3324.62,3377.89,3313.87,73287081,subindex
2023-04-10,MICROFINANCE,3324.62,3331.31,3347.92,3308.5,64763138,subindex
2023-04-11,MICROFINANCE,3331.31,3381.06,3381.24,3327.86,50281460,subindex
2023-04-12,MICROFINANCE,3381.06,3553.73,3554.49,3381.06,137779977,subindex
2023-04-13,MICROFINANCE,3560.77,3521.61,3583.86,3500.45,117373243,subindex
2023-04-16,MICROFINANCE,3521.44,3498.31,3526.38,3479.99,86167436,subindex
2023-04-17,MICROFINANCE,3500.53,3439.8,3507.72,3427.85,64868268,subindex
2023-04-18,MICROFINANCE,3441.24,3419.79,3445.39,3407.36,76154266,subindex
2023-04-19,MICROFINANCE,3419.49,3451.96,3452.0,3417.42,58226920,subindex
2023-04-20,MICROFINANCE,3453.8,3412.66,3473.45,3406.59,58101325,subindex
2023-04-23,MICROFINANCE,3412.66,3383.57,3420.08,3365.98,53568234,subindex
2023-04-24,MICROFINANCE,3383.57,3387.53,3394.4,3365.64,43558147,subindex
2023-04-25,MICROFINANCE,3388.21,3403.31,3404.6,3373.26,48475686,subindex
2023-04-26,MICROFINANCE,3403.31,3382.36,3421.51,3368.97,57570671,subindex
2023-04-27,MICROFINANCE,3383.74,3362.45,3387.94,3354.12,42281897,subindex
2023-04-30,MICROFINANCE,3362.45,3331.01,3363.5,3324.46,55839379,subindex
2023-05-02,MICROFINANCE,3331.01,3310.41,3334.03,3303.07,43068757,subindex
2023-05-03,MICROFINANCE,3310.41,3289.0,3320.72,3283.48,43543655,subindex
2023-05-04,MICROFINANCE,3289.01,3310.4,3312.84,3267.29,49556616,subindex
2023-05-07,MICROFINANCE,3310.4,3269.23,3317.0,3264.0,41950460,subindex
2023-05-08,MICROFINANCE,3265.4,3242.43,3268.56,3225.91,49930789,subindex
2023-05-09,MICROFINANCE,3242.44,3253.41,3278.38,3231.64,41974234,subindex
2023-05-10,MICROFINANCE,3254.49,3254.35,3277.53,3237.18,42934491,subindex
2023-05-11,MICROFINANCE,3251.2,3235.71,3254.86,3223.22,55655494,subindex
2023-05-14,MICROFINANCE,3235.19,3219.3,3241.6,3209.01,69823474,subindex
2023-05-15,MICROFINANCE,3219.3,3230.09,3230.1,3207.88,61072493,subindex
2023-05-16,MICROFINANCE,3230.1,3256.32,3262.27,3216.77,61430719,subindex
2023-05-17,MICROFINANCE,3255.92,3287.57,3299.49,3248.15,69761653,subindex
2023-05-18,MICROFINANCE,3287.96,3361.1,3362.38,3287.96,95007441,subindex
2023-05-21,MICROFINANCE,3363.59,3380.68,3418.21,3363.26,110041567,subindex
2023-05-22,MICROFINANCE,3385.11,3398.44,3416.12,3355.54,69188794,subindex
2023-05-23,MICROFINANCE,3398.44,3535.55,3535.56,3398.27,162267707,subindex
2023-05-24,MICROFINANCE,3536.94,3612.67,3618.37,3513.06,201474399,subindex
2023-05-28,MICROFINANCE,3613.32,3579.87,3666.58,3577.36,211020319,subindex
2023-05-30,MICROFINANCE,3584.72,3457.51,3586.03,3452.27,178577739,subindex
2023-05-31,MICROFINANCE,3456.21,3394.5,3473.14,3374.57,129912054,subindex
2023-06-01,MICROFINANCE,3394.83,3418.9,3432.88,3359.35,122651793,subindex
2023-06-04,MICROFINANCE,3418.9,3507.82,3511.4,3418.9,105752718,subindex
2023-06-05,MICROFINANCE,3508.28,3489.18,3548.25,3480.91,117507799,subindex
2023-06-06,MICROFINANCE,3488.95,3521.64,3527.36,3478.25,120954985,subindex
2023-06-07,MICROFINANCE,3522.45,3564.7,3581.65,3522.45,172709629,subindex
2023-06-08,MICROFINANCE,3569.03,3565.77,3569.03,3533.15,152036532,subindex
2023-06-11,MICROFINANCE,3565.77,3648.56,3648.56,3564.67,217425137,subindex
2023-06-12,MICROFINANCE,3649.99,3663.49,3683.37,3633.27,191558812,subindex
2023-06-13,MICROFINANCE,3663.49,3760.1,3777.97,3643.44,329585309,subindex
2023-06-14,MICROFINANCE,3760.29,3825.12,3864.11,3760.29,363649070,subindex
2023-06-15,MICROFINANCE,3824.85,3803.36,3853.26,3764.82,185944488,subindex
2023-06-18,MICROFINANCE,3806.37,3906.88,3907.99,3804.36,275974097,subindex
2023-06-19,MICROFINANCE,3907.17,3877.75,3916.86,3854.73,224762937,subindex
2023-06-20,MICROFINANCE,3878.75,3793.82,3894.98,3790.46,241523726,subindex
2023-06-21,MICROFINANCE,3793.83,3753.44,3808.92,3730.39,177011683,subindex
2023-06-22,MICROFINANCE,3753.7,3728.5,3782.59,3715.26,168349769,subindex
2023-06-25,MICROFINANCE,3728.76,3796.74,3796.75,3724.38,282202045,subindex
2023-06-26,MICROFINANCE,3796.75,3948.35,3952.41,3795.43,417774840,subindex
2023-06-27,MICROFINANCE,3956.58,4302.05,4302.05,3954.52,1034829661,subindex
2023-06-28,MICROFINANCE,4335.09,4173.3,4386.95,4169.33,596737338,subindex
2023-07-02,MICROFINANCE,4172.94,3975.05,4181.36,3966.9,448605591,subindex
2023-07-03,MICROFINANCE,3976.68,3923.52,4037.45,3914.33,317025718,subindex
2023-07-04,MICROFINANCE,3923.52,3953.73,3991.08,3899.07,218221123,subindex
2023-07-05,MICROFINANCE,3955.1,3867.73,3966.88,3857.59,349858113,subindex
2023-07-06,MICROFINANCE,3872.12,3859.85,3885.97,3814.28,181939805,subindex
2023-07-09,MICROFINANCE,3861.02,3900.39,3909.93,3859.76,190904700,subindex
2023-07-10,MICROFINANCE,3902.98,3944.23,3994.92,3900.93,263453866,subindex
2023-07-11,MICROFINANCE,3944.23,3938.69,3948.23,3920.61,156331711,subindex
2023-07-12,MICROFINANCE,3938.7,4012.44,4012.45,3938.7,237026519,subindex
2023-07-13,MICROFINANCE,4019.88,4010.46,4074.57,3993.11,263685132,subindex
2023-07-16,MICROFINANCE,4010.47,4049.56,4049.56,3974.87,151932048,subindex
2023-07-17,MICROFINANCE,4051.49,4110.85,4110.86,4005.13,225563322,subindex
2023-07-18,MICROFINANCE,4114.14,4128.72,4157.36,4099.55,474893375,subindex
2023-07-19,MICROFINANCE,4129.39,4107.89,4136.83,4089.27,249060840,subindex
2023-07-20,MICROFINANCE,4107.74,4082.59,4111.21,4058.53,184591619,subindex
2023-07-23,MICROFINANCE,4082.14,4132.25,4147.04,4076.4,266136832,subindex
2023-07-24,MICROFINANCE,4133.46,4090.81,4139.65,4073.47,237747938,subindex
2023-07-25,MICROFINANCE,4093.05,4054.32,4097.74,4032.25,188979292,subindex
2023-07-26,MICROFINANCE,4055.39,4023.33,4067.32,4014.01,157456600,subindex
2023-07-27,MICROFINANCE,4023.15,3963.39,4029.54,3948.04,158800748,subindex
2023-07-30,MICROFINANCE,3964.19,3898.04,3971.56,3881.08,128124139,subindex
2023-07-31,MICROFINANCE,3900.6,3893.93,3923.28,3881.43,133575871,subindex
2023-08-01,MICROFINANCE,3893.94,3839.84,3908.11,3832.82,120627923,subindex
2023-08-02,MICROFINANCE,3839.85,3828.77,3842.51,3795.79,66810542,subindex
2023-08-03,MICROFINANCE,3829.03,3841.43,3849.09,3816.59,79773504,subindex
2023-08-06,MICROFINANCE,3840.02,3779.6,3845.68,3760.44,118801701,subindex
2023-08-07,MICROFINANCE,3788.64,3790.62,3814.89,3758.53,111800984,subindex
2023-08-08,MICROFINANCE,3787.72,3729.63,3797.42,3714.17,102900683,subindex
2023-08-09,MICROFINANCE,3730.9,3781.86,3781.86,3678.13,101338114,subindex
2023-08-10,MICROFINANCE,3779.12,3776.07,3789.83,3745.97,104377409,subindex
2023-08-13,MICROFINANCE,3775.77,3762.51,3781.49,3740.49,84527854,subindex
2023-08-14,MICROFINANCE,3770.85,3776.76,3804.88,3756.2,152327189,subindex
2023-08-15,MICROFINANCE,3779.3,3736.59,3779.73,3720.65,158189837,subindex
2023-08-16,MICROFINANCE,3726.51,3691.41,3726.56,3660.03,117985332,subindex
2023-08-17,MICROFINANCE,3695.41,3701.9,3704.42,3675.2,113213587,subindex
2023-08-20,MICROFINANCE,3701.45,3669.66,3715.92,3665.06,165805858,subindex
2023-08-21,MICROFINANCE,3669.67,3654.02,3671.26,3636.88,81273270,subindex
2023-08-22,MICROFINANCE,3653.58,3670.53,3670.53,3625.7,70371076,subindex
2023-08-23,MICROFINANCE,3671.42,3732.34,3732.44,3664.46,112386674,subindex
2023-08-24,MICROFINANCE,3732.63,3676.02,3737.77,3660.46,114411236,subindex
2023-08-27,MICROFINANCE,3676.02,3635.48,3680.94,3622.41,95489822,subindex
2023-08-28,MICROFINANCE,3638.58,3635.23,3652.14,3618.98,67765751,subindex
2023-08-29,MICROFINANCE,3636.19,3634.63,3643.6,3619.6,51271670,subindex
2023-08-30,MICROFINANCE,3626.14,3619.08,3641.54,3602.35,80192790,subindex
2023-09-03,MICROFINANCE,3619.09,3555.18,3620.48,3547.69,74059087,subindex
2023-09-04,MICROFINANCE,3555.19,3573.82,3576.79,3524.66,68718723,subindex
2023-09-05,MICROFINANCE,3567.22,3566.31,3578.73,3535.44,52753660,subindex
2023-09-07,MICROFINANCE,3565.71,3516.8,3568.61,3501.01,69637793,subindex
2023-09-10,MICROFINANCE,3513.8,3545.66,3545.7,3502.36,62268054,subindex
2023-09-11,MICROFINANCE,3542.89,3605.06,3605.06,3533.19,84921454,subindex
2023-09-12,MICROFINANCE,3601.75,3554.5,3613.57,3545.56,73543017,subindex
2023-09-13,MICROFINANCE,3555.6,3623.52,3623.52,3544.0,80926983,subindex
2023-09-17,MICROFINANCE,3624.86,3556.48,3626.13,3541.32,95230516,subindex
2023-09-18,MICROFINANCE,3558.19,3563.59,3574.78,3538.24,42156118,subindex
2023-09-19,MICROFINANCE,3563.15,3582.1,3583.57,3540.49,65780480,subindex
2023-09-21,MICROFINANCE,3580.3,3664.43,3678.75,3579.4,170110085,subindex
2023-09-24,MICROFINANCE,3664.17,3700.8,3726.11,3653.21,230964158,subindex
2023-09-25,MICROFINANCE,3702.45,3677.87,3703.67,3650.28,121311479,subindex
2023-09-26,MICROFINANCE,3672.53,3721.0,3722.05,3669.06,159948639,subindex
2023-09-27,MICROFINANCE,3717.53,3691.99,3720.88,3664.45,146938097,subindex
2023-10-01,MICROFINANCE,3687.4,3636.06,3688.11,3610.38,114261293,subindex
2023-10-02,MICROFINANCE,3636.23,3654.56,3654.56,3601.7,78571916,subindex
2023-10-03,MICROFINANCE,3654.56,3623.15,3646.97,3600.92,96842541,subindex
2023-10-04,MICROFINANCE,3620.71,3641.11,3650.67,3616.25,76430697,subindex
2023-10-05,MICROFINANCE,3638.21,3623.63,3641.07,3606.45,91378294,subindex
2023-10-08,MICROFINANCE,3622.45,3565.09,3626.04,3550.77,113983269,subindex
2023-10-09,MICROFINANCE,3564.51,3536.86,3567.56,3525.23,108227609,subindex
2023-10-10,MICROFINANCE,3538.86,3511.77,3539.32,3491.29,60638883,subindex
2023-10-11,MICROFINANCE,3511.77,3528.63,3529.01,3495.55,68393064,subindex
2023-10-12,MICROFINANCE,3526.58,3501.1,3526.58,3470.78,95870030,subindex
2023-10-16,MICROFINANCE,3500.29,3445.74,3502.05,3433.93,69475581,subindex
2023-10-17,MICROFINANCE,3444.81,3473.81,3501.64,3444.8,65770089,subindex
2023-10-18,MICROFINANCE,3472.99,3552.35,3552.35,3471.27,67809800,subindex
2023-10-19,MICROFINANCE,3550.22,3538.66,3554.55,3515.73,62821227,subindex
2023-10-29,MICROFINANCE,3538.74,3504.55,3538.74,3467.98,64240856,subindex
2023-10-30,MICROFINANCE,3504.55,3508.22,3508.3,3450.24,50775860,subindex
2023-10-31,MICROFINANCE,3507.74,3478.42,3510.16,3452.9,51736895,subindex
2023-11-01,MICROFINANCE,3479.23,3453.94,3490.17,3438.45,43171309,subindex
2023-11-02,MICROFINANCE,3453.44,3428.48,3466.05,3413.05,63795951,subindex
2023-11-05,MICROFINANCE,3429.02,3394.32,3429.02,3368.96,76113562,subindex
2023-11-06,MICROFINANCE,3392.26,3403.34,3411.62,3372.54,57179788,subindex
2023-11-07,MICROFINANCE,3403.34,3424.4,3433.23,3397.45,45715610,subindex
2023-11-08,MICROFINANCE,3422.22,3432.82,3434.92,3415.66,34966559,subindex
2023-11-09,MICROFINANCE,3432.4,3404.09,3432.39,3389.04,50935706,subindex
2023-11-20,MICROFINANCE,3401.58,3355.6,3409.81,3322.87,88237878,subindex
2023-11-21,MICROFINANCE,3355.61,3258.43,3355.6,3249.6,94142836,subindex
2023-11-22,MICROFINANCE,3255.39,3282.12,3286.14,3228.85,57131896,subindex
2023-11-23,MICROFINANCE,3282.13,3272.67,3282.27,3247.97,53725703,subindex
2023-11-26,MICROFINANCE,3272.04,3339.99,3339.99,3271.3,92070707,subindex
2023-11-27,MICROFINANCE,3336.76,3314.13,3360.93,3302.46,57092433,subindex
2023-11-28,MICROFINANCE,3313.43,3294.81,3320.16,3279.17,69244280,subindex
2023-11-29,MICROFINANCE,3294.36,3286.32,3313.88,3272.43,56031970,subindex
2023-11-30,MICROFINANCE,3283.18,3264.92,3298.06,3235.09,73248549,subindex
2023-12-03,MICROFINANCE,3263.9,3267.11,3271.36,3221.24,74904307,subindex
2023-12-04,MICROFINANCE,3263.9,3267.26,3268.46,3235.71,57753510,subindex
2023-12-05,MICROFINANCE,3264.42,3237.35,3266.12,3221.57,47969315,subindex
2023-12-06,MICROFINANCE,3237.9,3254.18,3254.18,3205.01,54989794,subindex
2023-12-07,MICROFINANCE,3254.28,3256.94,3266.01,3228.44,73805487,subindex
2023-12-10,MICROFINANCE,3256.47,3441.11,3441.11,3256.46,11832315,subindex
2023-12-11,MICROFINANCE,3477.63,3456.57,3491.05,3395.31,253672870,subindex
2023-12-12,MICROFINANCE,3453.58,3510.2,3510.2,3426.43,228140865,subindex
2023-12-13,MICROFINANCE,3524.52,3539.33,3559.89,3478.77,185896873,subindex
2023-12-14,MICROFINANCE,3534.52,3522.28,3534.95,3486.68,154727533,subindex
2023-12-17,MICROFINANCE,3522.84,3562.57,3567.01,3484.37,179066579,subindex
2023-12-18,MICROFINANCE,3565.62,3759.59,3760.8,3565.62,471540159,subindex
2023-12-19,MICROFINANCE,3775.78,3818.32,3818.53,3725.67,229436882,subindex
2023-12-20,MICROFINANCE,3837.25,3854.03,3875.13,3807.31,295002570,subindex
2023-12-21,MICROFINANCE,3859.86,3775.89,3870.14,3751.15,285978640,subindex
2023-12-24,MICROFINANCE,3777.46,3723.5,3784.21,3712.24,279443578,subindex
2023-12-27,MICROFINANCE,3723.13,3678.48,3748.49,3660.45,209763248,subindex
2023-12-28,MICROFINANCE,3678.48,3670.31,3692.94,3638.92,195772292,subindex
2024-01-01,MICROFINANCE,3674.29,3664.6,3712.8,3655.89,168092892,subindex
2024-01-02,MICROFINANCE,3665.37,3616.9,3683.1,3604.07,198770978,subindex
2024-01-03,MICROFINANCE,3621.96,3637.83,3637.83,3598.66,109491868,subindex
2024-01-04,MICROFINANCE,3630.97,3626.74,3669.85,3617.46,147430229,subindex
2024-01-07,MICROFINANCE,3625.97,3610.41,3647.45,3583.59,192109106,subindex
2024-01-08,MICROFINANCE,3611.24,3653.0,3653.0,3603.09,203900095,subindex
2024-01-09,MICROFINANCE,3648.89,3693.83,3704.44,3646.08,178855861,subindex
2024-01-10,MICROFINANCE,3697.05,3731.53,3790.19,3697.04,282717500,subindex
2024-01-11,MICROFINANCE,3731.76,3762.54,3765.99,3712.46,178885730,subindex
2024-01-14,MICROFINANCE,3762.55,3836.31,3839.61,3749.04,275682108,subindex
2024-01-16,MICROFINANCE,3838.04,3952.4,3952.76,3836.07,367701234,subindex
2024-01-17,MICROFINANCE,3951.53,3963.81,4050.5,3939.28,536013480,subindex
2024-01-18,MICROFINANCE,3963.88,3922.86,3964.17,3873.84,279286781,subindex
2024-01-21,MICROFINANCE,3918.6,3867.13,3925.3,3852.62,286331124,subindex
2024-01-22,MICROFINANCE,3864.42,3791.73,3864.41,3774.4,217092297,subindex
2024-01-23,MICROFINANCE,3786.62,3786.77,3818.72,3757.37,139367444,subindex
2024-01-24,MICROFINANCE,3782.93,3782.78,3818.17,3765.96,147305323,subindex
2024-01-25,MICROFINANCE,3781.89,3764.38,3789.28,3735.26,119476278,subindex
2024-01-28,MICROFINANCE,3762.37,3785.37,3785.37,3736.67,145647915,subindex
2024-01-29,MICROFINANCE,3782.54,3783.18,3803.53,3764.55,122602777,subindex
2024-01-30,MICROFINANCE,3781.68,3771.56,3811.58,3754.38,140555047,subindex
2024-01-31,MICROFINANCE,3776.6,3731.19,3790.34,3710.01,116868000,subindex
2024-02-01,MICROFINANCE,3731.19,3676.25,3742.03,3660.44,99888791,subindex
2024-02-04,MICROFINANCE,3681.02,3668.96,3689.54,3638.1,135583779,subindex
2024-02-05,MICROFINANCE,3668.88,3686.93,3692.26,3666.52,123302582,subindex
2024-02-06,MICROFINANCE,3683.18,3717.66,3717.66,3676.06,111504885,subindex
2024-02-07,MICROFINANCE,3715.03,3717.93,3721.19,3705.22,91923994,subindex
2024-02-08,MICROFINANCE,3715.87,3738.71,3740.62,3690.8,109428187,subindex
2024-02-11,MICROFINANCE,3741.38,3722.67,3752.91,3715.41,152005536,subindex
2024-02-12,MICROFINANCE,3716.98,3734.69,3734.69,3702.05,104628858,subindex
2024-02-13,MICROFINANCE,3738.89,3676.77,3739.37,3668.69,127884531,subindex
2024-02-15,MICROFINANCE,3688.57,3671.96,3707.25,3656.2,102064066,subindex
2024-02-18,MICROFINANCE,3674.14,3633.02,3674.57,3610.89,100666630,subindex
2024-02-20,MICROFINANCE,3633.44,3605.81,3633.77,3589.13,109986079,subindex
2024-02-21,MICROFINANCE,3606.14,3596.11,3626.94,3585.76,105436431,subindex
2024-02-22,MICROFINANCE,3596.77,3577.36,3600.23,3563.82,149014555,subindex
2024-02-25,MICROFINANCE,3577.87,3529.09,3578.39,3516.95,135408349,subindex
2024-02-26,MICROFINANCE,3528.8,3526.97,3536.35,3495.42,77265165,subindex
2024-02-27,MICROFINANCE,3526.45,3539.85,3546.65,3504.85,110529895,subindex
2024-02-28,MICROFINANCE,3538.84,3534.35,3557.12,3512.5,68975379,subindex
2024-02-29,MICROFINANCE,3534.36,3489.43,3538.63,3478.73,113882306,subindex
2024-03-03,MICROFINANCE,3488.84,3471.39,3495.83,3431.18,92277040,subindex
2024-03-04,MICROFINANCE,3469.06,3578.69,3578.69,3469.05,6693085,subindex
2024-03-05,MICROFINANCE,3611.32,3533.14,3613.67,3515.48,148899946,subindex
2024-03-06,MICROFINANCE,3532.19,3558.17,3577.09,3513.3,141165963,subindex
2024-03-07,MICROFINANCE,3561.73,3587.21,3594.61,3558.36,137805898,subindex
2024-03-10,MICROFINANCE,3585.72,3738.35,3746.52,3583.69,347338901,subindex
2024-03-12,MICROFINANCE,3750.07,3927.42,3927.42,3749.07,524053234,subindex
2024-03-13,MICROFINANCE,3937.69,3944.93,3984.68,3913.31,378470187,subindex
2024-03-14,MICROFINANCE,3946.33,3862.42,3947.47,3836.09,340382913,subindex
2024-03-17,MICROFINANCE,3861.03,3860.9,3906.6,3843.83,343119153,subindex
2024-03-18,MICROFINANCE,3857.04,3885.16,3885.92,3836.42,267962666,subindex
2024-03-19,MICROFINANCE,3884.75,3964.21,3988.64,3880.57,481397565,subindex
2024-03-20,MICROFINANCE,3966.53,4063.91,4133.01,3966.53,1011319214,subindex
2024-03-21,MICROFINANCE,4062.05,4010.25,4088.36,3985.54,395888091,subindex
2024-03-25,MICROFINANCE,4017.33,3919.62,4017.32,3908.62,355755058,subindex
2024-03-26,MICROFINANCE,3919.04,3936.26,3965.85,3917.31,260650564,subindex
2024-03-27,MICROFINANCE,3940.92,3908.93,3954.84,3880.81,289096768,subindex
2024-03-28,MICROFINANCE,3915.16,3890.09,3920.78,3875.81,215633970,subindex
2024-03-31,MICROFINANCE,3888.7,3843.17,3891.06,3831.29,229207469,subindex
2024-04-01,MICROFINANCE,3843.03,3837.77,3845.86,3813.44,218681639,subindex
2024-04-02,MICROFINANCE,3836.81,3910.34,3932.17,3835.15,354543879,subindex
2024-04-03,MICROFINANCE,3907.77,3974.9,3982.59,3904.63,446547847,subindex
2024-04-04,MICROFINANCE,3972.87,4069.86,4114.29,3964.68,760154409,subindex
2024-04-07,MICROFINANCE,4073.06,4098.24,4132.01,4071.34,604126431,subindex
2024-04-09,MICROFINANCE,4099.62,4051.49,4125.79,4037.0,487923847,subindex
2024-04-10,MICROFINANCE,4051.41,4004.77,4062.14,3973.14,382972131,subindex
2024-04-14,MICROFINANCE,4002.58,4081.36,4093.72,3982.26,440168941,subindex
2024-04-15,MICROFINANCE,4073.95,4060.87,4133.39,4044.21,464309977,subindex
2024-04-16,MICROFINANCE,4052.06,4013.39,4052.06,3997.91,204624524,subindex
2024-04-21,MICROFINANCE,3941.35,3975.95,3976.49,3901.68,209835234,subindex
2024-04-22,MICROFINANCE,3969.82,3937.23,3990.76,3922.54,225131979,subindex
2024-04-24,MICROFINANCE,3933.55,3935.16,3959.95,3924.84,186652140,subindex
2024-04-25,MICROFINANCE,3932.89,3920.79,3948.62,3903.61,168438374,subindex
2024-04-28,MICROFINANCE,3919.4,3975.71,3981.99,3917.87,235708476,subindex
2024-04-29,MICROFINANCE,3970.01,3975.51,3989.5,3957.3,204954183,subindex
2024-04-30,MICROFINANCE,3973.68,4031.62,4044.03,3958.5,347906958,subindex
2024-05-02,MICROFINANCE,4027.61,4170.76,4221.71,4026.24,862644123,subindex
2024-05-05,MICROFINANCE,4182.06,4177.28,4292.61,4162.49,954502035,subindex
2024-05-06,MICROFINANCE,4175.19,4101.59,4179.41,4089.34,447353392,subindex
2024-05-07,MICROFINANCE,4103.52,4201.57,4213.66,4091.25,645186081,subindex
2024-05-08,MICROFINANCE,4205.5,4317.72,4318.96,4204.81,930850986,subindex
2024-05-09,MICROFINANCE,4321.68,4278.77,4347.42,4255.97,729108008,subindex
2024-05-12,MICROFINANCE,4275.45,4220.96,4276.26,4197.84,619671412,subindex
2024-05-13,MICROFINANCE,4232.02,4251.15,4251.19,4207.17,547311778,subindex
2024-05-14,MICROFINANCE,4257.32,4397.5,4403.62,4254.26,1176240739,subindex
2024-05-15,MICROFINANCE,4407.05,4370.64,4463.84,4358.28,894881783,subindex
2024-05-16,MICROFINANCE,4366.18,4536.97,4567.53,4361.37,1453171861,subindex
2024-05-19,MICROFINANCE,4579.78,4598.95,4601.27,4503.26,1135981458,subindex
2024-05-20,MICROFINANCE,4603.68,4568.81,4676.22,4546.98,1158784723,subindex
2024-05-21,MICROFINANCE,4563.24,4636.41,4644.86,4534.75,909277087,subindex
2024-05-22,MICROFINANCE,4639.15,4585.34,4667.43,4560.89,1064350200,subindex
2024-05-26,MICROFINANCE,4608.99,4503.65,4616.46,4481.07,841257134,subindex
2024-05-27,MICROFINANCE,4511.94,4523.06,4542.76,4487.25,561225266,subindex
2024-05-29,MICROFINANCE,4536.67,4445.3,4552.47,4419.83,605804343,subindex
2024-05-30,MICROFINANCE,4448.41,4357.91,4448.41,4352.77,595265107,subindex
2024-06-02,MICROFINANCE,4354.94,4380.72,4386.32,4345.82,497770259,subindex
2024-06-03,MICROFINANCE,4376.95,4487.52,4525.4,4365.62,676369775,subindex
2024-06-04,MICROFINANCE,4491.08,4553.95,4593.79,4487.35,1013031684,subindex
2024-06-05,MICROFINANCE,4552.01,4614.03,4627.96,4546.75,1018430344,subindex
2024-06-06,MICROFINANCE,4606.66,4656.35,4703.72,4606.12,1277107103,subindex
2024-06-09,MICROFINANCE,4666.42,4605.21,4687.94,4592.74,1153838959,subindex
2024-06-10,MICROFINANCE,4602.09,4633.78,4637.28,4589.59,831107047,subindex
2024-06-11,MICROFINANCE,4647.09,4682.75,4692.04,4626.4,784845149,subindex
2024-06-12,MICROFINANCE,4680.26,4724.03,4748.4,4675.68,968022085,subindex
2024-06-13,MICROFINANCE,4728.33,4705.66,4763.77,4688.61,1055415582,subindex
2024-06-16,MICROFINANCE,4704.44,4625.09,4714.55,4601.61,817475857,subindex
2024-06-18,MICROFINANCE,4621.48,4595.28,4624.38,4576.28,697302784,subindex
2024-06-19,MICROFINANCE,4589.04,4602.16,4632.84,4577.72,608522352,subindex
2024-06-20,MICROFINANCE,4602.21,4572.09,4608.07,4554.16,562854964,subindex
2024-06-23,MICROFINANCE,4569.69,4515.53,4571.12,4502.08,511038161,subindex
2024-06-24,MICROFINANCE,4508.01,4577.29,4602.16,4496.04,940646420,subindex
2024-06-25,MICROFINANCE,4578.38,4593.1,4600.61,4572.48,691684739,subindex
2024-06-26,MICROFINANCE,4589.86,4570.74,4621.27,4554.58,731034789,subindex
2024-06-27,MICROFINANCE,4575.19,4526.9,4576.03,4516.85,436107574,subindex
2024-06-30,MICROFINANCE,4522.72,4464.52,4528.31,4456.88,514343918,subindex
2024-07-01,MICROFINANCE,4464.98,4478.91,4488.15,4448.62,355758954,subindex
2024-07-02,MICROFINANCE,4514.04,4544.16,4695.98,4514.04,444035350,subindex
2024-07-03,MICROFINANCE,4545.27,4537.65,4556.25,4499.84,488273782,subindex
2024-07-04,MICROFINANCE,4537.35,4547.23,4575.49,4530.06,458465785,subindex
2024-07-07,MICROFINANCE,4550.97,4613.84,4615.35,4550.79,627839707,subindex
2024-07-08,MICROFINANCE,4624.68,4656.52,4656.52,4607.37,655217866,subindex
2024-07-09,MICROFINANCE,4653.99,4799.21,4805.66,4645.72,1194827432,subindex
2024-07-10,MICROFINANCE,4814.84,4873.15,4924.04,4812.32,1247261995,subindex
2024-07-11,MICROFINANCE,4897.7,4847.24,4915.22,4824.09,867620294,subindex
2024-07-14,MICROFINANCE,4899.41,4887.38,5004.88,4858.91,731908583,subindex
2024-07-15,MICROFINANCE,4907.58,4818.4,4943.42,4799.59,700052767,subindex
2024-07-16,MICROFINANCE,4816.79,4929.71,4930.02,4803.63,665651091,subindex
2024-07-17,MICROFINANCE,4928.9,5020.55,5020.55,4921.96,929697152,subindex
2024-07-18,MICROFINANCE,5035.71,5159.95,5231.2,5032.49,1738055875,subindex
2024-07-21,MICROFINANCE,5171.66,5243.24,5251.82,5137.24,1355046347,subindex
2024-07-22,MICROFINANCE,5248.1,5215.15,5275.12,5147.72,1077754437,subindex
2024-07-23,MICROFINANCE,5222.64,5287.91,5288.19,5192.73,1157270277,subindex
2024-07-24,MICROFINANCE,5293.63,5215.3,5330.19,5171.08,1235149227,subindex
2024-07-25,MICROFINANCE,5223.45,5571.14,5571.54,5220.74,2549109194,subindex
2024-07-28,MICROFINANCE,5632.81,5561.07,5756.89,5402.64,1574457608,subindex
2024-07-29,MICROFINANCE,5575.34,5354.68,5575.76,5339.65,1699042636,subindex
2024-07-30,MICROFINANCE,5379.07,5407.39,5433.33,5255.5,1177262064,subindex
2024-07-31,MICROFINANCE,5408.08,5441.78,5464.74,5408.08,1396472157,subindex
2024-08-01,MICROFINANCE,5444.1,5396.83,5508.03,5380.29,1311389399,subindex
2024-08-05,MICROFINANCE,5379.94,5355.82,5396.18,5310.71,1070377060,subindex
2024-08-06,MICROFINANCE,5355.95,5150.64,5374.83,5131.82,1364663704,subindex
2024-08-07,MICROFINANCE,5139.38,5262.51,5262.51,5137.94,969784548,subindex
2024-08-08,MICROFINANCE,5269.47,5239.06,5316.96,5210.82,894831645,subindex
2024-08-11,MICROFINANCE,5254.24,5469.42,5469.95,5254.24,1759005498,subindex
2024-08-12,MICROFINANCE,5510.86,5528.89,5661.04,5503.09,1503267204,subindex
2024-08-13,MICROFINANCE,5541.58,5466.08,5596.97,5427.66,1105684770,subindex
2024-08-14,MICROFINANCE,5448.33,5427.5,5469.86,5344.64,1214074690,subindex
2024-08-15,MICROFINANCE,5450.64,5419.98,5495.1,5407.53,1409471864,subindex
2024-08-18,MICROFINANCE,5438.27,5402.9,5541.6,5373.67,1535731069,subindex
2024-08-21,MICROFINANCE,5414.67,5373.38,5487.43,5356.66,1076178477,subindex
2024-08-22,MICROFINANCE,5372.11,5372.21,5408.86,5345.45,980814541,subindex
2024-08-25,MICROFINANCE,5374.77,5430.62,5609.3,5282.7,1873277599,subindex
2024-08-27,MICROFINANCE,5444.87,5282.95,5488.75,5242.47,1184700329,subindex
2024-08-28,MICROFINANCE,5282.95,5212.35,5351.27,5178.67,753987957,subindex
2024-08-29,MICROFINANCE,5212.35,5107.24,5224.47,5071.14,795422827,subindex
2024-09-01,MICROFINANCE,5105.48,5011.15,5152.91,4996.1,771099475,subindex
2024-09-02,MICROFINANCE,5013.4,5178.28,5178.28,4996.78,708277919,subindex
2024-09-03,MICROFINANCE,5174.27,5202.01,5247.92,5149.15,647690667,subindex
2024-09-04,MICROFINANCE,5202.01,5125.99,5298.74,5104.07,1152374255,subindex
2024-09-05,MICROFINANCE,5114.79,5212.4,5292.6,5061.33,1098661353,subindex
2024-09-08,MICROFINANCE,5215.67,5275.5,5394.44,5215.67,1505820328,subindex
2024-09-09,MICROFINANCE,5269.48,5152.56,5285.17,5124.4,784440719,subindex
2024-09-10,MICROFINANCE,5152.03,5105.53,5196.5,5065.46,504971066,subindex
2024-09-11,MICROFINANCE,5101.29,5077.86,5154.49,5057.98,699993295,subindex
2024-09-12,MICROFINANCE,5082.12,5158.59,5158.69,5070.03,674072051,subindex
2024-09-15,MICROFINANCE,5158.98,5061.28,5222.09,5040.13,736137783,subindex
2024-09-16,MICROFINANCE,5065.92,4938.15,5070.8,4904.29,586320351,subindex
2024-09-18,MICROFINANCE,4936.81,4885.11,4943.83,4862.36,429159167,subindex
2024-09-22,MICROFINANCE,4884.42,4875.97,4984.34,4843.49,322427170,subindex
2024-09-23,MICROFINANCE,4872.41,4751.08,4881.04,4727.33,450314243,subindex
2024-09-24,MICROFINANCE,4746.82,4638.0,4775.59,4611.65,437502092,subindex
2024-09-25,MICROFINANCE,4633.38,4707.54,4708.64,4587.57,360851466,subindex
2024-09-26,MICROFINANCE,4700.41,4645.47,4734.57,4617.64,309290797,subindex
2024-09-29,MICROFINANCE,4649.72,4637.1,4668.1,4597.73,242584658,subindex
2024-09-30,MICROFINANCE,4634.53,4723.16,4724.9,4621.63,277810221,subindex
2024-10-01,MICROFINANCE,4722.87,4911.4,4911.4,4714.11,548054228,subindex
2024-10-02,MICROFINANCE,4909.29,4856.3,4940.98,4821.15,405669311,subindex
2024-10-06,MICROFINANCE,4859.84,4934.36,4934.69,4838.14,231329029,subindex
2024-10-07,MICROFINANCE,4943.3,5008.92,5020.82,4942.29,368301196,subindex
2024-10-08,MICROFINANCE,5006.38,4962.91,5010.57,4930.89,259781744,subindex
2024-10-09,MICROFINANCE,4957.86,4971.77,4976.99,4917.79,216068150,subindex
2024-10-15,MICROFINANCE,4970.28,5007.82,5008.89,4961.29,139057190,subindex
2024-10-16,MICROFINANCE,5005.38,5082.37,5082.37,4998.74,257423365,subindex
2024-10-17,MICROFINANCE,5079.87,5072.62,5114.31,5063.39,369089317,subindex
2024-10-20,MICROFINANCE,5068.96,4995.15,5071.58,4971.16,374904102,subindex
2024-10-21,MICROFINANCE,4994.92,4900.65,4999.23,4872.79,309864128,subindex
2024-10-22,MICROFINANCE,4899.4,4933.24,4937.08,4875.16,207066275,subindex
2024-10-23,MICROFINANCE,4934.41,4917.07,4939.05,4895.8,207883793,subindex
2024-10-24,MICROFINANCE,4922.9,4876.78,4926.8,4855.32,272172621,subindex
2024-10-27,MICROFINANCE,4881.02,4840.94,4889.27,4815.17,274336528,subindex
2024-10-28,MICROFINANCE,4841.2,4902.09,4902.69,4838.98,256098739,subindex
2024-10-29,MICROFINANCE,4901.32,4976.08,4976.51,4900.32,288385524,subindex
2024-10-30,MICROFINANCE,4974.33,4968.75,4989.31,4945.06,282690667,subindex
2024-11-05,MICROFINANCE,4968.75,4965.24,4990.71,4938.87,196410510,subindex
2024-11-06,MICROFINANCE,4969.43,4960.41,4975.85,4941.67,251224795,subindex
2024-11-10,MICROFINANCE,4960.37,5036.72,5036.72,4947.06,456172354,subindex
2024-11-11,MICROFINANCE,5035.12,5198.19,5235.7,5035.12,977065007,subindex
2024-11-12,MICROFINANCE,5195.26,5162.96,5254.65,5142.1,652433404,subindex
2024-11-13,MICROFINANCE,5167.39,5143.81,5173.34,5115.54,502880848,subindex
2024-11-14,MICROFINANCE,5138.19,5183.66,5189.55,5131.68,911920786,subindex
2024-11-17,MICROFINANCE,5191.45,5250.02,5276.21,5186.92,1289778261,subindex
2024-11-19,MICROFINANCE,5263.59,5170.97,5265.37,5141.35,1166103619,subindex
2024-11-20,MICROFINANCE,5171.95,5175.06,5182.51,5127.36,456924027,subindex
2024-11-21,MICROFINANCE,5170.38,5139.58,5214.92,5119.42,1006514930,subindex
2024-11-24,MICROFINANCE,5149.91,5091.09,5165.26,5080.64,535856673,subindex
2024-11-25,MICROFINANCE,5090.06,5101.06,5112.24,5073.51,425494332,subindex
2024-11-26,MICROFINANCE,5096.88,5144.53,5145.3,5091.48,485681575,subindex
2024-11-27,MICROFINANCE,5142.91,5194.41,5194.41,5137.41,825235756,subindex
2024-11-28,MICROFINANCE,5192.8,5161.85,5201.43,5149.51,687752383,subindex
2024-12-01,MICROFINANCE,5151.52,5113.95,5151.52,5089.59,480472891,subindex
2024-12-02,MICROFINANCE,5122.37,5121.79,5148.4,5099.87,610487655,subindex
2024-12-03,MICROFINANCE,5121.94,5105.06,5140.83,5084.97,457691771,subindex
2024-12-04,MICROFINANCE,5119.95,5111.28,5134.18,5086.77,572613551,subindex
2024-12-05,MICROFINANCE,5110.19,5052.92,5115.29,5030.5,563968894,subindex
2024-12-08,MICROFINANCE,5048.58,4976.74,5057.24,4941.88,462934395,subindex
2024-12-09,MICROFINANCE,4979.64,4946.35,4994.31,4909.31,352030120,subindex
2024-12-10,MICROFINANCE,4948.12,4953.16,4976.63,4916.92,380869961,subindex
2024-12-11,MICROFINANCE,4954.26,4974.34,4975.59,4924.81,259253477,subindex
2024-12-12,MICROFINANCE,4980.49,4939.98,5020.67,4921.46,510687245,subindex
2024-12-16,MICROFINANCE,4947.2,4847.68,4947.2,4829.37,310137130,subindex
2024-12-17,MICROFINANCE,4851.61,4874.95,4881.0,4814.37,299783182,subindex
2024-12-18,MICROFINANCE,4880.27,4879.34,4922.78,4859.04,444107477,subindex
2024-12-19,MICROFINANCE,4880.94,4844.5,4891.0,4815.25,457049208,subindex
2024-12-22,MICROFINANCE,4842.38,4825.16,4863.93,4783.2,389095838,subindex
2024-12-23,MICROFINANCE,4819.92,4864.36,4864.75,4803.6,413225895,subindex
2024-12-24,MICROFINANCE,4865.05,4915.27,4930.84,4854.52,448304764,subindex
2024-12-26,MICROFINANCE,4912.92,4922.47,4928.86,4893.14,638903288,subindex
2024-12-29,MICROFINANCE,4921.89,4977.97,5033.01,4909.42,798979106,subindex
2024-12-31,MICROFINANCE,4974.35,4907.72,4978.5,4850.25,502058375,subindex
2025-01-01,MICROFINANCE,4906.58,4899.76,4915.03,4866.76,362167519,subindex
2025-01-02,MICROFINANCE,4882.79,4889.33,4909.37,4849.38,401168975,subindex
2025-01-05,MICROFINANCE,4882.29,4882.01,4882.29,4836.53,409377854,subindex
2025-01-06,MICROFINANCE,4875.64,4918.87,4920.89,4870.29,542463580,subindex
2025-01-07,MICROFINANCE,4911.96,4940.64,4945.8,4889.65,378962555,subindex
2025-01-08,MICROFINANCE,4958.36,5019.34,5047.93,4954.02,511447981,subindex
2025-01-09,MICROFINANCE,5009.78,4956.17,5013.09,4947.93,333850142,subindex
2025-01-12,MICROFINANCE,4956.93,4912.98,4966.46,4892.29,264638634,subindex
2025-01-13,MICROFINANCE,4901.7,4891.02,4924.56,4864.84,371539248,subindex
2025-01-15,MICROFINANCE,4886.34,4865.4,4905.04,4852.23,293318861,subindex
2025-01-16,MICROFINANCE,4859.38,4838.26,4884.92,4817.14,327371155,subindex
2025-01-19,MICROFINANCE,4842.0,4852.05,4855.5,4822.73,362385064,subindex
2025-01-20,MICROFINANCE,4850.77,4849.92,4892.02,4841.92,400040316,subindex
2025-01-21,MICROFINANCE,4852.91,4851.51,4863.2,4821.59,295442899,subindex
2025-01-22,MICROFINANCE,4853.94,4903.58,4908.99,4835.9,366618694,subindex
2025-01-23,MICROFINANCE,4919.92,4903.0,4920.92,4883.12,457756818,subindex
2025-01-26,MICROFINANCE,4902.1,4939.82,4959.58,4901.43,681906410,subindex
2025-01-27,MICROFINANCE,4936.14,4941.93,4965.39,4923.07,581401705,subindex
2025-01-28,MICROFINANCE,4930.51,4965.81,4965.82,4923.32,588430159,subindex
2025-02-02,MICROFINANCE,4969.41,5210.32,5210.32,4961.1,1179698640,subindex
2025-02-03,MICROFINANCE,5209.6,5215.9,5296.83,5190.45,977320319,subindex
2025-02-04,MICROFINANCE,5229.85,5182.11,5240.84,5143.76,756785113,subindex
2025-02-05,MICROFINANCE,5178.3,5168.35,5191.64,5128.19,633926121,subindex
2025-02-06,MICROFINANCE,5169.42,5137.42,5169.42,5123.25,646707270,subindex
2025-02-09,MICROFINANCE,5133.03,5150.5,5156.44,5110.26,717128646,subindex
2025-02-10,MICROFINANCE,5154.42,5136.24,5187.76,5114.12,513097458,subindex
2025-02-11,MICROFINANCE,5135.04,5133.92,5161.27,5121.49,525749049,subindex
2025-02-12,MICROFINANCE,5129.93,5128.21,5162.55,5120.62,586665041,subindex
2025-02-13,MICROFINANCE,5125.47,5137.45,5147.27,5114.1,611495599,subindex
2025-02-16,MICROFINANCE,5138.14,5233.19,5233.19,5138.14,1043064779,subindex
2025-02-17,MICROFINANCE,5234.46,5361.91,5384.96,5232.92,1417477414,subindex
2025-02-18,MICROFINANCE,5362.54,5319.09,5386.68,5295.12,1068102780,subindex
2025-02-20,MICROFINANCE,5323.44,5302.9,5338.74,5279.45,751491127,subindex
2025-02-23,MICROFINANCE,5281.47,5267.81,5286.12,5190.53,942667028,subindex
2025-02-24,MICROFINANCE,5265.69,5234.54,5293.09,5212.88,749139408,subindex
2025-02-25,MICROFINANCE,5238.68,5226.22,5242.85,5205.23,571991414,subindex
2025-02-27,MICROFINANCE,5271.99,5273.97,5369.36,5258.82,598843505,subindex
2025-03-02,MICROFINANCE,5266.73,5345.66,5345.66,5266.73,805188173,subindex
2025-03-03,MICROFINANCE,5350.31,5302.04,5391.12,5275.63,766517520,subindex
2025-03-04,MICROFINANCE,5301.77,5226.97,5306.67,5206.47,921039293,subindex
2025-03-05,MICROFINANCE,5226.45,5200.74,5236.62,5170.99,682501931,subindex
2025-03-06,MICROFINANCE,5194.67,5203.46,5215.44,5177.1,786821467,subindex
2025-03-09,MICROFINANCE,5200.24,5120.96,5201.15,5100.65,557282855,subindex
2025-03-10,MICROFINANCE,5116.76,5088.45,5148.79,5064.87,556667765,subindex
2025-03-11,MICROFINANCE,5088.19,5043.0,5088.19,5011.68,383127649,subindex
2025-03-12,MICROFINANCE,5042.09,5028.91,5049.55,5014.21,257270572,subindex
2025-03-16,MICROFINANCE,5020.8,4984.63,5031.15,4953.16,331594052,subindex
2025-03-17,MICROFINANCE,4976.63,4983.74,5019.92,4953.9,418123580,subindex
2025-03-18,MICROFINANCE,4967.78,4968.21,5000.69,4952.72,275593942,subindex
2025-03-19,MICROFINANCE,4965.99,4944.05,4972.04,4913.75,369118852,subindex
2025-03-20,MICROFINANCE,4947.94,4911.2,4958.78,4905.47,257497074,subindex
2025-03-23,MICROFINANCE,4902.28,4794.95,4908.33,4790.86,401076218,subindex
2025-03-24,MICROFINANCE,4792.69,4833.0,4839.3,4751.4,286897398,subindex
2025-03-25,MICROFINANCE,4829.98,4712.53,4829.98,4705.76,336392404,subindex
2025-03-26,MICROFINANCE,4714.37,4773.9,4784.67,4702.62,260521538,subindex
2025-03-27,MICROFINANCE,4773.45,4880.3,4888.18,4761.69,399858762,subindex
2025-03-30,MICROFINANCE,4879.37,4910.9,4940.18,4860.02,406927866,subindex
2025-04-01,MICROFINANCE,4916.79,4856.45,4921.4,4825.82,277004115,subindex
2025-04-02,MICROFINANCE,4845.45,4865.19,4879.79,4832.94,247057888,subindex
2025-04-03,MICROFINANCE,4865.43,4846.89,4885.29,4841.9,326518789,subindex
2025-04-07,MICROFINANCE,4847.62,4796.54,4847.7,4786.8,252916119,subindex
2025-04-08,MICROFINANCE,4793.21,4792.51,4805.35,4741.0,243412478,subindex
2025-04-09,MICROFINANCE,4790.61,4803.18,4838.42,4786.47,219209420,subindex
2025-04-10,MICROFINANCE,4802.51,4821.53,4826.4,4794.19,296924806,subindex
2025-04-13,MICROFINANCE,4821.94,4808.58,4821.94,4785.69,240884298,subindex
2025-04-15,MICROFINANCE,4808.44,4837.81,4853.36,4798.62,234558433,subindex
2025-04-16,MICROFINANCE,4837.32,4834.87,4856.34,4821.42,266588173,subindex
2025-04-17,MICROFINANCE,4837.86,4865.64,4884.74,4825.72,346083987,subindex
2025-04-20,MICROFINANCE,4858.63,4839.0,4879.8,4831.07,308022403,subindex
2025-04-21,MICROFINANCE,4838.37,4833.46,4844.07,4806.03,240186093,subindex
2025-04-22,MICROFINANCE,4831.34,4817.38,4847.29,4809.96,224432364,subindex
2025-04-23,MICROFINANCE,4821.73,4766.86,4825.07,4765.57,213491153,subindex
2025-04-24,MICROFINANCE,4767.64,4744.73,4775.93,4729.87,256556164,subindex
2025-04-27,MICROFINANCE,4745.38,4700.07,4751.13,4694.25,318502326,subindex
2025-04-28,MICROFINANCE,4703.93,4664.28,4705.11,4657.86,285905343,subindex
2025-04-29,MICROFINANCE,4664.34,4627.85,4673.52,4626.68,218025651,subindex
2025-04-30,MICROFINANCE,4626.13,4629.8,4655.75,4612.48,265804925,subindex
2025-05-04,MICROFINANCE,4634.49,4617.89,4642.71,4611.21,254551053,subindex
2025-05-05,MICROFINANCE,4619.6,4623.12,4655.57,4606.18,234947575,subindex
2025-05-06,MICROFINANCE,4624.48,4608.92,4647.31,4603.94,221716738,subindex
2025-05-07,MICROFINANCE,4614.08,4712.34,4724.87,4597.94,248704635,subindex
2025-05-08,MICROFINANCE,4711.48,4710.75,4739.51,4677.31,264848233,subindex
2025-05-11,MICROFINANCE,4710.75,4694.94,4724.16,4678.28,307340153,subindex
2025-05-13,MICROFINANCE,4693.6,4662.12,4707.9,4641.03,285039589,subindex
2025-05-14,MICROFINANCE,4664.98,4649.61,4667.45,4643.55,220148721,subindex
2025-05-15,MICROFINANCE,4650.44,4646.81,4658.59,4631.51,253702145,subindex
2025-05-18,MICROFINANCE,4646.71,4703.79,4739.4,4645.57,393212701,subindex
2025-05-19,MICROFINANCE,4701.22,4710.31,4738.57,4689.09,313303828,subindex
2025-05-20,MICROFINANCE,4717.2,4763.6,4777.76,4670.23,206101337,subindex
2025-05-21,MICROFINANCE,4802.39,4738.92,4911.57,4733.65,363102179,subindex
2025-05-22,MICROFINANCE,4740.86,4861.42,4874.37,4740.86,669801109,subindex
2025-05-25,MICROFINANCE,4876.02,4974.42,4988.59,4871.93,891333586,subindex
2025-05-26,MICROFINANCE,5014.05,4899.57,5052.06,4883.36,588587787,subindex
2025-05-27,MICROFINANCE,4904.13,4843.85,4904.13,4841.13,356082388,subindex
2025-05-28,MICROFINANCE,4850.56,4831.23,4850.62,4793.75,274928890,subindex
2025-06-02,MICROFINANCE,4845.27,4825.04,4879.99,4813.08,263061582,subindex
2025-06-03,MICROFINANCE,4827.17,4763.69,4829.36,4749.54,314249915,subindex
2025-06-04,MICROFINANCE,4769.37,4724.18,4771.61,4717.3,180449763,subindex
2025-06-05,MICROFINANCE,4722.34,4705.11,4755.67,4696.94,222166318,subindex
2025-06-08,MICROFINANCE,4705.03,4671.76,4705.83,4655.26,271005688,subindex
2025-06-09,MICROFINANCE,4677.58,4694.42,4701.85,4664.68,171606739,subindex
2025-06-10,MICROFINANCE,4693.79,4723.09,4729.8,4691.43,220968806,subindex
2025-06-11,MICROFINANCE,4720.84,4703.71,4733.72,4686.36,206529109,subindex
2025-06-12,MICROFINANCE,4701.62,4682.67,4702.12,4675.77,246736845,subindex
2025-06-15,MICROFINANCE,4688.04,4667.88,4696.01,4663.79,217782222,subindex
2025-06-16,MICROFINANCE,4669.29,4695.73,4717.59,4660.72,249064230,subindex
2025-06-17,MICROFINANCE,4695.18,4747.5,4791.27,4695.18,425619849,subindex
2025-06-18,MICROFINANCE,4751.26,4721.85,4773.7,4709.25,324350206,subindex
2025-06-19,MICROFINANCE,4722.78,4671.74,4723.39,4671.25,248602069,subindex
2025-06-22,MICROFINANCE,4672.38,4617.58,4674.55,4613.08,273639322,subindex
2025-06-23,MICROFINANCE,4615.9,4618.45,4623.25,4596.66,173856771,subindex
2025-06-24,MICROFINANCE,4622.2,4627.42,4663.68,4615.98,197739433,subindex
2025-06-25,MICROFINANCE,4627.65,4617.49,4637.08,4604.51,143621879,subindex
2025-06-26,MICROFINANCE,4617.49,4623.9,4633.8,4612.87,214298543,subindex
2025-06-29,MICROFINANCE,4626.24,4697.2,4718.09,4626.18,304822208,subindex
2025-06-30,MICROFINANCE,4694.12,4740.48,4747.65,4690.86,289210411,subindex
2025-07-01,MICROFINANCE,4742.43,4845.73,4854.75,4741.08,495450661,subindex
2025-07-02,MICROFINANCE,4849.51,4873.04,4891.42,4845.28,586319816,subindex
2025-07-03,MICROFINANCE,4878.08,4862.27,4881.91,4830.83,395334338,subindex
2025-07-06,MICROFINANCE,4868.23,4858.86,4883.96,4845.38,492180520,subindex
2025-07-07,MICROFINANCE,4857.22,4824.5,4873.35,4815.34,432111790,subindex
2025-07-08,MICROFINANCE,4830.07,4828.27,4838.97,4795.21,284642524,subindex
2025-07-09,MICROFINANCE,4828.93,4869.48,4874.89,4814.13,418717076,subindex
2025-07-10,MICROFINANCE,4875.94,4940.68,4954.85,4869.91,566511500,subindex
2025-07-13,MICROFINANCE,5008.91,5113.91,5132.79,5008.89,1266422127,subindex
2025-07-14,MICROFINANCE,5117.97,5050.49,5125.8,5043.74,702119227,subindex
2025-07-15,MICROFINANCE,5049.42,5115.32,5129.51,5047.15,652558696,subindex
2025-07-16,MICROFINANCE,5106.48,5210.29,5220.07,5104.37,1300710589,subindex
2025-07-17,MICROFINANCE,5203.86,5341.03,5350.48,5202.7,1158485288,subindex
2025-07-20,MICROFINANCE,5360.14,5339.45,5429.89,5304.0,2094434897,subindex
2025-07-21,MICROFINANCE,5344.72,5442.55,5493.22,5298.13,2024127381,subindex
2025-07-22,MICROFINANCE,5450.79,5664.1,5691.42,5450.24,2339441881,subindex
2025-07-23,MICROFINANCE,5680.63,5623.18,5685.68,5554.46,1907048468,subindex
2025-07-24,MICROFINANCE,5623.11,5610.06,5640.93,5557.74,1796807923,subindex
2025-07-27,MICROFINANCE,5603.9,5610.44,5714.51,5585.42,2302917384,subindex
2025-07-28,MICROFINANCE,5614.26,5594.18,5616.01,5496.96,1516038736,subindex
2025-07-29,MICROFINANCE,5602.32,5688.96,5745.54,5602.32,2056997801,subindex
2025-07-30,MICROFINANCE,5692.37,5502.25,5693.2,5478.48,1591570739,subindex
2025-07-31,MICROFINANCE,5522.26,5474.4,5554.06,5457.5,1244319186,subindex
2025-08-03,MICROFINANCE,5476.63,5307.27,5476.88,5301.49,1126270743,subindex
2025-08-04,MICROFINANCE,5305.54,5340.4,5381.34,5258.5,802095714,subindex
2025-08-05,MICROFINANCE,5340.17,5367.23,5446.14,5313.81,1106719125,subindex
2025-08-06,MICROFINANCE,5368.52,5443.09,5474.75,5350.75,1078810183,subindex
2025-08-07,MICROFINANCE,5445.82,5463.04,5500.36,5445.82,1094709469,subindex
2025-08-11,MICROFINANCE,5455.96,5334.19,5478.06,5323.36,1198097399,subindex
2025-08-12,MICROFINANCE,5331.18,5254.54,5331.18,5248.16,745570394,subindex
2025-08-13,MICROFINANCE,5256.91,5242.64,5308.01,5235.18,539368344,subindex
2025-08-14,MICROFINANCE,5239.8,5236.05,5277.83,5218.86,533877516,subindex
2025-08-17,MICROFINANCE,5236.51,5167.27,5252.92,5161.18,639704986,subindex
2025-08-18,MICROFINANCE,5170.24,5172.47,5194.52,5144.61,494376439,subindex
2025-08-19,MICROFINANCE,5168.18,5179.08,5220.5,5167.94,395349500,subindex
2025-08-20,MICROFINANCE,5175.28,5158.01,5188.62,5153.3,424094417,subindex
2025-08-21,MICROFINANCE,5154.34,5146.92,5170.37,5129.39,399001093,subindex
2025-08-24,MICROFINANCE,5141.83,5138.95,5188.31,5123.78,412461494,subindex
2025-08-25,MICROFINANCE,5188.67,5216.07,5275.94,5173.6,1038848645,subindex
2025-08-26,MICROFINANCE,5223.87,5190.94,5229.79,5177.41,512998515,subindex
2025-08-27,MICROFINANCE,5189.41,5247.9,5256.1,5184.5,609972223,subindex
2025-08-28,MICROFINANCE,5239.13,5173.96,5246.24,5172.88,649653010,subindex
2025-08-31,MICROFINANCE,5170.51,5102.39,5174.41,5086.59,537181668,subindex
2025-09-01,MICROFINANCE,5093.72,5116.31,5116.64,5073.29,434361569,subindex
2025-09-02,MICROFINANCE,5111.22,5066.65,5117.65,5055.89,453635994,subindex
2025-09-03,MICROFINANCE,5059.38,5031.5,5075.5,5029.7,414018960,subindex
2025-09-04,MICROFINANCE,5025.04,5023.48,5039.48,4989.3,415348541,subindex
2025-09-07,MICROFINANCE,5012.34,5014.05,5035.75,4999.45,263786874,subindex
2025-09-08,MICROFINANCE,5015.63,4957.06,5020.69,4924.13,364559431,subindex
2025-09-18,MICROFINANCE,4905.39,4754.32,4905.39,4750.19,23549528,subindex
2025-09-21,MICROFINANCE,4732.05,4929.81,4949.99,4715.57,543050176,subindex
2025-09-23,MICROFINANCE,4936.72,5055.35,5061.44,4929.63,369864409,subindex
2025-09-24,MICROFINANCE,5051.85,5012.4,5060.39,4971.76,261272436,subindex
2025-09-25,MICROFINANCE,5007.96,5007.63,5010.31,4979.37,207598407,subindex
2025-09-28,MICROFINANCE,5007.7,5037.65,5046.93,5003.11,197180527,subindex
2025-10-07,MICROFINANCE,5032.52,4943.38,5034.08,4894.04,305187371,subindex
2025-10-08,MICROFINANCE,4948.99,4849.68,4957.84,4800.38,349435908,subindex
2025-10-09,MICROFINANCE,4864.48,4895.96,5032.24,4863.16,332436341,subindex
2025-10-12,MICROFINANCE,4891.02,4754.57,4891.02,4723.84,381871895,subindex
2025-10-13,MICROFINANCE,4753.82,4784.78,4787.15,4705.74,303838521,subindex
2025-10-14,MICROFINANCE,4780.39,4746.71,4789.74,4719.82,290783776,subindex
2025-10-15,MICROFINANCE,4745.22,4719.84,4767.43,4682.08,250202330,subindex
2025-10-16,MICROFINANCE,4719.22,4685.17,4727.12,4643.89,317149953,subindex
2025-10-19,MICROFINANCE,4694.2,4707.4,4709.4,4669.12,111866523,subindex
2025-10-26,MICROFINANCE,4702.81,4696.25,4704.14,4646.73,166946883,subindex
2025-10-28,MICROFINANCE,4693.85,4818.34,4818.34,4683.1,313141785,subindex
2025-10-29,MICROFINANCE,4813.74,4824.88,4870.49,4779.61,418351446,subindex
2025-10-30,MICROFINANCE,4830.44,4902.23,4903.3,4791.99,471788040,subindex
2025-11-02,MICROFINANCE,4913.13,4970.11,4982.15,4893.18,461101814,subindex
2025-11-03,MICROFINANCE,4962.45,4938.5,4977.95,4908.91,411208490,subindex
2025-11-04,MICROFINANCE,4941.2,4901.03,4955.87,4863.42,357102181,subindex
2025-11-05,MICROFINANCE,4890.72,4912.16,4918.19,4845.15,381399487,subindex
2025-11-06,MICROFINANCE,4910.42,4905.58,4922.15,4876.24,455840779,subindex
2025-11-09,MICROFINANCE,4912.22,4842.72,4912.88,4825.66,254291278,subindex
2025-11-10,MICROFINANCE,4847.4,4838.84,4857.37,4796.26,335743316,subindex
2025-11-11,MICROFINANCE,4836.01,4836.35,4866.93,4800.88,169475639,subindex
2025-11-12,MICROFINANCE,4839.56,4802.59,4845.6,4793.76,268874304,subindex
2025-11-13,MICROFINANCE,4793.86,4803.04,4819.07,4777.38,194768563,subindex
2025-11-16,MICROFINANCE,4802.3,4784.57,4803.8,4769.18,191751255,subindex
2025-11-17,MICROFINANCE,4780.3,4801.11,4809.47,4774.77,189340657,subindex
2025-11-18,MICROFINANCE,4799.75,4823.98,4845.65,4799.75,237753044,subindex
2025-11-19,MICROFINANCE,4827.23,4820.79,4851.56,4798.59,206169039,subindex
2025-11-20,MICROFINANCE,4816.14,4834.02,4835.12,4790.32,350685964,subindex
2025-11-23,MICROFINANCE,4823.73,4922.81,4922.81,4823.73,405267936,subindex
2025-11-24,MICROFINANCE,4926.91,5018.08,5018.08,4923.77,509634341,subindex
2025-11-25,MICROFINANCE,5015.94,5020.56,5021.51,4970.1,374178085,subindex
2025-11-26,MICROFINANCE,5017.08,5056.28,5058.01,4990.75,674085147,subindex
2025-11-27,MICROFINANCE,5056.13,5038.17,5056.13,5016.5,468342218,subindex
2025-11-30,MICROFINANCE,5032.04,5011.76,5041.18,4999.89,310004000,subindex
2025-12-01,MICROFINANCE,4970.11,5002.82,5013.39,4964.91,430466302,subindex
2025-12-03,MICROFINANCE,4994.19,4975.17,5020.18,4956.73,409799183,subindex
2025-12-07,MICROFINANCE,4970.61,4923.12,4970.61,4908.91,437456475,subindex
2025-12-08,MICROFINANCE,4918.65,4908.46,4928.72,4883.8,328499042,subindex
2025-12-09,MICROFINANCE,4906.76,4905.08,4931.96,4891.66,208449300,subindex
2025-12-10,MICROFINANCE,4900.88,4890.43,4907.07,4875.65,200894809,subindex
2025-12-11,MICROFINANCE,4887.27,4895.01,4895.18,4875.16,234589893,subindex
2025-12-14,MICROFINANCE,4890.48,4882.33,4907.73,4860.75,295963638,subindex
2025-12-15,MICROFINANCE,4880.86,4878.29,4887.4,4860.64,237714864,subindex
2025-12-16,MICROFINANCE,4880.89,4920.59,4920.59,4871.23,276903901,subindex
2025-12-17,MICROFINANCE,4914.15,4924.47,4946.87,4909.17,285477196,subindex
2025-12-18,MICROFINANCE,4925.82,4900.31,4931.93,4882.24,304168789,subindex
2025-12-21,MICROFINANCE,4897.05,4867.35,4903.18,4829.49,443495165,subindex
2025-12-22,MICROFINANCE,4863.27,4844.99,4864.81,4816.18,291657324,subindex
2025-12-23,MICROFINANCE,4840.14,4853.4,4857.51,4814.93,275394198,subindex
2025-12-24,MICROFINANCE,4844.72,4845.58,4856.3,4829.03,281340655,subindex
2025-12-28,MICROFINANCE,4845.52,4912.91,4912.91,4845.52,374930285,subindex
2025-12-29,MICROFINANCE,4910.66,4908.72,4951.48,4887.57,387474247,subindex
2025-12-31,MICROFINANCE,4906.86,4924.62,4938.83,4901.53,320763514,subindex
2026-01-01,MICROFINANCE,4920.66,4904.59,4936.64,4874.92,297706341,subindex
2026-01-04,MICROFINANCE,4899.28,4888.78,4905.08,4874.41,321177750,subindex
2026-01-05,MICROFINANCE,4888.72,4914.75,4914.75,4876.93,359605911,subindex
2026-01-06,MICROFINANCE,4908.21,4955.95,4956.98,4907.56,313820892,subindex
2026-01-07,MICROFINANCE,4950.48,4935.83,4956.43,4918.79,351420173,subindex
2026-01-08,MICROFINANCE,4927.9,4933.63,4934.76,4904.56,263672736,subindex
2026-01-12,MICROFINANCE,4931.08,4900.85,4950.18,4891.19,285011658,subindex
2026-01-13,MICROFINANCE,4897.05,4890.92,4916.31,4875.0,227715633,subindex
2026-01-14,MICROFINANCE,4883.9,4888.18,4900.72,4869.46,235865703,subindex
2026-01-18,MICROFINANCE,4894.8,4952.24,4961.09,4894.8,358175986,subindex
2026-01-20,MICROFINANCE,4959.21,5028.84,5039.02,4956.41,455916553,subindex
2026-01-21,MICROFINANCE,5028.47,5016.07,5047.23,4999.61,343812503,subindex
2026-01-22,MICROFINANCE,5015.72,5034.43,5034.43,4976.13,387896596,subindex
2026-01-25,MICROFINANCE,5034.42,5115.54,5120.01,5034.42,503710291,subindex
2026-01-26,MICROFINANCE,5123.97,5089.99,5133.26,5063.34,573552865,subindex
2026-01-27,MICROFINANCE,5079.41,5016.85,5097.46,4998.15,487282310,subindex
2026-01-28,MICROFINANCE,5008.54,5010.31,5024.12,4979.97,330755694,subindex
2026-01-29,MICROFINANCE,5007.78,4980.04,5014.21,4967.06,410802959,subindex
2026-02-01,MICROFINANCE,4983.16,4951.64,4989.25,4934.18,283151094,subindex
2026-02-02,MICROFINANCE,4950.13,4943.54,4964.56,4919.7,276963961,subindex
2026-02-03,MICROFINANCE,4941.81,4922.64,4954.9,4902.25,272470495,subindex
2026-02-04,MICROFINANCE,4913.29,4907.5,4953.01,4898.46,212635277,subindex
2026-02-05,MICROFINANCE,4913.02,4937.05,4940.97,4909.87,299766075,subindex
2026-02-08,MICROFINANCE,4936.12,4926.4,4971.19,4916.2,330165666,subindex
2026-02-09,MICROFINANCE,4930.03,4896.34,4943.37,4874.06,307480414,subindex
2026-02-10,MICROFINANCE,4889.75,4872.16,4901.19,4857.28,213411818,subindex
2026-02-11,MICROFINANCE,4889.62,4868.83,4930.78,4856.97,210374488,subindex
2026-02-12,MICROFINANCE,4868.38,4868.13,4884.4,4855.41,275030563,subindex
2026-02-16,MICROFINANCE,4863.96,4856.71,4884.98,4839.54,238187251,subindex
2026-02-17,MICROFINANCE,4855.36,4832.27,4858.67,4822.82,275916823,subindex
2026-02-22,MICROFINANCE,4832.48,4809.0,4849.01,4791.58,264825741,subindex
2026-02-23,MICROFINANCE,4810.31,4805.62,4817.98,4793.46,160158992,subindex
2026-02-24,MICROFINANCE,4803.52,4843.6,4843.6,4791.02,166401963,subindex
2026-02-25,MICROFINANCE,4840.91,4850.94,4851.42,4824.87,164304200,subindex
2026-02-26,MICROFINANCE,4850.75,4837.01,4854.03,4831.54,162631431,subindex
2026-03-01,MICROFINANCE,4832.95,4855.8,4871.21,4791.96,217312317,subindex
2026-03-03,MICROFINANCE,4859.09,4936.48,4936.48,4856.65,239585889,subindex
2026-03-09,MICROFINANCE,4992.18,5137.58,5137.58,4992.18,15144198,subindex
2026-03-10,MICROFINANCE,5217.38,5128.17,5221.55,5069.88,829555397,subindex
2026-03-11,MICROFINANCE,5129.22,5043.56,5130.57,5034.4,351816530,subindex
2026-03-12,MICROFINANCE,5041.78,5057.41,5079.63,5024.45,377881438,subindex
2026-03-15,MICROFINANCE,5059.26,5065.24,5077.84,5038.33,362223250,subindex
2026-03-16,MICROFINANCE,5065.26,5027.07,5072.38,5007.98,331601135,subindex
2026-03-17,MICROFINANCE,5026.02,5013.53,5031.0,4990.77,235624964,subindex
2026-03-19,MICROFINANCE,5011.45,5076.16,5079.96,5004.83,570084486,subindex
2026-03-22,MICROFINANCE,5085.39,5289.94,5300.4,5084.19,1576408594,subindex
2026-03-23,MICROFINANCE,5304.84,5312.77,5335.63,5244.83,986928864,subindex
2026-03-24,MICROFINANCE,5305.79,5288.4,5308.09,5246.78,560873760,subindex
2026-03-25,MICROFINANCE,5285.25,5201.37,5285.42,5183.8,670732529,subindex
2026-03-26,MICROFINANCE,5197.28,5211.85,5212.82,5158.93,466261072,subindex
2026-03-29,MICROFINANCE,5220.52,5101.45,5225.72,5083.56,728348214,subindex
2026-03-30,MICROFINANCE,5099.3,5035.09,5112.68,5020.94,569594333,subindex
2026-03-31,MICROFINANCE,5036.81,5061.1,5069.09,4972.55,437504737,subindex
2026-04-01,MICROFINANCE,5056.47,4960.13,5065.37,4931.4,494977567,subindex
2026-04-02,MICROFINANCE,4957.44,4945.43,4985.02,4890.68,354837594,subindex
2026-04-05,MICROFINANCE,4952.04,4775.56,4952.04,4763.33,556419428,subindex
2026-04-06,MICROFINANCE,4769.68,4891.63,4913.22,4753.35,403357633,subindex
2026-04-07,MICROFINANCE,4890.33,4881.91,4939.39,4857.64,276873186,subindex
2026-04-08,MICROFINANCE,4878.61,4944.55,4946.13,4877.6,300293393,subindex
2026-04-09,MICROFINANCE,4940.45,5003.96,5006.85,4934.96,275692533,subindex
2026-04-10,MICROFINANCE,5001.78,4966.96,5019.14,4948.23,264521328,subindex
2026-04-13,MICROFINANCE,4964.08,4945.92,4971.36,4924.3,221114712,subindex
2026-04-15,MICROFINANCE,4935.2,4977.73,4997.29,4935.2,286681740,subindex
2026-04-16,MICROFINANCE,4974.69,4942.11,4986.64,4907.69,236864568,subindex
2026-04-17,MICROFINANCE,4935.45,4925.53,4947.88,4870.54,233624984,subindex
2026-04-20,MICROFINANCE,4918.96,4901.0,4930.33,4883.63,161054267,subindex
2026-04-21,MICROFINANCE,4916.03,4876.58,4918.78,4859.3,169269361,subindex
2026-04-22,MICROFINANCE,4910.63,4868.93,4916.04,4807.08,227833453,subindex
2026-04-23,MICROFINANCE,4868.23,4825.55,4906.71,4823.78,158045177,subindex
2026-04-24,MICROFINANCE,4849.67,4825.55,4871.21,4804.59,153641718,subindex
2026-04-27,MICROFINANCE,4820.48,4839.84,4849.34,4808.76,157489833,subindex
2026-04-28,MICROFINANCE,4818.01,4818.11,4865.54,4804.85,158706316,subindex
2026-04-29,MICROFINANCE,4817.48,4791.73,4825.21,4772.12,180137252,subindex
2026-04-30,MICROFINANCE,4773.91,4775.31,4779.77,4749.6,151553611,subindex
2026-05-04,MICROFINANCE,4773.56,4775.46,4783.13,4730.03,136500013,subindex
2026-05-05,MICROFINANCE,4774.82,4765.08,4774.82,4727.31,184498527,subindex
2026-05-06,MICROFINANCE,4755.01,4787.98,4795.84,4744.63,160571860,subindex
2026-05-07,MICROFINANCE,4793.0,4805.13,4805.13,4745.86,205119299,subindex
2026-05-08,MICROFINANCE,4782.82,4813.29,4813.29,4777.72,191651542,subindex
2026-05-11,MICROFINANCE,4816.05,4895.4,4895.72,4816.05,211357205,subindex
2026-05-12,MICROFINANCE,4886.17,4821.39,4892.65,4807.47,248640955,subindex
2026-05-13,MICROFINANCE,4822.29,4795.94,4822.29,4775.21,134075167,subindex
2026-05-14,MICROFINANCE,4793.12,4784.1,4815.41,4759.47,111727621,subindex
2026-05-15,MICROFINANCE,4770.79,4777.13,4796.78,4759.0,148979336,subindex
2026-05-18,MICROFINANCE,4779.79,4765.48,4784.65,4749.06,104298153,subindex
2026-05-19,MICROFINANCE,4752.1,4771.63,4780.25,4747.9,118035809,subindex
2026-05-20,MICROFINANCE,4765.03,4801.54,4801.54,4756.69,116219342,subindex
2026-05-21,MICROFINANCE,4807.52,4779.93,4811.14,4756.98,197882406,subindex
2026-05-22,MICROFINANCE,4798.46,4789.45,4798.96,4755.56,123421419,subindex
2026-05-25,MICROFINANCE,4815.54,4837.13,4837.13,4789.77,184317324,subindex
2026-05-26,MICROFINANCE,4835.91,4809.88,4856.6,4803.83,124010803,subindex
2026-05-27,MICROFINANCE,4830.18,4824.54,4839.92,4793.34,131858056,subindex
2026-06-01,MICROFINANCE,4843.21,4780.91,4848.06,4760.46,127908648,subindex
2026-06-02,MICROFINANCE,4782.81,4800.3,4800.3,4763.25,138573666,subindex
2026-06-03,MICROFINANCE,4801.54,4822.34,4825.28,4786.69,132037747,subindex
2026-06-04,MICROFINANCE,4824.68,4813.35,4828.65,4797.88,118324114,subindex
2026-06-05,MICROFINANCE,4807.11,4805.17,4817.01,4776.7,132298649,subindex
2026-06-08,MICROFINANCE,4790.38,4779.71,4795.77,4759.45,135783729,subindex
2026-06-09,MICROFINANCE,4776.97,4770.69,4778.16,4735.48,154569029,subindex
2026-06-10,MICROFINANCE,4774.41,4770.25,4791.11,4753.12,124025341,subindex
2026-06-11,MICROFINANCE,4783.98,4756.43,4795.83,4738.75,125254173,subindex
2026-06-12,MICROFINANCE,4762.4,4737.89,4762.4,4725.24,122376709,subindex
2026-06-15,MICROFINANCE,4744.89,4735.28,4770.57,4721.01,114468600,subindex
2026-06-16,MICROFINANCE,4744.78,4729.85,4744.91,4717.66,121281864,subindex
2026-06-17,MICROFINANCE,4713.03,4727.86,4745.31,4713.03,94322702,subindex
2026-06-18,MICROFINANCE,4717.38,4729.99,4730.62,4704.1,93593062,subindex
2026-06-19,MICROFINANCE,4742.86,4731.37,4743.31,4705.31,163517706,subindex
2026-06-22,MICROFINANCE,4721.53,4751.25,4754.68,4712.31,346867683,subindex
2026-06-23,MICROFINANCE,4746.23,4718.2,4746.99,4703.69,143999457,subindex
2026-06-24,MICROFINANCE,4696.91,4700.11,4719.17,4659.59,180713049,subindex
2026-06-25,MICROFINANCE,4708.28,4692.67,4713.07,4659.25,125119764,subindex
2026-06-26,MICROFINANCE,4699.51,4666.19,4701.12,4651.7,127640760,subindex
2026-06-29,MICROFINANCE,4659.81,4638.5,4671.4,4621.92,115208554,subindex
2026-06-30,MICROFINANCE,4632.25,4612.21,4650.16,4590.46,184219323,subindex
2026-07-01,MICROFINANCE,4602.26,4663.43,4663.47,4596.92,181151123,subindex
2026-07-02,MICROFINANCE,4653.46,4666.23,4666.23,4607.63,206232313,subindex
2026-07-03,MICROFINANCE,4668.45,4673.62,4679.91,4646.76,174885652,subindex
2026-07-06,MICROFINANCE,4682.61,4631.83,4685.92,4625.46,118928597,subindex
2026-07-07,MICROFINANCE,4633.34,4643.58,4654.68,4611.51,157561956,subindex
2026-07-08,MICROFINANCE,4638.78,4605.88,4641.44,4573.71,122437456,subindex
2026-07-09,MICROFINANCE,4599.12,4573.78,4603.6,4541.77,170105349,subindex
2026-07-10,MICROFINANCE,4567.06,4579.86,4603.42,4546.38,122545047,subindex
2026-07-13,MICROFINANCE,4589.52,4539.86,4592.61,4519.53,147520186,subindex
2026-07-14,MICROFINANCE,4539.27,4543.43,4547.07,4481.33,235332810,subindex
2026-07-15,MICROFINANCE,4552.32,4556.05,4596.69,4539.53,104120867,subindex
2026-07-16,MICROFINANCE,4563.97,4612.21,4617.97,4532.25,172557049,subindex
2026-07-17,MICROFINANCE,4603.22,4695.63,4695.72,4602.28,160833620,subindex
2026-07-20,MICROFINANCE,4687.93,4713.32,4716.58,4682.24,156203711,subindex
2026-07-21,MICROFINANCE,4722.73,4712.15,4742.68,4678.77,176933662,subindex
2026-07-22,MICROFINANCE,4711.56,4692.29,4718.82,4656.87,139261864,subindex
2026-07-23,MICROFINANCE,4681.54,4698.69,4698.69,4648.45,135319748,subindex
2026-07-24,MICROFINANCE,4669.25,4715.96,4717.33,4659.47,172005201,subindex
2026-07-27,MICROFINANCE,4706.26,4655.75,4712.91,4642.76,154487369,subindex
2026-07-28,MICROFINANCE,4640.59,4649.51,4663.02,4627.2,99000388,subindex
2026-07-29,MICROFINANCE,4648.5,4621.23,4662.3,4604.63,109131023,subindex
2026-07-30,MICROFINANCE,4615.2,4599.37,4629.21,4582.65,110730698,subindex
2026-07-31,MICROFINANCE,4590.05,4610.43,4610.52,4563.6,109150494,subindex
2026-08-03,MICROFINANCE,4601.64,4624.57,4638.95,4601.64,178139820,subindex
2026-08-04,MICROFINANCE,4617.07,4590.92,4626.49,4575.32,106424049,subindex
2026-08-05,MICROFINANCE,4593.54,4575.94,4598.68,4561.95,109092923,subindex
2026-08-06,MICROFINANCE,4580.61,4562.05,4583.97,4552.97,98396215,subindex
2026-08-07,MICROFINANCE,4557.63,4562.77,4572.73,4544.88,150852363,subindex
2026-08-10,MICROFINANCE,4561.89,4571.78,4571.78,4529.78,227847294,subindex
2026-08-11,MICROFINANCE,4576.16,4555.18,4579.43,4540.14,295490646,subindex
2026-08-12,MICROFINANCE,4551.09,4553.27,4577.93,4530.3,130484759,subindex
2026-08-13,MICROFINANCE,4548.84,4563.32,4570.09,4541.26,137340255,subindex
2026-08-14,MICROFINANCE,4560.99,4576.54,4576.8,4545.91,144962450,subindex
2026-08-17,MICROFINANCE,4564.82,4546.08,4585.46,4534.94,184722744,subindex
2026-08-18,MICROFINANCE,4552.38,4529.07,4562.89,4508.59,183619599,subindex
2026-08-19,MICROFINANCE,4513.25,4514.1,4533.49,4505.6,150635720,subindex
2026-08-20,MICROFINANCE,4506.5,4511.5,4513.09,4485.78,117157796,subindex
2026-08-21,MICROFINANCE,4503.79,4489.82,4517.67,4478.37,157275144,subindex
2026-08-24,MICROFINANCE,4479.65,4465.59,4489.02,4442.83,165403008,subindex
2026-08-25,MICROFINANCE,4454.72,4453.33,4470.4,4435.18,163815169,subindex
2026-08-26,MICROFINANCE,4447.33,4412.62,4464.42,4393.17,152445301,subindex
2026-08-27,MICROFINANCE,4409.92,4418.02,4418.02,4367.66,102444807,subindex
2026-08-31,MICROFINANCE,4411.68,4368.48,4412.38,4342.63,107238682,subindex
2026-09-01,MICROFINANCE,4366.35,4370.82,4397.29,4349.42,126111405,subindex
2026-09-02,MICROFINANCE,4363.56,4389.97,4389.97,4353.95,88258550,subindex
2026-09-03,MICROFINANCE,4387.47,4401.83,4401.83,4368.43,102049753,subindex
2026-09-07,MICROFINANCE,4408.61,4428.75,4434.55,4396.32,152926549,subindex
2026-09-09,MICROFINANCE,4421.44,4416.71,4433.21,4395.88,132460195,subindex
2026-09-10,MICROFINANCE,4410.79,4391.68,4412.75,4366.67,124311407,subindex
2026-09-11,MICROFINANCE,4370.07,4434.35,4434.35,4368.52,185653895,subindex
2026-09-14,MICROFINANCE,4433.69,4469.38,4469.38,4417.64,203070024,subindex
2026-09-15,MICROFINANCE,4646.57,4547.63,4646.57,4507.33,287312857,subindex
2026-09-16,MICROFINANCE,4538.83,4509.9,4551.18,4492.71,198540728,subindex
2026-09-17,MICROFINANCE,4500.87,4534.89,4544.05,4500.87,173202654,subindex
2026-09-18,MICROFINANCE,4521.69,4568.91,4568.91,4516.54,194839061,subindex
2026-09-22,MICROFINANCE,4545.74,4590.96,4599.17,4545.63,281274466,subindex
2026-09-23,MICROFINANCE,4583.89,4530.62,4585.51,4516.85,227808107,subindex
2026-09-24,MICROFINANCE,4498.27,4558.7,4558.7,4498.24,210044345,subindex
2026-09-28,MICROFINANCE,4556.94,4521.11,4567.42,4505.15,166916659,subindex
2026-09-29,MICROFINANCE,4511.32,4496.14,4521.37,4472.75,162623032,subindex
2026-09-30,MICROFINANCE,4492.13,4494.42,4511.07,4475.47,118463112,subindex
2026-10-01,MICROFINANCE,4489.13,4493.09,4497.91,4478.3,103703911,subindex
2026-10-02,MICROFINANCE,4488.31,4474.25,4497.65,4462.79,134958514,subindex
2026-10-05,MICROFINANCE,4471.06,4447.0,4471.88,4427.01,115447395,subindex
2026-10-06,MICROFINANCE,4441.75,4446.83,4460.38,4431.26,111399428,subindex
2026-10-07,MICROFINANCE,4444.03,4429.26,4448.06,4412.79,101511288,subindex
