time,symbol,open,close,high,low,volume,category
2011-03-25,SENSITIVE,93.0,93.0,93.0,93.0,0,index
2011-03-27,SENSITIVE,92.0,92.0,92.0,92.0,0,index
2011-03-28,SENSITIVE,90.0,90.0,90.0,90.0,0,index
2011-03-29,SENSITIVE,88.0,88.0,88.0,88.0,0,index
2011-03-30,SENSITIVE,88.0,88.0,88.0,88.0,0,index
2011-03-31,SENSITIVE,90.0,90.0,90.0,90.0,0,index
2011-04-04,SENSITIVE,90.0,90.0,90.0,90.0,0,index
2011-04-05,SENSITIVE,90.0,90.0,90.0,90.0,0,index
2011-04-06,SENSITIVE,90.0,90.0,90.0,90.0,0,index
2011-04-07,SENSITIVE,90.0,90.0,90.0,90.0,0,index
2011-04-10,SENSITIVE,90.0,90.0,90.0,90.0,0,index
2011-04-11,SENSITIVE,90.0,90.0,90.0,90.0,0,index
2011-04-13,SENSITIVE,92.0,92.0,92.0,92.0,0,index
2011-04-17,SENSITIVE,90.0,90.0,90.0,90.0,0,index
2011-04-18,SENSITIVE,90.0,90.0,90.0,90.0,0,index
2011-04-19,SENSITIVE,89.0,89.0,89.0,89.0,0,index
2011-04-20,SENSITIVE,88.0,88.0,88.0,88.0,0,index
2011-04-21,SENSITIVE,88.0,88.0,88.0,88.0,0,index
2011-04-25,SENSITIVE,87.0,87.0,87.0,87.0,0,index
2011-04-26,SENSITIVE,87.0,87.0,87.0,87.0,0,index
2011-04-27,SENSITIVE,85.0,85.0,85.0,85.0,0,index
2011-04-28,SENSITIVE,85.0,85.0,85.0,85.0,0,index
2011-05-02,SENSITIVE,85.0,85.0,85.0,85.0,0,index
2011-05-03,SENSITIVE,82.0,82.0,82.0,82.0,0,index
2011-05-04,SENSITIVE,82.0,82.0,82.0,82.0,0,index
2011-05-05,SENSITIVE,82.0,82.0,82.0,82.0,0,index
2011-05-08,SENSITIVE,83.0,83.0,83.0,83.0,0,index
2011-05-09,SENSITIVE,83.0,83.0,83.0,83.0,0,index
2011-05-10,SENSITIVE,84.0,84.0,84.0,84.0,0,index
2011-05-11,SENSITIVE,84.0,84.0,84.0,84.0,0,index
2011-05-12,SENSITIVE,85.0,85.0,85.0,85.0,0,index
2011-05-15,SENSITIVE,85.0,85.0,85.0,85.0,0,index
2011-05-16,SENSITIVE,86.0,86.0,86.0,86.0,0,index
2011-05-18,SENSITIVE,85.0,85.0,85.0,85.0,0,index
2011-05-19,SENSITIVE,85.0,85.0,85.0,85.0,0,index
2011-05-22,SENSITIVE,85.0,85.0,85.0,85.0,0,index
2011-05-23,SENSITIVE,84.0,84.0,84.0,84.0,0,index
2011-05-24,SENSITIVE,84.0,84.0,84.0,84.0,0,index
2011-05-25,SENSITIVE,84.0,84.0,84.0,84.0,0,index
2011-05-26,SENSITIVE,85.0,85.0,85.0,85.0,0,index
2011-05-30,SENSITIVE,85.0,85.0,85.0,85.0,0,index
2011-05-31,SENSITIVE,83.0,83.0,83.0,83.0,0,index
2011-06-01,SENSITIVE,83.0,83.0,83.0,83.0,0,index
2011-06-02,SENSITIVE,82.0,82.0,82.0,82.0,0,index
2011-06-05,SENSITIVE,81.0,81.0,81.0,81.0,0,index
2011-06-06,SENSITIVE,80.0,80.0,80.0,80.0,0,index
2011-06-07,SENSITIVE,78.0,78.0,78.0,78.0,0,index
2011-06-08,SENSITIVE,76.0,76.0,76.0,76.0,0,index
2011-06-09,SENSITIVE,75.0,75.0,75.0,75.0,0,index
2011-06-12,SENSITIVE,74.0,74.0,74.0,74.0,0,index
2011-06-13,SENSITIVE,74.0,74.0,74.0,74.0,0,index
2011-06-14,SENSITIVE,73.0,73.0,73.0,73.0,0,index
2011-06-15,SENSITIVE,71.0,71.0,71.0,71.0,0,index
2011-06-16,SENSITIVE,74.0,74.0,74.0,74.0,0,index
2011-06-19,SENSITIVE,78.0,78.0,78.0,78.0,0,index
2011-06-20,SENSITIVE,81.0,81.0,81.0,81.0,0,index
2011-06-21,SENSITIVE,85.0,85.0,85.0,85.0,0,index
2011-06-23,SENSITIVE,90.0,90.0,90.0,90.0,0,index
2011-06-26,SENSITIVE,85.0,85.0,85.0,85.0,0,index
2011-06-27,SENSITIVE,80.0,80.0,80.0,80.0,0,index
2011-06-29,SENSITIVE,81.0,81.0,81.0,81.0,0,index
2011-06-30,SENSITIVE,82.0,82.0,82.0,82.0,0,index
2011-07-03,SENSITIVE,81.0,81.0,81.0,81.0,0,index
2011-07-04,SENSITIVE,82.0,82.0,82.0,82.0,0,index
2011-07-05,SENSITIVE,84.0,84.0,84.0,84.0,0,index
2011-07-06,SENSITIVE,84.0,84.0,84.0,84.0,0,index
2011-07-07,SENSITIVE,83.0,83.0,83.0,83.0,0,index
2011-07-10,SENSITIVE,85.0,85.0,85.0,85.0,0,index
2011-07-11,SENSITIVE,84.0,84.0,84.0,84.0,0,index
2011-07-12,SENSITIVE,86.0,86.0,86.0,86.0,0,index
2011-07-13,SENSITIVE,87.0,87.0,87.0,87.0,0,index
2011-07-14,SENSITIVE,89.0,89.0,89.0,89.0,0,index
2011-07-17,SENSITIVE,93.0,93.0,93.0,93.0,0,index
2011-07-18,SENSITIVE,91.0,91.0,91.0,91.0,0,index
2011-07-19,SENSITIVE,92.0,92.0,92.0,92.0,0,index
2011-07-20,SENSITIVE,93.0,93.0,93.0,93.0,0,index
2011-07-21,SENSITIVE,93.0,93.0,93.0,93.0,0,index
2011-07-24,SENSITIVE,90.0,90.0,90.0,90.0,0,index
2011-07-25,SENSITIVE,89.0,89.0,89.0,89.0,0,index
2011-07-26,SENSITIVE,88.0,88.0,88.0,88.0,0,index
2011-07-27,SENSITIVE,90.0,90.0,90.0,90.0,0,index
2011-07-28,SENSITIVE,89.0,89.0,89.0,89.0,0,index
2011-07-31,SENSITIVE,88.0,88.0,88.0,88.0,0,index
2011-08-01,SENSITIVE,88.0,88.0,88.0,88.0,0,index
2011-08-02,SENSITIVE,88.0,88.0,88.0,88.0,0,index
2011-08-03,SENSITIVE,88.0,88.0,88.0,88.0,0,index
2011-08-04,SENSITIVE,88.0,88.0,88.0,88.0,0,index
2011-08-07,SENSITIVE,87.0,87.0,87.0,87.0,0,index
2011-08-08,SENSITIVE,87.0,87.0,87.0,87.0,0,index
2011-08-09,SENSITIVE,85.0,85.0,85.0,85.0,0,index
2011-08-10,SENSITIVE,87.0,87.0,87.0,87.0,0,index
2011-08-11,SENSITIVE,87.0,87.0,87.0,87.0,0,index
2011-08-15,SENSITIVE,87.0,87.0,87.0,87.0,0,index
2011-08-16,SENSITIVE,87.0,87.0,87.0,87.0,0,index
2011-08-17,SENSITIVE,86.0,86.0,86.0,86.0,0,index
2011-08-18,SENSITIVE,87.0,87.0,87.0,87.0,0,index
2011-08-22,SENSITIVE,86.0,86.0,86.0,86.0,0,index
2011-08-23,SENSITIVE,86.0,86.0,86.0,86.0,0,index
2011-08-24,SENSITIVE,86.0,86.0,86.0,86.0,0,index
2011-08-25,SENSITIVE,85.0,85.0,85.0,85.0,0,index
2011-08-28,SENSITIVE,83.0,83.0,83.0,83.0,0,index
2011-08-29,SENSITIVE,83.0,83.0,83.0,83.0,0,index
2011-08-30,SENSITIVE,83.0,83.0,83.0,83.0,0,index
2011-09-01,SENSITIVE,84.0,84.0,84.0,84.0,0,index
2011-09-04,SENSITIVE,83.0,83.0,83.0,83.0,0,index
2011-09-05,SENSITIVE,82.0,82.0,82.0,82.0,0,index
2011-09-06,SENSITIVE,81.0,81.0,81.0,81.0,0,index
2011-09-07,SENSITIVE,81.0,81.0,81.0,81.0,0,index
2011-09-08,SENSITIVE,81.0,81.0,81.0,81.0,0,index
2011-09-12,SENSITIVE,80.0,80.0,80.0,80.0,0,index
2011-09-13,SENSITIVE,80.0,80.0,80.0,80.0,0,index
2011-09-14,SENSITIVE,78.0,78.0,78.0,78.0,0,index
2011-09-15,SENSITIVE,78.0,78.0,78.0,78.0,0,index
2011-09-18,SENSITIVE,78.0,78.0,78.0,78.0,0,index
2011-09-19,SENSITIVE,77.0,77.0,77.0,77.0,0,index
2011-09-20,SENSITIVE,78.0,78.0,78.0,78.0,0,index
2011-09-21,SENSITIVE,79.0,79.0,79.0,79.0,0,index
2011-09-22,SENSITIVE,80.0,80.0,80.0,80.0,0,index
2011-09-25,SENSITIVE,81.0,81.0,81.0,81.0,0,index
2011-09-26,SENSITIVE,81.0,81.0,81.0,81.0,0,index
2011-09-27,SENSITIVE,81.0,81.0,81.0,81.0,0,index
2011-09-29,SENSITIVE,81.0,81.0,81.0,81.0,0,index
2011-10-02,SENSITIVE,81.0,81.0,81.0,81.0,0,index
2011-10-09,SENSITIVE,81.0,81.0,81.0,81.0,0,index
2011-10-10,SENSITIVE,82.0,82.0,82.0,82.0,0,index
2011-10-12,SENSITIVE,82.0,82.0,82.0,82.0,0,index
2011-10-13,SENSITIVE,82.0,82.0,82.0,82.0,0,index
2011-10-16,SENSITIVE,81.0,81.0,81.0,81.0,0,index
2011-10-17,SENSITIVE,81.0,81.0,81.0,81.0,0,index
2011-10-18,SENSITIVE,81.0,81.0,81.0,81.0,0,index
2011-10-19,SENSITIVE,81.0,81.0,81.0,81.0,0,index
2011-10-20,SENSITIVE,80.0,80.0,80.0,80.0,0,index
2011-10-23,SENSITIVE,80.0,80.0,80.0,80.0,0,index
2011-10-24,SENSITIVE,80.0,80.0,80.0,80.0,0,index
2011-10-25,SENSITIVE,80.0,80.0,80.0,80.0,0,index
2011-10-30,SENSITIVE,80.0,80.0,80.0,80.0,0,index
2011-10-31,SENSITIVE,81.0,81.0,81.0,81.0,0,index
2011-11-02,SENSITIVE,85.0,85.0,85.0,85.0,0,index
2011-11-03,SENSITIVE,84.0,84.0,84.0,84.0,0,index
2011-11-06,SENSITIVE,83.0,83.0,83.0,83.0,0,index
2011-11-08,SENSITIVE,82.0,82.0,82.0,82.0,0,index
2011-11-09,SENSITIVE,81.0,81.0,81.0,81.0,0,index
2011-11-10,SENSITIVE,81.0,81.0,81.0,81.0,0,index
2011-11-13,SENSITIVE,81.0,81.0,81.0,81.0,0,index
2011-11-14,SENSITIVE,81.0,81.0,81.0,81.0,0,index
2011-11-15,SENSITIVE,80.0,80.0,80.0,80.0,0,index
2011-11-17,SENSITIVE,81.0,81.0,81.0,81.0,0,index
2011-11-20,SENSITIVE,80.0,80.0,80.0,80.0,0,index
2011-11-21,SENSITIVE,80.0,80.0,80.0,80.0,0,index
2011-11-22,SENSITIVE,81.0,81.0,81.0,81.0,0,index
2011-11-23,SENSITIVE,80.0,80.0,80.0,80.0,0,index
2011-11-24,SENSITIVE,79.0,79.0,79.0,79.0,0,index
2011-11-27,SENSITIVE,79.0,79.0,79.0,79.0,0,index
2011-11-28,SENSITIVE,79.0,79.0,79.0,79.0,0,index
2011-12-01,SENSITIVE,79.0,79.0,79.0,79.0,0,index
2011-12-04,SENSITIVE,79.0,79.0,79.0,79.0,0,index
2011-12-05,SENSITIVE,79.0,79.0,79.0,79.0,0,index
2011-12-06,SENSITIVE,79.0,79.0,79.0,79.0,0,index
2011-12-07,SENSITIVE,79.0,79.0,79.0,79.0,0,index
2011-12-08,SENSITIVE,78.0,78.0,78.0,78.0,0,index
2011-12-11,SENSITIVE,78.0,78.0,78.0,78.0,0,index
2011-12-12,SENSITIVE,77.0,77.0,77.0,77.0,0,index
2011-12-13,SENSITIVE,77.0,77.0,77.0,77.0,0,index
2011-12-14,SENSITIVE,78.0,78.0,78.0,78.0,0,index
2011-12-15,SENSITIVE,78.0,78.0,78.0,78.0,0,index
2011-12-18,SENSITIVE,77.0,77.0,77.0,77.0,0,index
2011-12-19,SENSITIVE,77.0,77.0,77.0,77.0,0,index
2011-12-20,SENSITIVE,77.0,77.0,77.0,77.0,0,index
2011-12-21,SENSITIVE,77.0,77.0,77.0,77.0,0,index
2011-12-22,SENSITIVE,77.0,77.0,77.0,77.0,0,index
2011-12-26,SENSITIVE,77.0,77.0,77.0,77.0,0,index
2011-12-27,SENSITIVE,77.0,77.0,77.0,77.0,0,index
2011-12-28,SENSITIVE,76.0,76.0,76.0,76.0,0,index
2011-12-29,SENSITIVE,78.0,78.0,78.0,78.0,0,index
2012-01-01,SENSITIVE,78.0,78.0,78.0,78.0,0,index
2012-01-02,SENSITIVE,80.0,80.0,80.0,80.0,0,index
2012-01-03,SENSITIVE,80.0,80.0,80.0,80.0,0,index
2012-01-04,SENSITIVE,79.0,79.0,79.0,79.0,0,index
2012-01-05,SENSITIVE,79.0,79.0,79.0,79.0,0,index
2012-01-08,SENSITIVE,78.0,78.0,78.0,78.0,0,index
2012-01-09,SENSITIVE,78.0,78.0,78.0,78.0,0,index
2012-01-10,SENSITIVE,79.0,79.0,79.0,79.0,0,index
2012-01-11,SENSITIVE,79.0,79.0,79.0,79.0,0,index
2012-01-12,SENSITIVE,80.0,80.0,80.0,80.0,0,index
2012-01-16,SENSITIVE,79.0,79.0,79.0,79.0,0,index
2012-01-17,SENSITIVE,79.0,79.0,79.0,79.0,0,index
2012-01-18,SENSITIVE,79.0,79.0,79.0,79.0,0,index
2012-01-19,SENSITIVE,79.0,79.0,79.0,79.0,0,index
2012-01-22,SENSITIVE,79.0,79.0,79.0,79.0,0,index
2012-01-23,SENSITIVE,78.0,78.0,78.0,78.0,0,index
2012-01-25,SENSITIVE,78.0,78.0,78.0,78.0,0,index
2012-01-26,SENSITIVE,78.0,78.0,78.0,78.0,0,index
2012-01-29,SENSITIVE,78.0,78.0,78.0,78.0,0,index
2012-01-31,SENSITIVE,78.0,78.0,78.0,78.0,0,index
2012-02-01,SENSITIVE,78.0,78.0,78.0,78.0,0,index
2012-02-02,SENSITIVE,78.0,78.0,78.0,78.0,0,index
2012-02-05,SENSITIVE,78.0,78.0,78.0,78.0,0,index
2012-02-06,SENSITIVE,77.0,77.0,77.0,77.0,0,index
2012-02-07,SENSITIVE,77.0,77.0,77.0,77.0,0,index
2012-02-08,SENSITIVE,77.0,77.0,77.0,77.0,0,index
2012-02-09,SENSITIVE,77.0,77.0,77.0,77.0,0,index
2012-02-12,SENSITIVE,77.0,77.0,77.0,77.0,0,index
2012-02-13,SENSITIVE,77.0,77.0,77.0,77.0,0,index
2012-02-14,SENSITIVE,77.0,77.0,77.0,77.0,0,index
2012-02-15,SENSITIVE,77.0,77.0,77.0,77.0,0,index
2012-02-17,SENSITIVE,77.0,77.0,77.0,77.0,0,index
2012-02-21,SENSITIVE,77.0,77.0,77.0,77.0,0,index
2012-02-23,SENSITIVE,77.0,77.0,77.0,77.0,0,index
2012-02-26,SENSITIVE,78.0,78.0,78.0,78.0,0,index
2012-02-27,SENSITIVE,78.0,78.0,78.0,78.0,0,index
2012-02-28,SENSITIVE,78.0,78.0,78.0,78.0,0,index
2012-02-29,SENSITIVE,79.0,79.0,79.0,79.0,0,index
2012-03-01,SENSITIVE,79.0,79.0,79.0,79.0,0,index
2012-03-04,SENSITIVE,79.0,79.0,79.0,79.0,0,index
2012-03-05,SENSITIVE,79.0,79.0,79.0,79.0,0,index
2012-03-06,SENSITIVE,79.0,79.0,79.0,79.0,0,index
2012-03-11,SENSITIVE,79.0,79.0,79.0,79.0,0,index
2012-03-12,SENSITIVE,78.0,78.0,78.0,78.0,0,index
2012-03-13,SENSITIVE,78.0,78.0,78.0,78.0,0,index
2012-03-14,SENSITIVE,78.0,78.0,78.0,78.0,0,index
2012-03-15,SENSITIVE,77.0,77.0,77.0,77.0,0,index
2012-03-18,SENSITIVE,76.0,76.0,76.0,76.0,0,index
2012-03-19,SENSITIVE,76.0,76.0,76.0,76.0,0,index
2012-03-20,SENSITIVE,76.0,76.0,76.0,76.0,0,index
2012-03-21,SENSITIVE,76.0,76.0,76.0,76.0,0,index
2012-03-25,SENSITIVE,76.0,76.0,76.0,76.0,0,index
2012-03-26,SENSITIVE,75.0,75.0,75.0,75.0,0,index
2012-03-27,SENSITIVE,75.0,75.0,75.0,75.0,0,index
2012-03-28,SENSITIVE,75.0,75.0,75.0,75.0,0,index
2012-03-29,SENSITIVE,75.0,75.0,75.0,75.0,0,index
2012-04-01,SENSITIVE,75.0,75.0,75.0,75.0,0,index
2012-04-02,SENSITIVE,76.0,76.0,76.0,76.0,0,index
2012-04-03,SENSITIVE,76.0,76.0,76.0,76.0,0,index
2012-04-04,SENSITIVE,76.0,76.0,76.0,76.0,0,index
2012-04-05,SENSITIVE,76.0,76.0,76.0,76.0,0,index
2012-04-08,SENSITIVE,76.0,76.0,76.0,76.0,0,index
2012-04-09,SENSITIVE,76.0,76.0,76.0,76.0,0,index
2012-04-10,SENSITIVE,77.0,77.0,77.0,77.0,0,index
2012-04-11,SENSITIVE,78.0,78.0,78.0,78.0,0,index
2012-04-12,SENSITIVE,81.0,81.0,81.0,81.0,0,index
2012-04-15,SENSITIVE,86.0,86.0,86.0,86.0,0,index
2012-04-16,SENSITIVE,91.0,91.0,91.0,91.0,0,index
2012-04-17,SENSITIVE,86.0,86.0,86.0,86.0,0,index
2012-04-18,SENSITIVE,89.0,89.0,89.0,89.0,0,index
2012-04-19,SENSITIVE,91.0,91.0,91.0,91.0,0,index
2012-04-22,SENSITIVE,95.0,95.0,95.0,95.0,0,index
2012-04-24,SENSITIVE,100.0,100.0,100.0,100.0,0,index
2012-04-25,SENSITIVE,106.0,106.0,106.0,106.0,0,index
2012-04-26,SENSITIVE,111.0,111.0,111.0,111.0,0,index
2012-04-29,SENSITIVE,110.0,110.0,110.0,110.0,0,index
2012-04-30,SENSITIVE,104.0,104.0,104.0,104.0,0,index
2012-05-02,SENSITIVE,99.0,99.0,99.0,99.0,0,index
2012-05-03,SENSITIVE,104.0,104.0,104.0,104.0,0,index
2012-05-07,SENSITIVE,111.0,111.0,111.0,111.0,0,index
2012-05-08,SENSITIVE,112.0,112.0,112.0,112.0,0,index
2012-05-09,SENSITIVE,109.0,109.0,109.0,109.0,0,index
2012-05-10,SENSITIVE,106.0,106.0,106.0,106.0,0,index
2012-05-13,SENSITIVE,100.0,100.0,100.0,100.0,0,index
2012-05-14,SENSITIVE,95.0,95.0,95.0,95.0,0,index
2012-05-15,SENSITIVE,100.0,100.0,100.0,100.0,0,index
2012-05-16,SENSITIVE,106.0,106.0,106.0,106.0,0,index
2012-05-17,SENSITIVE,107.0,107.0,107.0,107.0,0,index
2012-05-20,SENSITIVE,105.0,105.0,105.0,105.0,0,index
2012-05-21,SENSITIVE,107.0,107.0,107.0,107.0,0,index
2012-05-22,SENSITIVE,104.0,104.0,104.0,104.0,0,index
2012-05-23,SENSITIVE,99.0,99.0,99.0,99.0,0,index
2012-05-24,SENSITIVE,103.0,103.0,103.0,103.0,0,index
2012-05-27,SENSITIVE,107.0,107.0,107.0,107.0,0,index
2012-05-29,SENSITIVE,101.0,101.0,101.0,101.0,0,index
2012-05-30,SENSITIVE,95.0,95.0,95.0,95.0,0,index
2012-05-31,SENSITIVE,95.0,95.0,95.0,95.0,0,index
2012-06-03,SENSITIVE,100.0,100.0,100.0,100.0,0,index
2012-06-04,SENSITIVE,98.0,98.0,98.0,98.0,0,index
2012-06-05,SENSITIVE,96.0,96.0,96.0,96.0,0,index
2012-06-06,SENSITIVE,93.0,93.0,93.0,93.0,0,index
2012-06-07,SENSITIVE,95.0,95.0,95.0,95.0,0,index
2012-06-10,SENSITIVE,93.0,93.0,93.0,93.0,0,index
2012-06-11,SENSITIVE,94.0,94.0,94.0,94.0,0,index
2012-06-12,SENSITIVE,94.0,94.0,94.0,94.0,0,index
2012-06-13,SENSITIVE,94.0,94.0,94.0,94.0,0,index
2012-06-14,SENSITIVE,93.0,93.0,93.0,93.0,0,index
2012-06-17,SENSITIVE,92.0,92.0,92.0,92.0,0,index
2012-06-18,SENSITIVE,93.0,93.0,93.0,93.0,0,index
2012-06-19,SENSITIVE,92.0,92.0,92.0,92.0,0,index
2012-06-20,SENSITIVE,93.0,93.0,93.0,93.0,0,index
2012-06-21,SENSITIVE,93.0,93.0,93.0,93.0,0,index
2012-06-25,SENSITIVE,96.0,96.0,96.0,96.0,0,index
2012-06-26,SENSITIVE,94.0,94.0,94.0,94.0,0,index
2012-06-27,SENSITIVE,96.0,96.0,96.0,96.0,0,index
2012-06-28,SENSITIVE,97.0,97.0,97.0,97.0,0,index
2012-07-01,SENSITIVE,96.0,96.0,96.0,96.0,0,index
2012-07-02,SENSITIVE,96.0,96.0,96.0,96.0,0,index
2012-07-03,SENSITIVE,96.0,96.0,96.0,96.0,0,index
2012-07-04,SENSITIVE,97.0,97.0,97.0,97.0,0,index
2012-07-05,SENSITIVE,97.0,97.0,97.0,97.0,0,index
2012-07-08,SENSITIVE,97.0,97.0,97.0,97.0,0,index
2012-07-09,SENSITIVE,98.0,98.0,98.0,98.0,0,index
2012-07-10,SENSITIVE,99.0,99.0,99.0,99.0,0,index
2012-07-11,SENSITIVE,99.0,99.0,99.0,99.0,0,index
2012-07-12,SENSITIVE,99.0,99.0,99.0,99.0,0,index
2012-07-15,SENSITIVE,100.0,100.0,100.0,100.0,0,index
2012-07-16,SENSITIVE,99.0,99.0,99.0,99.0,0,index
2012-07-17,SENSITIVE,99.0,99.0,99.0,99.0,0,index
2012-07-18,SENSITIVE,101.0,101.0,101.0,101.0,0,index
2012-07-19,SENSITIVE,102.0,102.0,102.0,102.0,0,index
2012-07-22,SENSITIVE,104.0,104.0,104.0,104.0,0,index
2012-07-23,SENSITIVE,106.0,106.0,106.0,106.0,0,index
2012-07-24,SENSITIVE,105.0,105.0,105.0,105.0,0,index
2012-07-25,SENSITIVE,105.0,105.0,105.0,105.0,0,index
2012-07-26,SENSITIVE,104.0,104.0,104.0,104.0,0,index
2012-07-29,SENSITIVE,102.0,102.0,102.0,102.0,0,index
2012-07-30,SENSITIVE,103.0,103.0,103.0,103.0,0,index
2012-07-31,SENSITIVE,104.0,104.0,104.0,104.0,0,index
2012-08-01,SENSITIVE,104.0,104.0,104.0,104.0,0,index
2012-08-05,SENSITIVE,104.0,104.0,104.0,104.0,0,index
2012-08-06,SENSITIVE,104.0,104.0,104.0,104.0,0,index
2012-08-07,SENSITIVE,104.0,104.0,104.0,104.0,0,index
2012-08-08,SENSITIVE,104.0,104.0,104.0,104.0,0,index
2012-08-12,SENSITIVE,103.0,103.0,103.0,103.0,0,index
2012-08-13,SENSITIVE,103.0,103.0,103.0,103.0,0,index
2012-08-14,SENSITIVE,102.0,102.0,102.0,102.0,0,index
2012-08-15,SENSITIVE,101.0,101.0,101.0,101.0,0,index
2012-08-16,SENSITIVE,103.0,103.0,103.0,103.0,0,index
2012-08-19,SENSITIVE,102.0,102.0,102.0,102.0,0,index
2012-08-21,SENSITIVE,102.0,102.0,102.0,102.0,0,index
2012-08-22,SENSITIVE,102.0,102.0,102.0,102.0,0,index
2012-08-23,SENSITIVE,102.0,102.0,102.0,102.0,0,index
2012-08-26,SENSITIVE,102.0,102.0,102.0,102.0,0,index
2012-08-27,SENSITIVE,105.0,105.0,105.0,105.0,0,index
2012-08-28,SENSITIVE,105.0,105.0,105.0,105.0,0,index
2012-08-29,SENSITIVE,105.0,105.0,105.0,105.0,0,index
2012-08-30,SENSITIVE,105.0,105.0,105.0,105.0,0,index
2012-09-02,SENSITIVE,106.0,106.0,106.0,106.0,0,index
2012-09-03,SENSITIVE,106.0,106.0,106.0,106.0,0,index
2012-09-04,SENSITIVE,106.0,106.0,106.0,106.0,0,index
2012-09-05,SENSITIVE,105.0,105.0,105.0,105.0,0,index
2012-09-06,SENSITIVE,105.0,105.0,105.0,105.0,0,index
2012-09-09,SENSITIVE,105.0,105.0,105.0,105.0,0,index
2012-09-10,SENSITIVE,105.0,105.0,105.0,105.0,0,index
2012-09-11,SENSITIVE,106.0,106.0,106.0,106.0,0,index
2012-09-12,SENSITIVE,106.0,106.0,106.0,106.0,0,index
2012-09-13,SENSITIVE,108.0,108.0,108.0,108.0,0,index
2012-09-16,SENSITIVE,108.0,108.0,108.0,108.0,0,index
2012-09-17,SENSITIVE,109.0,109.0,109.0,109.0,0,index
2012-09-18,SENSITIVE,109.0,109.0,109.0,109.0,0,index
2012-09-19,SENSITIVE,108.0,108.0,108.0,108.0,0,index
2012-09-20,SENSITIVE,108.0,108.0,108.0,108.0,0,index
2012-09-23,SENSITIVE,107.0,107.0,107.0,107.0,0,index
2012-09-24,SENSITIVE,106.0,106.0,106.0,106.0,0,index
2012-09-25,SENSITIVE,106.0,106.0,106.0,106.0,0,index
2012-09-26,SENSITIVE,106.0,106.0,106.0,106.0,0,index
2012-09-30,SENSITIVE,106.0,106.0,106.0,106.0,0,index
2012-10-01,SENSITIVE,107.0,107.0,107.0,107.0,0,index
2012-10-02,SENSITIVE,107.0,107.0,107.0,107.0,0,index
2012-10-03,SENSITIVE,105.0,105.0,105.0,105.0,0,index
2012-10-04,SENSITIVE,107.0,107.0,107.0,107.0,0,index
2012-10-07,SENSITIVE,108.0,108.0,108.0,108.0,0,index
2012-10-08,SENSITIVE,110.0,110.0,110.0,110.0,0,index
2012-10-09,SENSITIVE,110.0,110.0,110.0,110.0,0,index
2012-10-10,SENSITIVE,109.0,109.0,109.0,109.0,0,index
2012-10-11,SENSITIVE,109.0,109.0,109.0,109.0,0,index
2012-10-14,SENSITIVE,110.0,110.0,110.0,110.0,0,index
2012-10-15,SENSITIVE,110.0,110.0,110.0,110.0,0,index
2012-10-17,SENSITIVE,111.0,111.0,111.0,111.0,0,index
2012-10-18,SENSITIVE,112.0,112.0,112.0,112.0,0,index
2012-10-30,SENSITIVE,116.0,116.0,116.0,116.0,0,index
2012-10-31,SENSITIVE,117.0,117.0,117.0,117.0,0,index
2012-11-01,SENSITIVE,116.0,116.0,116.0,116.0,0,index
2012-11-04,SENSITIVE,117.0,117.0,117.0,117.0,0,index
2012-11-05,SENSITIVE,118.0,118.0,118.0,118.0,0,index
2012-11-06,SENSITIVE,120.0,120.0,120.0,120.0,0,index
2012-11-07,SENSITIVE,123.0,123.0,123.0,123.0,0,index
2012-11-08,SENSITIVE,125.0,125.0,125.0,125.0,0,index
2012-11-11,SENSITIVE,123.0,123.0,123.0,123.0,0,index
2012-11-12,SENSITIVE,125.0,125.0,125.0,125.0,0,index
2012-11-18,SENSITIVE,128.0,128.0,128.0,128.0,0,index
2012-11-20,SENSITIVE,130.0,130.0,130.0,130.0,0,index
2012-11-21,SENSITIVE,129.0,129.0,129.0,129.0,0,index
2012-11-22,SENSITIVE,129.0,129.0,129.0,129.0,0,index
2012-11-25,SENSITIVE,129.0,129.0,129.0,129.0,0,index
2012-11-26,SENSITIVE,128.0,128.0,128.0,128.0,0,index
2012-11-27,SENSITIVE,128.0,128.0,128.0,128.0,0,index
2012-11-28,SENSITIVE,128.0,128.0,128.0,128.0,0,index
2012-11-29,SENSITIVE,127.0,127.0,127.0,127.0,0,index
2012-12-02,SENSITIVE,125.0,125.0,125.0,125.0,0,index
2012-12-03,SENSITIVE,125.0,125.0,125.0,125.0,0,index
2012-12-04,SENSITIVE,127.0,127.0,127.0,127.0,0,index
2012-12-05,SENSITIVE,130.0,130.0,130.0,130.0,0,index
2012-12-06,SENSITIVE,130.0,130.0,130.0,130.0,0,index
2012-12-09,SENSITIVE,127.0,127.0,127.0,127.0,0,index
2012-12-10,SENSITIVE,127.0,127.0,127.0,127.0,0,index
2012-12-11,SENSITIVE,127.0,127.0,127.0,127.0,0,index
2012-12-12,SENSITIVE,128.0,128.0,128.0,128.0,0,index
2012-12-13,SENSITIVE,129.0,129.0,129.0,129.0,0,index
2012-12-16,SENSITIVE,132.0,132.0,132.0,132.0,0,index
2012-12-17,SENSITIVE,134.0,134.0,134.0,134.0,0,index
2012-12-18,SENSITIVE,133.0,133.0,133.0,133.0,0,index
2012-12-19,SENSITIVE,134.0,134.0,134.0,134.0,0,index
2012-12-20,SENSITIVE,133.0,133.0,133.0,133.0,0,index
2012-12-23,SENSITIVE,137.0,137.0,137.0,137.0,0,index
2012-12-24,SENSITIVE,138.0,138.0,138.0,138.0,0,index
2012-12-26,SENSITIVE,142.0,142.0,142.0,142.0,0,index
2012-12-27,SENSITIVE,143.0,143.0,143.0,143.0,0,index
2012-12-31,SENSITIVE,141.0,141.0,141.0,141.0,0,index
2013-01-01,SENSITIVE,140.0,140.0,140.0,140.0,0,index
2013-01-02,SENSITIVE,139.0,139.0,139.0,139.0,0,index
2013-01-03,SENSITIVE,140.0,140.0,140.0,140.0,0,index
2013-01-06,SENSITIVE,140.0,140.0,140.0,140.0,0,index
2013-01-07,SENSITIVE,139.0,139.0,139.0,139.0,0,index
2013-01-08,SENSITIVE,138.0,138.0,138.0,138.0,0,index
2013-01-09,SENSITIVE,133.0,133.0,133.0,133.0,0,index
2013-01-10,SENSITIVE,139.0,139.0,139.0,139.0,0,index
2013-01-13,SENSITIVE,139.0,139.0,139.0,139.0,0,index
2013-01-15,SENSITIVE,139.0,139.0,139.0,139.0,0,index
2013-01-16,SENSITIVE,138.0,138.0,138.0,138.0,0,index
2013-01-17,SENSITIVE,137.0,137.0,137.0,137.0,0,index
2013-01-20,SENSITIVE,133.0,133.0,133.0,133.0,0,index
2013-01-21,SENSITIVE,136.0,136.0,136.0,136.0,0,index
2013-01-22,SENSITIVE,137.0,137.0,137.0,137.0,0,index
2013-01-23,SENSITIVE,135.0,135.0,135.0,135.0,0,index
2013-01-24,SENSITIVE,135.0,135.0,135.0,135.0,0,index
2013-01-27,SENSITIVE,135.0,135.0,135.0,135.0,0,index
2013-01-28,SENSITIVE,135.0,135.0,135.0,135.0,0,index
2013-01-30,SENSITIVE,134.0,134.0,134.0,134.0,0,index
2013-01-31,SENSITIVE,134.0,134.0,134.0,134.0,0,index
2013-02-03,SENSITIVE,135.0,135.0,135.0,135.0,0,index
2013-02-04,SENSITIVE,135.0,135.0,135.0,135.0,0,index
2013-02-05,SENSITIVE,135.0,135.0,135.0,135.0,0,index
2013-02-06,SENSITIVE,134.0,134.0,134.0,134.0,0,index
2013-02-07,SENSITIVE,134.0,134.0,134.0,134.0,0,index
2013-02-10,SENSITIVE,135.0,135.0,135.0,135.0,0,index
2013-02-12,SENSITIVE,139.0,139.0,139.0,139.0,0,index
2013-02-13,SENSITIVE,138.0,138.0,138.0,138.0,0,index
2013-02-14,SENSITIVE,139.0,139.0,139.0,139.0,0,index
2013-02-17,SENSITIVE,146.0,146.0,146.0,146.0,0,index
2013-02-19,SENSITIVE,144.0,144.0,144.0,144.0,0,index
2013-02-20,SENSITIVE,141.0,141.0,141.0,141.0,0,index
2013-02-21,SENSITIVE,143.0,143.0,143.0,143.0,0,index
2013-02-24,SENSITIVE,141.0,141.0,141.0,141.0,0,index
2013-02-25,SENSITIVE,143.0,143.0,143.0,143.0,0,index
2013-02-26,SENSITIVE,143.0,143.0,143.0,143.0,0,index
2013-02-27,SENSITIVE,142.0,142.0,142.0,142.0,0,index
2013-02-28,SENSITIVE,142.0,142.0,142.0,142.0,0,index
2013-03-03,SENSITIVE,142.0,142.0,142.0,142.0,0,index
2013-03-04,SENSITIVE,142.0,142.0,142.0,142.0,0,index
2013-03-05,SENSITIVE,141.0,141.0,141.0,141.0,0,index
2013-03-06,SENSITIVE,142.0,142.0,142.0,142.0,0,index
2013-03-07,SENSITIVE,141.0,141.0,141.0,141.0,0,index
2013-03-11,SENSITIVE,141.0,141.0,141.0,141.0,0,index
2013-03-13,SENSITIVE,143.0,143.0,143.0,143.0,0,index
2013-03-14,SENSITIVE,144.0,144.0,144.0,144.0,0,index
2013-03-17,SENSITIVE,140.0,140.0,140.0,140.0,0,index
2013-03-18,SENSITIVE,139.0,139.0,139.0,139.0,0,index
2013-03-19,SENSITIVE,139.0,139.0,139.0,139.0,0,index
2013-03-20,SENSITIVE,138.0,138.0,138.0,138.0,0,index
2013-03-21,SENSITIVE,138.0,138.0,138.0,138.0,0,index
2013-03-24,SENSITIVE,136.0,136.0,136.0,136.0,0,index
2013-03-25,SENSITIVE,136.0,136.0,136.0,136.0,0,index
2013-03-27,SENSITIVE,136.0,136.0,136.0,136.0,0,index
2013-03-28,SENSITIVE,135.0,135.0,135.0,135.0,0,index
2013-03-31,SENSITIVE,133.0,133.0,133.0,133.0,0,index
2013-04-01,SENSITIVE,134.0,134.0,134.0,134.0,0,index
2013-04-02,SENSITIVE,135.0,135.0,135.0,135.0,0,index
2013-04-03,SENSITIVE,135.0,135.0,135.0,135.0,0,index
2013-04-04,SENSITIVE,134.0,134.0,134.0,134.0,0,index
2013-04-07,SENSITIVE,130.0,130.0,130.0,130.0,0,index
2013-04-08,SENSITIVE,130.0,130.0,130.0,130.0,0,index
2013-04-09,SENSITIVE,131.0,131.0,131.0,131.0,0,index
2013-04-11,SENSITIVE,132.0,132.0,132.0,132.0,0,index
2013-04-15,SENSITIVE,132.0,132.0,132.0,132.0,0,index
2013-04-16,SENSITIVE,131.0,131.0,131.0,131.0,0,index
2013-04-17,SENSITIVE,131.0,131.0,131.0,131.0,0,index
2013-04-18,SENSITIVE,131.0,131.0,131.0,131.0,0,index
2013-04-21,SENSITIVE,130.0,130.0,130.0,130.0,0,index
2013-04-22,SENSITIVE,127.0,127.0,127.0,127.0,0,index
2013-04-23,SENSITIVE,128.0,128.0,128.0,128.0,0,index
2013-04-25,SENSITIVE,128.0,128.0,128.0,128.0,0,index
2013-04-28,SENSITIVE,127.0,127.0,127.0,127.0,0,index
2013-04-29,SENSITIVE,126.0,126.0,126.0,126.0,0,index
2013-04-30,SENSITIVE,126.0,126.0,126.0,126.0,0,index
2013-05-02,SENSITIVE,124.0,124.0,124.0,124.0,0,index
2013-05-05,SENSITIVE,123.0,123.0,123.0,123.0,0,index
2013-05-06,SENSITIVE,121.0,121.0,121.0,121.0,0,index
2013-05-07,SENSITIVE,124.0,124.0,124.0,124.0,0,index
2013-05-08,SENSITIVE,122.0,122.0,122.0,122.0,0,index
2013-05-09,SENSITIVE,122.0,122.0,122.0,122.0,0,index
2013-05-12,SENSITIVE,122.0,122.0,122.0,122.0,0,index
2013-05-13,SENSITIVE,123.0,123.0,123.0,123.0,0,index
2013-05-14,SENSITIVE,123.0,123.0,123.0,123.0,0,index
2013-05-15,SENSITIVE,124.0,124.0,124.0,124.0,0,index
2013-05-16,SENSITIVE,126.0,126.0,126.0,126.0,0,index
2013-05-19,SENSITIVE,125.0,125.0,125.0,125.0,0,index
2013-05-20,SENSITIVE,125.0,125.0,125.0,125.0,0,index
2013-05-21,SENSITIVE,126.0,126.0,126.0,126.0,0,index
2013-05-22,SENSITIVE,125.0,125.0,125.0,125.0,0,index
2013-05-23,SENSITIVE,124.0,124.0,124.0,124.0,0,index
2013-05-26,SENSITIVE,125.0,125.0,125.0,125.0,0,index
2013-05-27,SENSITIVE,126.0,126.0,126.0,126.0,0,index
2013-05-28,SENSITIVE,125.0,125.0,125.0,125.0,0,index
2013-05-30,SENSITIVE,125.0,125.0,125.0,125.0,0,index
2013-06-02,SENSITIVE,124.0,124.0,124.0,124.0,0,index
2013-06-03,SENSITIVE,125.0,125.0,125.0,125.0,0,index
2013-06-04,SENSITIVE,125.0,125.0,125.0,125.0,0,index
2013-06-05,SENSITIVE,125.0,125.0,125.0,125.0,0,index
2013-06-06,SENSITIVE,125.0,125.0,125.0,125.0,0,index
2013-06-09,SENSITIVE,125.0,125.0,125.0,125.0,0,index
2013-06-10,SENSITIVE,124.0,124.0,124.0,124.0,0,index
2013-06-11,SENSITIVE,124.0,124.0,124.0,124.0,0,index
2013-06-12,SENSITIVE,124.0,124.0,124.0,124.0,0,index
2013-06-13,SENSITIVE,123.0,123.0,123.0,123.0,0,index
2013-06-16,SENSITIVE,124.0,124.0,124.0,124.0,0,index
2013-06-17,SENSITIVE,123.0,123.0,123.0,123.0,0,index
2013-06-18,SENSITIVE,123.0,123.0,123.0,123.0,0,index
2013-06-19,SENSITIVE,122.0,122.0,122.0,122.0,0,index
2013-06-20,SENSITIVE,121.0,121.0,121.0,121.0,0,index
2013-06-23,SENSITIVE,121.0,121.0,121.0,121.0,0,index
2013-06-24,SENSITIVE,122.0,122.0,122.0,122.0,0,index
2013-06-25,SENSITIVE,123.0,123.0,123.0,123.0,0,index
2013-06-26,SENSITIVE,124.0,124.0,124.0,124.0,0,index
2013-06-27,SENSITIVE,124.0,124.0,124.0,124.0,0,index
2013-06-30,SENSITIVE,123.0,123.0,123.0,123.0,0,index
2013-07-01,SENSITIVE,123.0,123.0,123.0,123.0,0,index
2013-07-02,SENSITIVE,123.0,123.0,123.0,123.0,0,index
2013-07-03,SENSITIVE,123.0,123.0,123.0,123.0,0,index
2013-07-04,SENSITIVE,123.0,123.0,123.0,123.0,0,index
2013-07-07,SENSITIVE,123.0,123.0,123.0,123.0,0,index
2013-07-08,SENSITIVE,125.0,125.0,125.0,125.0,0,index
2013-07-09,SENSITIVE,126.0,126.0,126.0,126.0,0,index
2013-07-10,SENSITIVE,126.0,126.0,126.0,126.0,0,index
2013-07-11,SENSITIVE,126.0,126.0,126.0,126.0,0,index
2013-07-14,SENSITIVE,127.0,127.0,127.0,127.0,0,index
2013-07-15,SENSITIVE,129.0,129.0,129.0,129.0,0,index
2013-07-16,SENSITIVE,127.0,127.0,127.0,127.0,0,index
2013-07-17,SENSITIVE,127.0,127.0,127.0,127.0,0,index
2013-07-18,SENSITIVE,130.0,130.0,130.0,130.0,0,index
2013-07-21,SENSITIVE,134.0,134.0,134.0,134.0,0,index
2013-07-22,SENSITIVE,133.0,133.0,133.0,133.0,0,index
2013-07-23,SENSITIVE,133.0,133.0,133.0,133.0,0,index
2013-07-24,SENSITIVE,132.0,132.0,132.0,132.0,0,index
2013-07-25,SENSITIVE,132.0,132.0,132.0,132.0,0,index
2013-07-28,SENSITIVE,133.0,133.0,133.0,133.0,0,index
2013-07-29,SENSITIVE,134.0,134.0,134.0,134.0,0,index
2013-07-30,SENSITIVE,136.0,136.0,136.0,136.0,0,index
2013-07-31,SENSITIVE,136.0,136.0,136.0,136.0,0,index
2013-08-01,SENSITIVE,136.0,136.0,136.0,136.0,0,index
2013-08-04,SENSITIVE,136.0,136.0,136.0,136.0,0,index
2013-08-05,SENSITIVE,135.0,135.0,135.0,135.0,0,index
2013-08-06,SENSITIVE,135.0,135.0,135.0,135.0,0,index
2013-08-07,SENSITIVE,135.0,135.0,135.0,135.0,0,index
2013-08-08,SENSITIVE,135.0,135.0,135.0,135.0,0,index
2013-08-11,SENSITIVE,134.0,134.0,134.0,134.0,0,index
2013-08-12,SENSITIVE,134.0,134.0,134.0,134.0,0,index
2013-08-13,SENSITIVE,134.0,134.0,134.0,134.0,0,index
2013-08-14,SENSITIVE,133.0,133.0,133.0,133.0,0,index
2013-08-15,SENSITIVE,133.0,133.0,133.0,133.0,0,index
2013-08-18,SENSITIVE,134.0,134.0,134.0,134.0,0,index
2013-08-19,SENSITIVE,135.0,135.0,135.0,135.0,0,index
2013-08-20,SENSITIVE,136.0,136.0,136.0,136.0,0,index
2013-08-25,SENSITIVE,136.0,136.0,136.0,136.0,0,index
2013-08-26,SENSITIVE,136.0,136.0,136.0,136.0,0,index
2013-08-27,SENSITIVE,137.0,137.0,137.0,137.0,0,index
2013-08-29,SENSITIVE,137.0,137.0,137.0,137.0,0,index
2013-09-01,SENSITIVE,137.0,137.0,137.0,137.0,0,index
2013-09-02,SENSITIVE,136.0,136.0,136.0,136.0,0,index
2013-09-03,SENSITIVE,136.0,136.0,136.0,136.0,0,index
2013-09-04,SENSITIVE,135.0,135.0,135.0,135.0,0,index
2013-09-05,SENSITIVE,135.0,135.0,135.0,135.0,0,index
2013-09-08,SENSITIVE,137.0,137.0,137.0,137.0,0,index
2013-09-09,SENSITIVE,137.0,137.0,137.0,137.0,0,index
2013-09-10,SENSITIVE,135.0,135.0,135.0,135.0,0,index
2013-09-11,SENSITIVE,136.0,136.0,136.0,136.0,0,index
2013-09-12,SENSITIVE,136.0,136.0,136.0,136.0,0,index
2013-09-15,SENSITIVE,136.0,136.0,136.0,136.0,0,index
2013-09-16,SENSITIVE,134.0,134.0,134.0,134.0,0,index
2013-09-17,SENSITIVE,134.0,134.0,134.0,134.0,0,index
2013-09-19,SENSITIVE,132.0,132.0,132.0,132.0,0,index
2013-09-22,SENSITIVE,130.0,130.0,130.0,130.0,0,index
2013-09-23,SENSITIVE,130.0,130.0,130.0,130.0,0,index
2013-09-24,SENSITIVE,131.0,131.0,131.0,131.0,0,index
2013-09-25,SENSITIVE,130.0,130.0,130.0,130.0,0,index
2013-09-26,SENSITIVE,130.0,130.0,130.0,130.0,0,index
2013-09-29,SENSITIVE,130.0,130.0,130.0,130.0,0,index
2013-09-30,SENSITIVE,130.0,130.0,130.0,130.0,0,index
2013-10-01,SENSITIVE,130.0,130.0,130.0,130.0,0,index
2013-10-02,SENSITIVE,130.0,130.0,130.0,130.0,0,index
2013-10-03,SENSITIVE,131.0,131.0,131.0,131.0,0,index
2013-10-06,SENSITIVE,132.0,132.0,132.0,132.0,0,index
2013-10-07,SENSITIVE,133.0,133.0,133.0,133.0,0,index
2013-10-08,SENSITIVE,133.0,133.0,133.0,133.0,0,index
2013-10-09,SENSITIVE,134.0,134.0,134.0,134.0,0,index
2013-10-10,SENSITIVE,136.0,136.0,136.0,136.0,0,index
2013-10-17,SENSITIVE,137.0,137.0,137.0,137.0,0,index
2013-10-20,SENSITIVE,141.0,141.0,141.0,141.0,0,index
2013-10-21,SENSITIVE,142.0,142.0,142.0,142.0,0,index
2013-10-22,SENSITIVE,140.0,140.0,140.0,140.0,0,index
2013-10-23,SENSITIVE,139.0,139.0,139.0,139.0,0,index
2013-10-24,SENSITIVE,139.0,139.0,139.0,139.0,0,index
2013-10-27,SENSITIVE,139.0,139.0,139.0,139.0,0,index
2013-10-28,SENSITIVE,138.0,138.0,138.0,138.0,0,index
2013-10-29,SENSITIVE,138.0,138.0,138.0,138.0,0,index
2013-10-30,SENSITIVE,138.0,138.0,138.0,138.0,0,index
2013-10-31,SENSITIVE,138.0,138.0,138.0,138.0,0,index
2013-11-06,SENSITIVE,137.0,137.0,137.0,137.0,0,index
2013-11-07,SENSITIVE,137.0,137.0,137.0,137.0,0,index
2013-11-10,SENSITIVE,137.0,137.0,137.0,137.0,0,index
2013-11-11,SENSITIVE,140.0,140.0,140.0,140.0,0,index
2013-11-12,SENSITIVE,141.0,141.0,141.0,141.0,0,index
2013-11-13,SENSITIVE,141.0,141.0,141.0,141.0,0,index
2013-11-14,SENSITIVE,142.0,142.0,142.0,142.0,0,index
2013-11-21,SENSITIVE,150.0,150.0,150.0,150.0,0,index
2013-11-24,SENSITIVE,155.0,155.0,155.0,155.0,0,index
2013-11-25,SENSITIVE,152.0,152.0,152.0,152.0,0,index
2013-11-26,SENSITIVE,152.0,152.0,152.0,152.0,0,index
2013-11-27,SENSITIVE,152.0,152.0,152.0,152.0,0,index
2013-11-28,SENSITIVE,150.0,150.0,150.0,150.0,0,index
2013-12-01,SENSITIVE,152.0,152.0,152.0,152.0,0,index
2013-12-02,SENSITIVE,154.0,154.0,154.0,154.0,0,index
2013-12-03,SENSITIVE,158.0,158.0,158.0,158.0,0,index
2013-12-04,SENSITIVE,164.0,164.0,164.0,164.0,0,index
2013-12-05,SENSITIVE,165.0,165.0,165.0,165.0,0,index
2013-12-08,SENSITIVE,164.0,164.0,164.0,164.0,0,index
2013-12-09,SENSITIVE,160.0,160.0,160.0,160.0,0,index
2013-12-10,SENSITIVE,159.0,159.0,159.0,159.0,0,index
2013-12-11,SENSITIVE,161.0,161.0,161.0,161.0,0,index
2013-12-12,SENSITIVE,161.0,161.0,161.0,161.0,0,index
2013-12-15,SENSITIVE,166.0,166.0,166.0,166.0,0,index
2013-12-16,SENSITIVE,175.0,175.0,175.0,175.0,0,index
2013-12-18,SENSITIVE,183.0,183.0,183.0,183.0,0,index
2013-12-19,SENSITIVE,183.0,183.0,183.0,183.0,0,index
2013-12-22,SENSITIVE,180.0,180.0,180.0,180.0,0,index
2013-12-23,SENSITIVE,172.0,172.0,172.0,172.0,0,index
2013-12-24,SENSITIVE,174.0,174.0,174.0,174.0,0,index
2013-12-26,SENSITIVE,177.0,177.0,177.0,177.0,0,index
2013-12-29,SENSITIVE,175.0,175.0,175.0,175.0,0,index
2013-12-31,SENSITIVE,173.0,173.0,173.0,173.0,0,index
2014-01-01,SENSITIVE,169.0,169.0,169.0,169.0,0,index
2014-01-02,SENSITIVE,171.0,171.0,171.0,171.0,0,index
2014-01-05,SENSITIVE,169.0,169.0,169.0,169.0,0,index
2014-01-06,SENSITIVE,169.0,169.0,169.0,169.0,0,index
2014-01-07,SENSITIVE,170.0,170.0,170.0,170.0,0,index
2014-01-08,SENSITIVE,172.0,172.0,172.0,172.0,0,index
2014-01-09,SENSITIVE,172.0,172.0,172.0,172.0,0,index
2014-01-12,SENSITIVE,174.0,174.0,174.0,174.0,0,index
2014-01-13,SENSITIVE,174.0,174.0,174.0,174.0,0,index
2014-01-14,SENSITIVE,175.0,175.0,175.0,175.0,0,index
2014-01-16,SENSITIVE,177.0,177.0,177.0,177.0,0,index
2014-01-19,SENSITIVE,177.0,177.0,177.0,177.0,0,index
2014-01-20,SENSITIVE,176.0,176.0,176.0,176.0,0,index
2014-01-21,SENSITIVE,175.0,175.0,175.0,175.0,0,index
2014-01-22,SENSITIVE,174.0,174.0,174.0,174.0,0,index
2014-01-23,SENSITIVE,174.0,174.0,174.0,174.0,0,index
2014-01-26,SENSITIVE,173.0,173.0,173.0,173.0,0,index
2014-01-27,SENSITIVE,173.0,173.0,173.0,173.0,0,index
2014-01-28,SENSITIVE,173.0,173.0,173.0,173.0,0,index
2014-01-29,SENSITIVE,173.0,173.0,173.0,173.0,0,index
2014-02-02,SENSITIVE,171.0,171.0,171.0,171.0,0,index
2014-02-04,SENSITIVE,171.0,171.0,171.0,171.0,0,index
2014-02-05,SENSITIVE,172.0,172.0,172.0,172.0,0,index
2014-02-06,SENSITIVE,173.0,173.0,173.0,173.0,0,index
2014-02-09,SENSITIVE,172.0,172.0,172.0,172.0,0,index
2014-02-10,SENSITIVE,176.0,176.0,176.0,176.0,0,index
2014-02-11,SENSITIVE,175.0,175.0,175.0,175.0,0,index
2014-02-12,SENSITIVE,174.0,174.0,174.0,174.0,0,index
2014-02-13,SENSITIVE,176.0,176.0,176.0,176.0,0,index
2014-02-16,SENSITIVE,175.0,175.0,175.0,175.0,0,index
2014-02-17,SENSITIVE,175.0,175.0,175.0,175.0,0,index
2014-02-18,SENSITIVE,177.0,177.0,177.0,177.0,0,index
2014-02-20,SENSITIVE,179.0,179.0,179.0,179.0,0,index
2014-02-23,SENSITIVE,180.0,180.0,180.0,180.0,0,index
2014-02-24,SENSITIVE,181.0,181.0,181.0,181.0,0,index
2014-02-25,SENSITIVE,181.0,181.0,181.0,181.0,0,index
2014-02-26,SENSITIVE,180.0,180.0,180.0,180.0,0,index
2014-03-03,SENSITIVE,177.0,177.0,177.0,177.0,0,index
2014-03-04,SENSITIVE,174.0,174.0,174.0,174.0,0,index
2014-03-05,SENSITIVE,176.0,176.0,176.0,176.0,0,index
2014-03-06,SENSITIVE,175.0,175.0,175.0,175.0,0,index
2014-03-09,SENSITIVE,173.0,173.0,173.0,173.0,0,index
2014-03-10,SENSITIVE,172.0,172.0,172.0,172.0,0,index
2014-03-11,SENSITIVE,171.0,171.0,171.0,171.0,0,index
2014-03-12,SENSITIVE,169.0,169.0,169.0,169.0,0,index
2014-03-13,SENSITIVE,169.0,169.0,169.0,169.0,0,index
2014-03-17,SENSITIVE,166.0,166.0,166.0,166.0,0,index
2014-03-18,SENSITIVE,163.0,163.0,163.0,163.0,0,index
2014-03-19,SENSITIVE,165.0,165.0,165.0,165.0,0,index
2014-03-20,SENSITIVE,168.0,168.0,168.0,168.0,0,index
2014-03-23,SENSITIVE,168.0,168.0,168.0,168.0,0,index
2014-03-24,SENSITIVE,170.0,170.0,170.0,170.0,0,index
2014-03-25,SENSITIVE,169.0,169.0,169.0,169.0,0,index
2014-03-26,SENSITIVE,169.0,169.0,169.0,169.0,0,index
2014-03-27,SENSITIVE,169.0,169.0,169.0,169.0,0,index
2014-03-31,SENSITIVE,170.0,170.0,170.0,170.0,0,index
2014-04-01,SENSITIVE,172.0,172.0,172.0,172.0,0,index
2014-04-02,SENSITIVE,173.0,173.0,173.0,173.0,0,index
2014-04-03,SENSITIVE,173.0,173.0,173.0,173.0,0,index
2014-04-06,SENSITIVE,171.0,171.0,171.0,171.0,0,index
2014-04-07,SENSITIVE,171.0,171.0,171.0,171.0,0,index
2014-04-09,SENSITIVE,172.0,172.0,172.0,172.0,0,index
2014-04-10,SENSITIVE,175.0,175.0,175.0,175.0,0,index
2014-04-13,SENSITIVE,176.0,176.0,176.0,176.0,0,index
2014-04-15,SENSITIVE,176.0,176.0,176.0,176.0,0,index
2014-04-16,SENSITIVE,174.0,174.0,174.0,174.0,0,index
2014-04-17,SENSITIVE,174.0,174.0,174.0,174.0,0,index
2014-04-20,SENSITIVE,173.0,173.0,173.0,173.0,0,index
2014-04-21,SENSITIVE,173.0,173.0,173.0,173.0,0,index
2014-04-22,SENSITIVE,174.0,174.0,174.0,174.0,0,index
2014-04-23,SENSITIVE,175.0,175.0,175.0,175.0,0,index
2014-04-27,SENSITIVE,174.0,174.0,174.0,174.0,0,index
2014-04-28,SENSITIVE,173.0,173.0,173.0,173.0,0,index
2014-04-29,SENSITIVE,173.0,173.0,173.0,173.0,0,index
2014-04-30,SENSITIVE,175.0,175.0,175.0,175.0,0,index
2014-05-04,SENSITIVE,176.0,176.0,176.0,176.0,0,index
2014-05-05,SENSITIVE,180.0,180.0,180.0,180.0,0,index
2014-05-06,SENSITIVE,183.0,183.0,183.0,183.0,0,index
2014-05-07,SENSITIVE,183.0,183.0,183.0,183.0,0,index
2014-05-08,SENSITIVE,181.0,181.0,181.0,181.0,0,index
2014-05-11,SENSITIVE,180.0,180.0,180.0,180.0,0,index
2014-05-12,SENSITIVE,181.0,181.0,181.0,181.0,0,index
2014-05-13,SENSITIVE,181.0,181.0,181.0,181.0,0,index
2014-05-15,SENSITIVE,181.0,181.0,181.0,181.0,0,index
2014-05-18,SENSITIVE,180.0,180.0,180.0,180.0,0,index
2014-05-19,SENSITIVE,179.0,179.0,179.0,179.0,0,index
2014-05-20,SENSITIVE,179.0,179.0,179.0,179.0,0,index
2014-05-21,SENSITIVE,180.0,180.0,180.0,180.0,0,index
2014-05-22,SENSITIVE,181.0,181.0,181.0,181.0,0,index
2014-05-25,SENSITIVE,184.0,184.0,184.0,184.0,0,index
2014-05-26,SENSITIVE,184.0,184.0,184.0,184.0,0,index
2014-05-27,SENSITIVE,183.0,183.0,183.0,183.0,0,index
2014-05-28,SENSITIVE,185.0,185.0,185.0,185.0,0,index
2014-06-01,SENSITIVE,186.0,186.0,186.0,186.0,0,index
2014-06-02,SENSITIVE,188.0,188.0,188.0,188.0,0,index
2014-06-03,SENSITIVE,190.0,190.0,190.0,190.0,0,index
2014-06-04,SENSITIVE,189.0,189.0,189.0,189.0,0,index
2014-06-05,SENSITIVE,189.0,189.0,189.0,189.0,0,index
2014-06-08,SENSITIVE,190.0,190.0,190.0,190.0,0,index
2014-06-09,SENSITIVE,190.0,190.0,190.0,190.0,0,index
2014-06-10,SENSITIVE,193.0,193.0,193.0,193.0,0,index
2014-06-11,SENSITIVE,194.0,194.0,194.0,194.0,0,index
2014-06-12,SENSITIVE,195.0,195.0,195.0,195.0,0,index
2014-06-15,SENSITIVE,201.0,201.0,201.0,201.0,0,index
2014-06-16,SENSITIVE,203.0,203.0,203.0,203.0,0,index
2014-06-17,SENSITIVE,202.0,202.0,202.0,202.0,0,index
2014-06-18,SENSITIVE,201.0,201.0,201.0,201.0,0,index
2014-06-19,SENSITIVE,199.0,199.0,199.0,199.0,0,index
2014-06-23,SENSITIVE,197.0,197.0,197.0,197.0,0,index
2014-06-24,SENSITIVE,198.0,198.0,198.0,198.0,0,index
2014-06-25,SENSITIVE,200.0,200.0,200.0,200.0,0,index
2014-06-26,SENSITIVE,201.0,201.0,201.0,201.0,0,index
2014-06-29,SENSITIVE,202.0,202.0,202.0,202.0,0,index
2014-06-30,SENSITIVE,203.0,203.0,203.0,203.0,0,index
2014-07-01,SENSITIVE,204.0,204.0,204.0,204.0,0,index
2014-07-02,SENSITIVE,207.0,207.0,207.0,207.0,0,index
2014-07-03,SENSITIVE,208.0,208.0,208.0,208.0,0,index
2014-07-06,SENSITIVE,210.0,210.0,210.0,210.0,0,index
2014-07-07,SENSITIVE,212.0,212.0,212.0,212.0,0,index
2014-07-08,SENSITIVE,217.0,217.0,217.0,217.0,0,index
2014-07-09,SENSITIVE,218.0,218.0,218.0,218.0,0,index
2014-07-10,SENSITIVE,220.0,220.0,220.0,220.0,0,index
2014-07-13,SENSITIVE,222.0,222.0,222.0,222.0,0,index
2014-07-14,SENSITIVE,221.0,221.0,221.0,221.0,0,index
2014-07-15,SENSITIVE,220.0,220.0,220.0,220.0,0,index
2014-07-16,SENSITIVE,222.0,222.0,222.0,222.0,0,index
2014-07-17,SENSITIVE,225.0,225.0,225.0,225.0,0,index
2014-07-20,SENSITIVE,231.0,231.0,231.0,231.0,0,index
2014-07-21,SENSITIVE,233.0,233.0,233.0,233.0,0,index
2014-07-22,SENSITIVE,231.0,231.0,231.0,231.0,0,index
2014-07-23,SENSITIVE,233.0,233.0,233.0,233.0,0,index
2014-07-24,SENSITIVE,232.0,232.0,232.0,232.0,0,index
2014-07-27,SENSITIVE,230.0,230.0,230.0,230.0,0,index
2014-07-28,SENSITIVE,230.0,230.0,230.0,230.0,0,index
2014-07-30,SENSITIVE,228.0,228.0,228.0,228.0,0,index
2014-07-31,SENSITIVE,228.0,228.0,228.0,228.0,0,index
2014-08-03,SENSITIVE,227.0,227.0,227.0,227.0,0,index
2014-08-04,SENSITIVE,223.0,223.0,223.0,223.0,0,index
2014-08-05,SENSITIVE,224.0,224.0,224.0,224.0,0,index
2014-08-06,SENSITIVE,223.0,223.0,223.0,223.0,0,index
2014-08-07,SENSITIVE,223.0,223.0,223.0,223.0,0,index
2014-08-12,SENSITIVE,219.0,219.0,219.0,219.0,0,index
2014-08-13,SENSITIVE,220.0,220.0,220.0,220.0,0,index
2014-08-14,SENSITIVE,221.0,221.0,221.0,221.0,0,index
2014-08-18,SENSITIVE,217.0,217.0,217.0,217.0,0,index
2014-08-19,SENSITIVE,217.0,217.0,217.0,217.0,0,index
2014-08-20,SENSITIVE,213.0,213.0,213.0,213.0,0,index
2014-08-21,SENSITIVE,213.0,213.0,213.0,213.0,0,index
2014-08-24,SENSITIVE,211.0,211.0,211.0,211.0,0,index
2014-08-25,SENSITIVE,204.0,204.0,204.0,204.0,0,index
2014-08-26,SENSITIVE,198.0,198.0,198.0,198.0,0,index
2014-08-27,SENSITIVE,206.0,206.0,206.0,206.0,0,index
2014-08-28,SENSITIVE,209.0,209.0,209.0,209.0,0,index
2014-08-31,SENSITIVE,205.0,205.0,205.0,205.0,0,index
2014-09-01,SENSITIVE,203.0,203.0,203.0,203.0,0,index
2014-09-03,SENSITIVE,201.0,201.0,201.0,201.0,0,index
2014-09-04,SENSITIVE,199.0,199.0,199.0,199.0,0,index
2014-09-07,SENSITIVE,188.0,188.0,188.0,188.0,0,index
2014-09-09,SENSITIVE,198.0,198.0,198.0,198.0,0,index
2014-09-10,SENSITIVE,196.0,196.0,196.0,196.0,0,index
2014-09-11,SENSITIVE,196.0,196.0,196.0,196.0,0,index
2014-09-14,SENSITIVE,194.0,194.0,194.0,194.0,0,index
2014-09-15,SENSITIVE,195.0,195.0,195.0,195.0,0,index
2014-09-16,SENSITIVE,198.0,198.0,198.0,198.0,0,index
2014-09-17,SENSITIVE,196.0,196.0,196.0,196.0,0,index
2014-09-18,SENSITIVE,193.0,193.0,193.0,193.0,0,index
2014-09-21,SENSITIVE,190.0,190.0,190.0,190.0,0,index
2014-09-22,SENSITIVE,190.0,190.0,190.0,190.0,0,index
2014-09-23,SENSITIVE,193.0,193.0,193.0,193.0,0,index
2014-09-24,SENSITIVE,196.0,196.0,196.0,196.0,0,index
2014-09-28,SENSITIVE,197.0,197.0,197.0,197.0,0,index
2014-09-29,SENSITIVE,201.0,201.0,201.0,201.0,0,index
2014-09-30,SENSITIVE,201.0,201.0,201.0,201.0,0,index
2014-10-08,SENSITIVE,198.0,198.0,198.0,198.0,0,index
2014-10-09,SENSITIVE,198.0,198.0,198.0,198.0,0,index
2014-10-12,SENSITIVE,197.0,197.0,197.0,197.0,0,index
2014-10-13,SENSITIVE,195.0,195.0,195.0,195.0,0,index
2014-10-14,SENSITIVE,196.0,196.0,196.0,196.0,0,index
2014-10-15,SENSITIVE,198.0,198.0,198.0,198.0,0,index
2014-10-16,SENSITIVE,198.0,198.0,198.0,198.0,0,index
2014-10-19,SENSITIVE,198.0,198.0,198.0,198.0,0,index
2014-10-20,SENSITIVE,198.0,198.0,198.0,198.0,0,index
2014-10-21,SENSITIVE,197.0,197.0,197.0,197.0,0,index
2014-10-22,SENSITIVE,198.0,198.0,198.0,198.0,0,index
2014-10-26,SENSITIVE,199.0,199.0,199.0,199.0,0,index
2014-10-27,SENSITIVE,199.0,199.0,199.0,199.0,0,index
2014-10-28,SENSITIVE,199.0,199.0,199.0,199.0,0,index
2014-10-30,SENSITIVE,198.0,198.0,198.0,198.0,0,index
2014-11-02,SENSITIVE,196.0,196.0,196.0,196.0,0,index
2014-11-03,SENSITIVE,193.0,193.0,193.0,193.0,0,index
2014-11-04,SENSITIVE,191.0,191.0,191.0,191.0,0,index
2014-11-05,SENSITIVE,193.0,193.0,193.0,193.0,0,index
2014-11-06,SENSITIVE,193.0,193.0,193.0,193.0,0,index
2014-11-09,SENSITIVE,191.0,191.0,191.0,191.0,0,index
2014-11-10,SENSITIVE,189.0,189.0,189.0,189.0,0,index
2014-11-11,SENSITIVE,190.0,190.0,190.0,190.0,0,index
2014-11-12,SENSITIVE,189.0,189.0,189.0,189.0,0,index
2014-11-13,SENSITIVE,188.0,188.0,188.0,188.0,0,index
2014-11-16,SENSITIVE,185.0,185.0,185.0,185.0,0,index
2014-11-17,SENSITIVE,181.0,181.0,181.0,181.0,0,index
2014-11-18,SENSITIVE,180.0,180.0,180.0,180.0,0,index
2014-11-19,SENSITIVE,182.0,182.0,182.0,182.0,0,index
2014-11-20,SENSITIVE,184.0,184.0,184.0,184.0,0,index
2014-11-23,SENSITIVE,186.0,186.0,186.0,186.0,0,index
2014-11-24,SENSITIVE,185.0,185.0,185.0,185.0,0,index
2014-11-25,SENSITIVE,184.0,184.0,184.0,184.0,0,index
2014-11-30,SENSITIVE,183.0,183.0,183.0,183.0,0,index
2014-12-01,SENSITIVE,182.0,182.0,182.0,182.0,0,index
2014-12-02,SENSITIVE,181.0,181.0,181.0,181.0,0,index
2014-12-03,SENSITIVE,182.0,182.0,182.0,182.0,0,index
2014-12-04,SENSITIVE,183.0,183.0,183.0,183.0,0,index
2014-12-07,SENSITIVE,182.0,182.0,182.0,182.0,0,index
2014-12-08,SENSITIVE,182.0,182.0,182.0,182.0,0,index
2014-12-09,SENSITIVE,182.0,182.0,182.0,182.0,0,index
2014-12-10,SENSITIVE,183.0,183.0,183.0,183.0,0,index
2014-12-11,SENSITIVE,187.0,187.0,187.0,187.0,0,index
2014-12-14,SENSITIVE,196.0,196.0,196.0,196.0,0,index
2014-12-15,SENSITIVE,197.0,197.0,197.0,197.0,0,index
2014-12-16,SENSITIVE,196.0,196.0,196.0,196.0,0,index
2014-12-17,SENSITIVE,194.0,194.0,194.0,194.0,0,index
2014-12-18,SENSITIVE,194.0,194.0,194.0,194.0,0,index
2014-12-21,SENSITIVE,193.0,193.0,193.0,193.0,0,index
2014-12-22,SENSITIVE,190.0,190.0,190.0,190.0,0,index
2014-12-23,SENSITIVE,188.0,188.0,188.0,188.0,0,index
2014-12-24,SENSITIVE,191.0,191.0,191.0,191.0,0,index
2014-12-28,SENSITIVE,194.0,194.0,194.0,194.0,0,index
2014-12-29,SENSITIVE,195.0,195.0,195.0,195.0,0,index
2014-12-31,SENSITIVE,194.0,194.0,194.0,194.0,0,index
2015-01-01,SENSITIVE,194.0,194.0,194.0,194.0,0,index
2015-01-04,SENSITIVE,196.0,196.0,196.0,196.0,0,index
2015-01-05,SENSITIVE,197.0,197.0,197.0,197.0,0,index
2015-01-06,SENSITIVE,196.0,196.0,196.0,196.0,0,index
2015-01-07,SENSITIVE,198.0,198.0,198.0,198.0,0,index
2015-01-08,SENSITIVE,199.0,199.0,199.0,199.0,0,index
2015-01-11,SENSITIVE,198.0,198.0,198.0,198.0,0,index
2015-01-12,SENSITIVE,198.0,198.0,198.0,198.0,0,index
2015-01-13,SENSITIVE,200.0,200.0,200.0,200.0,0,index
2015-01-14,SENSITIVE,200.0,200.0,200.0,200.0,0,index
2015-01-18,SENSITIVE,201.0,201.0,201.0,201.0,0,index
2015-01-19,SENSITIVE,208.0,208.0,208.0,208.0,0,index
2015-01-20,SENSITIVE,205.0,205.0,205.0,205.0,0,index
2015-01-22,SENSITIVE,205.0,205.0,205.0,205.0,0,index
2015-01-25,SENSITIVE,207.0,207.0,207.0,207.0,0,index
2015-01-26,SENSITIVE,207.0,207.0,207.0,207.0,0,index
2015-01-27,SENSITIVE,208.0,208.0,208.0,208.0,0,index
2015-01-28,SENSITIVE,211.0,211.0,211.0,211.0,0,index
2015-01-29,SENSITIVE,211.0,211.0,211.0,211.0,0,index
2015-02-01,SENSITIVE,212.0,212.0,212.0,212.0,0,index
2015-02-02,SENSITIVE,212.0,212.0,212.0,212.0,0,index
2015-02-03,SENSITIVE,211.0,211.0,211.0,211.0,0,index
2015-02-04,SENSITIVE,211.0,211.0,211.0,211.0,0,index
2015-02-05,SENSITIVE,210.0,210.0,210.0,210.0,0,index
2015-02-08,SENSITIVE,210.0,210.0,210.0,210.0,0,index
2015-02-09,SENSITIVE,209.0,209.0,209.0,209.0,0,index
2015-02-10,SENSITIVE,209.0,209.0,209.0,209.0,0,index
2015-02-11,SENSITIVE,209.0,209.0,209.0,209.0,0,index
2015-02-12,SENSITIVE,210.0,210.0,210.0,210.0,0,index
2015-02-15,SENSITIVE,210.0,210.0,210.0,210.0,0,index
2015-02-16,SENSITIVE,210.0,210.0,210.0,210.0,0,index
2015-02-18,SENSITIVE,209.0,209.0,209.0,209.0,0,index
2015-02-22,SENSITIVE,206.0,206.0,206.0,206.0,0,index
2015-02-23,SENSITIVE,207.0,207.0,207.0,207.0,0,index
2015-02-24,SENSITIVE,206.0,206.0,206.0,206.0,0,index
2015-02-25,SENSITIVE,206.0,206.0,206.0,206.0,0,index
2015-02-26,SENSITIVE,207.0,207.0,207.0,207.0,0,index
2015-03-01,SENSITIVE,207.0,207.0,207.0,207.0,0,index
2015-03-02,SENSITIVE,209.0,209.0,209.0,209.0,0,index
2015-03-03,SENSITIVE,208.0,208.0,208.0,208.0,0,index
2015-03-04,SENSITIVE,209.0,209.0,209.0,209.0,0,index
2015-03-09,SENSITIVE,210.0,210.0,210.0,210.0,0,index
2015-03-10,SENSITIVE,209.0,209.0,209.0,209.0,0,index
2015-03-11,SENSITIVE,209.0,209.0,209.0,209.0,0,index
2015-03-12,SENSITIVE,208.0,208.0,208.0,208.0,0,index
2015-03-15,SENSITIVE,207.0,207.0,207.0,207.0,0,index
2015-03-16,SENSITIVE,204.0,204.0,204.0,204.0,0,index
2015-03-17,SENSITIVE,205.0,205.0,205.0,205.0,0,index
2015-03-18,SENSITIVE,205.0,205.0,205.0,205.0,0,index
2015-03-19,SENSITIVE,206.0,206.0,206.0,206.0,0,index
2015-03-22,SENSITIVE,205.0,205.0,205.0,205.0,0,index
2015-03-23,SENSITIVE,204.0,204.0,204.0,204.0,0,index
2015-03-24,SENSITIVE,203.0,203.0,203.0,203.0,0,index
2015-03-25,SENSITIVE,202.0,202.0,202.0,202.0,0,index
2015-03-26,SENSITIVE,200.0,200.0,200.0,200.0,0,index
2015-03-29,SENSITIVE,200.0,200.0,200.0,200.0,0,index
2015-03-30,SENSITIVE,200.0,200.0,200.0,200.0,0,index
2015-03-31,SENSITIVE,201.0,201.0,201.0,201.0,0,index
2015-04-01,SENSITIVE,200.0,200.0,200.0,200.0,0,index
2015-04-02,SENSITIVE,200.0,200.0,200.0,200.0,0,index
2015-04-05,SENSITIVE,199.0,199.0,199.0,199.0,0,index
2015-04-06,SENSITIVE,200.0,200.0,200.0,200.0,0,index
2015-04-07,SENSITIVE,199.0,199.0,199.0,199.0,0,index
2015-04-08,SENSITIVE,201.0,201.0,201.0,201.0,0,index
2015-04-09,SENSITIVE,202.0,202.0,202.0,202.0,0,index
2015-04-12,SENSITIVE,203.0,203.0,203.0,203.0,0,index
2015-04-13,SENSITIVE,202.0,202.0,202.0,202.0,0,index
2015-04-15,SENSITIVE,202.0,202.0,202.0,202.0,0,index
2015-04-16,SENSITIVE,203.0,203.0,203.0,203.0,0,index
2015-04-19,SENSITIVE,202.0,202.0,202.0,202.0,0,index
2015-04-20,SENSITIVE,202.0,202.0,202.0,202.0,0,index
2015-04-21,SENSITIVE,202.0,202.0,202.0,202.0,0,index
2015-04-22,SENSITIVE,202.0,202.0,202.0,202.0,0,index
2015-04-23,SENSITIVE,201.0,201.0,201.0,201.0,0,index
2015-05-24,SENSITIVE,196.0,196.0,196.0,196.0,0,index
2015-05-25,SENSITIVE,189.0,189.0,189.0,189.0,0,index
2015-05-26,SENSITIVE,184.0,184.0,184.0,184.0,0,index
2015-05-27,SENSITIVE,179.0,179.0,179.0,179.0,0,index
2015-05-28,SENSITIVE,180.0,180.0,180.0,180.0,0,index
2015-05-31,SENSITIVE,187.0,187.0,187.0,187.0,0,index
2015-06-01,SENSITIVE,191.0,191.0,191.0,191.0,0,index
2015-06-02,SENSITIVE,193.0,193.0,193.0,193.0,0,index
2015-06-03,SENSITIVE,198.0,198.0,198.0,198.0,0,index
2015-06-04,SENSITIVE,198.0,198.0,198.0,198.0,0,index
2015-06-07,SENSITIVE,199.0,199.0,199.0,199.0,0,index
2015-06-08,SENSITIVE,202.0,202.0,202.0,202.0,0,index
2015-06-09,SENSITIVE,207.0,207.0,207.0,207.0,0,index
2015-06-10,SENSITIVE,205.0,205.0,205.0,205.0,0,index
2015-06-11,SENSITIVE,201.0,201.0,201.0,201.0,0,index
2015-06-14,SENSITIVE,199.0,199.0,199.0,199.0,0,index
2015-06-15,SENSITIVE,200.0,200.0,200.0,200.0,0,index
2015-06-16,SENSITIVE,199.0,199.0,199.0,199.0,0,index
2015-06-17,SENSITIVE,198.0,198.0,198.0,198.0,0,index
2015-06-18,SENSITIVE,198.0,198.0,198.0,198.0,0,index
2015-06-21,SENSITIVE,196.0,196.0,196.0,196.0,0,index
2015-06-22,SENSITIVE,197.0,197.0,197.0,197.0,0,index
2015-06-23,SENSITIVE,198.0,198.0,198.0,198.0,0,index
2015-06-24,SENSITIVE,198.0,198.0,198.0,198.0,0,index
2015-06-25,SENSITIVE,199.0,199.0,199.0,199.0,0,index
2015-06-28,SENSITIVE,200.0,200.0,200.0,200.0,0,index
2015-06-29,SENSITIVE,202.0,202.0,202.0,202.0,0,index
2015-06-30,SENSITIVE,202.0,202.0,202.0,202.0,0,index
2015-07-01,SENSITIVE,201.0,201.0,201.0,201.0,0,index
2015-07-02,SENSITIVE,200.0,200.0,200.0,200.0,0,index
2015-07-05,SENSITIVE,200.0,200.0,200.0,200.0,0,index
2015-07-06,SENSITIVE,199.0,199.0,199.0,199.0,0,index
2015-07-07,SENSITIVE,200.0,200.0,200.0,200.0,0,index
2015-07-08,SENSITIVE,201.0,201.0,201.0,201.0,0,index
2015-07-09,SENSITIVE,201.0,201.0,201.0,201.0,0,index
2015-07-12,SENSITIVE,201.0,201.0,201.0,201.0,0,index
2015-07-13,SENSITIVE,201.0,201.0,201.0,201.0,0,index
2015-07-14,SENSITIVE,201.0,201.0,201.0,201.0,0,index
2015-07-15,SENSITIVE,202.0,202.0,202.0,202.0,0,index
2015-07-16,SENSITIVE,205.0,205.0,205.0,205.0,0,index
2015-07-22,SENSITIVE,205.0,205.0,205.0,205.0,0,index
2015-07-23,SENSITIVE,214.0,214.0,214.0,214.0,0,index
2015-07-26,SENSITIVE,225.0,225.0,225.0,225.0,0,index
2015-07-27,SENSITIVE,225.0,225.0,225.0,225.0,0,index
2015-07-28,SENSITIVE,221.0,221.0,221.0,221.0,0,index
2015-07-29,SENSITIVE,219.0,219.0,219.0,219.0,0,index
2015-07-30,SENSITIVE,221.0,221.0,221.0,221.0,0,index
2015-08-02,SENSITIVE,223.0,223.0,223.0,223.0,0,index
2015-08-03,SENSITIVE,222.0,222.0,222.0,222.0,0,index
2015-08-04,SENSITIVE,221.0,221.0,221.0,221.0,0,index
2015-08-05,SENSITIVE,222.0,222.0,222.0,222.0,0,index
2015-08-06,SENSITIVE,223.0,223.0,223.0,223.0,0,index
2015-08-09,SENSITIVE,229.0,229.0,229.0,229.0,0,index
2015-08-10,SENSITIVE,233.0,233.0,233.0,233.0,0,index
2015-08-11,SENSITIVE,232.0,232.0,232.0,232.0,0,index
2015-08-12,SENSITIVE,232.0,232.0,232.0,232.0,0,index
2015-08-13,SENSITIVE,235.0,235.0,235.0,235.0,0,index
2015-08-16,SENSITIVE,241.0,241.0,241.0,241.0,0,index
2015-08-17,SENSITIVE,252.0,252.0,252.0,252.0,0,index
2015-08-18,SENSITIVE,253.0,253.0,253.0,253.0,0,index
2015-08-19,SENSITIVE,260.0,260.0,260.0,260.0,0,index
2015-08-20,SENSITIVE,262.0,262.0,262.0,262.0,0,index
2015-08-23,SENSITIVE,258.0,258.0,258.0,258.0,0,index
2015-08-24,SENSITIVE,257.0,257.0,257.0,257.0,0,index
2015-08-25,SENSITIVE,257.0,257.0,257.0,257.0,0,index
2015-08-26,SENSITIVE,255.0,255.0,255.0,255.0,0,index
2015-08-27,SENSITIVE,256.0,256.0,256.0,256.0,0,index
2015-08-31,SENSITIVE,258.0,258.0,258.0,258.0,0,index
2015-09-01,SENSITIVE,256.0,256.0,256.0,256.0,0,index
2015-09-02,SENSITIVE,253.0,253.0,253.0,253.0,0,index
2015-09-03,SENSITIVE,252.0,252.0,252.0,252.0,0,index
2015-09-06,SENSITIVE,251.0,251.0,251.0,251.0,0,index
2015-09-07,SENSITIVE,252.0,252.0,252.0,252.0,0,index
2015-09-08,SENSITIVE,253.0,253.0,253.0,253.0,0,index
2015-09-09,SENSITIVE,253.0,253.0,253.0,253.0,0,index
2015-09-10,SENSITIVE,252.0,252.0,252.0,252.0,0,index
2015-09-13,SENSITIVE,256.0,256.0,256.0,256.0,0,index
2015-09-14,SENSITIVE,258.0,258.0,258.0,258.0,0,index
2015-09-15,SENSITIVE,260.67,260.67,260.67,260.67,0,index
2015-09-16,SENSITIVE,259.98,259.98,259.98,259.98,0,index
2015-09-17,SENSITIVE,258.5,258.5,258.5,258.5,0,index
2015-09-22,SENSITIVE,249.54,249.54,249.54,249.54,0,index
2015-09-23,SENSITIVE,255.84,255.84,255.84,255.84,0,index
2015-09-24,SENSITIVE,254.46,254.46,254.46,254.46,0,index
2015-09-28,SENSITIVE,250.89,250.89,250.89,250.89,0,index
2015-09-29,SENSITIVE,253.02,253.02,253.02,253.02,0,index
2015-09-30,SENSITIVE,255.95,255.95,255.95,255.95,0,index
2015-10-01,SENSITIVE,255.62,255.62,255.62,255.62,0,index
2015-10-04,SENSITIVE,256.58,256.58,256.58,256.58,0,index
2015-10-05,SENSITIVE,253.8,253.8,253.8,253.8,0,index
2015-10-06,SENSITIVE,250.9,250.9,250.9,250.9,0,index
2015-10-07,SENSITIVE,249.02,249.02,249.02,249.02,0,index
2015-10-08,SENSITIVE,251.64,251.64,251.64,251.64,0,index
2015-10-11,SENSITIVE,247.53,247.53,247.53,247.53,0,index
2015-10-14,SENSITIVE,245.75,245.75,245.75,245.75,0,index
2015-10-15,SENSITIVE,245.57,245.57,245.57,245.57,0,index
2015-10-18,SENSITIVE,241.97,241.97,241.97,241.97,0,index
2015-10-19,SENSITIVE,243.71,243.71,243.71,243.71,0,index
2015-10-25,SENSITIVE,242.23,242.23,242.23,242.23,0,index
2015-10-27,SENSITIVE,235.54,235.54,235.54,235.54,0,index
2015-10-28,SENSITIVE,233.89,233.89,233.89,233.89,0,index
2015-10-29,SENSITIVE,235.83,235.83,235.83,235.83,0,index
2015-11-01,SENSITIVE,235.22,235.22,235.22,235.22,0,index
2015-11-02,SENSITIVE,235.89,235.89,235.89,235.89,0,index
2015-11-03,SENSITIVE,234.74,234.74,234.74,234.74,0,index
2015-11-04,SENSITIVE,235.98,235.98,235.98,235.98,0,index
2015-11-05,SENSITIVE,235.78,235.78,235.78,235.78,0,index
2015-11-08,SENSITIVE,234.99,234.99,234.99,234.99,0,index
2015-11-09,SENSITIVE,239.44,239.44,239.44,239.44,0,index
2015-11-10,SENSITIVE,239.6,239.6,239.6,239.6,0,index
2015-11-15,SENSITIVE,237.34,237.34,237.34,237.34,0,index
2015-11-16,SENSITIVE,236.16,236.16,236.16,236.16,0,index
2015-11-18,SENSITIVE,237.41,237.41,237.41,237.41,0,index
2015-11-19,SENSITIVE,236.26,236.26,236.26,236.26,0,index
2015-11-22,SENSITIVE,231.29,231.29,231.29,231.29,0,index
2015-11-23,SENSITIVE,232.5,232.5,232.5,232.5,0,index
2015-11-24,SENSITIVE,230.24,230.24,230.24,230.24,0,index
2015-11-25,SENSITIVE,227.91,227.91,227.91,227.91,0,index
2015-11-26,SENSITIVE,225.37,225.37,225.37,225.37,0,index
2015-11-29,SENSITIVE,220.74,220.74,220.74,220.74,0,index
2015-11-30,SENSITIVE,223.27,223.27,223.27,223.27,0,index
2015-12-01,SENSITIVE,230.27,230.27,230.27,230.27,0,index
2015-12-02,SENSITIVE,229.46,229.46,229.46,229.46,0,index
2015-12-03,SENSITIVE,231.74,231.74,231.74,231.74,0,index
2015-12-06,SENSITIVE,238.3,238.3,238.3,238.3,0,index
2015-12-07,SENSITIVE,239.33,239.33,239.33,239.33,0,index
2015-12-08,SENSITIVE,239.04,239.04,239.04,239.04,0,index
2015-12-09,SENSITIVE,242.47,242.47,242.47,242.47,0,index
2015-12-10,SENSITIVE,241.43,241.43,241.43,241.43,0,index
2015-12-13,SENSITIVE,241.0,241.0,241.0,241.0,0,index
2015-12-14,SENSITIVE,240.55,240.55,240.55,240.55,0,index
2015-12-15,SENSITIVE,239.72,239.72,239.72,239.72,0,index
2015-12-16,SENSITIVE,238.51,238.51,238.51,238.51,0,index
2015-12-17,SENSITIVE,237.94,237.94,237.94,237.94,0,index
2015-12-20,SENSITIVE,240.38,240.38,240.38,240.38,0,index
2015-12-21,SENSITIVE,243.17,243.17,243.17,243.17,0,index
2015-12-22,SENSITIVE,244.39,244.39,244.39,244.39,0,index
2015-12-23,SENSITIVE,243.29,243.29,243.29,243.29,0,index
2015-12-24,SENSITIVE,243.96,243.96,243.96,243.96,0,index
2015-12-27,SENSITIVE,243.43,243.43,243.43,243.43,0,index
2015-12-28,SENSITIVE,242.79,242.79,242.79,242.79,0,index
2015-12-29,SENSITIVE,244.82,244.82,244.82,244.82,0,index
2015-12-31,SENSITIVE,246.54,246.54,246.54,246.54,0,index
2016-01-03,SENSITIVE,247.85,247.85,247.85,247.85,0,index
2016-01-04,SENSITIVE,246.44,246.44,246.44,246.44,0,index
2016-01-05,SENSITIVE,245.62,245.62,245.62,245.62,0,index
2016-01-06,SENSITIVE,246.6,246.6,246.6,246.6,0,index
2016-01-07,SENSITIVE,250.02,250.02,250.02,250.02,0,index
2016-01-10,SENSITIVE,250.78,250.78,250.78,250.78,0,index
2016-01-11,SENSITIVE,251.13,251.13,251.13,251.13,0,index
2016-01-12,SENSITIVE,252.19,252.19,252.19,252.19,0,index
2016-01-13,SENSITIVE,254.11,254.11,254.11,254.11,0,index
2016-01-14,SENSITIVE,255.83,255.83,255.83,255.83,0,index
2016-01-18,SENSITIVE,261.1,261.1,261.1,261.1,0,index
2016-01-19,SENSITIVE,260.93,260.93,260.93,260.93,0,index
2016-01-20,SENSITIVE,261.18,261.18,261.18,261.18,0,index
2016-01-21,SENSITIVE,260.75,260.75,260.75,260.75,0,index
2016-01-24,SENSITIVE,262.24,262.24,262.24,262.24,0,index
2016-01-25,SENSITIVE,262.94,262.94,262.94,262.94,0,index
2016-01-26,SENSITIVE,262.05,262.05,262.05,262.05,0,index
2016-01-27,SENSITIVE,261.7,261.7,261.7,261.7,0,index
2016-01-28,SENSITIVE,261.58,261.58,261.58,261.58,0,index
2016-01-31,SENSITIVE,262.63,262.63,262.63,262.63,0,index
2016-02-01,SENSITIVE,266.86,266.86,266.86,266.86,0,index
2016-02-02,SENSITIVE,267.4,267.4,267.4,267.4,0,index
2016-02-03,SENSITIVE,267.59,267.59,267.59,267.59,0,index
2016-02-04,SENSITIVE,269.52,269.52,269.52,269.52,0,index
2016-02-07,SENSITIVE,272.26,272.26,272.26,272.26,0,index
2016-02-08,SENSITIVE,272.35,272.35,272.35,272.35,0,index
2016-02-11,SENSITIVE,272.45,272.45,272.45,272.45,0,index
2016-02-14,SENSITIVE,271.71,271.71,271.71,271.71,0,index
2016-02-15,SENSITIVE,271.56,271.56,271.56,271.56,0,index
2016-02-16,SENSITIVE,271.19,271.19,271.19,271.19,0,index
2016-02-17,SENSITIVE,273.17,273.17,273.17,273.17,0,index
2016-02-18,SENSITIVE,274.85,274.85,274.85,274.85,0,index
2016-02-21,SENSITIVE,276.22,276.22,276.22,276.22,0,index
2016-02-22,SENSITIVE,279.37,279.37,279.37,279.37,0,index
2016-02-23,SENSITIVE,278.09,278.09,278.09,278.09,0,index
2016-02-24,SENSITIVE,276.82,276.82,276.82,276.82,0,index
2016-02-25,SENSITIVE,277.51,277.51,277.51,277.51,0,index
2016-02-28,SENSITIVE,277.64,277.64,277.64,277.64,0,index
2016-02-29,SENSITIVE,277.55,277.55,277.55,277.55,0,index
2016-03-01,SENSITIVE,278.69,278.69,278.69,278.69,0,index
2016-03-02,SENSITIVE,279.79,279.79,279.79,279.79,0,index
2016-03-03,SENSITIVE,280.74,280.74,280.74,280.74,0,index
2016-03-06,SENSITIVE,281.65,281.65,281.65,281.65,0,index
2016-03-10,SENSITIVE,283.6,283.6,283.6,283.6,0,index
2016-03-13,SENSITIVE,283.86,283.86,283.86,283.86,0,index
2016-03-14,SENSITIVE,282.28,282.28,282.28,282.28,0,index
2016-03-15,SENSITIVE,282.37,282.37,282.37,282.37,0,index
2016-03-16,SENSITIVE,282.99,282.99,282.99,282.99,0,index
2016-03-17,SENSITIVE,285.23,285.23,285.23,285.23,0,index
2016-03-20,SENSITIVE,289.04,289.04,289.04,289.04,0,index
2016-03-21,SENSITIVE,288.57,288.57,288.57,288.57,0,index
2016-03-23,SENSITIVE,289.56,289.56,289.56,289.56,0,index
2016-03-24,SENSITIVE,292.48,292.48,292.48,292.48,0,index
2016-03-27,SENSITIVE,297.3,297.3,297.3,297.3,0,index
2016-03-28,SENSITIVE,296.74,296.74,296.74,296.74,0,index
2016-03-29,SENSITIVE,295.65,295.65,295.65,295.65,0,index
2016-03-30,SENSITIVE,293.89,293.89,293.89,293.89,0,index
2016-03-31,SENSITIVE,292.22,292.22,292.22,292.22,0,index
2016-04-03,SENSITIVE,291.46,291.46,291.46,291.46,0,index
2016-04-04,SENSITIVE,294.03,294.03,294.03,294.03,0,index
2016-04-05,SENSITIVE,297.0,297.0,297.0,297.0,0,index
2016-04-06,SENSITIVE,297.38,297.38,297.38,297.38,0,index
2016-04-10,SENSITIVE,298.64,298.64,298.64,298.64,0,index
2016-04-11,SENSITIVE,298.94,298.94,298.94,298.94,0,index
2016-04-12,SENSITIVE,299.92,299.92,299.92,299.92,0,index
2016-04-14,SENSITIVE,303.72,303.72,303.72,303.72,0,index
2016-04-17,SENSITIVE,304.51,304.51,304.51,304.51,0,index
2016-04-18,SENSITIVE,309.0,309.0,309.0,309.0,0,index
2016-04-19,SENSITIVE,309.53,309.53,309.53,309.53,0,index
2016-04-20,SENSITIVE,311.91,311.91,311.91,311.91,0,index
2016-04-21,SENSITIVE,312.18,312.18,312.18,312.18,0,index
2016-04-24,SENSITIVE,315.16,315.16,315.16,315.16,0,index
2016-04-25,SENSITIVE,316.81,316.81,316.81,316.81,0,index
2016-04-26,SENSITIVE,314.72,314.72,314.72,314.72,0,index
2016-04-27,SENSITIVE,315.89,315.89,315.89,315.89,0,index
2016-04-28,SENSITIVE,317.27,317.27,317.27,317.27,0,index
2016-05-02,SENSITIVE,319.44,319.44,319.44,319.44,0,index
2016-05-03,SENSITIVE,318.85,318.85,318.85,318.85,0,index
2016-05-04,SENSITIVE,318.01,318.01,318.01,318.01,0,index
2016-05-05,SENSITIVE,316.96,316.96,316.96,316.96,0,index
2016-05-08,SENSITIVE,319.07,319.07,319.07,319.07,0,index
2016-05-09,SENSITIVE,321.34,321.34,321.34,321.34,0,index
2016-05-10,SENSITIVE,321.45,321.45,321.45,321.45,0,index
2016-05-11,SENSITIVE,320.43,320.43,320.43,320.43,0,index
2016-05-12,SENSITIVE,320.58,320.58,320.58,320.58,0,index
2016-05-15,SENSITIVE,319.49,319.49,319.49,319.49,0,index
2016-05-16,SENSITIVE,317.26,317.26,317.26,317.26,0,index
2016-05-17,SENSITIVE,320.93,320.93,320.93,320.93,0,index
2016-05-18,SENSITIVE,323.78,323.78,323.78,323.78,0,index
2016-05-19,SENSITIVE,324.44,324.44,324.44,324.44,0,index
2016-05-22,SENSITIVE,326.63,326.63,326.63,326.63,0,index
2016-05-23,SENSITIVE,329.82,329.82,329.82,329.82,0,index
2016-05-24,SENSITIVE,334.47,334.47,334.47,334.47,0,index
2016-05-25,SENSITIVE,329.78,329.78,329.78,329.78,0,index
2016-05-26,SENSITIVE,329.98,329.98,329.98,329.98,0,index
2016-05-29,SENSITIVE,329.17,329.17,329.17,329.17,911214016,index
2016-05-30,SENSITIVE,330.17,330.17,330.17,330.17,944044032,index
2016-05-31,SENSITIVE,330.9,330.9,330.9,330.9,1041150016,index
2016-06-01,SENSITIVE,329.15,329.15,329.15,329.15,988836992,index
2016-06-02,SENSITIVE,328.0,328.0,328.0,328.0,892395008,index
2016-06-05,SENSITIVE,320.31,320.31,320.31,320.31,1107980032,index
2016-06-06,SENSITIVE,320.31,327.86,327.86,320.32,950992000,index
2016-06-07,SENSITIVE,327.86,331.2,332.66,327.86,996875008,index
2016-06-08,SENSITIVE,331.2,334.48,334.71,330.65,1045830016,index
2016-06-09,SENSITIVE,338.82,338.82,338.82,338.82,1602240000,index
2016-06-12,SENSITIVE,338.82,345.95,346.93,338.37,1655760000,index
2016-06-13,SENSITIVE,345.95,348.42,352.48,345.5,1354279936,index
2016-06-14,SENSITIVE,349.19,349.19,349.19,349.19,1398960000,index
2016-06-15,SENSITIVE,350.3,350.3,350.3,350.3,1138499968,index
2016-06-16,SENSITIVE,352.63,352.63,352.63,352.63,1642940032,index
2016-06-19,SENSITIVE,352.63,349.99,353.31,349.29,1197830016,index
2016-06-20,SENSITIVE,349.99,348.42,350.71,347.29,871993024,index
2016-06-21,SENSITIVE,351.16,351.16,351.16,351.16,916664000,index
2016-06-22,SENSITIVE,351.16,355.1,356.33,351.11,1459600000,index
2016-06-23,SENSITIVE,359.39,359.39,359.39,359.39,1518210048,index
2016-06-26,SENSITIVE,359.39,363.99,364.65,359.22,1236140032,index
2016-06-27,SENSITIVE,363.99,372.59,372.59,365.99,1308070016,index
2016-06-28,SENSITIVE,370.47,373.05,375.29,370.36,1459079936,index
2016-06-29,SENSITIVE,373.05,372.6,374.86,372.07,1183030016,index
2016-06-30,SENSITIVE,372.6,372.26,374.75,368.8,1308530048,index
2016-07-03,SENSITIVE,372.26,371.06,372.77,368.89,1386989952,index
2016-07-04,SENSITIVE,372.26,370.53,372.02,370.0,1117020032,index
2016-07-05,SENSITIVE,370.53,369.36,370.6,367.73,894073024,index
2016-07-06,SENSITIVE,369.36,370.01,371.72,369.25,958288000,index
2016-07-10,SENSITIVE,371.56,371.56,371.56,371.56,1064950016,index
2016-07-11,SENSITIVE,371.56,366.97,372.56,366.9,666356992,index
2016-07-12,SENSITIVE,366.97,364.98,368.62,356.41,918996992,index
2016-07-13,SENSITIVE,364.98,363.73,365.04,359.35,713401024,index
2016-07-14,SENSITIVE,363.73,369.07,370.67,363.75,905484992,index
2016-07-17,SENSITIVE,369.07,374.85,375.56,368.42,956195008,index
2016-07-18,SENSITIVE,374.85,384.52,384.52,374.97,1502439936,index
2016-07-19,SENSITIVE,384.52,388.1,391.1,384.57,1796870016,index
2016-07-20,SENSITIVE,388.1,385.48,391.12,384.25,1794070016,index
2016-07-21,SENSITIVE,385.48,387.65,388.96,383.58,1195580032,index
2016-07-25,SENSITIVE,396.03,396.03,396.03,396.03,1892530048,index
2016-07-26,SENSITIVE,396.03,402.14,402.66,395.86,0,index
2016-07-27,SENSITIVE,402.14,405.23,407.03,402.09,1748480000,index
2016-07-28,SENSITIVE,405.23,404.54,406.65,401.18,1641020032,index
2016-07-31,SENSITIVE,404.54,401.05,404.55,400.64,1361059968,index
2016-08-01,SENSITIVE,401.12,397.43,401.95,394.13,1243859968,index
2016-08-02,SENSITIVE,397.43,393.36,397.79,392.75,1150569984,index
2016-08-03,SENSITIVE,390.75,390.75,390.75,390.75,1063249984,index
2016-08-04,SENSITIVE,380.95,380.95,380.95,380.95,1186400000,index
2016-08-07,SENSITIVE,380.95,380.19,389.01,378.85,1258640000,index
2016-08-08,SENSITIVE,380.19,360.74,380.59,360.74,748377984,index
2016-08-09,SENSITIVE,360.74,379.44,379.44,361.09,234342000,index
2016-08-10,SENSITIVE,379.51,383.83,385.97,374.78,1656089984,index
2016-08-11,SENSITIVE,383.83,382.78,385.9,381.28,896716992,index
2016-08-14,SENSITIVE,382.78,374.34,382.87,373.7,910315008,index
2016-08-15,SENSITIVE,365.96,365.96,365.96,365.96,948744000,index
2016-08-16,SENSITIVE,365.96,370.94,371.03,363.09,856795008,index
2016-08-17,SENSITIVE,370.94,374.61,376.29,370.66,803025024,index
2016-08-21,SENSITIVE,372.01,372.01,372.01,372.01,489527008,index
2016-08-22,SENSITIVE,372.01,363.76,372.83,363.76,639731008,index
2016-08-23,SENSITIVE,363.76,363.56,368.67,361.99,666844992,index
2016-08-24,SENSITIVE,363.56,374.25,374.37,363.62,803443008,index
2016-08-28,SENSITIVE,374.25,378.12,380.58,374.22,1146770048,index
2016-08-29,SENSITIVE,378.12,382.21,382.41,377.95,1088809984,index
2016-08-30,SENSITIVE,382.21,387.08,387.6,382.1,1192189952,index
2016-08-31,SENSITIVE,387.08,389.56,390.04,385.8,984702976,index
2016-09-01,SENSITIVE,389.56,391.48,391.76,389.51,1155750016,index
2016-09-04,SENSITIVE,391.48,395.18,395.52,391.27,1472140032,index
2016-09-05,SENSITIVE,395.18,399.58,400.01,395.1,1614800000,index
2016-09-06,SENSITIVE,399.58,398.7,403.14,394.77,1604440064,index
2016-09-07,SENSITIVE,398.7,396.19,399.64,394.74,1369609984,index
2016-09-08,SENSITIVE,396.19,395.57,397.16,394.13,1185570048,index
2016-09-11,SENSITIVE,395.57,394.15,396.97,393.88,915377984,index
2016-09-12,SENSITIVE,394.15,394.55,394.83,392.38,921974016,index
2016-09-14,SENSITIVE,393.88,393.88,393.88,393.88,1176000000,index
2016-09-18,SENSITIVE,393.88,391.36,394.71,390.6,2214180096,index
2016-09-20,SENSITIVE,391.36,387.37,392.19,387.03,1106220032,index
2016-09-21,SENSITIVE,387.37,385.63,387.7,382.51,775499008,index
2016-09-22,SENSITIVE,387.37,382.83,385.96,382.66,780257984,index
2016-09-25,SENSITIVE,382.83,375.04,383.01,373.65,945148032,index
2016-09-26,SENSITIVE,380.96,380.96,380.96,380.96,944716992,index
2016-09-27,SENSITIVE,380.23,380.23,380.23,380.23,621265024,index
2016-09-28,SENSITIVE,380.25,379.26,380.95,378.68,639219968,index
2016-09-29,SENSITIVE,379.28,380.26,381.35,378.01,672990016,index
2016-10-02,SENSITIVE,380.28,382.73,383.16,380.22,796542976,index
2016-10-03,SENSITIVE,382.75,386.39,387.2,382.7,708598976,index
2016-10-04,SENSITIVE,386.39,390.19,390.84,386.42,1026760000,index
2016-10-05,SENSITIVE,392.29,392.29,392.29,392.29,880878016,index
2016-10-06,SENSITIVE,392.29,395.13,395.72,392.24,926337984,index
2016-10-16,SENSITIVE,392.29,391.4,395.35,390.74,561974976,index
2016-10-17,SENSITIVE,391.4,388.82,391.75,386.94,578560000,index
2016-10-18,SENSITIVE,388.77,388.77,388.77,388.77,446032992,index
2016-10-19,SENSITIVE,388.77,387.81,389.09,387.09,482631008,index
2016-10-20,SENSITIVE,387.81,389.24,389.58,387.76,620747008,index
2016-10-23,SENSITIVE,389.24,386.38,390.16,386.05,890969024,index
2016-10-24,SENSITIVE,386.38,383.27,386.72,382.02,859747008,index
2016-10-25,SENSITIVE,383.27,379.04,383.18,378.69,642416000,index
2016-10-26,SENSITIVE,379.04,379.75,380.23,375.98,696843008,index
2016-10-27,SENSITIVE,379.75,381.15,381.89,379.56,611673984,index
2016-11-03,SENSITIVE,381.15,381.67,381.84,379.77,487560992,index
2016-11-07,SENSITIVE,381.67,378.69,382.22,378.59,608222976,index
2016-11-08,SENSITIVE,378.69,372.91,378.79,372.54,657350016,index
2016-11-09,SENSITIVE,372.91,366.96,372.94,365.74,564259008,index
2016-11-10,SENSITIVE,366.96,367.02,370.17,365.17,609657984,index
2016-11-13,SENSITIVE,367.02,367.73,369.74,365.78,662035008,index
2016-11-14,SENSITIVE,367.73,369.12,369.82,367.93,696830016,index
2016-11-15,SENSITIVE,369.12,368.28,371.09,367.88,716496000,index
2016-11-16,SENSITIVE,368.28,367.72,370.14,366.83,1102419968,index
2016-11-17,SENSITIVE,367.72,358.59,368.3,358.25,1353180032,index
2016-11-20,SENSITIVE,358.59,345.35,358.72,340.41,1126819968,index
2016-11-21,SENSITIVE,345.35,346.97,349.84,339.36,810337984,index
2016-11-22,SENSITIVE,346.97,341.69,346.93,339.62,713091008,index
2016-11-23,SENSITIVE,341.69,332.35,341.8,332.13,930169984,index
2016-11-24,SENSITIVE,332.35,331.17,339.79,327.29,823534016,index
2016-11-27,SENSITIVE,331.17,316.85,331.78,316.73,826286976,index
2016-11-28,SENSITIVE,316.85,326.14,326.77,302.15,1017870016,index
2016-11-29,SENSITIVE,326.14,335.98,336.34,316.69,1081360000,index
2016-11-30,SENSITIVE,335.98,348.32,348.33,335.92,1241459968,index
2016-12-01,SENSITIVE,348.32,346.44,352.08,343.17,1073970048,index
2016-12-04,SENSITIVE,346.44,339.8,346.47,339.29,649208000,index
2016-12-05,SENSITIVE,339.8,333.96,340.52,333.21,581062016,index
2016-12-06,SENSITIVE,333.96,336.34,337.34,332.37,648523008,index
2016-12-07,SENSITIVE,336.34,336.23,337.04,334.86,416273984,index
2016-12-08,SENSITIVE,336.23,334.43,336.37,333.56,531177984,index
2016-12-11,SENSITIVE,334.43,329.58,334.81,329.54,332440000,index
2016-12-12,SENSITIVE,329.58,326.61,329.88,323.49,465913984,index
2016-12-14,SENSITIVE,326.61,328.15,328.59,324.96,411151008,index
2016-12-15,SENSITIVE,328.15,331.0,331.33,327.58,433412992,index
2016-12-18,SENSITIVE,331.0,331.31,331.33,328.43,501588992,index
2016-12-19,SENSITIVE,331.31,327.58,331.43,327.11,493035008,index
2016-12-20,SENSITIVE,327.58,323.4,327.63,323.06,616851968,index
2016-12-21,SENSITIVE,323.4,317.56,323.42,317.37,415467008,index
2016-12-22,SENSITIVE,317.56,318.76,319.88,316.77,389452992,index
2016-12-26,SENSITIVE,318.76,309.21,319.03,309.21,418881984,index
2016-12-27,SENSITIVE,309.21,303.73,309.38,300.52,472902016,index
2016-12-28,SENSITIVE,303.73,304.94,307.1,302.66,386403008,index
2016-12-29,SENSITIVE,304.94,311.64,314.23,304.88,493323008,index
2017-01-01,SENSITIVE,311.64,316.72,319.12,311.73,499380992,index
2017-01-02,SENSITIVE,316.72,320.43,321.01,316.72,443934016,index
2017-01-03,SENSITIVE,320.43,314.59,320.75,314.57,348636992,index
2017-01-04,SENSITIVE,314.59,314.86,316.0,311.32,288736000,index
2017-01-05,SENSITIVE,314.86,314.12,316.62,313.41,282406016,index
2017-01-08,SENSITIVE,314.12,312.62,314.07,312.14,358132000,index
2017-01-09,SENSITIVE,312.62,315.26,315.79,312.56,233926000,index
2017-01-10,SENSITIVE,315.26,319.04,319.46,315.49,279678016,index
2017-01-11,SENSITIVE,319.04,319.04,320.88,318.45,258498000,index
2017-01-12,SENSITIVE,319.04,319.96,320.32,318.94,0,index
2017-01-15,SENSITIVE,319.96,320.05,321.61,319.69,237731008,index
2017-01-16,SENSITIVE,320.05,317.98,321.02,317.84,223144992,index
2017-01-17,SENSITIVE,317.98,317.34,318.16,315.45,213610000,index
2017-01-18,SENSITIVE,317.34,317.19,317.53,315.88,214831008,index
2017-01-19,SENSITIVE,317.19,317.32,318.71,317.02,221660992,index
2017-01-22,SENSITIVE,317.32,318.23,318.75,317.28,187764000,index
2017-01-23,SENSITIVE,318.23,316.59,318.54,316.48,239099008,index
2017-01-24,SENSITIVE,316.59,311.09,317.22,311.09,254524992,index
2017-01-25,SENSITIVE,311.09,303.2,311.23,303.07,338952992,index
2017-01-26,SENSITIVE,303.2,298.48,303.2,294.32,415675008,index
2017-01-30,SENSITIVE,298.48,284.07,298.74,283.54,453911008,index
2017-01-31,SENSITIVE,284.07,288.07,289.73,280.31,399001984,index
2017-02-01,SENSITIVE,288.07,301.7,301.88,288.17,478556992,index
2017-02-02,SENSITIVE,301.7,300.35,307.89,298.91,438388000,index
2017-02-05,SENSITIVE,300.35,296.32,300.73,293.86,208936992,index
2017-02-06,SENSITIVE,296.32,292.99,296.36,292.11,183272000,index
2017-02-07,SENSITIVE,292.99,291.95,293.34,290.41,235044992,index
2017-02-08,SENSITIVE,291.95,287.19,292.1,286.7,266487008,index
2017-02-09,SENSITIVE,287.19,281.46,287.25,281.44,337728000,index
2017-02-12,SENSITIVE,281.46,271.77,281.76,271.73,383515008,index
2017-02-13,SENSITIVE,271.77,277.74,277.77,264.18,399651008,index
2017-02-14,SENSITIVE,277.74,276.59,278.91,273.56,329361984,index
2017-02-15,SENSITIVE,276.59,285.79,285.79,276.61,423759008,index
2017-02-16,SENSITIVE,285.79,292.52,292.91,285.63,527323008,index
2017-02-19,SENSITIVE,292.52,298.16,298.21,288.44,531601984,index
2017-02-20,SENSITIVE,298.16,297.28,303.77,296.32,672761984,index
2017-02-21,SENSITIVE,297.28,295.63,302.25,292.96,493664000,index
2017-02-22,SENSITIVE,295.63,292.43,295.93,291.06,277136992,index
2017-02-23,SENSITIVE,292.43,290.88,292.35,290.44,243918000,index
2017-02-26,SENSITIVE,290.88,285.02,291.1,285.02,220292992,index
2017-02-28,SENSITIVE,285.02,281.85,285.02,280.67,480038016,index
2017-03-01,SENSITIVE,281.85,285.71,285.75,281.87,282459008,index
2017-03-02,SENSITIVE,285.71,288.78,288.78,285.71,370407008,index
2017-03-05,SENSITIVE,288.78,294.4,295.47,288.5,493870016,index
2017-03-06,SENSITIVE,294.4,295.32,298.43,294.22,673788992,index
2017-03-07,SENSITIVE,295.32,291.35,295.32,290.81,353083008,index
2017-03-09,SENSITIVE,291.35,292.73,294.13,291.33,413487008,index
2017-03-13,SENSITIVE,292.73,294.41,295.49,292.73,306078016,index
2017-03-14,SENSITIVE,294.41,292.64,295.63,292.57,277052000,index
2017-03-15,SENSITIVE,292.64,294.46,294.94,290.98,254298000,index
2017-03-16,SENSITIVE,294.46,294.83,295.32,294.15,363912000,index
2017-03-19,SENSITIVE,294.83,300.38,300.41,294.77,569980992,index
2017-03-20,SENSITIVE,300.38,309.6,309.69,300.38,902851968,index
2017-03-21,SENSITIVE,309.6,317.92,318.1,306.91,1153069952,index
2017-03-22,SENSITIVE,317.92,322.22,329.25,317.92,1112130048,index
2017-03-23,SENSITIVE,322.22,323.26,325.49,319.58,794345984,index
2017-03-26,SENSITIVE,323.26,333.48,336.4,323.26,1200359936,index
2017-03-28,SENSITIVE,333.48,350.5,350.5,333.48,1132419968,index
2017-03-29,SENSITIVE,350.5,345.87,358.31,345.52,1746630016,index
2017-03-30,SENSITIVE,345.88,345.82,348.52,341.68,1243859968,index
2017-04-02,SENSITIVE,345.82,362.2,362.2,344.84,792067968,index
2017-04-03,SENSITIVE,362.2,360.98,380.57,358.05,2135040000,index
2017-04-04,SENSITIVE,360.98,359.97,364.52,355.34,1346899968,index
2017-04-06,SENSITIVE,359.97,358.47,361.91,356.58,1173120000,index
2017-04-09,SENSITIVE,358.47,358.37,361.57,356.88,979284992,index
2017-04-10,SENSITIVE,358.37,363.67,363.89,358.24,1284099968,index
2017-04-11,SENSITIVE,363.67,370.95,371.29,363.74,1533970048,index
2017-04-12,SENSITIVE,370.95,369.01,377.19,368.9,1638720000,index
2017-04-13,SENSITIVE,369.01,367.52,370.35,363.74,1157520000,index
2017-04-16,SENSITIVE,367.52,357.32,368.86,357.13,927331968,index
2017-04-18,SENSITIVE,357.32,348.24,357.35,346.52,1211469952,index
2017-04-19,SENSITIVE,348.24,359.01,359.01,347.48,825608000,index
2017-04-20,SENSITIVE,359.01,358.03,363.81,356.93,989358976,index
2017-04-23,SENSITIVE,358.03,365.41,372.85,358.31,1219689984,index
2017-04-24,SENSITIVE,365.41,360.76,365.77,360.15,752456000,index
2017-04-25,SENSITIVE,360.76,359.36,361.7,358.4,813081024,index
2017-04-26,SENSITIVE,359.36,357.8,359.86,356.96,647289024,index
2017-04-27,SENSITIVE,357.8,357.21,359.24,354.31,800649984,index
2017-04-30,SENSITIVE,357.21,352.78,357.27,352.19,595739008,index
2017-05-02,SENSITIVE,352.78,354.33,356.52,350.86,709320000,index
2017-05-03,SENSITIVE,354.33,355.42,359.43,354.46,678569984,index
2017-05-04,SENSITIVE,355.42,353.55,356.81,353.32,539896000,index
2017-05-07,SENSITIVE,353.55,347.93,353.95,347.17,520988992,index
2017-05-08,SENSITIVE,347.93,349.76,352.08,347.53,443471008,index
2017-05-09,SENSITIVE,349.76,352.54,352.59,349.66,434390016,index
2017-05-11,SENSITIVE,352.54,353.79,354.49,352.54,636766976,index
2017-05-15,SENSITIVE,353.79,354.1,357.68,353.77,461400000,index
2017-05-16,SENSITIVE,354.1,351.68,354.46,351.29,343784000,index
2017-05-17,SENSITIVE,351.68,350.48,353.06,350.48,450129984,index
2017-05-18,SENSITIVE,350.48,349.94,350.88,348.4,630268992,index
2017-05-21,SENSITIVE,349.94,345.86,350.9,345.5,472208992,index
2017-05-22,SENSITIVE,345.86,343.31,346.45,342.31,416377984,index
2017-05-23,SENSITIVE,343.31,345.54,347.89,342.15,620409024,index
2017-05-24,SENSITIVE,345.54,345.99,346.6,343.04,497584992,index
2017-05-28,SENSITIVE,345.99,343.28,346.1,342.1,583721024,index
2017-05-30,SENSITIVE,343.28,338.64,343.41,338.31,567296000,index
2017-05-31,SENSITIVE,338.64,341.27,342.42,336.05,543334976,index
2017-06-01,SENSITIVE,341.27,340.34,342.72,340.31,472716992,index
2017-06-04,SENSITIVE,340.34,338.07,340.89,337.44,442960992,index
2017-06-05,SENSITIVE,338.07,339.96,341.6,338.07,477257984,index
2017-06-06,SENSITIVE,339.96,347.79,347.8,340.07,766441024,index
2017-06-07,SENSITIVE,347.79,344.91,351.08,344.67,647401024,index
2017-06-08,SENSITIVE,344.91,343.12,345.01,341.83,391771008,index
2017-06-11,SENSITIVE,343.12,337.42,343.97,337.18,553209024,index
2017-06-12,SENSITIVE,337.42,335.4,338.26,334.47,368273984,index
2017-06-13,SENSITIVE,335.4,336.36,337.95,334.66,394049984,index
2017-06-14,SENSITIVE,336.36,336.3,336.87,335.59,420648000,index
2017-06-15,SENSITIVE,336.3,337.61,341.02,335.01,520712000,index
2017-06-18,SENSITIVE,337.61,334.66,338.05,334.36,442552000,index
2017-06-19,SENSITIVE,334.66,330.37,334.87,330.08,547524992,index
2017-06-20,SENSITIVE,330.37,329.07,331.3,327.31,476152992,index
2017-06-21,SENSITIVE,329.07,329.75,330.76,328.37,348076000,index
2017-06-22,SENSITIVE,329.75,330.9,332.22,329.69,429575008,index
2017-06-25,SENSITIVE,330.9,332.75,333.29,330.9,511110016,index
2017-06-27,SENSITIVE,332.75,332.26,333.53,331.57,506582016,index
2017-06-28,SENSITIVE,332.26,331.66,332.54,330.98,397839008,index
2017-07-02,SENSITIVE,331.66,326.93,331.69,326.35,450208992,index
2017-07-03,SENSITIVE,326.93,327.81,329.14,326.7,344552000,index
2017-07-04,SENSITIVE,327.81,327.08,328.27,326.84,307363008,index
2017-07-05,SENSITIVE,327.08,329.2,329.2,326.49,398009984,index
2017-07-06,SENSITIVE,329.2,336.1,336.2,329.12,633595008,index
2017-07-09,SENSITIVE,336.1,336.75,341.49,331.55,921924992,index
2017-07-10,SENSITIVE,336.75,334.62,336.77,334.04,531563008,index
2017-07-11,SENSITIVE,334.62,336.53,336.87,333.82,458032000,index
2017-07-12,SENSITIVE,336.53,336.92,337.66,335.58,450720000,index
2017-07-13,SENSITIVE,336.92,336.04,337.35,334.93,436284992,index
2017-07-16,SENSITIVE,336.04,336.37,336.47,335.43,330032000,index
2017-07-17,SENSITIVE,336.37,340.77,340.81,336.09,443366016,index
2017-07-18,SENSITIVE,340.77,347.63,347.63,340.64,865430976,index
2017-07-19,SENSITIVE,347.63,347.65,350.73,346.75,860678016,index
2017-07-20,SENSITIVE,347.65,347.45,348.61,346.86,698844992,index
2017-07-23,SENSITIVE,347.45,347.01,348.53,346.65,785096000,index
2017-07-24,SENSITIVE,347.01,344.6,347.12,344.07,722052992,index
2017-07-25,SENSITIVE,344.6,344.77,347.49,344.33,551552000,index
2017-07-26,SENSITIVE,344.77,345.78,346.69,344.77,894963008,index
2017-07-27,SENSITIVE,345.78,346.23,347.6,344.59,894424000,index
2017-07-30,SENSITIVE,346.23,345.36,346.88,343.74,757548032,index
2017-07-31,SENSITIVE,345.36,346.86,347.75,345.36,759206976,index
2017-08-01,SENSITIVE,346.86,347.66,348.27,346.74,639937984,index
2017-08-02,SENSITIVE,347.66,348.46,349.24,347.54,642721024,index
2017-08-03,SENSITIVE,348.46,348.22,350.06,347.71,747468032,index
2017-08-06,SENSITIVE,348.22,349.11,350.65,348.03,663550016,index
2017-08-07,SENSITIVE,349.11,350.18,350.7,348.96,656638016,index
2017-08-09,SENSITIVE,350.18,348.97,351.36,348.9,628547968,index
2017-08-10,SENSITIVE,348.97,347.03,349.47,346.5,648004992,index
2017-08-13,SENSITIVE,347.03,344.59,348.76,344.47,554014016,index
2017-08-15,SENSITIVE,344.59,341.92,345.19,341.43,479135008,index
2017-08-16,SENSITIVE,341.92,342.85,345.39,340.93,435312992,index
2017-08-17,SENSITIVE,342.85,342.34,343.19,341.26,467135008,index
2017-08-20,SENSITIVE,342.34,339.98,343.28,339.81,566326016,index
2017-08-21,SENSITIVE,339.98,338.86,340.24,338.23,396702016,index
2017-08-22,SENSITIVE,338.86,339.38,341.12,337.6,507582016,index
2017-08-23,SENSITIVE,339.38,338.9,340.32,338.6,427971008,index
2017-08-24,SENSITIVE,338.9,339.94,340.03,338.27,414236992,index
2017-08-27,SENSITIVE,339.94,340.74,342.33,340.01,520068992,index
2017-08-28,SENSITIVE,340.74,338.35,341.78,338.07,530559008,index
2017-08-30,SENSITIVE,338.35,334.98,338.69,334.35,582227968,index
2017-08-31,SENSITIVE,334.98,331.32,335.11,330.74,594723968,index
2017-09-04,SENSITIVE,331.32,325.49,331.46,325.25,632684992,index
2017-09-06,SENSITIVE,325.49,328.21,331.36,325.49,551454016,index
2017-09-07,SENSITIVE,328.21,326.01,329.22,325.81,511300000,index
2017-09-10,SENSITIVE,326.01,319.23,326.68,319.07,732681024,index
2017-09-11,SENSITIVE,319.23,319.67,321.65,317.37,600371968,index
2017-09-12,SENSITIVE,319.67,315.36,319.67,314.69,437940992,index
2017-09-13,SENSITIVE,315.36,313.32,316.66,311.07,500184000,index
2017-09-14,SENSITIVE,313.32,320.73,320.75,312.48,500184000,index
2017-09-17,SENSITIVE,320.73,324.64,324.67,320.3,456878016,index
2017-09-18,SENSITIVE,324.64,323.9,326.52,323.36,354867008,index
2017-09-20,SENSITIVE,323.9,323.11,324.56,321.01,324232992,index
2017-09-24,SENSITIVE,323.11,322.11,323.24,321.7,214926000,index
2017-09-25,SENSITIVE,322.11,324.13,324.17,322.06,210676000,index
2017-09-26,SENSITIVE,324.13,325.29,325.89,324.13,251628992,index
2017-10-03,SENSITIVE,325.29,327.01,327.01,324.46,116367000,index
2017-10-04,SENSITIVE,327.01,323.87,327.55,323.19,231748992,index
2017-10-08,SENSITIVE,323.87,316.96,323.81,313.2,292814016,index
2017-10-09,SENSITIVE,316.96,315.43,317.67,313.56,259666000,index
2017-10-10,SENSITIVE,315.43,315.65,316.77,313.47,253511008,index
2017-10-11,SENSITIVE,315.65,316.5,317.95,314.96,233682000,index
2017-10-12,SENSITIVE,316.5,317.63,317.95,316.45,332140992,index
2017-10-15,SENSITIVE,317.63,319.2,319.33,317.11,449216992,index
2017-10-16,SENSITIVE,319.2,329.41,329.46,319.2,470142016,index
2017-10-17,SENSITIVE,329.41,328.34,331.56,326.59,427452992,index
2017-10-18,SENSITIVE,328.34,330.1,330.39,325.9,285024992,index
2017-10-22,SENSITIVE,330.1,331.0,334.52,330.0,296128000,index
2017-10-23,SENSITIVE,331.0,330.53,331.86,329.41,309214016,index
2017-10-24,SENSITIVE,330.53,330.2,331.59,329.28,309214016,index
2017-10-25,SENSITIVE,330.2,327.02,330.28,326.83,335816000,index
2017-10-29,SENSITIVE,327.02,324.23,327.34,324.02,321502016,index
2017-10-30,SENSITIVE,324.23,323.47,324.9,322.94,308911008,index
2017-10-31,SENSITIVE,323.47,322.38,323.99,321.45,249624000,index
2017-11-01,SENSITIVE,322.38,320.53,322.98,320.02,279252000,index
2017-11-02,SENSITIVE,320.53,319.64,320.53,318.87,280854016,index
2017-11-05,SENSITIVE,319.64,314.2,320.08,312.51,482684992,index
2017-11-06,SENSITIVE,314.2,313.73,315.8,310.7,381633984,index
2017-11-07,SENSITIVE,313.73,311.88,316.03,311.76,299315008,index
2017-11-08,SENSITIVE,311.88,307.98,311.89,306.81,344156992,index
2017-11-09,SENSITIVE,307.98,306.79,309.99,305.01,350513984,index
2017-11-12,SENSITIVE,306.79,310.54,310.56,305.9,258488000,index
2017-11-13,SENSITIVE,310.54,314.01,314.38,310.3,438368992,index
2017-11-14,SENSITIVE,314.01,318.93,320.36,314.01,577580032,index
2017-11-15,SENSITIVE,318.93,316.45,320.01,316.27,481593984,index
2017-11-16,SENSITIVE,316.45,313.12,316.86,313.05,351568992,index
2017-11-19,SENSITIVE,313.12,310.6,314.38,310.32,353048000,index
2017-11-20,SENSITIVE,310.6,309.08,310.77,308.68,306260992,index
2017-11-21,SENSITIVE,309.08,310.0,311.78,308.43,239291008,index
2017-11-22,SENSITIVE,309.08,311.96,312.3,309.69,247480992,index
2017-11-23,SENSITIVE,311.96,314.43,314.77,311.96,359886016,index
2017-11-26,SENSITIVE,314.43,319.15,319.69,314.43,508257984,index
2017-11-27,SENSITIVE,319.15,319.14,320.66,317.76,528015008,index
2017-11-28,SENSITIVE,319.14,321.46,321.49,318.37,433896992,index
2017-11-29,SENSITIVE,321.46,324.03,326.23,321.46,799542016,index
2017-11-30,SENSITIVE,324.03,324.26,325.23,322.09,591928000,index
2017-12-04,SENSITIVE,324.26,321.97,325.9,321.43,416664992,index
2017-12-05,SENSITIVE,321.97,321.26,322.4,319.92,424875008,index
2017-12-06,SENSITIVE,321.26,323.67,323.9,321.09,509249984,index
2017-12-10,SENSITIVE,323.67,322.62,328.11,322.42,730227008,index
2017-12-11,SENSITIVE,322.62,321.93,323.26,320.6,320443008,index
2017-12-12,SENSITIVE,321.93,318.54,322.67,318.48,466539008,index
2017-12-13,SENSITIVE,318.54,320.74,320.76,317.16,347344992,index
2017-12-14,SENSITIVE,320.74,320.65,321.57,319.59,302352992,index
2017-12-17,SENSITIVE,320.65,318.07,320.89,317.23,346224000,index
2017-12-18,SENSITIVE,318.07,317.8,319.63,317.59,402992992,index
2017-12-19,SENSITIVE,317.8,314.75,318.43,314.55,399264992,index
2017-12-20,SENSITIVE,314.75,312.68,314.82,312.31,328144000,index
2017-12-21,SENSITIVE,312.68,309.94,313.36,309.59,380856000,index
2017-12-24,SENSITIVE,309.94,309.01,311.72,308.67,408070016,index
2017-12-26,SENSITIVE,309.01,304.85,309.77,304.32,436671008,index
2017-12-27,SENSITIVE,304.85,300.13,304.92,299.09,541132992,index
2017-12-28,SENSITIVE,300.13,297.62,300.4,296.51,648099008,index
2017-12-31,SENSITIVE,297.62,292.12,297.63,290.18,326625984,index
2018-01-01,SENSITIVE,252.17,251.83,254.16,251.34,209412000,index
2018-01-02,SENSITIVE,301.32,302.46,305.91,300.36,454052992,index
2018-01-03,SENSITIVE,302.46,298.07,302.81,297.66,305851008,index
2018-01-04,SENSITIVE,298.07,299.66,299.66,297.76,227039008,index
2018-01-07,SENSITIVE,299.66,301.39,301.98,299.35,255274000,index
2018-01-08,SENSITIVE,301.39,304.18,305.48,301.39,384815008,index
2018-01-09,SENSITIVE,304.18,306.87,307.21,303.7,363880000,index
2018-01-10,SENSITIVE,306.87,303.68,307.38,303.59,293895008,index
2018-01-14,SENSITIVE,303.68,302.2,304.22,301.01,233508992,index
2018-01-16,SENSITIVE,302.2,298.41,302.21,297.22,246984000,index
2018-01-17,SENSITIVE,298.41,296.86,298.46,295.39,233342000,index
2018-01-21,SENSITIVE,296.86,296.1,298.46,295.96,265860000,index
2018-01-22,SENSITIVE,296.1,296.0,297.23,295.6,230448992,index
2018-01-23,SENSITIVE,296.0,293.98,296.06,293.78,203744992,index
2018-01-24,SENSITIVE,293.98,294.34,294.96,293.58,176479008,index
2018-01-25,SENSITIVE,294.34,296.41,296.41,294.23,201538000,index
2018-01-28,SENSITIVE,296.41,297.01,298.1,296.43,263044000,index
2018-01-29,SENSITIVE,297.01,296.27,297.56,295.26,212290000,index
2018-01-31,SENSITIVE,296.27,296.62,297.07,295.65,237740000,index
2018-02-01,SENSITIVE,296.62,298.12,298.98,296.27,332564000,index
2018-02-04,SENSITIVE,298.12,297.94,299.86,297.78,384684992,index
2018-02-05,SENSITIVE,298.12,295.79,298.54,295.6,214244000,index
2018-02-06,SENSITIVE,295.79,294.62,296.12,294.4,164076000,index
2018-02-07,SENSITIVE,294.62,291.96,294.92,291.7,212835008,index
2018-02-08,SENSITIVE,291.96,294.0,294.0,291.26,207376000,index
2018-02-11,SENSITIVE,294.0,292.81,294.72,292.68,148132992,index
2018-02-12,SENSITIVE,292.81,292.07,293.1,291.65,176335008,index
2018-02-14,SENSITIVE,292.07,293.58,293.65,291.1,180352992,index
2018-02-15,SENSITIVE,293.58,301.3,301.62,293.73,494337984,index
2018-02-18,SENSITIVE,301.3,299.16,306.07,298.95,519432000,index
2018-02-20,SENSITIVE,299.16,295.5,301.64,295.48,283102016,index
2018-02-21,SENSITIVE,295.5,293.38,295.75,293.22,219530000,index
2018-02-22,SENSITIVE,293.38,293.25,295.03,292.25,285025984,index
2018-02-25,SENSITIVE,293.25,290.58,293.28,290.4,200328000,index
2018-02-26,SENSITIVE,290.58,287.65,291.86,287.11,384097984,index
2018-02-27,SENSITIVE,287.65,289.16,291.56,287.58,374160000,index
2018-02-28,SENSITIVE,289.16,285.38,289.2,284.83,428208000,index
2018-03-04,SENSITIVE,285.38,276.8,285.33,273.93,375759008,index
2018-03-05,SENSITIVE,276.8,273.56,280.19,273.2,311097984,index
2018-03-06,SENSITIVE,273.56,275.43,277.39,269.18,372812000,index
2018-03-07,SENSITIVE,275.43,279.46,279.47,275.28,387616992,index
2018-03-11,SENSITIVE,279.46,273.06,279.55,272.99,256164000,index
2018-03-12,SENSITIVE,273.06,271.47,274.33,270.69,261466000,index
2018-03-13,SENSITIVE,271.47,272.77,272.77,271.39,192528000,index
2018-03-14,SENSITIVE,272.77,273.73,273.73,272.19,145300000,index
2018-03-15,SENSITIVE,273.73,274.38,276.7,273.49,193824992,index
2018-03-18,SENSITIVE,274.38,272.47,275.43,272.13,230492000,index
2018-03-19,SENSITIVE,272.47,270.68,273.14,270.39,229024000,index
2018-03-20,SENSITIVE,270.68,267.89,270.97,266.51,264596000,index
2018-03-21,SENSITIVE,267.89,262.4,268.39,261.16,319412000,index
2018-03-22,SENSITIVE,262.4,260.41,264.14,257.55,385512000,index
2018-03-26,SENSITIVE,260.41,249.65,260.41,248.92,397016992,index
2018-03-27,SENSITIVE,249.65,257.74,260.38,242.29,420680000,index
2018-03-28,SENSITIVE,257.74,257.48,261.11,253.19,406252000,index
2018-03-29,SENSITIVE,257.48,260.88,261.35,257.44,279359008,index
2018-04-01,SENSITIVE,257.48,255.69,261.42,253.15,236882000,index
2018-04-02,SENSITIVE,255.69,255.01,256.33,254.42,151034000,index
2018-04-03,SENSITIVE,255.01,255.99,256.33,253.86,184130000,index
2018-04-04,SENSITIVE,255.99,261.6,261.96,256.01,272403008,index
2018-04-05,SENSITIVE,261.6,266.89,266.89,261.6,492574016,index
2018-04-08,SENSITIVE,266.89,276.09,277.83,266.82,756328000,index
2018-04-09,SENSITIVE,276.09,274.84,280.75,274.59,674721024,index
2018-04-10,SENSITIVE,274.84,271.22,276.05,270.53,277848992,index
2018-04-11,SENSITIVE,271.22,271.72,271.73,268.56,222588992,index
2018-04-12,SENSITIVE,271.72,272.45,274.41,271.72,349767008,index
2018-04-15,SENSITIVE,272.45,272.98,273.16,268.29,250120992,index
2018-04-16,SENSITIVE,272.98,276.26,277.24,272.32,476257984,index
2018-04-17,SENSITIVE,276.26,282.58,283.65,276.34,771262016,index
2018-04-18,SENSITIVE,282.58,288.85,295.5,282.04,818350016,index
2018-04-19,SENSITIVE,288.85,294.03,294.9,288.53,834049984,index
2018-04-22,SENSITIVE,294.03,304.11,304.13,294.11,928739008,index
2018-04-23,SENSITIVE,304.11,298.04,308.88,295.51,1164199936,index
2018-04-24,SENSITIVE,298.04,294.62,298.76,294.11,528204000,index
2018-04-25,SENSITIVE,294.62,293.12,295.83,292.65,428028000,index
2018-04-26,SENSITIVE,293.12,287.06,294.57,286.45,457076992,index
2018-04-29,SENSITIVE,287.06,284.96,287.84,282.92,308220992,index
2018-05-02,SENSITIVE,284.96,287.18,287.33,282.12,267998000,index
2018-05-03,SENSITIVE,287.18,288.29,290.59,287.19,555598976,index
2018-05-06,SENSITIVE,288.29,285.38,288.39,285.32,278951008,index
2018-05-07,SENSITIVE,285.38,284.05,285.41,283.62,358768000,index
2018-05-08,SENSITIVE,284.05,287.09,287.09,283.82,416947008,index
2018-05-09,SENSITIVE,287.09,286.07,288.06,285.35,272392000,index
2018-05-10,SENSITIVE,286.07,284.59,286.24,284.41,277563008,index
2018-05-14,SENSITIVE,284.59,282.18,284.9,281.96,345876000,index
2018-05-15,SENSITIVE,282.18,281.03,282.82,280.72,114834000,index
2018-05-16,SENSITIVE,281.03,282.07,282.14,280.87,184423008,index
2018-05-17,SENSITIVE,282.07,282.3,284.27,282.0,240212992,index
2018-05-20,SENSITIVE,282.3,282.26,286.0,281.53,268940992,index
2018-05-21,SENSITIVE,282.26,282.11,282.82,281.07,230428992,index
2018-05-22,SENSITIVE,282.11,281.11,282.29,280.88,237420992,index
2018-05-23,SENSITIVE,281.11,280.02,281.15,279.79,220148000,index
2018-05-24,SENSITIVE,280.02,277.89,280.54,277.73,283617984,index
2018-05-27,SENSITIVE,277.89,274.11,277.93,274.1,306393984,index
2018-05-28,SENSITIVE,274.11,281.48,281.57,272.25,322385984,index
2018-05-29,SENSITIVE,281.48,279.46,282.29,278.32,319078016,index
2018-05-30,SENSITIVE,279.46,278.21,282.48,277.39,314736000,index
2018-05-31,SENSITIVE,279.46,275.28,278.38,274.78,259296992,index
2018-06-03,SENSITIVE,275.28,268.19,275.26,267.94,374657984,index
2018-06-04,SENSITIVE,268.19,267.24,269.85,264.92,335171008,index
2018-06-06,SENSITIVE,267.24,269.93,272.9,267.26,149368992,index
2018-06-07,SENSITIVE,269.93,264.46,270.51,264.38,347855008,index
2018-06-10,SENSITIVE,264.46,259.16,264.9,259.02,362563008,index
2018-06-11,SENSITIVE,259.16,261.11,263.68,257.48,307201984,index
2018-06-12,SENSITIVE,261.11,260.47,261.79,258.78,227963008,index
2018-06-13,SENSITIVE,260.47,260.99,261.39,259.63,168808000,index
2018-06-14,SENSITIVE,260.47,261.81,263.01,260.83,220268992,index
2018-06-17,SENSITIVE,261.81,258.71,262.11,258.58,182488992,index
2018-06-18,SENSITIVE,258.71,259.13,259.13,256.46,157718000,index
2018-06-19,SENSITIVE,259.13,257.42,259.45,256.87,171528992,index
2018-06-20,SENSITIVE,257.42,255.63,257.59,255.58,218708000,index
2018-06-21,SENSITIVE,255.63,255.75,257.11,254.14,142864992,index
2018-06-24,SENSITIVE,255.75,256.04,257.81,255.3,150872000,index
2018-06-25,SENSITIVE,256.04,253.97,256.26,253.64,160523008,index
2018-06-26,SENSITIVE,253.97,250.86,254.22,250.73,179992992,index
2018-06-27,SENSITIVE,250.86,251.97,253.2,250.19,140946000,index
2018-06-28,SENSITIVE,251.97,252.09,253.13,251.73,198080992,index
2018-07-01,SENSITIVE,252.09,249.12,252.23,248.87,159322000,index
2018-07-02,SENSITIVE,249.12,248.03,249.64,246.95,169092000,index
2018-07-03,SENSITIVE,248.03,248.25,248.91,246.85,164744992,index
2018-07-04,SENSITIVE,248.25,249.95,250.43,247.24,193812000,index
2018-07-05,SENSITIVE,249.95,257.46,257.46,249.94,384172000,index
2018-07-08,SENSITIVE,257.46,257.73,261.2,257.44,374905984,index
2018-07-09,SENSITIVE,257.73,253.93,258.13,253.52,344919008,index
2018-07-10,SENSITIVE,253.93,254.06,255.83,253.23,212620992,index
2018-07-11,SENSITIVE,254.06,253.98,257.35,253.64,285855008,index
2018-07-12,SENSITIVE,253.98,251.05,255.14,250.65,328540992,index
2018-07-15,SENSITIVE,251.05,252.81,252.87,251.05,134235008,index
2018-07-16,SENSITIVE,252.81,255.2,255.2,252.2,81370800,index
2018-07-17,SENSITIVE,255.2,253.62,255.71,253.12,174940992,index
2018-07-18,SENSITIVE,253.62,252.38,253.84,251.79,147291008,index
2018-07-19,SENSITIVE,252.38,251.42,252.6,251.24,191792000,index
2018-07-22,SENSITIVE,251.42,248.86,251.57,248.78,169524000,index
2018-07-23,SENSITIVE,248.86,251.32,251.48,248.86,142608992,index
2018-07-24,SENSITIVE,251.32,252.68,255.4,251.28,237355008,index
2018-07-25,SENSITIVE,252.68,251.71,252.8,251.24,125623000,index
2018-07-26,SENSITIVE,251.71,250.96,252.37,250.37,149748992,index
2018-07-29,SENSITIVE,250.96,251.55,252.13,250.93,142638000,index
2018-07-30,SENSITIVE,251.55,251.62,252.59,251.31,228708992,index
2018-07-31,SENSITIVE,251.62,251.08,252.15,250.72,133726000,index
2018-08-01,SENSITIVE,251.08,251.56,251.76,250.79,142426000,index
2018-08-02,SENSITIVE,251.56,251.15,252.08,251.05,123395000,index
2018-08-05,SENSITIVE,251.15,250.97,251.52,250.67,129498000,index
2018-08-06,SENSITIVE,250.97,250.91,251.65,250.6,127985000,index
2018-08-07,SENSITIVE,250.91,250.65,251.5,250.2,145952992,index
2018-08-08,SENSITIVE,250.65,250.5,251.06,250.23,124187000,index
2018-08-09,SENSITIVE,250.5,249.13,250.94,248.8,143355008,index
2018-08-12,SENSITIVE,249.13,245.7,249.22,245.54,198171008,index
2018-08-13,SENSITIVE,245.7,247.94,247.95,245.27,141926000,index
2018-08-14,SENSITIVE,247.94,249.5,249.55,247.1,154436992,index
2018-08-15,SENSITIVE,249.5,255.4,255.49,249.5,268556000,index
2018-08-16,SENSITIVE,255.4,255.38,257.3,253.89,336193984,index
2018-08-19,SENSITIVE,255.38,252.53,255.59,252.46,239484992,index
2018-08-20,SENSITIVE,252.53,250.75,252.6,250.29,161458000,index
2018-08-21,SENSITIVE,250.75,249.92,250.8,249.48,148144992,index
2018-08-22,SENSITIVE,249.92,249.53,250.28,249.01,97240400,index
2018-08-23,SENSITIVE,249.53,248.99,249.64,248.23,240027008,index
2018-08-26,SENSITIVE,248.99,248.42,249.1,248.33,119107000,index
2018-08-28,SENSITIVE,248.42,248.61,248.7,247.82,161684000,index
2018-08-29,SENSITIVE,248.61,247.81,248.81,247.53,152044000,index
2018-08-30,SENSITIVE,247.81,249.79,249.79,247.36,168474000,index
2018-09-02,SENSITIVE,249.79,251.8,252.09,249.11,260674000,index
2018-09-03,SENSITIVE,251.8,254.87,256.66,251.8,482108000,index
2018-09-04,SENSITIVE,254.87,255.86,256.85,254.22,375412992,index
2018-09-05,SENSITIVE,255.86,261.16,263.12,255.88,622220032,index
2018-09-06,SENSITIVE,261.16,260.35,264.06,258.88,632569984,index
2018-09-09,SENSITIVE,260.35,258.16,260.5,257.67,261760992,index
2018-09-10,SENSITIVE,258.16,256.16,258.49,255.3,208412000,index
2018-09-11,SENSITIVE,256.16,258.01,259.11,256.16,272203008,index
2018-09-12,SENSITIVE,258.01,260.8,260.89,257.46,358408992,index
2018-09-13,SENSITIVE,260.8,264.27,264.57,260.82,633358016,index
2018-09-16,SENSITIVE,264.27,266.93,270.06,264.31,819152000,index
2018-09-17,SENSITIVE,266.93,266.44,267.69,264.89,503697984,index
2018-09-18,SENSITIVE,266.44,266.6,267.51,265.21,363212992,index
2018-09-20,SENSITIVE,266.6,266.09,267.25,264.7,385863008,index
2018-09-23,SENSITIVE,266.09,266.91,267.6,265.32,561576000,index
2018-09-25,SENSITIVE,266.91,272.19,272.92,266.93,970585984,index
2018-09-26,SENSITIVE,272.22,271.72,274.27,269.89,804244992,index
2018-09-27,SENSITIVE,271.72,269.23,271.97,269.07,437272000,index
2018-09-30,SENSITIVE,269.23,267.09,269.37,266.18,513176000,index
2018-10-01,SENSITIVE,267.09,262.8,267.47,262.61,463263008,index
2018-10-02,SENSITIVE,262.8,263.45,264.77,262.52,369375008,index
2018-10-03,SENSITIVE,263.45,261.06,263.62,261.06,328145984,index
2018-10-04,SENSITIVE,261.06,260.24,261.39,258.95,328145984,index
2018-10-07,SENSITIVE,260.24,257.53,260.24,257.17,331807008,index
2018-10-08,SENSITIVE,257.53,258.82,259.43,257.29,316169984,index
2018-10-09,SENSITIVE,258.82,258.49,260.39,258.3,255159008,index
2018-10-10,SENSITIVE,258.49,258.68,258.71,257.53,160859008,index
2018-10-11,SENSITIVE,258.68,261.04,261.04,257.95,204952000,index
2018-10-14,SENSITIVE,261.04,264.55,264.55,260.99,240644000,index
2018-10-15,SENSITIVE,264.55,264.1,265.31,264.06,275812000,index
2018-10-21,SENSITIVE,264.1,265.28,265.74,263.98,128269000,index
2018-10-22,SENSITIVE,265.28,265.0,265.64,263.9,151680000,index
2018-10-23,SENSITIVE,265.0,264.46,265.37,263.74,171239008,index
2018-10-24,SENSITIVE,264.46,266.19,266.26,263.8,192738000,index
2018-10-25,SENSITIVE,266.19,264.01,266.27,263.89,248775008,index
2018-10-28,SENSITIVE,264.01,260.96,264.18,260.54,272224992,index
2018-10-29,SENSITIVE,260.96,258.85,260.96,258.39,184500000,index
2018-10-30,SENSITIVE,258.85,260.43,260.46,258.68,174400992,index
2018-10-31,SENSITIVE,260.43,259.78,260.51,259.17,132097000,index
2018-11-01,SENSITIVE,259.78,259.67,260.35,258.8,194020000,index
2018-11-04,SENSITIVE,259.67,256.81,259.74,256.58,232895008,index
2018-11-05,SENSITIVE,256.81,259.32,259.45,256.5,225948992,index
2018-11-06,SENSITIVE,260.08,260.08,260.08,260.08,31359000,index
2018-11-11,SENSITIVE,260.54,255.98,260.54,255.98,93196000,index
2018-11-12,SENSITIVE,255.82,253.56,255.82,253.27,119967000,index
2018-11-13,SENSITIVE,253.45,256.89,257.28,253.19,144427008,index
2018-11-14,SENSITIVE,257.06,255.96,257.24,255.96,144427008,index
2018-11-15,SENSITIVE,257.15,256.28,258.25,256.31,222668000,index
2018-11-18,SENSITIVE,255.98,254.15,256.15,253.6,305567008,index
2018-11-19,SENSITIVE,254.3,253.04,254.32,252.52,191592992,index
2018-11-20,SENSITIVE,252.98,251.11,253.06,251.08,155710000,index
2018-11-21,SENSITIVE,251.22,251.41,251.46,249.89,211215008,index
2018-11-22,SENSITIVE,251.77,251.06,252.0,251.1,225227008,index
2018-11-25,SENSITIVE,251.21,248.02,251.32,247.9,230303008,index
2018-11-26,SENSITIVE,248.01,246.62,248.17,246.49,282495008,index
2018-11-27,SENSITIVE,246.61,246.99,248.26,246.61,203128000,index
2018-11-28,SENSITIVE,247.0,246.44,247.37,246.39,383564000,index
2018-11-29,SENSITIVE,246.44,244.15,246.76,244.09,303555008,index
2018-12-02,SENSITIVE,244.14,240.33,244.14,240.07,435259008,index
2018-12-03,SENSITIVE,240.19,240.26,243.2,239.83,608225984,index
2018-12-04,SENSITIVE,240.57,242.93,242.93,240.15,352276000,index
2018-12-05,SENSITIVE,242.69,237.79,242.94,237.57,318433984,index
2018-12-06,SENSITIVE,237.75,238.33,239.56,235.85,326639008,index
2018-12-09,SENSITIVE,238.41,241.02,240.32,238.41,207707008,index
2018-12-10,SENSITIVE,240.95,243.81,244.17,240.95,374092992,index
2018-12-11,SENSITIVE,243.73,243.06,244.18,242.86,359913984,index
2018-12-12,SENSITIVE,242.99,243.06,243.71,242.25,197468000,index
2018-12-13,SENSITIVE,243.08,244.7,245.59,242.9,290764992,index
2018-12-16,SENSITIVE,244.81,248.67,249.1,244.81,424747008,index
2018-12-17,SENSITIVE,248.64,251.63,251.65,248.32,348740992,index
2018-12-18,SENSITIVE,251.72,248.59,252.05,247.78,491664000,index
2018-12-19,SENSITIVE,248.62,247.33,249.33,246.54,333464000,index
2018-12-20,SENSITIVE,247.32,248.07,249.96,247.32,380232992,index
2018-12-23,SENSITIVE,248.56,255.38,255.38,248.56,709980992,index
2018-12-24,SENSITIVE,255.39,253.68,257.21,253.48,657875968,index
2018-12-25,SENSITIVE,253.89,252.41,253.89,251.49,310113984,index
2018-12-26,SENSITIVE,252.44,258.82,258.82,252.01,641825024,index
2018-12-27,SENSITIVE,258.83,258.66,262.35,257.86,1039710016,index
2018-12-30,SENSITIVE,258.65,256.0,259.59,255.94,416731008,index
2018-12-31,SENSITIVE,256.03,252.24,256.63,252.24,364855008,index
2019-01-01,SENSITIVE,252.17,251.83,254.16,251.34,209412000,index
2019-01-02,SENSITIVE,251.83,250.53,252.08,250.51,229136992,index
2019-01-03,SENSITIVE,250.62,250.06,251.54,249.9,245896000,index
2019-01-06,SENSITIVE,249.92,248.56,250.72,248.4,287500000,index
2019-01-07,SENSITIVE,248.55,249.93,250.88,248.44,312518016,index
2019-01-08,SENSITIVE,250.02,249.84,250.73,249.88,320451008,index
2019-01-09,SENSITIVE,250.02,250.26,249.84,251.12,256924000,index
2019-01-10,SENSITIVE,250.26,250.65,251.19,250.26,331920992,index
2019-01-13,SENSITIVE,250.82,249.42,251.04,249.09,342657984,index
2019-01-14,SENSITIVE,249.42,250.49,250.49,249.23,247596992,index
2019-01-15,SENSITIVE,250.73,253.55,253.55,250.68,369399008,index
2019-01-16,SENSITIVE,253.55,251.5,254.04,251.5,459176992,index
2019-01-17,SENSITIVE,251.58,251.01,251.58,250.67,244048000,index
2019-01-20,SENSITIVE,251.05,249.38,251.24,249.18,119978000,index
2019-01-21,SENSITIVE,248.97,247.5,248.97,247.5,209580992,index
2019-01-22,SENSITIVE,247.31,248.05,248.67,247.1,205398000,index
2019-01-23,SENSITIVE,248.02,248.74,248.74,247.96,182538000,index
2019-01-24,SENSITIVE,248.73,248.65,249.6,248.32,244362000,index
2019-01-27,SENSITIVE,248.48,246.3,248.57,246.3,257188000,index
2019-01-28,SENSITIVE,246.8,247.25,247.25,246.33,174616992,index
2019-01-29,SENSITIVE,247.28,246.47,247.31,246.23,210511008,index
2019-01-30,SENSITIVE,246.41,246.75,247.11,246.16,161370000,index
2019-01-31,SENSITIVE,247.2,246.8,247.52,246.51,231548000,index
2019-02-03,SENSITIVE,246.55,245.08,246.78,244.9,283865984,index
2019-02-04,SENSITIVE,245.11,243.28,245.6,243.28,286689984,index
2019-02-05,SENSITIVE,243.26,244.02,244.46,243.22,185632000,index
2019-02-06,SENSITIVE,244.1,242.5,244.12,242.33,199392000,index
2019-02-07,SENSITIVE,242.48,242.61,242.89,242.03,200202000,index
2019-02-10,SENSITIVE,242.44,240.21,242.51,239.91,251824000,index
2019-02-11,SENSITIVE,239.97,240.4,241.1,239.61,206892992,index
2019-02-12,SENSITIVE,241.02,240.2,241.27,239.66,166384000,index
2019-02-13,SENSITIVE,240.61,238.44,241.24,238.44,251444000,index
2019-02-14,SENSITIVE,238.18,236.92,238.24,236.67,248520000,index
2019-02-17,SENSITIVE,238.07,236.16,238.89,235.81,205728000,index
2019-02-18,SENSITIVE,236.02,234.36,236.2,234.2,219124992,index
2019-02-19,SENSITIVE,234.59,238.84,238.84,234.33,222238000,index
2019-02-20,SENSITIVE,239.85,236.34,239.85,236.36,167735008,index
2019-02-21,SENSITIVE,236.72,236.6,236.85,235.94,163366000,index
2019-02-24,SENSITIVE,237.2,234.18,237.21,234.18,206706000,index
2019-02-25,SENSITIVE,234.22,235.78,235.78,233.65,190699008,index
2019-02-26,SENSITIVE,235.82,234.22,235.89,233.94,161094000,index
2019-02-27,SENSITIVE,234.28,234.8,236.03,234.28,217036000,index
2019-03-03,SENSITIVE,235.43,233.88,235.57,233.88,236610000,index
2019-03-05,SENSITIVE,233.93,234.25,234.77,233.48,222036000,index
2019-03-06,SENSITIVE,234.4,236.28,236.28,233.88,223792000,index
2019-03-07,SENSITIVE,236.41,239.72,239.72,236.41,311939008,index
2019-03-10,SENSITIVE,239.71,240.11,240.26,237.63,109910000,index
2019-03-11,SENSITIVE,240.27,243.26,243.26,239.47,408779008,index
2019-03-12,SENSITIVE,244.6,247.47,247.47,243.33,551022016,index
2019-03-13,SENSITIVE,246.37,244.75,248.41,244.75,433156992,index
2019-03-14,SENSITIVE,244.72,246.1,246.14,243.1,279984000,index
2019-03-17,SENSITIVE,246.26,247.17,248.17,246.26,339212992,index
2019-03-18,SENSITIVE,247.02,245.54,247.89,245.54,302751008,index
2019-03-19,SENSITIVE,245.92,243.97,246.65,243.97,137780000,index
2019-03-21,SENSITIVE,244.2,242.47,244.62,242.35,268571008,index
2019-03-24,SENSITIVE,242.66,241.29,242.79,240.46,207703008,index
2019-03-25,SENSITIVE,241.28,242.25,242.47,240.78,229548992,index
2019-03-26,SENSITIVE,242.28,242.67,242.87,241.84,199183008,index
2019-03-27,SENSITIVE,242.79,243.19,243.25,242.56,210987008,index
2019-03-28,SENSITIVE,243.07,243.49,243.72,242.73,230192992,index
2019-03-31,SENSITIVE,243.84,243.35,244.76,242.47,254862000,index
2019-04-01,SENSITIVE,243.17,244.81,245.36,243.03,340102016,index
2019-04-02,SENSITIVE,245.78,248.15,248.27,245.78,508996992,index
2019-04-03,SENSITIVE,248.15,248.72,250.17,246.93,555902016,index
2019-04-04,SENSITIVE,248.72,248.57,249.72,247.26,409577984,index
2019-04-07,SENSITIVE,248.5,252.98,252.98,247.72,542806976,index
2019-04-08,SENSITIVE,253.25,255.0,256.56,252.27,913086976,index
2019-04-09,SENSITIVE,255.05,252.85,255.73,252.49,646820992,index
2019-04-10,SENSITIVE,253.01,253.58,254.45,251.52,371928000,index
2019-04-11,SENSITIVE,253.64,253.64,254.46,252.96,401572992,index
2019-04-15,SENSITIVE,253.7,254.77,254.77,253.18,302255008,index
2019-04-16,SENSITIVE,254.51,260.24,260.24,254.51,768147968,index
2019-04-17,SENSITIVE,260.32,261.57,263.05,259.76,831985984,index
2019-04-18,SENSITIVE,261.59,265.56,265.56,261.24,758713984,index
2019-04-21,SENSITIVE,265.63,273.41,273.41,264.94,1041720000,index
2019-04-22,SENSITIVE,273.55,271.37,277.3,269.21,1056310016,index
2019-04-23,SENSITIVE,271.29,272.27,274.26,269.44,577185024,index
2019-04-24,SENSITIVE,273.42,276.94,277.22,272.55,947080000,index
2019-04-25,SENSITIVE,277.04,279.67,281.05,277.04,1384359936,index
2019-04-28,SENSITIVE,280.09,282.85,285.07,280.09,1716339968,index
2019-04-29,SENSITIVE,283.85,281.84,284.74,279.41,1232589952,index
2019-04-30,SENSITIVE,281.95,279.1,283.36,278.73,967377984,index
2019-05-02,SENSITIVE,279.15,277.82,279.46,275.44,579427008,index
2019-05-05,SENSITIVE,277.67,273.96,277.67,273.91,621134976,index
2019-05-06,SENSITIVE,273.98,278.97,278.97,272.24,614246016,index
2019-05-07,SENSITIVE,278.69,279.24,281.75,278.1,703382016,index
2019-05-08,SENSITIVE,279.29,278.07,279.79,277.62,477288000,index
2019-05-09,SENSITIVE,278.06,276.52,279.31,276.08,610998016,index
2019-05-12,SENSITIVE,276.12,277.03,277.03,273.74,710793024,index
2019-05-13,SENSITIVE,277.45,278.24,278.51,276.43,622254016,index
2019-05-14,SENSITIVE,279.03,279.74,281.39,278.85,1017980032,index
2019-05-15,SENSITIVE,279.67,282.25,285.08,279.67,1277459968,index
2019-05-16,SENSITIVE,282.34,281.44,284.14,280.76,835550016,index
2019-05-19,SENSITIVE,281.58,280.79,282.56,280.06,980192000,index
2019-05-20,SENSITIVE,281.51,279.8,282.2,279.16,1054979968,index
2019-05-21,SENSITIVE,279.65,279.91,281.75,278.85,869392000,index
2019-05-22,SENSITIVE,280.12,281.27,282.12,280.12,1052310016,index
2019-05-23,SENSITIVE,281.28,280.38,282.24,278.54,1042390016,index
2019-05-26,SENSITIVE,280.51,277.56,281.14,277.46,649648000,index
2019-05-27,SENSITIVE,277.74,277.61,279.0,276.59,480160992,index
2019-05-28,SENSITIVE,277.01,277.81,278.53,277.0,624452992,index
2019-05-29,SENSITIVE,277.82,279.92,279.92,277.82,765614976,index
2019-05-30,SENSITIVE,281.27,281.15,287.66,280.61,1426520064,index
2019-06-02,SENSITIVE,280.32,278.12,280.72,277.87,795820032,index
2019-06-03,SENSITIVE,278.3,275.48,278.96,275.12,661494016,index
2019-06-04,SENSITIVE,275.31,274.86,276.43,274.23,615507008,index
2019-06-06,SENSITIVE,276.8,273.89,277.11,273.89,539596992,index
2019-06-10,SENSITIVE,274.16,272.46,274.68,271.61,562851968,index
2019-06-11,SENSITIVE,272.46,272.86,273.76,272.46,456008992,index
2019-06-12,SENSITIVE,272.85,272.36,273.19,271.16,400868992,index
2019-06-13,SENSITIVE,272.51,271.81,273.14,270.51,431408000,index
2019-06-16,SENSITIVE,272.45,269.97,272.45,269.51,466195008,index
2019-06-17,SENSITIVE,270.07,270.26,271.7,269.14,385627008,index
2019-06-18,SENSITIVE,270.79,270.29,271.08,270.07,345840992,index
2019-06-19,SENSITIVE,270.02,270.52,271.03,269.89,285492000,index
2019-06-20,SENSITIVE,270.58,271.6,271.84,270.08,354687008,index
2019-06-23,SENSITIVE,271.59,269.6,271.59,269.48,451844992,index
2019-06-24,SENSITIVE,269.72,271.04,271.07,269.4,419097984,index
2019-06-25,SENSITIVE,271.09,271.44,272.08,270.95,343486016,index
2019-06-26,SENSITIVE,271.62,270.81,271.7,270.2,742254016,index
2019-06-27,SENSITIVE,270.76,271.16,271.46,270.68,741148992,index
2019-06-30,SENSITIVE,271.4,269.24,271.57,269.09,518584000,index
2019-07-01,SENSITIVE,269.38,268.51,269.38,267.32,355072000,index
2019-07-02,SENSITIVE,268.59,269.96,269.96,267.92,429992992,index
2019-07-03,SENSITIVE,270.04,272.98,273.37,269.45,544574016,index
2019-07-04,SENSITIVE,273.29,271.45,273.97,271.17,625606016,index
2019-07-07,SENSITIVE,271.86,270.35,271.97,269.95,534116992,index
2019-07-08,SENSITIVE,270.4,268.79,270.66,268.21,463715008,index
2019-07-09,SENSITIVE,268.81,269.06,269.31,267.95,423428000,index
2019-07-10,SENSITIVE,269.08,268.33,269.41,268.07,406428992,index
2019-07-11,SENSITIVE,268.48,268.32,268.91,268.16,437395008,index
2019-07-14,SENSITIVE,268.48,268.57,269.55,268.42,252840000,index
2019-07-15,SENSITIVE,268.65,270.28,270.3,268.48,339355008,index
2019-07-16,SENSITIVE,276.39,271.25,276.39,270.75,294892992,index
2019-07-17,SENSITIVE,271.21,274.11,274.11,271.02,397078016,index
2019-07-18,SENSITIVE,274.22,273.84,276.04,273.84,333054016,index
2019-07-21,SENSITIVE,274.15,273.3,274.24,272.53,274228000,index
2019-07-22,SENSITIVE,273.31,273.5,273.82,272.89,323928000,index
2019-07-23,SENSITIVE,273.41,274.41,275.46,273.41,379713984,index
2019-07-24,SENSITIVE,274.36,276.13,276.47,274.36,450795008,index
2019-07-25,SENSITIVE,276.18,273.47,276.18,273.43,551065024,index
2019-07-28,SENSITIVE,273.2,270.04,273.2,269.52,485729984,index
2019-07-29,SENSITIVE,270.09,271.11,271.76,270.09,342315008,index
2019-07-30,SENSITIVE,271.16,272.14,272.57,271.16,245263008,index
2019-07-31,SENSITIVE,272.18,273.24,273.49,271.54,350719008,index
2019-08-01,SENSITIVE,273.3,272.53,274.02,272.21,499312000,index
2019-08-04,SENSITIVE,272.34,271.78,273.09,271.4,462823008,index
2019-08-05,SENSITIVE,271.79,271.01,272.27,270.62,428523008,index
2019-08-06,SENSITIVE,271.02,269.1,271.07,268.78,437660992,index
2019-08-07,SENSITIVE,269.32,269.96,270.5,268.27,348440992,index
2019-08-08,SENSITIVE,269.8,268.0,270.64,267.77,281614016,index
2019-08-11,SENSITIVE,267.83,267.6,268.36,266.65,244820000,index
2019-08-12,SENSITIVE,267.74,267.72,268.7,267.4,241011008,index
2019-08-13,SENSITIVE,268.01,267.14,268.12,266.51,444384000,index
2019-08-14,SENSITIVE,267.09,265.93,267.46,265.6,229340000,index
2019-08-15,SENSITIVE,265.69,264.68,265.93,264.38,333772992,index
2019-08-18,SENSITIVE,265.08,263.11,265.46,262.75,301516992,index
2019-08-19,SENSITIVE,263.13,264.96,266.73,262.29,325384992,index
2019-08-20,SENSITIVE,265.06,263.19,265.06,263.04,254144000,index
2019-08-21,SENSITIVE,263.33,263.41,264.12,262.7,277563008,index
2019-08-22,SENSITIVE,263.55,263.7,265.15,263.35,249587000,index
2019-08-25,SENSITIVE,263.58,263.43,263.63,261.45,309472000,index
2019-08-26,SENSITIVE,263.46,262.37,263.64,261.68,264614000,index
2019-08-27,SENSITIVE,262.5,263.39,264.41,262.5,242799000,index
2019-08-28,SENSITIVE,264.11,261.4,264.87,261.25,258508000,index
2019-08-29,SENSITIVE,261.69,261.24,262.14,260.65,257660000,index
2019-09-01,SENSITIVE,261.35,259.29,262.04,259.02,279650000,index
2019-09-02,SENSITIVE,259.17,256.31,261.72,255.87,430227000,index
2019-09-03,SENSITIVE,256.38,260.23,260.23,253.44,416126000,index
2019-09-04,SENSITIVE,260.64,260.86,261.66,258.53,426740000,index
2019-09-05,SENSITIVE,260.87,259.9,261.74,259.47,291825000,index
2019-09-08,SENSITIVE,259.9,257.13,260.08,256.76,246657000,index
2019-09-09,SENSITIVE,257.13,255.35,257.53,254.48,246931000,index
2019-09-10,SENSITIVE,255.35,255.57,256.65,254.0,224197000,index
2019-09-11,SENSITIVE,255.57,254.78,255.93,254.49,295355000,index
2019-09-12,SENSITIVE,254.79,253.79,255.15,253.45,314822000,index
2019-09-15,SENSITIVE,253.79,250.01,254.97,250.01,273613000,index
2019-09-16,SENSITIVE,250.2,246.35,250.2,246.04,332428000,index
2019-09-17,SENSITIVE,247.83,251.57,252.83,247.83,353735000,index
2019-09-18,SENSITIVE,251.59,255.3,257.33,251.59,387357000,index
2019-09-19,SENSITIVE,255.7,252.21,256.69,252.21,344518000,index
2019-09-22,SENSITIVE,252.21,249.71,253.53,248.55,171759000,index
2019-09-23,SENSITIVE,249.71,249.81,250.78,249.53,170949000,index
2019-09-24,SENSITIVE,249.81,248.41,250.21,248.05,180222000,index
2019-09-25,SENSITIVE,248.41,247.7,248.69,247.44,154807000,index
2019-09-26,SENSITIVE,247.7,247.32,248.03,246.82,214898000,index
2019-09-29,SENSITIVE,247.34,246.33,248.14,246.28,210754000,index
2019-09-30,SENSITIVE,246.33,247.02,247.29,244.75,156291000,index
2019-10-01,SENSITIVE,247.05,250.21,250.39,247.03,182819000,index
2019-10-02,SENSITIVE,250.21,249.78,251.56,249.46,208609000,index
2019-10-03,SENSITIVE,250.39,251.97,251.97,249.71,172111000,index
2019-10-10,SENSITIVE,251.97,251.93,252.95,251.38,64080800,index
2019-10-14,SENSITIVE,251.93,249.17,252.82,248.8,199284000,index
2019-10-15,SENSITIVE,249.78,250.22,250.45,249.39,180689000,index
2019-10-16,SENSITIVE,250.22,248.58,250.52,248.58,195354000,index
2019-10-17,SENSITIVE,248.58,249.12,250.06,248.58,167240000,index
2019-10-20,SENSITIVE,249.12,248.35,249.65,247.88,109718000,index
2019-10-21,SENSITIVE,248.35,247.98,249.4,247.51,162615000,index
2019-10-22,SENSITIVE,248.0,248.49,248.64,247.55,157032000,index
2019-10-23,SENSITIVE,248.7,250.17,250.42,248.7,159183000,index
2019-10-24,SENSITIVE,250.22,252.05,252.33,250.06,315019000,index
2019-10-31,SENSITIVE,252.23,252.08,252.64,251.09,184288000,index
2019-11-03,SENSITIVE,251.94,250.46,252.29,249.4,159898000,index
2019-11-04,SENSITIVE,250.46,250.51,251.26,249.44,184472000,index
2019-11-05,SENSITIVE,250.51,250.12,250.87,249.91,254347000,index
2019-11-06,SENSITIVE,250.12,249.71,250.75,249.43,203697000,index
2019-11-07,SENSITIVE,249.82,248.31,249.99,248.27,353235000,index
2019-11-10,SENSITIVE,248.31,249.01,249.82,248.19,292902000,index
2019-11-11,SENSITIVE,249.39,252.29,252.76,249.39,487692000,index
2019-11-12,SENSITIVE,252.53,251.57,252.67,251.11,415983000,index
2019-11-13,SENSITIVE,251.57,250.18,251.65,249.71,262379000,index
2019-11-14,SENSITIVE,250.18,250.06,251.51,249.86,222196000,index
2019-11-17,SENSITIVE,250.06,249.13,250.73,248.59,313896000,index
2019-11-18,SENSITIVE,249.13,248.6,249.61,248.28,309523000,index
2019-11-19,SENSITIVE,248.65,248.91,249.19,248.28,228632000,index
2019-11-20,SENSITIVE,248.92,248.67,251.13,248.41,306270000,index
2019-11-21,SENSITIVE,248.67,246.89,249.05,246.18,302265000,index
2019-11-24,SENSITIVE,246.89,244.86,247.08,244.65,298348000,index
2019-11-25,SENSITIVE,244.86,245.38,245.87,243.75,264433000,index
2019-11-26,SENSITIVE,245.38,245.49,246.05,244.93,213992000,index
2019-11-27,SENSITIVE,245.45,247.23,247.23,245.18,233589000,index
2019-11-28,SENSITIVE,247.31,246.65,247.93,246.65,282132000,index
2019-12-01,SENSITIVE,246.65,246.15,246.79,245.7,215934000,index
2019-12-02,SENSITIVE,246.14,245.71,246.45,245.56,210240000,index
2019-12-03,SENSITIVE,245.84,246.34,246.84,245.66,220453000,index
2019-12-04,SENSITIVE,246.34,247.86,247.86,246.34,322399000,index
2019-12-05,SENSITIVE,247.91,248.77,249.53,247.91,372473000,index
2019-12-08,SENSITIVE,248.77,250.52,250.6,247.86,264352000,index
2019-12-09,SENSITIVE,250.51,253.17,254.24,249.66,508380000,index
2019-12-10,SENSITIVE,253.26,253.5,255.36,252.53,512003000,index
2019-12-11,SENSITIVE,254.63,255.19,256.49,253.78,515824000,index
2019-12-12,SENSITIVE,255.26,255.6,256.8,254.64,764121000,index
2019-12-15,SENSITIVE,255.6,255.67,258.31,255.19,672436000,index
2019-12-16,SENSITIVE,255.67,253.52,256.49,253.14,406578000,index
2019-12-17,SENSITIVE,253.55,253.28,254.49,252.65,287284000,index
2019-12-18,SENSITIVE,253.27,252.47,253.95,252.19,300277000,index
2019-12-19,SENSITIVE,252.47,251.84,252.94,251.84,396196000,index
2019-12-22,SENSITIVE,251.83,251.59,252.25,250.97,333579000,index
2019-12-23,SENSITIVE,251.59,254.53,254.7,251.59,567643000,index
2019-12-24,SENSITIVE,254.79,254.21,255.89,254.14,667528000,index
2019-12-25,SENSITIVE,254.21,254.72,255.58,254.21,469835000,index
2019-12-26,SENSITIVE,254.87,254.36,255.68,254.09,536932000,index
2019-12-29,SENSITIVE,254.36,253.39,254.87,253.01,374475000,index
2019-12-30,SENSITIVE,253.38,253.33,253.38,252.01,607100000,index
2019-12-31,SENSITIVE,253.35,252.31,254.43,251.66,444806000,index
2020-01-01,SENSITIVE,252.44,253.28,253.29,251.8,391918000,index
2020-01-02,SENSITIVE,253.03,252.18,253.21,251.99,436511000,index
2020-01-05,SENSITIVE,251.84,255.69,257.18,251.17,717011000,index
2020-01-06,SENSITIVE,255.95,260.67,260.67,255.95,853981000,index
2020-01-07,SENSITIVE,260.66,264.81,265.09,260.66,1170750000,index
2020-01-08,SENSITIVE,265.19,263.31,266.75,262.82,762966000,index
2020-01-09,SENSITIVE,263.31,264.26,265.42,262.76,651292000,index
2020-01-12,SENSITIVE,264.27,272.73,272.73,264.27,1384340000,index
2020-01-13,SENSITIVE,274.31,276.28,278.98,273.28,1793440000,index
2020-01-14,SENSITIVE,276.28,274.28,277.6,273.17,953419000,index
2020-01-15,SENSITIVE,274.28,278.97,279.93,274.28,943145000,index
2020-01-16,SENSITIVE,278.97,282.87,283.84,278.97,1790000000,index
2020-01-19,SENSITIVE,282.87,288.39,288.94,282.87,2204130000,index
2020-01-20,SENSITIVE,287.91,283.53,292.02,281.78,2217940000,index
2020-01-21,SENSITIVE,283.53,284.43,287.18,282.93,1345880000,index
2020-01-22,SENSITIVE,285.39,282.3,285.95,282.59,1605550000,index
2020-01-23,SENSITIVE,282.62,278.72,283.96,278.36,1446610000,index
2020-01-26,SENSITIVE,278.95,274.62,279.25,274.44,1080420000,index
2020-01-27,SENSITIVE,274.62,279.15,279.15,274.35,945574000,index
2020-01-28,SENSITIVE,279.15,278.67,282.11,278.44,1490590000,index
2020-01-29,SENSITIVE,278.67,278.19,279.82,277.65,1339860000,index
2020-01-30,SENSITIVE,278.19,281.76,282.8,278.19,2111940000,index
2020-02-02,SENSITIVE,281.77,286.75,287.47,281.77,2204130000,index
2020-02-03,SENSITIVE,287.26,287.91,288.91,285.67,1775210000,index
2020-02-04,SENSITIVE,288.84,284.99,288.84,284.54,1798400000,index
2020-02-05,SENSITIVE,285.62,285.92,286.36,284.7,1169270000,index
2020-02-06,SENSITIVE,285.58,284.05,286.73,283.37,1142220000,index
2020-02-09,SENSITIVE,283.71,281.04,283.88,280.6,986021000,index
2020-02-10,SENSITIVE,281.38,281.62,282.88,280.18,868652000,index
2020-02-11,SENSITIVE,281.63,285.37,285.46,281.63,1592060000,index
2020-02-12,SENSITIVE,285.15,285.56,287.77,285.06,1603610000,index
2020-02-13,SENSITIVE,285.76,284.24,287.08,284.11,2001790000,index
2020-02-16,SENSITIVE,284.24,285.82,285.82,283.72,2247240000,index
2020-02-17,SENSITIVE,286.02,293.86,294.09,286.02,2884630000,index
2020-02-18,SENSITIVE,294.23,294.95,298.23,292.97,2276530000,index
2020-02-19,SENSITIVE,294.64,295.94,296.73,293.27,1672770000,index
2020-02-20,SENSITIVE,296.01,300.44,300.44,296.01,3014890000,index
2020-02-23,SENSITIVE,300.7,317.5,317.95,300.7,3918300000,index
2020-02-24,SENSITIVE,318.07,318.0,326.37,317.39,3709420000,index
2020-02-25,SENSITIVE,319.2,326.56,326.35,312.64,3509440000,index
2020-02-26,SENSITIVE,327.02,336.05,336.4,327.02,4588530000,index
2020-02-27,SENSITIVE,336.54,347.68,346.76,328.73,4777270000,index
2020-03-01,SENSITIVE,349.73,340.64,358.34,340.64,5211580000,index
2020-03-02,SENSITIVE,340.82,321.43,341.03,321.43,2308910000,index
2020-03-03,SENSITIVE,320.96,324.04,330.14,309.61,4156260000,index
2020-03-04,SENSITIVE,324.04,308.87,324.33,308.81,3226920000,index
2020-03-05,SENSITIVE,309.4,307.72,313.69,301.77,2643270000,index
2020-03-10,SENSITIVE,307.76,290.36,308.25,290.36,1140950000,index
2020-03-11,SENSITIVE,290.6,304.69,304.69,290.6,2409640000,index
2020-03-12,SENSITIVE,304.74,295.5,306.48,294.11,2338590000,index
2020-03-15,SENSITIVE,292.32,282.62,292.32,282.21,2186430000,index
2020-03-16,SENSITIVE,282.62,283.12,287.33,278.64,1694900000,index
2020-03-17,SENSITIVE,283.12,274.59,283.99,273.37,1576300000,index
2020-03-18,SENSITIVE,274.59,271.79,278.04,266.62,1255910000,index
2020-03-19,SENSITIVE,270.69,273.82,275.99,265.51,2229240000,index
2020-03-22,SENSITIVE,273.83,271.06,275.47,269.98,203018000,index
2020-05-12,SENSITIVE,271.03,265.67,271.03,265.67,100241000,index
2020-05-13,SENSITIVE,265.49,260.32,265.49,260.32,3631580,index
2020-06-29,SENSITIVE,259.5,256.29,259.7,249.85,361076000,index
2020-06-30,SENSITIVE,255.87,271.92,271.92,255.65,252282000,index
2020-07-01,SENSITIVE,272.91,287.02,287.02,272.91,360993000,index
2020-07-02,SENSITIVE,288.96,269.03,292.32,269.03,445725000,index
2020-07-05,SENSITIVE,269.03,269.58,273.68,266.37,870601000,index
2020-07-06,SENSITIVE,269.72,275.88,275.88,268.1,766265000,index
2020-07-07,SENSITIVE,276.26,282.59,284.64,276.26,1208330000,index
2020-07-08,SENSITIVE,282.59,279.95,283.65,278.08,796145000,index
2020-07-09,SENSITIVE,279.95,280.49,280.63,276.88,796836000,index
2020-07-12,SENSITIVE,280.97,281.42,284.16,279.96,1061070000,index
2020-07-13,SENSITIVE,282.34,282.23,284.52,280.2,967894000,index
2020-07-14,SENSITIVE,283.06,284.18,284.43,282.26,924974000,index
2020-07-15,SENSITIVE,284.18,288.24,289.49,284.17,1131960000,index
2020-07-16,SENSITIVE,288.17,295.06,295.67,288.17,1020600000,index
2020-07-19,SENSITIVE,298.37,312.44,312.44,298.37,32598000,index
2020-07-20,SENSITIVE,325.47,309.6,330.06,309.08,2816140000,index
2020-07-21,SENSITIVE,312.11,307.05,313.32,305.0,1883900000,index
2020-07-22,SENSITIVE,307.37,303.14,309.23,302.43,1303170000,index
2020-07-23,SENSITIVE,303.59,303.9,304.58,298.86,1219540000,index
2020-07-26,SENSITIVE,303.98,307.53,307.93,303.95,1855530000,index
2020-07-27,SENSITIVE,307.53,307.31,309.7,305.94,1663170000,index
2020-07-28,SENSITIVE,307.2,305.67,307.89,304.56,1185740000,index
2020-07-29,SENSITIVE,304.58,300.49,304.74,300.54,1599440000,index
2020-07-30,SENSITIVE,300.64,300.95,302.88,297.91,1122380000,index
2020-08-02,SENSITIVE,301.1,292.77,301.1,292.57,1706200000,index
2020-08-03,SENSITIVE,292.77,294.24,295.76,290.06,891972000,index
2020-08-06,SENSITIVE,290.89,289.55,290.89,286.45,811684000,index
2020-08-09,SENSITIVE,289.61,291.02,291.02,285.47,776799000,index
2020-08-10,SENSITIVE,290.76,298.64,298.64,290.76,1483320000,index
2020-08-11,SENSITIVE,299.0,297.27,300.84,296.48,1222760000,index
2020-08-12,SENSITIVE,297.76,297.29,297.88,295.38,969560000,index
2020-08-13,SENSITIVE,297.38,293.84,297.38,293.57,1013860000,index
2020-08-16,SENSITIVE,292.72,288.86,292.72,287.14,1261610000,index
2020-08-17,SENSITIVE,288.95,290.0,290.0,287.03,1074720000,index
2020-08-18,SENSITIVE,290.05,289.77,291.47,288.66,1116660000,index
2020-08-19,SENSITIVE,289.31,287.07,289.41,286.0,921283000,index
2020-08-20,SENSITIVE,287.95,288.36,290.3,287.95,376532000,index
2020-08-23,SENSITIVE,288.36,289.55,289.65,287.51,1091130000,index
2020-08-24,SENSITIVE,289.81,293.14,293.31,289.81,2071610000,index
2020-08-25,SENSITIVE,294.29,293.97,295.68,293.05,1671780000,index
2020-08-26,SENSITIVE,295.04,298.74,299.37,294.47,2446850000,index
2020-08-27,SENSITIVE,299.22,297.1,300.61,296.67,1816570000,index
2020-08-30,SENSITIVE,297.34,296.29,297.34,294.25,1194200000,index
2020-08-31,SENSITIVE,296.18,298.35,299.08,296.18,3367740000,index
2020-09-02,SENSITIVE,301.72,304.6,305.68,300.1,3912380000,index
2020-09-03,SENSITIVE,307.12,304.73,307.69,301.84,2317200000,index
2020-09-06,SENSITIVE,310.81,302.19,310.81,301.04,2510180000,index
2020-09-07,SENSITIVE,302.36,298.64,302.45,298.17,1828480000,index
2020-09-08,SENSITIVE,299.22,299.47,300.72,296.63,1536290000,index
2020-09-09,SENSITIVE,300.4,299.66,300.56,298.14,2407310000,index
2020-09-10,SENSITIVE,299.47,301.38,304.23,299.34,2084670000,index
2020-09-13,SENSITIVE,302.41,303.97,303.99,301.42,3391310000,index
2020-09-14,SENSITIVE,304.83,306.24,307.91,304.83,3139680000,index
2020-09-15,SENSITIVE,307.12,304.65,308.28,304.15,1806370000,index
2020-09-16,SENSITIVE,304.82,305.48,305.86,303.38,1853100000,index
2020-09-17,SENSITIVE,310.32,312.5,313.65,306.69,3261060000,index
2020-09-20,SENSITIVE,316.33,313.62,318.51,312.59,2483090000,index
2020-09-21,SENSITIVE,316.1,312.24,316.32,310.59,2481940000,index
2020-09-22,SENSITIVE,314.79,307.39,314.82,306.84,2819820000,index
2020-09-23,SENSITIVE,308.08,308.34,308.44,304.84,1685610000,index
2020-09-24,SENSITIVE,311.39,309.57,311.39,308.21,2296410000,index
2020-09-27,SENSITIVE,311.74,310.47,312.6,309.43,3053250000,index
2020-09-28,SENSITIVE,310.6,309.6,311.19,309.06,1725240000,index
2020-09-29,SENSITIVE,310.28,307.82,310.28,307.63,1763050000,index
2020-09-30,SENSITIVE,310.55,307.17,310.74,305.7,1925440000,index
2020-10-01,SENSITIVE,309.36,310.15,311.31,307.85,2852650000,index
2020-10-04,SENSITIVE,311.44,312.35,313.53,311.44,2862510000,index
2020-10-05,SENSITIVE,312.52,312.46,315.14,312.02,2555640000,index
2020-10-06,SENSITIVE,314.09,313.22,314.09,312.13,2601750000,index
2020-10-07,SENSITIVE,313.48,316.39,316.72,313.1,3437440000,index
2020-10-08,SENSITIVE,316.67,314.74,319.43,313.75,3005050000,index
2020-10-11,SENSITIVE,315.38,311.73,315.57,311.29,2520650000,index
2020-10-12,SENSITIVE,312.1,313.1,313.58,310.02,2016310000,index
2020-10-13,SENSITIVE,313.51,311.41,314.4,311.3,1881910000,index
2020-10-14,SENSITIVE,312.58,309.75,313.13,309.42,1488770000,index
2020-10-15,SENSITIVE,311.22,310.08,313.19,309.57,1346460000,index
2020-10-18,SENSITIVE,310.97,308.27,311.6,308.01,955337000,index
2020-10-19,SENSITIVE,308.32,310.89,310.89,308.06,1029590000,index
2020-10-20,SENSITIVE,311.56,313.55,313.55,311.49,1323530000,index
2020-10-21,SENSITIVE,315.11,316.65,316.65,314.72,1579850000,index
2020-10-22,SENSITIVE,319.46,318.56,319.46,316.21,2043980000,index
2020-10-28,SENSITIVE,319.96,327.76,327.76,319.96,2728620000,index
2020-10-29,SENSITIVE,329.5,328.04,331.78,326.8,3036920000,index
2020-11-01,SENSITIVE,331.12,326.63,331.45,325.48,2875520000,index
2020-11-02,SENSITIVE,326.65,325.46,328.04,325.23,2494460000,index
2020-11-03,SENSITIVE,324.66,326.6,327.31,324.31,2202660000,index
2020-11-04,SENSITIVE,328.01,326.49,328.01,325.9,1722150000,index
2020-11-05,SENSITIVE,326.58,324.36,327.39,324.19,3043790000,index
2020-11-08,SENSITIVE,326.06,325.94,326.33,324.87,3495830000,index
2020-11-09,SENSITIVE,324.59,325.33,326.8,324.59,3441990000,index
2020-11-10,SENSITIVE,325.63,330.39,330.39,325.63,4095780000,index
2020-11-11,SENSITIVE,330.29,335.62,335.62,330.18,4326560000,index
2020-11-12,SENSITIVE,336.76,338.89,340.17,334.82,4025740000,index
2020-11-18,SENSITIVE,336.92,338.09,338.7,334.83,4569210000,index
2020-11-19,SENSITIVE,339.41,343.07,343.56,338.98,6164170000,index
2020-11-22,SENSITIVE,345.48,345.07,348.47,340.57,6701230000,index
2020-11-23,SENSITIVE,345.52,344.95,347.14,343.88,4810330000,index
2020-11-24,SENSITIVE,346.89,349.37,350.43,346.38,5411360000,index
2020-11-25,SENSITIVE,352.22,362.33,362.33,352.08,6364050000,index
2020-11-26,SENSITIVE,365.33,365.18,372.23,363.28,7432610000,index
2020-11-29,SENSITIVE,369.52,383.93,384.51,368.82,8971370000,index
2020-11-30,SENSITIVE,391.1,385.56,398.54,382.36,9041980000,index
2020-12-01,SENSITIVE,387.35,383.79,388.24,377.83,6956500000,index
2020-12-02,SENSITIVE,387.24,396.04,397.08,387.24,7842250000,index
2020-12-03,SENSITIVE,400.06,392.29,407.27,389.64,7070030000,index
2020-12-06,SENSITIVE,393.38,370.67,393.38,370.67,6186590000,index
2020-12-07,SENSITIVE,371.15,382.77,382.77,367.94,5750240000,index
2020-12-08,SENSITIVE,388.82,380.18,391.54,377.58,5298290000,index
2020-12-09,SENSITIVE,382.12,371.71,382.33,370.78,4373730000,index
2020-12-10,SENSITIVE,373.29,374.02,375.25,368.76,3626430000,index
2020-12-13,SENSITIVE,377.06,382.11,382.11,375.38,4825350000,index
2020-12-14,SENSITIVE,385.02,388.16,388.71,384.74,7113250000,index
2020-12-15,SENSITIVE,393.08,387.42,393.56,385.12,6066600000,index
2020-12-16,SENSITIVE,393.79,386.98,393.79,385.36,5156040000,index
2020-12-17,SENSITIVE,388.85,385.94,390.35,384.31,6314290000,index
2020-12-20,SENSITIVE,390.58,370.24,390.58,369.41,8262960000,index
2020-12-21,SENSITIVE,367.03,376.56,378.72,357.81,6558680000,index
2020-12-22,SENSITIVE,381.38,391.74,391.74,381.12,6695830000,index
2020-12-23,SENSITIVE,397.73,390.51,402.42,388.96,7003460000,index
2020-12-24,SENSITIVE,392.37,386.76,392.45,384.36,5296720000,index
2020-12-27,SENSITIVE,387.75,381.43,389.73,380.36,4458650000,index
2020-12-28,SENSITIVE,381.51,382.57,383.39,378.25,3653710000,index
2020-12-29,SENSITIVE,384.29,382.44,386.2,381.47,3766720000,index
2020-12-30,SENSITIVE,382.69,391.3,391.55,382.43,4268050000,index
2020-12-31,SENSITIVE,393.36,398.7,403.82,393.33,5880060000,index
2021-01-03,SENSITIVE,402.59,415.88,415.88,402.59,5960100000,index
2021-01-04,SENSITIVE,420.66,415.15,423.7,412.53,5683720000,index
2021-01-05,SENSITIVE,413.51,413.68,417.13,411.37,4453090000,index
2021-01-06,SENSITIVE,414.15,418.14,419.03,414.15,4510710000,index
2021-01-07,SENSITIVE,420.3,421.22,423.14,419.03,5992020000,index
2021-01-10,SENSITIVE,421.29,428.43,428.82,421.29,6276600000,index
2021-01-11,SENSITIVE,431.05,429.39,435.22,427.76,5641360000,index
2021-01-12,SENSITIVE,432.19,433.28,433.56,427.5,5352480000,index
2021-01-13,SENSITIVE,434.2,435.25,437.47,433.89,5995980000,index
2021-01-17,SENSITIVE,438.81,443.42,443.87,438.81,6794520000,index
2021-01-18,SENSITIVE,444.46,445.6,448.29,444.32,6534190000,index
2021-01-19,SENSITIVE,451.35,442.82,451.61,438.5,7722690000,index
2021-01-20,SENSITIVE,450.6,443.0,450.6,440.65,6245780000,index
2021-01-21,SENSITIVE,449.85,445.59,449.85,444.02,8126020000,index
2021-01-24,SENSITIVE,447.6,452.06,453.71,447.6,9549320000,index
2021-01-25,SENSITIVE,457.23,451.82,457.23,447.17,9074540000,index
2021-01-26,SENSITIVE,458.21,447.24,458.21,446.78,8511300000,index
2021-01-27,SENSITIVE,448.86,446.38,449.25,444.92,8584760000,index
2021-01-28,SENSITIVE,448.63,442.06,448.63,441.18,10472900000,index
2021-01-31,SENSITIVE,441.7,432.33,441.7,431.4,9286120000,index
2021-02-01,SENSITIVE,432.92,437.28,439.87,432.92,6804030000,index
2021-02-02,SENSITIVE,441.37,451.38,451.38,441.18,8318980000,index
2021-02-03,SENSITIVE,454.48,452.29,460.96,450.39,9503400000,index
2021-02-04,SENSITIVE,453.01,454.02,454.48,448.25,7845040000,index
2021-02-07,SENSITIVE,455.24,459.32,460.58,454.63,11262000000,index
2021-02-08,SENSITIVE,464.52,466.6,466.6,461.01,11134900000,index
2021-02-09,SENSITIVE,466.05,461.7,473.32,460.07,8567570000,index
2021-02-10,SENSITIVE,464.9,465.13,466.32,457.33,7959100000,index
2021-02-11,SENSITIVE,464.48,463.47,470.62,462.87,8913530000,index
2021-02-14,SENSITIVE,463.49,454.12,463.49,453.07,7065710000,index
2021-02-15,SENSITIVE,455.45,469.44,469.44,460.79,10907700000,index
2021-02-16,SENSITIVE,474.9,473.53,479.09,470.07,10781400000,index
2021-02-17,SENSITIVE,472.84,475.0,475.5,471.26,7666990000,index
2021-02-18,SENSITIVE,479.07,481.78,483.84,474.8,8466690000,index
2021-02-21,SENSITIVE,485.54,479.58,485.7,476.23,8323710000,index
2021-02-22,SENSITIVE,485.32,470.36,485.42,469.39,8189690000,index
2021-02-23,SENSITIVE,472.92,467.94,472.92,456.91,8083850000,index
2021-02-24,SENSITIVE,471.44,470.34,477.98,467.56,6383010000,index
2021-02-25,SENSITIVE,475.13,461.81,475.16,460.5,5642740000,index
2021-02-28,SENSITIVE,461.27,447.29,461.27,447.09,7790160000,index
2021-03-01,SENSITIVE,449.97,453.75,455.66,441.53,5375800000,index
2021-03-02,SENSITIVE,454.27,443.95,455.51,440.51,6234930000,index
2021-03-03,SENSITIVE,442.26,436.8,437.7,431.44,6123940000,index
2021-03-04,SENSITIVE,440.08,451.46,451.46,438.19,5650810000,index
2021-03-07,SENSITIVE,454.15,449.68,454.2,445.49,4880400000,index
2021-03-09,SENSITIVE,451.88,445.21,451.88,443.22,4567610000,index
2021-03-10,SENSITIVE,447.52,445.23,447.72,442.41,3892580000,index
2021-03-14,SENSITIVE,448.06,435.13,448.06,433.06,4780390000,index
2021-03-15,SENSITIVE,436.44,430.05,437.75,429.3,3745430000,index
2021-03-16,SENSITIVE,432.68,430.49,434.85,426.69,3388740000,index
2021-03-17,SENSITIVE,432.67,438.6,438.6,430.24,3275660000,index
2021-03-18,SENSITIVE,443.21,444.15,445.17,440.1,5118210000,index
2021-03-21,SENSITIVE,447.39,453.59,453.59,446.74,6163170000,index
2021-03-22,SENSITIVE,456.72,448.8,458.54,447.35,5650790000,index
2021-03-23,SENSITIVE,450.76,448.89,450.83,445.08,4876630000,index
2021-03-24,SENSITIVE,453.45,455.95,455.95,451.31,6729140000,index
2021-03-25,SENSITIVE,458.39,450.31,458.88,449.82,5962170000,index
2021-03-29,SENSITIVE,450.72,449.92,452.43,448.19,3892770000,index
2021-03-30,SENSITIVE,450.64,456.1,456.22,449.94,5788530000,index
2021-03-31,SENSITIVE,459.42,463.59,463.73,458.68,6262950000,index
2021-04-01,SENSITIVE,465.33,466.42,467.79,462.84,7320850000,index
2021-04-04,SENSITIVE,468.47,470.75,470.77,468.3,8106260000,index
2021-04-05,SENSITIVE,474.74,471.84,474.74,467.99,6614910000,index
2021-04-06,SENSITIVE,473.64,476.18,476.18,469.45,6748930000,index
2021-04-07,SENSITIVE,482.42,476.8,482.42,476.21,6700520000,index
2021-04-08,SENSITIVE,476.82,476.51,479.48,474.97,5947110000,index
2021-04-12,SENSITIVE,477.89,480.29,480.88,475.75,7134520000,index
2021-04-13,SENSITIVE,481.77,486.28,486.28,479.65,7178050000,index
2021-04-15,SENSITIVE,485.78,492.44,496.08,485.78,8138620000,index
2021-04-18,SENSITIVE,497.3,486.16,495.0,485.9,8129160000,index
2021-04-19,SENSITIVE,486.51,479.1,486.76,478.16,6362820000,index
2021-04-20,SENSITIVE,481.5,479.6,483.46,475.37,5199680000,index
2021-04-21,SENSITIVE,480.17,473.39,480.51,472.11,5316140000,index
2021-04-22,SENSITIVE,475.61,476.6,477.44,469.08,5464000000,index
2021-04-25,SENSITIVE,477.78,464.05,477.78,462.06,6330480000,index
2021-04-26,SENSITIVE,465.09,452.79,465.19,451.97,6145350000,index
2021-04-27,SENSITIVE,450.54,467.28,467.28,450.54,4927740000,index
2021-04-28,SENSITIVE,470.21,465.11,471.72,462.77,3792800000,index
2021-04-29,SENSITIVE,468.22,469.02,469.28,465.07,3890900000,index
2021-05-02,SENSITIVE,468.68,477.81,477.81,468.68,6460950000,index
2021-05-03,SENSITIVE,480.8,475.12,482.29,474.14,7510300000,index
2021-05-04,SENSITIVE,475.5,475.44,477.04,472.47,5835610000,index
2021-05-05,SENSITIVE,479.53,473.81,479.53,473.51,5520110000,index
2021-05-06,SENSITIVE,476.26,473.04,476.26,470.09,6746590000,index
2021-05-09,SENSITIVE,477.38,470.73,477.38,469.44,5943950000,index
2021-05-10,SENSITIVE,470.64,475.12,475.12,468.98,3843330000,index
2021-05-11,SENSITIVE,474.58,478.24,479.22,474.39,5031070000,index
2021-05-12,SENSITIVE,480.44,478.38,480.96,476.19,4841490000,index
2021-05-13,SENSITIVE,487.61,479.5,487.61,478.88,6007680000,index
2021-05-16,SENSITIVE,480.93,488.14,488.14,480.93,9249840000,index
2021-05-17,SENSITIVE,489.35,492.58,493.69,488.49,8624070000,index
2021-05-18,SENSITIVE,496.69,497.22,497.22,493.16,10783100000,index
2021-05-19,SENSITIVE,499.17,496.14,501.47,493.31,11677400000,index
2021-05-20,SENSITIVE,498.1,498.97,499.45,495.9,8712570000,index
2021-05-23,SENSITIVE,493.69,507.2,507.2,490.89,11164900000,index
2021-05-24,SENSITIVE,511.69,508.49,513.5,505.14,14234200000,index
2021-05-25,SENSITIVE,509.67,503.99,509.67,503.09,11146300000,index
2021-05-27,SENSITIVE,495.91,503.7,507.44,494.42,14735500000,index
2021-05-30,SENSITIVE,506.96,507.05,511.45,504.44,17043200000,index
2021-05-31,SENSITIVE,509.76,500.55,511.49,500.01,14213942672,index
2021-06-01,SENSITIVE,501.44,497.32,503.29,493.86,8334330111,index
2021-06-02,SENSITIVE,499.44,505.15,505.15,496.56,10432600000,index
2021-06-03,SENSITIVE,507.26,513.11,516.72,507.26,15874300000,index
2021-06-06,SENSITIVE,519.91,520.99,523.76,517.32,15854700000,index
2021-06-07,SENSITIVE,524.22,520.63,524.53,517.75,15324700000,index
2021-06-08,SENSITIVE,524.64,528.1,530.46,523.52,15640600000,index
2021-06-09,SENSITIVE,534.96,525.28,534.98,523.74,17480400000,index
2021-06-10,SENSITIVE,528.1,527.87,528.57,522.44,17193000000,index
2021-06-13,SENSITIVE,531.05,539.41,539.41,531.05,19842400000,index
2021-06-14,SENSITIVE,543.62,550.02,555.3,543.52,19615797195,index
2021-06-15,SENSITIVE,557.42,550.26,559.01,546.33,17161072456,index
2021-06-16,SENSITIVE,545.98,541.7,554.47,536.35,15931715623,index
2021-06-17,SENSITIVE,545.67,541.12,545.67,536.96,10738900000,index
2021-06-20,SENSITIVE,543.4,528.51,543.4,524.62,11711700000,index
2021-06-21,SENSITIVE,531.24,520.18,531.31,515.65,11275100000,index
2021-06-22,SENSITIVE,520.98,536.34,536.34,517.48,9520950000,index
2021-06-23,SENSITIVE,538.8,528.82,540.79,528.09,8949210207,index
2021-06-24,SENSITIVE,529.06,525.65,531.84,524.3,7375639314,index
2021-06-27,SENSITIVE,529.75,529.41,533.93,522.83,7628779904,index
2021-06-28,SENSITIVE,536.46,533.58,537.01,527.93,8525198478,index
2021-06-29,SENSITIVE,534.67,523.7,535.32,522.95,7479158167,index
2021-06-30,SENSITIVE,528.42,522.38,528.66,514.67,6310102939,index
2021-07-01,SENSITIVE,525.62,528.79,532.49,525.5,6649250863,index
2021-07-04,SENSITIVE,530.04,528.46,531.91,527.2,5541761565,index
2021-07-05,SENSITIVE,530.64,528.72,530.64,524.78,5101599910,index
2021-07-06,SENSITIVE,530.09,526.75,530.9,525.21,4638563733,index
2021-07-07,SENSITIVE,525.59,525.25,528.3,523.49,4804246887,index
2021-07-08,SENSITIVE,526.71,529.66,530.9,523.34,4935661149,index
2021-07-11,SENSITIVE,531.55,543.43,543.67,531.34,8109406758,index
2021-07-12,SENSITIVE,544.49,534.78,549.63,533.01,10011103605,index
2021-07-13,SENSITIVE,537.77,539.52,541.65,533.55,6290814742,index
2021-07-14,SENSITIVE,540.36,539.38,541.13,536.38,5538671055,index
2021-07-15,SENSITIVE,541.28,541.41,542.56,539.65,7678264285,index
2021-07-18,SENSITIVE,543.38,560.96,560.97,542.97,12503527810,index
2021-07-19,SENSITIVE,567.16,560.94,570.65,559.06,11930853446,index
2021-07-20,SENSITIVE,562.97,558.19,563.02,556.92,8185456812,index
2021-07-22,SENSITIVE,558.49,562.28,565.1,558.16,10644889634,index
2021-07-25,SENSITIVE,565.47,574.04,574.19,565.48,14184726706,index
2021-07-26,SENSITIVE,577.8,571.11,578.44,569.73,13991329001,index
2021-07-27,SENSITIVE,562.83,574.3,575.77,559.34,15522223250,index
2021-07-28,SENSITIVE,576.26,574.32,580.41,570.9,13856050559,index
2021-07-29,SENSITIVE,575.77,570.92,575.77,570.2,11236587365,index
2021-08-01,SENSITIVE,572.29,572.16,574.89,571.0,12267672460,index
2021-08-02,SENSITIVE,574.02,572.46,575.18,571.12,10946652100,index
2021-08-03,SENSITIVE,573.28,577.52,577.52,573.26,11903238813,index
2021-08-04,SENSITIVE,581.49,578.36,582.61,577.56,15825807697,index
2021-08-05,SENSITIVE,580.05,577.32,581.23,576.07,15184888581,index
2021-08-08,SENSITIVE,578.96,578.01,581.22,576.3,14787615181,index
2021-08-09,SENSITIVE,578.95,575.96,580.38,574.38,14877428422,index
2021-08-10,SENSITIVE,577.41,588.09,589.33,576.03,18441605952,index
2021-08-11,SENSITIVE,588.78,585.71,594.72,584.14,15817428523,index
2021-08-12,SENSITIVE,586.68,591.18,593.24,585.65,17571404964,index
2021-08-15,SENSITIVE,582.27,589.37,593.34,577.32,22812032713,index
2021-08-16,SENSITIVE,590.65,592.94,593.54,585.57,17188580940,index
2021-08-17,SENSITIVE,593.35,593.28,596.34,591.41,19093025851,index
2021-08-18,SENSITIVE,594.31,598.49,603.89,591.33,22074311313,index
2021-08-19,SENSITIVE,598.96,590.48,604.13,589.54,21620172657,index
2021-08-24,SENSITIVE,587.21,577.67,589.84,576.87,17043903935,index
2021-08-25,SENSITIVE,577.72,568.0,577.73,566.12,12458327900,index
2021-08-26,SENSITIVE,569.57,571.46,575.54,566.62,13673677296,index
2021-08-29,SENSITIVE,573.54,562.86,576.08,561.76,15707227499,index
2021-08-31,SENSITIVE,563.05,550.53,563.73,549.19,13953321017,index
2021-09-01,SENSITIVE,550.41,550.68,559.22,547.9,9824609904,index
2021-09-02,SENSITIVE,550.31,541.78,556.09,539.44,10061979340,index
2021-09-05,SENSITIVE,541.48,522.0,541.66,514.84,11661573025,index
2021-09-06,SENSITIVE,521.65,553.4,553.6,519.32,10240819724,index
2021-09-07,SENSITIVE,557.8,548.43,558.93,542.41,8344286819,index
2021-09-08,SENSITIVE,549.43,536.82,549.44,535.42,7354403358,index
2021-09-09,SENSITIVE,537.37,535.26,543.32,534.03,7328715088,index
2021-09-12,SENSITIVE,537.11,548.32,548.33,537.11,10437392690,index
2021-09-13,SENSITIVE,550.32,548.87,555.24,547.11,10244324440,index
2021-09-14,SENSITIVE,549.67,545.67,552.38,543.37,5494689108,index
2021-09-15,SENSITIVE,546.4,538.52,547.39,537.34,5467157042,index
2021-09-16,SENSITIVE,539.09,525.78,539.09,522.56,9520028392,index
2021-09-20,SENSITIVE,525.46,506.27,526.32,505.79,8700501516,index
2021-09-21,SENSITIVE,504.87,508.63,518.78,490.67,7655979405,index
2021-09-22,SENSITIVE,509.21,528.1,528.94,509.21,6520736722,index
2021-09-23,SENSITIVE,533.12,530.07,541.61,527.4,8306162817,index
2021-09-26,SENSITIVE,534.43,519.27,536.2,519.06,6579596399,index
2021-09-27,SENSITIVE,520.62,506.33,522.02,504.3,5434819329,index
2021-09-28,SENSITIVE,506.48,494.88,508.5,491.74,6039895015,index
2021-09-29,SENSITIVE,495.71,503.46,503.54,488.29,5429986561,index
2021-09-30,SENSITIVE,504.73,497.05,508.7,495.94,3829609774,index
2021-10-03,SENSITIVE,497.3,486.27,498.57,485.46,4293344530,index
2021-10-04,SENSITIVE,486.27,484.99,490.36,479.36,3766744301,index
2021-10-05,SENSITIVE,484.72,492.02,493.8,484.68,2886030543,index
2021-10-06,SENSITIVE,492.68,504.74,504.82,492.68,4531217804,index
2021-10-10,SENSITIVE,506.28,499.78,512.56,497.72,4355498845,index
2021-10-11,SENSITIVE,499.64,494.22,501.29,489.95,3478806419,index
2021-10-17,SENSITIVE,494.79,497.36,499.59,491.15,1432499665,index
2021-10-18,SENSITIVE,496.35,485.19,496.35,483.65,2960655070,index
2021-10-19,SENSITIVE,485.15,471.96,485.41,465.81,3739425762,index
2021-10-20,SENSITIVE,474.02,484.05,487.2,473.93,2707868751,index
2021-10-21,SENSITIVE,484.55,483.45,487.31,479.53,2769078311,index
2021-10-24,SENSITIVE,483.22,490.97,491.13,479.21,2871030990,index
2021-10-25,SENSITIVE,491.47,504.58,504.59,491.02,4482257617,index
2021-10-26,SENSITIVE,505.51,516.08,516.5,504.85,6419938008,index
2021-10-27,SENSITIVE,516.07,516.57,524.25,509.35,6754234931,index
2021-10-28,SENSITIVE,517.21,521.0,521.52,513.37,5890351064,index
2021-10-31,SENSITIVE,522.67,530.46,530.94,520.37,8236591023,index
2021-11-01,SENSITIVE,535.55,528.58,538.73,525.68,7973699920,index
2021-11-02,SENSITIVE,529.76,531.42,532.55,523.71,6081941244,index
2021-11-03,SENSITIVE,534.75,531.09,536.83,528.3,6814477803,index
2021-11-08,SENSITIVE,532.52,528.85,534.12,526.11,4496456861,index
2021-11-09,SENSITIVE,528.83,512.83,528.84,510.1,6579265333,index
2021-11-11,SENSITIVE,513.18,502.2,513.43,502.18,5168636740,index
2021-11-14,SENSITIVE,502.06,502.44,505.27,496.7,4222393012,index
2021-11-15,SENSITIVE,502.45,506.54,509.13,500.75,5105055264,index
2021-11-16,SENSITIVE,507.86,521.46,521.49,506.11,5991754150,index
2021-11-17,SENSITIVE,524.76,525.44,530.03,522.85,7717027570,index
2021-11-18,SENSITIVE,525.29,522.01,526.71,518.36,6477420282,index
2021-11-21,SENSITIVE,522.47,518.25,523.81,517.12,4360266461,index
2021-11-22,SENSITIVE,518.49,519.46,522.45,518.16,3846779564,index
2021-11-23,SENSITIVE,519.44,515.48,520.23,512.81,4166491500,index
2021-11-24,SENSITIVE,516.58,515.19,517.19,507.6,4184234173,index
2021-11-25,SENSITIVE,515.33,515.65,518.58,513.31,3632229841,index
2021-11-28,SENSITIVE,515.63,501.46,515.92,499.92,5763946555,index
2021-11-29,SENSITIVE,501.68,495.45,506.42,494.72,4083932858,index
2021-11-30,SENSITIVE,495.38,495.86,499.3,490.23,3191060578,index
2021-12-01,SENSITIVE,495.82,496.74,500.78,495.3,2893002812,index
2021-12-02,SENSITIVE,497.32,487.52,498.99,485.99,3482213848,index
2021-12-05,SENSITIVE,487.12,473.35,487.32,471.88,4484038240,index
2021-12-06,SENSITIVE,472.12,480.98,480.98,461.16,4723607070,index
2021-12-07,SENSITIVE,481.54,474.13,488.47,473.79,3225832652,index
2021-12-08,SENSITIVE,474.3,464.81,475.01,463.41,2862482976,index
2021-12-09,SENSITIVE,463.5,465.23,468.4,460.62,2710489858,index
2021-12-12,SENSITIVE,464.8,450.06,466.52,449.86,3438453108,index
2021-12-13,SENSITIVE,447.7,437.59,448.59,433.23,4100514599,index
2021-12-14,SENSITIVE,437.67,460.3,460.34,437.14,1862468443,index
2021-12-15,SENSITIVE,462.62,459.41,472.91,453.23,4734675845,index
2021-12-16,SENSITIVE,459.8,453.53,460.18,452.27,2462547233,index
2021-12-20,SENSITIVE,457.04,451.19,457.04,448.9,2702799903,index
2021-12-21,SENSITIVE,451.74,462.52,463.68,451.73,2611572607,index
2021-12-22,SENSITIVE,465.4,477.26,480.11,465.07,5359332572,index
2021-12-23,SENSITIVE,480.71,477.36,482.65,474.17,4841946259,index
2021-12-26,SENSITIVE,478.99,482.74,485.03,478.6,5231993737,index
2021-12-27,SENSITIVE,483.49,471.89,485.61,471.47,5396498338,index
2021-12-28,SENSITIVE,472.21,470.98,473.46,465.68,3264088012,index
2021-12-29,SENSITIVE,471.04,471.24,473.88,469.87,4170525434,index
2022-01-02,SENSITIVE,473.79,482.01,482.07,473.06,4608144970,index
2022-01-03,SENSITIVE,483.87,487.87,490.97,483.45,4862264535,index
2022-01-04,SENSITIVE,487.98,503.72,503.72,483.29,4485951201,index
2022-01-05,SENSITIVE,504.96,497.01,507.69,495.55,4729971743,index
2022-01-06,SENSITIVE,497.1,506.16,506.23,494.2,3751214975,index
2022-01-09,SENSITIVE,507.32,519.37,519.73,507.32,7281378270,index
2022-01-10,SENSITIVE,520.9,522.53,525.43,515.93,7262505592,index
2022-01-11,SENSITIVE,523.45,528.87,531.41,518.69,6698957371,index
2022-01-12,SENSITIVE,529.67,521.88,535.13,520.4,8407557943,index
2022-01-13,SENSITIVE,522.23,530.83,530.92,521.33,6941863502,index
2022-01-16,SENSITIVE,532.6,542.63,545.46,532.59,9371462753,index
2022-01-17,SENSITIVE,546.38,546.36,547.41,539.8,7708800384,index
2022-01-18,SENSITIVE,548.27,547.46,555.21,542.11,8393751246,index
2022-01-19,SENSITIVE,548.72,539.65,552.42,537.91,5959440570,index
2022-01-20,SENSITIVE,540.42,543.74,546.15,536.8,5652102317,index
2022-01-23,SENSITIVE,545.34,544.1,550.77,540.97,6675832411,index
2022-01-24,SENSITIVE,545.89,526.03,545.9,522.6,9057124456,index
2022-01-25,SENSITIVE,528.24,524.94,532.82,519.12,5604827205,index
2022-01-26,SENSITIVE,525.05,518.34,526.23,516.13,4359294589,index
2022-01-27,SENSITIVE,518.44,518.72,522.63,517.76,3195966234,index
2022-01-30,SENSITIVE,523.11,538.53,538.57,523.08,6059335155,index
2022-01-31,SENSITIVE,541.44,538.93,543.51,535.69,5220848973,index
2022-02-01,SENSITIVE,539.5,542.9,544.26,535.82,6988114601,index
2022-02-03,SENSITIVE,544.06,539.65,548.96,536.96,8465641682,index
2022-02-06,SENSITIVE,540.16,532.28,540.22,530.72,5992175165,index
2022-02-07,SENSITIVE,531.79,535.31,535.5,529.55,4753023263,index
2022-02-08,SENSITIVE,540.52,532.49,548.42,530.17,6495919572,index
2022-02-09,SENSITIVE,532.5,528.99,532.65,526.19,3444029344,index
2022-02-10,SENSITIVE,529.43,527.28,531.41,525.23,3897287100,index
2022-02-13,SENSITIVE,523.88,511.66,523.88,510.45,6026514824,index
2022-02-14,SENSITIVE,511.45,511.3,517.38,510.31,4266169611,index
2022-02-15,SENSITIVE,511.36,522.13,522.21,511.35,3488049786,index
2022-02-16,SENSITIVE,522.15,518.66,525.46,516.54,3363400418,index
2022-02-17,SENSITIVE,518.75,518.64,519.94,516.86,2088975070,index
2022-02-20,SENSITIVE,514.85,513.64,516.45,506.64,3604275835,index
2022-02-21,SENSITIVE,513.71,518.79,519.15,513.43,2713342813,index
2022-02-22,SENSITIVE,518.89,523.15,525.54,518.71,2977846829,index
2022-02-23,SENSITIVE,520.93,517.93,525.27,517.33,2868530413,index
2022-02-24,SENSITIVE,515.76,507.58,515.83,505.85,4195319767,index
2022-02-27,SENSITIVE,506.57,506.84,512.15,502.98,2926720958,index
2022-02-28,SENSITIVE,508.33,500.21,512.75,498.96,3434108532,index
2022-03-02,SENSITIVE,500.38,488.83,500.37,488.29,3417744926,index
2022-03-06,SENSITIVE,488.14,490.13,494.25,486.57,2291848888,index
2022-03-07,SENSITIVE,489.28,492.53,495.34,489.28,2154023395,index
2022-03-10,SENSITIVE,487.15,493.53,493.53,483.54,2782701942,index
2022-03-13,SENSITIVE,495.2,509.9,509.92,495.18,4575530816,index
2022-03-14,SENSITIVE,511.4,509.85,512.25,505.87,1365783783,index
2022-03-15,SENSITIVE,511.59,502.58,511.61,502.5,3069591176,index
2022-03-16,SENSITIVE,502.7,497.39,504.57,495.97,2502987227,index
2022-03-20,SENSITIVE,498.05,494.38,499.21,492.35,1989774419,index
2022-03-21,SENSITIVE,495.01,496.3,496.51,489.7,2281062089,index
2022-03-22,SENSITIVE,495.89,499.33,500.5,495.89,2152924813,index
2022-03-23,SENSITIVE,499.39,495.11,499.68,493.7,1891122402,index
2022-03-24,SENSITIVE,495.15,488.94,495.55,488.41,2789288281,index
2022-03-27,SENSITIVE,489.51,479.39,490.72,477.62,4706483342,index
2022-03-28,SENSITIVE,479.9,474.09,480.75,473.33,2242240542,index
2022-03-29,SENSITIVE,474.09,471.93,477.51,470.99,1610362217,index
2022-03-30,SENSITIVE,472.27,480.06,480.84,470.78,2017808049,index
2022-03-31,SENSITIVE,480.1,475.47,484.37,474.22,1642598126,index
2022-04-03,SENSITIVE,475.47,469.03,476.85,468.4,1327419838,index
2022-04-04,SENSITIVE,469.19,466.56,472.27,466.01,1429006587,index
2022-04-05,SENSITIVE,468.96,458.22,469.06,455.27,2619663828,index
2022-04-06,SENSITIVE,458.23,455.6,460.44,452.29,1811776070,index
2022-04-07,SENSITIVE,455.73,463.75,464.64,455.61,1855416070,index
2022-04-11,SENSITIVE,464.84,454.87,471.75,454.2,2044730063,index
2022-04-12,SENSITIVE,455.66,449.12,457.11,448.26,1379730285,index
2022-04-13,SENSITIVE,449.32,456.09,456.11,446.35,1302594105,index
2022-04-17,SENSITIVE,458.33,450.97,460.52,449.88,1228670754,index
2022-04-18,SENSITIVE,451.24,444.15,451.53,443.27,1444284679,index
2022-04-19,SENSITIVE,445.1,447.76,450.56,438.92,1238587221,index
2022-04-20,SENSITIVE,449.77,441.08,450.89,440.43,1223568686,index
2022-04-21,SENSITIVE,442.68,443.14,445.11,436.46,1436902827,index
2022-04-24,SENSITIVE,444.74,460.88,463.22,444.32,2025767112,index
2022-04-25,SENSITIVE,461.29,454.69,464.61,453.68,1839402263,index
2022-04-26,SENSITIVE,454.69,452.95,457.79,449.81,955897954,index
2022-04-27,SENSITIVE,453.23,454.56,454.56,448.27,1023901249,index
2022-04-28,SENSITIVE,455.61,450.24,457.3,449.57,1363368003,index
2022-05-02,SENSITIVE,450.22,441.79,450.34,441.22,1279240000,index
2022-05-04,SENSITIVE,443.04,436.88,443.53,434.88,1154300834,index
2022-05-05,SENSITIVE,436.84,432.55,437.04,428.55,1508717745,index
2022-05-08,SENSITIVE,432.65,436.35,436.55,426.4,1189594617,index
2022-05-09,SENSITIVE,438.14,439.47,443.9,435.99,558336625,index
2022-05-10,SENSITIVE,439.51,447.14,447.85,439.41,562479680,index
2022-05-11,SENSITIVE,447.39,456.66,456.66,447.39,821734867,index
2022-05-12,SENSITIVE,457.2,453.96,459.53,451.99,797425338,index
2022-05-17,SENSITIVE,453.96,438.68,453.96,438.34,569881493,index
2022-05-18,SENSITIVE,437.45,441.09,442.75,433.98,453084753,index
2022-05-19,SENSITIVE,441.19,437.21,443.32,436.61,377761963,index
2022-05-23,SENSITIVE,435.88,429.05,437.73,426.45,456609142,index
2022-05-24,SENSITIVE,429.86,432.67,433.84,426.63,328933027,index
2022-05-25,SENSITIVE,434.21,435.09,437.0,433.34,332103875,index
2022-05-27,SENSITIVE,437.24,433.07,439.52,431.54,496613019,index
2022-05-30,SENSITIVE,434.82,422.74,435.65,422.74,542956662,index
2022-05-31,SENSITIVE,422.21,415.63,422.2,413.46,503170714,index
2022-06-01,SENSITIVE,415.72,414.47,418.57,411.99,470461232,index
2022-06-02,SENSITIVE,414.39,410.66,417.18,409.55,401653521,index
2022-06-03,SENSITIVE,411.87,403.48,412.04,402.55,566980160,index
2022-06-07,SENSITIVE,400.06,389.12,400.05,388.5,489976103,index
2022-06-08,SENSITIVE,388.79,400.37,403.45,387.86,617703271,index
2022-06-10,SENSITIVE,398.22,392.25,398.41,390.18,335106670,index
2022-06-13,SENSITIVE,392.84,389.98,393.63,388.81,322155561,index
2022-06-14,SENSITIVE,389.99,383.51,390.94,382.6,332176650,index
2022-06-15,SENSITIVE,384.77,378.9,384.76,375.19,589734994,index
2022-06-16,SENSITIVE,378.89,381.83,383.48,375.15,458495729,index
2022-06-17,SENSITIVE,381.93,381.14,385.54,380.41,306728199,index
2022-06-19,SENSITIVE,381.14,373.85,381.73,372.48,428331671,index
2022-06-21,SENSITIVE,366.18,375.09,376.13,364.64,489769639,index
2022-06-22,SENSITIVE,375.37,369.15,375.91,368.59,276846641,index
2022-06-23,SENSITIVE,368.33,362.09,368.59,359.08,478742337,index
2022-06-24,SENSITIVE,362.12,364.9,367.56,354.87,391919165,index
2022-06-26,SENSITIVE,365.2,382.84,382.84,365.18,808923239,index
2022-06-27,SENSITIVE,384.48,375.82,388.21,375.71,702377733,index
2022-06-28,SENSITIVE,375.67,372.6,375.72,370.19,316530952,index
2022-06-30,SENSITIVE,379.62,391.78,392.26,379.32,899119483,index
2022-07-01,SENSITIVE,393.21,388.62,394.16,387.62,555477273,index
2022-07-03,SENSITIVE,388.63,398.82,398.82,386.58,1011505838,index
2022-07-04,SENSITIVE,400.83,395.94,409.21,392.53,1471892276,index
2022-07-05,SENSITIVE,396.44,387.23,399.06,386.51,915943332,index
2022-07-07,SENSITIVE,390.14,385.49,395.47,384.83,552253716,index
2022-07-08,SENSITIVE,386.09,379.89,386.6,378.92,420565712,index
2022-07-11,SENSITIVE,379.91,366.86,379.92,366.42,850629256,index
2022-07-14,SENSITIVE,381.56,383.14,385.43,379.4,999161869,index
2022-07-15,SENSITIVE,383.15,385.91,385.91,380.07,544601679,index
2022-07-17,SENSITIVE,386.71,385.93,387.14,382.37,490847168,index
2022-07-18,SENSITIVE,385.97,388.76,388.82,383.59,460367256,index
2022-07-19,SENSITIVE,388.81,391.53,394.62,388.19,942470148,index
2022-07-21,SENSITIVE,393.08,391.64,396.73,390.16,643042262,index
2022-07-22,SENSITIVE,391.74,386.24,391.73,385.63,509358169,index
2022-07-24,SENSITIVE,388.36,398.33,398.33,387.81,961023616,index
2022-07-25,SENSITIVE,398.57,407.38,407.99,398.56,1677709522,index
2022-07-26,SENSITIVE,407.51,398.39,409.05,397.77,1368334315,index
2022-07-27,SENSITIVE,398.41,402.92,402.97,393.98,1148317461,index
2022-07-28,SENSITIVE,403.32,405.62,410.85,401.29,1828881735,index
2022-07-29,SENSITIVE,405.7,409.48,411.69,403.52,828571090,index
2022-07-31,SENSITIVE,409.38,419.2,419.35,409.38,1634034590,index
2022-08-01,SENSITIVE,420.75,421.14,426.29,417.01,1746004476,index
2022-08-02,SENSITIVE,421.37,421.13,423.74,416.28,1103407181,index
2022-08-03,SENSITIVE,421.99,420.5,425.66,419.67,1326395432,index
2022-08-04,SENSITIVE,420.98,412.25,421.7,411.96,1313627658,index
2022-08-05,SENSITIVE,412.86,406.45,412.94,404.45,848070384,index
2022-08-07,SENSITIVE,406.16,409.55,410.71,405.24,857357639,index
2022-08-08,SENSITIVE,410.92,406.11,413.44,405.68,924239828,index
2022-08-09,SENSITIVE,406.31,397.43,407.61,396.28,949893510,index
2022-08-10,SENSITIVE,396.64,395.75,399.15,392.39,707386048,index
2022-08-11,SENSITIVE,395.96,391.67,398.93,391.46,624582622,index
2022-08-14,SENSITIVE,391.31,386.9,393.12,386.69,737024770,index
2022-08-15,SENSITIVE,386.88,398.13,398.13,386.12,891111257,index
2022-08-16,SENSITIVE,399.71,394.39,403.29,393.14,1309694610,index
2022-08-17,SENSITIVE,395.49,394.67,397.49,393.29,615622188,index
2022-08-18,SENSITIVE,395.12,400.08,400.8,395.02,829630945,index
2022-08-21,SENSITIVE,400.4,398.58,404.65,397.8,856097300,index
2022-08-22,SENSITIVE,398.79,397.11,400.05,395.43,499741355,index
2022-08-23,SENSITIVE,397.11,397.69,398.54,396.25,448367762,index
2022-08-24,SENSITIVE,398.0,398.29,402.02,397.49,537152177,index
2022-08-25,SENSITIVE,398.33,394.51,400.91,393.66,576879544,index
2022-08-26,SENSITIVE,394.52,391.74,394.51,389.72,467383989,index
2022-08-28,SENSITIVE,391.72,385.7,391.71,385.08,743568876,index
2022-08-29,SENSITIVE,385.61,387.46,388.08,383.22,526433574,index
2022-08-30,SENSITIVE,387.66,388.95,391.42,386.22,390136428,index
2022-08-31,SENSITIVE,388.36,384.59,388.79,383.24,475250697,index
2022-09-01,SENSITIVE,384.45,383.93,385.4,380.07,538033961,index
2022-09-02,SENSITIVE,383.13,383.2,385.89,381.53,304954454,index
2022-09-04,SENSITIVE,383.2,383.77,386.58,382.29,401158522,index
2022-09-05,SENSITIVE,383.77,382.95,386.17,382.61,329658440,index
2022-09-06,SENSITIVE,383.17,379.08,384.22,378.49,484461334,index
2022-09-07,SENSITIVE,379.15,377.38,380.4,375.87,346770116,index
2022-09-08,SENSITIVE,377.46,376.84,379.17,374.57,343034911,index
2022-09-11,SENSITIVE,376.88,374.73,378.86,374.41,269628859,index
2022-09-12,SENSITIVE,374.84,372.34,376.21,371.44,306248859,index
2022-09-13,SENSITIVE,372.34,376.17,377.66,372.29,316480470,index
2022-09-14,SENSITIVE,376.33,385.36,386.06,376.32,534871747,index
2022-09-15,SENSITIVE,385.42,374.13,387.15,373.21,791566120,index
2022-09-16,SENSITIVE,373.4,371.9,373.39,366.82,351324513,index
2022-09-18,SENSITIVE,371.99,365.86,372.43,365.35,484336000,index
2022-09-20,SENSITIVE,365.83,358.87,366.35,358.21,481473159,index
2022-09-21,SENSITIVE,358.87,360.88,363.66,358.83,271788862,index
2022-09-22,SENSITIVE,360.88,359.43,362.91,359.12,215022359,index
2022-09-25,SENSITIVE,359.3,355.6,359.42,354.8,321476969,index
2022-09-27,SENSITIVE,355.61,358.14,361.23,355.51,256977167,index
2022-09-28,SENSITIVE,358.2,359.59,361.3,358.19,167470529,index
2022-09-29,SENSITIVE,359.52,363.42,363.55,359.1,233739366,index
2022-10-09,SENSITIVE,363.76,372.21,372.24,363.75,246847029,index
2022-10-10,SENSITIVE,372.25,366.84,374.47,365.69,295676909,index
2022-10-11,SENSITIVE,366.74,363.63,367.15,362.7,232316655,index
2022-10-12,SENSITIVE,363.63,366.19,367.11,362.35,279902099,index
2022-10-13,SENSITIVE,366.23,367.14,368.91,364.83,302118526,index
2022-10-16,SENSITIVE,367.49,365.42,368.6,363.47,383738019,index
2022-10-17,SENSITIVE,365.44,365.62,366.82,364.51,194354539,index
2022-10-19,SENSITIVE,365.74,362.96,367.3,362.44,285602261,index
2022-10-20,SENSITIVE,363.07,363.05,364.34,361.03,216157011,index
2022-10-23,SENSITIVE,363.24,365.93,366.03,363.23,216612155,index
2022-10-31,SENSITIVE,366.76,370.82,370.82,366.1,336594577,index
2022-11-01,SENSITIVE,370.89,382.14,382.3,370.41,565858274,index
2022-11-02,SENSITIVE,382.36,382.94,387.26,378.8,585460849,index
2022-11-03,SENSITIVE,382.94,379.43,384.01,378.79,398039164,index
2022-11-06,SENSITIVE,379.84,387.52,387.58,379.64,565325283,index
2022-11-07,SENSITIVE,387.67,385.33,391.0,384.64,776357952,index
2022-11-08,SENSITIVE,385.42,384.21,386.88,383.28,404047585,index
2022-11-09,SENSITIVE,384.25,376.53,385.53,375.89,485456729,index
2022-11-10,SENSITIVE,376.79,372.37,378.76,371.55,425587215,index
2022-11-13,SENSITIVE,372.29,370.53,374.26,369.81,272081603,index
2022-11-14,SENSITIVE,370.52,375.04,375.53,369.69,400579268,index
2022-11-15,SENSITIVE,375.05,373.71,377.99,373.09,403748998,index
2022-11-16,SENSITIVE,373.62,376.57,377.32,373.54,336690598,index
2022-11-17,SENSITIVE,376.48,381.06,381.61,376.33,747784748,index
2022-11-22,SENSITIVE,381.97,379.61,386.33,378.82,560203998,index
2022-11-23,SENSITIVE,379.95,377.91,381.04,376.15,371819345,index
2022-11-24,SENSITIVE,378.04,380.93,380.93,377.07,435265406,index
2022-11-27,SENSITIVE,381.35,386.27,386.27,380.96,997686565,index
2022-11-28,SENSITIVE,386.91,382.61,388.46,381.74,640631449,index
2022-11-29,SENSITIVE,382.62,382.69,383.97,378.77,358752202,index
2022-11-30,SENSITIVE,382.79,381.85,383.5,381.11,275602216,index
2022-12-01,SENSITIVE,382.92,383.67,385.46,380.66,416497819,index
2022-12-04,SENSITIVE,383.68,384.84,386.64,383.43,539355618,index
2022-12-05,SENSITIVE,385.23,379.64,385.27,379.25,721518871,index
2022-12-06,SENSITIVE,379.49,378.08,380.0,376.11,424533064,index
2022-12-07,SENSITIVE,378.44,373.65,378.89,373.3,361247589,index
2022-12-11,SENSITIVE,373.1,367.37,374.32,367.21,410368087,index
2022-12-12,SENSITIVE,367.14,372.94,372.96,364.08,437224998,index
2022-12-13,SENSITIVE,371.89,371.31,372.34,368.75,335489167,index
2022-12-14,SENSITIVE,371.31,370.19,373.11,369.03,269648398,index
2022-12-15,SENSITIVE,370.28,368.05,370.65,367.42,336522106,index
2022-12-18,SENSITIVE,368.36,362.82,368.36,361.92,465000760,index
2022-12-19,SENSITIVE,362.83,363.97,365.03,361.81,354407280,index
2022-12-20,SENSITIVE,364.24,366.65,368.53,363.89,394783220,index
2022-12-21,SENSITIVE,366.16,365.34,369.44,364.89,419997712,index
2022-12-22,SENSITIVE,363.74,367.07,367.07,360.9,539333422,index
2022-12-26,SENSITIVE,366.76,375.45,375.45,364.73,963956685,index
2022-12-27,SENSITIVE,376.76,386.05,388.91,376.74,1392066295,index
2022-12-28,SENSITIVE,388.1,381.33,388.23,380.78,753605766,index
2022-12-29,SENSITIVE,381.62,391.3,391.6,380.31,1175897215,index
2023-01-01,SENSITIVE,393.27,394.02,401.38,390.91,1513559135,index
2023-01-02,SENSITIVE,392.99,395.02,396.86,389.96,1084669853,index
2023-01-03,SENSITIVE,395.61,394.63,398.79,392.62,1449649204,index
2023-01-04,SENSITIVE,396.27,408.72,408.88,396.27,1373368395,index
2023-01-05,SENSITIVE,410.5,411.23,416.8,407.13,2137587611,index
2023-01-08,SENSITIVE,412.35,411.24,416.02,407.64,1920397600,index
2023-01-09,SENSITIVE,412.8,419.91,419.92,409.55,2031104348,index
2023-01-10,SENSITIVE,421.0,419.15,436.51,417.58,3016683635,index
2023-01-12,SENSITIVE,421.73,411.26,428.32,410.44,2018482266,index
2023-01-17,SENSITIVE,412.04,415.83,416.65,408.92,1360122938,index
2023-01-18,SENSITIVE,416.39,413.91,421.56,412.55,1840326476,index
2023-01-19,SENSITIVE,414.05,415.06,418.1,411.82,1088814448,index
2023-01-23,SENSITIVE,415.76,413.01,420.12,412.59,1372034099,index
2023-01-24,SENSITIVE,413.05,415.54,415.54,408.49,1056668409,index
2023-01-25,SENSITIVE,415.62,414.25,418.4,413.55,962007120,index
2023-01-26,SENSITIVE,415.35,413.15,417.3,412.02,749109899,index
2023-01-29,SENSITIVE,414.18,410.32,414.8,409.6,827038481,index
2023-01-30,SENSITIVE,410.48,402.99,411.22,402.67,1034815873,index
2023-01-31,SENSITIVE,403.91,400.63,404.4,399.7,907977986,index
2023-02-01,SENSITIVE,399.81,401.17,403.23,399.42,560184804,index
2023-02-02,SENSITIVE,402.17,398.37,403.42,397.86,634651662,index
2023-02-05,SENSITIVE,398.37,400.26,403.4,398.37,657432350,index
2023-02-06,SENSITIVE,400.43,402.16,402.22,398.75,507101305,index
2023-02-07,SENSITIVE,402.16,414.88,415.01,401.66,1193144360,index
2023-02-08,SENSITIVE,415.11,414.0,421.34,412.26,1250453354,index
2023-02-09,SENSITIVE,414.44,415.42,416.11,411.17,692361699,index
2023-02-12,SENSITIVE,414.59,404.44,414.59,403.84,1090417643,index
2023-02-14,SENSITIVE,404.43,401.69,405.39,400.84,635438898,index
2023-02-15,SENSITIVE,401.61,400.15,403.83,399.43,604449859,index
2023-02-16,SENSITIVE,400.13,396.45,401.37,395.54,569134808,index
2023-02-20,SENSITIVE,396.03,391.54,396.03,390.11,743879344,index
2023-02-22,SENSITIVE,391.67,396.35,396.99,390.42,657637483,index
2023-02-23,SENSITIVE,395.69,384.36,395.69,382.97,1025071050,index
2023-02-26,SENSITIVE,383.98,383.85,384.98,372.77,917692054,index
2023-02-27,SENSITIVE,384.79,383.01,388.29,377.77,705324203,index
2023-02-28,SENSITIVE,383.05,381.94,385.62,381.5,457667091,index
2023-03-01,SENSITIVE,381.98,378.38,383.22,378.06,380677038,index
2023-03-02,SENSITIVE,378.39,373.57,379.05,373.41,467366264,index
2023-03-05,SENSITIVE,373.46,368.71,375.76,367.96,487747331,index
2023-03-07,SENSITIVE,368.38,370.24,373.37,368.33,423032002,index
2023-03-09,SENSITIVE,370.58,379.51,379.66,370.58,532237945,index
2023-03-12,SENSITIVE,380.85,373.95,383.03,373.46,551341127,index
2023-03-13,SENSITIVE,374.92,368.5,374.92,367.68,508099321,index
2023-03-14,SENSITIVE,368.07,368.33,371.39,366.54,462690931,index
2023-03-15,SENSITIVE,368.68,365.3,369.27,363.28,507597908,index
2023-03-16,SENSITIVE,365.3,364.79,366.59,362.33,382310250,index
2023-03-19,SENSITIVE,364.67,363.27,366.12,362.57,375646113,index
2023-03-20,SENSITIVE,363.29,366.22,366.81,363.29,418013655,index
2023-03-22,SENSITIVE,366.82,363.92,368.92,363.32,447470518,index
2023-03-23,SENSITIVE,363.76,361.02,364.36,358.3,661286095,index
2023-03-26,SENSITIVE,360.87,356.0,360.87,354.69,522704431,index
2023-03-27,SENSITIVE,354.8,358.04,359.11,351.78,482160708,index
2023-03-28,SENSITIVE,359.04,360.53,364.56,358.8,532193884,index
2023-03-29,SENSITIVE,360.64,361.15,361.59,357.9,315561643,index
2023-03-30,SENSITIVE,361.23,359.48,363.97,358.78,301492300,index
2023-04-02,SENSITIVE,360.12,355.76,364.16,354.76,431073972,index
2023-04-03,SENSITIVE,355.76,352.71,357.4,351.7,356983795,index
2023-04-04,SENSITIVE,353.13,351.98,354.43,349.64,334127707,index
2023-04-05,SENSITIVE,352.01,353.95,354.8,350.36,266399642,index
2023-04-06,SENSITIVE,353.95,353.03,356.93,352.23,320609248,index
2023-04-09,SENSITIVE,353.37,348.79,353.68,347.7,405377361,index
2023-04-10,SENSITIVE,348.94,349.67,351.24,347.61,329694501,index
2023-04-11,SENSITIVE,349.54,355.46,355.53,349.54,316175468,index
2023-04-12,SENSITIVE,355.72,373.71,373.96,355.72,743937258,index
2023-04-13,SENSITIVE,375.25,367.99,377.63,366.79,619387915,index
2023-04-16,SENSITIVE,367.99,367.74,370.71,365.08,347203218,index
2023-04-17,SENSITIVE,367.81,362.87,369.48,362.28,381506077,index
2023-04-18,SENSITIVE,362.87,363.05,364.22,360.23,278346255,index
2023-04-19,SENSITIVE,363.11,365.91,366.93,362.96,265035776,index
2023-04-20,SENSITIVE,366.11,363.13,368.37,362.51,401227411,index
2023-04-23,SENSITIVE,363.39,359.14,364.44,358.16,308962716,index
2023-04-24,SENSITIVE,359.17,359.38,360.62,357.24,226007014,index
2023-04-25,SENSITIVE,359.02,363.66,363.66,358.62,252880525,index
2023-04-26,SENSITIVE,364.36,361.55,365.74,360.88,302748296,index
2023-04-27,SENSITIVE,361.91,361.09,362.88,359.02,241152042,index
2023-04-30,SENSITIVE,361.13,358.14,361.65,357.77,330907200,index
2023-05-02,SENSITIVE,358.29,357.02,359.69,355.99,260722542,index
2023-05-03,SENSITIVE,357.12,355.83,357.72,355.01,220980150,index
2023-05-04,SENSITIVE,355.84,357.91,358.8,353.74,250622301,index
2023-05-07,SENSITIVE,358.23,354.78,358.83,354.43,208379341,index
2023-05-08,SENSITIVE,354.9,352.37,356.09,350.92,274378288,index
2023-05-09,SENSITIVE,352.38,354.25,356.65,351.73,235728415,index
2023-05-10,SENSITIVE,354.28,353.8,356.21,352.72,216799600,index
2023-05-11,SENSITIVE,353.47,353.09,353.77,351.82,211694882,index
2023-05-14,SENSITIVE,353.64,349.58,354.74,348.72,345593783,index
2023-05-15,SENSITIVE,349.56,349.01,350.76,347.31,264350310,index
2023-05-16,SENSITIVE,349.01,348.93,350.55,347.45,259484670,index
2023-05-17,SENSITIVE,348.94,352.94,353.84,348.75,339716628,index
2023-05-18,SENSITIVE,353.77,358.18,359.59,352.6,553039023,index
2023-05-21,SENSITIVE,358.11,358.33,362.71,357.55,509896680,index
2023-05-22,SENSITIVE,358.41,358.88,360.79,355.5,390683651,index
2023-05-23,SENSITIVE,358.89,367.72,367.75,358.86,761926667,index
2023-05-24,SENSITIVE,367.88,371.31,372.72,365.6,601171967,index
2023-05-28,SENSITIVE,371.56,369.42,377.17,368.89,905626240,index
2023-05-30,SENSITIVE,370.43,360.71,370.43,359.93,733139823,index
2023-05-31,SENSITIVE,360.42,353.43,360.75,352.34,624330441,index
2023-06-01,SENSITIVE,353.96,355.62,358.21,351.08,471542793,index
2023-06-04,SENSITIVE,355.62,365.1,366.63,355.38,580496352,index
2023-06-05,SENSITIVE,365.96,362.22,368.84,361.83,663006829,index
2023-06-06,SENSITIVE,362.21,365.09,365.41,360.72,667872732,index
2023-06-07,SENSITIVE,365.26,365.47,369.61,364.93,724314629,index
2023-06-08,SENSITIVE,364.97,364.42,367.08,363.42,623303118,index
2023-06-11,SENSITIVE,364.63,370.52,371.97,364.63,1087702795,index
2023-06-12,SENSITIVE,370.85,373.35,375.54,370.53,1031399279,index
2023-06-13,SENSITIVE,373.35,379.87,381.92,372.88,1355555437,index
2023-06-14,SENSITIVE,379.08,383.69,390.87,379.08,1780525136,index
2023-06-15,SENSITIVE,383.83,383.39,386.72,379.88,921243946,index
2023-06-18,SENSITIVE,384.12,390.56,390.63,382.39,1375813237,index
2023-06-19,SENSITIVE,391.14,392.38,394.46,389.49,1481459200,index
2023-06-20,SENSITIVE,393.08,388.14,397.93,386.8,1355840899,index
2023-06-21,SENSITIVE,388.83,386.11,391.75,385.1,1187772899,index
2023-06-22,SENSITIVE,386.85,385.81,390.42,383.8,1104380054,index
2023-06-25,SENSITIVE,385.66,395.45,396.68,384.87,1963254007,index
2023-06-26,SENSITIVE,395.87,399.11,403.94,395.86,1812414722,index
2023-06-27,SENSITIVE,400.18,412.51,412.52,399.76,2186375586,index
2023-06-28,SENSITIVE,413.81,402.75,417.01,401.93,1755923571,index
2023-07-02,SENSITIVE,403.02,390.52,404.84,389.8,1482774641,index
2023-07-03,SENSITIVE,389.96,386.35,393.76,385.5,1137321356,index
2023-07-04,SENSITIVE,386.02,388.62,391.24,384.86,717536693,index
2023-07-05,SENSITIVE,389.76,382.74,390.96,382.22,943433467,index
2023-07-06,SENSITIVE,382.93,382.16,385.11,380.22,894702368,index
2023-07-09,SENSITIVE,381.74,388.51,389.17,381.56,936316968,index
2023-07-10,SENSITIVE,389.87,388.62,393.18,386.85,1296184571,index
2023-07-11,SENSITIVE,388.93,388.86,391.1,387.14,1002658609,index
2023-07-12,SENSITIVE,388.87,392.15,393.41,388.87,1005468969,index
2023-07-13,SENSITIVE,391.83,391.25,398.0,390.25,1186282521,index
2023-07-16,SENSITIVE,391.28,394.15,395.21,390.6,604521026,index
2023-07-17,SENSITIVE,394.23,404.1,404.17,392.68,956496032,index
2023-07-18,SENSITIVE,404.73,407.13,409.89,404.4,1378891701,index
2023-07-19,SENSITIVE,407.56,410.46,412.29,404.84,1212794819,index
2023-07-20,SENSITIVE,410.75,410.52,414.84,408.61,1092096997,index
2023-07-23,SENSITIVE,410.59,424.93,425.01,410.5,1725383247,index
2023-07-24,SENSITIVE,424.4,418.78,428.19,417.33,1827720587,index
2023-07-25,SENSITIVE,420.0,411.16,420.52,410.8,1183511761,index
2023-07-26,SENSITIVE,412.65,409.11,415.93,408.77,841867469,index
2023-07-27,SENSITIVE,408.72,403.84,411.43,403.52,827188499,index
2023-07-30,SENSITIVE,404.09,399.66,407.26,397.4,926998435,index
2023-07-31,SENSITIVE,399.4,401.85,405.31,398.34,681432708,index
2023-08-01,SENSITIVE,401.62,396.72,405.9,395.11,662890073,index
2023-08-02,SENSITIVE,396.93,398.28,398.89,394.67,515439829,index
2023-08-03,SENSITIVE,397.85,399.54,403.13,397.84,623908967,index
2023-08-06,SENSITIVE,401.0,392.02,403.14,389.96,1078090407,index
2023-08-07,SENSITIVE,392.16,390.43,395.11,387.6,693612529,index
2023-08-08,SENSITIVE,390.37,385.56,392.01,384.57,558202735,index
2023-08-09,SENSITIVE,385.63,393.05,393.66,381.85,536468020,index
2023-08-10,SENSITIVE,391.97,394.15,397.51,390.36,734861143,index
2023-08-13,SENSITIVE,393.23,398.07,399.86,393.14,816835109,index
2023-08-14,SENSITIVE,398.3,398.13,402.03,397.49,759405775,index
2023-08-15,SENSITIVE,397.67,391.84,398.22,390.88,781673261,index
2023-08-16,SENSITIVE,390.18,386.3,390.26,383.77,606924198,index
2023-08-17,SENSITIVE,386.68,387.38,390.17,386.41,575821645,index
2023-08-20,SENSITIVE,387.4,384.12,389.04,383.79,548232256,index
2023-08-21,SENSITIVE,384.13,382.62,386.65,381.42,486670697,index
2023-08-22,SENSITIVE,382.76,385.98,385.99,381.33,326295559,index
2023-08-23,SENSITIVE,385.97,390.28,391.25,385.96,471785320,index
2023-08-24,SENSITIVE,389.93,385.56,392.21,384.39,534329512,index
2023-08-27,SENSITIVE,385.79,382.11,386.93,381.57,411849447,index
2023-08-28,SENSITIVE,382.12,383.56,385.16,381.51,303816463,index
2023-08-29,SENSITIVE,383.36,382.85,384.23,380.98,280557362,index
2023-08-30,SENSITIVE,383.15,381.71,384.94,380.7,476789650,index
2023-09-03,SENSITIVE,381.86,376.62,381.98,376.42,383420842,index
2023-09-04,SENSITIVE,376.68,377.71,380.63,374.32,327467437,index
2023-09-05,SENSITIVE,377.26,377.24,379.81,375.86,211405173,index
2023-09-07,SENSITIVE,377.3,371.58,377.29,370.86,400384908,index
2023-09-10,SENSITIVE,371.59,373.9,375.13,371.41,350530493,index
2023-09-11,SENSITIVE,374.16,381.64,382.24,374.16,570703342,index
2023-09-12,SENSITIVE,381.63,379.14,384.65,378.54,381921203,index
2023-09-13,SENSITIVE,378.97,386.81,386.91,378.96,582189009,index
2023-09-17,SENSITIVE,386.81,378.68,387.28,377.95,834662630,index
2023-09-18,SENSITIVE,378.89,378.73,380.38,376.24,258778475,index
2023-09-19,SENSITIVE,379.06,381.17,381.92,377.34,326221732,index
2023-09-21,SENSITIVE,381.91,388.72,390.83,381.9,1045433139,index
2023-09-24,SENSITIVE,389.0,385.62,390.27,384.58,782345073,index
2023-09-25,SENSITIVE,386.04,383.67,387.2,382.93,406808067,index
2023-09-26,SENSITIVE,384.67,386.24,389.08,384.28,597547077,index
2023-09-27,SENSITIVE,386.28,382.94,387.27,381.39,512089823,index
2023-10-01,SENSITIVE,382.98,377.39,383.45,376.34,524446893,index
2023-10-02,SENSITIVE,377.2,378.06,379.39,374.5,643725365,index
2023-10-03,SENSITIVE,378.06,374.39,379.22,373.52,378465386,index
2023-10-04,SENSITIVE,374.52,374.9,377.8,373.87,347470909,index
2023-10-05,SENSITIVE,374.8,373.37,376.07,372.79,336228125,index
2023-10-08,SENSITIVE,374.69,367.57,374.96,367.24,508083385,index
2023-10-09,SENSITIVE,367.59,364.77,368.34,364.06,340318218,index
2023-10-10,SENSITIVE,364.82,361.31,366.67,360.79,347725135,index
2023-10-11,SENSITIVE,361.55,362.08,364.44,360.82,290702653,index
2023-10-12,SENSITIVE,361.88,359.13,363.1,358.07,491100441,index
2023-10-16,SENSITIVE,359.13,355.74,359.91,355.05,294635190,index
2023-10-17,SENSITIVE,355.74,358.83,361.54,355.73,267731025,index
2023-10-18,SENSITIVE,358.83,366.97,367.23,358.78,240917334,index
2023-10-19,SENSITIVE,367.2,367.11,368.94,364.0,246736720,index
2023-10-29,SENSITIVE,367.13,361.94,368.2,360.47,179704922,index
2023-10-30,SENSITIVE,362.39,363.13,363.13,358.72,173358644,index
2023-10-31,SENSITIVE,363.12,360.78,364.18,360.13,134046667,index
2023-11-01,SENSITIVE,360.79,359.95,362.56,358.81,161885190,index
2023-11-02,SENSITIVE,359.94,357.76,360.36,356.87,209398596,index
2023-11-05,SENSITIVE,357.54,352.39,357.58,351.5,309808951,index
2023-11-06,SENSITIVE,352.63,355.73,357.48,352.26,294053391,index
2023-11-07,SENSITIVE,355.73,358.19,358.83,355.91,272306009,index
2023-11-08,SENSITIVE,357.93,358.4,359.8,356.25,144582106,index
2023-11-09,SENSITIVE,358.86,357.04,359.14,355.74,218255330,index
2023-11-20,SENSITIVE,357.42,356.54,360.5,355.26,358226300,index
2023-11-21,SENSITIVE,356.56,352.05,356.99,350.45,297616134,index
2023-11-22,SENSITIVE,352.04,354.21,354.24,349.76,219989732,index
2023-11-23,SENSITIVE,354.21,356.98,357.03,351.67,267640228,index
2023-11-26,SENSITIVE,356.95,364.81,364.94,356.23,440927360,index
2023-11-27,SENSITIVE,364.82,362.71,368.91,361.55,337223863,index
2023-11-28,SENSITIVE,362.71,361.85,364.45,361.19,298148553,index
2023-11-29,SENSITIVE,362.12,358.89,363.45,358.16,233373643,index
2023-11-30,SENSITIVE,358.46,356.08,359.11,354.64,295699093,index
2023-12-03,SENSITIVE,356.12,354.43,357.3,352.44,231693844,index
2023-12-04,SENSITIVE,354.18,353.21,355.43,352.36,276750521,index
2023-12-05,SENSITIVE,353.47,351.07,355.43,350.18,218745083,index
2023-12-06,SENSITIVE,351.08,350.7,351.51,348.87,228266637,index
2023-12-07,SENSITIVE,350.71,352.28,353.95,349.42,279316626,index
2023-12-10,SENSITIVE,352.98,373.75,373.8,352.98,91515155,index
2023-12-11,SENSITIVE,378.32,369.41,378.68,366.54,971040251,index
2023-12-12,SENSITIVE,369.63,374.36,375.44,368.54,874032703,index
2023-12-13,SENSITIVE,374.79,375.3,380.33,373.57,767366079,index
2023-12-14,SENSITIVE,375.29,376.36,376.56,373.53,579372728,index
2023-12-17,SENSITIVE,375.63,381.07,381.37,369.02,996519961,index
2023-12-18,SENSITIVE,381.51,390.63,392.61,381.45,1757161864,index
2023-12-19,SENSITIVE,391.03,397.69,398.02,389.19,1313281284,index
2023-12-20,SENSITIVE,398.58,402.63,404.77,397.63,1658315432,index
2023-12-21,SENSITIVE,403.64,396.62,406.21,396.19,1490543236,index
2023-12-24,SENSITIVE,398.24,391.33,400.75,390.93,1337609167,index
2023-12-27,SENSITIVE,391.02,387.07,395.67,383.57,888177266,index
2023-12-28,SENSITIVE,387.36,385.44,389.02,384.46,785777389,index
2024-01-01,SENSITIVE,385.81,385.07,390.58,384.09,761528771,index
2024-01-02,SENSITIVE,384.87,380.53,385.54,379.55,699916998,index
2024-01-03,SENSITIVE,380.87,384.29,384.35,378.94,634485256,index
2024-01-04,SENSITIVE,383.36,379.16,385.28,379.0,807827743,index
2024-01-07,SENSITIVE,379.24,373.0,380.21,372.6,1022653314,index
2024-01-08,SENSITIVE,373.36,377.28,377.77,373.17,800432819,index
2024-01-09,SENSITIVE,378.02,382.92,384.51,378.0,1340162332,index
2024-01-10,SENSITIVE,383.43,386.33,390.87,383.42,1223075122,index
2024-01-11,SENSITIVE,386.43,384.14,388.53,382.98,844741790,index
2024-01-14,SENSITIVE,384.24,388.17,389.12,384.24,1120452160,index
2024-01-16,SENSITIVE,388.4,397.43,397.53,388.39,1821283572,index
2024-01-17,SENSITIVE,398.74,396.31,405.96,393.68,2433229436,index
2024-01-18,SENSITIVE,395.33,393.62,395.5,390.83,1567122459,index
2024-01-21,SENSITIVE,392.64,386.2,392.64,385.06,1963198833,index
2024-01-22,SENSITIVE,385.97,381.36,387.54,380.23,1598770416,index
2024-01-23,SENSITIVE,381.49,381.17,384.0,379.87,1008840183,index
2024-01-24,SENSITIVE,380.91,380.43,386.52,379.67,925053691,index
2024-01-25,SENSITIVE,380.77,379.46,381.57,377.87,920898694,index
2024-01-28,SENSITIVE,379.48,380.2,381.46,377.84,1041136206,index
2024-01-29,SENSITIVE,380.79,381.06,384.77,380.39,1027737076,index
2024-01-30,SENSITIVE,381.02,381.71,384.31,380.89,1254865383,index
2024-01-31,SENSITIVE,381.47,378.63,384.45,376.75,1101235920,index
2024-02-01,SENSITIVE,378.64,373.93,379.1,373.1,861506529,index
2024-02-04,SENSITIVE,373.93,373.32,374.97,370.97,703666792,index
2024-02-05,SENSITIVE,373.88,379.28,380.42,373.24,634820904,index
2024-02-06,SENSITIVE,378.2,377.83,378.89,375.03,507020735,index
2024-02-07,SENSITIVE,380.43,377.97,382.2,377.38,571509932,index
2024-02-08,SENSITIVE,379.57,378.64,379.57,376.25,624726834,index
2024-02-11,SENSITIVE,378.68,374.75,380.4,374.48,721000536,index
2024-02-12,SENSITIVE,374.88,375.99,376.47,373.28,661580164,index
2024-02-13,SENSITIVE,375.96,369.99,375.96,369.36,773658513,index
2024-02-15,SENSITIVE,371.72,368.56,372.25,367.57,744388921,index
2024-02-18,SENSITIVE,368.47,365.2,369.11,364.33,730667238,index
2024-02-20,SENSITIVE,364.97,364.32,367.49,363.68,549583835,index
2024-02-21,SENSITIVE,364.58,363.07,367.39,362.01,476350367,index
2024-02-22,SENSITIVE,363.88,359.57,364.32,359.18,628658123,index
2024-02-25,SENSITIVE,359.61,353.83,360.88,353.69,682066418,index
2024-02-26,SENSITIVE,354.11,355.97,357.58,353.03,385567776,index
2024-02-27,SENSITIVE,356.08,357.09,358.24,354.17,372772568,index
2024-02-28,SENSITIVE,357.1,356.45,358.34,354.92,355533891,index
2024-02-29,SENSITIVE,356.17,351.65,358.39,351.17,522598669,index
2024-03-03,SENSITIVE,351.68,349.73,352.1,347.91,405265753,index
2024-03-04,SENSITIVE,351.67,369.27,369.27,351.67,61107878,index
2024-03-05,SENSITIVE,372.27,357.3,372.76,356.92,714478619,index
2024-03-06,SENSITIVE,357.28,358.37,362.06,354.66,540404699,index
2024-03-07,SENSITIVE,359.44,360.27,363.72,359.3,363750986,index
2024-03-10,SENSITIVE,360.92,364.53,365.87,360.92,485600029,index
2024-03-12,SENSITIVE,366.95,375.13,375.14,366.95,867645849,index
2024-03-13,SENSITIVE,378.62,374.65,378.61,371.77,822905721,index
2024-03-14,SENSITIVE,374.75,369.81,375.0,368.64,574729614,index
2024-03-17,SENSITIVE,369.8,368.25,370.7,367.25,559203420,index
2024-03-18,SENSITIVE,369.16,369.56,370.03,366.4,541253471,index
2024-03-19,SENSITIVE,369.6,368.39,372.55,367.53,714922631,index
2024-03-20,SENSITIVE,369.15,368.03,371.77,367.05,897849794,index
2024-03-21,SENSITIVE,368.0,365.42,370.6,364.63,577331290,index
2024-03-25,SENSITIVE,365.41,360.77,365.4,360.41,474450526,index
2024-03-26,SENSITIVE,360.68,361.63,362.75,360.3,453415717,index
2024-03-27,SENSITIVE,361.55,359.46,363.29,359.0,379526524,index
2024-03-28,SENSITIVE,360.2,359.09,360.62,358.08,417204799,index
2024-03-31,SENSITIVE,358.97,356.58,361.92,356.12,446632280,index
2024-04-01,SENSITIVE,356.53,355.66,357.43,354.96,411179799,index
2024-04-02,SENSITIVE,356.11,356.2,357.53,355.21,410617617,index
2024-04-03,SENSITIVE,356.44,355.77,357.96,354.33,467683289,index
2024-04-04,SENSITIVE,355.77,355.42,357.13,355.01,654474146,index
2024-04-07,SENSITIVE,356.96,359.4,359.4,354.68,766638012,index
2024-04-09,SENSITIVE,361.36,360.15,364.22,359.31,892304674,index
2024-04-10,SENSITIVE,360.38,358.19,362.39,356.81,726577081,index
2024-04-14,SENSITIVE,358.17,358.2,359.68,356.67,884952759,index
2024-04-15,SENSITIVE,357.96,355.78,359.3,354.87,822557363,index
2024-04-16,SENSITIVE,354.76,353.51,355.93,352.77,476498577,index
2024-04-18,SENSITIVE,353.58,350.47,354.16,349.9,454310148,index
2024-04-21,SENSITIVE,351.4,350.75,351.39,346.24,474097219,index
2024-04-22,SENSITIVE,350.83,347.95,352.62,347.5,405376488,index
2024-04-24,SENSITIVE,347.94,348.55,350.06,347.08,593729753,index
2024-04-25,SENSITIVE,348.95,348.18,350.19,347.19,594979990,index
2024-04-28,SENSITIVE,348.34,350.8,350.82,347.28,727894653,index
2024-04-29,SENSITIVE,352.73,351.95,352.75,350.26,894865209,index
2024-04-30,SENSITIVE,354.63,357.54,359.73,352.24,1656529656,index
2024-05-02,SENSITIVE,361.81,356.05,362.49,355.2,1344482390,index
2024-05-05,SENSITIVE,355.77,351.18,355.9,349.97,1304046261,index
2024-05-06,SENSITIVE,352.08,347.8,352.39,347.13,786188662,index
2024-05-07,SENSITIVE,347.84,349.58,352.59,347.67,731123580,index
2024-05-08,SENSITIVE,349.63,349.4,351.01,347.75,854106462,index
2024-05-09,SENSITIVE,349.94,350.6,352.34,348.38,1127899590,index
2024-05-12,SENSITIVE,352.3,350.82,353.11,349.3,900574624,index
2024-05-13,SENSITIVE,351.87,356.65,357.66,350.65,818711735,index
2024-05-14,SENSITIVE,356.65,360.26,360.26,356.46,1246516270,index
2024-05-15,SENSITIVE,361.01,358.09,363.69,357.15,992769874,index
2024-05-16,SENSITIVE,361.03,358.37,361.24,356.54,1114101010,index
2024-05-19,SENSITIVE,363.18,366.76,367.69,360.24,1362465183,index
2024-05-20,SENSITIVE,367.5,374.07,379.51,367.35,1818718245,index
2024-05-21,SENSITIVE,375.37,377.6,378.58,372.13,1628140547,index
2024-05-22,SENSITIVE,378.57,382.67,384.97,375.24,2002552625,index
2024-05-26,SENSITIVE,383.4,379.23,385.11,378.07,1389814650,index
2024-05-27,SENSITIVE,380.06,378.92,381.03,376.42,1048674269,index
2024-05-29,SENSITIVE,383.63,374.09,388.76,373.21,1307795748,index
2024-05-30,SENSITIVE,374.16,370.19,377.29,370.04,1158095076,index
2024-06-02,SENSITIVE,370.38,371.65,373.67,369.25,1073305615,index
2024-06-03,SENSITIVE,372.28,370.06,374.57,368.64,946509681,index
2024-06-04,SENSITIVE,371.88,372.02,373.47,370.15,1140850686,index
2024-06-05,SENSITIVE,372.73,371.61,374.18,369.78,1163916959,index
2024-06-06,SENSITIVE,371.55,370.34,373.48,369.73,1235758987,index
2024-06-09,SENSITIVE,370.4,368.18,374.67,367.33,1179013041,index
2024-06-10,SENSITIVE,372.46,369.05,372.82,367.55,1262514328,index
2024-06-11,SENSITIVE,373.86,373.23,374.17,368.97,1296546227,index
2024-06-12,SENSITIVE,373.82,374.91,377.87,373.4,1227835049,index
2024-06-13,SENSITIVE,375.13,374.18,376.53,372.5,1618325898,index
2024-06-16,SENSITIVE,374.22,370.93,375.63,370.03,1284794499,index
2024-06-18,SENSITIVE,370.98,367.2,370.98,366.62,1012352800,index
2024-06-19,SENSITIVE,367.7,367.75,369.56,366.75,816732195,index
2024-06-20,SENSITIVE,372.33,365.05,372.32,364.09,913153242,index
2024-06-23,SENSITIVE,365.09,364.42,368.2,362.81,1132788469,index
2024-06-24,SENSITIVE,364.46,364.81,367.33,363.17,1675693959,index
2024-06-25,SENSITIVE,365.16,365.02,366.64,364.56,1127519828,index
2024-06-26,SENSITIVE,366.32,362.74,367.16,361.67,1014393652,index
2024-06-27,SENSITIVE,362.73,361.18,362.99,360.08,819164696,index
2024-06-30,SENSITIVE,361.0,358.75,364.7,358.58,934216344,index
2024-07-01,SENSITIVE,358.79,361.77,361.77,357.71,724011453,index
2024-07-02,SENSITIVE,367.65,370.71,381.47,367.62,1133747905,index
2024-07-03,SENSITIVE,370.68,372.85,372.85,366.23,1619396201,index
2024-07-04,SENSITIVE,374.13,374.7,378.28,372.85,1987741899,index
2024-07-07,SENSITIVE,375.54,377.93,379.49,374.82,0,index
2024-07-08,SENSITIVE,378.59,377.45,380.23,376.29,1291965150,index
2024-07-09,SENSITIVE,378.56,380.93,381.25,376.6,1740424863,index
2024-07-10,SENSITIVE,383.46,385.75,385.96,382.94,1688512422,index
2024-07-11,SENSITIVE,388.95,391.66,391.86,387.75,1693630372,index
2024-07-14,SENSITIVE,398.0,401.25,406.91,395.55,2163212851,index
2024-07-15,SENSITIVE,404.85,397.18,406.39,395.87,2551258609,index
2024-07-16,SENSITIVE,397.7,409.51,409.71,395.7,2640764550,index
2024-07-17,SENSITIVE,413.82,419.77,419.85,409.99,3544278842,index
2024-07-18,SENSITIVE,421.69,436.14,441.87,418.79,4917269126,index
2024-07-21,SENSITIVE,437.59,449.68,451.6,433.7,4870673684,index
2024-07-22,SENSITIVE,450.85,448.79,454.37,440.51,4272657906,index
2024-07-23,SENSITIVE,451.4,459.19,459.53,443.69,4340216444,index
2024-07-24,SENSITIVE,461.29,452.93,464.98,449.43,4738335051,index
2024-07-25,SENSITIVE,454.45,460.05,460.28,449.91,4366975647,index
2024-07-28,SENSITIVE,467.85,486.84,490.41,467.84,5429684248,index
2024-07-29,SENSITIVE,492.65,482.15,501.38,481.27,6564666540,index
2024-07-30,SENSITIVE,483.57,485.38,488.26,470.22,5494547426,index
2024-07-31,SENSITIVE,487.7,496.04,500.88,487.47,6711607425,index
2024-08-01,SENSITIVE,498.78,492.75,502.25,490.69,6124029982,index
2024-08-05,SENSITIVE,495.29,491.78,496.55,485.78,6438880253,index
2024-08-06,SENSITIVE,492.21,464.56,492.86,463.15,6757646888,index
2024-08-07,SENSITIVE,463.34,483.46,483.69,459.39,5204157214,index
2024-08-08,SENSITIVE,484.68,483.68,492.47,480.24,5388131253,index
2024-08-11,SENSITIVE,486.2,501.91,502.01,485.72,6541799212,index
2024-08-12,SENSITIVE,505.93,512.47,515.64,505.91,7366759977,index
2024-08-13,SENSITIVE,515.87,511.15,520.4,506.28,5633605088,index
2024-08-14,SENSITIVE,512.74,519.49,519.98,505.37,6998532555,index
2024-08-15,SENSITIVE,525.04,535.51,541.33,524.17,9790740268,index
2024-08-18,SENSITIVE,538.39,528.85,546.25,525.24,9150536650,index
2024-08-21,SENSITIVE,531.68,530.11,534.48,522.35,6184893175,index
2024-08-22,SENSITIVE,530.68,533.86,542.12,530.09,10026384305,index
2024-08-25,SENSITIVE,536.21,519.34,537.11,517.54,9224573061,index
2024-08-27,SENSITIVE,520.93,498.5,521.65,495.18,8651280704,index
2024-08-28,SENSITIVE,498.5,498.15,511.22,494.32,6409218041,index
2024-08-29,SENSITIVE,498.92,489.79,501.08,486.88,5488929962,index
2024-09-01,SENSITIVE,490.01,480.88,495.12,478.76,4366696454,index
2024-09-02,SENSITIVE,480.55,503.83,504.15,477.61,5615010983,index
2024-09-03,SENSITIVE,505.23,511.72,510.64,500.43,6118283539,index
2024-09-04,SENSITIVE,511.72,488.71,511.82,487.6,5696621729,index
2024-09-05,SENSITIVE,488.85,486.35,492.23,479.27,4010167366,index
2024-09-08,SENSITIVE,487.95,479.72,491.13,479.32,3665602954,index
2024-09-09,SENSITIVE,479.99,469.18,481.18,467.79,3766656783,index
2024-09-10,SENSITIVE,469.7,467.38,477.4,465.28,3045465397,index
2024-09-11,SENSITIVE,467.63,463.07,471.88,462.14,2563916123,index
2024-09-12,SENSITIVE,466.73,476.47,476.51,461.88,3118843123,index
2024-09-15,SENSITIVE,478.17,468.65,485.47,467.6,4051635649,index
2024-09-16,SENSITIVE,467.42,460.11,468.87,458.41,2881758998,index
2024-09-18,SENSITIVE,460.86,459.92,465.45,454.56,2227973276,index
2024-09-22,SENSITIVE,465.18,463.43,472.77,460.14,2056274869,index
2024-09-23,SENSITIVE,468.51,454.4,468.51,453.01,2208758867,index
2024-09-24,SENSITIVE,454.48,444.88,457.8,443.91,2588761566,index
2024-09-25,SENSITIVE,445.26,452.8,452.8,439.76,2101418099,index
2024-09-26,SENSITIVE,452.69,447.45,456.75,446.2,2221625304,index
2024-09-29,SENSITIVE,447.57,444.89,449.71,440.68,1778821579,index
2024-09-30,SENSITIVE,445.32,451.34,451.37,444.68,1377584318,index
2024-10-01,SENSITIVE,451.71,470.81,470.84,451.66,3224265046,index
2024-10-02,SENSITIVE,472.69,466.71,474.85,464.72,2708820261,index
2024-10-06,SENSITIVE,466.8,476.46,476.53,464.78,2181716646,index
2024-10-07,SENSITIVE,477.13,483.78,486.61,477.13,2761957599,index
2024-10-08,SENSITIVE,484.31,480.23,486.34,478.19,1952440019,index
2024-10-09,SENSITIVE,479.97,480.38,481.38,476.37,1417815349,index
2024-10-15,SENSITIVE,480.49,486.29,486.53,480.45,1056277349,index
2024-10-16,SENSITIVE,487.34,493.98,494.79,486.8,2135142398,index
2024-10-17,SENSITIVE,494.88,495.3,501.75,492.65,2885562357,index
2024-10-20,SENSITIVE,492.98,487.39,496.71,484.97,3084033541,index
2024-10-21,SENSITIVE,487.32,476.24,487.75,475.96,2129940381,index
2024-10-22,SENSITIVE,476.12,480.71,481.9,474.76,1524585527,index
2024-10-23,SENSITIVE,482.83,477.26,485.88,476.24,2703626147,index
2024-10-24,SENSITIVE,477.49,474.26,478.45,471.76,2085702642,index
2024-10-27,SENSITIVE,474.78,469.8,474.78,468.74,1701871074,index
2024-10-28,SENSITIVE,469.33,472.95,474.16,469.33,1509943057,index
2024-10-29,SENSITIVE,473.05,481.28,481.56,472.86,2038847427,index
2024-10-30,SENSITIVE,481.76,478.82,484.29,477.46,2064249185,index
2024-11-05,SENSITIVE,479.01,477.99,482.5,477.23,1509185635,index
2024-11-06,SENSITIVE,478.26,477.18,479.61,476.22,1491944742,index
2024-11-10,SENSITIVE,478.2,487.1,487.1,477.03,3506495792,index
2024-11-11,SENSITIVE,488.04,490.72,495.1,486.43,4470268667,index
2024-11-12,SENSITIVE,492.24,488.78,495.91,487.27,2592203330,index
2024-11-13,SENSITIVE,490.01,483.69,490.57,483.19,2309522949,index
2024-11-14,SENSITIVE,484.81,486.03,487.59,482.86,3129829787,index
2024-11-17,SENSITIVE,486.18,485.91,491.69,484.93,3732007915,index
2024-11-19,SENSITIVE,487.2,478.16,487.2,477.2,3425420028,index
2024-11-20,SENSITIVE,478.72,478.5,479.24,474.89,2208321552,index
2024-11-21,SENSITIVE,478.63,472.97,481.44,472.58,2504095910,index
2024-11-24,SENSITIVE,475.32,471.2,476.46,470.0,2617305692,index
2024-11-25,SENSITIVE,474.79,473.06,476.46,469.38,2275232859,index
2024-11-26,SENSITIVE,477.43,477.57,479.23,472.99,2360579850,index
2024-11-27,SENSITIVE,478.29,480.89,481.87,477.84,2439250972,index
2024-11-28,SENSITIVE,480.74,477.5,482.81,476.98,2883031073,index
2024-12-01,SENSITIVE,480.31,473.3,480.31,470.33,3182726545,index
2024-12-02,SENSITIVE,477.49,471.79,477.78,470.48,3687439314,index
2024-12-03,SENSITIVE,475.81,471.21,477.06,469.57,2496410741,index
2024-12-04,SENSITIVE,477.21,469.03,477.29,468.43,2533387505,index
2024-12-05,SENSITIVE,468.77,464.01,469.55,463.11,2349350607,index
2024-12-08,SENSITIVE,464.06,457.04,464.56,455.21,2258795139,index
2024-12-09,SENSITIVE,456.64,455.67,460.79,453.27,1957600463,index
2024-12-10,SENSITIVE,455.59,454.91,458.87,453.39,1632301050,index
2024-12-11,SENSITIVE,455.46,464.66,464.68,453.35,1514673901,index
2024-12-12,SENSITIVE,468.48,458.22,468.69,457.37,1588904107,index
2024-12-16,SENSITIVE,459.15,451.28,459.32,450.23,1780820814,index
2024-12-17,SENSITIVE,451.71,451.66,454.23,448.14,1212663896,index
2024-12-18,SENSITIVE,451.72,450.12,455.03,449.13,1184248755,index
2024-12-19,SENSITIVE,449.66,445.78,450.78,444.9,1437284476,index
2024-12-22,SENSITIVE,443.35,443.08,449.17,441.78,1219581464,index
2024-12-23,SENSITIVE,442.87,446.56,446.7,442.24,1133016832,index
2024-12-24,SENSITIVE,446.93,449.15,452.15,446.25,1321477866,index
2024-12-26,SENSITIVE,449.41,451.45,453.82,446.43,1381057320,index
2024-12-29,SENSITIVE,451.72,448.99,453.99,447.93,1620821350,index
2024-12-31,SENSITIVE,449.96,444.71,450.18,440.25,1578532281,index
2025-01-01,SENSITIVE,445.03,444.12,446.42,443.21,1114649472,index
2025-01-02,SENSITIVE,443.78,443.56,443.78,440.7,1228247029,index
2025-01-05,SENSITIVE,443.52,442.89,443.98,441.46,1266786779,index
2025-01-06,SENSITIVE,444.51,449.59,449.62,443.13,2006653418,index
2025-01-07,SENSITIVE,452.1,450.48,452.42,447.47,1395877223,index
2025-01-08,SENSITIVE,454.59,451.51,455.53,449.33,1582254109,index
2025-01-09,SENSITIVE,451.78,448.54,451.93,447.66,1973097554,index
2025-01-12,SENSITIVE,452.65,443.99,453.07,443.14,1050385512,index
2025-01-13,SENSITIVE,444.23,441.42,444.36,439.53,1893861000,index
2025-01-15,SENSITIVE,441.26,439.01,442.82,438.52,1396843166,index
2025-01-16,SENSITIVE,439.41,436.62,441.27,435.27,1358444778,index
2025-01-19,SENSITIVE,436.79,439.04,439.24,435.18,1595989385,index
2025-01-20,SENSITIVE,439.93,439.14,442.45,438.53,1703894684,index
2025-01-21,SENSITIVE,439.39,440.14,440.75,438.12,1503503560,index
2025-01-22,SENSITIVE,440.65,448.8,449.68,440.22,2726059848,index
2025-01-23,SENSITIVE,449.93,446.81,452.72,445.56,2132557176,index
2025-01-26,SENSITIVE,447.41,443.6,448.16,442.74,2173525058,index
2025-01-27,SENSITIVE,443.59,441.52,444.94,440.48,2016290070,index
2025-01-28,SENSITIVE,441.7,444.72,444.82,440.74,2597600990,index
2025-02-02,SENSITIVE,445.92,458.37,458.37,445.7,3627858838,index
2025-02-03,SENSITIVE,458.6,459.61,467.08,458.39,3941560583,index
2025-02-04,SENSITIVE,460.94,457.12,462.97,455.92,2586645055,index
2025-02-05,SENSITIVE,457.83,456.04,458.94,455.04,2370190871,index
2025-02-06,SENSITIVE,456.64,454.47,457.6,453.32,2662240574,index
2025-02-09,SENSITIVE,453.74,452.21,457.91,451.4,2406938933,index
2025-02-10,SENSITIVE,451.61,450.65,454.0,448.63,1724039067,index
2025-02-11,SENSITIVE,450.68,450.15,452.57,449.26,1847918332,index
2025-02-12,SENSITIVE,450.28,450.4,452.55,449.52,2160800816,index
2025-02-13,SENSITIVE,450.76,449.88,452.16,449.2,2377430464,index
2025-02-16,SENSITIVE,449.42,453.42,453.91,449.26,2648569516,index
2025-02-17,SENSITIVE,454.55,459.7,461.13,454.53,2982107141,index
2025-02-18,SENSITIVE,462.31,459.88,463.9,457.81,2755918226,index
2025-02-20,SENSITIVE,458.82,457.98,461.59,456.76,2172935404,index
2025-02-23,SENSITIVE,453.64,458.64,460.85,449.05,3042645117,index
2025-02-24,SENSITIVE,458.72,459.25,464.14,457.5,3140110863,index
2025-02-25,SENSITIVE,459.08,460.06,462.55,458.91,2449952666,index
2025-02-27,SENSITIVE,464.61,469.82,474.42,464.61,3496702224,index
2025-03-02,SENSITIVE,473.14,484.3,484.3,472.73,4782005121,index
2025-03-03,SENSITIVE,487.13,480.59,490.87,479.15,4585520729,index
2025-03-04,SENSITIVE,480.94,475.27,483.14,474.63,3990008818,index
2025-03-05,SENSITIVE,475.06,469.56,476.56,467.19,3228023899,index
2025-03-06,SENSITIVE,470.07,470.6,471.75,468.4,2922180448,index
2025-03-09,SENSITIVE,471.32,463.29,471.42,462.29,3092073903,index
2025-03-10,SENSITIVE,462.62,459.76,466.33,458.32,2601632085,index
2025-03-11,SENSITIVE,460.11,456.47,462.66,455.4,2955073278,index
2025-03-12,SENSITIVE,456.61,459.03,461.02,456.26,2368180590,index
2025-03-16,SENSITIVE,458.77,454.91,460.12,452.63,2132923865,index
2025-03-17,SENSITIVE,454.88,453.95,458.5,452.86,1726448581,index
2025-03-18,SENSITIVE,458.0,452.89,458.58,451.57,1207163176,index
2025-03-19,SENSITIVE,452.94,449.92,454.18,449.24,1570023945,index
2025-03-20,SENSITIVE,450.05,447.7,451.17,447.55,1332708686,index
2025-03-23,SENSITIVE,448.06,439.33,448.26,439.24,1955442519,index
2025-03-24,SENSITIVE,438.6,443.42,444.45,435.64,1330976990,index
2025-03-25,SENSITIVE,446.18,434.97,446.18,434.65,1647346970,index
2025-03-26,SENSITIVE,434.18,440.69,441.23,434.18,1132752057,index
2025-03-27,SENSITIVE,444.88,446.29,446.69,440.32,1578708645,index
2025-03-30,SENSITIVE,446.53,450.27,454.31,445.8,2238570226,index
2025-04-01,SENSITIVE,450.22,446.69,451.13,444.48,1684584844,index
2025-04-02,SENSITIVE,450.39,447.77,450.8,446.12,1686358304,index
2025-04-03,SENSITIVE,447.98,450.08,455.11,447.87,2435367500,index
2025-04-07,SENSITIVE,449.97,446.0,451.65,445.31,1931750659,index
2025-04-08,SENSITIVE,445.55,444.78,445.92,440.5,1873815734,index
2025-04-09,SENSITIVE,448.32,446.22,449.49,445.88,1657659587,index
2025-04-10,SENSITIVE,446.29,446.03,448.79,445.51,2260343994,index
2025-04-13,SENSITIVE,446.88,446.44,447.37,445.08,2322750704,index
2025-04-15,SENSITIVE,450.89,450.52,453.08,448.17,2636618871,index
2025-04-16,SENSITIVE,454.4,451.82,454.4,450.2,3047652450,index
2025-04-17,SENSITIVE,453.08,458.22,460.08,452.08,3988641449,index
2025-04-20,SENSITIVE,459.29,456.58,460.8,455.6,4276771809,index
2025-04-21,SENSITIVE,456.72,455.81,458.85,454.03,4106921191,index
2025-04-22,SENSITIVE,455.92,451.89,457.56,451.61,3499653734,index
2025-04-23,SENSITIVE,451.73,446.03,451.92,444.81,3921238732,index
2025-04-24,SENSITIVE,445.79,447.26,448.44,443.32,4220365965,index
2025-04-27,SENSITIVE,447.5,449.08,451.49,447.38,5811120132,index
2025-04-28,SENSITIVE,449.42,445.48,451.08,445.38,4361985544,index
2025-04-29,SENSITIVE,446.11,443.54,447.57,443.38,4160368960,index
2025-04-30,SENSITIVE,443.45,442.0,445.73,441.86,4997933713,index
2025-05-04,SENSITIVE,443.15,441.49,446.2,441.31,5120205896,index
2025-05-05,SENSITIVE,441.82,440.13,442.47,438.83,4546764200,index
2025-05-06,SENSITIVE,440.07,440.26,443.08,440.07,5043889299,index
2025-05-07,SENSITIVE,441.02,451.24,451.78,440.23,5421577680,index
2025-05-08,SENSITIVE,451.15,449.15,453.2,448.0,6140126988,index
2025-05-11,SENSITIVE,449.15,446.13,452.21,446.11,5349566799,index
2025-05-13,SENSITIVE,446.03,444.72,450.14,444.43,4957743856,index
2025-05-14,SENSITIVE,444.68,441.44,445.94,441.34,4506204076,index
2025-05-15,SENSITIVE,441.95,440.0,443.36,439.02,3222539261,index
2025-05-18,SENSITIVE,439.94,438.17,442.55,437.29,3767315233,index
2025-05-19,SENSITIVE,437.59,442.32,443.03,436.99,3033232977,index
2025-05-20,SENSITIVE,442.11,451.01,452.02,439.53,3372446019,index
2025-05-21,SENSITIVE,457.73,450.84,468.69,450.59,5280615508,index
2025-05-22,SENSITIVE,451.97,457.93,460.09,451.47,4855921004,index
2025-05-25,SENSITIVE,458.4,456.46,460.62,453.37,3830188509,index
2025-05-26,SENSITIVE,462.96,456.09,468.7,454.6,4303343473,index
2025-05-27,SENSITIVE,456.05,456.96,458.69,452.6,3674882118,index
2025-05-28,SENSITIVE,456.83,461.2,462.1,455.24,5096865831,index
2025-06-02,SENSITIVE,465.05,460.98,467.19,459.64,5497243383,index
2025-06-03,SENSITIVE,461.73,453.92,462.36,453.5,3783069406,index
2025-06-04,SENSITIVE,453.15,451.32,454.62,450.54,2812418311,index
2025-06-05,SENSITIVE,451.41,451.33,454.9,450.2,4622680995,index
2025-06-08,SENSITIVE,452.0,449.27,452.81,448.78,5516401489,index
2025-06-09,SENSITIVE,449.21,451.71,452.31,448.89,4690484860,index
2025-06-10,SENSITIVE,452.07,456.77,458.04,451.6,5570108579,index
2025-06-11,SENSITIVE,456.39,456.08,459.58,455.07,5913903423,index
2025-06-12,SENSITIVE,456.24,454.09,458.31,453.74,6797035094,index
2025-06-15,SENSITIVE,453.95,453.41,456.25,453.24,6600988289,index
2025-06-16,SENSITIVE,452.7,453.16,456.45,452.7,6891032685,index
2025-06-17,SENSITIVE,453.11,452.48,454.92,451.48,4324804407,index
2025-06-18,SENSITIVE,452.39,452.49,454.35,452.16,4084869351,index
2025-06-19,SENSITIVE,452.56,449.48,454.03,449.37,4940709976,index
2025-06-22,SENSITIVE,449.4,444.1,450.4,443.78,4230882750,index
2025-06-23,SENSITIVE,444.76,445.07,446.38,442.97,3052535580,index
2025-06-24,SENSITIVE,445.83,445.17,450.19,445.15,2568805016,index
2025-06-25,SENSITIVE,445.22,445.11,446.75,444.3,2678013011,index
2025-06-26,SENSITIVE,444.7,443.9,447.45,443.83,3512774047,index
2025-06-29,SENSITIVE,443.61,448.6,449.43,443.38,2766006630,index
2025-06-30,SENSITIVE,449.65,450.56,451.36,448.83,2755852848,index
2025-07-01,SENSITIVE,450.99,456.75,457.05,450.97,3376896886,index
2025-07-02,SENSITIVE,458.54,462.27,462.52,457.16,4067779241,index
2025-07-03,SENSITIVE,464.22,464.46,466.98,460.26,4086693599,index
2025-07-06,SENSITIVE,465.15,463.79,467.09,462.33,3531452342,index
2025-07-07,SENSITIVE,464.88,459.66,465.94,459.37,2966046351,index
2025-07-08,SENSITIVE,459.92,459.7,461.12,456.77,2604371813,index
2025-07-09,SENSITIVE,459.22,464.47,464.92,459.22,3427810549,index
2025-07-10,SENSITIVE,464.72,472.02,473.63,464.33,4938163902,index
2025-07-13,SENSITIVE,479.22,481.19,486.56,477.83,5997895522,index
2025-07-14,SENSITIVE,481.86,474.35,482.1,474.01,4314197582,index
2025-07-15,SENSITIVE,474.29,481.4,482.12,473.83,4993360418,index
2025-07-16,SENSITIVE,481.27,489.27,490.88,481.12,7829774926,index
2025-07-17,SENSITIVE,490.33,500.49,502.44,490.33,8060858736,index
2025-07-20,SENSITIVE,501.47,498.03,508.9,496.93,10024921124,index
2025-07-21,SENSITIVE,498.42,502.49,504.68,494.62,7867665510,index
2025-07-22,SENSITIVE,503.05,516.98,517.44,502.99,10308987353,index
2025-07-23,SENSITIVE,516.17,516.82,520.5,511.6,9713591226,index
2025-07-24,SENSITIVE,518.2,517.13,519.16,512.8,9651628279,index
2025-07-27,SENSITIVE,516.71,513.87,522.43,512.71,14040815594,index
2025-07-28,SENSITIVE,513.92,514.93,515.86,506.12,10740889707,index
2025-07-29,SENSITIVE,515.31,518.59,522.82,515.31,8860780533,index
2025-07-30,SENSITIVE,519.7,507.84,521.69,506.88,7619760453,index
2025-07-31,SENSITIVE,508.76,501.12,508.92,500.07,6939038762,index
2025-08-03,SENSITIVE,501.39,490.75,501.73,490.6,6049374277,index
2025-08-04,SENSITIVE,489.97,494.91,498.14,486.36,5178218765,index
2025-08-05,SENSITIVE,494.42,488.39,500.0,487.77,4506682071,index
2025-08-06,SENSITIVE,490.49,487.55,491.17,487.14,3393123606,index
2025-08-07,SENSITIVE,487.16,490.16,491.92,487.14,3525431496,index
2025-08-11,SENSITIVE,490.6,485.41,495.08,484.99,4560619596,index
2025-08-12,SENSITIVE,486.26,481.38,486.35,481.28,3093763528,index
2025-08-13,SENSITIVE,481.63,479.76,484.35,479.44,2648796326,index
2025-08-14,SENSITIVE,480.23,478.82,481.56,478.05,3276526250,index
2025-08-17,SENSITIVE,479.0,473.67,480.83,473.57,3393050505,index
2025-08-18,SENSITIVE,473.59,475.33,476.87,472.85,2650540203,index
2025-08-19,SENSITIVE,475.04,477.06,480.3,475.04,2455251449,index
2025-08-20,SENSITIVE,476.49,474.96,478.78,474.66,2091601861,index
2025-08-21,SENSITIVE,474.6,474.26,476.28,473.41,2169698879,index
2025-08-24,SENSITIVE,473.36,471.19,476.84,470.72,3767687014,index
2025-08-25,SENSITIVE,471.21,474.38,475.17,469.42,2588473429,index
2025-08-26,SENSITIVE,475.2,474.89,476.91,473.81,1887959967,index
2025-08-27,SENSITIVE,479.09,483.42,484.07,474.95,3242695306,index
2025-08-28,SENSITIVE,483.71,477.68,484.19,477.3,3501578588,index
2025-08-31,SENSITIVE,477.98,472.64,478.09,471.84,2332344811,index
2025-09-01,SENSITIVE,477.74,476.38,477.74,471.39,2572688949,index
2025-09-02,SENSITIVE,481.22,473.68,481.22,473.43,1956749699,index
2025-09-03,SENSITIVE,474.35,470.94,475.0,470.91,1787331673,index
2025-09-04,SENSITIVE,470.96,469.83,473.18,467.17,2061815775,index
2025-09-07,SENSITIVE,468.5,467.51,471.01,467.06,2061853620,index
2025-09-08,SENSITIVE,467.37,462.29,468.26,460.74,2296928001,index
2025-09-18,SENSITIVE,454.99,436.21,454.99,434.76,405044298,index
2025-09-21,SENSITIVE,431.93,455.28,456.61,431.93,3880987905,index
2025-09-23,SENSITIVE,456.81,464.36,464.65,456.47,2354469045,index
2025-09-24,SENSITIVE,464.7,459.38,466.35,457.97,1657698806,index
2025-09-25,SENSITIVE,459.47,459.28,460.54,456.53,1156737725,index
2025-09-28,SENSITIVE,460.31,462.5,462.52,459.23,1145291103,index
2025-10-07,SENSITIVE,462.46,454.62,462.69,452.25,1972814002,index
2025-10-08,SENSITIVE,455.34,446.47,455.34,442.8,2699421964,index
2025-10-09,SENSITIVE,452.25,451.31,467.76,450.24,2440777461,index
2025-10-12,SENSITIVE,451.65,439.4,451.73,437.59,3101714517,index
2025-10-13,SENSITIVE,443.38,444.54,444.6,435.03,2173521906,index
2025-10-14,SENSITIVE,444.62,439.94,445.65,438.91,1323869213,index
2025-10-15,SENSITIVE,439.88,437.02,441.06,435.96,1286201748,index
2025-10-16,SENSITIVE,437.52,435.29,440.61,433.89,1604345701,index
2025-10-19,SENSITIVE,435.59,437.6,438.68,434.5,1234431691,index
2025-10-26,SENSITIVE,437.28,437.0,437.5,432.57,852881007,index
2025-10-28,SENSITIVE,436.78,448.97,449.65,436.72,2094054106,index
2025-10-29,SENSITIVE,449.25,447.41,453.71,446.38,2415746293,index
2025-10-30,SENSITIVE,448.42,452.81,453.33,444.91,2706727166,index
2025-11-02,SENSITIVE,455.85,457.22,458.46,452.16,3252162544,index
2025-11-03,SENSITIVE,457.21,456.39,460.62,454.64,2930945275,index
2025-11-04,SENSITIVE,456.59,452.46,457.78,451.16,2337788629,index
2025-11-05,SENSITIVE,452.71,453.6,453.92,448.71,2273269804,index
2025-11-06,SENSITIVE,454.42,451.52,455.43,450.46,2746217095,index
2025-11-09,SENSITIVE,451.93,445.62,452.01,445.21,1994598097,index
2025-11-10,SENSITIVE,446.12,444.56,447.47,442.35,1962772770,index
2025-11-11,SENSITIVE,445.12,444.37,446.54,442.0,1680077460,index
2025-11-12,SENSITIVE,444.91,441.04,445.51,440.4,1661426344,index
2025-11-13,SENSITIVE,440.05,440.88,443.04,438.42,1366968042,index
2025-11-16,SENSITIVE,441.35,439.44,441.6,437.88,1326798671,index
2025-11-17,SENSITIVE,439.69,440.87,441.93,437.89,1601144065,index
2025-11-18,SENSITIVE,441.1,443.53,445.74,440.47,1687626463,index
2025-11-19,SENSITIVE,443.75,442.26,445.76,440.52,1556490504,index
2025-11-20,SENSITIVE,442.07,440.65,442.24,439.66,1411726971,index
2025-11-23,SENSITIVE,441.31,448.29,448.29,441.18,2569685546,index
2025-11-24,SENSITIVE,448.45,456.13,456.15,448.32,2551209928,index
2025-11-25,SENSITIVE,456.49,457.53,457.53,453.17,2298950541,index
2025-11-26,SENSITIVE,458.45,459.17,460.18,455.64,3159840300,index
2025-11-27,SENSITIVE,459.72,461.66,462.27,457.9,2789469162,index
2025-11-30,SENSITIVE,461.42,459.58,463.92,459.26,1740142221,index
2025-12-01,SENSITIVE,457.08,455.26,457.74,453.35,1584550869,index
2025-12-03,SENSITIVE,454.16,450.96,455.71,449.96,1645784094,index
2025-12-07,SENSITIVE,450.34,448.25,451.05,446.91,1715382750,index
2025-12-08,SENSITIVE,448.34,446.75,449.33,446.05,1833663598,index
2025-12-09,SENSITIVE,446.94,447.05,448.29,446.26,1544099377,index
2025-12-10,SENSITIVE,446.67,446.18,448.21,445.37,1173426649,index
2025-12-11,SENSITIVE,446.13,446.3,446.96,444.81,1193073843,index
2025-12-14,SENSITIVE,446.39,445.5,447.62,444.16,1424148361,index
2025-12-15,SENSITIVE,445.59,447.52,447.52,444.07,1450148552,index
2025-12-16,SENSITIVE,447.41,450.67,450.67,447.35,1333287314,index
2025-12-17,SENSITIVE,451.26,451.86,452.7,450.71,1411380641,index
2025-12-18,SENSITIVE,452.21,450.22,452.31,449.02,1551140244,index
2025-12-21,SENSITIVE,450.46,448.26,450.46,447.0,1386366226,index
2025-12-22,SENSITIVE,448.99,446.01,449.23,444.81,1145405890,index
2025-12-23,SENSITIVE,445.81,447.58,447.58,444.37,1165148538,index
2025-12-24,SENSITIVE,447.91,448.53,448.69,445.94,1250067861,index
2025-12-28,SENSITIVE,448.62,456.78,456.94,448.55,2285861595,index
2025-12-29,SENSITIVE,458.21,455.31,459.42,454.36,1914179711,index
2025-12-31,SENSITIVE,454.84,456.73,458.1,454.84,1790675545,index
2026-01-01,SENSITIVE,456.55,454.29,457.38,453.07,1594705989,index
2026-01-04,SENSITIVE,453.79,451.07,453.92,450.13,1586282054,index
2026-01-05,SENSITIVE,450.89,454.92,454.94,450.41,2206568529,index
2026-01-06,SENSITIVE,454.87,457.23,458.99,454.73,2790288643,index
2026-01-07,SENSITIVE,456.99,455.01,457.59,454.26,1781199455,index
2026-01-08,SENSITIVE,454.69,455.93,455.95,453.71,1604543785,index
2026-01-12,SENSITIVE,456.97,454.31,458.28,453.79,2384189292,index
2026-01-13,SENSITIVE,454.45,454.86,457.91,453.76,2659896426,index
2026-01-14,SENSITIVE,454.14,454.73,456.26,453.56,2217205097,index
2026-01-18,SENSITIVE,454.76,459.43,459.5,454.74,3118579008,index
2026-01-20,SENSITIVE,460.76,467.25,469.02,460.69,4450987105,index
2026-01-21,SENSITIVE,467.31,465.9,469.24,463.8,3317122018,index
2026-01-22,SENSITIVE,466.25,465.42,466.42,462.46,2760613687,index
2026-01-25,SENSITIVE,465.43,473.48,473.5,465.43,4384892962,index
2026-01-26,SENSITIVE,473.73,471.83,475.89,469.38,5049225837,index
2026-01-27,SENSITIVE,471.67,464.46,472.85,463.72,4528843084,index
2026-01-28,SENSITIVE,465.33,464.26,465.53,460.94,3241842129,index
2026-01-29,SENSITIVE,464.47,462.68,466.78,461.57,4157679074,index
2026-02-01,SENSITIVE,462.53,459.91,464.13,459.2,2550116611,index
2026-02-02,SENSITIVE,457.88,459.16,461.96,457.83,2154457775,index
2026-02-03,SENSITIVE,458.66,456.71,461.21,455.75,2322341353,index
2026-02-04,SENSITIVE,451.35,456.0,459.79,451.35,1912437903,index
2026-02-05,SENSITIVE,456.09,460.48,460.48,455.91,3793879476,index
2026-02-08,SENSITIVE,460.62,459.68,464.25,458.69,3801836542,index
2026-02-09,SENSITIVE,460.54,455.65,460.86,454.87,3507927084,index
2026-02-10,SENSITIVE,455.38,454.39,456.83,453.26,3118889084,index
2026-02-11,SENSITIVE,456.74,455.2,460.35,454.35,3000341241,index
2026-02-12,SENSITIVE,455.77,456.72,458.03,454.86,3470282846,index
2026-02-16,SENSITIVE,456.93,455.66,459.17,454.81,2778230082,index
2026-02-17,SENSITIVE,455.81,452.67,455.83,451.84,2815321157,index
2026-02-22,SENSITIVE,452.84,449.39,453.84,449.04,2419709777,index
2026-02-23,SENSITIVE,449.23,451.05,451.32,449.03,1732255420,index
2026-02-24,SENSITIVE,450.37,453.37,453.38,450.33,1304694874,index
2026-02-25,SENSITIVE,453.15,454.57,455.23,453.0,1481766165,index
2026-02-26,SENSITIVE,458.52,456.51,458.69,454.43,1697426790,index
2026-03-01,SENSITIVE,458.08,459.73,459.73,452.06,2563352592,index
2026-03-03,SENSITIVE,463.58,465.99,466.0,458.31,2463024747,index
2026-03-09,SENSITIVE,473.97,494.1,494.59,473.97,210033013,index
2026-03-10,SENSITIVE,500.85,489.69,501.82,480.9,8880721319,index
2026-03-11,SENSITIVE,491.63,481.37,491.75,480.95,5111804654,index
2026-03-12,SENSITIVE,482.19,486.38,487.94,478.72,4625489641,index
2026-03-15,SENSITIVE,487.13,486.8,490.31,484.58,5081527200,index
2026-03-16,SENSITIVE,486.78,480.41,486.94,479.1,3709732615,index
2026-03-17,SENSITIVE,480.25,482.56,482.66,477.39,3674328954,index
2026-03-19,SENSITIVE,481.58,494.19,495.14,481.5,8210962032,index
2026-03-22,SENSITIVE,497.01,505.31,506.33,497.01,9238759968,index
2026-03-23,SENSITIVE,506.47,505.02,506.67,499.73,6385951878,index
2026-03-24,SENSITIVE,506.56,507.0,507.13,502.57,6801713663,index
2026-03-25,SENSITIVE,508.09,500.46,508.31,499.64,6270495290,index
2026-03-26,SENSITIVE,500.34,502.44,502.51,495.96,5344560443,index
2026-03-29,SENSITIVE,504.11,489.48,504.11,489.12,6476505897,index
2026-03-30,SENSITIVE,489.34,481.58,491.76,479.46,5593720445,index
2026-03-31,SENSITIVE,481.39,484.84,486.0,474.81,4484252511,index
2026-04-01,SENSITIVE,485.46,473.63,485.46,471.21,4736958880,index
2026-04-02,SENSITIVE,471.97,473.23,477.56,467.63,3358543794,index
2026-04-05,SENSITIVE,472.65,457.61,472.65,457.29,5015513061,index
2026-04-06,SENSITIVE,457.51,471.92,474.29,457.11,3881483626,index
2026-04-07,SENSITIVE,472.28,471.13,477.06,468.59,2533650628,index
2026-04-08,SENSITIVE,473.45,476.88,476.88,472.27,3036018054,index
2026-04-09,SENSITIVE,476.99,481.53,482.11,474.8,3598630523,index
2026-04-10,SENSITIVE,482.47,478.14,483.5,475.99,2969659638,index
2026-04-13,SENSITIVE,479.13,476.65,479.53,475.89,2550174854,index
2026-04-15,SENSITIVE,476.25,481.87,483.73,476.25,3587908187,index
2026-04-16,SENSITIVE,482.29,477.46,482.43,475.93,2707249732,index
2026-04-17,SENSITIVE,478.5,476.92,479.3,473.16,2258408678,index
2026-04-20,SENSITIVE,475.56,473.71,478.88,472.72,1389236207,index
2026-04-21,SENSITIVE,476.15,470.56,476.8,470.0,1505131286,index
2026-04-22,SENSITIVE,471.47,471.22,473.14,465.01,2232993075,index
2026-04-23,SENSITIVE,472.0,468.07,474.31,467.21,1231982547,index
2026-04-24,SENSITIVE,469.15,468.07,469.15,463.79,1615196293,index
2026-04-27,SENSITIVE,469.03,469.72,471.2,467.96,1223770249,index
2026-04-28,SENSITIVE,470.75,467.57,472.13,466.51,1503222859,index
2026-04-29,SENSITIVE,467.54,464.51,467.73,463.52,1308220976,index
2026-04-30,SENSITIVE,463.26,464.43,465.34,459.67,1438220794,index
2026-05-04,SENSITIVE,465.13,461.05,465.5,459.72,1481585209,index
2026-05-05,SENSITIVE,460.88,462.32,464.19,458.47,1013687113,index
2026-05-06,SENSITIVE,462.82,463.12,463.74,461.6,1038772018,index
2026-05-07,SENSITIVE,461.86,464.08,464.2,461.12,1170431556,index
2026-05-08,SENSITIVE,464.67,467.33,467.36,464.25,1037263768,index
2026-05-11,SENSITIVE,466.92,473.41,473.41,466.92,1437737264,index
2026-05-12,SENSITIVE,474.39,468.26,476.87,467.7,1695207691,index
2026-05-13,SENSITIVE,468.89,467.55,468.89,464.37,839594238,index
2026-05-14,SENSITIVE,468.17,467.2,468.73,465.28,800524754,index
2026-05-15,SENSITIVE,465.73,467.55,469.45,465.62,1034805981,index
2026-05-18,SENSITIVE,468.21,468.05,469.83,466.58,909941626,index
2026-05-19,SENSITIVE,467.83,467.37,469.63,466.49,897379099,index
2026-05-20,SENSITIVE,467.52,471.06,471.06,466.85,1187272005,index
2026-05-21,SENSITIVE,470.67,469.48,472.4,468.57,1375302077,index
2026-05-22,SENSITIVE,469.29,471.89,471.89,468.85,1362763074,index
2026-05-25,SENSITIVE,471.09,475.74,476.47,471.09,1855560872,index
2026-05-26,SENSITIVE,475.18,474.29,477.21,472.77,1532179242,index
2026-05-27,SENSITIVE,474.68,475.51,476.0,472.8,2014916965,index
2026-06-01,SENSITIVE,474.48,470.72,475.95,469.13,1716486020,index
2026-06-02,SENSITIVE,471.54,473.51,473.51,470.11,1605277811,index
2026-06-03,SENSITIVE,474.4,475.44,477.72,472.61,2023212151,index
2026-06-04,SENSITIVE,478.12,473.76,478.12,472.99,1271510616,index
2026-06-05,SENSITIVE,473.02,471.99,474.69,471.52,1438607964,index
2026-06-08,SENSITIVE,470.56,469.37,472.23,468.11,1105066133,index
2026-06-09,SENSITIVE,470.54,469.07,470.62,465.47,1494321197,index
2026-06-10,SENSITIVE,465.96,468.72,470.79,465.96,912079734,index
2026-06-11,SENSITIVE,468.72,467.62,470.21,466.48,949665555,index
2026-06-12,SENSITIVE,467.62,467.09,468.44,465.91,917098268,index
2026-06-15,SENSITIVE,467.21,466.13,469.5,464.79,1174889875,index
2026-06-16,SENSITIVE,466.74,464.64,467.3,464.26,1016679635,index
2026-06-17,SENSITIVE,462.51,464.43,466.28,462.51,1092955410,index
2026-06-18,SENSITIVE,461.36,463.66,465.68,460.12,960824964,index
2026-06-19,SENSITIVE,465.62,463.98,465.85,462.38,802371731,index
2026-06-22,SENSITIVE,465.79,463.8,467.86,462.95,1304380046,index
2026-06-23,SENSITIVE,462.59,461.48,463.97,460.49,1275624628,index
2026-06-24,SENSITIVE,462.91,458.88,462.91,455.69,1348337220,index
2026-06-25,SENSITIVE,457.9,458.23,459.49,456.72,991945585,index
2026-06-26,SENSITIVE,458.08,457.68,460.23,456.49,948886159,index
2026-06-29,SENSITIVE,456.65,455.83,458.19,454.25,926914832,index
2026-06-30,SENSITIVE,455.79,452.79,456.54,452.11,1049644529,index
2026-07-01,SENSITIVE,452.71,458.57,459.34,451.94,1435809159,index
2026-07-02,SENSITIVE,459.88,462.47,462.61,454.73,1310143369,index
2026-07-03,SENSITIVE,463.71,459.81,463.71,459.06,1311406321,index
2026-07-06,SENSITIVE,459.39,456.27,460.69,455.46,934195347,index
2026-07-07,SENSITIVE,455.22,460.61,461.28,455.13,1301110396,index
2026-07-08,SENSITIVE,460.0,456.68,460.64,454.96,859508758,index
2026-07-09,SENSITIVE,456.63,454.19,456.63,453.51,922617594,index
2026-07-10,SENSITIVE,453.39,453.6,457.8,452.57,1063548537,index
2026-07-13,SENSITIVE,453.64,450.55,454.27,449.81,1091361277,index
2026-07-14,SENSITIVE,450.88,451.34,452.99,447.62,1249118082,index
2026-07-15,SENSITIVE,449.98,453.94,456.5,449.98,1020364580,index
2026-07-16,SENSITIVE,455.88,456.86,457.07,453.25,1350984588,index
2026-07-17,SENSITIVE,456.17,468.38,468.38,456.17,1527986354,index
2026-07-20,SENSITIVE,464.76,472.6,473.5,464.06,1753367857,index
2026-07-21,SENSITIVE,472.74,472.42,475.4,469.37,2306411291,index
2026-07-22,SENSITIVE,471.77,470.31,473.24,467.94,1831204050,index
2026-07-23,SENSITIVE,466.43,471.3,471.3,466.43,1359320370,index
2026-07-24,SENSITIVE,469.25,473.47,474.92,469.06,1930873008,index
2026-07-27,SENSITIVE,469.39,471.49,477.97,468.88,2009454116,index
2026-07-28,SENSITIVE,471.76,470.79,471.91,468.28,1369521438,index
2026-07-29,SENSITIVE,470.68,470.0,472.14,468.42,1254752357,index
2026-07-30,SENSITIVE,463.09,467.69,471.64,463.09,978740615,index
2026-07-31,SENSITIVE,466.82,470.13,470.86,465.07,1235480462,index
2026-08-03,SENSITIVE,462.6,470.63,473.76,462.24,1539076721,index
2026-08-04,SENSITIVE,471.17,467.96,471.78,467.18,1280554672,index
2026-08-05,SENSITIVE,468.17,467.36,468.94,464.98,1407074380,index
2026-08-06,SENSITIVE,466.44,464.73,470.15,464.18,1488688684,index
2026-08-07,SENSITIVE,464.66,463.56,465.57,462.84,1156304884,index
2026-08-10,SENSITIVE,463.83,461.36,465.24,460.73,1180023424,index
2026-08-11,SENSITIVE,461.57,462.22,464.11,460.98,1380497643,index
2026-08-12,SENSITIVE,461.03,463.61,463.85,460.86,1323253313,index
2026-08-13,SENSITIVE,465.1,464.59,466.08,462.25,977027235,index
2026-08-14,SENSITIVE,463.73,464.73,465.54,463.08,1143733738,index
2026-08-17,SENSITIVE,464.63,463.64,465.66,461.95,1288997831,index
2026-08-18,SENSITIVE,464.61,461.09,464.76,459.85,1127098171,index
2026-08-19,SENSITIVE,462.3,461.0,462.3,458.49,878189826,index
2026-08-20,SENSITIVE,461.2,462.89,462.89,459.06,1032339046,index
2026-08-21,SENSITIVE,462.37,461.36,463.1,460.85,1260077205,index
2026-08-24,SENSITIVE,461.57,458.18,461.97,457.64,929540677,index
2026-08-25,SENSITIVE,458.53,457.67,460.17,456.84,931770687,index
2026-08-26,SENSITIVE,457.4,451.66,457.74,450.01,1614178174,index
2026-08-27,SENSITIVE,451.15,451.12,452.58,445.04,1428854476,index
2026-08-31,SENSITIVE,450.66,444.43,451.19,443.88,1247661505,index
2026-09-01,SENSITIVE,445.09,446.16,447.64,442.83,1016146170,index
2026-09-02,SENSITIVE,447.0,449.18,449.18,444.99,1113462456,index
2026-09-03,SENSITIVE,449.63,449.5,450.31,448.03,1056123696,index
2026-09-07,SENSITIVE,454.68,453.96,455.07,450.57,1342320216,index
2026-09-09,SENSITIVE,459.84,452.34,460.27,451.56,1295677578,index
2026-09-10,SENSITIVE,452.74,449.93,452.74,449.16,1368385009,index
2026-09-11,SENSITIVE,449.99,453.92,453.92,449.48,1281283775,index
2026-09-14,SENSITIVE,454.2,458.26,458.34,453.97,1768605175,index
2026-09-15,SENSITIVE,473.14,467.45,473.85,462.82,3369437139,index
2026-09-16,SENSITIVE,467.88,463.68,468.66,462.56,1747389007,index
2026-09-17,SENSITIVE,464.3,465.75,467.58,464.12,2148463089,index
2026-09-18,SENSITIVE,467.16,471.07,471.07,464.71,2711402613,index
2026-09-22,SENSITIVE,471.51,473.79,473.94,469.9,2750821038,index
2026-09-23,SENSITIVE,475.96,467.46,476.2,466.52,2593736058,index
2026-09-24,SENSITIVE,468.08,469.01,469.2,465.34,2219221573,index
2026-09-28,SENSITIVE,470.11,467.67,471.33,466.4,2275987375,index
2026-09-29,SENSITIVE,467.89,466.65,468.1,463.66,1939072511,index
2026-09-30,SENSITIVE,464.25,464.63,466.39,463.22,1572689209,index
2026-10-01,SENSITIVE,464.59,464.77,465.9,462.82,1705353481,index
2026-10-02,SENSITIVE,465.3,463.02,465.98,462.54,1323622439,index
2026-10-05,SENSITIVE,463.08,459.85,463.08,458.35,1123506690,index
2026-10-06,SENSITIVE,458.19,461.86,462.37,458.05,1010684122,index
2026-10-07,SENSITIVE,462.69,461.22,462.69,460.1,1086513085,index
2026-10-08,SENSITIVE,461.46,462.04,462.15,460.01,1058821179,index
